Name		0270_BED-Amazon_n143_m271_bt31
Number_of_Customers	143
Number_of_Items		271
Number_of_ItemTypes	31
Number_of_Vehicles	1
TimeWindows		0
Dist_type	manual

VEHICLE
Mass_Capacity	1693
CargoSpace_Length	160
CargoSpace_Width	70
CargoSpace_Height	72

CUSTOMERS
i	x	y	Demand	ReadyTime	DueDate	ServiceTime	DemandedMass	DemandedVolume
0	42.233353	-71.141617	0	0	0	0	0	0
1	42.354042	-71.153661	1	0	0	0	7.3	3640
2	42.355064	-71.171705	2	0	0	0	7.71	6924
3	42.356177	-71.166408	1	0	0	0	1.75	4608
4	42.356829	-71.164291	1	0	0	0	0.7	2640
5	42.356202	-71.161523	1	0	0	0	0.7	2640
6	42.35701	-71.16505	1	0	0	0	4.7	1380
7	42.351988	-71.16202	2	0	0	0	6.45	5988
8	42.354826	-71.170164	1	0	0	0	0.7	2640
9	42.353072	-71.155031	1	0	0	0	2.5	3978
10	42.356209	-71.174206	1	0	0	0	0.7	2640
11	42.355157	-71.150858	1	0	0	0	1.75	4608
12	42.354993	-71.155619	3	0	0	0	10.21	23698
13	42.35414	-71.162005	4	0	0	0	18.61	19784
14	42.356594	-71.1756	1	0	0	0	0.7	2640
15	42.351523	-71.177373	1	0	0	0	4.8	6200
16	42.352327	-71.170005	2	0	0	0	6.45	5988
17	42.354962	-71.164373	3	0	0	0	5.05	17648
18	42.353373	-71.157128	2	0	0	0	5.4	4020
19	42.352711	-71.18195	2	0	0	0	5.4	4020
20	42.35212	-71.177387	2	0	0	0	3.71	8184
21	42.353597	-71.170478	1	0	0	0	9.4	2760
22	42.350283	-71.170893	4	0	0	0	15.05	16626
23	42.350934	-71.180648	1	0	0	0	3.01	5544
24	42.351828	-71.165655	3	0	0	0	18.85	7480
25	42.349559	-71.162118	1	0	0	0	4.15	14040
26	42.353812	-71.157113	2	0	0	0	7.44	9155
27	42.352127	-71.166721	1	0	0	0	5.98	42480
28	42.351549	-71.173867	3	0	0	0	9.46	11532
29	42.349627	-71.174609	1	0	0	0	0.7	2640
30	42.353004	-71.172313	2	0	0	0	3.29	10392
31	42.349278	-71.171688	1	0	0	0	4.7	1380
32	42.355264	-71.16265	1	0	0	0	1.8	2520
33	42.34984	-71.168749	6	0	0	0	19.58	64290
34	42.348945	-71.172955	1	0	0	0	3.82	7600
35	42.355118	-71.173809	1	0	0	0	7.3	3640
36	42.351634	-71.167627	1	0	0	0	7.3	3640
37	42.351171	-71.169254	2	0	0	0	7.19	9251
38	42.354493	-71.157126	1	0	0	0	7.67	10240
39	42.356391	-71.172711	1	0	0	0	4.7	1380
40	42.356738	-71.158019	2	0	0	0	6.45	5988
41	42.352899	-71.162282	1	0	0	0	7.3	3640
42	42.355741	-71.159784	1	0	0	0	14.6	7280
43	42.354154	-71.169435	3	0	0	0	11.01	11824
44	42.350174	-71.165551	2	0	0	0	5.4	4020
45	42.355887	-71.164924	1	0	0	0	0.7	2640
46	42.353322	-71.167781	1	0	0	0	14.1	4140
47	42.35336	-71.157691	1	0	0	0	7.3	3640
48	42.353909	-71.168225	1	0	0	0	0.7	2640
49	42.354441	-71.157546	1	0	0	0	2.6	10400
50	42.35136	-71.168646	1	0	0	0	0.7	2640
51	42.353124	-71.164506	1	0	0	0	4.7	1380
52	42.351909	-71.171026	2	0	0	0	6.6	2556
53	42.350016	-71.172499	2	0	0	0	5.4	4020
54	42.355046	-71.159884	1	0	0	0	7.63	16848
55	42.351056	-71.174698	1	0	0	0	7.3	3640
56	42.350434	-71.177175	1	0	0	0	5.29	8075
57	42.353185	-71.160806	2	0	0	0	7.3	11780
58	42.353914	-71.170174	2	0	0	0	4.25	8586
59	42.35057	-71.174399	1	0	0	0	1.9	1176
60	42.35625	-71.165908	1	0	0	0	4.7	1380
61	42.354305	-71.171056	2	0	0	0	12.0	5020
62	42.350229	-71.168432	1	0	0	0	1.75	4608
63	42.351196	-71.162937	2	0	0	0	8.0	6280
64	42.35533	-71.151334	1	0	0	0	2.5	3978
65	42.351664	-71.182979	4	0	0	0	17.5	13860
66	42.350134	-71.173597	3	0	0	0	12.7	7660
67	42.352577	-71.178426	2	0	0	0	12.1	9840
68	42.353839	-71.160697	2	0	0	0	12.41	8304
69	42.351654	-71.164411	1	0	0	0	2.75	9072
70	42.354169	-71.177606	2	0	0	0	5.5	8840
71	42.354498	-71.176281	1	0	0	0	4.7	1380
72	42.359659	-71.150779	1	0	0	0	2.5	3978
73	42.349448	-71.173012	1	0	0	0	1.9	1176
74	42.3531	-71.169344	4	0	0	0	27.99	22853
75	42.352357	-71.163453	3	0	0	0	11.85	10008
76	42.351788	-71.168706	3	0	0	0	7.39	11183
77	42.355209	-71.160764	1	0	0	0	4.7	1380
78	42.349518	-71.178128	1	0	0	0	4.7	1380
79	42.355564	-71.175273	3	0	0	0	4.22	16673
80	42.3567	-71.157161	1	0	0	0	0.7	2640
81	42.355027	-71.158492	1	0	0	0	5.29	8075
82	42.350133	-71.17035	2	0	0	0	3.15	9888
83	42.355965	-71.176114	1	0	0	0	4.7	1380
84	42.351944	-71.17464	1	0	0	0	5.29	8075
85	42.354407	-71.160093	1	0	0	0	4.8	6200
86	42.355959	-71.163736	1	0	0	0	0.7	2640
87	42.356396	-71.160606	1	0	0	0	7.3	3640
88	42.350417	-71.176344	1	0	0	0	4.7	1380
89	42.352405	-71.163223	4	0	0	0	16.52	15260
90	42.350546	-71.180067	1	0	0	0	1.75	4608
91	42.357204	-71.156538	1	0	0	0	2.5	3978
92	42.351001	-71.172681	1	0	0	0	1.4	5280
93	42.353992	-71.161582	1	0	0	0	1.4	5280
94	42.350283	-71.162096	3	0	0	0	13.9	6196
95	42.352224	-71.16427	5	0	0	0	17.15	30708
96	42.351128	-71.17826	1	0	0	0	0.7	2640
97	42.349515	-71.173679	2	0	0	0	8.0	6280
98	42.354792	-71.171962	1	0	0	0	0.7	2640
99	42.353362	-71.159229	2	0	0	0	4.25	8586
100	42.351214	-71.173088	4	0	0	0	19.15	13648
101	42.354075	-71.164587	1	0	0	0	4.7	1380
102	42.355393	-71.158664	2	0	0	0	10.1	5400
103	42.353591	-71.166557	3	0	0	0	12.7	7660
104	42.350301	-71.17509	1	0	0	0	3.82	8580
105	42.352098	-71.167686	1	0	0	0	4.7	1380
106	42.356432	-71.1623	1	0	0	0	7.3	3640
107	42.351225	-71.165232	1	0	0	0	9.4	2760
108	42.353132	-71.177935	3	0	0	0	8.2	27252
109	42.353877	-71.17147	1	0	0	0	1.9	1176
110	42.357226	-71.176213	1	0	0	0	0.7	2640
111	42.356804	-71.174719	4	0	0	0	17.66	28164
112	42.352675	-71.166699	1	0	0	0	4.7	1380
113	42.35136	-71.179804	1	0	0	0	4.7	1380
114	42.350138	-71.164026	1	0	0	0	1.9	1176
115	42.35492	-71.178456	2	0	0	0	12.0	5020
116	42.356102	-71.157852	1	0	0	0	5.25	18480
117	42.350057	-71.164861	2	0	0	0	4.69	19512
118	42.35462	-71.161287	3	0	0	0	8.35	7164
119	42.357313	-71.158305	1	0	0	0	1.75	4608
120	42.35537	-71.167081	1	0	0	0	4.7	1380
121	42.3547	-71.158339	3	0	0	0	14.05	42728
122	42.352985	-71.17552	1	0	0	0	3.01	5544
123	42.349409	-71.169713	1	0	0	0	3.01	5544
124	42.354334	-71.158169	1	0	0	0	0.7	2640
125	42.352113	-71.178555	1	0	0	0	7.3	3640
126	42.354061	-71.162923	1	0	0	0	0.7	2640
127	42.355891	-71.16888	3	0	0	0	11.65	18648
128	42.35293	-71.1684	2	0	0	0	7.2	5358
129	42.352887	-71.171165	1	0	0	0	1.4	5280
130	42.351038	-71.161172	3	0	0	0	7.3	5196
131	42.350099	-71.175881	1	0	0	0	5.29	8075
132	42.351846	-71.161144	2	0	0	0	4.76	10152
133	42.354297	-71.175798	1	0	0	0	4.8	6200
134	42.351207	-71.163749	4	0	0	0	28.01	26015
135	42.353617	-71.164824	2	0	0	0	6.46	10380
136	42.353685	-71.162108	2	0	0	0	3.2	6618
137	42.355624	-71.157282	1	0	0	0	0.7	2640
138	42.355235	-71.161708	4	0	0	0	7.36	13968
139	42.353357	-71.176444	1	0	0	0	7.63	16848
140	42.352224	-71.183515	2	0	0	0	5.4	4020
141	42.351645	-71.162925	1	0	0	0	4.7	1380
142	42.35336	-71.163043	3	0	0	0	10.08	24096
143	42.353172	-71.159472	1	0	0	0	0.7	2640

ITEMS
Type	Length	Width	Height	Mass	Fragility	LoadBearingStrength
Bt1	18	12	5	2.15	1	0
Bt2	21	14	4	1.9	1	0
Bt3	23	15	4	4.7	1	0
Bt4	20	18	7	1.8	1	0
Bt5	15	11	16	0.7	1	0
Bt6	20	14	13	7.3	1	0
Bt7	17	13	18	2.5	1	0
Bt8	24	12	16	1.75	1	0
Bt9	28	22	9	3.01	1	0
Bt10	31	20	10	4.8	1	0
Bt11	29	19	13	1.99	1	0
Bt12	40	19	10	3.82	1	0
Bt13	34	12	19	2.59	1	0
Bt14	25	19	17	5.29	1	0
Bt15	22	15	26	3.816	1	0
Bt16	30	20	15	1.76	1	0
Bt17	28	18	18	2.75	1	0
Bt18	29	25	13	1.77	1	0
Bt19	50	20	10	4.73	1	0
Bt20	40	16	16	7.67	1	0
Bt21	40	20	13	2.6	1	0
Bt22	29	27	15	2.11	1	0
Bt23	26	20	26	2.91	1	0
Bt24	39	24	15	4.15	1	0
Bt25	27	23	24	2.94	1	0
Bt26	39	27	16	7.63	1	0
Bt27	57	15	20	3.44	1	0
Bt28	33	20	28	5.25	1	0
Bt29	37	37	14	3.165	1	0
Bt30	38	37	20	7.568	1	0
Bt31	59	40	18	5.982	1	0

DEMANDS PER CUSTOMER
i	Type Quantity
1	Bt6 1	
2	Bt9 1	Bt3 1	
3	Bt8 1	
4	Bt5 1	
5	Bt5 1	
6	Bt3 1	
7	Bt8 1	Bt3 1	
8	Bt5 1	
9	Bt7 1	
10	Bt5 1	
11	Bt8 1	
12	Bt7 1	Bt23 1	Bt10 1	
13	Bt9 1	Bt3 2	Bt5 2	Bt10 1	
14	Bt5 1	
15	Bt10 1	
16	Bt3 1	Bt8 1	
17	Bt8 1	Bt21 1	Bt5 1	
18	Bt3 1	Bt5 1	
19	Bt3 1	Bt5 1	
20	Bt5 1	Bt9 1	
21	Bt3 2	
22	Bt7 1	Bt5 2	Bt3 2	Bt8 1	
23	Bt9 1	
24	Bt1 1	Bt6 1	Bt3 2	
25	Bt24 1	
26	Bt1 1	Bt14 1	
27	Bt31 1	
28	Bt8 1	Bt3 1	Bt9 1	
29	Bt5 1	
30	Bt5 1	Bt13 1	
31	Bt3 1	
32	Bt4 1	
33	Bt7 1	Bt8 2	Bt1 2	Bt2 1	Bt5 2	Bt31 1	
34	Bt12 1	
35	Bt6 1	
36	Bt6 1	
37	Bt14 1	Bt2 1	
38	Bt20 1	
39	Bt3 1	
40	Bt3 1	Bt8 1	
41	Bt6 1	
42	Bt6 2	
43	Bt5 1	Bt9 1	Bt6 1	
44	Bt5 1	Bt3 1	
45	Bt5 1	
46	Bt3 3	
47	Bt6 1	
48	Bt5 1	
49	Bt21 1	
50	Bt5 1	
51	Bt3 1	
52	Bt3 1	Bt2 1	
53	Bt3 1	Bt5 1	
54	Bt26 1	
55	Bt6 1	
56	Bt14 1	
57	Bt3 1	Bt21 1	
58	Bt8 1	Bt7 1	
59	Bt2 1	
60	Bt3 1	
61	Bt3 1	Bt6 1	
62	Bt8 1	
63	Bt6 1	Bt5 1	
64	Bt7 1	
65	Bt6 1	Bt3 1	Bt5 1	Bt10 1	
66	Bt6 1	Bt3 1	Bt5 1	
67	Bt6 1	Bt10 1	
68	Bt9 1	Bt3 2	
69	Bt17 1	
70	Bt10 1	Bt5 1	
71	Bt3 1	
72	Bt7 1	
73	Bt2 1	
74	Bt5 2	Bt14 1	Bt3 4	Bt7 1	
75	Bt3 2	Bt8 1	Bt5 1	
76	Bt11 1	Bt3 1	Bt5 1	
77	Bt3 1	
78	Bt3 1	
79	Bt5 1	Bt8 1	Bt18 1	
80	Bt5 1	
81	Bt14 1	
82	Bt5 2	Bt8 1	
83	Bt3 1	
84	Bt14 1	
85	Bt10 1	
86	Bt5 1	
87	Bt6 1	
88	Bt3 1	
89	Bt12 1	Bt3 1	Bt5 1	Bt6 1	
90	Bt8 1	
91	Bt7 1	
92	Bt5 2	
93	Bt5 2	
94	Bt6 1	Bt3 1	Bt2 1	
95	Bt14 1	Bt5 1	Bt22 1	Bt8 1	Bt6 1	
96	Bt5 1	
97	Bt6 1	Bt5 1	
98	Bt5 1	
99	Bt8 1	Bt7 1	
100	Bt3 2	Bt5 1	Bt6 1	Bt8 1	
101	Bt3 1	
102	Bt5 1	Bt3 2	
103	Bt6 1	Bt3 1	Bt5 1	
104	Bt15 1	
105	Bt3 1	
106	Bt6 1	
107	Bt3 2	
108	Bt8 1	Bt9 1	Bt27 1	
109	Bt2 1	
110	Bt5 1	
111	Bt6 1	Bt3 1	Bt29 1	Bt7 1	
112	Bt3 1	
113	Bt3 1	
114	Bt2 1	
115	Bt3 1	Bt6 1	
116	Bt28 1	
117	Bt8 1	Bt25 1	
118	Bt3 1	Bt2 1	Bt8 1	
119	Bt8 1	
120	Bt3 1	
121	Bt19 1	Bt8 1	Bt30 1	
122	Bt9 1	
123	Bt9 1	
124	Bt5 1	
125	Bt6 1	
126	Bt5 1	
127	Bt21 1	Bt8 1	Bt6 1	
128	Bt3 1	Bt7 1	
129	Bt5 2	
130	Bt2 1	Bt3 1	Bt5 1	
131	Bt14 1	
132	Bt8 1	Bt9 1	
133	Bt10 1	
134	Bt14 1	Bt3 3	Bt10 1	Bt12 1	
135	Bt3 1	Bt16 1	
136	Bt7 1	Bt5 1	
137	Bt5 1	
138	Bt8 1	Bt9 1	Bt2 1	Bt5 1	
139	Bt26 1	
140	Bt5 1	Bt3 1	
141	Bt3 1	
142	Bt26 1	Bt8 1	Bt5 1	
143	Bt5 1	

DISTANCE MATRIX
0.0 2185.3 2019.2 2111.1 2070.7 2063.9 2081.2 2137.3 2042.2 2172.3 2011.3 2182.5 2109.9 2108.5 1985.8 1931.7 2026.4 2109.3 2147.1 1900.0 1897.7 2022.1 1936.1 1915.6 2023.6 2082.1 2171.8 2058.3 1902.8 2022.7 1979.2 2018.7 2049.7 2053.6 2090.8 1976.8 2007.5 2032.8 2127.2 2029.0 2087.7 2090.8 2136.1 2091.7 2026.2 2101.6 2036.9 2137.4 2079.7 2140.0 2037.1 2125.3 1976.9 1983.8 2109.3 1941.2 1971.0 2135.8 2031.2 1933.0 2120.5 2015.7 2073.6 2115.0 2171.0 1865.7 1969.5 1885.1 2150.5 2064.4 1892.9 1915.6 2143.7 2039.6 2076.6 2052.1 2048.6 2091.4 1971.6 1961.4 2071.7 2161.6 1950.9 1948.1 1891.9 2149.8 2091.5 2109.1 1962.5 2055.0 1905.8 2100.6 1919.8 2131.2 2100.6 2043.7 1923.4 2039.5 2008.8 2106.8 1916.4 2096.7 2153.5 2074.8 1953.8 2016.8 2028.8 2062.0 1871.6 2003.3 2001.3 2024.0 2085.7 1895.0 2113.3 1876.8 2149.4 2019.6 2121.7 2078.9 2085.6 2160.0 1923.1 2036.3 2150.4 1912.9 2066.7 2137.3 2057.6 2000.2 2111.7 1957.6 2098.3 1921.1 2096.3 2087.1 2109.3 2108.4 2081.4 1894.4 1851.9 2127.0 2078.1 2103.2
2211.5 0.0 378.8 310.8 288.7 241.5 299.2 260.9 382.2 108.3 426.0 96.9 85.1 210.3 425.4 459.2 323.5 275.9 151.1 535.9 411.7 342.1 305.5 486.4 216.3 290.7 169.1 262.3 339.7 438.8 319.2 393.3 233.7 474.3 465.4 370.9 250.4 265.3 103.6 423.1 148.4 187.5 202.4 307.2 345.1 281.7 279.8 162.1 295.2 116.4 269.6 253.4 288.0 432.4 184.2 389.8 428.8 171.2 351.2 381.6 300.6 355.7 494.3 347.8 85.4 555.3 418.1 421.3 172.7 231.9 424.1 348.1 302.6 414.2 319.5 188.1 281.1 202.1 462.9 378.9 116.8 145.0 291.4 387.7 352.6 169.6 291.2 198.1 420.3 185.2 495.3 140.6 321.8 193.4 309.2 196.5 437.4 423.7 368.4 132.0 325.2 255.1 153.1 265.5 402.4 259.7 254.7 253.0 407.8 343.3 454.9 432.0 289.7 465.8 264.6 427.6 173.1 310.9 197.7 155.4 319.1 136.4 401.3 457.0 126.8 441.9 216.7 355.3 300.5 320.2 200.2 433.4 186.8 342.9 235.4 245.5 206.0 132.1 228.0 391.8 558.9 359.8 205.3 135.3
1954.8 413.9 0.0 244.5 285.5 331.3 274.0 316.2 50.4 363.4 169.3 396.5 338.5 292.9 168.7 256.0 107.5 249.9 320.6 284.5 235.1 107.4 162.5 235.0 197.1 255.6 345.3 231.8 196.7 304.9 82.7 259.4 289.1 352.1 331.5 114.2 181.0 185.3 308.1 166.4 400.2 264.3 387.0 140.2 193.3 273.6 192.6 310.9 162.1 323.1 162.5 308.8 99.8 289.4 349.3 246.8 285.8 297.3 116.5 238.6 254.7 65.0 360.4 288.5 385.0 296.6 275.2 222.5 324.0 237.9 178.3 91.4 491.8 280.3 144.2 225.6 148.1 331.4 319.9 122.2 371.0 336.3 169.7 131.0 209.6 346.9 374.9 376.5 277.3 228.5 225.2 400.9 177.9 304.7 270.9 216.0 265.7 289.8 12.3 280.3 185.2 232.9 344.4 193.1 259.4 195.6 310.1 235.5 208.5 77.4 198.2 184.8 259.2 214.4 286.8 139.2 427.3 193.1 325.0 405.4 219.0 327.7 258.3 323.1 318.1 233.9 272.1 296.7 163.2 86.3 285.2 290.4 279.3 86.2 257.6 245.5 282.8 386.3 320.0 248.8 307.5 300.5 262.2 276.7
2103.9 310.9 236.8 0.0 65.2 133.1 53.7 242.9 236.7 260.4 318.4 293.5 235.5 150.3 317.8 351.6 185.9 53.2 217.6 428.3 304.1 149.8 197.9 378.8 148.1 266.7 242.3 194.1 232.1 331.2 211.6 285.7 90.9 366.7 357.8 263.3 115.5 157.7 205.1 315.5 228.0 161.3 191.7 96.4 226.0 29.0 83.9 207.9 84.4 220.1 162.0 142.6 180.4 324.8 151.1 282.2 321.2 208.2 141.2 274.0 10.1 210.2 386.7 314.8 282.0 440.4 310.5 313.7 195.7 164.3 316.5 240.5 293.6 306.6 122.7 120.5 161.3 133.2 355.3 271.3 221.6 201.8 183.8 280.1 245.0 191.6 154.6 178.3 312.7 117.6 387.7 250.5 214.2 176.4 285.2 128.9 329.8 316.1 226.4 177.3 217.6 75.0 209.9 99.5 294.8 105.2 111.9 184.8 300.2 197.8 347.3 324.4 221.5 358.2 197.0 320.0 299.3 219.4 163.5 207.2 35.4 189.1 293.7 349.4 199.4 334.3 84.0 76.4 103.7 170.5 182.2 325.8 168.8 235.3 180.0 84.6 160.4 258.3 123.2 284.2 451.3 326.8 95.4 173.7
2124.4 277.8 274.9 82.3 0.0 75.7 10.5 223.4 274.8 240.9 338.9 274.0 202.4 106.3 338.3 372.1 224.0 107.1 198.1 448.8 324.6 187.9 218.4 399.3 129.2 247.2 222.8 175.2 252.6 351.7 232.1 306.2 47.5 387.2 378.3 283.8 153.6 178.2 185.6 336.0 170.6 134.9 147.7 134.5 214.4 99.4 122.0 188.4 122.5 200.6 182.5 123.1 200.9 345.3 107.1 302.7 341.7 164.2 179.3 294.5 92.5 248.3 407.2 304.3 262.5 460.9 331.0 334.2 151.7 144.8 337.0 261.0 236.2 327.1 160.8 101.0 194.0 89.2 375.8 291.8 164.2 157.8 204.3 300.6 265.5 147.6 89.3 120.9 333.2 98.1 408.2 193.1 234.7 132.4 265.7 109.4 350.3 336.6 264.5 157.8 238.1 128.9 165.9 137.6 315.3 143.3 54.5 165.9 320.7 235.9 367.8 344.9 202.6 378.7 177.5 340.5 241.9 204.3 119.5 149.8 73.5 145.1 314.2 369.9 155.4 354.8 64.5 66.5 141.8 208.6 162.7 346.3 149.3 255.8 160.5 138.5 116.4 200.9 79.2 304.7 471.8 316.3 75.9 154.2
2126.4 229.9 293.7 130.5 70.5 0.0 81.0 225.4 297.1 216.9 340.9 230.5 154.5 100.7 340.3 374.1 238.4 109.1 180.2 450.8 326.6 257.0 220.4 401.3 131.2 249.2 204.9 177.2 254.6 353.7 234.1 308.2 49.5 389.2 380.3 285.8 165.3 180.2 171.8 338.0 94.8 129.3 72.1 205.1 216.4 101.4 192.6 170.5 193.1 184.6 184.5 125.1 202.9 347.3 77.9 304.7 343.7 158.6 249.9 296.5 120.3 270.6 409.2 306.3 219.0 462.9 333.0 336.2 146.1 146.8 339.0 263.0 204.2 329.1 231.4 103.0 196.0 60.0 377.8 293.8 116.3 112.8 206.3 302.6 267.5 142.0 91.3 45.1 335.2 100.1 410.2 150.6 236.7 126.8 267.7 111.4 352.3 338.6 283.3 154.5 240.1 130.9 104.7 174.6 317.3 174.6 22.5 167.9 322.7 258.2 369.8 346.9 204.6 380.7 179.5 342.5 194.0 206.3 113.9 102.2 144.1 115.9 316.2 371.9 126.2 356.8 66.5 137.1 212.4 235.1 164.7 348.3 151.3 257.8 162.5 140.5 110.8 153.0 73.6 306.7 473.8 318.3 77.9 157.8
2131.5 289.3 264.4 71.8 11.5 87.2 0.0 234.9 264.3 252.4 346.0 285.5 213.9 117.8 345.4 379.2 213.5 118.6 209.6 455.9 331.7 177.4 225.5 406.4 140.7 258.7 234.3 186.7 259.7 358.8 239.2 313.3 59.0 394.3 385.4 290.9 143.1 185.3 197.1 343.1 182.1 146.4 159.2 124.0 225.9 100.9 111.5 199.9 112.0 212.1 189.6 134.6 208.0 352.4 118.6 309.8 348.8 175.7 168.8 301.6 82.0 237.8 414.3 315.8 274.0 475.3 338.1 341.3 163.2 156.3 344.1 268.1 247.7 334.2 150.3 112.5 188.9 100.7 382.9 298.9 175.7 169.3 211.4 307.7 272.6 159.1 100.8 132.4 340.3 109.6 415.3 204.6 241.8 143.9 277.2 120.9 357.4 343.7 254.0 169.3 245.2 140.4 177.4 127.1 322.4 132.8 66.0 177.4 327.8 225.4 374.9 352.0 214.1 385.8 189.0 347.6 253.4 215.8 131.0 161.3 63.0 156.6 321.3 377.0 166.9 361.9 76.0 56.0 131.3 198.1 174.2 353.4 160.8 262.9 172.0 150.0 127.9 212.4 90.7 311.8 478.9 327.8 87.4 165.7
2070.6 186.6 232.5 169.9 147.8 135.0 158.3 0.0 241.3 136.1 285.1 169.2 119.6 69.8 284.5 318.3 194.1 126.6 92.6 395.0 265.4 201.2 162.3 345.5 75.4 142.4 112.6 121.4 201.0 297.9 178.3 252.4 92.8 335.0 324.5 230.0 109.5 130.5 80.8 282.2 176.8 46.6 169.3 177.6 202.9 140.8 146.8 83.6 154.3 95.8 128.7 112.5 143.7 291.5 145.7 248.9 287.9 79.6 210.4 240.7 159.7 210.4 353.4 201.6 157.7 409.0 282.8 280.4 106.3 91.0 283.2 207.2 295.5 273.3 173.2 41.8 140.2 127.8 322.0 232.6 143.7 109.0 153.5 246.8 211.7 119.6 150.3 174.5 279.4 44.3 354.4 173.6 180.0 88.1 152.3 51.4 296.5 282.8 227.5 51.5 189.2 114.2 117.1 116.1 261.5 118.8 113.8 122.9 261.0 202.4 314.0 291.1 148.8 324.9 123.7 279.4 200.0 162.6 107.3 182.3 178.2 100.4 260.4 316.1 90.8 301.0 75.8 209.0 154.2 179.3 57.9 292.5 52.0 202.0 101.3 104.6 65.1 159.0 96.9 250.9 387.4 211.5 65.9 49.4
1990.7 432.7 37.9 255.5 296.5 350.1 285.0 329.6 0.0 382.2 205.2 415.3 357.3 311.7 204.6 291.9 118.5 264.7 339.4 320.4 287.5 118.4 181.3 270.9 215.9 274.4 364.1 250.6 215.5 323.7 75.7 278.2 307.9 359.2 350.3 150.1 199.8 196.3 326.9 202.3 419.0 283.1 408.7 161.8 218.5 284.6 203.6 329.7 173.1 341.9 173.5 327.6 118.6 308.2 368.1 265.6 304.6 328.1 127.5 257.4 265.7 37.1 379.2 307.3 403.8 339.8 293.9 258.4 342.8 256.7 214.2 127.3 510.6 299.1 155.2 244.4 159.1 350.2 338.7 158.1 389.8 355.1 180.1 166.9 228.4 365.7 385.9 395.3 296.1 247.3 261.1 419.7 197.6 323.5 292.9 236.0 301.6 308.6 48.2 299.1 201.0 243.9 363.2 201.2 278.2 206.6 328.9 254.3 244.9 49.5 234.1 211.2 278.0 250.3 305.6 175.1 446.1 211.9 343.8 424.2 230.0 346.5 277.1 341.9 336.9 269.8 318.4 307.7 174.2 97.3 304.0 309.2 290.6 122.1 288.6 256.5 301.6 405.1 338.8 267.6 343.4 319.3 279.5 295.5
2179.1 96.4 346.4 278.4 257.5 225.4 268.0 228.5 349.8 0.0 393.6 142.7 80.2 159.9 393.0 426.8 291.1 243.5 42.7 503.5 379.3 309.7 273.1 454.0 183.9 225.2 60.7 229.9 307.3 406.4 286.8 360.9 201.3 441.9 433.0 338.5 218.0 232.9 74.4 390.7 143.5 155.1 167.4 274.8 279.6 249.3 247.4 53.7 262.8 87.2 237.2 221.0 255.6 400.0 149.2 357.4 396.4 138.8 318.8 349.2 268.2 323.3 461.9 282.3 131.2 522.9 385.7 388.9 122.3 199.5 391.7 315.7 297.7 381.8 287.1 155.7 248.7 167.1 430.5 346.5 111.9 110.0 259.0 355.3 320.2 140.4 264.9 187.7 387.9 152.8 462.9 141.8 289.4 143.0 243.7 164.1 405.0 391.3 336.0 99.6 292.8 222.7 118.1 233.1 370.0 227.3 223.5 220.6 375.4 310.9 422.5 409.1 257.3 433.4 232.2 395.2 168.2 245.4 168.5 150.5 286.7 101.4 368.9 424.6 91.8 409.5 184.3 324.1 268.1 287.8 167.8 401.0 154.4 310.5 203.0 213.1 175.7 127.2 187.0 359.4 526.5 294.3 172.9 102.9
1947.4 465.5 193.7 336.2 377.2 382.9 365.7 362.4 216.7 415.0 0.0 448.1 390.1 344.5 55.1 249.7 200.9 342.6 372.2 278.2 228.8 196.6 214.1 228.7 248.7 307.2 396.9 283.4 248.3 356.5 153.7 311.0 340.7 392.0 383.1 54.2 232.6 257.9 359.7 99.5 468.6 315.9 441.5 240.0 251.3 365.3 262.0 362.5 251.3 374.7 255.9 360.4 151.4 341.0 400.9 298.4 309.8 360.9 205.7 290.2 346.4 190.2 412.0 340.1 436.6 297.6 326.7 216.2 375.6 289.5 172.0 85.1 524.6 331.9 219.6 277.2 241.5 383.0 284.7 50.5 452.6 387.9 212.9 63.6 261.2 398.5 472.4 428.1 301.3 280.1 218.9 481.5 230.4 356.3 325.7 268.8 259.4 341.4 183.3 331.9 233.8 321.8 396.0 279.4 311.0 241.9 409.7 287.1 202.7 177.8 93.4 75.9 310.8 208.1 338.4 132.9 530.3 244.7 376.6 459.8 310.7 379.3 238.9 374.7 369.7 227.6 323.7 388.4 238.6 174.7 336.8 296.4 323.4 106.7 321.4 312.2 334.4 489.3 371.6 204.3 301.2 352.1 312.3 328.3
2194.4 162.6 361.7 293.7 271.6 224.4 282.1 243.8 365.1 149.6 408.9 0.0 87.2 193.2 408.3 442.1 306.4 258.8 158.2 518.8 394.6 325.0 288.4 469.3 199.2 267.6 138.3 245.2 322.6 421.7 302.1 376.2 216.6 457.2 448.3 353.8 233.3 248.2 86.5 406.0 131.3 170.4 185.3 290.1 284.4 264.6 262.7 148.5 278.1 99.3 252.5 236.3 270.9 415.3 167.1 372.7 411.7 154.1 334.1 364.5 283.5 338.6 477.2 324.7 11.4 538.2 401.0 404.2 155.6 214.8 407.0 331.0 285.5 397.1 302.4 171.0 264.0 185.0 445.8 361.8 99.7 127.9 274.3 370.6 335.5 152.5 274.1 181.0 403.2 168.1 478.2 129.6 304.7 176.3 286.1 179.4 420.3 406.6 351.3 114.9 308.1 238.0 136.0 248.4 385.3 242.6 237.6 235.9 390.7 326.2 437.8 424.4 272.6 448.7 247.5 410.5 156.0 274.3 180.6 138.3 302.0 119.3 384.2 439.9 109.7 424.8 199.6 338.2 283.4 303.1 183.1 416.3 169.7 325.8 218.3 228.4 188.9 115.0 210.9 374.7 541.8 336.7 188.2 118.2
2160.6 75.3 327.9 259.9 237.8 172.6 248.3 216.8 331.3 62.3 375.1 91.4 0.0 159.4 374.5 408.3 279.4 221.2 119.0 491.8 344.5 274.9 261.4 435.5 165.4 244.7 88.2 211.4 291.0 387.9 275.1 342.4 182.8 418.8 414.5 320.0 199.5 221.2 52.7 372.2 86.3 136.6 158.3 267.6 257.4 230.8 235.0 116.1 244.3 65.5 218.7 202.5 243.9 381.5 133.3 338.9 377.9 127.1 307.1 330.7 249.7 311.6 443.4 315.7 79.9 480.8 367.3 377.2 128.6 181.0 380.0 297.2 233.7 363.3 268.6 137.2 237.0 151.2 412.0 328.0 47.9 94.1 232.6 336.8 301.7 118.7 240.3 129.2 369.4 134.3 444.4 77.8 277.7 149.3 260.0 130.5 386.5 372.8 317.5 87.9 277.3 204.2 102.2 195.2 351.5 208.8 195.2 208.9 356.4 292.4 404.0 387.9 238.8 414.9 213.7 383.5 104.2 224.2 153.6 86.5 268.2 69.2 350.4 406.1 75.9 391.0 165.8 288.1 256.4 269.3 156.1 382.5 142.7 292.0 196.7 201.4 161.9 63.2 160.8 340.9 514.8 313.8 162.7 84.4
2080.8 226.4 248.1 164.0 117.4 104.6 127.9 163.8 251.5 157.9 295.3 209.0 159.4 0.0 294.7 328.5 192.8 136.8 117.0 405.2 281.0 211.4 174.8 355.7 85.6 182.2 139.8 131.6 225.6 308.1 188.5 262.6 83.0 350.6 334.7 240.2 119.7 134.6 120.6 292.4 148.9 28.5 109.1 187.8 196.5 134.9 155.2 105.4 164.5 135.6 138.9 122.7 157.3 301.7 70.4 259.1 298.1 45.8 220.6 250.9 153.8 225.0 363.6 239.3 197.5 417.3 287.5 290.6 45.3 101.2 293.4 217.4 265.1 283.5 188.8 57.4 150.4 52.5 332.2 248.2 170.4 121.1 169.1 257.0 221.9 60.1 124.8 99.2 289.6 54.5 364.6 204.7 191.1 26.0 197.5 67.0 306.7 293.0 237.7 89.8 199.4 124.4 129.2 131.7 271.7 129.0 83.4 122.3 276.6 212.6 324.2 301.3 159.0 335.1 133.9 289.6 248.1 160.7 32.0 156.3 188.4 108.4 270.6 326.3 118.7 311.2 86.0 184.0 169.8 189.5 97.7 302.7 91.8 212.2 104.7 114.8 10.0 207.1 27.0 261.1 428.2 251.3 76.1 93.1
1925.3 466.3 194.5 337.0 378.0 422.7 366.5 363.2 217.5 415.8 78.5 448.9 390.9 345.3 0.0 232.0 201.7 343.4 373.0 260.5 211.1 197.4 214.9 211.0 249.5 308.0 397.7 284.2 249.1 357.3 154.5 311.8 341.5 392.8 383.9 76.1 233.4 258.7 360.5 121.4 446.5 316.7 442.3 240.8 252.1 366.1 262.8 363.3 252.1 375.5 256.7 361.2 152.2 297.2 401.7 254.6 292.1 361.7 206.5 246.4 347.2 191.0 412.8 340.9 437.4 272.6 282.9 198.5 376.4 290.3 154.3 85.9 502.5 332.7 220.4 278.0 242.3 383.8 267.0 51.3 430.5 388.7 213.7 41.5 205.3 399.3 450.3 467.9 283.6 280.9 201.2 459.4 231.2 357.1 326.5 269.6 241.7 342.2 184.1 332.7 234.6 322.6 396.8 280.2 267.2 242.7 387.6 287.9 185.0 178.6 58.3 96.7 311.6 190.4 339.2 115.2 508.2 245.5 377.4 437.7 311.5 380.1 221.2 375.5 370.5 209.9 324.5 389.2 239.4 175.5 337.6 278.7 324.2 128.6 322.2 313.0 335.2 467.2 372.4 186.6 283.5 352.9 313.1 329.1
1938.2 419.2 251.4 289.9 330.9 336.6 319.4 316.1 274.4 368.7 243.5 401.8 343.8 298.2 218.0 0.0 258.6 296.3 325.9 153.4 23.3 254.3 114.9 103.9 202.4 260.9 350.6 237.1 81.6 111.7 211.4 137.5 294.4 172.4 184.5 209.0 186.3 211.6 313.4 261.2 405.5 269.6 395.2 270.5 205.0 319.0 215.7 316.2 258.5 328.4 215.9 314.1 209.1 102.6 354.6 81.4 60.0 314.6 263.4 98.5 300.1 247.9 192.4 293.8 390.3 172.8 88.3 39.8 329.3 243.2 125.1 147.8 497.1 138.0 255.4 230.9 227.4 336.7 76.1 193.6 376.3 341.6 129.7 180.3 70.7 352.2 351.9 381.8 51.5 233.8 104.8 406.2 98.6 310.0 279.4 222.5 35.5 128.5 241.0 285.6 95.2 275.5 349.7 253.6 67.7 195.6 315.4 240.8 53.3 235.5 247.5 256.2 264.5 83.3 292.1 109.0 432.6 198.4 330.3 410.7 264.4 333.0 105.3 155.1 323.4 22.0 277.4 342.1 236.4 232.4 290.5 46.6 277.1 153.3 275.1 265.9 288.1 391.6 325.3 76.6 176.4 305.8 266.0 282.0
2023.9 360.2 179.7 198.0 239.0 277.6 227.5 262.5 194.6 309.7 238.4 342.8 293.2 227.7 237.8 275.4 0.0 216.8 266.2 352.1 216.4 154.5 110.2 302.6 131.9 201.9 280.1 178.1 158.1 251.2 120.1 205.7 235.4 293.7 277.8 183.3 127.3 83.8 254.4 235.5 350.4 210.6 333.3 175.8 139.6 227.1 131.7 257.2 166.6 269.4 54.9 255.1 97.0 248.6 295.6 206.0 245.0 243.6 164.3 197.8 208.2 163.7 306.7 236.9 331.3 360.0 239.9 226.0 258.8 184.2 240.3 160.5 438.1 226.6 105.1 171.9 40.5 277.7 279.1 179.8 317.3 282.6 116.0 200.1 168.8 293.2 292.9 322.8 236.5 163.3 311.5 347.2 137.1 252.1 217.2 162.3 253.6 224.6 180.8 225.1 146.3 204.4 290.7 153.1 218.6 126.0 256.4 192.6 212.0 155.7 267.3 232.9 205.5 282.0 233.1 236.5 373.6 139.4 259.8 351.7 172.5 274.0 217.5 269.4 264.4 258.1 218.4 250.2 82.1 121.1 220.0 249.6 225.6 155.3 192.4 217.0 217.6 332.6 266.3 208.0 344.5 246.8 208.5 223.0
2085.2 284.3 242.7 68.0 133.3 106.5 121.8 216.3 242.6 233.8 299.7 266.9 212.5 128.3 299.1 332.9 197.2 0.0 191.0 409.6 280.8 151.1 174.6 360.1 90.0 240.1 210.9 136.0 217.2 312.5 192.9 267.0 64.3 355.0 339.1 244.6 124.1 139.0 178.5 296.8 201.4 134.7 165.1 109.0 175.2 38.9 103.2 181.3 90.3 193.5 143.3 116.0 161.7 306.1 124.5 263.5 302.5 181.6 147.1 255.3 57.8 216.1 368.0 296.1 255.4 417.1 292.8 298.8 169.1 116.5 297.8 221.8 267.0 287.9 142.0 98.5 154.8 106.6 336.6 256.4 195.0 175.2 168.9 261.4 226.3 165.0 121.8 151.7 294.0 91.0 369.0 223.9 195.5 149.8 259.0 98.7 311.1 297.4 232.3 150.7 201.9 16.9 187.9 52.9 276.1 129.1 85.3 126.7 281.0 203.7 328.6 301.1 163.4 339.5 165.4 301.3 272.7 175.5 136.9 180.6 80.1 162.5 275.0 330.7 172.8 315.6 57.4 139.7 123.0 176.4 155.6 307.1 142.2 216.6 131.6 26.5 129.0 231.7 96.6 265.5 432.6 304.4 67.3 147.1
2136.3 139.2 302.9 235.6 214.7 182.6 225.2 191.1 307.0 42.7 350.8 145.4 95.8 117.1 350.2 384.0 259.8 192.3 0.0 460.0 336.5 266.9 229.6 411.2 140.4 209.5 17.9 187.1 266.7 363.6 243.3 318.1 158.5 410.1 390.2 295.7 175.2 196.2 57.0 347.9 135.0 112.3 127.5 242.6 252.0 206.5 212.5 10.9 220.0 72.0 194.4 178.2 209.4 356.5 106.4 314.6 353.6 111.2 276.1 306.4 225.4 276.1 419.1 268.7 133.9 480.1 348.5 345.4 78.8 156.7 348.9 272.9 362.4 339.0 244.3 112.9 205.2 124.3 387.7 303.0 119.9 67.2 224.6 312.5 277.4 106.4 222.1 144.9 345.1 109.3 420.1 149.8 245.7 99.1 224.8 121.8 362.2 347.8 293.2 58.2 254.9 179.9 74.6 186.5 327.2 184.5 180.7 188.6 331.4 268.1 379.7 356.1 214.5 390.6 189.4 345.1 176.2 216.2 148.5 158.5 243.9 57.9 326.1 381.8 49.0 366.7 141.5 280.6 224.6 244.3 124.3 358.2 119.1 267.7 160.2 169.6 132.2 135.2 144.2 316.6 453.1 278.6 131.6 60.1
1886.9 496.9 278.0 367.6 408.6 414.3 397.1 393.8 301.0 446.4 270.1 479.5 421.5 375.9 244.6 160.0 296.7 370.2 402.9 0.0 154.2 280.9 192.6 139.0 280.1 338.6 428.3 314.8 164.2 279.2 238.0 275.2 372.1 321.8 347.3 235.6 264.0 289.3 391.1 287.8 424.7 347.3 472.9 313.7 282.7 396.7 301.3 393.9 336.2 406.1 293.6 391.8 235.7 240.3 432.3 197.7 227.5 392.3 290.0 189.5 377.8 274.5 330.1 371.5 468.0 179.1 226.0 141.6 407.0 320.9 151.7 174.4 484.6 296.1 333.1 308.6 305.1 414.4 195.0 220.2 412.6 419.3 198.2 206.9 148.4 429.9 429.6 459.5 219.0 311.5 129.2 483.9 176.3 387.7 353.9 299.0 179.9 296.0 267.6 361.8 168.7 353.2 427.4 334.2 210.3 273.3 393.1 329.3 127.6 262.1 274.1 273.3 342.2 118.4 369.8 128.3 490.3 276.1 408.0 419.8 342.1 410.7 179.6 292.8 401.1 137.9 355.1 419.8 314.1 259.0 368.2 214.1 354.8 179.9 352.8 343.6 365.8 449.3 403.0 150.9 148.6 383.5 345.2 359.7
1914.8 395.8 259.5 266.5 307.5 313.2 296.0 298.1 282.5 345.3 251.6 378.4 320.4 274.8 226.1 33.9 257.9 272.9 301.8 149.8 0.0 262.4 91.5 100.3 179.0 237.5 327.2 213.7 56.2 145.7 219.5 171.5 271.0 218.1 218.5 217.1 162.9 194.3 290.0 269.3 386.0 246.2 368.9 258.4 181.6 295.6 192.3 292.8 235.1 305.0 192.5 290.7 217.2 136.6 331.2 96.6 94.0 291.2 272.2 88.4 276.7 256.0 226.4 272.5 366.9 169.2 122.3 47.9 305.9 219.8 85.5 155.9 473.7 172.0 232.0 207.5 204.0 313.3 110.1 201.7 352.9 318.2 97.1 188.4 47.3 328.8 328.5 358.4 85.5 210.4 99.2 382.8 75.2 286.6 252.8 197.9 25.6 162.5 249.1 260.7 66.9 252.1 326.3 233.1 101.7 172.2 292.0 217.4 61.9 243.6 255.6 264.3 241.1 79.7 268.7 109.8 409.2 175.0 306.9 387.3 241.0 309.6 81.9 189.1 300.0 30.1 254.0 318.7 213.0 240.5 267.1 80.6 261.2 161.4 251.7 242.5 264.7 368.2 301.9 53.2 172.8 282.4 244.1 258.6
1957.1 357.7 86.9 137.0 178.0 249.0 166.5 273.5 86.8 307.2 171.6 340.3 282.3 236.7 171.0 278.9 59.8 137.8 264.4 286.8 231.4 0.0 125.2 237.3 155.2 218.3 289.1 201.2 176.0 267.6 64.8 222.1 206.8 314.8 294.2 116.5 116.7 137.6 251.9 168.7 347.8 208.1 304.7 32.7 162.4 166.1 85.1 254.7 54.6 266.9 114.8 258.5 66.1 252.1 267.0 209.5 248.5 241.1 9.1 201.3 147.2 60.3 323.1 251.2 328.8 306.2 237.9 241.0 267.8 181.7 180.6 93.7 409.5 243.0 96.5 169.4 100.4 249.1 282.6 124.5 314.8 280.1 132.4 133.3 172.3 290.7 267.4 294.2 240.0 172.3 227.5 344.7 140.6 248.5 233.6 159.8 257.1 252.5 76.5 224.1 144.9 125.4 288.2 85.6 222.1 106.4 227.8 202.7 227.0 47.9 200.5 177.6 228.6 216.7 230.6 141.5 371.1 155.8 279.4 323.1 111.5 271.5 221.0 285.8 261.9 236.2 199.9 189.2 104.9 20.6 229.0 253.1 223.1 88.5 201.4 138.0 226.6 330.1 239.1 211.5 309.8 263.2 209.8 220.5
1947.8 304.2 210.1 174.9 215.9 221.6 204.4 201.1 213.5 253.7 257.3 286.8 228.8 183.2 256.7 153.6 166.3 172.9 210.9 230.3 106.1 173.4 0.0 180.8 87.4 145.9 235.6 122.1 34.1 166.5 150.5 149.7 179.4 203.6 221.8 202.2 71.3 96.6 198.4 254.4 290.5 154.6 277.3 166.8 83.6 204.0 100.7 201.2 143.5 213.4 100.9 199.1 115.9 126.8 239.6 84.2 123.2 199.6 182.5 76.0 185.1 182.6 216.6 178.8 275.3 242.4 112.5 115.7 214.3 128.2 118.5 160.8 382.1 170.6 140.4 115.9 112.4 221.7 157.3 210.2 261.3 226.6 5.5 219.0 47.0 237.2 236.9 266.8 114.7 118.8 189.7 291.2 16.3 196.1 161.2 106.3 131.8 180.1 199.7 169.1 19.6 160.5 234.7 141.5 96.8 80.6 200.4 136.6 101.7 174.6 286.2 263.3 149.5 160.2 177.1 114.7 317.6 83.4 215.3 295.7 149.4 218.0 95.7 179.3 208.4 136.3 162.4 227.1 121.4 151.5 175.5 127.8 162.1 166.3 147.9 150.9 173.1 276.6 210.3 86.2 253.3 190.8 152.5 167.0
1925.3 491.0 251.8 361.7 402.7 408.4 391.2 387.9 274.8 440.5 243.9 473.6 415.6 370.0 218.4 105.3 259.0 368.1 397.7 49.4 112.3 254.7 186.7 0.0 274.2 332.7 422.4 308.9 153.4 178.5 211.8 204.3 366.2 239.2 251.3 209.4 258.1 283.4 385.2 261.6 504.1 341.4 467.0 298.1 276.8 390.8 287.5 388.0 309.4 400.2 287.7 385.9 209.5 169.4 426.4 175.1 146.8 386.4 263.8 165.3 371.9 248.3 259.2 365.6 462.1 68.8 155.1 103.1 401.1 315.0 125.5 148.2 560.1 204.8 277.7 302.7 299.2 408.5 83.8 194.0 448.1 413.4 201.5 180.7 142.5 424.0 423.7 453.6 138.3 305.6 18.0 478.0 170.4 381.8 351.2 294.3 85.8 195.3 241.4 357.4 167.0 347.3 421.5 325.4 134.5 267.4 387.2 312.6 116.6 235.9 247.9 256.6 336.3 31.0 363.9 109.4 504.4 270.2 402.1 495.3 336.2 404.8 192.4 221.9 395.2 83.2 349.2 413.9 308.2 232.8 362.3 113.3 348.9 153.7 346.9 337.7 359.9 463.4 397.1 157.8 72.4 377.6 337.8 353.8
1995.1 216.7 162.4 137.6 146.9 134.1 167.1 154.1 165.8 166.2 209.6 199.3 166.5 95.7 209.0 242.8 107.1 90.0 122.7 319.5 195.3 125.7 89.1 270.0 0.0 172.5 148.1 45.9 123.3 222.4 102.8 176.9 91.9 264.9 249.0 154.5 34.0 48.9 110.9 206.7 203.0 67.1 192.7 129.5 110.9 129.0 69.5 113.7 106.2 125.9 53.2 111.6 68.2 216.0 152.1 173.4 212.4 112.1 134.8 165.2 147.8 139.3 277.9 189.5 187.8 338.9 201.7 204.9 126.8 40.7 207.7 131.7 294.6 197.8 103.1 28.4 64.7 134.2 246.5 162.5 173.8 139.1 83.4 171.3 136.2 149.7 149.4 179.3 203.9 31.3 278.9 203.7 104.5 107.5 187.8 18.8 221.0 207.3 152.0 81.6 111.8 73.0 147.2 80.3 186.0 43.3 112.9 49.1 190.9 126.9 238.5 225.1 73.3 249.4 89.6 211.2 230.1 104.3 127.8 208.2 112.1 130.5 184.9 240.6 120.9 225.5 74.9 189.8 84.1 103.8 88.0 217.0 74.6 126.5 72.6 63.4 85.6 189.1 122.8 175.4 342.5 201.5 65.0 79.5
2125.8 241.8 293.1 225.1 203.0 190.2 213.5 55.1 296.5 191.3 340.3 224.4 166.4 130.4 339.7 387.4 237.8 190.2 148.5 464.1 339.9 256.4 233.7 414.6 130.6 0.0 173.2 176.6 267.9 346.9 233.5 301.4 148.0 382.4 373.5 285.2 164.7 179.6 136.0 337.4 228.1 101.8 221.6 221.5 184.5 196.0 194.1 138.8 209.5 151.0 183.9 167.7 202.3 360.6 200.9 318.0 357.0 142.2 265.5 309.8 214.9 270.0 402.4 187.2 212.9 483.5 346.3 349.5 161.5 146.2 352.3 262.4 350.7 322.3 233.8 102.4 195.4 183.0 391.1 293.2 198.9 164.2 219.6 302.0 280.8 174.8 205.5 229.7 348.5 99.5 423.5 228.8 250.0 142.2 18.4 110.8 365.6 331.8 282.7 108.2 253.4 169.4 172.3 179.8 330.6 174.0 169.0 167.3 336.0 257.6 369.2 346.3 204.0 394.0 178.9 355.8 255.2 150.3 162.5 237.5 233.4 155.6 329.5 365.1 146.0 370.1 131.0 269.6 214.8 234.5 113.1 361.6 99.7 257.2 161.9 159.8 120.3 214.2 157.5 320.0 487.1 199.2 119.6 104.6
2151.0 157.3 318.3 250.3 229.4 197.3 239.9 200.4 321.7 70.7 365.5 139.9 81.9 131.8 364.9 398.7 274.5 207.0 27.2 475.4 351.2 281.6 245.0 425.9 155.8 224.2 0.0 201.8 281.4 378.3 258.7 332.8 173.2 425.5 404.9 310.4 189.9 210.9 71.7 362.6 145.8 127.0 139.3 258.0 241.0 221.2 225.4 25.6 234.7 84.4 209.1 192.9 224.1 371.9 121.1 329.3 368.3 125.9 290.7 321.1 240.1 290.8 433.8 281.3 128.4 494.8 357.7 360.8 94.2 171.4 363.6 287.6 300.2 353.7 259.0 127.6 220.6 139.0 402.4 318.4 114.4 81.9 239.3 327.2 292.1 121.1 236.8 159.6 359.8 124.7 434.8 144.3 260.4 113.8 239.5 137.2 376.9 363.2 307.9 72.9 264.7 194.6 90.0 201.9 341.9 199.2 195.4 192.5 346.8 282.8 394.4 371.5 229.2 405.3 204.1 359.8 170.7 230.9 163.9 153.0 258.6 73.3 340.8 396.5 63.7 381.4 156.2 296.0 240.0 259.7 139.7 372.9 133.8 282.4 187.1 185.0 147.6 129.7 158.9 331.3 498.4 293.3 146.3 74.8
2011.4 264.3 178.7 153.9 194.9 181.7 183.4 196.3 182.1 213.8 225.9 246.9 188.9 143.3 225.3 259.1 123.4 141.4 171.0 335.8 211.6 142.0 105.4 286.3 47.5 189.4 195.7 0.0 139.6 238.7 119.1 193.2 139.5 274.2 265.3 170.8 50.3 65.2 158.5 223.0 250.6 114.7 240.3 134.5 133.5 183.0 79.7 161.3 122.5 173.5 69.5 159.2 87.9 232.3 199.7 189.7 228.7 159.7 151.1 181.5 164.1 155.6 294.2 222.3 235.4 347.9 218.0 221.2 174.4 88.3 224.0 148.0 342.2 214.1 119.4 76.0 81.0 181.8 262.8 178.8 221.4 186.7 91.3 187.6 152.5 197.3 197.0 226.9 220.2 78.9 295.2 251.3 121.7 155.1 207.9 67.6 237.3 223.6 168.3 130.7 125.1 120.6 194.8 117.6 202.3 59.6 160.5 85.9 207.7 143.2 254.8 241.4 27.3 265.7 137.2 227.5 277.7 126.9 175.4 255.8 128.4 178.1 201.2 256.9 168.5 241.8 122.5 206.1 100.4 120.1 135.6 233.3 122.2 142.8 120.2 111.0 133.2 236.7 170.4 191.7 358.8 234.3 111.1 127.1
1913.6 339.5 250.0 210.2 251.2 256.9 239.7 241.0 248.8 289.0 222.3 322.1 272.5 223.1 196.8 109.7 194.7 212.8 250.8 216.0 69.7 208.7 32.1 166.5 127.3 181.2 275.5 157.4 0.0 122.6 185.8 117.8 214.7 164.4 189.9 187.8 106.6 136.5 233.7 240.0 330.4 189.9 320.1 200.1 129.9 239.3 141.9 236.5 178.8 248.7 136.2 234.4 159.2 82.9 274.9 40.3 79.3 239.5 222.4 32.1 220.4 226.9 172.7 218.7 310.6 228.1 68.7 81.5 249.6 163.5 82.1 126.6 417.4 138.7 173.7 149.2 152.3 257.0 113.4 170.2 296.6 261.9 38.8 159.1 12.8 272.5 272.2 302.1 70.8 152.1 145.8 326.5 23.5 234.9 194.5 139.6 113.3 139.4 219.8 210.5 12.8 195.8 268.0 174.8 52.9 115.9 235.7 165.7 65.3 209.9 226.3 225.5 184.8 149.7 212.4 102.7 352.9 123.3 248.6 331.0 184.7 257.9 61.5 135.4 243.7 124.9 197.7 260.4 161.3 184.8 208.8 83.9 202.0 132.1 193.4 184.2 208.4 311.9 243.6 52.0 239.0 226.1 192.4 202.3
2030.7 441.3 324.9 312.0 353.0 358.7 341.5 312.5 328.3 390.8 340.7 423.9 365.9 320.3 315.2 97.1 269.6 318.4 348.0 210.3 120.5 288.2 142.0 160.8 224.5 257.3 372.7 259.2 108.7 0.0 265.3 46.9 316.5 140.6 72.7 317.0 208.4 211.4 335.5 369.2 427.6 291.7 417.3 292.6 201.4 341.1 237.8 338.3 280.6 350.5 215.7 336.2 234.1 80.9 376.7 110.3 66.7 336.7 297.3 76.8 322.2 301.8 160.6 290.2 412.4 229.7 66.6 137.0 351.4 265.3 201.4 245.0 519.2 26.2 277.5 253.0 227.2 358.8 100.8 290.8 398.4 363.7 156.8 277.5 118.6 374.3 374.0 403.9 58.2 255.9 133.2 428.3 125.7 332.1 275.8 244.6 107.6 16.7 314.5 307.7 122.3 297.6 371.8 275.7 46.0 217.7 337.5 262.9 150.5 289.4 344.7 353.4 286.6 144.0 314.2 206.2 454.7 194.8 352.4 432.8 286.5 355.1 178.6 123.3 345.5 119.2 299.5 364.2 258.5 266.3 312.6 71.3 299.2 250.5 297.2 288.0 310.2 413.7 347.4 169.1 233.3 302.2 288.1 304.1
1917.4 356.9 81.0 208.1 249.1 274.3 237.6 259.2 62.9 306.4 131.9 339.5 281.5 235.9 131.3 218.6 82.6 208.9 262.9 247.1 211.7 71.0 105.5 197.6 140.1 198.6 288.3 174.8 139.7 247.9 0.0 202.4 232.1 290.4 274.5 76.8 124.0 59.7 251.1 129.0 347.1 207.3 330.0 103.8 136.3 237.2 156.2 253.9 125.7 266.1 126.1 251.8 42.8 232.4 292.3 189.8 228.8 240.3 80.1 181.6 218.3 32.0 303.4 233.6 328.0 266.5 218.2 185.1 267.0 180.9 140.9 54.0 434.8 223.3 107.8 168.6 111.7 274.4 262.9 84.8 314.0 279.3 112.7 93.6 152.6 289.9 289.6 319.5 220.3 171.5 187.8 343.9 120.9 248.8 213.9 159.0 228.3 232.8 70.6 221.8 128.4 196.5 287.4 156.7 202.4 133.3 253.1 178.5 171.1 24.0 160.8 137.9 202.2 177.0 229.8 101.8 370.3 136.1 268.0 348.4 182.6 270.7 201.3 266.1 261.1 196.5 215.1 260.3 126.8 49.9 228.2 233.4 222.3 48.8 200.6 209.1 225.8 329.3 263.0 191.8 270.1 243.5 205.2 219.7
2076.2 394.3 277.9 265.0 306.0 311.7 294.5 265.5 281.3 343.8 325.1 376.9 318.9 273.3 324.5 142.6 222.6 271.4 301.0 255.8 166.0 241.2 187.5 206.3 177.5 210.3 325.7 212.2 154.2 45.4 218.3 0.0 269.5 93.6 72.0 270.0 161.4 164.4 288.5 322.2 380.6 244.7 370.3 245.6 154.4 294.1 190.8 291.3 233.6 303.5 168.7 289.2 187.1 126.4 329.7 155.8 112.2 289.7 250.3 122.3 275.2 254.8 113.6 243.2 365.4 267.9 112.1 182.5 304.4 218.3 246.9 247.2 472.2 20.8 230.5 206.0 180.2 311.8 146.3 278.0 351.4 316.7 158.7 286.8 164.1 327.3 327.0 356.9 103.7 208.9 178.7 381.3 171.2 285.1 228.8 197.6 153.1 30.3 267.5 260.7 167.8 250.6 324.8 228.7 91.5 170.7 290.5 215.9 196.0 242.4 354.0 331.1 239.6 189.5 267.2 251.7 407.7 147.8 305.4 385.8 239.5 308.1 224.1 76.3 298.5 164.7 252.5 317.2 211.5 219.3 265.6 116.8 252.2 242.0 250.2 241.0 263.2 366.7 300.4 214.6 278.8 255.2 241.1 257.1
2076.8 244.2 244.1 80.9 54.9 42.1 65.4 175.8 247.5 205.2 291.3 226.4 168.8 59.3 290.7 324.5 188.8 59.5 162.4 401.2 277.0 207.4 170.8 351.7 81.6 199.6 187.1 127.6 205.0 304.1 184.5 258.6 0.0 339.6 330.7 236.2 115.7 130.6 138.0 288.4 137.0 87.9 100.7 166.7 166.8 51.8 145.1 152.7 154.7 153.0 134.9 75.5 153.3 297.7 60.1 255.1 294.1 117.2 211.5 246.9 70.7 221.0 359.6 256.7 214.9 420.6 283.4 286.6 104.7 97.2 289.4 213.4 202.6 279.5 184.8 53.4 146.4 42.2 328.2 244.2 130.6 110.8 156.7 253.0 217.9 100.6 57.4 87.3 285.6 50.5 360.6 159.5 187.1 85.4 218.1 61.8 302.7 289.0 233.7 110.2 190.5 81.3 118.9 125.0 267.7 125.0 20.9 118.3 273.1 208.6 320.2 297.3 155.0 331.1 129.9 292.9 208.3 156.7 72.5 116.2 116.4 98.1 266.6 322.3 108.4 307.2 16.9 121.5 165.8 185.5 115.1 298.7 101.7 208.2 112.9 90.9 69.4 167.3 32.2 257.1 424.2 268.7 28.3 106.6
2032.2 288.9 194.8 164.3 200.6 211.0 193.8 195.9 202.9 243.1 242.0 276.2 226.6 167.9 241.4 281.8 139.5 162.3 194.9 395.0 232.4 162.8 121.5 345.5 72.1 130.6 225.0 106.8 160.4 184.6 139.9 139.1 168.8 0.0 211.2 186.9 56.0 81.3 187.8 243.8 275.2 144.0 262.0 151.5 68.3 193.4 96.2 185.9 128.2 202.8 90.3 188.5 100.6 265.6 224.3 210.5 251.4 172.3 167.2 202.3 169.8 167.3 8.2 163.5 264.7 402.4 256.9 242.0 203.7 112.9 240.1 168.8 371.5 160.0 129.8 100.6 97.1 211.1 280.8 194.9 250.7 216.0 115.8 208.4 168.6 226.6 226.3 256.2 242.9 108.2 313.2 280.6 136.9 179.7 145.9 91.0 292.3 169.5 184.4 160.0 141.2 145.2 224.1 130.9 226.0 65.3 185.1 110.5 223.3 164.0 275.6 257.5 138.9 328.7 161.8 248.3 307.0 72.8 200.0 280.4 138.8 202.7 217.3 202.8 193.1 299.2 147.1 211.8 106.1 136.2 160.2 256.0 151.5 163.6 132.6 140.3 162.5 266.0 195.0 212.5 418.0 180.2 137.2 156.4
2094.3 438.7 322.3 309.4 350.4 356.1 338.9 309.9 325.7 388.2 369.5 421.3 363.3 317.7 368.9 160.7 267.0 315.8 345.4 273.9 184.1 285.6 205.6 224.4 221.9 254.7 370.1 256.6 172.3 63.5 262.7 44.3 313.9 138.0 0.0 314.4 205.8 208.8 332.9 366.6 425.0 289.1 414.7 290.0 198.8 338.5 235.2 335.7 278.0 347.9 213.1 333.6 231.5 144.5 374.1 173.9 130.3 334.1 294.7 140.4 319.6 299.2 158.0 287.6 409.8 293.3 130.2 200.6 348.8 262.7 265.0 291.6 516.6 38.9 274.9 250.4 224.6 356.2 164.4 322.4 395.8 361.1 203.1 331.2 182.2 371.7 371.4 401.3 121.8 253.3 196.8 425.7 189.3 329.5 273.2 242.0 171.2 48.4 311.9 305.1 185.9 295.0 369.2 273.1 109.6 215.1 334.9 260.3 214.1 286.8 398.4 385.0 284.0 207.6 311.6 269.8 452.1 192.2 349.8 430.2 283.9 352.5 242.2 120.7 342.9 182.8 296.9 361.6 255.9 263.7 310.0 134.9 296.6 286.4 282.4 285.4 307.6 411.1 344.8 232.7 296.9 299.6 285.5 301.5
1921.0 414.6 142.8 285.3 326.3 332.0 314.8 311.5 165.8 364.1 55.0 397.2 339.2 293.6 73.5 222.2 150.0 291.7 321.3 250.7 201.3 145.7 163.2 201.2 197.8 256.3 346.0 232.5 197.4 305.6 102.8 260.1 289.8 341.1 332.2 0.0 181.7 207.0 308.8 52.1 442.2 265.0 390.6 189.1 200.4 314.4 211.1 311.6 200.4 323.8 205.0 309.5 100.5 290.1 350.0 247.5 282.3 310.0 154.8 239.3 295.5 139.3 361.1 289.2 385.7 270.1 275.8 188.7 324.7 238.6 144.5 57.6 498.2 281.0 168.7 226.3 190.6 332.1 257.2 45.6 426.2 337.0 162.0 82.0 210.3 347.6 347.3 377.2 273.8 229.2 191.4 401.6 179.5 305.4 274.8 217.9 231.9 290.5 132.4 281.0 182.9 270.9 345.1 228.5 260.1 191.0 310.8 236.2 175.2 126.9 111.8 94.3 259.9 180.6 287.5 105.4 428.0 193.8 325.7 433.4 259.8 328.4 211.4 323.8 318.8 200.1 272.8 337.5 187.7 123.8 285.9 268.9 272.5 52.4 258.3 261.3 283.5 387.0 320.7 176.8 273.7 301.2 261.4 277.4
1988.3 262.1 155.6 103.5 144.5 179.5 133.0 194.1 159.0 211.6 202.8 244.7 186.7 141.1 202.2 236.0 100.3 130.7 168.8 312.7 188.5 118.9 82.3 263.2 45.3 166.3 193.5 80.0 116.5 215.6 96.0 170.1 137.3 251.1 242.2 147.7 0.0 42.1 156.3 199.9 248.4 112.5 238.1 84.1 110.4 132.6 29.3 159.1 72.1 171.3 46.4 157.0 64.8 209.2 197.5 166.6 205.6 157.5 128.0 158.4 113.7 132.5 271.1 199.2 233.2 332.1 194.9 198.1 172.2 86.1 200.9 124.9 340.0 191.0 69.0 73.8 57.9 179.6 239.7 155.7 219.2 184.5 68.2 164.5 129.4 195.1 233.9 224.7 197.1 76.7 272.1 249.1 98.6 152.9 184.8 65.4 214.2 200.5 145.2 128.5 102.0 109.9 192.6 67.2 179.2 9.3 158.3 83.7 184.6 120.1 231.7 208.8 107.4 242.6 135.0 204.4 275.5 103.8 173.2 253.6 78.0 175.9 178.1 233.8 166.3 218.7 120.3 155.7 50.0 97.0 133.4 210.2 120.0 119.7 105.8 122.5 131.0 234.5 168.2 168.6 335.7 211.2 108.9 124.9
1946.1 371.9 113.4 200.2 241.2 317.0 229.7 274.2 116.8 321.4 160.6 354.5 304.9 176.1 160.0 217.4 69.6 214.6 277.9 275.8 169.9 76.7 58.6 226.3 80.3 213.6 228.5 189.8 100.1 230.3 53.8 217.4 288.8 230.6 289.5 105.5 138.5 0.0 266.1 157.7 362.1 222.3 345.0 109.5 151.3 229.3 133.9 268.9 131.4 281.1 113.1 266.8 19.2 185.5 307.3 148.0 187.0 255.3 86.5 139.8 210.4 85.9 280.4 248.6 343.0 289.1 181.9 179.5 282.0 195.9 177.2 82.7 477.5 238.3 70.7 108.8 98.7 289.4 221.1 113.5 329.0 294.3 73.2 122.3 110.8 304.9 330.6 362.2 178.5 186.5 216.5 358.9 79.1 263.8 154.1 99.2 195.6 173.0 103.0 236.8 88.3 202.2 227.6 162.4 160.6 128.2 295.8 204.3 165.5 77.9 189.5 176.1 217.2 205.7 244.8 138.9 385.3 76.3 208.2 391.1 174.7 210.9 159.5 243.1 276.1 200.1 230.1 220.0 89.7 48.7 168.4 191.6 237.3 77.5 227.8 214.8 240.8 344.3 278.0 150.0 268.2 258.5 145.4 234.7
2107.8 105.7 275.1 207.1 185.0 156.7 195.5 157.2 278.5 74.6 322.3 88.3 30.3 106.6 321.7 355.5 219.8 172.2 79.8 432.2 308.0 238.4 201.8 382.7 112.6 181.0 51.8 158.6 236.0 335.1 215.5 289.6 130.0 370.6 361.7 267.2 146.7 161.6 0.0 319.4 105.2 83.8 98.7 203.5 197.8 178.0 176.1 61.9 191.5 12.7 165.9 149.7 184.3 328.7 80.5 286.1 325.1 67.5 247.5 277.9 196.9 252.0 390.6 238.1 76.8 451.6 314.4 317.6 69.0 128.2 320.4 244.4 248.6 310.5 215.8 84.4 177.4 98.4 359.2 275.2 62.8 41.3 187.7 284.0 248.9 65.9 187.5 119.0 316.6 81.5 391.6 92.7 218.1 89.7 199.5 92.8 333.7 320.0 264.7 28.3 221.5 151.4 49.4 161.8 298.7 156.0 151.0 149.3 304.1 239.6 351.2 328.3 186.0 362.1 160.9 323.9 119.1 187.7 94.0 101.4 215.4 32.7 297.6 353.3 23.1 338.2 113.0 251.6 196.8 216.5 96.5 329.7 83.1 239.2 131.7 141.8 102.3 78.1 124.3 288.1 455.2 250.1 101.6 31.6
1961.5 455.1 183.3 325.8 366.8 372.5 355.3 352.0 206.3 404.6 68.6 437.7 379.7 334.1 87.1 262.7 190.5 332.2 361.8 291.2 241.8 186.2 203.7 241.7 238.3 296.8 386.5 273.0 237.9 346.1 143.3 300.6 330.3 381.6 372.7 40.4 222.2 247.5 349.3 0.0 482.7 305.5 431.1 229.6 240.9 354.9 251.6 352.1 240.9 364.3 245.5 350.0 141.0 330.6 390.5 288.0 322.8 350.5 195.3 279.8 336.0 179.8 401.6 329.7 426.2 310.6 316.3 229.2 365.2 279.1 185.0 98.1 538.7 321.5 209.2 266.8 231.1 372.6 297.7 82.5 466.7 377.5 202.5 95.6 250.8 388.1 387.8 417.7 314.3 269.7 231.9 442.1 220.0 345.9 315.3 258.4 272.4 331.0 172.9 321.5 223.4 311.4 385.6 269.0 300.6 231.5 351.3 276.7 215.7 167.4 125.4 107.9 300.4 221.1 328.0 145.9 468.5 234.3 366.2 473.9 300.3 368.9 251.9 364.3 359.3 240.6 313.3 378.0 228.2 164.3 326.4 309.4 313.0 92.9 298.8 301.8 324.0 427.5 361.2 217.3 314.2 341.7 301.9 317.9
2184.8 135.0 352.1 223.6 163.6 93.0 174.1 239.6 355.5 122.0 399.3 135.6 68.0 162.8 398.7 432.5 308.3 211.6 146.2 505.3 385.0 315.4 274.9 459.7 185.7 258.0 128.7 235.6 315.2 412.1 288.6 366.6 142.6 450.7 438.7 344.2 223.7 244.7 76.9 396.4 0.0 160.8 89.8 291.8 300.5 194.5 261.0 137.2 268.5 89.7 242.9 218.2 257.9 401.8 114.5 363.1 402.1 159.7 324.6 354.9 213.4 324.6 467.6 317.2 124.1 528.6 397.0 394.6 146.0 205.2 393.5 321.4 211.6 387.5 288.9 161.4 250.5 118.2 436.2 352.2 21.4 73.8 273.1 361.0 325.9 142.9 184.4 49.6 393.6 154.6 468.6 55.7 294.2 165.6 273.3 167.1 410.7 393.1 341.7 106.7 303.4 228.4 65.7 235.7 375.7 233.0 115.6 237.1 376.7 316.6 428.2 401.4 263.0 439.1 237.9 393.6 99.1 264.7 171.0 64.4 237.2 82.6 374.6 430.3 92.9 415.2 159.6 234.1 273.8 289.6 169.6 406.7 167.6 316.2 204.8 218.8 169.0 58.1 131.8 365.1 501.6 327.1 176.2 108.6
2052.2 197.8 219.5 151.5 129.4 116.6 139.9 129.8 222.9 147.3 266.7 180.4 122.4 28.5 266.1 299.9 164.2 116.6 104.5 376.6 252.4 182.8 146.2 327.1 57.0 153.6 129.2 103.0 180.4 279.5 159.9 234.0 74.4 315.0 306.1 211.6 91.1 106.0 92.0 263.8 177.5 0.0 139.6 147.9 142.2 122.4 120.5 94.8 135.9 107.0 110.3 94.1 128.7 273.1 99.0 230.5 269.5 44.9 191.9 222.3 141.3 196.4 335.0 210.7 168.9 388.7 258.8 262.0 59.6 72.6 264.8 188.8 277.1 254.9 160.2 28.8 121.8 81.1 303.6 219.6 154.9 149.7 132.1 228.4 193.3 88.7 131.9 127.8 261.0 25.9 336.0 184.8 162.5 40.3 172.1 37.2 278.1 264.4 209.1 64.2 165.9 95.8 157.8 106.2 243.1 100.4 95.4 93.7 248.5 184.0 295.6 272.7 130.4 306.5 105.3 268.3 211.2 132.1 60.6 184.9 159.8 137.0 242.0 297.7 102.0 282.6 57.4 196.0 141.2 160.9 69.1 274.1 55.7 183.6 88.3 86.2 18.4 170.2 55.6 232.5 399.6 222.7 46.0 60.6
2174.2 205.3 344.4 195.4 140.9 70.3 151.4 229.0 344.9 163.2 388.7 187.9 138.3 119.1 388.1 421.9 297.7 183.4 119.7 498.6 377.3 304.8 268.2 449.1 179.0 247.4 145.1 225.0 304.6 401.5 281.9 356.0 114.4 448.7 428.1 333.6 213.1 234.1 99.5 385.8 90.8 149.6 0.0 281.2 289.9 166.3 250.4 110.7 257.9 114.5 232.3 190.0 247.3 395.1 88.0 352.5 391.5 149.1 314.0 344.3 185.2 314.0 457.0 306.6 176.4 520.9 386.4 384.0 138.3 194.6 386.8 310.8 274.6 376.9 285.1 150.8 243.8 80.3 425.6 344.5 108.4 47.3 265.4 350.4 315.3 132.3 156.2 60.6 383.0 147.9 458.0 142.7 283.6 148.2 262.7 160.4 400.1 386.4 331.1 96.1 292.8 195.8 42.1 225.1 365.1 222.4 92.9 226.5 372.9 306.0 417.6 394.7 252.4 428.5 227.3 383.0 186.1 257.0 131.3 117.7 214.5 56.1 364.0 419.7 66.4 404.6 131.4 204.6 266.1 282.9 162.9 396.1 157.0 305.6 198.1 208.2 128.2 145.1 91.0 354.5 491.0 316.5 138.4 98.0
1999.2 324.9 129.0 104.2 145.2 216.2 133.7 256.9 128.9 274.4 213.7 307.5 257.9 203.9 213.1 320.0 101.9 105.0 230.9 328.9 272.5 42.0 166.3 279.4 122.4 250.3 256.3 168.4 200.5 299.6 106.9 254.1 174.0 342.1 326.2 158.6 83.9 132.2 219.1 210.8 315.0 175.3 274.8 0.0 194.4 133.3 45.2 221.9 21.9 234.1 130.4 225.7 104.6 293.2 234.2 250.6 289.6 208.3 32.7 242.4 114.4 98.0 355.1 283.2 296.0 348.3 278.9 282.1 235.0 148.9 222.7 135.8 376.7 275.0 91.1 136.6 129.7 216.3 323.7 166.6 282.0 247.3 160.6 175.4 213.4 257.9 234.6 261.4 281.1 139.5 269.6 311.9 181.7 216.8 265.6 127.0 298.2 284.5 118.6 189.8 189.0 92.6 255.4 52.8 263.2 73.6 195.0 159.1 268.1 90.0 242.6 219.7 195.8 258.8 197.8 192.0 338.3 187.8 246.6 290.3 78.7 238.7 262.1 317.8 229.1 278.3 167.1 156.4 72.1 62.7 196.2 294.2 190.3 130.6 168.6 105.2 193.8 297.3 206.3 252.6 321.3 295.2 177.0 187.7
2033.3 312.7 200.6 183.4 224.4 230.1 212.9 148.5 204.0 262.2 247.8 295.3 245.7 181.9 247.2 252.4 156.8 181.4 218.7 329.1 195.1 154.1 98.7 279.6 86.1 87.9 234.3 130.6 135.1 211.9 131.2 166.4 187.9 259.1 238.5 192.7 79.8 93.2 206.9 244.9 302.9 163.1 285.8 165.5 0.0 212.5 117.1 209.7 152.0 221.9 91.4 207.6 106.4 225.6 248.1 183.0 222.0 196.1 173.7 174.8 193.6 173.1 267.4 122.9 283.8 338.7 216.9 204.7 213.0 136.7 217.3 169.9 390.6 187.3 139.1 114.6 93.1 230.2 256.1 200.7 269.8 235.1 83.2 209.5 145.8 245.7 245.4 275.3 213.5 117.5 288.5 299.7 114.1 204.6 103.4 105.0 230.6 187.0 190.2 177.6 123.3 169.0 233.4 140.2 195.6 89.1 208.9 145.1 200.5 165.1 276.7 253.5 158.0 259.0 185.6 213.5 326.1 25.4 214.0 304.2 157.9 216.7 194.5 230.1 216.9 235.1 170.9 225.8 120.1 132.2 184.0 226.6 178.1 164.7 168.6 149.6 171.8 285.1 209.0 185.0 321.5 132.8 151.2 175.5
2114.2 281.8 265.9 29.0 94.3 104.0 82.8 213.8 265.8 231.3 328.7 264.4 206.4 121.2 328.1 361.9 215.0 24.1 188.5 438.6 314.4 178.9 208.2 389.1 119.0 237.6 213.2 165.0 242.4 341.5 221.9 296.0 61.8 377.0 368.1 273.6 144.6 168.0 176.0 325.8 198.9 132.2 162.6 125.5 204.2 0.0 113.0 178.8 113.5 191.0 172.3 113.5 190.7 335.1 122.0 292.5 331.5 179.1 170.3 284.3 18.8 239.3 397.0 294.7 252.9 450.7 320.8 324.0 166.6 135.2 326.8 250.8 264.5 316.9 151.8 91.4 183.8 104.1 365.6 281.6 192.5 172.7 194.1 290.4 255.3 162.5 119.3 149.2 323.0 88.5 398.0 221.4 224.5 147.3 256.1 99.8 340.1 326.4 255.5 148.2 227.9 45.9 180.8 89.6 305.1 134.3 82.8 155.7 310.5 226.9 357.6 344.2 192.4 368.5 167.9 330.3 270.2 194.7 134.4 178.1 64.5 160.0 304.0 359.7 170.3 344.6 54.9 105.5 132.8 199.6 153.1 336.1 139.7 245.6 138.7 55.5 131.3 229.2 94.1 294.5 461.6 306.7 66.3 144.6
2025.4 299.2 178.9 68.0 109.0 184.8 97.5 231.2 178.8 248.7 239.9 281.8 232.2 172.7 239.3 273.1 107.4 92.9 205.9 344.3 225.6 100.2 121.0 300.3 76.9 203.4 232.2 117.1 155.8 252.7 133.1 207.2 156.6 289.7 279.3 184.8 37.0 79.2 193.4 237.0 279.7 149.6 256.6 66.0 147.5 97.1 0.0 196.2 36.6 208.4 83.5 207.5 101.9 240.8 216.0 203.7 242.7 194.6 93.4 195.5 78.2 152.3 308.2 236.3 270.3 356.4 232.1 235.2 209.3 123.2 232.5 162.0 345.3 228.1 38.7 105.4 82.8 198.1 276.8 192.8 256.3 221.6 108.2 201.6 166.5 232.2 198.4 230.0 234.2 113.8 309.2 286.2 135.7 190.0 213.2 101.3 251.3 232.1 168.5 165.6 141.8 74.4 224.2 32.8 216.3 26.7 163.6 120.8 215.7 139.9 268.8 257.0 144.5 279.7 172.1 241.5 312.6 140.9 210.3 258.9 42.5 207.5 215.2 270.9 203.4 255.8 148.9 118.4 25.2 120.9 170.5 247.3 157.1 156.8 137.4 85.2 168.1 271.6 194.2 205.7 372.8 248.3 164.9 162.0
2125.3 148.9 292.6 224.6 203.7 171.6 214.2 174.7 296.0 52.4 339.8 134.4 76.4 106.1 339.2 373.0 237.3 189.7 9.6 449.7 325.5 255.9 219.3 400.2 130.1 198.5 34.3 176.1 253.5 352.6 233.0 307.1 147.5 388.1 379.2 284.7 164.2 179.1 46.0 336.9 120.1 101.3 113.6 221.0 215.3 195.5 193.6 0.0 209.0 61.0 183.4 167.2 201.8 346.2 95.4 303.6 342.6 85.0 265.0 295.4 214.4 269.5 408.1 255.6 122.9 461.8 331.9 335.1 68.5 145.7 337.9 261.9 351.4 328.0 233.3 101.9 194.9 113.3 376.7 292.7 108.9 56.2 205.2 301.5 266.4 95.4 211.1 133.9 334.1 99.0 409.1 138.8 235.6 89.2 217.0 110.3 351.2 337.5 282.2 45.8 239.0 168.9 64.3 179.3 316.2 173.5 169.7 166.8 321.6 257.1 368.7 345.8 203.5 379.6 178.4 341.4 165.2 205.2 138.2 147.5 232.9 47.6 315.1 370.8 38.0 355.7 130.5 270.3 214.3 234.0 114.0 347.2 100.6 256.7 161.4 159.3 121.9 124.2 133.2 305.6 472.7 267.6 119.1 49.1
2022.5 303.0 152.3 82.3 123.3 194.3 111.8 235.0 152.2 252.5 237.0 285.6 227.6 182.0 236.4 298.1 125.2 91.5 209.7 352.2 250.6 65.3 144.4 302.7 100.5 228.4 234.4 146.5 178.6 277.7 130.2 232.2 152.1 313.2 304.3 181.9 62.0 104.2 197.2 234.1 289.2 153.4 252.9 12.0 172.5 111.4 30.4 200.0 0.0 212.2 108.5 203.8 126.9 271.3 212.3 228.7 267.7 198.4 56.7 220.5 92.5 125.7 333.2 261.3 274.1 371.6 257.0 260.2 213.1 127.0 263.0 159.1 354.8 253.1 69.2 114.7 107.8 194.4 301.8 189.9 260.1 225.4 130.3 198.7 191.5 236.0 212.7 239.5 259.2 117.6 292.9 290.0 160.7 193.8 246.9 106.3 276.3 262.6 141.9 169.4 164.1 70.7 233.5 28.0 241.3 51.7 173.1 137.2 246.7 113.3 265.9 243.0 173.9 282.1 175.9 206.9 316.4 165.9 224.7 268.4 56.8 216.8 240.2 295.9 207.2 280.8 145.2 134.5 50.2 86.0 174.3 272.3 160.9 153.9 146.7 83.3 171.9 275.4 184.4 230.7 375.2 273.3 156.6 165.8
2114.5 130.2 281.8 213.8 191.7 163.4 202.2 163.9 285.2 99.1 329.0 112.8 54.8 113.3 328.4 362.2 226.5 178.9 78.3 438.9 314.7 245.1 208.5 389.4 119.3 187.7 76.3 165.3 242.7 341.8 222.2 296.3 136.7 377.3 368.4 273.9 153.4 168.3 24.4 326.1 111.9 90.5 105.4 210.2 204.5 184.7 182.8 68.6 198.2 0.0 172.6 156.4 191.0 335.4 87.2 292.8 331.8 74.2 254.2 284.6 203.6 258.7 397.3 244.8 101.3 458.3 321.1 324.3 75.7 134.9 327.1 251.1 339.4 317.2 222.5 91.1 184.1 105.1 365.9 281.9 87.3 48.0 194.4 290.7 255.6 72.6 194.2 125.7 323.3 88.2 398.3 117.2 224.8 96.4 206.2 99.5 340.4 326.7 271.4 35.0 228.2 158.1 56.1 168.5 305.4 162.7 157.7 156.0 310.8 246.3 357.9 344.5 192.7 368.8 167.6 330.6 143.6 194.4 100.7 125.9 222.1 39.4 304.3 360.0 29.8 344.9 119.7 258.3 203.5 223.2 103.2 336.4 89.8 245.9 138.4 148.5 109.0 102.6 131.0 294.8 461.9 256.8 108.3 38.3
1968.9 305.2 136.2 165.0 206.0 222.6 194.5 202.1 139.6 254.7 183.4 287.8 229.8 184.2 182.8 220.4 80.9 192.2 211.9 297.1 172.9 99.5 66.7 247.6 88.4 146.9 236.6 123.1 100.9 196.2 76.6 150.7 180.4 231.7 222.8 128.3 72.3 22.7 199.4 180.5 291.5 155.6 281.2 142.9 91.0 194.1 90.8 202.2 133.6 214.4 0.0 200.1 45.4 193.6 240.6 151.0 190.0 200.6 108.6 142.8 175.2 113.1 251.7 179.8 276.3 316.5 179.3 182.5 215.3 129.2 185.3 105.5 383.1 171.6 72.1 116.9 11.4 222.7 224.1 136.3 262.3 227.6 52.6 145.1 113.8 238.2 237.9 267.8 181.5 119.8 256.5 292.2 83.0 196.0 165.4 108.5 198.6 181.1 125.8 171.6 86.4 171.4 235.7 128.7 163.6 81.6 201.4 126.8 169.0 100.7 212.3 189.4 150.5 227.0 178.1 188.8 318.6 84.4 216.3 296.7 139.5 219.0 162.5 214.4 209.4 203.1 163.4 217.2 60.6 77.6 176.5 194.6 163.1 100.3 161.1 151.9 174.1 277.6 211.3 153.0 320.1 191.8 152.0 168.0
2090.2 257.2 257.5 166.3 144.2 131.4 154.7 189.2 260.9 206.7 304.7 239.8 181.8 148.6 304.1 337.9 202.2 154.6 163.9 414.6 290.4 220.8 184.2 365.1 95.0 213.0 188.6 141.0 218.4 317.5 197.9 272.0 89.2 353.0 344.1 249.6 129.1 144.0 151.4 301.8 226.3 107.6 190.0 185.9 180.2 137.2 158.5 154.2 173.9 166.4 148.3 0.0 166.7 311.1 149.4 268.5 307.5 152.6 229.9 260.3 156.1 234.4 373.0 270.1 228.3 426.7 296.8 300.0 167.3 110.6 302.8 226.8 291.9 292.9 198.2 66.8 159.8 131.5 341.6 257.6 219.9 179.6 170.1 266.4 231.3 189.9 146.7 176.6 299.0 63.9 374.0 244.2 200.5 148.0 231.5 75.2 316.1 302.4 247.1 123.6 203.9 133.8 187.7 144.2 281.1 138.4 110.2 131.7 286.5 222.0 333.6 320.2 168.4 344.5 143.3 306.3 297.6 170.1 161.8 205.5 197.8 171.0 280.0 335.7 161.4 320.6 72.2 210.8 179.2 198.9 128.5 312.1 115.1 221.6 114.1 124.2 126.1 256.6 121.5 270.5 437.6 282.1 60.8 120.0
1923.4 314.0 90.7 184.7 225.7 231.4 214.2 216.3 94.1 263.5 137.9 296.6 247.0 192.0 137.3 216.3 60.9 191.9 220.0 256.5 168.8 57.4 59.0 203.6 97.2 155.7 241.8 131.9 99.0 205.0 34.5 159.5 189.2 243.9 231.6 82.8 81.1 16.8 208.2 135.0 304.2 164.4 287.1 90.2 93.4 213.8 118.4 211.0 108.7 223.2 104.4 208.9 0.0 185.9 249.4 146.9 185.9 197.4 63.8 138.7 194.9 63.2 260.5 190.7 285.1 272.5 180.8 178.4 224.1 138.0 177.6 60.0 391.9 180.4 68.1 122.1 90.0 231.5 220.0 94.2 271.1 236.4 66.2 99.6 109.7 247.0 246.7 276.6 177.4 128.6 193.8 301.0 78.0 205.9 171.0 112.5 194.5 186.3 80.3 178.9 87.2 179.5 240.9 139.7 159.5 90.4 210.2 146.4 160.8 55.2 166.8 153.4 159.3 183.0 186.9 116.2 327.4 89.6 225.1 305.5 159.2 224.2 158.4 223.2 218.2 199.0 172.2 233.1 76.5 32.1 185.3 190.5 179.4 54.8 166.3 160.7 179.3 286.4 216.5 148.9 245.5 200.6 162.3 176.8
2109.0 370.4 276.3 241.1 282.1 287.8 270.6 272.7 279.7 319.9 323.5 353.0 320.2 249.4 322.9 177.5 232.5 239.1 276.4 290.7 200.9 239.6 203.0 241.2 153.6 212.1 301.8 188.3 189.1 80.3 216.7 34.8 245.6 81.4 106.9 268.4 137.5 168.9 264.6 320.6 360.6 220.8 346.4 233.0 156.2 270.2 174.8 267.4 209.7 279.6 167.1 265.3 185.5 0.0 305.8 190.7 147.1 265.8 248.7 157.2 251.3 248.8 89.7 245.0 341.5 302.8 152.6 217.4 280.5 194.4 281.8 245.6 448.3 55.7 206.6 182.1 178.6 287.9 181.2 276.4 327.5 292.8 197.3 285.2 199.0 303.4 303.1 333.0 138.6 185.0 213.6 357.4 206.1 261.2 227.4 172.5 188.0 65.2 265.9 235.3 197.8 226.7 300.9 207.7 126.4 146.8 266.6 192.0 231.4 240.8 352.4 329.5 215.7 224.4 243.3 286.6 383.8 149.6 281.5 361.9 215.6 284.2 259.0 52.4 274.6 199.6 228.6 293.3 187.6 217.7 241.7 151.7 235.8 240.4 226.3 217.1 239.3 342.8 276.5 249.5 313.7 257.0 218.7 233.2
2156.0 187.1 323.3 154.8 108.2 76.1 118.7 205.4 326.7 145.0 370.5 169.7 111.7 80.4 369.9 403.7 268.0 133.4 102.2 480.4 356.2 286.6 250.0 430.9 160.8 229.2 126.9 206.8 284.2 383.3 263.7 337.8 73.8 418.8 409.9 315.4 194.9 209.8 81.3 367.6 114.5 109.0 78.2 251.7 246.0 125.7 224.3 92.5 239.7 96.3 214.1 149.4 232.5 376.9 0.0 334.3 373.3 115.7 295.7 326.1 144.6 300.2 438.8 286.3 158.2 499.8 362.6 365.8 117.2 176.4 368.6 292.6 255.9 358.7 264.0 132.6 225.6 17.9 407.4 323.4 136.0 50.6 235.9 332.2 297.1 114.1 115.6 66.4 364.8 129.7 439.8 170.3 266.3 106.5 247.7 141.0 381.9 368.2 312.9 76.5 269.7 155.2 58.7 210.0 346.9 204.2 74.2 197.5 352.3 287.8 399.4 376.5 234.2 410.3 209.1 372.1 213.7 235.9 93.6 123.5 181.8 37.9 345.8 401.5 48.2 386.4 90.8 174.8 245.0 264.7 144.7 377.9 131.3 287.4 192.1 164.8 90.5 172.7 53.3 336.3 503.4 298.3 102.2 79.8
1972.0 387.6 293.5 258.3 299.3 305.0 287.8 284.5 296.9 337.1 280.7 370.2 312.2 266.6 255.2 82.1 238.2 264.7 294.3 214.2 105.5 256.8 83.3 164.7 170.8 229.3 319.0 205.5 50.0 113.9 233.9 109.1 262.8 144.0 181.2 285.6 154.7 180.0 281.8 337.8 373.9 238.0 363.6 238.9 173.4 287.4 184.1 284.6 226.9 296.8 184.3 282.5 202.7 74.2 323.0 0.0 70.6 283.0 265.9 23.4 268.5 270.4 164.0 262.2 358.7 233.6 59.9 122.0 297.7 211.6 142.7 185.0 465.5 130.0 223.8 199.3 195.8 305.1 104.7 230.8 344.7 310.0 98.1 217.5 53.2 320.6 320.3 350.2 62.1 202.2 137.1 374.6 67.0 278.4 247.8 190.9 111.5 130.7 283.1 254.0 63.6 243.9 318.1 222.0 44.2 164.0 283.8 209.2 135.5 258.0 284.7 283.9 232.9 147.9 260.5 146.2 401.0 166.8 298.7 379.1 232.8 301.4 119.9 126.7 291.8 104.2 245.8 310.5 204.8 234.9 258.9 75.2 245.5 190.5 243.5 234.3 256.5 360.0 293.7 110.4 237.2 274.2 234.4 250.4
1971.7 432.9 298.0 303.6 344.6 350.3 333.1 329.8 321.0 382.4 290.1 415.5 357.5 311.9 264.6 56.1 283.5 310.0 339.6 143.5 67.3 300.9 128.6 94.0 216.1 274.6 364.3 250.8 95.3 131.0 258.0 156.8 308.1 191.7 203.8 255.6 200.0 225.3 327.1 307.8 419.2 283.3 408.9 284.2 218.7 332.7 229.4 329.9 272.2 342.1 229.6 327.8 255.7 121.9 368.3 100.7 0.0 328.3 310.0 117.8 313.8 294.5 211.7 307.5 404.0 162.9 107.6 96.0 343.0 256.9 171.7 194.4 510.8 157.3 269.1 244.6 241.1 350.4 95.4 240.2 390.0 355.3 143.4 226.9 84.4 365.9 365.6 395.5 70.8 247.5 66.4 419.9 112.3 323.7 293.1 236.2 40.8 147.8 287.6 299.3 108.9 289.2 363.4 267.3 87.0 209.3 329.1 254.5 109.5 282.1 294.1 293.3 278.2 77.2 305.8 155.6 446.3 212.1 344.0 424.4 278.1 346.7 138.8 174.4 337.1 78.2 291.1 355.8 250.1 279.0 304.2 65.9 290.8 199.9 288.8 279.6 301.8 405.3 339.0 110.1 166.5 319.5 279.7 295.7
2098.7 178.0 266.0 198.0 172.3 159.5 182.8 153.5 269.4 127.5 313.2 160.6 111.0 39.6 312.6 346.4 222.2 154.7 84.0 423.4 298.9 229.6 192.7 373.6 103.8 171.9 121.4 149.5 229.1 326.0 206.7 280.5 120.9 368.5 352.6 258.1 137.6 158.6 72.2 310.3 168.2 61.9 163.0 205.7 214.4 168.9 174.9 75.0 182.4 87.2 156.8 140.6 171.8 319.9 125.3 277.0 316.0 0.0 238.5 268.8 187.8 238.5 381.5 231.1 149.1 442.8 310.9 308.5 85.9 119.1 311.6 235.3 320.0 301.4 206.7 75.6 168.3 107.4 350.1 266.1 135.1 100.4 187.0 274.9 239.8 115.0 178.4 154.1 307.5 72.4 382.5 165.0 208.1 67.7 187.2 84.9 324.6 310.9 255.6 42.9 215.4 142.3 108.5 149.6 289.6 146.9 138.3 151.0 294.8 230.5 342.1 328.7 176.9 353.0 151.8 307.5 191.4 178.9 86.9 211.2 206.3 91.8 288.5 344.2 82.2 329.1 103.9 238.9 187.7 207.7 99.4 320.6 81.5 230.1 134.8 132.7 44.7 150.4 81.9 279.0 415.5 241.0 94.3 40.8
1965.7 348.6 96.2 127.9 168.9 239.9 157.4 286.0 95.4 298.1 180.2 331.2 281.6 227.6 179.6 287.5 79.9 128.7 254.6 296.1 240.0 8.6 133.8 245.9 145.4 226.9 280.0 192.1 170.2 276.2 73.4 230.7 197.7 323.4 302.8 125.1 107.6 88.0 242.8 177.3 338.7 199.0 295.6 22.9 164.6 157.0 68.9 245.6 45.5 257.8 123.4 249.4 74.7 260.7 257.9 218.1 257.1 232.0 0.0 209.9 138.1 64.5 331.7 261.9 319.7 315.5 252.0 249.6 258.7 172.6 189.2 102.3 400.4 251.6 105.1 160.3 109.7 240.0 291.2 133.1 305.7 271.0 141.0 141.9 180.9 281.6 258.3 285.1 248.6 162.5 236.1 335.6 149.2 240.5 242.2 150.0 265.7 261.8 85.1 213.5 158.4 116.3 278.4 75.8 230.7 97.3 218.7 193.6 235.6 56.5 209.1 186.9 219.5 225.3 221.5 158.5 362.0 164.4 269.6 314.0 102.4 261.7 229.6 294.4 252.8 244.8 190.8 179.4 95.1 29.9 219.9 261.7 214.0 97.1 192.3 128.9 216.8 321.0 229.3 220.1 287.8 271.8 200.7 211.4
1953.8 369.4 275.3 240.1 281.1 286.8 269.6 266.3 278.7 318.9 262.5 352.0 294.0 248.4 237.0 77.5 220.0 246.5 276.1 190.7 100.9 238.6 65.1 141.2 152.6 211.1 300.8 187.3 31.8 90.4 215.7 85.6 244.6 120.5 157.7 267.4 136.5 161.8 263.6 319.6 355.7 219.8 345.4 220.7 155.2 269.2 165.9 266.4 208.7 278.6 166.1 264.3 184.5 50.7 304.8 33.4 47.1 264.8 247.7 0.0 250.3 252.2 140.5 244.0 340.5 202.8 36.4 117.4 279.5 193.4 124.5 166.8 447.3 106.5 205.6 181.1 177.6 286.9 81.2 212.6 326.5 291.8 79.9 199.3 53.0 302.4 302.1 332.0 38.6 184.0 113.6 356.4 48.8 260.2 229.6 172.7 88.0 107.2 264.9 235.8 45.4 225.7 299.9 203.8 20.7 145.8 265.6 191.0 130.9 239.8 266.5 265.7 214.7 124.4 242.3 128.0 382.8 148.6 280.5 360.9 214.6 283.2 101.7 103.2 273.6 99.6 227.6 292.3 186.6 216.7 240.7 51.7 227.3 172.3 225.3 216.1 238.3 341.8 275.5 92.2 213.7 256.0 216.2 232.2
2114.1 300.7 247.0 10.1 75.4 122.9 63.9 232.7 246.9 250.2 328.6 283.3 225.3 140.1 328.0 361.8 196.1 43.0 207.4 438.5 314.3 160.0 208.1 389.0 137.9 256.5 232.1 183.9 242.3 341.4 221.8 295.9 80.7 376.9 368.0 273.5 125.7 167.9 194.9 325.7 217.8 151.1 181.5 106.6 236.2 18.8 94.1 197.7 94.6 209.9 172.2 132.4 190.6 335.0 140.9 292.4 331.4 198.0 151.4 284.2 0.0 220.4 396.9 313.6 271.8 457.9 320.7 323.9 185.5 154.1 326.7 250.7 283.4 316.8 132.9 110.3 171.5 123.0 365.5 281.5 211.4 191.6 194.0 290.3 255.2 181.4 164.8 168.1 322.9 107.4 397.9 240.3 224.4 166.2 275.0 118.7 340.0 326.3 236.6 167.1 227.8 64.8 199.7 108.5 305.0 115.4 101.7 174.6 310.4 208.0 357.5 344.1 211.3 368.4 186.8 330.2 289.1 213.6 153.3 197.0 45.6 178.9 303.9 359.6 189.2 344.5 73.8 86.6 113.9 180.7 172.0 336.0 158.6 245.5 169.8 74.4 150.2 248.1 113.0 294.4 461.5 325.6 85.2 163.5
1956.0 395.5 66.2 218.3 259.3 312.9 247.8 297.8 26.4 345.0 170.5 378.1 328.5 270.1 169.9 257.2 92.8 219.1 301.5 281.3 250.3 81.2 139.7 236.2 178.7 237.2 322.5 213.4 180.5 286.5 34.1 241.0 270.7 324.6 313.1 115.4 162.6 98.3 289.7 167.6 385.7 245.9 368.6 114.0 174.9 247.4 159.3 292.5 135.9 304.7 136.3 290.4 85.0 266.6 330.9 228.4 267.4 278.9 91.0 220.2 228.5 0.0 342.0 272.2 366.6 305.1 262.3 219.3 305.6 219.5 179.5 92.6 473.4 261.9 113.6 202.8 121.9 313.0 301.5 123.4 352.6 317.9 146.9 132.2 191.2 328.5 348.7 358.1 258.9 210.1 226.4 382.5 159.5 287.4 248.1 193.2 266.9 267.0 60.8 260.4 168.7 206.7 321.6 162.5 241.0 169.4 291.7 227.9 205.3 12.3 199.4 176.5 240.8 215.6 268.4 148.8 408.9 170.3 306.6 387.0 192.8 304.9 239.9 304.7 299.7 235.1 281.2 266.1 137.0 60.1 266.8 272.0 260.9 87.4 234.8 219.3 264.4 367.9 297.2 230.4 278.1 282.1 243.8 258.3
2019.2 280.6 186.5 151.3 192.3 198.0 180.8 177.5 189.9 230.1 233.7 263.2 205.2 159.6 233.1 268.8 131.2 157.7 187.3 382.0 219.4 149.8 113.2 332.5 63.8 122.3 212.0 98.5 147.4 171.6 126.9 126.1 155.8 207.1 198.2 178.6 47.7 73.0 174.8 230.8 266.9 131.0 256.6 131.9 66.4 180.4 77.1 177.6 119.9 189.8 77.3 175.5 95.7 252.6 216.0 197.5 238.4 176.0 158.9 189.3 161.5 163.4 0.0 155.2 251.7 401.4 238.3 229.0 190.7 104.6 231.8 155.8 358.5 147.0 116.8 92.3 88.8 198.1 272.5 186.6 237.7 203.0 99.1 195.4 160.3 213.6 213.3 243.2 229.9 95.2 304.9 267.6 129.5 171.4 140.8 83.9 279.3 156.5 176.1 147.0 132.9 136.9 211.1 115.0 217.7 57.0 176.8 102.2 215.5 151.0 262.6 249.2 125.9 315.7 153.5 235.3 294.0 59.8 191.7 272.1 125.8 194.4 209.0 189.8 184.8 290.9 138.8 203.5 97.8 127.9 151.9 243.0 138.5 150.6 136.5 127.3 149.5 253.0 186.7 199.5 405.0 167.2 127.4 143.4
2079.2 217.6 244.4 178.5 156.4 143.6 166.9 155.0 249.9 167.1 293.7 200.2 150.6 96.6 293.1 326.9 202.7 135.2 123.6 401.5 277.3 209.8 171.1 354.1 81.9 173.4 146.9 130.0 209.6 306.5 184.8 261.0 101.4 353.7 333.1 238.6 118.1 139.1 111.8 290.8 207.8 68.0 199.3 184.1 194.9 149.4 155.4 114.6 162.9 126.8 137.3 121.1 152.3 298.0 161.6 257.5 296.5 101.0 219.0 249.3 168.3 219.0 362.0 0.0 188.7 415.7 291.4 289.0 125.6 99.6 289.7 215.8 304.1 281.9 185.1 53.7 146.7 143.7 330.6 244.5 174.7 140.0 167.5 255.4 220.3 150.6 158.9 188.8 288.0 50.8 363.0 204.6 188.6 109.5 186.6 65.4 305.1 289.3 236.1 82.5 197.8 122.8 146.0 128.0 270.1 127.4 122.4 131.5 275.0 211.0 322.6 307.1 157.4 333.5 132.3 288.0 231.0 157.0 128.7 217.7 186.8 129.3 269.0 324.7 121.8 309.6 84.4 220.9 168.2 185.8 88.9 301.1 83.0 210.6 101.0 113.2 84.4 190.0 123.7 259.5 396.0 11.9 72.4 80.4
2182.9 151.1 350.2 282.2 260.1 212.9 270.6 232.3 353.6 138.1 397.4 11.4 75.7 181.7 396.8 430.6 294.9 247.3 146.7 507.3 383.1 313.5 276.9 457.8 187.7 256.1 126.8 233.7 311.1 410.2 290.6 364.7 205.1 445.7 436.8 342.3 221.8 236.7 75.0 394.5 119.8 158.9 173.8 278.6 272.9 253.1 251.2 137.0 266.6 87.8 241.0 224.8 259.4 403.8 155.6 361.2 400.2 142.6 322.6 353.0 272.0 327.1 465.7 313.2 0.0 526.7 389.5 392.7 144.1 203.3 395.5 319.5 274.0 385.6 290.9 159.5 252.5 173.5 434.3 350.3 88.2 116.4 262.8 359.1 324.0 141.0 262.6 169.5 391.7 156.6 466.7 118.1 293.2 164.8 274.6 167.9 408.8 395.1 339.8 103.4 296.6 226.5 124.5 236.9 373.8 231.1 226.1 224.4 379.2 314.7 426.3 403.4 261.1 437.2 236.0 399.0 144.5 262.8 169.1 126.8 290.5 107.8 372.7 428.4 98.2 413.3 188.1 326.7 271.9 291.6 171.6 404.8 158.2 314.3 219.0 216.9 177.4 103.5 199.4 363.2 530.3 325.2 176.7 106.7
1923.9 552.9 313.7 416.3 464.6 478.9 453.1 449.8 336.7 502.4 305.8 528.2 485.9 424.6 280.3 159.9 320.9 418.9 458.9 81.7 166.9 316.6 241.3 61.8 336.1 394.6 484.3 370.8 206.0 250.2 273.7 276.0 420.8 322.6 315.7 264.0 320.0 288.3 439.8 323.5 498.8 403.3 528.9 349.4 338.7 452.7 355.5 449.9 371.3 454.8 349.6 440.5 264.1 241.1 488.3 246.8 218.5 448.3 318.4 229.7 433.8 302.9 330.9 427.5 524.0 0.0 225.1 165.0 455.7 376.9 187.4 202.8 558.7 276.5 332.3 357.3 361.1 470.4 155.5 248.6 486.7 475.3 246.9 242.6 204.4 485.9 506.5 524.1 202.7 360.2 72.6 515.6 232.3 436.4 409.9 355.0 147.7 259.7 296.0 417.8 224.7 409.2 483.4 382.9 198.9 329.3 443.8 385.3 179.0 297.8 309.8 301.7 390.9 92.9 425.8 164.0 564.4 332.1 464.0 493.9 390.8 466.7 254.3 293.6 457.1 145.1 411.1 475.8 370.1 294.7 424.2 185.0 418.3 208.3 389.3 392.3 421.8 523.4 459.0 219.7 40.4 432.2 401.2 408.4
2123.2 384.6 290.6 255.3 296.3 302.0 284.8 281.5 293.9 334.1 337.7 367.2 317.6 263.7 337.1 191.7 235.2 256.2 291.3 304.9 209.6 248.3 217.2 255.4 162.3 226.3 310.5 202.5 203.3 94.5 225.4 49.0 259.8 90.1 121.1 282.6 151.7 177.0 278.8 334.8 370.9 235.0 360.6 241.7 170.4 284.4 183.5 281.6 223.9 293.8 181.3 279.5 199.7 8.6 320.0 204.9 161.3 280.0 262.9 171.4 265.5 267.4 103.9 259.2 355.7 324.4 0.0 226.1 294.7 208.6 296.1 259.8 462.5 69.9 215.3 196.3 192.9 302.1 195.4 290.7 341.7 307.0 206.0 299.4 213.2 317.6 317.3 347.2 152.8 193.7 227.8 371.6 220.3 275.4 236.1 186.7 202.2 73.9 280.1 251.0 212.7 240.9 315.2 216.4 140.6 161.0 280.8 206.2 240.1 255.0 366.6 353.3 229.9 238.6 257.5 300.8 398.0 163.9 290.2 376.1 229.8 292.9 273.2 66.6 288.8 213.8 242.8 302.0 201.9 232.0 256.0 165.9 242.5 254.6 228.4 225.8 248.0 357.0 290.8 263.7 327.9 271.2 227.4 247.4
1903.5 406.7 239.2 277.4 318.4 324.1 306.9 309.0 262.2 356.2 231.3 389.3 339.7 285.7 205.8 49.8 257.9 280.0 312.7 141.2 64.0 242.1 102.4 91.7 189.9 248.4 338.1 224.6 74.0 161.6 199.2 185.0 281.9 226.9 234.4 196.8 173.8 213.8 300.9 249.0 393.0 257.1 379.8 269.3 192.5 306.5 209.3 303.7 246.0 315.9 203.4 301.6 200.5 150.1 342.1 107.5 109.9 290.1 251.2 99.3 287.6 235.7 239.9 281.3 377.8 160.6 135.9 0.0 316.8 230.7 112.9 135.6 484.6 187.9 242.9 218.4 214.9 324.2 126.0 181.4 363.8 329.1 108.0 168.1 58.2 339.7 339.4 369.3 101.4 221.3 81.9 393.7 86.1 297.5 263.7 208.8 59.5 178.4 228.8 273.1 77.8 263.0 337.2 244.0 117.6 183.1 302.9 228.3 13.9 223.3 235.3 234.5 252.0 71.1 279.6 96.8 420.1 185.9 317.8 398.2 251.9 320.5 89.4 202.6 310.9 27.7 264.9 329.6 223.9 220.2 278.0 96.5 264.6 141.1 250.4 253.4 275.6 379.1 312.8 60.7 164.2 293.3 255.0 269.5
2123.9 181.0 291.2 201.6 155.0 142.2 165.5 178.7 294.6 112.5 338.4 163.6 105.6 37.5 337.8 371.6 235.9 184.5 69.0 448.3 324.1 254.5 217.9 398.8 128.7 197.1 94.4 174.7 252.1 351.2 231.6 305.7 120.6 393.7 377.8 283.3 162.8 177.7 75.2 335.5 177.0 71.8 145.7 230.9 213.9 172.5 192.2 60.0 207.6 90.2 182.0 165.8 200.4 344.8 108.0 302.2 341.2 89.1 263.7 294.0 191.4 268.1 406.7 256.3 152.1 467.7 336.1 333.7 0.0 144.3 336.5 260.5 302.7 326.6 231.9 100.5 193.5 90.1 375.3 291.3 138.1 113.1 212.2 300.1 265.0 97.7 162.4 136.8 332.7 97.6 407.7 168.0 233.3 19.6 212.4 110.1 349.8 336.1 280.8 44.4 237.6 167.5 121.2 174.8 314.8 172.1 121.0 176.2 319.7 255.7 367.3 344.4 202.1 378.2 177.0 340.0 194.4 203.8 69.6 193.9 231.5 104.5 313.7 369.4 94.9 354.3 129.1 221.6 212.9 232.6 112.6 345.8 106.7 255.3 160.0 157.9 53.3 153.4 64.6 304.2 440.7 266.2 119.2 47.7
2081.5 360.9 248.8 231.6 272.6 278.3 261.1 186.5 252.2 310.4 296.0 343.5 285.5 239.9 295.4 300.6 193.5 238.0 267.6 377.3 253.1 212.1 146.9 327.8 144.1 131.3 292.3 178.8 181.1 260.1 189.2 214.6 236.1 295.6 286.7 240.9 128.0 135.3 255.1 293.1 347.2 211.3 336.9 212.2 97.7 260.7 157.4 257.9 200.2 270.1 139.6 255.8 158.0 273.8 296.3 231.2 270.2 256.3 221.2 223.0 241.8 225.7 315.6 164.2 332.0 396.7 259.5 262.7 271.0 0.0 265.5 218.1 438.8 235.5 197.1 172.6 151.1 278.4 304.3 248.9 318.0 283.3 132.8 257.7 194.0 293.9 293.6 323.5 261.7 175.5 336.7 347.9 163.2 251.7 149.8 164.2 278.8 245.0 238.4 227.3 166.6 217.2 291.4 195.3 243.8 137.3 257.1 182.5 249.2 213.3 324.9 302.0 206.2 307.2 233.8 269.0 374.3 63.5 272.0 352.4 206.1 274.7 242.7 278.3 265.1 283.3 219.1 283.8 178.1 190.2 232.2 274.8 218.8 212.9 216.8 207.6 229.8 333.3 267.0 233.2 400.3 176.2 207.7 223.7
1906.5 442.9 171.1 313.6 354.6 360.3 343.1 345.2 194.1 392.4 163.2 425.5 392.7 321.9 137.7 120.8 178.3 320.0 348.9 171.0 86.8 174.0 125.2 121.5 226.1 284.6 374.3 260.8 96.8 211.8 131.1 207.8 318.1 249.7 279.9 128.7 210.0 145.7 337.1 180.9 433.1 293.3 416.0 206.8 228.7 342.7 247.3 339.9 228.7 352.1 233.3 337.8 128.8 172.9 378.3 130.3 160.1 338.3 183.8 122.1 323.8 163.2 262.7 317.5 414.0 190.4 158.7 93.0 353.0 266.9 0.0 67.5 465.4 228.7 197.0 254.6 218.9 360.4 177.5 113.3 400.0 365.3 130.8 100.0 81.0 375.9 375.6 405.5 151.6 257.5 111.7 429.9 108.9 333.7 299.9 245.0 112.5 228.6 160.7 307.8 100.6 299.2 373.4 259.7 142.9 219.3 339.1 264.5 79.0 155.2 167.2 166.4 288.2 100.9 315.8 34.1 456.3 222.1 354.0 400.6 288.1 356.7 66.8 225.4 347.1 120.4 301.1 365.8 216.0 152.1 314.2 146.7 300.8 73.0 298.8 289.6 311.8 415.3 349.0 32.2 194.0 329.5 291.2 305.7
1863.3 375.3 103.5 246.0 287.0 292.7 275.5 272.2 126.5 324.8 102.7 357.9 299.9 254.3 77.2 164.5 110.7 252.4 282.0 193.0 143.6 106.4 123.9 143.5 158.5 217.0 306.7 193.2 158.1 266.3 63.5 220.8 250.5 301.8 292.9 100.3 142.4 167.7 269.5 145.6 361.6 225.7 351.3 149.8 161.1 275.1 171.8 272.3 161.1 284.5 165.7 270.2 61.2 250.8 310.7 208.2 247.2 270.7 115.5 200.0 256.2 100.0 321.8 249.9 346.4 212.4 236.5 131.0 285.4 199.3 86.8 0.0 440.5 241.7 129.4 187.0 151.3 292.8 199.5 75.5 332.4 297.7 122.7 39.5 171.0 308.3 308.0 337.9 238.7 189.9 133.7 362.3 140.2 266.1 235.5 178.6 174.2 251.2 93.1 241.7 143.6 231.6 305.8 189.2 220.8 151.7 271.5 196.9 117.5 87.6 106.7 120.9 220.6 122.9 248.2 47.7 388.7 154.5 286.4 375.7 220.5 289.1 153.7 284.5 279.5 142.4 233.5 298.2 148.4 84.5 246.6 251.8 233.2 5.4 219.0 222.0 244.2 347.7 281.4 119.1 216.0 261.9 222.1 238.1
2133.8 313.8 454.3 291.1 231.1 224.3 241.6 386.0 457.7 300.8 501.5 234.4 238.4 268.9 500.9 534.7 399.0 269.7 327.4 611.4 487.2 417.6 381.0 561.9 291.8 409.8 307.5 337.8 415.2 514.3 394.7 468.8 210.1 549.8 540.9 446.4 325.9 340.8 255.7 498.6 216.2 297.5 303.2 365.7 377.0 262.0 353.2 317.7 353.7 268.5 345.1 285.7 363.5 507.9 269.7 465.3 504.3 323.3 410.5 457.1 280.9 431.2 569.8 466.9 245.9 630.8 493.6 496.8 324.8 307.4 499.6 423.6 0.0 489.7 392.0 263.6 356.6 251.8 538.4 454.4 200.2 290.1 366.9 463.2 428.1 321.7 251.9 265.9 495.8 260.7 570.8 229.1 397.3 295.0 428.3 272.0 512.9 499.2 443.9 284.1 400.7 291.5 282.0 335.2 477.9 335.2 189.2 328.5 483.3 418.8 530.4 507.5 365.2 541.3 340.1 503.1 277.9 366.9 282.1 207.4 304.7 288.5 476.8 532.5 278.9 517.4 227.1 297.7 373.0 395.7 325.3 508.9 311.9 418.4 323.1 301.1 279.0 236.9 241.8 467.3 634.4 478.9 238.5 287.4
2055.3 415.0 298.6 285.7 326.7 332.4 315.2 286.2 302.0 364.5 345.8 397.6 339.6 294.0 345.2 121.7 243.3 292.1 321.7 234.9 145.1 261.9 166.6 185.4 198.2 231.0 346.4 232.9 133.3 24.5 239.0 20.6 290.2 114.3 46.4 290.7 182.1 185.1 309.2 342.9 401.3 265.4 391.0 266.3 175.1 314.8 211.5 312.0 254.3 324.2 189.4 309.9 207.8 105.5 350.4 134.9 91.3 310.4 271.0 101.4 295.9 275.5 134.3 263.9 386.1 254.3 91.2 161.6 325.1 239.0 226.0 269.6 492.9 0.0 251.2 226.7 200.9 332.5 125.4 298.7 372.1 337.4 181.4 307.5 143.2 348.0 347.7 377.6 82.8 229.6 157.8 402.0 150.3 305.8 249.5 218.3 132.2 9.4 288.2 281.4 146.9 271.3 345.5 249.4 70.6 191.4 311.2 236.6 175.1 263.1 374.7 361.3 260.3 168.6 287.9 230.8 428.4 168.5 326.1 406.5 260.2 328.8 203.2 97.0 319.2 143.8 273.2 337.9 232.2 240.0 286.3 95.9 272.9 275.1 258.7 261.7 283.9 387.4 321.1 193.7 257.9 275.9 261.8 277.8
1991.5 323.8 134.6 123.3 164.3 240.1 152.8 261.2 134.5 273.3 206.0 306.4 256.8 202.8 205.4 283.9 74.6 142.1 229.8 321.2 236.4 87.4 130.2 271.7 107.0 210.4 255.2 141.7 164.4 259.7 99.2 214.2 211.9 302.2 286.3 150.9 61.6 86.2 218.0 203.1 310.1 174.2 309.0 115.2 148.1 152.4 49.1 220.8 91.9 233.0 63.4 262.8 68.0 257.1 271.3 214.5 253.5 207.2 96.5 206.3 133.5 103.6 315.2 243.3 294.9 333.3 242.8 246.0 233.9 147.8 248.8 128.1 400.6 235.1 0.0 135.5 49.0 253.4 287.6 158.9 280.9 246.2 124.5 167.7 177.3 256.8 253.7 285.3 245.0 138.4 261.9 310.8 145.6 214.6 225.7 125.9 262.1 244.6 124.2 188.7 149.9 129.7 254.3 89.9 227.1 51.3 218.9 145.4 232.0 95.6 234.9 212.0 169.1 251.1 196.7 175.9 337.2 147.9 234.9 314.2 97.8 237.6 226.0 277.9 228.0 266.6 204.2 175.5 18.9 86.3 195.1 258.1 181.7 122.9 167.5 142.3 192.7 296.2 243.4 216.5 344.2 255.3 172.1 186.6
2023.3 188.2 190.6 152.0 118.4 105.6 128.9 120.2 194.0 137.7 237.8 170.8 138.0 67.2 237.2 271.0 135.3 79.3 94.9 347.7 223.5 153.9 117.3 298.2 28.1 144.0 119.6 74.1 153.7 250.6 131.0 205.1 63.4 293.1 277.2 182.7 62.2 77.1 82.4 234.9 174.5 38.6 161.3 130.3 139.0 122.9 99.5 85.2 107.0 97.4 81.4 83.1 96.4 244.2 123.6 201.6 240.6 71.6 163.0 193.4 141.8 163.1 306.1 201.1 159.3 359.8 229.9 233.1 98.3 43.7 235.9 159.9 266.1 226.0 131.3 0.0 92.9 105.7 274.7 190.7 145.3 110.6 111.6 199.5 164.4 121.2 120.9 150.8 232.1 2.9 307.1 175.2 132.7 79.0 159.3 9.5 249.2 235.5 180.2 53.1 137.0 66.9 118.7 74.2 214.2 71.5 84.4 64.8 219.1 155.1 266.7 243.8 101.5 277.6 76.4 232.1 201.6 103.2 99.3 179.7 130.9 102.0 213.1 268.8 92.4 253.7 46.4 208.6 112.3 132.0 59.5 245.2 46.1 154.7 47.2 57.3 57.1 160.6 94.3 203.6 370.7 213.1 36.5 51.0
1983.3 319.6 150.6 153.5 194.5 237.0 183.0 216.5 154.0 269.1 197.8 302.2 252.6 198.6 197.2 234.8 106.8 176.9 225.6 311.5 187.3 113.9 81.1 262.0 102.8 161.3 251.0 137.5 115.3 210.6 91.0 165.1 194.8 257.8 237.2 142.7 86.7 43.2 213.8 194.9 305.9 170.0 292.7 145.4 105.4 182.6 85.4 216.6 122.1 228.8 14.3 214.5 56.4 208.0 255.0 165.4 204.4 203.0 123.7 157.2 163.7 123.1 266.1 194.2 290.7 330.9 193.7 196.9 229.7 143.6 199.7 119.9 397.5 186.0 60.6 131.3 0.0 237.1 238.5 150.7 276.7 242.0 75.4 159.5 128.2 252.6 252.3 282.2 195.9 134.2 270.9 306.6 96.5 210.4 176.6 121.7 213.0 195.5 140.2 184.5 100.8 159.9 250.1 120.1 178.0 81.5 215.8 152.0 182.9 115.1 226.7 203.8 164.9 241.4 192.5 203.2 333.0 98.8 230.7 311.1 128.0 233.4 176.9 228.8 223.8 217.5 177.8 205.7 49.1 92.0 190.9 209.0 177.5 114.7 163.3 172.5 188.5 292.0 225.7 167.4 334.5 206.2 167.9 182.4
2143.4 205.0 310.7 136.9 90.3 58.2 100.8 221.0 314.1 162.9 357.9 187.6 129.6 62.5 357.3 391.1 255.4 115.5 120.1 467.8 343.6 274.0 237.4 418.3 148.2 244.8 144.8 194.2 271.6 370.7 251.1 325.2 55.9 406.2 397.3 302.8 182.3 197.2 99.2 355.0 98.2 91.1 60.3 222.7 233.4 107.8 211.7 110.4 210.7 114.2 201.5 131.5 219.9 364.3 17.9 321.7 360.7 120.4 267.5 313.5 126.7 287.6 426.2 301.9 176.1 479.9 350.0 353.2 107.9 163.8 356.0 280.0 238.0 346.1 251.4 120.0 213.0 0.0 394.8 310.8 119.7 68.5 223.3 319.6 284.5 103.8 97.7 48.5 352.2 117.1 427.2 154.0 253.7 88.6 263.3 128.4 369.3 355.6 300.3 94.4 257.1 137.3 76.6 181.0 334.3 191.6 56.3 184.9 339.7 275.2 386.8 363.9 221.6 397.7 196.5 359.5 197.4 223.3 75.7 105.6 163.9 55.8 333.2 388.9 66.1 373.8 72.9 156.9 232.4 252.1 160.3 365.3 146.9 274.8 179.5 146.9 72.6 156.4 35.4 323.7 490.8 313.9 84.3 97.7
1988.0 445.3 289.5 316.0 357.0 362.7 345.5 342.2 312.5 394.8 281.6 427.9 369.9 324.3 256.1 75.3 295.9 322.4 352.0 125.0 98.7 292.4 141.0 85.5 228.5 287.0 376.7 263.2 107.7 94.6 249.5 120.4 320.5 155.3 167.4 247.1 212.4 237.7 339.5 299.3 431.6 295.7 421.3 296.6 231.1 345.1 241.8 342.3 284.6 354.5 242.0 340.2 247.2 85.5 380.7 91.2 62.9 340.7 301.5 81.4 326.2 286.0 175.3 319.9 416.4 144.4 71.2 115.2 355.4 269.3 163.2 185.9 523.2 120.9 281.5 257.0 253.5 362.8 0.0 231.7 402.4 367.7 155.8 218.4 96.8 378.3 378.0 407.9 54.4 259.9 57.9 432.3 124.7 336.1 305.5 248.6 103.8 111.4 279.1 311.7 121.3 301.6 375.8 279.7 50.6 221.7 341.5 266.9 128.7 273.6 285.6 284.8 290.6 68.7 318.2 147.1 458.7 224.5 356.4 436.8 290.5 359.1 151.8 138.0 349.5 97.4 303.5 368.2 262.5 270.5 316.6 29.5 303.2 191.4 289.0 292.0 314.2 417.7 351.4 137.9 148.0 331.9 292.1 308.1
1897.9 414.9 143.1 285.6 326.6 332.3 315.1 317.2 166.1 364.4 52.8 397.5 364.7 293.9 50.2 199.1 161.8 288.2 320.9 227.6 178.2 146.0 163.5 178.1 198.1 256.6 346.3 232.8 197.7 305.9 103.1 260.4 290.1 353.1 332.5 50.4 182.0 117.7 309.1 95.7 419.1 265.3 388.0 178.8 200.7 314.7 211.4 311.9 200.7 324.1 205.3 309.8 104.4 290.4 350.3 247.8 259.2 298.3 155.1 239.6 295.8 139.6 361.4 289.5 386.0 239.7 276.1 165.6 325.0 238.9 121.4 34.5 475.1 281.3 169.0 226.6 190.9 332.4 234.1 0.0 403.1 337.3 170.7 58.7 210.6 347.9 347.6 377.5 250.7 229.5 168.3 432.0 178.9 305.7 271.9 217.0 208.8 290.8 132.7 281.3 186.4 271.2 345.4 231.7 260.4 191.3 360.2 236.5 151.6 127.2 88.5 53.0 260.2 157.5 287.8 82.3 480.8 194.1 326.0 410.3 260.1 328.7 188.3 324.1 319.1 177.0 273.1 337.8 188.0 124.1 286.2 245.8 272.8 89.5 258.6 261.6 283.8 439.8 321.0 153.7 250.6 301.5 263.2 277.7
2163.3 113.5 330.6 262.6 195.2 124.6 205.7 212.7 334.0 100.5 377.8 114.1 38.1 162.1 377.2 411.0 275.3 227.7 127.1 487.7 363.5 293.9 257.3 438.2 168.1 236.5 107.2 214.1 291.5 390.6 271.0 345.1 185.5 426.1 417.2 322.7 202.2 217.1 55.4 374.9 31.5 139.3 118.5 259.0 253.3 233.5 231.6 117.4 247.0 68.2 221.4 205.2 239.8 384.2 136.0 341.6 380.6 123.0 303.0 333.4 252.4 307.5 446.1 293.6 102.6 507.1 369.9 373.1 124.5 183.7 375.9 299.9 185.7 366.0 271.3 139.9 232.9 153.9 414.7 330.7 0.0 96.8 243.2 339.5 304.4 121.4 216.0 81.2 372.1 137.0 447.1 29.8 273.6 145.2 255.0 148.3 389.2 375.5 320.2 83.8 277.0 206.9 104.9 217.3 354.2 211.5 147.2 204.8 359.6 295.1 406.7 393.3 241.5 417.6 216.4 379.4 77.6 243.2 149.5 38.5 270.9 88.2 353.1 408.8 78.6 393.7 168.5 261.8 252.3 272.0 152.0 385.2 138.6 294.7 187.2 197.3 157.8 36.6 163.4 343.6 510.7 305.6 157.1 87.1
2126.8 157.9 294.1 195.5 148.9 116.8 159.4 176.2 297.5 115.8 341.3 140.5 82.5 121.1 340.7 374.5 238.8 174.1 73.0 451.2 327.0 257.4 220.8 401.7 131.6 200.0 97.7 177.6 255.0 354.1 234.5 308.6 114.5 389.6 380.7 286.2 165.7 180.6 52.1 338.4 63.8 102.8 57.3 222.5 216.8 166.4 195.1 63.3 210.5 67.1 184.9 168.7 203.3 347.7 40.6 305.1 344.1 86.5 266.5 296.9 185.3 271.0 409.6 257.1 129.0 470.6 333.4 336.6 88.0 147.2 339.4 263.4 296.6 329.5 234.8 103.4 196.4 58.5 378.2 294.2 85.3 0.0 206.7 303.0 267.9 84.9 156.3 77.6 335.6 100.5 410.6 119.6 237.1 108.7 218.5 111.8 352.7 339.0 283.7 47.3 240.5 170.4 8.1 180.8 317.7 175.0 114.9 168.3 323.1 258.6 370.2 347.3 205.0 381.1 179.9 342.9 163.0 206.7 113.0 154.8 234.4 8.7 316.6 372.3 19.0 357.2 132.0 215.5 215.8 235.5 115.5 348.7 102.1 258.2 162.9 160.8 121.3 122.0 94.0 307.1 474.2 269.1 120.6 50.6
1953.5 298.6 204.5 169.3 210.3 216.0 198.8 200.9 207.9 248.1 251.7 281.2 231.6 177.6 251.1 159.3 160.7 167.3 204.6 236.0 111.8 167.8 5.6 186.5 81.8 140.3 230.0 116.5 39.8 172.2 144.9 144.1 173.8 209.3 216.2 196.6 65.7 91.0 192.8 248.8 288.8 149.0 274.6 161.2 78.0 198.4 101.2 195.6 137.9 207.8 95.3 193.5 113.7 132.5 234.0 89.9 128.9 194.0 177.6 81.7 179.5 177.0 222.3 173.2 269.7 248.1 118.3 121.4 208.7 122.6 124.2 166.5 376.5 165.0 134.8 110.3 106.8 216.1 163.0 204.6 255.7 221.0 0.0 213.4 52.7 231.6 231.3 261.2 120.4 113.2 195.4 285.6 21.9 190.5 155.6 100.7 137.5 174.5 194.1 163.5 28.0 154.9 229.1 135.9 102.5 75.0 194.8 120.2 107.4 169.0 280.6 257.7 143.9 165.9 171.5 120.4 312.0 77.8 209.7 290.1 143.8 212.4 101.4 185.0 202.8 142.0 156.8 221.5 115.8 145.9 169.9 133.5 164.0 172.0 142.3 145.3 167.5 271.0 204.7 91.9 259.0 185.2 146.9 161.4
1889.2 428.3 156.5 299.0 340.0 386.6 328.5 325.2 179.5 377.8 63.1 410.9 352.9 307.3 37.6 190.4 163.7 305.4 335.0 218.9 169.5 159.4 176.9 169.4 211.5 270.0 359.7 246.2 211.1 302.2 116.5 273.8 303.5 354.8 345.9 60.7 195.4 220.7 322.5 106.0 410.4 278.7 404.3 202.8 214.1 328.1 224.8 325.3 214.1 337.5 218.7 323.2 114.2 255.6 363.7 213.0 250.5 323.7 168.5 204.8 309.2 153.0 374.8 302.9 399.4 238.3 241.3 156.9 338.4 252.3 112.7 70.5 466.4 294.7 182.4 240.0 204.3 345.8 225.4 35.9 394.4 350.7 175.7 0.0 163.7 361.3 414.2 431.8 242.0 242.9 159.6 423.3 193.2 319.1 288.5 231.6 200.1 304.2 146.1 294.7 196.6 284.6 358.8 242.2 225.6 204.7 351.5 249.9 143.4 140.6 67.1 81.3 273.6 148.8 301.2 73.6 472.1 207.5 339.4 401.6 273.5 342.1 179.6 337.5 332.5 168.3 286.5 351.2 201.4 137.5 299.6 237.1 286.2 58.4 272.0 275.0 297.2 431.1 334.4 145.0 241.9 314.9 275.1 291.1
1900.7 348.4 217.3 219.1 260.1 265.8 248.6 245.3 240.3 297.9 209.4 331.0 273.0 227.4 183.9 118.6 199.0 225.5 255.1 183.2 59.0 217.6 44.1 133.7 131.6 190.1 279.8 166.3 10.8 131.5 177.3 126.7 223.6 161.6 198.8 174.9 115.5 140.8 242.6 227.1 334.7 198.8 324.4 199.7 134.2 248.2 144.9 245.4 187.7 257.6 145.1 243.3 175.0 91.8 283.8 49.2 88.2 243.8 226.7 41.0 229.3 213.8 181.6 223.0 319.5 202.6 77.5 68.6 258.5 172.4 71.4 113.7 426.3 147.6 184.6 160.1 156.6 265.9 122.3 159.5 305.5 270.8 58.9 146.2 0.0 281.4 281.1 311.0 79.7 163.0 154.7 335.4 27.8 239.2 208.6 151.7 129.1 148.3 206.9 214.8 24.4 204.7 278.9 182.8 61.8 124.8 244.6 170.0 55.1 201.4 213.4 212.6 193.7 113.1 221.3 74.9 361.8 127.6 259.5 339.9 193.6 262.2 48.6 144.3 252.6 89.2 206.6 271.3 165.6 195.7 219.7 92.8 206.3 119.2 192.1 195.1 217.3 320.8 254.5 39.1 206.2 235.0 195.2 211.2
2135.5 180.6 302.8 195.3 148.7 135.9 159.2 184.9 306.2 142.1 350.0 163.2 105.2 70.1 349.4 383.2 247.5 173.9 99.3 459.9 335.7 266.1 229.5 410.4 140.3 208.7 124.0 186.3 263.7 362.8 243.2 317.3 114.3 398.3 389.4 294.9 174.4 189.3 74.8 347.1 180.2 98.7 142.3 231.2 225.5 166.2 203.8 89.6 219.2 89.8 193.6 177.4 212.0 356.4 101.7 313.8 352.8 95.2 275.2 305.6 185.1 279.7 418.3 265.8 151.7 472.0 342.1 345.3 96.7 155.9 348.1 272.1 296.4 338.2 243.5 112.1 205.1 83.8 386.9 302.9 137.7 103.0 215.4 311.7 276.6 0.0 156.1 130.5 344.3 109.2 419.3 167.6 245.8 96.2 227.2 120.5 361.4 347.7 292.4 56.0 249.2 179.1 111.1 189.5 326.4 183.7 114.7 177.0 331.8 267.3 378.9 356.0 213.7 389.8 188.6 351.6 194.0 215.4 28.0 187.6 222.3 94.4 325.3 381.0 84.8 365.9 140.7 215.3 224.5 244.2 124.2 357.4 110.8 266.9 171.6 169.5 80.2 153.0 58.3 315.8 482.9 277.8 129.3 59.3
2112.8 279.8 280.1 116.9 95.2 82.4 105.7 211.8 283.5 229.3 327.3 262.4 204.4 99.6 326.7 360.5 224.8 95.5 186.5 437.2 313.0 243.4 206.8 387.7 117.6 235.6 211.2 163.6 241.0 340.1 220.5 294.6 35.9 375.6 366.7 272.2 151.7 166.6 174.0 324.4 177.3 128.2 141.0 202.7 202.8 87.8 181.1 176.8 190.7 189.0 170.9 111.5 189.3 333.7 100.4 291.1 330.1 157.5 247.5 282.9 106.7 257.0 395.6 292.7 250.9 456.6 319.4 322.6 145.0 133.2 325.4 249.4 242.9 315.5 220.8 89.4 182.4 82.5 364.2 280.2 170.9 151.1 192.7 289.0 253.9 140.9 0.0 127.6 321.6 86.5 396.6 199.8 223.1 125.7 254.1 97.8 338.7 325.0 269.7 146.2 226.5 117.3 159.2 161.0 303.7 161.0 61.2 154.3 309.1 244.6 356.2 333.3 191.0 367.1 165.9 328.9 248.6 192.7 112.8 156.5 152.4 138.4 302.6 358.3 148.7 343.2 52.9 161.8 201.8 221.5 151.1 334.7 137.7 244.2 136.7 126.9 109.7 207.6 72.5 293.1 460.2 304.7 64.3 142.6
2169.8 184.7 337.1 173.9 113.9 43.3 124.4 243.9 340.5 171.7 384.3 185.3 109.3 109.2 383.7 417.5 281.8 152.5 140.7 494.2 370.0 300.4 263.8 444.7 174.6 267.7 165.4 220.6 298.0 397.1 277.5 351.6 92.9 432.6 423.7 329.2 208.7 223.6 126.6 381.4 49.6 137.8 80.6 248.5 259.8 144.8 236.0 131.0 236.5 139.4 227.9 168.5 246.3 390.7 86.4 348.1 387.1 154.2 293.3 339.9 163.7 314.0 452.6 324.8 173.8 513.6 376.4 379.6 154.6 190.2 382.4 306.4 247.6 372.5 274.8 146.4 239.4 68.5 421.2 337.2 71.1 67.6 249.7 346.0 310.9 150.5 134.7 0.0 378.6 143.5 453.6 105.4 280.1 135.3 286.2 154.8 395.7 382.0 326.7 115.0 283.5 174.3 59.5 218.0 360.7 218.0 65.9 211.3 366.1 301.6 413.2 390.3 248.0 424.1 222.9 385.9 148.8 249.7 122.4 77.1 187.5 76.4 359.6 415.3 86.7 400.2 109.9 180.5 255.8 278.5 183.2 391.7 169.8 301.2 193.7 183.9 119.3 107.8 82.1 350.1 517.2 336.8 121.3 118.3
1980.2 441.4 306.5 312.1 353.1 358.8 341.6 338.3 329.5 390.9 298.6 424.0 366.0 320.4 273.1 64.6 292.0 318.5 348.1 152.0 75.8 309.4 137.1 102.5 224.6 283.1 372.8 259.3 103.8 139.5 266.5 165.3 316.6 200.2 212.3 264.1 208.5 233.8 335.6 316.3 427.7 291.8 417.4 292.7 227.2 341.2 237.9 338.4 280.7 350.6 238.1 336.3 264.2 130.4 376.8 109.2 8.4 336.8 318.5 126.3 322.3 303.0 220.2 316.0 412.5 171.4 116.1 104.5 351.5 265.4 180.2 202.9 519.3 165.8 277.6 253.1 249.6 358.9 103.9 248.7 398.5 363.8 151.9 235.4 92.9 374.4 374.1 404.0 0.0 256.0 74.9 428.4 120.8 332.2 301.6 244.7 49.3 156.3 296.1 307.8 117.4 297.7 371.9 275.8 95.5 217.8 337.6 263.0 118.0 290.6 302.6 301.8 286.7 85.7 314.3 164.1 454.8 220.6 352.5 432.9 286.6 355.2 147.3 182.9 345.6 86.7 299.6 364.3 258.6 287.5 312.7 74.4 299.3 208.4 297.3 288.1 310.3 413.8 347.5 118.6 175.0 328.0 288.2 304.2
2026.2 185.3 193.5 154.9 115.5 102.7 126.0 122.7 196.9 134.8 240.7 167.9 109.9 64.3 240.1 273.9 138.2 90.6 91.3 350.6 226.4 156.8 120.2 301.1 31.0 141.1 116.7 77.0 154.4 253.5 133.9 208.0 60.5 296.0 280.1 185.6 65.1 80.0 79.5 237.8 171.6 35.7 161.3 133.2 116.2 125.8 102.4 82.3 109.9 94.5 84.3 80.2 99.3 247.1 120.7 204.5 243.5 80.7 165.9 196.3 144.7 170.4 309.0 200.3 156.4 370.0 232.8 236.0 95.4 46.6 238.8 162.8 263.2 228.9 134.2 2.9 95.8 102.8 277.6 193.6 142.4 107.7 114.5 202.4 167.3 118.3 118.0 147.9 235.0 0.0 310.0 172.3 136.5 76.1 156.4 12.4 252.1 238.4 183.1 50.2 139.9 69.8 115.8 77.1 217.1 74.4 81.5 67.7 222.0 158.0 269.6 256.2 104.4 280.5 79.3 242.3 198.7 106.1 96.4 176.8 133.8 99.1 216.0 271.7 89.5 256.6 43.5 211.5 115.2 134.9 56.6 248.1 50.7 157.6 50.1 60.2 54.2 157.7 91.4 206.5 373.6 210.2 33.6 48.1
1952.9 470.7 231.5 341.4 382.4 388.1 370.9 367.6 254.5 420.2 223.6 453.3 395.3 349.7 198.1 85.0 238.7 347.8 377.4 77.0 92.0 234.4 166.4 27.5 253.9 312.4 402.1 288.6 133.1 160.4 191.5 186.2 345.9 221.1 233.2 189.1 237.8 263.1 364.9 241.3 457.0 321.1 446.7 277.8 256.5 370.5 267.2 367.7 289.1 379.9 267.4 365.6 189.2 151.3 406.1 166.5 128.7 366.1 243.5 147.2 351.6 228.0 241.1 345.3 441.8 96.4 137.0 82.8 380.8 294.7 105.2 127.9 548.6 186.7 257.4 282.4 278.9 388.2 65.7 173.7 427.8 393.1 181.2 160.4 122.2 403.7 403.4 433.3 120.2 285.3 0.0 457.7 150.1 361.5 330.9 274.0 65.5 177.2 221.1 337.1 146.7 327.0 401.2 305.1 116.4 247.1 366.9 292.3 96.3 215.6 227.6 226.8 316.0 10.7 343.6 89.1 484.1 249.9 381.8 462.2 315.9 384.5 172.1 203.8 374.9 62.9 328.9 393.6 287.9 212.5 342.0 95.2 328.6 133.4 314.4 317.4 339.6 443.1 376.8 137.5 100.0 357.3 317.5 333.5
2226.9 172.2 394.2 298.3 238.3 167.7 248.8 276.3 397.6 159.2 441.4 132.3 96.8 225.7 440.8 474.6 338.9 291.3 190.7 551.3 427.1 357.5 320.9 501.8 231.7 300.1 170.8 277.7 355.1 454.2 334.6 408.7 217.3 489.7 480.8 386.3 265.8 280.7 119.0 438.5 74.6 202.9 161.6 322.6 316.9 269.2 295.2 181.0 310.6 131.8 285.0 268.8 303.4 447.8 199.6 405.2 444.2 186.6 366.6 397.0 288.1 371.1 509.7 357.2 120.8 570.7 433.5 436.7 188.1 247.3 439.5 363.5 223.4 429.6 334.9 203.5 296.5 192.9 478.3 394.3 58.6 160.4 306.8 403.1 368.0 185.0 259.1 124.3 435.7 200.6 510.7 0.0 337.2 208.8 318.6 211.9 452.8 439.1 383.8 147.4 340.6 270.5 140.4 280.9 417.8 275.1 190.3 268.4 423.2 358.7 470.3 456.9 305.1 481.2 280.0 443.0 136.3 306.8 213.1 76.2 334.5 151.8 416.7 472.4 142.2 457.3 232.1 304.9 315.9 335.6 215.6 448.8 202.2 358.3 250.8 260.9 221.4 95.3 206.5 407.2 574.3 369.2 220.7 150.7
1931.5 320.5 225.5 191.2 232.2 237.9 220.7 222.8 229.8 270.0 240.2 303.1 253.5 199.5 214.7 137.3 182.6 189.2 226.5 214.9 89.8 188.8 16.3 164.5 102.8 162.2 251.9 138.4 20.0 150.2 165.9 145.4 195.7 192.0 217.5 218.5 87.6 119.0 214.7 270.7 310.7 170.9 293.6 182.2 99.9 220.3 124.9 217.5 159.8 229.7 117.2 215.4 132.2 110.5 255.9 67.9 106.9 203.9 199.5 59.7 201.4 198.9 200.3 197.2 291.6 233.4 101.8 99.4 229.7 144.5 102.2 144.5 398.4 166.3 155.8 131.3 128.7 238.0 141.0 190.3 277.6 242.9 20.9 177.0 30.7 253.5 253.2 283.1 98.4 134.2 173.4 307.5 0.0 212.4 176.6 121.7 115.5 167.9 216.0 185.4 8.2 176.8 250.1 156.9 80.5 96.9 216.7 152.9 86.3 190.9 244.2 243.4 165.8 143.9 193.4 98.4 333.9 98.8 230.7 312.0 165.7 233.4 79.4 163.0 224.7 120.0 178.7 242.5 136.8 166.9 190.9 111.5 185.9 150.0 163.3 166.3 188.5 292.9 225.7 69.9 206.4 207.1 168.8 183.3
2103.4 200.3 270.7 180.9 134.3 121.5 144.8 186.4 274.1 131.8 317.9 182.9 133.3 16.9 317.3 351.1 226.9 159.4 88.3 427.8 304.7 234.0 198.5 378.3 108.2 204.8 112.6 154.2 233.8 330.7 211.1 285.2 99.9 373.2 357.3 262.8 142.3 163.3 94.5 315.0 169.7 51.1 125.0 210.4 219.1 151.8 179.6 79.3 187.1 109.5 161.5 145.3 176.5 324.3 87.3 281.7 320.7 68.4 243.2 273.5 170.7 243.2 386.2 264.0 171.4 448.3 315.6 313.2 18.2 123.8 316.0 240.0 282.0 306.1 211.4 80.0 173.0 69.4 354.8 270.8 187.3 132.4 191.7 279.6 244.5 77.0 141.7 116.1 312.2 77.1 387.2 187.3 212.8 0.0 220.1 89.6 329.3 315.6 260.3 65.1 222.0 147.0 139.4 154.3 294.3 151.6 100.3 155.7 299.2 235.2 346.8 323.9 181.6 357.7 156.5 312.2 213.7 184.4 48.9 173.2 211.0 122.7 293.2 348.9 114.2 333.8 108.6 200.9 192.4 212.1 120.3 325.3 114.4 234.8 128.4 137.4 32.6 172.7 43.9 283.7 420.2 273.9 98.7 67.0
2110.5 226.5 277.8 209.8 187.7 174.9 198.2 45.2 281.2 176.0 325.0 209.1 176.3 115.1 324.4 372.1 234.0 166.5 132.5 448.8 324.6 241.1 218.4 399.3 115.3 114.8 157.9 161.3 269.2 331.6 218.2 286.1 132.7 378.8 358.2 269.9 149.4 170.4 120.7 322.1 216.7 86.5 209.2 217.5 169.2 180.7 178.8 123.5 194.2 135.7 168.6 152.4 183.6 345.3 185.6 302.7 341.7 126.9 250.2 294.5 199.6 250.3 387.1 171.9 197.6 460.9 331.1 334.2 146.2 130.9 337.0 247.1 335.4 307.0 218.5 87.1 180.1 167.7 375.8 277.9 183.6 148.9 212.7 286.7 265.5 159.5 190.2 214.4 333.2 84.2 408.2 213.5 233.8 128.0 0.0 96.7 350.3 316.5 267.4 91.4 238.1 154.1 157.0 161.4 315.3 158.7 153.7 152.0 320.2 242.3 353.9 331.0 188.7 378.7 163.6 340.5 239.9 135.0 147.2 222.2 218.1 140.3 314.2 349.8 130.7 354.8 115.7 254.3 199.5 219.2 97.8 346.3 91.9 241.9 134.4 144.5 105.0 198.9 142.2 304.7 441.2 183.9 105.8 89.3
2013.7 197.8 181.0 142.4 128.0 115.2 138.5 129.8 184.4 147.3 228.2 180.4 130.8 76.8 227.6 261.4 137.2 69.7 103.8 338.1 213.9 144.3 107.7 288.6 18.5 153.6 129.2 64.5 141.9 241.0 121.4 195.5 73.0 288.2 267.6 173.1 52.6 67.5 92.0 225.3 184.1 48.2 170.9 120.7 131.7 113.3 89.9 94.8 97.4 107.0 71.8 92.7 86.8 234.6 133.2 192.0 231.0 81.2 153.5 183.8 132.2 153.5 296.5 210.7 168.9 357.5 225.9 223.5 107.9 34.1 226.3 150.3 275.7 216.4 121.7 9.5 83.3 115.3 265.1 181.1 154.9 120.2 102.0 189.9 154.8 130.8 130.5 160.4 222.5 12.4 297.5 184.8 123.1 89.7 168.9 0.0 239.6 225.9 170.6 64.2 130.6 57.3 128.3 64.6 204.6 61.9 94.0 66.0 209.5 145.5 257.1 234.2 91.9 268.0 70.7 229.8 211.2 97.5 108.9 189.3 121.3 111.6 203.5 259.2 102.0 244.1 56.0 199.0 102.7 122.4 69.1 235.6 55.7 145.1 41.5 47.7 66.7 170.2 103.9 194.0 361.1 222.7 46.1 60.6
1941.3 422.3 260.0 293.0 334.0 339.7 322.5 319.2 283.0 371.8 252.1 404.9 346.9 301.3 226.6 26.9 267.2 299.4 329.0 124.1 26.4 262.9 118.0 74.6 205.5 264.0 353.7 240.2 84.7 138.7 220.0 164.5 297.5 199.4 211.5 217.6 189.4 214.7 316.5 269.8 408.6 272.7 398.3 273.6 208.1 322.1 218.8 319.3 261.6 331.5 219.0 317.2 217.7 129.6 357.7 108.4 87.0 317.7 272.0 114.9 303.2 256.5 219.4 296.9 393.4 136.2 115.3 60.9 332.4 246.3 133.7 156.4 500.2 165.0 258.5 234.0 230.5 339.8 103.1 202.2 379.4 344.7 132.8 188.9 73.8 355.3 355.0 384.9 78.5 236.9 73.5 409.3 101.7 313.1 282.5 225.6 0.0 155.5 249.6 288.7 98.3 278.6 352.8 256.7 94.7 198.7 318.5 243.9 74.4 244.1 256.1 264.8 267.6 54.0 295.2 117.6 435.7 201.5 333.4 413.8 267.5 336.1 108.4 182.1 326.5 43.1 280.5 345.2 239.5 241.0 293.6 73.6 280.2 161.9 266.0 269.0 291.2 394.7 328.4 79.7 147.1 308.9 269.1 285.1
2045.8 424.5 308.1 295.2 336.2 341.9 324.7 301.1 311.5 374.0 355.3 407.1 357.5 303.5 354.7 112.2 264.3 297.8 330.5 225.4 135.6 271.4 157.1 175.9 207.7 240.5 355.9 242.4 123.8 15.0 248.5 30.1 299.7 130.8 55.9 300.2 191.6 200.7 318.7 352.4 410.8 274.9 400.5 287.1 184.6 324.3 227.1 321.5 263.8 333.7 198.9 319.4 217.3 96.0 359.9 125.4 81.8 307.9 280.5 91.9 305.4 280.6 143.8 273.4 395.6 244.8 81.8 152.1 334.6 248.5 216.5 260.1 502.4 9.4 260.7 236.2 210.4 342.0 115.9 308.2 381.6 346.9 162.7 317.0 133.7 357.5 357.2 387.1 73.3 239.1 148.3 411.5 140.8 315.3 255.8 226.6 122.7 0.0 297.7 289.4 132.5 280.8 355.0 261.8 61.1 200.9 320.7 256.9 166.1 272.6 384.2 361.3 269.8 159.1 297.4 221.3 437.9 178.0 335.6 416.0 269.7 338.3 193.7 106.5 328.7 134.3 282.7 347.4 241.7 249.5 295.8 86.4 289.9 265.6 280.4 271.2 293.4 396.9 330.6 184.2 248.4 285.4 272.8 287.3
1942.4 401.5 10.3 232.1 273.1 318.9 261.6 298.4 38.7 351.0 156.9 384.1 326.1 280.5 156.3 243.6 95.1 241.3 308.2 272.1 222.7 95.0 150.1 222.6 184.7 243.2 332.9 219.4 184.3 292.5 70.3 247.0 276.7 328.0 319.1 101.8 168.6 172.9 295.7 154.0 387.8 251.9 377.5 138.4 187.3 261.2 180.2 298.5 149.7 310.7 150.1 296.4 87.4 277.0 336.9 234.4 273.4 296.9 104.1 226.2 242.3 53.3 348.0 276.1 372.6 291.5 262.7 210.1 311.6 225.5 165.9 79.0 479.4 267.9 131.8 213.2 135.7 319.0 307.5 109.8 358.6 323.9 148.9 118.6 197.2 334.5 362.5 364.1 264.9 216.1 212.8 388.5 166.4 292.3 261.7 204.8 253.3 277.4 0.0 267.9 169.8 220.5 332.0 177.8 247.0 183.2 297.7 223.1 196.6 65.7 185.8 162.9 246.8 202.0 274.4 126.8 414.9 180.7 312.6 393.0 206.6 315.3 245.9 310.7 305.7 221.5 259.7 284.3 150.8 73.9 272.8 278.0 259.4 73.8 257.4 233.1 270.4 373.9 307.6 236.4 295.1 288.1 248.3 264.3
2079.4 133.5 245.3 178.7 156.6 143.8 167.1 134.2 250.1 83.0 293.9 116.1 66.5 84.0 293.3 327.1 202.9 135.4 39.5 402.4 278.2 208.6 172.0 354.3 82.8 152.6 64.9 130.2 209.8 306.7 185.7 261.2 101.6 352.5 333.3 238.8 118.3 139.3 27.7 291.0 123.7 55.4 116.2 185.0 195.1 149.6 155.6 30.5 163.1 42.7 137.5 121.3 152.5 298.9 95.1 257.7 296.7 54.3 219.2 249.5 168.5 219.2 362.2 211.8 104.6 415.9 291.6 289.2 57.6 99.8 290.6 216.0 304.3 282.1 186.0 54.6 147.6 113.0 330.8 245.4 90.6 55.9 167.7 255.6 220.5 66.5 159.1 133.6 288.2 51.7 363.2 120.5 188.8 77.2 166.5 65.6 305.3 290.2 236.3 0.0 198.0 123.0 64.0 128.9 270.3 127.6 122.6 131.7 275.2 211.2 322.8 298.5 157.6 333.7 132.5 288.2 146.9 157.9 96.1 129.2 187.0 48.8 269.2 324.9 37.7 309.8 84.6 221.8 168.4 186.7 66.7 301.3 62.2 210.8 101.9 112.0 72.5 105.9 109.7 259.7 396.2 221.7 73.3 3.2
1925.1 326.9 229.8 197.6 238.6 244.3 227.1 223.5 236.2 276.4 233.8 309.5 259.9 207.8 208.3 130.9 177.2 200.2 233.3 205.7 81.5 193.1 19.6 158.1 110.1 168.6 258.3 144.8 11.7 143.8 170.2 139.0 202.1 179.7 211.1 224.9 94.0 119.0 221.1 277.1 312.9 177.3 302.6 189.5 112.4 226.7 129.2 223.9 166.2 236.1 123.6 221.8 141.7 102.2 262.3 61.5 100.5 222.0 204.9 53.3 207.8 209.4 193.9 201.2 298.0 225.8 90.2 96.0 234.0 150.9 96.1 138.1 404.8 159.9 160.1 135.6 132.1 244.4 134.6 182.7 284.0 249.3 28.2 170.6 24.3 259.9 259.6 289.5 92.0 138.5 167.0 313.9 6.0 217.4 184.1 129.2 109.1 160.9 222.4 193.0 0.0 183.2 257.6 161.2 74.1 103.3 223.1 148.2 77.8 197.3 237.8 235.8 172.2 137.5 199.8 99.6 340.3 103.1 235.0 318.4 172.1 237.7 73.0 156.6 231.1 113.6 185.1 249.8 141.1 171.2 195.2 105.1 184.5 143.6 167.6 170.6 192.8 299.3 230.0 63.5 230.9 213.5 172.2 189.7
2068.2 275.5 225.7 85.0 150.3 123.5 138.8 207.5 225.6 225.0 282.7 258.1 200.1 140.7 282.1 315.9 180.2 20.7 182.2 392.6 268.4 138.7 162.2 343.1 73.0 231.3 206.9 119.0 196.4 295.5 175.9 250.0 81.3 331.0 322.1 227.6 107.1 122.0 169.7 279.8 218.4 125.9 182.1 85.3 158.2 55.9 90.8 172.5 73.3 184.7 126.3 133.0 144.7 289.1 141.5 246.5 285.5 170.9 130.1 238.3 74.8 199.1 351.0 279.1 246.6 404.7 274.8 278.0 186.1 99.5 280.8 204.8 284.0 270.9 129.6 87.2 137.8 123.6 319.6 235.6 212.0 192.2 148.1 244.4 209.3 182.0 138.8 168.7 277.0 90.1 352.0 240.9 178.5 166.8 249.8 78.8 294.1 280.4 215.3 141.9 181.9 0.0 200.3 43.6 259.1 112.1 102.3 109.7 264.5 186.7 311.6 288.7 146.4 322.5 148.4 284.3 289.7 163.1 153.9 197.6 87.4 179.5 258.0 313.7 189.8 298.6 74.4 161.5 110.6 159.4 146.8 290.1 133.4 199.6 131.4 9.5 150.8 248.7 113.6 248.5 415.6 291.1 85.8 138.3
2134.9 166.0 302.2 203.6 157.0 112.9 167.5 184.3 305.6 123.9 349.4 148.6 99.0 129.2 348.8 382.6 258.4 195.5 80.4 459.3 335.1 265.5 228.9 409.8 139.7 208.1 105.8 185.7 263.1 362.2 242.6 316.7 122.6 404.7 388.8 294.3 173.8 194.8 60.2 346.5 59.6 110.9 49.2 241.9 224.9 174.5 203.2 71.4 218.6 75.2 193.0 176.8 208.0 355.8 48.7 313.2 352.2 109.8 274.6 305.0 193.4 274.7 417.7 265.2 137.1 478.7 341.6 344.7 96.1 155.3 347.5 271.5 304.7 337.6 242.9 111.5 204.5 66.6 386.3 302.3 77.2 8.1 223.2 311.1 276.0 93.0 164.4 69.5 343.7 108.6 418.7 111.5 244.3 115.7 223.4 121.1 360.8 347.1 291.8 56.8 251.6 178.5 0.0 185.8 325.8 183.1 123.0 176.4 330.7 266.7 378.3 355.4 213.1 389.2 188.0 343.7 154.9 214.8 121.1 146.7 242.5 16.8 324.7 380.4 27.1 365.3 140.1 223.6 223.9 243.6 123.6 356.8 117.7 266.3 171.0 168.9 129.4 113.9 102.1 315.2 482.3 277.2 130.2 58.7
2055.3 272.0 185.1 82.1 123.1 163.3 111.6 209.4 185.0 221.5 269.8 254.6 196.6 151.0 269.2 312.4 152.2 52.1 178.0 385.0 264.9 98.1 158.7 335.5 69.5 227.8 203.4 115.5 192.9 292.0 163.0 246.5 121.1 334.5 318.6 214.7 81.8 124.6 166.2 266.9 258.2 122.4 221.9 56.0 154.7 95.7 43.1 169.0 32.7 181.2 122.8 172.8 137.8 285.6 181.3 243.0 282.0 155.4 88.8 234.8 92.3 154.1 347.5 275.6 243.1 404.4 271.3 274.5 182.1 96.0 277.3 191.9 323.8 267.4 89.0 83.7 127.6 163.4 316.1 222.7 229.1 194.4 153.0 231.5 205.8 205.0 178.6 208.5 273.5 86.6 348.5 259.0 174.1 162.8 243.1 74.1 290.6 276.9 174.7 136.9 183.3 39.7 202.5 0.0 255.6 71.5 142.1 106.2 260.5 146.1 298.7 275.8 142.9 314.9 144.9 280.8 285.4 159.6 193.7 237.4 56.6 185.8 254.5 310.2 176.2 295.1 114.2 134.3 70.0 118.8 143.3 286.6 129.9 186.7 115.7 52.3 140.9 244.4 153.4 245.0 408.0 287.6 124.1 134.8
1984.6 400.2 306.1 270.9 311.9 317.6 300.4 297.1 309.5 349.7 300.3 382.8 324.8 279.2 274.8 56.7 250.8 277.3 306.9 169.9 80.1 269.4 95.9 120.4 183.4 241.9 331.6 218.1 62.6 69.6 246.5 69.7 275.4 104.6 141.8 265.8 167.3 192.6 294.4 318.0 386.5 250.6 376.2 251.5 186.0 300.0 196.7 297.2 239.5 309.4 196.9 295.1 215.3 34.8 335.6 64.2 26.3 295.6 278.5 30.7 281.1 283.0 124.6 274.8 371.3 189.3 20.5 96.6 310.3 224.2 155.3 204.6 478.1 90.6 236.4 211.9 208.4 317.7 60.4 250.4 357.3 322.6 110.7 237.1 78.2 333.2 332.9 362.8 17.8 214.8 92.8 387.2 79.6 291.0 260.4 203.5 67.2 86.4 295.7 266.6 76.2 256.5 330.7 234.6 0.0 176.6 296.4 221.8 110.1 270.6 304.3 313.0 245.5 103.6 273.1 165.8 413.6 179.4 311.3 391.7 245.4 314.0 132.5 87.3 304.4 78.8 258.4 323.1 217.4 247.5 271.5 30.9 258.1 210.1 256.1 246.9 269.1 372.6 306.3 123.0 192.9 286.8 247.0 263.0
1998.6 272.4 165.9 94.2 135.2 189.8 123.7 204.4 169.3 221.9 213.1 255.0 197.0 151.4 212.5 246.3 110.6 121.4 179.1 323.0 198.8 128.2 92.6 273.5 55.6 176.6 203.8 90.3 126.8 225.9 106.3 180.4 147.6 261.4 252.5 158.0 10.3 52.4 166.6 210.2 258.7 122.8 248.4 74.8 120.7 123.3 20.0 169.4 62.8 181.6 56.7 167.3 75.1 219.5 207.8 176.9 215.9 167.8 119.6 168.7 104.4 142.8 281.4 209.5 243.5 342.4 205.2 208.4 182.5 96.4 211.2 135.2 350.3 201.3 59.7 84.1 68.2 189.9 250.0 166.0 229.5 194.8 78.5 174.8 139.7 205.4 224.6 235.0 207.4 87.0 282.4 259.4 108.9 163.2 195.1 75.7 224.5 210.8 155.5 138.8 112.3 100.6 202.9 57.9 189.5 0.0 168.6 94.0 194.9 130.4 242.0 219.1 117.7 252.9 145.3 214.7 285.8 114.1 183.5 263.9 68.7 186.2 188.4 244.1 176.6 229.0 130.6 146.4 40.7 107.3 143.7 220.5 130.3 130.0 128.3 113.2 141.3 244.8 178.5 178.9 346.0 221.5 119.2 135.2
2097.7 223.2 265.0 101.8 41.8 35.0 52.3 196.7 268.4 210.2 312.2 220.4 147.8 79.6 311.6 345.4 209.7 80.4 171.4 422.1 297.9 228.3 191.7 372.6 102.5 220.5 196.1 148.5 225.9 325.0 205.4 279.5 20.8 360.5 351.6 257.1 136.6 151.5 165.1 309.3 125.6 108.2 107.2 176.4 187.7 72.7 163.9 161.7 164.4 177.9 155.8 96.4 174.2 318.6 80.4 276.0 315.0 137.5 221.2 267.8 91.6 241.9 380.5 277.6 208.9 441.5 304.3 307.5 125.0 118.1 310.3 234.3 181.6 300.4 202.7 74.3 167.3 62.5 349.1 265.1 109.6 131.1 177.6 273.9 238.8 120.9 62.6 90.9 306.5 71.4 381.5 138.5 208.0 105.7 239.0 82.7 323.6 309.9 254.6 131.1 211.4 102.2 150.5 145.9 288.6 145.9 0.0 139.2 294.0 229.5 341.1 318.2 175.9 352.0 150.8 313.8 187.3 177.6 92.8 95.2 115.4 118.4 287.5 343.2 128.7 328.1 37.8 108.4 183.7 206.4 136.0 319.6 122.6 229.1 121.6 111.8 89.7 146.3 52.5 278.0 445.1 289.6 49.2 127.5
2050.2 329.6 217.5 200.3 241.3 247.0 229.8 178.8 220.9 279.1 264.7 312.2 262.6 197.8 264.1 269.3 173.7 198.3 235.6 346.0 211.0 170.0 104.8 296.5 112.8 118.2 250.2 147.5 152.0 228.8 147.1 183.3 204.8 260.5 255.4 209.6 96.7 110.1 223.8 261.8 319.8 180.0 302.7 192.2 72.5 229.4 134.0 226.6 168.9 238.8 108.3 224.5 123.3 242.5 265.0 199.9 238.9 213.0 190.6 191.7 210.5 190.0 284.3 153.2 300.7 354.6 233.8 220.6 228.9 153.6 234.2 186.8 407.5 204.2 165.8 130.5 109.0 247.1 273.0 217.6 286.7 252.0 109.9 226.4 162.7 262.6 262.3 292.2 230.4 144.2 305.4 316.6 131.0 221.5 133.5 131.7 247.5 202.9 207.1 194.5 140.2 185.9 249.3 166.9 212.5 106.0 225.8 0.0 217.4 182.0 293.6 280.2 174.9 275.9 202.5 230.4 343.0 44.9 240.7 321.1 174.8 232.6 211.4 247.0 233.8 252.0 187.8 241.7 136.0 148.1 200.9 243.5 195.0 181.6 162.5 176.3 187.7 302.0 224.9 201.9 338.4 163.1 177.9 192.4
1889.5 392.7 206.1 263.4 304.4 310.1 292.9 289.6 229.1 342.2 198.2 375.3 325.7 271.7 172.7 63.8 243.3 261.4 298.7 155.2 50.0 209.0 88.4 105.7 175.9 234.4 324.1 210.6 60.0 175.0 166.1 171.0 267.9 212.9 243.1 163.7 159.8 185.1 286.9 215.9 379.0 243.1 368.7 255.3 178.5 292.5 195.3 289.7 232.0 301.9 189.4 287.6 167.4 136.1 328.1 93.5 123.3 288.1 218.1 85.3 273.6 202.6 225.9 267.3 363.8 174.6 121.8 13.9 302.8 216.7 79.0 102.5 470.6 191.9 228.9 204.4 200.9 310.2 139.4 148.3 349.8 315.1 94.0 135.0 44.2 325.7 325.4 355.3 114.8 207.3 95.9 379.7 72.1 284.6 249.7 194.8 73.5 191.8 195.7 259.1 68.7 249.0 323.2 230.0 106.1 169.1 288.9 225.1 0.0 190.2 202.2 210.9 238.0 85.1 265.6 56.4 406.1 171.9 303.8 384.2 237.9 306.5 75.4 188.6 296.9 41.7 250.9 315.6 209.9 187.1 264.0 109.9 258.1 108.0 236.4 239.4 261.6 365.1 298.8 46.7 178.2 279.3 241.0 255.5
1943.6 383.1 58.8 205.9 246.9 300.5 235.4 280.0 38.8 332.6 158.1 365.7 307.7 262.1 157.5 244.8 68.9 215.1 289.8 273.3 237.9 68.8 131.7 223.8 166.3 224.8 314.5 201.0 165.9 274.1 26.1 228.6 258.3 309.6 300.7 103.0 150.2 146.7 277.3 155.2 369.4 233.5 359.1 112.2 168.9 235.0 154.0 280.1 123.5 292.3 123.9 278.0 69.0 258.6 318.5 216.0 255.0 278.5 77.9 207.8 216.1 12.3 329.6 257.7 354.2 292.7 244.3 211.3 293.2 207.1 167.1 80.2 461.0 249.5 105.6 194.8 109.5 300.6 289.1 111.0 340.2 305.5 130.5 119.8 178.8 316.1 336.3 345.7 246.5 197.7 214.0 370.1 148.0 273.9 243.3 186.4 254.5 259.0 48.4 249.5 151.4 194.3 313.6 151.6 228.6 157.0 279.3 204.7 197.8 0.0 187.0 164.1 228.4 203.2 256.0 128.0 396.5 162.3 294.2 374.6 180.4 296.9 227.5 292.3 287.3 222.7 268.8 258.1 124.6 47.7 254.4 259.6 241.0 75.0 226.8 206.9 252.0 355.5 289.2 218.0 296.3 269.7 229.9 245.9
1918.9 480.1 208.3 350.8 423.1 416.3 380.3 377.0 231.3 429.6 97.5 462.7 404.7 359.1 46.6 242.2 215.5 357.2 386.8 270.7 221.3 211.2 228.7 221.2 263.3 321.8 411.5 298.0 262.9 354.0 168.3 325.6 402.1 406.6 397.7 95.1 247.2 272.5 374.3 140.4 440.1 330.5 488.5 254.6 265.9 379.9 276.6 377.1 265.9 389.3 270.5 375.0 166.0 307.4 415.5 264.8 302.3 375.5 220.3 256.6 361.0 204.8 426.6 354.7 451.2 290.1 293.1 208.7 390.2 304.1 164.5 104.9 496.1 346.5 234.2 291.8 256.1 397.6 277.2 70.3 424.1 402.5 227.5 51.7 215.5 413.1 443.9 461.5 293.8 294.7 211.4 453.0 245.0 370.9 340.3 283.4 251.9 356.0 197.9 346.5 248.4 336.4 410.6 294.0 277.4 256.5 381.2 301.7 195.2 192.4 0.0 115.7 325.4 200.6 353.0 125.4 501.8 259.3 391.2 431.3 325.3 393.9 231.4 389.3 384.3 220.1 338.3 403.0 253.2 189.3 351.4 288.9 338.0 147.6 336.0 326.8 349.0 460.8 386.2 196.8 293.7 366.7 326.9 342.9
1929.4 451.5 179.7 322.2 363.2 368.9 346.6 348.7 202.7 401.0 81.7 434.1 384.5 325.4 59.1 235.7 193.3 320.2 352.4 264.2 209.7 177.5 195.0 209.6 234.7 288.1 377.8 264.3 229.2 337.4 139.7 297.0 321.6 384.6 369.1 74.2 218.6 154.3 345.7 124.6 450.6 296.8 424.6 210.3 232.2 346.2 242.9 348.5 232.2 360.7 241.9 346.4 137.4 321.9 386.9 284.4 290.7 329.8 192.4 276.2 332.4 176.2 392.9 328.2 417.5 283.6 312.8 202.2 361.6 275.5 152.9 66.0 506.6 312.8 200.5 258.1 227.5 369.0 265.6 36.5 434.6 368.8 202.2 67.6 242.1 384.5 384.2 409.0 282.2 266.1 204.9 468.6 216.4 337.2 308.5 248.5 240.3 322.3 169.3 312.8 224.7 307.8 376.9 268.3 297.0 227.9 396.8 273.1 183.1 163.8 97.4 0.0 296.8 194.1 324.4 113.8 512.3 225.6 362.6 441.8 296.7 360.2 224.9 360.7 355.7 208.5 304.6 369.3 224.6 160.7 322.8 282.4 304.3 121.0 290.1 298.2 320.4 476.4 352.5 185.2 256.6 338.1 299.8 314.3
2031.3 284.2 198.6 173.8 214.8 201.6 203.3 216.2 202.0 233.7 245.8 266.8 208.8 163.2 245.2 279.0 143.3 161.3 190.9 355.7 231.5 161.9 125.3 306.2 67.4 209.3 215.6 19.9 159.5 258.6 139.0 213.1 159.4 294.1 285.2 190.7 70.2 85.1 178.4 242.9 270.5 134.6 260.2 154.4 153.4 202.9 99.6 181.2 142.4 193.4 89.4 179.1 107.8 252.2 219.6 209.6 248.6 179.6 171.0 201.4 184.0 175.5 314.1 242.2 255.3 367.8 237.9 241.1 194.3 108.2 243.9 167.9 362.1 234.0 139.3 95.9 100.9 201.7 282.7 198.7 241.3 206.6 111.2 207.5 172.4 217.2 216.9 246.8 240.1 98.8 315.1 271.2 141.6 175.0 227.8 87.5 257.2 243.5 188.2 150.6 145.0 140.5 214.7 137.5 222.2 79.5 180.4 105.8 227.6 163.1 274.7 251.8 0.0 285.6 157.1 247.4 297.6 146.8 195.3 275.7 148.3 198.0 221.1 276.8 188.4 261.7 142.4 226.0 120.3 140.0 155.5 253.2 142.1 162.7 140.1 130.9 153.1 256.6 190.3 211.6 378.7 254.2 131.0 147.0
1945.9 459.9 220.7 330.6 371.6 377.3 360.1 356.8 243.7 409.4 212.8 442.5 384.5 338.9 187.3 74.2 227.9 337.0 366.6 70.0 81.2 223.6 155.6 20.5 243.1 301.6 391.3 277.8 122.3 186.0 180.7 211.8 335.1 246.7 258.8 178.3 227.0 252.3 354.1 230.5 446.2 310.3 435.9 267.0 245.7 359.7 256.4 356.9 278.3 369.1 256.6 354.8 178.4 176.9 395.3 155.7 134.3 355.3 232.7 152.5 340.8 217.2 266.7 334.5 431.0 89.4 162.6 72.0 370.0 283.9 94.4 117.1 537.8 212.3 246.6 271.6 268.1 377.4 76.5 162.9 417.0 382.3 170.4 149.6 111.4 392.9 392.6 422.5 125.8 274.5 10.7 446.9 139.3 350.7 320.1 263.2 54.7 202.8 210.3 326.3 135.9 316.2 390.4 294.3 142.0 236.3 356.1 281.5 85.5 204.8 216.8 216.0 305.2 0.0 332.8 78.3 473.3 239.1 371.0 451.4 305.1 373.7 161.3 229.4 364.1 52.1 318.1 382.8 277.1 201.7 331.2 120.9 317.8 122.6 315.8 306.6 328.8 432.3 366.0 126.7 93.0 346.5 306.7 322.7
2044.7 324.1 212.0 194.8 235.8 241.5 224.3 136.9 215.4 273.6 259.2 306.7 248.7 203.1 258.6 263.8 156.7 201.2 230.8 340.5 216.3 175.3 110.1 291.0 107.3 81.7 255.5 142.0 144.3 223.3 152.4 177.8 199.3 258.8 249.9 204.1 91.2 98.5 218.3 256.3 310.4 174.5 300.1 175.4 60.9 223.9 120.6 221.1 163.4 233.3 102.8 219.0 121.2 237.0 259.5 194.4 233.4 219.5 184.4 186.2 205.0 188.9 278.8 114.6 295.2 352.6 222.7 225.9 234.2 148.1 228.7 181.3 402.0 198.7 160.3 135.8 114.3 241.6 267.5 212.1 281.2 246.5 96.0 220.9 157.2 257.1 256.8 286.7 224.9 138.7 299.9 311.1 126.4 214.9 100.2 127.4 242.0 208.2 201.6 190.5 129.8 180.4 254.6 158.5 207.0 100.5 220.3 145.7 212.4 176.5 288.1 265.2 169.4 270.4 0.0 232.2 337.5 26.7 235.2 315.6 169.3 237.9 205.9 241.5 228.3 246.5 182.3 247.0 141.3 153.4 195.4 238.0 182.0 176.1 180.0 170.8 193.0 296.5 230.2 196.4 363.5 126.6 170.9 186.9
1880.7 414.1 149.6 284.8 325.8 331.5 314.3 316.4 165.3 363.6 134.4 396.7 347.1 293.1 108.9 116.7 161.0 282.8 320.1 136.8 87.4 152.5 162.7 95.7 204.6 255.8 352.8 232.0 98.9 228.5 109.6 259.6 289.3 258.7 301.3 99.9 181.2 116.9 308.3 152.1 418.5 264.5 387.2 185.3 193.5 313.9 218.5 311.1 199.9 323.3 204.5 309.0 103.6 181.9 349.5 139.3 176.8 297.5 155.0 131.1 295.0 134.4 271.7 290.8 385.2 156.2 173.2 74.8 331.5 238.1 23.3 38.7 478.4 254.8 168.2 225.8 197.4 331.6 151.7 91.8 371.2 336.5 169.9 71.2 90.0 347.1 346.8 376.7 168.3 228.7 85.9 401.1 118.8 306.0 278.4 223.5 126.4 236.9 131.9 279.0 109.6 270.4 344.6 230.9 151.9 190.5 310.3 246.5 69.2 126.4 138.4 144.9 259.4 75.1 287.0 0.0 427.5 200.6 332.5 413.6 259.3 335.2 105.9 234.4 318.3 94.6 272.3 344.3 194.5 130.6 292.7 163.4 279.5 44.2 257.8 260.8 290.3 386.5 320.2 71.3 137.6 300.7 269.7 276.9
2182.7 132.9 350.0 282.0 259.9 166.5 270.4 232.1 353.4 119.9 397.2 133.5 57.5 181.5 396.6 430.4 294.7 247.1 146.5 507.1 382.9 313.3 276.7 457.6 187.5 255.9 126.6 233.5 310.9 410.0 290.4 364.5 204.9 445.5 436.6 342.1 221.6 236.5 74.8 394.3 73.4 158.7 173.6 278.4 272.7 252.9 251.0 136.8 266.4 87.6 240.8 224.6 259.2 403.6 155.4 361.0 400.0 142.4 322.4 352.8 271.8 326.9 465.5 313.0 122.0 526.5 389.3 392.5 143.9 203.1 395.3 319.3 227.6 385.4 290.7 159.3 252.3 173.3 434.1 350.1 41.8 116.2 262.6 358.9 323.8 140.8 262.4 123.1 391.5 156.4 466.5 71.7 293.0 164.6 274.4 167.7 408.6 394.9 339.6 103.2 296.4 226.3 124.3 236.7 373.6 230.9 189.1 224.2 379.0 314.5 426.1 403.2 260.9 437.0 235.8 398.8 0.0 262.6 168.9 80.4 290.3 107.6 372.5 428.2 98.0 413.1 187.9 326.5 271.7 291.4 171.4 404.6 158.0 314.1 218.8 216.7 177.2 56.0 199.2 363.0 530.1 325.0 176.5 106.5
2017.9 297.3 185.2 168.0 209.0 214.7 197.5 123.0 188.6 246.8 232.4 279.9 221.9 176.3 231.8 237.0 129.9 170.6 203.3 313.7 189.5 148.5 83.3 264.2 80.5 62.4 228.7 115.2 117.5 196.5 125.6 151.0 172.5 243.7 223.1 177.3 64.4 77.8 191.5 229.5 283.6 147.7 273.3 159.9 40.2 197.1 101.7 194.3 136.6 206.5 76.0 192.2 91.0 210.2 232.7 167.6 206.6 192.7 157.6 159.4 178.2 162.1 252.0 97.4 268.4 325.8 201.5 199.1 207.4 121.3 201.9 154.5 375.2 171.9 133.5 109.0 87.5 214.8 240.7 185.3 254.4 219.7 77.6 194.1 130.4 230.3 230.0 259.9 198.1 111.9 273.1 284.3 98.7 188.1 77.7 99.4 215.2 181.4 174.8 162.2 103.0 153.6 227.8 134.6 180.2 73.7 193.5 129.7 185.1 149.7 261.3 238.4 142.6 243.6 170.2 205.4 310.7 0.0 208.4 288.8 142.5 211.1 179.1 214.7 201.5 219.7 155.5 220.2 114.5 126.6 168.6 211.2 162.7 149.3 153.2 144.0 166.2 269.7 203.4 169.6 336.7 107.3 145.6 160.1
2122.9 208.7 290.2 167.2 120.6 107.8 131.1 200.5 293.6 170.2 337.4 191.3 133.3 42.0 336.8 370.6 234.9 145.8 126.7 447.3 323.1 253.5 216.9 397.8 127.7 224.3 152.1 173.7 267.7 350.2 230.6 304.7 86.2 392.7 376.8 282.3 161.8 176.7 102.9 334.5 152.1 70.6 114.2 229.9 212.9 138.1 199.1 117.7 206.6 117.9 181.0 161.8 196.0 343.8 73.6 301.2 340.2 99.9 262.6 293.0 157.0 267.1 405.7 281.4 179.8 466.7 329.6 332.7 87.4 143.3 335.5 259.5 268.3 325.6 230.9 99.5 192.5 55.7 374.3 290.3 173.6 124.3 211.2 299.1 264.0 28.0 128.0 102.4 331.7 96.6 406.7 207.9 232.3 68.1 239.6 109.1 348.8 335.1 279.8 84.1 236.6 166.5 132.4 173.8 313.8 171.1 86.6 164.4 318.7 254.7 366.3 352.9 201.1 377.2 176.0 331.7 251.3 202.8 0.0 159.5 194.2 111.6 312.7 368.4 121.9 353.3 103.2 187.2 211.9 231.6 139.8 344.8 133.9 254.3 146.8 156.9 52.1 210.3 30.2 303.2 470.3 293.4 118.2 87.4
2191.8 142.0 359.1 230.0 170.0 99.4 180.5 241.2 362.5 129.0 406.3 142.6 66.6 165.3 405.7 439.5 303.8 208.6 155.6 516.2 392.0 322.4 285.8 466.7 196.6 265.0 135.7 242.6 320.0 419.1 299.5 373.6 149.0 454.6 445.7 351.2 230.7 245.6 83.9 403.4 44.4 167.8 131.4 287.5 281.8 200.9 260.1 145.9 275.5 96.7 249.9 224.6 268.3 412.7 142.5 370.1 409.1 151.5 331.5 361.9 219.8 336.0 474.6 322.1 131.1 528.3 398.4 401.6 153.0 212.2 404.4 328.4 202.8 394.5 299.8 168.4 261.4 124.6 443.2 359.2 28.4 118.3 271.7 368.0 332.9 149.9 190.8 94.1 400.6 165.5 475.6 57.3 302.1 173.7 283.5 176.8 417.7 404.0 348.7 112.3 305.5 235.4 110.2 245.8 382.7 240.0 122.0 233.3 388.1 323.6 435.2 412.3 270.0 446.1 244.9 407.9 106.1 271.7 178.0 0.0 243.6 116.7 381.6 437.3 107.1 422.2 166.0 236.6 280.8 300.5 180.5 413.7 167.1 323.2 227.9 225.8 175.4 65.1 138.2 372.1 539.2 334.1 185.6 115.6
2068.4 336.4 201.3 25.4 66.4 142.2 54.9 268.4 201.2 285.9 282.9 319.0 261.0 172.8 282.3 316.1 150.4 78.7 243.1 392.8 268.6 114.3 162.4 343.3 136.5 246.4 267.8 182.5 196.6 295.7 176.1 250.2 114.0 331.2 322.3 227.8 80.0 122.2 230.6 280.0 237.1 201.4 214.2 60.9 190.5 54.5 48.4 233.4 48.9 245.6 126.5 168.1 144.9 289.3 173.6 246.7 285.7 230.7 105.7 238.5 35.6 174.7 351.2 279.3 307.5 404.9 275.0 278.2 218.2 163.0 281.0 205.0 302.7 271.1 87.2 146.0 125.8 155.7 319.8 235.8 230.7 224.3 148.3 244.6 209.5 214.1 155.8 187.4 277.2 143.1 352.2 259.6 178.7 198.9 264.9 154.4 294.3 280.6 190.9 202.8 182.1 87.4 232.4 64.0 259.3 69.7 121.0 163.8 264.7 162.3 311.8 288.9 209.9 322.7 211.9 284.5 308.4 183.9 186.0 216.3 0.0 211.6 258.2 313.9 221.9 298.8 109.5 77.6 68.2 135.0 207.7 290.3 194.3 199.8 194.9 97.0 182.9 267.4 145.7 248.7 415.8 291.3 120.9 199.2
2118.0 149.1 285.3 202.6 156.0 123.9 166.5 172.8 288.7 107.0 332.5 131.7 98.9 116.8 331.9 365.7 241.5 174.0 64.2 442.4 318.2 248.6 212.0 392.9 122.8 191.2 88.9 168.8 262.8 345.3 225.7 299.8 121.6 387.8 371.9 277.4 156.9 177.9 43.3 329.6 72.4 94.0 65.9 225.0 208.0 173.5 192.4 54.5 201.7 58.3 176.1 159.9 194.5 338.9 47.7 296.3 335.3 92.9 257.7 288.1 192.4 257.8 400.8 248.3 120.2 461.8 324.6 327.8 79.2 138.4 330.6 254.6 303.7 320.7 226.0 94.6 187.6 65.6 369.4 285.4 93.9 8.5 206.3 294.2 259.1 76.1 163.4 86.2 326.8 91.7 401.8 128.2 228.3 98.8 206.5 104.2 343.9 330.2 274.9 38.5 231.7 161.6 16.6 168.9 308.9 166.2 122.0 170.3 313.8 249.8 361.4 338.5 196.2 372.3 171.1 326.8 171.6 197.9 104.2 163.4 225.6 0.0 307.8 363.5 10.2 348.4 123.2 222.6 207.0 226.7 106.7 339.9 100.8 249.4 141.9 152.0 112.5 130.6 101.1 298.3 465.4 260.3 113.3 41.8
1931.5 407.1 228.0 277.8 318.8 324.5 307.3 304.0 251.0 356.6 220.1 389.7 331.7 286.1 194.6 127.2 235.2 284.2 313.8 227.9 93.2 230.9 102.8 178.4 190.3 248.8 338.5 225.0 69.5 190.2 188.0 185.4 282.3 220.3 257.5 185.6 174.2 199.5 301.3 237.8 393.4 257.5 383.1 274.3 192.9 306.9 203.6 304.1 246.4 316.3 203.8 302.0 185.7 150.5 342.5 107.9 142.1 302.5 240.0 99.7 288.0 224.5 240.3 281.7 378.2 240.0 136.2 99.4 317.2 231.1 56.8 124.4 529.2 206.3 253.9 218.8 215.3 324.6 158.2 170.2 364.2 329.5 117.6 156.9 58.6 340.1 339.8 369.7 133.6 221.7 168.6 394.1 86.5 297.9 267.3 210.4 118.9 207.0 217.6 273.5 83.1 263.4 337.6 241.5 120.5 183.5 303.3 228.7 85.9 212.1 224.1 232.8 252.4 157.8 280.0 85.6 420.5 186.3 318.2 398.6 252.3 320.9 0.0 203.0 311.3 123.4 265.3 330.0 224.3 209.0 278.4 128.7 265.0 129.9 250.8 253.8 276.0 379.5 313.2 38.6 250.9 293.7 253.9 269.9
2056.5 317.9 223.8 188.6 229.6 235.3 218.1 214.8 227.2 267.4 271.0 300.5 242.5 196.9 270.4 306.1 168.5 195.0 224.6 419.3 256.7 187.1 150.5 369.8 101.1 159.6 249.3 135.8 184.7 208.9 164.2 163.4 193.1 17.2 235.5 215.9 85.0 110.3 212.1 268.1 304.2 168.3 293.9 169.2 103.7 217.7 114.4 214.9 157.2 227.1 114.6 212.8 133.0 289.9 253.3 234.8 275.7 213.3 196.2 226.6 198.8 200.7 37.2 192.5 289.0 438.7 275.6 266.3 228.0 141.9 269.1 193.1 395.8 184.3 154.1 129.6 126.1 235.4 309.8 223.9 275.0 240.3 136.4 232.7 197.6 250.9 250.6 280.5 267.2 132.5 342.2 304.9 166.8 208.7 178.1 121.2 316.6 193.8 213.4 184.3 170.2 174.2 248.4 152.3 255.0 94.3 214.1 139.5 252.8 188.3 299.9 277.0 163.2 353.0 190.8 272.6 331.3 97.1 229.0 309.4 163.1 231.7 246.3 0.0 222.1 328.2 176.1 240.8 135.1 165.2 189.2 280.3 175.8 187.9 161.6 164.6 186.8 290.3 224.0 236.8 442.3 204.5 164.7 180.7
2107.7 138.8 275.0 207.0 165.6 133.5 176.1 157.1 278.4 96.7 322.2 121.4 63.4 106.5 321.6 355.4 219.7 172.1 53.9 432.1 307.9 238.3 201.7 382.6 112.5 180.9 78.6 158.5 235.9 335.0 215.4 289.5 129.9 370.5 361.6 267.1 146.6 161.5 33.0 319.3 82.0 83.7 75.5 203.4 197.7 177.9 176.0 44.2 191.4 48.0 165.8 149.6 184.2 328.6 57.3 286.0 325.0 67.4 247.4 277.8 196.8 251.9 390.5 238.0 109.9 451.5 314.3 317.5 68.9 128.1 320.3 244.3 313.3 310.4 215.7 84.3 177.3 75.2 359.1 275.1 103.5 18.1 187.6 283.9 248.8 65.8 173.0 95.8 316.5 81.4 391.5 137.8 218.0 89.6 199.4 92.7 333.6 319.9 264.6 28.2 221.4 151.3 26.2 161.7 298.6 155.9 131.6 149.2 304.0 239.5 351.1 328.2 185.9 362.0 160.8 323.8 181.2 187.6 93.9 173.0 215.3 9.6 297.5 353.2 0.0 338.1 112.9 232.2 196.7 216.4 96.4 329.6 83.0 239.1 131.6 141.7 102.2 140.2 110.7 288.0 455.1 250.0 101.5 31.5
1921.3 424.5 229.3 295.2 336.2 341.9 324.7 321.4 252.3 374.0 221.4 407.1 349.1 303.5 195.9 22.0 236.5 301.6 331.2 131.3 39.5 232.2 120.2 81.8 207.7 266.2 355.9 242.4 86.9 133.8 189.3 159.6 299.7 194.5 206.6 186.9 191.6 216.9 318.7 239.1 410.8 274.9 400.5 275.8 210.3 324.3 221.0 321.5 263.8 333.7 221.2 319.4 187.0 124.7 359.9 103.5 82.1 319.9 241.3 117.1 305.4 225.8 214.5 299.1 395.6 150.7 110.4 17.7 334.6 248.5 103.0 125.7 502.4 160.1 260.7 236.2 232.7 342.0 98.2 171.5 381.6 346.9 135.0 158.2 76.0 357.5 357.2 387.1 73.6 239.1 72.0 411.5 103.9 315.3 284.7 227.8 31.7 150.6 218.9 290.9 100.5 280.8 355.0 258.9 89.8 200.9 320.7 246.1 31.2 213.4 225.4 224.6 269.8 61.2 297.4 86.9 437.9 203.7 335.6 416.0 269.7 338.3 107.2 177.2 328.7 0.0 282.7 347.4 241.7 210.3 295.8 68.7 282.4 131.2 280.4 271.2 293.4 396.9 330.6 78.5 154.3 311.1 271.3 287.3
2059.8 226.8 227.1 94.0 71.9 59.1 82.4 158.8 230.5 176.3 274.3 209.4 151.4 76.3 273.7 307.5 171.8 72.6 133.5 384.2 260.0 190.4 153.8 334.7 64.6 182.6 158.2 110.6 188.0 287.1 167.5 241.6 16.9 322.6 313.7 219.2 98.7 113.6 121.0 271.4 154.0 104.9 117.7 155.5 149.8 64.9 128.1 123.8 143.5 136.0 117.9 58.5 136.3 280.7 77.1 238.1 277.1 134.2 199.5 229.9 83.8 204.0 342.6 239.7 197.9 403.6 266.4 269.6 121.7 80.2 272.4 196.4 219.6 262.5 167.8 36.4 129.4 59.2 311.2 227.2 147.6 127.8 139.7 236.0 200.9 117.6 74.4 104.3 268.6 33.5 343.6 176.5 170.1 102.4 201.1 44.8 285.7 272.0 216.7 93.2 173.5 103.4 135.9 113.8 250.7 108.0 37.9 101.3 256.1 191.6 303.2 280.3 138.0 314.1 112.9 275.9 225.3 139.7 89.5 133.2 129.5 115.1 249.6 305.3 125.4 290.2 0.0 138.5 148.8 168.5 98.1 281.7 84.7 191.2 83.7 93.8 86.4 184.3 49.2 240.1 407.2 251.7 11.3 89.6
2136.1 347.3 269.0 76.4 69.4 145.2 57.9 298.3 268.9 310.4 350.6 343.5 297.1 175.8 350.0 383.8 218.1 129.7 266.9 460.5 336.3 182.0 230.1 411.0 198.7 314.1 292.3 244.7 264.3 363.4 243.8 317.9 117.0 405.9 390.0 295.5 147.7 196.0 255.1 347.7 240.1 204.4 217.2 139.9 258.2 105.5 109.0 257.9 116.6 270.1 194.2 192.6 209.2 357.0 176.6 314.4 353.4 233.7 172.7 306.2 86.6 242.4 418.9 347.0 332.0 472.6 342.8 345.9 221.2 214.3 348.7 272.7 305.7 338.8 154.9 170.5 193.5 158.7 387.5 303.5 233.7 227.3 224.4 312.3 277.2 217.1 158.8 190.4 344.9 167.6 419.9 262.6 245.5 201.9 329.4 180.1 362.0 348.3 258.6 225.8 252.8 151.5 235.4 134.6 327.0 137.4 124.0 242.3 331.9 230.0 379.5 356.6 272.1 390.4 247.0 352.2 311.4 251.6 189.0 219.3 67.6 214.6 325.9 381.6 224.9 366.5 134.0 0.0 135.9 202.7 232.2 358.0 218.8 267.5 230.0 161.1 185.9 270.4 148.7 316.4 483.5 359.0 143.9 223.7
2010.5 304.8 153.6 104.3 145.3 221.1 133.8 242.2 153.5 254.3 225.0 287.4 237.8 183.8 224.4 278.7 82.1 123.1 210.8 340.2 231.2 106.4 125.0 290.7 88.0 209.0 236.2 122.7 175.8 258.3 118.2 212.8 192.9 305.5 284.9 169.9 42.6 90.9 199.0 222.1 291.1 155.2 290.0 96.2 153.1 133.4 38.0 201.8 72.9 214.0 71.9 243.8 104.1 251.9 252.3 209.3 248.3 200.2 115.5 201.1 114.5 122.6 313.8 241.9 275.9 352.3 237.7 240.8 214.9 128.8 243.6 147.1 381.6 233.7 18.9 116.5 57.5 234.4 282.4 177.9 261.9 227.2 119.3 186.7 172.1 237.8 234.7 266.3 239.8 119.4 280.9 291.8 140.4 195.6 224.3 106.9 256.9 243.2 143.2 169.7 144.7 110.7 235.3 70.9 221.9 32.3 199.9 137.2 226.8 114.6 253.9 240.5 150.1 270.1 177.7 194.9 318.2 146.5 215.9 295.2 78.8 218.6 220.8 276.5 209.0 261.4 185.2 156.5 0.0 105.3 176.1 252.9 170.2 141.9 160.7 123.3 173.7 277.2 224.4 211.3 363.2 253.9 153.1 167.6
1936.4 355.9 87.0 158.9 199.9 270.9 188.4 258.2 86.9 305.4 150.9 338.5 280.5 234.9 150.3 258.2 51.4 168.1 261.9 266.1 210.7 21.8 104.5 216.6 139.1 197.6 287.3 173.8 138.7 246.9 44.1 201.4 228.7 289.4 273.5 95.8 123.0 58.7 250.1 148.0 346.1 206.3 329.5 54.6 141.7 188.0 99.9 252.9 76.5 265.1 94.9 280.4 41.8 231.4 288.9 188.8 227.8 251.3 30.9 180.6 169.1 56.0 302.4 232.6 327.0 285.5 217.1 220.3 266.0 179.9 159.9 73.0 431.4 222.3 76.6 167.6 80.5 271.0 261.9 103.8 313.0 278.3 111.7 112.6 151.6 288.9 289.3 316.1 219.3 170.5 206.8 342.9 120.8 246.7 212.9 158.0 236.4 231.8 76.6 220.8 129.1 147.3 286.4 107.5 201.4 128.0 249.7 177.5 206.3 48.0 179.8 156.9 201.2 196.0 228.8 120.8 369.3 135.1 267.0 345.0 133.4 269.7 200.3 265.1 260.1 215.5 221.8 211.1 95.6 0.0 227.2 232.4 221.3 67.8 211.8 159.9 224.8 328.3 261.0 190.8 289.1 242.5 231.7 218.7
2122.6 247.3 289.9 230.6 208.5 195.7 219.0 66.0 293.3 196.8 337.1 229.9 171.9 135.9 336.5 341.7 234.6 195.7 153.3 418.4 294.2 253.2 188.0 368.9 136.1 84.4 178.7 182.1 224.4 301.2 230.3 255.7 153.5 348.4 327.8 282.0 169.1 176.4 141.5 334.2 233.6 107.3 227.1 238.3 144.9 201.5 204.6 144.3 215.0 156.5 180.7 173.2 195.7 314.9 206.4 272.3 311.3 147.7 262.3 264.1 220.4 266.8 356.7 141.5 218.4 437.8 306.2 303.8 167.0 151.7 306.6 259.2 356.2 276.6 238.2 107.9 192.2 188.5 345.4 290.0 204.4 169.7 182.3 298.8 235.1 180.3 211.0 235.2 302.8 105.0 377.8 234.3 203.4 147.7 99.7 117.5 319.9 286.1 279.5 112.2 207.7 174.9 177.8 182.2 284.9 178.4 174.5 172.8 289.8 254.4 366.0 352.6 209.5 348.3 184.4 302.8 260.7 104.6 168.0 243.0 247.2 161.1 283.8 319.4 151.5 324.4 136.5 275.1 219.2 231.3 0.0 315.9 112.7 254.0 155.2 165.3 125.8 219.7 163.0 274.3 441.4 153.5 126.6 110.1
1970.0 415.8 297.3 286.5 327.5 333.2 316.0 312.7 320.3 365.3 289.4 398.4 340.4 294.8 263.9 45.8 266.4 292.9 322.5 154.5 69.2 285.0 111.5 115.0 199.0 257.5 347.2 233.7 78.2 65.1 257.3 90.9 291.0 125.8 137.9 254.9 182.9 208.2 310.0 307.1 402.1 266.2 391.8 267.1 201.6 315.6 212.3 312.8 255.1 325.0 212.5 310.7 230.9 56.0 351.2 61.7 33.4 311.2 294.1 51.9 296.7 293.8 145.8 290.4 386.9 173.9 41.7 85.7 325.9 239.8 171.0 193.7 493.7 91.4 252.0 227.5 224.0 333.3 29.5 239.5 372.9 338.2 126.3 226.2 67.3 348.8 348.5 378.4 24.9 230.4 87.4 402.8 95.2 306.6 276.0 219.1 74.3 81.9 286.9 282.2 91.8 272.1 346.3 250.2 21.1 192.2 312.0 237.4 99.2 281.4 293.4 292.6 261.1 98.2 288.7 154.9 429.2 195.0 326.9 407.3 261.0 329.6 122.3 108.5 320.0 67.9 274.0 338.7 233.0 263.1 287.1 0.0 273.7 199.2 259.5 262.5 284.7 388.2 321.9 108.4 177.5 302.4 262.6 278.6
2136.0 260.7 295.8 244.0 221.9 209.1 232.4 79.4 306.7 210.2 350.5 243.3 193.7 141.8 349.9 355.1 259.5 200.7 166.7 424.3 307.6 266.6 193.9 382.3 142.0 97.8 192.1 195.5 237.8 314.6 243.7 269.1 166.9 357.1 341.2 295.4 182.5 195.9 154.9 347.6 250.9 120.7 243.4 251.7 158.3 214.9 219.8 157.7 228.4 169.9 194.1 186.6 209.1 328.3 219.8 285.7 324.7 153.7 276.4 277.5 233.8 275.8 370.1 157.0 231.8 443.7 319.6 309.7 172.9 165.1 320.0 272.6 369.6 290.0 244.1 113.8 205.6 201.9 358.8 295.9 217.8 183.1 188.2 312.2 248.5 193.7 224.4 248.6 316.2 110.9 391.2 247.7 216.8 162.2 113.1 130.9 333.3 299.5 292.9 125.6 226.0 188.3 183.7 195.6 298.3 191.8 187.9 197.0 295.7 267.8 379.4 358.5 222.9 361.7 197.8 316.2 274.1 110.5 181.4 256.4 260.6 167.0 297.2 332.8 164.9 337.8 149.9 288.5 232.6 244.7 5.9 329.3 0.0 267.4 161.1 178.7 139.2 233.1 176.4 287.7 424.2 166.9 132.5 123.5
1868.5 369.8 98.0 240.5 281.5 287.2 270.0 266.7 121.0 319.3 88.8 352.4 294.4 248.8 82.4 169.7 105.2 246.9 276.5 198.2 148.8 100.9 118.4 148.7 153.0 211.5 301.2 187.7 152.6 260.8 58.0 215.3 245.0 296.3 287.4 78.2 136.9 162.2 264.0 130.4 356.1 220.2 345.8 144.3 155.6 269.6 166.3 266.8 155.6 279.0 160.2 264.7 55.7 245.3 305.2 202.7 241.7 265.2 110.0 194.5 250.7 94.5 316.3 244.4 340.9 217.6 231.0 136.2 279.9 193.8 92.0 5.1 445.7 236.2 123.9 181.5 145.8 287.3 204.7 35.9 326.9 292.2 117.2 44.7 165.5 302.8 302.5 332.4 233.2 184.4 138.9 356.8 134.7 260.6 230.0 173.1 179.4 245.7 87.6 236.2 138.1 226.1 300.3 183.7 215.3 146.2 266.0 191.4 122.7 82.1 111.9 89.0 215.1 128.1 242.7 52.9 383.2 149.0 280.9 361.3 215.0 283.6 214.2 279.0 274.0 147.6 228.0 292.7 142.9 79.0 241.1 246.3 227.7 0.0 225.7 216.5 238.7 342.2 275.9 124.3 221.2 256.4 216.6 232.6
2073.9 353.3 241.2 224.0 265.0 258.5 241.3 166.1 232.4 290.6 288.4 323.7 290.9 220.1 275.6 280.8 185.2 226.6 259.3 369.7 233.3 192.3 139.3 320.2 136.5 98.7 272.5 171.2 161.3 240.3 169.4 194.8 216.3 295.0 266.9 233.3 120.4 133.8 235.3 273.3 327.4 203.7 326.4 203.7 96.2 240.9 137.6 250.3 192.6 250.3 132.0 248.2 134.8 266.2 288.7 211.4 250.4 224.5 201.4 203.2 234.2 201.5 308.0 131.6 312.2 389.1 257.5 242.9 251.2 177.3 257.9 210.5 419.0 227.9 177.3 165.0 131.3 258.6 296.7 229.1 298.2 275.7 133.6 250.1 186.4 274.1 273.8 315.9 241.9 155.7 329.1 328.1 142.5 231.9 114.0 155.4 259.0 225.2 218.6 206.0 161.7 209.6 271.6 178.4 224.0 129.7 249.5 162.7 228.9 193.5 305.1 291.7 186.4 299.6 17.0 261.4 354.5 43.7 264.4 344.8 186.3 267.1 235.1 258.5 257.5 275.7 211.5 264.0 170.5 170.4 224.6 267.2 199.0 193.1 0.0 200.0 210.0 313.5 259.4 225.6 392.7 155.8 201.6 216.1
2058.6 265.9 225.9 94.6 159.9 133.1 148.4 203.3 228.2 215.4 273.1 248.5 198.9 150.3 272.5 306.3 170.6 26.5 171.9 383.0 258.8 141.3 152.6 333.5 63.4 221.7 197.3 109.4 186.8 285.9 166.3 240.4 90.9 328.4 312.5 218.0 97.5 112.4 160.1 270.2 228.0 116.3 188.8 99.2 148.6 65.5 93.4 162.9 75.9 175.1 116.7 142.6 131.7 279.5 151.1 236.9 275.9 161.3 132.0 228.7 84.4 201.7 341.4 269.5 237.0 402.4 265.2 268.4 176.0 89.9 271.2 195.2 293.6 261.3 132.2 77.6 128.2 133.2 310.0 226.0 221.6 201.8 146.9 234.8 199.7 191.6 148.4 178.3 267.4 80.5 342.4 250.5 168.9 156.7 237.0 68.0 284.5 270.8 215.5 130.8 172.3 9.5 209.9 43.1 249.5 106.8 111.9 100.1 254.4 189.3 302.0 288.6 136.8 312.9 138.8 274.7 299.3 153.5 163.5 207.2 97.0 189.1 248.4 304.1 170.1 289.0 84.0 171.1 113.2 162.0 137.2 280.5 123.8 190.0 121.8 0.0 134.8 258.3 123.2 238.9 406.0 281.5 93.9 128.7
2070.7 216.3 238.0 170.0 127.5 114.7 138.0 153.7 241.4 153.7 285.2 198.9 140.9 10.0 284.6 318.4 194.2 131.3 110.2 395.1 270.9 201.3 164.7 345.6 75.5 172.1 135.6 121.5 201.1 298.0 178.4 252.5 92.9 345.2 324.6 230.1 109.6 130.6 110.5 282.3 162.9 18.4 121.1 177.7 160.7 140.9 145.1 101.2 154.4 125.5 128.8 112.6 147.2 291.6 80.5 249.0 288.0 35.7 210.5 240.8 159.8 210.5 353.5 229.2 187.4 414.5 277.4 280.5 41.1 91.1 283.3 207.3 275.2 273.4 178.7 47.3 140.3 62.6 322.1 238.1 180.5 131.2 159.0 246.9 211.8 70.2 134.9 109.3 279.5 44.4 354.5 214.8 180.1 21.8 187.4 56.9 296.6 282.9 227.6 85.6 187.6 114.3 139.3 121.6 261.6 118.9 93.5 112.2 266.5 202.5 314.1 291.2 148.9 325.0 123.8 286.8 258.2 150.6 42.1 166.4 178.3 118.5 260.5 316.2 128.8 301.1 75.9 194.1 159.7 179.4 87.6 292.6 81.7 202.1 106.8 104.7 0.0 217.2 37.1 251.0 418.1 241.2 66.0 88.9
2223.7 173.9 391.0 323.0 300.9 207.5 311.4 273.1 394.4 160.9 438.2 174.5 98.5 222.5 437.6 471.4 335.7 288.1 187.5 548.1 423.9 354.3 317.7 498.6 228.5 296.9 167.6 274.5 351.9 451.0 331.4 405.5 245.9 486.5 477.6 383.1 262.6 277.5 115.8 435.3 114.4 199.7 214.6 319.4 313.7 293.9 292.0 177.8 307.4 128.6 281.8 265.6 300.2 444.6 196.4 402.0 441.0 183.4 363.4 393.8 312.8 367.9 506.5 354.0 163.0 560.2 430.3 433.5 184.9 244.1 436.3 360.3 268.6 426.4 331.7 200.3 293.3 214.3 475.1 391.1 82.8 157.2 303.6 399.9 364.8 181.8 303.4 164.1 432.5 197.4 507.5 112.7 334.0 205.6 315.4 208.7 449.6 435.9 380.6 144.2 337.4 267.3 165.3 277.7 414.6 271.9 230.1 265.2 420.0 355.5 467.1 444.2 301.9 478.0 276.8 439.8 40.9 303.6 209.9 121.4 331.3 148.6 413.5 469.2 139.0 454.1 228.9 367.5 312.7 332.4 212.4 445.6 199.0 355.1 259.8 257.7 218.2 0.0 240.2 404.0 571.1 366.0 217.5 147.5
2107.9 230.5 275.2 136.9 90.3 77.5 100.8 185.5 278.6 185.0 322.4 213.1 163.5 27.0 321.8 355.6 219.9 115.5 141.5 432.3 308.1 238.5 201.9 382.8 112.7 209.3 166.9 158.7 236.1 335.2 215.6 289.7 55.9 377.7 361.8 267.3 146.8 161.7 124.7 319.5 121.8 55.6 81.0 214.9 197.9 107.8 176.2 132.5 191.6 139.7 166.0 131.5 184.4 328.8 43.3 286.2 325.2 72.9 247.7 278.0 126.7 252.1 390.7 266.4 201.6 451.7 320.1 317.7 72.4 128.3 320.5 244.5 238.0 310.6 215.9 84.5 177.5 25.4 359.3 275.3 143.3 94.0 196.2 284.1 249.0 68.3 97.7 72.1 316.7 81.6 391.7 177.6 217.3 53.1 224.6 94.1 333.8 320.1 264.8 116.9 224.8 151.5 102.1 158.8 298.8 156.1 56.3 160.2 303.7 239.7 351.3 328.4 186.1 362.2 161.0 324.0 221.0 187.8 40.2 129.2 163.9 81.3 297.7 353.4 91.6 338.3 72.9 156.9 196.9 216.6 124.8 329.8 118.9 239.3 131.8 141.9 37.1 180.0 0.0 288.2 424.7 278.4 82.8 120.2
1892.8 397.2 203.4 267.9 308.9 314.6 297.4 294.1 226.4 346.7 195.5 379.8 321.8 276.2 170.0 88.5 210.6 274.3 303.9 203.3 54.5 206.3 92.9 153.8 180.4 238.9 328.6 215.1 59.6 179.5 163.4 175.5 272.4 210.4 247.6 161.0 164.3 189.6 291.4 213.2 434.5 247.6 373.2 249.7 183.0 297.0 193.7 294.2 261.0 306.4 193.9 292.1 161.1 140.6 332.6 98.0 127.8 292.6 215.4 89.8 278.1 199.9 230.4 271.8 368.3 222.7 126.3 60.7 307.3 221.2 32.2 99.8 490.5 196.4 229.3 208.9 205.4 314.7 143.9 145.6 354.3 319.6 107.7 132.3 48.7 330.2 329.9 359.8 119.3 211.8 144.0 384.2 76.6 288.0 257.4 200.5 80.2 196.3 193.0 263.6 73.2 253.5 327.7 231.6 110.6 173.6 293.4 218.8 47.2 187.5 199.5 208.2 242.5 133.2 270.1 61.0 410.6 176.4 308.3 425.7 242.4 311.0 28.6 193.1 301.4 84.7 255.4 320.1 214.4 184.4 268.5 114.4 255.1 105.3 240.9 243.9 266.1 369.6 303.3 0.0 226.3 283.8 244.0 260.0
1910.1 556.5 296.7 427.2 471.9 465.1 456.7 458.8 340.3 506.0 309.4 539.1 489.5 435.5 283.9 170.8 336.0 425.2 462.5 64.7 177.8 320.2 231.6 65.4 339.7 398.2 467.3 374.4 216.9 253.8 256.7 279.6 450.9 321.5 326.6 274.9 323.6 291.9 450.7 327.1 485.0 406.9 534.4 353.0 335.9 456.3 360.9 453.5 374.9 465.7 353.2 451.4 278.6 224.1 491.9 250.4 222.1 439.9 330.0 240.6 437.4 309.4 334.5 433.2 527.6 50.5 236.0 168.6 466.6 380.5 170.4 213.7 544.9 280.1 322.6 368.2 344.1 474.0 159.1 259.5 472.9 478.9 257.8 246.2 208.0 489.5 492.7 510.3 213.6 371.1 83.5 501.8 236.8 448.4 392.9 358.6 151.3 250.0 306.9 421.4 227.6 412.8 466.4 393.8 209.8 332.9 430.0 388.9 162.0 301.4 313.4 312.6 401.8 96.5 429.4 167.6 550.6 315.1 467.6 480.1 401.7 449.7 257.9 297.2 460.7 148.7 414.7 458.8 353.1 298.3 427.8 188.6 421.9 219.2 391.8 403.2 425.4 509.6 462.6 223.3 0.0 443.1 384.2 419.3
2067.2 205.6 234.5 166.5 144.4 131.6 154.9 137.6 237.9 155.1 281.7 188.2 130.2 84.6 281.1 314.9 179.2 131.6 112.3 391.6 267.4 197.8 161.2 342.1 72.0 161.4 137.0 118.0 195.4 294.5 174.9 249.0 89.4 330.0 321.1 226.6 106.1 121.0 99.8 278.8 191.9 56.0 185.4 162.9 157.2 137.4 135.5 102.6 150.9 114.8 125.3 109.1 143.7 288.1 149.6 245.5 284.5 101.0 206.9 237.3 156.3 211.4 350.0 218.5 176.7 411.0 273.8 277.0 115.7 87.6 279.8 203.8 292.1 269.9 175.2 43.8 136.8 131.7 318.6 234.6 162.7 128.0 147.1 243.4 208.3 138.6 146.9 176.8 276.0 40.9 351.0 192.6 177.5 96.4 179.9 52.2 293.1 279.4 224.1 72.0 180.9 110.8 136.1 121.2 258.1 115.4 110.4 108.7 263.5 199.0 310.6 297.2 145.4 321.5 120.3 283.3 219.0 147.1 116.7 205.7 174.8 119.4 257.0 312.7 109.8 297.6 72.4 211.0 156.2 175.9 76.9 289.1 63.5 198.6 91.1 101.2 74.5 178.0 111.7 247.5 414.6 0.0 61.0 68.4
2049.9 216.9 217.2 103.9 81.8 69.0 92.3 154.3 220.6 166.4 264.4 199.5 166.7 86.2 263.8 297.6 161.9 105.9 123.6 374.3 250.1 180.5 143.9 324.8 54.7 172.7 148.3 100.7 194.7 277.2 157.6 231.7 26.8 324.4 303.8 209.3 88.8 109.8 111.1 261.5 163.9 67.3 124.7 156.9 139.9 74.8 124.3 113.9 133.6 126.1 108.0 48.6 123.0 270.8 87.0 228.2 267.2 112.3 189.6 220.0 93.7 194.1 332.7 229.8 188.0 393.7 256.5 259.7 131.6 70.3 262.5 186.5 229.5 252.6 157.9 26.5 119.5 69.1 301.3 217.3 157.5 137.7 138.2 226.1 191.0 127.5 84.3 114.2 258.7 23.6 333.7 186.4 160.2 112.3 188.0 36.1 275.8 262.1 206.8 81.8 163.6 93.5 145.8 100.8 240.8 98.1 47.8 91.4 245.7 181.7 293.3 270.4 128.1 304.2 103.0 266.0 235.2 129.8 99.4 143.1 139.4 125.0 239.7 295.4 135.3 280.3 9.8 148.4 138.9 158.6 88.2 271.8 74.8 181.3 73.8 83.9 96.3 194.2 59.1 230.2 366.7 241.8 0.0 79.7
2076.1 137.1 243.4 175.4 153.3 140.5 163.8 125.5 246.8 86.6 290.6 119.7 61.7 80.7 290.0 323.8 188.1 140.5 43.8 400.5 276.3 206.7 170.1 351.0 80.9 149.3 68.5 126.9 204.3 303.4 183.8 257.9 98.3 338.9 330.0 235.5 115.0 129.9 31.3 287.7 123.4 52.1 116.9 171.8 166.1 146.3 144.4 34.1 159.8 46.3 134.2 118.0 152.6 297.0 98.7 254.4 293.4 35.8 215.8 246.2 165.2 220.3 358.9 206.4 108.2 419.9 282.7 285.9 61.2 96.5 288.7 212.7 301.0 278.8 184.1 52.7 145.7 116.6 327.5 243.5 94.2 59.5 156.0 252.3 217.2 70.1 155.8 137.2 284.9 49.8 359.9 124.1 186.4 92.5 167.8 61.1 302.0 288.3 233.0 3.6 189.8 119.7 67.6 130.1 267.0 124.3 119.3 117.6 272.4 207.9 319.5 296.6 154.3 330.4 129.2 292.2 150.5 156.0 112.8 132.8 183.7 50.9 265.9 321.6 41.3 306.5 81.3 219.9 165.1 184.8 64.8 298.0 51.4 207.5 112.2 110.1 70.6 109.5 107.8 256.4 423.5 218.4 69.9 0.0
