Name		0322_BED-Amazon_n144_m189_bt18
Number_of_Customers	144
Number_of_Items		189
Number_of_ItemTypes	18
Number_of_Vehicles	1
TimeWindows		0
Dist_type	manual

VEHICLE
Mass_Capacity	1693
CargoSpace_Length	160
CargoSpace_Width	70
CargoSpace_Height	72

CUSTOMERS
i	x	y	Demand	ReadyTime	DueDate	ServiceTime	DemandedMass	DemandedVolume
0	33.965477	-117.653303	0	0	0	0	0	0
1	34.117466	-117.361691	1	0	0	0	0.7	2640
2	34.123929	-117.3533	1	0	0	0	4.7	1380
3	34.131311	-117.360821	1	0	0	0	4.7	1380
4	34.094793	-117.35727	1	0	0	0	0.7	2640
5	34.123137	-117.350849	1	0	0	0	4.7	1380
6	34.117126	-117.366081	1	0	0	0	1.9	1176
7	34.093698	-117.353948	1	0	0	0	1.38	5100
8	34.125504	-117.370389	1	0	0	0	1.9	1176
9	34.106778	-117.358443	1	0	0	0	4.7	1380
10	34.089107	-117.359771	1	0	0	0	9.4	2760
11	34.117241	-117.356785	1	0	0	0	2.15	1080
12	34.121902	-117.364615	2	0	0	0	4.52	10240
13	34.095374	-117.353403	1	0	0	0	4.7	1380
14	34.129903	-117.359054	1	0	0	0	1.75	4608
15	34.116413	-117.366931	1	0	0	0	1.9	1176
16	34.114069	-117.371322	1	0	0	0	5.29	8075
17	34.11579	-117.3643	1	0	0	0	4.7	1380
18	34.12281	-117.361673	2	0	0	0	6.6	2556
19	34.124647	-117.35419	2	0	0	0	12.0	5020
20	34.12461	-117.352592	1	0	0	0	4.7	1380
21	34.134555	-117.364597	1	0	0	0	1.9	1176
22	34.116334	-117.351437	3	0	0	0	9.1	6534
23	34.096588	-117.355075	1	0	0	0	2.6	10400
24	34.104498	-117.360423	1	0	0	0	4.7	1380
25	34.130021	-117.361467	1	0	0	0	6.7	14616
26	34.112806	-117.355544	1	0	0	0	4.7	1380
27	34.11098	-117.35729	1	0	0	0	4.7	1380
28	34.114661	-117.35459	2	0	0	0	12.0	5020
29	34.125446	-117.368632	2	0	0	0	3.71	8184
30	34.104493	-117.362574	1	0	0	0	4.7	1380
31	34.115411	-117.367755	3	0	0	0	6.4	9666
32	34.124643	-117.356551	3	0	0	0	13.9	6196
33	34.13267	-117.361975	1	0	0	0	4.7	1380
34	34.131364	-117.364324	1	0	0	0	0.7	2640
35	34.100264	-117.362028	1	0	0	0	4.7	1380
36	34.125453	-117.367102	1	0	0	0	4.7	1380
37	34.119895	-117.358488	2	0	0	0	6.55	10808
38	34.112578	-117.359457	1	0	0	0	0.7	2640
39	34.12793	-117.36168	1	0	0	0	2.6	10400
40	34.112772	-117.365092	1	0	0	0	4.7	1380
41	34.1163	-117.35462	1	0	0	0	1.59	3400
42	34.115262	-117.369788	1	0	0	0	7.3	3640
43	34.118168	-117.355291	1	0	0	0	0.7	2640
44	34.133332	-117.362567	1	0	0	0	12.6	25520
45	34.098573	-117.365989	1	0	0	0	4.7	1380
46	34.124548	-117.368053	1	0	0	0	2.91	13520
47	34.087088	-117.358123	1	0	0	0	0.7	2640
48	34.116914	-117.370411	1	0	0	0	4.7	1380
49	34.113075	-117.354668	1	0	0	0	3.82	7600
50	34.125477	-117.370388	2	0	0	0	14.8	6780
51	34.13011	-117.365019	1	0	0	0	4.7	1380
52	34.112807	-117.357298	1	0	0	0	4.7	1380
53	34.11264	-117.362522	1	0	0	0	4.7	1380
54	34.124564	-117.360672	1	0	0	0	3.82	7600
55	34.12822	-117.356446	3	0	0	0	14.0	14658
56	34.118347	-117.361684	2	0	0	0	7.71	6924
57	34.110011	-117.355501	1	0	0	0	1.9	1176
58	34.101858	-117.35678	1	0	0	0	4.7	1380
59	34.112129	-117.352998	1	0	0	0	2.6	10400
60	34.100272	-117.364569	1	0	0	0	4.7	1380
61	34.106781	-117.354199	1	0	0	0	2.15	1080
62	34.12604	-117.354526	2	0	0	0	6.85	2460
63	34.095984	-117.361586	2	0	0	0	11.3	3936
64	34.13004	-117.360063	1	0	0	0	1.9	1176
65	34.097981	-117.359121	1	0	0	0	4.7	1380
66	34.096635	-117.353203	1	0	0	0	4.7	1380
67	34.128624	-117.367203	1	0	0	0	9.4	2760
68	34.125574	-117.365189	1	0	0	0	1.9	1176
69	34.135061	-117.364359	1	0	0	0	1.75	4608
70	34.109368	-117.356401	1	0	0	0	0.7	2640
71	34.098975	-117.364865	2	0	0	0	11.3	3936
72	34.117195	-117.360792	1	0	0	0	2.5	3978
73	34.096361	-117.363716	1	0	0	0	2.5	3978
74	34.100041	-117.359851	1	0	0	0	1.9	1176
75	34.094539	-117.360329	1	0	0	0	2.15	1080
76	34.12866	-117.371961	1	0	0	0	7.3	3640
77	34.127182	-117.368005	2	0	0	0	5.99	10715
78	34.116551	-117.355681	1	0	0	0	4.7	1380
79	34.103591	-117.360203	2	0	0	0	2.6	3816
80	34.111689	-117.355541	1	0	0	0	4.7	1380
81	34.103067	-117.361599	1	0	0	0	1.9	1176
82	34.119136	-117.360572	1	0	0	0	4.7	1380
83	34.132882	-117.366079	1	0	0	0	4.7	1380
84	34.12363	-117.368345	1	0	0	0	1.9	1176
85	34.133366	-117.365161	1	0	0	0	4.7	1380
86	34.117177	-117.349438	2	0	0	0	6.6	2556
87	34.118062	-117.354413	3	0	0	0	6.42	11416
88	34.12185	-117.359048	1	0	0	0	7.3	3640
89	34.094587	-117.362624	1	0	0	0	0.7	2640
90	34.09457	-117.363427	1	0	0	0	1.9	1176
91	34.117172	-117.351891	1	0	0	0	4.7	1380
92	34.12186	-117.357074	1	0	0	0	2.15	1080
93	34.12185	-117.358257	1	0	0	0	0.7	2640
94	34.112705	-117.363722	1	0	0	0	1.9	1176
95	34.096401	-117.359535	1	0	0	0	1.75	4608
96	34.129401	-117.368179	2	0	0	0	5.4	4020
97	34.12721	-117.35998	1	0	0	0	1.75	4608
98	34.085545	-117.354222	1	0	0	0	4.7	1380
99	34.118559	-117.352356	1	0	0	0	4.7	1380
100	34.116004	-117.366075	1	0	0	0	5.29	8075
101	34.128414	-117.354938	1	0	0	0	2.15	1080
102	34.100265	-117.362864	1	0	0	0	0.7	2640
103	34.093281	-117.359946	2	0	0	0	6.6	2556
104	34.11721	-117.352331	1	0	0	0	1.75	4608
105	34.119143	-117.356803	1	0	0	0	0.7	2640
106	34.094518	-117.365694	2	0	0	0	7.3	11780
107	34.116046	-117.370388	1	0	0	0	0.7	2640
108	34.116243	-117.368397	1	0	0	0	2.6	10400
109	34.112765	-117.356399	1	0	0	0	1.75	4608
110	34.11784	-117.359904	2	0	0	0	9.05	8248
111	34.095509	-117.362394	1	0	0	0	3.01	5544
112	34.12081	-117.365312	1	0	0	0	4.73	10000
113	34.127659	-117.355579	1	0	0	0	5.29	8075
114	34.123412	-117.354708	1	0	0	0	2.15	1080
115	34.109003	-117.356244	1	0	0	0	1.9	1176
116	34.131889	-117.364107	1	0	0	0	1.9	1176
117	34.12244	-117.35144	1	0	0	0	1.9	1176
118	34.11192	-117.353839	1	0	0	0	1.9	1176
119	34.114847	-117.353621	1	0	0	0	4.7	1380
120	34.128634	-117.362289	1	0	0	0	4.7	1380
121	34.117204	-117.367789	2	0	0	0	6.6	2556
122	34.085752	-117.356777	1	0	0	0	1.38	5100
123	34.124649	-117.354698	1	0	0	0	4.7	1380
124	34.122352	-117.357329	1	0	0	0	0.7	2640
125	34.132653	-117.367564	1	0	0	0	3.01	5544
126	34.097524	-117.364341	1	0	0	0	1.9	1176
127	34.085516	-117.357251	2	0	0	0	6.6	2556
128	34.125559	-117.370389	1	0	0	0	2.5	3978
129	34.118983	-117.350463	1	0	0	0	4.7	1380
130	34.113402	-117.354163	3	0	0	0	8.75	3636
131	34.113379	-117.359909	1	0	0	0	0.7	2640
132	34.111585	-117.357291	1	0	0	0	0.7	2640
133	34.096128	-117.35552	1	0	0	0	0.7	2640
134	34.133533	-117.366074	1	0	0	0	3.82	7600
135	34.115763	-117.36516	2	0	0	0	11.3	3936
136	34.124548	-117.368857	2	0	0	0	3.15	9888
137	34.123645	-117.355548	1	0	0	0	0.7	2640
138	34.130143	-117.367467	1	0	0	0	0.7	2640
139	34.122778	-117.363184	1	0	0	0	1.9	1176
140	34.129402	-117.36745	1	0	0	0	1.75	4608
141	34.119171	-117.364303	1	0	0	0	4.7	1380
142	34.125353	-117.354777	1	0	0	0	1.9	1176
143	34.095459	-117.365556	1	0	0	0	2.15	1080
144	34.121874	-117.36326	1	0	0	0	4.7	1380

ITEMS
Type	Length	Width	Height	Mass	Fragility	LoadBearingStrength
Bt1	18	12	5	2.15	1	0
Bt2	21	14	4	1.9	1	0
Bt3	23	15	4	4.7	1	0
Bt4	15	11	16	0.7	1	0
Bt5	34	10	10	1.59	1	0
Bt6	20	14	13	7.3	1	0
Bt7	17	13	18	2.5	1	0
Bt8	24	12	16	1.75	1	0
Bt9	30	17	10	1.38	1	0
Bt10	28	22	9	3.01	1	0
Bt11	31	20	10	4.8	1	0
Bt12	40	19	10	3.82	1	0
Bt13	25	19	17	5.29	1	0
Bt14	50	20	10	4.73	1	0
Bt15	40	20	13	2.6	1	0
Bt16	26	20	26	2.91	1	0
Bt17	29	24	21	6.7	1	0
Bt18	58	40	11	12.6	1	0

DEMANDS PER CUSTOMER
i	Type Quantity
1	Bt4 1	
2	Bt3 1	
3	Bt3 1	
4	Bt4 1	
5	Bt3 1	
6	Bt2 1	
7	Bt9 1	
8	Bt2 1	
9	Bt3 1	
10	Bt3 2	
11	Bt1 1	
12	Bt4 1	Bt12 1	
13	Bt3 1	
14	Bt8 1	
15	Bt2 1	
16	Bt13 1	
17	Bt3 1	
18	Bt3 1	Bt2 1	
19	Bt3 1	Bt6 1	
20	Bt3 1	
21	Bt2 1	
22	Bt7 1	Bt3 1	Bt2 1	
23	Bt15 1	
24	Bt3 1	
25	Bt17 1	
26	Bt3 1	
27	Bt3 1	
28	Bt6 1	Bt3 1	
29	Bt4 1	Bt10 1	
30	Bt3 1	
31	Bt8 1	Bt7 1	Bt1 1	
32	Bt6 1	Bt3 1	Bt2 1	
33	Bt3 1	
34	Bt4 1	
35	Bt3 1	
36	Bt3 1	
37	Bt11 1	Bt8 1	
38	Bt4 1	
39	Bt15 1	
40	Bt3 1	
41	Bt5 1	
42	Bt6 1	
43	Bt4 1	
44	Bt18 1	
45	Bt3 1	
46	Bt16 1	
47	Bt4 1	
48	Bt3 1	
49	Bt12 1	
50	Bt3 3	Bt4 1	
51	Bt3 1	
52	Bt3 1	
53	Bt3 1	
54	Bt12 1	
55	Bt4 3	Bt3 2	Bt7 1	
56	Bt10 1	Bt3 1	
57	Bt2 1	
58	Bt3 1	
59	Bt15 1	
60	Bt3 1	
61	Bt1 1	
62	Bt1 1	Bt3 1	
63	Bt2 1	Bt3 2	
64	Bt2 1	
65	Bt3 1	
66	Bt3 1	
67	Bt3 2	
68	Bt2 1	
69	Bt8 1	
70	Bt4 1	
71	Bt3 2	Bt2 1	
72	Bt7 1	
73	Bt7 1	
74	Bt2 1	
75	Bt1 1	
76	Bt6 1	
77	Bt4 1	Bt13 1	
78	Bt3 1	
79	Bt4 1	Bt2 1	
80	Bt3 1	
81	Bt2 1	
82	Bt3 1	
83	Bt3 1	
84	Bt2 1	
85	Bt3 1	
86	Bt3 1	Bt2 1	
87	Bt2 1	Bt4 1	Bt12 1	
88	Bt6 1	
89	Bt4 1	
90	Bt2 1	
91	Bt3 1	
92	Bt1 1	
93	Bt4 1	
94	Bt2 1	
95	Bt8 1	
96	Bt4 1	Bt3 1	
97	Bt8 1	
98	Bt3 1	
99	Bt3 1	
100	Bt13 1	
101	Bt1 1	
102	Bt4 1	
103	Bt2 1	Bt3 1	
104	Bt8 1	
105	Bt4 1	
106	Bt3 1	Bt15 1	
107	Bt4 1	
108	Bt15 1	
109	Bt8 1	
110	Bt8 1	Bt6 1	
111	Bt10 1	
112	Bt14 1	
113	Bt13 1	
114	Bt1 1	
115	Bt2 1	
116	Bt2 1	
117	Bt2 1	
118	Bt2 1	
119	Bt3 1	
120	Bt3 1	
121	Bt2 1	Bt3 1	
122	Bt9 1	
123	Bt3 1	
124	Bt4 1	
125	Bt10 1	
126	Bt2 1	
127	Bt2 1	Bt3 1	
128	Bt7 1	
129	Bt3 1	
130	Bt2 1	Bt1 1	Bt3 1	
131	Bt4 1	
132	Bt4 1	
133	Bt4 1	
134	Bt12 1	
135	Bt2 1	Bt3 2	
136	Bt8 1	Bt4 2	
137	Bt4 1	
138	Bt4 1	
139	Bt2 1	
140	Bt8 1	
141	Bt3 1	
142	Bt2 1	
143	Bt1 1	
144	Bt3 1	

DISTANCE MATRIX
0.0 2830.1 2731.9 2755.0 2733.7 2700.7 2829.6 2731.5 2642.3 2919.5 2772.3 2781.1 2829.2 2697.7 2825.9 2829.3 2788.5 2949.1 2783.7 2727.6 2703.8 2641.3 2765.4 2731.5 2976.6 2751.0 2839.5 2875.7 2802.0 2717.0 2938.1 2816.1 2748.3 2710.6 2712.1 2912.1 2731.6 2780.9 2924.2 2724.6 2887.6 2757.8 2783.7 2784.2 2735.3 2800.6 2703.6 2692.3 2742.9 2839.7 2642.5 2708.9 2850.8 2924.6 2822.7 2756.2 2818.8 2882.0 2847.5 2784.9 2859.4 2860.6 2671.5 2832.4 2768.2 2862.4 2704.9 2659.2 2751.3 2674.5 2879.6 2844.1 2862.9 2917.3 2831.9 2837.8 2634.3 2730.6 2782.7 2944.8 2866.4 2905.0 2817.1 2647.2 2737.3 2679.1 2783.8 2770.2 2784.9 2801.0 2786.1 2755.0 2745.6 2774.4 2940.1 2797.5 2727.6 2774.2 2651.7 2764.9 2831.7 2653.6 2894.8 2867.8 2765.3 2764.8 2744.2 2750.7 2789.3 2859.1 2853.5 2798.7 2804.3 2721.2 2688.4 2861.9 2705.3 2757.1 2804.0 2780.7 2705.1 2805.6 2676.0 2708.5 2743.3 2674.6 2816.5 2632.9 2641.8 2824.4 2839.0 2954.3 2866.5 2761.6 2640.5 2961.6 2692.5 2704.4 2725.5 2797.9 2715.5 2842.9 2659.8 2758.3 2809.7
2787.7 0.0 275.6 228.8 395.3 229.8 146.3 454.3 236.1 209.9 480.2 134.2 135.5 391.8 247.7 172.6 167.1 126.0 90.0 271.3 278.3 286.9 198.8 400.5 236.8 188.2 163.1 158.8 258.0 235.9 213.8 168.5 204.8 230.1 250.8 269.6 215.6 76.6 113.6 150.0 116.6 154.9 188.3 189.2 254.8 349.5 227.6 541.8 192.4 250.1 234.9 260.1 133.9 83.5 129.0 241.4 10.3 259.0 325.1 195.3 322.3 271.0 265.1 326.9 205.4 411.7 373.9 225.8 189.6 303.8 232.0 332.2 38.0 388.6 327.9 379.0 289.2 255.7 160.2 241.6 181.7 216.2 40.6 273.3 203.7 288.2 251.3 159.3 143.1 369.7 383.8 208.9 159.3 168.1 99.0 363.0 280.4 169.7 567.2 220.9 133.0 255.8 286.9 409.0 219.2 96.1 423.4 184.0 182.1 161.9 85.5 356.0 135.0 264.1 232.1 209.0 270.5 286.2 214.4 236.7 181.3 196.3 591.5 252.2 157.0 305.0 343.3 520.6 236.6 301.9 249.4 141.4 149.6 431.4 280.0 138.5 240.3 211.5 296.8 151.4 268.3 118.3 236.5 417.7 116.0
2708.8 294.5 0.0 328.3 509.3 132.9 305.0 494.1 341.4 369.7 644.1 231.3 258.8 431.6 272.8 341.0 405.1 364.0 217.0 59.7 199.4 351.0 215.6 440.3 481.2 287.7 289.7 277.9 252.2 323.0 469.8 357.7 121.8 329.6 350.3 517.7 302.7 192.5 326.4 255.1 372.6 208.0 426.3 234.4 354.3 556.3 314.7 647.6 350.7 289.9 340.2 341.7 253.0 339.5 231.4 218.5 270.6 332.2 444.2 235.1 570.9 310.8 213.4 557.4 276.7 525.7 413.7 307.3 294.7 367.9 329.8 536.2 274.8 601.1 465.8 587.8 370.7 342.8 232.9 436.0 316.6 472.2 227.7 354.8 290.8 396.0 234.0 220.4 141.3 600.2 614.3 205.2 111.9 130.8 355.0 506.3 361.9 274.8 607.0 215.1 318.3 200.5 535.0 615.9 215.5 215.0 652.2 358.5 350.5 309.3 264.1 586.5 328.5 239.5 47.3 312.1 376.3 189.3 254.2 230.9 262.8 355.1 631.3 40.6 125.9 386.5 560.1 588.2 341.9 274.6 289.2 356.5 268.7 470.4 361.5 376.5 327.4 77.9 378.3 274.7 349.8 318.3 184.8 648.2 239.3
2726.0 224.1 344.3 0.0 606.9 320.8 287.9 626.5 214.3 455.2 704.4 312.5 196.8 564.0 166.8 323.9 391.3 350.2 138.0 340.0 323.7 124.0 400.4 572.7 461.0 66.8 387.3 370.4 384.6 206.1 438.0 340.6 225.4 54.6 69.9 493.8 185.8 247.2 337.8 80.2 340.8 340.4 374.7 367.5 79.3 564.7 245.8 753.4 314.9 422.3 214.5 136.1 345.5 307.7 146.2 160.5 212.8 470.6 536.7 367.5 546.5 443.2 262.1 551.1 84.0 623.3 546.1 124.9 186.8 140.9 443.6 556.4 261.6 612.8 552.1 603.2 188.3 184.8 361.8 465.8 405.9 440.4 232.0 137.3 221.9 112.7 359.0 350.7 204.1 593.9 608.0 387.2 247.7 229.1 323.2 587.2 179.5 129.8 739.4 347.5 301.2 174.9 511.1 633.2 397.5 287.5 647.6 322.7 333.4 386.1 276.9 580.2 285.6 183.2 300.8 420.6 89.6 387.4 386.6 363.3 80.4 338.0 763.7 320.9 216.9 169.0 567.5 732.2 213.8 409.6 421.6 365.6 361.2 602.8 144.0 362.7 258.5 251.6 197.2 212.7 167.4 301.2 233.5 641.9 177.3
2707.8 393.6 504.6 603.2 0.0 474.9 430.8 165.7 581.1 209.6 188.1 321.5 489.9 75.5 553.5 457.1 451.6 410.5 444.4 500.3 555.7 631.7 383.5 55.3 225.7 562.6 310.8 233.2 438.1 592.3 238.3 453.0 433.8 604.5 625.2 172.4 572.0 373.0 318.7 524.4 394.2 339.6 472.8 376.5 629.2 225.6 584.0 146.4 476.9 321.0 579.9 622.4 258.0 361.1 500.7 499.2 404.0 280.4 118.1 295.7 225.6 222.0 494.1 99.9 557.4 128.6 88.4 588.0 564.0 648.6 253.4 190.9 378.7 166.9 120.5 109.6 651.4 612.1 344.9 180.5 288.5 193.6 388.9 635.5 560.1 676.7 425.0 390.0 419.4 134.4 148.5 396.2 388.3 408.9 376.6 72.1 642.6 544.1 234.6 402.4 417.5 518.2 189.7 137.7 406.5 341.1 188.6 468.5 466.6 309.1 387.7 102.7 500.4 520.2 461.1 230.4 657.0 531.3 319.2 416.8 543.5 480.8 258.9 481.2 386.0 667.2 179.6 125.2 581.6 461.9 339.3 348.8 242.3 63.9 642.2 423.0 596.7 440.5 659.0 505.8 630.5 482.8 465.5 164.4 470.4
2648.9 245.3 129.1 319.1 474.3 0.0 290.6 459.1 327.0 334.7 609.1 196.3 244.4 396.6 263.6 326.6 405.4 364.3 198.9 124.8 59.4 341.8 180.6 405.3 522.0 278.5 254.7 318.7 217.2 346.7 435.9 343.3 145.5 320.4 341.1 482.7 326.4 233.3 367.2 278.8 372.9 173.0 377.4 199.4 345.1 521.3 338.4 612.6 336.3 254.9 325.8 332.5 293.8 339.8 255.1 193.9 234.0 297.2 446.4 200.1 535.9 275.8 109.2 522.4 267.5 490.7 378.7 298.1 318.4 358.7 294.8 501.2 278.1 566.1 430.8 552.8 361.5 358.0 197.9 476.8 281.6 438.3 232.3 345.6 314.5 386.8 199.0 185.4 182.1 565.2 579.3 170.2 152.7 171.6 355.3 471.3 352.7 298.5 572.0 180.1 303.9 140.6 500.0 580.9 180.5 180.0 617.2 344.1 336.1 274.3 268.7 551.5 265.3 158.9 85.6 277.1 367.1 66.5 219.2 195.9 253.6 340.7 596.3 105.7 166.7 377.3 525.1 553.2 327.5 239.6 254.2 397.3 309.5 435.4 352.3 376.8 351.1 101.6 369.1 260.3 340.6 303.9 97.5 613.2 224.9
2789.5 148.1 297.5 296.4 433.6 268.5 0.0 492.6 198.0 281.9 536.5 224.0 149.1 430.1 297.3 35.9 105.2 129.3 176.1 293.2 317.0 267.4 276.2 438.8 286.3 255.8 201.4 197.1 315.6 177.1 247.8 52.6 226.7 297.7 252.6 325.9 156.8 196.5 155.0 228.7 81.7 232.3 86.7 279.0 350.7 276.7 186.8 580.1 93.8 288.4 196.8 211.2 172.2 112.4 194.6 291.0 161.8 297.3 363.4 233.6 296.1 309.3 287.0 383.2 273.0 450.0 412.2 194.8 168.9 300.6 270.3 304.7 174.0 444.9 371.2 435.3 258.2 196.9 237.6 280.9 220.0 272.5 181.0 224.3 162.9 265.5 290.0 267.1 199.8 416.1 401.2 268.6 181.2 253.8 98.0 419.3 231.4 246.0 605.5 278.5 13.2 305.4 331.5 465.3 278.9 203.9 359.3 110.5 45.4 200.2 225.9 385.6 69.5 313.7 254.0 247.3 245.8 324.9 252.7 294.3 209.2 59.6 629.8 274.1 178.9 256.0 331.0 558.9 198.5 340.6 287.7 182.8 187.9 468.9 231.0 122.2 199.5 233.4 247.8 131.8 219.3 51.9 258.4 345.2 167.9
2669.0 576.4 522.5 658.9 179.8 471.3 609.1 0.0 648.2 319.2 276.9 501.4 565.6 113.1 733.4 635.4 550.1 509.0 520.1 518.2 519.8 717.0 363.9 235.2 413.2 618.3 490.7 413.1 395.3 644.8 410.2 631.3 613.7 660.2 680.9 344.3 624.5 552.9 498.6 580.1 568.8 376.3 642.1 418.9 684.9 341.4 654.5 280.4 646.2 352.0 647.0 678.9 437.9 530.6 559.1 587.6 586.8 343.2 298.0 292.1 400.2 260.3 507.5 254.6 635.5 308.5 120.3 655.9 619.7 733.9 340.8 380.1 481.4 339.5 300.4 255.6 719.3 664.6 401.2 360.4 468.4 365.5 492.2 692.0 630.6 733.2 398.5 411.0 599.3 266.3 280.4 369.7 568.2 588.8 546.1 252.0 699.1 599.8 239.8 398.8 595.8 520.9 361.6 285.6 380.0 521.0 285.0 637.8 644.9 489.0 490.4 275.4 678.7 557.2 479.0 410.3 713.5 527.7 316.3 374.0 611.4 659.1 264.1 499.1 565.9 723.7 334.3 221.0 648.7 458.3 365.3 528.7 422.2 243.8 698.7 521.5 668.7 495.0 715.5 581.5 687.0 661.1 495.8 299.1 546.1
2591.4 218.2 388.1 209.7 563.5 364.6 187.2 602.6 0.0 385.2 648.8 269.1 232.6 540.1 210.6 186.9 146.1 274.8 199.8 383.8 367.5 213.0 324.1 548.8 430.1 169.1 346.9 327.0 360.7 94.4 407.1 173.7 269.2 211.0 183.9 462.9 115.5 241.6 315.4 142.0 245.2 316.5 141.3 324.1 235.7 406.2 61.2 700.8 100.5 398.4 0.2 142.5 302.1 285.3 208.0 204.3 206.9 440.7 493.3 343.6 425.6 419.3 305.9 520.2 186.3 579.9 522.2 76.6 172.3 246.2 400.2 434.2 255.7 581.9 500.7 572.3 71.7 148.0 318.4 427.9 365.5 409.5 226.1 155.6 94.9 196.8 335.1 312.2 265.9 545.6 530.7 313.7 293.2 293.8 261.5 556.3 162.7 191.6 715.5 323.6 189.3 218.7 461.0 602.3 324.0 249.0 488.8 108.3 146.9 345.7 271.0 515.1 161.9 227.0 344.6 377.2 177.1 431.2 362.7 339.4 122.5 163.2 739.8 364.7 269.4 187.3 460.5 679.6 0.4 385.7 397.7 343.2 317.8 578.9 162.3 267.7 50.1 295.4 179.1 215.3 150.6 200.5 277.3 474.7 239.1
2826.2 188.5 357.1 417.4 193.8 331.8 235.8 284.1 394.6 0.0 382.0 174.0 324.1 221.6 436.3 262.1 264.5 223.4 278.6 352.8 380.3 475.5 224.4 210.4 160.6 376.8 163.3 85.7 290.6 413.0 101.1 258.0 286.3 418.7 439.4 156.9 392.7 265.2 152.8 338.6 175.8 192.1 286.3 229.0 443.4 226.5 426.2 340.3 290.4 173.5 393.4 447.1 110.5 142.7 317.6 356.3 198.9 132.9 123.6 152.6 209.6 56.5 346.6 258.3 394.0 210.2 203.7 414.4 378.2 492.4 105.9 238.7 214.4 302.0 168.3 272.3 477.8 432.8 197.4 115.4 141.0 103.5 229.2 460.2 392.3 476.8 259.0 242.5 331.7 297.1 311.2 230.2 240.8 261.4 158.2 207.2 467.3 358.3 397.0 259.3 222.5 381.4 174.2 300.4 240.5 193.6 350.8 282.0 271.6 161.6 274.1 265.4 305.4 372.7 313.6 82.9 459.1 388.2 171.7 269.3 369.9 285.8 421.3 333.7 238.5 491.9 230.6 319.1 395.1 318.8 191.8 180.6 94.8 219.0 466.9 235.9 415.1 293.0 483.7 340.0 455.2 287.8 318.0 327.1 304.6
2732.2 465.2 680.1 694.1 175.4 603.4 513.2 341.2 670.7 353.9 0.0 497.0 600.8 251.0 713.0 539.5 541.2 500.1 555.3 675.8 651.9 752.2 496.0 242.5 302.0 653.5 486.3 408.7 527.4 690.4 299.0 535.4 609.3 695.4 716.1 233.1 670.1 541.9 429.5 615.3 452.5 515.1 562.4 552.0 720.1 269.1 692.9 183.6 566.5 496.5 669.5 724.5 433.5 419.4 594.3 674.7 475.6 455.9 293.6 424.2 285.8 410.5 669.6 143.4 670.7 304.1 275.6 691.1 654.9 769.1 428.9 268.9 491.1 228.3 245.3 144.4 754.5 710.2 520.4 283.6 464.0 254.3 505.9 737.6 669.0 753.5 528.5 565.5 608.4 155.1 169.2 501.8 563.8 584.4 434.9 182.7 744.7 635.0 263.3 530.9 499.9 653.0 250.4 174.4 512.1 516.6 208.8 558.1 549.0 484.6 550.0 164.2 582.8 695.7 636.6 405.9 735.8 659.8 494.7 506.1 646.6 563.2 287.6 656.7 561.5 769.3 223.1 162.4 671.2 590.4 514.8 457.3 417.8 251.1 744.3 514.8 691.2 616.0 761.1 616.7 732.6 560.1 641.0 225.9 581.3
2752.1 145.1 207.4 306.0 338.7 230.2 208.6 381.5 275.3 187.0 526.9 0.0 192.7 319.0 256.3 234.9 229.4 188.3 147.2 203.1 258.5 334.5 103.0 327.7 305.5 265.4 124.5 102.2 139.6 295.1 294.1 230.8 136.6 307.3 328.0 349.9 274.8 75.8 150.7 227.2 196.9 95.4 250.6 54.9 332.0 403.7 286.8 485.2 254.7 177.3 274.1 325.2 77.3 163.8 203.5 202.0 134.6 219.6 268.5 122.5 402.6 198.2 196.9 403.2 260.2 355.1 301.1 290.8 266.8 351.4 175.4 383.6 107.4 446.9 313.2 417.2 354.2 314.9 120.3 260.3 143.1 296.5 91.7 338.3 262.9 379.5 103.4 68.4 122.2 442.0 456.1 74.6 91.1 111.7 179.3 352.1 345.4 246.9 494.4 121.7 195.3 221.0 367.2 445.3 84.9 43.9 495.7 246.3 244.4 123.3 116.4 410.3 211.8 223.0 163.9 152.4 359.8 286.6 141.6 118.3 246.3 258.6 518.7 184.0 88.8 370.0 407.5 475.6 275.8 181.2 176.6 180.8 93.0 357.8 345.0 200.8 299.5 143.3 361.8 208.6 333.3 260.6 168.3 472.0 173.2
2762.3 121.0 281.2 207.0 513.4 304.0 154.0 523.4 220.7 331.0 601.3 219.0 0.0 460.9 225.9 190.0 259.3 247.1 64.7 273.4 309.5 233.8 325.5 469.6 357.9 166.4 284.2 276.9 281.5 146.6 334.9 210.3 184.1 208.3 219.0 390.7 123.2 144.1 234.7 128.2 237.7 237.3 240.8 274.0 233.0 430.8 153.2 659.9 247.9 319.2 216.0 177.6 252.0 204.6 107.2 211.5 106.2 361.5 443.2 264.4 443.4 340.1 244.4 448.0 183.6 529.8 443.0 161.2 135.3 267.0 350.1 449.8 158.5 509.7 449.0 500.1 224.6 163.3 280.7 362.7 302.8 337.3 128.9 190.7 129.3 231.9 258.0 244.1 121.3 490.8 504.9 293.7 164.9 146.3 220.1 484.1 201.4 147.9 636.3 244.4 167.3 234.0 408.0 530.1 304.0 184.4 513.4 264.6 199.5 283.0 173.0 477.1 128.7 242.3 237.7 327.1 212.2 360.4 283.5 260.2 175.6 204.1 660.6 257.8 156.9 222.4 464.4 639.3 221.2 306.5 306.7 262.5 267.7 499.7 197.4 258.3 169.5 194.3 214.2 51.8 185.7 167.3 219.3 499.3 18.7
2632.2 474.5 457.0 593.4 99.9 405.8 511.7 90.1 582.7 290.5 240.1 402.4 500.1 0.0 634.4 538.0 532.5 491.4 454.6 452.7 454.3 712.6 298.4 79.9 306.6 552.8 391.7 314.1 329.8 579.3 329.4 533.9 514.7 594.7 615.4 263.5 559.0 453.9 399.6 514.6 475.1 310.8 553.7 353.4 619.4 299.5 664.9 243.6 557.8 286.5 581.5 613.4 338.9 442.0 493.6 584.7 484.9 361.3 199.0 226.6 306.5 194.8 442.0 180.8 638.3 209.5 67.3 668.9 554.2 729.5 334.3 299.3 459.6 240.7 201.4 190.5 732.3 599.1 335.7 261.4 369.4 284.7 469.8 626.5 641.0 667.7 333.0 345.5 500.3 229.5 243.6 304.2 469.2 489.8 457.5 145.9 633.6 534.3 203.0 333.3 498.4 455.4 280.8 218.6 314.5 422.0 248.2 549.4 547.5 390.0 468.6 183.6 581.3 491.7 413.5 311.3 648.0 462.2 250.8 308.5 624.4 561.7 227.3 433.6 466.9 658.2 253.5 184.2 583.2 392.8 299.8 429.7 323.2 80.3 633.2 503.9 677.6 429.5 650.0 516.0 621.5 563.7 430.3 245.3 480.6
2707.5 223.6 269.4 127.4 540.7 245.9 269.4 606.9 195.8 389.0 703.9 246.3 196.3 544.4 0.0 305.4 342.0 349.7 137.5 265.1 248.8 197.0 334.2 553.1 460.5 86.8 326.5 304.2 365.0 187.6 437.5 322.1 150.5 128.7 149.4 493.3 167.3 218.8 337.3 79.7 340.3 290.3 356.2 301.3 153.4 546.2 241.0 687.2 296.4 391.4 196.0 140.8 279.3 307.2 145.7 81.0 212.3 404.4 470.5 347.9 546.0 423.6 187.2 550.6 75.8 557.1 526.5 106.4 186.3 202.4 377.4 555.9 261.1 612.3 515.2 602.7 169.8 166.3 295.6 462.3 345.1 439.9 231.5 153.9 217.1 195.1 349.8 289.4 185.6 593.4 607.5 321.0 174.5 175.1 322.7 554.1 161.0 129.3 719.8 327.9 282.7 100.0 510.6 632.7 331.3 226.2 628.8 304.2 314.9 325.3 290.4 579.7 244.1 108.3 225.9 354.4 175.4 312.5 367.0 343.7 61.9 319.5 744.1 246.0 150.7 185.6 567.0 666.0 195.3 380.9 402.0 365.1 295.0 565.9 160.6 362.2 253.7 176.7 177.4 212.2 148.9 282.7 158.6 614.7 176.8
2774.0 197.0 356.8 355.7 463.2 327.8 59.2 522.2 182.5 311.5 566.1 243.8 208.4 459.7 356.6 0.0 134.8 158.9 235.4 352.5 376.3 326.7 305.8 468.4 315.9 315.1 231.0 226.7 374.9 236.4 277.4 82.2 286.0 357.0 311.9 355.5 216.1 255.8 184.6 288.0 111.3 261.9 116.3 298.8 410.0 306.3 214.1 609.7 78.3 318.0 181.3 270.5 201.8 142.0 253.9 345.7 221.1 326.9 393.0 263.2 325.7 338.9 346.3 412.8 332.3 479.6 441.8 259.2 228.2 359.9 299.9 334.3 222.9 474.5 400.8 464.9 254.3 256.2 267.2 310.5 249.6 302.1 237.7 283.6 247.8 324.8 349.3 312.3 259.1 445.7 430.8 318.5 240.5 313.1 127.6 448.9 290.7 305.3 635.1 337.2 42.8 364.7 361.1 494.9 328.8 263.2 388.9 84.5 29.9 229.8 282.6 415.2 128.8 373.0 313.3 276.9 305.1 384.2 282.3 353.6 268.5 44.1 659.4 333.4 238.2 315.3 360.6 588.5 183.0 399.9 317.3 212.4 217.5 498.5 290.3 151.8 203.0 292.7 307.1 191.1 278.6 111.2 317.7 374.8 227.2
2755.9 181.7 411.6 410.6 447.9 394.4 118.7 506.9 164.4 296.2 550.8 228.5 267.9 444.4 375.1 125.0 0.0 143.6 271.8 407.3 462.7 386.2 290.5 453.1 307.4 370.0 215.7 211.4 345.1 248.7 284.4 88.5 340.8 411.9 371.4 340.2 275.6 258.4 184.2 331.8 114.0 246.6 56.1 283.5 436.6 309.0 196.0 594.4 60.2 302.7 163.2 330.0 186.5 154.1 310.8 368.8 192.1 311.6 377.7 247.9 328.4 323.6 401.1 397.5 387.2 464.3 426.5 241.1 287.7 419.4 284.6 337.0 207.6 459.2 422.4 449.6 288.1 315.7 251.9 312.2 234.3 286.8 222.4 343.1 229.7 384.3 332.0 297.0 324.9 440.3 433.5 303.2 295.3 315.9 130.3 433.6 350.2 351.5 619.8 321.9 105.4 383.2 357.5 479.6 313.5 248.1 391.6 51.8 85.0 214.5 267.3 426.6 188.3 391.5 368.1 261.6 364.6 450.8 267.0 323.8 287.0 124.5 644.1 388.2 293.0 374.8 363.3 573.2 164.9 381.4 302.0 212.0 202.2 483.2 349.8 136.5 184.9 347.5 366.6 250.6 338.1 170.7 372.5 377.5 286.7
2845.7 141.7 371.6 370.6 407.9 354.4 103.9 466.9 254.2 256.2 510.8 188.5 253.1 404.4 401.3 130.2 124.7 0.0 231.8 367.3 422.7 371.4 250.5 413.1 267.4 330.0 175.7 171.4 305.1 281.1 244.4 126.1 300.8 371.9 356.6 300.2 260.8 218.4 144.2 291.8 119.2 206.6 145.9 243.5 396.6 314.2 285.8 554.4 150.0 262.7 253.0 315.2 146.5 114.1 298.6 395.0 152.1 271.6 337.7 207.9 333.6 283.6 361.1 357.5 347.2 424.3 386.5 298.8 272.9 404.6 244.6 342.2 167.6 419.2 382.4 409.6 326.0 300.9 211.9 272.2 194.3 246.8 182.4 328.3 266.9 369.5 292.0 257.0 284.9 400.3 414.4 263.2 255.3 275.9 129.6 393.6 335.4 311.5 579.8 281.9 90.6 409.4 317.5 439.6 273.5 208.1 396.8 141.6 139.7 174.5 227.3 386.6 173.5 387.2 328.1 221.6 349.8 410.8 227.0 283.8 313.2 153.9 604.1 348.2 253.0 360.0 373.9 533.2 254.7 341.4 262.0 172.0 162.2 443.2 335.0 96.1 274.7 307.5 351.8 235.8 323.3 155.9 332.5 382.7 271.9
2736.8 86.0 218.7 138.7 478.6 226.2 149.3 488.4 185.7 326.9 566.3 184.2 58.7 425.9 157.6 185.3 253.2 212.1 0.0 214.4 241.2 196.8 272.1 434.6 322.9 98.1 249.2 242.1 246.5 145.8 299.9 202.0 119.3 140.0 160.7 355.7 125.5 109.1 199.7 59.9 202.7 228.2 274.4 239.2 164.7 435.6 137.5 625.1 195.0 284.2 184.5 170.0 217.2 169.6 38.9 146.7 74.7 342.3 408.4 229.4 408.4 305.1 179.6 413.0 115.3 495.0 408.0 135.7 99.5 213.7 315.3 418.3 123.5 474.7 414.0 465.1 199.1 165.6 233.5 327.7 267.8 302.3 93.9 183.2 113.6 198.1 220.9 212.6 66.0 455.8 469.9 258.9 109.6 105.4 185.1 449.1 190.3 79.6 601.3 209.4 162.6 165.7 373.0 495.1 269.2 149.4 509.5 202.8 194.8 248.0 138.8 442.1 147.5 174.0 175.2 292.3 180.4 282.6 248.5 225.2 91.2 199.4 625.6 195.3 88.6 214.9 429.4 603.9 186.2 271.5 281.7 227.5 232.9 464.7 189.9 226.8 150.2 126.0 206.7 74.6 178.2 204.4 151.0 503.8 39.2
2703.3 289.0 78.5 322.8 503.8 127.4 299.5 488.6 335.9 364.2 638.6 225.8 249.7 426.1 267.3 335.5 399.6 358.5 211.5 0.0 193.9 345.5 216.3 434.8 475.7 282.2 284.2 272.4 246.7 320.6 464.3 352.2 116.3 324.1 344.8 512.2 297.2 187.0 320.9 249.6 367.1 202.5 420.8 228.9 348.8 550.8 309.2 642.1 345.2 284.4 334.7 336.2 247.5 334.0 225.9 213.0 265.1 326.7 438.7 229.6 565.4 305.3 207.9 551.9 271.2 520.2 408.2 301.8 289.2 362.4 324.3 530.7 269.3 595.6 460.3 582.3 365.2 337.3 227.4 430.5 311.1 466.7 222.2 349.3 285.3 390.5 226.4 214.9 135.8 594.7 608.8 199.7 106.4 125.3 349.5 500.8 356.4 269.3 601.5 209.6 312.8 195.0 529.5 610.4 210.0 209.5 646.7 353.0 345.0 303.8 257.8 581.0 323.0 234.0 41.8 306.6 370.8 183.8 248.7 225.4 257.3 349.6 625.8 8.0 120.4 381.0 554.6 582.3 336.4 269.1 281.9 351.0 263.2 464.9 356.0 373.2 321.9 72.4 372.8 269.2 344.3 312.8 179.3 642.7 233.8
2660.6 280.6 164.4 330.8 509.6 48.2 325.9 494.4 362.3 370.0 644.4 231.6 279.7 431.9 275.3 361.9 440.7 399.6 234.2 160.1 0.0 353.5 215.9 440.6 556.2 290.2 290.0 352.9 252.5 368.6 471.2 378.6 180.8 332.1 352.8 518.0 348.3 267.5 401.4 283.1 408.2 208.3 412.7 234.7 356.8 556.6 360.3 647.9 371.6 290.2 361.1 344.2 328.0 375.1 277.0 201.0 269.3 332.5 481.7 235.4 571.2 311.1 120.9 557.7 279.2 526.0 414.0 309.8 340.3 370.4 330.1 536.5 313.4 601.4 466.1 588.1 373.2 369.7 233.2 511.0 316.9 473.6 267.6 357.3 336.4 398.5 234.3 220.7 217.4 600.5 614.6 205.5 188.0 206.9 390.6 506.6 364.4 320.4 607.3 215.4 339.2 152.3 535.3 616.2 215.8 215.3 652.5 379.4 371.4 309.6 304.0 586.8 300.6 170.6 120.9 312.4 378.8 114.8 254.5 231.2 265.3 376.0 631.6 141.0 202.0 389.0 560.4 588.5 362.8 274.9 289.5 431.5 343.7 470.7 364.0 412.1 373.0 136.9 380.8 295.6 352.3 339.2 109.2 648.5 260.2
2681.2 266.9 350.4 113.6 621.7 326.9 270.8 687.9 215.2 470.0 747.2 327.3 239.6 625.4 214.3 306.8 376.1 393.0 180.8 346.1 329.8 0.0 415.2 634.1 503.8 109.6 407.5 385.2 446.0 189.0 480.8 323.5 231.5 69.2 130.7 536.6 168.7 299.8 380.6 123.0 352.6 371.3 357.6 382.3 93.9 547.6 242.4 768.2 315.8 472.4 215.4 119.2 360.3 350.5 189.0 184.6 255.6 485.4 551.5 428.9 589.3 504.6 268.2 593.9 126.8 638.1 607.5 125.8 188.4 33.1 458.4 575.6 304.4 655.6 596.2 646.0 189.2 167.7 376.6 508.6 426.1 483.2 274.8 57.5 218.5 89.4 430.8 370.4 246.9 636.7 650.8 402.0 255.5 256.1 366.0 630.0 137.9 172.6 800.8 408.9 284.1 199.0 553.9 676.0 412.3 307.2 630.2 323.6 316.3 406.3 319.7 623.0 245.5 207.3 306.9 435.4 115.6 393.5 448.0 424.7 123.2 320.9 825.1 327.0 231.7 84.9 610.3 747.0 214.7 452.4 483.0 408.4 376.0 646.9 50.8 405.5 255.1 257.7 135.8 255.5 125.8 284.1 239.6 616.1 220.1
2727.4 199.3 220.7 357.1 410.9 169.5 280.8 360.6 346.4 259.2 505.1 122.4 263.8 298.1 354.4 307.1 301.6 260.5 218.3 216.4 218.0 432.6 0.0 306.8 377.7 316.5 156.2 174.4 113.2 343.0 366.3 297.5 234.7 358.4 379.1 384.2 322.7 168.4 222.9 278.3 269.1 56.5 322.8 117.1 383.1 422.8 384.9 557.4 326.9 156.4 339.7 377.1 149.5 236.0 257.3 294.6 209.7 198.7 340.7 101.6 437.4 177.3 200.2 418.4 358.3 427.3 280.2 394.0 317.9 449.5 196.3 397.2 161.6 467.6 332.3 489.4 452.3 362.8 81.4 337.6 183.1 368.7 198.4 390.2 361.0 431.4 96.7 114.3 220.3 466.7 480.8 67.9 189.2 209.8 251.5 372.8 402.4 298.0 473.5 97.0 267.5 219.1 401.5 512.0 78.2 142.0 513.2 318.5 316.6 195.5 170.6 482.5 309.9 255.4 177.2 178.6 411.7 225.9 120.7 97.4 344.4 330.8 497.8 197.3 186.9 421.9 426.6 454.7 346.9 156.5 150.2 253.0 165.2 336.9 396.9 269.7 361.4 193.2 413.7 279.7 385.2 325.5 194.0 544.2 244.3
2675.8 415.6 516.4 615.0 70.5 424.3 442.6 133.7 592.9 221.4 270.3 333.3 501.7 71.2 565.3 468.9 463.4 422.3 456.2 512.1 472.8 643.5 316.9 0.0 252.4 574.4 322.6 245.0 348.3 604.1 249.4 464.8 445.6 616.3 637.0 183.5 583.8 384.8 330.5 536.2 402.9 351.4 484.6 388.3 641.0 219.5 595.8 217.0 488.7 332.8 591.7 634.2 269.8 369.8 512.5 515.6 426.0 292.2 129.9 245.1 236.2 233.8 505.9 117.0 569.2 140.4 33.0 599.8 575.8 660.4 265.2 219.3 390.5 160.7 132.3 149.0 663.2 623.9 356.7 192.3 300.3 204.7 400.7 647.3 571.9 688.5 351.5 401.8 431.2 159.8 173.9 322.7 400.1 420.7 385.3 65.9 654.4 555.9 246.6 351.8 429.3 473.9 200.8 177.1 333.0 352.9 213.5 480.3 478.4 320.9 399.5 146.1 512.2 532.0 472.9 242.2 668.8 480.7 331.0 327.0 555.3 492.6 270.9 493.0 397.8 679.0 173.5 195.8 593.4 411.3 351.1 360.6 254.1 30.0 654.0 434.8 608.5 452.3 670.8 517.6 642.3 494.6 477.3 207.8 482.2
2906.8 216.6 464.5 445.5 231.5 437.2 258.6 364.7 422.1 105.3 316.8 281.4 352.2 302.2 464.4 284.9 292.6 251.5 306.7 460.2 515.6 503.6 343.4 248.1 0.0 404.9 268.6 212.4 398.0 435.8 32.4 280.8 393.7 446.8 467.5 106.2 415.5 293.3 180.9 366.7 218.3 299.5 313.8 336.4 471.5 177.3 444.3 378.0 317.9 287.9 420.9 469.9 220.2 170.8 345.7 458.1 227.0 238.3 161.3 300.8 158.9 161.9 454.0 163.5 422.1 247.9 281.2 442.5 406.3 520.5 211.3 168.8 242.5 225.2 206.0 215.6 505.9 455.6 304.8 99.7 255.4 52.8 257.3 483.0 420.4 504.9 384.9 349.9 359.8 206.3 220.4 356.1 348.2 384.8 186.3 199.6 490.1 386.4 477.6 364.7 245.3 472.5 123.5 245.6 366.4 312.8 260.0 309.5 294.4 267.4 302.2 192.6 328.2 480.8 421.0 188.3 487.2 493.6 286.1 376.7 398.0 308.6 501.9 441.1 345.9 514.7 179.9 356.8 422.6 424.2 306.2 208.7 203.2 256.7 489.7 264.0 442.6 400.4 506.5 368.1 478.0 310.6 425.4 254.3 332.7
2694.4 192.5 303.4 55.8 574.7 279.9 256.3 594.9 182.7 423.0 672.8 280.3 165.2 532.4 125.9 292.3 359.7 318.6 106.4 299.1 282.8 113.9 368.2 541.1 429.4 0.0 355.7 338.2 353.0 174.5 406.4 309.0 184.5 57.1 77.8 462.2 154.2 215.6 306.2 48.6 309.2 324.3 343.1 335.3 81.8 533.1 214.2 721.2 283.3 390.7 182.9 104.5 313.3 276.1 114.6 115.0 181.2 438.4 504.5 335.9 514.9 411.6 221.2 519.5 17.1 591.1 514.5 93.3 155.2 130.8 411.4 524.8 230.0 581.2 549.2 571.6 156.7 153.2 329.6 434.2 374.3 408.8 200.4 140.8 190.3 115.2 327.4 319.1 172.5 562.3 576.4 355.0 208.5 209.1 291.6 555.6 147.9 98.2 707.8 315.9 269.6 134.0 479.5 601.6 365.3 255.9 616.0 291.1 301.8 354.5 245.3 548.6 254.0 142.3 259.9 388.4 97.5 346.5 355.0 331.7 48.8 306.4 732.1 280.0 184.7 172.5 535.9 700.0 182.2 378.0 390.0 334.0 329.0 599.9 147.5 331.1 226.9 210.7 165.6 181.1 135.8 269.6 192.6 610.3 145.7
2792.2 168.3 297.3 397.2 310.9 234.3 205.5 346.8 355.8 159.2 499.1 114.2 303.9 284.3 346.2 231.8 226.3 185.2 258.4 293.0 282.8 424.4 126.9 293.0 277.7 356.6 0.0 74.4 230.8 382.7 276.4 227.7 226.5 398.5 419.2 326.4 362.4 165.7 139.3 318.4 193.8 132.3 247.5 169.2 423.2 375.9 387.4 457.4 251.6 94.2 354.6 416.8 78.6 160.7 297.4 296.5 178.7 184.9 240.7 87.8 390.5 163.5 286.8 375.4 350.1 327.3 266.4 380.7 358.0 441.3 147.6 355.8 171.4 419.1 285.4 389.4 444.1 402.5 137.6 232.5 18.5 273.0 181.6 429.9 352.8 471.1 161.5 182.7 212.1 414.2 428.3 132.7 181.0 201.6 176.2 324.3 437.0 338.1 459.7 161.8 192.2 283.9 343.7 417.5 143.0 133.8 467.9 243.2 241.3 83.3 180.4 382.5 275.1 312.9 253.8 124.6 451.4 290.7 92.4 209.5 336.2 255.5 484.0 273.9 178.7 461.6 379.7 440.9 356.3 221.3 112.5 169.4 62.9 323.1 436.6 197.7 376.3 233.2 453.4 319.8 424.9 257.5 258.2 444.2 284.4
2884.3 165.9 271.3 369.9 236.4 294.1 197.5 342.2 347.8 84.7 424.6 88.2 301.5 279.7 320.2 223.8 218.3 177.2 256.0 267.0 322.4 398.4 150.2 253.0 203.2 329.3 77.5 0.0 204.8 359.0 201.9 219.7 200.5 371.2 391.9 251.9 338.7 139.7 85.4 291.1 153.2 106.3 239.5 143.2 395.9 301.4 350.7 382.9 243.6 87.7 346.6 389.1 24.7 120.1 267.4 265.9 176.3 100.1 166.2 125.6 316.0 117.1 260.8 300.9 324.1 252.8 261.8 354.7 330.7 415.3 73.1 281.3 145.4 344.6 210.9 314.9 418.1 378.8 111.6 158.0 55.2 198.5 155.6 402.2 326.8 443.4 191.7 156.7 186.1 339.7 353.8 162.9 155.0 175.6 135.6 249.8 409.3 310.8 455.1 199.6 184.2 284.9 269.2 343.0 173.2 107.8 393.4 235.2 233.3 75.8 154.4 308.0 267.1 286.9 227.8 50.1 423.7 350.5 85.9 183.5 310.2 247.5 479.4 247.9 152.7 433.9 305.2 361.7 348.3 259.1 106.0 115.5 9.0 261.6 408.9 189.7 363.4 207.2 425.7 317.4 397.2 249.5 232.2 369.7 282.0
2763.7 240.0 257.0 468.9 366.9 205.8 277.2 351.7 427.5 227.3 501.7 185.9 372.0 289.2 417.9 303.5 298.0 256.9 330.1 252.7 254.3 496.1 104.6 297.9 383.0 428.3 147.3 188.8 0.0 457.5 328.5 299.4 298.2 470.2 490.9 375.3 434.1 237.4 237.3 390.1 265.5 110.8 319.2 240.9 494.9 413.9 459.1 505.2 323.3 147.5 426.3 488.5 163.9 232.4 369.1 368.2 250.4 189.8 339.0 92.7 428.5 168.4 242.0 415.0 421.8 383.3 271.3 452.4 429.7 513.0 187.4 393.8 243.1 458.7 323.4 445.4 515.8 474.2 209.3 337.8 174.2 330.9 253.3 501.6 424.5 542.8 130.9 145.5 283.8 457.8 471.9 104.2 252.7 273.3 247.9 363.9 508.7 409.8 464.6 133.3 263.9 255.4 392.6 473.5 114.5 205.5 509.8 314.9 313.0 166.9 252.1 444.1 346.8 291.7 213.5 169.7 523.1 262.2 111.8 40.9 407.9 327.2 488.9 233.6 250.4 533.3 417.7 445.8 428.0 192.8 145.0 267.4 179.6 328.0 508.3 271.6 448.0 304.9 525.1 391.5 496.6 329.2 230.3 505.8 356.1
2664.0 227.0 331.9 217.5 554.3 339.4 160.0 593.4 91.6 402.6 696.6 259.9 145.0 530.9 218.4 196.0 265.3 289.4 144.1 330.8 354.4 188.5 318.1 539.6 446.4 176.9 361.5 317.8 354.7 0.0 407.9 212.7 232.5 218.8 173.7 486.0 21.1 232.4 315.1 149.8 241.8 307.3 246.8 314.9 271.8 436.8 101.4 700.8 182.5 389.2 90.4 132.3 292.9 272.5 137.1 207.5 218.9 431.5 484.1 334.4 456.2 410.1 296.0 546.5 194.1 570.7 513.0 146.1 100.9 221.7 391.0 464.8 264.5 605.0 531.3 595.4 144.3 146.6 309.2 441.0 380.1 432.6 234.9 145.4 107.7 186.6 328.0 306.2 207.0 576.2 561.3 304.5 225.6 218.6 258.1 579.4 152.5 195.8 706.3 314.4 173.3 226.5 491.6 625.4 314.8 239.8 522.6 190.3 205.5 360.3 279.0 545.7 134.7 234.8 288.4 368.0 166.9 395.8 353.5 330.2 130.3 210.1 730.6 308.5 201.8 177.1 491.1 680.2 92.1 376.5 376.7 342.9 308.6 569.7 152.1 284.5 90.3 239.2 168.9 124.2 140.4 173.3 264.2 505.3 160.3
2883.3 219.6 467.5 448.5 226.0 440.2 226.1 341.2 394.4 108.3 299.8 284.4 375.3 278.7 467.4 252.4 264.9 269.0 309.7 463.2 518.6 493.6 346.4 242.4 38.4 407.9 271.6 215.4 401.0 403.3 0.0 248.3 396.7 449.8 478.8 89.2 383.0 296.3 183.9 369.7 185.8 302.5 282.4 339.4 474.5 144.8 413.0 372.5 290.2 290.9 393.2 437.4 223.2 173.8 348.7 456.5 230.0 241.3 164.5 303.8 141.9 164.9 457.0 146.5 425.1 242.4 275.5 421.0 395.1 526.8 214.3 151.8 245.5 208.2 147.5 198.6 484.4 423.1 307.8 61.2 258.4 35.8 260.3 450.5 389.1 491.7 387.9 352.9 362.8 189.3 203.4 359.1 351.2 387.8 202.1 182.6 457.6 389.4 454.1 367.7 212.8 475.5 106.5 228.6 369.4 315.8 243.0 281.8 261.9 270.4 305.2 175.6 295.7 483.8 424.0 191.3 472.0 496.6 289.1 379.7 401.0 276.1 478.4 444.1 348.9 482.2 162.9 351.3 394.9 427.2 309.2 211.7 206.2 251.0 457.2 261.9 414.9 403.4 474.0 358.0 445.5 278.1 428.4 237.3 335.7
2761.9 178.3 358.9 357.8 444.5 329.9 61.3 503.5 170.4 292.8 547.4 225.1 210.5 441.0 358.7 87.6 116.1 140.2 237.5 354.6 378.4 328.8 290.3 449.7 297.2 317.2 212.3 208.0 341.7 251.5 258.7 0.0 288.1 359.1 314.0 336.8 218.2 257.9 165.9 290.1 92.6 243.2 34.0 280.1 412.1 287.6 202.0 591.0 66.2 299.3 169.2 272.6 183.1 123.3 256.0 352.4 188.7 308.2 374.3 244.5 307.0 320.2 348.4 394.1 334.4 460.9 423.1 247.1 230.3 362.0 281.2 315.6 204.2 455.8 382.1 446.2 242.2 258.3 248.5 291.8 230.9 283.4 219.0 285.7 235.7 326.9 328.6 293.6 261.2 427.0 412.1 299.8 242.6 315.2 108.9 430.2 292.8 307.4 616.4 318.5 48.0 366.8 342.4 476.2 310.1 244.7 370.2 57.8 91.0 211.1 263.1 396.5 130.9 375.1 315.4 258.2 307.2 386.3 263.6 320.4 270.6 130.5 640.7 335.5 240.3 317.4 341.9 569.8 170.9 402.0 296.8 193.7 198.8 479.8 292.4 135.3 190.9 294.8 309.2 193.2 280.7 113.3 319.8 356.1 229.3
2683.0 224.0 134.7 208.9 443.9 142.2 261.2 503.4 269.7 292.2 632.1 149.5 180.2 440.9 153.4 297.2 334.6 293.5 125.0 130.4 155.6 231.6 240.6 449.6 410.7 168.3 229.7 207.4 261.5 226.2 399.3 313.9 0.0 210.2 230.9 455.1 202.8 122.0 255.9 155.2 302.1 217.3 355.8 204.5 234.9 508.9 214.8 590.4 280.2 299.2 268.5 222.3 182.5 269.0 131.5 99.1 199.8 307.6 373.7 244.4 507.8 320.1 94.0 508.4 157.3 460.3 423.0 187.9 194.8 248.5 280.6 488.8 204.3 552.1 418.4 522.4 251.3 242.9 198.8 365.5 248.3 401.7 157.2 235.4 190.9 276.6 250.9 192.6 88.8 547.2 561.3 224.2 96.2 78.3 284.5 457.3 242.5 174.9 616.3 224.4 274.5 118.1 472.4 550.5 234.5 129.4 600.9 288.0 306.7 228.5 192.8 515.5 258.0 120.1 91.2 257.6 256.9 198.6 263.5 240.2 143.4 311.3 640.6 111.3 53.9 267.1 512.7 569.2 270.2 283.9 296.7 286.0 198.2 479.7 242.1 308.2 227.5 42.0 258.9 199.7 230.4 274.5 65.4 577.2 164.3
2715.8 213.9 334.1 42.6 596.7 310.6 277.7 616.3 204.1 445.0 694.2 302.3 186.6 553.8 156.6 313.7 381.1 340.0 127.8 329.8 313.5 93.0 390.2 562.5 450.8 56.6 377.1 360.2 374.4 195.9 427.8 330.4 215.2 0.0 77.7 483.6 175.6 237.0 327.6 70.0 330.6 330.2 364.5 357.3 24.6 554.5 235.6 743.2 304.7 412.1 204.3 125.9 335.3 297.5 136.0 145.7 202.6 460.4 526.5 357.3 536.3 433.0 251.9 540.9 73.8 613.1 535.9 114.7 176.6 109.9 433.4 546.2 251.4 602.6 541.9 593.0 178.1 174.6 351.6 455.6 395.7 430.2 221.8 120.1 211.7 58.0 348.8 340.5 193.9 583.7 597.8 377.0 237.5 218.9 313.0 577.0 169.3 119.6 729.2 337.3 291.0 164.7 500.9 623.0 387.3 277.3 637.4 312.5 323.2 375.9 266.7 570.0 275.4 173.0 290.6 410.4 97.4 377.2 376.4 353.1 70.2 327.8 753.5 310.7 206.7 147.5 557.3 722.0 203.6 399.4 411.4 355.4 351.0 592.6 113.4 352.5 248.3 241.4 187.0 202.5 157.2 291.0 223.3 631.7 167.1
2760.0 245.4 365.6 89.2 628.2 342.1 264.0 647.8 208.4 476.5 725.7 333.8 218.1 585.3 188.1 300.0 369.3 371.5 159.3 361.3 345.0 110.4 421.7 594.0 482.3 88.1 408.6 391.7 405.9 182.2 459.3 316.7 246.7 108.5 0.0 515.1 161.9 268.5 359.1 101.5 362.1 361.7 350.8 388.8 133.2 540.8 235.6 774.7 309.0 443.6 208.6 112.4 366.8 329.0 167.5 177.2 234.1 491.9 558.0 388.8 567.8 464.5 283.4 572.4 105.3 644.6 567.4 119.0 208.1 143.6 464.9 577.7 282.9 634.1 573.4 624.5 182.4 160.9 383.1 487.1 427.2 461.7 253.3 67.3 211.7 108.5 380.3 372.0 225.4 615.2 629.3 408.5 269.0 250.4 344.5 608.5 131.1 151.1 760.7 368.8 277.3 196.2 532.4 654.5 418.8 308.8 623.4 316.8 309.5 407.4 298.2 601.5 238.7 204.5 322.1 441.9 19.6 408.7 407.9 384.6 101.7 314.1 785.0 342.2 238.2 99.0 588.8 753.5 207.9 430.9 442.9 386.9 382.5 624.1 74.0 384.0 248.3 272.9 129.0 234.0 119.0 277.3 254.8 609.3 198.6
2819.7 277.7 525.6 506.6 162.4 493.3 329.2 277.6 481.2 166.4 236.2 342.5 413.3 215.1 525.5 355.5 368.0 312.6 367.8 521.3 541.8 564.7 404.5 178.8 114.5 466.0 329.7 273.5 459.1 506.4 111.5 351.4 454.8 507.9 528.6 0.0 486.1 354.4 242.0 427.8 288.9 360.6 372.9 397.5 532.6 108.3 512.8 308.9 377.0 349.0 480.0 540.5 281.3 231.9 406.8 514.6 288.1 311.1 154.5 314.1 52.7 223.0 515.1 82.9 483.2 178.8 211.9 503.6 467.4 581.6 284.1 88.2 303.6 144.6 83.9 135.0 567.0 526.2 365.9 96.1 316.5 66.8 318.4 553.6 492.2 594.8 446.0 411.0 420.9 125.7 139.8 417.2 409.3 445.9 247.4 119.0 560.7 447.5 390.5 420.8 315.9 533.6 17.3 165.0 427.5 373.9 179.4 368.6 365.0 328.5 363.3 112.0 398.8 541.9 482.1 261.1 575.1 549.7 347.2 437.8 459.1 379.2 414.8 502.2 407.0 585.3 99.3 287.7 481.7 480.3 367.3 269.8 264.3 187.4 560.3 325.1 501.7 461.5 577.1 429.2 548.6 381.2 486.5 173.7 393.8
2684.3 205.9 310.8 196.4 533.2 318.3 138.9 572.3 111.9 381.5 675.5 238.8 120.4 509.8 197.3 174.9 244.2 268.3 119.8 306.5 333.3 167.4 293.8 518.5 425.3 155.8 340.4 296.7 330.4 20.2 386.8 191.6 211.4 197.7 152.6 464.9 0.0 211.3 294.0 128.7 220.7 286.2 225.7 293.8 250.7 415.7 110.5 679.7 232.8 368.1 110.7 111.2 271.8 251.4 116.0 191.0 194.6 410.4 463.0 313.3 435.1 389.0 271.7 522.2 173.0 549.6 491.9 94.8 79.8 200.6 369.9 443.7 243.4 583.9 510.2 574.3 158.2 96.9 288.1 419.9 359.0 411.5 213.8 124.3 86.6 165.5 304.8 281.9 185.9 555.1 540.2 283.4 204.5 197.5 237.0 558.3 131.4 174.7 685.2 293.3 152.2 205.4 470.5 604.3 293.7 218.7 498.3 249.5 184.4 339.2 258.7 524.6 113.6 213.7 267.3 346.9 145.8 374.7 332.4 309.1 109.2 189.0 709.5 287.4 180.7 156.0 470.0 658.5 112.4 355.4 367.4 321.8 287.5 548.6 131.0 261.2 110.6 218.1 147.8 103.1 119.3 152.2 243.1 484.2 139.2
2745.8 92.4 198.9 247.7 369.2 221.7 216.2 446.2 255.0 217.5 557.4 74.8 154.4 383.7 247.8 252.2 259.9 218.8 108.9 194.6 250.0 305.8 168.9 385.8 336.0 207.1 155.0 132.7 214.5 257.9 306.3 261.3 128.1 249.0 269.7 362.1 234.5 0.0 181.2 168.9 209.1 118.8 281.1 129.8 273.7 434.2 246.5 515.7 285.2 219.9 253.8 279.0 107.8 176.0 147.9 193.5 81.1 232.9 299.0 187.2 414.8 262.9 188.4 433.7 224.3 385.6 365.8 244.7 208.5 322.7 205.9 414.1 129.6 477.4 343.7 447.7 308.1 274.6 124.1 290.8 173.6 308.7 82.5 292.2 222.6 307.1 176.2 117.9 113.7 472.5 486.6 149.5 82.6 103.2 191.5 382.6 299.3 188.6 559.1 179.5 225.8 212.5 379.4 475.8 159.8 54.7 526.2 276.8 261.7 153.8 118.1 440.8 135.9 214.5 155.4 182.9 289.4 278.1 206.3 193.2 200.2 266.3 583.4 175.5 80.3 323.9 435.8 494.5 255.5 260.0 229.5 211.3 123.5 394.4 298.9 233.5 259.2 134.8 315.7 170.3 287.2 210.8 159.8 502.5 134.9
2903.1 106.1 336.2 335.0 318.3 359.0 147.6 424.1 311.6 166.6 457.0 153.1 241.7 361.6 353.9 173.9 182.1 141.0 196.2 331.9 387.3 393.1 215.1 334.9 213.6 294.4 158.1 81.8 269.7 324.8 190.6 169.8 265.4 336.3 357.0 246.4 304.5 182.8 0.0 256.2 75.4 171.2 203.3 208.1 361.0 322.3 333.8 464.8 207.4 169.0 310.4 358.9 89.6 42.3 235.2 347.6 116.5 182.0 248.1 190.3 299.1 199.0 325.7 303.7 311.6 334.7 343.7 332.0 295.8 410.0 155.0 309.0 132.0 365.4 292.8 355.8 395.4 344.6 176.5 239.9 136.5 193.0 146.8 372.0 309.9 394.4 256.6 221.6 249.3 346.5 360.6 227.8 219.9 240.5 57.8 331.7 379.1 275.9 537.0 264.3 134.3 362.0 263.7 385.8 238.1 172.7 400.2 199.0 183.4 156.9 191.7 332.8 217.2 351.8 292.7 132.0 376.7 415.4 167.2 248.4 287.5 197.6 561.3 312.8 217.6 403.7 320.1 443.6 312.1 323.8 187.3 30.0 72.6 343.5 378.7 153.5 332.1 272.1 395.5 257.6 367.0 199.6 297.1 394.5 222.2
2676.8 143.8 275.1 78.7 526.6 251.6 211.9 546.2 220.4 374.9 624.1 232.2 116.5 483.7 97.6 247.9 311.0 269.9 57.7 270.8 254.5 136.8 320.1 492.4 380.7 38.1 307.0 290.1 304.3 161.4 357.7 264.6 156.2 80.0 100.7 413.5 141.1 166.9 257.5 0.0 260.5 260.1 298.7 287.2 104.7 488.7 165.5 673.1 252.8 342.0 219.2 110.0 265.2 227.4 65.9 91.3 132.5 390.3 456.4 287.2 466.2 362.9 192.9 470.8 55.3 543.0 465.8 75.7 106.5 153.7 363.3 476.1 181.3 532.5 471.8 522.9 139.1 135.6 281.5 385.5 325.6 360.1 151.7 123.2 141.6 138.1 278.7 270.4 123.8 513.6 527.7 306.9 167.4 148.8 242.9 506.9 130.3 49.5 659.1 267.2 225.2 105.7 430.8 552.9 317.2 207.2 567.3 260.6 257.4 305.8 196.6 499.9 205.3 114.0 231.6 340.3 120.4 318.2 306.3 283.0 31.2 262.0 683.4 251.7 136.6 154.9 487.2 651.9 220.9 329.3 341.3 285.3 280.9 522.5 129.9 282.4 178.2 182.4 146.7 132.4 118.2 225.2 164.3 561.6 97.0
2831.9 126.9 383.0 355.8 391.6 340.7 72.1 478.3 240.4 187.5 457.8 199.9 221.3 415.8 369.5 98.4 110.9 115.0 217.0 378.7 389.2 339.6 261.9 400.4 214.4 315.2 187.1 155.1 316.5 249.3 191.4 94.3 312.2 357.1 324.8 247.2 229.0 203.6 73.2 277.0 0.0 218.0 128.4 254.9 381.8 246.8 259.0 538.1 136.2 242.3 239.2 283.4 157.9 30.7 266.8 363.2 137.3 255.3 321.4 219.3 266.2 244.1 372.5 304.5 332.4 408.0 397.9 267.0 241.1 372.8 228.3 274.8 152.8 366.2 305.5 356.6 330.4 269.1 223.3 219.2 205.7 193.8 167.6 296.5 235.1 337.7 303.4 268.4 270.1 347.3 361.4 274.6 266.7 295.1 16.3 340.6 303.6 296.7 591.2 293.3 58.8 377.6 264.5 386.6 284.9 219.5 329.4 127.8 107.9 185.9 212.5 333.6 141.7 385.9 339.5 205.3 318.0 397.1 238.4 295.2 281.4 122.1 615.5 359.6 264.4 328.2 320.9 516.9 240.9 352.8 273.4 101.0 145.9 409.0 303.2 107.9 260.9 318.9 320.0 204.0 291.5 124.1 343.9 315.3 240.1
2727.1 142.7 248.9 347.5 354.3 169.2 224.2 340.3 316.8 215.9 490.3 65.8 278.3 277.8 297.8 250.5 245.0 203.9 232.8 244.6 217.7 376.0 43.8 286.5 321.1 306.9 135.9 117.8 98.4 336.6 309.7 246.4 178.1 348.8 369.5 363.9 316.3 117.3 166.3 268.7 212.5 0.0 266.2 120.8 373.5 402.5 328.3 493.8 270.3 136.1 315.6 366.7 92.9 179.4 245.0 248.1 153.1 178.4 284.1 81.3 417.1 157.0 238.4 403.6 301.7 370.7 259.9 332.3 308.3 392.9 176.0 382.4 105.0 447.3 312.0 432.8 395.7 356.4 24.8 275.9 162.8 312.1 141.8 379.8 304.4 421.0 96.4 134.3 163.7 446.4 460.5 67.6 132.6 153.2 194.9 352.5 386.9 288.4 453.2 96.7 210.9 218.8 381.2 460.9 77.9 85.4 498.4 261.9 260.0 138.9 114.0 432.7 253.3 264.5 205.4 158.3 401.3 225.6 100.4 77.1 287.8 274.2 477.5 225.5 130.3 411.5 406.3 434.4 317.3 156.2 135.4 196.4 108.6 316.6 386.5 216.4 341.0 184.8 403.3 294.2 374.8 268.9 209.8 494.4 258.8
2727.8 210.7 367.7 346.1 476.9 338.7 93.7 535.9 136.3 325.2 579.8 257.5 242.9 473.4 347.0 96.9 52.8 172.6 216.9 363.4 387.2 349.4 319.5 482.1 329.6 305.5 244.7 240.4 385.8 220.6 291.1 32.4 296.9 347.4 320.3 369.2 241.7 266.7 198.3 278.4 125.0 275.6 0.0 312.5 372.1 320.0 167.9 623.4 32.1 331.7 135.1 278.9 215.5 155.7 255.9 336.1 232.0 340.6 406.7 276.9 339.4 352.6 357.2 426.5 322.7 493.3 455.5 213.0 262.7 382.6 313.6 348.0 236.6 488.2 414.5 478.6 208.1 284.4 280.9 324.2 263.3 315.8 251.2 292.0 201.6 333.2 360.2 337.3 270.0 459.4 444.5 332.2 251.4 272.0 141.3 462.6 299.1 296.6 648.8 348.7 80.4 355.1 374.8 508.6 342.5 274.1 402.6 23.7 56.9 243.5 296.1 428.9 163.3 363.4 324.2 290.6 313.5 395.1 296.0 364.5 258.9 96.4 673.1 344.3 249.1 323.7 374.3 602.2 136.8 410.8 331.0 226.1 231.2 512.2 298.7 165.5 156.8 303.6 315.5 225.6 287.0 145.7 328.6 388.5 261.7
2763.3 188.2 250.5 349.1 381.8 205.4 251.7 392.7 318.4 230.1 570.0 43.0 235.8 330.2 299.4 278.0 272.5 231.4 190.3 246.2 253.9 377.6 114.2 338.9 348.6 308.5 167.6 145.3 150.8 338.2 337.2 273.9 179.7 350.4 371.1 393.0 317.9 118.9 193.8 270.3 240.0 106.6 293.7 0.0 375.1 454.9 329.9 528.3 297.8 188.5 317.2 368.3 120.4 206.9 246.6 249.7 177.7 230.8 311.6 133.7 469.5 209.4 240.0 456.0 303.3 398.2 312.3 333.9 309.9 394.5 228.4 434.8 150.5 499.7 364.4 460.3 397.3 358.0 131.5 303.4 215.2 339.6 134.8 381.4 306.0 422.6 114.6 79.6 165.3 498.8 512.9 85.8 134.2 154.8 222.4 404.9 388.5 290.0 505.6 132.9 238.4 264.1 410.3 488.4 96.1 87.0 550.8 289.4 287.5 166.4 159.5 453.4 254.9 266.1 207.0 210.7 402.9 261.8 152.8 129.5 289.4 301.7 529.9 227.1 131.9 413.1 458.7 486.8 318.9 192.4 187.8 223.9 136.1 369.0 388.1 243.9 342.6 186.4 404.9 251.7 376.4 303.7 211.4 515.1 216.3
2750.6 248.7 368.9 77.4 631.5 345.4 312.5 651.1 238.9 479.8 729.0 337.1 221.4 588.6 191.4 348.5 415.9 374.8 162.6 364.6 348.3 142.2 425.0 597.3 485.6 91.4 411.9 395.0 409.2 230.7 462.6 365.2 250.0 34.7 112.5 518.4 210.4 271.8 362.4 104.8 365.4 365.0 399.3 392.1 0.0 589.3 270.4 778.0 339.5 446.9 239.1 160.7 370.1 332.3 170.8 185.1 237.4 495.2 561.3 392.1 571.1 467.8 286.7 575.7 108.6 647.9 570.7 149.5 211.4 144.7 468.2 581.0 286.2 637.4 576.7 627.8 212.9 209.4 386.4 490.4 430.5 465.0 256.6 128.4 246.5 66.3 383.6 375.3 228.7 618.5 632.6 411.8 272.3 253.7 347.8 611.8 204.1 154.4 764.0 372.1 325.8 199.5 535.7 657.8 422.1 312.1 672.2 347.3 358.0 410.7 301.5 604.8 310.2 207.8 325.4 445.2 132.2 412.0 411.2 387.9 105.0 362.6 788.3 345.5 241.5 155.8 592.1 756.8 238.4 434.2 446.2 390.2 385.8 627.4 121.7 387.3 283.1 276.2 206.7 237.3 192.0 325.8 258.1 666.5 201.9
2745.3 343.7 567.0 564.1 188.4 519.3 267.6 303.6 419.6 217.8 280.2 383.9 416.8 241.1 565.0 293.9 306.4 310.5 443.8 562.7 567.8 535.1 411.9 205.0 175.9 523.5 382.6 295.6 500.5 444.8 137.4 289.8 496.2 565.4 520.3 111.4 424.5 420.4 300.6 496.4 227.3 402.0 311.3 438.9 618.4 0.0 451.2 334.9 315.4 383.4 418.4 478.9 320.4 258.0 462.3 554.1 354.1 342.8 180.5 340.1 58.7 274.4 556.5 126.9 540.7 204.8 223.2 462.5 436.6 568.3 315.8 43.4 369.6 188.6 109.9 179.0 525.9 464.6 407.3 144.1 350.9 136.7 384.4 492.0 430.6 533.2 446.5 452.4 486.9 139.3 124.4 417.7 450.7 471.3 243.6 163.0 499.1 513.5 416.5 446.8 254.3 573.1 94.1 209.0 428.0 403.5 82.5 307.0 303.4 381.4 429.3 108.8 337.2 581.4 523.5 292.8 513.5 575.7 381.6 479.2 476.9 317.6 440.8 543.6 448.4 523.7 54.2 313.7 420.1 506.3 401.7 328.4 304.7 213.6 498.7 303.4 440.1 502.9 515.5 399.5 487.0 319.6 527.9 68.4 435.6
2646.3 216.5 321.4 259.4 581.3 328.9 167.5 600.9 54.8 429.6 696.8 286.9 149.0 538.4 265.5 203.5 191.3 296.9 130.4 317.1 343.9 239.7 374.8 547.1 453.4 218.8 367.1 344.8 359.0 97.3 415.4 220.2 222.0 260.7 224.9 486.2 118.4 239.6 322.6 180.6 249.3 330.9 254.3 341.9 285.4 444.3 0.0 727.8 145.7 396.7 53.6 183.5 319.9 280.0 159.6 259.2 205.2 445.0 511.1 341.9 463.7 417.6 282.3 543.5 236.0 597.7 520.5 131.5 141.2 272.9 418.0 472.3 254.0 605.2 555.8 595.6 126.6 169.2 336.2 448.5 385.7 432.8 224.4 196.6 65.5 237.8 333.4 330.0 196.5 586.3 568.8 361.6 215.1 208.1 265.6 579.6 203.7 200.3 713.8 321.9 180.8 273.6 503.5 625.6 371.9 266.8 526.9 153.5 213.0 365.9 269.3 553.2 142.2 281.9 277.9 395.0 218.1 385.3 361.0 337.7 177.4 217.6 738.1 298.0 191.3 228.3 498.6 706.6 55.3 384.0 396.0 350.4 335.6 606.5 203.3 289.8 12.6 228.7 220.1 131.7 191.6 180.8 253.7 512.8 169.7
2640.1 546.7 657.7 756.3 153.0 612.5 583.9 318.8 734.2 362.7 238.2 474.6 643.0 228.6 706.6 610.2 604.7 563.6 597.5 653.4 661.0 784.8 536.6 208.4 378.8 715.7 463.9 386.3 591.2 745.4 391.4 606.1 586.9 757.6 778.3 325.5 725.1 526.1 471.8 677.5 547.3 492.7 625.9 529.6 782.3 372.5 737.1 0.0 630.0 474.1 733.0 775.5 411.1 514.2 653.8 656.9 557.1 433.5 271.2 433.3 378.7 375.1 647.2 253.0 710.5 281.7 241.5 741.1 717.1 801.7 406.5 344.0 531.8 320.0 273.6 262.7 804.5 765.2 498.0 333.6 441.6 346.7 542.0 788.6 713.2 829.8 578.1 543.1 572.5 257.5 271.6 549.3 541.4 562.0 529.7 225.2 795.7 697.2 171.2 540.0 570.6 671.3 342.8 290.8 559.6 494.2 316.1 621.6 619.7 462.2 540.8 255.8 653.5 673.3 614.2 383.5 810.1 668.9 472.3 569.9 696.6 633.9 195.5 634.3 539.1 820.3 332.7 61.8 734.7 599.5 492.4 501.9 395.4 217.0 795.3 576.1 749.8 593.6 812.1 658.9 783.6 635.9 618.6 330.2 623.5
2695.6 211.1 335.5 313.9 478.5 306.5 143.3 537.5 104.1 284.6 548.2 262.0 205.1 475.0 314.8 86.3 45.5 174.2 184.7 331.2 355.0 317.2 317.0 483.7 329.5 273.3 246.3 242.0 353.6 188.4 306.5 73.1 264.7 315.2 288.1 362.3 209.5 234.5 214.8 246.2 144.6 309.4 40.7 317.0 339.9 305.6 135.7 600.2 0.0 333.3 102.9 246.7 217.1 184.7 223.7 308.5 199.8 342.2 408.3 278.5 325.0 341.2 325.0 419.6 290.5 494.9 457.1 180.8 224.9 350.4 315.2 333.6 248.6 481.3 400.1 471.7 175.9 252.2 311.3 327.3 264.9 308.9 219.0 259.8 169.4 301.0 328.0 305.1 237.8 445.0 430.1 306.6 219.2 239.8 160.9 455.7 266.9 264.4 650.4 316.5 88.7 322.9 360.4 501.7 316.9 241.9 388.2 7.7 46.3 245.1 263.9 414.5 154.8 331.2 292.0 292.2 281.3 362.9 297.6 332.3 226.7 76.6 674.7 312.1 216.9 291.5 359.9 579.0 104.6 378.6 332.6 242.6 232.8 513.8 266.5 167.1 124.6 271.4 283.3 187.8 254.8 138.6 296.4 374.1 223.9
2863.8 226.5 337.5 436.1 323.2 256.8 263.7 321.7 414.0 171.5 471.7 154.4 322.8 259.2 386.4 290.0 284.5 243.4 277.3 333.2 305.3 464.6 149.4 267.9 290.0 395.5 76.3 86.7 180.8 425.2 288.7 285.9 266.7 437.4 458.1 345.3 404.9 205.9 151.6 357.3 227.1 172.5 305.7 209.4 462.1 383.9 416.9 469.7 309.8 0.0 412.8 455.3 90.9 194.0 333.6 336.7 236.9 159.8 253.0 89.9 398.5 138.4 327.0 385.0 390.3 339.6 241.3 420.9 396.9 481.5 157.4 363.8 211.6 428.7 293.4 401.7 484.3 445.0 177.8 244.8 54.0 285.3 221.8 468.4 393.0 509.6 184.0 222.9 252.3 427.8 441.9 155.2 221.2 241.8 209.5 333.9 475.5 377.0 434.6 184.3 250.4 306.4 362.6 429.8 165.5 174.0 479.8 301.4 299.5 95.6 220.6 394.8 333.3 353.1 294.0 139.7 489.9 313.2 45.5 159.5 376.4 313.7 458.9 314.1 218.9 500.1 387.7 415.8 414.5 243.8 18.2 181.7 75.2 298.0 475.1 255.9 429.6 273.4 491.9 338.7 463.4 315.7 298.4 456.5 303.3
2591.6 217.0 388.3 209.9 562.3 364.8 186.0 601.4 0.2 384.0 647.6 267.9 232.8 538.9 210.8 185.7 144.9 273.6 200.0 384.0 367.7 213.2 322.9 547.6 428.9 169.3 345.7 325.8 359.5 94.6 405.9 172.5 269.4 211.2 184.1 461.7 115.7 240.4 314.2 142.2 244.0 315.3 140.1 322.9 235.9 405.0 60.0 699.6 99.3 397.2 0.0 142.7 300.9 284.1 208.2 199.9 205.7 439.5 492.1 342.4 424.4 418.1 306.1 519.0 186.5 578.7 521.0 76.8 172.5 246.4 399.0 433.0 254.5 580.7 499.5 571.1 71.9 148.2 317.2 426.7 364.3 408.3 224.9 155.8 93.7 197.0 336.0 311.0 266.1 544.4 529.5 312.5 293.4 294.0 260.3 555.1 162.9 191.8 714.3 322.4 188.1 218.9 459.8 601.1 322.8 247.8 487.6 107.1 145.7 344.5 269.0 513.9 160.7 227.2 344.8 376.0 177.3 431.4 361.5 338.2 122.7 162.0 738.6 364.9 269.6 187.5 459.3 679.0 0.6 384.5 384.7 342.0 316.6 577.7 162.5 268.7 48.9 295.6 179.3 215.5 150.8 199.3 277.5 473.5 239.3
2670.1 255.3 375.5 156.0 638.1 352.0 214.0 657.7 158.4 486.4 735.6 343.7 195.5 595.2 198.0 250.0 319.3 381.4 169.2 371.2 354.9 98.6 431.6 603.9 492.2 115.4 418.5 401.6 415.8 132.2 469.2 266.7 256.6 163.7 83.8 525.0 111.9 278.4 369.0 111.4 295.8 371.6 300.8 398.7 181.9 490.8 185.6 784.6 259.0 453.5 158.6 0.0 376.7 338.9 177.4 187.1 244.0 501.8 567.9 398.7 510.2 474.4 293.3 582.3 132.6 654.5 577.3 69.0 131.6 131.8 474.8 518.8 292.8 644.0 583.3 634.4 132.4 110.9 393.0 497.0 437.1 471.6 263.2 55.5 161.7 96.7 390.2 381.9 235.3 625.1 639.2 418.4 278.9 260.3 312.1 618.4 81.1 161.0 770.6 378.7 227.3 206.1 542.3 664.4 428.7 318.7 573.4 266.8 259.5 417.3 308.1 611.4 188.7 214.4 332.0 451.8 77.0 418.6 417.8 394.5 111.6 264.1 794.9 352.1 248.1 87.2 545.1 763.4 157.9 440.8 452.8 396.8 392.4 634.0 62.2 336.3 198.3 282.8 61.0 178.2 69.0 227.3 264.7 559.3 208.5
2793.4 135.5 246.5 345.1 261.3 269.3 172.7 359.8 323.0 109.6 449.5 63.4 231.8 297.3 295.4 199.0 193.5 152.4 186.3 242.2 297.6 373.6 125.4 277.9 228.1 304.5 68.6 24.8 180.0 334.2 217.1 194.9 175.7 346.4 367.1 272.9 313.9 114.9 73.3 266.3 148.8 81.5 214.7 118.4 371.1 326.3 325.9 407.8 218.8 112.0 321.8 364.3 0.0 115.7 242.6 241.1 145.9 125.0 191.1 100.8 325.6 176.5 236.0 325.8 299.3 277.7 279.4 329.9 305.9 390.5 98.0 306.2 120.6 369.5 235.8 339.8 393.3 354.0 86.8 182.9 87.2 219.5 130.8 377.4 302.0 418.6 166.9 131.9 161.3 364.6 378.7 138.1 130.2 150.8 131.2 274.7 384.5 286.0 472.7 174.8 159.4 260.1 290.2 367.9 148.4 83.0 418.3 210.4 208.5 67.4 129.6 332.9 242.3 262.1 203.0 75.0 398.9 325.7 119.9 158.7 285.4 222.7 497.0 223.1 127.9 409.1 330.1 386.6 323.5 234.3 130.3 103.4 15.6 286.5 384.1 164.9 338.6 182.4 400.9 247.7 372.4 224.7 207.4 394.6 212.3
2865.0 96.2 344.1 325.1 360.9 326.1 105.2 439.4 273.5 156.8 427.1 161.0 254.4 376.9 344.0 131.5 144.0 131.1 186.3 339.8 395.2 372.7 223.0 369.7 183.7 284.5 148.2 124.4 277.6 282.4 160.7 127.4 273.3 326.4 357.9 216.5 262.1 172.9 42.5 246.3 33.0 179.1 161.5 216.0 351.1 279.9 292.1 507.4 169.3 211.6 272.3 316.5 119.0 0.0 225.3 337.7 106.6 224.6 290.7 180.4 269.2 213.4 333.6 273.8 301.7 377.3 359.0 300.1 274.2 405.9 197.6 279.1 122.1 335.5 274.8 325.9 363.5 302.2 184.4 188.5 166.8 163.1 136.9 329.6 268.2 370.8 264.5 229.5 239.4 316.6 330.7 235.7 227.8 264.4 15.4 309.9 336.7 266.0 552.3 254.4 91.9 352.1 233.8 355.9 246.0 192.4 370.3 160.9 141.0 147.0 181.8 302.9 174.8 360.4 300.6 174.6 351.1 382.5 199.5 256.3 277.6 155.2 576.6 320.7 225.5 361.3 290.2 486.2 274.0 313.9 229.9 70.3 115.2 378.3 336.3 141.0 294.0 280.0 353.1 237.1 324.6 157.2 305.0 364.6 212.3
2738.2 138.2 228.8 140.1 488.7 236.3 198.2 565.7 214.8 337.0 618.5 194.3 110.9 503.2 159.0 234.2 303.5 264.3 52.1 224.5 251.3 198.2 282.2 505.3 375.1 99.5 274.5 252.2 303.9 137.8 352.1 250.9 129.4 141.4 162.1 407.9 117.5 166.8 251.9 61.3 254.9 238.3 285.0 249.3 166.1 475.0 159.9 635.2 292.1 339.4 213.6 171.9 227.3 221.8 0.0 152.7 126.9 352.4 418.5 306.7 460.6 382.4 189.7 465.2 116.7 505.1 485.3 137.1 82.9 215.1 325.4 470.5 175.7 526.9 463.2 517.3 200.5 157.6 243.6 379.9 293.1 354.5 146.1 185.0 136.0 199.5 297.8 237.4 126.0 508.0 522.1 269.0 122.5 115.5 237.3 502.1 192.1 81.0 678.6 266.8 211.5 167.1 425.2 547.3 279.3 174.2 561.7 255.0 243.7 273.3 191.0 494.3 172.9 175.4 185.3 302.4 181.8 292.7 325.8 282.6 92.6 248.3 702.9 205.4 98.7 216.7 481.6 614.0 215.3 328.9 357.7 279.7 243.0 513.9 191.7 276.8 172.6 136.1 208.5 126.8 180.0 211.5 161.1 556.0 91.4
2737.4 258.1 242.6 161.9 531.4 193.6 299.3 554.6 225.7 379.7 715.4 232.8 226.2 492.1 106.4 339.9 376.5 376.8 172.0 233.7 191.9 202.6 271.5 496.2 498.2 121.3 317.2 294.9 312.7 225.2 467.4 356.6 137.0 163.2 179.3 523.2 201.8 209.5 339.2 114.2 370.2 268.5 386.1 294.9 187.9 576.1 275.5 673.7 330.9 345.8 225.9 170.7 265.8 337.1 180.2 0.0 242.2 392.7 457.0 291.0 580.5 371.3 130.3 585.1 105.7 547.8 474.2 136.3 216.2 219.5 385.7 576.3 291.8 635.4 505.9 605.7 204.3 200.8 288.8 448.8 331.6 474.4 240.5 188.4 251.6 229.6 289.9 280.9 176.3 627.9 637.4 265.7 161.0 161.6 352.6 544.8 195.5 163.8 662.9 275.6 312.6 43.6 540.5 633.8 276.0 212.7 658.7 338.7 344.8 316.0 280.3 603.0 274.0 51.9 194.5 368.0 209.9 260.2 314.7 291.4 96.4 349.4 691.8 219.2 137.2 220.1 601.5 644.1 225.2 330.5 333.3 369.3 281.5 530.9 195.1 391.5 288.2 163.2 211.9 242.1 178.8 312.6 106.3 649.2 211.3
2777.3 11.3 265.2 218.4 418.2 219.4 157.6 465.6 225.7 221.2 491.5 123.8 121.5 403.1 237.3 183.9 178.4 137.3 79.6 260.9 267.9 276.5 226.8 411.8 248.1 177.8 174.4 181.7 247.6 225.5 225.1 179.8 194.4 219.7 240.4 280.9 205.2 66.2 124.9 139.6 127.9 176.7 199.6 178.8 244.4 360.8 217.2 564.7 203.7 261.4 224.5 249.7 156.8 94.8 118.6 231.0 0.0 281.9 348.0 206.6 333.6 282.3 254.7 338.2 195.0 434.6 385.2 215.4 179.2 293.4 254.9 343.5 59.8 399.9 339.2 390.3 278.8 245.3 182.0 252.9 193.0 227.5 30.2 262.9 193.3 277.8 240.9 148.9 132.7 381.0 395.1 198.5 148.9 157.7 110.3 374.3 270.0 159.3 578.5 210.5 144.3 245.4 298.2 420.3 208.8 85.7 434.7 195.3 193.4 173.2 74.3 367.3 124.6 253.7 221.7 231.9 260.1 275.8 225.7 226.3 170.9 207.6 602.8 241.8 146.6 294.6 354.6 544.1 226.2 291.5 248.9 152.7 172.5 442.7 269.6 152.0 229.9 201.1 286.4 141.0 257.9 129.6 226.1 429.0 105.6
2864.2 243.3 354.3 452.9 286.4 308.3 280.5 322.1 430.8 134.7 474.6 171.2 339.6 259.6 403.2 306.8 301.3 260.2 294.1 350.0 356.8 481.4 233.2 268.3 253.2 412.3 160.5 82.9 287.8 442.0 235.9 302.7 283.5 454.2 474.9 301.9 421.7 222.7 168.4 374.1 243.9 189.3 322.5 226.2 478.9 351.4 433.7 432.9 326.6 170.7 429.6 472.1 107.7 210.8 350.4 353.5 253.7 0.0 216.2 129.1 366.0 138.8 343.8 350.9 407.1 302.8 241.7 437.7 413.7 498.3 57.6 331.3 228.4 394.6 260.9 364.9 501.1 461.8 194.6 208.0 138.2 248.5 238.6 485.2 409.8 526.4 274.7 239.7 269.1 389.7 403.8 245.9 238.0 258.6 226.3 299.8 492.3 393.8 435.0 235.8 267.2 367.9 319.2 393.0 256.2 190.8 443.4 318.2 316.3 158.8 237.4 358.0 350.1 369.9 310.8 39.9 506.7 364.7 168.9 266.5 393.2 330.5 459.3 330.9 235.7 516.9 355.2 416.2 431.3 295.3 189.0 198.5 92.0 298.4 491.9 272.7 446.4 290.2 508.7 355.5 480.2 332.5 315.2 419.7 320.1
2805.3 315.3 426.3 524.9 130.0 449.1 352.5 263.2 502.8 131.3 318.2 243.2 411.6 200.7 475.2 378.8 373.3 332.2 366.1 422.0 477.4 553.4 305.2 146.6 147.4 484.3 232.5 154.9 359.8 514.0 163.5 374.7 355.5 526.2 546.9 156.4 493.7 294.7 240.4 446.1 315.9 261.3 394.5 298.2 550.9 195.0 505.7 276.5 398.6 242.7 501.6 544.1 179.7 282.8 422.4 425.5 325.7 202.1 0.0 280.6 209.6 143.7 415.8 194.5 479.1 146.4 179.7 509.7 485.7 570.3 175.1 174.9 300.4 238.2 104.5 208.5 573.1 533.8 266.6 102.2 210.2 143.6 310.6 557.2 481.8 598.4 346.7 311.7 341.1 233.3 247.4 317.9 310.0 330.6 298.3 143.4 564.3 465.8 376.1 346.5 339.2 439.9 173.7 236.6 328.2 262.8 287.0 390.2 388.3 230.8 309.4 201.6 422.1 441.9 382.8 152.1 578.7 505.5 240.9 338.5 465.2 402.5 400.4 402.9 307.7 588.9 198.8 255.3 503.3 406.0 261.0 270.5 164.0 155.2 563.9 344.7 518.4 362.2 580.7 427.5 552.2 404.5 387.2 263.3 392.1
2737.0 199.9 230.3 366.7 274.1 179.1 237.1 258.9 356.0 134.5 408.9 123.6 273.4 196.4 355.0 263.4 257.9 216.8 227.9 226.0 227.6 424.8 71.7 205.1 290.2 326.1 103.7 119.9 103.1 352.6 235.7 259.3 235.3 368.0 388.7 282.5 332.3 233.3 179.0 287.9 254.5 84.1 279.1 126.7 392.7 321.1 362.3 412.4 283.2 54.7 354.8 386.7 118.3 221.4 266.9 300.0 210.3 97.0 246.2 0.0 335.7 75.6 215.3 322.2 343.3 290.5 178.5 363.7 327.5 441.7 94.6 301.0 189.2 365.9 230.6 352.6 427.1 372.4 109.0 245.0 81.4 238.1 200.0 399.8 338.4 441.0 106.3 118.8 220.9 365.0 379.1 77.5 189.8 210.4 236.9 271.1 406.9 307.6 371.8 106.6 223.8 228.7 299.8 380.7 87.8 147.7 417.0 274.8 272.9 123.0 198.2 351.3 306.7 265.0 186.8 76.9 421.3 235.5 19.0 81.8 319.2 287.1 396.1 206.9 187.5 431.5 324.9 353.0 356.5 166.1 73.0 209.1 102.6 235.2 406.5 229.3 376.5 202.8 423.3 289.3 394.8 289.1 203.6 413.0 253.9
2813.6 330.4 587.4 559.3 215.1 545.1 276.5 330.3 428.5 226.7 288.9 404.3 425.7 267.8 573.9 302.8 315.3 319.4 420.5 583.1 593.6 544.0 466.3 231.5 167.2 518.7 391.5 320.8 520.9 453.7 146.3 298.7 516.6 560.6 529.2 52.7 433.4 407.1 309.5 480.5 236.2 422.4 320.2 459.3 585.3 68.2 460.1 361.6 324.3 408.6 427.3 487.8 345.6 266.9 471.2 563.0 340.8 368.0 207.2 423.7 0.0 283.3 576.9 135.6 535.9 231.5 264.6 471.4 445.5 577.2 341.0 96.2 356.3 197.3 136.6 187.7 534.8 473.5 427.7 153.0 376.1 119.5 371.1 500.9 439.5 542.1 507.8 472.8 473.6 178.4 192.5 479.0 471.1 498.6 252.5 171.7 508.0 500.2 443.2 486.1 263.2 582.0 35.3 217.7 489.3 423.9 150.8 315.9 312.3 390.3 416.0 164.7 346.1 590.3 543.9 318.0 522.4 601.5 406.8 499.6 485.8 326.5 467.5 564.0 468.8 532.6 152.0 340.4 429.0 545.6 426.9 337.3 317.0 240.1 507.6 312.3 449.0 523.3 524.4 408.4 495.9 328.5 548.3 136.7 444.5
2768.6 246.4 370.8 475.3 241.7 274.2 293.7 226.5 452.5 57.8 376.5 187.7 382.0 164.0 419.7 320.0 317.8 276.7 336.5 366.5 322.7 497.9 166.8 172.7 194.3 434.7 177.0 99.4 198.2 470.9 159.0 315.9 300.0 476.6 497.3 214.8 450.6 239.2 184.9 396.5 233.7 205.8 344.2 242.7 501.3 288.7 450.2 380.0 348.3 187.2 451.3 488.6 124.2 200.6 375.5 365.4 256.8 146.6 213.8 95.0 303.3 0.0 360.3 289.8 423.6 258.1 146.1 454.2 436.1 514.8 119.6 268.6 244.9 333.5 198.2 320.2 517.6 490.7 211.1 149.1 154.7 161.4 255.1 501.7 426.3 534.7 201.4 256.2 285.6 332.6 346.7 172.6 254.5 275.1 216.1 238.7 508.8 416.2 339.4 201.7 280.4 323.8 232.1 348.3 182.9 207.3 384.6 339.9 329.5 175.3 253.9 318.9 363.3 386.4 327.3 96.6 517.0 330.6 185.4 176.9 409.7 343.7 363.7 347.4 252.2 533.4 292.5 320.6 453.0 261.2 205.5 215.0 108.5 202.8 508.4 289.2 473.0 306.7 525.2 397.9 496.7 345.7 331.7 380.6 362.5
2639.2 278.8 157.9 240.1 485.1 108.9 316.0 469.9 337.8 345.5 619.9 207.1 235.0 407.4 184.6 352.0 389.4 348.3 209.7 153.6 111.8 262.8 194.6 416.1 465.5 199.5 265.5 262.2 228.0 281.0 454.1 368.7 108.5 241.4 262.1 493.5 257.6 176.8 310.7 192.4 356.9 183.8 410.6 210.2 266.1 532.1 269.6 623.4 347.1 265.7 336.6 253.5 237.3 323.8 186.3 110.3 254.6 308.0 457.2 210.9 546.7 286.6 0.0 533.2 188.5 501.5 389.5 219.1 249.6 279.7 305.6 512.0 259.1 576.9 441.6 563.6 282.5 279.0 208.7 420.3 292.4 456.5 212.0 266.6 245.7 307.8 209.8 196.2 143.6 576.0 590.1 181.0 132.5 133.1 339.3 482.1 273.7 229.7 582.8 190.9 329.3 122.9 510.8 591.7 191.3 190.8 628.0 354.9 361.5 285.1 248.4 562.3 312.8 79.9 114.4 287.9 288.1 175.5 230.0 206.7 174.6 366.1 607.1 134.5 108.7 298.3 535.9 563.6 338.3 250.4 265.0 340.8 253.0 446.2 273.3 363.0 282.3 130.4 290.1 254.5 261.6 329.3 18.5 624.0 219.1
2774.9 321.7 558.9 550.6 100.4 511.2 369.7 232.8 527.2 210.4 153.2 375.8 457.3 170.3 569.5 396.0 397.7 356.6 411.8 554.6 559.7 608.7 410.0 99.0 158.5 510.0 373.7 287.5 492.4 546.9 155.5 391.9 488.1 551.9 572.6 89.6 526.6 398.4 286.0 471.8 309.0 393.9 418.9 430.8 576.6 125.6 549.4 246.9 423.0 375.3 526.0 581.0 312.3 275.9 450.8 563.2 332.1 334.7 172.4 332.0 142.3 267.0 548.4 0.0 527.2 196.7 132.1 547.6 511.4 625.6 307.7 125.4 347.6 84.8 101.8 52.0 611.0 566.7 399.2 140.1 342.8 110.8 362.4 594.1 525.5 610.0 436.3 444.3 464.9 42.7 56.8 409.6 442.6 489.9 291.4 39.2 601.2 491.5 345.7 438.7 356.4 577.6 106.9 82.0 419.9 395.4 96.4 414.6 405.5 372.5 406.5 29.0 439.3 585.9 515.4 284.7 592.3 567.6 373.5 471.1 503.1 419.7 370.0 535.5 440.3 625.8 79.6 225.7 527.7 498.2 393.6 313.8 308.3 107.6 600.8 371.3 547.7 494.8 617.6 473.2 589.1 416.6 519.8 90.7 437.8
2704.5 214.7 286.2 78.0 557.5 262.7 266.4 623.7 192.8 405.8 695.0 263.1 187.4 561.2 108.7 302.4 339.0 340.8 128.6 281.9 265.6 136.1 351.0 569.9 451.6 22.1 343.3 321.0 381.8 184.6 428.6 319.1 167.3 79.3 100.0 484.4 164.3 235.6 328.4 70.8 331.4 307.1 353.2 318.1 104.0 543.2 236.4 704.0 293.4 408.2 193.0 137.8 296.1 298.3 136.8 97.8 203.4 421.2 487.3 364.7 537.1 440.4 204.0 541.7 0.0 573.9 543.3 103.4 177.4 153.0 394.2 547.0 252.2 603.4 532.0 593.8 166.8 163.3 312.4 456.4 361.9 431.0 222.6 150.9 212.5 137.4 366.6 306.2 202.4 584.5 598.6 337.8 191.3 191.9 313.8 570.9 158.0 120.4 736.6 344.7 279.7 116.8 501.7 623.8 348.1 243.0 638.2 301.2 311.9 342.1 267.5 570.8 241.1 125.1 242.7 371.2 119.7 329.3 383.8 360.5 58.9 316.5 760.9 262.8 167.5 182.6 558.1 682.8 192.3 397.7 418.8 356.2 311.8 582.7 157.6 353.3 249.1 193.5 174.4 203.3 145.9 279.7 175.4 611.7 167.9
2802.8 411.7 522.7 621.3 110.3 493.0 448.9 260.7 599.2 227.7 298.5 339.6 508.0 186.8 571.6 475.2 469.7 428.6 462.5 518.4 573.8 649.8 401.6 126.9 243.8 580.7 328.9 251.3 456.2 610.4 256.4 471.1 451.9 622.6 643.3 190.5 590.1 391.1 336.8 542.5 412.3 357.7 490.9 394.6 647.3 229.1 602.1 256.8 495.0 339.1 598.0 640.5 276.1 379.2 518.8 521.9 422.1 298.5 136.2 313.8 243.7 240.1 512.2 174.8 575.5 0.0 160.0 606.1 582.1 666.7 271.5 209.0 396.8 218.5 138.6 188.8 669.5 630.2 363.0 198.6 306.6 211.7 407.0 653.6 578.2 694.8 443.1 408.1 437.5 213.6 227.7 414.3 406.4 427.0 394.7 123.7 660.7 562.2 345.0 420.5 435.6 536.3 207.8 216.9 424.6 359.2 267.3 486.6 484.7 327.2 405.8 181.9 518.5 538.3 479.2 248.5 675.1 549.4 337.3 434.9 561.6 498.9 369.3 499.3 404.1 685.3 231.3 235.6 599.7 480.0 357.4 366.9 260.4 135.5 660.3 441.1 614.8 458.6 677.1 523.9 648.6 500.9 483.6 243.6 488.5
2642.7 442.2 442.4 641.6 97.1 391.2 469.2 100.6 619.5 248.0 250.6 359.9 528.3 38.1 591.9 495.5 490.0 448.9 482.8 438.1 439.7 670.1 283.8 26.5 279.0 601.0 349.2 271.6 315.2 630.7 276.0 491.4 472.2 642.9 663.6 210.1 610.4 411.4 357.1 562.8 429.5 378.0 511.2 414.9 667.6 246.1 622.4 243.6 515.3 359.4 618.3 660.8 296.4 396.4 539.1 537.6 452.6 318.8 156.5 212.0 262.8 260.4 427.4 143.6 595.8 167.0 0.0 626.4 602.4 687.0 291.8 245.9 417.1 187.3 158.9 175.6 689.8 650.5 383.3 218.9 326.9 231.3 427.3 673.9 598.5 715.1 318.4 330.9 457.8 186.4 200.5 289.6 426.7 447.3 411.9 92.5 681.0 582.5 213.5 318.7 455.9 440.8 227.4 203.7 299.9 379.5 240.1 506.9 505.0 347.5 426.1 172.7 538.8 558.6 398.9 268.8 695.4 447.6 236.2 293.9 581.9 519.2 237.8 419.0 424.4 705.6 200.1 194.7 620.0 378.2 285.2 387.2 280.7 56.6 680.6 461.4 635.1 478.9 697.4 544.2 668.9 521.2 503.9 234.4 508.8
2601.0 209.2 311.4 133.0 582.7 287.9 174.4 607.8 89.3 431.0 689.5 288.3 155.9 545.3 133.9 210.4 279.7 303.8 123.1 307.1 290.8 122.0 376.2 554.0 446.1 92.4 368.5 346.2 365.9 92.6 423.1 227.1 192.5 134.3 107.2 478.9 72.3 232.3 322.9 65.3 256.2 332.3 261.2 343.3 159.0 451.2 146.0 729.2 189.9 433.4 89.5 65.8 321.3 292.8 131.3 123.0 197.9 446.4 512.5 348.8 470.6 424.5 229.2 536.2 109.6 599.1 527.4 0.0 92.0 155.2 419.4 479.2 246.7 597.9 557.2 588.3 63.3 71.3 337.6 450.9 387.1 425.5 217.1 78.9 122.1 120.1 340.3 331.4 189.2 579.0 575.7 363.0 216.5 217.1 272.5 572.3 86.0 114.9 720.7 328.8 187.7 142.0 496.2 618.3 373.3 268.2 533.8 197.7 219.9 367.3 261.2 565.3 149.1 150.3 267.9 396.4 100.4 354.5 367.9 344.6 45.8 224.5 745.0 288.0 192.7 110.6 505.5 708.6 88.8 390.9 401.1 350.7 337.0 607.9 85.6 298.9 158.7 218.7 102.4 138.6 73.9 187.7 200.6 519.7 162.4
2708.1 190.2 323.2 208.6 583.1 330.7 163.9 592.6 190.4 431.4 670.5 288.7 162.9 530.1 209.5 199.9 269.2 316.3 104.1 318.9 345.7 179.6 376.6 538.8 427.1 168.0 353.4 346.6 350.7 103.5 404.1 216.6 223.8 209.9 164.8 459.9 83.2 213.3 303.9 140.9 245.7 332.7 250.7 343.7 262.9 440.7 135.5 729.6 257.8 388.4 189.2 123.4 321.7 273.8 94.3 203.2 178.9 446.8 512.9 333.6 460.1 409.3 284.1 517.2 185.2 599.5 512.2 107.0 0.0 212.8 419.8 468.7 227.7 578.9 518.2 569.3 170.4 109.1 338.0 431.9 372.0 406.5 198.1 136.5 111.6 177.7 325.1 316.8 170.2 560.0 574.1 363.4 213.8 209.9 289.3 553.3 143.6 153.0 705.5 313.6 177.2 217.6 477.2 599.3 373.7 253.6 523.3 274.5 209.4 352.2 243.0 546.3 138.6 225.9 279.7 396.8 158.0 387.1 352.7 329.4 121.4 214.0 729.8 299.8 193.1 168.2 495.0 708.4 190.9 375.7 387.7 331.7 337.4 568.9 143.2 328.8 148.2 230.5 160.0 128.1 131.5 177.2 255.5 509.2 143.4
2701.5 290.9 374.4 137.6 645.7 350.9 291.1 711.9 235.5 494.0 771.2 351.3 263.6 649.4 238.3 327.1 396.4 417.0 204.8 370.1 353.8 20.2 439.2 658.1 527.8 133.6 431.5 409.2 470.0 209.3 504.8 343.8 255.5 93.2 154.7 560.6 189.0 323.8 404.6 147.0 372.9 395.3 377.9 406.3 117.9 567.9 262.7 792.2 336.1 496.4 235.7 139.5 384.3 374.5 213.0 208.6 279.6 509.4 575.5 452.9 613.3 528.6 292.2 617.9 150.8 662.1 631.5 146.1 208.7 0.0 482.4 595.9 328.4 679.6 620.2 670.0 209.5 188.0 400.6 532.6 450.1 507.2 298.8 77.8 238.8 109.7 454.8 394.4 270.9 660.7 674.8 426.0 279.5 280.1 390.0 654.0 158.2 196.6 824.8 432.9 304.4 223.0 577.9 700.0 436.3 331.2 650.5 343.9 336.6 430.3 343.7 647.0 265.8 231.3 330.9 459.4 135.9 417.5 472.0 448.7 147.2 341.2 849.1 351.0 255.7 105.2 634.3 771.0 235.0 476.4 507.0 432.4 400.0 670.9 71.1 429.5 275.4 281.7 156.1 279.5 146.1 304.4 263.6 636.4 244.1
2859.0 213.5 324.5 423.1 256.6 347.3 250.7 316.9 401.0 104.9 444.8 141.4 309.8 254.4 373.4 277.0 271.5 230.4 264.3 320.2 375.6 451.6 203.4 263.1 223.4 382.5 130.7 53.1 258.0 412.2 206.1 272.9 253.7 424.4 445.1 272.1 391.9 192.9 138.6 344.3 214.1 159.5 292.7 196.4 449.1 321.6 403.9 403.1 296.8 140.9 399.8 442.3 77.9 181.0 320.6 323.7 223.9 74.8 186.4 123.9 336.2 133.6 314.0 321.1 377.3 273.0 236.5 407.9 383.9 468.5 0.0 301.5 198.6 364.8 231.1 335.1 471.3 432.0 164.8 178.2 108.4 218.7 208.8 455.4 380.0 496.6 244.9 209.9 239.3 359.9 374.0 216.1 208.2 228.8 196.5 270.0 462.5 364.0 429.8 230.6 237.4 338.1 289.4 363.2 226.4 161.0 413.6 288.4 286.5 129.0 207.6 328.2 320.3 340.1 281.0 24.8 476.9 403.7 139.1 236.7 363.4 300.7 454.1 301.1 205.9 487.1 325.4 381.9 401.5 290.1 159.2 168.7 62.2 293.2 462.1 242.9 416.6 260.4 478.9 325.7 450.4 302.7 285.4 389.9 290.3
2832.3 334.4 553.6 563.3 175.0 505.9 293.6 290.2 445.6 223.1 266.8 370.5 442.8 227.7 582.2 319.9 332.4 336.5 424.5 549.3 554.4 561.1 398.5 191.6 171.2 522.7 359.8 282.2 487.1 473.9 163.4 315.8 482.8 564.6 546.3 102.3 450.5 411.1 298.7 484.5 253.3 388.6 337.3 425.5 589.3 66.4 477.2 321.5 341.4 370.0 444.4 504.9 307.0 284.0 463.5 548.2 344.8 329.4 167.1 326.7 84.7 271.0 543.1 113.5 539.9 191.4 209.8 488.5 462.6 594.3 302.4 0.0 360.3 175.2 96.5 165.6 551.9 490.6 393.9 152.8 337.5 123.5 375.1 518.0 456.6 559.2 433.1 439.0 477.6 156.3 170.4 404.3 437.3 457.9 269.6 149.6 525.1 504.2 403.1 433.4 280.3 567.2 120.1 195.6 414.6 390.1 130.6 333.0 329.4 358.1 419.2 142.6 363.2 569.2 510.1 279.4 539.5 562.3 368.2 465.8 502.9 343.6 427.4 530.2 435.0 549.7 47.5 300.3 446.1 492.9 388.3 326.5 291.3 200.2 524.7 331.6 466.1 489.5 541.5 425.5 513.0 345.6 514.5 116.5 461.6
2825.4 37.6 273.7 266.5 385.2 296.5 191.8 457.2 273.8 233.5 525.7 116.7 173.2 394.7 285.4 218.1 212.6 171.5 127.7 269.4 324.8 324.6 160.7 403.4 282.3 225.9 171.0 148.7 215.3 273.6 259.3 214.0 202.9 267.8 288.5 315.1 253.3 114.3 159.1 187.7 162.1 116.8 233.8 171.7 292.5 395.0 265.3 531.7 237.9 235.9 272.6 297.8 123.8 129.0 166.7 274.5 48.0 248.9 315.0 198.2 367.8 273.9 263.2 372.4 243.1 401.6 376.8 263.5 227.3 341.5 221.9 377.7 0.0 434.1 359.7 424.5 326.9 293.4 122.1 306.8 189.6 261.7 36.7 311.0 241.4 325.9 220.2 155.4 180.8 415.2 429.3 191.4 157.4 205.8 144.5 398.6 318.1 207.4 570.1 213.6 178.5 293.5 332.4 454.5 201.7 92.2 468.9 229.5 227.6 169.8 81.6 401.5 172.7 301.8 230.2 198.9 308.2 352.9 217.3 194.0 219.0 241.8 594.4 250.3 155.1 342.7 388.8 510.5 274.3 273.1 252.3 186.9 139.5 410.4 317.7 184.0 278.0 209.6 334.5 189.1 306.0 163.8 234.6 463.2 153.7
2793.2 358.0 584.6 586.9 118.7 541.7 406.0 251.1 563.5 246.7 192.7 401.5 493.6 188.6 605.8 432.3 434.0 392.9 448.1 580.3 590.2 645.0 463.5 117.3 194.8 546.3 390.8 313.2 518.1 583.2 191.8 428.2 513.8 588.2 608.9 125.9 562.9 434.7 322.3 508.1 345.3 419.6 455.2 456.5 612.9 161.9 585.7 265.2 459.3 401.0 562.3 617.3 338.0 312.2 487.1 579.2 368.4 360.4 198.1 362.5 178.6 303.3 574.1 39.4 563.5 233.0 150.4 583.9 547.7 661.9 333.4 161.7 383.9 0.0 138.1 91.5 647.3 603.0 424.9 176.4 368.5 147.1 398.7 630.4 561.8 646.3 468.9 470.0 501.2 82.2 96.3 440.1 468.3 488.9 327.7 57.5 637.5 527.8 364.0 469.2 392.7 598.2 143.2 121.5 450.4 421.1 135.9 450.9 441.8 389.1 443.6 68.5 475.6 600.2 541.1 310.4 628.6 598.1 399.2 496.8 539.4 456.0 388.3 561.2 466.0 662.1 115.9 244.0 564.0 528.7 419.3 350.1 322.3 125.9 637.1 405.4 584.0 520.5 653.9 509.5 625.4 452.9 545.5 130.2 474.1
2782.0 310.2 503.3 539.1 124.7 455.6 340.2 239.9 492.2 198.9 262.6 320.2 445.8 177.4 558.0 366.5 379.0 345.1 400.3 499.0 504.1 607.7 348.2 141.3 147.0 498.5 309.5 231.9 436.8 517.4 144.0 362.4 432.5 540.4 561.1 78.1 497.1 386.9 274.5 460.3 299.9 338.3 383.9 375.2 565.1 116.7 523.8 271.2 388.0 319.7 491.0 551.5 256.7 264.4 439.3 497.9 320.6 279.1 116.8 276.4 131.3 220.7 492.8 109.3 515.7 141.1 159.5 535.1 509.2 614.1 252.1 96.6 336.1 171.0 0.0 161.4 598.5 537.2 343.6 128.6 287.2 99.3 350.9 564.6 503.2 605.8 382.8 388.7 453.4 152.1 166.2 354.0 387.0 407.6 279.9 138.1 571.7 480.0 352.8 383.1 326.9 516.9 95.4 191.4 364.3 339.8 205.8 379.6 376.0 307.8 395.8 138.4 409.8 518.9 459.8 229.1 586.1 512.0 317.9 415.5 491.6 390.2 377.1 479.9 384.7 596.3 120.5 250.0 492.7 442.6 338.0 302.3 241.0 149.9 571.3 357.6 512.7 439.2 588.1 472.1 559.6 392.2 464.2 200.1 426.3
2760.6 363.8 593.4 592.7 99.9 553.3 411.8 274.9 569.3 252.5 164.2 410.3 499.4 176.4 611.6 438.1 439.8 398.7 453.9 589.1 601.8 650.8 472.3 141.1 200.6 552.1 399.6 322.0 526.9 589.0 197.6 434.0 522.6 594.0 614.7 131.7 568.7 440.5 328.1 513.9 351.1 428.4 461.0 465.3 618.7 165.1 591.5 246.4 465.1 409.8 568.1 623.1 346.8 318.0 492.9 600.7 374.2 369.2 206.9 374.1 184.4 309.1 582.9 42.0 569.3 238.8 174.2 589.7 553.5 667.7 342.2 167.5 389.7 126.9 143.9 0.0 653.1 608.8 433.7 182.2 377.3 152.9 404.5 636.2 567.6 652.1 480.5 478.8 507.0 35.7 49.8 451.7 477.1 497.7 333.5 81.3 643.3 533.6 334.6 480.8 398.5 619.7 149.0 29.9 462.0 429.9 89.4 456.7 447.6 397.9 449.4 62.8 481.4 609.0 549.9 319.2 634.4 609.7 408.0 505.6 545.2 461.8 358.9 570.0 474.8 667.9 121.7 225.2 569.8 540.3 428.1 355.9 331.1 149.7 642.9 411.2 589.8 529.3 659.7 515.3 631.2 458.7 554.3 122.8 479.9
2592.7 269.2 371.4 193.0 642.7 347.9 234.4 663.7 61.0 491.0 749.5 348.3 215.9 601.2 193.9 270.4 207.2 363.8 183.1 367.1 350.8 182.0 436.2 609.9 506.1 152.4 428.5 406.2 421.8 152.6 483.1 234.8 252.5 194.3 167.2 538.9 132.3 292.3 382.9 125.3 316.2 392.3 202.4 403.3 219.0 511.2 122.3 789.2 161.6 459.5 61.2 125.8 381.3 352.8 191.3 183.0 257.9 506.4 572.5 404.7 530.6 480.4 289.2 596.2 169.6 659.1 583.3 59.9 152.0 215.2 479.4 539.2 306.7 657.9 617.2 648.3 0.0 131.3 397.6 510.9 447.1 485.5 277.1 138.9 182.1 180.1 396.2 391.4 249.2 639.0 635.7 423.0 276.5 277.1 332.5 632.3 146.0 174.9 776.6 384.7 247.7 202.0 556.2 678.3 433.3 328.2 593.8 169.4 208.0 427.3 322.0 625.3 209.1 210.3 327.9 456.4 160.4 414.5 423.8 400.5 105.8 224.3 800.9 348.0 252.7 170.6 565.5 768.0 60.5 446.8 458.8 410.7 397.0 667.9 145.6 356.7 111.2 278.7 162.4 198.6 133.9 247.7 260.6 579.7 222.4
2690.6 241.7 346.6 191.1 569.0 346.0 174.7 608.1 184.6 417.3 711.3 274.6 156.2 545.6 192.0 210.7 280.0 304.1 155.6 342.3 348.9 162.1 329.6 554.3 461.1 150.5 376.2 332.5 366.2 96.0 422.6 227.4 247.2 192.4 147.3 500.7 72.6 247.1 329.8 123.4 256.5 322.0 261.5 329.6 245.4 451.5 146.3 715.5 268.6 403.9 183.4 105.9 307.6 287.2 151.8 185.7 230.4 446.2 498.8 349.1 470.9 424.8 287.3 558.0 167.7 585.4 527.7 89.5 92.3 195.3 405.7 479.5 279.2 619.7 546.0 610.1 152.9 0.0 323.9 455.7 394.8 447.3 249.6 119.0 122.4 160.2 340.6 317.7 221.7 590.9 576.0 319.2 240.3 233.3 272.8 594.1 126.1 173.0 721.0 329.1 188.0 200.1 506.3 640.1 329.5 254.5 534.1 285.3 220.2 375.0 293.7 560.4 149.4 208.4 303.1 382.7 140.5 410.5 368.2 344.9 103.9 224.8 745.3 323.2 216.5 150.7 505.8 694.9 185.1 391.2 401.4 357.6 323.3 584.4 125.7 299.2 159.0 253.9 142.5 138.9 114.0 188.0 258.7 520.0 175.0
2765.5 141.5 247.7 346.3 353.1 207.6 223.0 378.7 315.6 201.4 541.3 64.6 277.1 316.2 296.6 249.3 243.8 202.7 231.6 243.4 298.8 374.8 82.2 324.9 319.9 305.7 138.9 116.6 136.8 335.4 308.5 245.2 176.9 347.6 368.3 364.3 315.1 116.1 165.1 267.5 211.3 38.3 265.0 119.6 372.3 418.1 327.1 499.6 269.1 174.5 314.4 365.5 91.7 178.2 243.8 242.3 151.9 216.8 282.9 119.7 417.0 195.4 237.2 417.6 300.5 369.5 298.3 331.1 307.1 391.7 214.4 398.0 103.8 461.3 327.6 431.6 394.5 355.2 0.0 274.7 157.5 310.9 140.6 378.6 303.2 419.8 168.1 133.1 162.5 456.4 470.5 139.3 131.4 152.0 193.7 366.5 385.7 287.2 491.6 135.1 209.7 261.3 381.6 459.7 149.6 84.2 510.1 260.7 258.8 137.7 112.8 424.7 252.1 263.3 204.2 196.7 400.1 264.0 138.8 115.5 286.6 273.0 515.9 224.3 129.1 410.3 421.9 472.8 316.1 194.6 173.8 195.2 107.4 355.0 385.3 215.2 339.8 183.6 402.1 293.0 373.6 267.7 208.6 486.4 257.6
2848.7 227.4 439.1 456.3 173.4 461.9 263.4 306.6 431.7 116.1 304.4 256.0 363.0 244.1 475.2 289.7 302.2 262.3 317.5 434.8 490.2 514.4 321.2 190.0 64.2 415.7 245.3 167.7 372.6 440.6 61.2 285.6 368.3 457.6 478.3 93.8 420.3 304.1 191.7 377.5 223.1 274.1 319.7 311.0 482.3 155.7 450.3 319.9 327.5 255.5 430.5 474.7 192.5 181.6 356.5 433.7 237.8 214.9 103.2 293.4 146.5 156.5 428.6 151.1 432.9 189.8 223.1 453.3 417.1 531.3 187.9 156.4 253.3 212.8 147.9 203.2 516.7 460.4 279.4 0.0 223.0 40.4 268.1 487.8 426.4 529.0 357.4 324.5 370.6 193.9 208.0 330.7 322.8 343.4 197.1 186.8 494.9 397.2 419.5 359.3 250.1 452.7 111.1 233.2 341.0 275.6 247.6 319.1 299.2 243.6 312.2 180.2 333.0 454.7 395.6 164.9 509.3 518.3 253.7 351.3 408.8 313.4 443.8 415.7 320.5 519.5 167.5 298.7 432.2 418.8 273.8 219.5 176.8 198.6 494.5 277.0 452.2 375.0 511.3 378.9 482.8 315.4 400.0 224.2 343.5
2892.1 190.6 306.6 405.2 292.3 256.6 227.8 350.0 378.1 140.6 480.5 123.5 291.9 287.5 355.5 254.1 248.6 207.5 246.4 302.3 305.1 433.7 185.5 296.2 259.1 364.6 22.2 55.8 240.1 394.3 257.8 250.0 235.8 406.5 427.2 307.8 374.0 175.0 120.7 326.4 196.2 141.6 269.8 178.5 431.2 357.3 386.0 438.8 273.9 75.6 376.9 424.4 60.0 163.1 302.7 305.8 201.0 156.0 222.1 110.1 371.9 166.7 296.1 356.8 359.4 308.7 269.6 390.0 366.0 450.6 129.0 337.2 180.7 400.5 266.8 370.8 453.4 414.1 146.9 213.9 0.0 254.4 190.9 437.5 362.1 478.7 227.0 192.0 221.4 395.6 409.7 198.2 190.3 210.9 178.6 305.7 444.6 346.1 462.9 184.1 214.5 320.2 325.1 398.9 208.5 143.1 449.3 265.5 263.6 64.7 189.7 363.9 297.4 322.2 263.1 106.0 459.0 313.0 73.8 218.8 345.5 277.8 487.2 283.2 188.0 469.2 361.1 417.6 378.6 243.6 93.9 150.8 44.3 326.3 444.2 220.0 398.6 242.5 461.0 307.8 432.5 279.8 267.5 425.6 272.4
2847.4 210.8 458.7 439.7 202.7 431.4 264.8 305.3 416.3 99.5 263.9 275.6 346.4 242.8 458.6 291.1 286.8 245.7 300.9 454.4 509.8 497.8 337.6 206.5 47.6 399.1 262.8 206.6 392.2 442.0 44.6 287.0 387.9 441.0 461.7 53.3 421.7 287.5 175.1 360.9 198.1 293.7 308.0 330.6 465.7 136.0 438.5 349.2 312.1 282.1 415.1 471.0 214.4 165.0 339.9 452.3 221.2 244.2 132.5 295.0 106.0 156.1 448.2 110.6 416.3 219.1 239.6 436.7 400.5 514.7 217.2 115.9 236.7 172.3 111.6 162.7 500.1 461.8 299.0 29.2 249.6 0.0 251.5 484.2 414.6 499.1 379.1 344.1 354.0 153.4 167.5 350.3 342.4 379.0 180.5 146.7 491.3 380.6 418.2 358.9 251.5 466.7 70.6 192.7 360.6 307.0 207.1 303.7 300.6 261.6 296.4 139.7 334.4 475.0 415.2 194.2 481.4 487.8 280.3 370.9 392.2 314.8 442.5 435.3 340.1 515.9 127.0 328.0 416.8 418.4 300.4 202.9 197.4 215.1 490.9 258.2 436.8 394.6 507.7 362.3 479.2 305.7 419.6 201.4 326.9
2789.1 66.7 236.9 230.2 387.9 259.7 200.5 459.2 237.5 236.2 534.4 93.5 136.9 396.7 249.1 226.8 221.3 180.2 91.4 232.6 288.0 288.3 181.4 405.4 291.0 189.6 173.7 151.4 217.3 237.3 268.0 222.7 166.1 231.5 252.2 323.8 217.0 78.0 167.8 151.4 170.8 137.5 242.5 148.5 256.2 403.7 229.0 534.4 246.6 238.6 236.3 261.5 126.5 137.7 130.4 242.8 42.8 251.6 317.7 200.2 376.5 275.9 226.4 381.1 206.8 404.3 378.8 227.2 191.0 305.2 224.6 386.4 47.0 442.8 362.4 433.2 290.6 257.1 142.8 309.5 192.3 270.4 0.0 274.7 205.1 289.6 197.0 118.6 144.5 423.9 438.0 168.2 120.6 169.5 153.2 401.3 281.8 171.1 572.1 180.2 187.2 257.2 341.1 463.2 178.5 55.4 477.6 238.2 236.3 172.5 44.8 410.2 136.4 265.5 193.4 201.6 271.9 316.1 219.3 196.0 182.7 250.5 596.4 213.5 118.3 306.4 397.5 513.2 238.0 239.7 254.3 195.6 142.2 413.1 281.4 192.7 241.7 172.8 298.2 152.8 269.7 172.5 197.8 471.9 117.4
2692.6 266.0 368.2 150.8 607.5 344.7 213.2 646.6 157.6 455.8 746.3 313.1 194.7 584.1 190.7 249.2 318.5 342.6 179.9 363.9 347.6 43.0 368.1 592.8 499.6 152.7 414.7 371.0 404.7 131.4 461.1 265.9 249.3 108.1 64.8 535.7 111.1 289.1 368.3 122.1 295.0 360.5 300.0 368.1 126.3 490.0 184.8 754.0 258.2 442.4 157.8 61.6 346.1 325.7 190.3 184.4 254.7 484.7 537.3 387.6 509.4 463.3 286.0 593.0 169.9 623.9 566.2 68.2 130.8 76.2 444.2 518.0 303.5 654.7 584.5 645.1 131.6 110.1 362.4 494.2 433.3 482.3 273.9 0.0 160.9 41.1 379.1 356.2 246.0 629.4 614.5 357.7 273.3 271.8 311.3 629.1 80.3 171.7 759.5 367.6 226.5 198.8 544.8 675.1 368.0 293.0 572.6 266.0 258.7 413.5 318.8 598.9 187.9 207.1 324.7 421.2 58.0 411.3 406.7 383.4 102.6 263.3 783.8 344.8 249.5 27.3 544.3 732.8 157.1 429.7 441.7 396.1 361.8 622.9 6.6 335.5 197.5 275.5 78.2 177.4 68.2 226.5 257.4 558.5 213.5
2683.8 191.0 295.9 233.9 555.8 303.4 142.0 575.4 92.3 404.1 671.3 261.4 123.5 512.9 244.1 178.0 247.3 271.4 104.9 291.6 318.4 214.2 349.3 521.6 427.9 193.3 341.6 319.3 333.5 134.8 389.9 194.7 196.5 235.2 199.4 460.7 103.6 214.1 297.1 155.1 223.8 305.4 228.8 316.4 259.9 418.8 64.7 702.3 183.2 371.2 91.1 158.0 294.4 254.5 134.1 233.2 179.7 419.5 485.6 316.4 438.2 392.1 256.8 518.0 210.5 572.2 495.0 169.0 115.7 247.4 392.5 446.8 228.5 579.7 530.3 570.1 164.1 143.7 310.7 423.0 360.2 407.3 198.9 171.1 0.0 212.3 307.9 304.5 171.0 560.8 543.3 336.1 189.6 182.6 240.1 554.1 178.2 174.8 688.3 296.4 155.3 252.2 478.0 600.1 346.4 241.3 501.4 191.0 187.5 340.4 243.8 527.7 116.7 260.5 252.4 369.5 192.6 359.8 335.5 312.2 156.0 192.1 712.6 272.5 165.8 202.8 473.1 681.1 92.8 358.5 370.5 324.9 310.1 581.0 177.8 264.3 53.6 203.2 194.6 106.2 166.1 155.3 228.2 487.3 144.2
2725.4 280.9 401.1 109.6 663.7 377.6 275.3 683.3 219.7 512.0 761.2 369.3 253.6 620.8 223.6 311.3 380.6 407.0 194.8 396.8 380.5 75.8 457.2 629.5 517.8 123.6 444.1 427.2 441.4 193.5 494.8 328.0 282.2 66.9 144.7 550.6 173.2 304.0 394.6 137.0 357.1 397.2 362.1 424.3 85.1 552.1 246.9 810.2 320.3 479.1 219.9 123.7 402.3 364.5 203.0 217.3 269.6 527.4 593.5 424.3 571.5 500.0 318.9 607.9 140.8 680.1 602.9 130.3 192.9 109.0 500.4 580.1 318.4 669.6 608.9 660.0 193.7 172.2 418.6 522.6 462.7 497.2 288.8 62.0 223.0 0.0 415.8 407.5 260.9 650.7 664.8 444.0 304.5 285.9 380.0 644.0 142.4 186.6 796.2 404.3 288.6 231.7 567.9 690.0 454.3 344.3 634.7 328.1 320.8 442.9 333.7 637.0 250.0 240.0 357.6 477.4 120.1 444.2 443.4 420.1 137.2 325.4 820.5 377.7 273.7 89.4 624.3 789.0 219.2 466.4 478.4 422.4 418.0 659.6 55.3 419.5 259.6 308.4 140.3 239.5 130.3 288.6 290.3 620.6 234.1
2735.3 249.1 228.6 365.0 442.7 177.4 313.9 384.7 354.3 304.8 532.6 103.9 268.1 322.2 360.3 340.2 334.7 293.6 224.1 224.3 225.9 438.5 91.7 330.9 409.5 324.4 184.0 206.2 140.7 354.0 399.4 336.1 240.6 366.3 387.0 408.3 330.6 177.7 254.7 286.2 302.2 98.6 355.9 107.0 391.0 446.9 390.8 538.2 360.0 180.5 353.1 385.0 181.3 269.1 265.2 303.9 236.5 261.8 372.5 125.7 461.5 245.9 211.5 448.0 364.2 459.1 304.3 392.7 325.8 455.4 259.4 424.7 211.4 491.7 356.4 521.2 458.2 368.6 123.5 362.2 202.6 401.8 195.7 398.1 366.9 439.3 0.0 97.0 226.2 490.8 504.9 28.7 195.1 215.7 284.6 396.9 403.1 305.9 497.6 104.9 300.6 227.0 425.6 547.2 39.5 147.9 540.7 351.6 349.7 203.6 221.2 477.1 315.8 263.3 185.1 241.7 419.6 233.8 144.8 121.5 350.3 363.9 521.9 205.2 192.8 429.8 450.7 478.4 354.8 122.3 168.0 284.8 197.0 361.0 404.8 310.4 401.4 201.1 421.6 287.6 393.1 365.9 201.9 538.8 252.2
2732.0 194.9 261.8 358.4 398.0 174.1 267.9 387.5 329.7 246.3 537.5 59.2 265.1 325.0 310.7 294.2 288.7 247.6 219.6 257.5 222.6 388.9 112.2 333.7 364.8 317.8 183.1 161.5 145.6 352.6 353.4 290.1 191.0 359.7 380.4 411.1 329.2 130.2 210.0 279.6 256.2 101.4 309.9 62.3 384.4 449.7 341.2 541.0 314.0 183.3 328.5 379.6 136.6 223.1 258.6 256.4 171.0 225.6 327.8 128.5 464.3 204.2 251.3 450.8 314.6 414.4 307.1 345.2 319.2 405.8 223.2 429.6 175.2 494.5 359.2 476.5 408.6 369.3 126.3 319.6 210.0 355.8 128.1 392.7 317.3 417.8 107.3 0.0 176.6 493.6 507.7 80.6 145.5 166.1 238.6 399.7 399.8 299.3 500.4 122.8 254.6 223.7 428.4 504.6 90.9 75.8 545.6 305.6 303.7 182.6 163.7 479.9 264.6 277.4 218.3 205.5 400.1 230.5 147.6 124.3 300.7 317.9 524.7 238.4 143.2 424.4 453.5 481.6 330.2 182.3 170.8 240.1 152.3 363.8 399.4 262.3 353.9 197.7 416.2 281.0 387.7 300.7 222.7 541.6 245.6
2743.5 163.7 144.8 209.4 412.7 167.6 203.3 489.7 239.7 261.0 600.9 118.3 136.4 427.2 211.7 239.3 303.4 262.3 70.6 140.5 213.9 267.5 206.2 429.3 379.5 168.8 198.5 176.2 227.9 216.5 368.1 256.0 92.0 210.7 231.4 423.9 196.2 90.8 224.7 130.6 270.9 162.3 324.6 173.3 235.4 477.7 208.2 559.2 249.0 263.4 238.5 240.7 151.3 237.8 109.6 162.0 152.4 276.4 342.5 230.7 476.6 306.4 152.3 477.2 186.0 429.1 409.3 206.4 170.2 284.4 249.4 457.6 173.1 520.9 387.2 491.2 269.8 236.3 167.6 334.3 217.1 370.5 126.0 253.9 184.3 268.8 221.8 161.4 0.0 516.0 530.1 193.0 28.5 10.0 253.3 426.1 261.0 150.3 602.6 190.8 216.6 176.4 441.2 519.3 203.3 98.2 569.7 256.8 248.8 197.3 162.4 484.3 226.8 178.4 101.3 226.4 251.1 224.0 249.8 206.6 161.9 253.4 626.9 121.4 44.2 285.6 481.5 538.0 240.2 252.9 281.7 254.8 167.0 437.9 260.6 274.8 220.9 90.5 277.4 152.3 248.9 216.6 123.7 546.0 116.9
2752.3 375.5 612.7 604.4 129.2 565.0 397.0 286.6 549.0 264.2 155.9 429.6 511.1 205.7 623.3 423.3 435.8 410.4 465.6 608.4 613.5 664.5 457.6 152.8 212.3 563.8 427.5 341.3 546.2 574.2 209.3 419.2 541.9 605.7 626.4 143.4 553.9 452.2 339.8 525.6 356.7 447.7 440.7 484.6 630.4 129.3 580.6 224.8 444.8 429.1 547.8 608.3 366.1 329.7 504.6 612.4 385.9 388.5 226.2 385.8 188.1 320.8 602.2 53.7 581.0 250.5 185.9 591.9 566.0 679.4 361.5 172.8 401.4 138.6 155.6 36.7 655.3 594.0 453.0 193.9 396.6 164.6 416.2 621.4 560.0 662.6 492.2 498.1 518.7 0.0 14.0 463.4 496.4 543.7 345.2 93.0 628.5 545.3 328.1 492.5 383.7 631.4 160.7 66.7 473.7 449.2 53.6 436.4 432.8 426.3 461.1 74.5 466.6 639.7 569.2 338.5 642.9 621.4 427.3 524.9 556.9 447.0 352.4 589.3 494.1 653.1 133.4 203.6 549.5 552.0 447.4 367.6 362.1 161.4 628.1 422.9 569.5 548.6 644.9 528.9 616.4 449.0 573.6 87.0 491.6
2741.6 390.4 627.6 619.3 144.1 579.9 382.9 301.5 534.9 279.1 170.8 444.5 532.1 220.6 638.2 409.2 421.7 425.3 480.5 623.3 628.4 650.4 472.5 167.7 227.2 578.7 442.4 356.2 561.1 560.1 224.2 405.1 556.8 620.6 635.6 158.3 539.8 467.1 354.7 540.5 342.6 462.6 426.6 499.5 645.3 115.2 566.5 239.7 430.7 444.0 533.7 594.2 381.0 344.6 519.5 627.3 400.8 403.4 241.1 400.7 174.0 335.7 617.1 68.6 595.9 265.4 200.8 577.8 551.9 683.6 376.4 158.7 416.3 153.5 170.5 51.6 641.2 579.9 467.9 208.8 411.5 179.5 431.1 607.3 545.9 648.5 507.1 513.0 533.6 14.8 0.0 478.3 511.3 558.6 358.9 107.9 614.4 560.2 343.0 507.4 369.6 646.3 175.6 81.6 488.6 464.1 39.5 422.3 418.7 441.2 476.0 89.4 452.5 654.6 584.1 353.4 628.8 636.3 442.2 539.8 571.8 432.9 367.3 604.2 509.0 639.0 131.1 218.5 535.4 566.9 462.3 382.5 377.0 176.3 614.0 418.7 555.4 563.5 630.8 514.8 602.3 434.9 588.5 72.9 506.5
2706.5 220.3 199.8 336.2 413.9 148.6 283.8 355.9 325.5 231.5 505.9 75.1 242.9 293.4 331.5 310.1 304.6 263.5 197.4 195.5 197.1 409.7 131.1 302.1 380.7 295.6 151.5 177.4 114.0 322.1 369.3 306.0 211.8 337.5 358.2 379.5 301.8 151.0 225.9 257.4 272.1 69.8 325.8 78.2 362.2 418.1 362.0 509.4 329.9 151.7 324.3 356.2 152.5 239.0 236.4 281.8 209.8 194.0 343.7 96.9 432.7 172.6 184.8 419.2 335.4 430.3 275.5 366.0 297.0 426.6 191.6 398.0 182.6 462.9 327.6 492.4 429.4 341.9 94.7 335.5 178.4 371.7 166.9 369.3 338.1 410.5 28.7 70.3 197.4 462.0 476.1 0.0 166.3 186.9 254.5 368.1 376.4 277.1 468.8 76.1 270.5 198.2 396.8 520.5 10.7 119.1 514.0 321.5 319.6 198.5 191.6 448.3 287.0 234.5 156.3 173.9 390.8 205.0 116.0 92.7 321.5 333.8 493.1 176.4 164.0 401.0 421.9 450.0 326.0 135.6 151.0 256.0 168.2 332.2 376.0 276.0 374.7 172.3 392.8 258.8 364.3 335.8 173.1 510.0 223.4
2711.0 182.5 116.2 243.8 402.4 139.0 193.0 500.2 229.4 250.7 590.6 108.0 146.8 437.7 181.4 229.0 293.1 252.0 105.0 111.9 183.6 259.6 195.9 446.4 369.2 203.2 188.2 165.9 258.3 220.2 357.8 245.7 61.7 245.1 265.8 413.6 199.9 80.5 214.4 165.0 260.6 152.0 314.3 163.0 269.8 467.4 211.9 548.9 238.7 253.1 228.2 250.3 141.0 227.5 128.6 131.7 158.6 266.1 332.2 241.2 466.3 316.9 122.0 466.9 185.3 418.8 419.8 215.9 204.6 276.5 239.1 447.3 162.8 510.6 376.9 480.9 279.3 240.0 157.3 324.0 206.8 360.2 115.7 263.4 188.0 303.2 211.5 151.1 29.3 505.7 519.8 182.7 0.0 18.8 243.0 415.8 270.5 184.7 613.1 221.2 206.3 146.1 430.9 509.0 193.0 87.9 559.4 246.5 238.5 187.0 152.1 474.0 216.5 148.1 72.7 216.1 284.9 195.4 260.3 237.0 171.4 243.1 637.4 92.8 13.9 295.1 471.2 527.7 229.9 242.6 295.3 244.5 156.7 427.6 270.1 264.5 224.6 61.9 286.9 162.7 258.4 206.3 93.4 535.7 127.3
2733.5 182.8 134.8 224.9 402.7 157.6 193.3 479.7 229.7 251.0 590.9 108.3 147.1 417.2 201.7 229.3 293.4 252.3 86.1 130.5 203.9 283.0 196.2 419.3 369.5 184.3 188.5 166.2 217.9 226.3 358.1 246.0 82.0 226.2 246.9 413.9 206.0 80.8 214.7 146.1 260.9 152.3 314.6 163.3 250.9 467.7 221.5 549.2 239.0 253.4 228.5 260.4 141.3 227.8 125.1 147.4 158.9 266.4 332.5 220.7 466.6 296.4 142.3 467.2 201.5 419.1 399.3 221.9 185.7 299.9 239.4 447.6 163.1 510.9 377.2 481.2 285.3 246.1 157.6 324.3 207.1 360.5 116.0 273.5 197.6 284.3 211.8 151.4 10.4 506.0 520.1 183.0 18.5 0.0 243.3 416.1 280.6 165.8 592.6 180.8 206.6 166.4 431.2 509.3 193.3 88.2 559.7 246.8 238.8 187.3 152.4 474.3 216.8 168.4 91.3 216.4 266.6 214.0 239.8 196.6 177.4 243.4 616.9 111.4 34.2 305.2 471.5 528.0 230.2 242.9 271.7 244.8 157.0 427.9 280.2 264.8 234.2 80.5 297.0 163.0 268.5 206.6 113.7 536.0 127.6
2849.5 110.6 358.5 339.5 375.3 340.5 89.7 453.8 258.0 171.2 441.5 175.4 238.9 391.3 358.4 116.0 128.5 132.6 200.7 354.2 409.6 357.2 237.4 384.1 198.1 298.9 162.6 138.8 292.0 266.9 175.1 111.9 287.7 340.8 342.4 230.9 246.6 187.3 56.9 260.7 17.5 193.5 146.0 230.4 365.5 264.4 276.6 521.8 153.8 226.0 256.8 301.0 133.4 14.3 239.7 347.5 121.0 239.0 305.1 194.8 283.6 227.8 348.0 288.2 316.1 391.7 373.4 284.6 258.7 390.4 212.0 293.5 136.5 349.9 289.2 340.3 348.0 286.7 198.8 202.9 181.2 177.5 151.3 314.1 252.7 355.3 278.9 243.9 253.8 331.0 345.1 250.1 242.2 278.8 0.0 324.3 321.2 280.4 566.7 268.8 76.4 366.5 248.2 370.3 260.4 206.8 347.0 145.4 125.5 161.4 196.2 317.3 159.3 374.8 315.0 189.0 335.6 396.9 213.9 270.7 299.0 139.7 591.0 335.1 239.9 345.8 304.6 500.6 258.5 328.3 244.3 84.7 129.6 392.7 320.8 125.5 278.5 294.4 337.6 221.6 309.1 141.7 319.4 332.9 226.7
2735.6 349.6 527.0 578.5 61.1 484.1 397.6 193.5 555.1 238.3 204.3 343.9 485.2 131.0 575.9 423.9 425.6 384.5 439.7 522.7 532.6 636.6 405.9 59.7 186.4 537.9 333.2 255.6 460.5 574.8 183.4 419.8 456.2 579.8 600.5 117.5 554.5 395.4 313.9 499.7 336.9 362.0 446.8 398.9 604.5 153.5 577.3 207.6 450.9 343.4 553.9 608.9 280.4 303.8 478.7 521.6 360.0 302.8 140.5 304.9 170.2 244.4 516.5 51.0 555.1 151.0 92.8 575.5 539.3 653.5 275.8 153.3 375.5 94.7 129.7 103.1 638.9 594.6 367.3 168.0 310.9 138.7 390.3 622.0 553.4 637.9 411.3 412.4 441.8 93.8 107.9 382.5 410.7 431.3 319.3 0.0 629.1 519.4 306.4 411.6 384.3 540.6 134.8 133.1 392.8 363.5 147.5 442.5 433.4 331.5 435.2 80.1 467.2 542.6 483.5 252.8 620.2 540.5 341.6 439.2 531.0 447.6 330.7 503.6 408.4 653.7 107.5 186.4 555.6 471.1 361.7 341.7 264.7 68.3 628.7 397.0 575.6 462.9 645.5 501.1 617.0 444.5 487.9 141.8 465.7
2664.4 261.1 363.3 184.9 602.6 339.8 208.3 641.7 152.7 450.9 741.4 308.2 193.3 579.2 185.8 244.3 313.6 337.7 175.0 359.0 342.7 131.4 369.4 587.9 494.7 144.3 409.8 366.1 399.8 129.6 456.2 261.0 244.4 196.5 116.6 530.8 106.2 284.2 363.4 117.2 290.1 355.6 295.1 363.2 214.7 485.1 179.9 749.1 253.3 437.5 152.9 75.2 341.2 320.8 185.4 179.5 249.8 479.8 532.4 382.7 504.5 458.4 281.1 588.1 161.5 619.0 561.3 63.3 125.9 164.6 439.3 513.1 298.6 649.8 579.6 640.2 126.7 105.2 357.5 489.3 428.4 477.4 269.0 88.3 156.0 129.5 376.3 351.3 241.1 624.5 609.6 352.8 268.4 266.9 306.4 624.2 0.0 166.8 754.6 362.7 221.6 193.9 539.9 670.2 363.1 288.1 567.7 261.1 253.8 408.6 313.9 594.0 183.0 202.2 319.8 416.3 109.8 406.4 401.8 378.5 97.7 258.4 778.9 339.9 244.6 120.0 539.4 728.5 152.2 424.8 425.0 391.2 356.9 618.0 95.0 332.8 192.6 270.6 111.8 172.5 10.9 221.6 252.5 553.6 208.6
2716.9 174.0 315.2 118.8 586.5 291.7 242.1 576.4 205.2 434.8 654.3 292.1 146.7 513.9 137.7 278.1 341.2 300.1 87.9 310.9 294.6 176.9 380.0 522.6 410.9 78.2 337.2 350.0 334.5 191.6 387.9 294.8 196.3 120.1 140.8 443.7 171.3 197.1 287.7 40.0 290.7 290.3 328.9 347.1 144.8 518.9 195.7 733.0 283.0 372.2 249.4 150.1 325.1 257.6 96.1 131.4 162.7 450.2 516.3 317.4 496.4 393.1 233.0 501.0 95.4 602.9 496.0 115.8 136.7 193.8 423.2 506.3 211.5 562.7 502.0 553.1 179.2 175.7 341.4 415.7 355.8 390.3 181.9 163.3 171.8 178.2 308.9 300.6 154.0 543.8 557.9 366.8 197.6 179.0 273.1 537.1 170.4 0.0 689.3 297.4 255.4 145.8 461.0 583.1 377.1 237.4 597.5 290.8 287.6 336.0 226.8 530.1 235.5 154.1 271.7 400.2 160.5 358.3 336.5 313.2 71.3 292.2 713.6 291.8 196.5 195.0 517.4 711.8 204.7 359.5 371.5 315.5 340.8 552.7 170.0 312.6 208.4 222.5 186.8 162.6 158.3 255.4 204.4 591.8 127.2
2595.6 607.4 718.4 817.0 213.7 590.6 639.0 266.2 789.2 423.4 237.0 535.3 703.7 289.3 767.3 665.3 665.4 624.3 658.2 714.1 639.1 845.5 483.2 269.1 439.5 776.4 524.6 447.0 514.6 816.2 464.9 661.2 647.6 818.3 839.0 399.0 795.9 586.8 532.5 738.2 598.7 553.4 680.9 590.3 843.0 371.3 797.8 147.3 685.0 534.8 788.0 850.3 471.8 574.9 714.5 713.0 617.8 494.2 331.9 411.4 430.1 435.8 707.9 309.3 771.2 342.4 302.2 801.8 777.8 862.4 467.2 414.8 592.5 394.2 334.3 310.3 865.2 836.0 558.7 394.3 502.3 420.2 602.7 863.4 773.9 904.6 517.8 603.8 633.2 321.0 335.1 489.0 602.1 622.7 590.4 285.9 870.5 757.9 0.0 518.1 625.7 640.2 416.3 340.3 499.3 554.9 314.9 676.6 674.8 522.9 601.5 330.1 708.6 734.0 674.9 444.2 884.9 647.0 533.0 493.3 757.3 689.0 73.2 695.0 599.8 895.1 387.2 87.9 789.7 577.6 553.1 562.6 456.1 277.7 870.1 636.8 809.7 654.3 886.9 770.9 858.4 691.0 679.3 329.0 684.2
2704.5 229.8 197.8 334.2 388.3 146.6 298.6 373.1 323.5 248.7 523.1 110.3 240.9 310.6 322.5 324.9 319.4 278.3 195.4 193.5 195.1 392.3 177.7 319.3 404.4 293.6 168.7 204.9 131.2 320.1 349.9 320.8 202.8 335.5 356.2 396.7 299.8 169.6 253.4 255.4 286.9 87.0 340.6 113.4 360.2 435.3 329.8 526.6 344.7 168.9 322.3 354.2 180.0 253.8 234.4 267.5 210.4 211.2 360.4 114.1 449.9 189.8 182.8 436.4 310.8 404.7 292.7 331.2 295.0 409.2 208.8 415.2 192.1 480.1 344.8 466.8 394.6 339.9 111.9 359.2 195.6 352.3 167.5 367.3 305.9 408.5 103.6 105.5 188.4 479.2 493.3 132.4 157.3 177.9 269.3 385.3 374.4 275.1 486.0 0.0 285.3 196.2 414.0 494.9 143.2 115.2 531.2 336.3 334.4 188.3 201.1 465.5 304.0 232.5 154.3 191.1 388.8 203.0 133.2 109.9 286.7 348.6 510.3 174.4 155.0 399.0 439.1 467.2 324.0 109.2 168.2 283.5 195.7 349.4 374.0 290.8 344.0 170.3 390.8 256.8 362.3 350.6 171.1 527.2 221.4
2801.3 161.4 310.8 309.7 420.3 281.8 13.2 479.3 209.8 268.6 523.2 200.9 162.4 416.8 310.6 39.5 91.9 116.0 189.4 306.5 330.3 280.7 262.9 425.5 273.0 269.1 188.1 183.8 328.9 190.4 234.5 39.3 240.0 311.0 265.9 312.6 170.1 209.8 141.7 242.0 68.4 219.0 73.4 255.9 364.0 263.4 200.1 566.8 105.6 275.1 208.6 224.5 158.9 99.1 207.9 304.3 175.1 284.0 350.1 220.3 282.8 296.0 300.3 369.9 286.3 436.7 398.9 208.1 182.2 313.9 257.0 291.4 187.3 431.6 357.9 422.0 271.5 210.2 224.3 267.6 206.7 259.2 194.3 237.6 176.2 278.8 303.3 280.4 213.1 402.8 387.9 275.6 194.5 267.1 84.7 406.0 244.7 259.3 592.2 291.8 0.0 318.7 318.2 452.0 285.9 217.2 346.0 97.2 49.0 186.9 239.2 372.3 82.8 327.0 267.3 234.0 259.1 338.2 239.4 307.6 222.5 63.2 616.5 287.4 192.2 269.3 317.7 545.6 210.3 353.9 274.4 169.5 174.6 455.6 244.3 108.9 212.8 246.7 261.1 145.1 232.6 65.2 271.7 331.9 181.2
2617.4 261.0 167.4 164.8 494.6 136.2 306.8 479.4 233.2 355.0 629.4 216.6 233.7 416.9 109.3 342.8 379.4 384.6 174.9 163.1 139.3 205.5 200.9 425.6 501.5 124.2 275.0 298.2 237.5 225.0 474.9 359.5 144.5 166.1 186.8 503.0 204.7 212.8 346.7 117.1 377.7 193.3 393.6 219.7 190.8 541.6 278.4 632.9 333.8 275.2 233.4 178.2 273.3 344.6 183.1 52.1 249.7 317.5 466.7 220.4 556.2 296.1 107.0 542.7 113.2 511.0 399.0 143.8 223.7 222.4 315.1 521.5 298.4 586.4 451.1 573.1 207.2 203.7 218.2 456.3 301.9 477.3 252.6 191.3 254.5 232.5 219.3 205.7 179.6 585.5 599.6 190.5 181.1 169.1 360.1 491.6 198.4 166.7 592.3 200.4 320.1 0.0 520.3 601.2 200.8 200.3 637.5 341.6 352.3 294.6 289.0 571.8 281.5 51.4 123.9 297.4 212.8 192.6 239.5 216.2 99.3 356.9 616.6 144.0 144.7 223.0 545.4 573.5 232.7 259.9 274.5 376.8 289.0 455.7 198.0 397.1 291.1 139.9 214.8 249.6 186.3 320.1 95.3 633.5 214.2
2837.0 295.0 542.9 523.9 179.7 510.6 311.9 294.9 463.9 183.7 253.5 359.8 430.6 232.4 542.8 338.2 350.7 329.9 385.1 538.6 559.1 579.4 421.8 196.1 131.8 483.3 347.0 290.8 476.4 489.1 128.8 334.1 472.1 525.2 564.6 17.3 468.8 371.7 259.3 445.1 271.6 377.9 355.6 414.8 549.9 103.6 495.5 326.2 359.7 366.3 462.7 523.2 298.6 249.2 424.1 536.5 305.4 328.4 171.8 331.4 35.3 240.3 532.4 100.2 500.5 196.1 229.2 506.8 480.9 612.6 301.4 105.5 320.9 161.9 101.2 152.3 570.2 508.9 383.2 113.4 333.8 84.1 335.7 536.3 474.9 577.5 463.3 428.3 438.2 143.0 157.1 434.5 426.6 463.2 287.9 136.3 543.4 464.8 407.8 438.1 298.6 550.9 0.0 182.3 444.8 391.2 196.7 351.3 347.7 345.8 380.6 129.3 381.5 559.2 499.4 278.4 557.8 567.0 364.5 455.1 476.4 361.9 432.1 519.5 424.3 568.0 116.6 305.0 464.4 497.6 384.6 287.1 281.6 204.7 543.0 347.7 484.4 478.8 559.8 443.8 531.3 363.9 503.8 191.0 411.1
2830.8 413.0 620.7 641.9 127.2 602.5 461.0 293.9 618.5 301.7 213.4 437.6 545.0 203.7 660.8 487.3 489.0 447.9 503.1 616.4 671.8 700.0 505.8 171.4 249.8 601.3 426.9 349.3 554.2 641.3 246.8 483.2 549.9 643.2 663.9 180.9 617.9 489.7 377.3 563.1 400.3 455.7 510.2 492.6 667.9 214.3 640.7 273.7 514.3 437.1 617.3 672.3 374.1 367.2 542.1 619.9 423.4 396.5 234.2 423.3 233.6 338.1 610.2 91.2 618.5 244.7 204.5 638.9 602.7 716.9 369.5 216.7 438.9 176.1 193.1 49.1 702.3 658.0 461.0 231.4 404.6 202.1 453.7 685.4 616.8 701.3 539.0 506.1 556.2 84.9 99.0 512.3 504.4 525.0 382.7 130.5 692.5 582.8 361.9 530.0 447.7 634.3 198.2 0.0 522.6 457.2 138.6 505.9 496.8 425.2 497.8 112.0 530.6 636.3 577.2 346.5 683.6 658.9 435.3 532.9 594.4 511.0 386.2 597.3 502.1 717.1 170.9 252.5 619.0 589.5 457.2 405.1 358.4 180.0 692.1 462.6 639.0 556.6 708.9 564.5 680.4 507.9 581.6 172.0 529.1
2707.4 221.2 200.7 337.1 414.8 149.5 284.7 356.8 326.4 232.4 506.8 76.0 243.8 294.3 332.4 311.0 305.5 264.4 198.3 196.4 198.0 410.6 152.5 303.0 381.6 296.5 152.4 178.3 114.9 323.0 370.2 306.9 212.7 338.4 359.1 380.4 302.7 151.9 226.8 258.3 273.0 70.7 326.7 79.1 363.1 419.0 362.9 510.3 330.8 152.6 325.2 357.1 153.4 239.9 237.3 282.7 210.7 194.9 344.6 97.8 433.6 173.5 185.7 420.1 336.3 431.2 276.4 366.9 297.9 427.5 192.5 398.9 183.5 463.8 328.5 493.3 430.3 342.8 95.6 336.4 179.3 372.6 167.8 370.2 339.0 411.4 50.1 71.2 198.3 462.9 477.0 21.3 167.2 187.8 255.4 369.0 377.3 278.0 469.7 77.0 271.4 199.1 397.7 521.4 0.0 120.0 514.9 322.4 320.5 199.4 192.5 449.2 287.9 235.4 157.2 174.8 391.7 205.9 116.9 93.6 322.4 334.7 494.0 177.3 164.9 401.9 422.8 450.9 326.9 136.5 151.9 256.9 169.1 333.1 376.9 276.9 375.6 173.2 393.7 259.7 365.2 336.7 174.0 510.9 224.3
2732.8 119.0 185.9 282.5 356.9 208.7 226.8 403.7 253.8 205.2 545.1 62.5 189.2 341.2 234.8 253.1 247.6 206.5 143.7 181.6 237.0 313.0 125.2 349.9 323.7 241.9 142.7 120.4 161.8 273.6 320.3 249.0 115.1 283.8 304.5 376.1 253.3 54.3 168.9 203.7 223.1 117.6 268.8 125.5 308.5 421.9 265.3 503.4 272.9 199.5 252.6 303.7 95.5 190.0 182.7 185.1 95.1 241.8 286.7 144.7 428.8 220.4 175.4 421.4 238.7 373.3 323.3 269.3 243.3 329.9 193.6 401.8 99.3 465.1 331.4 435.4 332.7 293.4 111.8 278.5 161.3 322.7 52.2 316.8 241.4 341.9 172.6 63.1 100.7 460.2 474.3 143.8 69.6 90.2 205.5 370.3 323.9 223.4 516.6 124.7 213.5 199.5 393.4 463.5 154.1 0.0 513.9 264.5 262.6 141.5 88.6 428.5 188.7 201.5 142.4 170.6 324.2 265.1 163.8 140.5 224.8 276.8 540.9 162.5 67.3 348.5 425.7 482.2 254.3 184.2 198.8 199.0 111.2 380.0 323.5 219.0 278.0 121.8 340.3 205.1 311.8 224.8 146.8 490.2 169.7
2702.0 429.2 642.7 639.8 164.9 595.0 343.3 340.3 495.3 293.5 212.7 459.6 496.0 241.4 640.7 369.6 382.1 386.2 519.3 638.4 643.5 610.8 490.8 206.5 251.6 599.2 458.3 371.3 576.2 520.5 213.1 365.5 571.9 641.1 596.0 187.1 500.2 505.9 376.3 572.1 303.0 477.7 387.0 514.6 694.1 75.6 526.9 311.4 391.1 459.1 494.1 554.6 396.1 333.7 538.0 634.4 439.6 418.5 256.2 415.8 134.4 350.1 632.2 107.4 616.4 280.5 239.6 538.2 512.3 644.0 391.5 119.1 455.1 192.3 185.6 93.5 601.6 540.3 483.0 219.8 426.6 212.4 469.9 567.7 506.3 608.9 520.1 528.1 572.4 56.7 41.8 493.4 526.4 547.0 319.3 146.7 574.8 599.0 344.7 522.5 330.0 648.8 169.8 123.5 503.7 479.2 0.0 382.7 379.1 457.1 514.8 73.7 412.9 657.1 599.2 368.5 589.2 651.4 457.3 554.9 552.6 393.3 369.0 619.3 524.1 599.4 91.5 290.2 495.8 582.0 489.2 404.1 380.4 215.1 574.4 381.3 515.8 578.6 591.2 475.2 562.7 395.3 603.6 33.3 511.3
2704.0 219.5 343.9 322.3 495.9 314.9 91.9 554.9 112.5 276.8 540.4 270.4 241.1 492.4 323.2 73.1 37.7 191.6 193.1 339.6 363.4 325.6 338.5 501.1 348.6 281.7 263.7 259.4 362.0 196.8 310.1 65.3 273.1 323.6 296.5 354.5 217.9 242.9 217.3 254.6 144.0 317.8 32.9 325.4 348.3 339.0 144.1 592.4 8.3 350.7 111.3 255.1 234.5 174.7 232.1 312.3 208.2 359.6 425.7 295.9 358.4 333.4 333.4 411.8 298.9 512.3 474.5 189.2 260.9 358.8 332.6 367.0 257.0 473.5 433.5 463.9 184.3 260.6 299.9 343.2 282.3 301.1 227.4 268.2 177.8 309.4 336.4 313.5 246.2 478.4 463.5 315.0 227.6 248.2 160.3 447.9 275.3 272.8 667.8 324.9 75.5 331.3 393.8 493.9 325.3 250.3 421.6 0.0 33.1 262.5 272.3 447.9 161.5 339.6 300.4 309.6 289.7 371.3 315.0 340.7 235.1 72.6 692.1 320.5 225.3 299.9 393.3 571.2 113.0 387.0 350.0 245.1 250.2 531.2 274.9 184.5 133.0 279.8 291.7 223.8 263.2 147.0 304.8 407.5 259.9
2744.0 196.5 356.3 362.3 462.7 327.3 58.7 521.7 152.5 311.0 565.6 243.3 207.9 459.2 363.2 39.9 134.3 158.4 234.9 352.0 375.8 326.2 305.3 467.9 315.4 321.7 230.5 226.2 374.4 236.8 276.9 81.7 285.5 363.6 311.4 355.0 215.6 255.3 184.1 294.6 110.8 261.4 115.8 298.3 388.3 305.8 184.1 609.2 48.3 317.5 151.3 270.0 201.3 141.5 253.4 352.3 220.6 326.4 392.5 262.7 325.2 338.4 345.8 412.3 338.9 479.1 441.3 229.2 227.7 359.4 299.4 333.8 222.4 474.0 400.3 464.4 224.3 255.7 266.7 310.0 249.1 301.6 237.2 283.1 217.8 324.3 348.8 311.8 258.6 445.2 430.3 318.0 240.0 312.6 127.1 448.4 290.2 304.8 634.6 336.7 42.3 371.3 360.6 494.4 328.3 262.7 388.4 54.5 0.0 229.3 282.1 414.7 128.3 379.6 312.8 276.4 304.6 383.7 281.8 353.1 275.1 39.4 658.9 332.9 237.7 314.8 360.1 588.0 153.0 399.4 316.8 211.9 217.0 498.0 289.8 151.3 173.0 292.2 306.6 190.6 278.1 124.8 317.2 374.3 226.7
2812.3 167.6 296.6 396.5 309.6 254.4 204.8 366.9 355.1 157.9 497.8 113.5 303.2 304.4 345.5 231.1 225.6 184.5 257.7 292.3 302.9 423.7 175.5 313.1 276.4 355.9 75.7 73.1 230.1 382.0 275.1 227.0 225.8 397.8 418.5 325.1 361.7 165.0 138.0 317.7 193.1 131.6 246.8 168.5 422.5 374.6 386.7 456.1 250.9 113.9 353.9 416.1 77.3 160.0 296.7 291.2 178.0 173.3 239.4 107.9 389.2 183.6 286.1 374.1 349.4 326.0 286.5 380.0 357.3 440.6 146.3 354.5 170.7 417.8 284.1 388.1 443.4 401.8 136.9 231.2 81.4 271.7 180.9 429.2 352.1 470.4 181.6 182.0 211.4 412.9 427.0 152.8 180.3 200.9 175.5 323.0 436.3 337.4 479.8 181.9 191.5 310.2 342.4 416.2 163.1 133.1 466.6 242.5 240.6 0.0 179.7 381.2 274.4 312.2 253.1 123.3 450.7 310.8 112.1 208.8 335.5 254.8 504.1 273.2 178.0 460.9 378.4 434.9 355.6 241.4 132.2 168.1 61.6 343.2 435.9 197.0 375.6 232.5 452.7 319.1 424.2 256.8 257.5 442.9 283.7
2815.8 111.5 263.3 285.1 393.9 286.1 263.8 465.9 292.4 242.2 582.9 119.9 188.2 403.4 304.0 290.1 284.6 243.5 145.5 258.2 314.4 343.2 175.6 412.1 360.7 244.5 179.7 157.4 224.0 295.3 322.9 286.0 192.5 286.4 307.1 378.7 271.9 132.1 205.9 206.3 225.7 125.5 305.8 174.9 311.1 458.9 283.9 540.4 309.9 244.6 290.4 316.4 132.5 192.6 185.3 262.5 96.9 257.6 323.7 206.9 431.4 282.6 252.8 435.2 261.7 410.3 385.5 281.3 245.9 360.1 230.6 438.8 73.8 502.1 368.4 472.4 345.5 312.0 130.8 315.5 198.3 325.3 54.8 329.6 260.0 344.5 221.3 144.2 199.4 478.8 492.9 194.6 147.0 167.6 208.1 407.3 336.7 226.0 578.8 206.6 250.5 276.9 396.0 500.5 204.9 81.8 531.7 301.5 299.6 178.5 0.0 465.5 191.3 278.9 219.8 207.6 326.8 342.5 226.0 202.7 237.6 313.8 603.1 239.9 144.7 361.3 452.4 519.8 292.9 266.1 249.2 236.0 148.2 419.1 336.3 258.2 296.6 199.2 353.1 207.7 324.6 227.4 224.2 527.2 172.3
2755.0 355.4 584.6 584.3 91.1 544.9 394.2 266.5 546.2 244.1 158.6 401.5 491.0 167.6 603.2 420.5 431.4 390.3 445.5 580.3 593.4 642.4 463.5 132.7 192.2 543.7 390.8 313.2 518.1 571.4 189.2 416.4 513.8 585.6 606.3 123.3 551.1 432.1 319.7 505.5 353.9 419.6 437.9 456.5 610.3 126.5 577.8 237.6 442.0 401.0 545.0 605.5 338.0 309.6 484.5 592.3 365.8 360.4 198.1 365.7 185.3 300.7 574.1 33.6 560.9 230.4 165.8 581.3 545.1 659.3 333.4 159.1 381.3 118.5 135.5 57.4 644.7 591.2 424.9 173.8 368.5 144.5 396.1 618.6 557.2 643.7 472.1 470.0 498.6 48.1 62.2 443.3 468.3 488.9 325.1 72.9 625.7 525.2 325.8 472.4 380.9 611.3 140.6 87.4 453.6 421.1 101.8 433.6 430.0 389.1 441.0 0.0 463.8 600.2 541.1 310.4 640.1 601.3 399.2 496.8 536.8 444.2 350.1 561.2 466.0 650.3 113.3 216.4 546.7 531.9 419.3 347.5 322.3 141.3 625.3 402.8 566.7 520.5 642.1 506.9 613.6 446.2 545.5 61.7 471.5
2761.3 123.4 262.9 261.8 483.8 233.9 80.2 522.9 163.9 332.1 603.7 189.4 114.5 460.4 262.7 116.2 185.5 249.5 141.5 258.6 282.4 232.8 244.4 469.1 360.3 221.2 269.6 247.3 281.0 142.5 337.3 132.9 192.1 263.1 218.0 393.1 122.2 128.5 237.1 194.1 162.0 236.8 167.0 244.4 316.1 357.0 152.2 630.3 174.1 318.7 162.7 176.6 222.4 207.0 160.0 256.4 112.1 361.0 413.6 263.9 376.4 339.6 252.4 450.4 238.4 500.2 442.5 160.2 134.3 266.0 320.5 385.0 160.9 512.1 458.3 502.5 223.6 162.3 238.7 365.1 288.2 339.7 131.3 189.7 128.3 230.9 255.4 232.5 165.2 493.2 507.3 234.0 146.6 219.2 178.3 486.5 196.8 211.4 635.8 243.9 93.5 270.8 410.4 532.5 244.3 169.3 439.6 190.8 125.7 268.4 176.2 479.5 0.0 279.1 219.4 297.5 211.2 290.3 283.0 259.7 174.6 130.3 660.1 239.5 144.3 221.4 411.3 609.1 164.4 306.0 318.0 264.9 238.1 499.2 196.4 202.5 164.9 198.8 213.2 97.2 184.7 93.5 223.8 425.5 133.3
2688.9 280.8 207.6 184.6 524.8 158.6 326.6 519.6 253.0 373.1 669.6 256.8 253.5 457.1 129.1 362.6 415.5 374.4 194.7 203.3 161.5 225.3 241.1 465.8 491.6 144.0 315.2 288.3 277.7 244.8 494.7 379.3 134.6 185.9 206.6 543.2 224.5 202.9 336.8 136.9 397.5 233.5 413.4 259.9 210.6 581.8 295.7 671.3 353.6 315.4 253.2 198.0 263.4 364.4 212.4 67.3 269.5 357.7 454.6 260.6 596.4 336.3 99.9 582.9 133.0 541.2 439.2 163.6 243.5 242.2 355.3 561.7 285.2 626.6 491.3 603.3 227.0 223.5 258.4 446.4 342.1 497.1 238.1 211.1 271.8 252.3 259.5 245.9 169.7 625.7 639.8 230.7 158.6 159.2 379.9 531.8 218.2 186.5 632.5 240.6 339.9 42.9 560.5 631.4 241.0 210.3 677.7 361.4 372.1 309.4 274.5 596.4 301.3 0.0 164.1 337.6 232.6 225.2 279.7 256.4 119.1 376.7 656.8 184.2 134.8 242.8 585.6 613.7 252.5 300.1 314.7 366.9 279.1 495.9 217.8 386.9 308.4 180.1 234.6 269.4 206.1 339.9 71.3 658.1 234.0
2661.4 247.1 43.4 280.9 461.9 85.5 257.6 446.7 294.0 322.3 596.7 183.9 211.4 384.2 225.4 293.6 357.7 316.6 169.6 39.1 152.0 303.6 168.2 392.9 433.8 240.3 242.3 230.5 204.8 275.6 422.4 310.3 74.4 282.2 302.9 470.3 255.3 145.1 279.0 207.7 325.2 160.6 378.9 187.0 306.9 508.9 267.3 600.2 303.3 242.5 292.8 294.3 205.6 292.1 184.0 171.1 223.2 284.8 396.8 187.7 523.5 263.4 166.0 510.0 229.3 478.3 366.3 259.9 247.3 320.5 282.4 488.8 227.4 553.7 418.4 540.4 323.3 295.4 185.5 388.6 269.2 424.8 180.3 307.4 243.4 348.6 186.6 173.0 93.9 552.8 566.9 157.8 64.5 83.4 307.6 458.9 314.5 227.4 559.6 167.7 270.9 153.1 487.6 568.5 168.1 167.6 604.8 311.1 303.1 261.9 216.7 539.1 281.1 192.1 0.0 264.7 328.9 141.9 206.8 183.5 215.4 307.7 583.9 20.0 78.5 339.1 512.7 540.8 294.5 227.2 241.8 309.1 221.3 423.0 314.1 329.1 280.0 30.5 330.9 227.3 302.4 270.9 137.4 600.8 191.9
2834.1 203.3 314.3 412.9 246.4 278.2 240.5 292.0 390.8 94.7 434.6 131.2 299.6 229.5 363.2 266.8 261.3 220.2 254.1 310.0 365.4 441.4 193.2 238.2 213.2 372.3 120.5 42.9 247.8 402.0 195.9 262.7 243.5 414.2 434.9 261.9 381.7 182.7 128.4 334.1 203.9 149.3 282.5 186.2 438.9 311.4 393.7 392.9 286.6 130.7 389.6 432.1 67.7 170.8 310.4 313.5 213.7 49.9 176.2 99.0 326.0 108.7 303.8 310.9 367.1 262.8 211.6 397.7 373.7 458.3 17.6 291.3 188.4 354.6 220.9 324.9 461.1 421.8 154.6 168.0 98.2 208.5 198.6 445.2 369.8 486.4 234.7 199.7 229.1 349.7 363.8 205.9 198.0 218.6 186.3 259.8 452.3 353.8 404.9 205.7 227.2 327.9 279.2 353.0 216.2 150.8 403.4 278.2 276.3 118.8 197.4 318.0 310.1 329.9 270.8 0.0 466.7 334.6 128.9 226.5 353.2 290.5 429.2 290.9 195.7 476.9 315.2 386.1 391.3 265.2 149.0 158.5 52.0 268.3 451.9 232.7 406.4 250.2 468.7 315.5 440.2 292.5 275.2 379.7 280.1
2743.7 275.6 395.8 119.4 658.4 372.3 247.7 678.0 192.1 506.7 755.9 364.0 248.3 615.5 218.3 283.7 353.0 401.7 189.5 391.5 375.2 94.1 451.9 624.2 512.5 118.3 438.8 421.9 436.1 165.9 489.5 300.4 276.9 159.2 30.1 545.3 145.6 298.7 389.3 131.7 329.5 391.9 334.5 419.0 177.4 524.5 219.3 804.9 292.7 473.8 192.3 96.1 397.0 359.2 197.7 212.0 264.3 522.1 588.2 419.0 543.9 494.7 313.6 602.6 135.5 674.8 597.6 102.7 165.3 127.3 495.1 552.5 313.1 664.3 603.6 654.7 166.1 144.6 413.3 517.3 457.4 491.9 283.5 51.0 195.4 92.2 410.5 402.2 255.6 645.4 659.5 438.7 299.2 280.6 374.7 638.7 114.8 181.3 790.9 399.0 261.0 226.4 562.6 684.7 449.0 339.0 607.1 300.5 293.2 437.6 328.4 631.7 222.4 234.7 352.3 472.1 0.0 438.9 438.1 414.8 131.9 297.8 815.2 372.4 268.4 82.7 578.8 783.7 191.6 461.1 473.1 417.1 412.7 654.3 57.7 414.2 232.0 303.1 112.7 211.9 102.7 261.0 285.0 593.0 228.8
2700.6 292.1 175.9 398.8 521.1 93.7 337.4 505.9 373.8 381.5 655.9 243.1 291.2 443.4 343.3 373.4 452.2 411.1 245.7 171.6 157.3 421.5 227.4 452.1 568.8 358.2 301.5 365.5 264.0 393.5 482.7 390.1 192.3 400.1 420.8 529.5 373.2 280.1 414.0 325.6 419.7 219.8 424.2 246.2 424.8 568.1 385.2 659.4 383.1 301.7 372.6 412.2 340.6 386.6 301.9 287.2 280.8 344.0 493.2 246.9 582.7 322.6 207.1 569.2 347.2 537.5 425.5 377.8 365.2 438.4 341.6 548.0 324.9 612.9 477.6 599.6 441.2 413.3 244.7 523.6 328.4 485.1 279.1 425.3 361.3 466.5 245.8 232.2 228.9 612.0 626.1 217.0 199.5 218.4 402.1 518.1 432.4 345.3 618.8 226.9 350.7 192.3 546.8 627.7 227.3 226.8 664.0 390.9 382.9 321.1 315.5 598.3 312.1 256.8 132.4 323.9 446.8 0.0 266.0 242.7 333.3 387.5 643.1 152.5 213.5 457.0 571.9 600.0 374.3 286.4 301.0 444.1 356.3 482.2 432.0 423.6 397.9 148.4 448.8 307.1 420.3 350.7 195.4 660.0 271.7
2818.2 234.8 345.8 444.4 291.3 211.2 272.0 276.1 422.3 151.7 426.1 162.7 331.1 213.6 394.7 298.3 292.8 251.7 285.6 341.5 259.7 472.9 103.8 222.3 298.3 403.8 84.6 95.0 135.2 433.5 252.9 294.2 275.0 445.7 466.4 299.7 413.2 214.2 159.9 365.6 235.4 180.8 314.0 217.7 470.4 338.3 425.2 429.6 318.1 35.6 421.1 463.6 99.2 202.3 341.9 345.0 245.2 114.2 263.4 32.0 352.9 92.8 335.3 339.4 398.6 307.7 195.7 429.2 405.2 489.8 111.8 318.2 219.9 383.1 247.8 369.8 492.6 453.3 186.1 253.1 62.3 255.3 230.1 476.7 401.3 517.9 138.4 231.2 260.6 382.2 396.3 109.6 229.5 250.1 217.8 288.3 483.8 385.3 389.0 138.7 258.7 260.8 317.0 397.9 119.9 182.3 434.2 309.7 307.8 103.9 228.9 368.5 341.6 361.4 302.3 94.1 498.2 267.6 0.0 113.9 384.7 322.0 413.3 322.4 227.2 508.4 342.1 370.2 422.8 198.2 53.9 190.0 83.5 252.4 483.4 264.2 437.9 281.7 500.2 347.0 471.7 324.0 306.7 430.2 311.6
2744.7 221.0 238.0 449.9 347.9 186.8 258.2 332.7 408.5 208.3 482.7 166.9 356.6 270.2 398.9 284.5 279.0 237.9 311.1 233.7 235.3 477.1 79.4 278.9 364.0 409.3 128.3 169.8 63.2 435.4 309.5 280.4 279.2 451.2 471.9 356.3 415.1 218.4 218.3 371.1 246.5 91.8 300.2 221.9 475.9 394.9 440.1 486.2 304.3 128.5 407.3 469.5 144.9 213.4 350.1 344.6 231.4 170.8 320.0 73.7 409.5 149.4 223.0 396.0 402.8 364.3 252.3 433.4 410.7 494.0 168.4 374.8 224.1 439.7 304.4 426.4 496.8 455.2 190.3 318.8 155.2 311.9 234.3 482.6 405.5 523.8 114.0 126.5 264.8 438.8 452.9 85.2 233.7 254.3 228.9 344.9 489.7 390.8 445.6 114.3 244.9 236.4 373.6 454.5 95.5 186.5 490.8 295.9 294.0 147.9 233.1 425.1 327.8 272.7 194.5 150.7 504.1 243.2 92.8 0.0 388.9 308.2 469.9 214.6 231.4 514.3 398.7 426.8 409.0 173.8 127.8 248.4 160.6 309.0 489.3 250.4 429.0 285.9 506.1 372.5 477.6 310.2 211.3 486.8 337.1
2645.5 163.3 265.5 87.1 536.8 242.0 207.4 565.7 133.8 385.1 643.6 242.4 136.0 503.2 88.0 243.4 280.0 289.4 77.2 261.2 244.9 135.0 330.3 511.9 400.2 46.5 322.6 300.3 323.8 125.6 377.2 260.1 146.6 88.4 120.2 433.0 105.3 186.4 277.0 19.4 280.0 286.4 294.2 297.4 113.1 484.2 185.0 683.3 234.4 387.5 134.0 78.8 275.4 246.9 85.4 81.7 152.0 400.5 466.6 306.7 485.7 382.4 183.3 490.3 63.7 553.2 485.3 44.4 126.0 168.2 373.5 495.6 200.8 552.0 511.3 542.4 107.8 104.3 291.7 405.0 341.2 379.6 171.2 91.9 161.1 133.1 298.2 285.5 143.3 533.1 547.2 317.1 170.6 171.2 262.4 526.4 99.0 69.0 678.6 286.7 220.7 96.1 450.3 572.4 327.4 222.3 586.8 242.2 252.9 321.4 216.1 519.4 182.1 104.4 222.0 350.5 113.4 308.6 325.8 302.5 0.0 257.5 702.9 242.1 146.8 123.6 506.7 662.1 133.3 348.8 360.8 304.8 291.1 562.0 98.6 301.9 197.7 172.8 115.4 151.9 86.9 220.7 154.7 581.1 116.5
2767.0 215.4 348.9 347.8 486.9 319.9 90.0 545.9 175.5 335.2 589.8 267.5 200.5 483.4 348.7 64.1 158.5 182.6 227.5 344.6 368.4 318.8 329.5 492.1 339.6 307.2 254.7 250.4 367.0 256.6 301.1 105.9 278.1 349.1 304.0 379.2 208.2 247.9 208.3 280.1 135.0 285.6 140.0 322.5 402.1 330.0 207.1 633.4 77.8 341.7 174.3 262.6 225.5 165.7 246.0 337.8 213.2 350.6 416.7 286.9 349.4 362.6 338.4 436.5 324.4 503.3 465.5 252.2 220.3 352.0 323.6 358.0 241.3 498.2 424.5 488.6 247.3 248.3 290.9 334.2 273.3 325.8 232.4 275.7 240.8 316.9 341.4 318.5 251.2 469.4 454.5 342.2 232.6 305.2 151.3 472.6 282.8 297.4 658.8 329.9 66.5 356.8 384.8 518.6 352.5 255.3 412.6 84.0 29.4 253.5 276.5 438.9 120.9 365.1 305.4 300.6 297.2 376.3 306.0 345.7 260.6 0.0 683.1 325.5 230.3 307.4 384.3 612.8 176.0 392.0 329.2 236.1 241.2 522.2 282.4 177.7 196.0 284.8 299.2 183.2 270.7 85.3 309.8 398.5 219.3
2623.7 635.5 746.5 845.1 241.8 618.7 667.1 294.3 817.3 451.5 265.1 563.4 731.8 317.4 795.4 693.4 693.5 652.4 686.3 742.2 667.2 873.6 511.3 297.2 467.6 804.5 552.7 475.1 542.7 844.3 493.0 689.3 675.7 846.4 867.1 427.1 824.0 614.9 560.6 766.3 626.8 581.5 709.0 618.4 871.1 399.4 825.9 175.4 713.1 562.9 816.1 878.4 499.9 603.0 742.6 745.7 645.9 522.3 360.0 439.5 458.2 463.9 736.0 337.4 799.3 370.5 330.3 829.9 805.9 890.5 495.3 442.9 620.6 422.3 362.4 338.4 893.3 864.1 586.8 422.4 530.4 448.3 630.8 891.5 802.0 932.7 545.9 631.9 661.3 349.1 363.2 517.1 630.2 650.8 618.5 314.0 898.6 786.0 97.0 546.2 653.8 668.3 444.4 368.4 527.4 583.0 343.0 704.7 702.9 551.0 629.6 358.2 736.7 762.1 703.0 472.3 913.0 675.1 561.1 521.4 785.4 717.1 0.0 723.1 627.9 923.2 415.3 116.0 817.8 605.7 581.2 590.7 484.2 305.8 898.2 664.9 837.8 682.4 915.0 799.0 886.5 719.1 707.4 357.1 712.3
2680.2 265.9 55.4 299.7 480.7 104.3 276.4 465.5 312.8 341.1 615.5 202.7 230.2 403.0 244.2 312.4 376.5 335.4 188.4 14.0 170.8 322.4 187.0 411.7 452.6 259.1 261.1 249.3 223.6 294.4 441.2 329.1 93.2 301.0 321.7 489.1 274.1 163.9 297.8 226.5 344.0 179.4 397.7 205.8 325.7 527.7 286.1 619.0 322.1 261.3 311.6 313.1 224.4 310.9 202.8 194.5 242.0 303.6 415.6 206.5 542.3 282.2 184.8 528.8 248.1 497.1 385.1 278.7 266.1 339.3 301.2 507.6 246.2 572.5 437.2 559.2 342.1 314.2 204.3 407.4 288.0 443.6 199.1 326.2 262.2 367.4 205.4 191.8 112.7 571.6 585.7 176.6 83.3 102.2 326.4 477.7 333.3 246.2 578.4 186.5 289.7 171.9 506.4 587.3 186.9 186.4 623.6 329.9 321.9 280.7 235.5 557.9 299.9 210.9 18.7 283.5 347.7 160.7 225.6 202.3 234.2 326.5 602.7 0.0 97.3 357.9 531.5 559.6 313.3 246.0 260.6 327.9 240.1 441.8 332.9 347.9 298.8 49.3 349.7 246.1 321.2 289.7 156.2 619.6 210.7
2697.0 170.0 147.1 227.6 389.9 154.6 180.5 466.9 216.9 238.2 578.1 95.5 134.3 404.4 167.4 216.5 280.6 239.5 88.8 142.8 169.6 245.6 183.4 406.5 356.7 187.0 175.7 153.4 205.1 213.5 345.3 233.2 47.7 228.9 249.6 401.1 193.2 68.0 201.9 148.8 248.1 139.5 301.8 150.5 253.6 454.9 197.9 536.4 226.2 240.6 215.7 247.6 128.5 215.0 127.8 113.1 146.1 253.6 319.7 207.9 453.8 283.6 108.0 454.4 171.3 406.3 386.5 201.9 188.4 262.5 226.6 434.8 150.3 498.1 364.4 468.4 265.3 233.3 144.8 311.5 194.3 347.7 103.2 260.7 174.0 301.9 199.0 138.6 34.8 493.2 507.3 170.2 23.7 24.3 230.5 403.3 267.8 168.5 579.8 168.0 193.8 132.1 418.4 496.5 180.5 75.4 546.9 234.0 226.0 174.5 139.6 461.5 204.0 134.1 103.6 203.6 282.2 211.0 227.0 183.8 157.4 230.6 604.1 123.7 0.0 292.4 458.7 515.2 217.4 230.1 258.9 232.0 144.2 415.1 267.4 252.0 210.6 54.4 284.2 150.2 255.7 193.8 79.4 523.2 114.8
2693.2 289.9 392.1 178.0 631.4 368.6 237.1 670.5 181.5 479.7 770.2 337.0 218.6 608.0 214.6 273.1 342.4 366.5 203.8 387.8 371.5 82.6 392.0 616.7 523.5 173.1 438.6 394.9 428.6 155.3 485.0 289.8 273.2 147.7 88.7 559.6 135.0 313.0 392.2 146.0 318.9 384.4 323.9 392.0 165.9 513.9 208.7 777.9 282.1 466.3 181.7 85.5 370.0 349.6 214.2 208.3 278.6 508.6 561.2 411.5 533.3 487.2 309.9 616.9 190.3 647.8 590.1 92.1 154.7 115.8 468.1 541.9 327.4 678.6 608.4 669.0 155.5 134.0 386.3 518.1 457.2 506.2 297.8 39.5 184.8 80.7 403.0 380.1 269.9 653.3 638.4 381.6 297.2 295.7 335.2 653.0 104.2 195.6 783.4 391.5 250.4 222.7 568.7 699.0 391.9 316.9 596.5 289.9 282.6 437.4 342.7 622.8 211.8 231.0 348.6 445.1 81.9 435.2 430.6 407.3 126.5 287.2 807.7 368.7 273.4 0.0 568.2 756.7 181.0 453.6 465.6 420.0 385.7 646.8 46.2 359.4 221.4 299.4 102.1 201.3 92.1 250.4 281.3 582.4 237.4
2772.9 351.5 585.0 580.4 170.3 537.3 313.6 302.7 465.6 240.2 226.3 401.9 462.8 240.2 599.3 339.9 352.4 356.5 441.6 580.7 585.8 581.1 429.9 168.9 188.3 539.8 403.5 313.6 518.5 490.8 183.4 335.8 514.2 581.7 566.3 119.4 470.5 428.2 315.8 501.6 273.3 420.0 357.3 456.9 606.4 45.9 497.2 316.8 361.4 401.4 464.4 524.9 338.4 304.0 480.6 593.0 361.9 360.8 198.5 358.1 104.7 296.8 574.5 73.0 557.0 222.8 202.0 508.5 482.6 614.3 333.8 45.7 377.4 134.7 127.9 125.1 571.9 510.6 425.3 169.9 368.9 140.6 392.2 538.0 476.6 579.2 464.5 470.4 494.7 115.8 129.9 435.7 468.7 489.3 289.6 109.1 545.1 521.3 415.6 464.8 300.3 607.4 140.1 155.1 446.0 421.5 110.1 353.0 349.4 402.3 437.1 102.1 383.2 600.6 541.5 310.8 559.5 593.7 399.6 497.2 522.9 363.6 439.9 561.6 466.4 569.7 0.0 295.6 466.1 524.3 419.7 343.6 322.7 177.5 544.7 349.4 486.1 520.9 561.5 445.5 533.0 365.6 545.9 96.0 481.6
2578.2 519.4 630.4 729.0 125.7 585.2 556.6 291.5 706.9 335.4 176.3 447.3 612.1 201.3 679.3 582.9 577.4 536.3 570.2 626.1 633.7 757.5 515.5 181.1 351.5 688.4 436.6 359.0 563.9 721.2 364.1 578.8 560.0 730.3 751.0 298.2 697.8 498.8 444.5 650.2 520.0 465.4 598.6 502.3 755.0 310.6 709.8 59.3 602.7 446.8 705.7 748.2 383.8 486.9 626.5 625.0 529.8 406.2 243.9 406.0 351.4 347.8 619.9 225.7 683.2 254.4 214.2 713.8 689.8 774.4 379.2 316.7 504.5 292.7 246.3 249.6 777.2 737.9 470.7 306.3 414.3 319.4 514.7 761.3 685.9 802.5 548.7 515.8 545.2 260.3 274.4 522.0 514.1 534.7 502.4 197.9 768.4 669.9 109.3 512.7 543.3 644.0 315.5 263.9 532.3 466.9 253.6 594.3 592.4 434.9 514.3 228.5 626.2 646.0 586.9 356.2 782.8 641.6 445.0 542.6 669.3 606.6 133.6 607.0 511.8 793.0 305.4 0.0 707.4 572.2 476.9 474.6 368.1 189.7 768.0 551.4 722.9 566.3 784.8 631.6 756.3 608.6 591.3 268.3 596.2
2590.9 218.7 387.6 209.2 564.0 364.1 187.7 603.1 0.4 385.7 649.3 269.6 232.1 540.6 210.1 187.4 146.6 275.3 199.3 383.3 367.0 212.5 324.6 549.3 430.6 168.6 347.4 327.5 361.2 93.9 407.6 174.2 268.7 210.5 183.4 463.4 115.0 242.1 315.9 141.5 245.7 317.0 141.8 324.6 235.2 406.7 61.7 701.3 101.0 398.9 0.6 142.0 302.6 285.8 207.5 203.8 207.4 441.2 493.8 344.1 426.1 419.8 305.4 520.7 185.8 580.4 522.7 76.1 171.8 245.7 400.7 434.7 256.2 582.4 501.2 572.8 71.2 147.5 318.9 428.4 366.0 410.0 226.6 155.1 95.4 196.3 335.6 312.7 265.4 546.1 531.2 314.2 292.7 293.3 262.0 556.8 162.2 191.1 716.0 324.1 189.8 218.2 461.5 602.8 324.5 249.5 489.3 108.8 147.4 346.2 271.5 515.6 162.4 226.5 344.1 377.7 176.6 430.7 363.2 339.9 122.0 163.7 740.3 364.2 268.9 186.8 461.0 680.1 0.0 386.2 398.2 343.7 318.3 579.4 161.8 268.2 50.6 294.9 178.6 214.8 150.1 201.0 276.8 475.2 238.6
2738.1 263.4 231.4 367.8 421.9 180.2 371.7 406.7 357.1 282.3 556.7 143.9 274.5 344.2 356.1 398.0 392.5 351.4 229.0 227.1 228.7 425.9 160.1 352.9 438.0 327.2 241.8 283.3 164.8 353.7 457.2 393.9 236.4 369.1 389.8 430.3 333.4 203.2 331.8 289.0 360.0 120.6 413.7 147.0 393.8 468.9 363.4 560.2 417.8 202.5 355.9 387.8 258.4 326.9 268.0 296.5 244.0 244.8 394.0 147.7 483.5 223.4 216.4 470.0 344.4 438.3 326.3 364.8 328.6 442.8 242.4 448.8 225.7 513.7 378.4 500.4 428.2 373.5 145.5 392.8 229.2 459.6 201.1 400.9 339.5 442.1 86.0 139.1 222.0 512.8 526.9 114.8 190.9 211.5 342.4 418.9 408.0 308.7 519.6 63.3 358.4 229.8 447.6 528.5 125.6 148.8 564.8 409.4 407.5 261.4 234.7 499.1 337.6 266.1 187.9 224.7 422.4 236.6 166.8 143.5 320.3 421.7 543.9 208.0 188.6 432.6 472.7 500.8 357.6 0.0 201.8 361.9 274.1 383.0 407.6 363.9 377.6 203.9 424.4 290.4 395.9 423.7 204.7 560.8 255.0
2870.9 256.0 367.0 465.6 344.0 249.9 293.2 328.8 443.5 204.4 480.6 183.9 352.3 266.3 415.9 319.5 314.0 272.9 305.0 360.9 298.4 494.1 144.3 275.0 319.5 425.0 105.8 116.2 163.9 454.7 316.4 313.6 296.2 466.9 487.6 352.4 434.4 233.6 181.1 386.8 256.6 202.0 335.2 238.9 491.6 391.0 446.4 482.3 339.3 29.4 452.3 484.8 120.4 223.5 363.1 359.8 264.6 166.9 282.5 69.8 405.6 145.5 354.7 392.1 419.8 360.4 248.4 448.6 426.4 511.0 164.5 360.9 241.1 435.8 300.5 422.5 513.8 472.7 207.3 272.5 83.5 313.0 251.3 497.9 422.5 539.1 177.1 250.6 281.8 434.9 449.0 148.3 250.7 271.3 239.0 341.0 505.0 406.5 441.7 177.4 279.9 299.5 369.7 440.6 158.6 203.5 488.7 330.9 329.0 125.1 250.1 421.2 362.8 382.6 323.5 146.8 519.4 306.3 75.0 152.6 405.9 353.2 466.0 343.6 248.4 529.6 394.8 422.9 444.0 236.9 0.0 211.2 104.7 305.1 504.6 297.6 457.3 302.9 521.4 368.2 492.9 345.2 327.9 482.9 332.8
2921.9 124.9 372.8 353.8 359.4 354.8 166.4 468.1 330.4 207.7 475.8 189.7 260.5 405.6 372.7 192.7 200.9 159.8 215.0 368.5 423.9 411.9 251.7 376.0 232.4 313.2 176.9 122.9 306.3 343.6 209.4 188.6 302.0 355.1 375.8 265.2 323.3 201.6 41.0 275.0 94.2 207.8 222.1 244.7 379.8 341.1 352.6 505.9 226.2 210.1 329.2 377.7 130.7 61.1 254.0 361.8 135.3 223.1 289.2 209.1 317.9 284.8 362.3 322.5 330.4 375.8 387.7 350.8 314.6 428.8 196.1 327.8 150.8 384.2 333.9 374.6 414.2 363.4 213.1 237.2 177.6 211.8 165.6 390.8 328.7 413.2 293.2 258.2 268.1 365.3 379.4 264.4 256.5 293.1 76.6 372.8 397.9 294.7 581.0 283.1 153.1 380.8 282.5 404.6 274.7 221.1 419.0 217.8 202.2 175.7 210.5 351.6 236.0 389.1 329.3 173.1 395.5 411.2 208.3 285.0 306.3 216.4 605.3 349.4 254.2 422.5 338.9 484.7 330.9 342.6 228.4 0.0 113.7 384.6 397.5 172.3 350.9 308.7 414.3 276.4 385.8 218.4 333.7 413.3 241.0
2809.1 151.2 262.2 360.8 245.6 285.0 188.4 351.4 338.7 93.9 433.8 79.1 247.5 288.9 311.1 214.7 209.2 168.1 202.0 257.9 313.3 389.3 141.1 262.2 212.4 320.2 84.3 9.1 195.7 349.9 211.1 210.6 191.4 362.1 382.8 261.1 329.6 130.6 76.3 282.0 151.8 97.2 230.4 134.1 386.8 310.6 341.6 392.1 234.5 96.3 337.5 380.0 15.6 118.7 258.3 256.8 161.6 109.3 175.4 116.5 325.2 126.3 251.7 310.1 315.0 262.0 271.0 345.6 321.6 406.2 82.3 290.5 136.3 353.8 220.1 324.1 409.0 369.7 102.5 167.2 63.8 207.7 146.5 393.1 317.7 434.3 182.6 147.6 177.0 348.9 363.0 153.8 145.9 166.5 134.2 259.0 400.2 301.7 464.3 190.5 175.1 275.8 278.4 352.2 164.1 98.7 402.6 226.1 224.2 83.1 145.3 317.2 258.0 277.8 218.7 59.3 414.6 341.4 94.5 174.4 301.1 238.4 488.6 238.8 143.6 424.8 314.4 370.9 339.2 250.0 114.6 106.4 0.0 270.8 399.8 180.6 354.3 198.1 416.6 263.4 388.1 240.4 223.1 378.9 228.0
2696.5 434.8 535.6 634.2 73.3 445.0 461.8 154.4 612.1 240.6 261.5 352.5 520.9 78.5 584.5 488.1 482.6 441.5 475.4 531.3 493.5 662.7 337.6 20.6 271.6 593.6 341.8 264.2 369.0 623.3 268.6 484.0 464.8 635.5 656.2 202.7 603.0 404.0 349.7 555.4 422.1 370.6 503.8 407.5 660.2 238.7 615.0 219.8 507.9 352.0 610.9 653.4 289.0 389.0 531.7 530.2 445.2 311.4 149.1 265.8 255.4 253.0 525.1 136.2 588.4 159.6 53.7 619.0 595.0 679.6 284.4 238.5 409.7 179.9 151.5 163.9 682.4 643.1 375.9 211.5 319.5 223.9 419.9 666.5 591.1 707.7 372.2 421.0 450.4 179.0 193.1 343.4 419.3 439.9 404.5 85.1 673.6 575.1 267.3 372.5 448.5 494.6 220.0 192.0 353.7 372.1 232.7 499.5 497.6 340.1 418.7 165.3 531.4 551.2 492.1 261.4 688.0 501.4 350.2 347.7 574.5 511.8 291.6 512.2 417.0 698.2 192.7 198.6 612.6 432.0 370.3 379.8 273.3 0.0 673.2 454.0 627.7 471.5 690.0 536.8 661.5 513.8 496.5 227.0 501.4
2685.9 272.7 386.8 144.1 658.1 363.3 219.9 653.3 164.3 506.4 753.0 363.7 201.4 590.8 197.4 255.9 325.2 349.3 186.6 382.5 366.2 36.3 374.8 599.5 506.3 146.0 421.4 421.6 411.4 138.1 467.8 272.6 267.9 101.4 71.5 542.4 117.8 295.8 375.0 128.8 301.7 367.2 306.7 418.7 119.6 496.7 191.5 804.6 264.9 449.1 164.5 68.3 396.7 332.4 197.0 191.1 261.4 491.4 587.9 394.3 516.1 470.0 304.6 599.7 163.2 674.5 572.9 74.9 137.5 69.5 494.8 524.7 310.2 661.4 591.2 651.8 138.3 116.8 413.0 500.9 440.0 489.0 280.6 6.6 167.6 34.4 385.8 406.8 252.7 636.1 621.2 438.4 291.9 292.5 318.0 635.8 87.0 178.4 766.2 374.3 233.2 205.5 551.5 681.8 448.7 343.6 579.3 272.7 265.4 420.2 325.5 605.6 194.6 213.8 343.3 471.8 64.7 429.9 413.4 390.1 109.3 270.0 790.5 363.4 268.1 34.0 551.0 783.4 163.8 436.4 448.4 402.8 412.4 629.6 0.0 342.2 204.2 294.1 84.9 184.1 74.9 233.2 276.0 565.2 220.2
2835.5 151.1 381.0 390.2 417.3 362.3 93.7 476.3 244.0 265.6 520.2 197.9 242.9 413.8 391.1 120.0 114.5 113.0 269.9 376.7 410.8 361.2 259.9 422.5 276.8 349.6 185.1 180.8 314.5 274.0 253.8 115.9 310.2 391.5 346.4 309.6 250.6 227.8 153.6 322.5 109.0 216.0 135.7 252.9 444.5 304.0 275.6 563.8 139.8 272.1 242.8 305.0 155.9 123.5 288.4 384.8 161.5 281.0 347.1 217.3 323.4 293.0 370.5 366.9 366.8 433.7 395.9 288.6 262.7 394.4 254.0 332.0 177.0 428.6 391.8 419.0 315.8 290.7 221.3 281.6 203.7 256.2 191.8 318.1 256.7 359.3 301.4 266.4 294.3 409.7 423.8 272.6 264.7 285.3 139.0 403.0 325.2 320.9 589.2 291.3 80.4 399.2 326.9 449.0 282.9 217.5 386.6 131.4 129.5 183.9 236.7 396.0 163.3 407.5 337.5 231.0 339.6 418.7 236.4 293.2 303.0 143.7 613.5 357.6 262.4 349.8 358.3 542.6 244.5 350.8 259.6 181.4 171.6 452.6 324.8 0.0 264.5 316.9 341.6 225.6 313.1 145.7 341.9 372.5 261.7
2633.6 227.6 332.5 251.9 592.4 340.0 178.6 612.0 42.1 440.7 707.9 298.0 160.1 549.5 252.8 214.6 178.6 308.0 141.5 328.2 355.0 255.2 392.1 558.2 464.5 211.3 378.2 355.9 370.1 81.4 426.5 231.3 233.1 253.2 226.1 497.3 105.7 250.7 333.7 184.2 260.4 342.0 173.8 353.0 277.9 455.4 11.1 738.9 133.0 407.8 40.9 184.7 331.0 291.1 170.7 241.9 216.3 456.1 522.2 353.0 474.8 428.7 293.4 554.6 228.5 608.8 531.6 118.8 152.3 288.4 429.1 483.4 265.1 616.3 566.9 606.7 113.9 190.2 347.3 459.6 396.8 443.9 235.5 197.8 68.2 239.0 344.5 341.1 207.6 597.4 579.9 372.7 226.2 219.2 276.7 590.7 204.9 211.4 724.9 333.0 191.9 260.9 514.6 636.7 383.0 277.9 538.0 140.8 224.1 377.0 280.4 564.3 153.3 269.2 289.0 406.1 219.3 396.4 372.1 348.8 164.7 228.7 749.2 309.1 202.4 229.5 509.7 717.7 42.6 395.1 395.3 361.5 346.7 617.6 204.5 303.1 0.0 239.8 221.3 142.8 192.8 191.9 264.8 523.9 180.8
2676.0 236.7 92.6 250.3 456.6 100.1 247.2 461.3 283.6 304.9 611.3 162.2 201.0 398.8 194.8 283.2 347.3 306.2 159.2 88.3 166.6 273.0 182.8 407.5 423.4 209.7 256.9 220.1 219.4 245.0 412.0 299.9 43.8 251.6 272.3 467.8 224.7 134.7 268.6 177.1 314.8 175.2 368.5 201.6 276.3 523.5 236.7 603.1 292.9 257.1 282.4 263.7 195.2 281.7 153.4 145.1 212.8 299.4 386.4 202.3 538.1 278.0 135.4 524.6 198.7 473.0 380.9 229.3 216.7 289.9 297.0 503.4 217.0 568.3 433.0 535.1 292.7 264.8 200.1 378.2 283.8 414.4 169.9 276.8 212.8 318.0 201.2 187.6 83.5 567.4 581.5 172.4 54.1 73.0 297.2 473.5 283.9 196.8 574.2 182.3 260.5 159.5 485.1 563.2 182.7 142.1 619.4 300.7 292.7 241.2 206.3 528.2 270.7 161.5 49.1 279.3 298.3 156.5 221.4 198.1 184.8 297.3 598.5 69.2 68.1 308.5 527.3 555.4 284.1 241.8 256.4 298.7 210.9 437.6 283.5 318.7 249.4 0.0 300.3 216.9 271.8 260.5 106.8 589.9 181.5
2664.5 261.2 363.4 180.3 602.7 339.9 208.4 641.8 152.8 451.0 741.5 308.3 189.9 579.3 185.9 244.4 313.7 337.8 175.1 359.1 342.8 113.0 363.3 588.0 494.8 139.7 409.9 366.2 399.9 126.6 456.3 261.1 244.5 178.1 98.2 530.9 106.3 284.3 363.5 117.3 290.2 355.7 295.2 363.3 196.3 485.2 180.0 749.2 253.4 437.6 153.0 38.8 341.3 320.9 185.5 175.0 249.9 479.9 532.5 382.8 504.6 458.5 281.2 588.2 156.9 619.1 561.4 63.4 126.0 146.2 439.4 513.2 298.7 649.9 579.7 640.3 126.8 105.3 357.6 489.4 428.5 477.5 269.1 69.9 156.1 111.1 374.3 351.4 241.2 624.6 609.7 352.9 268.5 267.0 306.5 624.3 75.5 166.9 754.7 362.8 221.7 194.0 540.0 670.3 363.2 288.2 567.8 261.2 253.9 408.7 314.0 594.1 183.1 202.3 319.9 416.4 91.4 406.5 401.9 378.6 97.8 258.5 779.0 340.0 244.7 101.6 539.5 728.0 152.3 424.9 436.9 391.3 357.0 618.1 76.6 330.7 192.7 270.7 0.0 172.6 63.4 221.7 252.6 553.7 208.7
2748.6 133.0 293.2 219.0 525.4 316.0 140.3 535.4 194.4 343.0 613.3 231.0 58.5 472.9 250.0 176.3 245.6 259.1 80.2 288.9 321.5 220.1 331.3 481.6 369.9 178.4 296.2 288.9 293.5 129.8 346.9 193.0 199.6 220.3 205.3 402.7 109.5 156.1 246.7 140.2 249.7 249.3 227.1 286.0 245.0 417.1 139.5 671.9 234.2 331.2 193.2 163.9 264.0 216.6 119.2 243.7 121.7 373.5 455.2 276.4 455.4 352.1 259.9 460.0 195.6 541.8 455.0 147.5 121.6 253.3 362.1 445.1 170.5 521.7 461.0 512.1 210.9 149.6 292.7 374.7 314.8 349.3 140.9 177.0 115.6 218.2 267.9 259.6 133.3 502.8 516.9 305.7 176.9 158.3 232.1 496.1 184.1 159.9 648.3 256.4 153.6 258.1 420.0 542.1 316.0 196.4 499.7 250.9 185.8 295.0 185.8 489.1 115.0 266.4 249.7 339.1 198.5 372.4 295.5 272.2 161.9 190.4 672.6 269.8 168.9 208.7 476.4 650.7 194.9 318.5 330.5 274.5 279.7 511.7 183.7 271.6 152.2 206.3 200.5 0.0 172.0 153.6 231.3 485.6 39.0
2653.4 250.1 352.3 173.9 591.6 328.8 197.3 630.7 141.7 439.9 730.4 297.2 178.8 568.2 174.8 233.3 302.6 326.7 164.0 348.0 331.7 120.4 352.2 576.9 483.7 133.3 398.8 355.1 388.8 115.5 445.2 250.0 233.4 185.5 105.6 519.8 95.2 273.2 352.4 106.2 279.1 344.6 284.1 352.2 203.7 474.1 168.9 738.1 242.3 426.5 141.9 64.2 330.2 309.8 174.4 168.5 238.8 468.8 521.4 371.7 493.5 447.4 270.1 577.1 150.5 608.0 550.3 52.3 114.9 153.6 428.3 502.1 287.6 638.8 568.6 629.2 115.7 94.2 346.5 478.3 417.4 466.4 258.0 77.3 145.0 118.5 363.2 340.3 230.1 613.5 598.6 341.8 257.4 255.9 295.4 613.2 12.0 155.8 743.6 351.7 210.6 182.9 528.9 659.2 352.1 277.1 556.7 250.1 242.8 397.6 302.9 583.0 172.0 191.2 308.8 405.3 98.8 395.4 390.8 367.5 86.7 247.4 767.9 328.9 233.6 109.0 528.4 716.9 141.2 413.8 425.8 380.2 345.9 607.0 84.0 319.6 181.6 259.6 100.8 161.5 0.0 210.6 241.5 542.6 197.6
2801.2 129.0 302.8 301.7 480.9 273.8 63.9 539.9 230.5 295.5 565.8 229.3 154.4 477.4 302.6 99.9 169.2 211.6 181.4 298.5 322.3 272.7 284.3 486.1 322.4 261.1 248.7 244.4 320.9 182.4 299.4 116.6 232.0 303.0 257.9 355.2 162.1 201.8 199.2 234.0 145.7 276.7 150.7 284.3 356.0 340.7 192.1 627.4 157.8 335.7 229.3 216.5 219.5 169.1 199.9 296.3 139.4 344.6 410.7 280.9 360.1 356.6 292.3 412.5 278.3 497.3 459.5 200.1 174.2 305.9 317.6 368.7 154.9 474.2 413.5 464.6 263.5 202.2 277.1 327.2 267.3 301.8 169.7 229.6 168.2 270.8 295.3 272.4 205.1 455.3 469.4 273.9 186.5 259.1 184.6 448.6 236.7 251.3 652.8 283.8 77.2 310.7 372.5 494.6 284.2 209.2 423.3 174.5 109.4 247.5 214.6 441.6 74.8 319.0 259.3 294.6 251.1 330.2 300.0 299.6 214.5 96.0 677.1 279.4 184.2 261.3 395.0 606.2 231.0 345.9 335.0 227.0 235.2 517.0 236.3 224.1 204.8 238.7 253.1 137.1 224.6 0.0 263.7 409.2 173.2
2617.5 260.2 136.2 221.5 463.4 87.2 279.7 448.2 316.1 323.8 598.2 185.4 233.5 385.7 166.0 315.7 370.8 329.7 188.0 131.9 90.1 244.2 169.7 394.4 446.9 180.9 243.8 243.6 206.3 259.3 435.5 332.4 89.9 222.8 243.5 471.8 239.0 158.2 292.1 173.8 338.3 162.1 392.0 188.5 247.5 510.4 251.0 601.7 325.4 244.0 314.9 234.9 218.7 305.2 167.7 96.3 236.0 286.3 435.5 189.2 525.0 264.9 28.5 511.5 169.9 479.8 367.8 200.5 231.0 261.1 283.9 490.3 240.5 555.2 419.9 541.9 263.9 260.4 187.0 401.7 270.7 437.9 193.4 248.0 227.1 289.2 188.1 174.5 125.0 554.3 568.4 159.3 113.9 114.5 320.7 460.4 255.1 211.1 561.1 169.2 293.0 104.3 489.1 570.0 169.6 169.1 606.3 333.2 325.2 263.4 229.8 540.6 294.2 61.3 92.7 266.2 269.5 153.8 208.3 185.0 156.0 329.8 585.4 112.8 90.1 279.7 514.2 542.3 316.6 228.7 243.3 322.2 234.4 424.5 254.7 342.2 263.7 108.7 271.5 249.4 243.0 293.0 0.0 602.3 214.0
2719.4 395.8 625.0 624.7 131.5 584.2 332.5 306.9 484.5 282.7 199.0 441.9 481.7 208.0 629.9 358.8 371.3 375.4 485.9 620.7 632.7 600.0 503.9 173.1 232.6 584.1 431.2 353.6 558.5 509.7 202.3 354.7 554.2 626.0 585.2 176.3 489.4 472.5 360.1 545.9 292.2 460.0 376.2 496.9 650.7 64.8 516.1 278.0 380.3 441.4 483.3 543.8 378.4 322.9 524.9 619.0 406.2 400.8 238.5 405.0 123.6 339.3 614.5 74.0 601.3 269.7 206.2 527.4 501.5 633.2 373.8 108.3 421.7 158.9 174.8 97.8 590.8 529.5 465.3 209.0 408.9 184.9 436.5 556.9 495.5 598.1 511.4 510.4 539.0 88.5 102.6 482.6 508.7 529.3 308.5 113.3 564.0 565.6 366.2 511.7 319.2 638.0 159.0 127.8 492.9 461.5 56.6 371.9 368.3 429.5 481.4 40.3 402.1 646.3 581.5 350.8 578.4 640.6 439.6 537.2 541.8 382.5 390.5 601.6 506.4 588.6 80.7 256.8 485.0 571.2 459.7 387.9 362.7 181.7 563.6 368.3 505.0 560.9 580.4 464.4 551.9 384.5 585.9 0.0 500.5
2793.4 102.2 262.4 188.2 494.6 285.2 173.5 504.6 201.9 312.2 582.5 200.2 19.5 442.1 207.1 209.5 269.4 228.3 49.4 258.1 290.7 253.3 300.5 450.8 339.1 147.6 265.4 258.1 262.7 163.0 316.1 226.2 168.8 189.5 238.5 371.9 142.7 125.3 215.9 109.4 218.9 218.5 260.3 255.2 214.2 450.3 172.7 641.1 211.2 300.4 200.7 197.1 233.2 185.8 88.4 200.8 90.9 342.7 424.4 245.6 424.6 321.3 229.1 429.2 164.8 511.0 424.2 180.7 154.8 286.5 331.3 434.5 139.7 490.9 430.2 481.3 244.1 182.8 261.9 343.9 284.0 318.5 110.1 210.2 148.8 251.4 237.1 228.8 102.5 472.0 486.1 274.9 146.1 127.5 201.3 465.3 217.3 129.1 617.5 225.6 186.8 215.2 389.2 511.3 285.2 165.6 525.7 219.0 219.0 264.2 155.0 458.3 163.7 223.5 218.9 308.3 231.7 341.6 264.7 241.4 140.7 223.6 641.8 239.0 138.1 241.9 445.6 619.9 202.4 287.7 299.7 243.7 248.9 480.9 216.9 240.8 185.4 175.5 233.7 63.6 205.2 186.8 200.5 520.0 0.0
