Name		0411_BED-Amazon_n178_m250_bt33
Number_of_Customers	178
Number_of_Items		250
Number_of_ItemTypes	33
Number_of_Vehicles	1
TimeWindows		0
Dist_type	manual

VEHICLE
Mass_Capacity	2071
CargoSpace_Length	174
CargoSpace_Width	61
CargoSpace_Height	84

CUSTOMERS
i	x	y	Demand	ReadyTime	DueDate	ServiceTime	DemandedMass	DemandedVolume
0	33.965477	-117.653303	0	0	0	0	0	0
1	34.164412	-117.420398	1	0	0	0	5.29	8075
2	34.159937	-117.415971	2	0	0	0	5.4	4020
3	34.164558	-117.413994	1	0	0	0	7.3	3640
4	34.138749	-117.394029	1	0	0	0	4.7	1380
5	34.141157	-117.38794	1	0	0	0	1.75	4608
6	34.136712	-117.385905	1	0	0	0	2.5	3978
7	34.166223	-117.428156	1	0	0	0	5.29	8075
8	34.162949	-117.413103	2	0	0	0	7.05	17075
9	34.163765	-117.428797	1	0	0	0	0.7	2640
10	34.160195	-117.411433	1	0	0	0	4.7	1380
11	34.141729	-117.376658	1	0	0	0	2.5	3978
12	34.155423	-117.401015	2	0	0	0	6.7	7376
13	34.139036	-117.378383	1	0	0	0	4.73	10000
14	34.139735	-117.381609	1	0	0	0	7.3	3640
15	34.166036	-117.420039	1	0	0	0	3.01	5544
16	34.1447	-117.386936	1	0	0	0	1.75	4608
17	34.164499	-117.4175	1	0	0	0	1.8	2520
18	34.160683	-117.423469	1	0	0	0	7.3	3640
19	34.136771	-117.377536	1	0	0	0	4.7	1380
20	34.140439	-117.39666	1	0	0	0	1.9	1176
21	34.159122	-117.42476	1	0	0	0	4.7	1380
22	34.162547	-117.42302	1	0	0	0	4.7	1380
23	34.138901	-117.390982	1	0	0	0	0.7	2640
24	34.159141	-117.430612	1	0	0	0	4.7	1380
25	34.1614	-117.426204	2	0	0	0	11.3	3936
26	34.140962	-117.393945	4	0	0	0	14.25	47246
27	34.162223	-117.419171	1	0	0	0	1.75	4608
28	34.151736	-117.404963	1	0	0	0	1.9	1176
29	34.137632	-117.374046	1	0	0	0	4.7	1380
30	34.161784	-117.421812	2	0	0	0	14.8	6780
31	34.138224	-117.380108	1	0	0	0	1.9	1176
32	34.164841	-117.421399	1	0	0	0	4.7	1380
33	34.162188	-117.426742	1	0	0	0	4.7	1380
34	34.155424	-117.405656	2	0	0	0	2.5	5160
35	34.163771	-117.427609	1	0	0	0	0.7	2640
36	34.13869	-117.375739	1	0	0	0	2.15	1080
37	34.137905	-117.395795	1	0	0	0	1.9	1176
38	34.159416	-117.426783	1	0	0	0	4.7	1380
39	34.159909	-117.414152	2	0	0	0	8.52	8980
40	34.164451	-117.424321	2	0	0	0	14.2	8960
41	34.145736	-117.400452	1	0	0	0	2.6	10400
42	34.136723	-117.386864	1	0	0	0	4.7	1380
43	34.141231	-117.401022	1	0	0	0	0.7	2640
44	34.162969	-117.428819	1	0	0	0	7.3	3640
45	34.138323	-117.378768	1	0	0	0	0.7	2640
46	34.166302	-117.428335	1	0	0	0	0.7	2640
47	34.138216	-117.381596	1	0	0	0	2.91	13520
48	34.159133	-117.427838	1	0	0	0	4.7	1380
49	34.165306	-117.4185	1	0	0	0	1.77	9425
50	34.150959	-117.406511	1	0	0	0	0.7	2640
51	34.142329	-117.396653	1	0	0	0	2.15	1080
52	34.158336	-117.424606	2	0	0	0	6.85	2460
53	34.160126	-117.414161	1	0	0	0	4.7	1380
54	34.164627	-117.424052	1	0	0	0	1.9	1176
55	34.163556	-117.424518	1	0	0	0	5.29	8075
56	34.141429	-117.383016	1	0	0	0	4.7	1380
57	34.152717	-117.404321	1	0	0	0	0.7	2640
58	34.143151	-117.384605	3	0	0	0	7.15	8628
59	34.137121	-117.387938	2	0	0	0	8.19	33384
60	34.14006	-117.409779	5	0	0	0	21.72	30074
61	34.165427	-117.42829	1	0	0	0	1.9	1176
62	34.138707	-117.389192	1	0	0	0	1.4	5280
63	34.144635	-117.406275	1	0	0	0	4.7	1380
64	34.1599	-117.430679	1	0	0	0	14.15	1000
65	34.159902	-117.423956	1	0	0	0	4.7	1380
66	34.155425	-117.40689	2	0	0	0	5.99	10715
67	34.159188	-117.415536	2	0	0	0	26.75	26520
68	34.159851	-117.429019	1	0	0	0	1.9	1176
69	34.145097	-117.398328	1	0	0	0	4.7	1380
70	34.158373	-117.427876	1	0	0	0	3.42	5040
71	34.13833	-117.384447	1	0	0	0	4.7	1380
72	34.165131	-117.421606	2	0	0	0	12.0	5020
73	34.164891	-117.415047	5	0	0	0	36.15	31768
74	34.145343	-117.382156	1	0	0	0	4.7	1380
75	34.140001	-117.383005	1	0	0	0	7.3	3640
76	34.139493	-117.377071	1	0	0	0	1.9	1176
77	34.142403	-117.391099	1	0	0	0	0.7	2640
78	34.153112	-117.413111	2	0	0	0	6.6	2556
79	34.138197	-117.37985	1	0	0	0	0.7	2640
80	34.165969	-117.416417	1	0	0	0	4.7	1380
81	34.160646	-117.421142	3	0	0	0	6.99	7420
82	34.155643	-117.403087	1	0	0	0	0.7	2640
83	34.13972	-117.375956	1	0	0	0	0.7	2640
84	34.162311	-117.410456	1	0	0	0	4.7	1380
85	34.163754	-117.430913	1	0	0	0	4.7	1380
86	34.138904	-117.390256	1	0	0	0	1.75	4608
87	34.160018	-117.429959	1	0	0	0	2.5	3978
88	34.137146	-117.389748	1	0	0	0	4.7	1380
89	34.14552	-117.397295	1	0	0	0	0.7	2640
90	34.166221	-117.427461	2	0	0	0	9.05	8248
91	34.161781	-117.412052	1	0	0	0	1.8	2520
92	34.159019	-117.414648	2	0	0	0	14.2	22280
93	34.164274	-117.4236	1	0	0	0	2.75	9072
94	34.164527	-117.431183	1	0	0	0	5.29	8075
95	34.161411	-117.424831	1	0	0	0	2.15	1080
96	34.160475	-117.412369	2	0	0	0	10.8	8040
97	34.138509	-117.371205	1	0	0	0	4.7	1380
98	34.164476	-117.422297	1	0	0	0	3.01	5544
99	34.139899	-117.403319	1	0	0	0	1.75	4608
100	34.162133	-117.426297	1	0	0	0	9.4	2760
101	34.138267	-117.409848	2	0	0	0	6.6	2556
102	34.155557	-117.401908	1	0	0	0	0.7	2640
103	34.159904	-117.42496	1	0	0	0	1.75	4608
104	34.158369	-117.429015	1	0	0	0	1.75	4608
105	34.161941	-117.412741	3	0	0	0	18.9	13778
106	34.138981	-117.373277	1	0	0	0	1.75	4608
107	34.159141	-117.430453	2	0	0	0	9.5	7580
108	34.163761	-117.430162	1	0	0	0	4.7	1380
109	34.141814	-117.388812	1	0	0	0	4.7	1380
110	34.140678	-117.385148	1	0	0	0	1.8	2520
111	34.143154	-117.397097	1	0	0	0	14.1	4140
112	34.158386	-117.4178	1	0	0	0	1.75	4608
113	34.145694	-117.38963	1	0	0	0	5.13	19292
114	34.150968	-117.404887	3	0	0	0	14.21	10824
115	34.162835	-117.425584	1	0	0	0	4.7	1380
116	34.137314	-117.370571	1	0	0	0	2.11	11745
117	34.159905	-117.42573	4	0	0	0	24.09	25291
118	34.143816	-117.38174	1	0	0	0	2.94	14904
119	34.162205	-117.411321	1	0	0	0	2.5	3978
120	34.158602	-117.413725	1	0	0	0	0.7	2640
121	34.13672	-117.380377	1	0	0	0	0.7	2640
122	34.156462	-117.403018	1	0	0	0	1.77	9425
123	34.15991	-117.428539	1	0	0	0	0.7	2640
124	34.140958	-117.379947	1	0	0	0	1.8	2520
125	34.159866	-117.417944	1	0	0	0	2.5	3978
126	34.163319	-117.412774	1	0	0	0	0.7	2640
127	34.162613	-117.428994	1	0	0	0	4.7	1380
128	34.166445	-117.419763	1	0	0	0	2.5	9044
129	34.158372	-117.430897	1	0	0	0	0.7	2640
130	34.160672	-117.428793	1	0	0	0	5.29	8075
131	34.145666	-117.388988	1	0	0	0	4.7	1380
132	34.140269	-117.378211	1	0	0	0	7.63	16848
133	34.162233	-117.412479	1	0	0	0	0.7	2640
134	34.160668	-117.419204	1	0	0	0	3.82	7600
135	34.153089	-117.413114	1	0	0	0	1.59	3400
136	34.145403	-117.398339	1	0	0	0	4.7	1380
137	34.163757	-117.43061	1	0	0	0	3.82	7600
138	34.143688	-117.385292	1	0	0	0	2.5	3978
139	34.163863	-117.419988	2	0	0	0	6.45	5988
140	34.163056	-117.422826	1	0	0	0	1.8	2520
141	34.139976	-117.382125	2	0	0	0	6.6	2556
142	34.158934	-117.423159	1	0	0	0	4.7	1380
143	34.140065	-117.39025	1	0	0	0	1.9	1176
144	34.165258	-117.426646	2	0	0	0	2.29	6040
145	34.153545	-117.404153	1	0	0	0	1.9	1176
146	34.151597	-117.401694	1	0	0	0	2.11	11745
147	34.138328	-117.384918	1	0	0	0	1.75	4608
148	34.15094	-117.40543	1	0	0	0	7.3	3640
149	34.139076	-117.374922	1	0	0	0	5.25	18480
150	34.168455	-117.420857	1	0	0	0	4.7	1380
151	34.154655	-117.407383	1	0	0	0	4.73	10000
152	34.159121	-117.425768	1	0	0	0	1.75	4608
153	34.160703	-117.415928	1	0	0	0	3.01	5544
154	34.149842	-117.405399	2	0	0	0	4.01	12921
155	34.137485	-117.385692	2	0	0	0	9.9	14040
156	34.143151	-117.383065	1	0	0	0	7.3	3640
157	34.143141	-117.406501	2	0	0	0	19.3	8660
158	34.138316	-117.396665	1	0	0	0	7.3	3640
159	34.141301	-117.377043	3	0	0	0	6.27	15828
160	34.161403	-117.423181	2	0	0	0	2.45	7248
161	34.16495	-117.424462	2	0	0	0	8.0	6280
162	34.160194	-117.422034	1	0	0	0	2.5	3978
163	34.141421	-117.381627	1	0	0	0	0.7	2640
164	34.150451	-117.402995	1	0	0	0	4.7	1380
165	34.140982	-117.399323	1	0	0	0	0.7	2640
166	34.162642	-117.426618	1	0	0	0	2.15	1080
167	34.164296	-117.418971	1	0	0	0	4.7	1380
168	34.160693	-117.426717	1	0	0	0	14.15	1000
169	34.145059	-117.390233	1	0	0	0	1.9	1176
170	34.164538	-117.427164	1	0	0	0	4.7	1380
171	34.140682	-117.384213	1	0	0	0	4.7	1380
172	34.165679	-117.41817	2	0	0	0	9.5	7580
173	34.137498	-117.387062	1	0	0	0	4.7	1380
174	34.141624	-117.391662	1	0	0	0	2.15	1080
175	34.140974	-117.395275	2	0	0	0	5.4	4020
176	34.167303	-117.41901	1	0	0	0	7.3	3640
177	34.162992	-117.431114	1	0	0	0	4.7	1380
178	34.144263	-117.387908	2	0	0	0	5.4	4020

ITEMS
Type	Length	Width	Height	Mass	Fragility	LoadBearingStrength
Bt1	10	10	10	14.15	1	0
Bt2	18	12	5	2.15	1	0
Bt3	21	14	4	1.9	1	0
Bt4	23	15	4	4.7	1	0
Bt5	20	18	7	1.8	1	0
Bt6	15	11	16	0.7	1	0
Bt7	34	10	10	1.59	1	0
Bt8	20	14	13	7.3	1	0
Bt9	17	13	18	2.5	1	0
Bt10	24	12	16	1.75	1	0
Bt11	24	15	14	3.42	1	0
Bt12	28	22	9	3.01	1	0
Bt13	31	20	10	4.8	1	0
Bt14	40	19	10	3.82	1	0
Bt15	28	16	18	2.27	1	0
Bt16	25	19	17	5.29	1	0
Bt17	22	15	26	3.816	1	0
Bt18	30	20	15	1.76	1	0
Bt19	28	19	17	2.5	1	0
Bt20	28	18	18	2.75	1	0
Bt21	29	25	13	1.77	1	0
Bt22	50	20	10	4.73	1	0
Bt23	61	42	4	5.95	1	0
Bt24	40	20	13	2.6	1	0
Bt25	29	27	15	2.11	1	0
Bt26	26	20	26	2.91	1	0
Bt27	27	23	24	2.94	1	0
Bt28	39	27	16	7.63	1	0
Bt29	33	20	28	5.25	1	0
Bt30	53	14	26	5.13	1	0
Bt31	38	25	22	9.5	1	0
Bt32	41	20	29	3.42	1	0
Bt33	58	40	11	12.6	1	0

DEMANDS PER CUSTOMER
i	Type Quantity
1	Bt16 1	
2	Bt4 1	Bt6 1	
3	Bt8 1	
4	Bt4 1	
5	Bt10 1	
6	Bt9 1	
7	Bt16 1	
8	Bt18 1	Bt16 1	
9	Bt6 1	
10	Bt4 1	
11	Bt9 1	
12	Bt13 1	Bt3 1	
13	Bt22 1	
14	Bt8 1	
15	Bt12 1	
16	Bt10 1	
17	Bt5 1	
18	Bt8 1	
19	Bt4 1	
20	Bt3 1	
21	Bt4 1	
22	Bt4 1	
23	Bt6 1	
24	Bt4 1	
25	Bt4 2	Bt3 1	
26	Bt6 1	Bt28 1	Bt32 1	Bt9 1	
27	Bt10 1	
28	Bt3 1	
29	Bt4 1	
30	Bt4 3	Bt6 1	
31	Bt3 1	
32	Bt4 1	
33	Bt4 1	
34	Bt5 1	Bt6 1	
35	Bt6 1	
36	Bt2 1	
37	Bt3 1	
38	Bt4 1	
39	Bt14 1	Bt4 1	
40	Bt4 2	Bt13 1	
41	Bt24 1	
42	Bt4 1	
43	Bt6 1	
44	Bt8 1	
45	Bt6 1	
46	Bt6 1	
47	Bt26 1	
48	Bt4 1	
49	Bt21 1	
50	Bt6 1	
51	Bt2 1	
52	Bt2 1	Bt4 1	
53	Bt4 1	
54	Bt3 1	
55	Bt16 1	
56	Bt4 1	
57	Bt6 1	
58	Bt10 1	Bt4 1	Bt6 1	
59	Bt27 1	Bt29 1	
60	Bt9 1	Bt20 1	Bt13 1	Bt15 1	Bt4 2	
61	Bt3 1	
62	Bt6 2	
63	Bt4 1	
64	Bt1 1	
65	Bt4 1	
66	Bt6 1	Bt16 1	
67	Bt33 1	Bt1 1	
68	Bt3 1	
69	Bt4 1	
70	Bt11 1	
71	Bt4 1	
72	Bt8 1	Bt4 1	
73	Bt4 2	Bt6 2	Bt23 1	Bt13 1	Bt8 2	
74	Bt4 1	
75	Bt8 1	
76	Bt3 1	
77	Bt6 1	
78	Bt3 1	Bt4 1	
79	Bt6 1	
80	Bt4 1	
81	Bt7 1	Bt6 1	Bt4 1	
82	Bt6 1	
83	Bt6 1	
84	Bt4 1	
85	Bt4 1	
86	Bt10 1	
87	Bt9 1	
88	Bt4 1	
89	Bt6 1	
90	Bt8 1	Bt10 1	
91	Bt5 1	
92	Bt4 1	Bt31 1	
93	Bt20 1	
94	Bt16 1	
95	Bt2 1	
96	Bt4 2	Bt6 2	
97	Bt4 1	
98	Bt12 1	
99	Bt10 1	
100	Bt4 2	
101	Bt4 1	Bt3 1	
102	Bt6 1	
103	Bt10 1	
104	Bt10 1	
105	Bt9 1	Bt8 2	Bt5 1	
106	Bt10 1	
107	Bt13 1	Bt4 1	
108	Bt4 1	
109	Bt4 1	
110	Bt5 1	
111	Bt4 3	
112	Bt10 1	
113	Bt30 1	
114	Bt4 2	Bt5 1	Bt12 1	
115	Bt4 1	
116	Bt25 1	
117	Bt8 1	Bt3 1	Bt13 2	Bt16 1	
118	Bt27 1	
119	Bt9 1	
120	Bt6 1	
121	Bt6 1	
122	Bt21 1	
123	Bt6 1	
124	Bt5 1	
125	Bt9 1	
126	Bt6 1	
127	Bt4 1	
128	Bt19 1	
129	Bt6 1	
130	Bt16 1	
131	Bt4 1	
132	Bt28 1	
133	Bt6 1	
134	Bt14 1	
135	Bt7 1	
136	Bt4 1	
137	Bt14 1	
138	Bt9 1	
139	Bt4 1	Bt10 1	
140	Bt5 1	
141	Bt3 1	Bt4 1	
142	Bt4 1	
143	Bt3 1	
144	Bt7 1	Bt6 1	
145	Bt3 1	
146	Bt25 1	
147	Bt10 1	
148	Bt8 1	
149	Bt29 1	
150	Bt4 1	
151	Bt22 1	
152	Bt10 1	
153	Bt12 1	
154	Bt3 1	Bt25 1	
155	Bt24 1	Bt8 1	
156	Bt8 1	
157	Bt8 2	Bt4 1	
158	Bt8 1	
159	Bt6 1	Bt17 1	Bt10 1	
160	Bt10 1	Bt6 1	
161	Bt6 1	Bt8 1	
162	Bt9 1	
163	Bt6 1	
164	Bt4 1	
165	Bt6 1	
166	Bt2 1	
167	Bt4 1	
168	Bt1 1	
169	Bt3 1	
170	Bt4 1	
171	Bt4 1	
172	Bt4 1	Bt13 1	
173	Bt4 1	
174	Bt2 1	
175	Bt4 1	Bt6 1	
176	Bt8 1	
177	Bt4 1	
178	Bt6 1	Bt4 1	

DISTANCE MATRIX
0.0 2666.3 2687.4 2729.8 2562.2 2618.7 2613.9 2555.9 2678.9 2685.7 2690.7 2649.7 2721.7 2726.2 2680.3 2575.9 2723.5 2601.7 2679.7 2678.1 2610.7 2732.3 2636.2 2551.6 2729.0 2700.6 2613.4 2676.7 2809.0 2650.0 2716.5 2712.7 2667.5 2661.3 2825.4 2711.9 2670.6 2565.2 2752.5 2695.5 2687.8 2781.2 2604.0 2683.7 2678.8 2706.1 2553.3 2688.4 2773.0 2576.4 2833.2 2637.8 2729.5 2714.5 2662.7 2652.4 2720.9 2745.0 2661.8 2569.9 2584.4 2581.9 2675.0 2739.6 2716.3 2732.8 2862.6 2725.2 2721.4 2698.7 2716.8 2635.3 2691.4 2710.6 2716.0 2677.2 2692.3 2625.4 2739.4 2693.3 2608.0 2670.3 2708.5 2680.1 2639.6 2686.7 2565.7 2691.4 2565.4 2693.0 2584.2 2650.5 2691.5 2654.1 2676.2 2707.5 2644.7 2580.2 2658.8 2707.8 2683.3 2559.1 2721.8 2717.8 2727.9 2644.9 2641.0 2724.5 2670.1 2670.7 2726.1 2630.0 2741.5 2643.9 2788.7 2692.1 2563.9 2712.9 2726.2 2653.2 2730.3 2647.5 2701.3 2699.0 2749.5 2788.0 2687.0 2664.2 2605.3 2745.2 2668.1 2672.8 2685.5 2650.9 2672.8 2738.9 2706.3 2680.0 2674.7 2635.1 2627.1 2692.5 2692.2 2658.6 2618.9 2774.4 2732.4 2629.0 2805.6 2660.9 2526.6 2843.7 2746.3 2709.0 2770.2 2581.4 2685.8 2652.8 2581.0 2662.9 2698.1 2671.2 2656.9 2720.4 2749.7 2675.0 2654.0 2616.2 2662.9 2632.8 2628.4 2756.7 2587.9 2582.2 2645.9 2640.9 2643.7 2700.1 2702.6
2651.4 0.0 215.3 285.1 552.0 582.8 591.9 241.8 234.2 274.3 281.6 504.9 360.0 654.5 552.1 173.6 577.0 182.0 207.6 599.3 555.5 260.2 151.3 544.6 310.1 246.5 557.5 166.6 447.3 565.9 206.4 627.8 38.4 221.3 463.7 300.5 575.5 578.9 298.4 223.4 202.9 485.0 602.1 475.1 259.9 641.8 239.2 589.7 325.4 160.5 471.5 530.9 257.4 242.4 177.8 167.5 609.3 383.3 496.8 620.3 443.2 267.8 660.9 518.9 297.4 260.7 500.9 266.8 302.5 558.6 266.1 590.1 28.1 290.9 529.6 549.0 554.0 538.5 361.0 655.6 188.3 198.2 346.8 588.8 273.7 308.1 558.7 272.5 599.1 552.9 270.1 236.7 233.1 169.2 297.6 222.6 221.6 523.4 66.2 531.5 214.2 468.0 360.1 271.2 277.2 222.4 556.9 305.6 291.5 631.0 558.2 523.1 283.1 505.8 427.0 207.2 549.8 266.3 536.4 269.9 292.1 630.9 339.6 280.1 543.7 329.6 242.3 245.3 195.7 313.5 249.2 534.7 540.7 228.4 174.3 360.5 566.2 301.4 515.2 21.7 142.2 564.3 220.1 644.5 234.3 412.7 370.7 596.6 443.9 576.8 251.4 482.0 274.2 236.9 411.4 568.4 503.2 458.2 594.7 518.1 226.0 186.3 184.8 559.7 388.0 597.9 224.1 86.8 244.4 494.7 210.8 556.1 172.0 586.8 559.0 585.0 234.1 302.4 565.0
2644.6 237.2 0.0 168.8 505.1 535.9 545.0 322.8 117.9 355.3 126.0 458.0 329.8 607.6 505.2 196.6 530.1 194.7 214.0 552.4 523.1 266.6 232.3 497.7 342.0 283.8 527.3 236.7 372.4 519.0 280.2 580.9 238.4 311.9 445.6 381.5 528.6 532.0 304.8 24.3 283.9 438.1 555.2 428.2 340.9 594.9 320.2 542.8 331.8 183.5 389.8 498.5 262.7 43.3 258.8 248.5 562.4 336.4 449.9 576.1 360.4 348.8 630.7 423.0 329.3 267.1 470.7 207.7 315.4 511.7 272.5 543.2 262.3 225.3 482.7 502.1 507.1 491.6 294.9 608.7 211.3 204.6 299.9 541.9 157.4 389.1 511.8 304.4 552.2 506.0 353.4 120.4 173.6 250.2 378.6 259.9 105.3 476.5 229.7 484.6 311.9 385.2 313.2 277.6 283.6 106.1 510.0 337.5 372.5 584.1 511.3 476.2 223.6 458.9 396.8 288.2 502.9 291.1 489.5 153.6 93.0 584.0 292.7 312.0 496.8 270.1 126.0 326.3 218.7 319.9 281.1 487.8 493.8 112.1 207.1 277.7 519.3 382.4 468.3 222.7 223.2 517.4 226.5 597.6 315.4 365.8 323.8 549.7 362.2 529.9 274.4 435.1 280.6 34.2 328.6 524.5 456.3 392.1 547.8 487.9 231.4 269.0 191.2 512.8 341.1 565.5 305.1 187.1 250.8 447.8 291.8 509.2 195.0 539.9 512.1 533.7 257.1 383.4 518.1
2684.2 276.8 158.6 0.0 539.7 570.5 579.6 362.4 40.4 394.9 199.9 492.6 347.7 642.2 539.8 236.2 564.7 156.9 253.6 587.0 557.7 306.2 271.9 532.3 381.6 323.4 545.2 276.3 407.0 553.6 319.8 615.5 278.0 351.5 451.4 421.1 563.2 566.6 344.4 166.7 323.5 472.7 589.8 462.8 380.5 629.5 359.8 577.4 371.4 223.1 424.4 533.1 303.4 185.7 298.4 288.1 597.0 371.0 484.5 608.0 395.0 388.4 648.6 457.6 368.9 306.7 488.6 298.6 355.0 546.3 312.1 577.8 301.9 187.5 517.3 536.7 541.7 526.2 312.8 643.3 199.7 244.2 334.5 576.5 192.0 428.7 546.4 344.0 586.8 540.6 390.7 155.0 264.9 289.8 418.2 299.5 139.9 511.1 269.3 519.2 334.8 419.8 347.8 317.2 323.2 140.7 544.6 377.1 412.1 618.7 545.9 510.8 314.9 493.5 414.7 327.8 537.5 312.3 524.1 188.2 235.4 618.6 327.3 351.6 531.4 361.4 32.5 365.9 258.3 359.5 320.7 522.4 528.4 146.7 246.7 312.3 553.9 422.0 502.9 245.6 262.8 552.0 266.1 632.2 354.9 400.4 358.4 584.3 396.8 564.5 314.0 469.7 320.2 180.2 363.2 556.1 490.9 410.0 582.4 505.8 272.0 306.9 230.8 547.4 375.7 600.1 344.7 226.7 290.4 482.4 331.4 543.8 234.6 574.5 546.7 572.7 296.7 423.0 552.7
2422.4 666.8 580.6 608.4 0.0 176.8 172.0 701.0 557.5 697.9 492.2 330.2 392.5 284.3 238.4 486.9 252.7 499.1 620.8 236.2 101.7 606.0 661.9 62.8 688.3 690.6 186.9 643.5 376.4 300.8 687.0 270.8 668.0 681.0 436.4 724.1 321.4 56.2 644.2 555.0 713.5 253.7 162.1 156.2 683.5 264.2 698.4 246.5 671.2 473.8 393.8 128.8 603.2 563.9 688.4 672.4 279.0 356.0 191.0 128.0 211.9 727.0 233.1 289.5 698.8 606.5 473.6 526.7 654.8 212.8 611.9 193.4 691.9 664.9 312.3 235.3 322.6 154.6 430.3 251.4 505.4 611.4 368.7 348.9 518.2 736.4 76.9 669.2 123.5 207.1 729.3 529.1 493.0 679.8 749.3 666.7 523.3 327.1 659.3 180.3 703.0 186.6 366.4 617.9 623.0 523.5 327.8 683.8 719.8 228.8 284.2 162.1 543.0 173.1 350.0 702.8 353.5 627.5 255.4 531.8 531.8 205.6 406.1 666.9 278.7 589.5 565.6 668.9 509.0 659.3 640.0 202.0 302.4 529.5 613.9 429.8 220.4 729.7 203.9 635.6 652.8 250.6 565.9 216.7 710.5 385.4 316.8 187.1 366.2 329.7 477.0 454.7 620.0 602.2 332.6 139.5 215.0 262.0 72.0 343.4 639.2 696.9 598.0 278.5 311.0 166.0 673.7 616.7 614.8 162.0 687.0 285.9 485.3 140.3 175.1 159.4 547.4 726.0 231.8
2489.4 579.3 528.8 553.6 161.1 0.0 103.0 602.9 502.7 761.5 555.8 250.7 415.1 218.6 147.3 502.5 148.0 514.7 592.7 185.2 209.6 669.6 574.4 168.5 751.9 662.5 209.2 589.7 396.5 255.1 629.5 219.8 580.5 644.4 463.9 787.7 232.6 164.1 707.8 536.9 626.0 276.3 93.1 264.1 747.1 213.2 600.3 208.0 734.8 489.4 413.9 178.7 666.8 627.5 600.9 590.6 187.9 378.6 79.5 59.0 319.8 628.9 78.0 321.9 762.4 670.1 501.1 590.3 718.4 225.5 675.5 116.6 604.4 610.1 200.8 144.2 211.1 98.2 493.9 200.4 521.0 583.3 391.3 284.0 463.4 800.0 182.6 732.8 109.9 219.8 631.2 474.3 556.6 592.3 720.7 638.6 468.5 269.2 571.8 288.2 637.3 294.5 389.0 681.5 686.6 468.7 302.7 747.4 783.4 48.1 123.5 156.8 606.6 134.6 372.6 630.3 295.6 691.1 143.9 477.0 595.4 154.6 428.7 730.5 167.2 653.1 510.8 732.5 524.6 722.9 703.6 141.8 190.9 474.7 585.8 493.4 233.1 793.3 92.4 548.1 565.3 159.5 629.5 61.6 665.9 408.0 339.4 115.6 386.3 269.6 492.6 482.2 683.6 550.4 352.7 88.5 103.5 266.6 179.9 259.2 611.1 609.4 569.9 183.2 333.6 273.9 647.2 529.2 678.4 97.6 633.9 145.2 500.9 88.2 94.1 267.3 563.0 789.6 114.0
2498.2 596.5 546.0 570.8 169.9 96.6 0.0 620.1 519.9 814.6 608.9 214.9 385.8 156.6 110.7 519.7 244.7 531.9 609.9 108.5 218.4 722.7 591.6 177.3 805.0 679.7 239.1 606.9 493.2 173.1 646.7 143.1 597.7 661.6 560.6 840.8 193.7 172.9 760.9 554.1 643.2 370.4 10.2 272.9 800.2 136.5 617.5 118.8 787.9 506.6 510.6 245.5 719.9 573.1 618.1 607.8 151.3 472.7 176.2 34.5 328.6 646.1 152.9 418.6 815.5 723.2 597.8 643.4 771.5 322.2 728.6 55.4 621.6 627.3 215.1 107.6 215.4 198.7 547.0 123.7 538.2 600.5 485.4 221.2 480.6 853.1 191.4 785.9 118.7 316.5 648.4 491.5 609.7 609.5 737.9 655.8 485.7 199.4 589.0 297.0 654.5 303.3 483.1 734.6 739.7 485.9 200.1 800.5 836.5 148.6 204.0 253.5 659.7 231.3 466.7 647.5 225.8 744.2 158.2 494.2 648.5 77.9 522.8 783.6 181.5 706.2 528.0 785.6 541.8 776.0 756.7 238.5 234.3 491.9 603.0 546.5 329.8 846.4 189.1 565.3 582.5 122.9 682.6 136.5 683.1 502.1 433.5 61.9 483.0 202.0 509.8 578.9 736.7 567.6 449.4 51.7 117.8 363.3 188.7 228.1 628.3 626.6 587.1 150.8 427.7 282.7 664.4 546.4 731.5 194.3 651.1 134.7 518.1 70.1 194.6 276.1 580.2 842.7 210.7
2520.6 221.8 274.4 344.2 564.5 595.3 604.4 0.0 293.3 142.1 341.5 517.4 372.5 667.0 564.6 226.7 589.5 241.1 195.0 611.8 568.0 285.6 138.9 557.1 224.3 195.9 570.0 202.6 459.8 578.4 242.4 640.3 193.0 156.6 476.2 168.3 588.0 591.4 247.8 282.5 190.5 497.5 614.6 487.6 153.7 654.3 2.5 602.2 268.3 227.2 484.0 543.4 279.4 301.5 165.4 155.1 621.8 395.8 509.3 632.8 472.4 64.8 673.4 531.4 211.6 228.3 513.4 325.9 216.7 571.1 212.1 602.6 216.9 350.0 542.1 561.5 566.5 551.0 390.2 668.1 247.4 241.5 359.3 601.3 290.4 169.7 571.2 186.7 611.6 565.4 28.2 301.3 292.2 156.8 159.2 210.2 297.7 535.9 184.3 544.0 178.6 497.2 372.6 213.1 223.2 295.7 569.4 219.8 153.1 643.5 570.7 535.6 342.2 518.3 439.5 178.4 562.3 208.2 548.9 304.0 351.2 643.4 352.1 194.3 556.2 388.7 301.4 142.4 256.1 240.5 163.4 547.2 553.2 301.7 210.3 389.7 578.7 163.0 527.7 204.1 129.8 576.8 242.1 657.0 64.7 425.2 383.2 609.1 456.4 589.3 177.4 494.5 282.3 296.0 445.8 580.9 515.7 487.4 607.2 530.6 215.2 173.9 213.7 572.2 400.5 610.4 149.3 185.2 158.2 507.2 72.4 568.6 238.7 599.3 571.5 597.5 294.5 183.1 577.5
2643.7 236.3 125.0 50.8 499.2 530.0 539.1 321.9 0.0 354.4 159.4 452.1 307.2 601.7 499.3 195.7 524.2 116.4 213.1 546.5 517.2 265.7 231.4 491.8 341.1 282.9 504.7 235.8 366.5 513.1 279.3 575.0 237.5 311.0 410.9 380.6 522.7 526.1 303.9 126.2 283.0 432.2 549.3 422.3 340.0 589.0 319.3 536.9 330.9 182.6 383.9 492.6 261.8 145.2 257.9 247.6 556.5 330.5 444.0 570.2 354.5 347.9 608.1 417.1 328.4 266.2 448.1 258.1 314.5 505.8 271.6 537.3 261.4 147.0 476.8 496.2 501.2 485.7 272.3 602.8 159.2 203.7 294.0 536.0 151.5 388.2 505.9 303.5 546.3 500.1 352.5 114.5 224.4 249.3 377.7 259.0 99.4 470.6 228.8 478.7 294.3 379.3 307.3 276.7 282.7 100.2 504.1 336.6 371.6 578.2 505.4 470.3 274.4 453.0 374.2 287.3 497.0 273.5 483.6 147.7 194.9 578.1 286.8 311.1 490.9 320.9 8.0 325.4 217.8 319.0 280.2 481.9 487.9 106.2 206.2 271.8 513.4 381.5 462.4 205.1 222.3 511.5 225.6 591.7 314.4 359.9 317.9 543.8 356.3 524.0 273.5 429.2 279.7 139.7 322.7 515.6 450.4 369.5 541.9 465.3 230.5 266.4 190.3 506.9 335.2 559.6 304.2 186.2 249.9 441.9 290.9 503.3 194.1 534.0 506.2 532.2 256.2 382.5 512.2
2619.7 255.4 308.0 377.8 644.7 675.5 684.6 140.7 326.9 0.0 324.8 597.6 452.7 747.2 644.8 266.3 669.7 274.7 159.4 692.0 655.5 250.0 172.5 637.3 188.7 174.0 650.2 236.2 504.8 658.6 276.0 720.5 226.6 134.7 556.4 26.2 668.2 671.6 212.2 316.1 205.4 577.7 694.8 567.8 48.8 734.5 143.3 682.4 232.7 253.2 522.2 630.9 243.8 335.1 180.3 126.1 702.0 476.0 589.5 713.0 492.8 146.7 753.6 555.4 176.0 192.7 593.6 316.4 181.1 651.3 176.5 682.8 250.5 383.6 622.3 641.7 646.7 631.2 410.6 748.3 281.0 222.2 439.5 681.5 366.4 116.6 651.4 151.1 691.8 645.6 139.9 329.4 282.7 171.7 106.1 195.6 314.3 616.1 217.9 624.2 156.7 517.6 452.8 177.5 187.6 315.1 649.6 184.2 100.0 723.7 650.9 609.5 332.7 598.5 517.3 156.5 642.5 172.6 629.1 362.6 364.4 723.6 432.3 158.7 636.4 379.2 335.0 37.5 288.4 204.9 127.8 627.4 633.4 321.1 243.9 410.1 658.9 109.9 607.9 237.7 163.4 657.0 206.5 737.2 104.0 505.4 463.4 689.3 494.6 669.5 318.2 574.7 246.7 329.6 461.0 661.1 595.9 507.8 685.9 610.8 212.6 188.8 178.1 652.4 480.7 697.9 127.4 218.8 122.6 587.4 48.2 648.8 264.7 679.5 651.7 677.7 326.8 117.3 657.7
2706.0 268.2 115.2 179.5 474.2 505.0 514.1 348.6 128.6 299.3 0.0 427.1 282.2 576.7 474.3 227.6 499.2 205.4 222.2 521.5 444.3 207.4 263.3 466.8 289.7 292.0 479.7 244.9 293.6 488.1 288.4 550.0 269.4 282.4 361.0 325.5 497.7 501.1 245.6 89.6 314.9 407.2 524.3 381.9 284.9 564.0 351.2 511.9 272.6 214.5 311.0 419.7 204.6 98.5 289.8 273.8 531.5 305.5 419.0 542.5 281.6 354.6 583.1 344.2 300.2 207.9 398.2 128.1 256.2 480.8 213.3 512.3 293.3 236.0 451.8 471.2 476.2 460.7 199.4 577.8 242.3 212.8 269.0 511.0 126.5 337.8 480.9 270.6 521.3 475.1 347.8 108.9 94.4 281.2 350.7 268.1 36.3 445.6 260.7 438.3 304.4 306.4 282.3 219.3 224.4 94.6 479.1 285.2 321.2 553.2 480.4 398.3 144.4 428.0 306.1 304.2 472.0 228.9 458.6 140.1 77.6 553.1 261.8 268.3 465.9 190.9 136.7 270.3 249.7 260.7 241.4 456.9 462.9 100.6 215.3 198.9 488.4 331.1 437.4 237.0 254.2 486.5 167.3 566.7 311.9 334.9 292.9 518.8 283.4 499.0 305.4 379.3 221.4 136.8 249.8 490.6 425.4 296.6 474.7 440.3 240.6 298.3 199.4 481.9 293.6 486.7 275.1 218.1 216.2 416.9 288.4 478.3 226.0 509.0 481.2 507.2 288.1 327.4 487.2
2532.7 531.4 480.9 505.7 328.2 261.2 272.3 555.0 454.8 649.5 466.6 0.0 320.7 166.9 199.3 454.6 255.4 466.8 544.8 149.7 373.0 580.4 526.5 317.6 662.7 614.6 378.9 541.8 408.0 116.3 581.6 225.4 532.6 596.5 424.4 675.7 95.6 331.2 618.6 489.0 578.1 446.0 282.5 406.5 635.1 192.2 552.4 246.9 645.6 441.5 432.2 348.4 577.6 508.0 553.0 542.7 187.7 344.0 175.2 300.7 510.0 581.0 339.3 491.6 660.1 580.9 461.6 501.1 629.2 395.2 586.3 270.5 556.5 562.2 215.6 191.3 74.1 288.1 515.3 206.0 473.1 535.4 323.1 90.9 415.5 683.3 331.7 635.2 331.4 389.5 583.3 426.4 467.4 544.4 672.8 590.7 420.6 73.8 523.9 462.9 589.4 484.7 320.8 592.3 597.4 420.8 105.8 658.2 666.7 309.4 256.1 326.5 517.4 264.0 387.7 582.4 100.2 601.9 162.6 429.1 506.2 181.3 354.3 641.3 84.8 563.9 462.9 620.5 476.7 633.7 611.9 271.2 60.8 426.8 537.9 514.8 402.8 676.6 193.6 500.2 517.4 215.2 540.3 322.9 618.0 373.4 331.4 277.0 404.6 96.5 444.7 442.7 594.4 502.5 394.0 248.8 153.5 436.3 347.0 38.2 563.2 561.5 522.0 138.1 348.7 415.4 599.3 481.3 581.6 267.3 586.0 254.0 453.0 267.2 308.6 408.2 515.1 677.6 243.4
2678.7 383.2 339.6 357.5 344.5 375.3 384.4 406.8 306.6 501.3 395.5 297.4 0.0 447.0 344.6 306.4 369.5 318.6 396.6 391.8 304.6 509.3 378.3 337.1 591.6 466.4 350.0 393.6 196.4 358.4 433.4 420.3 384.4 448.3 241.6 527.5 368.0 371.4 547.5 340.8 429.9 234.1 394.6 224.2 486.9 434.3 404.2 382.2 574.5 293.3 220.6 280.0 505.4 359.8 404.8 394.5 401.8 132.4 289.3 412.8 352.8 432.8 453.4 268.0 511.9 509.8 250.0 430.4 558.1 307.7 515.2 382.6 408.3 414.0 322.1 341.5 346.5 373.2 333.6 448.1 324.9 387.2 111.5 381.3 267.3 535.1 351.2 572.5 391.6 302.0 435.1 278.2 396.3 396.2 524.6 442.5 272.4 315.9 375.7 280.6 441.2 374.7 109.2 521.2 526.3 272.6 349.4 587.1 518.5 423.5 350.7 258.6 446.3 298.3 176.1 434.2 342.3 532.5 328.9 280.9 435.1 423.4 148.9 570.2 336.2 492.8 314.7 472.3 328.5 562.6 463.7 327.2 333.2 278.6 389.7 333.1 315.3 528.4 307.7 352.0 369.2 356.8 469.2 437.0 469.7 161.8 119.8 389.1 193.0 369.3 296.5 231.1 523.3 354.3 182.4 360.9 295.7 272.0 334.2 310.6 414.0 413.3 373.8 352.2 137.1 347.0 451.1 333.1 518.1 287.2 437.8 348.6 304.8 379.3 393.7 373.1 366.9 529.4 357.5
2627.4 626.8 576.3 601.1 278.2 209.5 165.7 650.4 550.2 744.9 562.0 187.8 416.1 0.0 71.2 550.0 284.8 562.2 640.2 77.6 326.7 675.8 621.9 285.6 758.1 710.0 347.4 637.2 503.4 128.5 677.0 118.8 628.0 691.9 519.8 771.1 106.0 281.2 714.0 584.4 673.5 475.4 175.9 381.2 730.5 28.8 647.8 140.3 741.0 536.9 613.0 353.8 673.0 603.4 648.4 638.1 140.5 439.4 204.6 194.1 436.9 676.4 279.2 521.0 755.5 676.3 557.0 596.5 724.6 424.6 681.7 163.9 651.9 657.6 245.0 96.8 131.9 293.6 655.3 99.4 568.5 630.8 418.5 139.4 510.9 778.7 299.7 730.6 227.0 418.9 678.7 521.8 562.8 639.8 768.2 686.1 516.0 168.5 619.3 405.3 684.8 411.6 416.2 687.7 692.8 516.2 160.9 753.6 762.1 243.5 149.1 355.9 612.8 293.4 483.1 677.8 194.9 697.3 188.5 524.5 601.6 74.7 449.7 736.7 131.5 659.3 558.3 715.9 572.1 729.1 707.3 300.6 150.8 522.2 633.3 654.8 432.2 772.0 223.0 595.6 612.8 87.1 635.7 262.8 713.4 468.8 426.8 170.4 585.4 125.0 540.1 538.1 689.8 597.9 551.8 142.2 148.1 465.7 297.0 192.2 658.6 656.9 617.4 106.7 444.1 391.0 694.7 576.7 677.0 296.7 681.4 147.0 548.4 160.6 289.5 384.4 610.5 773.0 272.8
2651.3 555.5 505.0 529.8 242.0 138.2 129.5 579.1 478.9 673.6 490.7 173.9 344.8 71.2 0.0 478.7 170.6 490.9 568.9 129.8 290.5 604.5 550.6 249.4 686.8 638.7 294.1 565.9 432.1 193.2 605.7 171.0 556.7 620.6 448.5 699.8 170.7 245.0 642.7 513.1 602.2 361.2 139.7 321.7 659.2 81.0 576.5 192.5 669.7 465.6 498.8 263.6 601.7 532.1 577.1 566.8 69.2 368.1 90.4 201.1 400.7 605.1 220.1 406.8 684.2 605.0 485.7 525.2 653.3 310.4 610.4 127.7 580.6 586.3 174.1 25.5 149.2 222.3 539.4 151.6 497.2 559.5 347.2 210.7 439.6 707.4 263.5 659.3 190.8 304.7 607.4 450.5 491.5 568.5 696.9 614.8 444.7 192.4 548.0 369.1 613.5 375.4 344.9 616.4 621.5 444.9 225.9 682.3 690.8 172.2 77.8 241.7 541.5 179.2 411.8 606.5 218.8 626.0 117.2 453.2 530.3 126.9 378.4 665.4 105.3 588.0 487.0 644.6 500.8 657.8 636.0 186.4 129.0 450.9 562.0 538.9 318.0 700.7 108.8 524.3 541.5 15.8 564.4 203.7 642.1 397.5 355.5 134.2 471.2 196.3 468.8 466.8 618.5 526.6 437.6 106.0 76.8 351.5 260.8 187.1 587.3 585.6 546.1 68.7 372.8 330.6 623.4 505.4 605.7 182.5 610.1 75.7 477.1 124.4 218.2 323.4 539.2 701.7 158.6
2509.0 154.8 175.9 245.7 476.4 507.2 516.3 240.4 194.8 272.9 242.2 429.3 284.4 578.9 476.5 0.0 501.4 106.4 168.2 523.7 479.9 220.8 149.9 469.0 296.2 238.0 481.9 165.2 371.7 490.3 205.0 552.2 156.0 219.9 388.1 299.1 499.9 503.3 259.0 184.0 201.5 409.4 526.5 399.5 258.5 566.2 237.8 514.1 286.0 41.7 395.9 455.3 218.0 203.0 176.4 166.1 533.7 307.7 421.2 544.7 384.3 266.4 585.3 443.3 283.5 221.3 425.3 227.4 269.6 483.0 226.7 514.5 179.9 215.3 454.0 473.4 478.4 462.9 302.1 580.0 112.7 158.8 271.2 513.2 202.3 306.7 483.1 258.6 523.5 477.3 268.7 197.3 193.7 167.8 296.2 214.1 184.4 447.8 147.3 455.9 212.8 409.1 284.5 231.8 237.8 183.0 481.3 291.7 290.1 555.4 482.6 447.5 243.7 430.2 351.4 205.8 474.2 226.9 460.8 215.9 252.7 555.3 264.0 266.2 468.1 290.2 202.9 243.9 22.0 274.1 235.3 459.1 465.1 189.0 161.3 301.6 490.6 300.0 439.6 123.6 140.8 488.7 180.7 568.9 232.9 337.1 295.1 521.0 368.3 501.2 77.7 406.4 234.8 197.5 357.7 492.8 427.6 399.3 519.1 442.5 186.6 184.9 145.4 484.1 312.4 522.3 222.7 104.7 205.0 419.1 209.4 480.5 53.2 511.2 483.4 509.4 60.4 301.0 489.4
2574.1 595.9 545.4 570.2 239.9 127.7 214.6 619.5 519.3 714.0 592.0 255.1 451.3 246.1 174.8 519.1 0.0 531.3 609.3 242.7 239.5 705.8 591.0 296.3 788.1 679.1 245.4 606.3 432.7 259.5 646.1 250.5 597.1 661.0 500.1 740.2 237.0 291.9 744.0 553.5 642.6 312.5 220.9 273.0 699.6 255.9 616.9 212.4 771.0 506.0 450.1 214.9 703.0 572.5 617.5 607.2 237.2 414.8 83.9 186.8 385.1 645.5 205.8 358.1 798.6 706.3 537.3 626.5 754.6 261.7 711.7 212.8 621.0 626.7 205.2 171.7 215.5 154.6 530.1 262.9 537.6 599.9 427.5 288.4 480.0 747.8 310.4 769.0 237.7 256.0 647.8 490.9 592.8 608.9 737.3 655.2 485.1 273.6 588.4 329.4 653.9 409.9 425.2 717.7 722.8 485.3 307.1 783.6 731.2 175.9 180.9 193.0 642.8 80.3 408.8 646.9 300.0 727.3 148.3 493.6 631.6 212.1 464.9 766.7 171.6 689.3 527.4 685.0 541.2 759.1 676.4 87.5 195.3 491.3 602.4 529.6 269.3 741.1 51.9 564.7 581.9 187.0 665.7 189.4 682.5 444.2 375.6 219.3 422.5 274.0 509.2 518.4 719.8 567.0 388.9 191.1 107.9 302.8 269.9 263.6 627.7 626.0 586.5 187.6 369.8 281.9 663.8 545.8 714.6 133.8 650.5 178.8 517.5 209.5 175.1 274.7 579.6 742.1 59.7
2538.8 183.8 172.6 175.0 469.2 500.0 509.1 269.4 124.1 301.9 213.9 422.1 277.2 571.7 469.3 107.0 494.2 0.0 197.2 516.5 472.7 249.8 178.9 461.8 325.2 267.0 474.7 194.2 364.5 483.1 234.0 545.0 185.0 248.9 380.9 328.1 492.7 496.1 288.0 180.7 230.5 402.2 519.3 392.3 287.5 559.0 266.8 506.9 315.0 93.9 388.7 448.1 247.0 199.7 205.4 195.1 526.5 300.5 414.0 537.5 377.1 295.4 578.1 436.1 312.5 250.3 418.1 280.7 298.6 475.8 255.7 507.3 208.9 108.8 446.8 466.2 471.2 455.7 294.9 572.8 42.7 187.8 264.0 506.0 195.1 335.7 475.9 287.6 516.3 470.1 297.7 169.0 247.0 196.8 325.2 243.1 153.9 440.6 176.3 448.7 241.8 401.9 277.3 260.8 266.8 154.7 474.1 320.7 319.1 548.2 475.4 440.3 297.0 423.0 344.2 234.8 467.0 255.9 453.6 202.2 249.4 548.1 256.8 295.2 460.9 343.5 132.2 272.9 129.1 303.1 264.3 451.9 457.9 160.7 190.3 294.4 483.4 329.0 432.4 152.6 169.8 481.5 209.7 561.7 261.9 329.9 287.9 513.8 361.1 494.0 184.8 399.2 263.8 194.2 350.5 485.6 420.4 392.1 511.9 435.3 215.6 213.9 174.4 476.9 305.2 515.1 251.7 133.7 234.0 411.9 238.4 473.3 105.4 504.0 476.2 502.2 167.5 330.0 482.2
2635.5 214.9 179.4 249.2 552.7 583.5 592.6 192.2 198.3 142.9 216.5 505.6 360.7 655.2 552.8 174.3 577.7 182.7 0.0 600.0 547.2 136.0 120.6 545.3 127.9 104.5 558.2 134.1 396.5 566.6 177.6 628.5 216.1 126.0 464.4 169.1 576.2 579.6 98.2 187.5 196.7 485.7 602.8 475.8 128.5 642.5 194.8 590.4 171.9 161.2 413.9 522.6 159.0 206.5 171.6 117.4 610.0 384.0 497.5 621.0 384.5 198.2 661.6 447.1 115.2 78.7 501.6 208.1 120.3 559.3 133.7 590.8 240.0 291.6 530.3 549.7 554.7 539.2 302.3 656.3 189.0 62.7 347.5 589.5 237.8 181.4 559.4 90.3 599.8 553.6 191.4 200.8 174.4 163.0 194.3 80.6 185.7 524.1 207.4 532.2 135.8 409.3 360.8 63.5 145.0 186.5 557.6 123.4 164.8 631.7 558.9 501.2 224.4 506.5 409.0 147.8 550.5 58.6 537.1 234.0 256.2 631.6 340.3 97.9 544.4 270.9 206.4 113.9 196.4 144.1 67.0 535.4 541.4 192.5 104.5 301.8 566.9 174.7 515.9 183.7 130.0 565.0 112.2 645.2 155.5 413.4 371.4 597.3 386.3 577.5 252.1 482.7 132.7 201.0 352.7 569.1 503.9 399.5 577.6 518.8 53.1 180.1 18.6 560.4 388.7 589.6 118.7 164.8 36.7 495.4 132.0 556.8 172.7 587.5 559.7 585.7 234.8 171.0 565.7
2549.7 609.1 558.6 583.4 235.0 179.7 122.5 632.7 532.5 727.2 544.3 161.3 398.4 62.5 132.8 532.3 233.7 544.5 622.5 0.0 283.5 658.1 604.2 242.4 740.4 692.3 304.2 619.5 558.2 64.5 659.3 75.6 610.3 674.2 502.1 753.4 85.1 238.0 696.3 566.7 655.8 435.5 132.7 338.0 712.8 42.4 630.1 97.1 723.3 519.2 575.6 310.6 655.3 585.7 630.7 620.4 173.4 421.7 153.5 150.9 393.7 658.7 236.0 471.3 737.8 658.6 539.3 578.8 706.9 394.6 664.0 120.7 634.2 639.9 237.2 129.7 106.8 281.8 612.1 56.2 550.8 613.1 400.8 112.6 493.2 761.0 256.5 712.9 183.8 388.9 661.0 504.1 545.1 622.1 750.5 668.4 498.3 90.8 601.6 362.1 667.1 368.4 398.5 670.0 675.1 498.5 91.5 735.9 744.4 231.7 158.9 304.8 595.1 242.3 531.8 660.1 117.2 679.6 180.3 506.8 583.9 31.5 432.0 719.0 149.7 641.6 540.6 698.2 554.4 711.4 689.6 249.5 125.7 504.5 615.6 611.6 402.2 754.3 171.9 577.9 595.1 145.0 618.0 219.6 695.7 451.1 409.1 127.2 548.0 93.4 522.4 520.4 672.1 580.2 514.4 99.0 139.9 443.8 253.8 167.1 640.9 639.2 599.7 170.2 492.8 347.8 677.0 559.0 659.3 245.6 663.7 156.8 530.7 117.4 277.7 341.2 592.8 755.3 221.7
2481.2 572.7 547.7 575.5 147.0 183.8 217.1 596.3 524.6 665.0 459.3 363.0 318.6 329.4 282.7 495.9 260.3 508.1 587.9 281.3 0.0 573.1 567.8 139.6 655.4 657.7 123.2 610.6 300.0 367.4 654.1 315.9 573.9 648.1 367.4 691.2 344.9 85.3 611.3 522.1 619.4 164.1 207.2 111.1 650.6 309.3 593.7 291.6 638.3 482.8 317.4 27.0 570.3 531.0 594.3 639.5 345.1 282.1 191.8 173.1 199.2 622.3 261.9 225.4 665.9 573.6 404.6 493.8 621.9 111.0 579.0 238.5 597.8 632.0 313.1 279.6 323.4 155.4 397.4 296.5 514.4 578.5 294.8 396.3 485.3 703.5 153.7 636.3 168.6 105.3 624.6 496.2 460.1 585.7 716.4 633.8 490.4 381.5 565.2 146.4 670.1 173.9 292.5 585.0 590.1 490.6 372.9 650.9 686.9 232.0 288.8 60.3 510.1 191.9 288.3 669.9 407.9 594.6 256.2 498.9 498.9 250.7 332.2 634.0 279.5 556.6 532.7 636.0 518.0 626.4 607.1 220.8 303.2 496.6 581.0 396.9 118.6 696.8 204.7 541.5 558.7 294.9 533.0 245.5 677.6 311.5 242.9 232.2 289.8 381.9 486.0 385.7 587.1 569.3 256.2 184.6 215.8 170.1 30.3 371.5 606.3 602.8 565.1 295.5 249.3 64.2 640.8 522.6 581.9 168.7 654.1 286.7 494.3 185.4 175.9 95.7 556.4 693.1 226.3
2706.2 285.7 250.2 320.0 609.7 647.6 649.6 262.9 269.1 213.6 219.9 562.6 417.7 712.2 609.8 245.1 634.7 253.5 126.0 657.0 550.6 0.0 235.8 602.3 204.0 230.6 615.2 260.2 399.9 623.6 303.7 685.5 306.2 196.7 467.3 239.8 633.2 591.9 38.1 258.3 267.4 506.7 659.8 488.2 199.2 699.5 265.5 647.4 186.9 232.0 417.3 526.0 76.8 277.3 242.3 188.1 667.0 419.8 554.5 679.7 387.9 268.9 725.7 450.5 214.5 74.3 504.5 211.5 170.5 586.6 127.6 647.8 330.1 362.4 587.3 606.7 611.7 619.2 305.7 713.3 259.8 188.8 404.5 646.5 308.6 252.1 616.4 184.9 675.2 585.1 262.1 271.6 177.8 233.7 265.0 206.7 253.0 581.1 297.5 544.6 218.7 412.7 417.8 77.3 138.7 257.3 614.6 199.5 235.5 695.8 615.9 504.6 227.8 563.5 412.4 218.5 607.5 67.3 594.1 304.8 259.5 688.6 397.3 182.6 601.4 274.3 277.2 184.6 267.2 175.0 167.6 592.4 598.4 263.3 230.6 305.2 594.2 245.4 572.9 254.5 226.7 622.0 30.0 709.3 226.2 439.6 428.4 654.3 389.7 634.5 322.9 485.6 13.9 271.8 356.1 626.1 560.9 402.9 581.0 575.8 179.2 250.8 144.7 617.4 399.9 593.0 189.4 235.6 130.5 552.4 202.7 613.8 243.5 644.5 639.7 619.3 305.6 241.7 622.7
2582.2 145.0 197.6 267.4 534.3 565.1 574.2 172.6 216.5 191.7 263.9 487.2 342.3 636.8 534.4 155.9 559.3 164.3 109.4 581.6 537.8 242.5 0.0 526.9 237.4 95.1 539.8 125.8 429.6 548.2 165.6 610.1 116.2 69.9 446.0 217.9 557.8 561.2 207.7 205.7 93.3 467.3 584.4 457.4 177.3 624.1 170.0 572.0 281.4 142.8 453.8 513.2 239.7 224.7 68.2 57.9 591.6 365.6 479.1 602.6 425.5 212.0 643.2 501.2 224.7 188.2 483.2 249.1 229.8 540.9 215.3 572.4 140.1 273.2 511.9 531.3 536.3 520.8 343.3 637.9 170.6 107.5 329.1 571.1 256.0 230.2 541.0 199.8 581.4 535.2 205.2 219.0 215.4 59.6 232.6 71.2 203.9 505.7 107.5 513.8 62.8 450.3 342.4 173.0 226.4 204.7 539.2 232.9 213.6 613.3 540.5 505.4 265.4 488.1 409.3 74.6 532.1 168.1 518.7 252.2 274.4 613.2 321.9 207.4 526.0 311.9 224.6 162.7 178.0 253.6 176.5 517.0 523.0 210.7 133.5 342.8 548.5 223.5 497.5 127.3 9.3 546.6 202.4 626.8 169.3 395.0 353.0 578.9 426.2 559.1 233.7 464.3 242.2 219.2 393.7 550.7 485.5 440.5 577.0 500.4 76.2 76.7 127.6 542.0 370.3 580.2 82.1 108.4 146.2 477.0 145.8 538.4 154.3 569.1 541.3 567.3 216.4 219.8 547.3
2423.6 544.9 494.4 519.2 71.4 164.2 243.5 568.5 468.3 663.0 480.1 311.4 334.2 334.4 263.1 468.1 233.9 480.3 558.3 307.7 173.2 593.9 540.0 0.0 676.2 628.1 123.8 555.3 367.3 347.8 595.1 342.3 546.1 610.0 434.7 689.2 325.3 127.7 632.1 502.5 591.6 259.9 233.6 227.7 648.6 335.7 565.9 300.7 659.1 455.0 384.7 200.3 591.1 521.5 566.5 556.2 325.5 362.2 172.2 199.5 283.4 594.5 242.3 305.5 673.6 594.4 471.9 514.6 642.7 209.1 599.8 264.9 570.0 575.7 293.5 260.0 303.8 135.8 501.8 322.9 486.6 548.9 336.6 376.7 429.0 696.8 14.1 648.7 195.0 203.4 596.8 439.9 480.9 557.9 686.3 604.2 434.1 329.9 537.4 251.8 602.9 258.1 334.3 605.8 610.9 434.3 363.4 671.7 680.2 212.4 269.2 140.4 530.9 154.3 340.0 595.9 356.3 615.4 236.6 442.6 519.7 277.1 367.8 654.8 259.9 577.4 476.4 634.0 490.2 647.2 625.4 183.2 283.6 440.3 551.4 501.3 216.7 690.1 185.1 513.7 530.9 275.3 553.8 225.9 631.5 391.6 323.0 258.6 357.1 362.3 458.2 453.0 607.9 516.0 336.3 211.0 196.2 250.2 143.5 324.6 576.7 575.0 535.5 275.9 301.0 237.5 612.8 494.8 595.1 143.2 599.5 267.1 466.5 211.8 156.3 151.3 528.6 691.1 213.0
2687.8 316.6 310.4 380.2 683.7 714.5 723.6 244.5 329.3 195.2 293.6 636.6 491.7 786.2 683.8 305.3 708.7 313.7 130.9 731.0 624.3 221.5 217.4 676.3 0.0 217.6 689.2 265.1 473.6 697.6 308.6 759.5 287.8 178.3 541.0 221.4 707.2 665.6 183.7 318.5 249.0 580.4 733.8 561.9 180.8 773.5 247.1 721.4 114.9 292.2 491.0 599.7 212.6 337.5 223.9 169.7 741.0 493.5 628.5 752.0 461.6 250.5 792.6 524.2 69.5 164.2 578.2 285.2 98.5 660.3 76.8 721.8 311.7 422.6 661.3 680.7 685.7 692.9 379.4 787.3 320.0 193.7 478.5 720.5 368.8 255.6 690.4 39.9 748.9 658.8 243.7 331.8 251.5 215.3 268.5 211.6 316.7 655.1 279.1 618.3 200.3 486.4 491.8 149.0 56.4 317.5 688.6 2.6 239.0 762.7 689.9 578.3 301.5 637.5 486.1 200.1 681.5 144.1 668.1 365.0 333.2 762.6 471.3 104.6 675.4 348.0 337.4 166.2 327.4 55.2 63.2 666.4 672.4 323.5 235.5 378.9 667.9 248.9 646.9 298.9 208.3 696.0 197.7 776.2 207.8 513.3 502.4 728.3 463.4 708.5 362.6 559.3 218.2 332.0 429.8 700.1 634.9 476.6 654.7 649.8 184.1 232.4 149.6 691.4 473.6 666.7 171.0 280.0 94.1 626.4 184.3 687.8 303.7 718.5 713.4 693.0 365.8 245.2 696.7
2639.1 247.6 266.6 329.5 633.0 663.8 672.9 195.8 278.6 181.5 296.8 585.9 441.0 735.5 633.1 254.6 658.0 263.0 80.7 680.3 627.5 216.8 102.5 625.6 208.7 0.0 638.5 152.4 476.8 646.9 195.9 708.8 218.8 28.0 544.7 207.7 656.5 659.9 179.0 267.8 162.6 566.0 683.1 556.1 167.1 722.8 198.4 670.7 252.7 241.5 494.2 602.9 238.7 286.8 137.2 83.0 690.3 464.3 577.8 704.0 464.8 201.8 741.9 527.4 196.0 159.5 581.9 288.4 201.1 639.6 205.1 671.1 242.7 371.9 610.6 630.0 635.0 619.5 382.6 736.6 269.3 78.8 427.8 669.8 318.1 220.0 639.7 171.1 680.1 633.9 195.0 281.1 254.7 128.6 222.4 21.6 266.0 604.4 210.1 612.5 40.2 489.6 441.1 144.3 225.8 266.8 637.9 204.2 203.4 712.0 639.2 581.5 304.7 586.8 489.3 65.0 630.8 141.1 617.4 314.3 336.5 711.9 420.6 178.7 624.7 351.2 286.7 152.5 276.7 224.9 147.8 615.7 621.7 272.8 122.8 382.1 647.2 213.3 596.2 229.9 111.9 645.3 193.0 725.5 159.2 493.7 451.7 677.6 466.6 657.8 313.9 563.0 213.5 281.3 433.0 649.4 584.2 479.8 657.9 599.1 48.5 145.7 98.9 640.7 469.0 669.9 36.4 211.0 117.5 575.7 135.6 637.1 253.0 667.8 640.0 666.0 315.1 209.6 646.0
2467.3 579.7 536.1 554.0 133.1 239.2 228.7 603.3 503.1 753.9 548.2 346.2 407.5 341.0 338.1 502.9 268.7 515.1 676.8 292.9 113.2 662.0 574.8 125.7 744.3 746.6 0.0 590.1 388.9 357.5 629.9 327.5 580.9 737.0 456.3 780.1 400.3 160.0 700.2 611.0 626.4 277.4 218.8 221.5 739.5 320.9 600.7 303.2 727.2 489.8 406.3 140.3 658.1 619.9 601.3 591.0 400.5 371.0 247.2 184.7 294.4 629.3 317.3 314.3 754.8 662.5 493.5 582.7 710.8 224.3 667.9 250.1 604.8 610.5 368.5 335.0 378.8 210.8 486.3 308.1 521.4 667.4 383.7 451.7 463.8 792.4 139.8 725.2 180.2 218.6 633.9 474.7 549.0 592.7 833.8 722.7 468.9 364.7 572.2 256.8 637.7 269.1 381.4 673.9 679.0 469.1 398.2 739.8 775.8 287.4 344.2 149.2 599.0 189.1 365.0 630.7 391.1 685.2 311.6 477.4 587.8 262.3 421.1 722.9 334.9 645.5 511.2 724.9 525.0 715.3 696.0 218.0 358.6 475.1 669.9 485.8 231.9 785.7 260.1 548.5 565.7 350.3 621.9 300.9 666.3 400.4 331.8 243.8 378.7 437.3 493.0 474.6 676.0 550.8 345.1 193.0 271.2 259.0 125.5 359.4 694.2 609.8 654.0 350.9 326.0 177.5 729.7 529.6 670.8 178.0 634.3 342.1 501.3 197.0 231.3 27.5 563.4 782.0 247.8
2627.2 155.1 194.2 264.0 530.9 561.7 570.8 217.6 213.1 261.0 260.5 483.8 338.9 633.4 531.0 152.5 555.9 160.9 118.0 578.2 534.4 239.1 154.0 523.5 246.0 137.9 536.4 0.0 426.2 544.8 68.5 606.7 133.2 166.0 442.6 287.2 554.4 557.8 216.3 202.3 178.7 463.9 581.0 454.0 246.6 620.7 215.0 568.6 290.0 139.4 450.4 509.8 236.3 221.3 153.6 143.3 588.2 362.2 475.7 599.2 422.1 243.6 639.8 497.8 233.3 196.8 479.8 245.7 238.4 537.5 245.0 569.0 157.1 269.8 508.5 527.9 532.9 517.4 339.9 634.5 167.2 58.7 325.7 567.7 252.6 283.9 537.6 208.4 578.0 531.8 245.9 215.6 212.0 145.0 273.4 114.0 200.5 502.3 124.5 510.4 169.2 446.9 339.0 181.6 256.1 201.3 535.8 241.5 267.3 609.9 537.1 502.0 262.0 484.7 405.9 203.0 528.7 176.7 515.3 248.8 271.0 609.8 318.5 216.0 522.6 308.5 221.2 232.0 174.6 262.2 185.1 513.6 519.6 207.3 27.5 339.4 545.1 277.2 494.1 123.9 118.0 543.2 199.0 623.4 210.1 391.6 349.6 575.5 422.8 555.7 230.3 460.9 250.8 215.8 390.3 547.3 482.1 437.1 573.6 497.0 86.5 162.1 110.9 538.6 366.9 576.8 174.4 105.0 154.8 473.6 186.6 535.0 150.9 565.7 537.9 563.9 213.0 289.1 543.9
2667.2 460.1 373.9 401.7 379.1 396.1 451.0 540.5 350.8 491.2 285.5 364.0 195.7 513.6 411.2 419.5 436.1 427.6 414.1 458.4 299.1 399.3 455.2 371.7 481.6 483.9 384.6 436.8 0.0 425.0 480.3 486.9 461.3 474.3 91.4 517.4 434.6 406.0 437.5 348.3 506.8 240.9 461.2 231.0 476.8 500.9 543.1 448.8 464.5 406.4 68.2 274.5 396.5 357.2 481.7 465.7 468.4 43.9 355.9 455.2 242.8 546.5 474.2 168.8 492.1 399.8 128.6 320.0 448.1 297.1 405.2 449.2 485.2 458.2 388.7 408.1 413.1 367.7 223.6 514.7 434.2 404.7 171.9 447.9 311.5 529.7 385.8 462.5 426.2 291.4 539.7 322.4 286.3 473.1 542.6 460.0 316.6 382.5 452.6 287.4 496.3 267.6 169.6 411.2 416.3 316.8 416.0 477.1 513.1 444.3 417.3 253.1 336.3 332.9 98.7 496.1 408.9 420.8 395.5 325.1 325.1 490.0 209.3 460.2 402.8 382.8 358.9 462.2 441.6 452.6 433.3 361.8 399.8 322.8 407.2 223.1 304.7 523.0 374.3 428.9 446.1 423.4 359.2 457.8 503.8 63.7 126.6 455.7 40.6 435.9 363.1 109.7 413.3 395.5 54.5 427.5 362.3 162.9 329.5 377.2 432.5 490.2 391.3 418.8 86.2 341.5 467.0 410.0 408.1 321.8 480.3 415.2 417.9 445.9 388.2 367.8 480.0 519.3 391.6
2529.1 600.8 550.3 575.1 292.4 237.1 179.9 624.4 524.2 718.9 536.0 114.4 390.1 115.3 186.6 524.0 255.7 536.2 614.2 57.3 340.9 649.8 595.9 299.8 732.1 684.0 361.6 611.2 566.5 0.0 651.0 133.0 602.0 665.9 493.8 745.1 20.5 295.4 688.0 558.4 647.5 446.3 190.1 395.4 704.5 99.8 621.8 154.5 715.0 510.9 583.9 348.7 647.0 577.4 622.4 612.1 188.0 413.4 175.5 208.3 451.1 650.4 293.4 491.9 729.5 650.3 531.0 570.5 698.6 395.5 655.7 178.1 625.9 631.6 215.9 187.1 42.2 288.4 584.7 113.6 542.5 604.8 392.5 67.7 484.9 752.7 313.9 704.6 241.2 389.8 652.7 495.8 536.8 613.8 742.2 660.1 490.0 70.2 593.3 419.5 658.8 425.8 390.2 661.7 666.8 490.2 89.2 727.6 736.1 289.1 256.4 326.8 586.8 264.3 457.1 651.8 96.6 671.3 162.9 498.5 575.6 88.9 423.7 710.7 85.1 633.3 532.3 689.9 546.1 703.1 681.3 271.5 61.1 496.2 607.3 584.2 403.1 746.0 193.9 569.6 586.8 202.4 609.7 277.0 687.4 442.8 400.8 184.6 556.3 53.3 514.1 512.1 663.8 571.9 522.7 156.4 153.8 436.6 311.2 102.5 632.6 630.9 591.4 138.4 418.1 405.2 668.7 550.7 651.0 267.6 655.4 254.3 522.4 174.8 308.9 398.6 584.5 747.0 243.7
2676.0 203.9 249.9 312.8 579.7 610.5 619.6 266.4 261.9 286.9 284.7 532.6 387.7 682.2 579.8 201.3 604.7 209.7 143.9 627.0 583.2 269.7 179.9 572.3 271.9 163.8 585.2 70.9 475.0 593.6 0.0 655.5 182.0 191.9 520.2 313.1 603.2 606.6 242.2 251.1 227.5 512.7 629.8 502.8 272.5 669.5 263.8 617.4 315.9 188.2 482.1 558.6 265.8 270.1 202.4 192.1 637.0 411.0 524.5 648.0 452.7 292.4 688.6 515.3 259.2 222.7 528.6 276.3 264.3 586.3 275.6 617.8 205.9 318.6 557.3 576.7 581.7 566.2 370.5 683.3 216.0 84.6 374.5 616.5 301.4 325.4 586.4 234.3 626.8 580.6 294.7 264.4 242.6 193.8 322.2 139.9 251.5 551.1 173.3 559.2 195.1 477.5 387.8 207.5 286.7 250.1 584.6 267.4 308.8 658.7 585.9 550.8 292.6 533.5 454.7 228.9 577.5 204.3 564.1 297.6 319.8 658.6 367.3 241.9 571.4 339.1 270.0 257.9 223.4 288.1 211.0 562.4 568.4 256.1 53.4 370.0 593.9 318.7 542.9 172.7 189.3 592.0 229.6 672.2 258.9 440.4 398.4 624.3 454.5 604.5 279.1 509.7 276.7 264.6 420.9 599.1 530.9 467.7 622.4 545.8 112.4 210.9 136.8 587.4 415.7 625.6 200.3 153.8 180.7 522.4 235.4 583.8 199.7 614.5 586.7 608.3 261.8 315.0 592.7
2576.6 587.7 537.2 562.0 248.3 193.0 135.8 611.3 511.1 705.8 522.9 206.1 377.0 124.4 101.9 510.9 202.8 523.1 601.1 76.3 296.8 636.7 582.8 255.7 719.0 670.9 317.5 598.1 464.3 140.9 637.9 0.0 588.9 652.8 480.7 732.0 161.5 251.3 674.9 545.3 634.4 393.4 146.0 351.3 691.4 104.3 608.7 21.4 701.9 497.8 531.0 323.9 633.9 564.3 609.3 599.0 142.5 400.3 122.6 164.2 407.0 637.3 249.3 439.0 716.4 637.2 517.9 557.4 685.5 342.6 642.6 134.0 612.8 618.5 206.3 98.8 183.2 235.5 625.4 12.3 529.4 591.7 379.4 189.0 471.8 739.6 269.8 691.5 197.1 336.9 639.6 482.7 523.7 600.7 729.1 647.0 476.9 167.2 580.2 375.4 645.7 381.7 377.1 648.6 653.7 477.1 167.9 714.5 723.0 245.0 128.0 273.9 573.7 211.4 444.0 638.7 193.6 658.2 149.4 485.4 562.5 46.8 410.6 697.6 172.7 620.2 519.2 676.8 533.0 690.0 668.2 218.6 196.4 483.1 594.2 624.9 350.2 732.9 141.0 556.5 573.7 114.1 596.6 232.9 674.3 429.7 387.7 140.5 503.4 169.8 501.0 499.0 650.7 558.8 469.8 112.3 109.0 383.7 267.1 219.3 619.5 617.8 578.3 142.0 405.0 361.1 655.6 537.6 637.9 214.7 642.3 125.9 509.3 130.7 291.0 354.5 571.4 733.9 190.8
2618.4 28.7 225.8 295.6 562.5 593.3 602.4 208.8 244.7 241.3 292.1 515.4 370.5 665.0 562.6 184.1 587.5 192.5 218.1 609.8 566.0 270.7 118.3 555.1 277.1 213.5 568.0 154.0 457.8 576.4 193.8 638.3 0.0 188.3 474.2 267.5 586.0 589.4 308.9 233.9 169.9 495.5 612.6 485.6 226.9 652.3 206.2 600.2 321.1 171.0 482.0 541.4 267.9 252.9 144.8 134.5 619.8 393.8 507.3 630.8 453.7 234.8 671.4 529.4 264.4 271.2 511.4 277.3 269.5 569.1 264.9 600.6 23.8 301.4 540.1 559.5 564.5 549.0 371.5 666.1 198.8 192.9 357.3 599.3 284.2 275.1 569.2 239.5 609.6 563.4 237.1 247.2 243.6 136.2 264.6 189.6 232.1 533.9 27.7 542.0 181.2 478.5 370.6 265.9 276.0 232.9 567.4 272.6 258.5 641.5 568.7 533.6 293.6 516.3 437.5 174.2 560.3 261.0 546.9 280.4 302.6 641.4 350.1 247.1 554.2 340.1 252.8 212.3 206.2 293.3 216.2 545.2 551.2 238.9 161.7 371.0 576.7 268.4 525.7 50.5 109.2 574.8 230.6 655.0 201.3 423.2 381.2 607.1 454.4 587.3 293.2 492.5 284.7 247.4 421.9 578.9 513.7 468.7 605.2 528.6 194.6 153.3 195.3 570.2 398.5 608.4 191.1 115.6 211.0 505.2 177.8 566.6 182.5 597.3 569.5 595.5 244.6 269.4 575.5
2609.9 224.8 277.4 347.2 614.1 644.9 654.0 166.6 296.3 152.3 343.7 567.0 422.1 716.6 614.2 235.7 639.1 244.1 118.9 661.4 617.6 255.0 81.1 606.7 188.1 38.1 619.6 190.6 509.4 628.0 234.1 689.9 196.0 0.0 525.8 178.5 637.6 641.0 217.2 285.5 133.1 547.1 664.2 537.2 137.9 703.9 169.2 651.8 232.1 222.6 533.6 593.0 278.0 304.5 108.0 53.8 671.4 445.4 558.9 682.4 503.0 172.6 723.0 565.6 175.4 197.7 563.0 326.6 180.5 620.7 175.9 652.2 219.9 353.0 591.7 611.1 616.1 600.6 420.8 717.7 250.4 117.0 408.9 650.9 335.8 190.8 620.8 150.5 661.2 615.0 165.8 298.8 292.9 99.4 193.2 59.7 283.7 585.5 187.3 593.6 7.0 527.8 422.2 182.5 187.0 284.5 619.0 183.6 174.2 693.1 620.3 585.2 342.9 567.9 489.1 35.8 611.9 177.6 598.5 332.0 354.2 693.0 401.7 158.1 605.8 389.4 304.4 123.3 257.8 204.3 127.2 596.8 602.8 290.5 161.0 420.3 628.3 184.1 577.3 207.1 90.5 626.4 231.2 706.6 129.9 474.8 432.8 658.7 506.0 638.9 284.7 544.1 251.7 299.0 471.2 630.5 565.3 518.0 656.8 580.2 85.7 116.5 137.1 621.8 450.1 660.0 7.2 188.2 122.0 556.8 106.4 618.2 234.1 648.9 621.1 647.1 296.2 180.4 627.1
2711.3 504.2 424.9 445.8 423.2 440.2 484.1 506.5 394.9 535.3 329.6 397.1 228.8 546.7 444.3 463.6 469.2 471.7 458.2 491.5 343.2 443.4 499.3 415.8 525.7 528.0 444.5 480.9 88.1 458.1 524.4 520.0 505.4 518.4 0.0 561.5 467.7 410.9 481.6 392.4 566.7 274.0 494.3 264.1 520.9 534.0 503.9 481.9 508.6 450.5 112.3 318.6 439.5 401.3 525.8 509.8 501.5 77.0 404.8 502.2 302.7 590.6 518.3 212.9 536.2 443.9 8.3 364.5 492.2 341.2 449.3 482.3 529.3 518.1 421.8 441.2 446.2 411.8 283.5 547.8 478.3 448.8 205.0 481.0 355.6 573.8 429.9 506.6 494.2 335.5 586.1 366.5 330.4 517.2 586.7 504.1 360.7 415.6 496.7 320.5 540.4 327.5 202.7 455.3 460.4 360.9 449.1 521.2 557.2 488.4 450.4 297.2 380.4 377.0 142.8 540.2 442.0 482.4 428.6 369.2 369.2 523.1 242.4 504.3 435.9 426.9 403.0 506.3 485.7 496.7 477.4 405.9 432.9 366.9 451.3 267.2 348.8 567.1 407.4 488.8 490.2 456.5 403.3 501.9 548.0 67.6 159.7 488.8 84.7 469.0 396.2 61.0 457.4 439.6 98.6 463.6 395.4 222.8 373.6 426.1 475.6 536.0 435.4 451.9 130.3 385.6 511.1 454.1 452.2 365.9 524.4 448.3 477.8 479.0 432.3 416.3 524.1 563.4 457.2
2638.4 274.1 326.7 396.5 663.4 694.2 703.3 159.4 345.6 18.7 343.5 616.3 471.4 765.9 663.5 285.0 688.4 293.4 178.1 710.7 674.2 268.7 191.2 656.0 207.4 192.7 668.9 254.9 523.5 677.3 294.7 739.2 245.3 153.4 575.1 0.0 686.9 690.3 230.9 334.8 224.1 596.4 713.5 586.5 67.5 753.2 162.0 701.1 251.4 271.9 540.9 649.6 262.5 353.8 199.0 144.8 720.7 494.7 608.2 731.7 511.5 165.4 772.3 574.1 194.7 211.4 612.3 335.1 199.8 670.0 195.2 701.5 269.2 402.3 641.0 660.4 665.4 649.9 429.3 767.0 299.7 240.9 458.2 700.2 385.1 135.3 670.1 169.8 710.5 664.3 158.6 348.1 301.4 190.4 124.8 214.3 333.0 634.8 236.6 642.9 175.4 536.3 471.5 196.2 206.3 333.8 668.3 202.9 118.7 742.4 669.6 628.2 351.4 617.2 536.0 175.2 661.2 191.3 647.8 381.3 383.1 742.3 451.0 177.4 655.1 397.9 353.7 56.2 307.1 223.6 146.5 646.1 652.1 339.8 262.6 428.8 677.6 128.6 626.6 256.4 182.1 675.7 225.2 755.9 122.7 524.1 482.1 708.0 513.3 688.2 336.9 593.4 265.4 348.3 479.7 679.8 614.6 526.5 704.6 629.5 231.3 207.5 196.8 671.1 499.4 716.6 146.1 237.5 141.3 606.1 66.9 667.5 283.4 698.2 670.4 696.4 345.5 136.0 676.4
2551.6 580.2 529.7 554.5 314.9 240.9 202.4 603.8 503.6 698.3 515.4 93.8 369.5 94.7 166.0 503.4 235.1 515.6 593.6 79.8 363.4 629.2 575.3 322.3 711.5 663.4 358.6 590.6 545.9 22.5 630.4 155.5 581.4 645.3 473.2 724.5 0.0 317.9 667.4 537.8 626.9 425.7 212.6 386.2 683.9 122.3 601.2 177.0 694.4 490.3 563.3 328.1 626.4 556.8 601.8 591.5 167.4 392.8 154.9 230.8 473.6 629.8 315.9 471.3 708.9 629.7 510.4 549.9 678.0 374.9 635.1 200.6 605.3 611.0 195.3 171.0 21.6 267.8 564.1 136.1 521.9 584.2 371.9 47.1 464.3 732.1 336.4 684.0 263.7 369.2 632.1 475.2 516.2 593.2 721.6 639.5 469.4 92.7 572.7 442.0 638.2 448.3 369.6 641.1 646.2 469.6 68.6 707.0 715.5 289.1 235.8 306.2 566.2 243.7 436.5 631.2 119.1 650.7 142.3 477.9 555.0 111.4 403.1 690.1 64.5 612.7 511.7 669.3 525.5 682.5 660.7 250.9 40.5 475.6 586.7 563.6 382.5 725.4 173.3 549.0 566.2 181.9 589.1 299.5 666.8 422.2 380.2 207.1 535.7 32.7 493.5 491.5 643.2 551.3 502.1 178.9 133.2 416.0 333.7 81.9 612.0 610.3 570.8 117.8 397.5 395.1 648.1 530.1 630.4 247.0 634.8 233.7 501.8 197.3 288.3 387.9 563.9 726.4 223.1
2428.7 630.9 544.7 572.5 73.3 176.9 172.1 707.3 521.6 662.0 456.3 342.7 356.6 284.4 238.5 590.3 326.2 598.4 584.9 236.3 65.8 570.1 626.0 136.2 652.4 654.7 151.0 607.6 340.5 300.9 651.1 270.9 632.1 645.1 400.5 688.2 321.5 0.0 608.3 519.1 677.6 217.8 162.2 120.3 647.6 264.3 704.7 246.6 635.3 577.2 357.9 92.9 567.3 528.0 652.5 636.5 279.1 320.1 257.7 128.1 176.0 717.3 233.2 253.6 662.9 570.6 437.7 490.8 618.9 176.9 576.0 193.5 656.0 629.0 379.0 235.4 343.2 221.3 394.4 251.5 605.0 575.5 332.8 349.0 482.3 700.5 150.3 633.3 123.6 171.2 710.5 493.2 457.1 643.9 713.4 630.8 489.4 327.2 623.4 144.4 667.1 150.7 330.5 582.0 587.1 487.6 327.9 647.9 683.9 228.9 284.3 126.2 507.1 220.1 314.1 666.9 353.6 591.6 322.1 495.9 495.9 205.7 370.2 631.0 345.4 553.6 529.7 633.0 612.4 623.4 604.1 249.0 369.1 493.6 578.0 393.9 184.5 693.8 270.6 599.7 616.9 250.7 530.0 216.8 674.6 349.5 280.9 187.2 330.3 329.8 524.0 418.8 584.1 566.3 296.7 139.6 281.7 226.1 36.1 355.9 603.3 661.0 562.1 278.6 275.1 130.1 637.8 580.8 578.9 234.6 651.1 306.0 588.7 140.4 241.8 123.5 650.8 690.1 292.2
2697.9 302.8 267.3 337.1 640.6 671.4 680.5 254.6 286.2 205.3 263.8 593.5 448.6 743.1 640.7 262.2 665.6 270.6 87.8 687.9 594.5 48.4 208.5 633.2 190.3 192.4 646.1 222.0 443.8 654.5 265.5 716.4 297.9 188.4 511.2 231.5 664.1 635.8 0.0 275.4 259.1 550.6 690.7 532.1 190.9 730.4 257.2 678.3 230.8 249.1 461.2 569.9 61.1 294.4 234.0 179.8 697.9 471.9 585.4 708.9 431.8 260.6 749.5 494.4 177.6 54.3 548.4 255.4 182.7 630.5 171.5 678.7 321.8 379.5 618.2 637.6 642.6 627.1 349.6 744.2 276.9 150.6 435.4 677.4 325.7 243.8 647.3 152.7 687.7 641.5 253.8 288.7 221.7 225.4 256.7 168.5 273.6 612.0 289.2 588.5 210.4 456.6 448.7 39.1 182.6 274.4 645.5 185.8 227.2 719.6 646.8 548.5 271.7 594.4 456.3 210.2 638.4 29.1 625.0 321.9 303.4 719.5 428.2 160.3 632.3 318.2 294.3 176.3 284.3 206.5 129.4 623.3 629.3 280.4 192.4 349.1 638.1 237.1 603.8 271.6 217.9 652.9 78.5 733.1 217.9 483.5 459.3 685.2 433.6 665.4 340.0 529.5 34.4 288.9 400.0 657.0 591.8 446.8 624.9 606.7 141.0 242.5 106.5 648.3 443.8 636.9 181.1 252.7 99.1 583.3 194.4 644.7 260.6 675.4 647.6 673.6 322.7 233.4 653.6
2632.9 225.5 24.5 157.1 493.4 524.2 533.3 311.1 106.2 353.1 100.6 446.3 301.4 595.9 493.5 184.9 518.4 183.0 202.3 540.7 511.4 261.2 220.6 486.0 343.5 272.1 498.9 225.0 360.7 507.3 268.5 569.2 226.7 300.2 433.9 379.3 516.9 520.3 299.4 0.0 272.2 426.4 543.5 416.5 338.7 583.2 308.5 531.1 326.4 171.8 378.1 486.8 257.3 3.9 247.1 236.8 550.7 324.7 438.2 561.7 348.7 337.1 602.3 411.3 317.6 261.7 442.3 181.9 310.0 500.0 267.1 531.5 250.6 213.6 471.0 490.4 495.4 479.9 266.5 597.0 199.6 192.9 288.2 530.2 145.7 391.6 500.1 292.7 540.5 494.3 339.4 108.7 148.2 238.5 366.9 248.2 93.6 464.8 218.0 472.9 283.5 373.5 301.5 273.1 278.2 94.4 498.3 339.0 375.0 572.4 499.6 464.5 198.2 447.2 368.4 276.5 491.2 262.7 477.8 141.9 67.6 572.3 281.0 300.3 485.1 244.7 114.3 324.1 207.0 314.5 269.4 476.1 482.1 100.4 195.4 266.0 507.6 384.9 456.6 194.3 211.5 505.7 221.1 585.9 303.7 354.1 312.1 538.0 350.5 518.2 262.7 423.4 275.2 46.1 316.9 512.8 444.6 363.7 536.1 459.5 219.7 257.3 179.5 501.1 329.4 553.8 293.4 175.4 239.1 436.1 280.1 497.5 183.3 528.2 500.4 522.0 245.4 381.2 506.4
2643.5 206.3 265.8 328.7 595.6 626.4 635.5 207.3 277.8 193.0 325.2 548.5 403.6 698.1 595.7 217.2 620.6 225.6 192.5 642.9 599.1 303.8 83.0 588.2 228.8 162.7 601.1 187.1 490.9 609.5 226.9 671.4 177.5 123.1 536.1 219.2 619.1 622.5 252.3 267.0 0.0 528.6 645.7 518.7 178.6 685.4 209.9 633.3 272.8 204.1 515.1 574.5 299.9 286.0 15.0 59.2 652.9 426.9 540.4 666.6 486.8 213.3 704.5 562.5 216.1 232.8 544.5 310.8 221.2 602.2 216.6 633.7 201.4 334.5 573.2 592.6 597.6 582.1 404.6 699.2 231.9 190.6 390.4 632.4 317.3 231.5 602.3 191.2 642.7 596.5 208.8 280.3 276.7 23.6 233.9 154.3 265.2 567.0 168.8 575.1 145.1 511.6 403.7 217.6 227.7 266.0 600.5 224.3 214.9 674.6 601.8 566.7 326.7 549.4 470.6 138.9 593.4 214.4 580.0 313.5 335.7 674.5 383.2 198.8 587.3 373.2 285.9 164.0 239.3 245.0 167.9 578.3 584.3 272.0 194.8 404.1 609.8 224.8 558.8 188.6 73.9 607.9 263.7 688.1 170.7 456.3 414.3 640.2 487.5 620.4 295.0 525.6 286.8 280.5 455.0 612.0 546.8 501.8 638.3 561.7 160.3 32.1 210.7 603.3 431.6 641.5 115.8 169.7 162.7 538.3 147.1 599.7 215.6 630.4 602.6 624.2 277.7 221.1 608.6
2614.9 482.3 469.8 497.6 280.7 277.6 379.8 505.9 446.7 587.1 381.4 396.5 228.2 447.8 376.5 405.5 354.1 417.7 510.0 444.0 162.6 495.2 477.4 273.3 577.5 579.8 269.0 532.7 212.1 457.5 576.2 478.6 483.5 570.2 272.1 613.3 438.7 248.0 533.4 444.2 529.0 0.0 369.9 99.5 572.7 472.0 503.3 414.1 560.4 392.4 229.5 138.0 492.4 453.1 503.9 561.6 438.9 191.7 285.6 335.8 229.6 531.9 355.7 143.3 588.0 495.7 309.3 415.9 544.0 130.5 501.1 394.3 507.4 554.1 421.2 373.4 417.2 249.2 319.5 459.2 424.0 500.6 204.4 480.4 407.4 625.6 287.4 558.4 331.3 152.2 534.2 418.3 382.2 495.3 638.5 555.9 412.5 415.0 474.8 155.9 592.2 250.0 202.1 507.1 512.2 412.7 448.5 573.0 609.0 325.8 382.6 134.1 432.2 285.7 185.7 592.0 441.4 516.7 350.0 421.0 421.0 413.4 241.8 556.1 373.3 478.7 454.8 558.1 427.6 548.5 529.2 314.6 397.0 418.7 503.1 319.0 138.1 618.9 298.5 451.1 468.3 388.7 455.1 339.3 599.7 221.1 152.5 393.3 201.9 468.4 395.6 290.4 509.2 491.4 168.3 347.3 309.6 147.3 193.0 409.7 528.4 512.4 487.2 389.3 146.7 205.0 562.9 432.2 504.0 262.5 576.2 380.5 403.9 348.1 269.7 258.4 466.0 615.2 320.1
2488.0 606.4 555.9 580.7 159.7 86.4 9.9 630.0 529.8 804.4 598.7 224.8 499.0 166.5 120.6 529.6 234.5 541.8 619.8 118.4 208.2 712.5 601.5 167.1 794.8 689.6 228.9 616.8 483.0 183.0 656.6 153.0 607.6 787.5 550.4 830.6 203.6 162.7 750.7 661.5 653.1 360.2 0.0 262.7 790.0 146.4 627.4 128.7 777.7 516.5 500.4 235.3 709.7 670.4 628.0 617.7 161.2 462.5 166.0 24.3 318.4 656.0 142.7 408.4 805.3 713.0 587.6 633.2 761.3 312.0 718.4 65.3 631.5 637.2 225.0 117.5 225.3 188.5 536.8 133.6 548.1 610.4 475.2 231.1 490.5 842.9 181.2 775.7 108.5 306.3 658.3 501.4 599.5 619.4 747.8 665.7 497.8 209.3 598.9 286.8 664.4 293.1 472.9 724.4 729.5 495.8 210.0 790.3 826.3 138.4 193.8 243.3 649.5 221.1 456.5 657.4 235.7 734.0 168.1 504.1 638.3 87.8 512.6 773.4 191.4 696.0 537.9 775.4 551.7 765.8 746.5 228.3 244.2 501.8 612.9 536.3 319.6 836.2 178.9 575.2 592.4 132.8 672.4 126.3 693.0 491.9 423.3 71.8 472.8 211.9 519.7 568.7 726.5 577.5 439.2 67.1 127.7 353.1 178.5 238.0 638.2 636.5 597.0 160.7 417.5 272.5 780.2 556.3 721.3 184.1 661.0 215.5 528.0 67.9 184.4 265.9 590.1 832.5 200.5
2510.8 490.3 477.8 505.6 179.7 215.3 278.5 513.9 454.7 595.1 389.4 394.5 236.2 390.8 314.2 413.5 291.8 425.7 518.0 342.7 102.4 503.2 485.4 211.0 585.5 587.8 206.7 540.7 220.1 398.9 584.2 377.3 491.5 578.2 280.1 621.3 376.4 146.7 541.4 452.2 537.0 97.4 268.6 0.0 580.7 370.7 511.3 351.8 568.4 400.4 237.5 93.7 500.4 461.1 511.9 569.6 376.6 199.7 223.3 234.5 175.7 539.9 293.4 133.2 596.0 503.7 317.3 423.9 552.0 160.5 509.1 299.9 515.4 562.1 344.6 311.1 354.9 186.9 327.5 357.9 432.0 508.6 212.4 427.8 415.4 633.6 225.1 566.4 230.0 154.8 542.2 426.3 390.2 503.3 646.5 563.9 420.5 413.0 482.8 56.3 600.2 150.4 210.1 515.1 520.2 420.7 446.5 581.0 617.0 263.5 320.3 72.3 440.2 223.4 193.7 600.0 439.4 524.7 287.7 429.0 429.0 312.1 249.8 564.1 311.0 486.7 462.8 566.1 435.6 556.5 537.2 252.3 334.7 426.7 511.1 327.0 168.1 626.9 236.2 459.1 476.3 326.4 463.1 277.0 607.7 229.1 160.5 293.6 209.9 413.4 403.6 298.4 517.2 499.4 176.3 246.0 247.3 105.7 109.9 403.0 536.4 520.4 495.2 327.0 154.7 160.7 570.9 440.2 512.0 200.2 584.2 318.2 411.9 246.8 207.4 187.0 474.0 623.2 257.8
2632.0 267.7 320.3 390.1 657.0 687.8 696.9 153.0 339.2 29.5 311.1 609.9 465.0 759.5 657.1 278.6 682.0 287.0 145.7 704.3 641.8 236.3 181.4 649.6 175.0 181.6 662.5 248.5 491.1 670.9 288.3 732.8 238.9 142.3 558.5 55.7 680.5 683.9 198.5 328.4 213.0 590.0 707.1 579.4 0.0 746.8 155.6 694.7 219.0 265.5 508.5 617.2 230.1 347.4 187.9 133.7 714.3 488.3 601.8 725.3 479.1 159.0 765.9 541.7 162.3 179.0 595.7 302.7 167.4 663.6 162.8 695.1 262.8 395.9 634.6 654.0 659.0 643.5 396.9 760.6 293.3 208.5 451.8 693.8 378.7 114.0 663.7 137.4 704.1 657.9 152.2 341.7 269.0 179.3 118.4 203.2 328.8 628.4 230.2 635.8 164.3 503.9 465.1 163.8 173.9 327.4 661.9 170.5 97.4 736.0 663.2 595.8 319.0 610.8 503.6 164.1 654.8 158.9 641.4 374.9 350.7 735.9 444.6 145.0 648.7 365.5 347.3 23.8 300.7 191.2 114.1 639.7 645.7 333.4 250.3 396.4 671.2 107.3 620.2 250.0 172.3 669.3 192.8 749.5 116.3 517.7 475.7 701.6 480.9 681.8 330.5 576.8 233.0 341.9 447.3 673.4 608.2 494.1 672.2 623.1 198.9 196.4 164.4 664.7 491.1 684.2 135.0 231.1 108.9 599.7 60.5 661.1 277.0 691.8 664.0 690.0 339.1 103.6 670.0
2598.5 632.9 582.4 607.2 249.3 194.0 136.8 656.5 556.3 751.0 568.1 207.9 422.2 20.0 92.2 556.1 248.0 568.3 646.3 48.7 297.8 681.9 628.0 256.7 764.2 716.1 318.5 643.3 572.5 113.3 683.1 89.9 634.1 698.0 525.9 777.2 126.1 252.3 720.1 590.5 679.6 449.8 147.0 352.3 736.6 0.0 653.9 111.4 747.1 543.0 589.9 324.9 679.1 609.5 654.5 644.2 161.5 445.5 167.8 165.2 408.0 682.5 250.3 485.6 761.6 682.4 563.1 602.6 730.7 408.9 687.8 135.0 658.0 663.7 251.5 117.8 152.0 296.1 626.4 70.5 574.6 636.9 424.6 159.5 517.0 784.8 270.8 736.7 198.1 403.2 684.8 527.9 568.9 645.9 774.3 692.2 522.1 139.6 625.4 376.4 690.9 382.7 422.3 693.8 698.9 522.3 140.3 759.7 768.2 246.0 170.1 319.1 618.9 256.6 546.1 683.9 166.0 703.4 194.6 530.6 607.7 45.8 455.8 742.8 152.5 665.4 564.4 722.0 578.2 735.2 713.4 263.8 170.9 528.3 639.4 625.9 416.5 778.1 186.2 601.7 618.9 108.1 641.8 233.9 719.5 474.9 432.9 141.5 562.3 145.1 546.2 544.2 695.9 604.0 528.7 113.3 154.2 458.1 268.1 212.3 664.7 663.0 623.5 127.7 507.1 362.1 700.8 582.8 683.1 259.9 687.5 168.0 554.5 131.7 292.0 355.5 616.6 779.1 236.0
2518.0 219.2 271.8 341.6 561.9 592.7 601.8 2.5 290.7 144.7 338.9 514.8 369.9 664.4 562.0 224.1 586.9 238.5 197.6 609.2 565.4 288.2 136.3 554.5 226.9 198.5 567.4 200.0 457.2 575.8 239.8 637.7 190.4 159.2 473.6 170.9 585.4 588.8 250.4 279.9 187.9 494.9 612.0 485.0 156.3 651.7 0.0 599.6 270.9 224.6 481.4 540.8 282.0 298.9 162.8 152.5 619.2 393.2 506.7 630.2 469.8 62.2 670.8 528.8 214.2 230.9 510.8 323.3 219.3 568.5 214.7 600.0 214.3 347.4 539.5 558.9 563.9 548.4 387.6 665.5 244.8 238.9 356.7 598.7 287.8 172.3 568.6 189.3 609.0 562.8 30.8 298.7 289.6 154.2 161.8 207.6 292.9 533.3 181.7 541.4 181.2 494.6 370.0 215.7 225.8 293.1 566.8 222.4 155.7 640.9 568.1 533.0 339.6 515.7 436.9 192.2 559.7 210.8 546.3 301.4 348.6 640.8 349.5 196.9 553.6 386.1 298.8 145.0 253.5 243.1 166.0 544.6 550.6 299.1 207.7 387.1 576.1 165.6 525.1 201.5 127.2 574.2 244.7 654.4 67.3 422.6 380.6 606.5 453.8 586.7 174.8 491.9 284.9 293.4 443.2 578.3 513.1 484.8 604.6 528.0 212.6 171.3 216.3 569.6 397.9 607.8 151.9 182.6 160.8 504.6 75.0 566.0 236.1 596.7 568.9 594.9 291.9 185.7 574.9
2551.5 566.2 515.7 540.5 223.2 166.9 110.7 589.8 489.6 684.3 501.4 184.6 355.5 151.7 80.4 489.4 181.3 501.6 579.6 114.4 271.7 615.2 561.3 230.6 697.5 649.4 292.4 576.6 442.8 179.0 616.4 38.0 567.4 631.3 459.2 710.5 216.6 226.2 653.4 523.8 612.9 371.9 120.9 326.2 669.9 161.5 587.2 0.0 680.4 476.3 509.5 274.3 612.4 542.8 587.8 577.5 121.0 378.8 101.1 139.1 381.9 615.8 224.2 417.5 694.9 615.7 496.4 535.9 664.0 321.1 621.1 108.9 591.3 597.0 184.8 77.3 195.1 214.0 550.1 50.4 507.9 570.2 357.9 227.1 450.3 718.1 244.7 670.0 172.0 315.4 618.1 461.2 502.2 579.2 707.6 625.5 457.6 203.1 558.7 350.3 624.2 356.6 355.6 627.1 632.2 455.6 206.0 693.0 701.5 200.9 106.5 252.4 552.2 189.9 422.5 617.2 229.5 636.7 127.9 463.9 541.0 84.9 389.1 676.1 151.2 598.7 497.7 655.3 511.5 668.5 646.7 197.1 174.9 461.6 572.7 549.6 328.7 711.4 119.5 535.0 552.2 92.6 575.1 207.8 652.8 408.2 366.2 115.4 481.9 207.9 479.5 477.5 629.2 537.3 448.3 87.2 87.5 362.2 242.0 197.8 598.0 596.3 556.8 120.5 383.5 336.0 634.1 516.1 616.4 193.2 620.8 104.4 487.8 105.6 246.9 329.4 549.9 712.4 169.3
2704.0 332.8 326.6 396.4 699.9 725.5 739.8 260.7 345.5 211.4 297.8 652.8 507.9 802.4 700.0 321.5 724.9 329.9 147.1 747.2 628.5 237.7 233.6 692.5 116.2 233.8 705.4 281.3 477.8 713.8 324.8 775.7 304.0 194.5 545.2 237.6 723.4 669.8 199.9 334.7 265.2 584.6 750.0 566.1 197.0 789.7 263.3 737.6 0.0 308.4 495.2 603.9 216.8 353.7 240.1 185.9 757.2 497.7 644.7 757.6 465.8 266.7 803.6 528.4 126.7 180.4 582.4 289.4 37.1 664.5 81.0 738.0 327.9 438.8 677.5 696.9 701.9 697.1 383.6 803.5 336.2 209.9 494.7 736.7 385.0 249.9 706.6 97.1 753.1 663.0 259.9 348.0 255.7 231.5 262.8 227.8 332.9 671.3 295.3 622.5 216.5 490.6 508.0 165.2 46.6 333.7 704.8 111.7 233.3 773.7 706.1 582.5 305.7 653.7 490.3 216.3 697.7 160.3 684.3 381.2 337.4 778.8 487.5 49.2 691.6 352.2 353.6 182.4 343.6 87.2 109.9 682.6 688.6 339.7 251.7 383.1 672.1 243.2 663.1 315.1 224.5 712.2 179.5 787.2 224.0 517.5 518.6 744.5 467.6 724.7 378.8 563.5 234.4 348.2 434.0 716.3 651.1 480.8 658.9 666.0 200.3 248.6 165.8 707.6 477.8 670.9 187.2 296.2 110.3 642.6 200.5 704.0 319.9 734.7 717.6 697.2 382.0 239.5 712.9
2539.5 150.4 171.5 241.3 472.0 502.8 511.9 236.0 190.4 268.5 237.8 424.9 280.0 574.5 472.1 30.4 497.0 102.0 163.8 519.3 475.5 216.4 145.5 464.6 291.8 233.6 477.5 160.8 367.3 485.9 200.6 547.8 151.6 215.5 383.7 294.7 495.5 498.9 254.6 179.6 197.1 405.0 522.1 395.1 254.1 561.8 233.4 509.7 281.6 0.0 391.5 450.9 213.6 198.6 172.0 161.7 529.3 303.3 416.8 540.3 379.9 262.0 580.9 438.9 279.1 216.9 420.9 223.0 265.2 478.6 222.3 510.1 175.5 210.9 449.6 469.0 474.0 458.5 297.7 575.6 108.3 154.4 266.8 508.8 197.9 302.3 478.7 254.2 519.1 472.9 264.3 192.9 189.3 163.4 291.8 209.7 177.8 443.4 142.9 451.5 208.4 404.7 280.1 227.4 233.4 178.6 476.9 287.3 285.7 551.0 478.2 443.1 239.3 425.8 347.0 201.4 469.8 222.5 456.4 211.5 248.3 550.9 259.6 261.8 463.7 285.8 198.5 239.5 52.5 269.7 230.9 454.7 460.7 184.6 156.9 297.2 486.2 295.6 435.2 119.2 136.4 484.3 176.3 564.5 228.5 332.7 290.7 516.6 363.9 496.8 108.2 402.0 230.4 193.1 353.3 488.4 423.2 394.9 514.7 438.1 182.2 180.5 141.0 479.7 308.0 517.9 218.3 100.3 200.6 414.7 205.0 476.1 11.4 506.8 479.0 505.0 90.9 296.6 485.0
2655.6 448.5 362.3 390.1 367.5 384.5 487.6 528.9 339.2 479.6 273.9 399.2 230.9 548.8 446.4 407.9 400.9 416.0 402.5 493.6 287.5 387.7 443.6 360.1 470.0 472.3 373.0 425.2 59.2 460.2 468.7 522.1 449.7 462.7 126.6 505.8 469.8 394.4 425.9 336.7 495.2 229.9 477.7 220.0 465.2 536.1 531.5 484.0 452.9 394.8 0.0 262.9 384.9 345.6 470.1 454.1 503.6 79.1 391.1 443.6 231.2 534.9 462.6 157.2 480.5 388.2 163.8 308.4 436.5 285.5 393.6 484.4 473.6 446.6 423.9 443.3 448.3 356.1 212.0 549.9 422.6 393.1 207.1 483.1 299.9 518.1 374.2 450.9 414.6 279.8 528.1 310.8 274.7 461.5 531.0 448.4 305.0 417.7 441.0 276.4 484.7 256.0 204.8 399.6 404.7 305.2 451.2 465.5 501.5 432.7 452.5 241.5 324.7 321.3 87.1 484.5 444.1 409.2 430.7 313.5 313.5 525.2 244.5 448.6 438.0 371.2 347.3 450.6 430.0 441.0 421.7 350.2 435.0 311.2 395.6 211.5 293.1 511.4 409.5 417.3 434.5 458.6 347.6 446.2 492.2 98.9 161.8 490.9 18.8 471.1 381.7 144.9 401.7 383.9 42.9 430.6 416.5 151.3 317.9 412.4 420.9 478.6 379.7 454.0 74.6 329.9 455.4 398.4 396.5 310.2 468.7 450.4 406.3 431.4 376.6 356.2 468.4 507.7 380.0
2494.0 545.6 520.6 548.4 159.8 156.7 241.7 569.2 497.5 637.9 432.2 335.9 291.5 326.9 255.6 468.8 233.2 481.0 560.8 305.9 24.5 546.0 540.7 152.4 628.3 630.6 147.8 583.5 272.9 340.3 627.0 340.5 546.8 621.0 340.3 664.1 317.8 109.9 584.2 495.0 592.3 137.0 231.8 135.7 623.5 333.9 566.6 293.2 611.2 455.7 290.3 0.0 543.2 503.9 567.2 612.4 318.0 255.0 164.7 197.7 223.8 595.2 234.8 198.3 638.8 546.5 377.5 466.7 594.8 83.9 551.9 273.4 570.7 604.9 286.0 252.5 296.3 128.3 370.3 321.1 487.3 551.4 267.7 369.2 458.2 676.4 166.5 609.2 193.2 78.2 597.5 469.1 433.0 558.6 689.3 606.7 465.3 354.4 538.1 171.0 643.0 198.5 265.4 557.9 563.0 463.5 387.9 623.8 659.8 204.9 261.7 33.2 483.0 164.8 261.2 642.8 380.8 567.5 229.1 471.8 471.8 275.3 305.1 606.9 252.4 529.5 505.6 608.9 490.9 599.3 580.0 193.7 276.1 469.5 553.9 369.8 91.5 669.7 177.6 514.4 531.6 267.8 505.9 218.4 650.5 284.4 215.8 256.8 262.7 354.8 458.9 358.6 560.0 542.2 229.1 209.2 188.7 143.0 54.9 344.4 579.2 575.7 538.0 268.4 222.2 66.9 613.7 495.5 554.8 141.6 627.0 259.6 467.2 210.0 148.8 120.3 529.3 666.0 199.2
2688.9 268.4 239.8 302.7 592.4 630.3 632.3 245.6 251.8 196.3 202.6 545.3 400.4 694.9 592.5 227.8 617.4 236.2 137.4 639.7 533.3 82.3 218.5 585.0 186.7 218.1 597.3 271.6 382.6 606.3 314.5 668.2 288.9 179.4 478.8 222.5 615.9 574.6 72.4 240.4 249.5 489.4 642.5 470.9 181.9 682.2 248.2 630.1 169.6 214.7 400.0 508.7 0.0 260.0 225.0 170.8 649.7 402.5 536.6 665.9 370.6 251.6 707.8 433.2 197.2 82.8 486.6 194.6 153.2 569.3 110.3 630.5 312.8 344.5 570.0 589.4 594.4 601.9 288.4 696.0 242.5 200.2 387.2 629.2 291.3 234.8 599.1 167.6 657.9 567.8 247.1 254.3 160.5 216.4 247.7 218.1 237.3 563.8 280.2 527.3 200.8 394.8 400.5 94.2 121.4 239.4 597.3 181.6 218.2 678.5 598.6 486.7 210.5 546.2 394.5 201.2 590.2 99.9 576.8 287.5 242.2 671.3 380.0 165.3 584.1 257.0 259.9 167.3 249.9 157.7 138.4 575.1 581.1 246.0 242.0 287.9 576.9 228.1 555.6 236.6 209.4 604.7 42.2 692.0 209.0 422.3 411.1 637.0 372.4 617.2 305.6 468.3 84.3 254.5 338.8 611.8 543.6 385.6 563.7 557.9 189.6 235.2 156.1 600.1 382.6 575.7 172.1 218.3 113.2 535.1 185.4 596.5 225.6 627.2 622.4 606.4 288.3 224.4 604.8
2642.1 234.7 33.7 166.3 502.6 533.4 542.5 320.3 115.4 352.8 119.7 455.5 310.6 605.1 502.7 194.1 527.6 192.2 211.5 549.9 520.6 264.1 229.8 495.2 339.5 281.3 508.1 234.2 369.9 516.5 277.7 578.4 235.9 309.4 414.3 379.0 526.1 529.5 302.3 4.1 281.4 435.6 552.7 425.7 338.4 592.4 317.7 540.3 329.3 181.0 387.3 496.0 261.3 0.0 256.3 246.0 559.9 333.9 447.4 570.9 357.9 346.3 611.5 420.5 326.8 264.6 451.5 201.0 312.9 509.2 270.0 540.7 259.8 222.8 480.2 499.6 504.6 489.1 275.7 606.2 208.8 202.1 297.4 539.4 154.9 386.6 509.3 301.9 549.7 503.5 348.6 117.9 167.3 247.7 376.1 257.4 105.0 474.0 227.2 482.1 292.7 382.7 310.7 275.1 281.1 103.6 507.5 335.0 370.0 581.6 508.8 473.7 217.3 456.4 377.6 285.7 500.4 270.2 487.0 151.1 86.7 581.5 290.2 309.5 494.3 263.8 123.5 323.8 216.2 317.4 278.6 485.3 491.3 109.6 204.6 275.2 516.8 379.9 465.8 203.5 220.7 514.9 224.0 595.1 312.8 363.3 321.3 547.2 359.7 527.4 271.9 432.6 278.1 55.3 326.1 519.0 453.8 372.9 545.3 468.7 229.9 264.8 188.7 510.3 338.6 563.0 302.6 184.6 248.3 445.3 289.3 506.7 192.5 537.4 509.6 535.6 254.6 380.9 515.6
2628.4 191.2 243.8 313.6 580.5 611.3 620.4 192.2 262.7 177.9 310.1 533.4 388.5 683.0 580.6 202.1 605.5 210.5 177.4 627.8 584.0 288.7 67.9 573.1 213.7 147.3 586.0 172.0 475.8 594.4 211.8 656.3 162.4 108.0 492.2 204.1 604.0 607.4 237.2 251.9 25.0 513.5 630.6 503.6 163.5 670.3 194.8 618.2 257.7 189.0 500.0 559.4 285.9 270.9 0.0 44.1 637.8 411.8 525.3 648.8 471.7 198.2 689.4 547.4 201.0 217.7 529.4 295.3 206.1 587.1 201.5 618.6 186.3 319.4 558.1 577.5 582.5 567.0 389.5 684.1 216.8 175.5 375.3 617.3 302.2 216.4 587.2 176.1 627.6 581.4 191.4 265.2 261.6 8.5 218.8 139.2 250.1 551.9 153.7 560.0 130.0 496.5 388.6 202.5 212.6 250.9 585.4 209.2 199.8 659.5 586.7 551.6 311.6 534.3 455.5 123.8 578.3 197.6 564.9 298.4 320.6 659.4 368.1 183.7 572.2 358.1 270.8 148.9 224.2 229.9 152.8 563.2 569.2 256.9 179.7 389.0 594.7 209.7 543.7 173.5 58.8 592.8 248.6 673.0 155.5 441.2 399.2 625.1 472.4 605.3 279.9 510.5 271.7 265.4 439.9 596.9 531.7 486.7 623.2 546.6 144.2 8.4 195.6 588.2 416.5 626.4 100.7 154.6 147.6 523.2 132.0 584.6 200.5 615.3 587.5 613.5 262.6 206.0 593.5
2591.3 170.9 223.5 293.3 560.2 591.0 600.1 148.0 242.4 133.7 289.8 513.1 368.2 662.7 560.3 181.8 585.2 190.2 157.1 607.5 563.7 230.8 47.6 552.8 169.5 103.1 565.7 151.7 455.5 574.1 191.5 636.0 142.1 63.8 471.9 159.9 583.7 587.1 193.0 231.6 79.2 493.2 610.3 483.3 119.3 650.0 150.6 597.9 213.5 168.7 479.7 539.1 265.6 250.6 54.1 0.0 617.5 391.5 505.0 628.5 451.4 154.0 669.1 527.1 156.8 173.5 509.1 275.0 161.9 566.8 157.3 598.3 166.0 299.1 537.8 557.2 562.2 546.7 369.2 663.8 196.5 155.2 355.0 597.0 281.9 172.2 566.9 131.9 607.3 561.1 147.2 244.9 241.3 45.5 174.6 118.9 232.0 531.6 133.4 539.7 85.8 476.2 368.3 158.3 168.4 230.6 565.1 165.0 155.6 639.2 566.4 531.3 291.3 514.0 435.2 85.6 558.0 153.4 544.6 278.1 300.3 639.1 347.8 139.5 551.9 337.8 250.5 104.7 203.9 185.7 108.6 542.9 548.9 236.6 159.4 368.7 574.4 165.5 523.4 153.2 38.5 572.5 228.3 652.7 111.3 420.9 378.9 604.8 452.1 585.0 266.1 490.2 227.5 245.1 419.6 576.6 511.4 466.4 602.9 526.3 123.9 62.6 175.3 567.9 396.2 606.1 56.5 134.3 103.4 502.9 87.8 564.3 180.2 595.0 567.2 593.2 242.3 161.8 573.2
2673.3 577.5 527.0 551.8 264.0 160.2 151.5 601.1 500.9 695.6 512.7 195.9 366.8 141.9 70.6 500.7 192.6 512.9 590.9 200.5 312.5 626.5 572.6 271.4 708.8 660.7 316.1 587.9 454.1 191.1 627.7 241.7 578.7 642.6 470.5 721.8 168.6 267.0 664.7 535.1 624.2 383.2 161.7 343.7 681.2 151.7 598.5 149.3 691.7 487.6 520.8 285.6 623.7 554.1 599.1 588.8 0.0 390.1 112.4 223.1 422.7 627.1 242.1 428.8 706.2 627.0 507.7 547.2 675.3 332.4 632.4 149.7 602.6 608.3 196.1 35.0 147.1 244.3 561.4 222.3 519.2 581.5 369.2 220.0 461.6 729.4 285.5 681.3 212.8 326.7 629.4 472.5 513.5 590.5 718.9 636.8 466.7 214.4 570.0 391.1 635.5 397.4 366.9 638.4 643.5 466.9 241.5 704.3 712.8 194.2 99.8 263.7 563.5 201.2 433.8 628.5 240.8 648.0 139.2 475.2 552.3 197.6 400.4 687.4 103.2 610.0 509.0 666.6 522.8 679.8 658.0 208.4 126.9 472.9 584.0 560.9 340.0 722.7 130.8 546.3 563.5 82.8 586.4 225.7 664.1 419.5 377.5 156.2 493.2 205.6 490.8 488.8 640.5 548.6 459.6 128.0 98.8 373.5 282.8 195.2 609.3 607.6 568.1 50.9 394.8 352.6 645.4 527.4 627.7 204.5 632.1 97.7 499.1 146.4 240.2 345.4 561.2 723.7 180.6
2686.7 480.0 393.8 421.6 352.5 364.4 407.0 429.4 370.7 511.1 305.4 320.0 151.7 469.6 367.2 329.0 392.1 341.2 434.0 414.4 267.4 419.2 475.1 345.1 501.5 503.8 355.8 456.7 63.9 381.0 500.2 442.9 481.2 494.2 80.3 537.3 390.6 333.8 457.4 368.2 526.7 196.9 417.2 187.0 496.7 456.9 426.8 404.8 484.4 315.9 88.1 242.8 416.4 377.1 501.6 485.6 424.4 0.0 311.9 421.6 262.7 455.4 442.5 188.7 512.0 419.7 117.5 339.9 468.0 270.5 425.1 405.2 505.1 478.1 344.7 364.1 369.1 336.0 243.5 470.7 347.5 424.6 127.9 403.9 331.4 549.6 359.2 482.4 417.1 264.8 457.7 342.3 306.2 493.0 562.5 479.9 336.5 338.5 472.5 243.4 516.2 287.5 125.6 431.1 436.2 336.7 372.0 497.0 533.0 412.6 373.3 221.4 356.2 306.3 116.2 516.0 364.9 440.7 351.5 345.0 345.0 446.0 165.3 480.1 358.8 402.7 378.8 482.1 351.1 472.5 453.2 335.2 355.8 342.7 427.1 243.0 278.1 542.9 330.3 448.8 466.0 379.4 379.1 426.1 523.7 52.6 82.6 411.7 60.5 391.9 319.1 98.6 433.2 415.4 74.4 383.5 318.3 182.8 297.0 333.2 452.4 510.1 411.2 374.8 77.2 309.8 486.9 429.9 428.0 295.2 500.2 371.2 327.4 401.9 356.5 336.1 389.5 539.2 380.1
2532.3 520.6 477.0 494.9 198.1 85.9 130.6 544.2 444.0 755.9 550.2 171.1 409.5 162.1 90.8 443.8 80.1 456.0 534.0 158.7 197.7 664.0 515.7 250.5 746.3 603.8 203.6 531.0 390.9 175.5 570.8 166.5 521.8 585.7 458.3 782.1 153.0 246.1 702.2 478.2 567.3 270.7 140.8 231.2 741.5 171.9 541.6 128.4 729.2 430.7 408.3 173.1 660.1 497.2 542.2 531.9 153.2 373.0 0.0 145.0 343.3 570.2 164.0 316.3 756.8 664.5 495.5 584.7 712.8 219.9 669.9 128.8 545.7 551.4 121.2 87.7 131.5 112.8 488.3 178.9 462.3 524.6 385.7 204.4 404.7 672.5 264.6 727.2 191.9 214.2 572.5 415.6 551.0 533.6 662.0 579.9 409.8 189.6 513.1 287.6 578.6 376.5 383.4 675.9 681.0 410.0 223.1 741.8 655.9 134.1 96.9 151.2 601.0 88.7 367.0 571.6 216.0 687.2 64.3 418.3 589.8 128.1 423.1 724.9 87.6 647.5 452.1 726.9 465.9 717.3 698.0 95.9 111.3 416.0 527.1 487.8 227.5 665.8 18.3 489.4 506.6 103.0 623.9 147.6 607.1 402.4 333.8 135.3 380.7 190.0 433.9 476.6 678.0 491.7 347.1 107.1 23.9 261.0 228.1 179.6 552.4 552.4 511.2 103.6 328.0 240.1 588.5 470.5 672.8 92.0 575.2 94.8 442.2 125.5 133.3 232.9 504.3 784.0 68.1
2463.6 625.6 582.0 599.9 135.3 62.0 43.9 649.2 552.5 780.0 574.3 245.8 474.6 187.5 141.6 548.8 210.1 561.0 639.0 139.4 183.8 688.1 620.7 142.7 770.4 712.3 208.0 636.0 458.6 204.0 675.8 174.0 626.8 763.1 554.8 806.2 224.6 138.3 726.3 640.6 672.3 335.8 34.0 238.3 765.6 167.4 646.6 149.7 753.3 535.7 476.0 210.9 684.2 646.0 647.2 636.9 182.2 438.1 145.1 0.0 297.5 675.2 121.8 384.0 780.9 688.6 563.2 609.2 736.9 287.6 694.0 99.4 650.7 656.4 262.9 138.5 246.3 164.1 512.4 154.6 567.3 629.6 450.8 252.1 509.7 818.5 156.8 751.3 84.1 281.9 679.8 520.6 578.6 638.6 831.4 684.9 520.5 230.3 618.1 262.4 683.6 272.2 448.5 700.0 705.1 515.0 231.0 769.4 801.9 114.0 169.4 218.9 625.1 196.7 432.1 676.6 256.7 711.3 206.0 523.3 613.9 108.8 488.2 749.0 229.3 671.6 557.1 751.0 570.9 741.4 722.1 203.9 253.0 521.0 632.1 511.9 295.2 811.8 154.5 594.4 611.6 153.8 648.0 101.9 712.1 467.5 398.9 90.3 448.4 232.9 538.9 544.3 702.1 596.7 418.3 39.5 165.6 328.7 154.1 259.0 656.4 657.4 616.2 181.7 393.1 248.1 755.8 575.5 696.9 159.7 680.2 191.1 547.2 43.5 160.0 245.9 609.3 808.1 176.1
2424.3 454.8 368.6 396.4 236.9 313.0 335.7 535.2 345.5 485.9 280.2 492.2 351.9 448.0 411.9 414.2 389.5 422.3 408.8 399.9 216.0 394.0 449.9 299.8 476.3 478.6 304.4 431.5 229.5 464.5 475.0 434.5 456.0 469.0 296.9 512.1 474.1 203.9 432.2 343.0 501.5 213.1 325.8 153.6 471.5 427.9 537.8 410.2 459.2 401.1 246.9 191.4 390.1 351.9 476.4 460.4 474.3 249.4 321.0 291.7 0.0 541.2 391.1 155.1 486.8 394.5 334.1 314.7 442.8 258.2 399.9 357.1 479.9 452.9 442.3 408.8 452.6 284.6 218.3 415.1 428.9 399.4 328.1 525.5 306.2 524.4 313.9 457.2 287.2 252.5 536.7 317.1 281.0 467.8 537.3 454.7 313.3 490.8 447.3 210.0 491.0 24.7 325.8 405.9 411.0 311.5 491.5 471.8 507.8 361.2 418.0 170.0 331.0 321.1 242.0 490.8 472.5 417.2 385.4 319.8 319.8 369.3 365.5 454.9 408.7 377.5 353.6 456.9 436.3 447.3 428.0 350.0 432.4 317.5 401.9 217.8 265.8 517.7 333.9 423.6 440.8 424.1 353.9 374.7 498.5 269.2 276.2 350.8 219.3 511.1 388.0 315.2 408.0 390.2 185.7 300.0 345.0 68.3 197.9 500.7 426.2 484.9 386.0 424.7 229.5 258.4 461.7 404.7 402.8 297.9 475.0 415.9 412.6 304.0 305.1 289.1 474.7 514.0 355.5
2548.2 249.4 302.0 371.8 592.1 622.9 632.0 46.4 320.9 141.1 369.1 545.0 400.1 694.6 592.2 254.3 617.1 268.7 194.0 639.4 595.6 284.6 166.5 584.7 223.3 194.9 597.6 230.2 487.4 606.0 270.0 667.9 220.6 155.6 503.8 167.3 615.6 619.0 246.8 310.1 218.1 525.1 642.2 515.2 152.7 681.9 43.8 629.8 267.3 254.8 511.6 571.0 278.4 329.1 193.0 147.0 649.4 423.4 536.9 660.4 500.0 0.0 701.0 559.0 210.6 227.3 541.0 351.0 215.7 598.7 211.1 630.2 244.5 377.6 569.7 589.1 594.1 578.6 417.8 695.7 275.0 269.1 386.9 628.9 318.0 168.7 598.8 185.7 639.2 593.0 74.7 328.9 317.3 184.4 158.2 216.5 323.1 563.5 211.9 571.6 177.6 524.8 400.2 212.1 222.2 323.3 597.0 218.8 152.1 671.1 598.3 563.2 367.3 545.9 467.1 177.4 589.9 207.2 576.5 331.6 378.8 671.0 379.7 193.3 583.8 413.8 329.0 141.4 283.7 239.5 162.4 574.8 580.8 329.3 237.9 417.3 606.3 162.0 555.3 231.7 157.4 604.4 241.1 684.6 36.9 452.8 410.8 636.7 484.0 616.9 205.0 522.1 281.3 323.6 473.4 608.5 543.3 515.0 634.8 558.2 242.8 201.5 212.7 599.8 428.1 638.0 148.3 212.8 157.2 534.8 71.4 596.2 266.3 626.9 599.1 625.1 322.1 182.1 605.1
2537.3 669.0 625.4 643.3 209.0 89.6 150.9 692.6 592.4 853.7 648.0 340.4 504.8 292.1 220.8 592.2 237.7 604.4 682.4 233.1 257.5 761.8 664.1 216.4 844.1 752.2 278.2 679.4 486.2 297.7 719.2 267.7 670.2 836.8 553.6 879.9 322.3 212.0 800.0 710.8 715.7 366.0 141.0 312.0 839.3 261.1 690.0 243.4 827.0 579.1 503.6 284.6 757.9 719.7 690.6 680.3 261.4 468.3 169.2 106.9 367.7 718.6 0.0 411.6 854.6 762.3 590.8 682.9 810.6 315.2 767.7 164.5 694.1 699.8 290.5 217.7 300.8 191.7 586.1 248.3 610.7 673.0 481.0 345.8 553.1 892.2 230.5 825.0 157.8 309.5 720.9 564.0 648.8 682.0 905.1 728.3 560.4 324.0 661.5 336.1 727.0 342.4 478.7 773.7 778.8 558.4 324.7 839.6 875.6 141.6 197.0 246.5 698.8 224.3 462.3 720.0 350.4 785.0 233.6 566.7 687.6 202.5 518.4 822.7 256.9 745.3 600.5 824.7 614.3 815.1 795.8 231.5 280.6 564.4 675.5 585.6 322.8 885.5 182.1 637.8 655.0 233.0 721.7 75.9 755.6 497.7 429.1 163.5 476.0 326.6 582.3 571.9 775.8 640.1 442.4 136.4 193.2 356.3 227.8 348.9 699.8 699.1 659.6 260.9 423.3 321.8 829.5 618.9 770.6 187.3 723.6 218.7 590.6 136.1 187.6 315.2 652.7 881.8 203.7
2587.5 543.2 457.0 484.8 317.1 314.0 417.1 623.6 433.9 574.3 368.6 479.0 310.7 484.2 412.9 502.6 390.5 510.7 497.2 486.7 217.0 482.4 538.3 309.7 564.7 567.0 305.4 519.9 181.3 497.6 563.4 488.6 544.4 557.4 248.7 600.5 475.1 290.7 520.6 431.4 589.9 171.9 407.2 143.9 559.9 514.7 626.2 450.5 547.6 489.5 198.7 192.4 479.6 440.3 564.8 548.8 475.3 201.2 322.0 373.1 163.1 629.6 392.1 0.0 575.2 482.9 285.9 403.1 531.2 251.8 488.3 430.7 568.3 541.3 443.3 409.8 453.6 285.6 306.7 501.9 517.3 487.8 286.9 526.5 394.6 612.8 323.8 545.6 374.0 253.5 622.8 405.5 369.4 556.2 625.7 543.1 401.7 497.5 535.7 200.3 579.4 187.9 284.6 494.3 499.4 399.9 531.0 560.2 596.2 362.2 419.0 171.0 419.4 322.1 193.8 579.2 523.9 503.9 386.4 408.2 408.2 456.1 324.3 543.3 409.7 465.9 442.0 545.3 524.7 535.7 516.4 351.0 433.4 405.9 490.3 306.2 259.4 606.1 334.9 512.0 529.2 425.1 442.3 375.7 586.9 221.0 235.0 429.7 171.1 512.1 476.4 267.0 496.4 478.6 137.5 390.0 346.0 80.8 247.4 492.2 515.6 573.3 474.4 425.7 181.3 259.4 550.1 493.1 491.2 298.9 563.4 416.9 501.0 390.8 306.1 285.7 563.1 602.4 356.5
2678.0 306.8 300.6 370.4 673.9 704.7 713.8 234.7 319.5 185.4 304.5 626.8 481.9 776.4 674.0 295.5 698.9 303.9 121.1 721.2 635.2 211.7 207.6 666.5 52.4 207.8 679.4 255.3 484.5 687.8 298.8 749.7 278.0 168.5 551.9 211.6 697.4 700.8 173.9 308.7 239.2 591.3 724.0 572.8 171.0 763.7 237.3 711.6 128.3 282.4 501.9 610.6 234.7 327.7 214.1 159.9 731.2 505.2 618.7 742.2 472.5 240.7 782.8 535.1 0.0 154.4 589.1 296.1 111.9 680.5 90.2 712.0 301.9 412.8 651.5 670.9 675.9 660.4 390.3 777.5 310.2 183.9 468.7 710.7 359.0 245.8 680.6 30.1 721.0 674.8 233.9 322.0 262.4 205.5 258.7 201.8 306.9 645.3 269.3 629.2 190.5 497.3 482.0 139.2 69.8 307.7 678.8 47.9 229.2 752.9 680.1 589.2 312.4 627.7 497.0 190.3 671.7 134.3 658.3 355.2 344.1 752.8 461.5 94.8 665.6 358.9 327.6 156.4 317.6 68.6 53.4 656.6 662.6 313.7 225.7 389.8 688.1 239.1 637.1 289.1 198.5 686.2 187.9 766.4 198.0 534.6 492.6 718.5 474.3 698.7 352.8 570.2 208.4 322.2 440.7 690.3 625.1 487.5 665.6 640.0 174.3 222.6 139.8 681.6 484.5 677.6 161.2 270.2 84.3 616.6 174.5 678.0 293.9 708.7 680.9 706.9 356.0 235.4 686.9
2664.6 269.5 234.0 303.8 607.3 638.1 647.2 221.3 252.9 172.0 223.3 560.2 415.3 709.8 607.4 228.9 632.3 237.3 54.5 654.6 554.0 57.2 175.2 599.9 157.0 159.1 612.8 188.7 403.3 621.2 232.2 683.1 264.6 155.1 470.7 198.2 630.8 595.3 60.5 242.1 225.8 510.1 657.4 491.6 157.6 697.1 223.9 645.0 190.3 215.8 420.7 529.4 80.2 261.1 200.7 146.5 664.6 423.2 552.1 675.6 391.3 227.3 716.2 453.9 144.3 0.0 507.9 214.9 149.4 590.0 131.0 645.4 288.5 346.2 584.9 604.3 609.3 622.6 309.1 710.9 243.6 117.3 402.1 644.1 292.4 210.5 614.0 119.4 678.6 588.5 220.5 255.4 181.2 192.1 223.4 135.2 240.3 578.7 255.9 548.0 177.1 416.1 415.4 11.4 142.1 241.1 612.2 152.5 193.9 686.3 613.5 508.0 231.2 561.1 415.8 176.9 605.1 20.9 591.7 288.6 262.9 686.2 394.9 127.0 599.0 277.7 261.0 143.0 251.0 173.2 96.1 590.0 596.0 247.1 159.1 308.6 597.6 203.8 570.5 238.3 184.6 619.6 33.4 699.8 184.6 443.0 426.0 651.9 393.1 632.1 306.7 489.0 71.2 255.6 359.5 623.7 558.5 406.3 584.4 573.4 107.7 209.2 73.2 615.0 403.3 596.4 147.8 219.4 65.8 550.0 161.1 611.4 227.3 642.1 643.1 622.7 289.4 200.1 620.3
2731.7 524.6 445.3 466.2 443.6 460.6 504.5 526.9 415.3 555.7 350.0 417.5 249.2 567.1 464.7 484.0 489.6 492.1 478.6 511.9 363.6 463.8 519.7 436.2 546.1 548.4 449.1 501.3 108.5 478.5 544.8 540.4 525.8 538.8 20.4 581.9 488.1 431.3 502.0 412.8 571.3 294.4 514.7 284.5 541.3 554.4 524.3 502.3 529.0 470.9 132.7 339.0 459.9 421.7 546.2 530.2 521.9 97.4 409.4 522.6 307.3 611.0 538.7 233.3 556.6 464.3 0.0 384.5 512.6 361.6 469.7 502.7 549.7 522.7 442.2 461.6 466.6 432.2 288.1 568.2 498.7 469.2 225.4 501.4 376.0 594.2 450.3 527.0 514.6 355.9 604.2 386.9 350.8 537.6 607.1 524.5 381.1 436.0 517.1 340.9 560.8 332.1 223.1 475.7 480.8 381.3 469.5 541.6 577.6 508.8 470.8 317.6 400.8 397.4 163.2 560.6 462.4 487.0 449.0 389.6 389.6 543.5 262.8 524.7 456.3 447.3 423.4 526.7 506.1 517.1 497.8 426.3 453.3 387.3 471.7 287.6 369.2 587.5 427.8 493.4 510.6 476.9 423.7 522.3 568.3 88.0 180.1 509.2 105.1 489.4 416.6 81.4 477.8 460.0 119.0 481.0 415.8 227.4 394.0 430.7 496.0 554.7 455.8 472.3 150.7 406.0 531.5 474.5 472.6 386.3 544.8 468.7 482.4 499.4 452.7 432.3 544.5 583.8 477.6
2659.5 252.1 223.5 286.4 530.2 568.1 570.1 332.5 235.5 283.2 140.4 483.1 338.2 632.7 530.3 211.5 555.2 219.9 206.1 577.5 471.1 191.3 247.2 522.8 273.6 275.9 536.0 228.8 320.4 544.1 272.3 606.0 253.3 266.3 416.6 309.4 553.7 512.4 229.5 224.7 299.1 427.2 580.3 408.7 268.8 620.0 335.1 567.9 256.5 198.4 337.8 446.5 187.4 212.1 273.7 257.7 587.5 340.3 475.0 603.7 308.4 338.5 646.5 371.0 284.1 191.8 425.0 0.0 240.1 507.1 197.2 568.3 277.5 328.8 507.8 527.2 532.2 539.7 226.2 633.8 226.2 196.7 325.0 567.0 223.5 321.7 536.9 254.5 595.7 505.6 334.0 238.0 22.8 265.1 334.6 252.0 176.0 501.6 244.6 465.1 288.3 333.5 338.3 203.2 208.3 224.0 535.1 269.4 305.1 616.3 536.4 425.1 83.5 484.0 332.9 288.1 528.0 214.5 514.6 271.2 180.0 609.1 317.8 252.2 521.9 130.0 243.6 254.2 233.6 244.6 225.3 512.9 518.9 229.7 199.2 225.7 514.7 315.0 493.4 220.9 238.1 542.5 151.2 629.8 295.9 360.1 348.9 574.8 310.2 555.0 289.3 406.1 205.3 238.2 276.6 549.6 481.4 323.7 501.5 496.3 223.5 283.9 183.3 537.9 320.4 513.5 259.0 202.0 200.1 472.9 272.3 534.3 209.9 565.0 560.2 544.2 272.0 311.3 543.5
2666.8 295.6 289.4 359.2 662.7 693.5 702.6 223.5 308.3 174.2 275.8 615.6 470.7 765.2 662.8 284.3 687.7 292.7 109.9 710.0 606.5 200.5 196.4 655.3 94.2 196.6 668.2 244.1 455.8 676.6 287.6 738.5 266.8 157.3 523.2 200.4 686.2 647.8 162.7 297.5 228.0 562.6 712.8 544.1 159.8 752.5 226.1 700.4 51.5 271.2 473.2 581.9 223.5 316.5 202.9 148.7 720.0 475.7 607.5 731.0 443.8 229.5 771.6 506.4 104.7 143.2 560.4 267.4 0.0 642.5 59.0 700.8 290.7 401.6 640.3 659.7 664.7 675.1 361.6 766.3 299.0 172.7 457.5 699.5 347.8 212.7 669.4 75.1 731.1 641.0 222.7 310.8 233.7 194.3 225.6 190.6 297.9 634.1 258.1 600.5 179.3 468.6 470.8 128.0 24.6 296.5 667.6 89.7 196.1 741.7 668.9 560.5 283.7 616.5 468.3 179.1 660.5 123.1 647.1 344.0 315.4 741.6 450.3 12.0 654.4 330.2 316.4 145.2 306.4 65.2 72.7 645.4 651.4 302.5 214.5 361.1 650.1 206.0 625.9 277.9 187.3 675.0 176.7 755.2 186.8 495.5 481.4 707.3 445.6 687.5 341.6 541.5 197.2 311.0 412.0 679.1 613.9 458.8 636.9 628.8 163.1 211.4 128.6 670.4 455.8 648.9 150.0 259.0 73.1 605.4 163.3 666.8 282.7 697.5 695.6 675.2 344.8 202.3 675.7
2563.9 564.3 551.8 579.6 229.7 226.6 328.8 587.9 528.7 669.1 463.4 405.8 310.2 396.8 325.5 487.5 303.1 499.7 592.0 393.0 111.6 577.2 559.4 222.3 659.5 661.8 218.0 614.7 308.3 410.2 658.2 427.6 565.5 652.2 354.1 695.3 387.7 197.0 615.4 526.2 611.0 112.6 318.9 163.1 654.7 421.0 585.3 363.1 642.4 474.4 325.7 87.0 574.4 535.1 585.9 643.6 387.9 273.7 234.6 284.8 275.2 613.9 304.7 225.3 670.0 577.7 391.3 497.9 626.0 0.0 583.1 343.3 589.4 636.1 355.9 322.4 366.2 198.2 401.5 408.2 506.0 582.6 286.4 439.1 489.4 707.6 236.4 640.4 280.3 60.6 616.2 500.3 464.2 577.3 720.5 637.9 496.5 424.3 556.8 219.5 674.2 285.6 284.1 589.1 594.2 494.7 457.8 655.0 691.0 274.8 331.6 83.1 514.2 234.7 281.0 674.0 450.7 598.7 299.0 503.0 503.0 362.4 323.8 638.1 322.3 560.7 536.8 640.1 509.6 630.5 611.2 263.6 346.0 500.7 585.1 401.0 7.6 700.9 247.5 533.1 550.3 337.7 537.1 288.3 681.7 303.1 234.5 342.3 298.1 424.7 477.6 372.4 591.2 573.4 250.3 296.3 258.6 192.9 142.0 414.3 610.4 594.4 569.2 338.3 242.0 154.0 644.9 514.2 586.0 211.5 658.2 329.5 485.9 297.1 218.7 207.4 548.0 697.2 269.1
2695.8 311.3 275.8 345.6 635.3 673.2 675.2 252.5 294.7 203.2 245.5 588.2 443.3 737.8 635.4 270.7 660.3 279.1 157.0 682.6 576.2 167.3 225.4 627.9 85.1 225.6 640.8 291.2 425.5 649.2 334.7 711.1 295.8 186.3 492.9 229.4 658.8 617.5 209.8 283.9 257.0 532.3 685.4 513.8 188.8 725.1 255.1 673.0 68.0 257.6 442.9 551.6 164.5 302.9 231.9 177.7 692.6 445.4 580.1 705.3 413.5 258.5 751.3 476.1 95.6 190.3 530.1 237.1 51.6 612.2 0.0 673.4 319.7 388.0 612.9 632.3 637.3 644.8 331.3 738.9 285.4 219.8 430.1 672.1 334.2 281.7 642.0 66.0 700.8 610.7 251.7 297.2 203.4 223.3 294.6 237.7 280.8 606.7 287.1 570.2 208.3 438.3 443.4 175.1 19.8 282.9 640.2 80.6 265.1 721.4 641.5 530.2 253.4 589.1 438.0 208.1 633.1 170.2 619.7 330.4 285.1 714.2 422.9 63.7 627.0 299.9 302.8 174.2 292.8 56.1 89.3 618.0 624.0 288.9 261.6 330.8 619.8 275.0 598.5 280.1 216.3 647.6 127.2 734.9 215.8 465.2 454.0 679.9 415.3 660.1 348.5 511.2 181.3 297.4 381.7 651.7 586.5 428.5 606.6 601.4 210.2 240.4 175.7 643.0 425.5 618.6 179.0 261.2 120.2 578.0 192.3 639.4 269.1 670.1 665.3 644.9 331.2 271.3 648.3
2506.6 607.1 556.6 581.4 178.3 118.3 47.8 630.7 530.5 823.0 617.3 225.5 517.6 167.2 121.3 530.3 266.4 542.5 620.5 119.1 226.8 731.1 602.2 185.7 813.4 690.3 247.5 617.5 501.5 183.7 657.3 153.7 608.3 806.1 561.5 849.2 204.3 181.3 769.3 680.1 653.8 378.8 58.0 281.3 808.6 147.1 628.1 129.4 796.3 517.2 518.9 253.9 728.3 689.0 628.7 618.4 161.9 481.1 197.9 82.4 337.0 656.7 174.6 414.6 823.9 731.6 598.7 651.8 779.9 337.9 737.0 0.0 632.2 637.9 225.7 118.2 226.0 220.4 555.4 134.3 548.8 611.1 493.8 231.8 491.2 861.5 199.8 794.3 127.1 332.2 659.0 502.1 618.1 620.1 874.4 666.4 496.3 210.0 599.6 305.4 665.1 311.7 491.5 743.0 748.1 496.5 210.7 808.9 844.9 170.3 225.7 275.2 668.1 253.0 475.1 658.1 236.4 752.6 168.8 504.8 656.9 88.5 531.2 792.0 192.1 714.6 538.6 794.0 552.4 784.4 765.1 260.2 244.9 502.5 613.6 554.9 345.5 854.8 210.8 575.9 593.1 133.5 691.0 158.2 693.7 510.5 441.9 6.4 491.3 212.6 520.4 579.8 745.1 578.2 457.7 42.3 128.4 385.0 197.1 238.7 638.9 637.2 597.7 161.4 436.1 291.1 798.8 557.0 739.9 216.0 661.7 247.4 528.7 60.7 216.3 284.5 590.8 851.1 232.4
2631.8 27.9 246.1 309.0 575.9 606.7 615.8 222.2 258.1 254.7 305.5 528.8 383.9 678.4 576.0 197.5 600.9 205.9 231.5 623.2 579.4 284.1 131.7 568.5 290.5 226.9 581.4 167.4 471.2 589.8 207.2 651.7 13.3 201.7 516.4 280.9 599.4 602.8 322.3 247.3 183.3 508.9 626.0 499.0 240.3 665.7 219.6 613.6 334.5 184.4 495.4 554.8 280.2 266.3 158.2 147.9 633.2 407.2 520.7 644.2 467.1 248.2 684.8 542.8 277.8 284.6 524.8 290.7 282.9 582.5 278.3 614.0 0.0 314.8 553.5 572.9 577.9 562.4 384.9 679.5 212.2 206.3 370.7 612.7 297.6 288.5 582.6 252.9 623.0 576.8 250.5 260.6 257.0 149.6 278.0 203.0 245.5 547.3 41.1 555.4 194.6 491.9 384.0 279.3 289.4 246.3 580.8 286.0 271.9 654.9 582.1 547.0 307.0 529.7 450.9 187.6 573.7 276.1 560.3 293.8 316.0 654.8 363.5 260.5 567.6 353.5 266.2 225.7 219.6 306.7 229.6 558.6 564.6 252.3 175.1 384.4 590.1 281.8 539.1 49.7 122.6 588.2 244.0 668.4 214.8 436.6 394.6 620.5 467.8 600.7 306.6 505.9 298.1 260.8 435.3 592.3 527.1 482.1 618.6 542.0 208.0 168.4 208.7 583.6 411.9 621.8 204.5 114.8 224.4 518.6 191.2 580.0 195.9 610.7 582.9 608.9 258.0 282.8 588.9
2594.4 239.4 169.9 172.3 524.8 555.6 564.7 325.0 121.4 357.5 211.2 477.7 332.8 627.3 524.9 162.6 549.8 55.5 252.8 572.1 528.3 305.4 234.5 517.4 380.8 322.6 530.3 249.8 420.1 538.7 289.6 600.6 240.6 304.5 465.3 383.7 548.3 551.7 343.6 178.0 286.1 457.8 574.9 447.9 343.1 614.6 322.4 562.5 370.6 149.5 444.3 503.7 301.5 197.0 261.0 250.7 582.1 356.1 469.6 593.1 406.3 351.0 633.7 468.9 368.1 305.9 473.7 309.9 354.2 531.4 311.3 562.9 264.5 0.0 502.4 521.8 526.8 511.3 324.1 628.4 98.3 243.4 319.6 561.6 203.3 391.3 531.5 343.2 571.9 525.7 353.3 166.3 276.2 252.4 380.8 298.7 151.2 496.2 231.9 504.3 297.4 431.1 332.9 316.4 322.4 152.0 529.7 376.3 374.7 603.8 531.0 495.9 326.2 478.6 399.8 290.4 522.6 313.2 509.2 199.5 246.7 603.7 312.4 350.8 516.5 372.7 129.5 328.5 184.7 358.7 319.9 507.5 513.5 158.0 245.9 323.6 539.0 384.6 488.0 208.2 225.4 537.1 265.3 617.3 317.5 385.5 343.5 569.4 416.7 549.6 240.4 454.8 319.4 191.5 374.5 544.2 476.0 421.3 567.5 490.9 270.2 269.5 230.0 532.5 360.8 570.7 307.3 189.3 289.6 467.5 294.0 528.9 161.0 559.6 531.8 553.4 223.1 385.6 537.8
2586.2 543.3 492.8 517.6 295.2 183.0 210.1 566.9 466.7 661.4 478.5 108.8 332.6 240.9 194.7 466.5 177.2 478.7 556.7 203.2 294.8 592.3 538.4 351.6 674.6 626.5 300.7 553.7 488.0 169.8 593.5 278.9 544.5 608.4 436.3 687.6 179.4 347.2 630.5 500.9 590.0 367.8 220.3 328.3 647.0 245.7 564.3 207.9 657.5 453.4 505.4 270.2 589.5 519.9 564.9 554.6 183.1 355.9 97.0 242.1 440.4 592.9 261.1 413.4 672.0 592.8 473.5 513.0 641.1 317.0 598.2 208.3 568.4 574.1 0.0 186.7 157.9 209.9 585.4 259.5 485.0 547.3 335.0 192.7 427.4 695.2 365.7 647.1 293.0 311.3 595.2 438.3 479.3 556.3 684.7 602.6 432.5 127.3 535.8 384.7 601.3 465.2 332.7 604.2 609.3 432.7 160.8 670.1 678.6 231.2 176.4 248.3 529.3 185.8 464.1 594.3 153.7 613.8 40.9 441.0 518.1 234.8 366.2 653.2 117.5 575.8 474.8 632.4 488.6 645.6 623.8 193.0 141.2 438.7 549.8 584.9 324.6 688.5 115.4 512.1 529.3 210.6 552.2 244.7 629.9 385.3 343.3 214.8 477.8 180.7 456.6 454.6 606.3 514.4 444.2 186.6 75.3 358.1 325.2 122.0 575.1 573.4 533.9 133.5 425.1 337.2 611.2 493.2 593.5 189.1 597.9 174.3 464.9 205.0 230.4 330.0 527.0 689.5 165.2
2638.2 542.4 491.9 516.7 228.9 125.1 116.4 566.0 465.8 660.5 477.6 160.8 331.7 106.8 35.5 465.6 157.5 477.8 555.8 165.4 277.4 591.4 537.5 236.3 673.7 625.6 281.0 552.8 419.0 183.3 592.6 206.6 543.6 607.5 435.4 686.7 160.8 231.9 629.6 500.0 589.1 348.1 126.6 308.6 646.1 116.6 563.4 114.2 656.6 452.5 485.7 250.5 588.6 519.0 564.0 553.7 43.6 355.0 77.3 188.0 387.6 592.0 207.0 393.7 671.1 591.9 472.6 512.1 640.2 297.3 597.3 114.6 567.5 573.2 161.0 0.0 139.3 209.2 526.3 187.2 484.1 546.4 334.1 212.2 426.5 694.3 250.4 646.2 177.7 291.6 594.3 437.4 478.4 555.4 683.8 601.7 433.8 179.3 534.9 356.0 600.4 362.3 331.8 603.3 608.4 431.8 212.8 669.2 677.7 159.1 64.7 228.6 528.4 166.1 398.7 593.4 205.7 612.9 104.1 440.1 517.2 162.5 365.3 652.3 95.4 574.9 473.9 631.5 487.7 644.7 622.9 173.3 119.1 437.8 548.9 525.8 304.9 687.6 95.7 511.2 528.4 47.7 551.3 190.6 629.0 384.4 342.4 121.1 458.1 197.8 455.7 453.7 605.4 513.5 424.5 92.9 63.7 338.4 247.7 174.0 574.2 572.5 533.0 43.1 359.7 317.5 610.3 492.3 592.6 169.4 597.0 62.6 464.0 111.3 205.1 310.3 526.1 688.6 145.5
2559.8 558.5 508.0 532.8 336.4 219.2 223.9 582.1 481.9 676.6 493.7 72.1 347.8 100.4 157.3 481.7 213.4 493.9 571.9 101.3 331.0 607.5 553.6 343.8 689.8 641.7 336.9 568.9 524.2 43.9 608.7 177.0 559.7 623.6 451.5 702.8 21.4 339.4 645.7 516.1 605.2 404.0 234.1 364.5 662.2 129.3 579.5 198.5 672.7 468.6 541.6 306.4 604.7 535.1 580.1 569.8 145.7 371.1 133.2 252.3 476.6 608.1 297.3 449.6 687.2 608.0 488.7 528.2 656.3 353.2 613.4 222.1 583.6 589.3 173.6 149.3 0.0 246.1 542.4 157.6 500.2 562.5 350.2 72.8 442.6 710.4 357.9 662.3 285.2 347.5 610.4 453.5 494.5 571.5 699.9 617.8 449.9 100.9 551.0 420.9 616.5 469.8 347.9 619.4 624.5 447.9 94.3 685.3 693.8 267.4 214.1 284.5 544.5 222.0 414.8 609.5 127.3 629.0 120.6 456.2 533.3 132.9 381.4 668.4 42.8 591.0 490.0 647.6 503.8 660.8 639.0 229.2 18.8 453.9 565.0 541.9 360.8 703.7 151.6 527.3 544.5 173.2 567.4 280.9 645.1 400.5 358.5 228.6 514.0 58.4 471.8 469.8 621.5 529.6 480.4 200.4 111.5 394.3 355.2 60.2 590.3 588.6 549.1 96.1 375.8 373.4 626.4 508.4 608.7 225.3 613.1 212.0 480.1 218.8 266.6 366.2 542.2 704.7 201.4
2517.1 558.5 508.0 532.8 182.9 106.0 195.3 582.1 481.9 740.7 535.0 285.2 394.3 292.9 221.6 481.7 182.5 493.9 571.9 277.5 182.5 648.8 553.6 260.8 731.1 641.7 188.4 568.9 375.7 289.6 608.7 280.6 559.7 623.6 443.1 766.9 267.1 256.4 687.0 516.1 605.2 255.5 185.4 216.0 726.3 302.7 579.5 242.5 714.0 468.6 393.1 157.9 646.0 606.7 580.1 569.8 262.2 357.8 114.0 151.3 328.1 608.1 170.3 301.1 741.6 649.3 480.3 569.5 697.6 204.7 654.7 208.9 583.6 589.3 235.3 218.5 245.6 0.0 473.1 292.7 500.2 562.5 370.5 318.5 442.6 779.2 274.9 712.0 202.2 199.0 610.4 453.5 535.8 571.5 699.9 617.8 449.9 303.7 551.0 272.4 616.5 352.9 368.2 660.7 665.8 447.9 337.2 726.6 762.6 115.5 197.8 136.0 585.8 146.0 351.8 609.5 330.1 670.3 178.4 456.2 574.6 246.9 407.9 709.7 201.7 632.3 490.0 711.7 503.8 702.1 682.8 174.9 225.4 453.9 565.0 472.6 212.3 772.5 126.9 527.3 544.5 233.8 608.7 153.9 645.1 387.2 318.6 207.9 365.5 304.1 471.8 461.4 662.8 529.6 331.9 180.8 138.0 245.8 212.9 293.7 590.3 588.6 549.1 217.7 312.8 224.9 626.4 508.4 657.6 99.1 613.1 208.9 480.1 180.5 50.5 217.7 542.2 768.8 148.5
2644.5 394.4 315.1 336.0 457.1 479.8 555.9 474.8 285.1 425.5 219.8 505.4 360.5 655.0 552.6 353.8 556.3 361.9 348.4 599.8 382.8 333.6 389.5 475.5 415.9 418.2 471.2 371.1 232.1 566.4 414.6 654.7 395.6 408.6 328.3 451.7 576.0 424.1 371.8 282.6 441.1 338.9 546.0 320.4 411.1 642.3 477.4 590.2 398.8 340.7 249.5 358.2 329.7 291.5 416.0 400.0 609.8 252.0 487.8 515.4 220.1 480.8 557.9 282.7 426.4 334.1 336.7 254.3 382.4 418.8 339.5 590.6 419.5 392.5 530.1 549.5 554.5 451.4 0.0 635.3 368.5 339.0 347.3 589.3 245.8 464.0 489.6 396.8 507.4 417.3 474.0 256.7 220.6 407.4 476.9 394.3 250.9 523.9 386.9 376.8 430.6 244.9 360.6 345.5 350.6 251.1 557.4 411.4 447.4 528.0 558.7 336.8 270.6 478.8 244.6 430.4 550.3 356.8 536.9 259.4 259.4 589.5 340.1 394.5 544.2 317.1 293.2 396.5 375.9 386.9 367.6 507.7 541.2 257.1 341.5 0.4 426.4 457.3 500.7 363.2 380.4 564.8 293.5 541.5 438.2 271.8 291.4 571.0 221.9 577.3 327.6 317.8 347.6 329.8 188.3 520.2 511.8 235.1 413.2 518.6 365.8 424.5 325.6 560.2 232.1 425.2 401.3 344.3 342.4 464.7 414.6 556.6 352.2 524.2 471.9 451.5 414.3 453.6 522.3
2564.2 607.1 556.6 581.4 235.9 180.6 123.4 630.7 530.5 725.2 542.3 225.5 396.4 112.0 121.3 530.3 222.2 542.5 620.5 63.9 284.4 656.1 602.2 243.3 738.4 690.3 305.1 617.5 483.7 128.5 657.3 19.3 608.3 672.2 500.1 751.4 149.1 238.9 694.3 564.7 653.8 436.4 133.6 338.9 710.8 91.9 628.1 40.8 721.3 517.2 576.5 311.5 653.3 583.7 628.7 618.4 161.9 419.7 142.0 151.8 394.6 656.7 236.9 472.2 735.8 656.6 537.3 576.8 704.9 395.5 662.0 121.6 632.2 637.9 225.7 118.2 170.8 282.7 613.0 0.0 548.8 611.1 398.8 176.6 491.2 759.0 257.4 710.9 184.7 389.8 659.0 502.1 543.1 620.1 748.5 666.4 496.3 154.8 599.6 363.0 665.1 369.3 396.5 668.0 673.1 496.5 155.5 733.9 742.4 232.6 147.4 293.3 593.1 230.8 532.7 658.1 181.2 677.6 168.8 504.8 581.9 34.4 430.0 717.0 192.1 639.6 538.6 696.2 552.4 709.4 687.6 238.0 215.8 502.5 613.6 612.5 403.1 752.3 160.4 575.9 593.1 133.5 616.0 220.5 693.7 449.1 407.1 128.1 548.9 157.4 520.4 518.4 670.1 578.2 515.3 99.9 128.4 403.1 254.7 238.7 638.9 637.2 597.7 161.4 493.7 348.7 675.0 557.0 657.3 234.1 661.7 145.3 528.7 118.3 278.6 342.1 590.8 753.3 210.2
2530.3 175.3 220.6 223.0 460.7 491.5 500.6 260.9 172.1 293.4 237.7 413.6 268.7 563.2 460.8 98.5 485.7 47.9 188.7 508.0 464.2 241.3 170.4 453.3 316.7 258.5 466.2 185.7 356.0 474.6 225.5 536.5 176.5 240.4 372.4 319.6 484.2 487.6 279.5 228.7 222.0 393.7 510.8 383.8 279.0 550.5 258.3 498.4 306.5 85.4 380.2 439.6 238.5 247.7 196.9 186.6 518.0 292.0 405.5 529.0 368.6 286.9 569.6 427.6 304.0 241.8 409.6 272.2 290.1 467.3 247.2 498.8 200.4 156.8 438.3 457.7 462.7 447.2 286.4 564.3 0.0 179.3 255.5 497.5 186.6 327.2 467.4 279.1 507.8 461.6 289.2 197.5 238.5 188.3 316.7 234.6 193.9 432.1 167.8 440.2 233.3 393.4 268.8 252.3 258.3 191.9 465.6 312.2 310.6 539.7 466.9 431.8 288.5 414.5 335.7 226.3 458.5 247.4 445.1 200.2 277.3 539.6 248.3 286.7 452.4 335.0 180.2 264.4 120.6 294.6 255.8 443.4 449.4 197.9 181.8 285.9 474.9 320.5 423.9 144.1 161.3 473.0 201.2 553.2 253.4 321.4 279.4 505.3 352.6 485.5 176.3 390.7 255.3 242.2 342.0 477.1 411.9 383.6 503.4 426.8 207.1 205.4 165.9 468.4 296.7 506.6 243.2 125.2 225.5 403.4 229.9 464.8 96.9 495.5 467.7 493.7 159.0 321.5 473.7
2627.3 228.8 184.4 254.2 557.7 588.5 597.6 251.5 203.3 202.2 221.5 510.6 365.7 660.2 557.8 179.3 582.7 187.7 59.2 605.0 552.2 195.3 95.2 550.3 187.2 79.1 563.2 73.5 401.5 571.6 117.0 633.5 206.9 107.2 498.2 228.4 581.2 584.6 157.5 192.5 188.6 490.7 607.8 480.8 187.8 647.5 254.1 595.4 231.2 166.2 418.9 527.6 202.6 211.5 163.5 153.2 615.0 389.0 502.5 626.0 389.5 257.5 666.6 452.1 174.5 138.0 506.6 213.5 179.6 564.3 193.0 595.8 230.8 296.6 535.3 554.7 559.7 544.2 307.3 661.3 194.0 0.0 352.5 594.5 242.8 240.7 564.4 149.6 604.8 558.6 250.7 205.8 179.4 154.9 253.6 55.2 192.9 529.1 198.2 537.2 110.4 414.3 365.8 122.8 204.3 191.5 562.6 182.7 224.1 636.7 563.9 506.2 229.4 511.5 414.0 144.2 555.5 119.6 542.1 239.0 261.2 636.6 345.3 157.2 549.4 275.9 211.4 173.2 201.4 203.4 126.3 540.4 546.4 197.5 43.9 306.8 571.9 234.0 520.9 197.6 104.6 570.0 166.4 650.2 214.9 418.4 376.4 602.3 391.3 582.5 257.1 487.7 192.0 206.0 357.7 577.1 508.9 404.5 582.6 523.8 26.7 172.0 73.6 565.4 393.7 594.6 115.6 178.7 96.0 500.4 191.3 561.8 177.7 592.5 564.7 590.7 239.8 230.3 570.7
2682.1 365.0 314.5 339.3 347.9 378.8 387.8 388.6 288.4 483.1 372.7 300.8 116.0 450.4 348.0 288.2 372.9 300.4 378.4 395.2 281.8 486.5 360.1 340.5 568.8 448.2 353.4 375.4 173.6 361.8 415.2 423.7 366.2 430.1 190.0 509.3 371.4 348.2 524.7 322.6 411.7 211.3 398.0 201.4 468.7 437.7 386.0 385.6 551.7 275.1 197.8 257.2 483.7 341.6 386.6 376.3 405.2 109.6 292.7 416.2 330.0 414.6 456.9 245.2 493.7 487.0 227.2 407.2 535.3 284.9 492.4 386.0 390.1 395.8 325.5 344.9 349.9 350.4 310.8 451.5 306.7 369.0 0.0 384.7 249.1 516.9 354.6 468.8 431.5 279.2 416.9 260.0 373.5 378.0 506.4 424.3 256.4 319.3 357.5 257.8 423.0 351.9 36.2 498.4 503.5 254.4 352.8 564.3 500.3 427.0 354.1 235.8 423.5 301.7 153.3 416.0 345.7 508.0 332.3 262.7 412.3 426.8 52.5 547.4 339.6 470.0 296.5 454.1 310.3 539.8 445.5 330.6 336.6 260.4 371.5 310.3 292.5 510.2 311.1 333.8 351.0 360.2 446.4 440.5 451.6 139.0 97.0 392.5 170.2 372.7 278.3 208.3 500.5 336.1 159.6 364.3 299.1 249.2 311.4 314.0 396.8 395.1 355.6 355.6 114.3 324.2 432.9 314.9 415.2 290.6 419.6 352.0 286.6 382.7 370.9 350.5 348.7 511.2 360.9
2563.0 604.1 553.6 578.4 344.3 271.5 231.8 627.7 527.5 722.2 539.3 99.7 393.4 107.3 178.6 527.3 265.7 539.5 617.5 109.2 392.8 653.1 599.2 351.7 735.4 687.3 389.2 614.5 480.7 68.8 654.3 184.9 605.3 669.2 497.1 748.4 46.3 347.3 691.3 561.7 650.8 456.3 242.0 416.8 707.8 136.2 625.1 206.4 718.3 514.2 593.9 358.7 650.3 580.7 625.7 615.4 198.0 416.7 185.5 260.2 503.0 653.7 345.3 501.9 732.8 653.6 534.3 573.8 701.9 405.5 659.0 230.0 629.2 634.9 225.9 201.6 52.2 298.4 588.0 165.5 545.8 608.1 395.8 0.0 488.2 756.0 365.8 707.9 293.1 399.8 656.0 499.1 540.1 617.1 745.5 663.4 493.3 104.1 596.6 471.4 662.1 477.7 393.5 665.0 670.1 493.5 72.8 730.9 739.4 319.7 256.5 336.8 590.1 274.3 460.4 655.1 130.5 674.6 172.9 501.8 578.9 140.8 427.0 714.0 95.1 636.6 535.6 693.2 549.4 706.4 684.6 281.5 71.1 499.5 610.6 587.5 413.1 749.3 203.9 572.9 590.1 194.5 613.0 328.9 690.7 446.1 404.1 236.5 566.3 18.9 517.4 515.4 667.1 575.2 532.7 208.3 163.8 446.6 363.1 112.5 635.9 634.2 594.7 148.4 421.4 425.7 672.0 554.0 654.3 277.6 658.7 254.4 525.7 226.7 318.9 418.5 587.8 750.3 253.7
2597.4 254.5 136.3 161.1 438.6 469.4 478.5 340.1 110.2 368.7 136.0 391.5 246.6 541.1 438.7 213.9 463.6 187.0 231.3 485.9 456.6 276.8 249.6 431.2 359.1 301.1 444.1 254.0 305.9 452.5 297.5 514.4 255.7 329.2 350.3 394.9 462.1 465.5 315.0 144.4 301.2 371.6 488.7 361.7 354.3 528.4 337.5 476.3 342.0 200.8 323.3 432.0 274.0 163.4 276.1 265.8 495.9 269.9 383.4 506.9 293.9 366.1 547.5 356.5 346.6 277.3 387.5 197.5 325.6 445.2 282.7 476.7 279.6 217.6 416.2 435.6 440.6 425.1 211.7 542.2 228.6 221.9 233.4 475.4 0.0 407.2 445.3 321.7 485.7 439.5 368.4 43.2 163.8 267.5 395.9 277.2 76.0 410.0 247.0 418.1 312.5 318.7 246.7 288.7 293.8 60.7 443.5 354.6 390.6 517.6 444.8 409.7 213.8 392.4 313.6 305.5 436.4 298.3 423.0 33.7 190.4 517.5 226.2 337.7 430.3 260.3 118.3 339.7 236.0 330.1 298.4 421.3 427.3 55.6 224.4 211.2 452.8 400.5 401.8 223.3 240.5 450.9 236.7 531.1 332.6 299.3 257.3 483.2 295.7 463.4 291.7 368.6 290.8 157.9 262.1 455.0 389.8 308.9 481.3 404.7 249.7 284.6 208.5 446.3 274.6 499.0 344.5 204.4 268.1 381.3 309.1 442.7 212.3 473.4 445.6 471.6 274.4 396.8 451.6
2637.5 299.8 352.4 422.2 689.1 719.9 729.0 185.1 371.3 113.4 340.1 642.0 497.1 791.6 689.2 310.7 714.1 319.1 174.7 736.4 670.8 265.3 210.4 681.7 204.0 210.6 694.6 280.6 520.1 703.0 320.4 764.9 271.0 171.3 587.5 139.6 712.6 716.0 227.5 360.5 242.0 622.1 739.2 608.4 110.1 778.9 187.7 726.8 248.0 297.6 537.5 646.2 259.1 379.5 216.9 162.7 746.4 520.4 633.9 757.4 508.1 191.1 798.0 570.7 191.3 208.0 624.7 331.7 196.4 695.7 191.8 727.2 294.9 428.0 666.7 686.1 691.1 675.6 425.9 792.7 325.4 237.5 483.9 725.9 410.8 0.0 695.8 166.4 736.2 690.0 184.3 373.8 298.0 208.3 81.3 232.2 360.9 660.5 262.3 664.8 193.3 532.9 497.2 192.8 202.9 359.5 694.0 199.5 13.0 768.1 695.3 624.8 348.0 642.9 532.6 193.1 686.9 187.9 673.5 407.0 379.7 768.0 476.7 174.0 680.8 394.5 379.4 95.5 332.8 220.2 143.1 671.8 677.8 365.5 279.3 425.4 703.3 5.2 652.3 282.1 201.3 701.4 221.8 781.6 148.4 549.8 507.8 733.7 509.9 713.9 362.6 605.8 262.0 374.0 476.3 705.5 640.3 523.1 701.2 655.2 227.9 225.4 193.4 696.8 520.1 713.2 164.0 263.2 137.9 631.8 92.6 693.2 309.1 723.9 696.1 722.1 371.2 61.8 702.1
2438.6 559.9 509.4 534.2 86.4 179.2 258.5 583.5 483.3 678.0 495.1 326.4 349.2 349.4 278.1 483.1 248.9 495.3 573.3 322.7 188.2 608.9 555.0 15.0 691.2 643.1 138.8 570.3 382.3 362.8 610.1 357.3 561.1 625.0 449.7 704.2 340.3 142.7 647.1 517.5 606.6 274.9 248.6 242.7 663.6 350.7 580.9 315.7 674.1 470.0 399.7 215.3 606.1 536.5 581.5 571.2 340.5 377.2 187.2 214.5 298.4 609.5 257.3 320.5 688.6 609.4 486.9 529.6 657.7 224.1 614.8 279.9 585.0 590.7 308.5 275.0 318.8 150.8 516.8 337.9 501.6 563.9 351.6 391.7 444.0 711.8 0.0 663.7 210.0 218.4 611.8 454.9 495.9 572.9 701.3 619.2 449.1 344.9 552.4 266.8 617.9 273.1 349.3 620.8 625.9 449.3 378.4 686.7 695.2 227.4 284.2 155.4 545.9 169.3 355.0 610.9 371.3 630.4 251.6 457.6 534.7 292.1 382.8 669.8 274.9 592.4 491.4 649.0 505.2 662.2 640.4 198.2 298.6 455.3 566.4 516.3 231.7 705.1 200.1 528.7 545.9 290.3 568.8 240.9 646.5 406.6 338.0 273.6 372.1 377.3 473.2 468.0 622.9 531.0 351.3 226.0 211.2 265.2 158.5 339.6 591.7 590.0 550.5 290.9 316.0 252.5 627.8 509.8 610.1 158.2 614.5 282.1 481.5 226.8 171.3 166.3 543.6 706.1 228.0
2647.8 276.6 270.4 340.2 643.7 674.5 683.6 204.5 289.3 155.2 274.3 596.6 451.7 746.2 643.8 265.3 668.7 273.7 90.9 691.0 605.0 181.5 177.4 636.3 37.5 177.6 649.2 225.1 454.3 657.6 268.6 719.5 247.8 138.3 521.7 181.4 667.2 670.6 143.7 278.5 209.0 561.1 693.8 542.6 140.8 733.5 207.1 681.4 113.4 252.2 471.7 580.4 204.5 297.5 183.9 129.7 701.0 475.0 588.5 712.0 442.3 210.5 752.6 504.9 24.8 124.2 558.9 265.9 87.0 650.3 75.3 681.8 271.7 382.6 621.3 640.7 645.7 630.2 360.1 747.3 280.0 153.7 438.5 680.5 328.8 215.6 650.4 0.0 690.8 644.6 203.7 291.8 232.2 175.3 228.5 171.6 276.7 615.1 239.1 599.0 160.3 467.1 451.8 109.0 54.9 277.5 648.6 33.0 199.0 722.7 649.9 559.0 282.2 597.5 466.8 160.1 641.5 104.1 628.1 325.0 313.9 722.6 431.3 64.6 635.4 328.7 297.4 126.2 287.4 53.7 23.2 626.4 632.4 283.5 195.5 359.6 657.9 208.9 606.9 258.9 168.3 656.0 157.7 736.2 167.8 504.4 462.4 688.3 444.1 668.5 322.6 540.0 178.2 292.0 410.5 660.1 594.9 457.3 635.4 609.8 144.1 192.4 109.6 651.4 454.3 647.4 131.0 240.0 54.1 586.4 144.3 647.8 263.7 678.5 650.7 676.7 325.8 205.2 656.7
2467.3 629.3 578.8 603.6 139.0 121.1 116.3 652.9 552.7 783.7 578.0 286.9 478.3 228.6 182.7 552.5 269.2 564.7 642.7 180.5 187.5 691.8 624.4 146.4 774.1 712.5 208.2 639.7 462.2 245.1 679.5 215.1 630.5 766.8 522.2 809.9 265.7 142.0 730.0 640.8 676.0 339.5 106.4 242.0 769.3 208.5 650.3 190.8 757.0 539.4 479.6 214.6 689.0 649.7 650.9 640.6 223.3 441.8 200.7 72.3 297.7 678.9 177.4 375.3 784.6 692.3 559.4 612.5 740.6 298.6 697.7 137.7 654.4 660.1 287.1 179.6 287.4 220.2 516.1 195.7 571.0 633.3 454.5 293.2 513.4 822.2 160.5 755.0 0.0 292.9 681.2 524.3 578.8 642.3 835.1 688.6 520.7 271.4 621.8 266.1 687.3 272.4 452.2 703.7 708.8 518.7 272.1 769.6 805.6 173.1 228.5 247.9 628.8 238.7 435.8 680.3 297.8 713.3 230.2 527.0 617.6 149.9 491.9 752.7 253.5 675.3 560.8 754.7 574.6 745.1 725.8 267.6 306.3 524.7 635.8 515.6 306.2 815.5 213.6 598.1 615.3 194.9 651.7 161.0 715.9 471.2 402.6 131.4 452.0 274.0 542.6 540.5 705.8 600.4 418.4 83.8 189.8 347.8 157.8 300.1 661.1 659.4 619.9 222.8 396.8 251.8 759.5 579.2 700.6 227.6 683.9 250.2 550.9 84.6 219.1 245.2 613.0 811.8 235.2
2558.3 586.1 564.9 592.7 224.1 221.0 323.2 609.7 541.8 682.2 476.5 400.2 332.0 391.2 319.9 509.3 297.5 521.5 605.1 387.4 106.0 590.3 581.2 216.7 672.6 674.9 212.4 627.8 302.7 404.6 671.3 422.0 587.3 665.3 370.1 708.4 382.1 191.4 628.5 539.3 632.8 134.4 313.3 157.5 667.8 415.4 607.1 357.5 655.5 496.2 320.1 81.4 587.5 548.2 607.7 656.7 382.3 295.5 229.0 279.2 269.6 635.7 299.1 242.6 683.1 590.8 407.3 511.0 639.1 40.7 596.2 337.7 611.2 649.2 350.3 316.8 360.6 192.6 414.6 402.6 527.8 595.7 308.2 433.5 502.5 720.7 230.8 653.5 274.7 0.0 638.0 513.4 477.3 599.1 733.6 651.0 507.6 418.7 578.6 213.9 687.3 280.0 305.9 602.2 607.3 507.8 452.2 668.1 704.1 269.2 326.0 77.5 527.3 229.1 275.4 687.1 445.1 611.8 293.4 516.1 516.1 356.8 345.6 651.2 316.7 573.8 549.9 653.2 531.4 643.6 624.3 258.0 340.4 513.8 598.2 414.1 48.3 714.0 241.9 554.9 572.1 332.1 550.2 282.7 694.8 324.9 256.3 336.7 292.5 419.1 499.4 388.4 604.3 586.5 273.4 290.7 253.0 187.3 136.4 408.7 623.5 616.2 582.3 332.7 236.4 148.4 658.0 536.0 599.1 205.9 671.3 323.9 507.7 291.5 213.1 201.8 569.8 710.3 263.5
2538.3 239.5 299.0 361.9 582.2 613.0 622.1 17.6 313.0 150.7 359.2 535.1 392.2 684.7 582.3 244.4 607.2 258.8 203.6 629.5 585.7 294.2 156.6 574.8 232.9 204.5 587.7 220.3 477.5 596.1 260.1 658.0 210.7 165.2 522.7 176.9 605.7 609.1 256.4 300.2 208.2 515.2 632.3 505.3 162.3 672.0 20.2 619.9 276.9 244.9 501.7 561.1 286.9 319.2 183.1 156.6 639.5 413.5 529.0 653.2 490.1 82.5 691.1 549.1 220.2 236.9 531.1 344.0 225.3 588.8 220.7 620.3 234.6 367.7 559.8 579.2 584.2 568.7 409.9 685.8 265.1 259.2 377.0 619.0 308.1 178.3 588.9 195.3 629.3 583.1 0.0 319.0 309.9 174.5 167.8 227.9 313.2 553.6 202.0 561.7 187.2 514.9 390.3 221.7 231.8 313.4 587.1 228.4 161.7 661.2 588.4 553.3 359.9 536.0 457.2 187.0 580.0 218.5 566.6 321.7 368.9 661.1 369.8 202.9 573.9 406.4 319.1 151.0 273.8 249.1 172.0 564.9 570.9 319.4 228.0 407.4 596.4 171.6 545.4 221.8 147.5 594.5 250.7 674.7 73.4 442.9 400.9 626.8 474.1 607.0 195.1 512.2 290.9 313.7 465.5 601.6 533.4 505.1 624.9 550.3 233.9 193.3 222.3 589.9 418.2 628.1 157.9 202.9 166.8 524.9 81.0 586.3 256.4 617.0 589.2 610.8 312.2 191.7 595.2
2609.6 238.8 120.6 145.4 450.8 481.6 490.7 324.4 94.5 356.9 139.7 403.7 258.8 553.3 450.9 198.2 475.8 171.3 215.6 498.1 468.8 268.2 233.9 443.4 343.6 285.4 456.3 238.3 318.1 464.7 281.8 526.6 240.0 313.5 362.5 383.1 474.3 477.7 306.4 128.7 285.5 383.8 500.9 373.9 342.5 540.6 321.8 488.5 333.4 185.1 335.5 444.2 265.4 147.7 260.4 250.1 508.1 282.1 395.6 519.1 306.1 350.4 559.7 368.7 330.9 268.7 399.7 209.7 317.0 457.4 274.1 488.9 263.9 201.9 428.4 447.8 452.8 437.3 223.9 554.4 212.9 206.2 245.6 487.6 56.9 390.7 457.5 306.0 497.9 451.7 352.7 0.0 176.0 251.8 380.2 261.5 81.9 422.2 231.3 430.3 296.8 330.9 258.9 279.2 285.2 18.1 455.7 339.1 374.1 529.8 457.0 421.9 226.0 404.6 325.8 289.8 448.6 274.3 435.2 33.1 194.1 529.7 238.4 313.6 442.5 272.5 102.6 327.9 220.3 321.5 282.7 433.5 439.5 24.1 208.7 223.4 465.0 384.0 414.0 207.6 224.8 463.1 228.1 543.3 316.9 311.5 269.5 495.4 307.9 475.6 276.0 380.8 282.2 142.2 274.3 467.2 402.0 321.1 493.5 416.9 234.0 268.9 192.8 458.5 286.8 511.2 306.7 188.7 252.4 393.5 293.4 454.9 196.6 485.6 457.8 483.8 258.7 385.0 463.8
2636.6 229.2 200.6 263.5 507.3 545.2 547.2 309.6 212.6 260.3 117.5 460.2 315.3 609.8 507.4 188.6 532.3 197.0 183.2 554.6 448.2 168.4 224.3 499.9 250.7 253.0 512.8 205.9 297.5 521.2 249.4 583.1 230.4 243.4 393.7 286.5 530.8 489.5 206.6 201.8 275.9 404.3 557.4 385.8 245.9 597.1 312.2 545.0 233.6 175.5 314.9 423.6 164.5 189.2 250.8 234.8 564.6 317.4 452.1 577.3 285.5 315.6 623.3 348.1 261.2 168.9 402.1 33.6 217.2 484.2 174.3 545.4 254.3 305.9 484.9 504.3 509.3 516.8 203.3 610.9 203.3 173.8 302.1 544.1 200.6 298.8 514.0 231.6 572.8 482.7 308.8 215.1 0.0 242.2 311.7 229.1 152.8 478.7 221.7 442.2 265.4 310.3 315.4 180.3 185.4 200.8 512.2 246.2 282.2 593.4 513.5 402.2 60.6 461.1 310.0 265.2 505.1 191.6 491.7 248.3 157.1 586.2 294.9 229.3 499.0 107.1 220.7 231.3 210.7 221.7 202.4 490.0 496.0 206.8 176.3 202.8 491.8 292.1 470.5 198.0 215.2 519.6 128.3 606.9 272.9 337.2 326.0 551.9 287.3 532.1 266.4 383.2 182.4 215.3 253.7 523.7 458.5 300.5 478.6 473.4 200.6 259.3 160.4 515.0 297.5 490.6 236.1 179.1 177.2 450.0 249.4 511.4 187.0 542.1 537.3 521.3 249.1 288.4 520.3
2619.8 182.6 235.2 305.0 571.9 602.7 611.8 183.6 254.1 169.3 301.5 524.8 379.9 674.4 572.0 193.5 596.9 201.9 168.8 619.2 575.4 280.1 59.3 564.5 205.1 138.7 577.4 163.4 467.2 585.8 203.2 647.7 153.8 99.4 483.6 195.5 595.4 598.8 228.6 243.3 33.6 504.9 622.0 495.0 154.9 661.7 186.2 609.6 249.1 180.4 491.4 550.8 277.3 262.3 8.5 35.5 629.2 403.2 516.7 640.2 463.1 189.6 680.8 538.8 192.4 209.1 520.8 286.7 197.5 578.5 192.9 610.0 177.7 310.8 549.5 568.9 573.9 558.4 380.9 675.5 208.2 166.9 366.7 608.7 293.6 207.8 578.6 167.5 619.0 572.8 182.8 256.6 253.0 0.0 210.2 130.6 241.5 543.3 145.1 551.4 121.4 487.9 380.0 193.9 204.0 242.3 576.8 200.6 191.2 650.9 578.1 543.0 303.0 525.7 446.9 115.2 569.7 189.0 556.3 289.8 312.0 650.8 359.5 175.1 563.6 349.5 262.2 140.3 215.6 221.3 144.2 554.6 560.6 248.3 171.1 380.4 586.1 201.1 535.1 164.9 50.2 584.2 240.0 664.4 146.9 432.6 390.6 616.5 463.8 596.7 271.3 501.9 263.1 256.8 431.3 588.3 523.1 478.1 614.6 538.0 135.6 17.0 187.0 579.6 407.9 617.8 92.1 146.0 139.0 514.6 123.4 576.0 191.9 606.7 578.9 604.9 254.0 197.4 584.9
2631.6 293.9 346.5 416.3 683.2 714.0 723.1 179.2 365.4 107.5 357.6 636.1 491.2 785.7 683.3 304.8 708.2 313.2 192.2 730.5 688.3 282.8 211.0 675.8 221.5 212.5 688.7 274.7 537.6 697.1 314.5 759.0 265.1 173.2 594.9 133.7 706.7 710.1 245.0 354.6 243.9 616.2 733.3 606.3 119.1 773.0 181.8 720.9 265.5 291.7 555.0 663.7 276.6 373.6 218.8 164.6 740.5 514.5 628.0 751.5 525.6 185.2 792.1 588.2 208.8 225.5 632.1 349.2 213.9 689.8 209.3 721.3 289.0 422.1 660.8 680.2 685.2 669.7 443.4 786.8 319.5 255.0 478.0 720.0 404.9 65.9 689.9 183.9 730.3 684.1 178.4 367.9 315.5 210.2 0.0 234.1 352.8 654.6 256.4 662.7 195.2 550.4 491.3 210.3 220.4 353.6 688.1 217.0 49.3 762.2 689.4 642.3 365.5 637.0 550.1 195.0 681.0 205.4 667.6 401.1 397.2 762.1 470.8 191.5 674.9 412.0 373.5 107.8 326.9 237.7 160.6 665.9 671.9 359.6 282.4 442.9 697.4 59.2 646.4 276.2 201.9 695.5 239.3 775.7 142.5 543.9 501.9 727.8 527.4 708.0 356.7 613.2 279.5 368.1 493.8 699.6 634.4 540.6 718.7 649.3 245.4 227.3 210.9 690.9 519.2 730.7 165.9 257.3 155.4 625.9 86.7 687.3 303.2 718.0 690.2 716.2 365.3 79.3 696.2
2663.0 226.0 238.1 307.9 611.4 642.2 651.3 219.7 257.0 202.1 275.2 564.3 419.4 713.9 611.5 233.0 636.4 241.4 59.1 658.7 605.9 195.2 80.9 604.0 187.1 23.9 616.9 130.8 455.2 625.3 174.3 687.2 197.2 51.9 523.1 228.3 634.9 638.3 157.4 246.2 174.3 544.4 661.5 534.5 187.7 701.2 222.3 649.1 231.1 219.9 472.6 581.3 218.2 265.2 149.2 106.9 668.7 442.7 556.2 679.7 443.2 225.7 720.3 505.8 174.4 137.9 560.3 266.8 179.5 618.0 192.9 649.5 221.1 350.3 589.0 608.4 613.4 597.9 361.0 715.0 247.7 57.2 406.2 648.2 296.5 240.6 618.1 149.5 658.5 612.3 218.9 259.5 233.1 140.6 246.3 0.0 244.4 582.8 188.5 590.9 64.1 468.0 419.5 122.7 204.2 245.2 616.3 182.6 224.0 690.4 617.6 559.9 283.1 565.2 467.7 88.9 609.2 117.8 595.8 292.7 314.9 690.3 399.0 157.1 603.1 329.6 265.1 173.1 255.1 203.3 126.2 594.1 600.1 251.2 101.2 360.5 625.6 233.9 574.6 208.3 90.3 623.7 171.4 703.9 183.0 472.1 430.1 656.0 445.0 636.2 310.8 541.4 191.9 259.7 411.4 627.8 562.6 458.2 636.3 577.5 25.9 157.7 77.3 619.1 447.4 648.3 60.3 189.4 95.9 554.1 159.5 615.5 231.4 646.2 618.4 644.4 293.5 230.2 624.4
2594.4 234.3 123.0 140.9 435.6 466.4 475.5 322.1 90.0 336.0 57.7 388.5 243.6 538.1 435.7 193.7 460.6 169.0 211.1 482.9 453.6 241.9 229.4 428.2 324.2 280.9 441.1 233.8 305.1 449.5 279.5 513.6 235.5 316.9 376.1 360.0 459.1 464.7 280.1 124.1 281.0 368.6 485.7 360.9 321.6 525.4 317.3 473.3 307.1 180.6 320.3 429.0 240.2 133.0 258.1 245.6 492.9 266.9 380.4 506.6 290.9 345.9 544.5 353.5 336.9 242.4 384.5 162.6 290.7 442.2 250.0 473.7 259.4 197.4 413.2 432.6 437.6 424.3 208.7 539.2 208.4 201.7 232.6 472.4 90.1 372.3 442.3 305.1 482.7 436.5 352.7 72.5 128.9 249.5 385.2 257.0 0.0 409.2 226.8 417.3 292.3 315.7 243.7 256.0 258.9 56.0 440.5 321.9 355.7 514.6 441.8 408.9 178.9 389.4 310.6 285.3 433.4 267.3 420.0 101.5 112.1 514.5 225.4 305.0 427.3 225.4 98.1 304.8 218.0 297.4 275.9 418.3 424.3 64.2 204.2 208.2 449.8 365.6 401.0 203.1 220.3 450.1 201.8 528.1 312.4 296.3 256.5 480.2 292.7 460.4 273.7 365.6 258.1 137.7 259.1 457.2 386.8 305.9 480.5 401.7 228.5 264.4 188.3 443.3 273.8 496.0 309.6 184.2 250.7 378.3 288.9 441.9 192.1 472.6 442.6 464.2 256.4 361.9 448.6
2458.8 525.5 475.0 499.8 254.3 241.8 225.7 549.1 448.9 643.6 460.7 69.4 314.8 164.3 227.0 448.7 236.0 460.9 538.9 103.1 302.8 574.5 520.6 243.7 656.8 608.7 305.5 535.9 402.1 69.7 575.7 178.8 526.7 590.6 418.5 669.8 90.3 257.3 612.7 483.1 572.2 426.6 235.9 357.3 629.2 145.6 546.5 200.3 639.7 435.6 426.3 329.9 571.7 502.1 547.1 536.8 215.4 338.1 155.8 262.0 436.1 575.1 319.9 472.2 654.2 575.0 455.7 495.2 623.3 375.8 580.4 223.9 550.6 556.3 135.7 219.0 112.0 317.5 509.4 159.4 467.2 529.5 317.2 99.8 409.6 677.4 257.8 629.3 257.5 370.1 577.4 420.5 461.5 538.5 666.9 584.8 416.9 0.0 518.0 381.4 583.5 410.8 314.9 586.4 591.5 414.9 60.7 652.3 660.8 290.0 217.2 307.1 511.5 244.6 381.8 576.5 26.3 596.0 142.5 423.2 500.3 134.7 348.4 635.4 129.2 558.0 457.0 614.6 470.8 627.8 606.0 251.8 105.2 420.9 532.0 508.9 383.4 670.7 174.2 494.3 511.5 242.9 534.4 303.5 612.1 367.5 325.5 230.4 398.7 80.6 438.8 436.8 588.5 496.6 388.1 202.2 165.8 416.9 273.1 82.6 557.3 555.6 516.1 165.8 342.8 367.1 593.4 475.4 575.7 247.9 580.1 215.1 447.1 220.6 338.0 333.0 509.2 671.7 224.0
2603.0 69.8 210.4 280.2 547.1 577.9 587.0 193.4 229.3 225.9 276.7 500.0 355.1 649.6 547.2 168.7 572.1 177.1 202.7 594.4 550.6 255.3 102.9 539.7 261.7 198.1 552.6 138.6 442.4 561.0 178.4 622.9 41.0 172.9 458.8 252.1 570.6 574.0 293.5 218.5 154.5 480.1 597.2 470.2 211.5 636.9 190.8 584.8 305.7 155.6 466.6 526.0 252.5 237.5 129.4 119.1 604.4 378.4 491.9 615.4 438.3 219.4 656.0 514.0 249.0 255.8 496.0 261.9 254.1 553.7 249.5 585.2 64.9 286.0 524.7 544.1 549.1 533.6 356.1 650.7 183.4 177.5 341.9 583.9 268.8 259.7 553.8 224.1 594.2 548.0 221.7 231.8 228.2 120.8 249.2 174.2 216.7 518.5 0.0 526.6 165.8 463.1 355.2 250.5 260.6 217.5 552.0 257.2 243.1 626.1 553.3 518.2 278.2 500.9 422.1 158.8 544.9 245.6 531.5 265.0 287.2 626.0 334.7 231.7 538.8 324.7 237.4 196.9 190.8 277.9 200.8 529.8 535.8 223.5 146.3 355.6 561.3 253.0 510.3 91.6 93.8 559.4 215.2 639.6 185.9 407.8 365.8 591.7 439.0 571.9 277.8 477.1 269.3 232.0 406.5 563.5 498.3 453.3 589.8 513.2 179.2 137.9 179.9 554.8 383.1 593.0 175.7 121.2 195.6 489.8 162.4 551.2 167.1 581.9 554.1 580.1 229.2 254.0 560.1
2525.3 557.1 558.9 586.7 194.2 282.1 293.0 580.7 535.8 676.2 470.5 461.3 303.0 405.3 359.4 480.3 358.6 492.5 599.1 357.2 128.1 584.3 552.2 257.1 666.6 668.9 228.5 621.8 286.9 421.8 665.3 391.8 558.3 659.3 346.9 702.4 443.2 161.2 622.5 533.3 603.8 164.2 283.1 66.7 661.8 385.2 578.1 367.5 649.5 467.2 304.3 155.2 581.5 542.2 578.7 650.7 443.4 266.5 290.1 249.0 190.2 606.7 360.2 200.0 677.1 584.8 384.1 505.0 633.1 239.2 590.2 314.4 582.2 643.2 411.4 356.3 421.7 253.7 408.6 372.4 498.8 589.7 279.2 469.9 496.5 714.7 271.2 647.5 244.5 233.5 609.0 507.4 471.3 570.1 727.6 645.0 501.6 448.1 549.6 0.0 681.3 164.9 276.9 596.2 601.3 501.8 448.8 662.1 698.1 330.3 387.1 139.1 521.3 290.2 260.5 681.1 474.5 605.8 354.5 510.1 510.1 326.6 316.6 645.2 377.8 567.8 543.9 647.2 502.4 637.6 618.3 319.1 401.5 507.8 592.2 408.1 246.8 708.0 303.0 525.9 543.1 371.6 544.2 343.8 688.8 295.9 227.3 308.1 276.7 450.7 470.4 365.2 598.3 580.5 243.1 260.5 314.1 172.5 135.6 469.8 617.5 587.2 576.3 393.8 221.5 192.4 652.0 507.0 593.1 267.0 665.3 385.0 478.7 261.3 274.2 201.0 540.8 704.3 324.6
2621.9 219.1 278.6 341.5 608.4 639.2 648.3 178.6 290.6 164.3 338.0 561.3 416.4 710.9 608.5 230.0 633.4 238.4 115.8 655.7 611.9 251.9 74.0 601.0 200.1 60.3 613.9 187.5 503.7 622.3 231.0 684.2 190.3 7.0 520.1 190.5 631.9 635.3 214.1 279.8 145.1 541.4 658.5 531.5 149.9 698.2 181.2 646.1 244.1 216.9 527.9 587.3 273.8 298.8 120.0 65.8 665.7 439.7 553.2 676.7 499.6 184.6 717.3 575.3 187.4 194.6 557.3 323.6 192.5 615.0 187.9 646.5 214.2 347.3 586.0 605.4 610.4 594.9 417.4 712.0 244.7 113.9 403.2 645.2 330.1 202.8 615.1 162.5 655.5 609.3 177.8 293.1 289.5 111.4 205.2 77.6 280.2 579.8 181.6 587.9 0.0 524.4 416.5 179.4 199.0 278.8 613.3 195.6 186.2 687.4 614.6 579.5 339.5 562.2 483.4 47.8 606.2 176.2 592.8 326.3 348.5 687.3 396.0 170.1 600.1 386.0 298.7 135.3 252.1 216.3 139.2 591.1 597.1 284.8 157.9 416.9 622.6 196.1 571.6 201.4 83.4 620.7 228.1 700.9 141.9 469.1 427.1 653.0 500.3 633.2 296.7 538.4 248.6 293.3 467.8 624.8 559.6 514.6 651.1 574.5 82.6 128.5 134.0 616.1 444.4 654.3 19.2 182.5 152.6 551.1 118.4 612.5 228.4 643.2 615.4 641.4 290.5 192.4 621.4
2399.5 480.1 400.8 421.7 212.1 338.3 310.9 560.5 370.8 511.2 305.5 517.5 377.2 423.2 377.3 439.5 414.8 447.6 434.1 375.1 202.8 419.3 475.2 275.0 501.6 503.9 288.0 456.8 254.8 439.7 500.3 409.7 481.3 494.3 322.2 537.4 460.3 179.1 457.5 368.3 526.8 238.4 301.0 178.9 496.8 403.1 563.1 385.4 484.5 426.4 272.2 216.7 416.5 377.2 501.7 485.7 417.9 274.7 346.3 266.9 25.2 566.5 416.4 180.4 512.1 419.8 359.4 340.0 468.1 283.5 425.2 332.3 505.2 478.2 467.6 374.2 477.9 309.9 243.6 390.3 454.2 424.7 353.4 487.8 331.5 549.7 289.1 482.5 262.4 277.8 562.0 342.4 306.3 493.1 562.6 480.0 336.6 466.0 472.6 235.3 516.3 0.0 351.1 431.2 436.3 336.8 466.7 497.1 533.1 386.5 443.3 195.3 356.3 346.4 267.3 516.1 447.7 442.5 410.7 345.1 345.1 344.5 390.8 480.2 434.0 402.8 378.9 482.2 461.6 472.6 453.3 375.3 457.7 342.8 427.2 243.1 291.1 543.0 359.2 448.9 466.1 389.5 379.2 400.0 523.9 294.5 301.5 326.0 244.6 468.6 413.3 340.5 433.3 415.5 211.0 275.2 370.3 93.6 173.1 526.0 451.5 510.2 411.3 450.0 254.8 283.7 487.0 430.0 428.1 323.2 500.3 441.2 437.9 279.2 330.4 264.9 500.0 539.3 380.8
2690.1 376.4 325.9 350.7 355.9 386.8 395.8 400.0 299.8 494.5 380.7 308.8 79.7 458.4 356.0 299.6 380.9 311.8 389.8 403.2 289.8 494.5 371.5 348.5 576.8 459.6 361.4 386.8 181.6 369.8 426.6 431.7 377.6 441.5 198.0 520.7 379.4 356.2 532.7 334.0 423.1 219.3 406.0 209.4 480.1 445.7 397.4 393.6 559.7 286.5 205.8 265.2 491.7 353.0 398.0 387.7 413.2 117.6 300.7 424.2 338.0 426.0 464.9 253.2 505.1 495.0 235.2 415.2 543.3 292.9 500.4 394.0 401.5 407.2 333.5 352.9 357.9 358.4 318.8 459.5 318.1 380.4 26.5 392.7 260.5 528.3 362.6 480.2 439.5 287.2 428.3 271.4 381.5 389.4 517.8 435.7 265.6 327.3 368.9 265.8 434.4 359.9 0.0 506.4 511.5 265.8 360.8 572.3 511.7 435.0 362.1 243.8 431.5 309.7 161.3 427.4 353.7 516.0 340.3 274.1 420.3 434.8 63.9 555.4 347.6 478.0 307.9 465.5 321.7 547.8 456.9 338.6 344.6 271.8 382.9 318.3 300.5 521.6 319.1 345.2 362.4 368.2 454.4 448.5 463.0 147.0 105.0 400.5 178.2 380.7 289.7 216.3 508.5 347.5 167.6 372.3 307.1 257.2 319.4 322.0 408.2 406.5 367.0 363.6 122.3 332.2 444.3 326.3 426.6 298.6 431.0 360.0 298.0 390.7 378.9 358.5 360.1 522.6 368.9
2653.2 258.1 222.6 292.4 595.9 626.7 635.8 209.9 241.5 160.6 238.5 548.8 403.9 698.4 596.0 217.5 620.9 225.9 43.1 643.2 569.2 72.4 163.8 588.5 145.6 147.7 601.4 177.3 418.5 609.8 220.8 671.7 253.2 143.7 485.9 186.8 619.4 622.8 49.1 230.7 214.4 528.9 646.0 519.0 146.2 685.7 212.5 633.6 189.6 204.4 435.9 544.6 95.4 249.7 189.3 135.1 653.2 427.2 540.7 664.2 406.5 215.9 704.8 469.1 132.9 15.1 523.1 230.1 138.0 602.5 146.2 634.0 277.1 334.8 573.5 592.9 597.9 582.4 324.3 699.5 232.2 105.9 390.7 632.7 281.0 199.1 602.6 108.0 643.0 596.8 209.1 244.0 196.4 180.7 212.0 123.8 228.9 567.3 244.5 575.4 165.7 431.3 404.0 0.0 157.3 229.7 600.8 141.1 182.5 674.9 602.1 523.2 246.4 549.7 431.0 165.5 593.7 9.5 580.3 277.2 278.1 674.8 383.5 115.6 587.6 292.9 249.6 131.6 239.6 161.8 84.7 578.6 584.6 235.7 147.7 323.8 610.1 192.4 559.1 226.9 173.2 608.2 48.6 688.4 173.2 456.6 414.6 640.5 408.3 620.7 295.3 504.2 83.6 244.2 374.7 612.3 547.1 421.5 599.6 562.0 96.3 197.8 61.8 603.6 431.9 611.6 136.4 208.0 54.4 538.6 149.7 600.0 215.9 630.7 602.9 628.9 278.0 188.7 608.9
2692.8 301.7 266.2 336.0 625.7 663.6 665.6 249.5 285.1 200.2 235.9 578.6 433.7 728.2 625.8 261.1 650.7 269.5 135.9 673.0 566.6 157.7 222.4 618.3 64.0 222.6 631.2 270.1 415.9 639.6 313.6 701.5 292.8 183.3 483.3 226.4 649.2 607.9 188.7 274.3 254.0 522.7 675.8 504.2 185.8 715.5 252.1 663.4 42.9 248.0 433.3 542.0 154.9 293.3 228.9 174.7 683.0 435.8 570.5 695.7 403.9 255.5 741.7 466.5 74.5 169.2 520.5 227.5 26.5 602.6 19.1 663.8 316.7 378.4 603.3 622.7 627.7 635.2 321.7 729.3 275.8 198.7 420.5 662.5 324.6 260.6 632.4 44.9 691.2 601.1 248.7 287.6 193.8 220.3 273.5 216.6 269.0 597.1 284.1 560.6 205.3 428.7 433.8 154.0 0.0 273.3 630.6 59.5 244.0 711.8 631.9 520.6 243.8 579.5 428.4 205.1 623.5 149.1 610.1 320.8 275.5 704.6 413.3 38.6 617.4 290.3 293.2 171.2 283.2 35.0 68.2 608.4 614.4 279.3 240.5 321.2 610.2 253.9 588.9 270.5 213.3 638.0 117.6 725.3 212.8 455.6 444.4 670.3 405.7 650.5 338.9 501.6 171.7 287.8 372.1 642.1 576.9 418.9 597.0 591.8 189.1 237.4 154.6 633.4 415.9 609.0 176.0 251.6 99.1 568.4 189.3 629.8 259.5 660.5 655.7 635.3 321.6 250.2 638.7
2621.7 214.3 96.1 120.9 455.0 485.8 494.9 299.9 70.0 332.4 115.2 407.9 263.0 557.5 455.1 173.7 480.0 146.8 191.1 502.3 473.0 243.7 209.4 447.6 319.1 260.9 460.5 213.8 322.3 468.9 257.3 530.8 215.5 289.0 395.5 358.6 478.5 481.9 281.9 104.2 261.0 388.0 505.1 378.1 318.0 544.8 297.3 492.7 308.9 160.6 339.7 448.4 239.8 123.2 235.9 225.6 512.3 286.3 399.8 523.3 310.3 325.9 563.9 372.9 306.4 244.2 403.9 213.9 292.5 461.6 249.6 493.1 239.4 177.4 432.6 452.0 457.0 441.5 228.1 558.6 188.4 181.7 249.8 491.8 51.5 366.2 461.7 281.5 502.1 455.9 328.2 27.9 180.2 227.3 355.7 237.0 55.2 426.4 206.8 434.5 272.3 335.1 263.1 254.7 260.7 0.0 459.9 314.6 349.6 534.0 461.2 426.1 230.2 408.8 330.0 265.3 452.8 251.5 439.4 56.0 169.6 533.9 242.6 289.1 446.7 276.7 78.1 303.4 195.8 297.0 258.2 437.7 443.7 6.0 184.2 227.6 469.2 359.5 418.2 183.1 200.3 467.3 203.6 547.5 292.4 315.7 273.7 499.6 312.1 479.8 251.5 385.0 257.7 117.7 278.5 471.4 406.2 325.3 497.7 421.1 208.5 244.4 168.3 462.7 291.0 515.4 282.2 164.2 227.9 397.7 268.9 459.1 172.1 489.8 462.0 483.6 234.2 360.5 468.0
2519.8 579.2 528.7 553.5 319.1 263.8 206.6 602.8 502.6 697.3 514.4 95.7 368.5 145.2 216.5 502.4 306.4 514.6 592.6 84.0 367.6 628.2 574.3 304.7 710.5 662.4 366.5 589.6 455.8 50.6 629.4 159.7 580.4 644.3 472.2 723.5 71.2 322.1 666.4 536.8 625.9 497.0 216.8 422.1 682.9 126.5 600.2 181.2 693.4 489.3 480.0 394.7 625.4 555.8 600.8 590.5 238.7 391.8 226.2 235.0 477.8 628.8 320.1 542.6 707.9 628.7 509.4 548.9 677.0 446.2 634.1 204.8 604.3 610.0 266.6 213.8 92.9 339.1 563.1 140.3 520.9 583.2 370.9 73.9 463.3 731.1 318.8 683.0 267.9 440.5 631.1 474.2 515.2 592.2 720.6 638.5 468.4 60.9 571.7 446.2 637.2 452.5 368.6 640.1 645.2 468.6 0.0 706.0 714.5 315.8 243.0 377.5 565.2 315.0 435.5 630.2 87.3 649.7 213.6 476.9 554.0 115.6 402.1 689.1 135.8 611.7 510.7 668.3 524.5 681.5 659.7 322.2 111.8 474.6 585.7 562.6 453.8 724.4 244.6 548.0 565.2 229.1 588.1 303.7 665.8 421.2 379.2 211.3 452.4 61.5 492.5 490.5 642.2 550.3 441.8 183.1 204.5 487.3 337.9 126.9 611.0 609.3 569.8 189.1 396.5 431.9 647.1 529.1 629.4 318.3 633.8 240.9 500.8 201.5 359.6 425.3 562.9 725.4 294.4
2685.2 314.0 314.7 377.6 681.1 711.9 721.0 241.9 326.7 192.6 291.0 634.0 489.1 783.6 681.2 302.7 706.1 311.1 128.3 728.4 621.7 218.9 214.8 673.7 4.4 215.0 686.6 262.5 471.0 695.0 306.0 756.9 285.2 175.7 538.4 218.8 704.6 663.0 181.1 315.9 246.4 577.8 731.2 559.3 178.2 770.9 244.5 718.8 112.3 289.6 488.4 597.1 208.9 334.9 221.3 167.1 738.4 490.9 625.9 752.1 459.0 247.9 790.0 521.6 66.9 161.6 575.6 282.6 95.9 657.7 74.2 719.2 309.1 420.0 658.7 678.1 683.1 690.3 376.8 784.7 317.4 191.1 475.9 717.9 366.2 253.0 687.8 37.3 746.3 656.2 241.1 329.2 248.9 212.7 265.9 209.0 314.1 652.5 276.5 615.7 197.7 483.8 489.2 146.4 53.8 314.9 686.0 0.0 236.4 760.1 687.3 575.7 298.9 634.9 483.5 197.5 678.9 143.2 665.5 362.4 330.6 760.0 468.7 102.0 672.8 345.4 334.8 163.6 324.8 52.6 60.6 663.8 669.8 320.9 232.9 376.3 665.3 246.3 644.3 296.3 205.7 693.4 195.1 773.6 205.3 510.7 499.8 725.7 460.8 705.9 360.0 556.7 215.6 329.4 427.2 697.5 632.3 474.0 652.1 647.2 180.5 229.8 147.0 688.8 471.0 664.1 168.4 277.4 91.5 623.8 181.7 685.2 301.1 715.9 710.8 690.4 363.2 242.6 694.1
2624.4 286.7 339.3 409.1 676.0 706.8 715.9 172.0 358.2 100.3 327.0 628.9 484.0 778.5 676.1 297.6 701.0 306.0 161.6 723.3 657.7 252.2 197.3 668.6 190.9 197.5 681.5 267.5 507.0 689.9 307.3 751.8 257.9 158.2 574.4 126.5 699.5 702.9 214.4 347.4 228.9 609.0 726.1 595.3 97.0 765.8 174.6 713.7 234.9 284.5 524.4 633.1 246.0 366.4 203.8 149.6 733.3 507.3 620.8 744.3 495.0 178.0 784.9 557.6 178.2 194.9 611.6 318.6 183.3 682.6 178.7 714.1 281.8 414.9 653.6 673.0 678.0 662.5 412.8 779.6 312.3 224.4 470.8 712.8 397.7 16.5 682.7 153.3 723.1 676.9 171.2 360.7 284.9 195.2 68.2 219.1 345.6 647.4 249.2 651.7 180.2 519.8 484.1 179.7 189.8 346.4 680.9 186.4 0.0 755.0 682.2 611.7 334.9 629.8 519.5 180.0 673.8 174.8 660.4 393.9 366.6 754.9 463.6 160.9 667.7 381.4 366.3 82.4 319.7 207.1 130.0 658.7 664.7 352.4 266.2 412.3 690.2 9.8 639.2 269.0 188.2 688.3 208.7 768.5 135.3 536.7 494.7 720.6 496.8 700.8 349.5 592.7 248.9 360.9 463.2 692.4 627.2 510.0 688.1 642.1 214.8 212.3 180.3 683.7 507.0 700.1 150.9 250.1 124.8 618.7 79.5 680.1 296.0 710.8 683.0 709.0 358.1 48.7 689.0
2537.5 609.9 559.4 584.2 209.2 64.2 151.1 633.5 533.3 792.1 586.4 315.0 445.7 248.7 177.4 533.1 212.3 545.3 623.3 233.3 257.7 700.2 605.0 216.6 782.5 693.1 239.8 620.3 427.1 297.9 660.1 267.9 611.1 675.0 494.5 818.3 296.9 212.2 738.4 567.5 656.6 306.9 141.2 267.4 777.7 258.5 630.9 233.0 765.4 520.0 444.5 209.3 697.4 658.1 631.5 621.2 218.0 409.2 143.8 107.1 367.9 659.5 126.1 352.5 793.0 700.7 531.7 620.9 749.0 256.1 706.1 164.7 635.0 640.7 265.1 174.3 275.4 101.4 524.5 248.5 551.6 613.9 421.9 348.3 494.0 830.6 230.7 763.4 158.0 250.4 661.8 504.9 587.2 622.9 751.3 669.2 499.1 324.2 602.4 336.3 667.9 342.6 419.6 712.1 717.2 499.3 324.9 778.0 814.0 0.0 153.6 187.4 637.2 197.4 403.2 660.9 350.6 721.7 208.2 507.6 626.0 202.7 459.3 761.1 231.5 683.7 541.4 763.1 555.2 753.5 734.2 206.1 255.2 505.3 616.4 524.0 263.7 823.9 156.7 578.7 595.9 189.6 660.1 109.7 696.5 438.6 370.0 163.7 416.9 333.9 523.2 512.8 714.2 581.0 383.3 136.6 167.8 297.2 228.0 323.5 641.7 640.0 600.5 217.5 364.2 276.3 677.8 559.8 709.0 150.5 664.5 175.3 531.5 136.3 97.3 269.1 593.6 820.2 178.3
2587.6 592.8 542.3 567.1 259.3 105.6 146.8 616.4 516.2 710.9 528.0 211.2 382.1 160.3 89.0 516.0 253.7 528.2 606.2 174.9 307.8 641.8 587.9 266.7 724.1 676.0 328.5 603.2 502.2 269.3 643.0 182.7 594.0 657.9 569.6 737.1 246.8 262.3 680.0 550.4 639.5 382.0 157.0 362.3 696.5 170.1 613.8 144.6 707.0 502.9 519.6 284.4 639.0 569.4 614.4 604.1 129.6 484.3 185.2 168.5 418.0 642.4 187.5 427.6 721.5 642.3 606.8 562.5 690.6 331.2 647.7 145.0 617.9 623.6 211.4 85.9 225.3 189.7 599.6 195.1 534.5 596.8 384.5 298.2 476.9 744.7 280.8 696.6 208.1 325.5 644.7 487.8 528.8 605.8 734.2 652.1 482.0 229.7 585.3 386.4 650.8 392.7 382.2 653.7 658.8 482.2 263.2 719.6 728.1 139.6 0.0 262.5 578.8 240.3 478.3 643.8 256.1 663.3 154.5 490.5 567.6 144.3 415.7 702.7 181.4 625.3 524.3 681.9 538.1 695.1 673.3 247.5 205.1 488.2 599.3 599.1 338.8 738.0 198.1 561.6 578.8 101.2 601.7 171.1 679.4 513.7 445.1 151.5 492.0 283.8 506.1 587.9 655.8 563.9 458.4 123.3 114.1 372.3 278.1 224.4 624.6 622.9 583.4 129.1 439.3 372.1 660.7 542.7 643.0 203.3 647.4 86.9 514.4 141.7 185.6 365.5 576.5 739.0 219.7
2480.2 512.3 494.2 515.1 146.0 142.9 246.0 535.9 464.2 604.6 398.9 322.1 258.2 313.1 241.8 435.5 219.4 447.7 527.5 327.3 45.9 512.7 507.4 138.6 595.0 597.3 134.3 550.2 239.6 326.5 593.7 317.5 513.5 587.7 307.0 630.8 304.0 131.3 550.9 461.7 559.0 119.4 236.1 79.9 590.2 322.9 533.3 279.4 577.9 422.4 257.0 21.3 508.8 470.6 533.9 579.1 304.2 221.7 150.9 202.0 192.0 561.9 221.0 165.0 605.5 513.2 344.2 433.4 561.5 88.1 518.6 259.6 537.4 571.6 272.2 238.7 282.5 114.5 337.0 342.5 454.0 518.1 234.4 355.4 424.9 643.1 152.7 575.9 214.6 82.4 564.2 435.8 399.7 525.3 656.0 573.4 432.0 340.6 504.8 136.3 609.7 219.9 232.1 524.6 529.7 430.2 374.1 590.5 626.5 191.1 247.9 0.0 449.7 151.0 215.7 609.5 367.0 535.9 215.3 438.5 438.5 296.7 271.8 573.6 238.6 496.2 472.3 575.6 457.6 566.0 546.7 179.9 262.3 436.2 520.6 336.5 95.7 636.4 163.8 481.1 498.3 254.0 472.6 204.6 617.2 251.1 182.5 258.6 229.4 341.0 425.6 325.3 526.7 508.9 195.8 227.4 174.9 109.7 76.3 330.6 544.9 544.1 504.7 254.6 176.7 88.3 580.4 462.2 521.5 127.8 593.7 245.8 433.9 231.2 135.0 114.6 496.0 632.7 185.4
2674.6 267.2 231.7 301.5 545.3 583.2 585.2 347.6 250.6 298.3 155.5 498.2 353.3 647.8 545.4 226.6 570.3 235.0 221.2 592.6 486.2 206.4 262.3 537.9 288.7 291.0 550.8 243.9 335.5 559.2 287.4 621.1 268.4 281.4 402.9 324.5 568.8 527.5 244.6 239.8 313.9 442.3 595.4 423.8 283.9 635.1 350.2 583.0 271.6 213.5 352.9 461.6 203.6 227.2 288.8 272.8 602.6 355.4 490.1 615.3 323.5 353.6 661.3 386.1 299.2 206.9 440.1 102.3 255.2 522.2 212.3 583.4 292.3 343.9 522.9 542.3 547.3 554.8 241.3 648.9 241.3 211.8 340.1 582.1 238.6 336.8 552.0 269.6 610.8 520.7 346.8 253.1 68.6 280.2 349.7 267.1 188.6 516.7 259.7 480.2 303.4 348.3 353.4 218.3 223.4 238.8 550.2 284.2 320.2 631.4 551.5 440.2 0.0 499.1 348.0 303.2 543.1 227.9 529.7 286.3 195.1 624.2 332.9 267.3 537.0 96.3 258.7 269.3 248.7 259.7 240.4 528.0 534.0 244.8 214.3 240.8 529.8 330.1 508.5 236.0 253.2 557.6 166.3 644.9 310.9 375.2 364.0 589.9 325.3 570.1 304.4 421.2 220.4 253.3 291.7 561.7 496.5 338.5 516.6 511.4 239.6 297.3 198.4 553.0 335.5 528.6 274.1 217.1 215.2 488.0 287.4 549.4 225.0 580.1 575.3 554.9 287.1 326.4 558.3
2525.3 515.5 465.0 489.8 191.1 125.2 228.3 539.1 438.9 633.6 450.7 282.0 304.8 265.6 194.3 438.7 79.5 450.9 528.9 262.2 237.0 564.5 510.6 183.7 646.8 598.7 196.6 525.9 337.9 279.0 565.7 270.0 516.7 580.6 405.3 659.8 256.5 218.0 602.7 473.1 562.2 310.0 218.4 270.5 619.2 275.4 536.5 231.9 629.7 425.6 355.3 212.4 561.7 492.1 537.1 526.8 256.7 348.6 103.4 184.3 382.6 565.1 203.3 355.6 644.2 565.0 442.5 485.2 613.3 259.2 570.4 232.3 540.6 546.3 224.7 191.2 235.0 152.1 527.6 282.4 457.2 519.5 307.2 307.9 399.6 667.4 197.8 619.3 235.2 253.5 567.4 410.5 451.5 528.5 656.9 574.8 404.7 300.5 508.0 326.9 573.5 348.4 304.9 576.4 581.5 404.9 334.0 642.3 650.8 173.4 200.4 190.5 501.5 0.0 310.6 566.5 326.9 586.0 167.8 413.2 490.3 231.6 338.4 625.4 191.1 548.0 447.0 604.6 460.8 617.8 596.0 28.8 214.8 410.9 522.0 527.1 266.8 660.7 71.4 484.3 501.5 206.5 524.4 186.9 602.1 377.6 295.4 238.8 327.7 293.5 428.8 423.6 578.5 486.6 326.2 210.6 127.4 300.3 233.8 295.2 547.3 545.6 506.1 207.1 271.6 279.4 583.4 465.4 565.7 63.3 570.1 198.3 437.1 213.5 172.6 224.1 499.2 661.7 58.6
2681.5 468.1 388.8 409.7 347.3 377.2 442.9 548.5 358.8 499.2 293.5 382.5 214.2 532.1 429.7 427.5 380.7 435.6 422.1 476.9 293.2 407.3 463.2 339.9 489.6 491.9 352.8 444.8 74.2 443.5 488.3 505.4 469.3 482.3 170.4 525.4 453.1 374.2 445.5 356.3 514.8 209.7 433.0 199.8 484.8 519.4 551.1 467.3 472.5 414.4 91.6 268.6 403.4 365.2 489.7 473.7 486.9 94.1 374.4 398.9 250.8 554.5 455.3 176.8 500.1 407.8 178.8 328.0 456.1 265.3 413.2 467.7 493.2 466.2 407.2 426.6 431.6 348.8 231.6 533.2 442.2 412.7 190.4 466.4 319.5 537.7 354.0 470.5 394.4 259.6 547.7 330.4 294.3 481.1 550.6 468.0 324.6 401.0 460.6 256.2 504.3 275.6 188.1 419.2 424.3 324.8 434.5 485.1 521.1 425.4 435.8 234.2 344.3 301.1 0.0 504.1 427.4 430.5 414.0 333.1 333.1 476.5 227.8 468.2 421.3 390.8 366.9 470.2 449.6 460.6 441.3 330.0 418.3 330.8 415.2 231.1 272.9 531.0 392.8 436.9 454.1 441.9 367.2 438.9 511.8 113.9 138.5 474.2 64.0 454.4 381.6 159.9 421.3 403.5 62.5 407.2 409.2 170.9 323.6 395.7 440.5 498.2 399.3 437.3 54.4 335.6 475.0 418.0 416.1 290.0 488.3 433.7 425.9 411.2 369.3 353.3 488.0 527.3 359.8
2621.7 210.6 263.2 333.0 599.9 630.7 639.8 178.4 282.1 164.1 329.5 552.8 407.9 702.4 600.0 221.5 624.9 229.9 165.9 647.2 603.4 261.2 64.3 592.5 199.9 85.1 605.4 191.4 495.2 613.8 231.2 675.7 181.8 45.8 511.6 190.3 623.4 626.8 223.4 271.3 144.9 532.9 650.0 523.0 149.7 689.7 181.0 637.6 243.9 208.4 519.4 578.8 255.0 290.3 119.8 65.6 657.2 431.2 544.7 668.2 491.1 184.4 708.8 566.8 187.2 203.9 548.8 314.7 192.3 606.5 187.7 638.0 205.7 338.8 577.5 596.9 601.9 586.4 408.9 703.5 236.2 164.0 394.7 636.7 321.6 202.6 606.6 162.3 647.0 600.8 177.6 284.6 281.0 111.2 205.0 106.7 269.5 571.3 173.1 579.4 67.8 515.9 408.0 188.7 198.8 270.3 604.8 195.4 186.0 678.9 606.1 571.0 331.0 553.7 474.9 0.0 597.7 183.8 584.3 317.8 340.0 678.8 387.5 169.9 591.6 377.5 290.2 135.1 243.6 216.1 139.0 582.6 588.6 276.3 199.1 408.4 614.1 195.9 563.1 192.9 74.9 612.2 217.7 692.4 141.7 460.6 418.6 644.5 491.8 624.7 296.5 529.9 257.9 284.8 459.3 616.3 551.1 506.1 642.6 566.0 132.7 128.3 184.1 607.6 435.9 645.8 38.5 174.0 133.8 542.6 118.2 604.0 219.9 634.7 606.9 632.9 282.0 192.2 612.9
2432.4 541.8 491.3 516.1 227.9 284.4 279.6 565.4 465.2 659.9 477.0 85.7 331.1 180.6 243.3 465.0 252.3 477.2 555.2 119.4 276.4 590.8 536.9 217.3 673.1 625.0 279.1 552.2 418.4 86.0 592.0 195.1 543.0 606.9 434.8 686.1 106.6 230.9 629.0 499.4 588.5 415.2 269.7 330.9 645.5 161.9 562.8 216.6 656.0 451.9 442.6 303.5 588.0 518.4 563.4 553.1 231.7 354.4 172.1 235.6 409.7 591.4 340.7 460.8 670.5 591.3 472.0 511.5 639.6 364.4 596.7 240.2 566.9 572.6 152.0 235.3 128.3 291.1 525.7 175.7 483.5 545.8 333.5 116.1 425.9 693.7 231.4 645.6 231.1 358.7 593.7 436.8 477.8 554.8 683.2 601.1 433.2 16.2 534.3 355.0 599.8 384.4 331.2 602.7 607.8 431.2 77.0 668.6 677.1 306.3 233.5 295.7 527.8 260.9 398.1 592.8 0.0 612.3 158.8 439.5 516.6 151.0 364.7 651.7 145.5 574.3 473.3 630.9 487.1 644.1 622.3 268.1 121.5 437.2 548.3 525.2 372.0 687.0 190.5 510.6 527.8 259.2 550.7 324.3 628.4 383.8 341.8 246.7 415.0 96.9 455.1 453.1 604.8 512.9 404.4 247.1 182.1 405.5 246.7 98.9 573.6 571.9 532.4 182.1 359.1 340.7 609.7 491.7 592.0 298.5 596.4 231.4 463.4 247.9 311.6 306.6 525.5 688.0 240.3
2670.4 275.3 239.8 309.6 613.1 643.9 653.0 227.1 258.7 177.8 250.2 566.0 421.1 715.6 613.2 234.7 638.1 243.1 60.3 660.4 580.9 84.1 181.0 605.7 162.8 164.9 618.6 194.5 430.2 627.0 238.0 688.9 270.4 160.9 526.4 204.0 636.6 640.0 37.8 247.9 231.6 546.1 663.2 518.5 163.4 702.9 229.7 650.8 206.8 221.6 447.6 556.3 99.0 266.9 206.5 152.3 670.4 444.4 557.9 681.4 418.2 233.1 722.0 480.8 150.1 26.8 534.8 241.8 155.2 619.7 157.9 651.2 294.3 352.0 590.7 610.1 615.1 599.6 336.0 716.7 249.4 123.1 407.9 649.9 298.2 216.3 619.8 125.2 660.2 614.0 226.3 261.2 208.1 197.9 229.2 141.0 248.3 584.5 261.7 574.9 182.9 443.0 421.2 11.6 169.0 246.9 618.0 158.3 199.7 692.1 619.3 534.9 258.1 566.9 442.7 182.7 610.9 0.0 597.5 294.4 289.8 692.0 400.7 132.8 604.8 304.6 266.8 148.8 256.8 179.0 101.9 595.8 601.8 252.9 164.9 335.5 627.3 209.6 576.3 244.1 190.4 625.4 60.3 705.6 190.5 473.8 431.8 657.7 420.0 637.9 312.5 515.9 72.3 261.4 386.4 629.5 564.3 433.2 611.3 579.2 113.5 215.0 79.0 620.8 430.2 623.3 153.6 225.2 71.6 555.8 166.9 617.2 233.1 647.9 620.1 641.7 295.2 205.9 626.1
2588.9 539.1 488.6 513.4 254.2 142.0 169.1 562.7 462.5 657.2 474.3 111.5 328.4 210.1 163.9 462.3 136.2 474.5 552.5 205.9 253.8 588.1 534.2 310.6 670.4 622.3 259.7 549.5 447.0 172.5 589.3 281.6 540.3 604.2 514.4 683.4 152.1 306.2 626.3 496.7 585.8 326.8 179.3 287.3 642.8 219.9 560.1 166.9 653.3 449.2 464.4 229.2 585.3 515.7 560.7 550.4 152.3 351.7 56.0 201.1 399.4 588.7 220.1 372.4 667.8 588.6 551.6 508.8 636.9 276.0 594.0 167.3 564.2 569.9 56.8 155.9 130.6 168.9 544.4 262.2 480.8 543.1 330.8 195.4 423.2 691.0 324.7 642.9 252.0 270.3 591.0 434.1 475.1 552.1 680.5 598.4 428.3 130.0 531.6 343.7 597.1 424.2 328.5 600.0 605.1 428.5 163.5 665.9 674.4 190.2 135.4 207.3 525.1 144.8 423.1 590.1 156.4 609.6 0.0 436.8 513.9 237.5 362.0 649.0 86.7 571.6 470.6 628.2 484.4 641.4 619.6 152.0 110.4 434.5 545.6 543.9 283.6 684.3 74.4 507.9 525.1 179.8 548.0 203.7 625.7 381.1 389.9 173.8 436.8 183.4 452.4 532.7 602.1 510.2 403.2 145.6 34.3 317.1 284.2 124.7 570.9 569.2 529.7 102.7 384.1 296.2 607.0 489.0 589.3 148.1 593.7 133.3 460.7 164.0 189.4 289.0 522.8 685.3 124.2
2621.2 262.0 143.8 168.6 462.4 493.2 502.3 347.6 117.7 392.5 159.8 415.3 270.4 564.9 462.5 221.4 487.4 194.5 238.8 509.7 480.4 300.6 257.1 455.0 366.8 308.6 467.9 261.5 329.7 476.3 305.0 538.2 263.2 336.7 374.1 418.7 485.9 489.3 338.8 151.9 308.7 395.4 512.5 385.5 378.1 552.2 345.0 500.1 365.8 208.3 347.1 455.8 297.8 170.9 283.6 273.3 519.7 293.7 407.2 530.7 317.7 373.6 571.3 380.3 354.1 301.1 411.3 221.3 349.4 469.0 306.5 500.5 287.1 225.1 440.0 459.4 464.4 448.9 235.5 566.0 236.1 229.4 257.2 499.2 23.7 413.9 469.1 329.2 509.5 463.3 375.9 23.1 187.6 275.0 403.4 284.7 99.8 433.8 254.5 441.9 320.0 342.5 270.5 312.5 317.6 41.3 467.3 362.3 397.3 541.4 468.6 433.5 237.6 416.2 337.4 313.0 460.2 297.5 446.8 0.0 214.2 541.3 250.0 336.8 454.1 284.1 125.8 363.5 243.5 353.9 305.9 445.1 451.1 47.3 231.9 235.0 476.6 407.2 425.6 230.8 248.0 474.7 260.5 554.9 340.1 323.1 281.1 507.0 319.5 487.2 299.2 392.4 314.6 165.4 285.9 478.8 413.6 332.7 505.1 428.5 257.2 292.1 216.0 470.1 298.4 522.8 329.9 211.9 275.6 405.1 316.6 466.5 219.8 497.2 469.4 495.4 281.9 420.6 475.4
2734.7 296.9 105.4 238.0 532.1 570.0 572.0 377.3 187.1 328.0 80.8 485.0 340.1 634.6 532.2 256.3 557.1 263.9 250.9 579.4 473.0 236.1 292.0 524.7 318.4 320.7 537.6 273.6 322.3 546.0 317.1 607.9 298.1 311.1 389.7 354.2 555.6 514.3 274.3 79.8 343.6 429.1 582.2 410.6 313.6 621.9 379.9 569.8 301.3 243.2 339.7 448.4 233.3 88.7 318.5 302.5 589.4 342.2 476.9 602.1 310.3 383.3 648.1 372.9 328.9 236.6 426.9 156.8 284.9 509.0 242.0 570.2 322.0 294.5 509.7 529.1 534.1 541.6 228.1 635.7 271.0 241.5 326.9 568.9 204.1 366.5 538.8 299.3 597.6 507.5 376.5 186.5 123.1 309.9 379.4 296.8 113.9 503.5 289.4 467.0 333.1 335.1 340.2 248.0 253.1 172.2 537.0 313.9 349.9 618.2 538.3 427.0 173.1 485.9 334.8 332.9 529.9 257.6 516.5 217.7 0.0 611.0 319.7 297.0 523.8 219.6 195.2 299.0 278.4 289.4 270.1 514.8 520.8 178.2 244.0 227.6 516.6 359.8 495.3 265.7 282.9 544.4 196.0 631.7 340.6 362.0 350.8 576.7 312.1 556.9 334.1 408.0 250.1 127.0 278.5 548.5 483.3 325.3 503.4 498.2 269.3 327.0 228.1 539.8 322.3 515.4 303.8 246.8 244.9 474.8 317.1 536.2 254.7 566.9 562.1 541.7 316.8 356.1 545.1
2531.7 587.0 536.5 561.3 203.4 148.1 90.9 610.6 510.4 705.1 522.2 205.4 376.3 78.6 101.2 510.2 202.1 522.4 600.4 30.5 251.9 636.0 582.1 210.8 718.3 670.2 272.6 597.4 526.6 95.1 637.2 65.1 588.2 652.1 480.0 731.3 115.7 206.4 674.2 544.6 633.7 403.9 101.1 306.4 690.7 58.5 608.0 86.6 701.2 497.1 544.0 279.0 633.2 563.6 608.6 598.3 141.8 399.6 121.9 119.3 362.1 636.6 204.4 439.7 715.7 636.5 517.2 556.7 684.8 363.0 641.9 89.1 612.1 617.8 205.6 98.1 137.4 250.2 580.5 45.7 528.7 591.0 378.7 143.2 471.1 738.9 224.9 690.8 152.2 357.3 638.9 482.0 523.0 600.0 728.4 646.3 476.2 121.4 579.5 330.5 645.0 336.8 376.4 647.9 653.0 476.4 122.1 713.8 722.3 200.1 127.3 273.2 573.0 210.7 500.2 638.0 147.8 657.5 148.7 484.7 561.8 0.0 409.9 696.9 172.0 619.5 518.5 676.1 532.3 689.3 667.5 217.9 156.3 482.4 593.5 580.0 370.6 732.2 140.3 555.8 573.0 113.4 595.9 188.0 673.6 429.0 387.0 95.6 516.4 124.0 500.3 498.3 650.0 558.1 482.8 67.4 108.3 412.2 222.2 197.7 618.8 617.1 577.6 141.3 461.2 316.2 654.9 536.9 637.2 214.0 641.6 125.2 508.6 85.8 246.1 309.6 570.7 733.2 190.1
2699.1 349.6 299.1 323.9 364.9 395.7 404.8 373.2 273.0 467.7 284.8 317.8 153.7 467.4 365.0 272.8 389.9 285.0 363.0 412.2 319.5 398.6 344.7 357.5 480.9 432.8 370.4 360.0 211.3 378.8 399.8 440.7 350.8 414.7 227.7 493.9 388.4 391.8 436.8 307.2 396.3 249.0 415.0 239.1 453.3 454.7 370.6 402.6 463.8 259.7 235.5 294.9 395.8 326.2 371.2 360.9 422.2 147.3 309.7 433.2 367.7 399.2 473.8 282.9 478.3 399.1 264.9 319.3 447.4 322.6 404.5 403.0 374.7 380.4 342.5 361.9 366.9 351.4 348.5 468.5 291.3 353.6 32.8 401.7 233.7 501.5 371.6 453.4 412.0 316.9 401.5 244.6 285.6 362.6 491.0 408.9 241.0 336.3 342.1 295.5 407.6 389.6 73.9 410.5 415.6 239.0 369.8 476.4 484.9 443.9 371.1 273.5 335.6 318.7 191.0 400.6 362.7 420.1 349.3 247.3 324.4 443.8 0.0 459.5 356.6 382.1 281.1 438.7 294.9 451.9 430.1 347.6 353.6 245.0 356.1 348.0 330.2 494.8 328.1 318.4 335.6 377.2 358.5 457.4 436.2 176.7 134.7 409.5 207.9 389.7 262.9 246.0 412.6 320.7 197.3 381.3 316.1 286.9 349.1 331.0 381.4 379.7 340.2 372.6 152.0 361.9 417.5 299.5 399.8 307.6 404.2 369.0 271.2 399.7 371.9 397.9 333.3 495.8 377.9
2654.7 283.5 277.3 347.1 650.6 681.4 690.5 211.4 296.2 162.1 281.2 603.5 458.6 753.1 650.7 272.2 675.6 280.6 97.8 697.9 611.9 188.4 184.3 643.2 116.6 184.5 656.1 232.0 461.2 664.5 275.5 726.4 254.7 145.2 528.6 188.3 674.1 677.5 150.6 285.4 215.9 568.0 700.7 549.5 147.7 740.4 214.0 688.3 73.9 259.1 478.6 587.3 211.4 304.4 190.8 136.6 707.9 481.9 595.4 718.9 449.2 217.4 759.5 511.8 108.8 131.1 565.8 272.8 22.3 657.2 81.4 688.7 278.6 389.5 628.2 647.6 652.6 637.1 367.0 754.2 286.9 160.6 445.4 687.4 335.7 200.6 657.3 83.9 697.7 651.5 210.6 298.7 239.1 182.2 213.5 178.5 283.6 622.0 246.0 605.9 167.2 474.0 458.7 115.9 47.0 284.4 655.5 112.1 184.0 729.6 656.8 565.9 289.1 604.4 473.7 167.0 648.4 111.0 635.0 331.9 320.8 729.5 438.2 0.0 642.3 335.6 304.3 133.1 294.3 87.6 60.6 633.3 639.3 290.4 202.4 366.5 664.8 193.9 613.8 265.8 175.2 662.9 164.6 743.1 174.7 511.3 469.3 695.2 451.0 675.4 329.5 546.9 185.1 298.9 417.4 667.0 601.8 464.2 642.3 616.7 151.0 199.3 116.5 658.3 461.2 654.3 137.9 246.9 61.0 593.3 151.2 654.7 270.6 685.4 657.6 683.6 332.7 190.2 663.6
2590.5 549.6 499.1 523.9 287.5 175.3 202.4 573.2 473.0 667.7 484.8 102.8 338.9 143.3 113.4 472.8 169.5 485.0 563.0 144.2 287.1 598.6 544.7 343.9 680.9 632.8 293.0 560.0 480.3 86.8 599.8 219.9 550.8 614.7 442.6 693.9 64.3 339.5 636.8 507.2 596.3 360.1 212.6 320.6 653.3 169.4 570.6 241.4 663.8 459.7 497.7 262.5 595.8 526.2 571.2 560.9 101.8 362.2 89.3 234.4 432.7 599.2 253.4 405.7 678.3 599.1 479.8 519.3 647.4 309.3 604.5 200.6 574.7 580.4 129.7 105.4 42.8 202.2 577.7 200.5 491.3 553.6 341.3 115.7 433.7 701.5 358.0 653.4 285.3 303.6 601.5 444.6 485.6 562.6 691.0 608.9 441.0 131.6 542.1 377.0 607.6 457.5 339.0 610.5 615.6 439.0 137.2 676.4 684.9 223.5 170.2 240.6 535.6 178.1 456.4 600.6 158.0 620.1 76.7 447.3 524.4 175.8 372.5 659.5 0.0 582.1 481.1 638.7 494.9 651.9 630.1 185.3 22.6 445.0 556.1 577.2 316.9 694.8 107.7 518.4 535.6 129.3 558.5 237.0 636.2 391.6 423.2 207.1 470.1 101.3 462.9 460.9 612.6 520.7 436.5 178.9 67.6 350.4 317.5 90.9 581.4 579.7 540.2 52.2 417.4 329.5 617.5 499.5 599.8 181.4 604.2 168.1 471.2 197.3 222.7 322.3 533.3 695.8 157.5
2732.5 325.1 289.6 359.4 603.2 641.1 643.1 405.5 308.5 356.2 213.4 556.1 411.2 705.7 603.3 284.5 628.2 292.9 279.1 650.5 544.1 264.3 320.2 595.8 346.6 348.9 608.7 301.8 393.4 617.1 345.3 679.0 326.3 339.3 460.8 382.4 626.7 585.4 302.5 297.7 371.8 500.2 653.3 481.7 341.8 693.0 408.1 640.9 329.5 271.4 410.8 519.5 261.5 285.1 346.7 330.7 660.5 413.3 548.0 673.2 381.4 411.5 719.2 444.0 357.1 264.8 498.0 160.2 313.1 580.1 270.2 641.3 350.2 401.8 580.8 600.2 605.2 612.7 299.2 706.8 299.2 269.7 398.0 640.0 296.5 394.7 609.9 327.5 668.7 578.6 404.7 311.0 126.5 338.1 407.6 325.0 248.7 574.6 317.6 538.1 361.3 406.2 411.3 276.2 281.3 296.7 608.1 342.1 378.1 689.3 609.4 498.1 87.7 557.0 405.9 361.1 601.0 285.8 587.6 344.2 253.0 682.1 390.8 325.2 594.9 0.0 316.6 327.2 306.6 317.6 298.3 585.9 591.9 302.7 272.2 298.7 587.7 388.0 566.4 293.9 311.1 615.5 224.2 702.8 368.8 433.1 421.9 647.8 383.2 628.0 362.3 479.1 278.3 311.2 349.6 619.6 554.4 396.4 574.5 569.3 297.5 355.2 256.3 610.9 393.4 586.5 332.0 275.0 273.1 545.9 345.3 607.3 282.9 638.0 633.2 612.8 345.0 384.3 616.2
2651.6 244.2 126.0 42.7 507.1 537.9 547.0 329.8 7.8 362.3 167.3 460.0 315.1 609.6 507.2 203.6 532.1 124.3 221.0 554.4 525.1 273.6 239.3 499.7 349.0 290.8 512.6 243.7 374.4 521.0 287.2 582.9 245.4 318.9 418.8 388.5 530.6 534.0 311.8 134.1 290.9 440.1 557.2 430.2 347.9 596.9 327.2 544.8 338.8 190.5 391.8 500.5 270.8 153.1 265.8 255.5 564.4 338.4 451.9 575.4 362.4 355.8 616.0 425.0 336.3 274.1 456.0 266.0 322.4 513.7 279.5 545.2 269.3 154.9 484.7 504.1 509.1 493.6 280.2 610.7 167.1 211.6 301.9 543.9 159.4 396.1 513.8 311.4 554.2 508.0 358.1 122.4 232.3 257.2 385.6 266.9 107.3 478.5 236.7 486.6 302.2 387.2 315.2 284.6 290.6 108.1 512.0 344.5 379.5 586.1 513.3 478.2 282.3 460.9 382.1 295.2 504.9 279.7 491.5 155.6 202.8 586.0 294.7 319.0 498.8 328.8 0.0 333.3 225.7 326.9 288.1 489.8 495.8 114.1 214.1 279.7 521.3 389.4 470.3 213.0 230.2 519.4 233.5 599.6 322.3 367.8 325.8 551.7 364.2 531.9 281.4 437.1 287.6 147.6 330.6 523.5 458.3 377.4 549.8 473.2 239.4 274.3 198.2 514.8 343.1 567.5 312.1 194.1 257.8 449.8 298.8 511.2 202.0 541.9 514.1 540.1 264.1 390.4 520.1
2631.4 256.7 301.3 371.1 646.0 676.8 685.9 152.4 320.2 28.9 287.2 598.9 454.0 748.5 646.1 267.6 671.0 276.0 121.8 693.3 617.9 212.4 157.5 638.6 151.1 157.7 651.5 237.5 467.2 659.9 277.3 721.8 227.9 118.4 534.6 55.1 669.5 672.9 174.6 309.4 189.1 574.0 696.1 555.5 14.5 735.8 155.0 683.7 195.1 254.5 484.6 593.3 206.2 328.4 164.0 109.8 703.3 477.3 590.8 714.3 455.2 158.4 754.9 517.8 138.4 155.1 571.8 278.8 143.5 652.6 138.9 684.1 251.8 384.9 623.6 643.0 648.0 632.5 373.0 749.6 282.3 184.6 440.8 682.8 359.7 90.1 652.7 113.5 693.1 646.9 151.6 322.7 245.1 155.4 103.0 179.3 307.6 617.4 219.2 611.9 140.4 480.0 454.1 139.9 150.0 308.4 650.9 146.6 73.5 725.0 652.2 571.9 295.1 599.8 479.7 140.2 643.8 135.0 630.4 355.9 326.8 724.9 433.6 121.1 637.7 341.6 328.3 0.0 289.7 167.3 90.2 628.7 634.7 314.4 226.4 372.5 660.2 83.4 609.2 239.0 148.4 658.3 168.9 738.5 115.7 506.7 464.7 690.6 457.0 670.8 329.9 552.9 209.1 322.9 423.4 662.4 597.2 470.2 648.3 612.1 175.0 172.5 140.5 653.7 467.2 660.3 111.1 220.1 85.0 588.7 59.9 650.1 266.0 680.8 653.0 679.0 328.1 79.7 659.0
2519.6 178.1 199.2 269.0 503.0 533.8 542.9 263.7 218.1 296.2 280.0 455.9 311.0 605.5 503.1 23.2 528.0 129.7 191.5 550.3 506.5 244.1 173.2 495.6 319.5 261.3 508.5 188.5 398.3 516.9 228.3 578.8 179.3 243.2 414.7 322.4 526.5 529.9 282.3 207.3 224.8 436.0 553.1 426.1 281.8 592.8 261.1 540.7 309.3 65.0 422.5 481.9 241.3 226.3 199.7 189.4 560.3 334.3 447.8 571.3 410.9 289.7 611.9 469.9 306.8 244.6 451.9 250.7 292.9 509.6 250.0 541.1 203.2 238.6 480.6 500.0 505.0 489.5 328.7 606.6 136.0 182.1 297.8 539.8 228.9 330.0 509.7 281.9 550.1 503.9 292.0 220.6 217.0 191.1 319.5 237.4 205.5 474.4 170.6 482.5 236.1 435.7 311.1 255.1 261.1 206.3 507.9 315.0 313.4 582.0 509.2 474.1 267.0 456.8 378.0 229.1 500.8 250.2 487.4 242.5 276.0 581.9 290.6 289.5 494.7 313.5 226.2 267.2 0.0 297.4 258.6 485.7 491.7 212.3 184.6 328.2 517.2 323.3 466.2 146.9 164.1 515.3 204.0 595.5 256.2 363.7 321.7 547.6 394.9 527.8 88.3 433.0 258.1 220.8 384.3 519.4 454.2 425.9 545.7 469.1 209.9 208.2 168.7 510.7 339.0 548.9 246.0 128.0 228.3 445.7 232.7 507.1 76.5 537.8 510.0 536.0 38.3 324.3 516.0
2704.1 332.9 295.0 364.8 654.5 692.4 694.4 260.8 313.9 211.5 264.7 607.4 462.5 757.0 654.6 289.9 679.5 298.3 147.2 701.8 595.4 186.5 233.7 647.1 75.3 233.9 660.0 281.4 444.7 668.4 324.9 730.3 304.1 194.6 512.1 237.7 678.0 636.7 200.0 303.1 265.3 551.5 704.6 533.0 197.1 744.3 263.4 692.2 86.0 276.8 462.1 570.8 183.7 322.1 240.2 186.0 711.8 464.6 599.3 724.5 432.7 266.8 770.5 495.3 85.8 180.5 549.3 256.3 69.6 631.4 47.9 692.6 328.0 407.2 632.1 651.5 656.5 664.0 350.5 758.1 304.6 210.0 449.3 691.3 353.4 271.9 661.2 56.2 720.0 629.9 260.0 316.4 222.6 231.6 284.8 227.9 297.8 625.9 295.4 589.4 216.6 457.5 462.6 165.3 27.5 302.1 659.4 70.8 255.3 740.6 660.7 549.4 272.6 608.3 457.2 216.4 652.3 160.4 638.9 349.6 304.3 733.4 442.1 81.7 646.2 319.1 322.0 182.5 312.0 0.0 79.5 637.2 643.2 308.1 251.8 350.0 639.0 265.2 617.7 299.3 224.6 666.8 146.4 754.1 224.1 484.4 473.2 699.1 434.5 679.3 378.9 530.4 200.5 316.6 400.9 670.9 605.7 447.7 625.8 620.6 200.4 248.7 165.9 662.2 444.7 637.8 187.3 280.4 110.4 597.2 200.6 658.6 288.3 689.3 684.5 664.1 350.4 261.5 667.5
2624.5 253.3 247.1 316.9 620.4 651.2 660.3 181.2 266.0 131.9 251.0 573.3 428.4 722.9 620.5 242.0 645.4 250.4 67.6 667.7 581.7 158.2 154.1 613.0 60.8 154.3 625.9 201.8 431.0 634.3 245.3 696.2 224.5 115.0 498.4 158.1 643.9 647.3 120.4 255.2 185.7 537.8 670.5 519.3 117.5 710.2 183.8 658.1 115.3 228.9 448.4 557.1 181.2 274.2 160.6 106.4 677.7 451.7 565.2 688.7 419.0 187.2 729.3 481.6 48.1 100.9 535.6 242.6 63.7 627.0 98.6 658.5 248.4 359.3 598.0 617.4 622.4 606.9 336.8 724.0 256.7 130.4 415.2 657.2 305.5 188.2 627.1 23.2 667.5 621.3 180.4 268.5 208.9 152.0 201.1 148.3 253.4 591.8 215.8 575.7 137.0 443.8 428.5 85.7 78.2 254.2 625.3 56.3 171.6 699.4 626.6 535.7 258.9 574.2 443.5 136.8 618.2 80.8 604.8 301.7 290.6 699.3 408.0 41.3 612.1 305.4 274.1 102.9 264.1 77.0 0.0 603.1 609.1 260.2 172.2 336.3 634.6 181.5 583.6 235.6 145.0 632.7 134.4 712.9 144.5 481.1 439.1 665.0 420.8 645.2 299.3 516.7 154.9 268.7 387.2 636.8 571.6 434.0 612.1 586.5 120.8 169.1 86.3 628.1 431.0 624.1 107.7 216.7 30.8 563.1 121.0 624.5 240.4 655.2 627.4 653.4 302.5 177.8 633.4
2544.7 534.9 484.4 509.2 210.5 142.9 246.0 558.5 458.3 653.0 470.1 301.4 324.2 283.3 212.0 458.1 50.6 470.3 548.3 279.9 254.7 583.9 530.0 203.1 666.2 618.1 216.0 545.3 357.3 296.7 585.1 287.7 536.1 600.0 424.7 679.2 274.2 237.4 622.1 492.5 581.6 327.7 236.1 288.2 638.6 293.1 555.9 249.6 649.1 445.0 374.7 230.1 581.1 511.5 556.5 546.2 274.4 368.0 121.1 202.0 400.3 584.5 221.0 373.3 663.6 584.4 461.9 504.6 632.7 276.9 589.8 250.0 560.0 565.7 242.4 208.9 252.7 169.8 545.3 300.1 476.6 538.9 326.6 325.6 419.0 686.8 217.2 638.7 252.9 271.2 586.8 429.9 470.9 547.9 676.3 594.2 424.1 319.9 527.4 344.6 592.9 367.8 324.3 595.8 600.9 424.3 353.4 661.7 670.2 191.1 218.1 208.2 520.9 19.3 330.0 585.9 346.3 605.4 185.5 432.6 509.7 249.3 357.8 644.8 208.8 567.4 466.4 624.0 480.2 637.2 615.4 0.0 232.5 430.3 541.4 544.8 284.5 680.1 89.1 503.7 520.9 224.2 543.8 204.6 621.5 397.0 314.8 256.5 347.1 311.2 448.2 443.0 597.9 506.0 345.6 228.3 145.1 318.0 253.2 314.6 566.7 565.0 525.5 224.8 291.0 297.1 602.8 484.8 585.1 82.7 589.5 216.0 456.5 231.2 190.3 243.5 518.6 681.1 76.3
2566.5 565.2 514.7 539.5 355.3 199.0 242.8 588.8 488.6 683.3 500.4 78.8 354.5 119.3 137.1 488.4 193.2 500.6 578.6 120.2 310.8 614.2 560.3 351.4 696.5 648.4 316.7 575.6 504.0 62.8 615.4 195.9 566.4 630.3 458.2 709.5 40.3 358.3 652.4 522.8 611.9 383.8 253.0 344.3 668.9 148.2 586.2 217.4 679.4 475.3 521.4 286.2 611.4 541.8 586.8 576.5 125.5 377.8 113.0 258.1 456.4 614.8 277.1 429.4 693.9 614.7 495.4 534.9 663.0 333.0 620.1 241.0 590.3 596.0 153.4 129.1 18.8 225.9 601.4 176.5 506.9 569.2 356.9 91.7 449.3 717.1 365.5 669.0 304.1 327.3 617.1 460.2 501.2 578.2 706.6 624.5 456.6 107.6 557.7 400.7 623.2 488.7 354.6 626.1 631.2 454.6 113.2 692.0 700.5 247.2 193.9 264.3 551.2 201.8 480.1 616.2 134.0 635.7 100.4 462.9 540.0 151.8 388.1 675.1 22.6 597.7 496.7 654.3 510.5 667.5 645.7 209.0 0.0 460.6 571.7 600.9 340.6 710.4 131.4 534.0 551.2 153.0 574.1 260.7 651.8 407.2 365.2 247.5 493.8 77.3 478.5 476.5 628.2 536.3 460.2 219.3 91.3 374.1 341.2 66.9 597.0 595.3 555.8 75.9 441.1 353.2 633.1 515.1 615.4 205.1 619.8 191.8 486.8 237.7 246.4 346.0 548.9 711.4 181.2
2626.8 219.4 101.2 126.0 460.1 490.9 500.0 305.0 75.1 337.5 120.3 413.0 268.1 562.6 460.2 178.8 485.1 151.9 196.2 507.4 478.1 248.8 214.5 452.7 324.2 266.0 465.6 218.9 327.4 474.0 262.4 535.9 220.6 294.1 371.8 363.7 483.6 487.0 287.0 109.3 266.1 393.1 510.2 383.2 323.1 549.9 302.4 497.8 314.0 165.7 344.8 453.5 246.0 128.3 241.0 230.7 517.4 291.4 404.9 528.4 315.4 331.0 569.0 378.0 311.5 249.3 409.0 219.0 297.6 466.7 254.7 498.2 244.5 182.5 437.7 457.1 462.1 446.6 233.2 563.7 193.5 186.8 254.9 496.9 45.5 371.3 466.8 286.6 507.2 461.0 333.3 33.0 185.3 232.4 360.8 242.1 60.3 431.5 211.9 439.6 277.4 340.2 268.2 259.8 265.8 5.1 465.0 319.7 354.7 539.1 466.3 431.2 235.3 413.9 335.1 270.4 457.9 254.9 444.5 50.0 174.7 539.0 247.7 294.2 451.8 281.8 83.2 308.5 200.9 302.1 263.3 442.8 448.8 0.0 189.3 232.7 474.3 364.6 423.3 188.2 205.4 472.4 208.7 552.6 297.5 320.8 278.8 504.7 317.2 484.9 256.6 390.1 262.8 122.8 283.6 476.5 411.3 330.4 502.8 426.2 214.6 249.5 173.4 467.8 296.1 520.5 287.3 169.3 233.0 402.8 274.0 464.2 177.2 494.9 467.1 493.1 239.3 365.6 473.1
2656.9 184.8 194.1 263.9 560.6 591.4 600.5 247.3 213.0 233.4 231.2 513.5 368.6 663.1 560.7 182.2 585.6 190.6 90.4 607.9 561.9 216.2 126.4 553.2 218.4 110.3 566.1 29.5 411.2 574.5 73.0 636.4 162.9 138.4 472.3 259.6 584.1 587.5 188.7 202.2 219.8 493.6 610.7 483.7 219.0 650.4 244.7 598.3 262.4 169.1 428.6 537.3 213.4 221.2 194.7 184.4 617.9 391.9 505.4 628.9 399.2 273.3 669.5 461.8 205.7 169.2 509.5 222.8 210.8 567.2 222.1 598.7 186.8 299.5 538.2 557.6 562.6 547.1 317.0 664.2 196.9 31.1 355.4 597.4 252.5 271.9 567.3 180.8 607.7 561.5 281.9 215.5 189.1 186.1 284.8 86.4 200.4 532.0 154.2 540.1 141.6 424.0 368.7 154.0 233.2 201.2 565.5 213.9 255.3 639.6 566.8 515.9 239.1 514.4 435.6 175.4 558.4 149.1 545.0 248.7 270.9 639.5 348.2 188.4 552.3 285.6 221.1 204.4 204.3 234.6 157.5 543.3 549.3 207.2 0.0 316.5 574.8 265.2 523.8 153.6 135.8 572.9 176.1 653.1 246.0 421.3 379.3 605.2 401.0 585.4 260.0 490.6 223.2 215.7 367.4 577.0 511.8 414.2 603.3 526.7 58.9 203.2 83.3 568.3 396.6 604.3 146.8 134.7 127.2 503.3 222.5 564.7 180.6 595.4 567.6 593.6 242.7 261.5 573.6
2644.0 393.9 307.7 335.5 456.6 479.3 555.4 474.3 284.6 425.0 219.3 504.9 360.0 654.5 552.1 353.3 555.8 361.4 347.9 599.3 382.3 333.1 389.0 475.0 415.4 417.7 470.7 370.6 231.6 565.9 414.1 654.2 395.1 408.1 299.0 451.2 575.5 423.6 371.3 282.1 440.6 338.4 545.5 319.9 410.6 641.8 476.9 589.7 398.3 340.2 249.0 357.7 330.3 291.0 415.5 399.5 609.3 251.5 487.3 511.4 219.6 480.3 557.4 282.2 425.9 333.6 336.2 253.8 381.9 418.3 339.0 590.1 419.0 392.0 529.6 549.0 554.0 450.9 0.4 634.8 368.0 338.5 346.8 588.8 245.3 463.5 489.1 396.3 506.9 416.8 473.5 256.2 220.1 406.9 476.4 393.8 250.4 523.4 386.4 376.3 430.1 244.4 360.1 345.0 350.1 250.6 556.9 410.9 446.9 527.5 558.2 336.3 270.1 478.3 244.1 429.9 549.8 354.6 536.4 258.9 258.9 589.0 339.6 394.0 543.7 316.6 292.7 396.0 375.4 386.4 367.1 507.2 540.7 256.6 341.0 0.0 425.9 456.8 500.2 362.7 379.9 564.3 293.0 541.0 437.6 271.3 290.9 570.5 221.4 576.8 327.1 317.3 347.1 329.3 187.8 522.9 511.3 234.6 412.7 518.1 366.3 424.0 325.1 559.7 231.6 424.7 400.8 343.8 341.9 464.2 414.1 556.1 351.7 523.7 471.4 451.0 413.8 453.1 521.8
2572.6 573.0 560.5 588.3 238.4 235.3 337.5 596.6 537.4 677.8 472.1 414.5 318.9 405.5 334.2 496.2 311.8 508.4 600.7 401.7 120.3 585.9 568.1 231.0 668.2 670.5 226.7 623.4 317.0 418.9 666.9 436.3 574.2 660.9 362.8 704.0 396.4 205.7 624.1 534.9 619.7 121.3 327.6 171.8 663.4 429.7 594.0 371.8 651.1 483.1 334.4 95.7 583.1 543.8 594.6 652.3 396.6 282.4 243.3 293.5 283.9 622.6 313.4 234.0 678.7 586.4 400.0 506.6 634.7 8.6 591.8 352.0 598.1 644.8 364.6 331.1 374.9 206.9 410.2 416.9 514.7 591.3 295.1 447.8 498.1 716.3 245.1 649.1 289.0 69.3 624.9 509.0 472.9 586.0 729.2 646.6 505.2 433.0 565.5 228.2 682.9 294.3 292.8 597.8 602.9 503.4 466.5 663.7 699.7 283.5 340.3 91.8 522.9 243.4 289.7 682.7 459.4 607.4 307.7 511.7 511.7 371.1 332.5 646.8 331.0 569.4 545.5 648.8 518.3 639.2 619.9 272.3 354.7 509.4 593.8 409.7 0.0 709.6 256.2 541.8 559.0 346.4 545.8 297.0 690.4 311.8 243.2 351.0 306.8 433.4 486.3 381.1 599.9 582.1 259.0 305.0 267.3 201.6 150.7 423.0 619.1 603.1 577.9 347.0 250.7 162.7 653.6 522.9 594.7 220.2 666.9 338.2 494.6 305.8 227.4 216.1 556.7 705.9 277.8
2632.2 294.5 347.1 416.9 683.8 714.6 723.7 179.8 366.0 108.1 334.8 636.7 491.8 786.3 683.9 305.4 708.8 313.8 169.4 731.1 665.5 260.0 205.1 676.4 198.7 205.3 689.3 275.3 514.8 697.7 315.1 759.6 265.7 166.0 582.2 134.3 707.3 710.7 222.2 355.2 236.7 616.8 733.9 603.1 104.8 773.6 182.4 721.5 242.7 292.3 532.2 640.9 253.8 374.2 211.6 157.4 741.1 515.1 628.6 752.1 502.8 185.8 792.7 565.4 186.0 202.7 619.4 326.4 191.1 690.4 186.5 721.9 289.6 422.7 661.4 680.8 685.8 670.3 420.6 787.4 320.1 232.2 478.6 720.6 405.5 6.6 690.5 161.1 730.9 684.7 179.0 368.5 292.7 203.0 76.0 226.9 353.4 655.2 257.0 659.5 188.0 527.6 491.9 187.5 197.6 354.2 688.7 194.2 7.8 762.8 690.0 619.5 342.7 637.6 527.3 187.8 681.6 182.6 668.2 401.7 374.4 762.7 471.4 168.7 675.5 389.2 374.1 90.2 327.5 214.9 137.8 666.5 672.5 360.2 274.0 420.1 698.0 0.0 647.0 276.8 196.0 696.1 216.5 776.3 143.1 544.5 502.5 728.4 504.6 708.6 357.3 600.5 256.7 368.7 471.0 700.2 635.0 517.8 695.9 649.9 222.6 220.1 188.1 691.5 514.8 707.9 158.7 257.9 132.6 626.5 87.3 687.9 303.8 718.6 690.8 716.8 365.9 56.5 696.8
2538.8 580.2 529.7 554.5 204.6 92.4 162.6 603.8 503.6 762.4 556.7 203.1 416.0 194.1 122.8 503.4 61.7 515.6 593.6 190.7 204.2 670.5 575.3 261.0 752.8 663.4 210.1 590.6 397.4 207.5 630.4 198.5 581.4 645.3 464.8 788.6 185.0 256.6 708.7 537.8 626.9 277.2 185.6 237.7 748.0 203.9 601.2 160.4 735.7 490.3 414.8 179.6 667.7 628.4 601.8 591.5 185.2 379.5 31.9 151.5 349.8 629.8 170.5 322.8 763.3 671.0 502.0 591.2 719.3 226.4 676.4 160.8 605.3 611.0 153.2 119.7 163.5 119.3 494.8 210.9 521.9 584.2 392.2 236.4 464.3 800.9 275.1 733.7 202.4 220.7 632.1 475.2 557.5 593.2 721.6 639.5 469.4 221.6 572.7 294.1 638.2 374.6 389.9 682.4 687.5 469.6 255.1 748.3 784.3 140.6 128.9 157.7 607.5 70.3 373.5 631.2 248.0 692.0 96.3 477.9 596.3 160.1 429.6 731.4 119.6 654.0 511.7 733.4 525.5 723.8 704.5 77.5 143.3 475.6 586.7 494.3 234.0 794.2 0.0 549.0 566.2 135.0 630.4 154.1 666.8 408.9 340.3 167.3 387.2 222.0 493.5 483.1 684.5 551.3 353.6 139.1 55.9 267.5 234.6 211.6 612.0 610.3 570.8 135.6 334.5 246.6 648.1 530.1 679.3 98.5 634.8 126.8 501.8 157.5 139.8 239.4 563.9 790.5 49.7
2629.6 31.1 200.4 263.3 530.2 561.0 570.1 220.0 212.4 252.5 259.8 483.1 338.2 632.7 530.3 151.8 555.2 160.2 185.8 577.5 533.7 238.4 129.5 522.8 288.3 224.7 535.7 144.8 425.5 544.1 184.6 606.0 69.6 199.5 441.9 278.7 553.7 557.1 276.6 201.6 181.1 463.2 580.3 453.3 238.1 620.0 217.4 567.9 303.6 138.7 449.7 509.1 234.5 220.6 156.0 145.7 587.5 361.5 475.0 601.2 421.4 246.0 639.1 497.1 275.6 238.9 479.1 245.4 280.7 536.8 244.3 568.3 59.3 269.1 507.8 527.2 532.2 516.7 339.2 633.8 166.5 176.4 325.0 567.0 251.9 286.3 536.9 250.7 577.3 531.1 248.3 214.9 211.3 147.4 275.8 200.8 202.0 501.6 97.4 509.7 192.4 446.2 338.3 249.4 255.4 200.6 535.1 283.8 269.7 609.2 536.4 501.3 261.3 484.0 405.2 185.4 528.0 246.2 514.6 248.1 270.3 609.1 317.8 258.3 521.9 307.8 220.5 223.5 173.9 291.7 227.4 512.9 518.9 206.6 152.5 338.7 544.4 279.6 493.4 0.0 120.4 542.5 198.3 622.7 212.6 390.9 348.9 574.8 422.1 555.0 229.6 460.2 252.4 215.1 389.6 546.6 481.4 436.4 572.9 496.3 203.2 164.5 163.0 537.9 366.2 576.1 202.3 65.0 222.6 472.9 189.0 534.3 150.2 565.0 537.2 563.2 212.3 280.6 543.2
2572.8 135.6 188.2 258.0 524.9 555.7 564.8 163.2 207.1 182.3 254.5 477.8 332.9 627.4 525.0 146.5 549.9 154.9 118.5 572.2 528.4 233.1 9.0 517.5 218.1 104.2 530.4 116.4 420.2 538.8 156.2 600.7 106.8 79.0 436.6 208.5 548.4 551.8 216.8 196.3 83.9 457.9 575.0 448.0 167.9 614.7 160.6 562.6 262.1 133.4 444.4 503.8 230.3 215.3 58.8 48.5 582.2 356.2 469.7 593.2 416.1 202.6 633.8 491.8 205.4 197.3 473.8 239.7 210.5 531.5 205.9 563.0 130.7 263.8 502.5 521.9 526.9 511.4 333.9 628.5 161.2 116.6 319.7 561.7 246.6 220.8 531.6 180.5 572.0 525.8 195.8 209.6 206.0 50.2 223.2 80.3 194.5 496.3 98.1 504.4 71.9 440.9 333.0 182.1 217.0 195.3 529.8 213.6 204.2 603.9 531.1 496.0 256.0 478.7 399.9 64.9 522.7 177.2 509.3 242.8 265.0 603.8 312.5 188.1 516.6 302.5 215.2 153.3 168.6 234.3 157.2 507.6 513.6 201.3 124.1 333.4 539.1 214.1 488.1 117.9 0.0 537.2 193.0 617.4 159.9 385.6 343.6 569.5 416.8 549.7 224.3 454.9 247.1 209.8 384.3 541.3 476.1 431.1 567.6 491.0 85.3 67.3 136.7 532.6 360.9 570.8 91.2 99.0 155.3 467.6 136.4 529.0 144.9 559.7 531.9 557.9 207.0 210.4 537.9
2653.0 557.2 513.6 531.5 243.7 139.9 131.2 580.8 480.6 675.3 492.4 175.6 346.5 96.6 25.3 480.4 172.3 492.6 570.6 155.2 292.2 606.2 552.3 251.1 688.5 640.4 295.8 567.6 433.8 210.6 607.4 196.4 558.4 622.3 450.2 701.5 188.1 246.7 644.4 514.8 603.9 362.9 141.4 323.4 660.9 106.4 578.2 217.9 671.4 467.3 500.5 265.3 602.3 533.8 578.8 568.5 70.9 369.8 92.1 202.8 402.4 606.8 221.8 408.5 685.9 606.7 487.4 526.9 655.0 312.1 612.1 129.4 582.3 588.0 175.8 27.2 166.6 224.0 541.1 177.0 498.9 561.2 348.9 236.1 441.3 709.1 265.2 661.0 192.5 306.4 609.1 452.2 493.2 570.2 698.6 616.5 448.6 194.1 549.7 370.8 615.2 377.1 346.6 618.1 623.2 446.6 227.6 684.0 692.5 173.9 79.5 243.4 543.2 180.9 413.5 608.2 220.5 629.4 118.9 454.9 532.0 152.3 380.1 667.1 122.7 589.7 488.7 646.3 502.5 659.5 637.7 188.1 146.4 452.6 563.7 540.6 319.7 702.4 110.5 526.0 543.2 0.0 566.1 205.4 643.8 399.2 357.2 135.9 472.9 221.7 470.5 468.5 620.2 528.3 439.3 107.7 78.5 353.2 262.5 188.8 588.0 587.3 547.8 70.4 374.5 332.3 625.1 507.1 607.4 184.2 611.8 77.4 478.8 126.1 219.9 329.5 540.9 703.4 160.3
2676.1 255.6 220.1 289.9 579.6 617.5 619.5 232.8 239.0 183.5 189.8 532.5 387.6 682.1 579.7 215.0 604.6 223.4 95.1 626.9 520.5 40.0 205.7 572.2 173.9 199.7 585.1 229.3 369.8 593.5 272.8 655.4 276.1 166.6 437.2 209.7 603.1 561.8 78.2 228.2 237.3 476.6 629.7 458.1 169.1 669.4 235.4 617.3 156.8 201.9 387.2 495.9 46.7 247.2 212.2 158.0 636.9 389.7 524.4 649.6 357.8 238.8 695.6 420.4 184.4 40.5 474.4 181.4 140.4 556.5 97.5 617.7 300.0 332.3 557.2 576.6 581.6 589.1 275.6 683.2 229.7 157.9 374.4 616.4 278.5 222.0 586.3 154.8 645.1 555.0 232.0 241.5 147.7 203.6 234.9 175.8 225.1 551.0 267.4 514.5 188.6 382.6 387.7 51.9 108.6 227.2 584.5 169.4 205.4 665.7 585.8 474.5 197.7 533.4 382.3 188.4 577.4 61.5 564.0 274.7 229.4 658.5 367.2 152.5 571.3 244.2 247.1 154.5 237.1 144.9 136.7 562.3 568.3 233.2 199.7 275.1 564.1 215.3 542.8 224.4 196.6 591.9 0.0 679.2 196.1 409.5 398.3 624.2 359.6 604.4 292.8 455.5 54.0 241.7 326.0 596.0 530.8 372.8 550.9 545.7 148.3 220.7 113.8 587.3 369.8 562.9 159.3 205.5 100.4 522.3 172.6 583.7 213.4 614.4 609.6 589.2 275.5 211.6 592.6
2511.1 642.8 592.3 617.1 182.8 63.4 124.7 666.4 566.2 827.5 621.8 314.2 478.6 265.9 194.6 566.0 211.5 578.2 656.2 206.9 231.3 735.6 637.9 190.2 817.9 726.0 252.0 653.2 460.0 271.5 693.0 241.5 644.0 810.6 527.4 853.7 296.1 185.8 773.8 684.6 689.5 339.8 114.8 285.8 813.1 234.9 663.8 217.2 800.8 552.9 477.4 258.4 732.8 693.5 664.4 654.1 235.2 442.1 143.0 80.7 341.5 692.4 46.1 385.4 828.4 736.1 564.6 656.3 784.4 289.0 741.5 138.3 667.9 673.6 264.3 191.5 274.6 165.5 559.9 222.1 584.5 646.8 454.8 319.6 526.9 866.0 204.3 798.8 131.6 283.3 694.7 537.8 622.6 655.8 878.9 702.1 532.0 297.8 635.3 309.9 700.8 316.2 452.5 747.5 752.6 532.2 298.5 813.4 849.4 115.4 170.8 220.3 672.6 198.1 436.1 693.8 324.2 757.1 207.4 540.5 661.4 176.3 492.2 796.5 230.7 719.1 574.3 798.5 588.1 788.9 769.6 205.3 254.4 538.2 649.3 559.4 296.6 859.3 155.9 611.6 628.8 206.8 695.5 0.0 729.4 471.5 402.9 137.3 449.8 300.4 556.1 545.7 749.6 613.9 416.2 110.2 167.0 330.1 201.6 322.7 674.6 672.9 633.4 234.7 397.1 295.6 803.3 592.7 744.4 161.1 697.4 192.5 564.4 109.9 161.4 289.0 626.5 855.6 177.5
2590.9 239.3 298.8 361.7 634.8 665.6 674.7 83.4 310.9 104.1 322.4 587.7 442.7 737.3 634.9 250.2 659.8 258.6 157.0 682.1 638.3 247.6 156.4 627.4 186.3 158.0 640.3 220.1 530.1 648.7 259.9 710.6 210.5 118.6 575.3 130.3 658.3 661.7 209.8 300.0 189.4 567.8 684.9 557.9 115.7 724.6 86.0 672.5 230.3 237.1 519.8 613.7 240.3 319.0 164.2 110.0 692.1 466.1 579.5 705.8 490.4 42.7 743.6 553.0 173.6 190.3 583.6 314.4 178.7 641.4 174.1 672.9 234.4 367.5 612.4 631.8 636.8 621.3 408.2 738.4 264.9 219.8 429.6 671.6 360.7 131.7 641.5 148.7 681.9 635.7 84.9 313.3 280.3 155.6 121.2 179.5 298.2 606.2 201.8 614.3 140.7 515.3 442.9 175.1 185.2 299.0 639.7 181.8 115.1 713.8 641.0 605.8 330.3 588.6 509.8 140.4 632.6 171.9 619.2 374.3 362.0 713.7 422.4 156.3 626.5 376.8 318.9 104.4 272.3 202.5 125.4 617.5 623.5 305.0 227.8 407.7 649.0 125.0 598.0 221.7 147.3 647.0 204.1 727.3 0.0 495.5 453.5 679.4 492.2 659.6 247.7 564.8 244.3 313.5 458.7 654.2 586.0 505.4 677.5 600.9 206.5 174.4 175.7 642.5 470.8 680.7 111.3 202.7 120.2 577.5 34.4 638.9 248.6 669.6 641.8 663.4 310.7 145.1 647.7
2717.0 500.0 413.8 441.6 382.8 394.7 437.3 459.7 390.7 531.1 325.4 350.3 182.0 499.9 397.5 359.3 422.4 467.5 454.0 444.7 297.7 439.2 495.1 375.4 521.5 523.8 386.1 476.7 83.9 411.3 520.2 473.2 501.2 514.2 71.1 557.3 420.9 364.1 477.4 388.2 546.7 227.2 447.5 217.3 516.7 487.2 457.1 435.1 504.4 346.2 108.1 273.1 436.4 397.1 521.6 505.6 454.7 72.8 342.2 451.9 282.7 485.7 472.8 208.7 532.0 439.7 108.3 359.9 488.0 300.8 445.1 435.5 525.1 498.1 375.0 394.4 399.4 366.3 263.5 501.0 474.1 444.6 158.2 434.2 351.4 569.6 389.5 502.4 447.4 295.1 488.0 362.3 326.2 513.0 582.5 499.9 356.5 368.8 492.5 273.7 536.2 307.5 155.9 451.1 456.2 356.7 402.3 517.0 553.0 442.9 403.6 251.7 376.2 336.6 138.6 536.0 395.2 460.7 381.8 365.0 365.0 476.3 195.6 500.1 389.1 422.7 398.8 502.1 381.4 492.5 473.2 365.5 386.1 362.7 447.1 263.0 308.4 562.9 360.6 468.8 486.0 409.7 399.1 456.4 543.7 0.0 112.9 442.0 80.5 422.2 349.4 89.4 453.2 435.4 94.4 413.8 348.6 202.8 327.3 363.5 472.4 530.1 431.2 405.1 126.1 340.1 506.9 449.9 448.0 325.5 520.2 401.5 357.7 432.2 386.8 366.4 419.8 559.2 410.4
2660.5 406.2 420.5 448.3 326.3 338.2 407.4 429.8 397.4 537.8 332.1 320.4 152.1 470.0 367.6 329.4 392.5 341.6 460.7 414.8 241.2 445.9 401.3 318.9 528.2 530.5 329.6 483.4 140.0 381.4 526.9 443.3 407.4 520.9 207.4 564.0 391.0 307.6 484.1 394.9 452.9 170.7 429.5 160.8 523.4 457.3 427.2 405.2 511.1 316.3 157.4 216.6 443.1 403.8 427.8 512.3 424.8 115.6 312.3 395.4 289.4 455.8 416.3 204.6 538.7 446.4 244.6 366.6 494.7 244.3 451.8 405.6 431.3 504.8 345.1 364.5 369.5 309.8 270.2 471.1 347.9 451.3 128.3 404.3 358.1 576.3 333.0 509.1 390.9 238.6 458.1 369.0 332.9 419.2 589.2 506.6 363.2 338.9 398.7 217.2 542.9 311.3 126.0 457.8 462.9 363.4 372.4 523.7 559.7 386.4 373.7 195.2 382.9 280.1 112.7 542.7 365.3 467.4 351.9 371.7 371.7 446.4 165.7 506.8 359.2 429.4 405.5 508.8 351.5 499.2 479.9 309.0 356.2 369.4 453.8 269.7 251.9 569.6 330.7 375.0 392.2 379.8 405.8 399.9 550.4 145.0 0.0 412.1 129.8 392.3 319.5 225.7 459.9 442.1 119.0 383.9 318.7 208.6 270.8 333.6 479.1 436.3 437.9 375.2 73.7 283.6 513.6 356.1 454.7 269.0 526.9 371.6 327.8 402.3 330.3 309.9 389.9 565.9 380.5
2512.9 613.4 562.9 587.7 184.6 111.8 54.1 637.0 536.8 829.3 623.6 231.8 523.9 173.5 127.6 536.6 259.9 548.8 626.8 125.4 233.1 737.4 608.5 192.0 819.7 696.6 253.8 623.8 507.8 190.0 663.6 160.0 614.6 812.4 567.8 855.5 210.6 187.6 775.6 686.4 660.1 385.1 64.3 287.6 814.9 153.4 634.4 135.7 802.6 523.5 525.2 260.2 734.6 695.3 635.0 624.7 168.2 487.4 191.4 88.7 343.3 663.0 168.1 420.9 830.2 737.9 605.0 658.1 786.2 344.2 743.3 6.2 638.5 644.2 232.0 124.5 232.3 213.9 561.7 140.6 555.1 617.4 500.1 238.1 497.5 867.8 206.1 800.6 133.4 338.5 665.3 508.4 624.4 626.4 880.7 672.7 504.8 216.3 605.9 311.7 671.4 318.0 497.8 749.3 754.4 502.8 217.0 815.2 851.2 163.8 219.2 268.7 674.4 246.5 481.4 664.4 242.7 758.9 175.1 511.1 663.2 94.8 537.5 798.3 198.4 720.9 544.9 800.3 558.7 790.7 771.4 253.7 251.2 508.8 619.9 561.2 351.8 861.1 204.3 582.2 599.4 139.8 697.3 151.7 700.0 516.8 448.2 0.0 497.6 218.9 526.7 586.1 751.4 584.5 464.0 48.6 134.7 378.5 203.4 245.0 645.2 643.5 604.0 167.7 442.4 297.4 805.1 563.3 746.2 209.5 668.0 240.9 535.0 61.9 209.8 290.8 597.1 857.4 225.9
2636.8 429.7 343.5 371.3 348.7 365.7 468.8 510.1 320.4 460.8 255.1 380.4 212.1 530.0 427.6 389.1 382.1 397.2 383.7 474.8 268.7 368.9 424.8 341.3 451.2 453.5 354.2 406.4 40.4 441.4 449.9 503.3 430.9 443.9 107.8 487.0 451.0 375.6 407.1 317.9 476.4 211.1 458.9 201.2 446.4 517.3 512.7 465.2 434.1 376.0 27.5 244.1 366.1 326.8 451.3 435.3 484.8 60.3 372.3 424.8 212.4 516.1 443.8 138.4 461.7 369.4 145.0 289.6 417.7 266.7 374.8 465.6 454.8 427.8 405.1 424.5 429.5 337.3 193.2 531.1 403.8 374.3 188.3 464.3 281.1 499.3 355.4 432.1 395.8 261.0 509.3 292.0 255.9 442.7 512.2 429.6 288.2 398.9 422.2 257.6 465.9 237.2 186.0 380.8 385.9 286.4 432.4 446.7 482.7 413.9 433.7 222.7 305.9 302.5 68.3 465.7 425.3 390.4 411.9 294.7 294.7 506.4 225.7 429.8 419.2 352.4 328.5 431.8 411.2 422.2 402.9 331.4 416.2 292.4 376.8 192.7 274.3 492.6 390.7 398.5 415.7 439.8 328.8 427.4 473.4 80.1 143.0 472.1 0.0 452.3 362.9 126.1 382.9 365.1 24.1 411.8 397.7 132.5 299.1 393.6 402.1 459.8 360.9 435.2 55.8 311.1 436.6 379.6 377.7 291.4 449.9 431.6 387.5 412.6 357.8 337.4 449.6 488.9 361.2
2544.0 589.9 539.4 564.2 325.3 270.0 212.8 613.5 513.3 708.0 525.1 85.5 379.2 113.1 184.4 513.1 271.5 525.3 603.3 90.2 373.8 638.9 585.0 332.7 721.2 673.1 394.5 600.3 466.5 56.8 640.1 165.9 591.1 655.0 482.9 734.2 52.1 328.3 677.1 547.5 636.6 462.1 223.0 428.3 693.6 132.7 610.9 187.4 704.1 500.0 490.7 364.5 636.1 566.5 611.5 601.2 203.8 402.5 191.3 241.2 484.0 639.5 326.3 507.7 718.6 639.4 520.1 559.6 687.7 411.3 644.8 211.0 615.0 620.7 231.7 207.4 58.0 304.2 573.8 146.5 531.6 593.9 381.6 19.1 474.0 741.8 346.8 693.7 274.1 405.6 641.8 484.9 525.9 602.9 731.3 649.2 481.3 85.1 582.4 452.4 647.9 458.7 379.3 650.8 655.9 479.3 58.6 716.7 725.2 322.0 262.3 342.6 575.9 280.1 446.2 640.9 111.5 660.4 178.7 487.6 564.7 121.8 412.8 699.8 100.9 622.4 521.4 679.0 535.2 692.2 670.4 287.3 76.9 485.3 596.4 573.3 418.9 735.1 209.7 558.7 575.9 200.3 598.8 309.9 676.5 431.9 389.9 217.5 463.1 0.0 503.2 501.2 652.9 561.0 538.5 189.3 169.6 452.4 344.1 116.7 621.7 620.0 580.5 154.2 407.2 438.1 657.8 539.8 640.1 283.4 644.5 260.2 511.5 207.7 324.7 431.5 573.6 736.1 259.5
2478.7 214.7 235.8 278.2 462.1 492.9 502.0 205.3 227.3 332.8 239.1 415.0 270.1 564.6 462.2 76.7 487.1 150.1 228.1 509.4 465.6 280.7 209.8 454.7 356.1 297.9 467.6 225.1 357.4 476.0 264.9 537.9 215.9 279.8 373.8 359.0 485.6 489.0 318.9 243.9 261.4 395.1 512.2 385.2 318.4 551.9 202.7 499.8 345.9 118.5 381.6 441.0 277.9 262.9 236.3 226.0 519.4 293.4 406.9 530.4 370.0 231.3 571.0 429.0 343.4 281.2 411.0 273.6 329.5 468.7 286.6 500.2 239.8 259.0 439.7 459.1 464.1 448.6 287.8 565.7 156.4 218.7 256.9 498.9 188.0 366.6 468.8 318.5 509.2 463.0 233.6 198.9 239.9 227.7 356.1 274.0 193.1 433.5 207.2 441.6 272.7 394.8 270.2 291.7 297.7 193.3 467.0 351.6 350.0 541.1 468.3 433.2 289.9 415.9 337.1 265.7 459.9 286.8 446.5 201.6 278.7 541.0 249.7 326.1 453.8 336.4 235.4 303.8 106.1 334.0 295.2 444.8 450.8 199.3 221.2 287.3 476.3 359.9 425.3 183.5 200.7 474.4 240.6 554.6 292.8 322.8 280.8 506.7 354.0 486.9 0.0 392.1 294.7 257.4 343.4 478.5 413.3 385.0 504.8 428.2 246.5 244.8 205.3 469.8 298.1 508.0 282.6 164.6 264.9 404.8 269.3 466.2 130.0 496.9 469.1 495.1 144.5 360.9 475.1
2727.6 520.5 434.3 462.1 439.5 456.5 500.4 522.8 411.2 551.6 345.9 413.4 245.1 563.0 460.6 479.9 485.5 488.0 474.5 507.8 359.5 459.7 515.6 432.1 542.0 544.3 445.0 497.2 104.4 474.4 540.7 536.3 521.7 534.7 79.0 577.8 484.0 427.2 497.9 408.7 567.2 290.3 510.6 280.4 537.2 550.3 520.2 498.2 524.9 466.8 128.6 334.9 456.9 417.6 542.1 526.1 517.8 93.3 405.3 515.0 303.2 606.9 534.6 229.2 552.5 460.2 116.2 380.4 508.5 357.5 465.6 498.6 545.6 518.6 438.1 457.5 462.5 428.1 284.0 564.1 494.6 465.1 221.3 497.3 371.9 590.1 446.2 522.9 510.5 351.8 600.1 382.8 346.7 533.5 603.0 520.4 377.0 431.9 513.0 336.8 556.7 328.0 219.0 471.6 476.7 377.2 465.4 537.5 573.5 504.7 466.7 313.5 396.7 393.3 159.1 556.5 458.3 481.2 444.9 385.5 385.5 539.4 258.7 520.6 452.2 443.2 419.3 522.6 502.0 513.0 493.7 422.2 449.2 383.2 467.6 283.5 365.1 583.4 423.7 489.3 506.5 472.8 419.6 518.2 564.2 83.9 176.0 505.1 101.0 485.3 412.5 0.0 473.7 455.9 114.9 476.9 411.7 223.3 389.9 426.6 492.9 550.6 451.7 468.2 146.6 401.9 527.4 470.4 468.5 382.2 540.7 464.6 478.3 495.3 448.6 428.2 540.4 579.7 473.5
2720.2 299.7 264.2 334.0 623.7 661.6 663.6 276.9 283.1 227.6 233.9 576.6 431.7 726.2 623.8 259.1 648.7 267.5 112.0 671.0 564.6 13.9 232.7 616.3 214.5 216.6 629.2 246.2 413.9 637.6 289.7 699.5 320.2 210.7 481.3 253.8 647.2 605.9 24.1 272.3 281.4 520.7 673.8 502.2 213.2 713.5 279.5 661.4 200.9 246.0 431.3 540.0 82.7 291.3 256.3 202.1 681.0 433.8 568.5 693.7 401.9 282.9 739.7 464.5 201.8 78.5 518.5 225.5 184.5 600.6 141.6 661.8 344.1 376.4 601.3 620.7 625.7 633.2 319.7 727.3 273.8 174.8 418.5 660.5 322.6 266.1 630.4 176.9 689.2 599.1 276.1 285.6 191.8 247.7 279.0 192.7 267.0 595.1 311.5 558.6 232.7 426.7 431.8 63.3 152.7 271.3 628.6 210.0 249.5 709.8 629.9 518.6 241.8 577.5 426.4 232.5 621.5 53.3 608.1 318.8 273.5 702.6 411.3 184.5 615.4 288.3 291.2 198.6 281.2 189.0 153.6 606.4 612.4 277.3 216.6 319.2 608.2 259.4 586.9 268.5 240.7 636.0 44.0 723.3 240.2 453.6 442.4 668.3 403.7 648.5 336.9 499.6 0.0 285.8 370.1 640.1 574.9 416.9 595.0 589.8 165.2 264.8 130.7 631.4 413.9 607.0 203.4 249.6 123.3 566.4 216.7 627.8 257.5 658.5 653.7 633.3 319.6 255.7 636.7
2674.5 267.1 22.5 198.7 535.0 565.8 574.9 352.7 147.8 385.2 155.9 487.9 343.0 637.5 535.1 226.5 560.0 224.6 243.9 582.3 553.0 296.5 262.2 527.6 371.9 313.7 540.5 266.6 402.3 548.9 310.1 610.8 268.3 341.8 446.7 411.4 558.5 561.9 334.7 54.2 313.8 468.0 585.1 458.1 370.8 624.8 350.1 572.7 361.7 213.4 419.7 528.4 293.7 73.2 288.7 278.4 592.3 366.3 479.8 603.3 390.3 378.7 643.9 452.9 359.2 297.0 483.9 237.2 345.3 541.6 302.4 573.1 292.2 255.2 512.6 532.0 537.0 521.5 308.1 638.6 241.2 234.5 329.8 571.8 187.3 419.0 541.7 334.3 582.1 535.9 381.0 150.3 203.5 280.1 408.5 289.8 137.4 506.4 259.6 514.5 325.1 415.1 343.1 307.5 313.5 136.0 539.9 367.4 402.4 614.0 541.2 506.1 253.5 488.8 410.0 318.1 532.8 302.6 519.4 183.5 122.9 613.9 322.6 341.9 526.7 300.0 155.9 356.2 248.6 349.8 311.0 517.7 523.7 142.0 237.0 307.6 549.2 412.3 498.2 235.9 253.1 547.3 256.4 627.5 345.2 395.7 353.7 579.6 392.1 559.8 304.3 465.0 310.5 0.0 358.5 551.4 486.2 405.3 577.7 501.1 262.3 297.2 221.1 542.7 371.0 595.4 335.0 217.0 280.7 477.7 321.7 539.1 224.9 569.8 542.0 568.0 287.0 413.3 548.0
2612.6 405.5 326.2 347.1 336.6 341.5 444.6 485.9 296.2 436.6 230.9 371.8 203.5 521.4 419.0 364.9 370.0 373.0 359.5 466.2 244.5 344.7 400.6 329.2 427.0 429.3 342.1 382.2 43.7 432.8 425.7 494.7 406.7 419.7 139.9 462.8 442.4 325.3 382.9 293.7 452.2 188.4 434.7 178.5 422.2 508.7 488.5 456.6 409.9 351.8 61.1 219.9 340.8 302.6 427.1 411.1 476.2 63.6 349.5 400.6 188.2 491.9 419.6 114.2 437.5 345.2 148.3 265.4 393.5 254.6 350.6 457.0 430.6 403.6 396.5 415.9 420.9 313.1 169.0 522.5 379.6 350.1 179.7 455.7 256.9 475.1 343.3 407.9 408.6 248.9 485.1 267.8 231.7 418.5 488.0 405.4 264.0 390.3 398.0 234.9 441.7 213.0 177.4 356.6 361.7 262.2 423.8 422.5 458.5 389.7 425.1 198.5 281.7 290.4 56.2 441.5 416.7 367.9 403.3 270.5 270.5 490.7 217.1 405.6 410.6 328.2 304.3 407.6 387.0 398.0 378.7 319.3 407.6 268.2 352.6 168.5 262.2 468.4 362.4 374.3 391.5 431.2 304.6 403.2 449.2 83.4 146.3 463.5 33.5 443.7 338.7 129.4 358.7 340.9 0.0 424.6 373.5 108.3 274.9 385.0 376.9 435.6 336.7 426.6 43.7 286.9 412.4 355.4 353.5 279.3 425.7 423.0 363.3 425.4 333.6 313.2 425.4 464.7 349.1
2464.2 626.2 582.6 600.5 135.9 80.6 43.3 649.8 546.6 780.6 574.9 203.0 472.2 144.7 98.8 549.4 228.7 561.6 639.6 96.6 184.4 688.7 621.3 143.3 771.0 706.4 202.1 636.6 459.1 161.2 673.4 131.2 627.4 763.7 547.9 806.8 181.8 138.9 726.9 634.7 672.9 336.4 53.5 238.9 766.2 124.6 647.2 106.9 753.9 536.3 476.5 211.5 684.8 646.6 647.8 637.5 139.4 438.7 160.2 55.3 291.6 675.8 136.9 372.2 781.5 689.2 553.3 609.8 737.5 295.5 694.6 71.4 648.3 654.0 203.2 95.7 203.5 182.7 513.0 111.8 567.9 627.2 451.4 209.3 510.3 819.1 157.4 751.9 84.7 289.8 680.4 521.2 572.7 639.2 832.0 685.5 512.4 187.5 618.7 263.0 681.2 266.3 449.1 700.6 705.7 512.6 188.2 763.5 802.5 132.6 188.0 234.5 625.7 215.3 429.7 677.2 213.9 708.9 146.3 523.9 614.5 66.0 488.8 749.6 169.6 672.2 557.7 751.6 571.5 742.0 722.7 222.5 222.4 521.6 632.7 512.5 303.1 812.4 173.1 592.0 612.2 114.2 648.6 120.5 712.7 468.1 399.5 65.1 448.9 190.1 539.5 537.4 702.7 597.3 412.3 0.0 105.9 344.7 154.7 216.2 657.0 658.0 616.8 138.9 393.7 248.7 756.4 576.1 697.5 178.3 680.8 209.7 544.8 18.3 178.6 246.5 609.9 808.7 194.7
2554.0 504.7 454.2 479.0 219.8 107.6 134.7 528.3 428.1 622.8 439.9 123.1 294.0 187.0 140.8 427.9 101.8 440.1 518.1 208.9 219.4 553.7 499.8 276.2 636.0 587.9 225.3 515.1 412.6 151.5 554.9 170.6 505.9 569.8 480.0 649.0 129.0 271.8 591.9 462.3 551.4 292.4 144.9 252.9 608.4 196.8 525.7 132.5 618.9 414.8 430.0 194.8 550.9 481.3 526.3 516.0 129.2 317.3 21.6 166.7 365.0 554.3 185.7 338.0 633.4 554.2 517.2 474.4 602.5 241.6 559.6 132.9 529.8 535.5 97.2 132.8 107.5 134.5 510.0 265.2 446.4 508.7 296.4 180.4 388.8 656.6 290.3 608.5 217.6 235.9 556.6 399.7 440.7 517.7 646.1 564.0 393.9 141.6 497.2 309.3 562.7 389.8 294.1 565.6 570.7 394.1 175.1 631.5 640.0 155.8 101.0 172.9 490.7 110.4 388.7 555.7 168.0 575.2 40.3 402.4 479.5 132.2 327.6 614.6 63.6 537.2 436.2 593.8 450.0 607.0 585.2 117.6 87.3 400.1 511.2 509.5 249.2 649.9 40.0 473.5 490.7 156.7 513.6 169.3 591.3 346.7 355.5 139.4 402.4 166.0 418.0 498.3 567.7 475.8 368.8 111.2 0.0 282.7 249.8 136.3 536.5 534.8 495.3 79.6 349.7 261.8 572.6 454.6 554.9 113.7 559.3 98.9 426.3 129.6 155.0 254.6 488.4 650.9 89.8
2506.6 463.7 384.4 405.3 247.7 244.6 347.7 544.1 354.4 494.8 289.1 423.8 283.5 414.8 343.5 423.1 321.1 431.2 417.7 428.0 147.6 402.9 458.8 240.3 485.2 487.5 236.0 440.4 161.3 428.2 483.9 419.2 464.9 477.9 257.5 521.0 405.7 232.0 441.1 351.9 510.4 144.7 337.8 85.2 480.4 424.6 546.7 381.1 468.1 410.0 178.7 123.0 400.1 360.8 485.3 469.3 405.9 181.2 252.6 307.2 82.2 550.1 322.7 86.7 495.7 403.4 265.9 323.6 451.7 189.8 408.8 361.3 488.8 461.8 373.9 340.4 384.2 216.2 227.2 443.2 437.8 408.3 259.7 457.1 315.1 533.3 254.4 466.1 315.3 184.1 545.6 326.0 289.9 476.7 546.2 463.6 320.2 442.3 456.2 141.6 499.9 107.0 257.4 414.8 419.9 320.4 475.8 480.7 516.7 292.8 349.6 101.6 339.9 252.7 173.8 499.7 468.7 426.1 317.0 328.7 328.7 397.4 297.1 463.8 340.3 386.4 362.5 465.8 445.2 456.2 436.9 281.6 364.0 326.4 410.8 226.7 197.4 526.6 265.5 432.5 449.7 355.7 362.8 306.3 507.4 201.0 207.8 360.3 151.1 442.7 396.9 247.0 416.9 399.1 117.5 328.1 276.6 0.0 178.0 432.3 435.1 493.8 394.9 356.3 161.3 190.0 470.6 413.6 411.7 229.5 483.9 347.5 421.5 332.9 236.7 216.3 483.6 522.9 287.1
2443.3 623.7 537.5 565.3 87.9 213.5 186.7 627.1 514.4 654.8 449.1 392.7 349.4 299.0 253.1 583.1 290.0 591.2 577.7 250.9 29.6 562.9 618.8 131.2 645.2 647.5 114.8 600.4 329.7 315.5 643.9 285.5 624.9 637.9 393.3 681.0 336.1 54.9 601.1 511.9 670.4 193.8 176.8 113.1 640.4 278.9 624.5 261.2 628.1 570.0 347.1 56.7 560.1 520.8 645.3 629.3 293.7 312.9 221.5 142.7 168.8 710.1 291.6 246.4 655.7 563.4 430.5 483.6 611.7 140.7 568.8 208.1 648.8 621.8 342.8 250.0 353.1 185.1 387.2 266.1 597.8 568.3 325.6 363.6 475.1 693.3 145.3 626.1 138.2 135.0 703.3 486.0 449.9 636.7 706.2 623.6 480.2 341.8 616.2 137.2 659.9 143.5 323.3 574.8 579.9 480.4 342.5 640.7 676.7 261.7 318.5 90.0 499.9 208.4 318.0 659.7 368.2 584.4 285.9 488.7 488.7 220.3 363.0 623.8 309.2 546.4 522.5 625.8 605.2 616.2 596.9 237.3 332.9 486.4 570.8 386.7 148.3 686.6 234.4 592.5 609.7 265.3 522.8 275.2 667.4 342.3 273.7 201.8 319.5 344.4 516.8 411.6 576.9 559.1 285.9 154.2 245.5 199.8 0.0 401.2 596.1 653.8 554.9 325.2 279.0 93.9 630.6 573.6 571.7 198.4 643.9 316.4 581.5 155.0 205.6 87.3 643.6 682.9 256.0
2545.5 544.2 500.6 518.5 341.0 248.9 285.1 567.8 467.6 662.3 479.4 57.8 333.5 162.3 187.0 467.4 243.1 479.6 557.6 162.5 360.7 593.2 539.3 330.4 675.5 627.4 366.6 554.6 420.8 105.8 594.4 238.2 545.4 609.3 466.0 688.5 83.3 344.0 631.4 501.8 590.9 433.7 295.3 394.2 647.9 191.2 565.2 259.7 658.4 454.3 445.0 336.1 589.3 520.8 565.8 555.5 175.4 356.8 162.9 308.0 506.3 593.8 327.0 479.3 672.9 593.7 474.4 513.9 642.0 382.9 599.1 283.3 569.3 575.0 203.3 179.0 61.8 275.8 528.1 218.8 485.9 548.2 335.9 121.7 428.3 696.1 344.5 648.0 344.2 377.2 596.1 439.2 480.2 557.2 685.6 603.5 433.4 86.6 536.7 450.6 602.2 497.5 333.6 605.1 610.2 433.6 120.1 671.0 679.5 297.1 243.8 314.2 530.2 251.7 400.5 595.2 113.0 616.4 150.3 441.9 519.0 194.1 367.1 654.1 72.5 576.7 475.7 633.3 489.5 646.5 624.7 258.9 48.5 439.6 550.7 527.6 390.5 689.4 181.3 513.0 530.2 202.9 553.1 310.6 630.8 386.2 344.2 289.8 417.4 120.3 457.5 455.5 607.2 515.3 406.8 264.6 141.2 424.0 359.8 0.0 576.0 576.0 534.8 125.8 361.5 403.1 612.1 494.1 594.4 255.0 598.8 241.7 465.8 280.0 296.3 400.3 527.9 690.4 231.1
2649.7 212.5 219.0 281.9 585.4 616.2 625.3 225.4 230.0 176.1 249.2 538.3 392.4 687.9 585.5 207.0 610.4 215.4 33.1 632.7 579.9 169.2 67.4 578.0 161.1 51.3 589.9 104.8 429.2 599.3 147.3 661.2 183.7 79.4 525.9 202.3 608.9 612.3 131.4 219.2 160.8 518.4 635.5 508.5 161.7 675.2 228.0 623.1 205.1 193.9 446.6 555.3 191.1 239.2 135.7 125.4 642.7 416.7 529.2 656.4 416.2 231.4 693.3 479.8 148.4 111.9 533.3 241.2 153.5 592.0 166.9 623.5 208.6 324.3 563.0 582.4 587.4 571.9 334.0 689.0 221.7 30.2 380.2 622.2 270.5 214.6 592.1 123.5 632.5 586.3 226.9 233.5 206.1 127.1 227.5 27.4 217.4 556.8 175.0 564.9 82.6 441.0 393.5 96.7 178.2 218.2 590.3 155.6 198.0 664.4 591.6 532.9 257.1 539.2 440.7 116.4 583.2 92.5 569.8 266.7 288.9 664.3 373.0 131.1 577.1 303.6 239.1 147.1 229.1 177.3 100.2 568.1 574.1 225.2 75.2 334.5 599.6 207.9 548.6 194.8 76.8 596.7 145.4 677.9 188.8 446.1 404.1 630.0 419.0 610.2 284.8 515.4 165.9 233.7 384.4 604.8 536.6 432.2 610.3 550.5 0.0 145.9 51.3 593.1 421.4 622.3 87.8 175.9 69.9 528.1 165.2 589.5 204.4 620.2 592.4 614.0 267.5 204.2 597.4
2636.6 199.4 258.9 321.8 588.7 619.5 628.6 200.4 272.6 186.1 318.3 541.6 396.7 691.2 588.8 210.3 613.7 218.7 185.6 636.0 592.2 296.9 76.1 581.3 221.9 155.5 594.2 180.2 484.0 602.6 220.0 664.5 170.6 116.2 529.2 212.3 612.2 615.6 245.4 260.1 21.8 521.7 638.8 511.8 171.7 678.5 203.0 626.4 265.9 197.2 508.2 567.6 293.0 279.1 8.1 52.3 646.0 420.0 533.5 659.7 481.6 206.4 697.6 555.6 209.2 225.9 537.6 303.9 214.3 595.3 209.7 626.8 194.5 327.6 566.3 585.7 590.7 575.2 397.7 692.3 225.0 185.4 383.5 625.5 310.4 224.6 595.4 184.3 635.8 589.6 201.9 273.4 269.8 16.7 227.0 147.4 258.3 560.1 161.9 568.2 138.2 504.7 396.8 210.7 220.8 259.1 593.6 217.4 208.0 667.7 594.9 561.5 319.8 542.5 463.7 132.0 586.5 207.5 573.1 306.6 328.8 667.6 376.3 191.9 580.4 366.3 279.0 157.1 232.4 238.1 161.0 571.4 577.4 265.1 187.9 397.2 602.9 217.9 551.9 181.7 67.0 601.0 256.8 681.2 163.8 449.4 407.4 633.3 480.6 613.5 288.1 518.7 279.9 273.6 448.1 608.1 539.9 496.6 631.4 554.8 153.4 0.0 203.8 596.4 424.7 634.6 108.9 162.8 155.8 531.4 140.2 592.8 208.7 623.5 595.7 617.3 270.8 214.2 601.7
2603.6 196.2 160.7 230.5 534.0 564.8 573.9 215.0 179.6 165.7 197.8 486.9 342.0 636.5 534.1 155.6 559.0 164.0 22.7 581.3 528.5 158.8 122.9 526.6 150.7 106.8 539.5 115.4 377.8 547.9 158.9 609.8 197.4 134.9 445.7 191.9 557.5 560.9 121.0 168.8 216.3 467.0 584.1 457.1 151.3 623.8 217.6 571.7 194.7 142.5 395.2 503.9 180.0 187.8 191.2 140.2 591.3 365.3 478.8 602.3 365.8 221.0 642.9 428.4 138.0 101.5 482.9 189.4 143.1 540.6 156.5 572.1 221.3 272.9 511.6 531.0 536.0 520.5 283.6 637.6 170.3 65.0 328.8 570.8 219.1 204.2 540.7 113.1 581.1 534.9 214.2 182.1 155.7 182.6 217.1 82.9 169.2 505.4 188.7 513.5 138.1 390.6 342.1 86.3 167.8 167.8 538.9 146.2 187.6 613.0 540.2 482.5 205.7 487.8 390.3 170.6 531.8 81.4 518.4 215.3 237.5 612.9 321.6 120.7 525.7 252.2 187.7 136.7 177.7 166.9 89.8 516.7 522.7 173.8 85.8 283.1 548.2 197.5 497.2 165.0 132.3 546.3 135.0 626.5 178.3 394.7 352.7 578.6 367.6 558.8 233.4 464.0 155.5 182.3 334.0 550.4 485.2 380.8 558.9 500.1 55.4 199.7 0.0 541.7 370.0 570.9 141.5 146.1 59.5 476.7 154.8 538.1 154.0 568.8 541.0 567.0 216.1 193.8 547.0
2628.5 585.6 535.1 559.9 282.1 178.3 169.6 609.2 509.0 703.7 520.8 151.1 374.9 114.8 68.6 508.8 205.5 521.0 599.0 173.4 323.1 634.6 580.7 289.5 716.9 668.8 329.0 596.0 516.3 140.1 635.8 214.6 586.8 650.7 478.6 729.9 117.6 285.1 672.8 543.2 632.3 396.1 179.8 356.6 689.3 124.6 606.6 236.1 699.8 495.7 533.7 298.5 631.8 562.2 607.2 596.9 49.5 398.2 125.3 241.2 468.7 635.2 260.2 441.7 714.3 635.1 515.8 555.3 683.4 345.3 640.5 167.8 610.7 616.4 165.7 53.1 96.1 238.2 613.7 195.2 527.3 589.6 377.3 169.0 469.7 737.5 303.6 689.4 230.9 339.6 637.5 480.6 521.6 598.6 727.0 644.9 474.8 169.6 578.1 413.0 643.6 415.5 375.0 646.5 651.6 475.0 190.5 712.4 720.9 212.3 117.9 276.6 571.6 214.1 492.4 636.6 196.0 656.1 112.7 483.3 560.4 170.5 408.5 695.5 52.2 618.1 517.1 674.7 530.9 687.9 666.1 221.3 75.9 481.0 592.1 613.2 352.9 730.8 143.7 554.4 571.6 84.5 594.5 243.8 672.2 427.6 459.2 174.3 506.1 154.6 498.9 496.9 648.6 556.7 472.5 146.1 103.6 386.4 300.9 144.2 617.4 615.7 576.2 0.0 453.4 365.5 653.5 535.5 635.8 217.4 640.2 115.8 507.2 164.5 258.3 358.3 569.3 731.8 193.5
2627.0 460.1 373.9 401.7 292.8 322.7 388.4 437.4 350.8 491.2 285.5 328.0 159.7 477.6 375.2 337.0 326.2 427.6 414.1 422.4 238.7 399.3 455.2 285.4 481.6 483.9 298.3 436.8 66.2 389.0 480.3 450.9 461.3 474.3 133.6 517.4 398.6 319.7 437.5 348.3 506.8 155.2 378.5 145.3 476.8 464.9 434.8 412.8 464.5 323.9 83.6 214.1 396.5 357.2 481.7 465.7 432.4 86.1 319.9 344.4 242.8 463.4 400.8 168.8 492.1 399.8 170.8 320.0 448.1 210.8 405.2 413.2 485.2 458.2 352.7 372.1 377.1 294.3 223.6 478.7 434.2 404.7 135.9 411.9 311.5 529.7 299.5 462.5 339.9 205.1 539.7 322.4 286.3 473.1 542.6 460.0 316.6 346.5 452.6 201.7 496.3 267.6 133.6 411.2 416.3 316.8 380.0 477.1 513.1 370.9 381.3 179.7 336.3 246.6 38.9 496.1 372.9 420.8 359.5 325.1 325.1 422.0 173.3 460.2 366.8 382.8 358.9 462.2 359.1 452.6 433.3 275.5 363.8 322.8 407.2 223.1 218.4 523.0 338.3 428.9 446.1 387.4 359.2 384.4 503.8 105.9 84.0 419.7 56.0 399.9 327.1 151.9 413.3 395.5 54.5 355.9 354.7 162.9 269.1 341.2 432.5 490.2 391.3 382.8 0.0 281.1 467.0 410.0 408.1 235.5 480.3 379.2 335.4 356.7 314.8 294.4 397.5 519.3 305.3
2546.5 636.1 611.1 638.9 212.3 247.2 282.4 659.7 588.0 728.4 522.7 426.4 382.0 394.7 346.1 559.3 323.7 571.5 651.3 346.6 65.2 636.5 631.2 204.9 718.8 721.1 188.5 674.0 363.4 430.8 717.5 381.2 637.3 711.5 430.8 754.6 408.3 150.6 674.7 585.5 682.8 227.5 272.5 176.4 714.0 374.6 657.1 356.9 701.7 546.2 380.8 90.4 633.7 594.4 657.7 702.9 408.5 345.5 255.2 238.4 264.5 685.7 325.3 288.8 729.3 637.0 468.0 557.2 685.3 174.4 642.4 303.8 661.2 695.4 376.5 343.0 386.8 218.8 460.8 361.8 577.8 641.9 358.2 459.7 548.7 766.9 219.0 699.7 233.9 168.7 688.0 559.6 523.5 649.1 779.8 697.2 553.8 444.9 628.6 211.7 733.5 239.2 355.9 648.4 653.5 554.0 438.2 714.3 750.3 295.4 352.2 123.7 573.5 255.3 351.7 733.3 471.3 658.0 319.6 562.3 562.3 316.0 395.6 697.4 342.9 620.0 596.1 699.4 581.4 689.8 670.5 284.2 366.6 560.0 644.4 460.3 182.0 760.2 268.1 604.9 622.1 358.3 596.4 308.9 741.0 374.9 306.3 297.5 353.2 445.3 549.4 449.1 650.5 632.7 319.6 249.9 279.2 233.5 95.6 434.9 669.7 666.2 628.5 358.9 312.7 0.0 704.2 586.0 645.3 232.1 717.5 350.1 557.7 250.7 239.3 161.0 619.8 756.5 289.7
2602.6 217.5 270.1 339.9 606.8 637.6 646.7 159.3 289.0 145.0 336.4 559.7 414.8 709.3 606.9 228.4 631.8 236.8 127.3 654.1 610.3 263.4 92.9 599.4 180.8 46.5 612.3 198.3 502.1 620.7 238.1 682.6 188.7 7.2 518.5 171.2 630.3 633.7 225.6 278.2 125.8 539.8 656.9 529.9 130.6 696.6 161.9 644.5 224.8 215.3 526.3 585.7 235.9 297.2 100.7 46.5 664.1 438.1 551.6 675.1 498.0 165.3 715.7 573.7 168.1 206.1 555.7 321.6 173.2 613.4 168.6 644.9 212.6 345.7 584.4 603.8 608.8 593.3 415.8 710.4 243.1 125.4 401.6 643.6 328.5 183.5 613.5 143.2 653.9 607.7 158.5 291.5 287.9 92.1 185.9 68.1 276.4 578.2 180.0 586.3 29.2 522.8 414.9 190.9 179.7 277.2 611.7 176.3 166.9 685.8 613.0 577.9 337.9 560.6 481.8 28.5 604.6 186.0 591.2 324.7 346.9 685.7 394.4 150.8 598.5 384.4 297.1 116.0 250.5 197.0 119.9 589.5 595.5 283.2 169.4 415.3 621.0 176.8 570.0 199.8 85.1 619.1 239.6 699.3 122.6 467.5 425.5 651.4 498.7 631.6 277.4 536.8 260.1 291.7 466.2 623.2 558.0 513.0 649.5 572.9 94.1 109.2 145.5 614.5 442.8 652.7 0.0 180.9 114.7 549.5 99.1 610.9 226.8 641.6 613.8 639.8 288.9 173.1 619.8
2608.5 74.0 172.4 242.2 509.1 539.9 549.0 198.9 191.3 231.4 238.7 462.0 317.1 611.6 509.2 130.7 534.1 139.1 164.7 556.4 512.6 217.3 108.4 501.7 267.2 203.6 514.6 123.7 404.4 523.0 163.5 584.9 112.5 178.4 420.8 257.6 532.6 536.0 255.5 180.5 160.0 442.1 559.2 432.2 217.0 598.9 196.3 546.8 282.5 117.6 428.6 488.0 214.5 199.5 134.9 124.6 566.4 340.4 453.9 577.4 400.3 224.9 618.0 476.0 254.5 217.8 458.0 223.9 259.6 515.7 223.2 547.2 102.2 248.0 486.7 506.1 511.1 495.6 318.1 612.7 145.4 155.3 303.9 545.9 230.8 265.2 515.8 229.6 556.2 510.0 227.2 193.8 190.2 126.3 254.7 179.7 178.7 480.5 105.8 488.6 171.3 425.1 317.2 228.3 234.3 179.5 514.0 262.7 248.6 588.1 515.3 480.2 240.2 462.9 384.1 164.3 506.9 223.4 493.5 227.0 249.2 588.0 296.7 237.2 500.8 286.7 199.4 202.4 152.8 270.6 206.3 491.8 497.8 185.5 131.4 317.6 523.3 258.5 472.3 42.8 99.3 521.4 177.2 601.6 191.4 369.8 327.8 553.7 401.0 533.9 208.5 439.1 231.3 194.0 368.5 525.5 460.3 415.3 551.8 475.2 183.1 143.4 141.9 516.8 345.1 555.0 181.2 0.0 201.5 451.8 167.9 513.2 129.1 543.9 516.1 542.1 191.2 259.5 522.1
2598.7 227.5 216.2 286.0 589.5 620.3 629.4 155.4 235.1 106.1 253.3 542.4 397.5 692.0 589.6 211.1 614.5 219.5 36.7 636.8 584.0 127.3 128.3 582.1 91.1 128.5 595.0 170.9 433.3 603.4 214.4 665.3 198.7 89.2 501.2 132.3 613.0 616.4 89.5 224.3 159.9 522.5 639.6 512.6 91.7 679.3 158.0 627.2 135.1 198.0 450.7 559.4 150.3 243.3 134.8 80.6 646.8 420.8 534.3 657.8 421.3 161.4 698.4 483.9 78.4 70.0 538.4 244.9 83.5 596.1 96.9 627.6 222.6 328.4 567.1 586.5 591.5 576.0 339.1 693.1 225.8 99.5 384.3 626.3 274.6 144.6 596.2 53.5 636.6 590.4 154.6 237.6 211.2 126.2 157.5 117.4 224.7 560.9 190.0 569.0 111.2 446.1 397.6 54.8 108.2 223.3 594.4 86.6 128.0 668.5 595.7 538.0 261.2 543.3 445.8 111.0 587.3 49.9 573.9 270.8 293.0 668.4 377.1 61.1 581.2 307.7 243.2 77.1 233.2 107.3 30.2 572.2 578.2 229.3 141.3 338.6 603.7 137.9 552.7 209.8 119.2 601.8 103.5 682.0 118.7 450.2 408.2 634.1 423.1 614.3 273.5 519.5 124.0 237.8 389.5 605.9 540.7 436.3 614.4 555.6 89.9 143.3 55.4 597.2 425.5 626.4 81.9 190.9 0.0 532.2 95.2 593.6 209.5 624.3 596.5 622.5 271.6 134.2 602.5
2511.6 502.2 451.7 476.5 177.4 96.4 199.5 525.8 425.6 620.3 437.4 268.7 291.5 266.6 195.3 425.4 120.7 437.6 515.6 281.7 177.0 551.2 497.3 170.0 633.5 585.4 182.9 512.6 324.6 280.0 552.4 271.0 503.4 567.3 392.0 646.5 257.5 204.3 589.4 459.8 548.9 250.0 189.6 210.5 605.9 276.4 523.2 232.9 616.4 412.3 342.0 152.4 548.4 478.8 523.8 513.5 257.7 352.3 104.4 155.5 322.6 551.8 174.5 295.6 630.9 551.7 429.2 471.9 600.0 199.2 557.1 213.1 527.3 533.0 225.7 192.2 236.0 95.0 467.6 296.9 443.9 506.2 365.0 308.9 386.3 654.1 184.1 606.0 206.4 193.5 554.1 397.2 438.2 515.2 643.6 561.5 393.6 287.2 494.7 266.9 560.2 347.4 362.7 563.1 568.2 391.6 320.7 629.0 637.5 144.6 201.4 130.5 488.2 41.1 297.3 553.2 313.6 572.7 168.8 399.9 477.0 251.1 325.1 612.1 192.1 534.7 433.7 591.3 447.5 604.5 582.7 70.0 215.8 397.6 508.7 467.1 206.8 647.4 112.6 471.0 488.2 207.5 511.1 158.1 588.8 381.7 313.1 212.1 314.4 294.5 415.5 410.3 565.2 473.3 326.4 185.0 128.4 240.3 207.4 281.9 534.0 532.3 492.8 208.1 258.3 219.4 570.1 452.1 552.4 0.0 556.8 199.3 423.8 184.7 115.5 212.2 485.9 648.4 99.8
2578.3 207.1 259.7 329.5 596.4 627.2 636.3 92.4 278.6 69.6 290.2 549.3 404.4 698.9 596.5 218.0 621.4 226.4 124.8 643.7 599.9 215.4 124.2 589.0 154.1 125.7 601.9 187.9 470.2 610.3 227.7 672.2 178.3 86.4 508.1 95.8 619.9 623.3 177.6 267.8 157.1 529.4 646.5 519.5 81.2 686.2 95.0 634.1 198.1 204.9 487.6 575.3 209.2 286.8 132.0 77.8 653.7 427.7 541.2 664.7 458.2 98.4 705.3 520.8 141.4 158.1 545.3 281.8 146.5 603.0 141.9 634.5 202.2 335.3 574.0 593.4 598.4 582.9 376.0 700.0 232.7 187.6 391.2 633.2 318.1 97.2 603.1 116.5 643.5 597.3 91.6 281.1 248.1 123.4 86.7 147.3 266.0 567.8 169.6 575.9 108.4 483.0 404.5 142.9 153.0 266.8 601.3 149.6 80.6 675.4 602.6 567.5 298.1 550.2 471.4 108.2 594.2 138.0 580.8 314.3 329.8 675.3 384.0 124.1 588.1 344.6 286.7 69.9 240.1 170.3 93.2 579.1 585.1 272.8 195.6 375.5 610.6 90.5 559.6 189.4 115.1 608.7 171.9 688.9 55.7 457.1 415.1 641.0 460.0 621.2 269.9 526.4 212.1 281.3 426.4 612.8 547.6 473.2 639.1 562.5 173.3 140.5 143.5 604.1 432.4 642.3 79.1 170.5 88.0 539.1 0.0 600.5 216.4 631.2 603.4 629.4 278.5 110.6 609.4
2577.0 582.2 531.7 556.5 248.7 118.8 136.2 605.8 505.6 700.3 517.4 200.6 371.5 149.7 78.4 505.4 266.9 517.6 595.6 164.3 297.2 631.2 577.3 256.1 713.5 665.4 317.9 592.6 515.4 258.7 632.4 172.1 583.4 647.3 582.8 726.5 236.2 251.7 669.4 539.8 628.9 395.2 146.4 351.7 685.9 159.5 603.2 134.0 696.4 492.3 532.8 324.3 628.4 558.8 603.8 593.5 119.0 497.5 198.4 164.6 407.4 631.8 200.7 440.8 710.9 631.7 620.0 551.9 680.0 344.4 637.1 134.4 607.3 613.0 200.8 75.3 214.7 202.9 625.8 184.5 523.9 586.2 373.9 287.6 466.3 734.1 270.2 686.0 197.5 338.7 634.1 477.2 518.2 595.2 723.6 641.5 473.6 219.1 574.7 375.8 640.2 382.1 371.6 643.1 648.2 471.6 252.6 709.0 717.5 152.8 58.4 275.7 568.2 253.5 491.5 633.2 245.5 652.7 143.9 479.9 557.0 133.7 405.1 692.1 170.8 614.7 513.7 671.3 527.5 684.5 662.7 260.7 194.5 477.6 588.7 625.3 352.0 727.4 135.5 551.0 568.2 90.6 591.1 184.3 668.8 526.9 458.3 140.9 505.2 273.2 495.5 601.1 645.2 553.3 471.6 112.7 103.5 385.5 267.5 213.8 614.0 612.3 572.8 118.5 452.5 361.5 650.1 532.1 632.4 216.5 636.8 0.0 503.8 131.1 198.8 354.9 565.9 728.4 232.9
2547.8 158.7 186.7 249.6 480.3 511.1 520.2 244.3 198.7 276.8 246.1 433.2 288.3 582.8 480.4 38.7 505.3 110.3 172.1 527.6 483.8 224.7 153.8 472.9 300.1 241.9 485.8 169.1 375.6 494.2 208.9 556.1 159.9 223.8 392.0 303.0 503.8 507.2 262.9 187.9 205.4 413.3 530.4 403.4 262.4 570.1 241.7 518.0 289.9 8.3 399.8 459.2 220.8 206.9 180.3 170.0 537.6 311.6 425.1 548.6 388.2 270.3 589.2 447.2 287.4 225.2 429.2 231.7 273.5 486.9 230.6 518.4 183.8 219.2 457.9 477.3 482.3 466.8 306.0 583.9 116.6 162.7 275.1 517.1 206.2 310.6 487.0 262.5 527.4 481.2 272.6 201.2 197.6 171.7 300.1 218.0 186.1 451.7 151.2 459.8 216.7 413.0 288.4 235.7 241.7 186.9 485.2 295.6 294.0 559.3 486.5 451.4 247.6 434.1 355.3 209.7 478.1 232.5 464.7 219.8 256.6 559.2 267.9 270.1 472.0 294.1 206.8 247.8 60.8 278.0 239.2 463.0 469.0 192.9 165.2 305.5 494.5 303.9 443.5 127.5 144.7 492.6 184.6 572.8 236.8 341.0 299.0 524.9 372.2 505.1 116.5 410.3 238.7 201.4 361.6 496.7 431.5 403.2 523.0 446.4 189.5 188.8 149.3 488.0 316.3 526.2 226.6 108.6 208.9 423.0 213.3 484.4 0.0 515.1 487.3 513.3 99.2 304.9 493.3
2455.9 617.9 567.4 592.2 127.6 72.3 72.6 641.5 541.3 772.3 566.6 232.3 466.9 174.0 128.1 541.1 220.4 553.3 631.3 125.9 176.1 680.4 613.0 135.0 762.7 701.1 196.8 628.3 450.8 190.5 668.1 160.5 619.1 755.4 510.8 798.5 211.1 130.6 718.6 629.4 664.6 328.1 77.6 230.6 757.9 153.9 638.9 136.2 745.6 528.0 468.2 203.2 677.6 638.3 639.5 629.2 168.7 430.4 151.9 43.5 286.3 667.5 128.6 363.9 773.2 680.9 548.0 601.1 729.2 287.2 686.3 53.0 643.0 648.7 273.2 125.0 232.8 174.4 504.7 141.1 559.6 621.9 443.1 238.6 502.0 810.8 149.1 743.6 76.4 281.5 669.8 512.9 567.4 630.9 823.7 677.2 507.1 216.8 610.4 254.7 675.9 261.0 440.8 692.3 697.4 507.3 217.5 758.2 794.2 124.3 179.7 229.2 617.4 207.0 424.4 668.9 243.2 701.9 216.3 515.6 606.2 95.3 480.5 741.3 239.6 663.9 549.4 743.3 563.2 733.7 714.4 214.2 263.3 513.3 624.4 504.2 294.8 804.1 164.8 586.7 603.9 140.3 640.3 112.2 704.5 459.8 391.2 46.7 440.6 219.4 531.2 529.1 694.4 589.0 407.0 29.2 175.9 336.4 146.4 245.5 649.7 648.0 608.5 168.2 385.4 240.4 748.1 567.8 689.2 170.0 672.5 201.4 539.5 0.0 170.3 233.8 601.6 800.4 186.4
2538.8 580.2 529.7 554.5 250.5 105.5 192.4 603.8 503.6 762.4 556.7 306.9 416.0 290.0 218.7 503.4 204.2 515.6 593.6 274.6 204.2 670.5 575.3 257.9 752.8 663.4 210.1 590.6 397.4 311.3 630.4 309.2 581.4 645.3 464.8 788.6 288.8 253.5 708.7 537.8 626.9 277.2 182.5 237.7 748.0 299.8 601.2 264.2 735.7 490.3 414.8 179.6 667.7 628.4 601.8 591.5 259.3 379.5 135.7 148.4 349.8 629.8 167.4 322.8 763.3 671.0 502.0 591.2 719.3 226.4 676.4 206.0 605.3 611.0 257.0 215.6 267.3 71.7 494.8 289.8 521.9 584.2 392.2 340.2 464.3 800.9 272.0 733.7 199.3 220.7 632.1 475.2 557.5 593.2 721.6 639.5 469.4 325.4 572.7 294.1 638.2 383.9 389.9 682.4 687.5 469.6 358.9 748.3 784.3 112.6 194.9 157.7 607.5 167.7 373.5 631.2 351.8 692.0 200.1 477.9 596.3 244.0 429.6 731.4 223.4 654.0 511.7 733.4 525.5 723.8 704.5 196.6 247.1 475.6 586.7 494.3 234.0 794.2 148.6 549.0 566.2 230.9 630.4 151.0 666.8 408.9 340.3 205.0 387.2 325.8 493.5 483.1 684.5 551.3 353.6 177.9 159.7 267.5 234.6 315.4 612.0 610.3 570.8 239.4 334.5 246.6 648.1 530.1 679.3 120.8 634.8 216.6 501.8 177.6 0.0 239.4 563.9 790.5 170.2
2494.8 634.1 616.0 636.9 160.6 211.7 284.8 657.7 586.0 726.4 520.7 390.9 384.4 381.9 310.6 557.3 288.2 569.5 649.3 349.0 85.7 634.5 629.2 153.2 716.8 723.5 27.5 672.0 361.4 395.3 715.5 383.6 635.3 709.5 457.6 752.6 372.8 153.0 672.7 587.9 680.8 249.9 274.9 194.0 712.0 377.0 655.1 348.2 699.7 544.2 378.8 112.8 630.6 592.4 655.7 700.9 373.0 343.5 224.1 244.3 266.9 683.7 289.8 286.8 727.3 635.0 466.0 555.6 683.3 196.8 640.4 306.2 627.9 693.4 341.0 307.5 351.3 183.3 458.8 364.2 575.8 644.3 356.2 424.2 546.7 764.9 167.3 697.7 236.3 191.1 688.3 557.6 521.5 647.1 777.8 695.2 553.8 409.4 626.6 229.3 731.5 241.6 353.9 646.4 651.5 552.0 442.9 712.3 748.3 259.9 316.7 121.7 571.5 216.6 337.5 731.3 435.8 657.7 284.1 560.3 560.3 318.4 393.6 695.4 307.4 618.0 594.1 697.4 579.4 687.8 668.5 245.5 331.1 558.0 642.4 458.3 204.4 758.2 232.6 602.9 620.1 322.8 594.4 273.4 739.1 372.9 304.3 299.9 351.2 409.8 547.4 447.1 648.5 630.7 322.0 249.1 243.7 235.9 98.0 403.8 666.7 665.9 626.5 323.4 298.5 150.0 702.2 584.0 643.3 196.6 715.5 314.6 555.7 253.1 203.8 0.0 617.8 754.5 258.6
2537.1 195.6 216.7 286.5 520.5 551.3 560.4 281.2 235.6 313.7 297.5 473.4 328.5 623.0 520.6 40.7 545.5 147.2 209.0 567.8 524.0 261.6 190.7 513.1 337.0 278.8 526.0 206.0 415.8 534.4 245.8 596.3 196.8 260.7 432.2 339.9 544.0 547.4 299.8 224.8 242.3 453.5 570.6 443.6 299.3 610.3 278.6 558.2 326.8 82.5 440.0 499.4 258.8 243.8 217.2 206.9 577.8 351.8 465.3 588.8 428.4 307.2 629.4 487.4 324.3 262.1 469.4 268.2 310.4 527.1 267.5 558.6 220.7 256.1 498.1 517.5 522.5 507.0 346.2 624.1 153.5 199.6 315.3 557.3 246.4 347.5 527.2 299.4 567.6 521.4 309.5 238.1 234.5 208.6 337.0 254.9 225.2 491.9 188.1 500.0 253.6 453.2 328.6 272.6 278.6 223.8 525.4 332.5 330.9 599.5 526.7 491.6 284.5 474.3 395.5 246.6 518.3 267.7 504.9 260.0 293.5 599.4 308.1 307.0 512.2 331.0 243.7 284.7 17.5 314.9 276.1 503.2 509.2 229.8 202.1 345.7 534.7 340.8 483.7 164.4 181.6 532.8 221.5 613.0 273.7 381.2 339.2 565.1 412.4 545.3 105.8 450.5 275.6 238.3 401.8 536.9 471.7 443.4 563.2 486.6 227.4 225.7 186.2 528.2 356.5 566.4 263.5 145.5 245.8 463.2 250.2 524.6 94.0 555.3 527.5 553.5 0.0 341.8 533.5
2651.0 299.3 343.9 413.7 688.6 719.4 728.5 198.6 362.8 114.2 329.8 641.5 496.6 791.1 688.7 310.2 713.6 318.6 164.4 735.9 660.5 255.0 200.1 681.2 193.7 200.3 694.1 280.1 509.8 702.5 319.9 764.4 270.5 161.0 577.2 140.4 712.1 715.5 217.2 352.0 231.7 616.6 738.7 598.1 99.8 778.4 201.2 726.3 237.7 297.1 527.2 635.9 248.8 371.0 206.6 152.4 745.9 519.9 633.4 756.9 497.8 204.6 797.5 560.4 181.0 197.7 614.4 321.4 186.1 695.2 181.5 726.7 294.4 427.5 666.2 685.6 690.6 675.1 415.6 792.2 324.9 227.2 483.4 725.4 402.3 81.9 695.3 156.1 735.7 689.5 197.8 365.3 287.7 198.0 94.8 221.9 352.4 660.0 261.8 654.5 183.0 522.6 496.7 182.5 192.6 351.0 693.5 189.2 65.3 767.6 694.8 614.5 337.7 642.4 522.3 182.8 686.4 177.6 673.0 398.5 369.4 767.5 476.2 163.7 680.3 384.2 370.9 85.2 332.3 209.9 132.8 671.3 677.3 357.0 269.0 415.1 702.8 75.2 651.8 281.6 191.0 700.9 211.5 781.1 161.9 549.3 507.3 733.2 499.6 713.4 345.3 595.5 251.7 365.5 466.0 705.0 639.8 512.8 690.9 654.7 217.6 215.1 183.1 696.3 509.8 702.9 153.7 262.7 127.6 631.3 106.1 692.7 308.6 723.4 695.6 721.6 370.7 0.0 701.6
2564.7 567.9 524.3 542.2 230.5 118.3 221.4 591.5 491.3 686.0 503.1 267.7 357.2 258.7 187.4 491.1 104.3 503.3 581.3 255.3 230.1 616.9 563.0 286.9 699.2 651.1 236.0 578.3 423.3 272.1 618.1 263.1 569.1 633.0 490.7 712.2 249.6 282.5 655.1 525.5 614.6 303.1 211.5 263.6 671.6 268.5 588.9 225.0 682.1 478.0 440.7 205.5 613.0 544.5 589.5 579.2 249.8 405.4 96.5 177.4 375.7 617.5 196.4 348.7 696.6 617.4 527.9 537.6 665.7 252.3 622.8 225.4 593.0 598.7 217.8 184.3 228.1 145.2 520.7 275.5 509.6 571.9 418.1 301.0 452.0 719.8 301.0 671.7 228.3 246.6 619.8 462.9 503.9 580.9 709.3 627.2 457.1 286.2 560.4 320.0 625.9 400.5 415.8 628.8 633.9 457.3 319.7 694.7 703.2 166.5 193.5 183.6 553.9 52.3 363.0 618.9 312.6 640.1 160.9 465.6 542.7 224.7 455.5 677.8 184.2 600.4 499.4 657.0 513.2 670.2 648.4 59.5 207.9 463.3 574.4 520.2 259.9 713.1 64.5 536.7 553.9 199.6 576.8 180.0 654.4 434.8 366.2 231.9 413.1 286.6 481.2 509.0 630.9 539.0 379.5 203.7 120.5 293.4 260.5 276.2 598.7 598.0 558.5 200.2 324.0 272.5 635.8 517.8 618.1 115.7 622.5 191.4 489.5 206.6 165.7 265.3 551.6 714.1 0.0
