Name		0552_BED-Amazon_n180_m259_bt39
Number_of_Customers	180
Number_of_Items		259
Number_of_ItemTypes	39
Number_of_Vehicles	1
TimeWindows		0
Dist_type	manual

VEHICLE
Mass_Capacity	2071
CargoSpace_Length	174
CargoSpace_Width	61
CargoSpace_Height	84

CUSTOMERS
i	x	y	Demand	ReadyTime	DueDate	ServiceTime	DemandedMass	DemandedVolume
0	41.840375	-87.683736	0	0	0	0	0	0
1	41.716131	-87.679487	1	0	0	0	4.7	1380
2	41.717235	-87.680745	1	0	0	0	1.9	1176
3	41.728358	-87.674288	2	0	0	0	8.0	6280
4	41.711169	-87.666298	1	0	0	0	1.75	4608
5	41.71933	-87.668127	2	0	0	0	6.85	2460
6	41.709094	-87.64532	1	0	0	0	3.01	5544
7	41.723192	-87.674414	1	0	0	0	3.82	7600
8	41.713905	-87.666589	1	0	0	0	0.7	2640
9	41.712885	-87.664799	1	0	0	0	4.66	4350
10	41.701599	-87.643891	2	0	0	0	7.2	5358
11	41.707887	-87.645298	1	0	0	0	4.7	1380
12	41.720186	-87.677192	2	0	0	0	12.61	17944
13	41.72134	-87.646758	1	0	0	0	0.7	2640
14	41.727666	-87.681027	1	0	0	0	4.7	1380
15	41.723875	-87.679694	1	0	0	0	0.7	2640
16	41.716994	-87.65354	1	0	0	0	3.82	7600
17	41.712494	-87.646607	1	0	0	0	4.7	1380
18	41.714296	-87.655182	2	0	0	0	2.45	7248
19	41.71905	-87.679574	1	0	0	0	7.3	3640
20	41.709107	-87.662328	3	0	0	0	14.13	16784
21	41.723103	-87.678469	1	0	0	0	4.7	1380
22	41.727672	-87.674516	1	0	0	0	2.5	3978
23	41.709131	-87.648966	3	0	0	0	8.83	28866
24	41.719147	-87.666209	2	0	0	0	6.76	23484
25	41.709431	-87.647765	1	0	0	0	9.4	2760
26	41.720523	-87.644411	1	0	0	0	4.8	6200
27	41.711742	-87.658493	4	0	0	0	11.96	9546
28	41.731184	-87.676294	3	0	0	0	8.82	27800
29	41.727509	-87.670171	2	0	0	0	7.2	5358
30	41.716257	-87.644288	1	0	0	0	4.7	1380
31	41.717094	-87.659154	3	0	0	0	9.92	14260
32	41.728821	-87.678602	1	0	0	0	1.9	1176
33	41.699894	-87.643841	1	0	0	0	4.66	4350
34	41.721694	-87.67438	1	0	0	0	4.7	1380
35	41.707584	-87.650153	1	0	0	0	4.7	1380
36	41.729185	-87.67985	1	0	0	0	2.5	3978
37	41.726466	-87.677316	1	0	0	0	0.7	2640
38	41.725636	-87.677315	1	0	0	0	4.7	1380
39	41.723356	-87.676024	1	0	0	0	0.7	2640
40	41.714139	-87.663393	2	0	0	0	5.99	10715
41	41.720008	-87.652921	1	0	0	0	4.8	6200
42	41.729831	-87.678621	2	0	0	0	7.2	5358
43	41.728175	-87.676222	2	0	0	0	2.45	7248
44	41.714506	-87.661791	1	0	0	0	0.7	2640
45	41.713968	-87.680651	1	0	0	0	2.15	1080
46	41.718233	-87.666072	2	0	0	0	5.4	4020
47	41.719381	-87.665016	1	0	0	0	0.7	2640
48	41.72643	-87.669741	1	0	0	0	6.36	15428
49	41.726191	-87.678503	2	0	0	0	6.6	2556
50	41.726503	-87.679756	1	0	0	0	4.26	10440
51	41.728914	-87.679839	1	0	0	0	3.01	5544
52	41.719803	-87.660161	1	0	0	0	2.5	3978
53	41.715886	-87.657284	2	0	0	0	22.76	13280
54	41.731557	-87.677461	1	0	0	0	4.7	1380
55	41.720218	-87.673546	1	0	0	0	1.77	9425
56	41.712871	-87.665892	2	0	0	0	2.08	7740
57	41.719456	-87.670708	1	0	0	0	4.7	1380
58	41.720456	-87.659003	3	0	0	0	7.15	8628
59	41.698081	-87.658026	1	0	0	0	7.3	3640
60	41.700535	-87.656088	2	0	0	0	6.42	18980
61	41.703113	-87.654926	3	0	0	0	9.65	13764
62	41.712904	-87.663462	1	0	0	0	4.7	1380
63	41.700873	-87.655846	1	0	0	0	0.7	2640
64	41.729095	-87.671792	1	0	0	0	4.7	1380
65	41.705933	-87.651576	2	0	0	0	9.78	18240
66	41.70827	-87.644083	1	0	0	0	4.7	1380
67	41.708129	-87.654728	1	0	0	0	1.8	2520
68	41.703106	-87.65924	1	0	0	0	2.15	1080
69	41.702501	-87.659764	1	0	0	0	9.4	2760
70	41.71396	-87.662638	1	0	0	0	1.9	1176
71	41.703127	-87.656142	1	0	0	0	3.01	5544
72	41.730028	-87.678625	1	0	0	0	1.75	4608
73	41.712085	-87.665359	1	0	0	0	4.73	10000
74	41.718432	-87.659644	2	0	0	0	7.61	14900
75	41.733684	-87.676369	1	0	0	0	7.3	3640
76	41.718402	-87.648015	1	0	0	0	2.5	3978
77	41.713105	-87.661247	1	0	0	0	5.29	8075
78	41.712095	-87.664662	1	0	0	0	5.2	18096
79	41.73139	-87.677458	1	0	0	0	0.7	2640
80	41.700408	-87.646293	1	0	0	0	5.29	8075
81	41.714824	-87.680675	1	0	0	0	2.15	1080
82	41.72437	-87.679702	1	0	0	0	3.82	8580
83	41.718209	-87.670639	1	0	0	0	0.7	2640
84	41.71807	-87.656922	1	0	0	0	4.7	1380
85	41.712858	-87.666776	1	0	0	0	4.7	1380
86	41.706077	-87.646458	1	0	0	0	4.21	5400
87	41.732684	-87.675485	3	0	0	0	10.51	19596
88	41.716648	-87.644296	1	0	0	0	4.7	1380
89	41.726957	-87.677328	1	0	0	0	1.4	5280
90	41.720156	-87.678414	1	0	0	0	0.7	2640
91	41.720374	-87.660377	1	0	0	0	0.7	2640
92	41.711539	-87.662617	1	0	0	0	4.7	1380
93	41.718037	-87.669046	2	0	0	0	12.76	15630
94	41.723668	-87.672845	1	0	0	0	2.6	10400
95	41.725054	-87.674447	1	0	0	0	4.7	1380
96	41.732424	-87.675166	1	0	0	0	1.75	4608
97	41.709119	-87.655471	1	0	0	0	1.75	4608
98	41.71759	-87.662907	1	0	0	0	1.75	4608
99	41.717627	-87.664475	2	0	0	0	7.45	10452
100	41.708403	-87.650174	1	0	0	0	1.9	1176
101	41.725912	-87.671305	1	0	0	0	1.9	1176
102	41.723558	-87.669775	1	0	0	0	1.9	1176
103	41.723041	-87.665493	2	0	0	0	5.4	4020
104	41.709376	-87.657295	1	0	0	0	0.7	2640
105	41.727719	-87.672996	1	0	0	0	4.7	1380
106	41.733123	-87.676353	1	0	0	0	4.7	1380
107	41.702103	-87.643902	3	0	0	0	7.74	15323
108	41.727759	-87.676199	1	0	0	0	3.01	5544
109	41.716826	-87.645528	1	0	0	0	4.7	1380
110	41.722104	-87.67119	1	0	0	0	4.7	1380
111	41.718504	-87.649201	1	0	0	0	1.59	3400
112	41.728774	-87.676242	1	0	0	0	2.5	3978
113	41.713988	-87.660911	1	0	0	0	0.7	2640
114	41.717756	-87.67952	1	0	0	0	3.01	5544
115	41.725662	-87.669735	3	0	0	0	16.8	11220
116	41.710039	-87.666337	1	0	0	0	4.7	1380
117	41.710061	-87.658328	2	0	0	0	10.8	8040
118	41.71193	-87.656633	1	0	0	0	0.7	2640
119	41.7195	-87.660046	2	0	0	0	6.85	2460
120	41.728262	-87.68093	1	0	0	0	6.24	7920
121	41.712445	-87.662859	2	0	0	0	7.55	22704
122	41.723301	-87.671217	1	0	0	0	2.5	3978
123	41.702539	-87.652412	1	0	0	0	4.7	1380
124	41.717143	-87.649157	1	0	0	0	4.7	1380
125	41.719928	-87.674757	1	0	0	0	9.4	2760
126	41.707244	-87.656213	1	0	0	0	2.5	3978
127	41.703214	-87.649752	1	0	0	0	4.7	1380
128	41.70075	-87.649372	1	0	0	0	1.75	4608
129	41.716512	-87.644293	3	0	0	0	8.09	7300
130	41.717433	-87.647962	3	0	0	0	4.56	18993
131	41.70905	-87.654172	1	0	0	0	3.44	17100
132	41.700362	-87.660251	1	0	0	0	0.7	2640
133	41.721994	-87.669787	2	0	0	0	3.65	5784
134	41.711328	-87.65937	1	0	0	0	5.29	8075
135	41.697697	-87.650582	1	0	0	0	4.7	1380
136	41.723257	-87.677287	1	0	0	0	4.7	1380
137	41.711172	-87.665953	1	0	0	0	4.7	1380
138	41.729378	-87.676258	1	0	0	0	2.5	3978
139	41.723572	-87.67729	2	0	0	0	3.86	16353
140	41.726984	-87.674494	1	0	0	0	1.75	4608
141	41.706376	-87.646471	1	0	0	0	9.4	2760
142	41.704974	-87.646411	1	0	0	0	1.75	4608
143	41.720463	-87.669112	2	0	0	0	3.5	10548
144	41.723148	-87.679682	1	0	0	0	4.7	1380
145	41.718581	-87.663263	1	0	0	0	4.7	1380
146	41.718391	-87.680759	1	0	0	0	1.9	1176
147	41.718829	-87.664853	1	0	0	0	5.25	18480
148	41.702723	-87.656053	1	0	0	0	4.7	1380
149	41.712328	-87.655775	2	0	0	0	8.14	18480
150	41.717172	-87.665918	2	0	0	0	2.85	3720
151	41.719139	-87.649223	1	0	0	0	4.7	1380
152	41.723448	-87.672841	3	0	0	0	12.62	28596
153	41.716006	-87.663972	1	0	0	0	2.15	5700
154	41.720268	-87.655058	1	0	0	0	5.29	8075
155	41.706141	-87.660089	1	0	0	0	2.6	10400
156	41.733299	-87.675335	1	0	0	0	1.75	4608
157	41.717025	-87.679498	1	0	0	0	4.7	1380
158	41.719418	-87.675913	1	0	0	0	9.4	2760
159	41.730707	-87.67744	2	0	0	0	5.4	4020
160	41.705937	-87.650328	1	0	0	0	4.7	1380
161	41.718741	-87.643233	1	0	0	0	1.75	4608
162	41.717893	-87.670619	1	0	0	0	7.3	3640
163	41.697715	-87.649659	1	0	0	0	0.7	2640
164	41.711575	-87.646585	1	0	0	0	5.29	8075
165	41.720249	-87.679616	1	0	0	0	4.7	1380
166	41.722715	-87.672827	3	0	0	0	10.05	20852
167	41.707869	-87.657238	1	0	0	0	7.3	3640
168	41.712078	-87.651467	1	0	0	0	0.7	2640
169	41.713456	-87.659318	2	0	0	0	12.31	16280
170	41.703562	-87.646367	2	0	0	0	8.0	6280
171	41.717595	-87.645291	1	0	0	0	9.4	2760
172	41.722936	-87.67215	1	0	0	0	2.5	3978
173	41.714336	-87.659825	1	0	0	0	4.7	1380
174	41.719462	-87.674754	1	0	0	0	2.5	3978
175	41.709564	-87.651411	1	0	0	0	4.7	1380
176	41.719608	-87.672303	3	0	0	0	18.15	6396
177	41.715872	-87.65581	1	0	0	0	3.82	8580
178	41.707956	-87.655596	1	0	0	0	4.8	6200
179	41.723147	-87.680895	1	0	0	0	3.82	7600
180	41.711509	-87.644193	1	0	0	0	1.75	4608

ITEMS
Type	Length	Width	Height	Mass	Fragility	LoadBearingStrength
Bt1	18	12	5	2.15	1	0
Bt2	21	14	4	1.9	1	0
Bt3	23	15	4	4.7	1	0
Bt4	20	18	7	1.8	1	0
Bt5	15	11	16	0.7	1	0
Bt6	34	10	10	1.59	1	0
Bt7	20	14	13	7.3	1	0
Bt8	17	13	18	2.5	1	0
Bt9	29	15	10	4.66	1	0
Bt10	24	12	16	1.75	1	0
Bt11	30	17	10	1.38	1	0
Bt12	40	15	9	4.21	1	0
Bt13	28	22	9	3.01	1	0
Bt14	30	19	10	2.15	1	0
Bt15	27	20	11	1.75	1	0
Bt16	31	20	10	4.8	1	0
Bt17	40	19	10	3.82	1	0
Bt18	44	15	12	6.24	1	0
Bt19	20	20	20	21.36	1	0
Bt20	25	19	17	5.29	1	0
Bt21	22	15	26	3.816	1	0
Bt22	28	18	18	2.75	1	0
Bt23	29	25	13	1.77	1	0
Bt24	29	24	14	4.25	1	0
Bt25	50	20	10	4.73	1	0
Bt26	40	20	13	2.6	1	0
Bt27	29	24	15	4.26	1	0
Bt28	29	27	15	2.11	1	0
Bt29	24	24	22	2.8	1	0
Bt30	39	22	15	3.36	1	0
Bt31	26	20	26	2.91	1	0
Bt32	27	23	24	2.94	1	0
Bt33	38	29	14	6.36	1	0
Bt34	57	15	20	3.44	1	0
Bt35	39	29	16	5.2	1	0
Bt36	33	20	28	5.25	1	0
Bt37	39	23	24	5.65	1	0
Bt38	41	31	18	2.38	1	0
Bt39	41	20	29	3.42	1	0

DEMANDS PER CUSTOMER
i	Type Quantity
1	Bt3 1	
2	Bt2 1	
3	Bt5 1	Bt7 1	
4	Bt10 1	
5	Bt1 1	Bt3 1	
6	Bt13 1	
7	Bt17 1	
8	Bt5 1	
9	Bt9 1	
10	Bt8 1	Bt3 1	
11	Bt3 1	
12	Bt13 1	Bt16 2	
13	Bt5 1	
14	Bt3 1	
15	Bt5 1	
16	Bt17 1	
17	Bt3 1	
18	Bt10 1	Bt5 1	
19	Bt7 1	
20	Bt13 1	Bt17 1	Bt7 1	
21	Bt3 1	
22	Bt8 1	
23	Bt3 1	Bt10 1	Bt38 1	
24	Bt32 1	Bt21 1	
25	Bt3 2	
26	Bt16 1	
27	Bt3 1	Bt2 1	Bt5 1	Bt9 1	
28	Bt3 1	Bt5 1	Bt39 1	
29	Bt8 1	Bt3 1	
30	Bt3 1	
31	Bt5 2	Bt3 1	Bt17 1	
32	Bt2 1	
33	Bt9 1	
34	Bt3 1	
35	Bt3 1	
36	Bt8 1	
37	Bt5 1	
38	Bt3 1	
39	Bt5 1	
40	Bt20 1	Bt5 1	
41	Bt16 1	
42	Bt3 1	Bt8 1	
43	Bt10 1	Bt5 1	
44	Bt5 1	
45	Bt1 1	
46	Bt5 1	Bt3 1	
47	Bt5 1	
48	Bt33 1	
49	Bt2 1	Bt3 1	
50	Bt27 1	
51	Bt13 1	
52	Bt8 1	
53	Bt19 1	Bt5 2	
54	Bt3 1	
55	Bt23 1	
56	Bt11 1	Bt5 1	
57	Bt3 1	
58	Bt5 1	Bt10 1	Bt3 1	
59	Bt7 1	
60	Bt26 1	Bt21 1	
61	Bt3 1	Bt24 1	Bt5 1	
62	Bt3 1	
63	Bt5 1	
64	Bt3 1	
65	Bt1 1	Bt21 2	
66	Bt3 1	
67	Bt4 1	
68	Bt1 1	
69	Bt3 2	
70	Bt2 1	
71	Bt13 1	
72	Bt10 1	
73	Bt25 1	
74	Bt31 1	Bt3 1	
75	Bt7 1	
76	Bt8 1	
77	Bt20 1	
78	Bt35 1	
79	Bt5 1	
80	Bt20 1	
81	Bt1 1	
82	Bt21 1	
83	Bt5 1	
84	Bt3 1	
85	Bt3 1	
86	Bt12 1	
87	Bt29 1	Bt3 1	Bt13 1	
88	Bt3 1	
89	Bt5 2	
90	Bt5 1	
91	Bt5 1	
92	Bt3 1	
93	Bt3 2	Bt30 1	
94	Bt26 1	
95	Bt3 1	
96	Bt10 1	
97	Bt10 1	
98	Bt10 1	
99	Bt3 1	Bt22 1	
100	Bt2 1	
101	Bt2 1	
102	Bt2 1	
103	Bt5 1	Bt3 1	
104	Bt5 1	
105	Bt3 1	
106	Bt3 1	
107	Bt5 1	Bt10 1	Bt20 1	
108	Bt13 1	
109	Bt3 1	
110	Bt3 1	
111	Bt6 1	
112	Bt8 1	
113	Bt5 1	
114	Bt13 1	
115	Bt16 1	Bt7 1	Bt3 1	
116	Bt3 1	
117	Bt3 2	Bt5 2	
118	Bt5 1	
119	Bt3 1	Bt1 1	
120	Bt18 1	
121	Bt2 1	Bt37 1	
122	Bt8 1	
123	Bt3 1	
124	Bt3 1	
125	Bt3 2	
126	Bt8 1	
127	Bt3 1	
128	Bt10 1	
129	Bt6 1	Bt4 1	Bt3 1	
130	Bt10 1	Bt5 1	Bt28 1	
131	Bt34 1	
132	Bt5 1	
133	Bt2 1	Bt10 1	
134	Bt20 1	
135	Bt3 1	
136	Bt3 1	
137	Bt3 1	
138	Bt8 1	
139	Bt10 1	Bt28 1	
140	Bt10 1	
141	Bt3 2	
142	Bt10 1	
143	Bt15 1	Bt10 1	
144	Bt3 1	
145	Bt3 1	
146	Bt2 1	
147	Bt36 1	
148	Bt3 1	
149	Bt3 1	Bt34 1	
150	Bt5 1	Bt1 1	
151	Bt3 1	
152	Bt39 1	Bt2 1	Bt7 1	
153	Bt14 1	
154	Bt20 1	
155	Bt26 1	
156	Bt10 1	
157	Bt3 1	
158	Bt3 2	
159	Bt5 1	Bt3 1	
160	Bt3 1	
161	Bt10 1	
162	Bt7 1	
163	Bt5 1	
164	Bt20 1	
165	Bt3 1	
166	Bt26 1	Bt22 1	Bt3 1	
167	Bt7 1	
168	Bt5 1	
169	Bt3 2	Bt31 1	
170	Bt5 1	Bt7 1	
171	Bt3 2	
172	Bt8 1	
173	Bt3 1	
174	Bt8 1	
175	Bt3 1	
176	Bt3 3	Bt2 1	Bt1 1	
177	Bt21 1	
178	Bt16 1	
179	Bt17 1	
180	Bt10 1	

DISTANCE MATRIX
0.0 1937.7 1978.6 1872.6 1950.3 1938.2 1667.3 1893.2 1804.2 1848.8 1771.3 1680.7 1847.8 1758.9 1690.3 1780.9 1705.4 1645.1 1670.5 1882.8 1854.4 1819.5 1870.9 1731.7 1901.2 1718.4 1636.6 1771.2 1832.6 1974.3 1549.6 1788.4 1735.4 1815.5 1929.3 1756.2 1726.1 1828.0 1807.3 1867.2 1779.9 1747.9 1754.6 1836.0 1763.0 1916.4 1886.6 1877.8 2002.6 1753.5 1730.9 1722.0 1851.6 1741.7 1799.9 1971.2 1874.0 1981.5 1895.7 1845.6 1873.5 1787.6 1818.0 1885.4 1942.5 1810.6 1655.5 1698.7 1879.7 1857.7 1761.9 1808.7 1758.3 1864.2 1822.6 1875.5 1735.7 1781.4 1851.9 1797.2 1827.7 1932.7 1771.5 1954.3 1786.0 1894.4 1801.7 1887.5 1556.1 1832.4 1828.5 1864.8 1823.5 1901.8 1981.7 1883.0 1892.9 1815.2 1821.1 1842.1 1773.4 1934.8 1983.2 2021.1 1783.1 1900.9 1862.8 1761.2 1842.7 1640.4 1967.4 1658.9 1826.0 1739.0 1910.0 2021.8 1898.4 1804.8 1752.6 1844.6 1679.5 1809.7 1962.1 1944.3 1611.4 1943.3 1755.3 1816.4 1876.6 1553.8 1648.8 1675.6 1851.1 1987.0 1801.0 1945.9 1831.2 1958.9 1817.1 1825.8 1884.1 1837.7 1747.2 1936.7 1794.7 1837.8 1938.4 1866.5 1828.3 1713.3 1865.0 1684.2 1978.2 1813.2 1795.3 1814.9 1908.3 1916.6 1881.3 1786.3 1776.6 1646.3 1948.3 1926.2 1670.1 1892.5 1965.6 1762.3 1728.6 1747.6 1777.4 1603.1 1927.5 1734.6 1933.5 1754.5 1910.1 1732.1 1753.3 1760.9 1629.5
1893.2 0.0 149.0 381.6 325.7 271.0 658.5 282.7 213.5 317.1 719.5 671.9 151.5 523.0 373.2 427.5 474.7 636.3 384.1 166.0 340.9 400.3 367.9 600.7 311.1 622.4 663.8 340.9 397.8 429.2 614.8 427.8 418.3 767.9 297.1 538.6 409.0 353.1 344.8 265.0 268.2 493.7 437.5 349.3 296.8 86.8 325.7 338.3 424.0 390.3 412.2 404.9 491.0 395.7 441.8 223.5 331.1 247.8 578.4 625.5 562.9 525.4 286.3 574.8 440.1 578.7 646.7 524.7 502.2 514.5 260.9 505.2 441.2 305.0 462.0 443.2 617.3 295.2 318.1 439.1 746.4 103.1 418.1 220.6 453.4 312.2 711.8 455.2 621.3 368.4 133.8 504.2 291.8 221.3 311.0 316.0 460.6 472.7 354.9 330.4 555.8 375.2 348.8 386.7 370.4 399.1 430.5 709.4 342.6 576.4 333.0 550.9 359.3 281.2 193.2 398.4 343.8 394.1 430.1 484.0 362.4 278.0 327.7 724.2 549.1 197.1 399.2 609.3 676.2 619.0 524.7 501.6 549.7 352.6 357.7 796.2 359.7 334.3 368.2 354.3 354.1 652.8 642.2 256.2 416.3 376.0 161.6 347.0 517.7 410.9 307.2 576.2 307.5 301.5 478.6 446.8 476.0 139.8 229.0 428.2 544.7 613.8 214.6 793.4 661.3 175.7 291.7 436.6 605.4 317.3 679.9 557.4 293.1 324.3 187.3 574.1 227.6 427.2 473.1 432.1 620.7
1774.6 56.1 0.0 345.8 356.3 228.4 696.7 246.9 251.7 355.3 757.7 710.1 115.7 483.1 254.6 345.2 526.4 674.5 422.3 69.0 379.1 364.5 332.1 638.9 268.5 660.6 623.9 379.1 362.0 393.4 664.0 466.0 299.7 806.1 261.3 576.8 290.4 317.3 309.0 229.2 306.4 453.8 318.9 313.5 335.0 143.0 283.1 298.4 388.2 317.8 295.2 286.3 515.5 433.9 364.2 183.5 361.7 207.0 538.5 663.7 601.1 563.6 324.5 613.0 404.3 616.9 684.9 562.9 540.4 552.7 299.1 543.4 322.6 335.6 486.5 407.4 577.4 333.4 348.7 361.5 784.6 159.3 335.8 179.8 462.2 342.8 750.0 419.4 670.5 332.6 99.0 528.7 330.0 193.1 275.2 280.2 424.8 510.9 352.4 328.1 594.0 339.4 313.0 350.9 408.6 363.3 394.7 747.6 306.8 652.7 297.2 632.5 323.5 319.4 96.2 362.6 378.6 432.3 468.3 508.5 243.8 316.2 291.9 762.4 587.3 158.7 437.4 647.5 714.4 668.2 597.2 539.8 587.9 316.8 395.9 834.4 323.9 364.9 332.4 318.5 318.3 691.0 680.4 241.2 359.0 336.1 25.0 307.1 555.9 449.1 305.5 657.8 271.7 357.0 438.7 499.4 440.2 35.0 189.1 350.6 582.9 573.9 173.8 831.6 699.5 98.7 255.9 474.8 643.6 355.5 718.1 639.0 257.3 396.8 148.9 612.3 184.2 465.4 511.3 325.2 658.9
1795.5 351.0 453.6 0.0 490.1 328.7 824.8 113.6 405.1 485.9 849.6 736.1 224.6 512.5 187.3 174.9 555.8 802.6 563.4 297.1 509.7 176.7 29.9 727.3 324.0 754.0 653.3 472.5 75.0 106.3 693.4 577.4 146.0 899.5 149.7 670.2 157.0 90.3 91.1 129.5 419.7 483.2 130.6 42.2 435.7 391.4 338.6 327.8 134.6 137.7 159.6 161.1 544.9 533.1 119.0 348.0 502.3 312.8 567.9 717.7 694.5 657.0 455.1 706.4 69.8 710.3 813.0 674.3 671.0 670.5 462.5 636.8 127.5 469.4 515.9 120.4 606.8 464.0 489.0 116.3 838.6 407.7 165.5 317.5 491.6 476.6 843.4 129.6 699.9 67.6 282.9 558.1 460.6 304.4 164.2 80.1 124.2 587.1 381.8 363.8 687.4 87.0 174.7 236.9 502.0 35.0 107.7 841.0 48.9 682.1 165.2 661.9 36.5 458.3 324.3 153.8 499.4 535.1 544.5 537.9 191.1 446.8 135.4 816.4 660.1 320.1 530.8 740.9 807.8 697.6 626.6 651.2 703.2 202.8 502.3 888.4 136.1 498.7 45.4 130.7 43.1 784.4 773.8 270.6 188.7 365.5 351.7 336.5 649.3 560.5 361.0 687.2 167.4 386.4 468.1 648.3 153.2 329.9 275.6 105.4 676.3 603.3 323.5 885.6 827.6 306.8 162.3 577.6 737.0 448.9 811.5 668.4 159.2 426.2 310.3 705.7 252.0 547.4 581.7 199.0 787.0
1808.5 484.8 447.3 586.1 0.0 338.7 449.7 480.4 201.2 189.2 538.6 423.6 437.9 398.9 676.1 667.7 383.4 545.0 292.8 489.2 142.8 640.5 565.6 419.8 289.8 441.5 513.8 181.4 638.0 579.3 523.5 336.5 679.9 587.0 514.8 357.7 711.9 593.3 585.0 505.2 158.9 387.9 693.6 589.5 203.3 385.1 275.2 256.8 576.6 630.5 652.4 707.8 399.7 304.4 682.0 417.8 214.4 387.3 458.4 427.4 413.2 375.7 158.4 425.1 590.2 397.8 449.0 433.4 304.1 316.4 169.6 355.5 690.5 182.6 370.7 683.4 448.0 174.2 170.3 679.3 548.3 401.4 658.3 351.3 362.1 234.8 530.9 695.4 530.0 608.6 457.7 412.9 113.4 298.8 447.7 513.7 693.9 256.6 261.4 221.1 374.9 525.3 503.5 541.4 189.5 596.8 670.7 528.5 582.8 437.6 487.7 412.1 599.5 189.9 516.4 551.0 168.6 178.0 214.0 392.7 665.3 127.2 482.4 526.1 457.8 417.7 218.3 428.4 495.3 527.7 385.9 410.3 351.6 507.3 141.6 598.1 599.9 8.6 608.4 594.5 551.8 471.9 461.3 333.7 656.5 271.8 472.4 245.5 368.0 319.6 262.0 437.4 444.2 192.2 417.6 248.7 716.2 463.7 518.5 668.4 363.8 489.7 345.3 595.3 570.0 498.9 431.6 220.5 424.5 226.0 499.0 418.6 447.8 221.2 407.9 393.2 411.5 335.9 260.1 672.3 529.4
1835.6 248.6 316.3 290.5 230.6 0.0 619.6 184.8 167.1 235.9 644.4 530.9 145.1 307.3 372.6 372.1 350.6 597.4 293.7 183.2 259.7 344.9 270.0 522.1 38.8 546.1 448.1 264.6 350.7 283.7 488.2 368.3 384.3 694.3 219.2 465.0 407.5 297.7 289.4 209.6 169.7 278.0 406.3 293.9 184.7 254.1 53.4 122.6 281.0 329.3 356.8 403.4 339.7 325.2 386.4 105.4 252.3 47.3 362.7 544.3 530.1 492.6 205.1 542.0 294.6 505.1 607.8 460.5 421.0 433.3 211.5 472.4 394.9 209.9 308.0 387.8 401.6 213.0 239.0 383.7 665.2 270.4 362.7 72.0 286.4 217.1 638.2 408.1 494.7 321.3 169.0 352.9 210.6 53.2 152.1 218.1 398.3 391.5 130.8 113.8 482.2 229.7 207.9 246.3 296.8 301.2 375.1 633.1 287.2 476.9 192.1 456.7 303.9 217.0 210.4 263.7 239.9 312.9 348.9 330.0 361.8 196.8 186.8 643.0 454.9 115.9 325.6 535.7 602.6 489.7 418.7 437.4 468.5 211.7 276.5 715.0 304.3 239.2 312.8 300.6 256.2 576.5 568.6 26.0 360.9 132.1 255.8 123.8 484.9 350.3 75.8 482.0 156.9 136.4 262.9 365.6 420.6 227.5 230.0 372.8 471.1 398.1 78.0 712.2 622.4 192.9 136.0 355.4 531.8 238.1 603.6 465.7 152.2 221.0 103.8 500.5 67.2 342.2 395.0 376.7 581.8
1560.3 717.2 678.6 727.2 429.5 576.4 0.0 621.5 432.5 426.9 209.8 26.0 669.8 387.2 876.1 808.8 333.7 132.5 298.8 721.1 313.6 781.6 706.7 95.0 527.5 81.7 323.6 276.4 779.1 720.4 236.6 416.7 821.0 258.2 655.9 131.5 911.9 734.4 726.1 646.3 396.6 376.2 834.7 730.6 389.6 616.4 512.9 494.5 717.7 771.6 793.5 907.8 479.9 370.0 823.1 649.1 452.1 609.1 524.0 437.0 350.7 264.8 396.1 362.6 731.3 191.6 56.6 345.0 338.9 316.9 390.2 285.9 831.6 420.3 450.9 824.5 413.3 360.5 408.0 820.4 243.4 632.7 799.4 582.6 414.3 446.3 187.6 836.5 243.1 749.7 689.0 493.1 351.1 542.4 588.8 654.8 835.0 400.9 447.7 458.8 148.7 666.4 644.6 682.5 242.3 737.9 811.8 199.7 723.9 310.8 628.8 395.4 740.6 367.3 748.3 692.1 390.9 264.0 358.3 472.9 865.3 364.9 623.5 344.0 358.2 649.0 214.5 215.9 282.1 240.8 369.2 321.9 349.6 648.4 309.5 385.4 741.0 438.1 749.5 735.6 692.9 223.6 133.1 577.3 797.6 464.4 717.9 483.2 305.5 341.6 493.3 420.7 585.3 429.9 423.6 274.1 857.3 696.1 750.4 809.5 157.6 278.7 576.6 365.7 108.0 730.8 572.7 221.5 179.8 296.2 170.8 273.5 588.9 316.2 639.2 135.2 633.0 360.4 212.5 813.4 98.1
1827.0 246.6 349.2 105.6 376.4 215.3 711.1 0.0 291.4 372.2 737.4 622.4 120.2 398.8 201.8 189.4 442.1 688.9 449.7 192.7 396.0 162.2 85.1 618.6 210.3 640.3 539.6 358.8 177.2 171.6 579.7 463.7 201.6 785.8 36.0 556.5 224.8 114.9 106.7 44.4 306.0 369.5 220.8 128.7 322.0 287.0 224.9 214.1 180.9 152.2 174.1 220.7 431.2 419.4 213.0 195.8 381.8 199.1 454.2 604.0 580.8 543.3 341.4 592.7 175.5 596.6 699.3 560.6 557.3 556.8 348.8 523.1 221.5 355.7 402.2 222.6 493.1 350.3 375.3 210.3 724.9 303.3 180.0 203.8 377.9 362.9 729.7 218.8 586.2 130.2 178.5 444.4 346.9 193.3 67.9 33.2 213.4 473.4 268.1 243.8 573.7 132.1 105.7 143.6 388.3 116.3 209.9 727.3 122.0 568.4 89.9 548.2 138.7 344.6 219.9 155.3 385.7 421.4 430.8 424.2 216.9 333.1 84.6 702.7 546.4 215.7 417.1 627.2 694.1 583.9 512.9 537.5 589.5 109.5 388.6 774.7 121.6 385.0 147.6 116.2 71.3 670.7 660.1 156.9 178.2 251.8 247.3 222.8 535.6 446.8 247.3 573.5 64.4 272.7 354.4 534.6 247.1 225.5 171.7 199.4 562.6 489.6 209.8 771.9 713.9 202.4 48.6 463.9 623.3 335.2 697.8 554.7 50.0 312.5 205.9 592.0 133.6 433.7 468.0 194.0 673.3
1686.2 283.5 246.0 389.4 146.0 133.9 444.9 283.7 0.0 103.5 505.9 458.3 236.6 324.1 474.8 512.6 261.1 422.7 170.5 287.9 127.3 485.4 368.9 387.1 129.8 408.8 439.0 127.3 482.9 382.6 401.2 214.2 519.9 554.3 318.1 325.0 510.6 438.2 429.9 350.1 54.6 345.4 538.5 434.4 83.2 183.8 115.2 152.5 379.9 475.4 497.3 506.5 277.4 182.1 526.9 216.5 128.7 177.2 336.1 411.9 349.3 311.8 72.7 361.2 393.5 365.1 433.1 311.1 288.6 300.9 47.3 291.6 535.4 118.9 248.4 528.3 390.6 81.6 106.6 524.2 532.8 200.1 503.2 150.0 239.8 132.5 498.2 540.3 407.7 453.5 256.4 290.6 78.2 97.5 251.0 317.0 497.2 259.1 141.3 116.8 342.2 328.6 306.8 344.7 156.8 400.1 515.6 495.8 427.7 362.8 291.0 337.3 444.4 67.6 315.1 354.3 153.1 180.5 216.5 270.4 464.0 64.4 285.7 510.6 335.5 216.4 185.6 395.7 462.6 405.4 311.1 288.0 336.1 310.6 144.1 582.6 444.8 154.6 453.3 439.4 355.1 439.2 428.6 132.4 501.4 158.0 271.1 141.2 304.1 197.3 93.6 362.6 247.5 87.9 295.3 233.2 561.1 262.4 317.2 513.3 331.1 414.9 144.0 579.8 447.7 297.6 234.9 223.0 391.8 103.7 466.3 343.8 251.1 110.7 206.6 360.5 200.4 213.6 259.5 517.2 407.1
1727.4 382.2 344.7 488.1 202.0 232.6 486.1 382.4 101.5 0.0 525.7 410.7 335.3 365.3 573.5 611.3 302.3 463.9 211.7 386.6 111.9 584.1 467.6 406.9 208.7 428.6 480.2 168.5 581.6 481.3 442.4 255.4 618.6 574.1 416.8 344.8 609.3 536.9 528.6 448.8 77.8 386.6 637.2 533.1 124.4 282.5 194.1 175.7 478.6 574.1 596.0 605.2 318.6 223.3 625.6 315.2 25.1 275.9 377.3 396.5 382.3 344.8 28.6 394.2 492.2 384.9 474.3 352.3 273.2 285.5 88.5 324.6 634.1 103.5 289.6 627.0 431.8 122.8 91.2 622.9 517.4 298.8 601.9 248.7 281.0 45.5 518.0 639.0 448.9 552.2 355.1 331.8 62.8 196.2 349.7 415.7 595.9 243.7 189.4 140.0 362.0 427.3 405.5 443.4 176.6 498.8 614.3 515.6 526.4 404.0 389.7 378.5 543.1 108.8 413.8 453.0 137.7 165.1 201.1 311.6 562.7 49.0 384.4 495.2 376.7 315.1 205.4 415.5 500.0 446.6 352.3 329.2 320.7 409.3 128.7 567.2 543.5 210.6 552.0 538.1 453.8 459.0 448.4 231.1 600.1 190.7 369.8 164.4 337.1 238.5 180.9 403.8 346.2 111.1 336.5 217.8 659.8 361.1 415.9 612.0 350.9 456.1 242.7 564.4 488.9 396.3 333.6 207.6 411.6 144.9 486.1 385.0 349.8 151.9 305.3 380.3 299.1 254.8 247.2 615.9 448.3
1612.9 864.8 820.9 885.5 578.8 705.2 233.7 779.8 574.8 562.8 0.0 207.6 812.6 555.8 1000.3 967.1 502.3 366.3 465.7 868.7 449.5 939.9 865.0 298.5 664.9 272.2 409.9 434.7 937.4 880.2 322.9 590.0 1045.4 48.3 814.2 263.4 1036.1 892.7 884.4 804.6 532.5 544.8 1064.6 888.9 522.7 758.7 648.8 630.4 876.0 924.3 1040.9 1032.0 648.5 538.6 981.4 791.4 579.2 760.9 692.6 261.9 222.1 235.6 532.0 237.7 889.6 280.6 257.7 513.6 340.8 318.1 543.2 272.7 1068.3 556.2 619.5 982.8 581.9 493.6 543.9 978.7 78.5 775.0 957.7 724.9 582.9 595.6 213.3 994.8 329.4 908.0 831.3 661.7 487.0 675.0 747.1 813.1 993.3 527.9 580.8 588.4 280.6 824.7 802.9 841.3 400.6 896.2 970.1 148.0 882.2 397.1 787.1 432.2 898.9 535.9 895.9 851.9 526.8 397.1 485.3 641.5 989.5 500.8 781.8 206.0 384.7 793.6 372.8 161.1 151.3 328.6 416.9 490.5 275.6 808.2 442.6 220.5 899.3 587.4 907.8 895.6 851.2 249.3 142.7 699.8 955.9 597.5 846.0 619.1 267.3 513.8 635.6 457.5 743.6 565.8 592.2 382.0 1015.6 843.7 897.5 969.3 245.6 365.0 718.9 200.8 341.8 878.4 731.0 354.6 389.2 461.1 105.0 385.9 747.2 474.5 781.5 343.7 780.8 529.0 370.8 971.7 316.7
1523.5 691.1 672.9 701.1 403.4 550.3 26.0 595.4 412.8 400.8 183.7 0.0 643.7 388.7 850.0 782.7 335.2 158.6 299.8 695.0 287.5 755.5 680.6 108.4 501.4 95.1 320.5 250.3 753.0 694.3 233.5 417.7 794.9 232.1 629.8 105.4 885.8 708.3 700.0 620.2 370.5 377.7 808.6 704.5 363.5 610.7 486.8 468.4 691.6 745.5 767.4 881.7 480.9 371.0 797.0 629.4 426.0 583.0 525.0 410.9 324.6 238.7 370.0 336.5 705.2 165.5 50.0 346.0 312.8 290.8 381.2 259.8 805.5 394.2 451.9 798.4 414.3 334.4 381.9 794.3 217.3 627.0 773.3 562.9 415.3 420.2 161.5 810.4 240.0 723.6 680.4 494.1 325.0 516.3 562.7 628.7 808.9 374.8 421.6 432.7 122.6 640.3 618.5 656.4 216.2 711.8 785.7 173.6 697.8 307.7 602.7 401.9 714.5 365.9 722.2 666.0 364.8 237.9 332.2 473.9 839.2 338.8 597.4 317.9 359.2 629.3 188.4 189.8 256.0 237.7 375.7 322.9 323.5 622.3 283.4 359.3 714.9 412.0 723.4 709.5 666.8 197.5 107.0 551.2 771.5 438.3 691.8 457.1 279.4 342.6 473.6 427.2 559.2 403.8 424.6 248.0 831.2 670.0 724.3 783.4 131.5 275.6 556.9 339.6 134.1 704.7 546.6 195.4 200.3 270.1 144.7 270.4 562.8 290.1 619.5 148.6 607.2 361.4 186.4 787.3 109.0
1776.6 126.3 228.9 234.8 359.0 162.7 686.8 131.1 234.9 346.0 711.2 598.1 0.0 374.5 288.3 275.9 417.8 664.6 423.5 72.4 369.8 248.7 216.3 587.4 184.1 616.0 515.3 332.6 251.0 282.4 555.4 451.3 288.1 761.5 145.5 532.2 311.3 201.5 193.2 113.4 281.7 345.2 306.6 202.5 297.7 166.7 200.6 189.8 272.4 236.8 260.6 307.2 406.9 393.2 290.2 123.3 366.5 144.4 428.0 579.7 561.3 523.8 315.2 568.4 288.5 577.1 675.0 546.1 531.1 537.3 282.3 498.8 298.7 338.3 376.0 291.6 468.8 324.1 349.1 287.5 700.6 183.0 266.5 149.1 353.6 345.5 705.4 308.4 561.9 216.8 58.2 420.1 320.7 163.2 159.4 164.4 309.0 449.1 243.8 217.6 549.4 223.6 197.2 233.2 364.0 247.5 278.9 707.8 191.0 544.1 181.4 523.9 207.7 302.6 99.6 244.9 361.8 401.9 406.5 404.7 245.8 306.9 176.1 678.4 522.1 97.5 392.8 602.9 669.8 564.4 488.6 523.0 565.2 201.0 364.3 750.4 208.1 367.6 216.6 200.8 202.5 651.2 635.8 130.7 264.7 227.5 127.0 198.5 511.3 434.4 227.8 549.2 160.7 248.4 330.1 510.3 324.4 105.2 78.6 281.4 538.3 465.3 155.1 747.6 689.6 82.1 144.9 439.6 599.0 310.4 673.5 528.5 141.5 288.2 85.6 567.7 117.6 409.4 443.7 280.5 649.0
1544.7 561.1 713.2 538.5 613.2 362.6 312.2 432.8 467.1 511.7 416.2 325.6 438.6 0.0 620.6 620.1 194.6 290.0 333.4 506.2 517.3 592.9 518.0 376.6 332.8 363.3 140.7 434.1 590.4 531.7 180.8 451.3 632.3 460.4 467.2 401.1 655.5 545.7 537.4 457.6 442.8 167.4 646.0 541.9 425.9 651.0 347.4 309.8 529.0 582.9 604.8 651.4 314.1 404.6 634.4 447.2 536.9 396.9 337.1 560.2 536.4 450.5 480.9 548.3 542.6 461.2 300.4 361.6 449.2 427.2 424.8 471.6 642.9 527.1 285.1 635.8 202.0 444.3 514.8 631.7 472.6 667.3 610.7 421.6 246.8 557.3 446.6 647.8 187.3 561.0 451.9 327.3 486.4 379.1 400.1 466.1 646.3 478.1 332.1 339.5 418.3 477.7 455.9 493.8 348.2 549.2 623.1 406.1 535.2 195.9 440.1 261.7 551.9 401.9 533.4 503.4 561.3 467.7 415.5 307.1 609.8 472.6 434.8 576.2 274.3 455.4 320.4 461.3 521.5 185.0 215.7 338.5 459.9 459.7 463.9 590.8 552.3 621.8 560.8 546.9 504.2 482.6 392.1 342.7 608.9 315.8 561.8 318.5 491.2 376.2 369.8 287.0 396.6 476.1 194.2 477.8 668.6 540.0 441.7 620.8 427.2 90.7 423.9 571.1 315.0 515.9 384.0 425.2 373.5 410.5 422.3 158.6 400.2 397.5 445.6 399.4 385.0 238.6 276.1 624.7 274.4
1625.1 330.3 432.9 193.7 563.0 364.6 861.7 202.8 438.9 542.5 888.0 773.0 203.9 549.4 0.0 95.6 592.7 839.5 609.5 276.4 566.3 133.5 192.0 769.2 404.7 790.9 690.2 509.4 153.7 283.9 730.3 653.2 70.9 936.4 238.9 707.1 61.6 137.6 116.9 176.8 456.6 520.1 90.1 157.1 472.6 370.7 419.3 364.7 312.2 89.0 66.4 57.5 581.8 570.0 135.4 327.3 568.4 348.4 604.8 754.6 731.4 693.9 511.7 743.3 263.6 747.2 849.9 750.1 727.6 707.4 486.3 673.7 87.9 542.3 552.8 199.1 643.7 520.6 555.4 132.7 875.5 387.0 86.2 353.1 528.5 549.5 880.3 211.1 736.8 142.0 262.2 595.0 517.2 375.1 255.0 192.6 216.5 698.1 418.7 394.4 724.3 244.4 292.8 330.7 538.9 222.0 186.4 877.9 163.8 719.0 277.0 698.8 147.1 506.6 303.6 331.4 565.8 572.0 655.5 574.8 15.0 503.4 271.7 853.3 697.0 299.4 567.7 777.8 844.7 734.5 663.5 727.0 740.1 296.6 539.2 925.3 140.8 571.6 138.2 135.4 201.6 821.3 810.7 307.5 109.4 402.4 331.0 373.4 686.2 636.3 441.7 724.1 251.5 423.3 505.0 685.2 231.9 309.2 255.4 121.8 713.2 640.2 359.1 922.5 864.5 286.1 235.7 614.5 773.9 485.8 848.4 705.3 237.1 463.1 289.6 742.6 284.2 584.3 618.6 70.5 823.9
1715.7 257.7 360.3 183.5 490.4 292.0 789.1 154.1 366.3 469.9 815.4 700.4 131.3 476.8 95.6 0.0 520.1 766.9 536.9 203.8 493.7 71.0 183.0 696.6 332.1 718.3 617.6 436.8 207.6 251.5 657.7 580.6 127.0 863.8 168.5 634.5 100.6 105.2 84.5 136.4 384.0 447.5 144.9 164.9 400.0 298.1 346.7 292.1 279.8 77.6 49.9 96.5 509.2 497.4 192.4 254.7 495.8 275.8 532.2 682.0 658.8 621.3 439.1 670.7 253.4 674.6 777.3 677.5 655.0 634.8 413.7 601.1 141.8 469.7 480.2 253.0 571.1 448.0 482.8 189.7 802.9 314.4 9.4 280.5 455.9 476.9 807.7 265.0 664.2 109.6 189.6 522.4 444.6 302.5 182.4 160.2 270.4 625.5 346.1 321.8 651.7 212.0 220.2 258.1 466.3 211.0 240.3 805.3 158.3 646.4 204.4 626.2 175.0 434.0 231.0 269.8 493.2 499.4 582.9 502.2 110.7 430.8 199.1 780.7 624.4 226.8 495.1 705.2 772.1 661.9 590.9 654.4 667.5 224.0 466.6 852.7 90.7 499.0 183.9 96.4 169.2 748.7 738.1 234.9 13.8 329.8 258.4 300.8 613.6 563.7 369.1 651.5 178.9 350.7 432.4 612.6 285.8 236.6 182.8 178.8 640.6 567.6 286.5 849.9 791.9 213.5 163.1 541.9 701.3 413.2 775.8 632.7 164.5 390.5 217.0 670.0 211.6 511.7 546.0 51.8 751.3
1585.3 531.5 494.0 534.6 394.0 381.9 344.0 428.9 247.9 292.5 448.0 357.4 484.6 132.6 616.7 616.2 0.0 321.8 94.5 535.9 306.4 589.0 514.1 353.5 344.9 395.1 247.5 246.8 586.5 527.8 242.1 232.1 628.4 492.2 463.3 291.4 651.6 541.8 533.5 453.7 223.6 89.6 642.1 538.0 206.7 431.8 330.3 321.5 525.1 579.0 600.9 647.5 179.0 112.5 630.5 464.5 317.7 425.2 202.0 338.9 315.7 278.2 261.7 327.6 538.7 331.5 332.2 210.2 313.7 291.7 205.6 258.0 639.0 307.9 150.0 631.9 181.7 225.1 295.6 627.8 459.8 448.1 606.8 398.0 91.8 338.1 464.6 643.9 248.6 557.1 504.4 192.2 267.2 345.5 396.2 462.2 642.4 259.5 264.8 285.8 308.6 473.8 452.0 489.9 212.7 545.3 619.2 437.9 531.3 171.3 436.2 145.8 548.0 182.7 563.1 499.5 342.1 256.8 196.9 172.0 605.9 253.4 430.9 437.6 162.0 464.4 184.9 362.1 429.0 246.3 119.6 187.1 324.4 455.8 244.7 509.6 548.4 402.6 556.9 543.0 500.3 405.6 395.0 380.4 605.0 281.5 519.1 310.2 270.5 157.6 308.7 171.1 392.7 256.9 101.1 269.5 664.7 510.4 437.8 616.9 297.5 223.4 392.0 506.8 346.8 545.6 380.1 214.3 358.2 191.3 432.7 152.3 396.3 178.3 454.6 326.9 448.4 78.5 140.6 620.8 306.2
1489.6 755.8 718.3 795.7 635.2 606.2 248.3 690.0 472.2 516.8 352.3 261.7 708.9 426.9 877.8 877.3 373.4 0.0 338.5 760.2 519.3 850.1 775.2 312.7 569.2 299.4 304.6 482.1 847.6 788.9 217.6 456.4 889.5 396.5 724.4 337.2 912.7 802.9 794.6 714.8 447.9 415.9 903.2 799.1 431.0 656.1 554.6 545.8 786.2 840.1 862.0 908.6 519.6 409.7 891.6 688.8 542.0 649.5 563.7 568.2 528.4 470.5 486.0 544.0 799.8 397.3 236.5 366.7 544.6 522.6 429.9 491.6 900.1 626.0 490.6 893.0 403.7 449.4 613.7 888.9 408.7 672.4 867.9 622.3 454.0 652.0 382.7 905.0 224.1 818.2 728.7 532.8 556.8 569.8 657.3 723.3 903.5 483.2 489.1 510.1 354.4 734.9 713.1 751.0 448.0 806.4 880.3 342.2 792.4 291.8 697.3 326.9 809.1 407.0 787.4 760.6 596.6 469.7 420.6 512.6 867.0 570.6 692.0 512.3 279.4 688.7 420.2 397.4 457.6 221.8 311.6 343.6 581.9 716.9 515.2 526.9 809.5 643.8 818.0 804.1 761.4 418.7 328.2 604.7 866.1 505.8 743.4 534.5 511.2 381.3 533.0 352.2 653.8 481.2 463.3 479.8 925.8 734.7 698.9 878.0 363.3 259.7 616.3 507.2 251.1 769.9 641.2 427.2 309.6 501.9 358.4 254.5 657.4 402.6 678.9 335.5 672.7 400.1 418.2 881.9 210.5
1555.3 436.9 399.4 476.7 299.4 292.1 314.0 389.0 153.3 197.9 416.5 327.4 385.2 231.5 576.8 576.3 90.5 291.8 0.0 441.3 203.7 549.1 474.2 373.4 232.3 365.1 311.4 120.3 528.6 469.9 270.3 142.2 588.5 462.2 423.4 252.0 611.7 501.9 493.6 413.8 129.0 174.8 584.2 480.1 112.1 337.2 217.7 226.9 485.2 533.5 561.0 607.6 200.7 72.8 590.6 369.9 214.3 330.6 225.6 326.9 290.2 269.1 167.1 315.6 498.8 292.1 302.2 180.2 301.7 266.2 111.0 290.2 599.1 213.3 153.7 592.0 259.7 130.5 201.0 587.9 472.7 353.5 566.9 303.4 115.4 243.5 448.4 586.0 276.8 499.2 409.8 213.9 172.6 235.5 356.3 422.3 602.5 168.3 170.2 184.9 269.2 433.9 412.1 450.5 149.8 505.4 579.3 394.4 491.4 235.2 396.3 209.7 508.1 88.1 468.5 441.6 247.5 164.9 105.7 193.7 566.0 140.8 391.0 450.5 204.6 372.1 172.9 322.7 389.6 274.5 166.7 157.1 312.4 397.9 150.1 522.5 508.5 308.0 517.0 504.8 460.4 352.7 355.6 278.3 565.1 186.9 424.5 215.6 258.5 70.0 196.1 235.0 352.8 162.3 124.7 257.5 624.8 415.8 470.1 577.0 258.1 322.3 297.4 519.7 316.8 451.0 322.2 202.3 375.3 91.1 393.3 224.0 356.4 83.7 360.0 287.5 331.5 61.5 128.6 580.9 276.2
1815.6 65.3 214.4 373.0 383.5 262.4 723.9 274.1 278.9 382.5 784.9 737.3 142.9 515.4 295.6 386.2 558.7 701.7 449.5 0.0 406.3 391.7 359.3 666.1 302.5 687.8 656.2 406.3 389.2 420.6 696.3 493.2 340.7 833.3 288.5 604.0 331.4 344.5 336.2 256.4 333.6 486.1 359.9 340.7 362.2 152.2 317.1 330.7 415.4 358.8 336.2 327.3 547.8 461.1 405.2 210.7 388.9 234.2 570.8 690.9 628.3 590.8 351.7 640.2 431.5 644.1 712.1 590.1 567.6 579.9 326.3 570.6 363.6 362.8 518.8 434.6 609.7 360.6 375.9 402.5 811.8 168.5 376.8 207.0 494.5 370.0 777.2 446.6 702.8 359.8 126.2 561.0 357.2 220.3 302.4 307.4 452.0 538.1 384.7 360.4 621.2 366.6 340.2 378.1 435.8 390.5 421.9 774.8 334.0 685.0 324.4 664.8 350.7 346.6 27.1 389.8 405.8 459.5 495.5 540.8 284.8 343.4 319.1 789.6 614.5 185.9 464.6 674.7 741.6 700.5 629.5 567.0 615.1 344.0 423.1 861.6 351.1 392.1 359.6 345.7 345.5 718.2 707.6 255.2 400.0 368.4 84.0 339.4 583.1 476.3 339.5 690.1 298.9 389.3 471.0 526.6 467.4 44.2 221.4 391.6 610.1 606.2 201.0 858.8 726.7 157.7 283.1 502.0 670.8 382.7 745.3 671.3 284.5 429.1 176.1 639.5 211.4 492.6 538.5 366.2 686.1
1732.5 408.8 371.3 510.1 141.5 262.7 337.1 404.4 125.2 113.2 424.5 311.0 361.9 340.9 600.1 591.7 307.4 469.0 216.8 413.2 0.0 564.5 489.6 302.2 213.8 328.9 455.8 123.4 562.0 503.3 447.5 265.2 603.9 474.4 438.8 245.1 635.9 517.3 509.0 429.2 82.9 391.7 617.6 513.5 129.5 309.1 199.2 180.8 500.6 554.5 576.4 631.8 323.7 228.4 606.0 341.8 129.6 311.3 382.4 284.5 270.3 232.8 82.4 282.2 514.2 285.2 336.4 357.4 161.2 173.5 93.6 212.6 614.5 106.6 294.7 607.4 390.0 116.2 94.3 603.3 405.4 325.4 582.3 275.3 286.1 158.3 418.3 619.4 454.0 532.6 381.7 336.9 37.4 225.4 371.7 437.7 617.9 198.6 194.5 145.1 262.3 449.3 427.5 465.4 131.5 520.8 594.7 415.9 506.8 379.6 411.7 354.1 523.5 113.9 440.4 475.0 77.2 120.0 156.0 316.7 589.3 51.2 406.4 383.2 381.8 344.0 160.3 315.8 388.0 451.7 327.9 334.3 208.7 431.3 83.6 455.2 523.9 150.1 532.4 520.2 475.8 359.3 348.7 257.7 580.5 195.8 396.4 169.5 225.1 243.6 186.0 379.4 368.2 116.2 341.6 105.8 640.2 387.7 442.0 592.4 251.2 431.7 269.3 452.4 385.2 422.9 355.6 162.5 311.9 144.4 386.4 360.6 371.8 157.0 331.9 280.6 331.2 259.9 202.1 596.3 453.4
1748.8 227.9 330.5 189.8 460.6 262.2 759.3 124.3 336.5 440.1 785.6 670.6 101.5 447.0 123.6 51.0 490.3 737.1 507.1 174.0 463.9 0.0 189.3 666.8 302.3 688.5 587.8 407.0 216.1 257.8 627.9 550.8 115.3 834.0 138.7 604.7 151.7 111.5 90.8 106.6 354.2 417.7 134.5 171.2 370.2 268.3 316.9 262.3 265.6 65.9 101.0 147.6 479.4 467.6 197.8 224.9 466.0 246.0 502.4 652.2 629.0 591.5 409.3 640.9 259.7 644.8 747.5 647.7 625.2 605.0 383.9 571.3 138.2 439.9 450.4 261.5 541.3 418.2 453.0 195.1 773.1 284.6 60.4 250.7 426.1 447.1 777.9 273.5 634.4 115.9 159.8 492.6 414.8 272.7 152.6 153.7 278.9 595.7 316.3 292.0 621.9 216.8 190.4 228.3 436.5 217.3 248.8 775.5 164.6 616.6 174.6 596.4 181.3 404.2 201.2 240.0 463.4 469.6 553.1 472.4 138.7 401.0 169.3 750.9 594.6 197.0 465.3 675.4 742.3 632.1 561.1 624.6 637.7 194.2 436.8 822.9 60.9 469.2 190.2 66.6 175.5 718.9 708.3 205.1 37.2 300.0 228.6 271.0 583.8 533.9 339.3 621.7 149.1 320.9 402.6 582.8 294.3 206.8 153.0 184.2 610.8 537.8 256.7 820.1 762.1 183.7 133.3 512.1 671.5 383.4 746.0 602.9 134.7 360.7 187.2 640.2 181.8 481.9 516.2 53.0 721.5
1804.3 330.3 432.9 20.4 460.1 299.0 794.8 83.6 375.1 455.9 821.1 706.1 203.9 482.5 191.9 179.5 525.8 772.6 533.4 276.4 479.7 181.3 0.0 702.3 294.0 724.0 623.3 442.5 97.0 126.8 663.4 547.4 154.8 869.5 119.7 640.2 165.8 65.0 95.7 122.2 389.7 453.2 139.4 64.2 405.7 370.7 308.6 297.8 155.1 142.3 164.2 169.9 514.9 503.1 127.8 279.5 465.5 282.8 537.9 687.7 664.5 627.0 425.1 676.4 90.3 680.3 783.0 644.3 641.0 640.5 432.5 606.8 136.3 439.4 485.9 142.4 576.8 434.0 459.0 125.1 808.6 387.0 170.1 287.5 461.6 446.6 813.4 133.6 669.9 80.3 262.2 528.1 430.6 277.0 151.6 50.1 128.2 557.1 351.8 327.5 657.4 102.2 189.4 227.3 472.0 55.5 129.7 811.0 70.9 652.1 173.6 631.9 58.5 428.3 303.6 174.3 469.4 505.1 514.5 507.9 199.9 416.8 150.6 786.4 630.1 299.4 500.8 710.9 777.8 667.6 596.6 621.2 673.2 193.2 472.3 858.4 140.7 468.7 67.4 135.3 13.1 754.4 743.8 240.6 193.3 335.5 331.0 306.5 619.3 530.5 331.0 657.2 148.1 356.4 438.1 618.3 161.9 309.2 255.4 114.2 646.3 573.3 293.5 855.6 797.6 286.1 132.3 547.6 707.0 418.9 781.5 638.4 133.7 396.2 289.6 675.7 217.3 517.4 551.7 203.6 757.0
1575.5 660.7 623.2 718.5 397.2 515.9 108.6 612.8 377.1 394.6 276.4 102.0 609.0 331.8 843.8 800.1 278.3 146.2 241.7 665.1 281.3 772.9 698.0 0.0 474.1 86.1 440.4 244.1 770.4 711.7 289.8 356.5 812.3 326.3 647.2 99.2 879.6 725.7 717.4 637.6 364.3 320.8 826.0 721.9 335.9 561.0 459.5 462.2 709.0 762.9 784.8 875.5 424.5 314.6 814.4 593.7 419.8 554.4 468.6 331.8 318.4 232.5 363.8 330.3 722.6 159.3 114.6 289.6 306.6 284.6 334.8 253.6 822.9 388.0 395.5 815.8 357.9 328.2 375.7 811.7 319.4 577.3 790.7 527.2 358.9 414.0 263.6 827.8 296.3 741.0 633.6 437.7 318.8 477.3 580.1 646.1 826.3 368.6 394.0 426.5 116.4 657.7 635.9 673.8 210.0 729.2 803.1 267.8 715.2 365.5 620.1 340.0 731.9 311.9 692.3 683.4 358.6 231.7 326.0 417.5 833.0 332.6 614.8 305.1 302.8 593.6 182.2 189.9 256.8 294.0 313.8 266.5 317.3 639.7 277.2 461.4 732.3 405.8 740.8 728.6 684.2 233.4 209.1 509.6 788.9 410.7 648.3 450.9 273.2 289.8 437.9 365.3 576.6 397.6 368.2 241.8 848.6 639.6 693.9 800.8 125.3 422.6 521.2 441.7 123.3 674.8 564.0 189.2 125.8 262.7 246.8 346.5 580.2 307.5 583.8 79.8 573.3 305.0 180.2 804.7 151.3
1796.7 298.7 374.3 322.4 274.3 48.8 555.4 216.7 128.2 197.0 613.7 500.2 200.0 276.6 404.5 404.0 319.9 533.2 281.0 233.3 220.8 376.8 301.9 491.4 0.0 518.1 417.4 236.6 374.3 315.6 457.5 329.4 416.2 663.6 251.1 434.3 439.4 329.6 321.3 241.5 130.8 247.3 429.9 325.8 145.8 312.1 14.6 91.9 312.9 361.2 388.7 435.3 309.0 297.2 418.3 155.5 213.4 97.4 332.0 505.4 491.2 453.7 166.2 503.1 326.5 474.4 543.6 421.6 382.1 394.4 172.6 433.5 426.8 212.4 280.0 419.7 370.9 174.1 200.1 415.6 626.3 328.4 394.6 122.1 255.7 242.6 607.5 431.7 464.0 344.9 219.1 322.2 171.7 95.0 184.0 250.0 430.2 352.6 91.9 74.9 451.5 261.6 239.8 277.7 266.1 333.1 407.0 605.1 319.1 446.2 224.0 426.0 335.8 178.1 260.5 287.3 246.6 274.0 310.0 302.0 393.7 157.9 218.7 604.1 424.2 163.7 294.9 505.0 571.9 461.7 390.7 398.5 429.6 243.6 237.6 676.1 336.2 282.9 344.7 330.8 288.1 548.5 537.9 83.6 392.8 93.2 305.9 84.9 446.0 307.8 36.9 451.3 180.5 97.5 232.2 326.7 452.5 277.6 280.6 404.7 440.4 367.4 128.1 673.3 558.2 243.0 167.9 316.5 501.1 213.0 575.6 432.5 184.1 190.3 153.9 469.8 117.3 311.5 356.1 408.6 517.6
1579.4 691.6 654.1 749.4 518.2 546.8 124.2 643.7 408.0 452.6 298.8 150.3 644.7 362.7 831.5 831.0 309.2 132.2 272.6 696.0 402.3 803.8 728.9 120.9 505.0 0.0 356.0 365.1 801.3 742.6 269.0 392.2 843.2 344.5 678.1 220.2 866.4 756.6 748.3 668.5 383.7 351.7 856.9 752.8 366.8 591.9 490.4 481.6 739.9 793.8 815.7 862.3 455.4 345.5 845.3 624.6 469.0 585.3 499.5 516.2 476.4 353.5 421.8 492.0 753.5 280.3 143.1 320.5 427.6 405.6 365.7 374.6 853.8 468.0 426.4 846.7 388.8 385.2 455.7 842.6 356.7 608.2 821.6 558.1 389.8 498.2 311.9 858.7 275.5 771.9 664.5 468.6 439.8 508.2 611.0 677.0 857.2 419.0 424.9 445.9 237.4 688.6 666.8 704.7 331.0 760.1 834.0 290.2 746.1 396.4 651.0 370.9 762.8 342.8 723.2 714.3 479.6 352.7 356.4 448.4 820.7 413.5 645.7 460.3 333.7 624.5 303.2 340.2 405.6 273.2 344.7 297.4 438.3 670.6 398.2 474.9 763.2 526.8 771.7 757.8 715.1 347.9 257.4 540.5 819.8 441.6 679.2 470.3 394.2 320.7 468.8 396.2 607.5 417.0 399.1 362.8 879.5 670.5 724.8 831.7 246.3 311.1 552.1 455.2 102.5 705.7 594.9 310.2 139.5 352.8 295.1 377.4 611.1 338.4 614.7 137.9 604.2 335.9 301.2 835.6 130.5
1548.2 570.1 716.7 547.5 616.7 371.6 315.7 441.8 470.6 515.2 419.7 329.1 447.6 112.4 629.6 629.1 203.6 293.5 336.9 515.2 520.8 601.9 527.0 380.1 341.8 366.8 0.0 376.7 599.4 540.7 184.3 454.8 641.3 463.9 476.2 404.6 664.5 554.7 546.4 466.6 446.3 176.4 655.0 550.9 429.4 654.5 356.4 318.8 538.0 591.9 613.8 660.4 323.1 281.6 643.4 456.2 540.4 405.9 346.1 563.7 539.9 454.0 484.4 551.8 551.6 464.7 303.9 365.1 458.2 436.2 428.3 475.1 651.9 530.6 294.1 644.8 211.0 447.8 518.3 640.7 476.1 670.8 619.7 430.6 255.8 560.8 450.1 656.8 190.8 570.0 460.9 336.3 489.9 388.1 409.1 475.1 655.3 481.6 341.1 348.5 421.8 486.7 464.9 502.8 357.2 558.2 632.1 409.6 544.2 199.4 449.1 265.2 560.9 405.4 542.4 512.4 564.8 471.2 419.0 316.1 618.8 476.1 443.8 579.7 277.8 464.4 329.4 464.8 525.0 188.5 219.2 342.0 468.9 468.7 406.5 594.3 561.3 625.3 569.8 555.9 513.2 486.1 395.6 351.7 617.9 324.8 570.8 327.5 494.7 379.7 378.8 290.5 405.6 377.4 203.2 414.0 677.6 549.0 450.7 629.8 430.7 94.2 432.9 574.6 318.5 524.9 393.0 428.7 377.0 353.1 425.8 162.1 409.2 401.0 454.6 402.9 394.0 247.6 285.1 633.7 277.9
1633.2 410.9 373.4 450.7 227.4 306.1 289.6 345.0 127.3 163.7 377.0 263.5 359.2 289.9 532.8 532.3 208.1 369.7 91.3 415.3 137.3 505.1 430.2 254.7 264.3 281.4 430.7 0.0 502.6 443.9 348.2 161.2 544.5 426.9 379.4 197.6 567.7 457.9 449.6 369.8 133.4 260.6 558.2 454.1 118.7 311.2 249.7 231.3 441.2 489.5 517.0 563.6 224.4 129.1 546.6 343.9 180.1 304.6 283.1 245.1 221.9 184.4 132.9 233.8 454.8 237.7 288.9 258.1 219.9 197.9 85.0 164.2 555.1 157.1 195.4 548.0 337.6 89.6 144.8 543.9 366.0 327.5 522.9 277.4 186.8 209.3 370.8 560.0 354.7 473.2 383.8 237.6 87.9 227.5 312.3 378.3 558.5 114.5 176.8 195.6 214.8 389.9 368.1 406.5 29.4 461.4 535.3 368.4 447.4 309.8 352.3 284.3 464.1 62.1 442.5 415.6 163.1 62.5 71.9 217.4 522.0 101.7 347.0 343.8 282.5 346.1 58.2 268.3 335.2 352.4 258.1 235.0 230.6 371.9 29.7 415.8 464.5 236.0 473.0 459.1 416.4 311.8 301.2 259.8 521.1 193.5 398.5 220.0 176.7 144.3 188.1 309.6 308.8 166.7 245.5 175.7 580.8 389.8 353.9 533.0 203.7 380.7 271.4 413.0 394.7 425.0 296.2 105.0 264.4 18.5 338.9 290.8 312.4 39.7 334.0 233.1 323.5 160.6 109.1 536.9 354.1
1748.0 366.5 469.1 87.5 538.8 400.8 873.5 179.6 475.1 534.6 898.3 784.8 240.1 561.2 155.8 201.6 604.5 851.3 619.5 312.6 558.4 203.4 97.6 776.0 372.7 802.7 702.0 521.2 0.0 193.9 742.1 689.4 98.5 948.2 215.7 718.9 109.5 99.0 117.8 138.2 468.4 531.9 83.1 50.9 484.4 406.9 387.3 376.5 222.2 155.0 160.2 113.6 593.6 581.8 68.2 363.5 544.2 384.6 616.6 766.4 743.2 705.7 503.8 755.1 157.4 759.0 861.7 786.3 719.7 719.2 522.5 685.5 80.0 518.1 564.6 45.3 655.5 512.7 537.7 68.8 887.3 423.2 192.2 389.3 540.3 525.3 892.1 57.3 748.6 94.3 298.4 606.8 509.3 353.1 230.3 146.1 62.7 635.8 430.5 412.5 736.1 174.6 262.3 306.0 550.7 122.6 32.6 889.7 57.6 730.8 252.3 710.6 40.9 507.0 339.8 241.4 602.0 583.8 593.2 586.6 143.6 495.5 223.0 865.1 708.8 337.9 579.5 789.6 856.5 746.3 675.3 763.2 751.9 271.9 551.0 937.1 162.8 547.4 32.0 157.4 110.8 833.1 822.5 327.6 215.4 414.2 367.2 385.2 698.0 672.5 409.7 735.9 226.8 435.1 516.8 697.0 78.1 345.4 291.1 57.9 725.0 652.0 395.3 934.3 876.3 322.3 211.0 626.3 785.7 497.6 860.2 717.1 212.4 474.9 325.8 754.4 300.7 596.1 630.4 225.7 835.7
1892.2 405.3 507.9 96.6 486.4 325.0 821.1 178.3 401.4 482.2 845.9 732.4 276.8 508.8 270.9 258.5 552.1 798.9 503.8 351.4 506.0 260.3 126.6 723.6 320.3 750.3 649.6 468.8 171.7 0.0 689.7 568.9 242.7 895.8 212.7 666.5 253.7 144.0 174.7 201.2 416.0 479.5 227.3 138.9 432.0 445.7 334.9 324.1 28.3 221.3 243.2 257.8 541.2 529.4 215.7 305.8 498.6 309.1 564.2 714.0 690.8 653.3 451.4 702.7 66.6 706.6 809.3 670.6 667.3 666.8 458.8 633.1 224.2 465.7 512.2 217.1 603.1 460.3 485.3 213.0 834.9 462.0 249.1 313.8 487.9 472.9 839.7 199.2 696.2 159.3 337.2 554.4 456.9 300.7 143.5 147.1 193.8 583.4 378.1 360.1 683.7 67.6 91.4 178.9 498.3 110.8 204.4 837.3 145.6 678.4 145.8 658.2 133.2 454.6 378.6 47.4 495.7 531.4 540.8 534.2 286.0 443.1 116.0 812.7 656.4 314.0 527.1 737.2 804.1 693.9 622.9 647.5 699.5 126.3 498.6 884.7 219.7 495.0 142.1 216.0 118.4 780.7 770.1 266.9 272.3 361.8 406.0 332.8 645.6 560.4 357.3 683.5 146.7 382.7 464.4 644.6 227.5 384.2 288.7 202.1 672.6 599.6 319.8 881.9 823.9 361.1 158.6 573.9 733.3 445.2 807.8 664.7 136.3 422.5 304.2 702.0 248.3 543.7 578.0 282.6 783.3
1519.9 695.6 658.1 634.5 558.1 546.0 260.6 528.8 412.0 456.6 364.6 274.0 534.6 250.4 716.6 716.1 209.8 238.4 278.3 602.2 462.2 688.9 614.0 325.0 509.0 311.7 86.9 379.0 686.4 627.7 0.0 396.2 728.3 408.8 563.2 349.5 751.5 641.7 633.4 553.6 387.7 240.1 742.0 637.9 370.8 595.9 494.4 485.6 625.0 678.9 700.8 747.4 365.5 287.8 730.4 628.6 481.8 492.9 388.5 508.6 481.3 395.4 425.8 493.2 638.6 409.6 248.8 306.5 464.4 442.4 369.7 416.5 738.9 472.0 336.5 731.8 233.3 389.2 459.7 727.7 421.0 612.2 706.7 562.1 278.3 502.2 395.0 743.8 6.5 657.0 547.9 378.7 431.3 509.6 496.1 562.1 742.3 423.0 428.9 449.9 366.7 573.7 551.9 589.8 363.4 645.2 719.1 354.5 631.2 90.7 536.1 156.5 647.9 346.8 629.4 599.4 506.2 412.6 360.4 358.5 705.8 417.5 530.8 524.6 196.3 628.5 335.6 409.7 469.9 4.2 110.5 283.4 475.1 555.7 408.8 539.2 648.3 566.7 656.8 642.9 600.2 431.0 340.5 438.7 704.9 445.6 683.2 474.3 436.1 321.1 472.8 181.8 492.6 421.0 279.2 420.2 764.6 674.5 537.7 716.8 375.6 96.6 556.1 519.5 263.4 611.9 480.0 370.1 321.9 355.4 370.7 53.4 496.2 342.4 618.7 347.8 481.0 253.8 291.3 720.7 222.8
1715.9 537.9 500.4 464.0 400.4 281.0 474.6 358.3 254.3 298.9 577.1 488.0 369.4 230.8 546.1 545.6 158.5 452.4 184.1 431.7 322.7 518.4 443.5 529.3 258.3 521.0 371.6 226.1 520.7 457.2 411.7 0.0 557.8 622.8 392.7 412.6 581.0 471.2 462.9 383.1 225.3 185.8 576.3 472.2 213.1 438.2 336.7 235.3 454.5 502.8 530.3 576.9 63.1 116.7 559.9 372.7 315.3 322.4 130.7 478.9 452.8 426.8 268.1 467.6 468.1 448.0 462.8 340.8 453.7 428.8 212.0 398.0 568.4 314.3 34.1 561.3 325.1 231.5 302.0 557.2 599.8 454.5 536.2 404.4 60.1 344.5 609.0 568.6 418.2 481.8 377.4 76.3 273.6 354.5 325.6 391.6 571.8 328.9 271.2 285.9 429.8 403.2 381.4 419.8 250.8 474.7 548.6 568.5 460.7 299.1 365.6 273.6 477.4 189.1 458.9 424.2 348.5 288.7 266.3 56.1 535.3 264.6 360.3 577.6 289.8 473.1 279.6 483.3 550.2 411.2 242.7 317.7 464.4 385.2 251.1 649.6 477.8 409.0 486.3 474.1 429.7 523.9 516.2 276.5 534.4 287.9 525.5 316.6 410.5 230.6 312.2 298.9 322.1 263.3 152.7 409.5 594.1 516.8 366.7 546.3 418.7 321.6 398.4 646.8 477.4 441.4 304.8 354.3 535.9 192.1 553.9 287.9 325.7 184.7 461.0 448.1 310.5 150.1 280.6 550.2 436.8
1651.7 344.8 447.4 140.7 577.5 379.1 876.2 204.1 453.4 557.0 902.5 787.5 218.4 563.9 72.4 128.5 607.2 854.0 624.0 290.9 580.8 116.8 139.0 783.7 419.2 805.4 704.7 523.9 100.7 247.1 744.8 667.7 0.0 950.9 240.2 721.6 54.6 138.9 118.2 178.1 471.1 534.6 19.1 104.1 487.1 385.2 433.8 379.2 275.4 50.8 79.4 50.5 596.3 584.5 86.0 341.8 582.9 362.9 619.3 769.1 745.9 708.4 526.2 757.8 210.6 761.7 864.4 764.6 742.1 721.9 500.8 688.2 22.9 556.8 567.3 146.1 658.2 535.1 569.9 83.3 890.0 401.5 119.1 367.6 543.0 564.0 894.8 158.1 751.3 143.3 276.7 609.5 531.7 389.6 269.5 189.2 163.5 712.6 433.2 408.9 738.8 227.8 307.3 345.2 553.4 169.0 133.4 892.4 110.8 733.5 291.5 713.3 94.1 521.1 318.1 294.6 580.3 586.5 670.0 589.3 47.3 517.9 276.2 867.8 711.5 313.9 582.2 792.3 859.2 749.0 678.0 741.5 754.6 311.1 553.7 939.8 142.1 586.1 85.2 136.7 152.2 835.8 825.2 322.0 142.3 416.9 345.5 387.9 700.7 650.8 456.2 738.6 266.0 437.8 519.5 699.7 178.9 323.7 269.9 72.4 727.7 654.7 373.6 937.0 879.0 300.6 250.2 629.0 788.4 500.3 862.9 719.8 251.6 477.6 304.1 757.1 298.7 598.8 633.1 143.0 838.4
1639.5 816.4 772.5 837.1 530.4 663.9 277.6 731.4 526.4 514.4 202.0 251.5 769.0 508.7 951.9 918.7 455.2 410.2 420.3 820.3 401.1 891.5 816.6 349.5 615.0 321.1 436.5 386.3 889.0 830.3 349.5 538.2 997.0 0.0 765.8 282.1 987.7 844.3 836.0 756.2 484.1 497.7 1016.2 840.5 512.8 710.3 600.4 582.0 827.6 881.5 992.5 983.6 601.4 491.5 933.0 743.0 539.6 712.5 645.5 213.5 173.7 187.2 483.6 189.3 841.2 232.0 301.6 466.5 292.4 269.7 494.8 224.3 1019.9 507.8 572.4 934.4 534.8 459.1 495.5 930.3 59.7 726.6 909.3 676.5 535.8 547.2 244.2 946.4 356.0 859.6 782.9 614.6 438.6 624.0 698.7 764.7 944.9 479.5 570.9 546.3 299.3 776.3 754.5 792.4 352.2 847.8 921.7 191.9 833.8 423.7 738.7 516.9 850.5 488.8 847.5 802.0 478.4 376.4 436.9 594.4 941.1 452.4 733.4 157.6 479.7 742.9 324.4 179.8 102.9 353.7 490.7 443.4 227.2 758.3 421.9 172.2 850.9 539.0 859.4 845.5 802.8 280.2 173.6 658.9 907.5 597.0 797.6 570.7 218.9 463.1 587.2 542.2 695.2 517.4 545.1 333.6 967.2 795.3 849.6 919.4 253.9 391.6 670.5 152.5 385.7 830.0 682.6 333.9 346.3 406.1 135.9 386.4 698.8 426.1 733.1 315.0 736.7 481.9 322.4 923.3 360.6
1870.0 287.9 390.5 148.6 397.7 236.6 732.4 42.9 312.7 393.5 758.7 643.7 161.5 420.1 244.8 232.4 463.4 710.2 471.0 234.0 417.3 205.2 128.1 639.9 231.6 661.6 560.9 380.1 218.5 207.4 601.0 485.0 244.6 807.1 0.0 577.8 267.8 157.9 149.7 85.7 327.3 390.8 263.8 170.0 343.3 328.3 246.2 235.4 202.2 195.2 217.1 263.7 452.5 440.7 256.0 217.1 403.1 220.4 475.5 625.3 602.1 564.6 362.7 614.0 218.3 617.9 720.6 581.9 578.6 578.1 370.1 544.4 264.5 377.0 423.5 263.9 514.4 371.6 396.6 253.3 746.2 344.6 223.0 225.1 399.2 384.2 751.0 261.8 607.5 173.2 219.8 465.7 368.2 214.6 89.2 76.2 256.4 494.7 289.4 265.1 595.0 153.4 127.0 164.9 409.6 159.3 251.2 748.6 163.3 589.7 111.2 569.5 180.0 365.9 261.2 176.6 407.0 442.7 452.1 445.5 259.9 354.4 105.9 724.0 567.7 257.0 438.4 648.5 715.4 605.2 534.2 558.8 610.8 130.8 409.9 796.0 164.6 406.3 188.9 159.2 114.3 692.0 681.4 178.2 221.2 273.1 288.6 244.1 556.9 468.1 268.6 594.8 85.7 294.0 375.7 555.9 290.1 266.8 200.0 242.4 583.9 510.9 231.1 793.2 735.2 243.7 69.9 485.2 644.6 356.5 719.1 576.0 71.3 333.8 247.2 613.3 154.9 455.0 489.3 237.0 694.6
1595.7 661.9 624.4 719.7 432.1 512.3 126.4 614.0 378.3 429.5 295.7 119.8 615.0 333.0 801.8 801.3 279.5 189.0 244.6 666.3 316.2 774.1 699.2 77.4 475.3 103.9 441.6 279.0 771.6 712.9 369.7 362.5 813.5 344.1 648.4 0.0 836.7 726.9 718.6 638.8 354.0 322.0 827.2 723.1 337.1 562.2 460.7 451.9 710.2 764.1 786.0 832.6 425.7 315.8 815.6 594.9 454.7 555.6 469.8 366.7 353.3 267.4 398.7 365.2 723.8 195.1 132.4 290.8 341.5 319.5 336.0 288.5 824.1 422.9 396.7 817.0 359.1 363.1 410.6 812.9 337.2 578.5 791.9 528.4 360.1 448.9 281.4 829.0 376.2 742.2 634.8 438.9 353.7 475.9 581.3 647.3 827.5 403.5 395.2 416.2 17.2 658.9 637.1 675.0 244.9 730.4 804.3 285.6 716.4 366.7 621.3 341.2 733.1 313.1 693.5 684.6 393.5 266.6 326.7 418.7 791.0 367.5 616.0 340.9 304.0 594.8 217.1 225.7 292.6 373.9 315.0 267.7 352.2 640.9 312.1 479.2 733.5 440.7 742.0 728.1 685.4 269.2 226.9 510.8 790.1 411.9 649.5 440.6 308.1 287.4 439.1 366.5 577.8 387.3 369.4 276.7 849.8 640.8 695.6 802.0 161.1 423.8 522.4 459.5 159.3 676.0 565.2 224.1 125.7 298.8 264.6 347.7 581.4 308.7 585.0 81.0 578.8 306.2 215.1 805.9 187.3
1640.9 358.4 461.0 146.9 591.1 392.7 889.8 225.8 467.0 570.6 916.1 801.1 232.0 577.5 61.6 100.6 620.8 867.6 637.6 304.5 594.4 156.5 145.2 797.3 432.8 819.0 718.3 537.5 106.9 253.3 758.4 681.3 59.6 964.5 261.9 735.2 0.0 158.4 139.9 197.6 484.7 548.2 44.2 110.3 500.7 398.8 447.4 392.8 281.6 91.2 50.6 4.1 609.9 598.1 92.2 355.4 596.5 376.5 632.9 782.7 759.5 722.0 539.8 771.4 216.8 775.3 878.0 778.2 755.7 735.5 514.4 701.8 41.1 570.4 580.9 152.3 671.8 548.7 583.5 89.5 903.6 415.1 91.2 381.2 556.6 577.6 908.4 164.3 764.9 153.7 290.3 623.1 545.3 403.2 283.1 195.4 169.7 726.2 446.8 422.5 752.4 234.0 320.9 358.8 567.0 175.2 139.6 906.0 117.0 747.1 305.1 726.9 100.3 534.7 331.7 300.8 593.9 600.1 683.6 602.9 36.5 531.5 282.4 881.4 725.1 327.5 595.8 805.9 872.8 762.6 691.6 755.1 768.2 324.7 567.3 953.4 163.8 599.7 91.4 158.4 158.4 849.4 838.8 335.6 114.4 430.5 359.1 401.5 714.3 664.4 469.8 752.2 279.6 451.4 533.1 713.3 185.1 337.3 283.5 78.6 741.3 668.3 387.2 950.6 892.6 314.2 263.8 642.6 802.0 513.9 876.5 733.4 265.2 491.2 317.7 770.7 312.3 612.4 646.7 132.2 852.0
1752.0 290.5 393.1 89.1 523.2 324.8 817.3 106.1 399.1 502.7 843.6 728.6 164.1 505.0 126.8 114.4 548.3 795.1 569.7 236.6 526.5 116.2 77.7 724.8 316.5 746.5 645.8 465.0 108.2 146.2 685.9 613.4 126.6 892.0 142.2 662.7 149.8 0.0 30.6 82.7 412.2 475.7 145.8 59.7 428.2 330.9 331.1 320.3 174.5 77.2 99.1 145.7 537.4 525.6 152.2 287.5 528.6 308.6 560.4 710.2 687.0 649.5 471.9 698.9 157.1 702.8 805.5 710.3 687.8 663.0 446.5 629.3 149.5 502.5 508.4 153.6 599.3 480.8 515.6 149.5 831.1 347.2 105.0 313.3 484.1 509.7 835.9 165.6 692.4 15.2 222.4 550.6 477.4 335.3 174.1 72.6 171.0 579.6 374.3 350.0 679.9 106.7 194.4 249.8 494.5 105.7 140.9 833.5 53.0 674.6 184.9 654.4 69.7 466.8 263.8 193.7 526.0 527.6 537.0 530.4 141.9 463.6 155.1 808.9 652.6 259.6 523.3 733.4 800.3 690.1 619.1 687.2 695.7 215.7 494.8 880.9 75.6 531.8 78.6 70.2 63.9 776.9 766.3 263.1 128.2 358.0 291.2 329.0 641.8 596.5 353.5 679.7 170.6 378.9 460.6 640.8 186.4 269.4 215.6 138.6 668.8 595.8 319.3 878.1 820.1 246.3 154.8 570.1 729.5 441.4 804.0 660.9 156.2 418.7 249.8 698.2 239.8 539.9 574.2 138.5 779.5
1721.3 259.8 362.4 98.9 492.5 294.1 791.2 106.9 368.4 472.0 817.5 702.5 133.4 478.9 96.1 83.7 522.2 769.0 539.0 205.9 495.8 85.5 98.4 698.7 334.2 720.4 619.7 438.9 128.9 166.9 659.8 582.7 95.9 865.9 143.0 636.6 119.1 20.6 0.0 80.9 386.1 449.6 115.1 80.3 402.1 300.2 348.8 294.2 195.2 46.5 68.4 115.0 511.3 499.5 172.9 256.8 497.9 277.9 534.3 684.1 660.9 623.4 441.2 672.8 168.8 676.7 779.4 679.6 657.1 636.9 415.8 603.2 118.8 471.8 482.3 174.3 573.2 450.1 484.9 170.2 805.0 316.5 74.3 282.6 458.0 479.0 809.8 186.3 666.3 25.0 191.7 524.5 446.7 304.6 173.0 93.3 191.7 627.6 348.2 323.9 653.8 127.4 210.8 248.7 468.4 126.4 161.6 807.4 73.7 648.5 195.0 628.3 90.4 436.1 233.1 214.4 495.3 501.5 585.0 504.3 111.2 432.9 175.8 782.8 626.5 228.9 497.2 707.3 774.2 664.0 593.0 656.5 669.6 214.6 468.7 854.8 44.9 501.1 99.3 39.5 84.6 750.8 740.2 237.0 97.5 331.9 260.5 302.9 615.7 565.8 371.2 653.6 169.5 352.8 434.5 614.7 207.1 238.7 184.9 159.3 642.7 569.7 288.6 852.0 794.0 215.6 153.7 544.0 703.4 415.3 777.9 634.8 155.1 392.6 219.1 672.1 213.7 513.8 548.1 107.8 753.4
1800.0 228.2 330.8 116.5 400.5 262.5 735.2 63.7 336.8 396.3 761.5 646.5 101.8 422.9 174.8 162.4 466.2 713.0 473.8 174.3 420.1 135.2 120.2 642.7 234.4 664.4 563.7 382.9 132.7 188.7 603.8 551.1 174.6 809.9 78.1 580.6 197.8 88.0 79.7 0.0 330.1 393.6 188.3 84.2 346.1 268.6 249.0 238.2 205.0 125.2 147.1 193.7 455.3 443.5 176.7 225.2 405.9 246.3 478.3 628.1 604.9 567.4 365.5 616.8 186.4 620.7 723.4 648.0 581.4 580.9 384.2 547.2 185.2 379.8 426.3 178.1 517.2 374.4 399.4 174.0 749.0 284.9 153.0 251.0 402.0 387.0 753.8 190.1 610.3 103.3 160.1 468.5 371.0 217.4 92.0 70.8 195.5 497.5 292.2 267.9 597.8 149.2 129.8 167.7 412.4 135.9 165.4 751.4 77.5 592.5 114.0 572.3 94.2 368.7 201.5 179.4 463.7 445.5 454.9 448.3 189.9 357.2 108.7 726.8 570.5 197.3 441.2 651.3 718.2 608.0 537.0 624.9 613.6 133.6 412.7 798.8 94.6 409.1 103.1 89.2 106.4 694.8 684.2 181.0 151.2 275.9 228.9 246.9 559.7 534.2 271.4 597.6 88.5 296.8 378.5 558.7 210.9 207.1 153.3 163.1 586.7 513.7 257.0 796.0 738.0 184.0 72.7 488.0 647.4 359.3 721.9 578.8 74.1 336.6 187.5 616.1 157.7 457.8 492.1 167.0 697.4
1666.8 323.1 285.6 427.1 180.0 172.6 425.5 321.4 39.5 66.1 485.0 438.9 276.2 353.8 514.4 552.2 241.7 403.3 124.9 327.5 89.9 525.0 406.6 362.7 130.8 389.4 419.6 107.9 522.5 420.3 381.8 194.8 559.5 534.9 355.8 305.6 550.2 477.8 469.5 389.7 0.0 324.5 578.1 474.0 63.8 223.4 116.2 97.8 417.6 515.0 536.9 546.1 258.0 162.7 566.5 256.1 82.5 216.8 316.7 374.5 360.3 322.8 35.3 372.2 431.2 345.7 413.7 291.7 251.2 263.5 27.9 302.6 575.0 81.5 229.0 567.9 371.2 62.2 69.2 563.8 495.4 239.7 542.8 189.6 220.4 111.7 478.8 579.9 388.3 493.1 296.0 271.2 40.8 139.7 288.7 354.7 534.9 221.7 111.5 62.2 322.8 366.3 344.5 382.9 137.4 437.8 555.2 476.4 467.3 343.4 328.7 317.9 484.0 48.2 354.7 392.0 115.7 143.1 179.1 251.0 503.6 27.0 323.4 473.2 316.1 256.0 166.2 376.3 478.0 386.0 291.7 268.6 298.7 348.3 106.7 545.2 484.4 188.6 492.9 480.7 392.8 419.8 409.2 164.5 541.0 112.8 310.7 86.5 315.1 177.9 100.3 343.2 285.2 33.3 275.9 195.8 600.7 302.0 356.3 552.9 311.7 444.6 183.6 542.4 428.3 337.2 272.6 185.6 372.4 84.3 446.9 324.4 288.8 91.3 246.2 341.1 235.7 194.2 225.2 556.8 387.7
1642.0 488.4 547.2 465.8 447.2 289.9 409.5 360.1 301.1 345.7 513.5 422.9 365.9 97.2 547.9 547.4 76.4 387.3 167.4 433.5 359.0 520.2 445.3 473.9 260.1 460.6 238.0 299.4 517.7 459.0 278.1 285.3 559.6 557.7 394.5 344.0 582.8 473.0 464.7 384.9 276.8 0.0 573.3 469.2 259.9 485.0 274.7 237.1 456.3 510.2 532.1 578.7 203.7 189.0 561.7 374.5 370.9 324.2 226.7 391.5 368.3 330.8 314.9 380.2 469.9 384.1 397.7 262.8 366.3 344.3 258.8 310.6 570.2 361.1 174.7 563.1 191.5 278.3 348.8 559.0 569.9 501.3 538.0 348.9 116.5 391.3 543.9 575.1 284.6 488.3 379.2 216.9 320.4 306.4 327.4 393.4 573.6 312.1 318.0 339.0 361.2 405.0 383.2 421.1 265.3 476.5 550.4 503.4 462.5 211.7 367.4 186.2 479.2 235.9 460.7 430.7 395.3 309.4 249.5 196.7 537.1 306.6 362.1 490.2 244.8 382.7 237.5 414.7 481.6 282.3 160.0 239.7 377.0 387.0 297.9 562.2 479.6 455.8 488.1 474.2 431.5 458.2 489.4 270.0 536.2 243.1 572.3 245.8 323.1 210.2 361.9 211.5 323.9 310.1 60.2 322.1 595.9 467.3 369.0 548.1 350.1 188.0 351.2 559.4 412.3 443.2 311.3 266.9 470.8 244.5 519.6 192.7 327.5 231.5 372.9 379.5 312.3 155.0 193.2 552.0 371.7
1667.1 360.2 462.8 121.5 592.9 394.5 891.6 203.5 468.8 572.4 916.4 802.9 233.8 579.3 87.8 143.9 622.6 869.4 613.2 306.3 596.2 132.2 119.8 794.1 434.6 820.8 720.1 539.3 81.5 227.9 760.2 683.1 15.4 966.3 239.6 737.0 65.2 133.0 133.6 172.2 486.5 550.0 0.0 84.9 502.5 400.6 449.2 394.6 256.2 66.2 94.8 65.9 611.7 599.9 66.8 357.2 588.8 378.3 634.7 784.5 761.3 723.8 541.6 773.2 191.4 777.1 879.8 780.0 757.5 737.3 516.2 703.6 3.7 572.2 582.7 126.9 673.6 550.5 585.3 64.1 905.4 416.9 134.5 383.0 558.4 579.4 910.2 138.9 766.7 128.3 292.1 624.9 547.1 402.4 264.3 170.0 144.3 728.0 448.6 424.3 754.2 208.6 296.3 340.0 568.8 149.8 114.2 907.8 91.6 748.9 286.3 728.7 74.9 536.5 333.5 275.4 595.7 601.9 685.4 604.7 62.7 533.3 257.0 883.2 726.9 329.3 597.6 807.7 874.6 764.4 693.4 756.9 770.0 305.9 569.1 955.2 157.5 601.5 66.0 152.1 133.0 851.2 840.6 345.7 157.7 432.3 360.9 403.3 716.1 666.2 471.6 754.0 260.8 453.2 534.9 715.1 159.7 339.1 284.8 53.2 743.1 670.1 389.0 952.4 894.4 316.0 245.0 644.4 803.8 515.7 878.3 737.7 246.4 493.0 319.5 772.5 356.8 614.2 648.5 158.4 853.8
1768.9 315.5 418.1 32.2 487.8 349.8 822.5 127.4 424.1 483.6 848.8 733.8 194.4 510.2 174.9 162.5 553.5 800.3 568.5 261.6 507.4 164.3 43.7 725.0 321.7 751.7 651.0 470.2 48.4 138.6 691.1 633.6 119.4 897.2 163.5 667.9 130.4 48.0 78.7 87.2 417.4 480.9 104.0 0.0 433.4 355.9 336.3 325.5 166.9 125.3 147.2 134.5 542.6 530.8 92.4 312.5 500.0 333.6 565.6 715.4 692.2 654.7 452.8 704.1 102.1 708.0 810.7 735.3 668.7 668.2 471.5 634.5 100.9 467.1 513.6 93.8 604.5 461.7 486.7 89.7 836.3 372.2 153.1 338.3 489.3 474.3 841.1 105.8 697.6 59.0 247.4 555.8 458.3 302.1 179.3 93.9 111.2 584.8 379.5 361.5 685.1 119.3 207.0 255.5 499.7 67.3 81.1 838.7 6.6 679.8 197.5 659.6 9.9 456.0 288.8 186.1 551.0 532.8 542.2 535.6 164.5 444.5 167.7 814.1 657.8 284.6 528.5 738.6 805.5 695.3 624.3 712.2 700.9 220.9 500.0 886.1 123.7 496.4 18.8 120.0 56.9 782.1 771.5 268.3 176.3 363.2 316.2 334.2 647.0 625.1 358.7 684.9 175.8 384.1 465.8 646.0 126.6 294.4 240.6 78.8 674.0 601.0 344.3 883.3 825.3 271.3 160.0 575.3 734.7 448.0 809.2 666.1 161.4 423.9 274.8 703.4 249.7 545.1 579.4 186.6 784.7
1650.8 352.6 315.1 428.0 215.1 199.8 409.5 322.3 69.0 113.6 470.5 422.9 305.7 323.3 543.9 509.6 225.7 387.3 135.1 357.0 137.4 482.4 407.5 351.7 150.9 373.4 403.6 91.9 479.9 421.2 365.8 178.8 521.8 518.9 356.7 289.6 579.7 435.2 426.9 347.1 44.7 294.0 535.5 431.4 0.0 252.9 136.3 135.9 418.5 472.4 494.3 575.6 242.0 146.7 523.9 285.6 138.8 246.3 300.7 337.1 313.9 276.4 82.8 325.8 432.1 329.7 397.7 275.7 309.2 303.5 26.7 256.2 532.4 129.0 213.0 525.3 355.2 28.2 116.7 521.2 458.0 269.2 500.2 219.1 204.4 159.2 462.8 537.3 372.3 450.5 325.5 255.2 88.3 166.6 289.6 355.6 535.8 214.1 58.0 106.9 306.8 367.2 345.4 383.3 121.4 438.7 512.6 460.4 424.7 327.4 329.6 301.9 441.4 32.2 384.2 392.9 163.2 135.5 171.5 235.0 533.1 74.5 324.3 435.8 300.1 285.5 150.2 360.3 427.2 370.0 275.7 252.6 322.6 349.2 99.1 507.8 441.8 223.7 450.3 436.4 393.7 403.8 393.2 201.5 498.4 74.7 340.2 124.6 268.7 161.9 129.8 327.2 286.1 78.0 278.9 265.0 558.1 331.5 386.3 510.3 295.7 414.1 213.1 505.0 412.3 366.7 273.5 178.0 356.4 68.3 430.9 308.4 289.7 75.3 275.7 325.1 269.5 178.2 217.6 514.2 371.7
1836.8 118.3 62.2 408.0 418.5 290.6 758.9 309.1 313.9 417.5 819.9 772.3 177.9 545.3 316.8 407.4 588.6 736.7 484.5 131.2 441.3 426.7 394.3 701.1 330.7 722.8 686.1 441.3 424.2 455.6 726.2 528.2 361.9 868.3 323.5 639.0 352.6 379.5 371.2 291.4 368.6 516.0 381.1 375.7 397.2 0.0 345.3 360.6 450.4 380.0 357.4 348.5 577.7 496.1 426.4 245.7 423.9 269.2 600.7 725.9 663.3 625.8 386.7 675.2 466.5 679.1 747.1 625.1 602.6 614.9 361.3 605.6 384.8 397.8 548.7 469.6 639.6 395.6 410.9 423.7 846.8 16.2 398.0 242.0 524.4 405.0 812.2 481.6 732.7 394.8 161.2 590.9 392.2 255.3 337.4 342.4 487.0 573.1 414.6 390.3 656.2 401.6 375.2 413.1 470.8 425.5 456.9 809.8 369.0 714.9 359.4 694.7 385.7 381.6 158.4 424.8 440.8 494.5 530.5 570.7 306.0 378.4 354.1 824.6 649.5 220.9 499.6 709.7 776.6 730.4 659.4 602.0 650.1 379.0 458.1 896.6 386.1 427.1 394.6 380.7 380.5 753.2 742.6 303.4 421.2 398.3 87.2 369.3 618.1 511.3 367.7 720.0 333.9 419.2 500.9 561.6 502.4 97.2 251.3 412.8 645.1 636.1 236.0 893.8 761.7 160.9 318.1 537.0 705.8 417.7 780.3 701.2 319.5 459.0 211.1 674.5 246.4 527.6 573.5 387.4 721.1
1782.1 313.3 359.7 337.0 259.7 56.3 540.8 231.3 113.6 182.4 600.3 554.2 216.5 291.2 419.1 418.6 334.5 518.6 240.2 247.9 206.2 391.4 316.5 478.0 14.6 504.7 432.0 223.2 388.9 330.2 472.1 305.3 430.8 650.2 265.7 420.9 454.0 344.2 335.9 256.1 116.2 261.9 444.5 340.4 131.2 297.5 0.0 81.6 327.5 381.4 403.3 449.9 323.6 278.0 432.9 170.1 198.8 112.0 346.6 490.8 476.6 439.1 151.6 488.5 341.1 461.0 529.0 407.0 367.5 379.8 158.0 418.9 441.4 197.8 294.6 434.3 385.5 159.5 185.5 430.2 611.7 313.8 409.2 136.7 270.3 228.0 594.1 446.3 478.6 359.5 233.7 336.8 157.1 109.6 198.6 264.6 444.8 338.0 77.3 60.3 438.1 276.2 254.4 292.3 252.7 347.7 421.6 591.7 333.7 460.8 238.6 440.6 350.4 163.5 275.1 301.9 232.0 259.4 295.4 316.6 408.3 143.3 233.3 589.5 438.8 178.3 281.5 491.6 594.3 476.3 405.3 383.9 415.0 258.2 223.0 661.5 350.8 268.3 359.3 345.4 302.7 535.1 524.5 98.2 407.4 78.6 320.5 70.3 431.4 296.8 22.3 465.9 195.1 82.9 246.8 312.1 467.1 292.2 294.7 419.3 427.0 382.0 142.7 658.7 543.6 257.6 182.5 301.9 487.7 201.0 562.2 449.6 198.7 204.9 168.5 456.4 131.9 326.1 341.5 423.2 503.0
1758.7 369.0 377.5 329.2 271.9 119.1 517.4 223.5 131.4 158.0 578.4 530.8 270.3 255.9 411.3 410.8 299.2 495.2 243.0 303.6 181.8 383.6 308.7 459.6 70.2 481.3 396.7 199.8 381.1 322.4 436.8 286.7 423.0 626.8 257.9 397.5 446.2 336.4 328.1 248.3 91.8 226.6 436.7 332.6 124.8 315.3 55.6 0.0 319.7 373.6 395.5 442.1 288.3 276.5 425.1 225.8 183.2 167.7 311.3 466.4 452.2 414.7 127.2 464.1 333.3 437.6 505.6 383.6 343.1 355.4 119.8 394.5 433.6 173.4 259.3 426.5 350.2 153.1 161.1 422.4 587.3 331.6 401.4 192.4 235.0 203.6 570.7 438.5 443.3 351.7 289.4 301.5 132.7 167.9 190.8 256.8 437.0 313.6 70.9 29.6 414.7 268.4 246.6 284.5 229.3 339.9 413.8 568.3 325.9 425.5 230.8 405.3 342.6 140.1 330.8 294.1 207.6 235.0 271.0 281.3 400.5 118.9 225.5 565.1 403.5 234.0 258.1 468.2 569.9 441.0 370.0 360.5 390.6 250.4 198.6 637.1 343.0 280.5 351.5 337.6 294.9 511.7 501.1 153.9 399.6 72.2 376.2 8.6 407.0 269.8 75.1 430.6 187.3 58.5 211.5 287.7 459.3 347.9 232.4 411.5 403.6 346.7 198.4 634.3 520.2 313.3 174.7 277.5 464.3 176.2 538.8 411.8 190.9 169.6 224.2 433.0 191.9 290.8 317.1 415.4 479.6
1930.0 377.0 479.6 134.4 458.1 297.0 792.8 150.0 373.1 453.9 819.1 704.1 250.6 480.5 308.7 296.3 523.8 770.6 531.4 323.1 477.7 298.1 164.4 700.3 292.0 722.0 621.3 440.5 209.5 37.7 661.4 545.4 280.5 867.5 184.4 638.2 291.5 181.8 212.5 174.8 387.7 451.2 265.1 176.7 403.7 417.4 306.6 295.8 0.0 259.1 281.0 295.6 512.9 501.1 253.5 277.5 463.5 280.8 535.9 685.7 662.5 625.0 423.1 674.4 104.4 678.3 781.0 642.3 639.0 638.5 430.5 604.8 262.0 437.4 483.9 254.9 574.8 432.0 457.0 250.8 806.6 433.7 286.9 285.5 459.6 444.6 811.4 237.0 667.9 197.1 308.9 526.1 428.6 275.0 115.2 183.3 231.6 555.1 349.8 325.5 655.4 88.4 63.1 150.1 470.0 148.6 242.2 809.0 183.4 650.1 132.0 629.9 171.0 426.3 350.3 19.1 467.4 503.1 512.5 505.9 323.8 414.8 104.4 784.4 628.1 285.7 498.8 708.9 775.8 665.6 594.6 619.2 671.2 98.0 470.3 856.4 257.5 466.7 179.9 252.1 156.2 752.4 741.8 238.6 310.1 333.5 377.7 304.5 617.3 528.5 329.0 655.2 118.4 354.4 436.1 616.3 265.3 355.9 260.4 239.9 644.3 571.3 291.5 853.6 795.6 332.8 130.3 545.6 705.0 416.9 779.5 636.4 108.0 394.2 275.9 673.7 215.3 515.4 549.7 320.4 755.0
1688.3 293.9 396.5 160.7 526.6 336.5 825.3 153.2 402.5 506.1 850.1 736.6 172.8 513.0 90.0 77.6 556.3 803.1 546.9 240.0 529.9 65.9 165.8 722.2 368.3 754.5 653.8 473.0 155.7 234.3 693.9 621.5 49.3 900.0 189.3 670.7 91.2 88.0 67.3 127.2 420.2 483.7 74.1 147.7 436.2 334.3 377.3 328.3 262.6 0.0 62.3 87.1 545.4 528.0 131.8 290.9 522.5 312.0 568.4 718.2 689.4 657.5 475.3 706.9 236.2 705.2 813.5 713.7 691.2 665.4 449.9 637.3 72.2 505.9 516.4 195.5 607.3 484.2 519.0 129.1 839.1 350.6 68.2 316.7 492.1 513.1 843.9 213.1 700.4 92.4 225.8 558.6 480.8 336.1 218.6 143.0 212.9 661.7 382.3 364.3 687.9 194.8 256.4 294.8 502.5 193.8 182.8 841.5 141.1 682.6 240.6 662.4 143.5 470.2 267.2 281.8 529.4 530.0 619.1 538.4 83.9 467.0 235.3 816.9 660.6 265.3 531.3 741.4 808.3 698.1 627.1 690.6 703.7 260.2 502.8 888.9 91.2 535.2 134.6 87.5 152.0 784.9 774.3 279.4 91.4 366.0 294.6 337.0 649.8 603.5 405.3 687.7 209.5 386.9 468.6 648.8 228.3 272.8 218.5 123.8 676.8 603.8 322.7 886.1 828.1 249.7 193.7 578.1 737.5 443.8 812.0 671.4 200.7 426.7 253.2 706.2 290.5 547.9 582.2 101.7 787.5
1665.7 307.7 410.3 188.2 540.4 342.0 839.1 175.1 416.3 519.9 865.4 750.4 181.3 526.8 80.3 49.9 570.1 816.9 586.9 253.8 543.7 105.8 187.7 746.6 382.1 768.3 667.6 486.8 157.6 256.2 707.7 630.6 77.9 913.8 211.2 684.5 50.6 109.9 89.2 149.1 434.0 497.5 94.9 161.0 450.0 348.1 396.7 342.1 284.5 82.3 0.0 46.5 559.2 547.4 142.4 304.7 545.8 325.8 582.2 732.0 708.8 671.3 489.1 720.7 258.1 724.6 827.3 727.5 705.0 684.8 463.7 651.1 91.8 519.7 530.2 203.0 621.1 498.0 532.8 139.7 852.9 364.4 40.5 330.5 505.9 526.9 857.7 215.0 714.2 114.3 239.6 572.4 494.6 352.5 232.4 164.9 220.4 675.5 396.1 371.8 701.7 216.7 270.2 308.1 516.3 215.7 190.3 855.3 163.0 696.4 254.4 676.2 151.0 484.0 281.0 303.7 543.2 549.4 632.9 552.2 61.3 480.8 249.1 830.7 674.4 276.8 545.1 755.2 822.1 711.9 640.9 704.4 717.5 274.0 516.6 902.7 113.1 549.0 142.1 107.7 173.9 798.7 788.1 284.9 63.7 379.8 308.4 350.8 663.6 613.7 419.1 701.5 228.9 400.7 482.4 662.6 235.8 286.6 232.8 128.8 690.6 617.6 336.5 899.9 841.9 263.5 213.1 591.9 751.3 463.2 825.8 682.7 214.5 440.5 267.0 720.0 261.6 561.7 596.0 92.0 801.3
1636.8 354.3 456.9 151.0 587.0 388.6 885.7 221.7 462.9 566.5 912.0 797.0 227.9 573.4 57.5 96.5 616.7 863.5 633.5 300.4 590.3 152.4 149.3 793.2 428.7 814.9 714.2 533.4 111.0 257.4 754.3 677.2 63.7 960.4 257.8 731.1 4.1 156.5 135.8 195.7 480.6 544.1 48.3 114.4 496.6 394.7 443.3 388.7 285.7 87.1 46.5 0.0 605.8 594.0 96.3 351.3 592.4 372.4 628.8 778.6 755.4 717.9 535.7 767.3 220.9 771.2 873.9 774.1 751.6 731.4 510.3 697.7 45.2 566.3 576.8 156.4 667.7 544.6 579.4 93.6 899.5 411.0 87.1 377.1 552.5 573.5 904.3 168.4 760.8 157.8 286.2 619.0 541.2 399.1 279.0 199.5 173.8 722.1 442.7 418.4 748.3 238.1 316.8 354.7 562.9 179.3 143.7 901.9 121.1 743.0 301.0 722.8 104.4 530.6 327.6 304.9 589.8 596.0 679.5 598.8 32.4 527.4 286.5 877.3 721.0 323.4 591.7 801.8 868.7 758.5 687.5 751.0 764.1 320.6 563.2 949.3 159.7 595.6 95.5 154.3 162.5 845.3 834.7 331.5 110.3 426.4 355.0 397.4 710.2 660.3 465.7 748.1 275.5 447.3 529.0 709.2 189.2 333.2 279.4 82.7 737.2 664.2 383.1 946.5 888.5 310.1 259.7 638.5 797.9 509.8 872.4 729.3 261.1 487.1 313.6 766.6 308.2 608.3 642.6 128.1 847.9
1730.4 423.4 587.0 400.8 487.0 224.9 497.9 295.1 340.9 385.5 601.9 511.3 300.9 185.6 482.9 482.4 228.9 475.7 236.5 368.5 409.3 455.2 380.3 562.3 195.1 549.0 326.4 230.0 452.7 394.0 366.5 325.1 494.6 646.1 329.5 467.1 517.8 408.0 399.7 319.9 316.6 156.3 508.3 404.2 299.7 524.8 209.7 172.1 391.3 445.2 467.1 513.7 0.0 206.2 496.7 309.5 410.7 259.2 241.0 514.6 491.4 453.9 354.7 503.3 404.9 507.2 486.1 385.9 489.4 467.4 298.6 433.7 505.2 400.9 189.0 498.1 279.9 318.1 388.6 494.0 658.3 541.1 473.0 283.9 164.7 431.1 632.3 510.1 373.0 423.3 314.2 13.1 360.2 241.4 262.4 328.4 508.6 404.9 194.4 201.8 484.3 340.0 318.2 356.1 259.5 411.5 485.4 591.8 397.5 355.2 302.4 335.0 414.2 275.7 395.7 365.7 435.1 292.6 342.3 211.0 472.1 346.4 297.1 613.3 333.2 317.7 360.6 537.8 604.7 370.7 299.7 362.8 500.1 322.0 259.8 685.3 414.6 495.6 423.1 409.2 366.5 581.3 577.8 205.0 471.2 178.1 424.1 180.8 446.2 303.0 232.1 360.3 258.9 230.7 141.2 445.2 530.9 402.3 304.0 483.1 473.2 276.4 286.2 682.5 500.7 378.2 246.3 390.0 559.2 206.4 608.0 341.5 262.5 271.3 307.9 585.1 247.3 220.5 316.3 487.0 460.1
1636.9 458.9 421.4 515.3 321.4 314.1 395.6 409.6 175.3 219.9 498.1 409.0 412.0 231.0 597.4 596.9 109.8 373.4 82.5 463.3 243.7 569.7 494.8 455.0 272.3 446.7 318.4 142.3 567.2 508.5 313.0 162.4 609.1 543.8 444.0 341.3 632.3 522.5 514.2 434.4 151.0 199.5 622.8 518.7 134.1 359.2 257.7 248.9 505.8 554.1 581.6 628.2 151.6 0.0 611.2 391.9 236.3 352.6 174.6 388.8 365.6 350.7 189.1 377.5 519.4 381.4 383.8 261.8 363.6 341.6 133.0 307.9 619.7 235.3 122.6 612.6 252.6 152.5 223.0 608.5 509.7 375.5 587.5 325.4 78.3 265.5 514.5 624.6 319.5 537.8 431.8 164.8 194.6 275.5 376.9 442.9 623.1 249.9 192.2 213.2 358.5 454.5 432.7 470.6 171.8 526.0 599.9 489.5 512.0 242.2 416.9 216.7 528.7 110.1 490.5 480.2 269.5 204.9 187.3 144.6 586.6 180.8 411.6 487.5 232.9 394.1 234.8 412.0 478.9 317.2 190.5 238.7 374.3 436.5 172.1 559.5 529.1 330.0 537.6 523.7 481.0 455.5 444.9 307.8 585.7 208.9 446.5 237.6 320.4 148.0 236.1 242.0 373.4 184.3 149.7 319.4 645.4 437.8 492.6 597.6 347.4 321.8 319.4 556.7 398.4 473.0 360.8 264.2 456.9 120.1 482.6 231.0 377.0 105.7 382.0 376.8 371.5 31.4 190.5 601.5 357.8
1712.7 407.9 510.5 128.9 580.2 442.2 914.9 210.9 516.5 576.0 941.2 826.2 281.5 602.6 133.4 190.4 645.9 892.7 653.5 354.0 599.8 195.8 127.2 822.4 414.1 844.1 743.4 562.6 48.5 235.3 783.5 730.8 81.2 989.6 247.0 760.3 92.2 140.4 159.2 179.6 509.8 573.3 65.8 92.3 525.8 448.3 428.7 417.9 263.6 129.8 140.4 96.3 635.0 623.2 0.0 404.9 585.6 426.0 658.0 807.8 784.6 747.1 545.2 796.5 198.8 800.4 903.1 827.7 761.1 760.6 563.9 726.9 62.7 559.5 606.0 75.5 696.9 554.1 579.1 2.6 928.7 464.6 181.0 430.7 581.7 566.7 933.5 87.5 790.0 135.7 339.8 648.2 550.7 397.1 271.7 177.4 92.9 677.2 471.9 447.6 777.5 216.0 303.7 347.4 592.1 157.2 62.8 931.1 99.0 772.2 293.7 752.0 82.3 548.4 381.2 282.8 643.4 625.2 634.6 628.0 108.3 536.9 264.4 906.5 750.2 377.0 620.9 831.0 897.9 787.7 716.7 804.6 793.3 313.3 592.4 978.5 204.2 588.8 73.4 198.8 140.4 874.5 863.9 360.7 204.2 455.6 408.6 426.6 739.4 713.9 451.1 777.3 268.2 476.5 558.2 738.4 108.3 386.8 333.0 13.5 766.4 693.4 436.7 975.7 917.7 363.7 252.4 667.7 827.1 539.0 901.6 758.5 253.8 516.3 367.2 795.8 337.4 637.5 671.8 204.0 877.1
1823.5 268.2 378.0 242.7 315.4 154.3 650.1 137.0 230.4 311.2 676.4 561.4 179.3 337.8 303.5 324.3 381.1 627.9 388.7 212.6 335.0 297.1 222.2 557.6 149.3 579.3 478.6 297.8 294.6 235.9 518.7 402.7 336.5 724.8 171.4 495.5 339.3 249.9 241.6 161.8 245.0 308.5 350.2 246.1 261.0 315.8 163.9 153.1 233.2 287.1 309.0 335.2 370.2 358.4 338.6 0.0 320.8 138.1 393.2 543.0 519.8 482.3 280.4 531.7 246.8 535.6 638.3 499.6 496.3 495.8 287.8 462.1 347.1 294.7 341.2 340.0 432.1 289.3 314.3 335.9 663.9 332.1 314.9 142.8 316.9 301.9 668.7 352.0 525.2 265.2 198.4 383.4 285.9 132.3 104.3 170.3 350.5 412.4 207.1 182.8 512.7 181.9 160.1 198.0 327.3 253.4 327.3 666.3 239.4 507.4 144.3 487.2 256.1 283.6 239.8 207.6 324.7 360.4 369.8 363.2 292.7 272.1 139.0 641.7 485.4 143.0 356.1 566.2 633.1 522.9 451.9 476.5 528.5 163.9 327.6 713.7 256.5 324.0 265.0 251.1 208.4 609.7 599.1 95.9 313.1 190.8 268.9 161.8 474.6 385.8 186.3 512.5 100.8 211.7 293.4 473.6 372.8 247.1 124.6 325.0 501.6 428.6 148.8 710.9 652.9 222.3 88.2 402.9 562.3 274.2 636.8 493.7 104.4 251.5 133.2 531.0 72.6 372.7 407.0 328.9 612.3
1750.8 357.0 319.5 462.9 225.4 215.7 509.5 357.2 76.3 23.3 547.6 434.1 305.3 388.7 548.3 586.1 325.7 487.3 208.9 361.4 127.1 558.9 442.4 425.3 206.2 443.8 503.6 183.7 556.4 456.1 465.8 283.5 593.4 597.5 391.6 368.2 584.1 511.7 503.4 423.6 93.0 410.0 620.8 507.9 147.8 257.3 209.3 199.1 453.4 543.3 570.8 580.0 342.0 246.7 600.4 290.0 0.0 250.7 400.7 419.9 405.7 368.2 51.9 417.6 467.0 408.3 497.7 375.7 296.6 308.9 111.9 348.0 608.9 126.9 304.8 601.8 455.2 146.2 114.6 597.7 540.8 273.6 576.7 223.5 304.4 20.3 541.4 613.8 472.3 535.8 329.9 355.2 86.2 173.6 324.5 390.5 570.7 267.1 212.8 157.1 385.4 402.1 380.3 418.7 200.0 473.6 589.1 530.8 501.2 427.4 364.5 401.9 517.9 132.2 388.6 436.6 161.1 180.3 224.5 326.8 537.5 72.4 359.2 518.6 400.1 292.2 228.8 438.9 523.4 461.8 367.5 352.6 344.1 384.1 152.1 590.6 518.3 234.0 526.8 514.6 428.6 474.2 471.8 198.4 574.9 214.1 344.6 187.8 360.5 265.5 178.8 427.2 329.8 134.5 359.9 241.2 634.6 335.9 390.2 586.8 374.3 479.5 217.5 587.8 512.3 371.1 308.4 231.0 435.0 162.7 501.3 416.2 324.6 175.3 280.1 403.7 269.6 278.2 270.6 590.7 471.7
1851.1 217.1 330.0 281.5 249.8 56.2 609.8 175.8 164.8 268.4 670.8 623.2 122.6 346.5 363.6 398.6 389.8 587.6 335.4 155.9 292.2 371.4 261.0 552.0 96.3 573.7 487.3 292.2 368.9 274.7 527.4 379.1 410.8 719.2 210.2 489.9 434.0 324.2 315.9 236.1 227.2 317.2 424.5 320.4 242.2 267.8 110.9 161.8 272.0 361.4 383.3 429.9 378.9 347.0 412.9 78.1 255.2 0.0 401.9 576.8 514.2 476.7 237.6 526.1 285.6 530.0 598.0 476.0 453.5 465.8 212.2 456.5 421.4 229.1 349.9 414.3 440.8 246.5 242.2 410.2 697.7 284.1 389.2 26.7 325.6 236.3 663.1 426.3 533.9 339.5 141.7 392.1 243.1 66.7 143.1 209.1 431.7 424.0 188.3 165.0 507.1 220.7 198.9 236.8 321.7 292.2 401.6 660.7 313.7 516.1 183.1 495.9 330.4 232.5 183.1 246.4 259.1 345.4 381.4 371.9 352.8 229.3 177.8 675.5 494.1 86.3 350.5 560.6 627.5 531.6 460.6 452.9 501.0 202.7 309.0 747.5 330.8 258.4 339.3 325.4 247.2 604.1 593.5 72.7 387.4 189.6 217.8 181.3 469.0 362.2 133.3 521.2 139.6 193.9 302.1 409.7 447.1 196.0 203.2 399.3 496.0 437.3 32.7 744.7 612.6 165.6 127.0 387.9 556.7 268.6 631.2 502.4 143.2 260.2 76.5 525.4 44.2 381.4 424.4 403.2 572.0
1706.5 440.1 563.1 417.5 463.1 241.6 474.0 311.8 317.0 361.6 576.5 487.4 322.9 161.7 499.6 499.1 205.0 451.8 212.6 385.2 385.4 471.9 397.0 533.4 211.8 525.1 302.5 284.0 469.4 410.7 342.6 296.4 511.3 622.2 346.2 443.2 534.5 424.7 416.4 336.6 292.7 132.4 525.0 420.9 275.8 500.9 226.4 188.8 408.0 456.3 483.8 530.4 194.1 182.3 513.4 326.2 386.8 275.9 0.0 490.7 467.5 430.0 330.8 479.4 421.6 483.3 462.2 362.0 465.5 443.5 274.7 409.8 521.9 377.0 165.1 514.8 256.0 294.2 364.7 510.7 634.4 517.2 489.7 300.6 140.8 407.2 608.4 526.8 349.1 440.0 330.9 207.3 336.3 255.5 279.1 345.1 525.3 381.0 211.1 224.8 460.4 356.7 334.9 372.8 313.5 428.2 502.1 567.9 414.2 331.3 319.1 311.1 430.9 251.8 412.4 382.4 411.2 346.6 318.4 187.1 488.8 322.5 313.8 589.4 309.3 336.7 336.7 513.9 580.8 346.8 275.8 338.9 476.2 338.7 313.8 661.4 431.3 471.7 439.8 425.9 383.2 557.4 553.9 221.7 487.9 194.8 440.8 197.5 422.3 282.7 248.8 336.4 275.6 326.0 117.3 421.3 547.6 419.0 320.7 499.8 449.3 252.5 302.9 658.6 476.8 394.9 263.0 366.1 535.3 260.4 584.1 320.1 279.2 247.4 324.6 561.2 268.7 196.6 292.4 503.7 436.2
1788.3 699.9 656.0 720.6 413.9 547.4 382.0 614.9 409.9 397.9 347.6 355.9 652.5 408.2 835.4 802.2 354.7 467.4 337.8 703.8 284.6 775.0 700.1 367.6 498.5 394.1 523.1 269.8 772.5 713.8 517.7 431.1 880.5 311.4 649.3 290.0 871.2 727.8 719.5 639.7 367.6 397.2 899.7 724.0 371.7 593.8 483.9 465.5 711.1 765.0 876.0 867.1 494.3 409.0 816.5 626.5 423.1 596.0 545.6 0.0 106.6 153.4 367.1 122.2 724.7 250.1 381.3 413.2 175.9 153.2 378.3 136.8 903.4 391.3 465.3 817.9 457.3 342.6 379.0 813.8 197.9 610.1 792.8 560.0 435.4 430.7 382.4 829.9 524.2 743.1 666.4 507.5 322.1 507.5 582.2 648.2 828.4 363.0 429.8 429.8 307.2 659.8 638.0 675.9 235.7 731.3 805.2 337.5 717.3 446.9 622.2 421.4 734.0 398.6 731.0 685.5 361.9 275.4 320.4 487.3 824.6 335.9 616.9 175.7 437.6 626.4 207.9 233.1 180.5 521.9 395.2 390.1 110.7 641.8 320.9 247.7 734.4 422.5 742.9 729.0 686.3 404.2 311.8 542.4 791.0 480.5 681.1 454.2 149.3 380.6 470.7 446.7 578.7 400.9 436.3 217.1 850.7 678.8 733.1 802.9 272.0 499.0 554.0 244.9 437.7 713.5 566.1 232.9 364.4 289.6 274.1 427.9 582.3 309.6 616.6 333.1 620.2 377.7 205.9 806.8 465.7
1766.6 706.4 662.5 707.6 420.4 553.9 344.1 601.9 416.4 404.4 323.2 318.0 659.0 395.2 841.9 789.2 341.7 444.5 323.1 710.3 291.1 762.0 687.1 309.2 505.0 335.9 510.1 256.8 759.5 700.8 504.7 418.1 887.0 288.5 636.3 252.1 877.7 714.8 706.5 626.7 374.1 384.2 815.1 711.0 358.7 600.3 490.4 472.0 698.1 752.0 773.9 873.6 481.3 396.0 803.5 633.0 420.8 602.5 532.6 103.5 0.0 75.5 373.6 15.5 711.7 227.2 343.4 400.2 182.4 159.7 384.8 68.2 812.0 397.8 452.3 804.9 444.3 329.6 385.5 800.8 175.0 616.6 779.8 566.5 422.4 437.2 359.5 816.9 511.2 730.1 672.9 494.5 328.6 516.6 569.2 635.2 815.4 350.0 416.8 436.3 269.3 646.8 625.0 662.9 222.7 718.3 792.2 314.6 704.3 433.9 609.2 408.4 721.0 405.1 737.5 672.5 368.4 262.4 307.4 474.3 831.1 342.4 603.9 152.8 424.6 632.9 194.9 210.2 157.6 508.9 382.2 377.1 117.2 628.8 307.9 224.8 721.4 429.0 729.9 716.0 673.3 366.3 288.9 548.9 778.0 433.5 687.6 460.7 45.1 371.2 477.2 433.7 565.7 407.4 423.3 223.6 837.7 685.3 739.6 789.9 258.2 486.0 560.5 222.0 414.8 720.0 553.1 219.9 341.5 283.2 251.2 422.7 569.3 296.6 623.1 310.2 622.4 364.7 192.9 793.8 409.6
1668.4 620.6 583.1 660.4 380.7 504.3 268.5 554.7 337.0 374.5 337.8 242.4 568.9 348.0 742.5 742.0 294.5 346.3 275.9 625.0 262.6 714.8 639.9 233.6 462.5 260.3 462.9 209.6 712.3 653.6 457.5 370.9 754.2 303.1 589.1 176.5 777.4 667.6 659.3 579.5 344.2 337.0 767.9 663.8 311.5 520.9 447.9 442.1 650.9 704.8 726.7 773.3 434.1 348.8 756.3 553.6 390.9 514.3 485.4 151.4 85.8 0.0 343.7 97.7 664.5 216.6 267.8 353.0 153.0 130.3 294.7 21.0 764.8 367.9 405.1 757.7 397.1 282.4 355.6 753.6 189.6 537.2 732.6 487.1 375.2 397.5 349.7 769.7 464.0 682.9 593.5 447.3 298.7 437.2 522.0 588.0 768.2 302.8 369.6 400.1 193.7 599.6 577.8 616.2 175.5 671.1 745.0 329.2 657.1 386.7 562.0 361.2 673.8 313.9 652.2 625.3 339.9 215.2 260.2 427.1 731.7 312.5 556.7 167.4 377.4 553.5 147.7 224.8 172.2 461.7 335.0 329.9 165.1 581.6 260.7 239.4 674.2 389.3 682.7 668.8 626.1 290.7 280.1 469.5 730.8 386.3 608.2 430.8 40.6 320.4 397.8 386.5 518.5 377.5 376.1 165.8 790.5 599.5 563.1 742.7 182.6 438.8 481.1 236.6 316.6 634.7 505.9 172.7 243.3 236.0 265.8 375.5 522.1 249.4 543.7 212.0 533.2 317.5 145.7 746.6 334.0
1698.8 375.1 337.6 476.4 173.4 229.0 457.5 370.7 91.5 30.8 497.1 382.1 328.2 336.7 566.4 558.0 273.7 435.3 183.1 379.5 83.3 530.8 455.9 378.3 180.1 400.0 451.6 139.9 528.3 469.6 413.8 226.8 570.2 545.5 405.1 316.2 602.2 483.6 475.3 395.5 49.2 358.0 583.9 479.8 95.8 275.4 165.5 147.1 466.9 520.8 542.7 598.1 290.0 194.7 572.3 308.1 55.9 277.6 348.7 367.9 353.7 316.2 0.0 365.6 480.5 356.3 445.7 323.7 244.6 256.9 59.9 296.0 580.8 74.9 261.0 573.7 403.2 94.2 62.6 569.6 488.8 291.7 548.6 241.6 252.4 76.3 489.4 585.7 420.3 498.9 348.0 303.2 34.2 189.1 338.0 404.0 584.2 215.1 160.8 111.4 333.4 415.6 393.8 431.7 148.0 487.1 561.0 487.0 473.1 375.4 378.0 349.9 489.8 80.2 406.7 441.3 109.1 136.5 172.5 283.0 555.6 20.4 372.7 466.6 348.1 308.0 176.8 386.9 471.4 418.0 323.7 300.6 292.1 397.6 100.1 538.6 490.2 182.0 498.7 484.8 442.1 430.4 419.8 224.0 546.8 162.1 362.7 135.8 308.5 209.9 152.3 375.2 334.5 82.5 307.9 189.2 606.5 354.0 408.8 558.7 322.3 427.5 235.6 535.8 460.3 389.2 321.9 179.0 383.0 116.3 457.5 356.4 338.1 123.3 298.2 351.7 301.8 226.2 218.6 562.6 419.7
1746.7 732.8 688.9 710.3 446.8 580.3 346.8 604.6 442.8 430.8 351.1 320.7 685.4 397.9 868.3 791.9 344.4 424.6 327.5 736.7 317.5 764.7 689.8 316.9 531.4 338.6 512.8 259.5 762.2 703.5 507.4 420.8 804.1 314.9 639.0 254.8 904.1 717.5 709.2 629.4 400.5 386.9 817.8 713.7 361.4 626.7 516.8 498.4 700.8 754.7 776.6 900.0 484.0 398.7 806.2 659.4 456.0 628.9 535.3 129.9 26.3 78.2 400.0 0.0 714.4 253.6 346.1 402.9 208.8 186.1 411.2 70.9 814.7 424.2 455.0 807.6 447.0 332.3 411.9 803.5 201.4 643.0 782.5 592.9 425.1 463.6 385.9 819.6 513.9 732.8 699.3 497.2 355.0 540.4 571.9 637.9 818.1 352.7 419.5 462.7 272.0 649.5 627.7 665.6 225.4 721.0 794.9 341.0 707.0 436.6 611.9 411.1 723.7 363.8 763.9 675.2 394.8 265.1 310.1 477.0 857.5 368.8 606.6 179.2 427.3 659.3 197.6 236.6 184.0 511.6 384.9 379.8 143.6 631.5 310.6 251.2 724.1 455.4 732.6 718.7 676.0 369.0 315.3 575.3 780.7 436.2 714.0 487.1 47.8 370.3 503.6 436.4 568.4 433.8 426.0 250.0 840.4 711.7 613.5 792.6 260.9 488.7 586.9 248.4 394.9 746.4 555.8 222.6 321.6 279.3 277.6 417.6 572.0 299.3 649.5 290.3 653.1 367.4 195.6 796.5 412.3
1856.3 409.1 511.7 60.7 488.0 326.9 822.7 174.4 403.0 483.8 849.0 734.0 282.7 510.4 248.1 235.7 553.7 800.5 561.3 355.2 507.6 237.5 90.7 730.2 321.9 751.9 651.2 470.4 135.8 87.2 691.3 575.3 206.8 897.4 210.5 668.1 217.8 144.3 151.9 190.3 417.6 481.1 191.4 103.0 433.6 449.5 336.5 325.7 115.5 198.5 220.4 221.9 542.8 531.0 179.8 307.4 493.4 310.7 565.8 715.6 692.4 654.9 453.0 704.3 0.0 708.2 810.9 672.2 668.9 668.4 460.4 634.7 188.3 467.3 513.8 181.2 604.7 461.9 486.9 177.1 836.5 465.8 226.3 315.4 489.5 474.5 841.3 163.3 697.8 128.4 341.0 556.0 458.5 304.9 145.1 140.9 157.9 585.0 379.7 355.4 685.3 67.9 155.6 217.8 499.9 74.9 168.5 838.9 109.7 680.0 146.1 659.8 97.3 456.2 382.4 134.7 497.3 533.0 542.4 535.8 251.9 444.7 116.3 814.3 658.0 315.6 528.7 738.8 805.7 695.5 624.5 649.1 701.1 183.7 500.2 886.3 196.9 496.6 106.2 191.5 103.9 782.3 771.7 268.5 249.5 363.4 409.8 334.4 647.2 558.4 358.9 685.1 148.3 384.3 466.0 646.2 191.6 388.0 290.3 166.2 674.2 601.2 321.4 883.5 825.5 364.9 160.2 575.5 734.9 446.8 809.4 666.3 140.1 424.1 305.8 703.6 245.2 545.3 579.6 259.8 784.9
1591.6 657.8 620.3 715.6 362.1 513.0 205.4 609.9 374.2 359.5 235.7 198.8 610.9 328.9 808.7 797.2 275.4 268.0 240.5 662.2 246.2 770.0 695.1 151.4 471.2 182.9 437.5 209.0 767.5 708.8 365.6 363.1 809.4 285.6 644.3 78.9 844.5 722.8 714.5 634.7 349.9 317.9 823.1 719.0 333.0 558.1 456.6 447.8 706.1 760.0 781.9 840.4 421.6 311.7 811.5 590.8 384.7 551.5 465.7 337.4 297.6 197.4 328.7 313.2 719.7 0.0 211.4 286.7 271.5 249.5 331.9 218.5 820.0 352.9 392.6 812.9 355.0 293.1 340.6 808.8 228.2 574.4 787.8 524.3 356.0 378.9 213.1 824.9 372.1 738.1 630.7 434.8 283.7 474.4 577.2 643.2 823.4 333.5 391.1 412.1 96.1 654.8 633.0 670.9 174.9 726.3 800.2 227.1 712.3 362.6 617.2 337.1 729.0 309.0 689.4 680.5 323.5 196.6 290.9 414.6 797.9 297.5 611.9 220.9 299.9 593.0 147.1 105.7 172.6 369.8 310.9 263.6 351.1 636.8 242.1 341.5 729.4 370.7 737.9 724.0 681.3 168.2 138.6 506.7 786.0 407.8 645.4 436.5 238.1 283.3 435.0 362.4 573.7 383.2 365.3 206.7 845.7 636.7 691.5 797.9 21.9 419.7 518.3 325.3 238.3 671.9 561.1 154.1 166.5 227.6 176.3 351.4 577.3 304.6 580.9 135.2 570.4 302.1 145.1 801.8 266.3
1498.6 715.1 696.9 725.1 427.4 574.3 56.9 619.4 436.8 424.8 163.2 70.3 667.7 412.7 874.0 806.7 359.2 148.8 323.8 719.0 311.5 779.5 704.6 121.3 525.4 108.0 295.6 274.3 777.0 718.3 208.6 441.7 818.9 211.6 653.8 129.4 909.8 732.3 724.0 644.2 394.5 401.7 832.6 728.5 387.5 634.7 510.8 492.4 715.6 769.5 791.4 905.7 504.9 395.0 821.0 653.4 450.0 607.0 549.0 412.9 373.1 262.7 394.0 388.7 729.2 189.5 0.0 370.0 336.8 314.8 405.2 283.8 829.5 418.2 475.9 822.4 438.3 358.4 405.9 818.3 240.7 651.0 797.3 586.9 439.3 444.2 183.1 834.4 215.1 747.6 704.4 518.1 349.0 540.3 586.7 652.7 832.9 398.8 445.6 456.7 146.6 664.3 642.5 680.4 240.2 735.8 809.7 153.1 721.8 282.8 626.7 317.9 738.5 389.9 746.2 690.0 388.8 261.9 356.2 497.9 863.2 362.8 621.4 346.9 270.4 653.3 212.4 218.8 285.0 212.8 302.6 346.9 347.5 646.3 307.4 382.7 738.9 436.0 747.4 733.5 690.8 219.1 128.6 575.2 795.5 462.3 715.8 481.1 303.4 366.6 497.6 343.2 583.2 427.8 448.6 272.0 855.2 694.0 748.3 807.4 155.5 250.7 580.9 363.0 128.3 728.7 570.6 219.4 200.1 294.1 166.3 245.5 586.8 314.1 643.5 161.5 631.2 385.4 210.4 811.3 66.1
1607.8 574.6 537.1 597.7 322.4 425.0 366.5 492.0 291.0 319.8 372.4 257.4 527.7 227.7 679.8 679.3 174.2 344.3 157.3 579.0 206.5 652.1 577.2 253.6 388.0 275.3 342.6 146.9 649.6 590.9 337.2 275.2 691.5 420.8 526.4 191.5 714.7 604.9 596.6 516.8 266.7 216.7 705.2 601.1 249.8 474.9 373.4 364.6 588.2 642.1 664.0 710.6 338.4 228.5 693.6 507.6 345.0 468.3 365.1 239.0 215.8 178.3 289.0 227.7 601.8 231.6 354.7 0.0 213.8 191.8 248.7 158.1 702.1 313.2 309.4 695.0 276.8 253.4 300.9 690.9 359.9 491.2 669.9 441.1 254.9 339.2 364.7 707.0 343.7 620.2 547.5 351.6 244.0 388.6 459.3 525.3 705.5 240.1 307.9 328.9 208.7 536.9 515.1 553.0 112.8 608.4 682.3 362.3 594.4 266.4 499.3 240.9 611.1 225.8 606.2 562.6 283.8 156.9 197.5 331.4 669.0 257.8 494.0 337.7 257.1 507.5 85.0 262.2 329.1 341.4 214.7 209.6 224.5 518.9 202.4 409.7 611.5 331.0 620.0 606.1 563.4 305.7 295.1 423.5 668.1 324.6 562.2 353.3 170.6 200.1 351.8 266.2 455.8 300.0 255.8 169.6 727.8 553.5 500.9 680.0 197.6 318.5 435.1 406.9 369.3 588.7 443.2 114.4 258.3 166.7 332.8 247.4 459.4 186.7 497.7 227.0 491.5 197.2 40.7 683.9 328.7
1720.8 690.6 653.1 653.1 423.3 544.5 340.1 547.4 407.0 395.0 429.0 314.0 643.7 340.7 860.4 734.7 287.2 417.9 270.3 695.0 281.7 707.5 632.6 310.2 495.6 331.9 455.6 202.3 705.0 646.3 450.2 363.6 746.9 380.7 581.8 248.1 896.2 660.3 652.0 572.2 364.7 329.7 760.6 656.5 304.2 590.9 481.0 462.6 643.6 697.5 719.4 892.1 426.8 341.5 749.0 623.6 420.2 593.1 478.1 150.2 109.0 71.5 364.2 120.9 657.2 288.2 339.4 345.7 0.0 103.0 375.4 51.3 757.5 388.4 397.8 750.4 389.8 275.1 376.1 746.3 267.2 607.2 725.3 557.1 367.9 440.1 421.3 762.4 456.7 675.6 663.5 440.0 319.2 504.6 514.7 580.7 760.9 295.5 362.3 426.9 265.3 592.3 570.5 608.4 168.2 663.8 737.7 418.9 649.8 379.4 554.7 353.9 666.5 395.7 722.2 618.0 359.0 207.9 252.9 419.8 849.6 333.0 549.4 245.0 370.1 623.5 140.4 302.4 249.8 454.4 327.7 322.6 135.7 574.3 253.4 317.0 666.9 431.9 675.4 661.5 618.8 362.3 351.7 539.5 723.5 379.0 678.2 451.3 63.8 313.1 467.8 379.2 511.2 398.0 368.8 166.9 783.2 669.5 556.3 735.4 254.2 431.5 551.1 314.2 388.2 704.7 498.6 165.4 314.9 222.1 343.4 360.4 514.8 242.1 613.7 283.6 617.3 310.2 138.4 739.3 405.6
1742.5 587.5 550.0 688.8 320.2 441.4 342.6 583.1 303.9 291.9 430.0 316.5 540.6 363.4 733.3 770.4 309.9 420.4 369.3 591.9 178.6 743.2 668.3 307.7 392.5 334.4 478.3 225.0 740.7 682.0 472.9 442.1 778.4 384.1 617.5 250.6 769.1 696.0 687.7 607.9 261.6 352.4 796.3 692.2 308.2 487.8 377.9 359.5 679.3 733.2 755.1 765.0 502.4 407.1 784.7 520.5 308.3 490.0 561.1 149.7 131.7 94.2 261.1 143.6 692.9 290.7 341.9 368.4 22.6 0.0 272.3 74.0 793.2 285.3 473.4 786.1 412.5 294.9 273.0 782.0 270.6 504.1 761.0 454.0 464.8 337.0 423.8 798.1 479.4 711.3 560.4 515.6 216.1 404.1 550.4 616.4 796.6 377.3 373.2 323.8 267.8 628.0 606.2 644.6 190.9 699.5 773.4 421.4 685.5 402.1 590.4 376.6 702.2 292.6 619.1 653.7 255.9 216.0 334.7 495.4 722.5 229.9 585.1 248.4 392.8 520.4 163.1 305.8 253.2 477.1 350.4 345.3 35.1 610.0 262.3 320.4 702.6 328.8 711.1 697.2 654.5 364.8 354.2 428.9 759.2 374.5 575.1 348.2 86.5 425.9 364.7 401.9 546.9 294.9 391.5 63.8 818.9 566.4 620.7 771.1 256.7 454.2 448.0 317.6 390.7 601.6 534.3 173.5 317.4 328.7 346.8 390.9 550.5 264.8 510.6 286.1 509.9 332.9 161.1 775.0 408.1
1638.8 325.8 288.3 431.7 188.3 176.2 397.5 326.0 42.2 86.8 458.5 410.9 278.9 276.7 517.1 554.9 213.7 375.3 123.1 330.2 110.6 527.7 411.2 339.7 139.2 361.4 391.6 79.9 525.2 424.9 353.8 166.8 562.2 506.9 360.4 277.6 552.9 480.5 472.2 392.4 17.9 298.0 580.8 476.7 35.8 226.1 124.6 115.8 422.2 517.7 539.6 548.8 230.0 134.7 569.2 258.8 112.0 219.5 288.7 325.1 301.9 264.4 56.0 313.8 435.8 317.7 385.7 263.7 271.9 277.9 0.0 244.2 577.7 102.2 201.0 570.6 343.2 34.2 89.9 566.5 446.0 242.4 545.5 192.3 192.4 132.4 450.8 582.6 360.3 495.8 298.7 243.2 61.5 139.8 293.3 359.3 539.5 220.1 93.9 80.1 294.8 370.9 349.1 387.0 109.4 442.4 557.9 448.4 470.0 315.4 333.3 289.9 486.7 20.2 357.4 396.6 136.4 141.5 177.5 223.0 506.3 47.7 328.0 423.8 288.1 258.7 138.2 348.3 415.2 358.0 263.7 240.6 310.6 352.9 105.1 495.8 487.1 196.9 495.6 481.7 397.4 391.8 381.2 174.7 543.7 110.6 313.4 104.5 256.7 149.9 103.0 315.2 289.8 51.2 247.9 255.7 603.4 304.7 359.5 555.6 283.7 367.5 186.3 493.0 400.3 339.9 277.2 184.0 344.4 56.3 418.9 296.4 293.4 63.3 248.9 313.1 242.7 166.2 212.1 559.5 359.7
1707.0 599.5 562.0 639.3 359.6 490.3 288.7 533.6 315.9 353.4 377.6 262.6 552.6 326.9 721.4 720.9 273.4 366.5 256.5 603.9 241.5 693.7 618.8 258.8 441.4 280.5 441.8 188.5 691.2 632.5 436.4 349.8 733.1 329.3 568.0 196.7 756.3 646.5 638.2 558.4 323.1 315.9 746.8 642.7 290.4 499.8 426.8 421.0 629.8 683.7 705.6 752.2 413.0 327.7 735.2 532.5 378.6 493.2 464.3 161.2 57.6 20.1 322.6 69.5 643.4 236.8 288.0 331.9 131.9 109.2 273.6 0.0 743.7 346.8 384.0 736.6 376.0 261.3 334.5 732.5 215.8 516.1 711.5 466.0 354.1 376.4 369.9 748.6 442.9 661.8 572.4 426.2 277.6 413.5 500.9 566.9 747.1 281.7 348.5 385.3 213.9 578.5 556.7 594.6 154.4 650.0 723.9 367.5 636.0 365.6 540.9 340.1 652.7 292.8 631.1 604.2 318.8 194.1 239.1 406.0 710.6 291.4 535.6 193.6 356.3 532.4 126.6 251.0 198.4 440.6 313.9 308.8 174.9 560.5 239.6 265.6 653.1 368.2 661.6 647.7 605.0 310.9 300.3 448.4 709.7 365.2 587.1 409.7 12.4 299.3 376.7 365.4 497.4 356.4 355.0 144.7 769.4 578.4 542.5 721.6 202.8 417.7 460.0 262.8 336.8 613.6 484.8 151.6 263.5 208.3 292.0 346.6 501.0 228.3 522.6 232.2 516.4 296.4 124.6 725.5 354.2
1670.2 363.3 465.9 117.8 596.0 397.6 894.7 199.8 471.9 575.5 921.0 806.0 236.9 582.4 90.9 147.0 625.7 872.5 642.5 309.4 599.3 135.3 116.1 802.2 437.7 823.9 723.2 542.4 77.8 224.2 763.3 686.2 18.4 969.4 235.9 740.1 61.5 129.3 136.7 168.5 489.6 553.1 3.0 81.2 505.6 403.7 452.3 397.7 252.5 69.3 97.9 65.6 614.8 603.0 63.1 360.3 601.4 381.4 637.8 787.6 764.4 726.9 544.7 776.3 187.7 780.2 882.9 783.1 760.6 740.4 519.3 706.7 0.0 575.3 585.8 123.2 676.7 553.6 588.4 60.4 908.5 420.0 137.6 386.1 561.5 582.5 913.3 135.2 769.8 124.6 295.2 628.0 550.2 408.1 260.6 166.3 140.6 731.1 451.7 427.4 757.3 204.9 292.6 336.3 571.9 146.1 110.5 910.9 87.9 752.0 282.6 731.8 71.2 539.6 336.6 271.7 598.8 605.0 688.5 607.8 65.8 536.4 253.3 886.3 730.0 332.4 600.7 810.8 877.7 767.5 696.5 760.0 773.1 302.2 572.2 958.3 160.6 604.6 62.3 155.2 129.3 854.3 843.7 340.5 160.8 435.4 364.0 406.4 719.2 669.3 474.7 757.1 257.1 456.3 538.0 718.2 156.0 342.2 288.4 49.5 746.2 673.2 392.1 955.5 897.5 319.1 241.3 647.5 806.9 518.8 881.4 738.3 242.7 496.1 322.6 775.6 317.2 617.3 651.6 161.5 856.9
1748.6 375.7 325.6 451.0 100.8 195.5 507.3 345.3 92.4 109.6 524.9 409.9 328.3 385.2 569.0 532.6 323.5 485.1 232.9 361.7 111.1 505.4 430.5 406.1 229.9 427.8 500.1 189.7 502.9 444.2 463.6 276.6 544.8 573.3 379.7 344.0 604.8 458.2 449.9 370.1 99.0 407.8 558.5 454.4 145.6 263.4 215.3 196.9 441.5 495.4 517.3 600.7 339.8 244.5 546.9 283.9 86.2 225.8 398.5 395.7 381.5 344.0 98.5 393.4 455.1 384.1 495.5 373.5 272.4 284.7 109.7 323.8 555.4 0.0 310.8 548.3 453.0 144.0 13.0 544.2 516.6 279.7 523.2 210.0 302.2 67.3 517.2 560.3 470.1 473.5 349.8 353.0 62.0 159.1 312.6 378.6 558.8 242.9 210.6 161.2 361.2 390.2 368.4 406.3 175.8 461.7 535.6 514.8 447.7 423.9 352.6 398.4 464.4 130.0 388.9 415.9 110.1 164.3 200.3 332.8 558.2 67.3 347.3 494.4 397.9 292.1 204.6 414.7 499.2 467.8 372.2 350.4 319.9 372.2 127.9 566.4 464.8 109.4 473.3 459.4 416.7 458.2 447.6 194.0 521.4 211.9 350.7 185.6 336.3 259.7 186.1 423.7 309.1 132.3 357.7 217.0 581.1 354.6 408.9 533.3 350.1 476.0 204.0 563.6 510.1 371.4 296.5 206.8 410.8 166.1 485.3 404.9 312.7 173.1 282.3 379.5 250.0 276.0 246.4 537.2 469.5
1759.4 452.4 616.0 429.8 516.0 253.9 526.9 324.1 369.9 414.5 629.4 540.3 329.9 214.6 511.9 511.4 257.9 504.7 265.5 397.5 438.3 484.2 409.3 586.3 224.1 578.0 355.4 259.0 481.7 423.0 395.5 354.1 523.6 675.1 358.5 496.1 546.8 437.0 428.7 348.9 345.6 185.3 537.3 433.2 328.7 553.8 238.7 201.1 420.3 474.2 496.1 542.7 28.9 235.2 525.7 338.5 430.9 288.2 270.0 543.6 520.4 482.9 383.7 532.3 433.9 536.2 515.1 414.9 518.4 496.4 327.6 462.7 534.2 429.9 0.0 527.1 308.9 347.1 417.6 523.0 687.3 570.1 502.0 312.9 193.7 460.1 661.3 539.1 402.0 452.3 343.2 42.1 389.2 267.8 291.4 357.4 537.6 433.9 223.4 237.1 513.3 369.0 347.2 385.1 288.5 440.5 514.4 620.8 426.5 384.2 331.4 364.0 443.2 304.7 424.7 394.7 464.1 321.6 371.3 21.9 501.1 375.4 326.1 642.3 362.2 346.7 389.6 566.8 633.7 399.7 328.7 391.8 529.1 351.0 288.8 714.3 443.6 524.6 452.1 438.2 395.5 610.3 606.8 234.0 500.2 207.1 453.1 209.8 475.2 332.0 261.1 389.3 287.9 259.7 170.2 474.2 559.9 431.3 332.5 512.1 502.2 305.4 315.2 711.5 529.7 407.2 275.3 419.0 588.2 235.4 637.0 370.5 291.5 300.3 336.9 614.1 281.0 249.5 345.3 516.0 489.1
1806.4 430.3 532.9 151.3 602.6 464.6 937.3 243.4 538.9 598.4 963.6 848.6 303.9 625.0 219.6 265.4 668.3 915.1 675.9 376.4 622.2 267.2 162.8 844.8 436.5 866.5 765.8 585.0 63.7 257.7 805.9 753.2 162.3 1012.0 279.5 782.7 173.3 162.8 181.6 202.0 532.2 595.7 146.9 114.7 548.2 470.7 451.1 440.3 286.0 213.2 224.0 177.4 657.4 645.6 93.6 427.3 608.0 448.4 680.4 830.2 807.0 769.5 567.6 818.9 221.2 822.8 925.5 850.1 783.5 783.0 586.3 749.3 143.8 581.9 628.4 0.0 719.3 576.5 601.5 96.3 951.1 487.0 256.0 453.1 604.1 589.1 955.9 57.3 812.4 158.1 362.2 670.6 573.1 419.5 294.1 209.9 62.7 699.6 494.3 470.0 799.9 238.4 326.1 369.8 614.5 186.4 30.7 953.5 121.4 794.6 316.1 774.4 104.7 570.8 403.6 305.2 665.8 647.6 657.0 650.4 202.0 559.3 286.8 928.9 772.6 399.4 643.3 853.4 920.3 810.1 739.1 827.0 815.7 335.7 614.8 1000.9 226.6 611.2 95.8 221.2 176.0 896.9 886.3 383.1 279.2 478.0 431.0 449.0 761.8 736.3 473.5 799.7 290.6 498.9 580.6 760.8 78.1 409.2 355.4 107.2 788.8 715.8 459.1 998.1 940.1 386.1 274.8 690.1 849.5 561.4 924.0 780.9 276.2 538.7 389.6 818.2 359.8 659.9 694.2 289.5 899.5
1580.6 610.1 572.6 597.6 472.6 460.5 321.3 491.9 326.5 371.1 425.3 334.7 563.2 177.6 679.7 679.2 137.0 299.1 192.8 614.5 376.7 652.0 577.1 385.7 423.5 372.4 165.6 293.5 649.5 590.8 142.2 310.7 691.4 469.5 526.3 292.8 714.6 604.8 596.5 516.7 302.2 167.3 705.1 601.0 285.3 510.4 408.9 400.1 588.1 642.0 663.9 710.5 292.7 215.0 693.5 543.1 396.3 503.8 315.7 475.3 395.8 309.9 340.3 407.7 601.7 332.9 309.5 221.0 391.6 369.6 284.2 331.0 702.0 386.5 263.7 694.9 0.0 303.7 374.2 690.8 481.7 526.7 669.8 476.6 205.5 416.7 455.7 706.9 148.7 620.1 583.0 305.9 345.8 424.1 459.2 525.2 705.4 337.5 343.4 364.4 310.0 536.8 515.0 552.9 290.6 608.3 682.2 415.2 594.3 89.4 499.2 83.7 611.0 261.3 641.7 562.5 420.7 327.1 274.9 285.7 668.9 332.0 493.9 491.3 105.5 543.0 262.8 363.5 430.4 146.4 19.7 197.9 402.3 518.8 323.3 563.3 611.4 481.2 619.9 606.0 563.3 407.0 401.2 459.0 668.0 360.1 597.7 388.8 350.6 235.6 387.3 109.0 455.7 335.5 206.4 337.2 727.7 589.0 500.8 679.9 298.9 175.3 470.6 560.5 324.1 624.2 443.1 284.6 382.6 269.9 431.4 70.4 459.3 256.9 533.2 408.5 527.0 181.0 218.5 683.8 283.5
1650.0 371.8 334.3 457.1 221.2 228.9 408.7 351.4 88.2 157.5 467.8 422.1 324.9 287.9 563.1 538.7 224.9 386.5 134.3 376.2 131.1 511.5 436.6 349.0 180.0 370.7 402.8 91.1 509.0 450.3 365.0 178.0 550.9 516.2 385.8 286.9 598.9 464.3 456.0 376.2 63.9 323.1 564.6 460.5 29.0 272.1 165.4 165.0 447.6 501.5 523.4 594.8 241.2 145.9 553.0 304.8 182.7 277.5 299.9 334.4 311.2 273.7 126.7 323.1 461.2 327.0 396.9 274.9 280.9 275.2 45.9 253.5 561.5 150.9 212.2 554.4 354.4 0.0 138.6 550.3 455.3 288.4 529.3 238.3 203.6 203.1 460.1 566.4 371.5 479.6 344.7 254.4 81.7 185.8 318.7 384.7 564.9 185.8 87.1 126.1 304.1 396.3 374.5 412.4 118.7 467.8 541.7 457.7 453.8 326.6 358.7 301.1 470.5 31.4 403.4 422.0 156.9 107.2 143.2 234.2 552.3 95.5 353.4 433.1 299.3 304.7 147.5 357.6 424.5 369.2 274.9 251.8 310.4 378.3 70.8 505.1 470.9 229.8 479.4 465.5 422.8 401.1 390.5 220.7 527.5 103.8 359.4 153.7 266.0 161.1 149.0 326.4 315.2 97.2 259.1 236.7 587.2 350.7 405.5 539.4 293.0 378.7 232.3 502.3 411.5 385.9 302.6 149.7 353.7 67.5 428.2 307.6 318.8 74.5 294.9 322.4 301.7 177.4 189.3 543.3 370.9
1735.5 388.0 337.9 463.3 113.1 207.8 494.2 357.6 104.7 116.2 511.8 396.8 340.6 372.1 581.3 544.9 310.4 472.0 219.8 374.0 98.0 517.7 442.8 393.0 216.8 414.7 487.0 176.6 515.2 456.5 450.5 263.5 557.1 560.2 392.0 330.9 617.1 470.5 462.2 382.4 85.9 394.7 570.8 466.7 132.5 275.7 202.2 183.8 453.8 507.7 529.6 613.0 326.7 231.4 559.2 296.2 98.5 238.1 385.4 382.6 368.4 330.9 85.4 380.3 467.4 371.0 482.4 360.4 259.3 271.6 96.6 310.7 567.7 12.2 297.7 560.6 439.9 130.9 0.0 556.5 503.5 292.0 535.5 222.3 289.1 79.6 504.1 572.6 457.0 485.8 362.1 339.9 48.9 171.4 324.9 390.9 571.1 229.8 197.5 148.1 348.1 402.5 380.7 418.6 162.7 474.0 547.9 501.7 460.0 410.8 364.9 385.3 476.7 116.9 401.2 428.2 122.4 151.2 187.2 319.7 570.5 54.2 359.6 481.3 384.8 304.4 191.5 401.6 486.1 454.7 359.1 337.3 306.8 384.5 114.8 553.3 477.1 121.7 485.6 471.7 429.0 445.1 434.5 206.3 533.7 198.8 363.0 172.5 323.2 246.6 189.0 410.6 321.4 119.2 344.6 203.9 593.4 366.9 421.2 545.6 337.0 462.9 216.3 550.5 497.0 383.7 308.8 193.7 397.7 153.0 472.2 391.8 325.0 160.0 294.6 366.4 262.3 262.9 233.3 549.5 456.4
1710.0 405.2 507.8 126.2 577.5 439.5 912.2 208.2 513.8 573.3 938.5 823.5 278.8 599.9 130.7 187.7 643.2 890.0 650.8 351.3 597.1 193.1 124.5 819.7 411.4 841.4 740.7 559.9 51.2 232.6 780.8 728.1 78.5 986.9 244.3 757.6 89.5 137.7 156.5 176.9 507.1 570.6 63.1 89.6 523.1 445.6 426.0 415.2 260.9 127.1 137.7 93.6 632.3 620.5 2.6 402.2 582.9 423.3 655.3 805.1 781.9 744.4 542.5 793.8 196.1 797.7 900.4 825.0 758.4 757.9 561.2 724.2 60.0 556.8 603.3 78.2 694.2 551.4 576.4 0.0 926.0 461.9 178.3 428.0 579.0 564.0 930.8 90.2 787.3 133.0 337.1 645.5 548.0 394.4 269.0 174.7 95.6 674.5 469.2 444.9 774.8 213.3 301.0 344.7 589.4 154.5 65.5 928.4 96.3 769.5 291.0 749.3 79.6 545.7 378.5 280.1 640.7 622.5 631.9 625.3 105.6 534.2 261.7 903.8 747.5 374.3 618.2 828.3 895.2 785.0 714.0 801.9 790.6 310.6 589.7 975.8 201.5 586.1 70.7 196.1 137.7 871.8 861.2 358.0 201.5 452.9 405.9 423.9 736.7 711.2 448.4 774.6 265.5 473.8 555.5 735.7 111.0 384.1 330.3 10.9 763.7 690.7 434.0 973.0 915.0 361.0 249.7 665.0 824.4 536.3 898.9 755.8 251.1 513.6 364.5 793.1 334.7 634.8 669.1 201.3 874.4
1660.0 796.4 752.5 817.1 510.4 643.9 243.2 711.4 506.4 494.4 149.6 217.1 749.0 488.7 931.9 898.7 435.2 375.8 400.3 800.3 381.1 871.5 796.6 292.6 595.0 261.3 457.0 366.3 869.0 810.3 370.0 518.2 977.0 113.4 745.8 235.4 967.7 824.3 816.0 736.2 464.1 477.7 996.2 820.5 492.8 690.3 580.4 562.0 807.6 861.5 972.5 963.6 581.4 471.5 913.0 723.0 519.6 692.5 625.5 193.5 153.7 167.2 463.6 169.3 821.2 212.0 267.2 446.5 272.4 249.7 474.8 204.3 999.9 487.8 552.4 914.4 514.8 439.1 475.5 910.3 0.0 706.6 889.3 656.5 515.8 527.2 184.4 926.4 376.5 839.6 762.9 594.6 418.6 604.0 678.7 744.7 924.9 459.5 550.9 526.3 252.6 756.3 734.5 772.4 332.2 827.8 901.7 139.5 813.8 444.2 718.7 496.9 830.5 468.8 827.5 782.0 458.4 356.4 416.9 574.4 921.1 432.4 713.4 137.6 459.7 722.9 304.4 133.1 82.9 374.2 470.7 423.4 207.2 738.3 401.9 141.9 830.9 519.0 839.4 825.5 782.8 220.4 113.8 638.9 887.5 577.0 777.6 550.7 198.9 443.1 567.2 522.2 675.2 497.4 525.1 313.6 947.2 775.3 829.6 899.4 217.6 412.1 650.5 122.2 351.3 810.0 662.6 313.9 326.3 386.1 76.1 406.9 678.8 406.1 713.1 295.0 716.7 461.9 302.4 903.3 326.2
1820.5 102.0 45.9 391.7 402.2 274.3 742.6 292.8 297.6 401.2 803.6 756.0 161.6 529.0 300.5 391.1 572.3 720.4 468.2 114.9 425.0 410.4 378.0 684.8 314.4 706.5 669.8 425.0 407.9 439.3 709.9 511.9 345.6 852.0 307.2 622.7 336.3 363.2 354.9 275.1 352.3 499.7 364.8 359.4 380.9 188.9 329.0 344.3 434.1 363.7 341.1 332.2 561.4 479.8 410.1 229.4 407.6 252.9 584.4 709.6 647.0 609.5 370.4 658.9 450.2 662.8 730.8 608.8 586.3 598.6 345.0 589.3 368.5 381.5 532.4 453.3 623.3 379.3 394.6 407.4 830.5 0.0 381.7 225.7 508.1 388.7 795.9 465.3 716.4 378.5 144.9 574.6 375.9 239.0 321.1 326.1 470.7 556.8 398.3 374.0 639.9 385.3 358.9 396.8 454.5 409.2 440.6 793.5 352.7 698.6 343.1 678.4 369.4 365.3 142.1 408.5 424.5 478.2 514.2 554.4 289.7 362.1 337.8 808.3 633.2 204.6 483.3 693.4 760.3 714.1 643.1 585.7 633.8 362.7 441.8 880.3 369.8 410.8 378.3 364.4 364.2 736.9 726.3 287.1 404.9 382.0 70.9 353.0 601.8 495.0 351.4 703.7 317.6 402.9 484.6 545.3 486.1 80.9 235.0 396.5 628.8 619.8 219.7 877.5 745.4 144.6 301.8 520.7 689.5 401.4 764.0 684.9 303.2 442.7 194.8 658.2 230.1 511.3 557.2 371.1 704.8
1706.3 267.1 369.7 174.1 499.8 301.4 798.5 161.0 375.7 479.3 824.8 709.8 140.7 486.2 86.2 9.4 529.5 776.3 546.3 213.2 503.1 80.4 173.6 706.0 341.5 727.7 627.0 446.2 198.2 242.1 667.1 590.0 117.6 873.2 177.9 643.9 91.2 95.8 75.1 135.0 393.4 456.9 135.5 155.5 409.4 307.5 356.1 301.5 270.4 68.2 40.5 87.1 518.6 506.8 183.0 264.1 505.2 285.2 541.6 691.4 668.2 630.7 448.5 680.1 244.0 684.0 786.7 686.9 664.4 644.2 423.1 610.5 132.4 479.1 489.6 243.6 580.5 457.4 492.2 180.3 812.3 323.8 0.0 289.9 465.3 486.3 817.1 255.6 673.6 100.2 199.0 531.8 454.0 311.9 191.8 150.8 261.0 634.9 355.5 331.2 661.1 202.6 229.6 267.5 475.7 201.6 230.9 814.7 148.9 655.8 213.8 635.6 165.6 443.4 240.4 279.2 502.6 508.8 592.3 511.6 101.3 440.2 208.5 790.1 633.8 236.2 504.5 714.6 781.5 671.3 600.3 663.8 676.9 233.4 476.0 862.1 99.0 508.4 174.5 93.6 159.8 758.1 747.5 244.3 23.2 339.2 267.8 310.2 623.0 573.1 378.5 660.9 188.3 360.1 441.8 622.0 276.4 246.0 192.2 169.4 650.0 577.0 295.9 859.3 801.3 222.9 172.5 551.3 710.7 422.6 785.2 642.1 173.9 399.9 226.4 679.4 221.0 521.1 555.4 61.2 760.7
1835.2 190.3 303.2 306.6 233.9 61.3 593.9 200.9 148.9 252.5 654.9 607.3 147.7 351.6 402.6 423.7 394.9 571.7 319.5 181.0 276.3 396.5 286.1 536.1 101.4 557.8 492.4 276.3 394.0 299.8 532.5 363.2 435.9 703.3 235.3 474.0 438.4 349.3 341.0 261.2 232.3 322.3 449.6 345.5 247.3 241.0 116.0 166.9 297.1 386.5 408.4 434.3 384.0 331.1 438.0 103.2 239.3 27.1 407.0 560.9 498.3 460.8 221.7 510.2 310.7 514.1 582.1 460.1 437.6 449.9 196.3 440.6 446.5 213.2 355.0 439.4 445.9 230.6 226.3 435.3 681.8 257.3 414.3 0.0 330.7 220.4 647.2 451.4 539.0 364.6 166.8 397.2 227.2 71.8 168.2 234.2 456.8 408.1 193.4 170.1 491.2 245.8 224.0 261.9 305.8 317.3 426.7 644.8 338.8 521.2 208.2 501.0 355.5 216.6 208.2 271.5 243.2 329.5 365.5 377.0 391.8 213.4 202.9 659.6 499.2 111.4 334.6 544.7 611.6 536.7 465.7 437.0 485.1 227.8 293.1 731.6 355.9 242.5 364.4 350.5 272.3 588.2 577.6 77.8 412.5 194.7 191.0 186.4 453.1 346.3 138.4 526.3 164.7 199.0 307.2 393.8 472.2 169.2 228.3 424.4 480.1 442.4 6.0 728.8 596.7 190.7 152.1 372.0 540.8 252.7 615.3 507.5 168.3 265.3 101.6 509.5 69.3 362.6 408.5 428.3 556.1
1661.3 511.6 474.1 468.8 374.1 362.0 420.0 363.1 228.0 272.6 524.0 433.4 368.9 184.5 550.9 550.4 98.3 397.8 105.9 516.0 296.4 523.2 448.3 484.4 325.0 471.1 325.3 195.0 520.7 462.0 309.7 212.2 562.6 568.2 397.5 371.2 585.8 476.0 467.7 387.9 203.7 125.6 576.3 472.2 186.8 411.9 310.4 301.6 459.3 513.2 535.1 581.7 87.1 93.3 564.7 444.6 297.8 405.3 110.1 418.7 395.5 375.1 241.8 407.4 472.9 411.3 408.2 286.2 393.5 371.5 185.7 337.8 573.2 288.0 58.1 566.1 278.8 205.2 275.7 562.0 539.6 428.2 541.0 378.1 0.0 318.2 554.4 578.1 316.2 491.3 382.2 100.3 247.3 325.6 330.4 396.4 576.6 274.3 244.9 265.9 388.4 408.0 386.2 424.1 224.5 479.5 553.4 513.9 465.5 238.9 370.4 213.4 482.2 162.8 543.2 433.7 322.2 257.6 211.7 80.1 540.1 233.5 365.1 517.4 229.6 444.5 264.7 441.9 508.8 313.9 187.2 263.1 404.2 390.0 224.8 589.4 482.6 382.7 491.1 477.2 434.5 485.4 474.8 360.5 539.2 261.6 499.2 290.3 350.3 172.4 288.8 238.7 326.9 237.0 92.5 349.3 598.9 490.5 372.0 551.1 377.3 275.3 372.1 586.6 422.8 525.7 314.3 294.1 481.3 171.4 512.5 219.9 330.5 158.4 434.7 406.7 315.3 89.9 220.4 555.0 382.2
1742.2 336.6 299.1 442.5 199.1 187.0 500.9 336.8 55.9 42.2 561.9 514.3 289.7 380.1 527.9 565.7 317.1 478.7 226.5 341.0 154.2 538.5 422.0 443.1 185.8 464.8 495.0 183.3 536.0 435.7 457.2 270.2 573.0 610.3 371.2 381.0 563.7 491.3 483.0 403.2 120.1 401.4 591.6 487.5 139.2 236.9 171.2 218.0 433.0 528.5 550.4 559.6 333.4 238.1 580.0 269.6 18.9 230.3 392.1 438.8 424.6 387.1 70.8 436.5 446.6 421.1 489.1 367.1 315.5 327.8 103.3 366.9 588.5 145.8 304.4 581.4 446.6 137.6 133.5 577.3 559.7 253.2 556.3 203.1 295.8 0.0 554.2 593.4 463.7 506.6 309.5 346.6 105.1 150.6 304.1 370.1 550.3 286.0 197.3 182.3 398.2 381.7 359.9 397.8 212.8 453.2 568.7 551.8 480.8 418.8 344.1 393.3 497.5 123.6 368.2 407.4 180.0 207.4 243.4 326.4 517.1 91.3 338.8 537.5 391.5 269.5 241.6 451.7 542.3 461.4 367.1 344.0 363.0 363.7 171.0 609.5 497.9 207.7 506.4 492.5 408.2 495.2 484.6 185.5 554.5 214.0 324.2 206.7 379.4 253.3 149.6 418.6 300.6 153.4 351.3 260.1 614.2 315.5 370.3 566.4 387.1 470.9 197.1 606.7 503.7 350.7 288.0 249.9 447.8 159.7 522.3 399.8 304.2 166.7 259.7 416.5 253.5 269.6 289.5 570.3 463.1
1626.1 748.6 730.4 758.6 460.9 607.8 167.9 652.9 470.3 458.3 171.2 141.8 701.2 471.5 907.5 840.2 418.0 300.5 383.1 752.5 345.0 813.0 738.1 201.8 558.9 170.5 423.1 307.8 810.5 751.8 336.1 501.0 852.4 219.6 687.3 160.8 943.3 765.8 757.5 677.7 428.0 460.5 866.1 762.0 421.0 668.2 544.3 525.9 749.1 803.0 824.9 939.2 564.2 454.3 854.5 686.9 483.5 640.5 608.3 337.8 298.0 311.5 427.5 313.6 762.7 177.0 191.9 429.3 416.7 394.0 438.7 348.6 863.0 451.7 535.2 855.9 497.6 391.9 439.4 851.8 144.2 684.5 830.8 620.4 498.6 477.7 0.0 867.9 342.6 781.1 737.9 577.4 382.5 573.8 620.2 686.2 866.4 432.3 479.1 490.2 178.0 697.8 676.0 713.9 273.7 769.3 843.2 161.1 755.3 410.3 660.2 479.7 772.0 451.6 779.7 723.5 422.3 295.4 389.7 557.2 896.7 396.3 654.9 262.8 442.5 686.8 245.9 134.7 200.9 340.3 453.5 406.2 351.5 679.8 340.9 286.2 772.4 469.5 780.9 767.0 724.3 35.9 32.1 608.7 829.0 495.8 749.3 514.6 343.2 425.9 531.1 505.0 616.7 461.3 507.9 305.5 888.7 727.5 781.8 840.9 143.0 378.2 614.4 266.5 273.1 762.2 604.1 252.9 286.6 327.6 69.8 373.0 620.3 347.6 677.0 241.9 664.7 444.7 243.9 844.8 250.9
1810.3 434.2 536.8 140.6 594.3 476.8 929.0 217.8 542.8 590.1 953.8 840.3 305.7 616.7 223.5 269.3 660.0 906.8 611.7 380.3 613.9 271.1 134.1 831.5 428.2 858.2 757.5 576.7 67.6 226.2 797.6 681.6 166.2 1003.7 253.9 774.4 177.2 166.7 185.5 205.9 523.9 587.4 150.8 118.6 539.9 474.6 442.8 432.0 254.5 217.1 227.9 181.3 649.1 637.3 97.5 431.2 606.5 452.3 672.1 821.9 798.7 761.2 559.3 810.6 189.7 814.5 917.2 778.5 775.2 774.7 590.2 741.0 147.7 573.6 620.1 29.2 711.0 568.2 593.2 100.2 942.8 490.9 259.9 457.0 595.8 580.8 947.6 0.0 804.1 162.0 366.1 662.3 564.8 408.6 284.1 184.3 5.4 691.3 486.0 468.0 791.6 206.9 294.6 356.8 606.2 136.9 34.6 945.2 125.3 786.3 285.1 766.1 108.6 562.5 407.5 273.7 603.6 639.3 648.7 642.1 205.9 551.0 255.3 920.6 764.3 403.3 635.0 845.1 912.0 801.8 730.8 755.4 807.4 322.7 606.5 992.6 230.5 602.9 99.7 225.1 147.3 888.6 878.0 374.8 283.1 469.7 434.9 440.7 753.5 664.7 465.2 791.4 282.3 490.6 572.3 752.5 28.2 413.1 358.8 111.1 780.5 707.5 463.0 989.8 931.8 390.0 266.5 681.8 841.2 553.1 915.7 772.6 267.9 530.4 393.5 809.9 356.2 651.6 685.9 293.4 891.2
1513.4 689.1 651.6 628.0 551.6 539.5 254.1 522.3 405.5 450.1 358.1 267.5 528.1 243.9 710.1 709.6 203.3 231.9 271.8 595.7 455.7 682.4 607.5 318.5 502.5 305.2 80.4 372.5 679.9 621.2 122.7 389.7 721.8 402.3 556.7 343.0 745.0 635.2 626.9 547.1 381.2 233.6 735.5 631.4 364.3 589.4 487.9 479.1 618.5 672.4 694.3 740.9 359.0 281.3 723.9 622.1 475.3 486.4 382.0 502.1 474.8 388.9 419.3 486.7 632.1 403.1 242.3 300.0 457.9 435.9 363.2 410.0 732.4 465.5 330.0 725.3 226.8 382.7 453.2 721.2 414.5 605.7 700.2 555.6 271.8 495.7 388.5 737.3 0.0 650.5 541.4 372.2 424.8 503.1 489.6 555.6 735.8 416.5 422.4 443.4 360.2 567.2 545.4 583.3 356.9 638.7 712.6 348.0 624.7 84.2 529.6 150.0 641.4 340.3 622.9 592.9 499.7 406.1 353.9 352.0 699.3 411.0 524.3 518.1 189.8 622.0 329.1 403.2 463.4 126.9 104.0 276.9 468.6 549.2 402.3 532.7 641.8 560.2 650.3 636.4 593.7 424.5 334.0 432.2 698.4 439.1 676.7 467.8 429.6 314.6 466.3 175.3 486.1 414.5 272.7 413.7 758.1 668.0 531.2 710.3 369.1 90.1 549.6 513.0 256.9 605.4 473.5 363.6 315.4 348.9 364.2 46.9 489.7 335.9 612.2 341.3 474.5 247.3 284.8 714.2 216.3
1744.8 283.3 385.9 73.8 516.0 325.9 814.7 129.8 391.9 495.5 841.0 726.0 162.2 502.4 119.6 107.2 545.7 792.5 536.3 229.4 519.3 109.0 85.3 717.2 357.7 743.9 643.2 462.4 108.0 169.9 683.3 601.4 119.4 889.4 165.9 660.1 142.6 23.6 23.4 104.4 409.6 473.1 138.6 55.2 425.6 323.7 372.3 317.7 198.2 64.4 91.9 138.5 534.8 523.0 152.0 280.3 521.4 301.4 557.8 707.6 684.4 646.9 464.7 696.3 143.7 700.2 802.9 703.1 680.6 660.4 439.3 626.7 142.3 495.3 505.8 153.4 596.7 473.6 508.4 149.3 828.5 340.0 97.8 306.1 481.5 502.5 833.3 165.4 689.8 0.0 215.2 548.0 470.2 325.5 196.5 96.3 170.8 651.1 371.7 353.7 677.3 130.4 218.1 272.2 491.9 108.9 140.7 830.9 61.9 672.0 208.6 651.8 69.5 459.6 256.6 217.4 518.8 525.0 608.5 527.8 134.7 456.4 178.8 806.3 650.0 252.4 520.7 730.8 797.7 687.5 616.5 680.0 693.1 238.1 492.2 878.3 68.4 524.6 78.4 64.7 87.6 774.3 763.7 260.5 121.0 355.4 284.0 326.4 639.2 592.9 394.7 677.1 193.0 376.3 458.0 638.2 186.2 262.2 208.4 138.4 666.2 593.2 312.1 875.5 817.5 239.1 177.2 567.5 726.9 440.2 801.4 658.3 178.6 416.1 242.6 695.6 279.9 537.3 571.6 131.3 776.9
1760.0 109.1 215.6 262.6 380.6 180.2 701.4 163.7 254.8 362.5 727.7 612.7 61.6 389.1 240.0 308.5 432.4 679.2 440.0 54.2 386.3 281.3 248.9 608.9 200.6 630.6 529.9 349.1 278.8 287.2 570.0 469.1 285.1 776.1 178.1 546.8 275.8 234.1 225.8 146.0 296.3 359.8 304.3 230.3 312.3 153.4 215.2 204.4 284.5 271.3 280.6 271.7 421.5 409.7 322.8 142.9 386.0 164.0 444.5 594.3 571.1 533.6 331.7 583.0 298.1 586.9 689.6 566.0 547.6 547.1 302.2 513.4 308.0 359.9 392.5 324.2 483.4 340.6 365.6 320.1 715.2 169.7 299.1 168.7 368.2 367.1 720.0 336.2 576.5 249.4 0.0 434.7 337.2 183.6 155.6 197.0 341.6 463.7 258.4 234.1 564.0 233.2 211.4 249.3 378.6 280.1 311.5 717.6 223.6 558.7 195.6 538.5 240.3 334.9 81.4 258.9 389.9 411.7 421.1 414.5 229.2 323.4 190.3 693.0 536.7 115.0 407.4 617.5 684.4 574.2 503.2 542.9 579.8 215.2 378.9 765.0 240.7 389.2 249.2 235.3 235.1 661.0 650.4 147.2 297.3 242.1 109.8 213.1 525.9 452.2 237.6 563.8 152.1 263.0 344.7 524.9 357.0 88.0 95.1 309.2 552.9 479.9 174.7 762.2 704.2 63.9 139.5 454.2 613.6 325.5 688.1 545.0 155.7 302.8 105.2 582.3 123.9 424.0 458.3 310.6 663.6
1717.2 410.2 573.8 387.6 473.8 211.7 484.7 281.9 327.7 372.3 588.7 498.1 287.7 172.4 469.7 469.2 215.7 462.5 223.3 355.3 396.1 442.0 367.1 549.1 181.9 535.8 313.2 216.8 439.5 380.8 353.3 311.9 481.4 632.9 316.3 453.9 504.6 394.8 386.5 306.7 303.4 143.1 495.1 391.0 286.5 511.6 196.5 158.9 378.1 432.0 453.9 500.5 204.8 193.0 483.5 296.3 397.5 246.0 227.8 501.4 478.2 440.7 341.5 490.1 391.7 494.0 472.9 372.7 476.2 454.2 285.4 420.5 492.0 387.7 175.8 484.9 266.7 304.9 375.4 480.8 645.1 527.9 459.8 270.7 151.5 417.9 619.1 496.9 359.8 410.1 301.0 0.0 347.0 228.2 249.2 315.2 495.4 391.7 181.2 188.6 471.1 326.8 305.0 342.9 246.3 398.3 472.2 578.6 384.3 342.0 289.2 321.8 401.0 262.5 382.5 352.5 421.9 279.4 329.1 197.8 458.9 333.2 283.9 600.1 320.0 304.5 347.4 524.6 591.5 357.5 286.5 349.6 486.9 308.8 246.6 672.1 401.4 482.4 409.9 396.0 353.3 568.1 564.6 191.8 458.0 164.9 410.9 167.6 433.0 289.8 218.9 347.1 245.7 217.5 128.0 432.0 517.7 389.1 290.8 469.9 460.0 263.2 273.0 669.3 487.5 365.0 233.1 376.8 546.0 193.2 594.8 328.3 249.3 258.1 294.7 571.9 234.1 207.3 303.1 473.8 446.9
1695.0 371.3 333.8 472.6 139.1 225.2 373.9 366.9 87.7 75.7 462.8 347.8 324.4 323.1 562.6 554.2 269.9 431.5 179.3 375.7 49.0 527.0 452.1 344.0 176.3 365.7 438.0 136.1 524.5 465.8 410.0 223.0 566.4 511.2 401.3 281.9 598.4 479.8 471.5 391.7 45.4 354.2 580.1 476.0 92.0 271.6 161.7 143.3 463.1 517.0 538.9 594.3 286.2 190.9 568.5 304.3 100.9 273.8 344.9 333.6 319.4 281.9 44.9 331.3 476.7 322.0 441.9 319.9 210.3 222.6 56.1 261.7 577.0 69.1 257.2 569.9 399.4 90.4 56.8 565.8 454.5 287.9 544.8 237.8 248.6 121.3 455.1 581.9 416.5 495.1 344.2 299.4 0.0 185.3 334.2 400.2 580.4 180.8 157.0 107.6 299.1 411.8 390.0 427.9 113.7 483.3 557.2 452.7 469.3 361.8 374.2 336.3 486.0 76.4 402.9 437.5 74.8 102.2 138.2 279.2 551.8 13.7 368.9 432.3 344.3 304.2 142.5 352.6 437.1 414.2 310.1 296.8 257.8 393.8 65.8 504.3 486.4 147.7 494.9 481.0 438.3 396.1 385.5 220.2 543.0 158.3 358.9 132.0 274.2 206.1 148.5 361.6 330.7 78.7 304.1 154.9 602.7 350.2 405.0 554.9 288.0 413.9 231.8 501.5 456.5 385.4 318.1 144.7 348.7 112.5 423.2 342.8 334.3 119.5 294.4 317.4 298.0 222.4 184.3 558.8 415.9
1786.9 206.2 271.3 289.2 185.6 33.7 545.6 183.5 100.6 204.2 605.1 559.0 172.0 306.0 371.3 370.8 349.3 523.4 245.0 199.9 228.0 343.6 268.7 482.8 73.8 509.5 446.8 228.0 341.1 282.4 486.9 317.8 383.0 655.0 217.9 425.7 406.2 296.4 288.1 208.3 155.3 276.7 396.7 292.6 183.9 209.1 88.4 121.3 279.7 328.0 355.5 402.1 338.4 282.8 385.1 122.1 199.2 64.0 361.4 512.6 450.0 412.5 173.4 461.9 293.3 465.8 533.8 411.8 389.3 401.6 148.0 392.3 393.6 164.9 309.4 386.5 400.3 182.3 178.0 382.4 633.5 225.4 361.4 53.3 285.1 172.1 598.9 398.5 493.4 311.7 197.1 351.6 178.9 0.0 150.8 216.8 397.0 359.8 165.8 148.8 442.9 228.4 206.6 244.5 257.5 299.9 373.8 596.5 285.9 475.6 190.8 455.4 302.6 168.3 227.1 254.1 194.9 281.2 317.2 331.4 360.5 165.1 185.5 611.3 453.6 132.6 286.3 496.4 563.3 491.1 420.1 388.7 436.8 210.4 244.8 683.3 303.0 194.2 311.5 297.6 254.9 539.9 529.3 32.2 359.6 159.0 206.9 130.0 404.8 298.0 110.8 480.7 147.3 171.4 261.6 345.5 419.3 185.1 256.9 371.5 431.8 396.8 47.3 680.5 548.4 209.6 134.7 323.7 492.5 198.8 567.0 461.9 150.9 219.7 120.5 461.2 97.2 340.9 360.2 375.4 507.8
1844.0 274.0 376.6 152.7 342.8 181.7 677.5 47.0 257.8 338.6 703.8 588.8 147.6 365.2 246.7 234.3 408.5 655.3 416.1 220.1 362.4 207.1 132.2 585.0 176.7 606.7 506.0 325.2 204.6 131.5 546.1 430.1 246.5 752.2 81.4 522.9 269.7 159.9 151.6 71.8 272.4 335.9 260.2 156.1 288.4 314.4 191.3 180.5 128.8 197.1 219.0 265.6 397.6 385.8 248.6 162.2 348.2 165.5 420.6 570.4 547.2 509.7 307.8 559.1 142.4 563.0 665.7 527.0 523.7 523.2 315.2 489.5 257.1 322.1 368.6 250.0 459.5 316.7 341.7 245.9 691.3 330.7 224.9 170.2 344.3 329.3 696.1 262.0 552.6 175.2 155.3 410.8 313.3 159.7 0.0 80.3 260.5 439.8 234.5 210.2 540.1 77.5 90.1 128.0 354.7 158.3 237.3 693.7 149.4 534.8 74.3 514.6 166.1 311.0 247.3 103.2 352.1 387.8 397.2 390.6 261.8 299.5 69.0 669.1 512.8 170.4 383.5 593.6 660.5 550.3 479.3 503.9 555.9 93.9 355.0 741.1 166.5 351.4 175.0 161.1 118.4 637.1 626.5 123.3 223.1 218.2 274.7 189.2 502.0 413.2 213.7 539.9 3.2 239.1 320.8 501.0 282.8 252.9 145.1 235.0 529.0 456.0 176.2 738.3 680.3 229.8 15.0 430.3 589.7 301.6 664.2 521.1 34.4 278.9 160.6 558.4 100.0 400.1 434.4 238.9 639.7
1797.0 280.1 382.7 72.3 409.9 248.8 744.6 33.4 324.9 405.7 770.9 655.9 153.7 432.3 171.8 159.4 475.6 722.4 483.2 226.2 429.5 132.2 51.8 652.1 243.8 673.8 573.1 392.3 144.3 138.3 613.2 497.2 171.6 819.3 69.5 590.0 194.8 81.6 76.7 72.0 339.5 403.0 190.8 95.8 355.5 320.5 258.4 247.6 166.6 122.2 144.1 190.7 464.7 452.9 179.7 229.3 415.3 232.6 487.7 637.5 614.3 576.8 374.9 626.2 142.2 630.1 732.8 594.1 590.8 590.3 382.3 556.6 188.2 389.2 435.7 189.7 526.6 383.8 408.8 177.0 758.4 336.8 150.0 237.3 411.4 396.4 763.2 185.5 619.7 96.9 212.0 477.9 380.4 226.8 101.4 0.0 180.1 506.9 301.6 277.3 607.2 98.8 139.2 177.1 421.8 97.8 177.0 760.8 89.1 601.9 123.4 581.7 105.8 378.1 253.4 185.8 419.2 454.9 464.3 457.7 186.9 366.6 118.1 736.2 579.9 249.2 450.6 660.7 727.6 617.4 546.4 571.0 623.0 143.0 422.1 808.2 91.6 418.5 114.7 86.2 38.0 704.2 693.6 190.4 148.2 285.3 280.8 256.3 569.1 480.3 280.8 607.0 97.9 306.2 387.9 568.1 213.8 259.0 205.2 166.1 596.1 523.1 243.3 805.4 747.4 235.9 82.1 497.4 656.8 368.7 731.3 588.2 83.5 346.0 239.4 625.5 167.1 467.2 501.5 164.0 706.8
1815.7 439.6 542.2 135.2 588.9 427.8 923.6 212.4 548.2 584.7 949.9 834.9 313.2 611.3 228.9 274.7 654.6 901.4 662.2 385.7 608.5 276.5 128.7 831.1 422.8 852.8 752.1 571.3 73.0 220.8 792.2 676.2 171.6 998.3 248.5 769.0 182.6 172.1 190.9 211.3 518.5 582.0 156.2 124.0 534.5 480.0 437.4 426.6 249.1 222.5 233.3 186.7 643.7 631.9 102.9 436.6 594.3 411.6 666.7 816.5 793.3 755.8 553.9 805.2 184.3 809.1 911.8 773.1 769.8 769.3 561.3 735.6 153.1 568.2 614.7 34.6 705.6 562.8 587.8 105.6 937.4 496.3 265.3 416.3 590.4 575.4 942.2 5.4 798.7 167.4 371.5 656.9 559.4 405.8 278.7 178.9 0.0 685.9 480.6 456.3 786.2 201.5 289.2 351.4 600.8 131.5 40.0 939.8 130.7 780.9 279.7 760.7 114.0 557.1 412.9 268.3 598.2 633.9 643.3 636.7 211.3 545.6 249.9 915.2 758.9 408.7 629.6 839.7 906.6 796.4 725.4 750.0 802.0 317.3 601.1 987.2 235.9 597.5 105.1 230.5 141.9 883.2 872.6 369.4 288.5 464.3 440.3 435.3 748.1 659.3 459.8 786.0 276.9 485.2 566.9 747.1 33.6 418.5 364.7 116.5 775.1 702.1 422.3 984.4 926.4 395.4 261.1 676.4 835.8 547.7 910.3 767.2 262.5 525.0 398.9 804.5 346.1 646.2 680.5 298.8 885.8
1592.3 543.2 505.7 583.0 307.7 393.6 268.8 477.3 259.6 305.1 357.7 242.7 496.3 212.2 665.1 664.6 158.7 328.8 141.8 547.6 191.8 637.4 562.5 238.9 356.6 260.6 327.1 132.2 634.9 576.2 321.7 293.5 676.8 406.1 511.7 176.8 700.0 590.2 581.9 502.1 274.8 201.2 690.5 586.4 218.4 443.5 342.0 372.7 573.5 627.4 649.3 695.9 356.7 261.4 678.9 476.2 330.3 436.9 415.4 224.3 201.1 163.6 274.3 213.0 587.1 216.9 268.1 217.2 199.1 177.1 217.3 143.4 687.4 298.5 327.7 680.3 261.3 238.7 286.2 676.2 345.2 459.8 655.2 409.7 239.4 324.5 350.0 692.3 328.2 605.5 516.1 369.9 229.3 357.2 444.6 510.6 690.8 0.0 276.5 337.0 194.0 522.2 500.4 538.3 98.1 593.7 667.6 347.6 579.7 250.9 484.6 225.4 596.4 194.4 574.8 547.9 269.1 142.2 182.8 349.7 654.3 243.1 479.3 323.0 241.6 476.1 70.3 247.5 314.4 325.9 199.2 194.1 209.8 504.2 187.7 395.0 596.8 316.3 605.3 591.4 548.7 291.0 280.4 392.1 653.4 293.2 530.8 361.4 155.9 276.6 320.4 250.7 441.1 308.1 240.3 154.9 713.1 522.1 486.2 665.3 182.9 303.0 403.7 392.2 316.9 557.3 428.5 99.7 243.6 152.0 318.1 231.9 444.7 172.0 466.3 212.3 460.1 181.7 26.0 669.2 313.2
1704.7 391.6 369.0 369.9 269.0 141.7 463.4 264.2 122.9 167.5 524.4 476.8 292.9 265.2 452.0 451.5 308.5 441.2 189.0 326.2 191.3 424.3 349.4 405.6 92.8 427.3 406.0 145.8 421.8 363.1 446.1 232.7 463.7 572.8 298.6 343.5 486.9 377.1 368.8 289.0 98.6 235.9 477.4 373.3 53.8 306.8 78.2 77.8 360.4 414.3 436.2 482.8 297.6 200.6 465.8 248.4 192.7 190.3 320.6 391.0 367.8 330.3 136.7 379.7 374.0 383.6 451.6 329.6 363.1 357.4 80.6 310.1 474.3 182.9 268.6 467.2 359.5 82.1 170.6 463.1 511.9 323.1 442.1 215.0 244.3 213.1 516.7 479.2 452.6 392.4 312.0 310.8 142.2 190.5 231.5 297.5 477.7 268.0 0.0 70.2 360.7 309.1 287.3 325.2 175.3 380.6 454.5 514.3 366.6 434.8 271.5 414.6 383.3 86.1 353.4 334.8 217.1 189.4 225.4 290.6 441.2 128.4 266.2 489.7 354.0 256.6 204.1 414.2 481.1 450.3 379.3 306.5 376.5 291.1 153.0 561.7 383.7 277.6 392.2 378.3 335.6 457.7 447.1 176.5 440.3 16.6 394.1 66.5 322.6 215.8 97.7 439.9 228.0 99.1 220.8 318.9 500.0 370.5 273.1 452.2 349.6 356.0 221.0 558.9 466.2 335.9 215.4 231.9 410.3 122.2 484.8 421.1 231.6 178.9 246.8 379.0 214.5 232.1 271.5 456.1 425.6
1729.0 367.4 347.8 371.2 242.2 110.4 487.7 259.2 101.7 128.3 547.2 501.1 263.9 291.6 447.0 446.5 303.9 465.5 187.1 302.0 152.1 419.3 344.4 424.9 74.9 451.6 432.4 170.1 416.8 364.4 472.5 261.7 458.7 597.1 293.6 367.8 481.9 372.1 363.8 284.0 62.2 262.3 472.4 368.3 103.2 285.6 60.3 35.6 355.4 403.7 431.2 477.8 324.0 224.9 460.8 224.2 144.7 166.1 347.0 436.7 416.2 385.0 97.5 434.4 369.0 401.6 475.9 353.9 313.4 325.7 90.1 364.8 469.3 143.7 301.3 462.2 385.9 131.5 131.4 458.1 557.6 301.9 437.1 190.8 270.7 173.9 541.0 480.5 479.0 393.7 287.8 337.2 103.0 170.0 226.5 292.5 472.7 283.9 49.3 0.0 385.0 304.1 282.3 320.7 199.6 375.6 449.5 538.6 361.6 461.2 266.5 380.1 378.3 110.4 329.2 336.1 177.9 205.3 241.3 323.3 436.2 89.2 261.2 535.4 378.3 234.7 228.4 438.5 540.2 441.9 347.6 330.8 360.9 292.4 168.9 607.4 378.7 250.8 387.2 375.0 330.6 482.0 471.4 144.8 435.3 50.6 372.9 24.3 377.3 243.7 73.5 405.4 229.3 28.9 247.2 258.0 495.0 346.3 348.8 453.5 373.9 382.4 196.8 604.6 490.5 311.7 216.7 247.8 434.6 140.9 509.1 450.0 226.6 205.3 222.6 403.3 192.3 256.4 287.4 451.1 449.9
1578.5 644.7 607.2 702.5 414.9 495.1 109.2 596.8 361.1 412.3 278.5 102.6 597.8 315.8 784.6 784.1 262.3 171.8 227.4 649.1 299.0 756.9 682.0 60.2 458.1 86.7 424.4 261.8 754.4 695.7 352.5 345.3 796.3 326.9 631.2 117.8 819.5 709.7 701.4 621.6 336.8 304.8 810.0 705.9 319.9 545.0 443.5 434.7 693.0 746.9 768.8 815.4 408.5 298.6 798.4 577.7 437.5 538.4 452.6 349.5 336.1 250.2 381.5 348.0 706.6 177.9 115.2 273.6 324.3 302.3 318.8 271.3 806.9 405.7 379.5 799.8 341.9 345.9 393.4 795.7 320.0 561.3 774.7 511.2 342.9 431.7 264.2 811.8 359.0 725.0 617.6 421.7 336.5 458.7 564.1 630.1 810.3 386.3 378.0 399.0 0.0 641.7 619.9 657.8 227.7 713.2 787.1 268.4 699.2 349.5 604.1 324.0 715.9 295.9 676.3 667.4 376.3 249.4 309.5 401.5 773.8 350.3 598.8 323.7 286.8 577.6 199.9 208.5 275.4 356.7 297.8 250.5 335.0 623.7 294.9 462.0 716.3 423.5 724.8 710.9 668.2 252.0 209.7 493.6 772.9 394.7 632.3 423.4 290.9 270.2 421.9 349.3 560.6 370.1 352.2 259.5 832.6 623.6 678.4 784.8 143.9 406.6 505.2 442.3 142.1 658.8 548.0 206.9 108.5 281.6 247.4 330.5 564.2 291.5 567.8 63.8 561.6 289.0 197.9 788.7 170.1
1862.9 341.1 443.7 94.8 420.0 258.9 754.7 114.1 335.0 415.8 781.0 666.0 214.7 442.4 237.7 225.3 485.7 732.5 493.3 287.2 439.6 227.1 99.0 662.2 253.9 683.9 583.2 402.4 169.9 53.9 623.3 507.3 237.5 829.4 148.5 600.1 251.9 110.8 141.5 138.9 349.6 413.1 225.5 125.0 365.6 381.5 268.5 257.7 82.2 188.1 210.0 256.0 474.8 463.0 213.9 239.4 425.4 242.7 497.8 647.6 624.4 586.9 385.0 636.3 64.8 640.2 742.9 604.2 600.9 600.4 392.4 566.7 222.4 399.3 445.8 215.3 536.7 393.9 418.9 211.2 768.5 397.8 215.9 247.4 421.5 406.5 773.3 197.4 629.8 126.1 273.0 488.0 390.5 236.9 77.1 113.9 192.0 517.0 311.7 287.4 617.3 0.0 87.6 149.8 431.9 80.7 202.6 770.9 118.3 612.0 78.1 591.8 131.4 388.2 314.4 96.0 429.3 465.0 474.4 467.8 252.8 376.7 48.3 746.3 590.0 247.6 460.7 670.8 737.7 627.5 556.5 581.1 633.1 115.7 432.2 818.3 186.5 428.6 140.3 181.1 85.2 714.3 703.7 200.5 239.1 295.4 341.8 266.4 579.2 490.4 290.9 617.1 80.3 316.3 398.0 578.2 225.7 320.0 222.3 200.3 606.2 533.2 253.4 815.5 757.5 296.9 92.2 507.5 666.9 378.8 741.4 598.3 72.1 356.1 237.8 635.6 177.2 477.3 511.6 249.4 716.9
1901.8 313.8 416.4 181.3 400.6 239.5 735.3 86.8 315.6 396.4 761.6 646.6 187.4 423.0 286.5 274.1 466.3 713.1 473.9 259.9 420.2 246.9 172.0 642.8 234.5 664.5 563.8 383.0 244.4 112.9 603.9 487.9 286.3 810.0 121.2 580.7 309.5 197.3 191.4 111.6 330.2 393.7 300.0 195.9 346.2 354.2 249.1 238.3 75.1 236.9 258.8 305.4 455.4 443.6 288.4 220.0 406.0 223.3 478.4 628.2 605.0 567.5 365.6 616.9 151.3 620.8 723.5 584.8 581.5 581.0 373.0 547.3 296.9 379.9 426.4 289.8 517.3 374.5 399.5 285.7 749.1 370.5 264.7 228.0 402.1 387.1 753.9 283.9 610.4 212.6 245.7 468.6 371.1 217.5 72.1 120.1 278.5 497.6 292.3 268.0 597.9 86.4 0.0 86.9 412.5 167.2 277.1 751.5 189.2 592.6 68.8 572.4 205.9 368.8 287.1 49.5 409.9 445.6 455.0 448.4 301.6 357.3 43.5 726.9 570.6 228.2 441.3 651.4 718.3 608.1 537.1 561.7 613.7 34.8 412.8 798.9 206.3 409.2 214.8 200.9 158.2 694.9 684.3 181.1 262.9 276.0 314.5 247.0 559.8 471.0 271.5 597.7 68.6 296.9 378.6 558.8 312.2 292.7 202.9 274.8 586.8 513.8 234.0 796.1 738.1 269.6 72.8 488.1 647.5 359.4 722.0 578.9 44.8 336.7 218.4 616.2 157.8 457.9 492.2 278.7 697.5
1951.1 363.1 465.7 235.2 449.9 288.5 784.6 136.1 364.9 445.7 809.4 695.9 242.0 472.3 335.8 323.4 515.6 762.4 467.3 309.2 469.5 296.2 221.3 687.7 283.8 713.8 613.1 432.3 293.7 191.9 653.2 541.9 335.6 859.3 170.5 630.0 358.8 249.0 240.7 160.9 379.5 443.0 349.9 245.8 395.5 403.5 298.4 287.6 153.5 280.6 308.1 354.7 504.7 492.9 337.7 269.3 462.1 272.6 528.3 677.5 654.9 616.8 414.9 666.2 205.2 670.7 772.8 634.1 630.8 630.9 422.3 596.6 346.2 429.2 475.7 339.1 566.6 423.8 448.8 335.0 798.4 419.8 314.0 277.3 451.4 436.4 803.2 337.8 659.7 264.3 295.0 517.9 420.4 264.2 121.4 169.4 332.4 546.9 341.6 323.6 647.2 140.3 78.3 0.0 461.8 221.1 326.4 800.8 238.5 641.9 118.1 621.7 255.2 418.1 336.4 128.5 459.2 494.9 504.3 497.7 350.9 406.6 92.8 776.2 619.9 279.8 490.6 700.7 767.6 657.4 586.4 611.0 663.0 102.7 462.1 848.2 255.6 458.5 264.1 251.9 207.5 744.2 733.6 238.7 312.2 325.3 363.8 296.3 609.1 523.9 320.8 647.0 117.9 346.2 427.9 608.1 366.1 342.0 251.7 324.1 636.1 563.1 283.3 845.4 787.4 318.9 122.1 537.4 696.8 403.1 771.9 630.7 94.1 386.0 267.7 665.5 211.8 507.2 541.5 328.0 746.8
1667.3 445.0 407.5 484.8 299.0 295.4 260.1 379.1 161.4 196.4 349.0 234.0 398.1 269.5 566.9 566.4 242.2 403.8 151.6 449.4 183.1 539.2 464.3 230.2 258.4 251.9 384.4 34.0 536.7 478.0 382.3 195.3 578.6 397.4 413.5 168.1 601.8 492.0 483.7 403.9 137.1 294.7 592.3 488.2 120.2 345.3 243.8 235.0 475.3 529.2 551.1 597.7 258.5 163.2 580.7 378.0 221.6 338.7 317.2 215.6 192.4 154.9 165.6 204.3 488.9 208.2 259.4 292.2 190.4 168.4 119.1 134.7 589.2 189.8 229.5 582.1 318.6 122.3 177.5 578.0 336.5 361.6 557.0 311.5 220.9 242.0 341.3 594.1 388.8 507.3 417.9 271.7 120.6 259.0 346.4 412.4 592.6 127.2 178.3 199.3 185.3 424.0 402.2 440.1 0.0 495.5 569.4 338.9 481.5 308.2 386.4 282.7 498.2 96.2 476.6 449.7 195.8 133.5 84.6 251.5 556.1 134.4 381.1 314.3 316.6 377.9 28.7 238.8 305.7 386.5 256.5 269.1 201.1 406.0 62.4 386.3 498.6 307.6 507.1 493.2 450.5 282.3 271.7 293.9 555.2 195.0 432.6 223.7 147.2 178.4 222.2 308.0 342.9 170.4 279.6 146.2 614.9 423.9 388.0 567.1 174.2 360.3 305.5 383.5 308.2 459.1 330.3 91.0 234.9 53.8 309.4 289.2 346.5 73.8 368.1 203.6 361.9 194.7 79.6 571.0 388.2
1833.0 373.8 476.4 45.0 503.6 342.5 838.3 127.1 418.6 499.4 864.6 749.6 247.4 526.0 220.8 208.4 569.3 816.1 576.9 319.9 523.2 207.9 75.0 745.8 337.5 767.5 666.8 486.0 120.1 110.5 706.9 590.9 183.5 913.0 163.2 683.7 194.5 93.9 124.6 147.7 433.2 496.7 168.1 87.3 449.2 414.2 352.1 341.3 138.8 171.2 193.1 198.6 558.4 546.6 156.5 323.0 509.0 326.3 581.4 731.2 708.0 670.5 468.6 719.9 74.0 723.8 826.5 687.8 684.5 684.0 476.0 650.3 165.0 482.9 529.4 158.9 620.3 477.5 502.5 153.8 852.1 430.5 199.0 331.0 505.1 490.1 856.9 129.6 713.4 109.2 305.7 571.6 474.1 320.5 162.0 96.9 124.2 600.6 395.3 371.0 700.9 84.8 172.5 234.7 515.5 0.0 152.8 854.5 94.0 695.6 163.0 675.4 81.6 471.8 347.1 158.0 512.9 548.6 558.0 551.4 228.6 460.3 133.2 829.9 673.6 342.9 544.3 754.4 821.3 711.1 640.1 664.7 716.7 200.6 515.8 901.9 167.3 512.2 90.5 161.9 68.3 797.9 787.3 284.1 222.2 379.0 374.5 350.0 662.8 574.0 374.5 700.7 165.2 399.9 481.6 661.8 157.9 352.7 298.9 142.9 689.8 616.8 337.0 899.1 841.1 329.6 175.8 591.1 750.5 462.4 825.0 681.9 157.0 439.7 333.1 719.2 260.8 560.9 595.2 232.5 800.5
1775.6 399.5 502.1 120.5 571.8 433.8 906.5 212.6 508.1 567.6 932.8 817.8 273.1 594.2 188.8 234.6 637.5 884.3 645.1 345.6 591.4 236.4 132.0 814.0 405.7 835.7 735.0 554.2 32.9 226.9 775.1 722.4 131.5 981.2 248.7 751.9 142.5 132.0 150.8 171.2 501.4 564.9 116.1 83.9 517.4 439.9 420.3 409.5 255.2 182.4 193.2 146.6 626.6 614.8 62.8 396.5 577.2 417.6 649.6 799.4 776.2 738.7 536.8 788.1 190.4 792.0 894.7 819.3 752.7 752.2 555.5 718.5 113.0 551.1 597.6 12.6 688.5 545.7 570.7 65.5 920.3 456.2 225.2 422.3 573.3 558.3 925.1 24.6 781.6 127.3 331.4 639.8 542.3 388.7 263.3 179.1 30.0 668.8 463.5 439.2 769.1 207.6 295.3 339.0 583.7 155.6 0.0 922.7 90.6 763.8 285.3 743.6 73.9 540.0 372.8 274.4 635.0 616.8 626.2 619.6 171.2 528.5 256.0 898.1 741.8 368.6 612.5 822.6 889.5 779.3 708.3 796.2 784.9 304.9 584.0 970.1 195.8 580.4 65.0 190.4 145.2 866.1 855.5 352.3 248.4 447.2 400.2 418.2 731.0 705.5 442.7 768.9 259.8 468.1 549.8 730.0 45.4 378.4 324.6 76.4 758.0 685.0 428.3 967.3 909.3 355.3 244.0 659.3 818.7 530.6 893.2 750.1 245.4 507.9 358.8 787.4 329.0 629.1 663.4 258.7 868.7
1623.0 874.9 831.0 895.6 588.9 722.4 243.8 789.9 584.9 572.9 8.5 217.7 827.5 565.9 1010.4 977.2 512.4 376.4 475.8 878.8 459.6 950.0 875.1 308.6 673.5 282.3 420.0 444.8 947.5 888.8 333.0 600.1 1055.5 58.4 824.3 273.5 1046.2 902.8 894.5 814.7 542.6 554.9 1074.7 899.0 532.8 768.8 658.9 640.5 886.1 940.0 1051.0 1042.1 658.6 548.7 991.5 801.5 589.3 771.0 702.7 272.0 232.2 245.7 542.1 247.8 899.7 289.2 267.8 523.7 350.9 328.2 553.3 282.8 1078.4 566.3 629.6 992.9 592.0 503.7 554.0 988.8 88.6 785.1 967.8 735.0 593.0 605.7 223.4 1004.9 339.5 918.1 841.4 671.8 497.1 685.1 757.2 823.2 1003.4 538.0 590.9 604.8 290.7 834.8 813.0 850.9 410.7 906.3 980.2 0.0 892.3 407.2 797.2 442.3 909.0 546.0 906.0 860.5 536.9 407.2 495.4 651.6 999.6 510.9 791.9 216.1 394.8 801.4 382.9 171.2 161.4 337.2 427.0 500.6 285.7 816.8 452.7 230.6 909.4 597.5 917.9 904.0 861.3 259.4 152.8 709.9 966.0 607.6 856.1 629.2 277.4 520.3 645.7 467.6 753.7 575.9 602.3 392.1 1025.7 853.8 907.6 977.9 255.7 375.1 729.0 210.9 351.9 888.5 741.1 364.7 399.3 464.6 115.1 369.9 757.3 484.6 791.6 353.8 790.9 539.1 380.9 981.8 326.8
1775.6 308.8 411.4 38.9 481.1 343.1 815.8 121.9 417.4 476.9 842.1 727.1 182.4 503.5 168.2 155.8 546.8 793.6 554.4 254.9 500.7 157.6 50.4 723.3 315.0 745.0 644.3 463.5 55.1 145.3 684.4 631.7 126.1 890.5 158.0 661.2 137.1 41.3 72.0 80.5 410.7 474.2 110.7 6.6 426.7 349.2 329.6 318.8 173.6 118.6 140.5 141.2 535.9 524.1 99.1 305.8 486.5 326.9 558.9 708.7 685.5 648.0 446.1 697.4 108.8 701.3 804.0 728.6 662.0 661.5 464.8 627.8 107.6 460.4 506.9 100.5 597.8 455.0 480.0 96.4 829.6 365.5 146.4 331.6 482.6 467.6 834.4 112.5 690.9 56.6 240.7 549.1 451.6 298.0 172.6 88.4 117.9 578.1 372.8 348.5 678.4 122.5 210.2 248.3 493.0 74.0 87.8 832.0 0.0 673.1 194.6 652.9 16.6 449.3 282.1 192.8 544.3 526.1 535.5 528.9 171.2 437.8 170.9 807.4 651.1 277.9 521.8 731.9 798.8 688.6 617.6 705.5 694.2 214.2 493.3 879.4 117.0 489.7 25.5 111.6 63.6 775.4 764.8 261.6 169.6 356.5 309.5 327.5 640.3 614.8 352.0 678.2 169.1 377.4 459.1 639.3 133.3 287.7 233.9 85.5 667.3 594.3 337.6 876.6 818.6 264.6 153.3 568.6 728.0 439.9 802.5 659.4 154.7 417.2 268.1 696.7 238.3 538.4 572.7 179.9 778.0
1520.8 604.8 567.3 662.6 467.3 455.2 261.5 556.9 321.2 365.8 365.5 274.9 557.9 273.5 744.7 744.2 222.4 239.3 187.5 609.2 371.4 717.0 642.1 325.9 418.2 312.6 164.6 288.2 714.5 655.8 77.6 305.4 756.4 409.7 591.3 350.4 779.6 669.8 661.5 581.7 296.9 264.9 770.1 666.0 280.0 505.1 403.6 394.8 653.1 707.0 728.9 775.5 368.6 258.7 758.5 537.8 391.0 498.5 412.7 470.0 390.5 304.6 335.0 402.4 666.7 327.6 249.7 215.7 396.7 374.7 278.9 325.7 767.0 381.2 339.6 759.9 244.5 298.4 368.9 755.8 421.9 521.4 734.8 471.3 303.0 411.4 395.9 771.9 84.1 685.1 577.7 381.8 340.5 418.8 524.2 590.2 770.4 332.2 338.1 359.1 367.6 601.8 580.0 617.9 300.1 673.3 747.2 355.4 659.3 0.0 564.2 167.7 676.0 256.0 636.4 627.5 415.4 321.8 269.6 361.6 733.9 326.7 558.9 486.0 120.2 537.7 272.3 358.2 425.1 81.8 136.8 192.6 407.4 583.8 318.0 540.1 676.4 475.9 684.9 671.0 628.3 431.9 341.4 453.7 733.0 354.8 592.4 383.5 345.3 230.3 382.0 193.0 520.7 330.2 312.3 331.9 792.7 583.7 638.5 744.9 293.6 174.3 465.3 520.4 264.3 618.9 508.1 279.3 322.8 264.6 371.6 116.2 524.3 251.6 527.9 348.7 521.7 249.1 270.3 748.8 223.7
1906.0 318.0 420.6 172.1 404.8 243.7 739.5 91.0 319.8 400.6 765.8 650.8 191.6 427.2 290.7 278.3 470.5 717.3 478.1 264.1 424.4 251.1 176.2 647.0 238.7 668.7 568.0 387.2 247.2 131.2 608.1 492.1 290.5 814.2 125.4 584.9 313.7 188.1 195.6 115.8 334.4 397.9 302.8 200.1 350.4 358.4 253.3 242.5 144.0 241.1 263.0 309.6 459.6 447.8 291.2 224.2 410.2 227.5 482.6 632.4 609.2 571.7 369.8 621.1 142.1 625.0 727.7 589.0 585.7 585.2 377.2 551.5 299.7 384.1 430.6 292.6 521.5 378.7 403.7 288.5 753.3 374.7 268.9 232.2 406.3 391.3 758.1 274.7 614.6 203.4 249.9 472.8 375.3 221.7 76.3 124.3 269.3 501.8 296.5 272.2 602.1 77.2 68.8 106.7 416.7 158.0 279.9 755.7 193.4 596.8 0.0 576.6 208.7 373.0 291.3 118.4 414.1 449.8 459.2 452.6 305.8 361.5 29.7 731.1 574.8 232.4 445.5 655.6 722.5 612.3 541.3 565.9 617.9 72.6 417.0 803.1 210.5 413.4 217.6 205.1 162.4 699.1 688.5 185.3 267.1 280.2 318.7 251.2 564.0 475.2 275.7 601.9 72.8 301.1 382.8 563.0 303.0 296.9 207.1 277.6 591.0 518.0 238.2 800.3 742.3 273.8 77.0 492.3 651.7 363.6 726.2 583.1 49.0 340.9 222.6 620.4 162.0 462.1 496.4 282.9 701.7
1631.7 686.9 649.4 674.4 549.4 537.3 372.4 568.7 403.3 447.9 476.4 385.8 640.0 254.4 756.5 756.0 213.8 350.2 269.6 691.3 453.5 728.8 653.9 436.8 500.3 423.5 159.2 370.3 726.3 667.6 219.0 387.5 768.2 520.6 603.1 369.6 791.4 681.6 673.3 593.5 379.0 244.1 781.9 677.8 362.1 587.2 485.7 476.9 664.9 718.8 740.7 787.3 369.5 291.8 770.3 619.9 473.1 580.6 392.5 552.1 472.6 386.7 417.1 484.5 678.5 409.7 360.6 297.8 468.4 446.4 361.0 407.8 778.8 463.3 340.5 771.7 76.7 380.5 451.0 767.6 532.8 603.5 746.6 553.4 282.3 493.5 506.8 783.7 225.5 696.9 659.8 382.7 422.6 500.9 536.0 602.0 782.2 414.3 420.2 441.2 386.8 613.6 591.8 629.7 367.4 685.1 759.0 466.3 671.1 152.0 576.0 0.0 687.8 338.1 718.5 639.3 497.5 403.9 351.7 362.5 745.7 408.8 570.7 568.1 182.3 619.8 339.6 440.3 507.2 223.2 96.5 274.7 479.1 595.6 400.1 640.1 688.2 558.0 696.7 682.8 640.1 483.8 452.3 535.8 744.8 436.9 674.5 465.6 427.4 312.4 464.1 25.3 532.5 412.3 283.2 414.0 804.5 665.8 577.6 756.7 375.7 150.9 547.4 637.3 375.2 701.0 519.9 361.4 433.7 346.7 482.5 147.2 536.1 333.7 610.0 459.6 603.8 257.8 295.3 760.6 334.6
1758.9 325.5 428.1 46.5 497.8 359.8 832.5 138.6 434.1 493.6 858.8 743.8 199.1 520.2 166.7 160.6 563.5 810.3 571.1 271.6 517.4 162.4 58.0 740.0 331.7 761.7 661.0 480.2 38.4 152.9 701.1 648.4 109.4 907.2 174.7 677.9 120.4 58.0 76.8 97.2 427.4 490.9 94.0 9.9 443.4 365.9 346.3 335.5 181.2 123.4 145.3 124.5 552.6 540.8 82.4 322.5 503.2 343.6 575.6 725.4 702.2 664.7 462.8 714.1 116.4 718.0 820.7 745.3 678.7 678.2 481.5 644.5 90.9 477.1 523.6 83.8 614.5 471.7 496.7 79.7 846.3 382.2 151.2 348.3 499.3 484.3 851.1 95.8 707.6 53.3 257.4 565.8 468.3 314.7 189.3 105.1 101.2 594.8 389.5 365.2 695.1 133.6 221.3 265.0 509.7 81.6 71.1 848.7 16.6 689.8 211.3 669.6 0.0 466.0 298.8 200.4 561.0 542.8 552.2 545.6 154.5 454.5 182.0 824.1 667.8 294.6 538.5 748.6 815.5 705.3 634.3 722.2 710.9 230.9 510.0 896.1 121.8 506.4 8.9 116.4 71.2 792.1 781.5 278.3 174.4 373.2 326.2 344.2 657.0 631.5 368.7 694.9 185.8 394.1 475.8 656.0 116.6 304.4 250.6 68.8 684.0 611.0 354.3 893.3 835.3 281.3 170.0 585.3 744.7 456.6 819.2 676.1 171.4 433.9 284.8 713.4 255.0 555.1 589.4 184.7 794.7
1618.5 348.7 311.2 452.0 211.2 199.1 377.2 346.3 65.1 109.7 438.2 390.6 301.8 256.4 540.0 577.8 193.4 355.0 102.8 353.1 133.5 550.6 431.5 319.4 162.1 341.1 371.3 59.6 548.1 445.2 333.5 146.5 585.1 486.6 380.7 257.3 575.8 503.4 495.1 415.3 40.8 277.7 603.7 499.6 23.9 249.0 147.5 138.7 442.5 540.6 562.5 571.7 209.7 114.4 592.1 281.7 134.9 242.4 268.4 304.8 281.6 244.1 78.9 293.5 456.1 297.4 365.4 243.4 279.6 257.6 22.8 223.9 600.6 125.1 180.7 593.5 322.9 42.3 112.8 589.4 425.7 265.3 568.4 215.2 172.1 155.3 430.5 605.5 340.0 518.7 321.6 222.9 84.4 162.7 313.6 379.6 559.8 174.2 82.0 103.0 274.5 391.2 369.4 407.3 89.1 462.7 580.8 428.1 492.9 295.1 353.6 269.6 509.6 0.0 380.3 416.9 159.3 122.2 168.9 202.7 529.2 70.6 348.3 403.5 267.8 281.6 117.9 328.0 394.9 337.7 243.4 220.3 290.3 373.2 89.4 475.5 510.0 219.8 518.5 504.6 417.7 371.5 360.9 197.6 566.6 98.7 336.3 127.4 236.4 129.6 125.9 294.9 310.1 74.1 227.6 235.4 626.3 327.6 382.4 578.5 263.4 347.2 209.2 472.7 380.0 362.8 297.5 164.7 324.1 36.0 398.6 276.1 313.7 43.0 271.8 292.8 265.6 145.9 191.8 582.4 339.4
1788.4 38.1 187.2 345.8 356.3 235.2 696.7 246.9 251.7 355.3 757.7 710.1 115.7 488.2 268.4 359.0 531.5 674.5 422.3 100.8 379.1 364.5 332.1 638.9 275.3 660.6 629.0 379.1 362.0 393.4 669.1 466.0 313.5 806.1 261.3 576.8 304.2 317.3 309.0 229.2 306.4 458.9 332.7 313.5 335.0 125.0 289.9 303.5 388.2 331.6 309.0 300.1 520.6 433.9 378.0 183.5 361.7 207.0 543.6 663.7 601.1 563.6 324.5 613.0 404.3 616.9 684.9 562.9 540.4 552.7 299.1 543.4 336.4 335.6 491.6 407.4 582.5 333.4 348.7 375.3 784.6 141.3 349.6 179.8 467.3 342.8 750.0 419.4 675.6 332.6 99.0 533.8 330.0 193.1 275.2 280.2 424.8 510.9 357.5 333.2 594.0 339.4 313.0 350.9 408.6 363.3 394.7 747.6 306.8 657.8 297.2 637.6 323.5 319.4 0.0 362.6 378.6 432.3 468.3 513.6 257.6 316.2 291.9 762.4 587.3 158.7 437.4 647.5 714.4 673.3 602.3 539.8 587.9 316.8 395.9 834.4 323.9 364.9 332.4 318.5 318.3 691.0 680.4 228.0 372.8 341.2 56.8 312.2 555.9 449.1 312.3 662.9 271.7 362.1 443.8 499.4 440.2 17.0 194.2 364.4 582.9 579.0 173.8 831.6 699.5 130.5 255.9 474.8 643.6 355.5 718.1 644.1 257.3 401.9 148.9 612.3 184.2 465.4 511.3 339.0 658.9
1932.2 357.8 460.4 160.0 438.9 277.5 773.6 130.8 353.9 434.7 798.4 684.9 229.3 461.3 307.0 294.6 504.6 751.4 512.2 303.9 458.5 290.9 168.3 676.1 272.8 702.8 602.1 421.3 235.1 63.3 642.2 521.4 306.1 848.3 165.2 619.0 317.1 180.1 210.8 155.6 368.5 432.0 290.7 194.3 384.5 398.2 287.4 276.6 25.5 257.4 279.3 321.2 493.7 481.9 279.1 258.3 451.1 261.6 516.7 666.5 643.3 605.8 403.9 655.2 130.0 659.1 761.8 623.1 619.8 619.3 411.3 585.6 287.6 418.2 464.7 280.5 555.6 412.8 437.8 276.4 787.4 414.5 285.2 266.3 440.4 425.4 792.2 262.6 648.7 195.4 289.7 506.9 409.4 253.2 96.0 164.1 257.2 535.9 330.6 312.6 636.2 69.2 43.9 130.9 450.8 150.0 267.8 789.8 187.6 630.9 112.8 610.7 196.6 407.1 331.1 0.0 448.2 483.9 493.3 486.7 322.1 395.6 85.2 765.2 608.9 266.5 479.6 689.7 756.6 646.4 575.4 600.0 652.0 78.8 451.1 837.2 250.3 447.5 205.5 244.9 154.5 733.2 722.6 219.4 306.9 314.3 358.5 285.3 598.1 512.9 309.8 636.0 99.2 335.2 416.9 597.1 290.9 336.7 240.7 265.5 625.1 552.1 272.3 834.4 776.4 313.6 111.1 526.4 685.8 392.1 760.3 617.2 88.8 375.0 256.7 654.5 200.8 496.2 530.5 318.7 735.8
1783.4 401.1 349.3 482.7 64.2 227.2 419.5 377.0 106.1 123.3 508.4 393.4 353.7 391.8 578.1 564.3 358.3 519.9 267.7 405.0 82.3 537.1 462.2 389.6 236.0 411.3 506.7 174.3 534.6 475.9 498.4 311.4 576.5 556.8 411.4 327.5 613.9 489.9 481.6 401.8 133.8 442.6 590.2 486.1 180.4 287.1 221.4 231.7 473.2 527.1 549.0 609.8 374.6 279.3 578.6 315.6 99.9 257.5 433.3 366.9 352.7 315.2 133.3 364.6 486.8 367.6 418.8 408.3 243.6 255.9 144.5 295.0 587.1 91.8 345.6 580.0 440.9 167.1 104.9 575.9 487.8 303.4 554.9 241.7 337.0 81.0 500.7 592.0 504.9 505.2 359.7 387.8 88.3 190.8 344.3 410.3 590.5 249.5 245.4 196.0 344.7 421.9 400.1 438.0 182.4 493.4 567.3 498.3 479.4 430.5 384.3 405.0 496.1 164.8 432.2 447.6 0.0 170.9 206.9 367.6 567.3 102.1 379.0 465.6 432.7 319.7 211.2 398.2 470.4 502.6 378.8 385.2 291.1 403.9 134.5 537.6 496.5 72.8 505.0 491.1 448.4 441.7 431.1 225.7 553.1 246.7 374.4 220.4 307.5 294.5 199.8 430.3 340.8 167.1 392.5 188.2 612.8 380.0 434.3 565.0 333.6 482.6 235.7 534.8 467.6 414.7 328.2 213.4 394.3 200.9 468.8 411.5 344.4 207.9 309.9 363.0 281.7 310.8 253.0 568.9 504.3
1659.2 475.0 437.5 512.4 243.1 328.9 297.6 406.7 191.4 179.4 385.0 271.5 428.1 279.1 666.3 594.0 296.6 395.7 179.8 479.4 153.0 566.8 491.9 262.7 280.0 289.4 394.0 61.6 564.3 505.6 388.6 226.9 606.2 434.9 441.1 205.6 702.1 519.6 511.3 431.5 149.1 268.1 619.9 515.8 134.4 375.3 265.4 247.0 502.9 556.8 578.7 698.0 294.9 217.6 608.3 408.0 195.8 377.5 362.5 285.4 262.2 224.7 148.6 274.1 516.5 245.7 296.9 284.1 260.2 238.2 159.8 204.5 616.8 172.8 265.9 609.7 328.2 105.3 160.5 605.6 398.8 391.6 584.6 341.5 275.3 225.0 378.8 621.7 395.1 534.9 447.9 308.1 103.6 291.6 374.0 440.0 620.2 136.8 192.5 211.3 222.8 451.6 429.8 467.7 69.7 523.1 597.0 376.4 509.1 317.8 414.0 292.3 525.8 136.8 506.6 477.3 178.8 0.0 94.2 287.9 655.5 117.4 408.7 391.5 308.5 410.2 98.5 276.3 343.2 392.8 266.1 261.0 270.9 433.6 45.4 456.1 526.2 251.7 534.7 520.8 478.1 319.8 309.2 323.9 582.8 209.2 462.6 235.7 217.0 232.8 252.2 317.6 370.5 182.4 330.8 161.1 642.5 453.9 508.7 594.7 211.7 369.9 335.5 453.3 345.7 489.1 357.9 42.4 272.4 80.2 346.9 298.8 374.1 101.4 398.1 241.1 397.4 249.1 140.3 598.6 380.1
1627.4 454.8 417.3 512.6 317.3 305.2 386.1 406.9 171.2 215.8 490.1 399.5 407.9 265.3 594.7 594.2 202.3 363.9 111.7 459.2 239.6 567.0 492.1 450.5 268.2 437.2 380.2 138.2 564.5 505.8 342.4 137.4 606.4 534.3 441.3 324.1 629.6 519.8 511.5 431.7 146.9 286.6 620.1 516.0 130.0 355.1 253.6 244.8 503.1 557.0 578.9 625.5 200.6 123.3 608.5 387.8 241.0 348.5 268.2 399.0 375.8 341.2 185.0 387.7 516.7 364.2 374.3 252.3 373.8 351.8 128.9 362.3 617.0 231.2 171.6 609.9 331.8 148.4 218.9 605.8 544.8 371.4 584.8 321.3 181.0 261.4 520.5 621.9 348.9 535.1 427.7 213.8 190.5 268.8 374.2 440.2 620.4 240.4 188.1 209.1 341.3 451.8 430.0 467.9 167.7 523.3 597.2 480.0 509.3 304.0 414.2 278.5 526.0 106.0 486.4 477.5 265.4 200.8 0.0 193.6 583.9 176.7 408.9 522.6 276.7 387.7 245.0 394.8 461.7 346.6 252.3 229.2 384.5 433.8 168.0 594.6 526.4 325.9 534.9 521.0 478.3 438.3 427.7 303.7 583.0 204.8 442.4 233.5 330.6 138.5 232.0 303.8 370.7 180.2 236.5 329.6 642.7 433.7 488.5 594.9 330.2 356.1 315.3 591.8 388.9 468.9 358.1 274.4 447.4 114.6 465.4 285.0 374.3 101.6 377.9 359.6 371.7 154.8 200.7 598.8 348.3
1737.4 430.4 594.0 407.8 494.0 224.8 504.9 302.1 347.9 392.5 608.9 518.3 305.8 192.6 489.9 489.4 235.9 482.7 243.5 375.5 416.3 462.2 387.3 564.3 202.1 556.0 333.4 237.0 459.7 401.0 373.5 336.8 501.6 653.1 336.5 474.1 524.8 415.0 406.7 326.9 323.6 163.3 515.3 411.2 306.7 531.8 216.7 179.1 398.3 452.2 474.1 520.7 7.0 213.2 503.7 316.5 408.9 266.2 248.0 521.6 498.4 460.9 361.7 510.3 411.9 514.2 493.1 392.9 496.4 474.4 305.6 440.7 512.2 407.9 196.0 505.1 286.9 325.1 395.6 501.0 665.3 548.1 480.0 290.9 171.7 438.1 639.3 517.1 380.0 430.3 321.2 20.1 367.2 245.8 269.4 335.4 515.6 411.9 201.4 208.8 491.3 347.0 325.2 363.6 266.5 418.5 492.4 598.8 404.5 362.2 309.4 342.0 421.2 282.7 402.7 372.7 442.1 299.6 349.3 0.0 479.1 353.4 304.1 620.3 340.2 324.7 367.6 544.8 611.7 377.7 306.7 369.8 507.1 329.0 266.8 692.3 421.6 502.6 430.1 416.2 373.5 588.3 584.8 220.3 478.2 185.1 431.1 187.8 453.2 313.6 239.1 367.3 265.9 237.7 148.2 452.2 537.9 409.3 310.5 490.1 480.2 283.4 293.2 689.5 507.7 385.2 253.3 397.0 566.2 213.4 615.0 348.5 269.5 278.3 314.9 592.1 259.0 227.5 323.3 494.0 467.1
1604.3 355.4 458.0 190.9 588.1 389.7 886.8 226.5 464.0 567.6 913.1 798.1 229.0 574.5 25.0 101.3 617.8 864.6 634.6 301.5 591.4 139.9 189.2 794.3 429.8 816.0 715.3 534.5 150.9 297.3 755.4 678.3 55.8 961.5 262.6 732.2 46.5 161.3 140.6 200.5 481.7 545.2 75.0 154.3 497.7 395.8 444.4 389.8 325.6 73.9 51.3 42.4 606.9 595.1 120.3 352.4 593.5 373.5 629.9 779.7 756.5 719.0 536.8 768.4 260.8 772.3 875.0 775.2 752.7 732.5 511.4 698.8 78.7 567.4 577.9 195.9 668.8 545.7 580.5 117.6 900.6 412.1 91.9 378.2 553.6 574.6 905.4 207.9 761.9 165.7 287.3 620.1 542.3 400.2 280.1 216.3 213.3 723.2 443.8 419.5 749.4 268.1 317.9 355.8 564.0 219.2 183.2 903.0 161.0 744.1 302.1 723.9 144.3 531.7 328.7 344.8 590.9 597.1 680.6 599.9 0.0 528.5 296.8 878.4 722.1 324.5 592.8 802.9 869.8 759.6 688.6 752.1 765.2 321.7 564.3 950.4 164.5 596.7 135.4 159.1 202.4 846.4 835.8 332.6 115.1 427.5 356.1 398.5 711.3 661.4 466.8 749.2 276.6 448.4 530.1 710.3 228.7 334.3 280.5 106.7 738.3 665.3 384.2 947.6 889.6 311.2 260.8 639.6 799.0 510.9 873.5 730.4 262.2 488.2 314.7 767.7 309.3 609.4 643.7 95.6 849.0
1681.2 357.5 320.0 458.8 152.9 211.4 439.9 353.1 73.9 61.9 475.1 361.6 312.5 319.1 548.8 540.4 256.1 417.7 139.3 361.9 62.8 513.2 438.3 352.8 162.5 379.5 434.0 122.3 510.7 452.0 396.2 209.2 552.6 525.0 387.5 295.7 584.6 466.0 457.7 377.9 31.6 340.4 566.3 462.2 78.2 257.8 147.9 129.5 449.3 497.6 525.1 580.5 272.4 177.1 554.7 290.5 78.3 260.0 331.1 347.4 333.2 295.7 31.1 345.1 462.9 335.8 428.1 306.1 224.1 236.4 42.3 275.5 563.2 54.4 243.4 556.1 385.6 76.6 42.1 552.0 468.3 274.1 531.0 224.0 234.8 107.5 468.9 568.1 402.7 481.3 330.4 285.6 13.7 174.1 320.4 386.4 566.6 194.6 143.2 93.8 312.9 398.0 376.2 414.6 127.5 469.5 543.4 466.5 455.5 357.8 360.4 332.3 472.2 62.6 389.1 423.7 88.6 116.0 152.0 265.4 538.0 0.0 355.1 446.1 330.5 290.4 156.3 366.4 450.9 400.4 306.1 283.0 271.6 380.0 79.6 518.1 472.6 161.5 481.1 467.2 424.5 409.9 399.3 198.9 529.2 144.5 345.1 118.2 288.0 192.3 134.7 357.6 316.9 64.9 290.3 168.7 588.9 336.4 390.7 541.1 301.8 409.9 218.0 515.3 442.7 371.6 304.3 158.5 362.5 98.7 437.0 338.8 320.5 105.7 280.6 331.2 279.9 208.6 198.1 545.0 402.1
1880.7 292.7 395.3 142.3 379.5 218.4 714.2 65.7 294.5 375.3 740.5 625.5 166.3 401.9 265.4 253.0 445.2 692.0 452.8 238.8 399.1 225.8 146.5 621.7 213.4 643.4 542.7 361.9 217.4 101.4 582.8 466.8 265.2 788.9 100.1 559.6 288.4 158.3 170.3 90.5 309.1 372.6 273.0 172.5 325.1 333.1 228.0 217.2 116.7 215.8 237.7 284.3 434.3 422.5 261.4 198.9 384.9 202.2 457.3 607.1 583.9 546.4 344.5 595.8 112.3 599.7 702.4 563.7 560.4 559.9 351.9 526.2 269.9 358.8 405.3 262.8 496.2 353.4 378.4 258.7 728.0 349.4 243.6 206.9 381.0 366.0 732.8 244.9 589.3 173.6 224.6 447.5 350.0 196.4 51.0 99.0 239.5 476.5 271.2 246.9 576.8 47.4 63.5 101.4 391.4 128.2 250.1 730.4 165.8 571.5 29.7 551.3 178.9 347.7 266.0 91.1 388.8 424.5 433.9 427.3 280.5 336.2 0.0 705.8 549.5 207.1 420.2 630.3 697.2 587.0 516.0 540.6 592.6 67.3 391.7 777.8 185.2 388.1 187.8 179.8 132.7 673.8 663.2 160.0 241.8 254.9 293.4 225.9 538.7 449.9 250.4 576.6 47.5 275.8 357.5 537.7 273.2 271.6 181.8 247.8 565.7 492.7 212.9 775.0 717.0 248.5 51.7 467.0 626.4 338.3 700.9 557.8 23.7 315.6 197.3 595.1 136.7 436.8 471.1 257.6 676.4
1613.7 679.9 642.4 737.7 384.2 530.3 240.8 632.0 396.3 381.6 190.7 234.2 633.0 351.0 830.8 819.3 297.5 291.6 262.6 684.3 268.3 792.1 717.2 191.8 493.3 218.3 459.6 231.1 789.6 730.9 387.7 380.5 831.5 239.1 666.4 153.3 866.6 744.9 736.6 656.8 372.0 340.0 845.2 741.1 355.1 580.2 478.7 469.9 728.2 782.1 804.0 862.5 443.7 333.8 833.6 612.9 406.8 573.6 487.8 263.9 224.1 237.6 350.8 239.7 741.8 74.3 246.8 308.8 342.8 320.1 354.0 274.7 842.1 375.0 414.7 835.0 377.1 315.2 362.7 830.9 181.7 596.5 809.9 546.4 378.1 401.0 237.1 847.0 394.2 760.2 652.8 456.9 305.8 493.9 599.3 665.3 845.5 355.6 413.2 434.2 170.5 676.9 655.1 693.0 197.0 748.4 822.3 180.6 734.4 384.7 639.3 359.2 751.1 331.1 711.5 702.6 345.6 218.7 313.0 436.7 820.0 319.6 634.0 0.0 322.0 612.8 169.2 59.2 126.1 391.9 333.0 285.7 277.6 658.9 264.2 271.9 751.5 392.8 760.0 746.1 703.4 231.0 162.6 528.8 808.1 429.9 667.5 458.6 269.3 305.4 457.1 384.5 595.8 405.3 387.4 228.8 867.8 658.8 713.6 820.0 96.2 441.8 540.4 269.1 261.9 694.0 583.2 176.2 188.6 250.9 135.2 365.7 599.4 326.7 603.0 157.3 596.8 324.2 167.2 823.9 289.9
1582.1 625.1 587.6 579.3 487.6 475.5 322.8 473.6 341.5 386.1 426.8 336.2 479.4 159.3 661.4 660.9 118.7 300.6 207.8 629.5 396.2 633.7 558.8 387.2 438.5 373.9 167.1 306.4 631.2 572.5 161.7 325.7 673.1 471.0 508.0 312.3 696.3 586.5 578.2 498.4 317.2 149.0 686.8 582.7 300.3 525.4 423.9 415.1 569.8 623.7 645.6 692.2 274.4 196.7 675.2 558.1 411.3 518.8 297.4 398.5 415.3 329.4 355.3 427.2 583.4 352.4 311.0 240.5 373.3 351.3 299.2 350.5 683.7 401.5 245.4 676.6 124.2 318.7 389.2 672.5 483.2 541.7 651.5 491.6 187.2 431.7 457.2 688.6 168.2 601.8 492.7 287.6 360.8 439.1 440.9 506.9 687.1 352.5 358.4 379.4 329.5 518.5 496.7 534.6 272.3 590.0 663.9 416.7 576.0 90.9 480.9 47.4 592.7 276.3 656.7 544.2 435.7 346.6 289.9 267.4 650.6 347.0 475.6 510.8 0.0 558.0 244.5 383.0 449.9 165.9 39.2 217.4 384.0 500.5 338.3 582.8 593.1 496.2 601.6 587.7 545.0 426.5 402.7 383.5 649.7 375.1 612.7 403.8 370.1 250.6 402.3 72.7 437.4 350.5 188.1 329.1 709.4 604.0 482.5 661.6 318.4 176.8 485.6 580.0 325.6 639.2 424.8 304.1 384.1 284.9 432.9 71.9 441.0 271.9 548.2 410.0 425.8 162.7 200.2 665.5 285.0
1815.0 286.6 396.4 258.8 333.8 172.4 668.5 155.4 248.8 329.6 693.3 579.8 192.9 356.2 295.0 332.3 399.5 646.3 351.2 231.0 353.4 305.1 240.6 568.7 165.4 595.4 497.0 313.9 300.3 252.0 537.1 425.8 340.1 743.2 189.8 513.9 330.8 257.9 249.6 169.8 261.1 326.9 355.9 251.8 279.4 334.2 180.0 171.5 251.6 289.5 317.0 326.7 388.6 376.8 346.6 153.2 346.0 156.5 409.3 561.4 538.2 498.4 298.8 550.1 265.2 554.0 656.7 518.0 514.7 514.2 306.2 480.5 355.1 313.1 357.3 348.0 450.5 307.7 332.7 343.9 682.3 350.5 322.9 161.2 335.3 320.3 687.1 360.0 543.6 273.2 126.3 401.8 304.3 145.8 122.7 188.7 365.4 430.8 225.5 207.5 531.1 200.3 178.5 216.9 345.7 271.8 335.3 682.4 247.4 525.8 162.7 505.6 264.1 302.0 258.2 226.0 343.1 376.5 388.2 379.3 284.2 288.2 157.4 660.1 503.8 0.0 374.5 584.6 651.5 539.0 468.0 494.9 546.9 180.0 346.0 732.1 264.5 342.4 273.0 260.8 226.8 625.8 617.5 122.6 321.1 209.2 287.3 180.2 493.0 407.8 202.4 530.9 116.9 230.1 311.8 492.0 380.8 265.5 115.6 330.7 520.0 447.0 167.2 729.3 671.3 240.7 104.3 421.3 580.7 287.0 652.9 514.6 122.8 269.9 151.6 549.4 93.4 391.1 425.4 336.9 630.7
1632.2 471.8 434.3 511.6 269.2 322.2 230.3 405.9 188.2 266.6 319.2 204.2 424.9 252.1 593.7 593.2 269.0 308.1 178.4 476.2 153.3 566.0 491.1 200.4 285.2 222.1 367.0 60.8 563.5 504.8 361.6 222.1 605.4 367.6 440.3 138.3 628.6 518.8 510.5 430.7 163.9 321.5 619.1 515.0 147.0 372.1 270.6 261.8 502.1 556.0 577.9 624.5 285.3 190.0 607.5 404.8 291.8 365.5 344.0 185.8 162.6 125.1 235.8 174.5 515.7 178.4 229.6 257.1 160.6 138.6 145.9 104.9 616.0 260.0 256.3 608.9 301.2 149.1 247.7 604.8 306.7 388.4 583.8 338.3 247.7 286.0 311.5 620.9 368.1 534.1 444.7 298.5 190.8 285.8 373.2 439.2 619.4 154.0 205.1 226.1 155.5 450.8 429.0 466.9 26.7 522.3 596.2 309.1 508.3 290.8 413.2 265.3 525.0 123.0 503.4 476.5 230.6 103.7 111.4 278.3 582.9 204.6 407.9 284.5 281.5 404.7 0.0 209.0 275.9 365.8 239.1 234.0 171.3 432.8 89.2 356.5 525.4 277.8 533.9 520.0 477.3 252.5 241.9 320.7 582.0 221.8 459.4 250.5 117.4 205.2 249.0 290.6 369.7 197.2 306.4 116.4 641.7 450.7 414.8 593.9 144.4 342.9 332.3 353.7 278.4 485.9 357.1 61.2 205.1 80.6 279.6 271.8 373.3 100.6 394.9 173.8 388.7 221.5 49.8 597.8 295.8
1657.3 723.5 686.0 781.3 418.2 573.9 225.0 675.6 439.9 415.6 131.4 198.9 676.6 394.6 864.8 862.9 341.1 291.3 306.2 727.9 302.3 835.7 760.8 179.7 536.9 200.8 503.2 265.1 833.2 774.5 431.3 424.1 875.1 179.8 710.0 102.2 900.6 788.5 780.2 700.4 385.3 383.6 888.8 784.7 398.7 623.8 522.3 483.2 771.8 825.7 847.6 896.5 487.3 377.4 877.2 656.5 440.8 617.2 531.4 245.7 205.9 219.4 384.8 221.5 785.4 117.9 234.7 352.4 324.6 301.9 397.6 256.5 885.7 409.0 458.3 878.6 420.7 349.2 396.7 874.5 122.4 640.1 853.5 590.0 421.7 435.0 184.2 890.6 437.8 803.8 696.4 500.5 339.8 537.5 642.9 708.9 889.1 389.6 456.8 447.5 119.4 720.5 698.7 736.6 231.0 792.0 865.9 121.3 778.0 428.3 682.9 402.8 794.7 374.7 755.1 746.2 379.6 252.7 347.0 480.3 854.0 353.6 677.6 128.7 365.6 656.4 203.2 0.0 66.8 435.5 376.6 329.3 259.4 702.5 298.2 235.7 795.1 426.8 803.6 789.7 747.0 171.7 113.6 572.4 851.7 473.5 711.1 471.9 251.1 349.0 500.7 428.1 639.4 418.6 431.0 262.8 911.4 702.4 757.2 863.6 84.4 485.4 584.0 219.5 261.6 737.6 626.8 210.2 228.0 284.9 75.9 409.3 643.0 370.3 646.6 183.3 640.4 367.8 201.2 867.5 289.6
1718.1 781.7 737.8 802.4 495.7 629.2 281.2 696.7 491.7 479.7 187.6 255.1 734.3 455.4 917.2 884.0 401.9 368.2 367.0 785.6 366.4 856.8 781.9 256.6 580.3 257.0 564.0 351.6 854.3 795.6 492.1 484.9 962.3 236.0 731.1 179.1 953.0 809.6 801.3 721.5 449.4 444.4 981.5 805.8 459.5 675.6 565.7 547.3 792.9 846.8 957.8 948.9 548.1 438.2 898.3 708.3 504.9 677.8 592.2 178.8 139.0 152.5 448.9 154.6 806.5 178.7 303.5 413.2 257.7 235.0 460.1 189.6 985.2 473.1 519.1 899.7 481.5 419.6 460.8 895.6 105.6 691.9 874.6 641.8 482.5 512.5 240.4 911.7 498.6 824.9 748.2 561.3 403.9 589.3 664.0 730.0 910.2 444.8 517.6 511.6 196.3 741.6 719.8 757.7 317.5 813.1 887.0 177.5 799.1 489.1 704.0 463.6 815.8 435.5 812.8 767.3 443.7 323.1 402.2 541.1 906.4 417.7 698.7 104.3 426.4 708.2 289.7 76.8 0.0 496.3 437.4 390.1 192.5 723.6 368.6 168.8 816.2 504.3 824.7 810.8 768.1 227.9 169.8 624.2 872.8 534.3 762.9 536.0 184.2 409.8 552.5 488.9 660.5 482.7 491.8 298.9 932.5 760.6 814.9 884.7 161.3 546.2 635.8 152.6 338.5 795.3 647.9 280.6 293.0 371.4 132.1 470.1 664.1 391.4 698.4 260.2 702.0 428.6 287.7 888.6 362.5
1515.7 691.4 653.9 630.3 553.9 541.8 256.4 524.6 407.8 452.4 360.4 269.8 528.3 246.2 712.4 711.9 205.6 234.2 272.4 598.0 458.0 684.7 609.8 315.8 504.8 307.5 82.7 374.8 682.2 623.5 125.0 392.0 724.1 404.6 559.0 345.3 747.3 637.5 629.2 549.4 383.5 235.9 737.8 633.7 366.6 591.7 490.2 481.4 620.8 674.7 696.6 743.2 361.3 283.6 726.2 624.4 468.8 488.7 384.3 504.4 477.1 391.2 421.6 489.0 634.4 405.4 244.6 302.3 460.2 438.2 365.5 412.3 734.7 467.8 332.3 727.6 229.1 385.0 455.5 723.5 416.8 608.0 702.5 557.9 274.1 498.0 390.8 739.6 2.2 652.8 543.7 374.5 427.1 508.0 491.9 557.9 738.1 418.8 424.7 445.7 362.5 569.5 547.7 585.6 359.2 641.0 714.9 350.3 627.0 86.5 531.9 152.3 643.7 342.6 625.2 595.2 502.0 408.4 356.2 354.3 701.6 413.3 526.6 520.4 192.1 624.3 331.4 405.5 465.7 0.0 106.3 279.2 470.9 551.5 404.6 535.0 644.1 562.5 652.6 640.4 596.0 426.8 336.3 442.8 700.7 441.4 679.0 470.1 431.9 320.5 468.6 177.6 488.4 416.8 275.0 416.0 760.4 670.3 533.0 712.6 371.4 92.4 551.9 515.3 259.2 607.7 475.8 365.9 317.7 352.6 366.5 49.2 492.0 338.2 614.5 343.6 481.5 249.6 287.1 716.5 218.6
1565.6 590.3 552.8 648.1 452.8 440.7 306.3 542.4 306.7 351.3 408.8 319.7 545.3 239.0 730.2 729.7 204.5 284.1 171.3 594.7 356.9 702.5 627.6 365.7 403.7 357.4 209.4 273.7 700.0 641.3 122.4 290.9 741.9 454.5 576.8 273.0 765.1 655.3 647.0 567.2 282.4 234.8 755.6 651.5 265.5 490.6 389.1 380.3 638.6 692.5 714.4 761.0 354.1 244.2 744.0 523.3 376.5 484.0 398.2 455.5 376.0 290.1 320.5 387.9 652.2 313.1 294.5 201.2 382.2 360.2 264.4 311.2 752.5 366.7 325.1 745.4 210.0 283.9 354.4 741.3 466.7 506.9 720.3 456.8 288.5 396.9 440.7 757.4 128.9 670.6 563.2 367.3 326.0 406.9 509.7 575.7 755.9 317.7 323.6 344.6 290.2 587.3 565.5 603.9 285.6 658.8 732.7 400.2 644.8 160.2 549.7 133.2 661.5 241.5 621.9 613.0 400.9 307.3 255.1 347.1 719.4 312.2 544.4 471.5 85.7 523.2 257.8 343.7 410.6 126.6 0.0 178.1 392.9 569.3 303.5 543.5 661.9 461.4 670.4 656.5 613.8 387.2 386.2 431.7 718.5 340.3 577.9 369.0 330.8 219.4 367.5 158.5 506.2 315.7 297.8 317.4 778.2 569.2 624.0 730.4 279.1 219.1 450.8 540.7 309.1 604.4 493.6 264.8 367.6 250.1 416.4 141.2 509.8 237.1 513.4 393.5 502.9 234.6 255.8 734.3 268.5
1667.7 619.1 600.9 629.1 331.4 478.3 223.6 523.4 340.8 328.8 312.5 197.5 571.7 287.6 778.0 710.7 234.1 301.4 217.2 623.0 215.5 683.5 608.6 193.7 429.4 215.4 402.5 178.3 681.0 622.3 397.1 335.1 722.9 360.9 557.8 131.6 813.8 636.3 628.0 548.2 298.5 276.6 736.6 632.5 291.5 538.7 414.8 396.4 619.6 673.5 695.4 809.7 398.3 288.4 725.0 557.4 354.0 511.0 425.0 314.1 234.6 148.7 298.0 246.5 633.2 171.7 222.9 59.8 240.8 218.8 309.2 169.8 733.5 322.2 369.3 726.4 336.7 262.4 309.9 722.3 352.3 555.0 701.3 490.9 314.8 348.2 304.8 738.4 403.6 651.6 608.4 411.5 253.0 444.3 490.7 556.7 736.9 302.8 349.6 360.7 148.8 568.3 546.5 584.4 144.2 639.8 713.7 302.4 625.8 326.3 530.7 300.8 642.5 293.9 650.2 594.0 292.8 165.9 260.2 391.3 767.2 266.8 525.4 330.1 317.0 557.3 116.4 202.3 269.2 401.3 274.6 0.0 251.5 550.3 211.4 402.1 642.9 340.0 651.4 637.5 594.8 245.8 235.2 479.2 699.5 366.3 619.8 385.1 189.4 260.0 401.6 326.1 487.2 331.8 315.7 176.0 759.2 598.0 652.3 711.4 137.7 378.4 484.9 399.3 271.7 632.7 474.6 123.4 198.4 198.1 272.9 307.3 490.8 218.1 547.5 167.1 535.2 257.1 114.4 715.3 289.1
1785.0 638.4 592.5 731.3 352.4 483.9 385.1 625.6 346.4 334.4 385.1 359.0 591.0 401.3 773.9 812.9 347.8 462.9 330.9 642.3 221.1 785.7 710.8 355.2 435.0 376.9 516.2 262.9 783.2 724.5 510.8 481.7 819.0 348.9 660.0 293.1 809.7 738.5 730.2 650.4 304.1 390.3 838.2 734.7 350.7 530.3 420.4 402.0 721.8 775.7 814.5 805.6 544.9 449.6 827.2 563.0 359.6 532.5 603.6 114.5 144.1 136.7 303.6 159.7 735.4 287.6 384.4 406.3 65.1 42.4 314.8 116.5 841.9 327.8 515.9 828.6 450.4 337.4 315.5 824.5 235.4 546.6 803.5 496.5 428.5 369.2 419.9 840.6 517.3 753.8 602.9 558.1 258.6 444.0 592.9 658.9 839.1 419.8 415.7 366.3 310.3 670.5 648.7 686.6 228.8 742.0 815.9 375.0 728.0 440.0 632.9 414.5 744.7 335.1 669.5 696.2 298.4 258.5 377.2 537.9 763.1 272.4 627.6 213.2 430.7 562.9 201.0 270.6 218.0 515.0 388.3 383.2 0.0 652.5 304.8 285.2 745.1 361.0 753.6 739.7 697.0 407.3 349.3 478.9 801.7 417.0 617.6 390.7 129.0 464.8 407.2 439.8 589.4 337.4 429.4 106.3 861.4 617.3 671.6 813.6 299.2 492.1 490.5 282.4 433.2 652.0 576.8 216.0 359.9 371.2 311.6 421.0 593.0 302.7 553.1 328.6 556.7 370.8 199.0 844.5 450.6
1925.6 337.6 440.2 209.7 424.4 263.0 759.1 110.6 339.4 420.2 785.4 670.4 216.5 446.8 310.3 297.9 490.1 736.9 497.7 283.7 444.0 270.7 195.8 661.6 258.3 688.3 587.6 406.8 268.2 147.8 627.7 506.9 310.1 833.8 145.0 604.5 333.3 223.5 215.2 135.4 354.0 417.5 323.8 219.7 370.0 378.0 272.9 262.1 110.0 260.7 282.6 329.2 479.2 467.4 312.2 243.8 436.6 247.1 502.2 652.0 628.8 591.3 389.4 640.7 179.7 644.6 747.3 608.6 605.3 604.8 396.8 571.1 320.7 403.7 450.2 313.6 541.1 398.3 423.3 309.5 772.9 394.3 288.5 251.8 425.9 410.9 777.7 312.3 634.2 238.8 269.5 492.4 394.9 238.7 95.9 143.9 306.9 521.4 316.1 298.1 621.7 114.8 34.8 90.7 436.3 195.6 300.9 775.3 213.0 616.4 92.6 596.2 229.7 392.6 310.9 84.4 433.7 469.4 478.8 472.2 325.4 381.1 67.3 750.7 594.4 252.0 465.1 675.2 742.1 631.9 560.9 585.5 637.5 0.0 436.6 822.7 230.1 433.0 238.6 224.7 182.0 718.7 708.1 204.9 286.7 299.8 338.3 270.8 583.6 498.4 295.3 621.5 92.4 320.7 402.4 582.6 340.6 316.5 226.7 298.6 610.6 537.6 257.8 819.9 761.9 293.4 96.6 511.9 671.3 384.6 745.8 602.7 68.6 360.5 242.2 640.0 186.3 481.7 516.0 302.5 721.3
1637.3 429.5 392.0 517.0 197.6 283.4 308.0 411.3 145.9 133.9 396.9 281.9 382.6 257.2 620.8 598.6 274.7 373.8 184.1 433.9 107.5 571.4 496.5 278.1 234.5 299.8 372.1 39.7 568.9 510.2 366.7 209.8 610.8 445.3 445.7 216.0 656.6 524.2 515.9 436.1 103.6 246.2 624.5 520.4 88.9 329.8 219.9 201.5 507.5 561.4 583.3 652.5 273.0 195.7 612.9 362.5 159.1 332.0 340.6 263.5 240.3 202.8 103.1 252.2 521.1 256.1 307.3 262.2 238.3 216.3 114.3 182.6 621.4 127.3 244.0 614.3 306.3 59.8 115.0 610.2 384.4 346.1 589.2 296.0 253.4 179.5 389.2 626.3 373.2 539.5 402.4 286.2 58.1 243.5 378.6 444.6 624.8 114.9 147.0 165.8 233.2 456.2 434.4 472.3 47.8 527.7 601.6 386.8 513.7 295.9 418.6 270.4 530.4 91.3 461.1 481.9 133.3 36.3 72.3 266.0 610.0 71.9 413.3 362.2 286.6 362.4 76.6 286.7 353.6 370.9 244.2 239.1 249.0 438.2 0.0 434.2 530.8 206.2 539.3 525.4 482.7 330.2 319.6 278.4 587.4 163.7 417.1 190.2 195.1 210.9 206.7 295.7 375.1 136.9 308.9 194.1 647.1 408.4 463.2 599.3 222.1 348.0 290.0 431.4 356.1 443.6 362.5 78.8 282.8 59.5 357.3 276.9 378.7 79.5 352.6 251.5 356.2 227.2 118.4 603.2 358.2
1779.2 862.8 818.9 883.5 576.8 710.3 401.5 777.8 572.8 560.8 307.9 375.4 815.4 555.1 998.3 965.1 501.6 495.7 466.7 866.7 447.5 937.9 863.0 395.9 661.4 419.6 576.2 432.7 935.4 876.7 489.2 584.6 1043.4 271.7 812.2 336.1 1034.1 890.7 882.4 802.6 530.5 544.1 1062.6 886.9 559.2 756.7 646.8 628.4 874.0 927.9 1038.9 1030.0 647.8 537.9 979.4 789.4 586.0 758.9 691.9 259.9 220.1 233.6 530.0 235.7 887.6 278.4 425.5 512.9 338.8 316.1 541.2 270.7 1066.3 554.2 618.8 980.8 581.2 505.5 541.9 976.7 158.2 773.0 955.7 722.9 582.2 593.6 342.7 992.8 495.7 906.0 829.3 661.0 485.0 670.4 745.1 811.1 991.3 525.9 617.3 592.7 353.3 822.7 800.9 838.8 398.6 894.2 968.1 297.8 880.2 588.8 785.1 563.3 896.9 535.2 893.9 848.4 524.8 422.8 483.3 640.8 987.5 498.8 779.8 204.0 526.1 789.3 370.8 233.3 162.7 493.4 537.1 489.8 273.6 804.7 468.3 0.0 897.3 585.4 905.8 891.9 849.2 378.7 272.1 705.3 953.9 643.4 844.0 617.1 265.3 509.5 633.6 588.6 741.6 563.8 591.5 380.0 1013.6 841.7 896.0 965.8 300.3 531.3 716.9 19.7 466.0 876.4 729.0 380.3 392.7 452.5 234.4 569.8 745.2 472.5 779.5 361.4 783.1 528.3 368.8 969.7 484.5
1766.3 214.8 317.4 145.0 447.5 249.1 746.2 102.9 323.4 427.0 772.5 657.5 88.4 433.9 141.1 70.3 477.2 724.0 494.0 160.9 450.8 40.5 144.5 653.7 289.2 675.4 574.7 393.9 172.6 213.0 614.8 537.7 140.9 820.9 125.6 591.6 164.1 66.7 46.0 76.9 341.1 404.6 160.1 124.1 357.1 255.2 303.8 249.2 241.3 91.5 113.4 160.0 466.3 454.5 216.6 211.8 452.9 232.9 489.3 639.1 615.9 578.4 396.2 627.8 214.9 631.7 734.4 634.6 612.1 591.9 370.8 558.2 163.8 426.8 437.3 218.0 528.2 405.1 439.9 213.9 760.0 271.5 79.7 237.6 413.0 434.0 764.8 230.0 621.3 71.1 146.7 479.5 401.7 259.6 139.5 92.7 235.4 582.6 303.2 278.9 608.8 173.5 177.3 215.2 423.4 157.8 205.3 762.4 117.4 603.5 161.5 583.3 134.1 391.1 188.1 226.9 450.3 456.5 540.0 459.3 156.2 387.9 156.2 737.8 581.5 183.9 452.2 662.3 729.2 619.0 548.0 611.5 624.6 181.1 423.7 809.8 0.0 456.1 143.0 5.7 130.7 705.8 695.2 192.0 56.5 286.9 215.5 257.9 570.7 520.8 326.2 608.6 136.0 307.8 389.5 569.7 250.8 193.7 139.9 203.0 597.7 524.7 243.6 807.0 749.0 170.6 120.2 499.0 658.4 370.3 732.9 589.8 121.6 347.6 174.1 627.1 168.7 468.8 503.1 72.3 708.4
1799.9 476.2 438.7 577.5 224.3 330.1 441.1 471.8 192.6 180.6 530.0 415.0 429.3 390.3 667.5 659.1 374.8 536.4 284.2 480.6 134.2 631.9 557.0 411.2 281.2 432.9 505.2 172.8 629.4 570.7 514.9 327.9 671.3 578.4 506.2 349.1 703.3 584.7 576.4 496.6 150.3 379.3 685.0 580.9 194.7 376.5 266.6 248.2 568.0 621.9 643.8 699.2 391.1 295.8 673.4 409.2 205.8 378.7 449.8 418.8 404.6 367.1 149.8 416.5 581.6 389.2 440.4 424.8 295.5 307.8 161.0 346.9 681.9 174.0 362.1 674.8 439.4 165.6 161.7 670.7 539.7 392.8 649.7 342.7 353.5 226.2 522.3 686.8 521.4 600.0 449.1 404.3 104.8 290.2 439.1 505.1 685.3 248.0 252.8 212.5 366.3 516.7 494.9 532.8 180.9 588.2 662.1 519.9 574.2 429.0 479.1 403.5 590.9 181.3 507.8 542.4 160.0 169.4 205.4 384.1 656.7 118.6 473.8 517.5 449.2 409.1 209.7 419.8 486.7 519.1 377.3 401.7 343.0 498.7 133.0 589.5 591.3 0.0 599.8 585.9 543.2 463.3 452.7 325.1 647.9 263.2 463.8 236.9 359.4 311.0 253.4 428.8 435.6 183.6 409.0 240.1 707.6 455.1 509.9 659.8 355.2 481.1 336.7 586.7 561.4 490.3 423.0 211.9 415.9 217.4 490.4 410.0 439.2 212.6 399.3 384.6 402.9 327.3 251.5 663.7 520.8
1750.0 334.4 437.0 55.4 506.7 368.7 841.4 147.5 443.0 502.5 867.7 752.7 208.0 529.1 157.8 169.5 572.4 819.2 580.0 280.5 526.3 171.3 66.9 748.9 340.6 770.6 669.9 489.1 29.5 161.8 710.0 657.3 100.5 916.1 183.6 686.8 111.5 66.9 85.7 106.1 436.3 499.8 85.1 18.8 452.3 374.8 355.2 344.4 190.1 132.3 154.2 115.6 561.5 549.7 73.5 331.4 512.1 352.5 584.5 734.3 711.1 673.6 471.7 723.0 125.3 726.9 829.6 754.2 687.6 687.1 490.4 653.4 82.0 486.0 532.5 74.9 623.4 480.6 505.6 70.8 855.2 391.1 160.1 357.2 508.2 493.2 860.0 86.9 716.5 62.2 266.3 574.7 477.2 323.6 198.2 114.0 92.3 603.7 398.4 374.1 704.0 142.5 230.2 273.9 518.6 90.5 62.2 857.6 25.5 698.7 220.2 678.5 8.9 474.9 307.7 209.3 569.9 551.7 561.1 554.5 145.6 463.4 190.9 833.0 676.7 303.5 547.4 757.5 824.4 714.2 643.2 731.1 719.8 239.8 518.9 905.0 130.7 515.3 0.0 125.3 80.1 801.0 790.4 287.2 183.3 382.1 335.1 353.1 665.9 640.4 377.6 703.8 194.7 403.0 484.7 664.9 107.7 313.3 259.5 59.9 692.9 619.9 363.2 902.2 844.2 290.2 178.9 594.2 753.6 465.5 828.1 685.0 180.3 442.8 293.7 722.3 263.9 564.0 598.3 193.6 803.6
1760.6 220.2 322.8 139.3 452.9 262.8 751.6 97.2 328.8 432.4 776.4 662.9 99.1 439.3 135.4 75.7 482.6 729.4 473.2 166.3 456.2 45.9 138.8 652.4 292.9 680.8 580.1 397.6 168.8 209.2 620.2 547.8 135.2 826.3 131.0 597.0 158.4 61.0 40.3 71.2 344.8 410.0 154.4 120.3 362.5 260.6 307.5 254.6 235.6 80.2 107.7 154.3 471.7 458.2 210.9 217.2 448.8 238.3 493.0 644.5 619.6 582.1 401.6 633.2 209.2 635.4 739.8 640.0 617.5 595.6 376.2 563.6 158.1 432.2 441.0 212.3 533.6 410.5 445.3 208.2 765.4 276.9 85.1 243.0 418.4 439.4 770.2 224.3 626.7 65.4 152.1 484.9 407.1 260.7 144.9 87.0 229.7 588.0 308.6 290.6 614.2 167.8 182.7 221.1 428.8 152.1 199.6 766.1 111.7 608.9 166.9 588.7 128.4 396.5 193.5 232.3 455.7 460.2 545.4 464.7 150.5 393.3 161.6 743.2 586.9 191.6 457.6 667.7 734.6 624.4 553.4 616.9 630.0 184.8 429.1 815.2 5.4 461.5 137.3 0.0 125.0 709.5 700.6 205.7 61.9 292.3 220.9 263.3 576.1 529.8 329.9 614.0 139.7 313.2 394.9 575.1 245.1 199.1 144.8 197.3 603.1 530.1 249.0 812.4 754.4 176.0 123.9 504.4 663.8 370.1 736.6 597.7 127.0 353.0 179.5 632.5 215.1 474.2 508.5 77.7 713.8
1803.9 317.1 419.7 34.2 446.9 285.8 781.6 70.4 361.9 442.7 807.9 692.9 190.7 469.3 178.7 166.3 512.6 759.4 520.2 263.2 466.5 168.1 13.7 689.1 280.8 710.8 610.1 429.3 110.8 128.5 650.2 534.2 168.6 856.3 106.5 627.0 179.6 51.8 82.5 109.0 376.5 440.0 153.2 66.0 392.5 357.5 295.4 284.6 156.8 129.1 151.0 183.7 501.7 489.9 141.6 266.3 452.3 269.6 524.7 674.5 651.3 613.8 411.9 663.2 104.1 667.1 769.8 631.1 627.8 627.3 419.3 593.6 150.1 426.2 472.7 156.2 563.6 420.8 445.8 138.9 795.4 373.8 156.9 274.3 448.4 433.4 800.2 147.4 656.7 67.1 249.0 514.9 417.4 263.8 138.4 36.9 142.0 543.9 338.6 314.3 644.2 89.0 176.2 214.1 458.8 69.3 143.5 797.8 59.3 638.9 160.4 618.7 72.3 415.1 290.4 176.0 456.2 491.9 501.3 494.7 193.8 403.6 137.4 773.2 616.9 286.2 487.6 697.7 764.6 654.4 583.4 608.0 660.0 180.0 459.1 845.2 127.5 455.5 81.2 122.1 0.0 741.2 730.6 227.4 180.1 322.3 317.8 293.3 606.1 517.3 317.8 644.0 134.9 343.2 424.9 605.1 175.7 296.0 242.2 128.0 633.1 560.1 280.3 842.4 784.4 272.9 119.1 534.4 693.8 405.7 768.3 625.2 120.5 383.0 276.4 662.5 204.1 504.2 538.5 190.4 743.8
1622.6 713.2 695.0 723.2 425.5 572.4 175.6 617.5 434.9 422.9 184.2 156.3 665.8 410.8 872.1 804.8 357.3 267.4 363.4 717.1 309.6 777.6 702.7 161.4 523.5 135.1 419.6 272.4 775.1 716.4 332.6 483.0 817.0 234.1 651.9 131.4 907.9 730.4 722.1 642.3 392.6 399.8 830.7 726.6 385.6 632.8 508.9 490.5 713.7 762.0 789.5 903.8 546.2 436.3 819.1 651.5 448.1 605.1 590.3 352.3 312.5 326.0 392.1 328.1 727.3 166.6 181.6 411.3 334.9 312.9 403.3 363.1 827.6 416.3 517.2 820.5 479.6 356.5 404.0 816.4 158.7 649.1 795.4 585.0 480.6 442.3 14.4 832.5 339.1 745.7 702.5 559.4 347.1 541.0 584.8 650.8 831.0 396.9 443.7 448.5 148.6 662.4 640.6 678.5 238.3 733.9 807.8 175.6 719.9 449.5 624.8 424.0 736.6 388.0 744.3 688.1 386.9 260.0 354.3 539.2 861.3 360.9 619.5 277.3 424.5 651.4 210.5 149.2 215.4 336.8 397.8 388.2 366.0 644.4 305.5 300.7 737.0 434.1 745.5 731.6 688.9 0.0 46.6 565.8 793.6 460.4 713.9 479.2 357.7 411.5 495.7 449.3 581.3 425.9 489.9 270.1 853.3 692.1 745.9 805.5 132.6 374.7 579.0 281.0 237.7 726.8 568.7 217.5 257.2 298.8 84.3 369.5 584.9 312.2 641.6 206.6 625.0 426.7 208.5 809.4 240.6
1590.0 732.5 714.3 742.5 444.8 591.7 131.8 636.8 454.2 442.2 137.4 105.7 685.1 455.4 891.4 824.1 401.9 264.4 367.0 736.4 328.9 796.9 722.0 185.7 542.8 154.4 387.0 291.7 794.4 735.7 300.0 484.9 836.3 185.8 671.2 144.7 927.2 749.7 741.4 661.6 411.9 444.4 850.0 745.9 404.9 652.1 528.2 509.8 733.0 786.9 808.8 923.1 548.1 438.2 838.4 670.8 467.4 624.4 592.2 305.6 265.8 279.3 411.4 281.4 746.6 160.9 155.8 413.2 384.5 361.8 422.6 316.4 846.9 435.6 519.1 839.8 481.5 375.8 423.3 835.7 112.0 668.4 814.7 604.3 482.5 461.6 70.5 851.8 306.5 765.0 721.8 561.3 366.4 557.7 604.1 670.1 850.3 416.2 463.0 474.1 161.9 681.7 659.9 697.8 257.6 753.2 827.1 127.3 739.2 374.2 644.1 463.6 755.9 435.5 763.6 707.4 406.2 279.3 373.6 541.1 880.6 380.2 638.8 230.6 426.4 670.7 229.8 102.5 168.7 304.2 437.4 390.1 319.3 663.7 324.8 254.0 756.3 453.4 764.8 750.9 708.2 106.5 0.0 592.6 812.9 479.7 733.2 498.5 311.0 409.8 515.0 488.9 600.6 445.2 491.8 289.4 872.6 711.4 765.7 824.8 126.9 342.1 598.3 234.3 239.9 746.1 588.0 236.8 270.5 311.5 37.6 336.9 604.2 331.5 660.9 225.8 648.6 428.6 227.8 828.7 214.8
1820.7 240.0 305.1 256.9 219.4 43.8 586.0 151.2 134.4 247.1 610.8 497.3 151.9 273.7 339.0 338.5 317.0 563.8 278.8 190.0 253.5 311.3 236.4 488.5 75.6 522.7 414.5 233.7 308.8 257.6 454.6 353.4 350.7 660.7 185.6 431.4 373.9 264.1 255.8 176.0 188.4 244.4 371.9 267.8 196.9 242.9 90.2 89.0 247.4 295.7 323.2 369.8 306.1 301.8 352.8 112.2 233.0 54.1 336.6 478.9 463.2 425.7 216.3 467.6 261.0 479.0 574.2 445.6 432.2 439.2 181.8 398.0 361.3 198.7 284.6 354.2 368.0 225.2 211.8 350.1 599.8 259.2 329.1 78.8 252.8 205.9 604.6 373.7 461.1 286.9 175.8 319.3 221.8 33.7 118.5 184.5 364.7 348.3 143.0 125.0 448.6 196.1 174.3 212.7 263.2 267.6 341.5 609.7 253.6 443.3 158.5 423.1 270.3 202.1 217.2 229.3 228.7 296.3 305.7 306.6 328.2 208.0 153.2 577.6 421.3 122.7 292.0 502.1 569.0 466.3 387.8 422.5 464.4 185.6 263.5 649.6 270.7 228.0 279.2 267.0 222.6 545.6 535.0 0.0 327.3 126.7 240.7 97.7 410.5 335.4 112.6 448.4 122.5 147.6 229.3 409.5 387.0 218.9 236.8 346.7 437.5 364.5 81.1 646.8 588.8 199.7 109.9 338.8 498.2 204.5 572.7 432.1 118.6 187.4 110.6 466.9 65.7 308.6 342.9 343.1 548.2
1729.5 243.9 346.5 197.3 476.6 278.2 775.3 140.3 352.5 456.1 801.6 686.6 117.5 463.0 108.6 13.8 506.3 753.1 523.1 190.0 479.9 57.2 196.8 682.8 318.3 704.5 603.8 423.0 221.4 265.3 643.9 566.8 140.8 850.0 154.7 620.7 114.4 119.0 98.3 122.6 370.2 433.7 158.7 178.7 386.2 284.3 332.9 278.3 281.6 91.4 63.7 110.3 495.4 483.6 206.2 240.9 482.0 262.0 518.4 668.2 645.0 607.5 425.3 656.9 267.2 660.8 763.5 663.7 641.2 621.0 399.9 587.3 155.6 455.9 466.4 266.8 557.3 434.2 469.0 203.5 789.1 300.6 23.2 266.7 442.1 463.1 793.9 278.8 650.4 123.4 175.8 508.6 430.8 288.7 168.6 169.7 284.2 611.7 332.3 308.0 637.9 225.8 206.4 244.3 452.5 224.8 254.1 791.5 172.1 632.6 190.6 612.4 188.8 420.2 217.2 256.0 479.4 485.6 569.1 488.4 123.7 417.0 185.3 766.9 610.6 213.0 481.3 691.4 758.3 648.1 577.1 640.6 653.7 210.2 452.8 838.9 76.9 485.2 197.7 82.6 183.0 734.9 724.3 221.1 0.0 316.0 244.6 287.0 599.8 549.9 355.3 637.7 165.1 336.9 418.6 598.8 299.6 222.8 169.0 192.6 626.8 553.8 272.7 836.1 778.1 199.7 149.3 528.1 687.5 399.4 762.0 618.9 150.7 376.7 203.2 656.2 197.8 497.9 532.2 38.0 737.5
1721.0 372.5 385.3 353.2 293.4 122.6 479.7 247.5 139.2 179.5 540.7 493.1 273.8 248.5 435.3 434.8 291.8 457.5 205.3 307.1 203.3 407.6 332.7 421.9 73.7 443.6 389.3 162.1 405.1 346.4 429.4 249.0 447.0 589.1 281.9 359.8 470.2 360.4 352.1 272.3 113.3 219.2 460.7 356.6 70.1 323.1 59.1 58.7 343.7 397.6 419.5 466.1 280.9 216.9 449.1 229.3 204.7 171.2 303.9 407.3 384.1 346.6 148.7 396.0 357.3 399.9 467.9 345.9 364.6 373.7 96.9 326.4 457.6 194.9 251.9 450.5 342.8 98.4 182.6 446.4 528.2 339.4 425.4 195.9 227.6 225.1 533.0 462.5 435.9 375.7 292.9 294.1 154.2 171.4 214.8 280.8 461.0 284.3 16.2 51.1 377.0 292.4 270.6 308.5 191.6 363.9 437.8 530.6 349.9 418.1 254.8 397.9 366.6 102.4 334.3 318.1 229.1 205.7 241.7 273.9 424.5 140.4 249.5 506.0 396.1 237.5 220.4 430.5 497.4 433.6 362.6 322.8 392.8 274.4 169.3 578.0 367.0 302.0 375.5 361.6 318.9 474.0 463.4 157.4 423.6 0.0 379.7 47.4 338.9 232.1 78.6 423.2 211.3 80.0 204.1 335.2 483.3 351.4 256.4 435.5 365.9 339.3 201.9 575.2 482.5 316.8 198.7 248.2 426.6 138.5 501.1 404.4 214.9 162.2 227.7 395.3 195.4 248.4 287.8 439.4 441.9
1774.1 109.3 256.7 331.9 396.9 203.3 770.3 233.0 295.6 399.2 796.6 681.6 101.8 458.0 254.1 377.8 501.3 748.1 466.2 43.9 423.0 350.6 318.2 677.8 243.4 699.5 598.8 418.0 348.1 379.5 638.9 509.9 299.2 845.0 247.4 615.7 289.9 303.4 295.1 215.3 365.2 428.7 318.4 299.6 381.2 194.5 258.0 273.3 374.3 340.6 294.7 285.8 490.4 478.6 392.1 166.0 402.3 187.1 513.4 663.2 640.0 602.5 368.4 651.9 390.4 655.8 758.5 606.8 584.3 596.6 343.0 582.3 322.1 376.2 461.4 393.5 552.3 377.3 389.3 389.4 784.1 210.8 368.4 191.8 437.1 383.4 788.9 405.5 645.4 318.7 83.1 503.6 373.9 213.8 261.3 266.3 410.9 554.8 327.3 303.0 632.9 325.5 299.1 337.0 447.5 349.4 380.8 786.5 292.9 627.6 283.3 607.4 309.6 363.3 71.1 348.7 406.2 480.6 512.2 483.4 243.3 360.1 278.0 761.9 605.6 138.1 476.3 686.4 753.3 643.1 572.1 583.7 631.8 302.9 447.8 833.9 310.0 405.5 318.5 304.6 304.4 729.9 719.3 216.1 366.6 311.0 0.0 282.0 594.8 493.0 280.4 632.7 257.8 331.9 413.6 543.3 426.3 88.2 164.0 378.5 621.8 548.8 197.8 831.1 773.1 73.6 242.0 523.1 682.5 394.4 757.0 613.9 243.4 371.7 128.3 651.2 169.9 492.9 555.2 324.7 732.5
1750.0 360.3 368.8 340.5 263.2 110.4 508.7 234.8 122.7 149.3 569.7 522.1 261.6 267.2 422.6 422.1 310.5 486.5 234.3 294.9 173.1 394.9 320.0 450.9 61.5 472.6 408.0 191.1 392.4 333.7 448.1 278.0 434.3 618.1 269.2 388.8 457.5 347.7 339.4 259.6 83.1 237.9 448.0 343.9 116.1 306.6 46.9 11.2 331.0 384.9 406.8 453.4 299.6 245.9 436.4 217.1 174.5 159.0 322.6 457.7 443.5 406.0 118.5 455.4 344.6 428.9 496.9 374.9 334.4 346.7 111.1 385.8 444.9 164.7 270.6 437.8 361.5 144.4 152.4 433.7 578.6 322.9 412.7 183.7 246.3 194.9 562.0 449.8 454.6 363.0 280.7 312.8 124.0 159.2 202.1 268.1 448.3 304.9 62.2 20.9 406.0 279.7 257.9 295.8 220.6 351.2 425.1 559.6 337.2 436.8 242.1 416.6 353.9 131.4 322.1 305.4 198.9 226.3 262.3 292.6 411.8 110.2 236.8 556.4 414.8 225.3 249.4 459.5 561.2 452.3 381.3 351.8 381.9 261.7 189.9 628.4 354.3 271.8 362.8 348.9 306.2 503.0 492.4 145.2 410.9 63.5 367.5 0.0 398.3 261.1 66.4 441.9 198.6 49.8 222.8 279.0 470.6 339.2 243.7 422.8 394.9 358.0 189.7 625.6 511.5 304.6 186.0 268.8 455.6 167.5 530.1 423.1 202.2 180.9 215.5 424.3 183.2 302.1 308.4 426.7 470.9
1698.8 622.6 585.1 662.4 382.7 513.4 298.9 556.7 339.0 376.5 369.9 272.8 575.7 350.0 744.5 744.0 296.5 376.7 279.6 627.0 264.6 716.8 641.9 269.0 464.5 290.7 464.9 211.6 714.3 655.6 459.5 372.9 756.2 333.7 591.1 206.9 779.4 669.6 661.3 581.5 346.2 339.0 769.9 665.8 313.5 522.9 449.9 444.1 652.9 706.8 728.7 775.3 436.1 350.8 758.3 555.6 401.7 516.3 487.4 148.7 45.1 30.3 345.7 57.0 666.5 247.0 298.2 355.0 155.0 132.3 296.7 23.0 766.8 369.9 407.1 759.7 399.1 284.4 357.6 755.6 220.2 539.2 734.6 489.1 377.2 399.5 380.1 771.7 466.0 684.9 595.5 449.3 300.7 436.6 524.0 590.0 770.2 304.8 371.6 408.4 224.1 601.6 579.8 617.7 177.5 673.1 747.0 359.8 659.1 388.7 564.0 363.2 675.8 315.9 654.2 627.3 341.9 217.2 262.2 429.1 733.7 314.5 558.7 198.0 379.4 555.5 149.7 255.4 202.8 463.7 337.0 331.9 162.4 583.6 262.7 270.0 676.2 391.3 684.7 670.8 628.1 321.1 310.5 471.5 732.8 388.3 610.2 432.8 0.0 322.4 399.8 388.5 520.5 379.5 378.1 167.8 792.5 601.5 565.6 744.7 213.0 440.8 483.1 267.2 347.0 636.7 507.9 174.7 273.7 231.4 296.4 369.7 524.1 251.4 545.7 242.4 539.5 319.5 147.7 748.6 364.4
1666.7 494.1 456.6 548.3 356.6 349.3 425.4 446.2 210.5 255.1 439.5 326.0 442.4 248.1 634.0 633.5 241.6 403.2 124.8 498.5 275.1 606.3 531.4 313.6 307.5 340.3 363.0 211.9 600.2 545.1 381.7 181.4 645.7 489.4 480.6 260.1 668.9 559.1 550.8 471.0 186.2 237.1 659.4 555.3 169.3 394.4 289.3 284.1 542.4 590.7 618.2 664.8 239.9 162.6 647.8 427.1 271.5 387.8 307.5 307.6 280.8 243.3 224.3 296.3 556.0 296.6 413.6 291.6 282.4 256.8 168.2 226.7 656.3 270.5 210.9 649.2 297.2 187.7 258.2 645.1 428.5 410.7 624.1 360.6 220.3 300.7 433.3 657.6 388.2 570.8 467.0 253.1 229.8 307.1 413.5 479.5 659.7 101.8 227.4 242.1 277.3 491.1 469.3 507.7 181.4 562.6 636.5 427.3 548.6 286.8 453.5 261.3 565.3 145.3 525.7 513.2 304.7 225.5 39.2 232.9 623.2 216.0 448.2 406.3 277.5 429.3 153.6 330.8 397.7 385.9 235.1 268.5 293.1 473.1 207.3 478.3 565.7 365.2 574.2 562.0 517.6 370.7 363.7 335.5 622.3 244.1 481.7 272.8 239.2 0.0 267.7 286.6 410.0 219.5 275.8 238.2 682.0 473.0 527.3 634.2 266.2 338.9 354.6 475.5 428.2 508.2 393.8 183.0 326.9 148.3 401.4 275.6 413.6 140.9 417.2 295.6 403.1 194.1 109.3 638.1 387.6
1764.6 334.9 337.3 358.6 237.3 77.9 523.3 252.9 91.2 181.1 584.3 536.7 236.2 312.8 440.7 440.2 356.1 501.1 248.9 269.5 204.9 413.0 338.1 460.5 36.1 487.2 453.6 205.7 410.5 351.8 493.7 297.3 452.4 632.7 287.3 403.4 475.6 365.8 357.5 277.7 114.9 283.5 466.1 362.0 129.9 275.1 21.5 80.3 349.1 403.0 424.9 471.5 345.2 260.5 454.5 191.7 197.5 133.6 368.2 489.5 475.3 437.8 150.3 487.2 362.7 443.5 511.5 389.5 366.2 378.5 125.7 417.6 463.0 196.5 316.2 455.9 407.1 158.2 184.2 451.8 610.4 291.4 430.8 158.3 291.9 226.7 576.6 467.9 500.2 381.1 255.3 358.4 155.8 131.2 220.2 286.2 466.4 336.7 76.0 59.0 420.6 297.8 276.0 313.9 235.2 369.3 443.2 574.2 355.3 482.4 260.2 462.2 372.0 146.0 296.7 323.5 230.7 258.1 294.1 338.2 429.9 142.0 254.9 588.2 413.9 202.2 264.0 474.1 541.0 497.9 426.9 366.4 413.7 279.8 221.7 660.2 372.4 245.9 380.9 368.7 324.3 517.6 507.0 112.3 429.0 77.3 342.1 69.0 430.1 275.7 0.0 487.5 216.7 81.6 268.4 310.8 488.7 313.8 316.8 440.9 409.5 403.6 164.3 657.4 526.1 279.2 204.1 300.6 470.2 176.5 544.7 468.7 220.3 226.5 190.1 438.9 153.5 292.0 340.2 444.8 485.5
1606.4 661.6 624.1 649.1 524.1 512.0 347.1 543.4 378.0 422.6 451.1 360.5 614.7 229.1 731.2 730.7 188.5 324.9 244.3 666.0 428.2 703.5 628.6 411.5 475.0 398.2 133.9 345.0 701.0 642.3 193.7 362.2 742.9 495.3 577.8 344.3 766.1 656.3 648.0 568.2 353.7 218.8 756.6 652.5 336.8 561.9 460.4 451.6 639.6 693.5 715.4 762.0 344.2 266.5 745.0 594.6 447.8 555.3 367.2 526.8 447.3 361.4 391.8 459.2 653.2 384.4 335.3 272.5 443.1 421.1 335.7 382.5 753.5 438.0 315.2 746.4 51.4 355.2 425.7 742.3 507.5 578.2 721.3 528.1 257.0 468.2 481.5 758.4 200.2 671.6 634.5 357.4 397.3 475.6 510.7 576.7 756.9 389.0 394.9 415.9 361.5 588.3 566.5 604.4 342.1 659.8 733.7 441.0 645.8 126.7 550.7 135.2 662.5 312.8 693.2 614.0 472.2 378.6 326.4 337.2 720.4 383.5 545.4 542.8 157.0 594.5 314.3 415.0 481.9 197.9 71.2 249.4 453.8 570.3 374.8 614.8 662.9 532.7 671.4 657.5 614.8 458.5 427.0 510.5 719.5 411.6 649.2 440.3 402.1 287.1 438.8 0.0 507.2 387.0 257.9 388.7 779.2 640.5 552.3 731.4 350.4 125.6 522.1 612.0 349.9 675.7 494.6 336.1 408.4 321.4 457.2 121.9 510.8 308.4 584.7 434.3 578.5 232.5 270.0 735.3 309.3
1840.8 270.8 373.4 149.5 339.6 178.2 674.3 43.8 254.6 335.4 699.1 585.6 142.3 362.0 243.5 231.1 405.3 652.1 412.9 216.9 359.2 203.9 129.0 576.8 173.5 603.5 502.8 322.0 201.4 135.0 542.9 422.1 243.3 749.0 78.2 519.7 266.5 156.7 148.4 68.6 269.2 332.7 257.0 152.9 285.2 311.2 188.1 177.3 132.3 193.9 215.8 262.4 394.4 382.6 245.4 159.0 345.0 162.3 417.4 567.2 544.0 506.5 304.6 555.9 145.9 559.8 662.5 523.8 520.5 520.0 312.0 486.3 253.9 318.9 365.4 246.8 456.3 313.5 338.5 242.7 688.1 327.5 221.7 167.0 341.1 326.1 692.9 258.8 549.4 172.0 152.1 407.6 310.1 153.9 3.5 77.1 257.3 436.6 231.3 213.3 536.9 81.0 86.9 124.8 351.5 160.2 234.1 690.5 146.2 531.6 71.1 511.4 162.9 307.8 244.1 106.7 348.9 384.6 394.0 387.4 258.6 296.3 65.8 665.9 509.6 169.5 380.3 590.4 657.3 547.1 476.1 500.7 552.7 90.7 351.8 737.9 163.3 348.2 171.8 157.9 115.2 633.9 623.3 120.1 219.9 215.0 271.5 186.0 498.8 410.0 210.5 536.7 0.0 235.9 317.6 497.8 279.6 249.7 141.9 231.8 525.8 452.8 173.0 735.1 677.1 226.6 11.8 427.1 586.5 298.4 661.0 520.4 31.2 275.7 157.4 555.2 101.5 396.9 431.2 235.7 636.5
1700.1 356.4 318.9 393.8 213.3 146.4 458.8 288.1 72.8 99.4 519.8 472.2 297.6 320.5 475.9 475.4 275.0 436.6 184.4 330.9 123.2 448.2 373.3 401.0 97.5 422.7 461.3 141.2 445.7 387.0 415.1 228.1 487.6 568.2 322.5 338.9 510.8 401.0 392.7 312.9 33.3 291.2 501.3 397.2 97.1 256.7 82.9 64.5 384.3 438.2 460.1 506.7 291.3 196.0 489.7 253.1 124.6 195.0 375.9 407.8 393.6 356.1 68.6 405.5 397.9 379.0 447.0 325.0 284.5 296.8 61.2 335.9 498.2 114.8 262.3 491.1 414.8 95.5 102.5 487.0 528.7 273.0 466.0 219.7 253.7 145.0 512.1 503.1 421.6 416.3 316.7 304.5 74.1 170.4 255.4 321.4 501.6 255.0 78.2 28.9 356.1 333.0 311.2 349.1 170.7 404.5 478.4 509.7 390.5 376.7 295.4 351.2 407.2 81.5 358.1 358.7 149.0 176.4 212.4 284.3 465.1 60.3 290.1 506.5 349.4 261.3 199.5 409.6 511.3 419.3 325.0 301.9 332.0 315.0 140.0 578.5 407.6 221.9 416.1 402.2 359.5 453.1 442.5 181.2 464.2 79.5 344.0 53.2 348.4 211.2 102.4 376.5 251.9 0.0 276.1 229.1 523.9 335.3 378.2 476.1 345.0 411.3 216.9 575.7 461.6 340.6 239.3 218.9 405.7 117.6 480.2 357.7 255.5 124.6 251.5 374.4 219.2 227.5 258.5 480.0 421.0
1671.4 475.9 534.6 453.3 434.6 277.4 438.9 347.6 288.5 333.1 542.9 452.3 353.4 126.6 535.4 534.9 126.5 416.7 135.1 421.0 356.9 507.7 432.8 503.3 247.6 490.0 267.4 255.5 505.2 446.5 307.5 272.7 547.1 587.1 382.0 375.2 570.3 460.5 452.2 372.4 264.2 50.0 560.8 456.7 247.3 472.4 262.2 224.6 443.8 497.7 519.6 566.2 179.6 153.1 549.2 362.0 358.3 311.7 202.6 422.7 399.5 362.0 302.3 411.4 457.4 415.3 427.1 315.4 397.5 375.5 246.2 341.8 557.7 348.5 150.6 550.6 220.9 265.7 336.2 546.5 599.3 488.7 525.5 336.4 92.4 378.7 573.3 562.6 314.0 475.8 366.7 192.8 307.8 293.9 314.9 380.9 561.1 303.5 305.4 326.4 392.4 392.5 370.7 408.6 296.5 464.0 537.9 532.8 450.0 242.9 354.9 217.4 466.7 223.3 448.2 418.2 382.7 340.6 240.9 172.6 524.6 294.0 349.6 521.4 274.2 370.2 268.7 445.9 512.8 311.7 191.2 292.3 408.2 374.5 285.3 593.4 467.1 443.2 475.6 461.7 419.0 489.4 518.8 257.5 523.7 230.6 559.7 233.3 354.3 201.6 349.3 242.7 311.4 297.5 0.0 353.3 583.4 454.8 356.5 535.6 381.3 217.4 338.7 590.6 441.7 430.7 298.8 298.1 500.2 231.9 549.0 223.9 315.0 218.9 360.4 410.7 299.8 119.1 224.4 539.5 401.1
1678.6 510.5 512.2 651.0 222.8 403.6 278.7 545.3 266.1 254.1 367.6 252.6 463.1 322.9 669.4 732.6 269.4 356.5 252.5 514.4 140.8 705.4 630.5 248.8 354.7 270.5 437.8 184.5 702.9 644.2 432.4 401.4 714.5 416.0 579.7 186.7 705.2 658.2 649.9 570.1 223.8 311.9 733.7 654.4 227.8 450.0 340.1 321.7 641.5 695.4 710.0 701.1 464.6 369.3 746.9 482.7 279.3 452.2 523.3 214.3 179.3 141.8 223.3 191.2 655.1 226.8 278.0 327.9 70.2 64.5 234.5 121.6 737.4 247.5 435.6 748.3 372.0 198.7 235.2 744.2 335.2 466.3 723.2 416.2 350.1 239.6 359.9 760.3 438.9 673.5 522.6 477.8 178.3 363.7 512.6 578.6 758.8 289.0 285.9 286.0 203.9 590.2 568.4 606.3 150.4 661.7 735.6 357.5 647.7 361.6 552.6 336.1 664.4 254.8 541.6 615.9 218.1 152.1 246.4 457.6 658.6 192.1 547.3 313.0 352.3 482.6 122.6 257.4 324.3 436.6 309.9 304.8 99.7 572.2 224.5 385.0 664.8 231.4 673.3 659.4 616.7 300.9 290.3 398.6 721.4 336.7 537.3 310.4 134.1 384.5 326.9 361.4 509.1 257.1 351.0 0.0 781.1 489.4 543.7 733.3 192.8 413.7 410.2 382.2 326.8 524.1 496.5 109.6 253.5 290.9 328.0 342.6 512.7 224.3 472.8 222.2 476.4 292.4 120.6 737.2 344.2
1821.1 445.0 547.6 166.0 617.3 479.3 952.0 256.1 553.6 613.1 978.3 863.3 318.6 639.7 234.3 280.1 683.0 929.8 690.6 391.1 636.9 281.9 172.4 859.5 451.2 881.2 780.5 599.7 78.4 264.5 820.6 767.9 177.0 1026.7 292.2 797.4 188.0 177.5 196.3 216.7 546.9 610.4 161.6 129.4 562.9 485.4 465.8 455.0 292.8 227.9 238.7 192.1 672.1 660.3 108.3 442.0 622.7 463.1 695.1 844.9 821.7 784.2 582.3 833.6 228.0 837.5 940.2 864.8 798.2 797.7 601.0 764.0 158.5 596.6 643.1 40.0 734.0 591.2 616.2 111.0 965.8 501.7 270.7 467.8 618.8 603.8 970.6 38.2 827.1 172.8 376.9 685.3 587.8 434.2 308.8 222.6 43.6 714.3 509.0 484.7 814.6 245.2 332.9 384.5 629.2 175.2 45.4 968.2 136.1 809.3 323.4 789.1 119.4 585.5 418.3 312.0 680.5 662.3 671.7 665.1 216.7 574.0 293.6 943.6 787.3 414.1 658.0 868.1 935.0 824.8 753.8 841.7 830.4 350.4 629.5 1015.6 241.3 625.9 110.5 235.9 185.6 911.6 901.0 397.8 293.9 492.7 445.7 463.7 776.5 751.0 488.2 814.4 305.3 513.6 595.3 775.5 0.0 423.9 370.1 121.9 803.5 730.5 473.8 1012.8 954.8 400.8 289.5 704.8 864.2 576.1 938.7 795.6 290.9 553.4 404.3 832.9 374.5 674.6 708.9 304.2 914.2
1914.3 21.0 170.1 402.7 346.8 292.1 679.6 303.8 234.6 338.2 740.6 693.0 172.6 544.1 394.3 448.6 495.8 657.4 405.2 187.1 362.0 421.4 389.0 621.8 332.2 643.5 684.9 362.0 418.9 450.3 635.9 448.9 439.4 789.0 318.2 559.7 430.1 374.2 365.9 286.1 289.3 514.8 458.6 370.4 317.9 107.9 346.8 359.4 445.1 411.4 433.3 426.0 512.1 416.8 462.9 244.6 352.2 268.9 599.5 646.6 584.0 546.5 307.4 595.9 461.2 599.8 667.8 545.8 523.3 535.6 282.0 526.3 462.3 326.1 483.1 464.3 638.4 316.3 339.2 460.2 767.5 124.2 439.2 241.7 474.5 333.3 732.9 476.3 642.4 389.5 154.9 525.3 312.9 242.4 332.1 337.1 481.7 493.8 376.0 351.5 576.9 396.3 369.9 407.8 391.5 420.2 451.6 730.5 363.7 597.5 354.1 572.0 380.4 302.3 214.3 419.5 364.9 415.2 451.2 505.1 383.5 299.1 348.8 745.3 570.2 218.2 420.3 630.4 697.3 640.1 545.8 522.7 570.8 373.7 378.8 817.3 380.8 355.4 389.3 375.4 375.2 673.9 663.3 277.3 437.4 397.1 182.7 368.1 538.8 432.0 328.3 597.3 328.6 322.6 499.7 467.9 497.1 0.0 250.1 449.3 565.8 634.9 235.7 814.5 682.4 196.8 312.8 457.7 626.5 338.4 701.0 578.5 314.2 345.4 208.4 595.2 248.7 448.3 494.2 453.2 641.8
1822.2 144.2 253.3 275.6 324.6 139.3 684.6 176.7 239.6 343.2 754.8 698.0 40.7 417.7 333.9 321.5 461.0 662.4 384.0 78.8 367.5 294.3 261.9 632.5 171.1 659.2 558.5 377.7 291.8 323.7 598.6 458.6 333.7 804.7 191.1 575.4 356.9 247.1 238.8 159.0 302.5 388.4 347.9 243.3 317.0 191.1 185.7 233.0 318.0 278.7 306.2 352.8 450.1 438.8 335.8 93.7 338.2 114.8 473.1 651.6 600.2 562.2 312.4 611.6 334.1 616.0 672.8 550.8 528.3 540.6 287.0 542.0 344.3 303.9 421.1 337.2 512.0 321.3 317.0 333.1 772.5 207.4 312.1 119.5 396.8 311.1 748.6 349.7 605.1 262.4 64.6 463.3 317.9 138.9 205.0 210.0 354.6 498.8 263.1 246.1 592.6 269.2 242.8 281.2 407.2 293.1 324.5 746.2 236.6 587.3 227.0 567.1 253.3 307.3 106.0 292.4 333.9 420.7 456.2 443.1 291.4 304.1 221.7 750.3 565.3 68.1 436.0 646.1 713.0 602.8 531.8 527.7 575.8 246.6 383.8 822.3 253.7 333.2 262.2 250.0 248.1 689.6 679.0 140.0 310.3 264.4 146.6 241.7 554.5 440.6 208.1 592.4 201.5 268.7 373.3 484.5 370.0 123.1 0.0 322.2 581.5 508.5 125.5 819.5 687.4 88.5 185.7 462.7 642.2 348.5 716.7 576.1 187.1 331.4 56.0 610.9 93.8 452.6 499.2 326.1 646.8
1699.1 394.3 496.9 115.3 566.6 436.9 901.3 197.3 502.9 562.4 926.1 812.6 265.8 589.0 119.8 176.8 632.3 879.1 647.3 340.4 586.2 182.2 113.6 803.8 400.5 830.5 729.8 549.0 62.1 221.7 769.9 712.4 67.6 976.0 233.4 746.7 78.6 126.8 145.6 166.0 496.2 559.7 52.2 78.7 512.2 434.7 415.1 404.3 250.0 121.8 126.8 82.7 621.4 609.6 13.5 391.3 578.8 412.4 644.4 794.2 771.0 733.5 531.6 782.9 185.2 786.8 889.5 814.1 747.5 747.0 550.3 713.3 49.1 545.9 592.4 89.1 683.3 540.5 565.5 10.9 915.1 451.0 167.4 417.1 568.1 553.1 919.9 101.1 776.4 122.1 326.2 634.6 537.1 380.9 258.1 163.8 106.5 663.6 458.3 440.3 763.9 202.4 290.1 333.8 578.5 143.6 76.4 917.5 85.4 758.6 280.1 738.4 68.7 534.8 367.6 269.2 629.8 611.6 621.0 614.4 94.7 523.3 250.8 892.9 736.6 363.4 607.3 817.4 884.3 774.1 703.1 791.0 779.7 299.7 578.8 964.9 190.6 575.2 59.8 185.2 126.8 860.9 850.3 355.4 190.6 442.0 395.0 413.0 725.8 700.3 437.5 763.7 254.6 462.9 544.6 724.8 121.9 373.2 318.9 0.0 752.8 679.8 423.1 962.1 904.1 350.1 238.8 654.1 813.5 525.4 888.0 744.9 240.2 502.7 353.6 782.2 328.5 623.9 658.2 190.4 863.5
1625.6 660.7 654.3 670.7 373.0 542.2 183.5 565.0 408.2 370.4 215.3 176.9 613.3 362.9 819.6 752.3 309.4 246.1 274.5 664.6 257.1 725.1 650.2 134.5 471.0 161.0 471.5 219.9 722.6 663.9 399.6 392.4 764.5 263.7 599.4 57.0 855.4 677.9 669.6 589.8 340.1 351.9 778.2 674.1 333.1 592.1 456.4 438.0 661.2 715.1 737.0 851.3 455.6 345.7 766.6 624.8 395.6 585.5 499.7 315.5 275.7 289.2 339.6 291.3 674.8 33.9 189.5 320.7 282.4 260.4 365.9 229.4 775.1 363.8 426.6 768.0 389.0 304.0 351.5 763.9 206.3 608.4 742.9 558.3 390.0 389.8 191.2 780.0 406.1 693.2 664.7 468.8 294.6 505.8 532.3 598.3 778.5 344.4 391.2 402.3 74.2 609.9 588.1 626.0 185.8 681.4 755.3 205.2 667.4 396.6 572.3 371.1 684.1 343.0 691.8 635.6 334.4 207.5 301.8 448.6 808.8 308.4 567.0 199.0 333.9 624.7 158.0 83.8 150.7 403.8 344.9 297.6 329.2 591.9 253.0 319.6 684.5 381.6 693.0 679.1 636.4 146.3 116.7 540.7 741.1 407.9 679.4 426.7 320.9 317.3 469.0 396.4 528.8 373.4 399.3 217.6 800.8 639.6 693.9 753.0 0.0 453.7 552.3 303.4 216.4 674.3 516.2 165.0 182.8 239.7 154.4 377.6 532.4 259.7 614.9 138.1 608.7 336.1 156.0 756.9 244.4
1480.7 659.9 622.4 666.9 522.4 510.3 221.4 561.2 376.3 420.9 325.4 234.8 613.0 264.8 749.0 748.5 224.2 199.2 242.6 664.3 426.5 721.3 646.4 285.8 473.3 272.5 119.3 343.3 718.8 660.1 90.0 360.5 760.7 369.6 595.6 310.3 783.9 674.1 665.8 586.0 352.0 254.5 774.4 670.3 335.1 560.2 458.7 449.9 657.4 711.3 733.2 779.8 423.7 313.8 762.8 592.9 446.1 553.6 402.9 469.4 445.6 359.7 390.1 457.5 671.0 370.4 209.6 270.8 451.8 429.8 334.0 380.8 771.3 436.3 394.7 764.2 247.7 353.5 424.0 760.1 381.8 576.5 739.1 526.4 292.7 466.5 355.8 776.2 96.5 689.4 632.8 436.9 395.6 473.9 528.5 594.5 774.7 387.3 393.2 414.2 327.5 606.1 584.3 622.2 355.2 677.6 751.5 315.3 663.6 105.1 568.5 170.9 680.3 311.1 691.5 631.8 470.5 376.9 324.7 416.7 738.2 381.8 563.2 485.4 183.5 592.8 327.4 370.5 430.7 94.2 124.9 247.7 462.5 588.1 373.1 500.0 680.7 531.0 689.2 675.3 632.6 391.8 301.3 508.8 737.3 409.9 647.5 438.6 400.4 285.4 437.1 196.2 525.0 385.3 293.6 387.0 797.0 638.8 570.1 749.2 336.4 0.0 520.4 480.3 224.2 674.0 512.4 334.4 282.7 319.7 331.5 67.8 528.6 306.7 583.0 308.6 576.8 304.2 325.4 753.1 183.6
1829.2 184.3 297.2 312.6 227.9 67.3 587.9 206.9 142.9 246.5 648.9 601.3 153.7 357.6 396.6 429.7 400.9 565.7 313.5 187.0 270.3 402.5 292.1 530.1 107.4 551.8 498.4 270.3 400.0 305.8 538.5 357.2 441.7 697.3 241.3 468.0 432.4 355.3 347.0 267.2 197.6 328.3 455.6 351.5 253.3 235.0 122.0 172.9 303.1 392.5 414.4 428.3 390.0 325.1 444.0 109.2 233.3 33.1 413.0 554.9 492.3 454.8 215.7 504.2 316.7 508.1 576.1 454.1 431.6 443.9 190.3 434.6 452.5 207.2 361.0 445.4 451.9 224.6 220.3 441.3 675.8 251.3 420.3 6.0 336.7 214.4 641.2 457.4 545.0 370.6 172.8 403.2 221.2 77.8 174.2 240.2 462.8 402.1 199.4 176.1 485.2 251.8 230.0 267.9 299.8 323.3 432.7 638.8 344.8 527.2 214.2 507.0 361.5 210.6 214.2 277.5 237.2 323.5 359.5 383.0 385.8 207.4 208.9 653.6 478.5 117.4 328.6 538.7 605.6 542.7 471.7 431.0 479.1 233.8 287.1 725.6 361.9 236.5 370.4 356.5 278.3 582.2 571.6 83.8 418.5 200.7 185.0 192.4 447.1 340.3 144.4 532.3 170.7 205.0 313.2 387.8 478.2 163.2 234.3 430.4 474.1 448.4 0.0 722.8 590.7 196.7 158.1 366.0 534.8 246.7 609.3 513.5 174.3 271.3 107.6 503.5 75.3 356.6 402.5 434.3 550.1
1759.5 879.5 835.6 900.2 593.5 727.0 381.8 794.5 589.5 577.5 288.2 355.7 832.1 571.8 1015.0 981.8 518.3 514.4 483.4 883.4 464.2 954.6 879.7 412.6 678.1 399.9 556.5 449.4 952.1 893.4 469.5 601.3 1060.1 252.0 828.9 345.2 1050.8 907.4 899.1 819.3 547.2 560.8 1079.3 903.6 575.9 773.4 663.5 645.1 890.7 944.6 1055.6 1046.7 664.5 554.6 996.1 806.1 602.7 775.6 708.6 276.6 236.8 250.3 546.7 252.4 904.3 295.1 405.8 529.6 355.5 332.8 557.9 287.4 1083.0 570.9 635.5 997.5 597.9 522.2 558.6 993.4 138.5 789.7 972.4 739.6 598.9 610.3 323.0 1009.5 476.0 922.7 846.0 677.7 501.7 687.1 761.8 827.8 1008.0 542.6 634.0 609.4 362.4 839.4 817.6 855.5 415.3 910.9 984.8 278.1 896.9 543.7 801.8 580.0 913.6 551.9 910.6 865.1 541.5 439.5 500.0 657.5 1004.2 515.5 796.5 220.7 542.8 806.0 387.5 242.9 166.0 473.7 553.8 506.5 290.3 821.4 485.0 19.7 914.0 602.1 922.5 908.6 865.9 359.0 252.4 722.0 970.6 660.1 860.7 633.8 282.0 526.2 650.3 605.3 758.3 580.5 608.2 396.7 1030.3 858.4 912.7 982.5 317.0 511.6 733.6 0.0 489.9 893.1 745.7 397.0 409.4 469.2 214.7 506.4 761.9 489.2 796.2 378.1 799.8 545.0 385.5 986.4 464.8
1519.3 665.0 627.5 722.8 508.6 515.4 110.1 617.1 381.4 426.0 286.2 136.2 618.1 336.1 804.9 804.4 282.6 29.6 247.7 669.4 392.7 777.2 702.3 116.6 478.4 144.1 303.1 355.5 774.7 716.0 216.1 365.6 816.6 330.4 651.5 210.6 839.8 730.0 721.7 641.9 357.1 325.1 830.3 726.2 340.2 565.3 463.8 455.0 713.3 767.2 789.1 835.7 428.8 318.9 818.7 598.0 451.2 558.7 472.9 502.1 462.3 343.9 395.2 477.9 726.9 270.7 129.0 293.9 418.0 396.0 339.1 365.0 827.2 441.4 399.8 820.1 362.2 358.6 429.1 816.0 342.6 581.6 795.0 531.5 363.2 471.6 297.8 832.1 222.6 745.3 637.9 442.0 430.2 479.0 584.4 650.4 830.6 392.4 398.3 419.3 227.8 662.0 640.2 678.1 321.4 733.5 807.4 276.1 719.5 290.3 624.4 344.3 736.2 316.2 696.6 687.7 470.0 343.1 329.8 421.8 794.1 386.9 619.1 446.2 307.1 597.9 293.6 326.1 391.5 220.3 318.1 270.8 428.7 644.0 388.6 460.8 736.6 517.2 745.1 731.2 688.5 333.8 243.3 513.9 793.2 415.0 652.6 443.7 384.6 290.5 442.2 369.6 580.9 390.4 372.5 353.2 852.9 643.9 698.7 805.1 236.7 258.2 525.5 441.1 0.0 679.1 568.3 300.6 131.1 324.8 281.0 253.0 584.5 311.8 588.1 138.6 581.9 309.3 291.6 809.0 87.7
1752.8 170.5 277.0 281.6 385.7 224.6 720.4 182.7 300.7 381.5 746.7 631.7 80.6 408.1 232.8 323.4 451.4 698.2 459.0 115.6 405.3 300.3 267.9 627.9 219.6 649.6 548.9 368.1 297.8 306.2 589.0 473.0 277.9 795.1 197.1 565.8 268.6 253.1 244.8 165.0 315.3 378.8 297.1 249.3 331.3 214.8 234.2 223.4 303.5 290.3 273.4 264.5 440.5 428.7 341.8 204.0 391.1 208.4 463.5 613.3 590.1 552.6 350.7 602.0 317.1 605.9 708.6 569.9 566.6 566.1 358.1 532.4 300.8 365.0 411.5 343.2 502.4 359.6 384.6 339.1 734.2 231.1 314.0 213.1 387.2 372.2 739.0 355.2 595.5 268.4 61.3 453.7 356.2 202.6 174.6 216.0 360.6 482.7 277.4 253.1 583.0 252.2 230.4 268.3 397.6 299.1 330.5 736.6 242.6 577.7 214.6 557.5 259.3 353.9 142.8 277.9 395.0 430.7 440.1 433.5 222.0 342.4 209.3 712.0 555.7 176.1 426.4 636.5 703.4 593.2 522.2 546.8 598.8 234.2 397.9 784.0 259.7 394.3 268.2 254.3 254.1 680.0 669.4 166.2 316.3 261.1 171.2 232.1 544.9 456.1 256.6 582.8 171.1 282.0 363.7 543.9 376.0 149.4 114.1 328.2 571.9 498.9 219.1 781.2 723.2 0.0 158.5 473.2 632.6 344.5 707.1 564.0 174.7 321.8 166.3 601.3 142.9 443.0 477.3 303.4 682.6
1828.9 275.7 378.3 154.4 327.7 166.3 662.4 48.7 242.7 323.5 688.7 573.7 154.6 350.1 248.4 236.0 393.4 640.2 345.1 221.8 347.3 208.8 133.9 564.9 161.6 591.6 490.9 310.1 206.3 147.6 531.0 417.9 248.2 737.1 83.1 507.8 271.4 161.6 153.3 73.5 257.3 320.8 261.9 157.8 273.3 316.1 176.2 165.4 144.9 193.2 220.7 267.3 382.5 370.7 250.3 147.1 339.9 150.4 405.5 555.3 532.1 494.6 292.7 544.0 158.5 547.9 650.6 511.9 508.6 508.1 300.1 474.4 258.8 307.0 353.5 251.7 444.4 301.6 326.6 247.6 676.2 332.4 226.6 155.1 329.2 314.2 681.0 263.7 537.5 176.9 140.2 395.7 298.2 142.0 16.0 82.0 262.2 424.7 219.4 201.4 525.0 93.6 71.8 109.7 339.6 165.1 239.0 678.6 151.1 519.7 56.0 499.5 167.8 295.9 249.0 119.3 337.0 372.7 382.1 375.5 263.5 284.4 50.7 654.0 497.7 155.3 368.4 578.5 645.4 535.2 464.2 488.8 540.8 75.6 339.9 726.0 168.2 336.3 176.7 162.8 120.1 622.0 611.4 116.5 224.8 203.1 276.4 174.1 486.9 401.7 198.6 524.8 12.5 224.0 305.7 485.9 284.5 254.6 129.5 236.7 513.9 440.9 161.1 723.2 665.2 231.5 0.0 415.2 574.6 280.9 649.1 506.0 16.1 263.8 145.5 543.3 89.6 385.0 419.3 240.6 624.6
1655.0 517.5 480.0 554.9 274.0 371.4 255.1 449.2 233.9 221.9 344.0 229.0 470.6 321.6 720.6 636.5 339.1 332.9 248.5 521.9 158.1 609.3 534.4 225.2 322.5 246.9 436.5 104.1 606.8 548.1 431.1 274.2 648.7 392.4 483.6 163.1 756.4 562.1 553.8 474.0 191.6 310.6 662.4 558.3 176.9 417.8 307.9 289.5 545.4 599.3 621.2 752.3 337.4 260.1 650.8 450.5 247.1 420.0 405.0 228.6 205.4 198.2 191.1 217.3 559.0 203.2 254.4 326.6 188.9 181.4 202.3 147.7 659.3 215.3 308.4 652.2 370.7 147.8 203.0 648.1 356.3 434.1 627.1 384.0 317.8 267.5 336.3 664.2 437.6 577.4 490.4 350.6 146.1 331.5 416.5 482.5 662.7 179.3 235.0 253.8 180.3 494.1 472.3 510.2 112.2 565.6 639.5 333.9 551.6 360.3 456.5 334.8 568.3 179.3 549.1 519.8 221.3 42.4 136.7 330.4 709.8 159.9 451.2 349.0 351.0 450.4 141.0 233.8 300.7 435.3 308.6 303.5 214.1 476.1 87.9 399.3 568.7 282.6 577.2 563.3 520.6 277.3 266.7 366.4 625.3 251.7 505.1 278.2 160.2 275.3 294.7 360.1 413.0 224.9 373.3 118.6 685.0 496.4 551.2 637.2 169.2 412.4 378.0 396.5 303.2 531.6 400.4 0.0 229.9 123.9 304.4 341.3 416.6 143.9 440.6 198.6 444.2 291.6 182.8 641.1 320.6
1489.2 555.4 517.9 613.2 428.2 405.8 182.2 507.5 271.8 316.4 351.4 192.0 508.5 226.5 695.3 694.8 173.0 108.2 138.1 559.8 312.3 667.6 592.7 119.4 368.8 176.1 335.1 238.8 665.1 606.4 263.2 256.0 707.0 395.6 541.9 207.2 730.2 620.4 612.1 532.3 247.5 215.5 720.7 616.6 230.6 455.7 354.2 345.4 603.7 657.6 679.5 726.1 319.2 209.3 709.1 488.4 341.6 449.1 363.3 362.8 359.1 273.2 285.6 371.0 617.3 219.3 201.1 184.3 337.6 315.6 229.5 294.3 717.6 331.8 290.2 710.5 252.6 249.0 319.5 706.4 407.8 472.0 685.4 421.9 253.6 362.0 353.6 722.5 269.7 635.7 528.3 332.4 291.1 369.4 474.8 540.8 721.0 282.8 288.7 309.7 224.4 552.4 530.6 568.5 241.0 623.9 697.8 341.3 609.9 260.2 514.8 234.7 626.6 206.6 587.0 578.1 389.6 262.7 220.2 312.2 684.5 277.3 509.5 365.1 197.5 488.3 213.2 249.9 316.8 267.4 208.5 161.2 348.3 534.4 308.2 526.0 627.0 436.8 635.5 621.6 578.9 332.3 299.1 404.3 683.6 305.4 543.0 334.1 313.9 180.9 332.6 260.0 471.3 280.8 262.9 272.8 743.3 534.3 589.1 695.5 185.3 317.3 415.9 506.3 113.2 569.5 458.7 220.2 0.0 215.2 336.8 241.2 474.9 202.2 478.5 47.6 472.3 199.7 211.2 699.4 148.3
1613.4 391.1 353.6 432.1 251.0 242.7 372.1 325.2 107.5 187.3 400.7 287.1 340.6 270.1 513.0 512.5 188.3 349.9 98.9 395.5 160.9 485.3 410.4 283.9 197.9 305.0 410.9 22.1 482.8 424.1 328.4 142.6 524.7 450.5 359.6 221.2 547.9 438.1 429.8 350.0 83.2 240.8 531.8 434.3 66.3 291.4 183.3 181.1 421.4 476.5 497.2 543.8 204.6 102.7 526.8 324.1 211.1 284.8 256.7 268.7 251.1 208.0 156.5 257.4 435.0 266.9 360.3 238.3 243.5 227.1 65.2 187.8 535.3 180.7 176.8 528.2 317.8 113.2 168.4 524.1 389.6 307.7 503.1 257.6 167.0 232.9 394.4 533.6 334.9 446.8 364.0 217.8 111.5 201.1 292.5 358.5 538.7 138.1 124.4 146.6 238.4 370.1 348.3 387.4 53.0 441.6 515.5 392.0 427.6 290.0 332.5 264.5 444.3 42.3 422.7 389.2 186.7 91.7 95.5 197.6 502.2 130.9 327.2 367.4 262.7 325.2 81.8 291.9 358.8 332.6 231.7 215.2 254.2 352.1 53.3 439.4 444.7 259.6 453.2 440.5 396.6 341.0 324.8 241.2 501.3 141.1 378.7 169.8 200.3 125.7 168.3 289.8 289.0 116.5 225.7 199.3 561.0 370.0 335.3 513.2 227.3 360.9 251.6 436.6 374.9 405.2 269.8 128.6 288.0 0.0 368.1 272.2 292.6 19.9 314.2 256.7 297.1 140.8 132.7 517.1 334.3
1627.7 788.4 750.9 846.2 482.5 643.6 169.5 740.5 504.8 479.9 99.8 143.4 736.7 459.5 929.1 927.8 406.0 302.1 369.4 792.8 366.6 900.6 825.7 218.4 601.8 192.1 424.7 329.4 898.1 839.4 337.7 489.0 940.0 149.7 774.9 167.1 964.9 853.4 845.1 765.3 449.6 448.5 953.7 849.6 463.6 688.7 587.2 547.5 836.7 890.6 912.5 960.8 552.2 442.3 942.1 721.4 496.3 682.1 596.3 267.9 228.1 241.6 449.1 243.7 850.3 182.8 193.5 417.3 346.8 324.1 462.5 278.7 950.6 473.3 523.2 943.5 485.6 413.5 461.0 939.4 74.3 705.0 918.4 654.9 486.6 499.3 108.2 955.5 344.2 868.7 761.3 565.4 404.1 605.0 707.8 773.8 954.0 453.9 521.7 505.5 184.3 785.4 763.6 801.5 295.3 856.9 930.8 91.2 842.9 411.9 747.8 467.7 859.6 439.6 820.0 811.1 443.9 317.0 411.3 545.2 918.3 417.9 742.5 192.9 430.5 721.3 267.5 64.8 131.0 341.9 441.5 394.2 281.6 767.4 362.5 216.3 860.0 491.1 868.5 856.3 811.9 144.2 37.6 629.8 916.6 538.4 776.0 536.2 273.3 417.5 565.6 493.0 704.3 482.9 495.9 388.0 976.3 767.3 821.6 928.5 149.3 379.8 648.9 196.6 277.6 802.5 691.7 274.5 292.9 355.8 0.0 400.7 707.9 435.2 711.5 248.2 701.0 432.7 265.5 932.4 252.5
1510.1 642.1 604.6 616.9 504.6 497.3 250.8 511.2 358.5 403.1 353.3 264.2 590.4 196.9 699.0 698.5 156.3 228.6 223.1 646.5 408.7 671.3 596.4 332.1 429.4 323.8 95.1 299.4 668.8 610.1 114.9 347.4 710.7 399.0 545.6 339.7 733.9 624.1 615.8 536.0 308.1 186.6 724.4 620.3 317.3 542.4 440.9 432.1 607.4 655.7 683.2 729.8 312.0 234.3 712.8 575.1 419.5 535.8 423.9 498.8 401.7 315.8 372.3 439.7 621.0 338.8 239.0 253.0 410.9 385.9 316.2 363.0 721.3 418.5 283.0 714.2 179.8 335.7 406.2 710.1 411.2 558.7 689.1 508.6 224.8 448.7 385.2 726.2 121.4 696.3 615.0 325.2 377.8 458.7 478.5 544.5 724.7 369.5 375.4 390.1 356.9 556.1 534.3 572.7 309.9 627.6 701.5 344.7 613.6 37.2 518.5 103.0 630.3 293.3 673.7 638.7 452.7 333.0 306.9 305.0 688.2 337.9 513.2 514.8 142.8 577.3 282.1 399.9 460.1 93.0 57.0 229.9 421.6 538.1 355.3 529.4 630.7 513.2 639.2 627.0 582.6 443.1 330.7 483.5 687.3 392.1 629.7 420.8 382.6 271.2 393.2 128.3 531.9 367.5 225.7 366.7 747.0 621.0 519.6 699.2 330.9 104.8 502.6 509.7 253.6 656.2 462.4 316.6 312.1 296.3 360.9 0.0 478.6 288.9 565.2 338.0 554.7 200.3 237.8 703.1 213.0
1856.9 268.9 371.5 147.6 355.7 194.6 690.4 41.9 270.7 351.5 716.7 601.7 142.5 378.1 241.6 229.2 421.4 668.2 429.0 215.0 375.3 202.0 127.1 597.9 189.6 619.6 518.9 338.1 199.5 136.0 559.0 443.0 241.4 765.1 76.3 535.8 264.6 154.8 146.5 66.7 285.3 348.8 255.1 151.0 301.3 309.3 204.2 193.4 130.8 192.0 213.9 260.5 410.5 398.7 243.5 175.1 361.1 178.4 433.5 583.3 560.1 522.6 320.7 572.0 146.9 575.9 678.6 539.9 536.6 536.1 328.1 502.4 252.0 335.0 381.5 244.9 472.4 329.6 354.6 240.8 704.2 325.6 219.8 183.1 357.2 342.2 709.0 256.9 565.5 170.1 200.8 423.7 326.2 172.6 27.2 75.2 255.4 452.7 247.4 223.1 553.0 82.0 55.6 93.5 367.6 158.3 232.2 706.6 144.3 547.7 39.8 527.5 161.0 323.9 242.2 105.2 365.0 400.7 410.1 403.5 256.7 312.4 34.5 682.0 525.7 183.3 396.4 606.5 673.4 563.2 492.2 516.8 568.8 59.4 367.9 754.0 161.4 364.3 169.9 156.0 113.3 650.0 639.4 136.2 218.0 231.1 269.6 202.1 514.9 426.1 226.6 552.8 23.7 252.0 333.7 513.9 277.7 247.8 158.0 229.9 541.9 468.9 189.1 751.2 693.2 224.7 27.9 443.2 602.6 314.5 677.1 534.0 0.0 291.8 173.5 571.3 112.9 413.0 447.3 233.8 652.6
1623.1 380.8 343.3 410.9 243.3 231.2 335.9 305.2 97.2 141.8 424.8 309.8 333.9 250.1 493.0 492.5 198.0 359.6 107.4 385.2 165.6 465.3 390.4 306.0 194.2 327.7 390.9 46.2 462.8 404.1 338.1 151.1 504.7 473.2 339.6 243.9 527.9 418.1 409.8 330.0 72.9 220.8 518.4 414.3 56.0 281.1 179.6 170.8 401.4 455.3 477.2 523.8 214.3 119.0 506.8 313.8 167.0 274.5 305.5 291.4 268.2 230.7 111.0 280.1 415.0 284.0 335.2 248.0 266.2 244.2 54.9 210.5 515.3 157.2 185.3 508.2 344.4 74.4 144.9 504.1 412.3 297.4 483.1 247.3 229.2 187.4 417.1 520.2 344.6 433.4 353.7 227.5 116.5 194.8 272.5 338.5 518.7 160.8 114.1 135.1 261.1 350.1 328.3 366.2 75.7 421.6 495.5 414.7 407.6 299.7 312.5 274.2 424.3 32.0 412.4 375.8 191.4 108.8 118.2 207.3 482.2 102.7 307.2 390.1 272.4 313.7 104.5 314.6 381.5 342.3 248.0 224.9 276.9 332.1 76.0 462.1 424.7 251.9 433.2 419.3 376.6 358.1 347.5 229.7 481.3 130.8 368.4 159.5 223.0 134.2 158.0 299.5 269.0 106.2 205.7 222.0 541.0 359.7 314.1 493.2 250.0 340.9 241.3 459.3 384.6 394.9 256.4 151.3 310.7 22.6 385.2 280.7 272.6 0.0 303.9 279.4 297.7 150.5 155.4 497.1 344.0
1824.8 296.4 406.2 270.9 343.6 182.5 678.3 165.2 258.6 339.4 704.6 589.6 207.5 366.0 304.8 342.1 409.3 656.1 416.9 240.8 363.2 314.9 250.4 585.8 177.5 607.5 506.8 326.0 312.4 264.1 546.9 430.9 349.9 753.0 199.6 523.7 340.6 267.7 259.4 179.6 273.2 336.7 368.0 263.9 289.2 344.0 192.1 181.3 261.4 304.9 326.8 336.5 398.4 386.6 356.4 163.0 349.0 166.3 421.4 571.2 548.0 510.5 308.6 559.9 275.0 563.8 666.5 527.8 524.5 524.0 316.0 490.3 364.9 322.9 369.4 357.8 460.3 317.5 342.5 353.7 692.1 360.3 332.7 171.0 345.1 330.1 696.9 369.8 553.4 283.0 136.1 411.6 314.1 160.5 132.5 198.5 375.2 440.6 235.3 211.0 540.9 210.1 188.3 226.2 355.5 281.6 345.1 694.5 257.2 535.6 172.5 515.4 273.9 311.8 268.0 235.8 352.9 388.6 398.0 391.4 294.0 300.3 167.2 669.9 513.6 9.7 384.3 594.4 661.3 551.1 480.1 504.7 556.7 192.1 355.8 741.9 274.3 352.2 282.8 268.9 236.6 637.9 627.3 124.1 330.9 219.0 297.1 190.0 502.8 414.0 214.5 540.7 129.0 239.9 321.6 501.8 390.6 275.3 125.9 342.8 529.8 456.8 177.0 739.1 681.1 250.5 116.4 431.1 590.5 302.4 665.0 521.9 132.6 279.7 0.0 559.2 100.8 400.9 435.2 346.7 640.5
1540.9 607.1 569.6 664.9 380.5 457.5 150.9 559.2 323.5 377.9 320.2 144.3 560.2 278.2 747.0 746.5 224.7 159.9 189.8 611.5 264.6 719.3 644.4 101.8 420.5 128.4 386.8 227.4 716.8 658.1 314.9 307.7 758.7 368.6 593.6 159.5 781.9 672.1 663.8 584.0 299.2 267.2 772.4 668.3 282.3 507.4 405.9 397.1 655.4 709.3 731.2 777.8 370.9 261.0 760.8 540.1 403.1 500.8 415.0 315.1 301.7 215.8 347.1 313.6 669.0 171.6 156.9 236.0 289.9 267.9 281.2 236.9 769.3 371.3 341.9 762.2 304.3 311.5 359.0 758.1 361.7 523.7 737.1 473.6 305.3 397.3 305.9 774.2 321.4 687.4 580.0 384.1 302.1 421.1 526.5 592.5 772.7 351.9 340.4 361.4 176.7 604.1 582.3 620.2 193.3 675.6 749.5 310.1 661.6 311.9 566.5 286.4 678.3 258.3 638.7 629.8 341.9 215.0 271.9 363.9 736.2 315.9 561.2 317.4 249.2 540.0 165.5 202.2 269.1 319.1 260.2 212.9 300.6 586.1 260.5 438.0 678.7 389.1 687.2 673.3 630.6 284.6 251.4 456.0 735.3 357.1 594.7 385.8 256.5 232.6 384.3 311.7 523.0 332.5 314.6 225.1 795.0 586.0 640.8 747.2 137.6 369.0 467.6 421.8 142.9 621.2 510.4 172.5 51.6 247.2 289.1 292.9 526.6 253.9 530.2 0.0 524.0 251.4 163.5 751.1 170.9
1843.6 190.8 300.6 241.5 270.5 76.9 636.6 135.8 185.5 297.7 662.9 547.9 97.1 324.3 323.6 323.1 367.6 614.4 329.9 135.2 321.5 295.9 221.0 539.1 117.0 565.8 465.1 284.3 293.4 234.7 505.2 404.5 335.3 711.3 170.2 482.0 358.5 248.7 240.4 160.6 231.5 295.0 349.0 244.9 247.5 238.4 131.6 139.6 232.0 280.3 307.8 354.4 356.7 344.9 337.4 57.4 275.9 60.7 379.7 529.5 506.3 468.8 266.9 518.2 245.6 522.1 624.8 496.7 482.8 482.3 232.9 448.6 345.9 249.8 327.7 338.8 418.6 275.8 262.9 334.7 650.4 254.7 313.7 65.4 303.4 257.0 655.2 350.8 511.7 264.0 121.0 369.9 272.4 84.8 103.1 169.1 349.3 398.9 193.6 169.3 499.2 180.7 158.9 196.8 313.8 252.2 326.1 652.8 238.2 493.9 143.1 473.7 254.9 253.2 162.4 206.4 279.8 346.9 356.3 349.7 312.8 258.6 137.8 628.2 471.9 65.6 342.6 552.7 619.6 509.4 438.4 473.6 515.0 162.7 314.1 700.2 255.3 279.1 263.8 249.9 207.2 596.2 585.6 82.4 311.9 177.3 191.5 148.3 461.1 386.5 154.0 499.0 99.6 198.2 279.9 460.1 371.6 169.7 182.5 323.8 488.1 415.1 71.4 697.4 639.4 144.9 87.0 389.4 548.8 260.7 623.3 480.2 103.2 238.0 55.8 517.5 0.0 359.2 393.5 327.7 598.8
1606.4 488.0 450.5 545.8 350.5 338.4 365.1 440.1 204.4 249.0 469.1 378.5 441.1 172.0 627.9 627.4 84.0 342.9 51.0 492.4 272.8 600.2 525.3 429.5 301.4 416.2 286.9 171.4 597.7 539.0 281.5 188.6 639.6 513.3 474.5 309.8 662.8 553.0 544.7 464.9 180.1 168.3 653.3 549.2 163.2 388.3 286.8 278.0 536.3 590.2 612.1 658.7 185.6 33.9 641.7 421.0 274.2 381.7 208.6 357.3 334.1 320.2 218.2 346.0 549.9 349.9 353.3 231.3 332.1 310.1 162.1 276.4 650.2 264.4 156.6 643.1 221.1 181.6 252.1 639.0 478.2 404.6 618.0 354.5 108.9 294.6 483.0 655.1 288.0 568.3 460.9 198.8 223.7 302.0 407.4 473.4 653.6 219.4 221.3 242.3 327.0 485.0 463.2 501.1 231.1 556.5 630.4 459.0 542.5 210.7 447.4 185.2 559.2 139.2 519.6 510.7 298.6 275.2 156.8 178.6 617.1 209.9 442.1 456.0 201.4 420.9 203.3 380.5 447.4 285.7 159.0 208.2 342.8 467.0 201.2 528.0 559.6 359.1 568.1 554.2 511.5 424.0 413.4 336.9 616.2 238.0 475.6 266.7 288.9 117.5 265.2 210.5 403.9 213.4 118.2 287.9 675.9 466.9 521.7 628.1 315.9 262.8 348.5 525.2 367.9 502.1 391.3 232.7 426.4 147.8 451.1 191.7 407.5 134.8 411.1 345.3 404.9 0.0 159.0 632.0 327.3
1582.3 517.1 479.6 556.9 281.6 367.5 242.7 451.2 233.5 279.0 331.6 216.6 470.2 202.2 639.0 638.5 148.7 318.8 131.8 521.5 165.7 611.3 536.4 212.8 330.5 234.5 317.1 106.1 608.8 550.1 311.7 267.4 650.7 380.0 485.6 150.7 673.9 564.1 555.8 476.0 248.7 191.2 664.4 560.3 192.3 417.4 315.9 346.6 547.4 601.3 623.2 669.8 330.6 203.0 652.8 450.1 304.2 410.8 339.6 198.2 175.0 137.5 248.2 186.9 561.0 190.8 242.0 207.2 173.0 151.0 191.2 117.3 661.3 272.4 301.6 654.2 251.3 212.6 260.1 650.1 319.1 433.7 629.1 383.6 229.4 298.4 323.9 666.2 318.2 579.4 490.0 343.8 203.2 331.1 418.5 484.5 664.7 199.3 250.4 310.9 167.9 496.1 474.3 512.2 72.0 567.6 641.5 321.5 553.6 240.9 458.5 215.4 570.3 168.3 548.7 521.8 243.0 116.1 156.7 323.6 628.2 217.0 453.2 296.9 231.6 450.0 44.2 221.4 288.3 315.9 189.2 184.1 183.7 478.1 161.6 368.9 570.7 290.2 579.2 565.3 522.6 264.9 254.3 366.0 627.3 267.1 504.7 335.3 129.8 174.6 294.3 240.7 415.0 282.0 230.3 128.8 687.0 496.0 460.1 639.2 156.8 293.0 377.6 366.1 343.8 531.2 402.4 73.6 217.5 125.9 292.0 221.9 418.6 145.9 440.2 186.2 434.0 171.7 0.0 643.1 303.2
1695.7 259.7 362.3 207.6 492.4 294.0 791.1 156.1 368.3 471.9 817.4 702.4 133.3 478.8 70.5 71.8 522.1 768.9 538.9 205.8 495.7 73.0 207.1 698.6 334.1 720.3 619.6 438.8 224.3 275.6 659.7 582.6 141.5 865.8 170.5 636.5 132.2 129.3 108.6 138.4 386.0 449.5 160.7 189.0 402.0 300.1 348.7 294.1 297.4 101.7 92.0 128.1 511.2 499.4 206.0 256.7 497.8 277.8 534.2 684.0 660.8 623.3 441.1 672.7 277.5 676.6 779.3 679.5 657.0 636.8 415.7 603.1 158.5 471.7 482.2 269.7 573.1 450.0 484.8 203.3 804.9 316.4 77.9 282.5 457.9 478.9 809.7 281.7 666.2 133.7 191.6 524.4 446.6 304.5 184.4 184.3 287.1 627.5 348.1 323.8 653.7 236.1 222.2 260.1 468.3 235.1 257.0 807.3 182.4 648.4 206.4 628.2 199.1 436.0 233.0 271.8 495.2 501.4 584.9 504.2 85.6 432.8 201.1 782.7 626.4 228.8 497.1 707.2 774.1 663.9 592.9 656.4 669.5 226.0 468.6 854.7 92.7 501.0 208.0 98.4 193.3 750.7 740.1 236.9 58.0 331.8 260.4 302.8 615.6 565.7 371.1 653.5 180.9 352.7 434.4 614.6 302.5 238.6 184.8 192.4 642.6 569.6 288.5 851.9 793.9 215.5 165.1 543.9 703.3 415.2 777.8 634.7 166.5 392.5 219.0 672.0 213.6 513.7 548.0 0.0 753.3
1477.8 700.0 662.5 757.8 493.3 550.4 95.6 652.1 416.4 490.7 229.1 109.0 653.1 371.1 839.9 839.4 317.6 82.6 282.7 704.4 377.4 812.2 737.3 143.6 513.4 146.7 262.4 340.2 809.7 751.0 175.4 400.6 851.6 277.5 686.5 195.3 874.8 765.0 756.7 676.9 392.1 360.1 865.3 761.2 375.2 600.3 498.8 490.0 748.3 802.2 824.1 870.7 463.8 353.9 853.7 633.0 515.9 593.7 507.9 456.9 417.1 328.6 459.9 432.7 761.9 255.4 65.8 328.9 402.7 380.7 374.1 349.7 862.2 484.1 434.8 855.1 397.2 393.6 471.8 851.0 297.4 616.6 830.0 566.5 398.2 510.1 249.0 867.1 181.9 780.3 672.9 477.0 414.9 514.0 619.4 685.4 865.6 427.4 433.3 454.3 212.5 697.0 675.2 713.1 306.1 768.5 842.4 219.0 754.5 249.6 659.4 284.7 771.2 351.2 731.6 722.7 454.7 327.8 364.8 456.8 829.1 428.7 654.1 401.0 237.2 632.9 278.3 284.7 346.3 179.6 269.4 305.8 413.4 679.0 373.3 415.6 771.6 501.9 780.1 766.2 723.5 285.0 194.5 548.9 828.2 450.0 687.6 478.7 369.3 325.5 477.2 310.0 615.9 425.4 407.5 337.9 887.9 678.9 733.7 840.1 221.4 217.5 560.5 395.9 95.4 714.1 603.3 285.3 166.1 360.0 232.2 212.3 619.5 346.8 623.1 165.6 616.9 344.3 276.3 844.0 0.0
