Name		0823_BED-Amazon_n186_m248_bt33
Number_of_Customers	186
Number_of_Items		248
Number_of_ItemTypes	33
Number_of_Vehicles	1
TimeWindows		0
Dist_type	manual

VEHICLE
Mass_Capacity	2071
CargoSpace_Length	174
CargoSpace_Width	61
CargoSpace_Height	84

CUSTOMERS
i	x	y	Demand	ReadyTime	DueDate	ServiceTime	DemandedMass	DemandedVolume
0	42.139891	-71.494346	0	0	0	0	0	0
1	42.21835	-71.655605	1	0	0	0	0.7	2640
2	42.231599	-71.69721	1	0	0	0	5.98	42480
3	42.222034	-71.69025	1	0	0	0	7.3	3640
4	42.238974	-71.661692	1	0	0	0	1.9	1176
5	42.207824	-71.672346	1	0	0	0	7.3	3640
6	42.233725	-71.676941	1	0	0	0	2.5	3978
7	42.238036	-71.650827	1	0	0	0	4.7	1380
8	42.226337	-71.723839	2	0	0	0	7.28	10272
9	42.227585	-71.726172	1	0	0	0	0.7	2640
10	42.236083	-71.656118	1	0	0	0	4.7	1380
11	42.232007	-71.673685	1	0	0	0	3.01	5544
12	42.245723	-71.677428	1	0	0	0	0.7	2640
13	42.241865	-71.654405	1	0	0	0	3.01	5544
14	42.228365	-71.713874	1	0	0	0	1.9	1176
15	42.21434	-71.654285	1	0	0	0	0.7	2640
16	42.235416	-71.675969	2	0	0	0	2.6	3816
17	42.214816	-71.656548	1	0	0	0	4.7	1380
18	42.210213	-71.674261	1	0	0	0	4.7	1380
19	42.219575	-71.728409	1	0	0	0	4.2	5382
20	42.231408	-71.663785	1	0	0	0	0.7	2640
21	42.232341	-71.712563	1	0	0	0	2.15	1080
22	42.205168	-71.673313	1	0	0	0	0.7	2640
23	42.231684	-71.666678	1	0	0	0	0.7	2640
24	42.224392	-71.684828	4	0	0	0	16.94	16735
25	42.236394	-71.661695	2	0	0	0	5.4	4020
26	42.227901	-71.711376	1	0	0	0	4.7	1380
27	42.23213	-71.663547	1	0	0	0	1.9	1176
28	42.22557	-71.727267	1	0	0	0	1.8	2520
29	42.220264	-71.729053	1	0	0	0	4.7	1380
30	42.206958	-71.672042	1	0	0	0	4.7	1380
31	42.228729	-71.713359	2	0	0	0	4.69	19512
32	42.214223	-71.658401	1	0	0	0	4.7	1380
33	42.240237	-71.650557	1	0	0	0	0.7	2640
34	42.229445	-71.694871	1	0	0	0	0.7	2640
35	42.238861	-71.662155	2	0	0	0	9.99	9455
36	42.224946	-71.68151	2	0	0	0	7.61	14900
37	42.206403	-71.679136	1	0	0	0	4.7	1380
38	42.208547	-71.672692	1	0	0	0	2.5	3978
39	42.231264	-71.717601	1	0	0	0	4.7	1380
40	42.224934	-71.648817	1	0	0	0	1.8	2520
41	42.219294	-71.687694	1	0	0	0	3.01	5544
42	42.217125	-71.698052	2	0	0	0	7.61	14900
43	42.213219	-71.650247	1	0	0	0	2.15	1080
44	42.230226	-71.717722	2	0	0	0	5.4	4020
45	42.225949	-71.646983	1	0	0	0	5.29	8075
46	42.233154	-71.667135	1	0	0	0	4.7	1380
47	42.228793	-71.711976	1	0	0	0	9.4	2760
48	42.233186	-71.706353	1	0	0	0	4.7	1380
49	42.223592	-71.696531	1	0	0	0	0.7	2640
50	42.232398	-71.697889	1	0	0	0	0.7	2640
51	42.214525	-71.649996	1	0	0	0	1.8	2520
52	42.239527	-71.710137	2	0	0	0	7.64	16180
53	42.239181	-71.660475	2	0	0	0	4.25	8586
54	42.222868	-71.698035	1	0	0	0	3.82	7600
55	42.233925	-71.716703	1	0	0	0	4.7	1380
56	42.221373	-71.68873	1	0	0	0	1.9	1176
57	42.236573	-71.674249	1	0	0	0	4.7	1380
58	42.193519	-71.673188	1	0	0	0	4.36	44486
59	42.212973	-71.690529	1	0	0	0	0.7	2640
60	42.242397	-71.654225	1	0	0	0	1.75	4608
61	42.23574	-71.709159	1	0	0	0	5.29	8075
62	42.196007	-71.669899	1	0	0	0	0.7	2640
63	42.226652	-71.730551	1	0	0	0	5.29	8075
64	42.239478	-71.649896	1	0	0	0	5.29	8075
65	42.224454	-71.713168	1	0	0	0	4.7	1380
66	42.234577	-71.652064	1	0	0	0	14.15	1000
67	42.203746	-71.6628	1	0	0	0	4.7	1380
68	42.225948	-71.729997	1	0	0	0	4.7	1380
69	42.226995	-71.725171	1	0	0	0	4.7	1380
70	42.23227	-71.674104	2	0	0	0	6.8	11013
71	42.23231	-71.699538	1	0	0	0	0.7	2640
72	42.232991	-71.707971	1	0	0	0	4.7	1380
73	42.226427	-71.725834	1	0	0	0	0.7	2640
74	42.226347	-71.649525	1	0	0	0	0.7	2640
75	42.237285	-71.709526	2	0	0	0	10.21	17160
76	42.223715	-71.645082	2	0	0	0	8.0	6280
77	42.227657	-71.722879	1	0	0	0	3.01	5544
78	42.23522	-71.695958	3	0	0	0	8.99	44064
79	42.209489	-71.676409	2	0	0	0	6.6	2556
80	42.233999	-71.705299	1	0	0	0	5.25	18480
81	42.220382	-71.728673	1	0	0	0	1.9	1176
82	42.201092	-71.677136	1	0	0	0	4.7	1380
83	42.196221	-71.672866	1	0	0	0	2.15	1080
84	42.22534	-71.709826	3	0	0	0	8.0	14420
85	42.239146	-71.656459	1	0	0	0	4.7	1380
86	42.234596	-71.696748	1	0	0	0	7.3	3640
87	42.236821	-71.654923	2	0	0	0	20.6	61295
88	42.23047	-71.661318	1	0	0	0	4.7	1380
89	42.231949	-71.683387	2	0	0	0	6.45	5988
90	42.21746	-71.656013	1	0	0	0	1.8	2520
91	42.226237	-71.730436	2	0	0	0	8.52	9960
92	42.194117	-71.674846	2	0	0	0	5.62	10120
93	42.227594	-71.729232	1	0	0	0	1.8	2520
94	42.233116	-71.705803	1	0	0	0	7.3	3640
95	42.224394	-71.714303	2	0	0	0	2.45	7248
96	42.225984	-71.698416	1	0	0	0	4.7	1380
97	42.239697	-71.712003	1	0	0	0	1.9	1176
98	42.240061	-71.711236	1	0	0	0	1.9	1176
99	42.234012	-71.71168	1	0	0	0	4.7	1380
100	42.224767	-71.647944	2	0	0	0	6.1	6660
101	42.232269	-71.669243	1	0	0	0	0.7	2640
102	42.217882	-71.646557	1	0	0	0	4.7	1380
103	42.24143	-71.651884	1	0	0	0	1.9	1176
104	42.210066	-71.680072	1	0	0	0	3.82	7600
105	42.223901	-71.695273	1	0	0	0	1.77	9425
106	42.226482	-71.707035	1	0	0	0	0.7	2640
107	42.222167	-71.68227	1	0	0	0	3.01	5544
108	42.2328	-71.717216	1	0	0	0	14.15	1000
109	42.226097	-71.656933	1	0	0	0	0.7	2640
110	42.228412	-71.725074	2	0	0	0	7.19	9251
111	42.229558	-71.71542	2	0	0	0	2.6	3816
112	42.229535	-71.687531	2	0	0	0	3.3	6456
113	42.22412	-71.69391	1	0	0	0	9.4	2760
114	42.233291	-71.709596	2	0	0	0	2.45	7248
115	42.217324	-71.697648	1	0	0	0	4.7	1380
116	42.233864	-71.688817	2	0	0	0	17.27	54072
117	42.243094	-71.699016	1	0	0	0	2.6	10400
118	42.225834	-71.687099	1	0	0	0	4.7	1380
119	42.231231	-71.709719	1	0	0	0	7.3	3640
120	42.223654	-71.698114	1	0	0	0	0.7	2640
121	42.233703	-71.663934	1	0	0	0	0.7	2640
122	42.222631	-71.683125	1	0	0	0	1.8	2520
123	42.232661	-71.661463	1	0	0	0	4.7	1380
124	42.223193	-71.65667	1	0	0	0	7.3	3640
125	42.234194	-71.697238	1	0	0	0	4.7	1380
126	42.243174	-71.656223	1	0	0	0	7.3	3640
127	42.216776	-71.73458	1	0	0	0	9.4	2760
128	42.210161	-71.647709	1	0	0	0	4.7	1380
129	42.203688	-71.649078	1	0	0	0	4.7	1380
130	42.243455	-71.656067	1	0	0	0	4.7	1380
131	42.224436	-71.64727	1	0	0	0	1.8	2520
132	42.214929	-71.694682	1	0	0	0	1.8	2520
133	42.232143	-71.716456	2	0	0	0	6.45	5988
134	42.220552	-71.727747	1	0	0	0	4.7	1380
135	42.225853	-71.727896	4	0	0	0	9.8	16940
136	42.230504	-71.698359	1	0	0	0	1.9	8526
137	42.236057	-71.655547	1	0	0	0	1.9	1176
138	42.219353	-71.697808	1	0	0	0	4.7	1380
139	42.224621	-71.655082	1	0	0	0	4.7	1380
140	42.224315	-71.696955	1	0	0	0	1.9	1176
141	42.224311	-71.646502	1	0	0	0	4.7	1380
142	42.240956	-71.657127	1	0	0	0	4.7	1380
143	42.223894	-71.693448	1	0	0	0	0.7	2640
144	42.233846	-71.663494	2	0	0	0	6.6	2556
145	42.225737	-71.68177	1	0	0	0	4.49	13600
146	42.236194	-71.652446	1	0	0	0	1.77	9425
147	42.239791	-71.653916	1	0	0	0	9.4	2760
148	42.221475	-71.727993	1	0	0	0	4.7	1380
149	42.19921	-71.679786	1	0	0	0	3.5	9216
150	42.203465	-71.662434	1	0	0	0	0.7	2640
151	42.219575	-71.729232	1	0	0	0	1.9	1176
152	42.229613	-71.663583	3	0	0	0	10.21	10902
153	42.231827	-71.651567	2	0	0	0	7.79	12053
154	42.232706	-71.665005	1	0	0	0	4.7	1380
155	42.227211	-71.72121	1	0	0	0	4.7	1380
156	42.209156	-71.663496	2	0	0	0	6.6	2556
157	42.224199	-71.695336	2	0	0	0	5.4	4020
158	42.23834	-71.654502	2	0	0	0	7.3	10178
159	42.220743	-71.731894	1	0	0	0	3.01	5544
160	42.231053	-71.707702	2	0	0	0	8.52	9960
161	42.198783	-71.679941	1	0	0	0	4.7	1380
162	42.221074	-71.692581	1	0	0	0	0.7	2640
163	42.231219	-71.668842	1	0	0	0	5.29	8075
164	42.23244	-71.683385	1	0	0	0	0.7	2640
165	42.214161	-71.650607	1	0	0	0	2.5	3978
166	42.237417	-71.656648	1	0	0	0	4.7	1380
167	42.239447	-71.655431	1	0	0	0	9.4	2760
168	42.196786	-71.680376	2	0	0	0	3.71	8184
169	42.224847	-71.646055	1	0	0	0	12.4	25080
170	42.206307	-71.677568	1	0	0	0	1.75	4608
171	42.205496	-71.666196	1	0	0	0	4.7	1380
172	42.238704	-71.709907	2	0	0	0	6.6	2556
173	42.240056	-71.653432	1	0	0	0	4.7	1380
174	42.222645	-71.683863	1	0	0	0	0.7	2640
175	42.237155	-71.652659	1	0	0	0	3.8	2352
176	42.232343	-71.713154	1	0	0	0	2.15	1080
177	42.218976	-71.655378	1	0	0	0	2.91	13520
178	42.235291	-71.692136	2	0	0	0	8.5	3732
179	42.233005	-71.675169	1	0	0	0	4.7	1380
180	42.209938	-71.689778	1	0	0	0	2.5	3978
181	42.209944	-71.681051	1	0	0	0	2.55	6760
182	42.227325	-71.718317	1	0	0	0	4.7	1380
183	42.233959	-71.707263	2	0	0	0	6.32	11578
184	42.221512	-71.727932	2	0	0	0	6.45	5988
185	42.230483	-71.718789	2	0	0	0	6.6	2556
186	42.223784	-71.69182	2	0	0	0	3.23	13456

ITEMS
Type	Length	Width	Height	Mass	Fragility	LoadBearingStrength
Bt1	10	10	10	14.15	1	0
Bt2	18	12	5	2.15	1	0
Bt3	21	14	4	1.9	1	0
Bt4	23	15	4	4.7	1	0
Bt5	20	18	7	1.8	1	0
Bt6	15	11	16	0.7	1	0
Bt7	20	14	13	7.3	1	0
Bt8	17	13	18	2.5	1	0
Bt9	24	12	16	1.75	1	0
Bt10	23	18	13	4.2	1	0
Bt11	28	22	9	3.01	1	0
Bt12	31	20	10	4.8	1	0
Bt13	26	20	13	2.55	1	0
Bt14	40	19	10	3.82	1	0
Bt15	25	19	17	5.29	1	0
Bt16	29	21	14	1.9	1	0
Bt17	22	15	26	3.816	1	0
Bt18	39	19	12	2.58	1	0
Bt19	29	25	13	1.77	1	0
Bt20	39	19	13	2.1	1	0
Bt21	40	20	13	2.6	1	0
Bt22	26	16	26	2.53	1	0
Bt23	26	20	26	2.91	1	0
Bt24	40	20	17	4.49	1	0
Bt25	27	23	24	2.94	1	0
Bt26	33	20	28	5.25	1	0
Bt27	38	30	22	12.4	1	0
Bt28	58	40	11	12.6	1	0
Bt29	58	38	12	7.685	1	0
Bt30	51	28	23	4.47	1	0
Bt31	53	27	25	8.0	1	0
Bt32	59	40	18	5.982	1	0
Bt33	59	26	29	4.362	1	0

DEMANDS PER CUSTOMER
i	Type Quantity
1	Bt6 1	
2	Bt32 1	
3	Bt7 1	
4	Bt3 1	
5	Bt7 1	
6	Bt8 1	
7	Bt4 1	
8	Bt18 1	Bt4 1	
9	Bt6 1	
10	Bt4 1	
11	Bt11 1	
12	Bt6 1	
13	Bt11 1	
14	Bt3 1	
15	Bt6 1	
16	Bt3 1	Bt6 1	
17	Bt4 1	
18	Bt4 1	
19	Bt10 1	
20	Bt6 1	
21	Bt2 1	
22	Bt6 1	
23	Bt6 1	
24	Bt15 1	Bt4 1	Bt2 1	Bt12 1	
25	Bt6 1	Bt4 1	
26	Bt4 1	
27	Bt3 1	
28	Bt5 1	
29	Bt4 1	
30	Bt4 1	
31	Bt9 1	Bt25 1	
32	Bt4 1	
33	Bt6 1	
34	Bt6 1	
35	Bt4 1	Bt15 1	
36	Bt23 1	Bt4 1	
37	Bt4 1	
38	Bt8 1	
39	Bt4 1	
40	Bt5 1	
41	Bt11 1	
42	Bt4 1	Bt23 1	
43	Bt2 1	
44	Bt6 1	Bt4 1	
45	Bt15 1	
46	Bt4 1	
47	Bt4 2	
48	Bt4 1	
49	Bt6 1	
50	Bt6 1	
51	Bt5 1	
52	Bt14 1	Bt17 1	
53	Bt9 1	Bt8 1	
54	Bt14 1	
55	Bt4 1	
56	Bt3 1	
57	Bt4 1	
58	Bt33 1	
59	Bt6 1	
60	Bt9 1	
61	Bt15 1	
62	Bt6 1	
63	Bt15 1	
64	Bt15 1	
65	Bt4 1	
66	Bt1 1	
67	Bt4 1	
68	Bt4 1	
69	Bt4 1	
70	Bt20 1	Bt4 1	
71	Bt6 1	
72	Bt4 1	
73	Bt6 1	
74	Bt6 1	
75	Bt23 1	Bt7 1	
76	Bt7 1	Bt6 1	
77	Bt11 1	
78	Bt30 1	Bt17 1	Bt6 1	
79	Bt3 1	Bt4 1	
80	Bt26 1	
81	Bt3 1	
82	Bt4 1	
83	Bt2 1	
84	Bt4 1	Bt6 1	Bt21 1	
85	Bt4 1	
86	Bt7 1	
87	Bt31 1	Bt28 1	
88	Bt4 1	
89	Bt9 1	Bt4 1	
90	Bt5 1	
91	Bt17 1	Bt4 1	
92	Bt5 1	Bt14 1	
93	Bt5 1	
94	Bt7 1	
95	Bt9 1	Bt6 1	
96	Bt4 1	
97	Bt3 1	
98	Bt3 1	
99	Bt4 1	
100	Bt6 2	Bt4 1	
101	Bt6 1	
102	Bt4 1	
103	Bt3 1	
104	Bt14 1	
105	Bt19 1	
106	Bt6 1	
107	Bt11 1	
108	Bt1 1	
109	Bt6 1	
110	Bt15 1	Bt3 1	
111	Bt3 1	Bt6 1	
112	Bt6 2	Bt3 1	
113	Bt4 2	
114	Bt9 1	Bt6 1	
115	Bt4 1	
116	Bt3 1	Bt29 2	
117	Bt21 1	
118	Bt4 1	
119	Bt7 1	
120	Bt6 1	
121	Bt6 1	
122	Bt5 1	
123	Bt4 1	
124	Bt7 1	
125	Bt4 1	
126	Bt7 1	
127	Bt4 2	
128	Bt4 1	
129	Bt4 1	
130	Bt4 1	
131	Bt5 1	
132	Bt5 1	
133	Bt4 1	Bt9 1	
134	Bt4 1	
135	Bt21 1	Bt4 1	Bt5 1	Bt6 1	
136	Bt16 1	
137	Bt3 1	
138	Bt4 1	
139	Bt4 1	
140	Bt3 1	
141	Bt4 1	
142	Bt4 1	
143	Bt6 1	
144	Bt3 1	Bt4 1	
145	Bt24 1	
146	Bt19 1	
147	Bt4 2	
148	Bt4 1	
149	Bt9 2	
150	Bt6 1	
151	Bt3 1	
152	Bt11 1	Bt8 1	Bt4 1	
153	Bt15 1	Bt8 1	
154	Bt4 1	
155	Bt4 1	
156	Bt3 1	Bt4 1	
157	Bt6 1	Bt4 1	
158	Bt12 1	Bt8 1	
159	Bt11 1	
160	Bt4 1	Bt17 1	
161	Bt4 1	
162	Bt6 1	
163	Bt15 1	
164	Bt6 1	
165	Bt8 1	
166	Bt4 1	
167	Bt4 2	
168	Bt6 1	Bt11 1	
169	Bt27 1	
170	Bt9 1	
171	Bt4 1	
172	Bt4 1	Bt3 1	
173	Bt4 1	
174	Bt6 1	
175	Bt3 2	
176	Bt2 1	
177	Bt23 1	
178	Bt3 2	Bt4 1	
179	Bt4 1	
180	Bt8 1	
181	Bt13 1	
182	Bt4 1	
183	Bt14 1	Bt8 1	
184	Bt9 1	Bt4 1	
185	Bt3 1	Bt4 1	
186	Bt22 1	Bt6 1	

DISTANCE MATRIX
0.0 2052.6 2278.2 2285.9 2122.6 1970.1 2306.0 2130.9 1950.5 1873.9 2151.1 2345.9 2185.5 2141.4 1968.3 2029.6 2261.2 2005.3 2062.2 2052.8 2293.4 2159.8 1904.3 2219.5 2265.5 2187.5 2028.7 2320.6 1900.0 2037.9 1952.7 1986.7 1983.5 2081.0 2266.9 2126.7 2218.1 1935.5 1980.8 1955.0 2213.0 2182.5 2157.3 2002.7 1931.2 2255.8 2204.0 2002.6 2095.1 2214.6 2227.2 2032.3 2140.7 2114.9 2146.0 2007.3 2249.2 2242.5 1987.3 2106.6 2153.3 2094.7 1892.9 1859.8 2096.3 2053.1 2141.6 1834.6 1902.7 1887.1 2340.5 2168.0 2064.0 1895.0 2199.2 2109.0 2284.9 1911.9 2200.1 2081.0 2144.9 2030.2 1986.1 1923.1 2085.3 2106.7 2189.8 2128.8 2278.5 2290.8 2040.7 1878.8 2005.0 1853.0 2099.7 2077.7 2192.5 2151.2 2162.0 2166.7 2223.3 2259.5 2094.4 2041.0 2069.4 2231.9 2011.4 2221.2 2020.7 2191.6 1896.9 2003.0 2391.5 2295.0 2118.2 2178.3 2269.1 2256.1 2272.9 2085.5 2155.3 2249.5 2251.9 2255.6 2173.5 2183.6 2177.7 1991.5 1947.0 1846.2 2186.4 2232.7 2226.1 1988.5 2012.4 1928.2 2248.1 2142.4 2109.4 2157.7 2199.7 2242.2 2138.5 2311.1 2262.7 2227.3 2120.5 2064.4 2016.5 2025.2 1830.7 2058.7 2309.0 2227.7 2267.1 1909.5 1914.5 2234.5 2109.2 1966.1 2036.0 2029.6 2314.5 2250.0 2301.0 2023.4 2135.7 2074.9 2056.6 2257.6 1927.5 1866.0 2130.5 2059.4 2262.3 2109.2 2175.7 2060.5 2258.4 2325.6 2095.7 2060.8 1954.5 2091.5 2012.7 1933.0 2353.8
2007.3 0.0 764.3 619.8 353.5 305.4 553.8 279.0 876.2 842.2 335.1 593.7 614.3 372.3 746.2 94.8 492.1 70.5 397.5 1013.0 507.9 806.3 239.6 346.9 448.2 418.4 806.6 535.1 860.2 998.1 288.0 764.6 67.0 321.2 697.7 357.6 393.9 270.8 316.1 795.7 160.3 516.4 592.6 140.0 742.7 203.1 362.4 780.5 741.6 645.4 713.3 151.9 787.2 345.8 576.8 848.0 583.1 473.4 489.9 440.5 384.2 741.2 395.5 898.7 312.3 831.0 206.9 224.9 941.6 825.4 588.3 685.6 710.5 833.3 146.5 755.5 232.2 821.2 619.7 352.6 741.0 990.4 321.4 425.7 863.2 337.6 630.2 312.8 509.4 466.6 11.4 917.7 507.6 872.1 720.5 855.6 623.3 797.7 808.5 813.2 170.6 402.8 214.0 300.3 299.9 662.7 623.8 397.0 861.4 138.9 852.8 780.9 567.3 725.8 764.7 567.3 549.9 733.7 511.9 732.0 586.1 464.0 427.7 486.5 120.8 636.0 408.6 951.7 195.8 296.3 417.3 180.0 594.6 829.2 972.6 888.4 678.9 326.4 527.0 105.0 630.5 189.5 369.4 741.9 477.2 403.1 227.6 295.3 976.7 360.5 228.8 1018.9 541.6 175.0 481.6 818.8 135.9 665.3 293.2 926.3 682.5 364.9 648.4 382.8 476.8 143.0 360.8 305.8 391.9 204.9 262.8 184.0 777.0 276.4 438.1 238.9 822.2 7.8 618.3 573.4 443.2 291.3 849.7 738.0 972.9 773.7 784.6
2289.2 731.6 0.0 593.2 497.3 704.1 349.0 630.4 540.3 506.3 601.6 388.9 523.7 600.8 410.3 749.3 346.5 725.0 645.9 677.1 589.8 371.1 648.1 515.9 373.3 519.5 470.7 617.0 524.3 662.2 721.5 428.7 703.2 599.9 277.0 493.2 346.5 594.9 693.4 459.8 809.8 466.3 369.8 794.5 406.8 852.6 500.4 444.6 202.0 303.6 51.0 806.4 352.0 505.0 272.9 512.1 493.7 365.2 815.0 470.7 612.7 306.0 783.8 562.8 615.2 495.1 631.2 695.0 605.7 489.5 383.5 165.1 275.3 497.4 796.0 320.3 881.7 485.3 137.3 604.1 212.1 654.5 727.1 753.9 527.3 546.1 127.0 618.4 610.5 277.7 743.1 581.8 832.7 536.2 191.6 519.7 333.9 362.5 373.3 378.0 820.1 555.9 868.5 579.0 551.4 294.4 350.6 399.0 525.5 800.4 516.9 445.0 271.5 349.5 329.5 390.8 206.3 383.8 437.0 324.5 263.9 545.9 408.7 587.6 782.3 120.8 612.1 615.8 850.3 950.8 620.8 829.5 479.3 493.3 636.7 552.5 213.2 610.9 339.9 766.5 288.7 839.0 572.9 365.6 559.1 336.9 610.1 555.1 640.8 699.5 698.9 683.0 623.5 663.1 563.5 482.9 739.9 289.0 598.8 590.4 288.0 703.9 621.8 546.4 272.0 797.5 575.1 543.6 730.9 854.4 602.9 691.4 341.8 559.0 419.1 598.8 387.0 724.1 195.6 368.6 527.0 542.8 513.8 247.5 637.0 437.8 408.3
2229.9 637.5 588.1 0.0 553.1 466.4 404.8 686.2 633.5 599.5 657.4 444.7 605.2 656.6 503.5 607.5 402.3 583.2 551.8 770.3 645.6 563.6 400.6 507.5 206.7 575.3 563.9 672.8 617.5 755.4 449.0 521.9 561.4 655.7 455.0 549.0 252.4 347.4 477.1 553.0 727.7 123.7 349.9 652.7 500.0 770.5 523.0 537.8 498.9 402.7 537.1 664.6 544.5 560.8 334.1 605.3 190.4 421.0 537.0 223.2 668.5 498.5 505.8 656.0 671.0 588.3 687.0 447.5 698.9 582.7 439.3 442.9 467.8 590.6 713.9 512.8 799.6 578.5 470.7 510.0 548.7 747.7 449.1 475.9 620.5 601.9 499.7 674.2 666.3 317.6 649.0 675.0 554.7 629.4 503.5 612.9 380.6 555.0 565.8 570.5 738.0 563.4 726.7 634.8 457.3 420.0 381.1 304.9 618.7 706.3 610.1 538.2 418.3 483.1 522.0 324.6 400.9 636.3 214.1 489.3 343.4 601.7 314.6 643.4 688.2 493.5 667.9 709.0 708.5 635.6 676.6 747.4 351.9 586.5 729.9 645.7 436.2 666.7 284.3 672.4 387.8 756.9 628.7 499.2 614.9 238.7 665.9 610.9 734.0 421.5 451.4 776.2 679.3 718.9 619.3 576.1 492.4 422.6 654.6 683.6 439.8 425.9 100.0 543.4 327.8 655.7 630.9 599.4 452.9 772.3 355.4 443.9 534.3 614.8 325.0 654.6 579.5 630.0 469.3 424.4 279.5 448.7 607.0 495.3 730.2 531.0 541.9
2056.2 339.5 495.3 539.0 0.0 524.2 183.3 133.0 800.2 766.2 104.2 223.2 260.7 103.4 670.2 434.4 138.5 410.1 466.0 937.0 170.7 631.0 579.2 96.8 319.1 64.8 730.6 197.9 784.2 922.1 541.6 688.6 406.6 102.5 536.9 4.0 292.3 463.5 513.5 719.7 312.4 412.1 629.7 479.6 666.7 355.2 81.3 704.5 461.9 563.5 444.3 491.5 545.0 7.7 532.8 772.0 439.5 119.8 635.1 512.1 115.3 565.9 603.9 822.7 117.8 755.0 133.8 563.6 865.6 749.4 217.8 425.0 535.2 757.3 298.6 580.2 384.3 745.2 350.7 424.2 472.0 914.4 547.2 574.0 787.2 48.7 361.2 121.0 155.8 223.5 351.0 841.7 652.8 796.1 451.5 779.6 593.8 563.9 551.0 637.9 322.7 136.8 553.6 81.6 371.5 554.3 610.5 344.8 785.4 317.2 776.8 704.9 298.3 609.4 589.4 650.7 280.9 418.3 382.8 584.4 523.8 126.8 354.5 132.9 331.6 367.0 114.7 875.7 535.4 635.9 123.4 332.1 666.2 753.2 896.6 812.4 473.1 113.5 598.6 283.3 548.6 341.6 75.5 625.5 140.0 282.7 112.7 57.7 900.7 519.6 567.5 942.9 186.3 165.7 144.4 742.8 475.5 548.9 101.4 850.3 547.9 524.0 567.6 127.3 213.3 482.6 77.7 46.2 551.0 357.0 471.5 523.6 554.9 61.6 364.9 101.4 646.9 332.0 349.3 202.9 514.8 362.9 773.7 507.4 896.9 697.7 668.2
1927.1 327.7 670.4 459.4 530.0 0.0 519.9 663.1 715.8 681.8 634.3 559.8 720.3 633.5 585.8 304.7 517.4 280.4 92.0 852.6 594.1 645.9 65.7 433.1 414.3 552.2 646.2 621.3 699.8 837.7 17.3 604.2 258.6 632.6 537.3 525.9 360.0 109.0 10.6 635.3 488.1 356.0 432.2 349.9 582.3 530.9 448.6 620.1 581.2 485.0 619.4 361.8 626.8 537.7 416.4 687.6 422.7 536.1 347.2 280.1 645.4 580.8 315.3 738.3 647.9 670.6 534.7 144.7 781.2 665.0 554.4 525.2 550.1 672.9 474.3 595.1 560.0 660.8 592.3 110.8 631.0 830.0 174.6 286.1 702.8 578.8 582.0 651.1 643.2 432.7 315.8 757.3 364.9 711.7 585.8 695.2 462.9 637.3 648.1 652.8 498.4 489.0 423.9 611.7 166.2 502.3 463.4 363.1 701.0 466.7 692.4 620.5 533.4 565.4 604.3 406.9 516.0 718.6 446.4 571.6 425.7 550.2 393.8 620.3 448.6 575.8 644.8 791.3 405.7 332.8 653.5 507.8 434.2 668.8 812.2 728.0 518.5 643.6 366.6 432.8 470.1 517.3 605.6 581.5 563.4 369.2 642.8 587.8 816.3 213.7 148.6 858.5 627.8 502.8 567.8 658.4 189.6 504.9 631.5 765.9 522.1 218.1 488.0 469.0 442.9 352.9 607.8 576.3 245.1 532.7 101.0 141.1 616.6 591.7 404.2 631.5 661.8 335.6 584.4 539.5 269.2 174.8 689.3 577.6 812.5 613.3 624.2
2242.9 526.2 370.3 414.0 186.6 524.9 0.0 319.7 675.2 641.2 290.9 39.8 238.7 290.1 545.2 570.1 35.8 545.8 466.7 812.0 279.1 506.0 590.7 205.2 194.1 208.8 605.6 306.3 659.2 797.1 542.3 563.6 524.0 289.2 411.9 182.5 167.3 464.2 514.2 594.7 499.1 287.1 504.7 615.3 541.7 541.9 189.7 579.5 336.9 438.5 319.3 627.2 486.9 194.3 407.8 647.0 314.5 54.5 635.8 430.1 302.0 440.9 604.6 697.7 304.5 630.0 320.5 564.3 740.6 624.4 34.4 300.0 410.2 632.3 485.3 455.2 571.0 620.2 225.7 424.9 347.0 789.4 547.9 574.7 662.2 235.4 236.2 307.7 299.8 98.5 537.7 716.7 653.5 671.1 326.5 654.6 468.8 497.4 472.4 512.9 509.4 245.2 689.3 268.3 372.2 429.3 485.5 219.8 660.4 503.9 651.8 579.9 173.3 484.4 464.4 525.7 155.9 339.7 257.8 459.4 398.8 235.2 229.5 276.9 518.3 242.0 301.4 750.7 671.1 771.6 310.1 518.8 558.8 628.2 771.6 687.4 348.1 300.2 491.2 470.0 423.6 528.3 262.2 500.5 248.4 157.7 299.4 244.4 775.7 520.3 568.2 817.9 312.8 352.4 252.8 617.8 662.2 423.9 288.1 725.3 422.9 524.7 442.6 235.7 88.3 618.3 264.4 232.9 551.7 543.7 472.2 560.7 476.7 248.3 239.9 288.1 521.9 518.7 224.3 19.5 515.5 363.6 648.7 382.4 771.9 572.7 543.2
2053.5 288.5 631.9 675.6 136.5 594.0 319.9 0.0 936.8 902.8 118.1 359.8 397.3 155.3 806.8 383.4 275.1 359.1 602.6 1073.6 307.3 767.6 528.2 233.4 455.7 201.4 867.2 334.5 920.8 1058.7 576.6 825.2 355.6 48.5 673.5 140.6 428.9 559.4 604.7 856.3 261.4 548.7 766.3 428.6 803.3 304.2 217.9 841.1 598.5 700.1 580.9 440.5 681.6 128.8 669.4 908.6 576.1 256.4 771.7 648.7 167.2 702.5 684.1 959.3 33.2 891.6 82.8 513.5 1002.2 886.0 354.4 561.6 671.8 893.9 247.6 716.8 333.3 881.8 487.3 560.8 608.6 1051.0 610.0 710.6 923.8 120.6 497.8 95.8 292.4 360.1 300.0 978.3 789.4 932.7 588.1 916.2 730.4 700.5 687.6 774.5 271.7 273.4 502.6 78.9 508.1 690.9 747.1 481.4 922.0 266.2 913.4 841.5 434.9 746.0 726.0 787.3 417.5 554.9 519.4 721.0 660.4 263.4 491.1 269.5 280.6 503.6 191.6 1012.3 484.4 584.9 200.3 281.1 802.8 889.8 1033.2 949.0 609.7 109.4 735.2 232.3 685.2 290.6 152.4 762.1 276.6 419.3 61.7 78.3 1037.3 656.2 517.4 1079.5 322.9 114.7 281.0 879.4 424.5 685.5 76.2 986.9 684.5 660.6 704.2 263.9 349.9 431.6 143.8 88.8 687.6 306.0 551.4 472.6 691.5 59.4 501.5 50.4 783.5 281.0 485.9 339.5 651.4 499.5 910.3 644.0 1033.5 834.3 804.8
1945.8 879.6 510.3 656.4 792.2 715.5 643.9 925.3 0.0 109.9 896.5 683.8 700.2 895.7 200.4 856.6 641.4 832.3 732.2 280.7 884.7 391.9 649.7 810.8 636.0 814.4 260.8 911.9 127.9 265.8 698.1 218.8 810.5 894.8 499.0 788.1 681.7 596.5 726.2 187.1 1040.0 553.0 389.4 901.8 163.3 1082.8 795.3 234.7 327.2 446.7 459.3 913.7 372.8 799.9 378.1 239.4 619.7 660.1 786.1 472.3 907.6 326.8 754.9 225.1 910.1 285.2 926.1 696.6 235.2 93.1 678.4 400.1 296.1 101.0 1026.2 341.1 1111.9 42.9 432.2 690.4 377.0 258.1 698.2 725.0 317.4 841.0 421.9 913.3 905.4 572.6 867.7 244.1 803.8 150.0 331.8 309.8 424.6 383.3 394.1 398.8 1050.3 850.8 975.8 873.9 637.7 464.0 243.5 734.2 252.8 1018.6 159.5 235.1 563.5 527.0 353.0 410.4 501.2 464.6 643.4 317.6 387.4 840.8 743.9 882.5 1000.5 415.7 907.0 219.4 957.6 884.7 915.7 1059.7 458.2 220.6 240.3 156.1 480.2 905.8 341.5 984.7 431.8 1069.2 867.8 543.2 854.0 668.0 905.0 850.0 244.4 670.6 700.5 286.6 918.4 960.4 858.4 87.6 740.7 466.6 893.7 194.0 268.1 675.0 685.0 841.3 566.9 904.8 870.0 838.5 699.4 1084.6 604.5 693.0 362.6 853.9 754.3 893.7 407.8 887.5 490.5 663.5 528.6 629.1 132.6 323.6 240.6 168.8 585.9
1868.5 864.0 494.7 640.8 776.6 699.9 628.3 909.7 112.0 0.0 880.9 668.2 684.6 880.1 184.8 841.0 625.8 816.7 716.6 227.2 869.1 376.3 634.1 795.2 620.4 798.8 245.2 896.3 74.4 212.3 682.5 203.2 794.9 879.2 483.4 772.5 666.1 580.9 710.6 171.5 1024.4 537.4 373.8 886.2 147.7 1067.2 779.7 219.1 311.6 431.1 443.7 898.1 357.2 784.3 362.5 223.8 604.1 644.5 770.5 456.7 892.0 311.2 739.3 115.1 894.5 269.6 910.5 681.0 125.2 39.6 662.8 384.5 280.5 47.5 1010.6 325.5 1096.3 85.9 416.6 674.8 361.4 204.6 682.6 709.4 301.8 825.4 406.3 897.7 889.8 557.0 852.1 134.1 788.2 40.0 316.2 294.2 409.0 367.7 378.5 383.2 1034.7 835.2 960.2 858.3 622.1 448.4 227.9 718.6 237.2 1003.0 85.7 219.5 550.8 511.5 334.7 394.8 485.6 449.0 627.8 302.0 371.8 825.2 728.3 866.9 984.9 400.1 891.4 165.9 942.0 869.1 900.1 1044.1 442.6 205.0 186.8 102.6 464.6 890.2 325.9 969.1 416.2 1053.6 852.2 527.6 838.4 652.4 889.4 834.4 190.9 655.0 684.9 233.1 902.8 942.4 842.8 126.0 725.9 451.0 878.1 140.5 252.5 659.4 669.4 825.7 551.3 889.2 854.4 822.9 686.4 1069.0 588.9 677.4 347.0 838.3 738.7 878.1 392.2 871.9 474.9 647.9 513.0 613.5 171.0 308.0 187.1 149.5 570.3
2082.7 345.5 606.5 650.2 111.1 651.0 294.5 139.0 911.4 877.4 0.0 334.4 371.9 111.9 781.4 440.4 249.7 416.1 577.2 1048.2 281.9 742.2 585.2 208.0 430.3 176.0 841.8 309.1 895.4 1033.3 633.6 799.8 412.6 129.0 648.1 115.2 403.5 616.4 624.7 830.9 318.4 523.3 740.9 485.6 777.9 361.2 192.5 815.7 573.1 674.7 555.5 497.5 656.2 103.4 644.0 883.2 550.7 231.0 746.3 623.3 123.8 677.1 715.1 933.9 144.3 866.2 139.8 570.5 976.8 860.6 329.0 536.2 646.4 868.5 304.6 691.4 390.3 856.4 461.9 535.4 583.2 1025.6 658.4 685.2 898.4 53.4 472.4 26.6 267.0 334.7 357.0 952.9 764.0 907.3 562.7 890.8 705.0 675.1 662.2 749.1 328.7 248.0 559.6 108.1 482.7 665.5 721.7 456.0 896.6 323.2 888.0 816.1 409.5 720.6 700.6 761.9 392.1 529.5 494.0 695.6 635.0 238.0 465.7 244.1 337.6 478.2 171.6 986.9 541.4 641.9 180.3 338.1 777.4 864.4 1007.8 923.6 584.3 9.2 709.8 289.3 659.8 347.6 127.0 736.7 251.2 393.9 118.7 84.2 1011.9 630.8 574.4 1054.1 297.5 171.7 255.6 854.0 481.5 660.1 55.1 961.5 659.1 635.2 678.8 238.5 324.5 488.6 25.6 72.7 662.2 363.0 608.4 529.6 666.1 88.1 476.1 107.4 758.1 338.0 460.5 314.1 626.0 474.1 884.9 618.6 1008.1 808.9 779.4
2280.7 564.0 408.1 451.8 224.4 562.7 37.7 357.5 713.0 679.0 328.7 0.0 276.5 327.9 583.0 607.9 73.6 583.6 504.5 849.8 316.9 543.8 628.5 243.0 231.9 246.6 643.4 344.1 697.0 834.9 580.1 601.4 561.8 327.0 449.7 220.3 205.1 502.0 552.0 632.5 536.9 324.9 542.5 653.1 579.5 579.7 227.5 617.3 374.7 476.3 357.1 665.0 524.7 232.1 445.6 684.8 352.3 92.3 673.6 467.9 339.8 478.7 642.4 735.5 342.3 667.8 358.3 602.1 778.4 662.2 4.7 337.8 448.0 670.1 523.1 493.0 608.8 658.0 263.5 462.7 384.8 827.2 585.7 612.5 700.0 273.2 274.0 345.5 337.6 136.3 575.5 754.5 691.3 708.9 364.3 692.4 506.6 535.2 510.2 550.7 547.2 283.0 727.1 306.1 410.0 467.1 523.3 257.6 698.2 541.7 689.6 617.7 211.1 522.2 502.2 563.5 193.7 377.5 295.6 497.2 436.6 273.0 267.3 314.7 556.1 279.8 339.2 788.5 708.9 809.4 347.9 556.6 596.6 666.0 809.4 725.2 385.9 338.0 529.0 507.8 461.4 566.1 300.0 538.3 286.2 195.5 337.2 282.2 813.5 558.1 606.0 855.7 350.6 390.2 290.6 655.6 700.0 461.7 325.9 763.1 460.7 562.5 480.4 273.5 126.1 656.1 302.2 270.7 589.5 581.5 510.0 598.5 514.5 286.1 277.7 325.9 559.7 556.5 262.1 18.1 553.3 401.4 686.5 420.2 809.7 610.5 581.0
2136.8 623.5 550.6 594.3 283.9 705.2 238.6 417.0 722.6 688.6 388.2 278.5 0.0 387.4 592.6 718.4 193.8 694.1 647.0 859.4 376.4 530.0 771.0 302.5 374.4 306.1 653.0 403.6 706.6 844.5 722.6 611.0 690.6 386.5 592.2 279.8 347.6 644.5 694.5 642.1 596.4 467.4 685.0 763.6 589.1 639.2 287.0 626.9 421.9 618.8 499.6 775.5 352.6 291.6 588.1 694.4 494.8 175.1 816.1 610.4 399.3 407.5 784.9 745.1 401.8 677.4 417.8 744.6 788.0 671.8 273.1 480.3 445.3 679.7 582.6 393.6 668.3 667.6 406.0 605.2 394.4 836.8 728.2 755.0 709.6 332.7 416.5 405.0 397.1 278.8 635.0 764.1 833.8 718.5 506.8 702.0 649.1 371.5 358.6 536.9 606.7 342.5 837.6 389.8 552.5 609.6 532.9 400.1 707.8 601.2 699.2 627.3 353.6 664.7 452.8 706.0 336.2 225.9 438.1 506.8 579.1 332.5 409.8 374.2 615.6 422.3 421.4 798.1 819.4 919.9 430.1 616.1 739.1 675.6 819.0 734.8 528.4 397.5 671.5 567.3 603.9 625.6 382.2 680.8 345.7 338.0 396.7 341.7 823.1 700.6 748.5 865.3 410.1 449.7 350.1 665.2 759.5 604.2 385.4 772.7 470.3 705.0 622.9 333.0 268.6 766.6 361.7 330.2 732.0 641.0 652.5 741.0 362.5 345.6 420.2 385.4 545.9 616.0 404.6 258.2 695.8 543.9 696.1 370.2 819.3 620.1 723.5
2083.9 367.2 587.7 631.4 92.3 616.6 275.7 160.7 892.6 858.6 113.9 315.6 353.1 0.0 762.6 462.1 230.9 437.8 558.4 1029.4 263.1 723.4 606.9 189.2 411.5 157.2 823.0 290.3 876.6 1014.5 634.0 781.0 434.3 130.2 629.3 96.4 384.7 555.9 605.9 812.1 340.1 504.5 722.1 507.3 759.1 382.9 173.7 796.9 554.3 655.9 536.7 519.2 637.4 84.6 625.2 864.4 531.9 212.2 727.5 604.5 11.8 658.3 696.3 915.1 145.5 847.4 161.5 592.2 958.0 841.8 310.2 517.4 627.6 849.7 326.3 672.6 412.0 837.6 443.1 516.6 564.4 1006.8 639.6 666.4 879.6 58.4 453.6 140.6 248.2 315.9 378.7 934.1 745.2 888.5 543.9 872.0 686.2 656.3 643.4 730.3 350.4 229.2 581.3 109.3 463.9 646.7 702.9 437.2 877.8 344.9 869.2 797.3 390.7 701.8 681.8 743.1 373.3 510.7 475.2 676.8 616.2 219.2 446.9 225.3 359.3 459.4 58.4 968.1 563.1 663.6 67.1 359.8 758.6 845.6 989.0 904.8 565.5 123.2 691.0 311.0 641.0 369.3 70.1 717.9 232.4 375.1 140.4 85.4 993.1 612.0 596.1 1035.3 278.7 193.4 236.8 835.2 503.2 641.3 129.1 942.7 640.3 616.4 660.0 219.7 305.7 510.3 87.4 73.9 643.4 384.7 563.9 551.3 647.3 89.3 457.3 129.1 739.3 359.7 441.7 295.3 607.2 455.3 866.1 599.8 989.3 790.1 760.6
1979.0 759.3 390.0 536.1 671.9 595.2 523.6 805.0 230.1 196.1 776.2 563.5 579.9 775.4 0.0 736.3 521.1 712.0 611.9 366.9 764.4 271.6 529.4 690.5 515.7 694.1 58.2 791.6 214.1 352.0 577.8 16.2 690.2 774.5 378.7 667.8 561.4 476.2 605.9 149.6 919.7 432.7 269.1 781.5 96.6 962.5 675.0 32.1 206.9 326.4 339.0 793.4 252.5 679.6 257.8 201.9 499.4 539.8 665.8 352.0 787.3 206.5 634.6 252.6 789.8 84.7 805.8 576.3 295.5 179.3 558.1 279.8 175.8 187.2 905.9 220.8 991.6 175.1 311.9 570.1 256.7 344.3 577.9 604.7 116.9 720.7 301.6 793.0 785.1 452.3 747.4 271.6 683.5 226.0 211.5 109.3 304.3 263.0 273.8 278.5 930.0 730.5 855.5 753.6 517.4 343.7 123.2 613.9 215.3 898.3 206.7 81.9 446.1 406.8 230.0 290.1 380.9 344.3 523.1 197.3 267.1 720.5 623.6 762.2 880.2 295.4 786.7 305.6 837.3 764.4 795.4 939.4 337.9 183.1 326.5 242.3 359.9 785.5 221.2 864.4 311.5 948.9 747.5 422.9 733.7 547.7 784.7 729.7 330.6 550.3 580.2 372.8 798.1 837.7 738.1 172.7 621.2 346.3 773.4 280.2 147.8 554.7 564.7 721.0 446.6 784.5 749.7 718.2 581.7 964.3 484.2 572.7 242.3 733.6 634.0 773.4 287.5 767.2 370.2 543.2 408.3 508.8 203.6 203.3 326.8 127.6 465.6
2013.6 86.8 743.3 598.8 440.4 284.4 532.8 365.9 855.2 821.2 422.0 572.7 701.2 459.2 725.2 0.0 530.3 24.2 376.5 992.0 594.8 785.3 218.6 433.8 427.2 505.3 785.6 622.0 839.2 977.1 267.0 743.6 46.0 408.1 676.7 444.5 372.9 249.8 295.1 774.7 247.2 495.4 571.6 45.1 721.7 290.0 449.3 759.5 720.6 624.4 692.3 57.0 766.2 432.7 555.8 827.0 562.1 549.0 468.9 419.5 471.1 720.2 374.5 877.7 399.2 810.0 293.8 203.9 920.6 804.4 567.3 664.6 689.5 812.3 233.4 734.5 319.1 800.2 598.7 331.6 720.0 969.4 300.4 404.7 842.2 424.5 609.2 399.7 596.3 445.6 74.9 896.7 486.6 851.1 699.5 834.6 602.3 776.7 787.5 792.2 257.5 489.7 119.1 387.2 278.9 641.7 602.8 376.0 840.4 225.8 831.8 759.9 546.3 704.8 743.7 546.3 528.9 712.7 490.9 711.0 565.1 550.9 406.7 573.4 207.7 615.0 495.5 930.7 100.9 201.4 504.2 266.9 573.6 808.2 951.6 867.4 657.9 413.3 506.0 191.9 609.5 276.4 456.3 720.9 564.1 382.1 314.5 382.2 955.7 339.5 207.8 997.9 628.5 261.9 568.5 797.8 114.9 644.3 380.1 905.3 661.5 343.9 627.4 469.7 455.8 48.1 447.7 392.7 370.9 291.8 241.8 163.0 756.0 363.3 417.1 325.8 801.2 94.7 597.3 552.4 422.2 270.3 828.7 717.0 951.9 752.7 763.6
2207.0 490.3 356.7 400.4 150.7 511.3 44.7 283.8 659.7 627.6 255.0 84.6 202.8 254.2 531.6 585.2 0.0 560.9 453.1 798.4 243.2 492.4 577.1 169.3 178.6 172.9 592.0 270.4 645.6 783.5 528.7 548.1 510.4 253.3 398.3 146.6 153.7 450.6 500.6 581.1 463.2 273.5 489.2 630.4 528.1 506.0 153.8 564.0 323.3 424.9 305.7 642.3 473.3 160.3 394.2 633.4 300.9 18.6 622.2 416.5 266.1 427.3 591.0 684.1 268.6 616.4 284.6 550.7 727.0 610.8 77.3 286.4 396.6 618.7 449.4 441.6 537.0 606.6 210.2 405.6 333.4 775.8 534.3 561.1 648.6 199.5 222.6 273.7 263.9 83.0 501.8 701.2 638.0 657.5 312.9 634.3 455.2 483.8 458.8 499.3 473.5 209.3 704.4 232.4 358.6 415.7 471.9 206.2 646.8 468.0 636.3 564.4 156.8 470.7 453.5 512.1 140.4 326.1 244.2 445.8 385.2 199.3 215.9 241.0 482.4 228.4 265.5 737.2 686.2 786.7 274.2 482.9 545.2 612.7 758.0 673.8 334.5 264.3 477.6 434.1 410.0 492.4 226.3 486.9 212.5 144.1 263.5 208.5 762.1 504.8 554.6 804.3 276.9 318.9 216.9 604.2 627.0 406.4 252.2 711.7 409.3 511.1 429.0 199.8 74.7 633.4 228.5 197.0 535.5 507.8 458.6 547.1 466.7 212.4 226.3 252.2 508.3 482.8 210.7 64.3 501.9 350.0 635.1 368.8 756.4 562.8 529.6
1962.0 62.5 719.0 574.5 416.1 260.1 508.5 341.6 830.9 796.9 397.7 548.4 676.9 434.9 700.9 24.2 506.0 0.0 352.2 967.7 570.5 761.0 194.3 409.5 402.9 481.0 761.3 597.7 814.9 952.8 242.7 719.3 21.7 383.8 652.4 420.2 348.6 225.5 270.8 750.4 222.9 471.1 547.3 69.4 697.4 265.7 425.0 735.2 696.3 600.1 668.0 81.3 741.9 408.4 531.5 802.7 537.8 524.7 444.6 395.2 446.8 695.9 350.2 853.4 374.9 785.7 269.5 179.6 896.3 780.1 543.0 640.3 665.2 788.0 209.1 710.2 294.8 775.9 574.4 307.3 695.7 945.1 276.1 380.4 817.9 400.2 584.9 375.4 572.0 421.3 50.6 872.4 462.3 826.8 675.2 810.3 578.0 752.4 763.2 767.9 233.2 465.4 143.4 362.9 254.6 617.4 578.5 351.7 816.1 201.5 807.5 735.6 522.0 680.5 719.4 522.0 504.6 688.4 466.6 686.7 540.8 526.6 382.4 549.1 183.4 590.7 471.2 906.4 125.2 225.7 479.9 242.6 549.3 783.9 927.3 843.1 633.6 389.0 481.7 167.6 585.2 252.1 432.0 696.6 539.8 357.8 290.2 357.9 931.4 315.2 183.5 973.6 604.2 237.6 544.2 773.5 90.6 620.0 355.8 881.0 637.2 319.6 603.1 445.4 431.5 72.4 423.4 368.4 346.6 267.5 217.5 138.7 731.7 339.0 392.8 301.5 776.9 70.4 573.0 528.1 397.9 246.0 804.4 692.7 927.6 728.4 739.3
2028.3 391.7 659.1 479.9 458.7 101.1 448.6 591.8 736.3 702.3 563.0 488.5 649.0 562.2 606.3 368.7 446.1 344.4 0.0 873.1 522.8 666.4 166.9 361.8 343.0 480.9 666.7 550.0 720.3 858.2 118.5 624.7 322.6 561.3 557.8 454.6 288.7 210.2 90.4 655.8 552.1 376.5 452.7 413.9 602.8 594.9 377.3 640.6 601.7 505.5 608.1 425.8 647.3 466.4 436.9 708.1 443.2 464.8 423.6 300.6 574.1 601.3 392.4 758.8 576.6 691.1 592.6 245.9 801.7 685.5 483.1 545.7 570.6 693.4 538.3 615.6 624.0 681.3 514.5 97.1 635.8 850.5 275.8 362.5 723.3 507.5 525.0 579.8 571.9 361.4 379.8 777.8 441.3 732.2 606.3 715.7 483.4 657.8 668.6 673.3 562.4 417.7 487.9 540.4 94.9 522.8 483.9 291.8 721.5 530.7 712.9 641.0 462.1 585.9 624.8 427.4 444.7 628.5 406.7 592.1 446.2 478.9 322.5 549.0 512.6 530.8 573.5 811.8 469.7 434.0 582.2 571.8 454.7 689.3 832.7 748.5 539.0 572.3 387.1 496.8 490.6 581.3 534.3 602.0 492.1 297.9 571.5 516.5 836.8 308.1 249.8 879.0 556.5 566.8 496.5 678.9 290.8 525.4 560.2 786.4 542.6 312.5 508.5 397.7 371.6 416.9 536.5 505.0 339.5 596.7 202.2 242.3 637.1 520.4 332.9 560.2 682.3 399.6 513.1 468.2 303.3 103.5 709.8 598.1 833.0 633.8 644.7
2071.9 1012.6 643.3 789.4 925.2 848.5 776.9 1058.3 262.6 224.6 1029.5 816.8 833.2 1028.7 333.4 989.6 774.4 965.3 865.2 0.0 1017.7 524.9 782.7 943.8 769.0 947.4 393.8 1044.9 179.3 36.7 831.1 351.8 943.5 1027.8 632.0 921.1 814.7 729.5 859.2 320.1 1173.0 686.0 522.4 1034.8 296.3 1215.8 928.3 367.7 460.2 579.7 592.3 1046.7 505.8 932.9 511.1 372.4 752.7 793.1 919.1 605.3 1040.6 459.8 887.9 324.8 1043.1 418.2 1059.1 829.6 320.9 181.0 811.4 533.1 429.1 173.5 1159.2 474.1 1244.9 236.5 565.2 823.4 510.0 44.0 831.2 858.0 450.4 974.0 554.9 1046.3 1038.4 705.6 1000.7 340.5 936.8 249.7 464.8 442.8 557.6 516.3 527.1 531.8 1183.3 983.8 1108.8 1006.9 770.7 597.0 376.5 867.2 385.8 1151.6 277.4 368.1 699.4 660.1 483.3 543.4 634.2 597.6 776.4 450.6 520.4 973.8 876.9 1015.5 1133.5 548.7 1040.0 203.4 1090.6 1017.7 1048.7 1192.7 591.2 353.6 60.7 207.5 613.2 1038.8 474.5 1117.7 564.8 1202.2 1000.8 676.2 987.0 801.0 1038.0 983.0 147.0 803.6 833.5 11.9 1051.4 1091.0 991.4 274.6 874.5 599.6 1026.7 178.0 401.1 808.0 818.0 974.3 699.9 1037.8 1003.0 971.5 835.0 1217.6 737.5 826.0 495.6 986.9 887.3 1026.7 540.8 1020.5 623.5 796.5 661.6 762.1 319.6 456.6 143.2 298.1 718.9
2218.5 501.8 599.3 643.0 162.2 599.8 287.3 295.3 904.2 870.2 266.5 327.2 364.7 265.7 774.2 596.7 242.5 572.4 541.6 1041.0 0.0 735.0 665.6 172.4 423.1 150.2 834.6 26.6 888.2 1026.1 617.2 792.6 568.9 264.8 640.9 158.1 396.3 539.1 589.1 823.7 474.7 516.1 733.7 641.9 770.7 517.5 156.9 808.5 565.9 667.5 548.3 653.8 649.0 169.9 636.8 876.0 543.5 223.8 710.7 587.7 277.6 669.9 679.5 926.7 280.1 859.0 296.1 639.2 969.6 853.4 321.8 529.0 639.2 861.3 460.9 684.2 546.6 849.2 454.7 499.8 576.0 1018.4 622.8 649.6 891.2 211.0 465.2 283.3 66.7 327.5 513.3 945.7 728.4 900.1 555.5 883.6 697.8 667.9 655.0 741.9 485.0 212.4 715.9 243.9 447.1 658.3 771.0 418.7 889.4 479.5 880.8 808.9 402.3 713.4 693.4 714.5 384.9 522.3 486.8 688.4 627.8 43.8 458.5 114.6 493.9 471.0 277.0 979.7 697.7 798.2 285.7 494.4 741.8 857.2 1000.6 916.4 577.1 275.8 674.2 445.6 652.6 503.9 237.8 729.5 55.3 386.7 275.0 220.0 1004.7 595.2 643.1 1046.9 33.6 328.0 26.2 846.8 637.8 652.9 263.7 954.3 651.9 599.6 671.6 202.9 317.3 644.9 240.0 208.5 626.6 519.3 547.1 685.9 658.9 223.9 468.9 263.7 750.9 494.3 453.3 306.9 590.4 438.5 877.7 611.4 1000.9 801.7 772.2
2107.0 804.5 319.1 581.3 601.0 640.4 452.7 734.1 358.1 324.1 705.3 492.6 509.0 704.5 228.1 781.5 450.2 757.2 657.1 494.9 693.5 0.0 574.6 619.6 477.0 623.2 288.5 720.7 342.1 480.0 623.0 246.5 735.4 703.6 320.8 596.9 450.2 521.4 651.1 277.6 913.5 477.9 314.3 826.7 224.6 956.3 604.1 262.4 136.0 347.4 268.1 838.6 220.7 608.7 303.0 329.9 544.6 468.9 711.0 397.2 716.4 135.6 679.8 380.6 718.9 312.9 734.9 621.5 423.5 307.3 487.2 208.9 104.9 315.2 899.7 189.0 985.4 303.1 241.0 615.3 185.8 472.3 623.1 649.9 345.1 649.8 230.7 722.1 714.2 381.4 792.6 399.6 728.7 354.0 140.6 337.5 349.5 231.2 242.0 68.8 923.8 659.6 900.7 682.7 562.6 338.2 168.4 502.7 343.3 904.1 334.7 262.8 375.2 393.3 78.0 335.3 310.0 273.4 540.7 142.3 307.7 649.6 512.4 691.3 886.0 224.5 715.8 433.6 882.5 809.6 724.5 933.2 383.1 311.1 454.5 370.3 257.0 714.6 266.4 870.2 332.5 942.7 676.6 409.4 662.8 440.6 713.8 658.8 458.6 595.5 625.4 500.8 727.2 766.8 667.2 300.7 666.4 332.8 702.5 408.2 105.8 599.9 609.9 650.1 375.7 829.7 678.8 647.3 626.9 958.1 529.4 617.9 210.5 662.7 522.8 702.5 15.9 812.4 299.3 472.3 453.5 554.0 331.6 132.4 454.8 255.6 452.1
1861.3 261.9 604.6 393.6 495.8 65.7 485.7 628.9 650.0 616.0 600.1 525.6 686.1 599.3 520.0 238.9 483.2 214.6 157.8 786.8 559.9 580.1 0.0 398.9 373.2 518.0 580.4 587.1 634.0 771.9 48.3 538.4 192.8 598.4 471.5 491.7 325.8 43.2 76.4 569.5 422.3 290.2 366.4 284.1 516.5 465.1 414.4 554.3 515.4 419.2 553.6 296.0 561.0 503.5 350.6 621.8 356.9 501.9 281.4 214.3 611.2 515.0 249.5 672.5 613.7 604.8 468.9 78.9 715.4 599.2 520.2 459.4 484.3 607.1 408.5 529.3 494.2 595.0 526.5 176.6 565.2 764.2 108.8 220.3 637.0 544.6 516.2 616.9 609.0 398.5 250.0 691.5 299.1 645.9 520.0 629.4 397.1 571.5 582.3 587.0 432.6 454.8 358.1 577.5 177.1 436.5 397.6 328.9 635.2 400.9 626.6 554.7 499.2 499.6 538.5 341.1 481.8 652.8 380.6 505.8 359.9 516.0 359.6 586.1 382.8 510.0 610.6 725.5 339.9 267.0 619.3 442.0 368.4 603.0 746.4 662.2 452.7 609.4 300.8 367.0 404.3 451.5 571.4 515.7 529.2 335.0 489.6 553.6 750.5 147.9 82.8 792.7 593.6 437.0 533.6 592.6 123.8 439.1 597.3 700.1 456.3 152.3 422.2 434.8 408.7 287.1 573.6 542.1 179.3 466.9 35.2 75.3 550.8 557.5 370.0 500.9 596.0 269.8 550.2 505.3 203.4 168.5 623.5 511.8 746.7 547.5 558.4
2153.1 334.2 533.9 517.3 96.8 427.3 221.9 229.9 850.9 816.9 201.1 261.8 299.3 200.3 720.9 429.1 177.1 404.8 369.1 987.7 160.9 669.6 493.1 0.0 297.4 119.0 781.3 188.1 834.9 972.8 444.7 739.3 401.3 199.4 575.5 92.7 243.1 366.6 416.6 770.4 409.3 390.4 567.3 474.3 717.4 452.1 15.4 755.2 500.5 620.1 482.9 486.2 583.6 104.5 551.5 822.7 417.8 158.4 538.2 415.2 212.2 604.5 507.0 873.4 214.7 805.7 230.7 466.7 916.3 800.1 256.4 463.6 573.8 808.0 395.5 618.8 481.2 795.9 389.3 327.3 510.6 965.1 450.3 477.1 837.9 145.6 399.8 217.9 210.0 262.1 345.7 892.4 555.9 846.8 490.1 830.3 598.0 602.5 589.6 676.5 419.6 55.8 548.3 178.5 274.6 637.4 598.5 246.2 836.1 414.1 827.5 755.6 336.9 648.0 628.0 542.0 319.5 456.9 361.1 623.0 560.8 117.0 276.9 187.1 384.9 405.6 211.6 926.4 530.1 630.6 220.3 429.0 569.3 803.9 947.3 863.1 511.7 210.4 501.7 380.2 605.2 438.5 172.4 664.1 130.2 252.3 209.6 154.6 951.4 422.7 470.6 993.6 194.6 262.6 134.6 793.5 470.2 587.5 198.3 901.0 657.2 427.1 545.9 46.3 251.9 477.3 174.6 143.1 454.1 453.9 374.6 518.3 593.5 158.5 287.3 198.3 685.5 326.7 387.9 241.5 417.9 266.0 824.4 546.0 947.6 748.4 706.8
2225.0 430.7 408.5 219.8 346.3 403.2 198.0 479.4 646.2 612.2 450.6 237.9 398.4 449.8 516.2 448.4 193.6 424.1 345.0 783.0 438.8 576.3 469.0 300.7 0.0 368.5 576.6 466.0 630.2 768.1 420.6 534.6 402.3 448.9 467.7 342.2 45.6 342.5 392.5 565.7 520.9 92.9 362.6 493.6 512.7 563.7 316.2 550.5 375.1 415.4 357.5 505.5 557.2 354.0 346.8 618.0 120.3 214.2 514.1 235.9 461.7 511.2 482.9 668.7 464.2 601.0 480.2 442.6 711.6 595.4 232.5 338.2 480.5 603.3 507.1 525.5 592.8 591.2 263.9 297.5 385.2 760.4 426.2 453.0 633.2 395.1 274.4 467.4 459.5 110.8 442.2 687.7 531.8 642.1 364.7 625.6 393.3 567.7 578.5 583.2 531.2 356.6 567.6 428.0 250.5 432.7 393.8 98.1 631.4 499.5 622.8 550.9 208.6 495.7 537.4 337.3 194.1 377.9 63.6 502.0 356.1 394.9 107.8 436.6 481.4 280.2 461.1 721.7 549.4 649.9 469.8 540.6 364.6 599.2 742.6 658.4 386.3 459.9 297.0 465.6 400.5 550.1 421.9 511.9 408.1 31.9 459.1 404.1 746.7 398.6 446.5 788.9 472.5 512.1 412.5 588.8 486.7 435.3 447.8 696.3 452.5 403.0 248.4 336.6 121.0 496.6 424.1 392.6 427.4 565.5 350.5 439.0 547.0 408.0 118.2 447.8 592.2 423.2 262.5 217.6 292.2 241.9 619.7 420.6 742.9 547.4 554.6
2111.1 394.4 527.5 571.2 54.8 556.4 215.5 187.9 832.4 798.4 159.1 255.4 292.9 158.3 702.4 489.3 170.7 465.0 498.2 969.2 148.3 663.2 634.1 129.0 351.3 0.0 762.8 175.5 816.4 954.3 573.8 720.8 461.5 157.4 569.1 50.7 324.5 495.7 545.7 751.9 367.3 444.3 661.9 534.5 698.9 410.1 113.5 736.7 494.1 595.7 476.5 546.4 577.2 62.5 565.0 804.2 471.7 152.0 667.3 544.3 170.2 598.1 636.1 854.9 172.7 787.2 188.7 595.8 897.8 781.6 250.0 457.2 567.4 789.5 353.5 612.4 439.2 777.4 382.9 456.4 504.2 946.6 579.4 606.2 819.4 103.6 393.4 175.9 90.9 255.7 405.9 873.9 685.0 828.3 483.7 811.8 626.0 596.1 583.2 670.1 377.6 169.0 608.5 136.5 403.7 586.5 642.7 377.0 817.6 372.1 809.0 737.1 329.3 641.6 624.3 682.9 313.1 450.5 415.0 616.6 556.0 104.4 386.7 68.0 386.5 399.2 169.6 907.9 590.3 690.8 178.3 387.0 698.4 785.4 928.8 844.6 505.3 168.4 630.8 338.2 580.8 396.5 130.4 657.7 82.9 314.9 167.6 112.6 932.9 551.8 599.7 975.1 121.4 220.6 122.0 775.0 530.4 577.2 156.3 882.5 580.1 556.2 599.8 159.5 245.5 537.5 132.6 101.1 580.6 411.9 503.7 578.5 587.1 116.5 397.1 156.3 679.1 386.9 381.5 235.1 547.0 395.1 805.9 539.6 929.1 729.9 700.4
2039.4 819.7 450.4 596.5 732.3 655.6 584.0 865.4 290.5 256.5 836.6 623.9 640.3 835.8 78.2 796.7 581.5 772.4 672.3 427.3 824.8 332.0 589.8 750.9 576.1 754.5 0.0 852.0 274.5 412.4 638.2 51.9 750.6 834.9 439.1 728.2 621.8 536.6 666.3 210.0 980.1 493.1 329.5 841.9 157.0 1022.9 735.4 36.0 267.3 386.8 399.4 853.8 312.9 740.0 318.2 262.3 559.8 600.2 726.2 412.4 847.7 266.9 695.0 313.0 850.2 87.4 866.2 636.7 355.9 239.7 618.5 340.2 236.2 247.6 966.3 281.2 1052.0 235.5 372.3 630.5 317.1 404.7 638.3 665.1 95.0 781.1 362.0 853.4 845.5 512.7 807.8 332.0 743.9 286.4 271.9 112.0 364.7 323.4 334.2 338.9 990.4 790.9 915.9 814.0 577.8 404.1 183.6 674.3 275.7 958.7 267.1 142.3 506.5 467.2 290.4 350.5 441.3 404.7 583.5 257.7 327.5 780.9 684.0 822.6 940.6 355.8 847.1 366.0 897.7 824.8 855.8 999.8 398.3 243.5 386.9 302.7 420.3 845.9 281.6 924.8 371.9 1009.3 807.9 483.3 794.1 608.1 845.1 790.1 391.0 610.7 640.6 433.2 858.5 898.1 798.5 233.1 681.6 406.7 833.8 340.6 208.2 615.1 625.1 781.4 507.0 844.9 810.1 778.6 642.1 1024.7 544.6 633.1 302.7 794.0 694.4 833.8 347.9 827.6 430.6 603.6 468.7 569.2 264.0 263.7 387.2 188.0 526.0
2233.2 516.5 614.0 657.7 176.9 614.5 302.0 310.0 918.9 884.9 281.2 341.9 379.4 280.4 788.9 611.4 257.2 587.1 556.3 1055.7 34.1 749.7 680.3 187.1 437.8 164.9 849.3 0.0 902.9 1040.8 631.9 807.3 583.6 279.5 655.6 172.8 411.0 553.8 603.8 838.4 489.4 530.8 748.4 656.6 785.4 532.2 171.6 823.2 580.6 682.2 563.0 668.5 663.7 184.6 651.5 890.7 558.2 238.5 725.4 602.4 292.3 684.6 694.2 941.4 294.8 873.7 310.8 653.9 984.3 868.1 336.5 543.7 653.9 876.0 475.6 698.9 561.3 863.9 469.4 514.5 590.7 1033.1 637.5 664.3 905.9 225.7 479.9 298.0 100.9 342.2 528.0 960.4 743.1 914.8 570.2 898.3 712.5 682.6 669.7 756.6 499.7 227.1 730.6 258.6 461.8 673.0 785.7 433.4 904.1 494.2 895.5 823.6 417.0 728.1 708.1 729.2 399.6 537.0 501.5 703.1 642.5 58.5 473.2 127.0 508.6 485.7 291.7 994.4 712.4 812.9 300.4 509.1 756.5 871.9 1015.3 931.1 591.8 290.5 688.9 460.3 667.3 518.6 252.5 744.2 70.0 401.4 289.7 234.7 1019.4 609.9 657.8 1061.6 67.8 342.7 40.9 861.5 652.5 667.6 278.4 969.0 666.6 614.3 686.3 217.6 332.0 659.6 254.7 223.2 641.3 534.0 561.8 700.6 673.6 238.6 483.6 278.4 765.6 509.0 468.0 321.6 605.1 453.2 892.4 626.1 1015.6 816.4 786.9
1935.7 876.4 507.1 653.2 789.0 712.3 640.7 922.1 126.4 88.4 893.3 680.6 697.0 892.5 197.2 853.4 638.2 829.1 729.0 175.9 881.5 388.7 646.5 807.6 632.8 811.2 257.6 908.7 0.0 161.0 694.9 215.6 807.3 891.6 495.8 784.9 678.5 593.3 723.0 183.9 1036.8 549.8 386.2 898.6 160.1 1079.6 792.1 231.5 324.0 443.5 456.1 910.5 369.6 796.7 374.9 236.2 616.5 656.9 782.9 469.1 904.4 323.6 751.7 188.6 906.9 282.0 922.9 693.4 184.7 44.8 675.2 396.9 292.9 37.3 1023.0 337.9 1108.7 100.3 429.0 687.2 373.8 153.3 695.0 721.8 314.2 837.8 418.7 910.1 902.2 569.4 864.5 204.3 800.6 113.5 328.6 306.6 421.4 380.1 390.9 395.6 1047.1 847.6 972.6 870.7 634.5 460.8 240.3 731.0 249.6 1015.4 141.2 231.9 563.2 523.9 347.1 407.2 498.0 461.4 640.2 314.4 384.2 837.6 740.7 879.3 997.3 412.5 903.8 114.6 954.4 881.5 912.5 1056.5 455.0 217.4 135.5 28.1 477.0 902.6 338.3 981.5 428.6 1066.0 864.6 540.0 850.8 664.8 901.8 846.8 139.6 667.4 697.3 181.8 915.2 954.8 855.2 138.4 738.3 463.4 890.5 89.2 264.9 671.8 681.8 838.1 563.7 901.6 866.8 835.3 698.8 1081.4 601.3 689.8 359.4 850.7 751.1 890.5 404.6 884.3 487.3 660.3 525.4 625.9 183.4 320.4 135.8 161.9 582.7
2062.6 1003.3 634.0 780.1 915.9 839.2 767.6 1049.0 253.3 215.3 1020.2 807.5 823.9 1019.4 324.1 980.3 765.1 956.0 855.9 49.2 1008.4 515.6 773.4 934.5 759.7 938.1 384.5 1035.6 170.0 0.0 821.8 342.5 934.2 1018.5 622.7 911.8 805.4 720.2 849.9 310.8 1163.7 676.7 513.1 1025.5 287.0 1206.5 919.0 358.4 450.9 570.4 583.0 1037.4 496.5 923.6 501.8 363.1 743.4 783.8 909.8 596.0 1031.3 450.5 878.6 315.5 1033.8 408.9 1049.8 820.3 311.6 171.7 802.1 523.8 419.8 164.2 1149.9 464.8 1235.6 227.2 555.9 814.1 500.7 7.2 821.9 848.7 441.1 964.7 545.6 1037.0 1029.1 696.3 991.4 331.2 927.5 240.4 455.5 433.5 548.3 507.0 517.8 522.5 1174.0 974.5 1099.5 997.6 761.4 587.7 367.2 857.9 376.5 1142.3 268.1 358.8 690.1 650.8 474.0 534.1 624.9 588.3 767.1 441.3 511.1 964.5 867.6 1006.2 1124.2 539.4 1030.7 194.1 1081.3 1008.4 1039.4 1183.4 581.9 344.3 23.9 198.2 603.9 1029.5 465.2 1108.4 555.5 1192.9 991.5 666.9 977.7 791.7 1028.7 973.7 127.7 794.3 824.2 20.7 1042.1 1081.7 982.1 265.3 865.2 590.3 1017.4 168.7 391.8 798.7 808.7 965.0 690.6 1028.5 993.7 962.2 825.7 1208.3 728.2 816.7 486.3 977.6 878.0 1017.4 531.5 1011.2 614.2 787.2 652.3 752.8 310.3 447.3 123.9 288.8 709.6
1909.7 310.3 653.0 442.0 544.2 17.3 534.1 677.3 698.4 664.4 648.5 574.0 734.5 647.7 568.4 287.3 531.6 263.0 109.4 835.2 608.3 628.5 48.3 447.3 421.6 566.4 628.8 635.5 682.4 820.3 0.0 586.8 241.2 646.8 519.9 540.1 374.2 91.6 28.0 617.9 470.7 338.6 414.8 332.5 564.9 513.5 462.8 602.7 563.8 467.6 602.0 344.4 609.4 551.9 399.0 670.2 405.3 550.3 329.8 262.7 659.6 563.4 297.9 720.9 662.1 653.2 517.3 127.3 763.8 647.6 568.6 507.8 532.7 655.5 456.9 577.7 542.6 643.4 574.9 128.2 613.6 812.6 157.2 268.7 685.4 593.0 564.6 665.3 657.4 446.9 298.4 739.9 347.5 694.3 568.4 677.8 445.5 619.9 630.7 635.4 481.0 503.2 406.5 625.9 183.6 484.9 446.0 377.3 683.6 449.3 675.0 603.1 547.6 548.0 586.9 389.5 530.2 701.2 429.0 554.2 408.3 564.4 408.0 634.5 431.2 558.4 659.0 773.9 388.3 315.4 667.7 490.4 416.8 651.4 794.8 710.6 501.1 657.8 349.2 415.4 452.7 499.9 619.8 564.1 577.6 383.4 538.0 602.0 798.9 196.3 131.2 841.1 642.0 485.4 582.0 641.0 172.2 487.5 645.7 748.5 504.7 200.7 470.6 483.2 457.1 335.5 622.0 590.5 227.7 515.3 83.6 123.7 599.2 605.9 418.4 549.3 644.4 318.2 598.6 553.7 251.8 192.2 671.9 560.2 795.1 595.9 606.8
1987.4 767.7 398.4 544.5 680.3 603.6 532.0 813.4 238.5 204.5 784.6 571.9 588.3 783.8 26.2 744.7 529.5 720.4 620.3 375.3 772.8 280.0 537.8 698.9 524.1 702.5 41.9 800.0 222.5 360.4 586.2 0.0 698.6 782.9 387.1 676.2 569.8 484.6 614.3 158.0 928.1 441.1 277.5 789.9 105.0 970.9 683.4 15.8 215.3 334.8 347.4 801.8 260.9 688.0 266.2 210.3 507.8 548.2 674.2 360.4 795.7 214.9 643.0 261.0 798.2 111.0 814.2 584.7 303.9 187.7 566.5 288.2 184.2 195.6 914.3 229.2 1000.0 183.5 320.3 578.5 265.1 352.7 586.3 613.1 130.5 729.1 310.0 801.4 793.5 460.7 755.8 280.0 691.9 234.4 219.9 128.9 312.7 271.4 282.2 286.9 938.4 738.9 863.9 762.0 525.8 352.1 131.6 622.3 223.7 906.7 215.1 90.3 451.6 415.1 241.1 298.5 389.3 352.7 531.5 205.7 275.5 728.9 632.0 770.6 888.6 303.8 795.1 314.0 845.7 772.8 803.8 947.8 346.3 191.5 334.9 250.7 368.3 793.9 229.6 872.8 319.9 957.3 755.9 431.3 742.1 556.1 793.1 738.1 339.0 558.7 588.6 381.2 806.5 848.5 746.5 181.1 628.8 354.7 781.8 288.6 156.2 563.1 573.1 729.4 455.0 792.9 758.1 726.6 587.5 972.7 492.6 581.1 250.7 742.0 642.4 781.8 295.9 775.6 378.6 551.6 416.7 517.2 212.0 211.7 335.2 136.0 474.0
1940.2 69.0 697.2 552.7 422.6 238.3 486.7 348.1 809.1 775.1 404.2 526.6 683.4 441.4 679.1 46.0 484.2 21.7 330.4 945.9 560.9 739.2 172.5 399.9 381.1 487.5 739.5 588.1 793.1 931.0 220.9 697.5 0.0 390.3 630.6 426.7 326.8 203.7 249.0 728.6 229.4 449.3 525.5 91.2 675.6 272.2 415.4 713.4 674.5 578.3 646.2 103.1 720.1 414.9 509.7 780.9 516.0 502.9 422.8 373.4 453.3 674.1 328.4 831.6 381.4 763.9 276.0 157.8 874.5 758.3 521.2 618.5 643.4 766.2 215.6 688.4 301.3 754.1 552.6 285.5 673.9 923.3 254.3 358.6 796.1 406.7 563.1 381.9 578.5 399.5 57.1 850.6 440.5 805.0 653.4 788.5 556.2 730.6 741.4 746.1 239.7 455.8 165.2 369.4 232.8 595.6 556.7 329.9 794.3 208.0 785.7 713.8 500.2 658.7 697.6 500.2 482.8 666.6 444.8 664.9 519.0 517.0 360.6 555.6 189.9 568.9 477.7 884.6 147.0 247.5 486.4 249.1 527.5 762.1 905.5 821.3 611.8 395.5 459.9 174.1 563.4 258.6 438.5 674.8 530.2 336.0 296.7 364.4 909.6 293.4 161.7 951.8 594.6 244.1 534.6 751.7 68.8 598.2 362.3 859.2 615.4 297.8 581.3 435.8 409.7 94.2 429.9 374.9 324.8 274.0 195.7 116.9 709.9 345.5 371.0 308.0 755.1 76.9 551.2 506.3 376.1 224.2 782.6 670.9 905.8 706.6 717.5
2004.9 338.4 608.2 651.9 112.8 643.9 296.2 49.8 913.1 879.1 168.0 336.1 373.6 131.6 783.1 433.3 251.4 409.0 578.9 1049.9 283.6 743.9 578.1 209.7 432.0 177.7 843.5 310.8 897.1 1035.0 626.5 801.5 405.5 0.0 649.8 116.9 405.2 609.3 654.6 832.6 311.3 525.0 742.6 478.5 779.6 354.1 194.2 817.4 574.8 676.4 557.2 490.4 634.8 105.1 645.7 884.9 552.4 232.7 748.0 625.0 143.5 678.8 716.8 935.6 15.3 867.9 132.7 563.4 978.5 862.3 330.7 537.9 648.1 870.2 297.5 693.1 383.2 858.1 463.6 537.1 584.9 1027.3 660.1 686.9 900.1 96.9 474.1 145.7 268.7 336.4 349.9 954.6 765.7 909.0 564.4 892.5 706.7 653.7 640.8 750.8 321.6 249.7 552.5 30.3 484.4 667.2 723.4 457.7 898.3 316.1 889.7 817.8 411.2 722.3 702.3 763.6 393.8 508.1 495.7 697.3 636.7 239.7 467.4 245.8 330.5 479.9 167.9 988.6 534.3 634.8 176.6 331.0 779.1 866.1 1009.5 925.3 586.0 159.3 711.5 282.2 661.5 340.5 128.7 738.4 252.9 395.6 111.6 54.6 1013.6 632.5 567.3 1055.8 299.2 164.6 257.3 855.7 474.4 661.8 126.1 963.2 660.8 636.9 680.5 240.2 326.2 481.5 125.9 65.1 663.9 355.9 601.3 522.5 644.7 49.6 477.8 100.3 759.8 330.9 462.2 315.8 627.7 475.8 886.6 620.3 1009.8 810.6 781.1
2273.9 775.4 259.2 523.9 541.1 583.0 392.8 674.2 525.0 491.0 645.4 432.7 567.5 644.6 395.0 724.1 390.3 699.8 599.7 661.8 633.6 375.0 517.2 559.7 417.1 563.3 455.4 660.8 509.0 646.9 565.6 413.4 678.0 643.7 0.0 537.0 390.3 464.0 593.7 444.5 853.6 510.1 238.9 769.3 391.5 896.4 544.2 429.3 205.9 172.7 208.2 781.2 355.9 548.8 142.0 496.8 537.5 409.0 653.6 339.8 656.5 309.9 622.4 547.5 659.0 479.8 675.0 564.1 590.4 474.2 427.3 114.0 279.2 482.1 839.8 324.2 925.5 470.0 181.1 557.9 216.0 639.2 565.7 592.5 512.0 589.9 170.8 662.2 654.3 321.5 786.9 566.5 671.3 520.9 195.5 504.4 203.0 366.4 377.2 381.9 863.9 599.7 843.3 622.8 505.2 163.5 272.6 442.8 510.2 844.2 501.6 429.7 315.3 218.6 333.4 259.9 250.1 387.7 480.8 328.4 133.0 589.7 452.5 631.4 826.1 164.6 655.9 600.5 825.1 752.2 664.6 873.3 348.4 478.0 621.4 537.2 85.9 654.7 209.0 810.3 157.8 882.8 616.7 234.7 602.9 380.7 653.9 598.9 625.5 538.1 568.0 667.7 667.3 706.9 607.3 467.6 609.0 158.1 642.6 575.1 331.3 542.5 552.5 590.2 315.8 772.3 618.9 587.4 569.5 898.2 472.0 560.5 345.7 602.8 462.9 642.6 390.9 767.9 239.4 412.4 396.1 496.6 498.5 251.4 621.7 422.5 277.4
2060.3 343.6 491.2 534.9 4.0 520.1 179.2 137.1 796.1 762.1 108.3 219.1 256.6 107.5 666.1 438.5 136.3 414.2 461.9 932.9 166.6 626.9 583.3 92.7 315.0 60.7 726.5 193.8 780.1 918.0 537.5 684.5 410.7 106.6 532.8 0.0 288.2 459.4 509.4 715.6 316.5 408.0 625.6 483.7 662.6 359.3 77.2 700.4 457.8 559.4 440.2 495.6 540.9 11.7 528.7 767.9 435.4 115.7 631.0 508.0 119.4 561.8 599.8 818.6 121.9 750.9 137.9 559.5 861.5 745.3 213.7 420.9 531.1 753.2 302.7 576.1 388.4 741.1 346.6 420.1 467.9 910.3 543.1 569.9 783.1 52.8 357.1 125.1 151.7 219.4 355.1 837.6 648.7 792.0 447.4 768.8 589.7 559.8 546.9 633.8 326.8 132.7 557.7 85.7 367.4 550.2 606.4 340.7 781.3 321.3 772.7 700.8 291.3 605.2 585.3 646.6 276.8 414.2 378.7 580.3 519.7 122.7 350.4 128.8 335.7 362.9 118.8 871.7 539.5 640.0 127.5 336.2 662.1 749.1 892.5 808.3 469.0 117.6 594.5 287.4 544.5 345.7 79.6 621.4 135.9 278.6 116.8 61.8 896.6 515.5 563.4 938.8 182.2 169.8 140.3 738.7 480.3 544.8 105.5 846.2 543.8 519.9 563.5 123.2 209.2 486.7 81.8 50.3 544.3 361.1 467.4 527.7 547.3 65.7 360.8 105.5 642.8 336.1 345.2 198.8 510.7 358.8 769.6 503.3 892.8 697.3 664.1
2179.3 385.0 370.3 274.1 308.1 357.5 159.8 441.2 700.5 666.5 412.4 199.7 360.2 411.6 570.5 402.7 155.4 378.4 299.3 837.3 400.6 506.0 423.3 255.0 54.2 330.3 630.9 427.8 684.5 822.4 374.9 588.9 356.6 410.7 411.9 304.0 0.0 296.8 346.8 620.0 475.2 147.2 416.9 447.9 567.0 518.0 270.5 604.8 336.9 438.5 319.3 459.8 486.9 315.8 401.1 672.3 174.6 176.0 468.4 290.2 423.5 440.9 437.2 723.0 426.0 655.3 442.0 396.9 765.9 649.7 194.3 300.0 410.2 657.6 461.4 455.2 547.1 645.5 225.7 257.5 347.0 814.7 380.5 407.3 687.5 356.9 236.2 429.2 421.3 72.6 396.5 742.0 486.1 696.4 326.5 673.2 447.6 497.4 472.4 512.9 485.5 310.9 521.9 389.8 204.8 429.3 448.1 52.4 685.7 453.8 677.1 605.2 170.4 484.4 464.4 391.6 155.9 339.7 117.9 459.4 410.4 356.7 62.1 398.4 435.7 242.0 422.9 776.0 503.7 604.2 431.6 494.9 418.9 653.5 796.9 712.7 348.1 421.7 351.3 419.9 423.6 504.4 383.7 500.5 369.9 9.1 420.9 365.9 801.0 352.9 400.8 843.2 434.3 473.9 374.3 643.1 441.8 420.0 409.6 750.6 422.9 357.3 302.7 290.9 82.8 450.9 385.9 354.4 384.3 519.8 304.8 393.3 480.3 369.8 72.5 409.6 521.9 377.5 224.3 179.4 348.1 196.2 674.0 382.4 797.2 601.7 543.2
1882.4 283.0 561.3 350.3 452.5 118.9 442.4 585.6 606.7 572.7 556.8 482.3 642.8 556.0 476.7 260.0 439.9 235.7 228.3 743.5 516.6 536.8 53.1 355.6 329.9 474.7 537.1 543.8 590.7 728.6 101.5 495.1 213.9 555.1 428.2 448.4 282.5 0.0 129.6 526.2 443.4 246.9 323.1 305.2 473.2 486.2 371.1 511.0 472.1 375.9 510.3 317.1 517.7 460.2 307.3 578.5 313.6 458.6 302.5 171.0 567.9 471.7 270.6 629.2 570.4 561.5 490.0 100.0 672.1 555.9 476.9 416.1 441.0 563.8 429.6 486.0 515.3 551.7 483.2 186.5 521.9 720.9 129.9 241.4 593.7 501.3 472.9 573.6 565.7 355.2 271.1 648.2 320.2 602.6 476.7 586.1 353.8 528.2 539.0 543.7 453.7 411.5 379.2 534.2 133.8 393.2 354.3 285.6 591.9 422.0 583.3 511.4 455.9 456.3 495.2 297.8 438.5 609.5 337.3 462.5 316.6 472.7 316.3 542.8 403.9 466.7 567.3 682.2 361.0 288.1 576.0 463.1 325.1 559.7 703.1 618.9 409.4 566.1 257.5 388.1 361.0 472.6 528.1 472.4 485.9 291.7 510.7 510.3 707.2 169.0 103.9 749.4 550.3 458.1 490.3 549.3 144.9 395.8 554.0 656.8 413.0 173.4 378.9 391.5 365.4 308.2 530.3 498.8 200.4 488.0 8.0 96.4 507.5 514.2 326.7 554.0 552.7 290.9 506.9 462.0 160.1 125.2 580.2 468.5 703.4 504.2 515.1
1937.8 338.4 681.1 470.1 519.3 10.6 509.2 652.4 726.5 692.5 623.6 549.1 709.6 622.8 596.5 315.4 506.7 291.1 81.3 863.3 583.4 656.6 76.4 422.4 403.6 541.5 656.9 610.6 710.5 848.4 28.0 614.9 269.3 621.9 548.0 515.2 349.3 119.7 0.0 646.0 498.8 366.7 442.9 360.6 593.0 541.6 437.9 630.8 591.9 495.7 630.1 372.5 637.5 527.0 427.1 698.3 433.4 525.4 357.9 290.8 634.7 591.5 326.0 749.0 637.2 681.3 545.4 155.4 791.9 675.7 543.7 535.9 560.8 683.6 485.0 605.8 570.7 671.5 575.1 100.1 641.7 840.7 185.3 296.8 713.5 568.1 592.7 640.4 632.5 422.0 326.5 768.0 375.6 722.4 596.5 705.9 473.6 648.0 658.8 663.5 509.1 478.3 434.6 601.0 155.5 513.0 474.1 352.4 711.7 477.4 703.1 631.2 522.7 576.1 615.0 417.6 505.3 729.3 457.1 582.3 436.4 539.5 383.1 609.6 459.3 586.5 634.1 802.0 416.4 343.5 642.8 518.5 444.9 679.5 822.9 738.7 529.2 632.9 377.3 443.5 480.8 528.0 594.9 592.2 552.7 358.5 632.1 577.1 827.0 224.4 159.3 869.2 617.1 513.5 557.1 669.1 200.3 515.6 620.8 776.6 532.8 228.8 498.7 458.3 432.2 363.6 597.1 565.6 255.8 543.4 111.7 151.8 627.3 581.0 393.5 620.8 672.5 346.3 573.7 528.8 279.9 164.1 700.0 588.3 823.2 624.0 634.9
1958.7 841.8 472.5 618.6 754.4 677.7 606.1 887.5 209.8 175.8 858.7 646.0 662.4 857.9 162.6 818.8 603.6 794.5 694.4 346.6 846.9 354.1 611.9 773.0 598.2 776.6 223.0 874.1 193.8 331.7 660.3 181.0 772.7 857.0 461.2 750.3 643.9 558.7 688.4 0.0 1002.2 515.2 351.6 864.0 125.5 1045.0 757.5 196.9 289.4 408.9 421.5 875.9 335.0 762.1 340.3 75.5 581.9 622.3 748.3 434.5 869.8 289.0 717.1 232.3 872.3 247.4 888.3 658.8 275.2 159.0 640.6 362.3 258.3 166.9 988.4 303.3 1074.1 154.8 394.4 652.6 339.2 324.0 660.4 687.2 279.6 803.2 384.1 875.5 867.6 534.8 829.9 251.3 766.0 205.7 294.0 272.0 386.8 345.5 356.3 361.0 1012.5 813.0 938.0 836.1 599.9 426.2 205.7 696.4 69.8 980.8 186.4 197.3 528.6 489.3 312.5 372.6 463.4 426.8 605.6 279.8 349.6 803.0 706.1 844.7 962.7 377.9 869.2 285.3 919.8 846.9 877.9 1021.9 420.4 33.4 306.2 222.0 442.4 868.0 303.7 946.9 394.0 1031.4 830.0 505.4 816.2 630.2 867.2 812.2 310.3 632.8 662.7 352.5 880.6 920.2 820.6 152.4 703.7 428.8 855.9 259.9 230.3 637.2 647.2 803.5 529.1 867.0 832.2 800.7 664.2 1046.8 566.7 655.2 324.8 816.1 716.5 855.9 370.0 849.7 452.7 625.7 490.8 591.3 183.3 285.8 306.5 22.4 548.1
2186.6 179.2 820.7 769.1 325.3 484.7 508.7 250.8 1055.5 1021.5 306.9 548.6 586.1 344.1 925.5 274.1 463.9 249.8 576.8 1192.3 496.1 985.6 418.9 436.0 549.2 390.2 985.9 523.3 1039.5 1177.4 467.3 943.9 246.3 293.0 877.0 329.4 494.9 450.1 495.4 975.0 0.0 642.2 771.9 319.3 922.0 70.8 406.7 959.8 787.3 824.7 769.7 331.2 870.4 317.6 756.1 1027.3 669.6 445.2 669.2 619.8 356.0 920.5 574.8 1078.0 284.1 1010.3 178.7 404.2 1120.9 1004.7 543.2 750.4 889.8 1012.6 45.8 934.8 71.8 1000.5 676.1 531.9 797.4 1169.7 500.7 605.0 1042.5 309.4 686.6 284.6 481.2 548.9 190.7 1097.0 686.9 1051.4 776.9 1034.9 802.6 889.3 876.4 992.5 10.3 462.2 393.3 272.1 479.2 842.0 803.1 498.0 1040.7 156.9 1032.1 960.2 623.7 905.1 944.0 746.6 606.3 743.7 612.9 911.3 765.4 452.2 528.7 458.3 171.3 692.4 380.4 1131.0 375.1 475.6 389.1 19.7 773.9 1008.5 1151.9 1067.7 798.5 298.2 706.3 123.0 809.8 29.1 341.2 921.2 465.4 504.1 199.4 267.1 1156.0 539.8 408.1 1198.2 511.7 146.8 469.8 998.1 315.2 844.6 265.0 1105.6 861.8 544.2 797.7 452.7 538.7 322.3 332.6 277.6 571.2 44.5 442.1 363.3 880.3 248.2 539.1 210.7 1001.5 171.7 674.7 528.3 622.5 470.6 1029.0 832.8 1152.2 953.0 963.9
2149.6 513.7 507.8 126.8 429.3 386.1 281.0 562.4 553.2 519.2 533.6 320.9 481.4 532.8 423.2 531.4 278.5 507.1 428.0 690.0 521.8 483.3 320.3 383.7 82.9 451.5 483.6 549.0 537.2 675.1 368.7 441.6 485.3 531.9 374.7 425.2 128.6 267.1 396.8 472.7 603.9 0.0 269.6 576.6 419.7 646.7 399.2 457.5 418.6 322.4 456.8 588.5 464.2 437.0 253.8 525.0 66.6 297.2 456.7 142.9 544.7 418.2 425.5 575.7 547.2 508.0 563.2 367.2 618.6 502.4 315.5 362.6 387.5 510.3 590.1 432.5 675.8 498.2 346.9 386.2 468.4 667.4 368.8 395.6 540.2 478.1 357.4 550.4 542.5 193.8 525.2 594.7 474.4 549.1 423.2 532.6 300.3 474.7 485.5 490.2 614.2 439.6 650.6 511.0 333.5 339.7 300.8 181.1 538.4 582.5 529.8 457.9 294.5 402.8 441.7 244.3 277.1 460.9 90.3 409.0 263.1 477.9 190.8 519.6 564.4 363.2 544.1 628.7 632.4 555.3 552.8 623.6 271.6 506.2 649.6 565.4 355.9 542.9 204.0 548.6 307.5 633.1 504.9 418.9 491.1 114.9 542.1 487.1 653.7 341.2 371.1 695.9 555.5 595.1 495.5 495.8 412.1 342.3 530.8 603.3 359.5 345.6 155.4 419.6 204.0 579.6 507.1 475.6 372.6 648.5 275.1 363.6 454.0 491.0 201.2 530.8 499.2 506.2 345.5 300.6 199.2 324.9 526.7 415.0 649.9 450.7 461.6
2188.9 589.5 351.8 366.3 633.7 425.4 485.4 766.8 415.2 381.2 738.0 525.3 660.1 737.2 285.2 566.5 481.0 542.2 442.1 552.0 726.2 345.3 359.6 569.4 345.9 655.9 345.6 753.4 399.2 537.1 408.0 303.6 520.4 736.3 218.7 629.6 391.6 306.4 436.1 334.7 749.9 262.9 0.0 611.7 281.7 792.7 584.9 319.5 298.5 166.4 300.8 623.6 326.2 641.4 97.8 387.0 329.6 501.6 496.0 182.2 749.1 280.2 464.8 437.7 751.6 370.0 767.6 406.5 480.6 364.4 519.9 206.6 249.5 372.3 736.1 294.5 821.8 360.2 273.7 400.3 308.6 529.4 408.1 434.9 402.2 682.5 263.4 754.8 746.9 414.1 577.6 456.7 513.7 411.1 288.1 394.6 144.3 336.7 347.5 352.2 760.2 625.3 685.7 715.4 347.6 183.7 162.8 444.1 400.4 728.5 391.8 319.9 405.0 246.8 306.4 14.8 342.7 418.0 353.3 271.0 107.1 682.3 453.8 724.0 710.4 257.2 748.5 490.7 667.5 594.6 757.2 769.6 109.4 368.2 511.6 427.4 199.9 747.3 79.2 694.6 151.5 779.1 709.3 262.9 695.5 377.9 746.5 691.5 515.7 380.5 410.4 557.9 759.9 762.2 699.9 357.8 450.6 186.3 735.2 465.3 221.5 384.9 394.9 605.3 408.4 614.7 711.5 680.0 409.3 794.5 314.4 402.9 316.0 695.4 464.2 735.2 361.2 597.4 332.0 505.0 238.5 339.0 388.7 277.0 511.9 312.7 305.6
1968.4 132.0 788.5 644.0 485.6 329.6 578.0 411.1 900.4 866.4 467.2 617.9 746.4 504.4 770.4 45.1 575.5 69.4 421.7 1037.2 640.0 830.5 263.8 479.0 472.4 550.5 830.8 667.2 884.4 1022.3 312.2 788.8 91.2 453.3 721.9 489.7 418.1 295.0 340.3 819.9 292.4 540.6 616.8 0.0 766.9 335.2 494.5 804.7 765.8 669.6 737.5 29.5 811.4 477.9 601.0 872.2 607.3 594.2 514.1 464.7 516.3 765.4 419.7 922.9 444.4 855.2 339.0 249.1 965.8 849.6 612.5 709.8 734.7 857.5 278.6 779.7 364.3 845.4 643.9 376.8 765.2 1014.6 345.6 449.9 887.4 469.7 654.4 444.9 641.5 490.8 120.1 941.9 531.8 896.3 744.7 879.8 647.5 821.9 832.7 837.4 302.7 534.9 91.6 432.4 324.1 686.9 648.0 421.2 885.6 271.0 877.0 805.1 591.5 750.0 788.9 591.5 574.1 757.9 536.1 756.2 610.3 596.1 451.9 618.6 252.9 660.2 540.7 975.9 55.7 156.2 549.4 312.1 618.8 853.4 996.8 912.6 703.1 458.5 551.2 237.1 654.7 321.6 501.5 766.1 609.3 427.3 359.7 427.4 1000.9 384.7 253.0 1043.1 673.7 307.1 613.7 843.0 160.1 689.5 425.3 950.5 706.7 389.1 672.6 514.9 501.0 20.6 492.9 437.9 416.1 337.0 287.0 208.2 801.2 408.5 462.3 371.0 846.4 139.9 642.5 597.6 467.4 315.5 873.9 762.2 997.1 797.9 808.8
1913.3 779.7 410.4 556.5 692.3 615.6 544.0 825.4 164.4 130.4 796.6 583.9 600.3 795.8 100.5 756.7 539.6 732.4 632.3 301.2 784.8 292.0 549.8 710.9 536.1 714.5 160.9 812.0 148.4 286.3 598.2 118.9 710.6 794.9 399.1 688.2 581.8 496.6 626.3 83.9 940.1 453.1 289.5 801.9 0.0 982.9 695.4 134.8 227.3 346.8 359.4 813.8 272.9 700.0 278.2 136.2 519.8 560.2 686.2 372.4 807.7 226.9 655.0 186.9 810.2 185.3 826.2 596.7 229.8 113.6 578.5 300.2 196.2 121.5 926.3 241.2 1012.0 109.4 332.3 584.8 277.1 278.6 598.3 625.1 217.5 741.1 322.0 813.4 805.5 472.7 767.8 205.9 703.9 160.3 231.9 209.9 324.7 283.4 294.2 298.9 950.4 750.9 875.9 774.0 537.8 364.1 143.6 634.3 149.6 918.7 141.0 135.2 465.3 427.2 250.4 310.5 401.3 364.7 543.5 217.7 287.5 740.9 644.0 782.6 900.6 315.8 807.1 240.0 857.7 784.8 815.8 959.8 358.3 117.4 260.8 176.6 380.3 805.9 241.6 884.8 331.9 969.3 767.9 443.3 754.1 568.1 805.1 750.1 264.9 570.7 600.6 307.1 818.5 858.1 758.5 107.0 640.8 362.8 793.8 214.5 168.2 575.1 585.1 741.4 467.0 804.9 770.1 738.6 602.1 984.7 504.6 593.1 266.3 754.0 654.4 793.8 307.9 787.6 390.6 563.6 428.7 529.2 137.9 223.7 261.1 65.6 486.0
2214.2 206.8 848.3 796.7 352.9 512.3 536.3 278.4 1083.1 1049.1 334.5 576.2 613.7 371.7 953.1 301.7 491.5 277.4 604.4 1219.9 523.7 1013.2 446.5 463.6 576.8 417.8 1013.5 550.9 1067.1 1205.0 494.9 971.5 273.9 320.6 904.6 357.0 522.5 477.7 523.0 1002.6 70.5 669.8 799.5 346.9 949.6 0.0 434.3 987.4 814.9 852.3 797.3 358.8 898.0 345.2 783.7 1054.9 697.2 472.8 696.8 647.4 383.6 948.1 602.4 1105.6 311.7 1037.9 206.3 431.8 1148.5 1032.3 570.8 778.0 917.4 1040.2 52.6 962.4 77.7 1028.1 703.7 559.5 825.0 1197.3 528.3 632.6 1070.1 337.0 714.2 312.2 508.8 576.5 218.3 1124.6 714.5 1079.0 804.5 1062.5 830.2 916.9 904.0 1020.1 60.2 489.8 420.9 299.7 506.8 869.6 830.7 525.6 1068.3 184.5 1059.7 987.8 651.3 932.7 971.6 774.2 633.9 771.3 640.5 938.9 793.0 479.8 556.3 485.9 198.9 720.0 408.0 1158.6 402.7 503.2 416.7 50.8 801.5 1036.1 1179.5 1095.3 826.1 325.8 733.9 150.6 837.4 40.0 368.8 948.8 493.0 531.7 227.0 294.7 1183.6 567.4 435.7 1225.8 539.3 174.4 497.4 1025.7 342.8 872.2 292.6 1133.2 889.4 571.8 825.3 480.3 566.3 349.9 360.2 305.2 598.8 25.2 469.7 390.9 907.9 275.8 566.7 238.3 1029.1 199.3 702.3 555.9 650.1 498.2 1056.6 860.4 1179.8 980.6 991.5
2137.6 349.7 518.4 532.8 81.3 442.8 206.4 214.4 866.4 832.4 185.6 246.3 283.8 184.8 736.4 444.6 161.6 420.3 384.6 1003.2 145.4 654.1 508.6 15.4 312.9 103.5 796.8 172.6 850.4 988.3 460.2 754.8 416.8 183.9 560.0 77.2 258.6 382.1 432.1 785.9 393.8 405.9 582.8 489.8 732.9 436.6 0.0 770.7 485.0 586.6 467.4 501.7 568.1 89.0 567.0 838.2 433.3 142.9 553.7 430.7 196.7 589.0 522.5 888.9 199.2 821.2 215.2 482.2 931.8 815.6 240.9 448.1 558.3 823.5 380.0 603.3 465.7 811.4 373.8 342.8 495.1 980.6 465.8 492.6 853.4 130.1 384.3 202.4 194.5 246.6 361.2 907.9 571.4 862.3 474.6 845.8 613.5 587.0 574.1 661.0 404.1 55.4 563.8 163.0 290.1 577.4 614.0 261.7 851.6 398.6 843.0 771.1 321.4 632.5 612.5 557.5 304.0 441.4 376.6 607.5 576.3 101.5 292.4 171.6 413.0 390.1 196.1 941.9 545.6 646.1 204.8 413.5 584.8 819.4 962.8 878.6 496.2 194.9 517.2 364.7 571.7 423.0 156.9 648.6 114.7 267.8 194.1 139.1 966.9 438.2 486.1 1009.1 179.1 247.1 119.1 809.0 485.7 572.0 182.8 916.5 571.0 442.6 561.4 45.9 236.4 492.8 159.1 127.6 469.6 438.4 390.1 533.8 578.0 143.0 302.8 182.8 670.0 342.2 372.4 226.0 433.4 281.5 839.9 530.5 963.1 763.9 691.3
2003.3 783.6 414.3 560.4 696.2 619.5 547.9 829.3 254.4 220.4 800.5 587.8 604.2 799.7 42.1 760.6 545.4 736.3 636.2 391.2 788.7 295.9 553.7 714.8 540.0 718.4 26.0 815.9 238.4 376.3 602.1 15.8 714.5 798.8 403.0 692.1 585.7 500.5 630.2 173.9 944.0 457.0 293.4 805.8 120.9 986.8 699.3 0.0 231.2 350.7 363.3 817.7 276.8 703.9 282.1 226.2 523.7 564.1 690.1 376.3 811.6 230.8 658.9 276.9 814.1 113.5 830.1 600.6 319.8 203.6 582.4 304.1 200.1 211.5 930.2 245.1 1015.9 199.4 336.2 594.4 281.0 368.6 602.2 629.0 121.1 745.0 325.9 817.3 809.4 476.6 771.7 295.9 707.8 250.3 235.8 138.1 328.6 287.3 298.1 302.8 954.3 754.8 879.8 777.9 541.7 368.0 147.5 638.2 239.6 922.6 231.0 106.2 467.5 431.0 257.0 314.4 405.2 368.6 547.4 221.6 291.4 744.8 647.9 786.5 904.5 319.7 811.0 329.9 861.6 788.7 819.7 963.7 362.2 207.4 350.8 266.6 384.2 809.8 245.5 888.7 335.8 973.2 771.8 447.2 758.0 572.0 809.0 754.0 354.9 574.6 604.5 397.1 822.4 864.4 762.4 197.0 644.7 370.6 797.7 304.5 172.1 579.0 589.0 745.3 470.9 808.8 774.0 742.5 603.4 988.6 508.5 597.0 266.6 757.9 658.3 797.7 311.8 791.5 394.5 567.5 432.6 533.1 227.9 227.6 351.1 155.6 489.9
2109.0 699.2 183.0 560.8 464.9 671.7 316.6 598.0 360.1 326.1 569.2 356.5 422.0 568.4 230.1 716.9 314.1 692.6 613.5 496.9 557.4 190.9 555.8 483.5 340.9 487.1 290.5 584.6 344.1 482.0 604.2 248.5 670.8 567.5 184.7 460.8 314.1 502.6 661.0 279.6 777.4 433.9 277.5 762.1 226.6 820.2 468.0 264.4 0.0 211.3 132.0 774.0 122.1 472.6 180.6 331.9 461.3 332.8 692.2 378.4 580.3 76.1 661.0 382.6 582.8 314.9 598.8 602.7 425.5 309.3 351.1 72.8 95.1 317.2 763.6 90.4 849.3 305.1 104.9 571.7 42.0 474.3 604.3 631.1 347.1 513.7 94.6 586.0 578.1 245.3 710.7 401.6 709.9 356.0 4.6 339.5 241.6 132.6 143.4 197.8 787.7 523.5 836.1 546.6 519.0 202.1 170.4 366.6 345.3 768.0 336.7 264.8 239.1 257.2 149.3 298.5 173.9 186.4 404.6 144.3 171.6 513.5 376.3 555.2 749.9 88.4 579.7 435.6 817.9 790.8 588.4 797.1 387.0 313.1 456.5 372.3 120.9 578.5 247.6 734.1 196.4 806.6 540.5 273.3 526.7 304.5 577.7 522.7 460.6 576.7 606.6 502.8 591.1 630.7 531.1 302.7 647.6 196.7 566.4 410.2 107.8 581.1 589.4 514.0 239.6 765.1 542.7 511.2 608.1 822.0 510.6 599.1 111.9 526.6 386.7 566.4 206.8 691.7 163.2 336.2 434.7 510.4 333.6 45.4 456.8 257.6 316.0
2220.9 694.1 284.8 470.9 566.7 530.0 418.4 699.8 472.0 438.0 671.0 458.3 593.1 670.2 342.0 671.1 415.9 646.8 546.7 608.8 659.2 402.1 464.2 585.3 442.7 588.9 402.4 686.4 456.0 593.9 512.6 360.4 625.0 669.3 151.7 562.6 415.9 411.0 540.7 391.5 879.2 367.5 185.9 716.3 338.5 922.0 569.8 376.3 231.5 0.0 233.8 728.2 383.0 574.4 89.0 443.8 434.2 434.6 600.6 286.8 682.1 337.0 569.4 494.5 684.6 426.8 700.6 511.1 537.4 421.2 452.9 139.6 306.3 429.1 865.4 351.3 951.1 417.0 206.7 504.9 241.6 586.2 512.7 539.5 459.0 615.5 196.4 687.8 679.9 347.1 682.2 513.5 618.3 467.9 221.1 451.4 85.3 393.5 404.3 409.0 889.5 625.3 790.3 648.4 452.2 17.3 219.6 468.4 457.2 869.8 448.6 376.7 340.9 84.4 360.5 206.9 275.7 413.3 506.4 327.8 80.0 615.3 478.1 657.0 851.7 190.2 681.5 547.5 772.1 699.2 690.2 898.9 295.4 425.0 568.4 484.2 132.9 680.3 156.0 835.9 14.8 908.4 642.3 100.5 628.5 406.3 679.5 624.5 572.5 485.1 515.0 614.7 692.9 732.5 632.9 414.6 556.0 22.6 668.2 522.1 278.3 489.5 499.5 615.8 341.4 719.3 644.5 613.0 516.5 923.8 419.0 507.5 372.8 628.4 488.5 668.2 418.0 702.0 265.0 438.0 343.1 443.6 445.5 277.0 568.7 369.5 143.2
2238.2 680.6 51.0 542.2 446.3 653.1 298.0 579.4 489.3 455.3 550.6 337.9 472.7 549.8 359.3 698.3 295.5 674.0 594.9 626.1 538.8 320.1 597.1 464.9 322.3 468.5 419.7 566.0 473.3 611.2 670.5 377.7 652.2 548.9 226.0 442.2 295.5 543.9 642.4 408.8 758.8 415.3 318.8 743.5 355.8 801.6 449.4 393.6 151.0 252.6 0.0 755.4 301.0 454.0 221.9 461.1 442.7 314.2 764.0 419.7 561.7 255.0 732.8 511.8 564.2 444.1 580.2 644.0 554.7 438.5 332.5 114.1 224.3 446.4 745.0 269.3 830.7 434.3 86.3 553.1 161.1 603.5 676.1 702.9 476.3 495.1 76.0 567.4 559.5 226.7 692.1 530.8 781.7 485.2 140.6 468.7 282.9 311.5 322.3 327.0 769.1 504.9 817.5 528.0 500.4 243.4 299.6 348.0 474.5 749.4 465.9 394.0 220.5 298.5 278.5 339.8 155.3 332.8 386.0 273.5 212.9 494.9 357.7 536.6 731.3 69.8 561.1 564.8 799.3 899.8 569.8 778.5 428.3 442.3 585.7 501.5 162.2 559.9 288.9 715.5 237.7 788.0 521.9 314.6 508.1 285.9 559.1 504.1 589.8 648.5 647.9 632.0 572.5 612.1 512.5 431.9 688.9 238.0 547.8 539.4 237.0 652.9 570.8 495.4 221.0 746.5 524.1 492.6 679.9 803.4 551.9 640.4 290.8 508.0 368.1 547.8 336.0 673.1 144.6 317.6 476.0 491.8 462.8 196.5 586.0 386.8 357.3
2008.0 133.9 790.4 645.9 487.5 331.5 579.9 413.0 902.3 868.3 469.1 619.8 748.3 506.3 772.3 47.0 577.4 71.3 423.6 1039.1 641.9 832.4 265.7 480.9 474.3 552.4 832.7 669.1 886.3 1024.2 314.1 790.7 93.1 455.2 723.8 491.6 420.0 296.9 342.2 821.8 294.3 542.5 618.7 39.5 768.8 337.1 496.4 806.6 767.7 671.5 739.4 0.0 813.3 479.8 602.9 874.1 609.2 596.1 516.0 466.6 518.2 767.3 421.6 924.8 446.3 857.1 340.9 251.0 967.7 851.5 614.4 711.7 736.6 859.4 280.5 781.6 366.2 847.3 645.8 378.7 767.1 1016.5 347.5 451.8 889.3 471.6 656.3 446.8 643.4 492.7 122.0 943.8 533.7 898.2 746.6 881.7 649.4 823.8 834.6 839.3 304.6 536.8 62.0 434.3 326.0 688.8 649.9 423.1 887.5 272.9 878.9 807.0 593.4 751.9 790.8 593.4 576.0 759.8 538.0 758.1 612.2 598.0 453.8 620.5 254.8 662.1 542.6 977.8 95.3 195.8 551.3 314.0 620.7 855.3 998.7 914.5 705.0 460.4 553.1 239.0 656.6 323.5 503.4 768.0 611.2 429.2 361.6 429.3 1002.8 386.6 254.9 1045.0 675.6 309.0 615.6 844.9 162.0 691.4 427.2 952.4 708.6 391.0 674.5 516.8 502.9 8.8 494.8 439.8 418.0 338.9 288.9 210.1 803.1 410.4 464.2 372.9 848.3 141.8 644.4 599.5 469.3 317.4 875.8 764.1 999.0 799.8 810.7
2118.8 816.3 306.4 593.1 555.2 652.2 453.6 666.5 369.9 335.9 652.6 493.5 362.3 638.1 239.9 793.3 465.1 769.0 668.9 506.7 647.7 177.3 586.4 573.8 477.9 577.4 300.3 674.9 353.9 491.8 634.8 258.3 747.2 616.6 308.1 551.1 451.1 533.2 662.9 289.4 855.8 489.7 326.1 838.5 236.4 898.6 558.3 274.2 123.3 334.7 255.4 850.4 0.0 580.3 304.0 341.7 556.4 446.4 722.8 409.0 650.0 54.8 691.6 392.4 631.9 324.7 677.2 633.3 435.3 319.1 488.1 196.2 92.6 327.0 842.0 40.9 927.7 314.9 228.3 627.1 173.1 484.1 634.9 661.7 356.9 597.1 218.0 664.4 668.4 382.3 804.4 411.4 740.5 365.8 127.9 349.3 361.3 53.6 40.7 184.2 866.1 613.8 912.5 576.6 574.4 325.5 180.2 503.6 355.1 860.6 346.5 274.6 376.1 380.5 96.8 347.1 310.9 126.7 541.6 154.1 295.0 603.8 513.3 645.5 875.0 211.8 608.2 445.4 894.3 821.4 616.9 875.5 394.9 322.9 466.3 382.1 244.3 661.9 278.2 826.7 319.8 885.0 569.0 396.7 617.0 441.5 656.1 600.0 470.4 607.3 637.2 512.6 681.4 709.1 621.4 312.5 677.4 320.1 644.8 420.0 117.6 611.7 621.7 604.3 376.6 841.5 626.1 594.6 636.1 900.4 541.2 629.7 9.9 595.0 523.7 644.8 193.2 828.7 286.6 473.2 465.3 565.8 343.4 119.7 466.6 267.4 439.4
2048.5 331.8 503.0 546.7 7.7 531.9 191.0 125.3 807.9 773.9 96.5 230.9 268.4 95.7 677.9 426.7 146.2 402.4 473.7 944.7 178.4 638.7 571.5 104.5 326.8 72.5 738.3 205.6 791.9 929.8 549.3 696.3 398.9 94.8 544.6 11.7 300.0 471.2 521.2 727.4 304.7 419.8 637.4 471.9 674.4 347.5 89.0 712.2 469.6 571.2 452.0 483.8 552.7 0.0 540.5 779.7 447.2 127.5 642.8 519.8 107.6 573.6 611.6 830.4 110.1 762.7 126.1 556.8 873.3 757.1 225.5 432.7 542.9 765.0 290.9 587.9 376.6 752.9 358.4 426.2 479.7 922.1 554.9 581.7 794.9 41.0 368.9 113.3 163.5 231.2 343.3 849.4 660.5 803.8 459.2 787.3 601.5 571.6 558.7 645.6 315.0 144.5 545.9 73.9 379.2 562.0 618.2 352.5 793.1 309.5 784.5 712.6 304.8 617.1 597.1 658.4 288.6 426.0 390.5 592.1 531.5 134.5 362.2 140.6 323.9 374.7 107.0 883.5 527.7 628.2 115.7 324.4 673.9 760.9 904.3 820.1 480.8 105.8 606.3 275.6 556.3 333.9 67.8 633.2 147.7 290.4 105.0 50.0 908.4 527.3 560.7 950.6 194.0 160.4 152.1 750.5 467.8 552.7 93.7 858.0 555.6 531.7 575.3 135.0 221.0 474.9 70.0 38.5 556.1 349.3 479.2 515.9 562.6 53.9 372.6 93.7 654.6 324.3 357.0 210.6 522.5 370.6 781.4 515.1 904.6 705.4 675.9
2131.8 605.0 253.9 381.8 535.8 440.9 387.5 668.9 382.9 348.9 640.1 427.4 562.2 639.3 252.9 582.0 385.0 557.7 457.6 519.7 628.3 313.0 375.1 554.4 411.8 558.0 313.3 655.5 366.9 504.8 423.5 271.3 535.9 638.4 120.8 531.7 385.0 321.9 451.6 302.4 765.4 278.4 96.8 627.2 249.4 808.2 538.9 287.2 200.6 68.5 202.9 639.1 293.9 543.5 0.0 354.7 345.1 403.7 511.5 197.7 651.2 247.9 480.3 405.4 653.7 337.7 669.7 422.0 448.3 332.1 422.0 108.7 217.2 340.0 751.6 262.2 837.3 327.9 175.8 415.8 210.7 497.1 423.6 450.4 369.9 584.6 165.5 656.9 649.0 316.2 593.1 424.4 529.2 378.8 190.2 362.3 46.4 304.4 315.2 319.9 775.7 594.4 701.2 617.5 363.1 85.8 130.5 437.5 368.1 744.0 359.5 287.6 310.0 148.9 271.4 117.8 244.8 385.7 368.8 238.7 9.2 584.4 447.2 626.1 725.9 159.3 650.6 458.4 683.0 610.1 659.3 785.1 206.3 335.9 479.3 395.1 102.0 649.4 66.9 710.1 53.6 794.6 611.4 165.0 597.6 375.4 648.6 593.6 483.4 396.0 425.9 525.6 662.0 701.6 602.0 325.5 466.9 88.4 637.3 433.0 189.2 400.4 410.4 584.9 310.5 630.2 613.6 582.1 427.4 810.0 329.9 418.4 283.7 597.5 457.6 637.3 328.9 612.9 234.1 407.1 254.0 354.5 356.4 244.7 479.6 280.4 207.7
2009.9 893.0 523.7 669.8 805.6 728.9 657.3 938.7 261.0 227.0 909.9 697.2 713.6 909.1 213.8 870.0 654.8 845.7 745.6 397.8 898.1 405.3 663.1 824.2 649.4 827.8 274.2 925.3 245.0 382.9 711.5 232.2 823.9 908.2 512.4 801.5 695.1 609.9 739.6 84.4 1053.4 566.4 402.8 915.2 176.7 1096.2 808.7 248.1 340.6 460.1 472.7 927.1 386.2 813.3 391.5 0.0 633.1 673.5 799.5 485.7 921.0 340.2 768.3 283.5 923.5 298.6 939.5 710.0 326.4 210.2 691.8 413.5 309.5 218.1 1039.6 354.5 1125.3 206.0 445.6 703.8 390.4 375.2 711.6 738.4 330.8 854.4 435.3 926.7 918.8 586.0 881.1 302.5 817.2 256.9 345.2 323.2 438.0 396.7 407.5 412.2 1063.7 864.2 989.2 887.3 651.1 477.4 256.9 747.6 79.0 1032.0 237.6 248.5 579.8 540.5 363.7 423.8 514.6 478.0 656.8 331.0 400.8 854.2 757.3 895.9 1013.9 429.1 920.4 336.5 971.0 898.1 929.1 1073.1 471.6 40.9 357.4 273.2 493.6 919.2 354.9 998.1 445.2 1082.6 881.2 556.6 867.4 681.4 918.4 863.4 361.5 684.0 713.9 403.7 931.8 971.4 871.8 203.6 754.9 480.0 907.1 311.1 281.5 688.4 698.4 854.7 580.3 918.2 883.4 851.9 715.4 1098.0 617.9 706.4 376.0 867.3 767.7 907.1 421.2 900.9 503.9 676.9 542.0 642.5 234.5 337.0 357.7 105.2 599.3
2209.9 554.7 568.1 187.1 470.3 446.4 322.0 603.4 613.5 579.5 574.6 361.9 522.4 573.8 483.5 572.4 319.5 548.1 469.0 750.3 562.8 543.6 380.6 424.7 123.9 492.5 543.9 590.0 597.5 735.4 429.0 501.9 526.3 572.9 435.0 466.2 169.6 327.4 516.5 533.0 644.9 60.2 329.9 617.6 480.0 687.7 440.2 517.8 478.9 382.7 517.1 629.5 524.5 478.0 314.1 585.3 0.0 338.2 517.0 203.2 585.7 478.5 485.8 636.0 588.2 568.3 604.2 427.5 678.9 562.7 356.5 422.9 447.8 570.6 631.1 492.8 716.8 558.5 387.9 427.2 528.7 727.7 429.1 455.9 600.5 519.1 398.4 591.4 583.5 234.8 566.2 655.0 534.7 609.4 483.5 592.9 360.6 535.0 545.8 550.5 655.2 480.6 691.6 552.0 374.5 400.0 361.1 222.1 598.7 623.5 590.1 518.2 335.5 463.1 502.0 304.6 318.1 501.9 131.3 469.3 323.4 518.9 231.8 560.6 605.4 404.2 585.1 689.0 673.4 615.6 593.8 664.6 331.9 566.5 709.9 625.7 416.2 583.9 264.3 589.6 367.8 674.1 545.9 479.2 532.1 155.9 583.1 528.1 714.0 401.5 431.4 756.2 596.5 636.1 536.5 556.1 472.4 402.6 571.8 663.6 419.8 405.9 215.7 460.6 245.0 620.6 548.1 516.6 432.9 689.5 335.4 423.9 514.3 532.0 242.2 571.8 559.5 547.2 386.5 341.6 259.5 365.9 587.0 475.3 710.2 511.0 521.9
2188.3 471.6 375.4 419.1 132.0 530.0 63.4 265.1 680.3 646.3 236.3 103.3 184.1 235.5 550.3 566.5 18.6 542.2 471.8 817.1 224.5 511.1 595.8 150.6 199.2 154.2 610.7 251.7 664.3 802.2 547.4 568.7 538.7 234.6 417.0 127.9 172.4 469.3 519.3 599.8 444.5 292.2 509.8 611.7 546.8 487.3 135.1 584.6 342.0 443.6 324.4 623.6 492.0 139.7 412.9 652.1 319.6 0.0 640.9 435.2 247.4 446.0 609.7 702.8 249.9 635.1 265.9 569.4 745.7 629.5 97.9 305.1 415.3 637.4 430.7 460.3 516.4 625.3 230.8 430.0 352.1 794.5 553.0 579.8 667.3 180.8 241.3 253.1 245.2 103.6 483.1 721.8 658.6 676.2 331.6 659.7 473.9 502.5 477.5 518.0 454.8 190.6 685.7 213.7 377.3 434.4 490.6 224.9 665.5 449.3 656.9 585.0 178.4 489.5 469.5 530.8 161.0 344.8 262.9 464.5 403.9 180.6 234.6 222.3 463.7 247.1 246.8 755.8 667.5 768.0 255.5 464.2 563.9 633.3 776.7 692.5 353.2 245.6 496.3 415.4 428.7 473.7 207.6 505.6 193.8 162.8 244.8 189.8 780.8 525.4 573.3 823.0 258.2 297.8 198.2 622.9 607.6 429.0 233.5 730.4 428.0 529.8 447.7 181.1 93.4 614.7 209.8 178.3 556.8 489.1 477.3 565.8 481.8 193.7 245.0 233.5 527.0 464.1 229.4 83.0 520.6 368.7 653.8 387.5 777.0 577.8 548.3
1901.0 480.6 802.7 591.7 653.1 349.3 643.0 786.2 848.1 814.1 757.4 682.9 843.4 756.6 718.1 457.6 640.5 433.3 428.9 984.9 717.2 778.2 283.5 556.2 537.4 675.3 778.5 744.4 832.1 970.0 331.9 736.5 411.5 755.7 669.6 649.0 483.1 311.2 360.0 767.6 641.0 488.3 564.5 502.8 714.6 683.8 571.7 752.4 713.5 617.3 751.7 514.7 759.1 660.8 548.7 819.9 555.0 659.2 0.0 443.4 768.5 713.1 81.9 870.6 771.0 802.9 687.6 262.7 913.5 797.3 677.5 657.5 682.4 805.2 627.2 727.4 712.9 793.1 708.9 387.1 763.3 962.3 174.6 68.9 835.1 701.9 714.3 774.2 766.3 555.8 468.7 889.6 48.7 844.0 718.1 827.5 595.2 769.6 780.4 785.1 651.3 612.1 576.8 734.8 334.4 634.6 595.7 486.2 833.3 619.6 824.7 752.8 656.5 697.7 736.6 539.2 639.1 850.9 578.7 703.9 558.0 673.3 516.9 743.4 601.5 708.1 767.9 923.6 551.6 450.8 776.6 660.7 566.5 801.1 944.5 860.3 650.8 766.7 498.9 585.7 602.4 670.2 728.7 713.8 686.5 492.3 708.3 710.9 948.6 167.0 266.6 990.8 750.9 655.7 690.9 790.7 342.5 637.2 754.6 898.2 654.4 171.4 620.3 592.1 566.0 505.8 730.9 699.4 198.4 685.6 319.2 294.0 748.9 714.8 527.3 719.6 794.1 488.5 707.5 662.6 392.4 325.8 821.6 709.9 944.8 745.6 756.5
2043.1 443.7 446.7 235.7 520.5 279.6 413.4 653.6 492.1 458.1 624.8 453.3 613.8 624.0 362.1 420.7 410.9 396.4 296.3 628.9 584.6 422.2 213.8 423.6 215.3 542.7 422.5 611.8 476.1 614.0 262.2 380.5 374.6 623.1 313.6 516.4 261.0 160.6 290.3 411.6 604.1 132.3 208.5 465.9 358.6 646.9 439.1 396.4 357.5 261.3 395.7 477.8 403.1 528.2 192.7 463.9 199.0 429.6 350.2 0.0 635.9 357.1 319.0 514.6 638.4 446.9 650.7 260.7 557.5 441.3 447.9 301.5 326.4 449.2 590.3 371.4 676.0 437.1 368.6 254.5 407.3 606.3 262.3 289.1 479.1 569.3 358.3 641.6 633.7 326.2 431.8 533.6 367.9 488.0 362.1 471.5 239.2 413.6 424.4 429.1 614.4 479.5 539.9 602.2 201.8 278.6 239.7 313.5 477.3 582.7 468.7 396.8 426.9 341.7 380.6 183.2 437.6 494.9 222.7 347.9 202.0 540.7 323.2 610.8 564.6 352.1 635.3 567.6 521.7 448.8 644.0 623.8 210.5 445.1 588.5 504.3 294.8 634.1 142.9 548.8 246.4 633.3 596.1 357.8 553.9 247.3 633.3 578.3 592.6 234.7 264.6 634.8 618.3 618.8 558.3 434.7 305.6 281.2 622.0 542.2 298.4 239.1 264.3 459.5 336.4 468.9 598.3 566.8 266.1 648.7 168.6 257.1 392.9 582.2 333.6 622.0 438.1 451.6 426.9 433.0 92.7 193.2 465.6 353.9 588.8 389.6 400.5
2095.2 378.5 599.0 642.7 103.6 627.9 287.0 172.0 903.9 869.9 125.2 326.9 364.4 11.2 773.9 473.4 242.2 449.1 569.7 1040.7 274.4 734.7 618.2 200.5 422.8 168.5 834.3 301.6 887.9 1025.8 645.3 792.3 445.6 141.5 640.6 107.7 396.0 567.2 617.2 823.4 351.4 515.8 733.4 518.6 770.4 394.2 185.0 808.2 565.6 667.2 548.0 530.5 648.7 95.9 636.5 875.7 543.2 223.5 738.8 615.8 0.0 669.6 707.6 926.4 156.8 858.7 172.8 603.5 969.3 853.1 321.5 528.7 638.9 861.0 337.6 683.9 423.3 848.9 454.4 527.9 575.7 1018.1 650.9 677.7 890.9 69.7 464.9 151.9 259.5 327.2 390.0 945.4 756.5 899.8 555.2 883.3 697.5 667.6 654.7 741.6 361.7 240.5 592.6 120.6 475.2 658.0 714.2 448.5 889.1 356.2 880.5 808.6 402.0 713.1 693.1 754.4 384.6 522.0 486.5 688.1 627.5 230.5 458.2 236.6 370.6 470.7 69.7 979.4 574.4 674.9 78.4 371.1 769.9 856.9 1000.3 916.1 576.8 134.5 702.3 322.3 652.3 380.6 81.4 729.2 243.7 386.4 151.7 96.7 1004.4 623.3 607.4 1046.6 290.0 204.7 248.1 846.5 514.5 652.6 140.4 954.0 651.6 627.7 671.3 231.0 317.0 521.6 98.7 85.2 654.7 396.0 575.2 562.6 658.6 100.6 468.6 140.4 750.6 371.0 453.0 306.6 618.5 466.6 877.4 611.1 1000.6 801.4 771.9
2063.9 761.4 251.5 538.2 533.4 597.3 385.1 666.5 315.0 281.0 637.7 425.0 408.3 684.1 185.0 738.4 382.6 714.1 614.0 451.8 625.9 137.6 531.5 552.0 409.4 555.6 245.4 653.1 299.0 436.9 579.9 203.4 692.3 662.6 253.2 529.3 382.6 478.3 608.0 234.5 845.9 434.8 271.2 783.6 181.5 888.7 536.5 219.3 68.4 279.8 200.5 795.5 45.9 541.1 249.1 286.8 501.5 401.3 667.9 354.1 696.0 0.0 636.7 337.5 677.9 269.8 667.3 578.4 380.4 264.2 419.6 141.3 37.7 272.1 832.1 14.2 917.8 260.0 173.4 572.2 118.2 429.2 580.0 606.8 302.0 582.2 163.1 654.5 646.6 313.8 749.5 356.5 685.6 310.9 73.0 294.4 306.4 56.4 67.2 144.5 856.2 592.0 857.6 622.6 519.5 270.6 125.3 435.1 300.2 836.5 291.6 219.7 307.6 325.7 96.0 292.2 242.4 172.7 473.1 99.2 240.1 582.0 444.8 623.7 818.4 156.9 654.2 390.5 839.4 766.5 662.9 865.6 340.0 268.0 411.4 327.2 189.4 647.0 223.3 802.6 264.9 875.1 615.0 341.8 595.2 373.0 646.2 646.0 415.5 552.4 582.3 457.7 659.6 699.2 599.6 257.6 623.3 265.2 634.9 365.1 62.7 556.8 566.8 582.5 308.1 786.6 611.2 579.7 583.8 890.5 486.3 574.8 35.7 641.0 455.2 634.9 153.5 769.3 231.7 404.7 410.4 510.9 288.5 64.8 411.7 212.5 384.5
1819.0 398.6 763.9 552.9 614.3 310.5 604.2 677.7 809.3 775.3 718.6 644.1 804.6 717.8 679.3 375.6 601.7 351.3 390.1 946.1 678.4 739.4 244.7 517.4 498.6 636.5 739.7 705.6 793.3 931.2 293.1 697.7 329.5 716.9 630.8 610.2 444.3 272.4 321.2 728.8 559.0 449.5 525.7 420.8 675.8 601.8 532.9 713.6 674.7 578.5 712.9 432.7 720.3 622.0 509.9 781.1 516.2 620.4 94.3 404.6 729.7 674.3 0.0 831.8 732.2 764.1 605.6 180.7 874.7 758.5 638.7 618.7 643.6 766.4 545.2 688.6 630.9 754.3 670.1 348.3 724.5 923.5 135.8 30.1 796.3 663.1 675.5 735.4 727.5 517.0 386.7 850.8 112.0 805.2 679.3 788.7 556.4 730.8 741.6 746.3 569.3 573.3 494.8 696.0 295.6 595.8 556.9 447.4 794.5 537.6 785.9 714.0 617.7 658.9 697.8 500.4 600.3 812.1 539.9 665.1 519.2 634.5 478.1 704.6 519.5 669.3 729.1 884.8 469.6 368.8 737.8 578.7 527.7 762.3 905.7 821.5 612.0 727.9 460.1 503.7 563.6 588.2 689.9 675.0 647.7 453.5 626.3 672.1 909.8 128.2 184.6 952.0 712.1 573.7 652.1 751.9 260.5 598.4 715.8 859.4 615.6 132.6 581.5 553.3 527.2 423.8 692.1 660.6 159.6 603.6 280.4 212.0 710.1 676.0 488.5 637.6 755.3 406.5 668.7 623.8 353.6 287.0 782.8 671.1 906.0 706.8 717.7
1865.1 906.4 537.1 683.2 819.0 742.3 670.7 952.1 209.4 99.3 923.3 710.6 727.0 922.5 227.2 883.4 668.2 859.1 759.0 296.2 911.5 418.7 676.5 837.6 662.8 841.2 287.6 938.7 143.4 281.3 724.9 245.6 837.3 921.6 525.8 814.9 708.5 623.3 753.0 213.9 1066.8 579.8 416.2 928.6 190.1 1109.6 822.1 261.5 354.0 473.5 486.1 940.5 399.6 826.7 404.9 266.2 646.5 686.9 812.9 499.1 934.4 353.6 781.7 0.0 936.9 312.0 952.9 723.4 42.8 139.0 705.2 426.9 322.9 146.9 1053.0 367.9 1138.7 170.8 459.0 717.2 403.8 273.6 725.0 751.8 344.2 867.8 448.7 940.1 932.2 599.4 894.5 18.9 830.6 57.7 358.6 336.6 451.4 410.1 420.9 425.6 1077.1 877.6 1002.6 900.7 664.5 490.8 270.3 761.0 279.6 1045.4 155.8 261.9 593.2 553.9 377.1 437.2 528.0 491.4 670.2 344.4 414.2 867.6 770.7 909.3 1027.3 442.5 933.8 234.9 984.4 911.5 942.5 1086.5 485.0 247.4 255.8 171.6 507.0 932.6 368.3 1011.5 458.6 1096.0 894.6 570.0 880.8 694.8 931.8 876.8 259.9 697.4 727.3 302.1 945.2 984.8 885.2 168.4 768.3 493.4 920.5 209.5 294.9 701.8 711.8 868.1 593.7 931.6 896.8 865.3 728.8 1111.4 631.3 719.8 389.4 880.7 781.1 920.5 434.6 914.3 517.3 690.3 555.4 655.9 213.4 350.4 256.1 191.9 612.7
2020.2 323.1 623.5 667.2 128.1 628.6 311.5 34.5 928.4 894.4 152.7 351.4 388.9 146.9 798.4 418.0 266.7 393.7 594.2 1065.2 298.9 759.2 562.8 225.0 447.3 193.0 858.8 326.1 912.4 1050.3 611.2 816.8 390.2 15.3 665.1 132.2 420.5 594.0 639.3 847.9 296.0 540.3 757.9 463.2 794.9 338.8 209.5 832.7 590.1 691.7 572.5 475.1 650.1 120.4 661.0 900.2 567.7 248.0 763.3 640.3 158.8 694.1 732.1 950.9 0.0 883.2 117.4 548.1 993.8 877.6 346.0 553.2 663.4 885.5 282.2 708.4 367.9 873.4 478.9 552.4 600.2 1042.6 644.6 702.2 915.4 112.2 489.4 130.4 284.0 351.7 334.6 969.9 781.0 924.3 579.7 907.8 722.0 669.0 656.1 766.1 306.3 265.0 537.2 45.6 499.7 682.5 738.7 473.0 913.6 300.8 905.0 833.1 426.5 737.6 717.6 778.9 409.1 523.4 511.0 712.6 652.0 255.0 482.7 261.1 315.2 495.2 183.2 1003.9 519.0 619.5 191.9 315.7 794.4 881.4 1024.8 940.6 601.3 144.0 726.8 266.9 676.8 325.2 144.0 753.7 268.2 410.9 96.3 69.9 1028.9 647.8 552.0 1071.1 314.5 149.3 272.6 871.0 459.1 677.1 110.8 978.5 676.1 652.2 695.8 255.5 341.5 466.2 141.2 80.4 679.2 340.6 586.0 507.2 660.0 64.9 493.1 85.0 775.1 315.6 477.5 331.1 643.0 491.1 901.9 635.6 1025.1 825.9 796.4
2073.8 854.1 484.8 630.9 766.7 690.0 618.4 899.8 324.9 290.9 871.0 658.3 674.7 870.2 94.7 831.1 615.9 806.8 706.7 461.7 859.2 366.4 624.2 785.3 610.5 788.9 97.4 886.4 308.9 446.8 672.6 111.0 785.0 869.3 473.5 762.6 656.2 571.0 700.7 244.4 1014.5 527.5 363.9 876.3 191.4 1057.3 769.8 126.9 301.7 421.2 433.8 888.2 347.3 774.4 352.6 296.7 594.2 634.6 760.6 446.8 882.1 301.3 729.4 347.4 884.6 0.0 900.6 671.1 390.3 274.1 652.9 374.6 270.6 282.0 1000.7 315.6 1086.4 269.9 406.7 664.9 351.5 439.1 672.7 699.5 60.0 815.5 396.4 887.8 879.9 547.1 842.2 366.4 778.3 320.8 306.3 24.5 399.1 357.8 368.6 373.3 1024.8 825.3 950.3 848.4 612.2 438.5 218.0 708.7 310.1 993.1 301.5 176.7 540.9 501.6 324.8 384.9 475.7 439.1 617.9 292.1 361.9 815.3 718.4 857.0 975.0 390.2 881.5 400.4 932.1 859.2 890.2 1034.2 432.7 277.9 421.3 337.1 454.7 880.3 316.0 959.2 406.3 1043.7 842.3 517.7 828.5 642.5 879.5 824.5 425.4 645.1 675.0 467.6 892.9 932.5 832.9 267.5 716.0 441.1 868.2 375.0 242.6 649.5 659.5 815.8 541.4 879.3 844.5 813.0 676.5 1059.1 579.0 667.5 337.1 828.4 728.8 868.2 382.3 862.0 465.0 638.0 503.1 603.6 298.4 298.1 421.6 222.4 560.4
2067.9 205.6 641.9 685.6 146.5 511.1 329.9 72.0 946.8 912.8 128.1 369.8 407.3 165.3 816.8 300.5 285.1 276.2 603.2 1083.6 317.3 777.6 445.3 243.4 465.7 211.4 877.2 344.5 930.8 1068.7 493.7 835.2 272.7 114.2 683.5 150.6 438.9 476.5 521.8 866.3 178.5 558.7 776.3 345.7 813.3 221.3 227.9 851.1 608.5 710.1 590.9 357.6 691.6 138.8 679.4 918.6 586.1 266.4 695.6 646.2 177.2 712.5 601.2 969.3 105.3 901.6 0.0 430.6 1012.2 896.0 364.4 571.6 681.8 903.9 164.7 726.8 250.4 891.8 497.3 558.3 618.6 1061.0 527.1 631.4 933.8 130.6 507.8 105.8 302.4 370.1 217.1 988.3 713.3 942.7 598.1 926.2 740.4 710.5 697.6 784.5 188.8 283.4 419.7 93.3 505.6 700.9 829.5 491.4 932.0 183.3 923.4 851.5 444.9 756.0 736.0 773.0 427.5 564.9 529.4 731.0 670.4 273.4 501.1 279.5 197.7 513.6 201.6 1022.3 401.5 502.0 210.3 198.2 800.3 899.8 1043.2 959.0 619.7 119.4 732.7 149.4 695.2 207.7 162.4 772.1 286.6 429.3 20.6 88.3 1047.3 566.2 434.5 1089.5 332.9 31.8 291.0 889.4 341.6 695.5 86.2 996.9 694.5 570.6 714.2 273.9 359.9 348.7 153.8 98.8 597.6 223.1 468.5 389.7 701.5 69.4 511.5 31.9 793.5 198.1 495.9 349.5 648.9 497.0 920.3 654.0 1043.5 844.3 814.8
1782.3 217.9 662.2 451.2 553.4 135.4 543.3 497.0 707.6 673.6 553.1 583.2 743.7 590.3 577.6 194.9 540.8 170.6 227.5 844.4 617.5 637.7 69.6 456.5 430.8 575.6 638.0 644.7 691.6 829.5 118.0 596.0 148.8 539.2 529.1 549.3 383.4 100.8 146.1 627.1 378.3 347.8 424.0 240.1 574.1 421.1 472.0 611.9 573.0 476.8 611.2 252.0 618.6 561.1 408.2 679.4 414.5 559.5 285.0 271.9 602.2 572.6 190.6 730.1 530.3 662.4 424.9 0.0 773.0 656.8 577.8 517.0 541.9 664.7 364.5 586.9 450.2 652.6 584.1 246.3 622.8 821.8 151.4 220.8 694.6 555.6 573.8 530.8 666.6 456.1 206.0 749.1 302.7 703.5 577.6 687.0 454.7 629.1 639.9 644.6 388.6 512.4 314.1 518.3 234.7 494.1 455.2 386.5 692.8 356.9 684.2 612.3 556.8 557.2 596.1 398.7 539.4 710.4 438.2 563.4 417.5 573.6 417.2 643.7 338.8 567.6 626.6 783.1 295.9 188.0 635.3 398.0 426.0 660.6 804.0 719.8 510.3 544.4 358.4 323.0 461.9 407.5 587.4 573.3 586.8 392.6 445.6 513.3 808.1 190.5 3.8 850.3 651.2 393.0 591.2 650.2 79.8 496.7 511.2 757.7 513.9 194.9 479.8 492.4 466.3 243.1 578.8 523.8 221.9 422.9 92.8 31.3 608.4 494.4 427.6 456.9 653.6 225.8 607.8 562.9 261.0 226.1 681.1 569.4 804.3 605.1 616.0
1900.2 941.5 572.2 718.3 854.1 777.4 705.8 987.2 244.5 134.4 958.4 745.7 762.1 957.6 262.3 918.5 703.3 894.2 794.1 331.3 946.6 453.8 711.6 872.7 697.9 876.3 322.7 973.8 178.5 316.4 760.0 280.7 872.4 956.7 560.9 850.0 743.6 658.4 788.1 249.0 1101.9 614.9 451.3 963.7 225.2 1144.7 857.2 296.6 389.1 508.6 521.2 975.6 434.7 861.8 440.0 301.3 681.6 722.0 848.0 534.2 969.5 388.7 816.8 35.0 972.0 347.1 988.0 758.5 0.0 174.1 740.3 462.0 358.0 182.0 1088.1 403.0 1173.8 205.9 494.1 752.3 438.9 308.7 760.1 786.9 379.3 902.9 483.8 975.2 967.3 634.5 929.6 19.5 865.7 92.8 393.7 371.7 486.5 445.2 456.0 460.7 1112.2 912.7 1037.7 935.8 699.6 525.9 305.4 796.1 314.7 1080.5 190.9 297.0 628.3 589.0 412.2 472.3 563.1 526.5 705.3 379.5 449.3 902.7 805.8 944.4 1062.4 477.6 968.9 270.0 1019.5 946.6 977.6 1121.6 520.1 282.5 290.9 206.7 542.1 967.7 403.4 1046.6 493.7 1131.1 929.7 605.1 915.9 729.9 966.9 911.9 295.0 732.5 762.4 337.2 980.3 1019.9 920.3 203.5 803.4 528.5 955.6 244.6 330.0 736.9 746.9 903.2 628.8 966.7 931.9 900.4 763.9 1146.5 666.4 754.9 424.5 915.8 816.2 955.6 469.7 949.4 552.4 725.4 590.5 691.0 248.5 385.5 291.2 227.0 647.8
1890.8 831.5 462.2 608.3 744.1 667.4 595.8 877.2 81.5 58.8 848.4 635.7 652.1 847.6 152.3 808.5 593.3 784.2 684.1 187.5 836.6 343.8 601.6 762.7 587.9 766.3 212.7 863.8 34.7 172.6 650.0 170.7 762.4 846.7 450.9 740.0 633.6 548.4 678.1 139.0 991.9 504.9 341.3 853.7 115.2 1034.7 747.2 186.6 279.1 398.6 411.2 865.6 324.7 751.8 330.0 191.3 571.6 612.0 738.0 424.2 859.5 278.7 706.8 159.0 862.0 237.1 878.0 648.5 155.1 0.0 630.3 352.0 248.0 7.9 978.1 293.0 1063.8 55.4 384.1 642.3 328.9 164.9 650.1 676.9 269.3 792.9 373.8 865.2 857.3 524.5 819.6 174.7 755.7 83.9 283.7 261.7 376.5 335.2 346.0 350.7 1002.2 802.7 927.7 825.8 589.6 415.9 195.4 686.1 204.7 970.5 111.6 187.0 518.3 479.0 302.2 362.3 453.1 416.5 595.3 269.5 339.3 792.7 695.8 834.4 952.4 367.6 858.9 126.2 909.5 836.6 867.6 1011.6 410.1 172.5 147.1 62.9 432.1 857.7 293.4 936.6 383.7 1021.1 819.7 495.1 805.9 619.9 856.9 801.9 151.2 622.5 652.4 193.4 870.3 909.9 810.3 93.5 693.4 418.5 845.6 100.8 220.0 626.9 636.9 793.2 518.8 856.7 821.9 790.4 653.9 1036.5 556.4 644.9 314.5 805.8 706.2 845.6 359.7 839.4 442.4 615.4 480.5 581.0 138.5 275.5 147.4 117.0 537.8
2276.0 559.3 403.4 447.1 219.7 558.0 33.0 352.8 708.3 674.3 324.0 5.3 271.8 323.2 578.3 603.2 67.0 578.9 499.8 845.1 312.2 539.1 623.8 238.3 227.2 241.9 638.7 339.4 692.3 830.2 575.4 596.7 557.1 322.3 445.0 215.6 200.4 497.3 547.3 627.8 532.2 320.2 537.8 648.4 574.8 575.0 222.8 612.6 370.0 471.6 352.4 660.3 520.0 227.4 440.9 680.1 347.6 87.6 668.9 463.2 335.1 474.0 637.7 730.8 337.6 663.1 353.6 597.4 773.7 657.5 0.0 333.1 443.3 665.4 518.4 488.3 604.1 653.3 258.8 458.0 380.1 822.5 581.0 607.8 695.3 268.5 269.3 340.8 332.9 131.6 570.8 749.8 686.6 704.2 359.6 681.0 501.9 530.5 505.5 546.0 542.5 278.3 722.4 301.4 405.3 462.4 518.6 252.9 693.5 537.0 684.9 613.0 203.5 517.4 497.5 558.8 189.0 372.8 290.9 492.5 431.9 268.3 262.6 310.0 551.4 275.1 334.5 783.9 704.2 804.7 343.2 551.9 591.9 661.3 804.7 720.5 381.2 333.3 524.3 503.1 456.7 561.4 295.3 533.6 281.5 190.8 332.5 277.5 808.8 553.4 601.3 851.0 345.9 385.5 285.9 650.9 696.0 457.0 321.2 758.4 456.0 557.8 475.7 268.8 121.4 651.4 297.5 266.0 584.8 576.8 505.3 593.8 513.4 281.4 273.0 321.2 555.0 551.8 257.4 13.4 548.6 396.7 681.8 415.5 805.0 609.5 576.3
2239.6 661.3 145.1 522.9 427.0 548.7 278.7 560.1 490.7 456.7 531.3 318.6 453.4 530.5 360.7 679.0 276.2 654.7 575.6 627.5 519.5 260.9 482.9 445.6 303.0 449.2 421.1 546.7 474.7 612.6 531.3 379.1 632.9 529.6 111.8 422.9 276.2 429.7 623.1 410.2 739.5 396.0 204.6 724.2 357.2 782.3 430.1 395.0 91.8 138.4 94.1 736.1 241.8 434.7 107.7 462.5 423.4 294.9 619.3 305.5 542.4 195.8 588.1 513.2 544.9 445.5 560.9 529.8 556.1 439.9 313.2 0.0 165.1 447.8 725.7 210.1 811.4 435.7 67.0 533.8 101.9 604.9 531.4 558.2 477.7 475.8 56.7 548.1 540.2 207.4 672.8 532.2 637.0 486.6 81.4 470.1 168.7 252.3 263.1 267.8 749.8 485.6 798.2 508.7 481.1 129.2 238.3 328.7 475.9 730.1 467.3 395.4 201.2 184.3 219.3 225.6 136.0 273.6 366.7 214.3 98.7 475.6 338.4 517.3 712.0 50.5 541.8 566.2 780.0 717.9 550.5 759.2 314.1 443.7 587.1 502.9 48.0 540.6 174.7 696.2 123.5 768.7 502.6 200.4 488.8 266.6 539.8 484.8 591.2 503.8 533.7 633.4 553.2 592.8 493.2 433.3 574.7 123.8 528.5 540.8 177.8 508.2 551.5 476.1 201.7 727.2 504.8 473.3 535.2 784.1 437.7 526.2 231.6 488.7 348.8 528.5 276.8 653.8 125.3 298.3 361.8 472.5 464.2 137.3 587.4 388.2 243.1
2026.1 730.3 214.1 500.4 496.0 559.5 347.7 629.1 277.2 243.2 600.3 387.6 404.0 599.5 147.2 700.6 345.2 676.3 576.2 414.0 588.5 99.8 493.7 514.6 372.0 518.2 207.6 615.7 261.2 399.1 542.1 165.6 654.5 598.6 215.8 491.9 345.2 440.5 570.2 196.7 808.5 397.0 233.4 745.8 143.7 851.3 499.1 181.5 31.0 242.4 163.1 757.7 76.6 503.7 211.7 249.0 492.4 363.9 630.1 316.3 611.4 30.6 598.9 299.7 613.9 232.0 629.9 540.6 342.6 226.4 382.2 103.9 0.0 234.3 794.7 44.9 880.4 222.2 136.0 534.4 80.8 391.4 542.2 569.0 264.2 544.8 125.7 617.1 609.2 276.4 711.7 318.7 647.8 273.1 35.6 256.6 272.7 87.1 97.9 106.7 818.8 554.6 819.8 577.7 481.7 233.2 87.5 397.7 262.4 799.1 253.8 181.9 270.2 288.3 58.2 254.4 205.0 168.4 435.7 61.4 202.7 544.6 407.4 586.3 781.0 119.5 610.8 352.7 801.6 728.7 619.5 828.2 302.2 230.2 373.6 289.4 152.0 609.6 185.5 765.2 227.5 837.7 571.6 304.4 557.8 335.6 608.8 553.8 377.7 514.6 544.5 419.9 622.2 661.8 562.2 219.8 585.5 227.8 597.5 327.3 24.9 519.0 529.0 545.1 270.7 748.8 573.8 542.3 546.0 853.1 448.5 537.0 66.4 557.7 417.8 597.5 115.7 722.8 194.3 367.3 372.6 473.1 250.7 27.4 373.9 174.7 347.1
1886.5 839.0 469.7 615.8 751.6 674.9 603.3 884.7 89.0 50.9 855.9 643.2 659.6 855.1 159.8 816.0 600.8 791.7 691.6 179.6 844.1 351.3 609.1 770.2 595.4 773.8 220.2 871.3 26.8 164.7 657.5 178.2 769.9 854.2 458.4 747.5 641.1 555.9 685.6 146.5 999.4 512.4 348.8 861.2 122.7 1042.2 754.7 194.1 286.6 406.1 418.7 873.1 332.2 759.3 337.5 198.8 579.1 619.5 745.5 431.7 867.0 286.2 714.3 151.1 869.5 244.6 885.5 656.0 147.2 7.5 637.8 359.5 255.5 0.0 985.6 300.5 1071.3 62.9 391.6 649.8 336.4 157.0 657.6 684.4 276.8 800.4 381.3 872.7 864.8 532.0 827.1 166.8 763.2 76.0 291.2 269.2 384.0 342.7 353.5 358.2 1009.7 810.2 935.2 833.3 597.1 423.4 202.9 693.6 212.2 978.0 103.7 194.5 525.8 486.5 309.7 369.8 460.6 424.0 602.8 277.0 346.8 800.2 703.3 841.9 959.9 375.1 866.4 118.3 917.0 844.1 875.1 1019.1 417.6 180.0 139.2 55.0 439.6 865.2 300.9 944.1 391.2 1028.6 827.2 502.6 813.4 627.4 864.4 809.4 143.3 630.0 659.9 185.5 877.8 917.4 817.8 101.0 700.9 426.0 853.1 92.9 227.5 634.4 644.4 800.7 526.3 864.2 829.4 797.9 661.4 1044.0 563.9 652.4 322.0 813.3 713.7 853.1 367.2 846.9 449.9 622.9 488.0 588.5 146.0 283.0 139.5 124.5 545.3
2161.5 154.1 795.6 744.0 300.2 459.6 483.6 225.7 1030.4 996.4 281.8 523.5 561.0 319.0 900.4 249.0 438.8 224.7 551.7 1167.2 471.0 960.5 393.8 410.9 524.1 365.1 960.8 498.2 1014.4 1152.3 442.2 918.8 221.2 267.9 851.9 304.3 469.8 425.0 470.3 949.9 54.5 617.1 746.8 294.2 896.9 56.5 381.6 934.7 762.2 799.6 744.6 306.1 845.3 292.5 731.0 1002.2 644.5 420.1 644.1 594.7 330.9 895.4 549.7 1052.9 259.0 985.2 153.6 379.1 1095.8 979.6 518.1 725.3 864.7 987.5 0.0 909.7 126.4 975.4 651.0 506.8 772.3 1144.6 475.6 579.9 1017.4 284.3 661.5 259.5 456.1 523.8 165.6 1071.9 661.8 1026.3 751.8 1009.8 777.5 864.2 851.3 967.4 64.8 437.1 368.2 247.0 454.1 816.9 778.0 472.9 1015.6 131.8 1007.0 935.1 598.6 880.0 918.9 721.5 581.2 718.6 587.8 886.2 740.3 427.1 503.6 433.2 146.2 667.3 355.3 1105.9 350.0 450.5 364.0 74.2 748.8 983.4 1126.8 1042.6 773.4 273.1 681.2 97.9 784.7 83.7 316.1 896.1 440.3 479.0 174.3 242.0 1130.9 514.7 383.0 1173.1 486.6 121.7 444.7 973.0 290.1 819.5 239.9 1080.5 836.7 519.1 772.6 427.6 513.6 297.2 307.5 252.5 546.1 81.8 417.0 338.2 855.2 223.1 514.0 185.6 976.4 146.6 649.6 503.2 597.4 445.5 1003.9 807.7 1127.1 927.9 938.8
2077.8 775.3 265.4 552.1 547.3 611.2 399.0 698.2 328.9 294.9 684.3 438.9 394.0 669.8 198.9 752.3 394.6 728.0 627.9 465.7 639.8 136.3 545.4 565.9 423.3 569.5 259.3 667.0 312.9 450.8 593.8 217.3 706.2 648.3 267.1 543.2 396.5 492.2 621.9 248.4 887.5 448.7 285.1 797.5 195.4 930.3 550.4 233.2 82.3 293.7 214.4 809.4 31.6 612.0 263.0 300.7 515.4 415.2 681.8 368.0 681.7 13.8 650.6 351.4 663.6 283.7 708.9 592.3 394.3 278.1 433.5 155.2 51.6 286.0 873.7 0.0 959.4 273.9 187.3 586.1 132.1 443.1 593.9 620.7 315.9 628.8 177.0 696.1 660.5 327.7 763.4 370.4 699.5 324.8 86.9 308.3 320.3 42.1 52.9 143.2 897.8 605.9 871.5 608.3 533.4 284.5 139.2 449.0 314.1 892.3 305.5 233.6 320.3 339.5 59.1 306.1 256.3 158.4 487.0 113.1 254.0 595.9 458.7 637.6 832.3 170.8 639.9 404.5 853.3 780.4 648.6 907.2 353.9 281.9 425.3 341.1 203.3 693.6 237.2 858.4 278.8 916.7 600.7 355.7 609.1 386.9 687.8 631.7 429.4 566.3 596.2 471.6 673.5 740.8 613.5 271.5 636.4 275.2 676.5 379.0 76.6 570.7 580.7 596.4 322.0 800.5 657.8 626.3 595.1 932.1 500.2 588.7 25.0 626.7 469.1 676.5 152.2 783.2 245.6 418.6 424.3 524.8 302.4 78.7 425.6 226.4 398.4
2266.6 259.2 900.7 849.1 405.3 564.7 588.7 330.8 1135.5 1101.5 386.9 628.6 666.1 424.1 1005.5 354.1 545.8 329.8 656.8 1272.3 576.1 1065.6 498.9 516.0 629.2 470.2 1065.9 603.3 1119.5 1257.4 547.3 1023.9 326.3 373.0 957.0 409.4 574.9 530.1 575.4 1055.0 79.9 722.2 851.9 399.3 1002.0 66.1 486.7 1039.8 867.3 904.7 849.7 411.2 950.4 397.6 836.1 1107.3 749.6 525.2 749.2 699.8 436.0 1000.5 654.8 1158.0 364.1 1090.3 258.7 484.2 1200.9 1084.7 623.2 830.4 969.8 1092.6 118.8 1014.8 0.0 1080.5 756.1 611.9 877.4 1249.7 580.7 685.0 1122.5 389.4 766.6 364.6 561.2 628.9 270.7 1177.0 766.9 1131.4 856.9 1114.9 882.6 969.3 956.4 1072.5 69.6 542.2 473.3 352.1 559.2 922.0 883.1 578.0 1120.7 236.9 1112.1 1040.2 700.8 985.1 1024.0 826.6 686.3 823.7 692.9 991.3 845.4 532.2 608.7 538.3 251.3 772.4 460.4 1211.0 455.1 555.6 469.1 60.2 853.9 1088.5 1231.9 1147.7 878.5 378.2 786.3 203.0 889.8 49.4 421.2 1001.2 545.4 584.1 279.4 347.1 1236.0 619.8 488.1 1278.2 591.7 224.4 549.8 1078.1 395.2 920.7 345.0 1185.6 941.8 624.2 877.7 532.7 618.7 402.3 412.6 357.6 648.6 39.8 522.1 443.3 960.3 328.2 619.1 290.7 1081.5 251.7 754.7 608.3 702.5 550.6 1109.0 912.8 1232.2 1033.0 1043.9
1911.7 836.6 467.3 613.4 749.2 672.5 600.9 882.3 54.9 75.8 853.5 640.8 657.2 852.7 157.4 813.6 598.4 789.3 689.2 246.6 841.7 348.9 606.7 767.8 593.0 771.4 217.8 868.9 93.8 231.7 655.1 175.8 767.5 851.8 456.0 745.1 638.7 553.5 683.2 144.1 997.0 510.0 346.4 858.8 120.3 1039.8 752.3 191.7 284.2 403.7 416.3 870.7 329.8 756.9 335.1 196.4 576.7 617.1 743.1 429.3 864.6 283.8 711.9 191.0 867.1 242.2 883.1 653.6 201.1 59.0 635.4 357.1 253.1 66.9 983.2 298.1 1068.9 0.0 389.2 647.4 334.0 224.0 655.2 682.0 274.4 798.0 378.9 870.3 862.4 529.6 824.7 210.0 760.8 115.9 288.8 266.8 381.6 340.3 351.1 355.8 1007.3 807.8 932.8 830.9 594.7 421.0 200.5 691.2 209.8 975.6 125.4 192.1 523.4 484.1 307.3 367.4 458.2 421.6 600.4 274.6 344.4 797.8 700.9 839.5 957.5 372.7 864.0 185.3 914.6 841.7 872.7 1016.7 415.2 177.6 206.2 122.0 437.2 862.8 298.5 941.7 388.8 1026.2 824.8 500.2 811.0 625.0 862.0 807.0 210.3 627.6 657.5 252.5 875.4 915.0 815.4 44.6 698.5 423.6 850.7 159.9 225.1 632.0 642.0 798.3 523.9 861.8 827.0 795.5 659.0 1041.6 561.5 650.0 319.6 810.9 711.3 850.7 364.8 844.5 447.5 620.5 485.6 586.1 89.6 280.6 206.5 122.1 542.9
2198.3 594.2 144.5 455.8 359.9 566.7 211.6 493.0 449.4 415.4 464.2 251.5 386.3 463.4 319.4 611.9 209.1 587.6 508.5 586.2 452.4 280.2 632.5 378.5 235.9 382.1 379.8 479.6 433.4 571.3 584.1 337.8 565.8 462.5 186.1 355.8 209.1 506.0 556.0 368.9 672.4 328.9 278.9 657.1 315.9 715.2 363.0 353.7 111.1 212.7 93.5 669.0 261.1 367.6 182.0 421.2 356.3 227.8 677.6 379.8 475.3 215.1 646.4 471.9 477.8 404.2 493.8 606.1 514.8 398.6 246.1 74.2 184.4 406.5 658.6 229.4 744.3 394.4 0.0 466.7 121.2 563.6 589.7 616.5 436.4 408.7 10.4 481.0 473.1 140.3 605.7 490.9 695.3 445.3 100.7 428.8 243.0 271.6 282.4 287.1 682.7 418.5 731.1 441.6 414.0 203.5 259.7 261.6 434.6 663.0 426.0 354.1 131.2 258.6 241.3 299.9 68.9 226.8 299.6 233.6 173.0 408.5 271.3 450.2 644.9 16.2 474.7 524.9 712.9 813.4 483.4 692.1 388.4 402.4 545.8 461.6 122.3 473.5 249.0 629.1 197.8 701.6 435.5 274.7 421.7 199.5 472.7 417.7 549.9 562.1 610.0 592.1 486.1 528.1 426.1 392.0 650.2 194.2 461.4 499.5 197.1 566.5 484.4 409.0 134.6 660.1 437.7 406.2 593.5 717.0 514.0 602.5 250.9 421.6 281.7 461.4 296.1 586.7 58.2 231.2 436.1 405.4 422.9 156.6 546.1 346.9 317.4
2027.1 359.4 626.8 447.6 426.4 99.9 416.3 559.5 704.0 670.0 530.7 456.2 616.7 529.9 574.0 336.4 411.9 312.1 86.6 840.8 490.5 634.1 165.7 329.5 305.0 448.6 634.4 517.7 688.0 825.9 117.3 592.4 290.3 529.0 525.5 416.6 256.4 209.0 89.2 623.5 519.8 344.2 420.4 381.6 570.5 562.6 345.0 608.3 569.4 473.2 575.8 393.5 609.3 434.1 404.6 675.8 410.9 432.5 391.3 268.3 541.8 569.0 360.1 726.5 544.3 658.8 560.3 244.7 769.4 653.2 450.8 513.4 538.3 661.1 506.0 577.6 586.0 649.0 482.2 0.0 603.5 818.2 274.6 330.2 691.0 475.2 492.7 547.5 539.6 329.1 347.5 745.5 409.0 699.9 574.0 676.7 451.1 625.5 636.3 641.0 530.1 385.4 455.6 508.1 62.6 490.5 451.6 259.5 689.2 498.4 680.6 608.7 426.9 553.5 595.2 395.1 412.4 596.2 374.4 559.8 413.9 446.6 290.2 516.7 480.3 498.5 541.2 779.6 437.4 432.8 549.9 539.5 422.4 657.0 800.4 716.2 506.7 540.0 354.8 464.5 458.3 549.0 502.0 569.7 459.8 265.6 539.2 484.2 804.5 275.8 248.6 846.7 524.2 532.1 464.2 646.6 288.8 489.2 522.2 754.1 504.6 280.2 476.2 365.4 339.3 384.6 504.2 472.7 304.6 564.4 201.0 241.1 608.4 488.1 300.6 522.2 650.0 367.3 480.8 435.9 271.0 71.2 677.5 560.1 800.7 605.2 612.4
2137.2 727.4 211.2 589.0 493.1 699.9 344.8 626.2 388.3 354.3 597.4 384.7 407.2 596.6 258.3 745.1 342.3 720.8 641.7 525.1 585.6 219.1 584.0 511.7 369.1 515.3 318.7 612.8 372.3 510.2 632.4 276.7 699.0 595.7 212.9 489.0 342.3 530.8 689.2 307.8 805.6 462.1 305.7 790.3 254.8 848.4 496.2 292.6 40.1 239.5 160.2 802.2 162.3 500.8 208.8 360.1 489.5 361.0 720.4 406.6 608.5 116.3 689.2 410.8 611.0 343.1 627.0 630.9 453.7 337.5 379.3 101.0 123.3 345.4 791.8 130.6 877.5 333.3 133.1 599.9 0.0 502.5 632.5 659.3 375.3 541.9 122.8 614.2 606.3 273.5 738.9 429.8 738.1 384.2 29.7 367.7 269.8 172.8 183.6 226.0 815.9 551.7 864.3 574.8 547.2 230.3 198.6 394.8 373.5 796.2 364.9 293.0 267.3 285.4 177.5 326.7 202.1 171.6 432.8 172.5 199.8 541.7 404.5 583.4 778.1 116.6 607.9 463.8 846.1 819.0 616.6 825.3 415.2 341.3 484.7 400.5 149.1 606.7 275.8 762.3 224.6 834.8 568.7 301.5 554.9 332.7 605.9 550.9 488.8 604.9 634.8 531.0 619.3 658.9 559.3 330.9 675.8 224.9 594.6 438.4 136.0 609.3 617.6 542.2 267.8 793.3 570.9 539.4 636.3 850.2 538.8 627.3 152.1 554.8 414.9 594.6 235.0 719.9 191.4 364.4 462.9 538.6 361.8 85.6 485.0 285.8 344.2
2055.3 996.0 626.7 772.8 908.6 831.9 760.3 1041.7 246.0 208.0 1012.9 800.2 816.6 1012.1 316.8 973.0 757.8 948.7 848.6 56.9 1001.1 508.3 766.1 927.2 752.4 930.8 377.2 1028.3 162.7 7.7 814.5 335.2 926.9 1011.2 615.4 904.5 798.1 712.9 842.6 303.5 1156.4 669.4 505.8 1018.2 279.7 1199.2 911.7 351.1 443.6 563.1 575.7 1030.1 489.2 916.3 494.5 355.8 736.1 776.5 902.5 588.7 1024.0 443.2 871.3 308.2 1026.5 401.6 1042.5 813.0 304.3 164.4 794.8 516.5 412.5 156.9 1142.6 457.5 1228.3 219.9 548.6 806.8 493.4 0.0 814.6 841.4 433.8 957.4 538.3 1029.7 1021.8 689.0 984.1 323.9 920.2 233.1 448.2 426.2 541.0 499.7 510.5 515.2 1166.7 967.2 1092.2 990.3 754.1 580.4 359.9 850.6 369.2 1135.0 260.8 351.5 682.8 643.5 466.7 526.8 617.6 581.0 759.8 434.0 503.8 957.2 860.3 998.9 1116.9 532.1 1023.4 186.8 1074.0 1001.1 1032.1 1176.1 574.6 337.0 16.6 190.9 596.6 1022.2 457.9 1101.1 548.2 1185.6 984.2 659.6 970.4 784.4 1021.4 966.4 120.4 787.0 816.9 28.4 1034.8 1074.4 974.8 258.0 857.9 583.0 1010.1 161.4 384.5 791.4 801.4 957.7 683.3 1021.2 986.4 954.9 818.4 1201.0 720.9 809.4 479.0 970.3 870.7 1010.1 524.2 1003.9 606.9 779.9 645.0 745.5 303.0 440.0 116.6 281.5 702.3
1923.1 323.7 692.7 481.7 543.1 174.6 533.0 602.8 738.1 704.1 647.4 572.9 733.4 646.6 608.1 300.7 530.5 276.4 266.7 874.9 607.2 668.2 108.8 446.2 427.4 565.3 668.5 634.4 722.1 860.0 157.2 626.5 254.6 645.7 559.6 539.0 373.1 140.0 185.3 657.6 484.1 378.3 454.5 345.9 604.6 526.9 461.7 642.4 603.5 507.3 641.7 357.8 649.1 550.8 438.7 709.9 445.0 549.2 172.5 333.4 658.5 603.1 141.3 760.6 661.0 692.9 530.7 140.7 803.5 687.3 567.5 547.5 572.4 695.2 470.3 617.4 556.0 683.1 598.9 277.1 653.3 852.3 0.0 111.4 725.1 591.9 604.3 664.2 656.3 445.8 311.8 779.6 190.2 734.0 608.1 717.5 485.2 659.6 670.4 675.1 494.4 502.1 419.9 624.8 224.4 524.6 485.7 376.2 723.3 462.7 714.7 642.8 546.5 587.7 626.6 429.2 529.1 740.9 468.7 593.9 448.0 563.3 406.9 633.4 444.6 598.1 657.9 813.6 401.7 328.8 666.6 503.8 456.5 691.1 834.5 750.3 540.8 656.7 388.9 428.8 492.4 513.3 618.7 603.8 576.5 382.3 551.4 600.9 838.6 39.0 144.6 880.8 640.9 498.8 580.9 680.7 185.6 527.2 644.6 788.2 544.4 43.4 510.3 482.1 456.0 348.9 620.9 589.4 70.4 528.7 132.0 137.1 638.9 604.8 417.3 562.7 684.1 331.6 597.5 552.6 282.4 215.8 711.6 599.9 834.8 635.6 646.5
1848.9 428.5 733.7 522.7 584.1 280.3 574.0 717.2 779.1 745.1 688.4 613.9 774.4 687.6 649.1 405.5 571.5 381.2 359.9 915.9 648.2 709.2 214.5 487.2 468.4 606.3 709.5 675.4 763.1 901.0 262.9 667.5 359.4 686.7 600.6 580.0 414.1 242.2 291.0 698.6 588.9 419.3 495.5 450.7 645.6 631.7 502.7 683.4 644.5 548.3 682.7 462.6 690.1 591.8 479.7 750.9 486.0 590.2 61.0 374.4 699.5 644.1 29.8 801.6 702.0 733.9 635.5 210.6 844.5 728.3 608.5 588.5 613.4 736.2 575.1 658.4 660.8 724.1 639.9 318.1 694.3 893.3 105.6 0.0 766.1 632.9 645.3 705.2 697.3 486.8 416.6 820.6 78.7 775.0 649.1 758.5 526.2 700.6 711.4 716.1 599.2 543.1 524.7 665.8 265.4 565.6 526.7 417.2 764.3 567.5 755.7 683.8 587.5 628.7 667.6 470.2 570.1 781.9 509.7 634.9 489.0 604.3 447.9 674.4 549.4 639.1 698.9 854.6 499.5 398.7 707.6 608.6 497.5 732.1 875.5 791.3 581.8 697.7 429.9 533.6 533.4 618.1 659.7 644.8 617.5 423.3 696.9 641.9 879.6 98.0 214.5 921.8 681.9 603.6 621.9 721.7 290.4 568.2 685.6 829.2 585.4 102.4 551.3 523.1 497.0 453.7 661.9 630.4 129.4 633.5 250.2 241.9 679.9 645.8 458.3 685.6 725.1 436.4 638.5 593.6 323.4 256.8 752.6 640.9 875.8 676.6 687.5
2086.0 866.3 497.0 643.1 778.9 702.2 630.6 912.0 337.1 303.1 883.2 670.5 686.9 882.4 106.9 843.3 626.2 819.0 718.9 473.9 871.4 378.6 636.4 797.5 622.7 801.1 85.0 898.6 321.1 459.0 684.8 123.2 797.2 881.5 485.7 774.8 668.4 583.2 712.9 256.6 1026.7 539.7 376.1 888.5 203.6 1069.5 782.0 121.1 313.9 433.4 446.0 900.4 359.5 786.6 364.8 308.9 606.4 646.8 772.8 459.0 894.3 313.5 741.6 359.6 896.8 60.0 912.8 683.3 402.5 286.3 665.1 386.8 282.8 294.2 1012.9 327.8 1098.6 282.1 418.9 677.1 363.7 451.3 684.9 711.7 0.0 827.7 408.6 900.0 892.1 559.3 854.4 378.6 790.5 333.0 318.5 84.6 411.3 370.0 380.8 385.5 1037.0 837.5 962.5 860.6 624.4 450.7 230.2 720.9 322.3 1005.3 313.7 188.9 553.1 513.8 337.0 397.1 487.9 451.3 630.1 304.3 374.1 827.5 730.6 869.2 987.2 402.4 893.7 412.7 944.3 871.4 902.4 1046.4 444.9 290.1 433.5 349.3 466.9 892.5 328.2 971.4 418.5 1055.9 854.5 529.9 840.7 654.7 891.7 836.7 437.6 657.3 687.2 479.8 905.1 944.7 845.1 279.7 728.2 449.4 880.4 387.2 254.8 661.7 671.7 828.0 553.6 891.5 856.7 825.2 688.7 1071.3 591.2 679.7 352.9 840.6 741.0 880.4 394.5 874.2 477.2 650.2 515.3 615.8 310.6 310.3 433.8 234.6 572.6
2029.2 312.5 553.0 596.7 57.6 581.9 241.0 106.0 857.9 823.9 55.4 280.9 318.4 58.4 727.9 407.4 196.2 383.1 523.7 994.7 228.4 688.7 552.2 154.5 376.8 122.5 788.3 255.6 841.9 979.8 600.6 746.3 379.6 75.5 594.6 61.7 350.0 521.2 571.2 777.4 285.4 469.8 687.4 452.6 724.4 328.2 139.0 762.2 519.6 621.2 502.0 464.5 602.7 49.9 590.5 829.7 497.2 177.5 692.8 569.8 70.3 623.6 661.6 880.4 90.8 812.7 106.8 537.5 923.3 807.1 275.5 482.7 592.9 815.0 271.6 637.9 357.3 802.9 408.4 481.9 529.7 972.1 604.9 631.7 844.9 0.0 418.9 82.1 213.5 281.2 324.0 899.4 710.5 853.8 509.2 837.3 651.5 621.6 608.7 695.6 295.7 194.5 526.6 54.6 429.2 612.0 668.2 402.5 843.1 290.2 834.5 762.6 356.0 667.1 647.1 708.4 338.6 476.0 440.5 642.1 581.5 184.5 412.2 190.6 304.6 424.7 118.1 933.4 508.4 608.9 126.8 305.1 723.9 810.9 954.3 870.1 530.8 64.7 656.3 256.3 606.3 314.6 73.5 683.2 197.7 340.4 85.7 30.7 958.4 577.3 541.4 1000.6 244.0 138.7 202.1 800.5 448.5 606.6 74.4 908.0 605.6 581.7 625.3 185.0 271.0 455.6 28.9 19.2 608.7 330.0 575.4 496.6 612.6 34.6 422.6 74.4 704.6 305.0 407.0 260.6 572.5 420.6 831.4 565.1 954.6 755.4 725.9
2187.8 604.5 134.0 466.1 370.2 577.0 221.9 503.3 438.9 404.9 474.5 261.8 396.6 473.7 308.9 622.2 219.4 597.9 518.8 575.7 462.7 269.7 546.7 388.8 246.2 392.4 369.3 489.9 422.9 560.8 594.4 327.3 576.1 472.8 175.6 366.1 219.4 493.5 566.3 358.4 682.7 339.2 268.4 667.4 305.4 725.5 373.3 343.2 100.6 202.2 83.0 679.3 250.6 377.9 171.5 410.7 366.6 238.1 687.9 369.3 485.6 204.6 656.7 461.4 488.1 393.7 504.1 593.6 504.3 388.1 256.4 63.7 173.9 396.0 668.9 218.9 754.6 383.9 10.2 477.0 110.7 553.1 600.0 626.8 425.9 419.0 0.0 491.3 483.4 150.6 616.0 480.4 705.6 434.8 90.2 418.3 232.5 261.1 271.9 276.6 693.0 428.8 741.4 451.9 424.3 193.0 249.2 271.9 424.1 673.3 415.5 343.6 144.4 248.1 228.1 289.4 79.2 282.4 309.9 223.1 162.5 418.8 281.6 460.5 655.2 5.8 485.0 514.4 723.2 823.7 493.7 702.4 377.9 391.9 535.3 451.1 111.8 483.8 238.5 639.4 187.3 711.9 445.8 264.2 432.0 209.8 483.0 428.0 539.4 572.4 597.5 581.6 496.4 536.0 436.4 381.5 638.5 187.6 471.7 489.0 186.6 576.8 494.7 419.3 144.9 670.4 448.0 416.5 603.8 727.3 501.5 590.0 240.4 431.9 292.0 471.7 285.6 597.0 68.5 241.5 425.6 415.7 412.4 146.1 535.6 336.4 306.9
2082.4 318.8 628.8 672.5 133.4 624.3 316.8 112.3 933.7 899.7 22.2 356.7 394.2 134.2 803.7 413.7 272.0 389.4 599.5 1070.5 304.2 764.5 558.5 230.3 452.6 198.3 864.1 331.4 917.7 1055.6 606.9 822.1 385.9 128.7 670.4 137.5 425.8 589.7 635.0 853.2 291.7 545.6 763.2 458.9 800.2 334.5 214.8 838.0 595.4 697.0 577.8 470.8 678.5 125.7 666.3 905.5 573.0 253.3 768.6 645.6 146.1 699.4 737.4 956.2 144.0 888.5 113.1 543.8 999.1 882.9 351.3 558.5 668.7 890.8 277.9 713.7 363.6 878.7 484.2 552.0 605.5 1047.9 640.3 707.5 920.7 75.7 494.7 0.0 289.3 357.0 330.3 975.2 786.3 929.6 585.0 913.1 727.3 697.4 684.5 771.4 302.0 270.3 532.9 107.8 505.0 687.8 744.0 478.3 918.9 296.5 910.3 838.4 428.9 742.9 722.9 784.2 414.4 551.8 516.3 717.9 657.3 260.3 488.0 266.4 310.9 500.5 193.9 1009.2 514.7 615.2 202.6 311.4 799.7 886.7 1030.1 945.9 606.6 13.5 732.1 262.6 682.1 320.9 149.3 759.0 273.5 416.2 92.0 106.5 1034.2 653.1 547.7 1076.4 319.8 145.0 277.9 876.3 454.8 682.4 28.4 983.8 681.4 657.5 701.1 260.8 346.8 461.9 47.9 95.0 681.9 336.3 581.7 502.9 688.4 83.9 498.4 80.7 780.4 311.3 482.8 336.4 648.3 496.4 907.2 640.9 1030.4 834.9 801.7
2203.9 487.2 620.3 664.0 147.6 648.9 308.3 280.7 925.2 891.2 251.9 348.2 385.7 251.1 795.2 582.1 263.5 557.8 590.7 1062.0 56.7 756.0 726.9 221.5 444.1 92.7 855.6 83.4 909.2 1047.1 666.3 813.6 554.3 250.2 661.9 143.5 417.3 588.2 638.2 844.7 460.1 537.1 754.7 627.3 791.7 502.9 206.0 829.5 586.9 688.5 569.3 639.2 670.0 155.3 657.8 897.0 564.5 244.8 759.8 636.8 263.0 690.9 728.6 947.7 265.5 880.0 281.5 688.3 990.6 874.4 342.8 550.0 660.2 882.3 446.3 705.2 532.0 870.2 475.7 548.9 597.0 1039.4 671.9 698.7 912.2 196.4 486.2 268.7 0.0 348.5 498.7 966.7 777.5 921.1 576.5 904.6 718.8 688.9 676.0 762.9 470.4 261.5 701.3 229.3 496.2 679.3 735.5 469.8 910.4 464.9 901.8 829.9 423.3 734.4 714.4 775.7 405.9 543.3 507.8 709.4 648.8 100.6 479.5 46.7 479.3 492.0 262.4 1000.7 683.1 783.6 271.1 479.8 790.9 878.2 1021.6 937.4 598.1 261.2 723.3 431.0 673.6 489.3 223.2 750.5 89.7 407.7 260.4 205.4 1025.7 644.3 692.2 1067.9 29.3 313.4 83.0 867.8 623.2 673.9 249.1 975.3 672.9 648.7 692.6 252.0 338.3 630.3 225.4 193.9 675.7 504.7 596.2 671.3 679.9 209.3 489.9 249.1 771.9 479.7 474.3 327.9 639.5 487.6 898.7 632.4 1021.9 822.7 793.2
2248.1 453.8 297.6 315.4 235.4 426.3 87.1 368.5 602.5 568.5 339.7 127.0 287.5 338.9 472.5 471.5 82.7 447.2 368.1 739.3 327.9 433.3 492.1 254.0 95.5 257.6 532.9 355.1 586.5 724.4 443.7 490.9 425.4 338.0 339.2 231.3 68.7 365.6 415.6 522.0 544.0 188.5 432.0 516.7 469.0 586.8 238.5 506.8 264.2 365.8 246.6 528.6 414.2 243.1 335.1 574.3 215.9 103.3 537.2 331.5 350.8 368.2 506.0 625.0 353.3 557.3 369.3 465.7 667.9 551.7 121.6 227.3 337.5 559.6 530.2 382.5 615.9 547.5 153.0 320.6 274.3 716.7 449.3 476.1 589.5 284.2 163.5 356.5 348.6 0.0 465.3 644.0 554.9 598.4 253.8 581.9 396.1 424.7 399.7 440.2 554.3 294.0 590.7 317.1 273.6 356.6 412.8 121.2 587.7 522.6 579.1 507.2 97.7 411.7 394.4 432.9 83.2 267.0 159.2 386.7 326.1 284.0 130.9 325.7 504.5 169.3 350.2 678.1 572.5 673.0 358.9 563.7 460.2 555.5 698.9 614.7 275.4 349.0 392.6 488.7 350.9 573.2 311.0 427.8 297.2 59.1 348.2 293.2 703.0 421.7 469.6 745.2 361.6 401.2 301.6 545.1 509.8 347.3 336.9 652.6 350.2 426.1 344.0 284.5 10.1 519.7 313.2 281.7 450.5 588.6 373.6 462.1 404.0 297.1 141.3 336.9 449.2 446.3 151.6 106.7 416.9 265.0 576.0 309.7 699.2 500.0 470.5
1995.8 11.8 752.8 608.3 365.4 293.9 542.3 290.9 864.7 830.7 347.0 582.2 626.2 384.2 734.7 83.3 504.0 59.0 386.0 1001.5 519.8 794.8 228.1 358.8 436.7 430.3 795.1 547.0 848.7 986.6 276.5 753.1 55.5 333.1 686.2 369.5 382.4 259.3 304.6 784.2 172.2 504.9 581.1 128.5 731.2 215.0 374.3 769.0 730.1 633.9 701.8 140.4 775.7 357.7 565.3 836.5 571.6 485.3 478.4 429.0 396.1 729.7 384.0 887.2 324.2 819.5 218.8 213.4 930.1 813.9 576.8 674.1 699.0 821.8 158.4 744.0 244.1 809.7 608.2 341.1 729.5 978.9 309.9 414.2 851.7 349.5 618.7 324.7 521.3 455.1 0.0 906.2 496.1 860.6 709.0 844.1 611.8 786.2 797.0 801.7 182.5 414.7 202.5 312.2 288.4 651.2 612.3 385.5 849.9 150.8 841.3 769.4 555.8 714.3 753.2 555.8 538.4 722.2 500.4 720.5 574.6 475.9 416.2 498.4 132.7 624.5 420.5 940.2 184.3 284.8 429.2 191.9 583.1 817.7 961.1 876.9 667.4 338.3 515.5 116.9 619.0 201.4 381.3 730.4 489.1 391.6 239.5 307.2 965.2 349.0 217.3 1007.4 553.5 186.9 493.5 807.3 124.4 653.8 305.1 914.8 671.0 353.4 636.9 394.7 465.3 131.5 372.7 317.7 380.4 216.8 251.3 172.5 765.5 288.3 426.6 250.8 810.7 19.7 606.8 561.9 431.7 279.8 838.2 726.5 961.4 762.2 773.1
1880.6 921.9 552.6 698.7 834.5 757.8 686.2 967.6 224.9 114.8 938.8 726.1 742.5 938.0 242.7 898.9 681.8 874.6 774.5 311.7 927.0 434.2 692.0 853.1 678.3 856.7 303.1 954.2 158.9 296.8 740.4 261.1 852.8 937.1 541.3 830.4 724.0 638.8 768.5 229.4 1082.3 595.3 431.7 944.1 205.6 1125.1 837.6 277.0 369.5 489.0 501.6 956.0 415.1 842.2 420.4 281.7 662.0 702.4 828.4 514.6 949.9 369.1 797.2 15.4 952.4 327.5 968.4 738.9 23.9 154.5 720.7 442.4 338.4 162.4 1068.5 383.4 1154.2 186.3 474.5 732.7 419.3 289.1 740.5 767.3 359.7 883.3 464.2 955.6 947.7 614.9 910.0 0.0 846.1 73.2 374.1 352.1 466.9 425.6 436.4 441.1 1092.6 893.1 1018.1 916.2 680.0 506.3 285.8 776.5 295.1 1060.9 171.3 277.4 608.7 569.4 392.6 452.7 543.5 506.9 685.7 359.9 429.7 883.1 786.2 924.8 1042.8 458.0 949.3 250.4 999.9 927.0 958.0 1102.0 500.5 262.9 271.3 187.1 522.5 948.1 383.8 1027.0 474.1 1111.5 910.1 585.5 896.3 710.3 947.3 892.3 275.4 712.9 742.8 317.6 960.7 1000.3 900.7 183.9 783.0 505.0 936.0 225.0 310.4 717.3 727.3 883.6 609.2 947.1 912.3 880.8 744.3 1126.9 646.8 735.3 408.5 896.2 796.6 936.0 450.1 929.8 532.8 705.8 570.9 671.4 228.9 365.9 271.6 211.1 628.2
1932.7 512.3 834.4 623.4 684.8 381.0 674.7 817.9 879.8 845.8 789.1 714.6 875.1 788.3 749.8 489.3 672.2 465.0 460.6 1016.6 748.9 809.9 315.2 587.9 569.1 707.0 810.2 776.1 863.8 1001.7 363.6 768.2 443.2 787.4 701.3 680.7 514.8 342.9 391.7 799.3 672.7 520.0 596.2 534.5 746.3 715.5 603.4 784.1 745.2 649.0 783.4 546.4 790.8 692.5 580.4 851.6 586.7 690.9 42.7 475.1 800.2 744.8 113.6 902.3 802.7 834.6 719.3 294.4 945.2 829.0 709.2 689.2 714.1 836.9 658.9 759.1 744.6 824.8 740.6 418.8 795.0 994.0 206.3 100.6 866.8 733.6 746.0 805.9 798.0 587.5 500.4 921.3 0.0 875.7 749.8 859.2 626.9 801.3 812.1 816.8 683.0 643.8 608.5 766.5 366.1 666.3 627.4 517.9 865.0 651.3 856.4 784.5 688.2 729.4 768.3 570.9 670.8 882.6 610.4 735.6 589.7 705.0 548.6 775.1 633.2 739.8 799.6 955.3 583.3 482.5 808.3 692.4 598.2 832.8 976.2 892.0 682.5 798.4 530.6 617.4 634.1 701.9 760.4 745.5 718.2 524.0 740.0 742.6 980.3 198.7 298.3 1022.5 782.6 685.0 722.6 822.4 373.4 665.0 786.3 929.9 686.1 203.1 652.0 623.8 597.7 537.5 762.6 731.1 227.5 717.3 350.9 325.7 784.2 746.5 559.0 751.3 825.8 520.2 739.2 694.3 424.1 357.5 853.3 741.6 976.5 777.3 788.2
1855.6 890.6 521.3 667.4 803.2 726.5 654.9 936.3 153.6 41.5 907.5 694.8 711.2 906.7 211.4 867.6 652.4 843.3 743.2 238.4 895.7 402.9 660.7 821.8 647.0 825.4 271.8 922.9 85.6 223.5 709.1 229.8 821.5 905.8 510.0 799.1 692.7 607.5 737.2 198.1 1051.0 564.0 400.4 912.8 174.3 1093.8 806.3 245.7 338.2 457.7 470.3 924.7 383.8 810.9 389.1 250.4 630.7 671.1 797.1 483.3 918.6 337.8 765.9 75.0 921.1 296.2 937.1 707.6 117.9 81.2 689.4 411.1 307.1 89.1 1037.2 352.1 1122.9 127.5 443.2 701.4 388.0 215.8 709.2 736.0 328.4 852.0 432.9 924.3 916.4 583.6 878.7 94.0 814.8 0.0 342.8 320.8 435.6 394.3 405.1 409.8 1061.3 861.8 986.8 884.9 648.7 475.0 254.5 745.2 263.8 1029.6 112.3 246.1 577.4 538.1 361.3 421.4 512.2 475.6 654.4 328.6 398.4 851.8 754.9 893.5 1011.5 426.7 918.0 177.1 968.6 895.7 926.7 1070.7 469.2 231.6 198.0 113.8 491.2 916.8 352.5 995.7 442.8 1080.2 878.8 554.2 865.0 679.0 916.0 861.0 202.1 681.6 711.5 244.3 929.4 969.0 869.4 152.6 752.5 477.6 904.7 151.7 279.1 686.0 696.0 852.3 577.9 915.8 881.0 849.5 713.0 1095.6 615.5 704.0 373.6 864.9 765.3 904.7 418.8 898.5 501.5 674.5 539.6 640.1 197.6 334.6 198.3 176.1 596.9
2104.4 694.6 178.4 556.2 460.3 667.1 312.0 593.4 355.5 321.5 564.6 351.9 432.4 563.8 225.5 712.3 309.5 688.0 608.9 492.3 552.8 186.3 551.2 478.9 336.3 482.5 285.9 580.0 339.5 477.4 599.6 243.9 666.2 562.9 180.1 456.2 309.5 498.0 656.4 275.0 772.8 429.3 272.9 757.5 222.0 815.6 463.4 259.8 10.3 206.7 127.4 769.4 167.2 468.0 176.0 327.3 456.7 328.2 687.6 373.8 575.7 121.2 656.4 378.0 578.2 310.3 594.2 598.1 420.9 304.7 346.5 68.2 90.5 312.6 759.0 135.5 844.7 300.5 100.3 567.1 37.4 469.7 599.7 626.5 342.5 509.1 90.0 581.4 573.5 240.7 706.1 397.0 705.3 351.4 0.0 334.9 237.0 177.7 188.5 193.2 783.1 518.9 831.5 542.0 514.4 197.5 165.8 362.0 340.7 763.4 332.1 260.2 234.5 252.6 144.7 293.9 169.3 196.8 400.0 139.7 167.0 508.9 371.7 550.6 745.3 83.8 575.1 431.0 813.3 786.2 583.8 792.5 382.4 308.5 451.9 367.7 116.3 573.9 243.0 729.5 191.8 802.0 535.9 268.7 522.1 299.9 573.1 518.1 456.0 572.1 602.0 498.2 586.5 626.1 526.5 298.1 643.0 192.1 561.8 405.6 103.2 576.5 584.8 509.4 235.0 760.5 538.1 506.6 603.5 817.4 506.0 594.5 157.0 522.0 382.1 561.8 202.2 687.1 158.6 331.6 430.1 505.8 329.0 55.8 452.2 253.0 311.4
2091.4 871.7 502.4 648.5 784.3 707.6 636.0 917.4 338.7 308.5 888.6 675.9 692.3 887.8 112.3 848.7 631.6 824.4 724.3 479.3 876.8 384.0 641.8 802.9 624.3 802.7 115.0 904.0 326.5 464.4 690.2 128.6 802.6 886.9 491.1 776.4 673.8 588.6 718.3 262.0 1032.1 545.1 377.7 893.9 209.0 1074.9 787.4 144.5 319.3 438.8 451.4 905.8 361.1 792.0 370.2 314.3 611.8 652.2 778.2 464.4 899.7 318.9 747.0 365.0 902.2 17.5 918.2 688.7 407.9 291.7 666.7 392.2 288.2 299.6 1018.3 329.4 1104.0 287.5 424.3 676.8 369.1 456.7 690.3 717.1 73.8 833.1 414.0 905.4 897.5 560.9 859.8 384.0 792.1 338.4 323.9 0.0 416.7 375.4 386.2 390.9 1042.4 842.9 967.9 866.0 629.8 456.1 235.6 726.3 327.7 1010.7 315.3 194.3 555.6 519.1 345.1 402.5 489.5 456.7 635.5 309.7 379.5 832.9 736.0 874.6 992.6 407.8 899.1 418.1 949.7 876.8 907.8 1051.8 450.3 291.7 438.9 354.7 472.3 897.9 333.6 976.8 423.9 1061.3 859.9 535.3 842.3 660.1 897.1 842.1 443.0 658.9 692.6 485.2 906.7 952.5 850.5 285.1 732.8 454.8 882.0 392.6 256.4 667.1 677.1 833.4 559.0 896.9 862.1 826.8 691.5 1076.7 596.6 685.1 358.3 846.0 746.4 882.0 399.9 879.6 482.6 655.6 520.7 621.2 316.0 315.7 435.4 243.7 578.0
2182.3 655.5 340.5 432.3 622.4 491.4 474.1 755.5 433.4 399.4 726.7 514.0 671.8 725.9 303.4 632.5 471.6 608.2 508.1 570.2 714.9 363.5 425.6 641.0 411.9 644.6 363.8 742.1 417.4 555.3 474.0 321.8 586.4 725.0 207.4 618.3 471.6 372.4 502.1 352.9 815.9 328.9 147.3 677.7 299.9 858.7 625.5 337.7 298.8 88.8 289.5 689.6 344.4 630.1 50.4 405.2 395.6 490.3 562.0 248.2 737.8 298.4 530.8 455.9 740.3 388.2 756.3 472.5 498.8 382.6 508.6 195.3 267.7 390.5 802.1 312.7 887.8 378.4 262.4 466.3 297.3 547.6 474.1 500.9 420.4 671.2 252.1 743.5 735.6 402.8 643.6 474.9 579.7 429.3 303.4 412.8 0.0 354.9 365.7 370.4 826.2 681.0 751.7 704.1 413.6 106.1 181.0 524.1 418.6 794.5 410.0 338.1 396.6 173.3 321.9 168.3 331.4 436.2 419.3 289.2 41.4 671.0 533.8 712.7 776.4 245.9 737.2 508.9 733.5 660.6 745.9 835.6 256.8 386.4 529.8 445.6 188.6 736.0 117.4 760.6 73.9 845.1 698.0 189.4 684.2 462.0 735.2 680.2 533.9 446.5 476.4 576.1 748.6 788.2 688.6 376.0 517.4 111.5 723.9 483.5 239.7 450.9 460.9 671.5 397.1 680.7 700.2 668.7 477.9 860.5 380.4 468.9 334.2 684.1 544.2 723.9 379.4 663.4 320.7 493.7 304.5 405.0 406.9 295.2 530.1 330.9 232.1
2160.8 862.7 347.7 634.4 581.7 693.5 480.1 693.0 411.2 377.2 679.1 520.0 388.8 664.6 281.2 834.6 491.6 810.3 710.2 548.0 674.2 218.6 627.7 600.3 504.4 603.9 341.6 701.4 395.2 533.1 676.1 299.6 788.5 643.1 349.4 577.6 477.6 574.5 704.2 330.7 882.3 531.0 367.4 879.8 277.7 925.1 584.8 315.5 164.6 376.0 296.7 891.7 41.2 606.8 345.3 383.0 624.8 472.9 764.1 450.3 676.5 96.1 732.9 433.7 658.4 366.0 703.7 674.6 476.6 360.4 514.6 237.5 133.9 368.3 868.5 82.2 954.2 356.2 269.6 668.4 214.4 525.4 676.2 703.0 398.2 623.6 259.3 690.9 694.9 408.8 845.7 452.7 781.8 407.1 169.2 390.6 402.6 0.0 10.7 225.5 892.6 640.3 953.8 603.1 615.7 366.8 221.5 530.1 396.4 887.1 387.8 315.9 402.6 421.9 141.4 388.4 337.4 153.2 568.1 195.4 336.3 630.3 539.8 672.0 901.5 253.1 634.7 486.7 935.6 862.7 643.4 902.0 436.2 364.2 507.6 423.4 285.6 688.4 319.5 853.2 361.1 911.5 595.5 438.0 643.5 468.0 682.6 626.5 511.7 648.6 678.5 553.9 707.9 735.6 647.9 353.8 719.5 361.4 671.3 461.3 158.9 653.0 663.0 630.8 403.1 882.8 652.6 621.1 680.0 926.9 582.5 671.0 51.1 621.5 550.2 671.3 234.5 855.2 327.9 499.7 506.6 607.1 384.7 161.0 507.9 308.7 480.7
2173.7 851.9 336.9 623.6 570.9 682.7 469.3 682.2 400.4 366.4 668.3 509.2 378.0 653.8 270.4 823.8 480.8 799.5 699.4 537.2 663.4 207.8 616.9 589.5 493.6 593.1 330.8 690.6 384.4 522.3 665.3 288.8 777.7 632.3 338.6 566.8 466.8 563.7 693.4 319.9 871.5 520.2 356.6 869.0 266.9 914.3 574.0 304.7 153.8 365.2 285.9 880.9 30.4 596.0 334.5 372.2 614.0 462.1 753.3 439.5 665.7 85.3 722.1 422.9 647.6 355.2 692.9 663.8 465.8 349.6 503.8 226.7 123.1 357.5 857.7 71.4 943.4 345.4 258.8 657.6 203.6 514.6 665.4 692.2 387.4 612.8 248.5 680.1 684.1 398.0 834.9 441.9 771.0 396.3 158.4 379.8 391.8 12.8 0.0 214.7 881.8 629.5 943.0 592.3 604.9 356.0 210.7 519.3 385.6 876.3 377.0 305.1 391.8 411.1 130.6 377.6 326.6 142.4 557.3 184.6 325.5 619.5 529.0 661.2 890.7 242.3 623.9 475.9 924.8 851.9 632.6 891.2 425.4 353.4 496.8 412.6 274.8 677.6 308.7 842.4 350.3 900.7 584.7 427.2 632.7 457.2 671.8 615.7 500.9 637.8 667.7 543.1 697.1 724.8 637.1 343.0 708.7 350.6 660.5 450.5 148.1 642.2 652.2 620.0 392.3 872.0 641.8 610.3 669.2 916.1 571.7 660.2 40.3 610.7 539.4 660.5 223.7 844.4 317.1 488.9 495.8 596.3 373.9 150.2 497.1 297.9 469.9
2135.4 832.9 347.5 609.7 629.4 668.8 481.1 762.5 386.5 352.5 733.7 521.0 537.4 732.9 256.5 809.9 478.6 785.6 685.5 523.3 721.9 70.3 603.0 648.0 505.4 651.6 316.9 749.1 370.5 508.4 651.4 274.9 763.8 732.0 349.2 625.3 478.6 549.8 679.5 306.0 941.9 506.3 342.7 855.1 253.0 984.7 632.5 290.8 164.4 375.8 296.5 867.0 249.1 637.1 331.4 358.3 573.0 497.3 739.4 425.6 744.8 164.0 708.2 409.0 747.3 341.3 763.3 649.9 451.9 335.7 515.6 237.3 133.3 343.6 928.1 217.4 1013.8 331.5 269.4 643.7 214.2 500.7 651.5 678.3 373.5 678.2 259.1 750.5 742.6 409.8 821.0 428.0 757.1 382.4 169.0 365.9 377.9 259.6 270.4 0.0 952.2 688.0 929.1 711.1 591.0 366.6 196.8 531.1 371.7 932.5 363.1 291.2 403.6 421.7 106.4 363.7 338.4 301.8 569.1 170.7 336.1 678.0 540.8 719.7 914.4 252.9 744.2 462.0 910.9 838.0 752.9 961.6 411.5 339.5 482.9 398.7 285.4 743.0 294.8 898.6 360.9 971.1 705.0 437.8 691.2 469.0 742.2 687.2 487.0 623.9 653.8 529.2 755.6 795.2 695.6 329.1 694.8 361.2 730.9 436.6 134.2 628.3 638.3 678.5 404.1 858.1 707.2 675.7 655.3 986.5 557.8 646.3 238.9 691.1 551.2 730.9 86.2 840.8 327.7 500.7 481.9 582.4 360.0 160.8 483.2 284.0 480.5
2196.9 189.5 831.0 779.4 335.6 495.0 519.0 261.1 1065.8 1031.8 317.2 558.9 596.4 354.4 935.8 284.4 474.2 260.1 587.1 1202.6 506.4 995.9 429.2 446.3 559.5 400.5 996.2 533.6 1049.8 1187.7 477.6 954.2 256.6 303.3 887.3 339.7 505.2 460.4 505.7 985.3 10.3 652.5 782.2 329.6 932.3 60.5 417.0 970.1 797.6 835.0 780.0 341.5 880.7 327.9 766.4 1037.6 679.9 455.5 679.5 630.1 366.3 930.8 585.1 1088.3 294.4 1020.6 189.0 414.5 1131.2 1015.0 553.5 760.7 900.1 1022.9 56.1 945.1 61.5 1010.8 686.4 536.5 807.7 1180.0 511.0 615.3 1052.8 319.7 696.9 294.9 491.5 559.2 201.0 1107.3 697.2 1061.7 787.2 1045.2 812.9 899.6 886.7 1002.8 0.0 472.5 403.6 282.4 489.5 852.3 813.4 508.3 1051.0 167.2 1042.4 970.5 631.1 915.4 954.3 756.9 616.6 754.0 623.2 921.6 775.7 462.5 539.0 468.6 181.6 702.7 390.7 1141.4 385.4 485.9 399.4 9.3 784.2 1018.8 1162.2 1078.0 808.8 308.5 716.6 133.3 820.1 18.8 351.5 931.5 475.7 514.4 209.7 277.4 1166.3 550.1 418.4 1208.5 522.0 154.7 480.1 1008.4 325.5 851.0 275.3 1115.9 872.1 554.5 808.0 463.0 549.0 332.6 342.9 287.9 578.9 34.2 452.4 373.6 890.6 258.5 549.4 221.0 1011.8 182.0 685.0 538.6 632.8 480.9 1039.3 843.1 1162.5 963.3 974.2
2213.3 386.1 594.1 569.2 157.0 479.2 282.1 290.1 902.8 868.8 261.3 322.0 359.5 260.5 772.8 481.0 237.3 456.7 421.0 1039.6 221.1 729.8 545.0 56.0 349.3 179.2 833.2 248.3 886.8 1024.7 496.6 791.2 453.2 259.6 635.7 152.9 295.0 418.5 468.5 822.3 469.5 442.3 619.2 526.2 769.3 512.3 75.6 807.1 560.7 672.0 543.1 538.1 643.8 164.7 603.4 874.6 469.7 218.6 590.1 467.1 272.4 664.7 558.9 925.3 274.9 857.6 290.9 518.6 968.2 852.0 316.6 523.8 634.0 859.9 455.7 679.0 541.4 847.8 449.5 379.2 570.8 1017.0 502.2 529.0 889.8 205.8 460.0 278.1 270.2 322.3 397.6 944.3 607.8 898.7 550.3 882.2 649.9 662.7 649.8 736.7 479.8 0.0 600.2 238.7 326.5 689.3 650.4 298.1 888.0 454.9 879.4 807.5 397.1 752.4 688.2 593.9 379.7 517.1 413.0 683.2 612.7 177.2 328.8 247.3 436.8 465.8 271.8 978.3 582.0 682.5 280.5 489.2 621.2 855.8 999.2 915.0 571.9 270.6 553.6 421.0 657.1 498.7 232.6 768.5 190.4 304.2 269.8 214.8 1003.3 474.6 522.5 1045.5 254.8 322.8 194.8 845.4 522.1 691.9 258.5 952.9 709.1 479.0 597.8 23.7 312.1 529.2 234.8 203.3 506.0 514.1 426.5 570.2 653.7 218.7 339.2 258.5 745.7 378.6 448.1 301.7 469.8 317.9 876.3 606.2 999.5 800.3 811.2
2069.4 195.3 851.8 707.3 548.9 392.9 641.3 474.4 963.7 929.7 530.5 681.2 809.7 567.7 833.7 108.4 638.8 132.7 485.0 1100.5 703.3 893.8 327.1 542.3 535.7 613.8 894.1 730.5 947.7 1085.6 375.5 852.1 154.5 516.6 785.2 553.0 481.4 358.3 403.6 883.2 355.7 603.9 680.1 100.9 830.2 398.5 557.8 868.0 829.1 732.9 800.8 61.3 874.7 541.2 664.3 935.5 670.6 657.5 577.4 528.0 579.6 828.7 483.0 986.2 507.7 918.5 402.3 312.4 1029.1 912.9 675.8 773.1 798.0 920.8 341.9 843.0 427.6 908.7 707.2 440.1 828.5 1077.9 408.9 513.2 950.7 533.0 717.7 508.2 704.8 554.1 183.4 1005.2 595.1 959.6 808.0 943.1 710.8 885.2 896.0 900.7 366.0 598.2 0.0 495.7 387.4 750.2 711.3 484.5 948.9 334.3 940.3 868.4 654.8 813.3 852.2 654.8 637.4 821.2 599.4 819.5 673.6 659.4 515.2 681.9 316.2 723.5 604.0 1039.2 156.7 257.2 612.7 375.4 682.1 916.7 1060.1 975.9 766.4 521.8 614.5 300.4 718.0 384.9 564.8 829.4 672.6 490.6 423.0 490.7 1064.2 448.0 316.3 1106.4 737.0 370.4 677.0 906.3 223.4 752.8 488.6 1013.8 770.0 452.4 735.9 578.2 564.3 70.2 556.2 501.2 479.4 400.3 350.3 271.5 864.5 471.8 525.6 434.3 909.7 203.2 705.8 660.9 530.7 378.8 937.2 825.5 1060.4 861.2 872.1
1974.5 306.2 576.9 620.6 81.5 605.8 264.9 89.8 881.8 847.8 110.0 304.8 342.3 100.3 751.8 401.1 220.1 376.8 547.6 1018.6 252.3 712.6 545.9 178.4 400.7 146.4 812.2 279.5 865.8 1003.7 594.3 770.2 373.3 39.9 618.5 85.6 373.9 545.1 595.1 801.3 279.1 493.7 711.3 446.3 748.3 321.9 162.9 786.1 543.5 645.1 525.9 458.2 604.4 73.8 614.4 853.6 521.1 201.4 716.7 593.7 112.2 647.5 685.5 904.3 55.2 836.6 100.5 531.2 947.2 831.0 299.4 506.6 616.8 838.9 265.3 661.8 351.0 826.8 432.3 505.8 553.6 996.0 628.8 655.6 868.8 65.6 442.8 87.7 237.4 305.1 317.7 923.3 734.4 877.7 533.1 861.2 675.4 623.3 610.4 719.5 289.4 218.4 520.3 0.0 453.1 635.9 692.1 426.4 867.0 283.9 858.4 786.5 379.9 691.0 671.0 732.3 362.5 477.7 464.4 666.0 605.4 208.4 436.1 214.5 298.3 448.6 136.6 957.3 502.1 602.6 145.3 298.8 747.8 834.8 978.2 894.0 554.7 101.3 680.2 250.0 630.2 308.3 97.4 707.1 221.6 364.3 79.4 23.3 982.3 601.2 535.1 1024.5 267.9 132.4 226.0 824.4 442.2 630.5 68.1 931.9 629.5 605.6 649.2 208.9 294.9 449.3 94.6 33.8 632.6 323.7 569.1 490.3 614.3 18.3 446.5 68.1 728.5 298.7 430.9 284.5 596.4 444.5 855.3 589.0 978.5 779.3 749.8
2039.5 296.7 564.1 384.9 363.7 152.6 353.6 496.8 641.3 607.3 468.0 393.5 554.0 467.2 511.3 273.7 351.1 249.4 94.4 778.1 427.8 571.4 218.4 266.8 248.0 385.9 571.7 455.0 625.3 763.2 170.0 529.7 227.6 466.3 462.8 359.6 193.7 157.0 141.9 560.8 457.1 281.5 357.7 318.9 507.8 499.9 282.3 545.6 506.7 410.5 513.1 330.8 552.3 371.4 341.9 613.1 348.2 369.8 328.6 205.6 479.1 506.3 297.4 663.8 481.6 596.1 497.6 257.1 706.7 590.5 388.1 450.7 475.6 598.4 443.3 520.6 529.0 586.3 419.5 52.6 540.8 755.5 240.7 267.5 628.3 412.5 430.0 484.8 476.9 266.4 284.8 682.8 346.3 637.2 511.3 620.7 388.4 562.8 573.6 578.3 467.4 322.7 392.9 445.4 0.0 427.8 388.9 196.8 626.5 435.7 617.9 546.0 367.1 490.9 529.8 332.4 349.7 533.5 311.7 497.1 351.2 383.9 227.5 454.0 417.6 435.8 478.5 716.8 374.7 475.2 487.2 476.8 359.7 594.3 737.7 653.5 444.0 477.3 292.1 401.8 395.6 486.3 439.3 507.0 397.1 202.9 476.5 421.5 741.8 213.1 261.0 784.0 461.5 471.8 401.5 583.9 302.0 430.4 465.2 691.4 447.6 217.5 413.5 302.7 276.6 321.9 441.5 410.0 244.5 501.7 165.0 253.5 542.1 425.4 237.9 465.2 587.3 304.6 418.1 373.2 208.3 8.6 614.8 503.1 738.0 538.8 549.7
2237.8 783.7 267.5 487.8 549.4 546.9 401.1 682.5 488.9 454.9 653.7 441.0 575.8 652.9 358.9 688.0 398.6 663.7 563.6 625.7 641.9 383.3 481.1 568.0 425.4 571.6 419.3 669.1 472.9 610.8 529.5 377.3 641.9 652.0 134.4 545.3 398.6 427.9 557.6 408.4 861.9 384.4 202.8 733.2 355.4 904.7 552.5 393.2 214.2 17.3 216.5 745.1 364.2 557.1 105.9 460.7 545.8 417.3 617.5 303.7 664.8 318.2 586.3 511.4 667.3 443.7 683.3 528.0 554.3 438.1 435.6 122.3 287.5 446.0 848.1 332.5 933.8 433.9 189.4 521.8 224.3 603.1 529.6 556.4 475.9 598.2 179.1 670.5 662.6 329.8 699.1 530.4 635.2 484.8 203.8 468.3 102.6 374.7 385.5 390.2 872.2 608.0 807.2 631.1 469.1 0.0 236.5 451.1 474.1 852.5 465.5 393.6 323.6 67.1 341.7 223.8 258.4 396.0 489.1 344.7 96.9 598.0 460.8 639.7 834.4 172.9 664.2 564.4 789.0 716.1 672.9 881.6 312.3 441.9 585.3 501.1 115.6 663.0 172.9 818.6 32.1 891.1 625.0 83.2 611.2 389.0 662.2 607.2 589.4 502.0 531.9 631.6 675.6 715.2 615.6 431.5 572.9 5.3 650.9 539.0 295.2 506.4 516.4 598.5 324.1 736.2 627.2 595.7 533.4 906.5 435.9 524.4 354.0 611.1 471.2 650.9 399.2 776.2 247.7 420.7 360.0 460.5 462.4 259.7 585.6 386.4 125.9
2001.2 636.0 300.8 412.8 582.7 471.9 434.4 715.8 252.3 218.3 687.0 474.3 490.7 686.2 122.3 613.0 431.9 588.7 488.6 389.1 675.2 182.4 406.1 601.3 392.4 604.9 182.7 702.4 236.3 374.2 454.5 140.7 566.9 685.3 255.4 578.6 431.9 352.9 482.6 171.8 796.4 309.4 145.8 658.2 118.8 839.2 585.8 156.6 117.7 203.1 249.8 670.1 163.3 590.4 134.5 224.1 376.1 450.6 542.5 228.7 698.1 117.3 511.3 274.8 700.6 207.1 716.6 453.0 317.7 201.5 468.9 190.6 86.6 209.4 782.6 131.6 868.3 197.3 222.7 446.8 167.5 366.5 454.6 481.4 239.3 631.5 212.4 703.8 695.9 363.1 624.1 293.8 560.2 248.2 122.3 231.7 181.0 173.8 184.6 189.3 806.7 641.3 732.2 664.4 394.1 220.4 0.0 484.4 237.5 775.0 228.9 157.0 356.9 283.5 140.8 166.8 291.7 255.1 399.8 108.1 143.8 631.3 494.1 673.0 756.9 206.2 697.5 327.8 714.0 641.1 706.2 816.1 214.6 205.3 348.7 264.5 238.7 696.3 97.9 741.1 188.2 825.6 658.3 299.6 644.5 422.3 695.5 640.5 352.8 427.0 456.9 395.0 708.9 748.5 648.9 194.9 497.9 223.0 684.2 302.4 58.6 431.4 441.4 631.8 357.4 661.2 660.5 629.0 458.4 841.0 360.9 449.4 153.1 644.4 504.5 684.2 198.3 643.9 281.0 454.0 285.0 385.5 225.8 114.1 349.0 149.8 342.3
2171.7 377.4 432.1 335.9 344.3 349.9 221.6 477.4 773.5 739.5 448.6 261.5 422.0 447.8 643.5 395.1 219.1 370.8 291.7 910.3 408.4 567.8 415.7 247.4 116.0 366.5 703.9 435.6 757.5 895.4 367.3 661.9 349.0 446.9 473.7 340.2 61.7 289.2 339.2 693.0 467.6 209.0 489.9 440.3 640.0 510.4 262.9 677.8 398.7 542.7 381.1 452.2 548.7 352.0 474.1 745.3 236.4 237.8 460.8 337.8 459.7 502.7 429.6 796.0 462.2 728.3 478.2 389.3 838.9 722.7 256.1 361.8 472.0 730.6 453.8 517.0 539.5 718.5 287.5 249.9 408.8 887.7 372.9 399.7 760.5 393.1 298.0 465.4 457.5 134.4 388.9 815.0 478.5 769.4 388.3 752.9 520.6 559.2 534.2 574.7 477.9 303.3 514.3 426.0 197.2 491.1 521.1 0.0 758.7 446.2 750.1 678.2 235.1 546.2 526.2 464.6 217.7 401.5 179.7 521.2 483.4 364.5 30.6 434.6 428.1 303.8 459.1 849.0 496.1 596.6 467.8 487.3 491.9 726.5 869.9 785.7 409.9 457.9 424.3 412.3 527.8 496.8 419.9 562.3 377.7 70.9 457.1 402.1 874.0 345.3 393.2 916.2 442.1 482.3 382.1 716.1 434.2 485.7 445.8 823.6 484.7 349.7 364.5 283.3 144.6 443.3 422.1 390.6 376.7 512.2 297.2 385.7 538.5 406.0 41.0 445.8 583.7 369.9 286.1 241.2 340.5 188.6 747.0 444.2 870.2 671.0 605.0
2023.3 906.4 537.1 683.2 819.0 742.3 670.7 952.1 274.4 240.4 923.3 710.6 727.0 922.5 227.2 883.4 668.2 859.1 759.0 411.2 911.5 418.7 676.5 837.6 662.8 841.2 287.6 938.7 258.4 396.3 724.9 245.6 837.3 921.6 525.8 814.9 708.5 623.3 753.0 69.8 1066.8 579.8 416.2 928.6 190.1 1109.6 822.1 261.5 354.0 473.5 486.1 940.5 399.6 826.7 404.9 59.0 646.5 686.9 812.9 499.1 934.4 353.6 781.7 296.9 936.9 312.0 952.9 723.4 339.8 223.6 705.2 426.9 322.9 231.5 1053.0 367.9 1138.7 219.4 459.0 717.2 403.8 388.6 725.0 751.8 344.2 867.8 448.7 940.1 932.2 599.4 894.5 315.9 830.6 270.3 358.6 336.6 451.4 410.1 420.9 425.6 1077.1 877.6 1002.6 900.7 664.5 490.8 270.3 761.0 0.0 1045.4 251.0 261.9 593.2 553.9 377.1 437.2 528.0 491.4 670.2 344.4 414.2 867.6 770.7 909.3 1027.3 442.5 933.8 349.9 984.4 911.5 942.5 1086.5 485.0 50.0 370.8 286.6 507.0 932.6 368.3 1011.5 458.6 1096.0 894.6 570.0 880.8 694.8 931.8 876.8 374.9 697.4 727.3 417.1 945.2 984.8 885.2 217.0 768.3 493.4 920.5 324.5 294.9 701.8 711.8 868.1 593.7 931.6 896.8 865.3 728.8 1111.4 631.3 719.8 389.4 880.7 781.1 920.5 434.6 914.3 517.3 690.3 555.4 655.9 247.9 350.4 371.1 92.3 612.7
2135.1 127.7 813.8 717.6 340.0 433.2 523.4 265.5 1004.0 970.0 321.6 563.3 600.8 358.8 874.0 222.6 478.6 198.3 525.3 1140.8 510.8 934.1 367.4 384.5 497.7 404.9 934.4 538.0 988.0 1125.9 415.8 892.4 194.8 307.7 825.5 344.1 443.4 398.6 443.9 923.5 146.8 590.7 720.4 267.8 870.5 189.6 400.0 908.3 780.4 773.2 762.8 279.7 915.0 332.3 704.6 975.8 618.1 459.9 617.7 568.3 370.7 869.0 523.3 1026.5 298.8 958.8 193.4 352.7 1069.4 953.2 557.9 743.5 838.3 961.1 133.0 883.3 218.7 949.0 669.2 480.4 790.5 1118.2 449.2 553.5 991.0 324.1 679.7 299.3 495.9 516.1 139.2 1045.5 635.4 999.9 770.0 983.4 751.1 925.5 936.3 941.0 157.1 440.4 341.8 286.8 427.7 790.5 751.6 446.5 989.2 0.0 980.6 908.7 616.8 853.6 892.5 695.1 599.4 758.4 561.4 859.8 713.9 466.9 477.2 473.0 68.1 685.5 395.1 1079.5 323.6 424.1 403.8 166.5 722.4 957.0 1100.4 1016.2 806.7 312.9 654.8 33.8 758.3 176.0 355.9 869.7 480.1 452.6 214.1 281.8 1104.5 488.3 356.6 1146.7 526.4 161.5 484.5 946.6 263.7 793.1 279.7 1054.1 810.3 492.7 746.2 420.4 526.3 270.8 347.3 292.3 519.7 191.4 390.6 311.8 904.8 262.9 487.6 225.4 950.0 120.2 667.8 543.0 571.0 419.1 977.5 825.9 1100.7 901.5 912.4
1911.4 906.9 537.6 683.7 819.5 742.8 671.2 952.6 132.0 85.4 923.8 711.1 727.5 923.0 227.7 883.9 666.8 859.6 759.5 256.2 912.0 419.2 677.0 838.1 663.3 841.7 288.1 939.2 103.4 241.3 725.4 246.1 837.8 922.1 526.3 815.4 709.0 623.8 753.5 214.4 1067.3 580.3 416.7 929.1 190.6 1110.1 822.6 262.0 354.5 474.0 486.6 941.0 400.1 827.2 405.4 266.7 647.0 687.4 813.4 499.6 934.9 354.1 782.2 200.6 937.4 312.5 953.4 723.9 201.9 68.6 705.7 427.4 323.4 76.5 1053.5 368.4 1139.2 105.9 459.5 712.0 404.3 233.6 725.5 752.3 344.7 868.3 449.2 940.6 932.7 599.9 895.0 219.6 831.1 125.5 359.1 337.1 451.9 410.6 421.4 426.1 1077.6 878.1 1003.1 901.2 665.0 491.3 270.8 761.5 280.1 1045.9 0.0 262.4 592.5 554.4 377.6 437.7 528.5 491.9 670.7 344.9 414.7 868.1 771.2 909.8 1027.8 443.0 934.3 194.9 984.9 912.0 943.0 1087.0 485.5 247.9 215.8 131.6 507.5 933.1 368.8 1012.0 459.1 1096.5 895.1 570.5 881.3 695.3 932.3 877.3 219.9 697.9 727.8 262.1 945.7 985.3 885.7 150.6 768.8 490.0 921.0 169.5 295.4 702.3 712.3 868.6 594.2 932.1 897.3 865.8 729.3 1111.9 631.8 720.3 393.5 881.2 781.6 921.0 435.1 914.8 517.8 690.8 555.9 656.4 195.6 350.9 216.1 192.4 613.2
2011.5 791.8 422.5 568.6 704.4 627.7 556.1 837.5 262.6 228.6 808.7 596.0 612.4 807.9 59.7 768.8 553.6 744.5 644.4 399.4 796.9 304.1 561.9 723.0 548.2 726.6 120.1 824.1 246.6 384.5 610.3 78.1 722.7 807.0 411.2 700.3 593.9 508.7 638.4 182.1 952.2 465.2 301.6 814.0 129.1 995.0 707.5 94.0 239.4 358.9 371.5 825.9 285.0 712.1 290.3 234.4 531.9 572.3 698.3 384.5 819.8 239.0 667.1 285.1 822.3 144.5 838.3 608.8 328.0 211.8 590.6 312.3 208.3 219.7 938.4 253.3 1024.1 207.6 344.4 602.6 289.2 376.8 610.4 637.2 176.7 753.2 334.1 825.5 817.6 484.8 779.9 304.1 716.0 258.5 244.0 169.1 336.8 295.5 306.3 311.0 962.5 763.0 888.0 786.1 549.9 376.2 155.7 646.4 247.8 930.8 239.2 0.0 475.7 439.2 265.2 322.6 413.4 376.8 555.6 229.8 299.6 753.0 656.1 794.7 912.7 327.9 819.2 338.1 869.8 796.9 827.9 971.9 370.4 215.6 359.0 274.8 392.4 818.0 253.7 896.9 344.0 981.4 780.0 455.4 766.2 580.2 817.2 762.2 363.1 582.8 612.7 405.3 830.6 872.6 770.6 205.2 652.9 378.8 805.9 312.7 180.3 587.2 597.2 753.5 479.1 817.0 782.2 750.7 611.6 996.8 516.7 605.2 274.8 766.1 666.5 805.9 320.0 799.7 402.7 575.7 440.8 541.3 236.1 235.8 359.3 160.1 498.1
2356.0 531.9 279.4 393.5 297.6 504.4 149.3 430.7 584.3 550.3 401.9 189.2 349.7 401.1 454.3 549.6 146.8 525.3 446.2 721.1 390.1 415.1 570.2 316.2 171.9 320.8 514.7 417.3 568.3 706.2 521.8 472.7 503.5 400.2 321.0 291.8 145.1 443.7 493.7 503.8 610.1 266.6 412.1 594.8 449.1 652.9 300.7 488.6 246.0 347.6 228.4 606.7 394.3 305.3 316.9 556.1 294.0 165.5 615.3 409.6 413.0 350.0 584.1 606.8 415.5 539.1 431.5 543.8 649.7 533.5 184.8 209.1 319.3 541.4 596.3 362.6 680.3 529.3 133.1 404.4 256.1 698.5 527.4 554.2 569.6 346.4 145.3 417.0 410.8 76.3 543.4 624.1 633.0 580.2 235.6 563.7 377.9 406.5 381.5 422.0 618.7 356.2 668.8 379.3 351.7 338.4 394.6 199.3 569.5 600.7 560.9 489.0 0.0 393.5 374.5 434.8 65.0 248.8 237.3 368.5 307.9 346.2 209.0 387.9 582.6 151.1 412.4 659.8 650.6 751.1 421.1 629.8 523.3 537.3 680.7 594.8 257.2 411.2 383.9 566.8 332.7 639.3 373.2 409.6 360.4 137.2 410.4 353.7 684.8 498.1 547.7 727.0 424.8 463.4 363.8 526.9 588.7 333.0 400.1 634.4 330.3 504.2 422.1 346.7 72.3 597.8 375.4 344.9 531.2 654.7 451.7 540.2 385.8 359.3 219.4 400.1 431.0 524.4 131.7 168.9 495.0 343.1 557.8 289.8 681.0 481.8 450.6
2254.0 799.9 283.7 504.0 565.6 563.1 417.3 698.7 505.1 471.1 669.9 457.2 592.0 669.1 375.1 704.2 412.9 679.9 579.8 641.9 658.1 399.5 497.3 584.2 441.6 587.7 435.5 685.3 489.1 627.0 545.7 393.5 658.1 668.2 150.6 561.5 414.7 444.1 573.8 424.6 878.1 400.6 218.9 749.4 371.5 920.9 568.7 409.4 230.4 65.5 232.7 761.3 380.3 573.2 122.1 476.9 562.0 433.5 633.7 319.9 681.0 334.4 602.5 527.6 683.5 459.9 699.5 544.2 570.5 454.3 451.8 138.5 303.7 462.2 864.3 348.7 949.9 450.1 205.5 532.3 240.5 619.3 545.8 572.6 492.1 614.4 195.3 686.6 678.8 345.9 715.3 546.6 651.4 501.0 220.0 477.8 132.1 390.9 401.7 406.4 888.4 624.2 823.4 647.3 485.3 48.2 252.7 467.3 490.3 868.7 481.7 409.8 336.9 0.0 360.6 240.0 274.6 412.2 505.3 360.9 113.1 614.2 477.0 655.9 850.6 189.1 680.4 580.6 805.2 732.3 689.1 897.8 328.5 458.0 601.5 517.2 131.8 679.2 189.1 834.8 80.4 907.3 641.2 16.0 627.3 405.2 678.4 623.3 605.6 518.2 548.1 647.8 691.8 733.8 631.8 447.7 588.3 38.9 667.1 555.2 311.3 522.6 532.6 614.7 340.3 752.4 643.4 611.8 547.0 922.7 452.1 540.6 373.8 627.3 487.4 667.1 415.4 792.4 263.8 436.9 376.2 476.7 478.6 275.8 601.7 406.3 58.7
2084.5 782.0 296.6 558.8 578.5 617.9 430.2 711.6 338.9 301.6 682.8 470.1 505.0 682.0 205.6 759.0 425.8 734.7 634.6 472.4 671.0 77.1 552.1 597.1 457.8 600.7 266.0 698.2 319.6 457.5 600.5 224.0 712.9 681.1 298.3 577.7 427.7 498.9 628.6 255.1 891.0 455.4 291.8 804.2 202.1 933.8 581.6 243.2 113.5 324.9 245.6 816.1 139.9 586.2 280.5 307.4 522.1 446.4 688.5 374.7 693.9 113.1 657.3 358.1 696.4 290.4 712.4 599.0 401.0 284.8 464.7 186.4 82.4 292.7 877.2 108.2 962.9 280.6 218.5 587.1 163.3 449.8 600.6 627.4 322.6 627.3 208.2 699.6 691.7 362.2 770.1 377.1 706.2 331.5 118.1 308.3 327.0 153.1 163.9 84.0 904.6 637.1 878.2 719.3 540.1 315.7 145.9 480.2 320.8 881.6 312.2 240.3 349.8 370.7 0.0 312.8 290.8 269.4 518.2 119.8 285.2 627.1 489.9 668.8 863.5 202.0 750.9 411.2 860.0 787.1 759.6 910.7 360.6 288.6 432.0 347.8 234.5 692.1 243.9 847.7 310.0 920.2 711.7 386.9 640.3 418.1 691.3 636.3 436.1 576.3 602.9 478.3 704.7 746.7 644.7 278.2 643.1 306.4 680.0 385.7 83.3 577.4 587.4 627.6 353.2 807.2 656.3 624.8 601.8 935.6 506.9 595.4 136.0 640.2 500.3 680.0 93.0 789.9 280.1 449.8 431.0 531.5 309.1 113.2 432.3 236.8 432.9
2174.0 574.6 363.2 351.4 645.1 410.5 496.8 778.2 426.6 392.6 749.4 536.7 671.5 748.6 296.6 551.6 494.3 527.3 427.2 563.4 737.6 356.7 344.7 554.5 331.0 667.3 357.0 764.8 410.6 548.5 393.1 315.0 505.5 747.7 230.1 641.0 376.7 291.5 421.2 346.1 735.0 248.0 25.2 596.8 293.1 777.8 570.0 330.9 309.9 177.8 312.2 608.7 337.6 652.8 109.2 398.4 314.7 513.0 481.1 167.3 760.5 291.6 449.9 449.1 763.0 381.4 779.0 391.6 492.0 375.8 531.3 218.0 260.9 383.7 721.2 305.9 806.9 371.6 285.1 385.4 320.0 540.8 393.2 420.0 413.6 693.9 274.8 766.2 758.3 425.5 562.7 468.1 498.8 422.5 299.5 406.0 155.7 348.1 358.9 363.6 745.3 610.4 670.8 726.8 332.7 195.1 174.2 429.2 411.8 713.6 403.2 331.3 419.3 258.2 315.1 0.0 354.1 429.4 338.4 282.4 118.5 693.7 438.9 735.4 695.5 268.6 759.9 502.1 652.6 579.7 768.6 754.7 127.0 379.6 523.0 438.8 211.3 758.7 90.6 679.7 162.9 764.2 720.7 274.3 706.9 363.0 757.9 702.9 527.1 365.6 395.5 569.3 771.3 749.7 711.3 369.2 436.5 197.7 746.6 476.7 232.9 370.0 380.0 590.4 419.8 599.8 722.9 691.4 397.0 779.6 299.5 388.0 327.4 706.8 449.3 746.6 372.6 582.5 343.4 516.4 223.6 324.1 400.1 288.4 523.3 324.1 317.0
2290.9 525.2 214.3 386.8 290.9 497.7 142.6 424.0 519.2 485.2 395.2 182.5 343.2 394.4 389.2 542.9 138.2 518.6 439.5 656.0 383.4 350.0 563.5 309.5 166.9 313.1 449.6 410.6 503.2 641.1 515.1 407.6 496.8 393.5 255.9 286.8 140.1 437.0 487.0 438.7 603.4 259.9 348.7 588.1 385.7 646.2 294.0 423.5 180.9 282.5 163.3 600.0 330.9 298.6 251.8 491.0 287.3 158.8 608.6 402.9 406.3 284.9 577.4 541.7 408.8 474.0 424.8 537.1 584.6 468.4 177.1 144.0 254.2 476.3 589.6 299.2 675.3 464.2 69.7 392.0 191.0 633.4 520.7 547.5 506.2 339.7 80.2 412.0 404.1 71.3 536.7 560.7 626.3 515.1 170.5 498.6 312.8 341.4 316.4 356.9 613.7 349.5 662.1 372.6 345.0 273.3 329.5 192.6 504.4 594.0 495.8 423.9 65.1 328.4 308.4 369.7 0.0 183.7 230.6 303.4 242.8 339.5 202.3 381.2 575.9 86.0 405.7 594.7 643.9 744.4 414.4 623.1 458.2 472.2 615.6 531.4 192.1 404.5 318.8 560.1 267.6 632.6 366.5 344.5 352.7 130.5 403.7 348.7 619.7 493.1 541.0 661.9 417.1 456.7 357.1 461.8 581.2 264.0 392.4 569.3 266.9 497.5 415.4 340.0 65.6 591.1 368.7 337.2 521.9 648.0 445.0 533.5 320.7 352.6 212.7 392.4 365.9 517.7 68.3 162.2 488.3 336.4 492.7 226.4 615.9 416.7 387.2
2183.2 709.4 352.0 571.0 428.4 681.9 326.8 539.7 496.6 462.6 525.8 366.7 235.5 511.3 366.6 727.1 338.3 702.8 623.7 633.4 520.9 304.0 713.1 447.0 351.1 450.6 427.0 548.1 480.6 618.5 699.3 385.0 681.0 489.8 393.6 424.3 324.3 659.9 671.2 416.1 729.0 444.1 452.8 772.3 363.1 771.8 431.5 400.9 195.9 420.2 301.0 784.2 126.6 453.5 389.5 468.4 471.5 319.6 792.8 535.7 523.2 181.5 761.6 519.1 505.1 451.4 550.4 760.0 562.0 445.8 361.3 281.7 219.3 453.7 715.2 167.6 800.9 441.6 207.4 581.9 168.4 610.8 704.9 731.7 483.6 470.3 217.9 537.6 541.6 255.5 720.9 538.1 810.5 492.5 198.2 476.0 450.5 145.5 132.6 310.9 739.3 487.0 846.3 449.8 529.2 411.0 306.9 376.8 481.8 733.8 473.2 401.3 249.3 466.1 226.8 473.8 184.1 0.0 414.8 280.8 380.5 477.0 386.5 518.7 748.2 223.7 481.4 572.1 828.1 928.6 490.1 748.7 521.6 449.6 593.0 508.8 329.8 535.1 404.9 699.9 405.3 758.2 442.2 482.2 490.2 314.7 529.3 473.2 597.1 677.3 763.9 639.3 554.6 582.3 494.6 439.2 804.9 405.6 518.0 546.7 244.3 681.7 599.6 477.5 249.8 775.3 499.3 467.8 708.7 773.6 667.9 756.4 136.5 468.2 396.9 518.0 319.9 701.9 206.0 346.4 592.0 520.6 470.1 144.2 593.3 394.1 524.9
2240.0 504.4 482.2 217.2 420.0 476.9 271.7 553.1 643.6 609.6 524.3 311.6 472.1 523.5 513.6 522.1 269.2 497.8 418.7 780.4 512.5 573.7 410.7 374.4 73.6 442.2 574.0 539.7 627.6 765.5 494.3 532.0 476.0 522.6 465.1 415.9 119.3 357.5 466.2 563.1 594.6 90.3 360.0 567.3 510.1 637.4 389.9 547.9 448.8 412.8 431.2 579.2 554.6 427.7 344.2 615.4 117.7 287.9 587.8 233.3 535.4 508.6 556.6 666.1 537.9 598.4 553.9 457.6 709.0 592.8 306.2 453.0 477.9 600.7 580.8 522.9 666.5 588.6 337.6 376.9 458.9 757.8 499.9 526.7 630.6 468.8 348.1 541.1 533.2 184.5 515.9 685.1 605.5 639.5 438.4 623.0 390.7 565.1 575.9 580.6 604.9 430.3 641.3 501.7 324.2 430.1 391.2 171.8 628.8 573.2 620.2 548.3 285.2 493.2 532.1 334.7 267.8 451.6 0.0 499.4 353.5 468.6 181.5 510.3 555.1 353.9 534.8 719.1 623.1 645.7 543.5 614.3 362.0 596.6 740.0 655.8 446.3 533.6 294.4 539.3 397.9 623.8 495.6 509.3 481.8 105.6 532.8 477.8 744.1 472.3 461.5 786.3 546.2 585.8 486.2 586.2 502.5 432.7 521.5 693.7 449.9 476.7 245.8 410.3 194.7 570.3 497.8 466.3 503.7 639.2 365.5 454.0 544.4 481.7 191.9 521.5 589.6 496.9 336.2 291.3 289.6 315.6 617.1 505.4 740.3 541.1 552.0
2046.8 744.3 294.8 521.1 576.7 580.2 428.4 709.8 297.9 263.9 681.0 468.3 484.7 680.2 167.9 721.3 425.9 697.0 596.9 434.7 669.2 176.4 514.4 595.3 452.7 598.9 228.3 696.4 281.9 419.8 562.8 186.3 675.2 679.3 296.5 572.6 425.9 461.2 590.9 217.4 889.2 417.7 254.1 766.5 164.4 932.0 579.8 202.2 111.7 311.4 243.8 778.4 157.3 584.4 242.8 269.7 484.4 444.6 650.8 337.0 692.1 111.3 619.6 320.4 694.6 252.7 710.6 561.3 363.3 247.1 462.9 184.6 80.6 255.0 875.4 125.6 961.1 242.9 216.7 555.1 161.5 412.1 562.9 589.7 284.9 625.5 206.4 697.8 689.9 357.1 732.4 339.4 668.5 293.8 116.3 277.3 289.3 167.8 178.6 183.3 899.5 635.3 840.5 658.4 502.4 328.7 108.2 478.4 283.1 883.3 274.5 202.6 350.9 369.0 134.8 275.1 285.7 249.1 508.1 0.0 252.1 625.3 488.1 667.0 865.2 200.2 691.5 373.4 822.3 749.4 700.2 908.9 322.9 250.9 394.3 310.1 232.7 690.3 206.2 849.4 296.5 918.4 652.3 385.1 638.5 416.3 689.5 634.5 398.4 535.3 565.2 440.6 702.9 742.5 642.9 240.5 606.2 308.5 678.2 348.0 45.6 539.7 549.7 625.8 351.4 769.5 654.5 623.0 566.7 933.8 469.2 557.7 147.1 638.4 498.5 678.2 192.3 752.2 275.0 448.0 393.3 493.8 271.4 108.1 394.6 195.4 427.8
2140.8 614.0 244.6 390.8 526.5 449.9 378.2 659.6 391.9 357.9 630.8 418.1 552.9 630.0 261.9 591.0 375.7 566.7 466.6 528.7 619.0 322.0 384.1 545.1 402.5 548.7 322.3 646.2 375.9 513.8 432.5 280.3 544.9 629.1 111.5 522.4 375.7 330.9 460.6 311.4 839.0 287.4 105.8 636.2 258.4 881.8 529.6 296.2 191.3 59.2 193.6 648.1 302.9 534.2 8.9 363.7 354.1 394.4 520.5 206.7 641.9 256.9 489.3 414.4 644.4 346.7 660.4 431.0 457.3 341.1 412.7 99.4 226.2 349.0 825.2 271.2 910.9 336.9 166.5 424.8 201.4 506.1 432.6 459.4 378.9 575.3 156.2 647.6 639.7 306.9 602.1 433.4 538.2 387.8 180.9 371.3 37.1 313.4 324.2 328.9 849.3 585.1 710.2 608.2 372.1 76.5 139.5 428.2 377.1 753.0 368.5 296.6 300.7 139.6 280.4 126.8 235.5 373.1 466.2 247.7 0.0 575.1 437.9 616.8 734.9 150.0 641.3 467.4 692.0 619.1 650.0 858.7 215.3 344.9 488.3 404.1 92.7 640.1 75.9 719.1 44.3 868.2 602.1 155.7 588.3 366.1 639.3 584.3 492.4 405.0 434.9 534.6 652.7 692.3 592.7 334.5 475.9 79.1 628.0 442.0 198.2 409.4 419.4 575.6 301.2 639.2 604.3 572.8 436.4 883.6 338.9 427.4 292.7 588.2 448.3 628.0 337.9 621.9 224.8 397.8 263.0 363.5 365.4 236.8 488.6 289.4 198.4
2174.6 457.9 555.4 599.1 118.3 555.9 243.4 251.4 860.3 826.3 222.6 283.3 320.8 221.8 730.3 552.8 198.6 528.5 497.7 997.1 43.8 691.1 621.7 128.5 379.2 106.3 790.7 71.0 844.3 982.2 573.3 748.7 525.0 220.9 597.0 114.2 352.4 495.2 545.2 779.8 430.8 472.2 689.8 598.0 726.8 473.6 113.0 764.6 522.0 623.6 504.4 609.9 605.1 126.0 592.9 832.1 499.6 179.9 666.8 543.8 233.7 626.0 635.6 882.8 236.2 815.1 252.2 595.3 925.7 809.5 277.9 485.1 595.3 817.4 417.0 640.3 502.7 805.3 410.8 455.9 532.1 974.5 578.9 605.7 847.3 167.1 421.3 239.4 91.3 283.6 469.4 901.8 684.5 856.2 511.6 839.7 653.9 624.0 611.1 698.0 441.1 168.5 672.0 200.0 403.2 614.4 727.1 374.8 845.5 435.6 836.9 765.0 358.4 669.5 649.5 670.6 341.0 478.4 442.9 644.5 583.9 0.0 414.6 68.4 450.0 427.1 233.1 935.8 653.8 754.3 241.8 450.5 697.9 813.3 956.7 872.5 533.2 231.9 630.3 401.7 608.7 460.0 193.9 685.6 11.4 342.8 231.1 176.1 960.8 551.3 599.2 1003.0 77.5 284.1 17.5 802.9 593.9 609.0 219.8 910.4 608.0 555.7 627.7 159.0 273.4 601.0 196.1 164.6 582.7 475.4 503.2 642.0 615.0 180.0 425.0 219.8 707.0 450.4 409.4 263.0 546.5 394.6 833.8 567.5 957.0 757.8 728.3
2192.8 398.5 452.2 356.0 365.4 371.0 241.7 498.5 794.6 760.6 469.7 281.6 442.1 468.9 664.6 416.2 239.2 391.9 312.8 931.4 429.5 587.9 436.8 268.5 136.1 387.6 725.0 456.7 778.6 916.5 388.4 683.0 370.1 468.0 493.8 361.3 81.8 310.3 360.3 714.1 488.7 229.1 511.0 461.4 661.1 531.5 284.0 698.9 418.8 563.8 401.2 473.3 568.8 373.1 495.2 766.4 256.5 257.9 481.9 358.9 480.8 522.8 450.7 817.1 483.3 749.4 499.3 410.4 860.0 743.8 276.2 381.9 492.1 751.7 474.9 537.1 560.6 739.6 307.6 271.0 428.9 908.8 394.0 420.8 781.6 414.2 318.1 486.5 478.6 154.5 410.0 836.1 499.6 790.5 408.4 774.0 541.7 579.3 554.3 594.8 499.0 324.4 535.4 447.1 218.3 511.2 542.2 21.0 779.8 467.3 771.2 699.3 255.2 566.3 546.3 485.7 237.8 421.6 199.8 541.3 504.5 385.6 0.0 455.7 449.2 323.9 480.2 870.1 517.2 617.7 488.9 508.4 513.0 747.6 891.0 806.8 430.0 479.0 445.4 433.4 548.9 517.9 441.0 582.4 398.8 91.0 478.2 423.2 895.1 366.4 414.3 937.3 463.2 503.4 403.2 737.2 455.3 505.8 466.9 844.7 504.8 370.8 384.6 304.4 164.7 464.4 443.2 411.7 397.8 533.3 318.3 406.8 558.6 427.1 10.3 466.9 603.8 391.0 306.2 261.3 361.6 209.7 768.1 464.3 891.3 692.1 625.1
2191.3 474.6 607.7 651.4 135.0 636.3 295.7 268.1 912.6 878.6 239.3 335.6 373.1 238.5 782.6 569.5 250.9 545.2 578.1 1049.4 94.9 743.4 714.3 208.9 431.5 80.1 843.0 121.6 896.6 1034.5 653.7 801.0 541.7 237.6 649.3 130.9 404.7 575.6 625.6 832.1 447.5 524.5 742.1 614.7 779.1 490.3 193.4 816.9 574.3 675.9 556.7 626.6 657.4 142.7 645.2 884.4 551.9 232.2 747.2 624.2 250.4 678.3 716.0 935.1 252.9 867.4 268.9 675.7 978.0 861.8 330.2 537.4 647.6 869.7 433.7 692.6 519.4 857.6 463.1 536.3 584.4 1026.8 659.3 686.1 899.6 183.8 473.6 256.1 37.0 335.9 486.1 954.1 764.9 908.5 563.9 892.0 706.2 676.3 663.4 750.3 457.8 248.9 688.7 216.7 483.6 666.7 722.9 457.2 897.8 452.3 889.2 817.3 410.7 721.8 701.8 763.1 393.3 530.7 495.2 696.8 636.2 98.6 466.9 0.0 466.7 479.4 249.8 988.1 670.5 771.0 258.5 467.2 778.3 865.6 1009.0 924.8 585.5 248.6 710.7 418.4 661.0 476.7 210.6 737.9 77.1 395.1 247.8 192.8 1013.1 631.7 679.6 1055.3 67.5 300.8 116.2 855.2 610.6 661.3 236.5 962.7 660.3 636.1 680.0 239.4 325.7 617.7 212.8 181.3 663.1 492.1 583.6 658.7 667.3 196.7 477.3 236.5 759.3 467.1 461.7 315.3 626.9 475.0 886.1 619.8 1009.3 810.1 780.6
2109.3 101.9 788.0 691.8 346.7 407.4 530.1 272.2 978.2 944.2 328.3 570.0 607.5 365.5 848.2 196.8 485.3 172.5 499.5 1115.0 519.7 908.3 341.6 358.7 471.9 411.6 908.6 546.9 962.2 1100.1 390.0 866.6 169.0 314.4 799.7 350.8 417.6 372.8 418.1 897.7 153.5 564.9 694.6 242.0 844.7 196.3 374.2 882.5 754.6 747.4 737.0 253.9 889.2 339.0 678.8 950.0 592.3 466.6 591.9 542.5 377.4 843.2 497.5 1000.7 305.5 933.0 200.1 326.9 1043.6 927.4 564.6 717.7 812.5 935.3 139.7 857.5 225.4 923.2 643.4 454.6 764.7 1092.4 423.4 527.7 965.2 330.8 653.9 306.0 502.6 490.3 113.4 1019.7 609.6 974.1 744.2 957.6 725.3 899.7 910.5 915.2 163.8 414.6 316.0 293.5 401.9 764.7 725.8 420.7 963.4 79.3 954.8 882.9 591.0 827.8 866.7 669.3 573.6 765.1 535.6 834.0 688.1 475.8 451.4 479.7 0.0 659.7 401.8 1053.7 297.8 398.3 410.5 173.2 696.6 931.2 1074.6 990.4 780.9 319.6 629.0 98.2 732.5 182.7 362.6 843.9 489.0 426.8 220.8 288.5 1078.7 462.5 330.8 1120.9 553.4 168.2 493.4 920.8 237.9 767.3 286.4 1028.3 784.5 466.9 720.4 394.6 500.5 245.0 354.0 299.0 493.9 198.1 364.8 286.0 879.0 269.6 461.8 232.1 924.2 94.4 642.0 549.7 545.2 393.3 951.7 800.1 1074.9 875.7 886.6
2182.0 610.7 128.2 472.3 376.4 583.2 228.1 509.5 433.1 399.1 480.7 268.0 402.8 479.9 303.1 628.4 225.6 604.1 525.0 569.9 468.9 263.9 540.9 395.0 252.4 398.6 363.5 496.1 417.1 555.0 600.6 321.5 582.3 479.0 169.8 372.3 225.6 487.7 572.5 352.6 688.9 345.4 262.6 673.6 299.6 731.7 379.5 337.4 94.8 196.4 77.2 685.5 244.8 384.1 165.7 404.9 372.8 244.3 694.1 363.5 491.8 198.8 662.9 455.6 494.3 387.9 510.3 587.8 498.5 382.3 262.6 57.9 168.1 390.2 675.1 213.1 760.8 378.1 16.4 483.2 104.9 547.3 606.2 633.0 420.1 425.2 6.1 497.5 489.6 156.8 622.2 474.6 711.8 429.0 84.4 412.5 226.7 255.3 266.1 270.8 699.2 435.0 747.6 458.1 430.5 187.2 243.4 278.1 418.3 679.5 409.7 337.8 150.6 242.3 222.3 283.6 85.4 276.6 316.1 217.3 156.7 425.0 287.8 466.7 661.4 0.0 491.2 508.6 729.4 829.9 499.9 708.6 372.1 386.1 529.5 445.3 106.0 490.0 232.7 645.6 181.5 718.1 452.0 258.4 438.2 216.0 489.2 434.2 533.6 578.6 591.7 575.8 502.6 542.2 442.6 375.7 632.7 181.8 477.9 483.2 180.8 583.0 500.9 425.5 151.1 676.6 454.2 422.7 610.0 733.5 495.7 584.2 234.6 438.1 298.2 477.9 279.8 603.2 74.7 247.7 419.8 421.9 406.6 140.3 529.8 330.6 301.1
2132.9 418.3 613.8 657.5 118.4 642.7 301.8 211.8 918.7 884.7 173.2 341.7 379.2 78.0 788.7 513.2 257.0 488.9 584.5 1055.5 289.2 749.5 658.0 215.3 437.6 183.3 849.1 316.4 902.7 1040.6 660.1 807.1 485.4 181.3 655.4 122.5 410.8 582.0 632.0 838.2 391.2 530.6 748.2 558.4 785.2 434.0 199.8 823.0 580.4 682.0 562.8 570.3 614.9 110.7 651.3 890.5 558.0 238.3 753.6 630.6 89.9 684.4 722.4 941.2 196.6 873.5 212.6 643.3 984.1 867.9 336.3 543.5 653.7 875.8 377.4 655.9 463.1 863.7 469.2 542.7 590.5 1032.9 665.7 692.5 905.7 117.7 479.7 199.9 274.3 342.0 429.8 960.2 771.3 914.6 570.0 898.1 712.3 633.8 620.9 756.4 401.5 255.3 632.4 160.4 490.0 672.8 729.0 463.3 903.9 396.0 895.3 823.4 416.8 727.9 715.1 769.2 399.4 488.2 501.3 702.9 642.3 245.3 473.0 251.4 410.4 485.5 0.0 994.2 614.2 714.7 7.5 410.9 784.7 871.7 1015.1 930.9 591.6 182.5 717.1 362.1 667.1 420.4 39.8 744.0 258.5 401.2 191.5 136.5 1019.2 638.1 647.2 1061.4 304.8 244.5 262.9 861.3 554.3 667.4 180.2 968.8 666.4 642.5 686.1 245.8 331.8 561.4 146.7 125.0 669.5 435.8 590.0 602.4 624.8 140.4 483.4 180.2 765.4 410.8 467.8 321.4 633.3 481.4 892.2 625.9 1015.4 816.2 786.7
2016.5 957.2 587.9 734.0 869.8 793.1 721.5 1002.9 207.3 169.2 974.1 761.4 777.8 973.3 278.0 934.2 717.1 909.9 809.8 189.3 962.3 469.5 727.3 888.4 713.6 892.1 338.4 989.5 123.9 174.4 775.7 296.4 888.1 972.4 576.6 865.7 759.4 674.1 803.8 264.7 1117.6 630.6 467.0 979.4 240.9 1160.4 872.9 312.3 404.8 524.3 536.9 991.3 450.5 877.6 455.7 317.0 697.3 737.7 863.7 549.9 985.2 404.4 832.5 269.4 987.7 362.8 1003.7 774.2 265.5 125.6 756.0 477.7 373.7 118.1 1103.8 418.8 1189.5 181.1 509.9 762.3 454.6 166.7 775.8 802.6 395.0 918.6 499.5 990.9 983.0 650.2 945.3 285.2 881.4 194.3 409.4 380.7 502.2 460.9 471.7 476.4 1128.0 928.4 1053.4 951.5 715.3 541.6 321.1 811.8 330.4 1096.2 222.1 312.7 641.1 604.7 430.6 488.0 578.8 542.2 721.0 395.2 465.0 918.4 821.5 960.1 1078.1 493.3 984.6 0.0 1035.2 962.3 993.3 1137.3 535.8 298.2 148.9 152.1 557.8 983.4 419.1 1062.3 509.4 1146.8 945.4 620.8 931.6 745.6 982.6 927.7 147.5 748.2 778.1 195.2 996.0 1038.0 936.0 219.2 818.3 540.3 971.3 68.7 345.8 752.6 762.6 918.9 644.5 982.4 947.6 916.2 777.0 1162.2 682.1 770.6 443.8 931.5 831.9 971.3 485.4 965.1 568.1 741.1 606.2 706.7 264.2 401.2 143.8 246.4 663.6
1912.6 187.7 844.2 699.7 541.3 385.3 633.7 466.8 956.1 922.1 522.9 673.6 802.1 560.1 826.1 100.8 631.2 125.1 477.4 1092.9 695.7 886.2 319.5 534.7 528.1 606.2 886.5 722.9 940.1 1078.0 367.9 844.5 146.9 509.0 777.6 545.4 473.8 350.7 396.0 875.6 348.1 596.3 672.5 55.6 822.6 390.9 550.2 860.4 821.5 725.3 793.2 85.2 867.1 533.6 656.7 927.9 663.0 649.9 552.9 520.4 572.0 821.1 458.5 978.6 500.1 910.9 394.7 267.8 1021.5 905.3 668.2 765.5 790.4 913.2 334.3 835.4 420.0 901.1 699.6 432.5 820.9 1070.3 401.3 488.7 943.1 525.4 710.1 500.6 697.2 546.5 175.8 997.6 570.6 952.0 800.4 935.5 703.2 877.6 888.4 893.1 358.4 590.6 147.3 488.1 379.8 742.6 703.7 476.9 941.3 326.7 932.7 860.8 647.2 805.7 844.6 647.2 629.8 813.6 591.8 811.9 666.0 651.8 507.6 674.3 308.6 715.9 596.4 1031.6 0.0 100.4 605.1 367.8 674.5 909.1 1052.5 968.3 758.8 514.2 606.9 292.8 710.4 377.3 557.2 821.8 665.0 483.0 415.4 483.1 1056.6 440.4 263.9 1098.8 729.4 362.8 669.4 898.7 215.8 745.2 481.0 1006.2 762.4 444.8 728.3 570.6 556.7 76.3 548.6 493.6 471.8 392.7 342.7 263.9 856.9 464.2 518.0 426.7 902.1 195.6 698.2 653.3 523.1 371.2 929.6 817.9 1052.8 853.6 864.5
1812.1 288.5 829.6 618.6 642.1 302.8 710.7 567.6 875.0 841.0 623.7 750.6 902.9 660.9 745.0 201.6 708.2 225.9 394.9 1011.8 784.9 805.1 237.0 623.9 598.2 707.0 805.4 812.1 859.0 996.9 285.4 763.4 247.7 609.8 696.5 646.2 550.8 268.2 313.5 794.5 448.9 515.2 591.4 156.4 741.5 491.7 639.4 779.3 740.4 644.2 778.6 186.0 786.0 634.4 575.6 846.8 581.9 726.9 452.4 439.3 672.8 740.0 358.0 897.5 600.9 829.8 495.5 167.3 940.4 824.2 745.2 684.4 709.3 832.1 435.1 754.3 520.8 820.0 751.5 413.7 790.2 989.2 318.8 388.2 862.0 626.2 741.2 601.4 798.0 623.5 276.6 916.5 470.1 870.9 745.0 854.4 622.1 796.5 807.3 812.0 459.2 679.8 248.1 588.9 402.1 661.5 622.6 553.9 860.2 427.5 851.6 779.7 724.2 724.6 763.5 566.1 706.8 877.8 605.6 730.8 584.9 741.0 584.6 775.1 409.4 735.0 697.2 950.5 100.7 0.0 705.9 468.6 593.4 828.0 971.4 887.2 677.7 615.0 525.8 393.6 629.3 478.1 658.0 740.7 754.2 560.0 516.2 583.9 975.5 357.9 163.4 1017.7 818.6 463.6 758.6 817.6 247.2 664.1 581.8 925.1 681.3 362.3 647.2 659.8 633.7 177.1 649.4 594.4 389.3 493.5 260.2 198.7 775.8 565.0 595.0 527.5 821.0 296.4 775.2 730.3 428.4 393.5 848.5 736.8 971.7 772.5 783.4
2140.8 426.2 621.7 665.4 126.3 650.6 309.7 219.7 926.6 892.6 181.1 349.6 387.1 85.9 796.6 521.1 264.9 496.8 592.4 1063.4 297.1 757.4 665.9 223.2 445.5 191.2 857.0 324.3 910.6 1048.5 668.0 815.0 493.3 189.2 663.3 130.4 418.7 589.9 639.9 846.1 399.1 538.5 756.1 566.3 793.1 441.9 207.7 830.9 588.3 689.9 570.7 578.2 622.8 118.6 659.2 898.4 565.9 246.2 761.5 638.5 97.8 692.3 730.3 949.1 204.5 881.4 220.5 651.2 992.0 875.8 344.2 551.4 661.6 883.7 385.3 663.8 471.0 871.6 477.1 550.6 598.4 1040.8 673.6 700.4 913.6 125.6 487.6 207.8 282.2 349.9 437.7 968.1 779.2 922.5 577.9 906.0 720.2 641.7 628.8 764.3 409.4 263.2 640.3 168.3 497.9 680.7 736.9 471.2 911.8 403.9 903.2 831.3 424.7 735.8 723.0 777.1 407.3 496.1 509.2 710.8 650.2 253.2 480.9 259.3 418.3 493.4 6.7 1002.1 622.1 722.6 0.0 418.8 792.6 879.6 1023.0 938.8 599.5 190.4 725.0 370.0 675.0 428.3 47.7 751.9 266.4 409.1 199.4 144.4 1027.1 646.0 655.1 1069.3 312.7 252.4 270.8 869.2 562.2 675.3 188.1 976.7 674.3 650.4 694.0 253.7 339.7 569.3 154.6 132.9 677.4 443.7 597.9 610.3 632.7 148.3 491.3 188.1 773.3 418.7 475.7 329.3 641.2 489.3 900.1 633.8 1023.3 824.1 794.6
2206.3 198.9 840.4 788.8 345.0 504.4 528.4 270.5 1075.2 1041.2 326.6 568.3 605.8 363.8 945.2 293.8 483.6 269.5 596.5 1212.0 515.8 1005.3 438.6 455.7 568.9 409.9 1005.6 543.0 1059.2 1197.1 487.0 963.6 266.0 312.7 896.7 349.1 514.6 469.8 515.1 994.7 19.7 661.9 791.6 339.0 941.7 51.1 426.4 979.5 807.0 844.4 789.4 350.9 890.1 337.3 775.8 1047.0 689.3 464.9 688.9 639.5 375.7 940.2 594.5 1097.7 303.8 1030.0 198.4 423.9 1140.6 1024.4 562.9 770.1 909.5 1032.3 65.5 954.5 52.1 1020.2 695.8 551.6 817.1 1189.4 520.4 624.7 1062.2 329.1 706.3 304.3 500.9 568.6 210.4 1116.7 706.6 1071.1 796.6 1054.6 822.3 909.0 896.1 1012.2 9.3 481.9 413.0 291.8 498.9 861.7 822.8 517.7 1060.4 176.6 1051.8 979.9 643.4 924.8 963.7 766.3 626.0 763.4 632.6 931.0 785.1 471.9 548.4 478.0 191.0 712.1 400.1 1150.7 394.8 495.3 408.8 0.0 793.6 1028.2 1171.6 1087.4 818.2 317.9 726.0 142.7 829.5 9.4 360.9 940.9 485.1 523.8 219.1 286.8 1175.7 559.5 427.8 1217.9 531.4 166.5 489.5 1017.8 334.9 864.3 284.7 1125.3 881.5 563.9 817.4 472.4 558.4 342.0 352.3 297.3 590.9 24.8 461.8 383.0 900.0 267.9 558.8 230.4 1021.2 191.4 694.4 548.0 642.2 490.3 1048.7 852.5 1171.9 972.7 983.6
2197.4 598.0 450.6 374.8 674.8 433.9 584.2 807.9 478.2 444.2 779.1 624.1 716.6 778.3 348.2 575.0 581.7 550.7 450.6 615.0 738.9 408.3 368.1 577.9 354.4 697.0 408.6 766.1 462.2 600.1 416.5 366.6 528.9 777.4 317.5 670.7 400.1 314.9 444.6 397.7 758.4 271.4 98.7 620.2 344.7 801.2 593.4 382.5 343.6 265.2 399.6 632.1 389.2 682.5 196.6 450.0 338.1 600.4 504.5 190.7 790.2 343.2 473.3 500.7 792.7 433.0 805.0 415.0 543.6 427.4 618.7 305.4 312.5 435.3 744.6 357.5 830.3 423.2 372.5 408.8 407.4 592.4 416.6 443.4 465.2 723.6 362.2 795.9 788.0 512.9 586.1 519.7 522.2 474.1 348.2 457.6 243.1 399.7 410.5 415.2 768.7 633.8 694.2 756.5 356.1 282.5 225.8 452.6 463.4 737.0 454.8 382.9 506.7 345.6 366.7 113.6 441.5 481.0 361.8 334.0 205.9 695.0 462.3 765.1 718.9 356.0 789.6 553.7 676.0 603.1 798.3 778.1 0.0 431.2 574.6 490.4 298.7 788.4 129.0 703.1 250.3 787.6 750.4 361.7 708.2 386.4 787.6 732.6 578.7 389.0 418.9 620.9 772.6 773.1 712.6 420.8 459.9 285.1 776.3 528.3 284.5 393.4 403.4 613.8 507.2 623.2 752.6 721.1 420.4 803.0 322.9 411.4 379.0 736.5 472.7 776.3 424.2 605.9 430.8 603.8 247.0 347.5 451.7 340.0 574.9 375.7 404.4
2002.2 885.3 516.0 662.1 797.9 721.2 649.6 931.0 253.3 219.3 902.2 689.5 705.9 901.4 206.1 862.3 645.2 838.0 737.9 390.1 890.4 397.6 655.4 816.5 641.7 820.1 266.5 917.6 237.3 375.2 703.8 224.5 816.2 900.5 504.7 793.8 687.4 602.2 731.9 43.4 1045.7 558.7 395.1 907.5 169.0 1088.5 801.0 240.4 332.9 452.4 465.0 919.4 378.5 805.6 383.8 50.9 625.4 665.8 791.8 478.0 913.3 332.5 760.6 275.8 915.8 290.9 931.8 702.3 318.7 202.5 684.1 405.8 301.8 210.4 1031.9 346.8 1117.6 198.3 437.9 696.1 382.7 367.5 703.9 730.7 323.1 846.7 427.6 919.0 911.1 578.3 873.4 294.8 809.5 249.2 337.5 315.5 430.3 389.0 399.8 404.5 1056.0 856.5 981.5 879.6 643.4 469.7 249.2 739.9 40.0 1024.3 229.9 240.8 569.2 532.8 356.0 416.1 506.9 470.3 649.1 323.3 393.1 846.5 749.6 888.2 1006.2 421.4 912.7 328.8 963.3 890.4 921.4 1065.4 463.9 0.0 349.7 265.5 485.9 911.5 347.2 990.4 437.5 1074.9 873.5 548.9 859.7 673.7 910.7 855.7 353.8 676.3 706.2 396.0 924.1 963.7 864.1 195.9 746.4 472.3 899.4 303.4 273.8 680.7 690.7 847.0 572.6 910.5 875.7 844.2 705.1 1090.3 610.2 698.7 368.3 859.6 760.0 899.4 413.5 893.2 496.2 669.2 534.3 634.8 226.8 329.3 350.0 65.9 591.6
2038.6 979.3 610.0 756.1 891.9 815.2 743.6 1025.0 229.3 191.3 996.2 783.5 799.9 995.4 300.1 956.3 741.1 932.0 831.9 47.6 984.4 491.6 749.4 910.5 735.7 914.1 360.5 1011.6 146.0 25.4 797.8 318.5 910.2 994.5 598.7 887.8 781.4 696.2 825.9 286.8 1139.7 652.7 489.1 1001.5 263.0 1182.5 895.0 334.4 426.9 546.4 559.0 1013.4 472.5 899.6 477.8 339.1 719.4 759.8 885.8 572.0 1007.3 426.5 854.6 291.5 1009.8 384.9 1025.8 796.3 287.6 147.7 778.1 499.8 395.8 140.2 1125.9 440.8 1211.6 203.2 531.9 790.1 476.7 17.7 797.9 824.7 417.1 940.7 521.6 1013.0 1005.1 672.3 967.4 307.2 903.5 216.4 431.5 409.5 524.3 483.0 493.8 498.5 1150.0 950.5 1075.5 973.6 737.4 563.7 343.2 833.9 352.5 1118.3 244.1 334.8 666.1 626.8 450.0 510.1 600.9 564.3 743.1 417.3 487.1 940.5 843.6 982.2 1100.2 515.4 1006.7 170.1 1057.3 984.4 1015.4 1159.4 557.9 320.3 0.0 174.2 579.9 1005.5 441.2 1084.4 531.5 1168.9 967.5 642.9 953.7 767.7 1004.7 949.7 103.7 770.3 800.2 46.2 1018.1 1057.7 958.1 241.3 841.2 566.3 993.4 144.7 367.8 774.7 784.7 941.0 666.6 1004.5 969.7 938.2 801.7 1184.3 704.2 792.7 462.3 953.6 854.0 993.4 507.5 987.2 590.2 763.2 628.3 728.8 286.3 423.3 99.9 264.8 685.6
1956.7 897.4 528.1 674.2 810.0 733.3 661.7 943.1 147.4 109.4 914.3 701.6 718.0 913.5 218.2 874.4 657.3 850.1 750.0 196.9 902.5 409.7 667.5 828.6 653.8 832.2 278.6 929.7 20.9 182.0 715.9 236.6 828.3 912.6 516.8 805.9 699.5 614.3 744.0 204.9 1057.8 570.8 407.2 919.6 181.1 1100.6 813.1 252.5 345.0 464.5 477.1 931.5 390.6 817.7 395.9 257.2 637.5 677.9 803.9 490.1 925.4 344.6 772.7 209.6 927.9 303.0 943.9 714.4 205.7 65.8 696.2 417.9 313.9 58.3 1044.0 358.9 1129.7 121.3 450.0 708.2 394.8 174.3 716.0 742.8 335.2 858.8 439.7 931.1 923.2 590.4 885.5 225.3 821.6 134.5 349.6 320.9 442.4 401.1 411.9 416.6 1068.1 868.6 993.6 891.7 655.5 481.8 261.3 752.0 270.6 1036.4 162.2 252.9 584.2 544.9 368.1 428.2 519.0 482.4 661.2 335.4 405.2 858.6 761.7 900.3 1018.3 433.5 924.8 135.7 975.4 902.5 933.5 1077.5 476.0 238.4 156.5 0.0 498.0 923.6 359.3 1002.5 449.6 1087.0 885.6 561.0 871.8 685.8 922.8 867.8 160.6 688.4 718.3 202.8 936.2 978.2 876.2 159.4 758.5 480.5 911.5 110.2 285.9 692.8 702.8 859.1 584.7 922.6 887.8 856.3 717.2 1102.4 622.3 710.8 384.0 871.7 772.1 911.5 425.6 905.3 508.3 681.3 546.4 646.9 204.4 341.4 156.8 186.6 603.7
2241.1 697.6 181.4 559.2 463.3 550.2 315.0 596.4 492.2 458.2 567.6 354.9 489.7 566.8 362.2 715.3 312.5 691.0 611.9 629.0 555.8 297.2 484.4 481.9 339.3 485.5 422.6 583.0 476.2 614.1 532.8 380.6 669.2 565.9 106.8 459.2 312.5 431.2 560.9 411.7 775.8 432.3 206.1 760.5 358.7 818.6 466.4 396.5 128.1 139.9 130.4 772.4 278.1 471.0 109.2 464.0 459.7 331.2 620.8 307.0 578.7 232.1 589.6 514.7 581.2 447.0 597.2 531.3 557.6 441.4 349.5 36.2 201.4 449.3 762.0 246.4 847.7 437.2 103.3 570.1 138.2 606.4 532.9 559.7 479.2 512.1 93.0 584.4 576.5 243.7 709.1 533.7 638.5 488.1 117.7 471.6 170.2 288.6 299.4 304.1 786.1 521.9 834.5 545.0 517.4 130.7 239.8 365.0 477.4 766.4 468.8 396.9 237.5 185.8 255.6 227.1 172.3 309.9 403.0 250.6 100.2 511.9 374.7 553.6 748.3 86.8 578.1 567.7 816.3 719.4 586.8 795.5 315.6 445.2 588.6 504.4 0.0 576.9 176.2 732.5 125.0 805.0 538.9 201.9 525.1 302.9 576.1 521.1 592.7 505.3 535.2 634.9 589.5 629.1 529.5 434.8 576.2 125.3 564.8 542.3 214.1 509.7 587.8 512.4 238.0 763.5 541.1 509.6 536.7 820.4 439.2 527.7 267.9 525.0 385.1 564.8 313.1 690.1 161.6 334.6 363.3 508.8 465.7 173.6 588.9 389.7 244.6
2091.4 336.2 615.2 658.9 119.8 641.7 303.2 129.7 920.1 886.1 8.6 343.1 380.6 120.6 790.1 431.1 258.4 406.8 585.9 1056.9 290.6 750.9 575.9 216.7 439.0 184.7 850.5 317.8 904.1 1042.0 624.3 808.5 403.3 137.7 656.8 123.9 412.2 607.1 652.4 839.6 309.1 532.0 749.6 476.3 786.6 351.9 201.2 824.4 581.8 683.4 564.2 488.2 664.9 112.1 652.7 891.9 559.4 239.7 755.0 632.0 132.5 685.8 723.8 942.6 153.0 874.9 130.5 561.2 985.5 869.3 337.7 544.9 655.1 877.2 295.3 700.1 381.0 865.1 470.6 544.1 591.9 1034.3 667.1 693.9 907.1 62.1 481.1 17.3 275.7 343.4 347.7 961.6 772.7 916.0 571.4 899.5 713.7 683.8 670.9 757.8 319.4 256.7 550.3 116.8 491.4 674.2 730.4 464.7 905.3 313.9 896.7 824.8 418.2 729.3 709.3 770.6 400.8 538.2 502.7 704.3 643.7 246.7 474.4 252.8 328.3 486.9 180.3 995.6 532.1 632.6 189.0 328.8 786.1 873.1 1016.5 932.3 593.0 0.0 718.5 280.0 668.5 338.3 135.7 745.4 259.9 402.6 109.4 92.9 1020.6 639.5 565.1 1062.8 306.2 162.4 264.3 862.7 472.2 668.8 45.8 970.2 667.8 643.9 687.5 247.2 333.2 479.3 34.3 81.4 670.9 353.7 599.1 520.3 674.8 96.8 484.8 98.1 766.8 328.7 469.2 322.8 634.7 482.8 893.6 627.3 1016.8 817.6 788.1
2098.0 538.0 303.7 314.8 585.6 373.9 437.3 718.7 349.1 315.1 689.9 477.2 587.5 689.1 219.1 515.0 434.8 490.7 390.6 485.9 678.1 279.2 308.1 517.9 294.4 607.8 279.5 705.3 333.1 471.0 356.5 237.5 468.9 688.2 170.6 581.5 340.1 254.9 384.6 268.6 698.4 211.4 94.8 560.2 215.6 741.2 533.4 253.4 214.5 118.3 252.7 572.1 260.1 593.3 49.7 320.9 278.1 453.5 444.5 130.7 701.0 214.1 413.3 371.6 703.5 303.9 719.5 355.0 414.5 298.3 471.8 158.5 183.4 306.2 684.6 228.4 770.3 294.1 225.6 348.8 264.3 463.3 356.6 383.4 336.1 634.4 215.3 706.7 698.8 366.0 526.1 390.6 462.2 345.0 219.1 328.5 96.2 270.6 281.4 286.1 708.7 573.8 634.2 667.3 296.1 135.6 96.7 392.6 334.3 677.0 325.7 253.8 359.8 198.7 237.6 69.5 294.6 351.9 301.8 204.9 59.0 634.2 402.3 675.9 658.9 209.1 700.4 424.6 616.0 543.1 709.1 718.1 116.6 302.1 445.5 361.3 151.8 699.2 0.0 643.1 103.4 727.6 661.2 214.8 647.4 326.4 698.4 643.4 449.6 329.0 358.9 491.8 711.8 713.1 651.8 291.7 399.9 138.2 687.1 399.2 155.4 333.4 343.4 553.8 360.3 563.2 663.4 631.9 360.4 743.0 262.9 351.4 249.9 647.3 412.7 687.1 295.1 545.9 283.9 456.9 187.0 287.5 322.6 210.9 445.8 246.6 257.5
2101.2 93.8 779.9 683.7 306.1 399.3 489.5 231.6 970.1 936.1 287.7 529.4 566.9 324.9 840.1 188.7 444.7 164.4 491.4 1106.9 476.9 900.2 333.5 350.6 463.8 371.0 900.5 504.1 954.1 1092.0 381.9 858.5 160.9 273.8 791.6 310.2 409.5 364.7 410.0 889.6 112.9 556.8 686.5 233.9 836.6 155.7 366.1 874.4 746.5 739.3 728.9 245.8 881.1 298.4 670.7 941.9 584.2 426.0 583.8 534.4 336.8 835.1 489.4 992.6 264.9 924.9 159.5 318.8 1035.5 919.3 524.0 709.6 804.4 927.2 99.1 849.4 184.8 915.1 635.3 446.5 756.6 1084.3 415.3 519.6 957.1 290.2 645.8 265.4 462.0 482.2 105.3 1011.6 601.5 966.0 736.1 949.5 717.2 891.6 902.4 907.1 123.2 406.5 307.9 252.9 393.8 756.6 717.7 412.6 955.3 33.8 946.7 874.8 582.9 819.7 858.6 661.2 565.5 724.5 527.5 825.9 680.0 433.0 443.3 439.1 85.9 651.6 361.2 1045.6 289.7 390.2 369.9 132.6 688.5 923.1 1066.5 982.3 772.8 279.0 620.9 0.0 724.4 142.1 322.0 835.8 446.2 418.7 180.2 247.9 1070.6 454.4 322.7 1112.8 492.5 127.6 450.6 912.7 229.8 759.2 245.8 1020.2 776.4 458.8 712.3 386.5 492.4 236.9 313.4 258.4 485.8 157.5 356.7 277.9 870.9 229.0 453.7 191.5 916.1 86.3 633.9 509.1 537.1 385.2 943.6 792.0 1066.8 867.6 878.5
2206.0 679.2 271.8 456.0 553.7 515.1 405.4 686.8 457.1 423.1 658.0 445.3 580.1 657.2 327.1 656.2 402.9 631.9 531.8 593.9 646.2 387.2 449.3 572.3 429.7 575.9 387.5 673.4 441.1 579.0 497.7 345.5 610.1 656.3 138.7 549.6 402.9 396.1 525.8 376.6 866.2 352.6 171.0 701.4 323.6 909.0 556.8 361.4 218.5 14.8 220.8 713.3 368.1 561.4 74.1 428.9 419.3 421.6 585.7 271.9 669.1 322.1 554.5 479.6 671.6 411.9 687.6 496.2 522.5 406.3 439.9 126.6 291.4 414.2 852.4 336.4 938.1 402.1 193.7 490.0 228.6 571.3 497.8 524.6 444.1 602.5 183.4 674.8 666.9 334.1 667.3 498.6 603.4 453.0 208.1 436.5 70.4 378.6 389.4 394.1 876.5 612.3 775.4 635.4 437.3 32.1 204.7 455.4 442.3 856.8 433.7 361.8 327.9 99.3 345.6 192.0 262.7 400.3 493.4 312.9 65.1 602.3 465.1 644.0 838.7 177.2 668.5 532.6 757.2 684.3 677.2 885.9 280.5 410.1 553.5 469.3 119.9 667.3 141.1 822.9 0.0 895.4 629.3 115.4 615.5 393.3 666.5 611.5 557.6 470.2 500.1 599.8 679.9 719.5 619.9 399.7 541.1 37.5 655.2 507.2 263.4 474.6 484.6 602.8 328.4 704.4 631.5 600.0 501.6 910.8 404.1 492.6 357.9 615.4 475.5 655.2 403.1 687.1 252.0 425.0 328.2 428.7 430.6 264.0 553.8 354.6 158.1
2215.8 208.4 849.9 798.3 354.5 513.9 537.9 280.0 1084.7 1050.7 336.1 577.8 615.3 373.3 954.7 303.3 493.1 279.0 606.0 1221.5 525.3 1014.8 448.1 465.2 578.4 419.4 1015.1 552.5 1068.7 1206.6 496.5 973.1 275.5 322.2 906.2 358.6 524.1 479.3 524.6 1004.2 29.1 671.4 801.1 348.5 951.2 40.3 435.9 989.0 816.5 853.9 798.9 360.4 899.6 346.8 785.3 1056.5 698.8 474.4 698.4 649.0 385.2 949.7 604.0 1107.2 313.3 1039.5 207.9 433.4 1150.1 1033.9 572.4 779.6 919.0 1041.8 75.0 964.0 41.3 1029.7 705.3 561.1 826.6 1198.9 529.9 634.2 1071.7 338.6 715.8 313.8 510.4 578.1 219.9 1126.2 716.1 1080.6 806.1 1064.1 831.8 918.5 905.6 1021.7 18.8 491.4 422.5 301.3 508.4 871.2 832.3 527.2 1069.9 186.1 1061.3 989.4 652.9 934.3 973.2 775.8 635.5 772.9 642.1 940.5 794.6 481.4 557.9 487.5 200.5 721.6 409.6 1160.2 404.3 504.8 418.3 9.4 803.1 1037.7 1181.1 1096.9 827.7 327.4 735.5 152.2 839.0 0.0 370.4 950.4 494.6 533.3 228.6 296.3 1185.2 569.0 437.3 1227.4 540.9 176.0 499.0 1027.3 344.4 873.8 294.2 1134.8 891.0 573.4 826.9 481.9 567.9 351.5 361.8 306.8 600.4 14.0 471.3 392.5 909.5 277.4 568.3 239.9 1030.7 200.9 703.9 557.5 651.7 499.8 1058.2 862.0 1181.4 982.2 993.1
2093.0 378.4 573.9 617.6 78.5 602.8 261.9 171.9 878.8 844.8 143.1 301.8 339.3 69.0 748.8 473.3 217.1 449.0 544.6 1015.6 249.3 709.6 618.1 175.4 397.7 143.4 809.2 276.5 862.8 1000.7 620.2 767.2 445.5 141.4 615.5 82.6 370.9 542.1 592.1 798.3 351.3 490.7 708.3 518.5 745.3 394.1 159.9 783.1 540.5 642.1 522.9 530.4 575.0 70.8 611.4 850.6 518.1 198.4 713.7 590.7 80.9 644.5 682.5 901.3 156.7 833.6 172.7 603.4 944.2 828.0 296.4 503.6 613.8 835.9 337.5 616.0 423.2 823.8 429.3 502.8 550.6 993.0 625.8 652.6 865.8 87.6 439.8 159.9 234.4 302.1 389.9 920.3 731.4 874.7 530.1 858.2 672.4 593.9 581.0 716.5 361.6 215.4 592.5 120.5 450.1 632.9 689.1 423.4 864.0 356.1 855.4 783.5 376.9 688.0 675.2 729.3 359.5 448.3 461.4 663.0 602.4 205.4 433.1 211.5 370.5 445.6 39.1 954.3 574.3 674.8 47.8 371.0 744.8 831.8 975.2 891.0 551.7 152.4 677.2 322.2 627.2 380.5 0.0 704.1 218.6 361.3 151.6 96.6 979.3 598.2 607.3 1021.5 264.9 204.6 223.0 821.4 514.4 627.5 140.3 928.9 626.5 602.6 646.2 205.9 291.9 521.5 116.6 85.1 629.6 395.9 550.1 562.5 584.9 100.5 443.5 140.3 725.5 370.9 427.9 281.5 593.4 441.5 852.3 586.0 975.5 776.3 746.8
2261.1 807.0 290.8 511.1 572.7 570.2 424.4 705.8 512.2 478.2 677.0 464.3 599.1 676.2 382.2 711.3 421.9 687.0 586.9 649.0 665.2 406.6 504.4 591.3 448.7 594.9 442.6 692.4 496.2 634.1 552.8 400.6 665.2 675.3 157.7 568.6 421.9 451.2 580.9 431.7 885.2 407.7 226.1 756.5 378.7 928.0 575.8 416.5 237.5 72.6 239.8 768.4 387.5 580.4 129.2 484.0 569.1 440.6 640.8 327.0 688.1 341.5 609.6 534.7 690.6 467.0 706.6 551.3 577.6 461.4 458.9 145.6 310.8 469.3 871.4 355.8 957.1 457.2 212.7 545.1 247.6 626.4 552.9 579.7 499.2 621.5 202.4 693.8 685.9 353.1 722.4 553.7 658.5 508.1 227.1 491.6 139.2 398.0 408.8 413.5 895.5 631.3 830.5 654.4 492.4 55.3 259.8 474.4 497.4 875.8 488.8 416.9 346.9 7.0 365.0 247.1 281.7 419.3 512.4 368.0 120.2 621.3 484.1 663.0 857.7 196.2 687.5 587.7 812.3 739.4 696.2 904.9 335.6 465.2 608.6 524.4 138.9 686.3 196.2 841.9 87.5 914.4 648.3 0.0 634.5 412.3 685.5 630.5 612.7 525.3 555.2 654.9 698.9 738.5 638.9 454.8 596.2 49.9 674.2 562.3 318.5 529.7 539.7 621.8 347.4 759.5 650.5 619.0 556.7 929.8 459.2 547.7 377.3 634.4 494.5 674.2 422.5 799.5 271.0 444.0 383.3 483.8 485.7 283.0 608.9 409.7 42.6
2177.8 461.1 558.6 602.3 121.5 559.1 246.6 254.6 863.5 829.5 225.8 286.5 324.0 225.0 733.5 556.0 201.8 531.7 500.9 1000.3 65.3 694.3 624.9 131.7 382.4 94.8 793.9 92.5 847.5 985.4 576.5 751.9 528.2 224.1 600.2 117.4 355.6 498.4 548.4 783.0 434.0 475.4 693.0 601.2 730.0 476.8 116.2 767.8 525.2 626.8 507.6 613.1 608.3 129.2 596.1 835.3 502.8 183.1 670.0 547.0 236.9 629.2 638.8 886.0 239.4 818.3 255.4 598.5 928.9 812.7 281.1 488.3 598.5 820.6 420.2 643.5 505.9 808.5 414.0 459.1 535.3 977.7 582.1 608.9 850.5 170.3 424.5 242.6 79.8 286.8 472.6 905.0 687.7 859.4 514.8 842.9 657.1 627.2 614.3 701.2 444.3 171.7 675.2 203.2 406.4 617.6 730.3 378.0 848.7 438.8 840.1 768.2 360.4 672.7 652.7 673.8 344.2 481.6 446.1 647.7 587.1 21.4 417.8 56.9 453.2 430.3 236.3 939.0 657.0 757.5 245.0 453.7 701.1 816.5 959.9 875.7 536.4 235.1 633.5 404.9 611.9 463.2 197.1 688.8 0.0 346.0 234.3 179.3 964.0 554.5 602.4 1006.2 99.0 289.7 39.0 806.1 597.8 608.3 223.0 913.6 611.2 558.9 630.9 162.2 276.6 604.2 199.3 167.8 585.9 478.6 506.4 645.2 618.2 183.2 428.2 223.0 710.2 453.6 412.6 266.2 549.7 397.8 837.0 570.7 960.2 761.0 731.5
2188.9 394.6 361.1 250.8 298.9 367.1 150.6 432.0 677.2 643.2 403.2 190.5 351.0 402.4 547.2 412.3 148.1 388.0 308.9 814.0 391.4 496.8 432.9 264.6 31.0 321.1 607.6 418.6 661.2 799.1 384.5 565.6 366.2 401.5 402.7 294.8 9.5 306.4 356.4 596.7 484.8 123.9 393.6 457.5 543.7 527.6 280.1 581.5 327.7 446.4 310.1 469.4 477.7 306.6 377.8 649.0 151.3 166.8 478.0 266.9 414.3 431.7 446.8 699.7 416.8 632.0 432.8 406.5 742.6 626.4 185.1 290.8 401.0 634.3 471.0 446.0 556.7 622.2 216.5 267.1 337.8 791.4 390.1 416.9 664.2 347.7 227.0 420.0 412.1 63.4 406.1 718.7 495.7 673.1 317.3 656.6 424.3 488.2 463.2 503.7 495.1 320.5 531.5 380.6 214.4 463.7 424.8 62.0 662.4 463.4 653.8 581.9 164.1 475.2 455.2 368.3 146.7 330.5 94.6 450.2 387.1 347.5 71.7 389.2 445.3 232.8 413.7 752.7 513.3 613.8 422.4 504.5 395.6 630.2 773.6 689.4 338.9 412.5 328.0 429.5 431.5 514.0 374.5 491.3 360.7 0.0 411.7 356.7 777.7 362.5 410.4 819.9 425.1 464.7 365.1 619.8 451.4 414.7 400.4 727.3 483.5 366.9 279.4 300.5 73.6 460.5 376.7 345.2 393.9 529.4 314.4 402.9 467.5 360.6 82.1 400.4 512.7 387.1 215.1 170.2 357.7 205.8 650.7 373.2 773.9 574.7 534.0
2047.2 226.7 621.2 664.9 125.8 532.2 309.2 51.3 926.1 892.1 107.4 349.1 386.6 144.6 796.1 321.6 264.4 297.3 591.9 1062.9 296.6 756.9 466.4 222.7 445.0 190.7 856.5 323.8 910.1 1048.0 514.8 814.5 293.8 93.5 662.8 129.9 418.2 497.6 542.9 845.6 199.6 538.0 755.6 366.8 792.6 242.4 207.2 830.4 587.8 689.4 570.2 378.7 670.9 118.1 658.7 897.9 565.4 245.7 761.0 638.0 156.5 691.8 622.3 948.6 84.6 880.9 21.0 451.7 991.5 875.3 343.7 550.9 661.1 883.2 185.8 706.1 271.5 871.1 476.6 550.1 597.9 1040.3 548.2 652.5 913.1 109.9 487.1 85.1 281.7 349.4 238.2 967.6 778.7 922.0 577.4 905.5 719.7 689.8 676.9 763.8 209.9 262.7 440.8 72.6 497.4 680.2 736.4 470.7 911.3 204.4 902.7 830.8 424.2 735.3 715.3 776.6 406.8 544.2 508.7 710.3 649.7 252.7 480.4 258.8 218.8 492.9 180.9 1001.6 422.6 523.1 189.6 219.3 792.1 879.1 1022.5 938.3 599.0 98.7 724.5 170.5 674.5 228.8 141.7 751.4 265.9 408.6 0.0 67.6 1026.6 587.3 455.6 1068.8 312.2 52.9 270.3 868.7 362.7 674.8 65.5 976.2 673.8 591.7 693.5 253.2 339.2 369.8 133.1 78.1 618.7 244.2 489.6 410.8 680.8 48.7 490.8 11.2 772.8 219.2 475.2 328.8 640.7 488.8 899.6 633.3 1022.8 823.6 794.1
1998.4 281.7 553.5 597.2 58.1 587.2 241.5 75.2 858.4 824.4 85.5 281.4 318.9 76.9 728.4 376.6 196.7 352.3 524.2 995.2 228.9 689.2 521.4 155.0 377.3 123.0 788.8 256.1 842.4 980.3 569.8 746.8 348.8 44.7 595.1 62.2 350.5 552.6 571.7 777.9 254.6 470.3 687.9 421.8 724.9 297.4 139.5 762.7 520.1 621.7 502.5 433.7 603.2 50.4 591.0 830.2 497.7 178.0 693.3 570.3 88.8 624.1 662.1 880.9 60.0 813.2 76.0 506.7 923.8 807.6 276.0 483.2 593.4 815.5 240.8 638.4 326.5 803.4 408.9 482.4 530.2 972.6 605.4 632.2 845.4 42.2 419.4 63.2 214.0 281.7 293.2 899.9 711.0 854.3 509.7 837.8 652.0 622.1 609.2 696.1 264.9 195.0 495.8 23.8 429.7 612.5 668.7 403.0 843.6 259.4 835.0 763.1 353.6 667.6 650.3 708.9 339.1 476.5 441.0 642.6 582.0 185.0 412.7 191.1 273.8 425.2 113.2 933.9 477.6 578.1 121.9 274.3 724.4 811.4 954.8 870.6 531.3 76.8 656.8 225.5 606.8 283.8 74.0 683.7 198.2 340.9 54.9 0.0 958.9 577.8 510.6 1001.1 244.5 107.9 202.6 801.0 417.7 603.2 43.6 908.5 606.1 582.2 625.8 185.5 271.5 424.8 71.2 10.5 609.2 299.2 544.6 465.8 609.6 3.9 423.1 43.6 705.1 274.2 407.5 261.1 573.0 421.1 831.9 565.6 955.1 755.9 726.4
2033.3 974.0 604.7 750.8 886.6 809.9 738.3 1019.7 224.0 186.0 990.9 778.2 794.6 990.1 294.8 951.0 735.8 926.7 826.6 102.6 979.1 486.3 744.1 905.2 730.4 908.8 355.2 1006.3 140.7 97.7 792.5 313.2 904.9 989.2 593.4 882.5 776.1 690.9 820.6 281.5 1134.4 647.4 483.8 996.2 257.7 1177.2 889.7 329.1 421.6 541.1 553.7 1008.1 467.2 894.3 472.5 333.8 714.1 754.5 880.5 566.7 1002.0 421.2 849.3 286.2 1004.5 379.6 1020.5 791.0 282.3 142.4 772.8 494.5 390.5 134.9 1120.6 435.5 1206.3 197.9 526.6 784.8 471.4 90.0 792.6 819.4 411.8 935.4 516.3 1007.7 999.8 667.0 962.1 301.9 898.2 211.1 426.2 404.2 519.0 477.7 488.5 493.2 1144.7 945.2 1070.2 968.3 732.1 558.4 337.9 828.6 347.2 1113.0 238.8 329.5 660.8 621.5 444.7 504.8 595.6 559.0 737.8 412.0 481.8 935.2 838.3 976.9 1094.9 510.1 1001.4 159.3 1052.0 979.1 1010.1 1154.1 552.6 315.0 72.2 168.9 574.6 1000.2 435.9 1079.1 526.2 1163.6 962.2 637.6 948.4 762.4 999.4 944.4 0.0 765.0 794.9 114.6 1012.8 1052.4 952.8 236.0 835.9 561.0 988.1 133.9 362.5 769.4 779.4 935.7 661.3 999.2 964.4 932.9 796.4 1179.0 698.9 787.4 457.0 948.3 848.7 988.1 502.2 981.9 584.9 757.9 623.0 723.5 281.0 418.0 3.7 259.5 680.3
1933.7 363.7 686.0 475.0 536.4 214.6 526.3 669.5 731.4 697.4 640.7 566.2 726.7 639.9 601.4 340.7 521.9 316.4 312.2 868.2 600.5 661.5 148.8 439.5 420.7 558.6 661.8 627.7 715.4 853.3 197.2 619.8 294.6 639.0 552.9 532.3 366.4 194.5 225.3 650.9 524.1 371.6 447.8 385.9 597.9 566.9 455.0 635.7 596.8 500.6 635.0 397.8 642.4 544.1 432.0 703.2 438.3 542.5 145.8 326.7 651.8 596.4 114.6 753.9 654.3 686.2 570.7 180.7 796.8 680.6 560.8 540.8 565.7 688.5 510.3 610.7 596.0 676.4 592.2 264.7 646.6 845.6 39.9 84.7 718.4 585.2 597.6 657.5 649.6 439.1 351.8 772.9 163.5 727.3 601.4 704.1 478.5 652.9 663.7 668.4 534.4 495.4 459.9 618.1 217.7 517.9 479.0 369.5 716.6 502.7 708.0 636.1 536.9 580.9 619.9 422.5 522.4 734.2 462.0 587.2 441.3 556.6 400.2 626.7 484.6 591.4 651.2 806.9 441.7 368.8 659.9 543.8 449.8 684.4 827.8 743.6 534.1 650.0 382.2 468.8 485.7 553.3 612.0 597.1 569.8 375.6 591.4 594.2 831.9 0.0 184.6 874.1 634.2 536.4 574.2 674.0 224.8 520.5 637.9 781.5 537.7 4.4 503.6 475.4 449.3 388.9 614.2 582.7 28.8 568.7 172.0 177.1 632.2 598.1 410.6 602.7 677.4 371.6 590.8 545.9 275.7 209.1 704.9 593.2 828.1 632.6 639.8
1778.4 221.8 666.1 455.1 557.3 139.3 547.2 500.9 711.5 677.5 557.0 587.1 747.6 594.2 581.5 198.8 544.7 174.5 231.4 848.3 621.4 641.6 73.5 460.4 434.7 579.5 641.9 648.6 695.5 833.4 121.9 599.9 152.7 543.1 533.0 553.2 387.3 104.7 150.0 631.0 382.2 351.7 427.9 244.0 578.0 425.0 475.9 615.8 576.9 480.7 615.1 255.9 622.5 565.0 412.1 683.3 418.4 563.4 288.9 275.8 606.1 576.5 194.5 734.0 534.2 666.3 428.8 3.8 776.9 660.7 581.7 520.9 545.8 668.6 368.4 590.8 454.1 656.5 588.0 250.2 626.7 825.7 155.3 224.7 698.5 559.5 577.7 534.7 670.5 460.0 209.9 753.0 306.6 707.4 581.5 690.9 458.6 633.0 643.8 648.5 392.5 516.3 318.0 522.2 238.6 498.0 459.1 390.4 696.7 360.8 688.1 616.2 560.7 561.1 600.0 402.6 543.3 714.3 442.1 567.3 421.4 577.5 421.1 647.6 342.7 571.5 630.5 787.0 299.8 184.1 639.2 401.9 429.9 664.5 807.9 723.7 514.2 548.3 362.3 326.9 465.8 411.4 591.3 577.2 590.7 396.5 449.5 517.2 812.0 194.4 0.0 854.2 655.1 396.9 595.1 654.1 83.7 500.6 515.1 761.6 517.8 198.8 483.7 496.3 470.2 247.0 582.7 527.7 225.8 426.8 96.7 35.2 612.3 498.3 431.5 460.8 657.5 229.7 611.7 566.8 264.9 230.0 685.0 573.3 808.2 609.0 619.9
2082.1 1022.8 653.5 799.6 935.4 858.7 787.1 1068.5 272.8 234.8 1039.7 827.0 843.4 1038.9 343.6 999.8 784.6 975.5 875.4 13.1 1027.9 535.1 792.9 954.0 779.2 957.6 404.0 1055.1 189.5 19.5 841.3 362.0 953.7 1038.0 642.2 931.3 824.9 739.7 869.4 330.3 1183.2 696.2 532.6 1045.0 306.5 1226.0 938.5 377.9 470.4 589.9 602.5 1056.9 516.0 943.1 521.3 382.6 762.9 803.3 929.3 615.5 1050.8 470.0 898.1 335.0 1053.3 428.4 1069.3 839.8 331.1 191.2 821.6 543.3 439.3 183.7 1169.4 484.3 1255.1 246.7 575.4 833.6 520.2 26.7 841.4 868.2 460.6 984.2 565.1 1056.5 1048.6 715.8 1010.9 350.7 947.0 259.9 475.0 453.0 567.8 526.5 537.3 542.0 1193.5 994.0 1119.0 1017.1 780.9 607.2 386.7 877.4 396.0 1161.8 287.6 378.3 709.6 670.3 493.5 553.6 644.4 607.8 786.6 460.8 530.6 984.0 887.1 1025.7 1143.7 558.9 1050.2 213.6 1100.8 1027.9 1058.9 1202.9 601.4 363.8 43.4 217.7 623.4 1049.0 484.7 1127.9 575.0 1212.4 1011.0 686.4 997.2 811.2 1048.2 993.2 147.2 813.8 843.7 0.0 1061.6 1101.2 1001.6 284.8 884.7 609.8 1036.9 188.2 411.3 818.2 828.2 984.5 710.1 1048.0 1013.2 981.7 845.2 1227.8 747.7 836.2 505.8 997.1 897.5 1036.9 551.0 1030.7 633.7 806.7 671.8 772.3 329.8 466.8 143.4 308.3 729.1
2234.4 517.7 643.0 686.7 178.1 643.5 331.0 311.2 947.9 913.9 282.4 370.9 408.4 281.6 817.9 612.6 288.1 588.3 585.3 1084.7 43.6 778.7 709.3 216.1 466.8 123.2 878.3 70.3 931.9 1069.8 660.9 836.3 584.8 280.7 684.6 174.0 440.0 582.8 632.8 867.4 490.6 559.8 777.4 657.8 814.4 533.4 200.6 852.2 609.6 711.2 592.0 669.7 692.7 185.8 680.5 919.7 587.2 267.5 754.4 631.4 293.5 713.6 723.2 970.4 296.0 902.7 312.0 682.9 1013.3 897.1 365.5 572.7 682.9 905.0 476.8 727.9 562.5 892.9 498.4 537.8 619.7 1062.1 666.5 693.3 934.9 226.9 508.9 299.2 29.3 371.2 529.2 989.4 772.1 943.8 599.2 920.6 741.5 711.6 698.7 785.6 500.9 256.1 731.8 259.8 490.8 702.0 814.7 462.4 933.1 495.4 924.5 852.6 443.1 757.0 737.1 758.2 428.6 566.0 530.5 732.1 671.5 87.5 502.2 77.2 509.8 514.7 292.9 1023.5 713.6 814.1 301.6 510.3 785.5 900.9 1044.3 960.1 620.8 291.7 717.9 461.5 696.3 519.8 253.7 773.2 99.0 430.4 290.9 235.9 1048.4 638.9 686.8 1090.6 0.0 346.3 69.9 890.5 653.7 696.6 279.6 998.0 695.6 643.3 715.3 246.6 361.0 660.8 255.9 224.4 667.7 535.2 590.8 701.8 699.1 239.8 512.6 279.6 794.6 510.2 497.0 350.6 634.1 482.2 921.4 655.1 1044.6 849.1 815.9
2099.8 173.7 673.8 717.5 178.4 479.2 361.8 103.9 1050.0 1016.0 160.0 401.7 439.2 197.2 920.0 268.6 318.9 244.3 571.3 1186.8 349.2 809.5 413.4 275.3 497.6 243.3 980.4 376.4 1034.0 1171.9 461.8 936.0 240.8 146.1 715.4 184.9 473.2 444.6 489.9 969.5 146.6 590.6 764.0 313.8 914.1 189.4 259.8 954.3 640.4 742.0 622.8 325.7 723.5 170.7 711.3 1021.8 618.0 298.3 663.7 614.3 209.1 744.4 569.3 1072.5 137.2 1004.8 31.8 398.7 1115.4 999.2 396.3 603.5 713.7 1007.1 132.8 761.1 216.1 995.0 529.2 520.7 650.5 1164.2 495.2 599.5 1034.6 162.5 539.7 137.7 334.3 402.0 185.2 1089.1 681.4 1045.9 630.0 1022.7 797.1 742.4 729.5 816.4 154.5 315.3 387.8 125.2 473.7 732.8 797.6 492.5 1035.2 151.4 1024.2 952.3 473.9 787.8 770.6 741.1 459.4 596.8 561.3 762.9 702.3 305.3 533.0 311.4 165.8 545.5 233.5 1125.6 369.6 470.1 242.2 166.3 768.4 1000.6 1146.4 1059.8 651.6 151.3 700.8 117.5 727.1 175.8 194.3 804.0 320.9 461.2 52.5 120.2 1150.5 531.9 402.6 1192.7 364.8 0.0 322.9 992.6 310.4 723.5 120.5 1100.1 728.8 538.7 746.1 305.8 391.8 316.8 185.7 130.7 563.1 191.2 436.6 357.8 729.9 101.3 543.4 66.2 825.4 166.2 530.2 381.4 617.0 465.1 1023.5 688.3 1144.3 951.2 849.1
2192.2 475.5 573.0 616.7 135.9 573.5 261.0 269.0 877.9 843.9 240.2 300.9 338.4 239.4 747.9 570.4 216.2 546.1 515.3 1014.7 26.2 708.7 639.3 146.1 396.8 123.9 808.3 53.4 861.9 999.8 590.9 766.3 542.6 238.5 614.6 131.8 370.0 512.8 562.8 797.4 448.4 489.8 707.4 615.6 744.4 491.2 130.6 782.2 539.6 641.2 522.0 627.5 622.7 143.6 610.5 849.7 517.2 197.5 684.4 561.4 251.3 643.6 653.2 900.4 253.8 832.7 269.8 612.9 943.3 827.1 295.5 502.7 612.9 835.0 434.6 657.9 520.3 822.9 428.4 473.5 549.7 992.1 596.5 623.3 864.9 184.7 438.9 257.0 93.0 301.2 487.0 919.4 702.1 873.8 529.2 857.3 671.5 641.6 628.7 715.6 458.7 186.1 689.6 217.6 420.8 632.0 744.7 392.4 863.1 453.2 854.5 782.6 376.0 687.1 667.1 688.2 358.6 496.0 460.5 662.1 601.5 17.5 432.2 86.0 467.6 444.7 250.7 953.4 671.4 771.9 259.4 468.1 715.5 830.9 974.3 890.1 550.8 249.5 647.9 419.3 626.3 477.6 211.5 703.2 29.0 360.4 248.7 193.7 978.4 568.9 616.8 1020.6 59.9 301.7 0.0 820.5 611.5 626.6 237.4 928.0 625.6 573.3 645.3 176.6 291.0 618.6 213.7 182.2 600.3 493.0 520.8 659.6 632.6 197.6 442.6 237.4 724.6 468.0 427.0 280.6 564.1 412.2 851.4 585.1 974.6 775.4 745.9
1907.4 819.1 449.8 595.9 731.7 655.0 583.4 864.8 104.5 125.4 836.0 623.3 639.7 835.2 139.9 796.1 580.9 771.8 671.7 296.2 824.2 331.4 589.2 750.3 575.5 753.9 200.3 851.4 143.4 281.3 637.6 158.3 750.0 834.3 438.5 727.6 621.2 536.0 665.7 126.6 979.5 492.5 328.9 841.3 102.8 1022.3 734.8 174.2 266.7 386.2 398.8 853.2 312.3 739.4 317.6 178.9 559.2 599.6 725.6 411.8 847.1 266.3 694.4 240.6 849.6 224.7 865.6 636.1 250.7 108.6 617.9 339.6 235.6 116.5 965.7 280.6 1051.4 49.5 371.7 629.9 316.5 273.6 637.7 664.5 256.9 780.5 361.4 852.8 844.9 512.1 807.2 259.6 743.3 165.5 271.3 249.3 364.1 322.8 333.6 338.3 989.8 790.3 915.3 813.4 577.2 403.5 183.0 673.7 192.3 958.1 175.0 174.6 505.9 466.6 289.8 349.9 440.7 404.1 582.9 257.1 326.9 780.3 683.4 822.0 940.0 355.2 846.5 234.9 897.1 824.2 855.2 999.2 397.7 160.1 255.8 171.6 419.7 845.3 281.0 924.2 371.3 1008.7 807.3 482.7 793.5 607.5 844.5 789.5 259.9 610.1 640.0 302.1 857.9 897.5 797.9 0.0 681.0 406.1 833.2 209.5 207.6 614.5 624.5 780.8 506.4 844.3 809.5 778.0 641.5 1024.1 544.0 632.5 302.1 793.4 693.8 833.2 347.3 827.0 430.0 603.0 468.1 568.6 55.9 263.1 256.1 104.6 525.4
1871.3 138.0 696.2 485.2 491.6 169.4 577.3 417.1 740.9 707.6 473.2 617.2 752.4 510.4 611.6 115.0 572.9 90.7 261.5 878.4 646.0 671.7 103.6 485.0 464.8 556.5 672.0 673.2 725.6 863.5 152.0 629.3 68.9 459.3 563.1 496.5 416.7 134.8 180.1 661.1 298.4 381.8 457.3 160.2 608.1 341.2 500.5 645.9 607.0 510.8 645.2 172.1 651.9 483.9 442.2 713.4 448.5 593.5 353.9 305.9 522.3 606.6 259.5 764.1 450.4 696.4 345.0 88.9 807.0 690.8 611.1 551.0 575.9 698.7 284.6 620.2 370.3 686.6 617.4 286.0 656.8 855.8 185.4 289.7 728.6 475.7 607.8 450.9 647.5 489.4 126.1 782.4 370.9 737.5 611.6 714.3 488.7 663.1 673.9 678.6 308.7 540.9 234.2 438.4 268.7 528.1 489.2 420.5 726.8 277.0 717.5 645.6 587.9 591.1 632.8 432.7 572.7 744.4 472.2 597.4 451.5 602.1 451.2 624.6 258.9 601.6 546.7 817.2 216.0 316.5 555.4 318.1 460.0 693.9 838.0 753.8 544.3 464.5 392.4 243.1 495.9 327.6 507.5 607.3 616.1 426.6 365.7 433.4 842.1 224.5 92.8 884.3 680.5 310.7 619.7 684.2 0.0 526.8 432.1 791.7 547.2 228.9 513.8 520.9 500.3 163.2 498.9 443.9 253.3 343.0 126.8 48.0 646.0 414.5 461.6 377.0 687.6 145.9 641.8 596.9 295.0 260.1 715.1 602.7 837.6 642.8 649.3
2232.4 778.3 262.1 482.4 544.0 541.5 395.7 677.1 483.5 449.5 648.3 435.6 570.4 647.5 353.5 682.6 391.3 658.3 558.2 620.3 636.5 377.9 475.7 562.6 416.1 562.3 413.9 663.7 467.5 605.4 524.1 368.0 636.5 646.6 129.0 536.0 393.2 422.5 552.2 403.0 856.5 379.0 193.5 727.8 346.1 899.3 547.1 387.8 208.8 22.6 211.1 739.7 354.9 547.8 100.5 455.3 540.4 411.9 612.1 298.3 659.4 312.8 580.9 506.0 661.9 438.3 677.9 522.6 548.9 432.7 426.3 116.9 282.1 440.6 842.7 323.2 928.4 428.5 184.0 510.7 218.9 597.7 524.2 551.0 466.6 592.8 173.7 665.1 657.2 320.5 693.7 521.1 625.9 479.4 198.4 456.2 108.0 369.3 380.1 384.8 862.9 602.6 801.8 625.7 463.7 5.3 231.1 445.7 468.7 847.1 456.2 384.3 315.3 61.6 339.0 218.4 249.1 390.6 483.7 339.3 91.5 592.6 455.4 634.3 829.0 167.5 658.8 559.1 783.6 710.7 667.5 876.2 306.9 432.6 579.9 491.8 110.2 657.6 167.5 813.2 37.5 885.7 619.6 77.8 601.9 383.6 656.8 601.8 584.0 496.6 526.5 626.2 666.3 712.2 610.2 426.1 566.7 0.0 641.6 533.6 289.8 501.0 511.0 593.1 318.7 730.8 621.8 586.4 525.4 901.1 430.5 519.0 352.2 605.7 465.8 641.6 393.8 770.8 242.3 415.3 354.6 455.1 457.0 250.4 576.3 384.7 120.5
2053.9 290.3 627.9 671.6 132.5 595.8 315.9 83.8 932.8 898.8 41.8 355.8 393.3 153.8 802.8 385.2 273.0 360.9 598.6 1069.6 303.3 763.6 530.0 229.4 451.7 197.4 863.2 330.5 916.8 1054.7 578.4 821.2 357.4 100.2 669.5 136.6 424.9 561.2 606.5 852.3 263.2 544.7 762.3 430.4 799.3 306.0 213.9 837.1 594.5 696.1 576.9 442.3 677.6 124.8 665.4 904.6 572.1 252.4 767.7 644.7 165.7 698.5 685.9 955.3 115.5 887.6 84.6 515.3 998.2 882.0 350.4 557.6 667.8 889.9 249.4 712.8 335.1 877.8 483.3 556.8 604.6 1047.0 611.8 706.6 919.8 95.3 493.8 19.5 288.4 356.1 301.8 974.3 785.4 928.7 584.1 912.2 726.4 696.5 683.6 770.5 273.5 269.4 504.4 79.3 504.1 686.9 743.1 477.4 918.0 268.0 909.4 837.5 428.0 741.9 722.0 783.3 413.5 550.9 515.4 717.0 656.4 259.4 487.1 265.5 282.4 499.6 187.6 1008.3 486.2 586.7 196.3 282.9 798.8 885.8 1029.2 945.0 605.7 33.1 731.2 234.1 681.2 292.4 148.4 758.1 272.6 415.3 63.5 74.3 1033.3 652.2 519.2 1075.5 318.9 116.5 277.0 875.4 426.3 681.5 0.0 982.9 680.5 656.6 700.2 259.9 345.9 433.4 67.5 84.8 681.0 307.8 553.2 474.4 684.0 55.4 497.5 52.2 779.5 282.8 481.9 335.5 647.4 495.5 906.3 640.0 1029.5 834.0 800.8
2003.5 944.2 574.9 721.0 856.8 780.1 708.5 989.9 194.2 156.2 961.1 748.4 764.8 960.3 265.0 921.2 706.0 896.9 796.8 176.3 949.3 456.5 714.3 875.4 700.6 879.0 325.4 976.5 110.9 161.4 762.7 283.4 875.1 959.4 563.6 852.7 746.3 661.1 790.8 251.7 1104.6 617.6 454.0 966.4 227.9 1147.4 859.9 299.3 391.8 511.3 523.9 978.3 437.4 864.5 442.7 304.0 684.3 724.7 850.7 536.9 972.2 391.4 819.5 256.4 974.7 349.8 990.7 761.2 252.5 112.6 743.0 464.7 360.7 105.1 1090.8 405.7 1176.5 168.1 496.8 755.0 441.6 153.7 762.8 789.6 382.0 905.6 486.5 977.9 970.0 637.2 932.3 272.1 868.4 181.3 396.4 374.4 489.2 447.9 458.7 463.4 1114.9 915.4 1040.4 938.5 702.3 528.6 308.1 798.8 317.4 1083.2 209.0 299.7 631.0 591.7 414.9 475.0 565.8 529.2 708.0 382.2 452.0 905.4 808.5 947.1 1065.1 480.3 971.6 53.8 1022.2 949.3 980.3 1124.3 522.8 285.2 135.9 139.1 544.8 970.4 406.1 1049.3 496.4 1133.8 932.4 607.8 918.6 732.6 969.6 914.6 134.5 735.2 765.1 182.2 983.0 1022.6 923.0 206.2 806.1 531.2 958.3 0.0 332.7 739.6 749.6 905.9 631.5 969.4 934.6 903.1 766.6 1149.2 669.1 757.6 427.2 918.5 818.9 958.3 472.4 952.1 555.1 728.1 593.2 693.7 251.2 388.2 130.7 229.7 650.5
2001.1 698.6 242.1 475.4 524.0 534.5 375.7 657.1 252.2 218.2 628.3 415.6 432.0 627.5 122.2 675.6 371.3 651.3 551.2 389.0 616.5 123.7 468.7 542.6 400.0 546.2 182.6 643.7 236.2 374.1 517.1 140.6 629.5 626.6 243.8 519.9 373.2 415.5 545.2 171.7 836.5 372.0 208.4 720.8 118.7 879.3 527.1 156.5 59.0 270.4 191.1 732.7 104.6 531.7 239.7 224.0 438.7 391.9 605.1 291.3 639.4 58.6 573.9 274.7 641.9 207.0 657.9 515.6 317.6 201.4 410.2 131.9 27.9 209.3 822.7 72.9 908.4 197.2 164.0 509.4 108.8 366.4 517.2 544.0 239.2 572.8 153.7 645.1 637.2 304.4 686.7 293.7 622.8 248.1 63.6 224.9 243.6 115.1 125.9 130.6 846.8 582.6 794.8 605.7 456.7 261.2 62.5 425.7 237.4 827.1 228.8 156.9 297.0 316.3 82.1 229.4 233.0 196.4 463.7 49.4 230.7 572.6 435.4 614.3 809.0 147.5 638.8 327.8 776.6 703.7 647.5 856.2 277.2 205.2 348.6 264.4 180.0 637.6 160.5 793.2 255.5 865.7 599.6 332.4 585.8 363.6 636.8 581.8 352.7 489.6 519.5 394.9 650.2 689.8 590.2 194.8 560.5 251.9 625.5 302.3 0.0 494.0 504.0 573.1 298.7 723.8 601.8 570.3 521.0 881.1 423.5 512.0 98.0 585.7 445.8 625.5 139.6 706.5 222.3 395.3 347.6 448.1 225.7 55.4 348.9 153.4 375.1
1938.2 368.2 690.5 479.5 540.9 219.1 530.8 674.0 735.9 701.9 645.2 570.7 731.2 644.4 605.9 345.2 528.3 320.9 316.7 872.7 605.0 666.0 153.3 444.0 425.2 563.1 666.3 632.2 719.9 857.8 201.7 624.3 299.1 643.5 557.4 536.8 370.9 199.0 229.8 655.4 528.6 376.1 452.3 390.4 602.4 571.4 459.5 640.2 601.3 505.1 639.5 402.3 646.9 548.6 436.5 707.7 442.8 547.0 150.3 331.2 656.3 600.9 119.1 758.4 658.8 690.7 575.2 185.2 801.3 685.1 565.3 545.3 570.2 693.0 514.8 615.2 600.5 680.9 596.7 274.9 651.1 850.1 44.4 89.2 722.9 589.7 602.1 662.0 654.1 443.6 356.3 777.4 168.0 731.8 605.9 715.3 483.0 657.4 668.2 672.9 538.9 499.9 464.4 622.6 222.2 522.4 483.5 374.0 721.1 507.2 712.5 640.6 544.3 585.5 624.4 427.0 526.9 738.7 466.5 591.7 445.8 561.1 404.7 631.2 489.1 595.9 655.7 811.4 446.2 373.3 664.4 548.3 454.3 688.9 832.3 748.1 538.6 654.5 386.7 473.3 490.2 557.8 616.5 601.6 574.3 380.1 595.9 598.7 836.4 4.5 189.1 878.6 638.7 543.3 578.7 678.5 230.1 525.0 642.4 786.0 542.2 0.0 508.1 479.9 453.8 393.4 618.7 587.2 26.9 573.2 176.5 181.6 636.7 602.6 415.1 607.2 681.9 376.1 595.3 550.4 280.2 213.6 709.4 597.7 832.6 633.4 644.3
2238.9 646.5 597.1 115.6 562.1 475.4 413.8 695.2 642.5 608.5 666.4 453.7 614.2 665.6 512.5 616.5 411.3 592.2 560.8 779.3 654.6 572.6 409.6 516.5 215.7 584.3 572.9 681.8 626.5 764.4 458.0 530.9 570.4 664.7 464.0 558.0 261.4 356.4 486.1 562.0 736.7 132.7 358.9 661.7 509.0 779.5 532.0 546.8 507.9 411.7 546.1 673.6 553.5 569.8 343.1 614.3 199.4 430.0 546.0 232.2 677.5 507.5 514.8 665.0 680.0 597.3 696.0 456.5 707.9 591.7 448.3 451.9 476.8 599.6 722.9 521.8 808.6 587.5 479.7 519.0 557.7 756.7 458.1 484.9 629.5 610.9 508.7 683.2 675.3 326.6 658.0 684.0 563.7 638.4 512.5 621.9 389.6 564.0 574.8 579.5 747.0 572.4 735.7 643.8 466.3 429.0 390.1 313.9 627.7 715.3 619.1 547.2 427.3 492.1 531.0 333.6 409.9 645.3 223.1 498.3 352.4 610.7 323.6 652.4 697.2 502.5 676.9 718.0 717.5 644.6 685.6 756.4 360.9 595.5 738.9 654.7 445.2 675.7 293.3 681.4 396.8 765.9 637.7 508.2 623.9 247.7 674.9 619.9 743.0 430.5 460.4 785.2 688.3 727.9 628.3 585.1 501.4 431.6 663.6 692.6 448.8 434.9 0.0 552.4 336.8 664.7 639.9 608.4 461.9 781.3 364.4 452.9 543.3 623.8 334.0 663.6 588.5 639.0 478.3 433.4 288.5 457.7 616.0 504.3 739.2 540.0 550.9
2194.4 362.3 575.2 545.4 138.1 455.4 263.2 271.2 879.0 845.0 242.4 303.1 340.6 241.6 749.0 457.2 218.4 432.9 397.2 1015.8 202.2 710.9 521.2 37.1 325.5 160.3 809.4 229.4 863.0 1000.9 472.8 767.4 429.4 240.7 616.8 134.0 271.2 394.7 444.7 798.5 450.6 418.5 595.4 502.4 745.5 493.4 56.7 783.3 541.8 648.2 524.2 514.3 624.9 145.8 579.6 850.8 445.9 199.7 566.3 443.3 253.5 645.8 535.1 901.5 256.0 833.8 272.0 494.8 944.4 828.2 297.7 504.9 615.1 836.1 436.8 660.1 522.5 824.0 430.6 355.4 551.9 993.2 478.4 505.2 866.0 186.9 441.1 259.2 251.3 303.4 373.8 920.5 584.0 874.9 531.4 858.4 626.1 643.8 630.9 717.8 460.9 34.3 576.4 219.8 302.7 665.5 626.6 274.3 864.2 431.1 855.6 783.7 378.2 728.6 669.3 570.1 360.8 498.2 389.2 664.3 588.9 158.3 305.0 228.4 413.0 446.9 252.9 954.5 558.2 658.7 261.6 470.3 597.4 832.0 975.4 891.2 553.0 251.7 529.8 397.2 633.3 479.8 213.7 744.7 171.5 280.4 250.9 195.9 979.5 450.8 498.7 1021.7 235.9 303.9 175.9 821.6 498.3 668.1 239.6 929.1 685.3 455.2 574.0 0.0 293.2 505.4 215.9 184.4 482.2 495.2 402.7 546.4 634.8 199.8 315.4 239.6 726.8 354.8 429.2 282.8 446.0 294.1 852.5 587.3 975.7 776.5 787.4
2281.5 464.0 281.9 325.6 225.2 436.5 76.9 358.3 586.8 552.8 329.5 116.8 277.3 328.7 456.8 481.7 74.4 457.4 378.3 723.6 317.7 417.6 502.3 243.8 105.7 247.4 517.2 344.9 570.8 708.7 453.9 475.2 435.6 327.8 323.5 221.1 78.9 375.8 425.8 506.3 537.7 198.7 416.3 526.9 453.3 580.5 228.3 491.1 248.5 350.1 230.9 538.8 398.5 232.9 319.4 558.6 226.1 93.1 547.4 341.7 340.6 352.5 516.2 609.3 343.1 541.6 359.1 475.9 652.2 536.0 111.4 211.6 321.8 543.9 523.9 366.8 609.6 531.8 137.3 336.5 258.6 701.0 459.5 486.3 573.8 274.0 147.8 346.3 338.4 10.1 475.5 628.3 565.1 582.7 238.1 566.2 380.4 409.0 384.0 424.5 548.0 283.8 600.9 306.9 283.8 340.9 397.1 131.4 572.0 532.8 563.4 491.5 84.9 396.0 376.0 437.3 67.5 251.3 169.4 371.0 310.4 273.8 141.1 315.5 514.7 153.6 340.0 662.3 582.7 683.2 348.7 557.4 470.4 539.8 683.2 599.0 259.7 338.8 402.8 498.9 335.2 566.9 300.8 412.1 287.0 69.3 338.0 283.0 687.3 431.9 479.8 729.5 351.4 391.0 291.4 529.4 520.8 335.5 326.7 636.9 334.5 436.3 354.2 274.3 0.0 529.9 303.0 271.5 463.3 582.3 383.8 472.3 388.3 286.9 151.5 326.7 433.5 456.5 135.9 96.5 427.1 275.2 560.3 294.0 683.5 484.3 454.8
1999.1 125.0 781.5 637.0 478.6 322.6 571.0 404.1 893.4 859.4 460.2 610.9 739.4 497.4 763.4 38.1 568.5 62.4 414.7 1030.2 633.0 823.5 256.8 472.0 465.4 543.5 823.8 660.2 877.4 1015.3 305.2 781.8 84.2 446.3 714.9 482.7 411.1 288.0 333.3 812.9 285.4 533.6 609.8 30.6 759.9 328.2 487.5 797.7 758.8 662.6 730.5 8.8 804.4 470.9 594.0 865.2 600.3 587.2 507.1 457.7 509.3 758.4 412.7 915.9 437.4 848.2 332.0 242.1 958.8 842.6 605.5 702.8 727.7 850.5 271.6 772.7 357.3 838.4 636.9 369.8 758.2 1007.6 338.6 442.9 880.4 462.7 647.4 437.9 634.5 483.8 113.1 934.9 524.8 889.3 737.7 872.8 640.5 814.9 825.7 830.4 295.7 527.9 70.9 425.4 317.1 679.9 641.0 414.2 878.6 264.0 870.0 798.1 584.5 743.0 781.9 584.5 567.1 750.9 529.1 749.2 603.3 589.1 444.9 611.6 245.9 653.2 533.7 968.9 86.4 186.9 542.4 305.1 611.8 846.4 989.8 905.6 696.1 451.5 544.2 230.1 647.7 314.6 494.5 759.1 602.3 420.3 352.7 420.4 993.9 377.7 246.0 1036.1 666.7 300.1 606.7 836.0 153.1 682.5 418.3 943.5 699.7 382.1 665.6 507.9 494.0 0.0 485.9 430.9 409.1 330.0 280.0 201.2 794.2 401.5 455.3 364.0 839.4 132.9 635.5 590.6 460.4 308.5 866.9 755.2 990.1 790.9 801.8
2057.0 340.3 580.8 624.5 85.4 609.7 268.8 133.8 885.7 851.7 26.4 308.7 346.2 86.2 755.7 435.2 224.0 410.9 551.5 1022.5 256.2 716.5 580.0 182.3 404.6 150.3 816.1 283.4 869.7 1007.6 628.4 774.1 407.4 103.3 622.4 89.5 377.8 549.0 599.0 805.2 313.2 497.6 715.2 480.4 752.2 356.0 166.8 790.0 547.4 649.0 529.8 492.3 630.5 77.7 618.3 857.5 525.0 205.3 720.6 597.6 98.1 651.4 689.4 908.2 118.6 840.5 134.6 565.3 951.1 834.9 303.3 510.5 620.7 842.8 299.4 665.7 385.1 830.7 436.2 509.7 557.5 999.9 632.7 659.5 872.7 27.7 446.7 53.1 241.3 309.0 351.8 927.2 738.3 881.6 537.0 865.1 679.3 649.4 636.5 723.4 323.5 222.3 554.4 82.4 457.0 639.8 696.0 430.3 870.9 318.0 862.3 790.4 383.8 694.9 674.9 736.2 366.4 503.8 468.3 669.9 609.3 212.3 440.0 218.4 332.4 452.5 145.9 961.2 536.2 636.7 154.6 332.9 751.7 838.7 982.1 897.9 558.6 35.7 684.1 284.1 634.1 342.4 101.3 711.0 225.5 368.2 113.5 58.5 986.2 605.1 569.2 1028.4 271.8 166.5 229.9 828.3 476.3 634.4 81.6 935.8 633.4 609.5 653.1 212.8 298.8 483.4 0.0 47.0 636.5 357.8 603.2 524.4 640.4 62.4 450.4 102.2 732.4 332.8 434.8 288.4 600.3 448.4 859.2 592.9 982.4 783.2 753.7
2008.9 292.2 542.0 585.7 46.6 570.9 230.0 85.7 846.9 812.9 96.0 269.9 307.4 65.4 716.9 387.1 185.2 362.8 512.7 983.7 217.4 677.7 531.9 143.5 365.8 111.5 777.3 244.6 830.9 968.8 580.3 735.3 359.3 55.2 583.6 50.7 339.0 510.2 560.2 766.4 265.1 458.8 676.4 432.3 713.4 307.9 128.0 751.2 508.6 610.2 491.0 444.2 591.7 38.9 579.5 818.7 486.2 166.5 681.8 558.8 77.3 612.6 650.6 869.4 70.5 801.7 86.5 517.2 912.3 796.1 264.5 471.7 581.9 804.0 251.3 626.9 337.0 791.9 397.4 465.2 518.7 961.1 593.9 620.7 833.9 30.7 407.9 73.7 202.5 270.2 303.7 888.4 699.5 842.8 498.2 826.3 640.5 610.6 597.7 684.6 275.4 183.5 506.3 34.3 418.2 601.0 657.2 391.5 832.1 269.9 823.5 751.6 345.0 656.1 636.1 697.4 327.6 465.0 429.5 631.1 570.5 173.5 401.2 179.6 284.3 413.7 101.7 922.4 488.1 588.6 110.4 284.8 712.9 799.9 943.3 859.1 519.8 87.3 645.3 236.0 595.3 294.3 62.5 672.2 186.7 329.4 65.4 10.5 947.4 566.3 521.1 989.6 233.0 120.8 191.1 789.5 428.9 595.6 54.1 897.0 594.6 570.7 614.3 174.0 260.0 435.3 59.7 0.0 595.1 309.7 555.1 476.3 601.6 14.4 411.6 54.1 693.6 284.7 396.0 249.6 561.5 409.6 820.4 554.1 943.6 744.4 714.9
1965.9 395.9 718.2 507.2 568.6 246.8 558.5 701.7 761.0 729.6 672.9 598.4 758.9 672.1 633.6 372.9 554.1 348.6 344.4 900.4 632.7 693.7 181.0 471.7 450.3 588.2 694.0 659.9 747.6 885.5 229.4 649.4 326.8 671.2 585.1 561.9 396.0 226.7 257.5 683.1 556.3 403.8 480.0 418.1 627.5 599.1 487.2 665.3 629.0 532.8 667.2 430.0 672.0 576.3 464.2 735.4 470.5 574.7 178.0 358.9 684.0 628.6 146.8 786.1 686.5 718.4 602.9 212.9 829.0 712.8 593.0 573.0 597.9 720.7 542.5 640.3 625.6 708.6 624.4 296.9 678.8 877.8 72.1 116.9 748.0 617.4 629.8 689.7 681.8 468.7 384.0 802.5 193.1 759.5 633.6 736.3 510.7 685.1 695.9 700.6 564.0 527.6 492.1 650.3 249.9 550.1 511.2 401.7 748.8 534.9 737.6 665.7 569.1 613.1 654.8 454.7 552.0 766.4 494.2 619.4 473.5 588.8 432.4 658.9 516.8 623.6 683.4 839.2 473.9 401.0 692.1 576.0 482.0 714.0 860.0 773.2 566.3 682.2 414.4 501.0 517.9 585.5 644.2 629.3 602.0 407.8 623.6 626.4 864.1 32.2 216.8 906.3 666.4 568.6 606.4 706.2 257.0 548.8 667.5 813.7 569.9 27.6 535.8 507.6 481.5 421.1 646.4 612.3 0.0 600.9 204.2 209.3 668.0 630.3 442.8 632.3 709.6 403.8 620.4 578.1 307.9 241.3 737.1 625.4 857.7 664.8 672.0
2230.9 223.5 865.0 813.4 369.6 529.0 553.0 295.1 1099.8 1065.8 351.2 592.9 630.4 388.4 969.8 318.4 508.2 294.1 621.1 1236.6 540.4 1029.9 463.2 480.3 593.5 434.5 1030.2 567.6 1083.8 1221.7 511.6 988.2 290.6 337.3 921.3 373.7 539.2 494.4 539.7 1019.3 44.2 686.5 816.2 363.6 966.3 25.2 451.0 1004.1 831.6 869.0 814.0 375.5 914.7 361.9 800.4 1071.6 713.9 489.5 713.5 664.1 400.3 964.8 619.1 1122.3 328.4 1054.6 223.0 448.5 1165.2 1049.0 587.5 794.7 934.1 1056.9 77.9 979.1 51.4 1044.8 720.4 576.2 841.7 1214.0 545.0 649.3 1086.8 353.7 730.9 328.9 525.5 593.2 235.0 1141.3 731.2 1095.7 821.2 1079.2 846.9 933.6 920.7 1036.8 33.9 506.5 437.6 316.4 523.5 886.3 847.4 542.3 1085.0 201.2 1076.4 1004.5 668.0 949.4 988.3 790.9 650.6 788.0 657.2 955.6 809.7 496.5 573.0 502.6 215.6 736.7 424.7 1175.3 419.4 519.9 433.4 24.5 818.2 1052.8 1196.2 1112.0 842.8 342.5 750.6 167.3 854.1 13.7 385.5 965.5 509.7 548.4 243.7 311.4 1200.3 584.1 452.4 1242.5 556.0 191.1 514.1 1042.4 359.5 888.9 309.3 1149.9 906.1 588.5 842.0 497.0 583.0 366.6 376.9 321.9 615.5 0.0 486.4 407.6 924.6 292.5 583.4 255.0 1045.8 216.0 719.0 572.6 666.8 514.9 1073.3 877.1 1196.5 997.3 1008.2
1874.4 275.0 569.3 358.3 460.5 110.9 450.4 593.6 614.7 580.7 564.8 490.3 650.8 564.0 484.7 252.0 447.9 227.7 236.3 751.5 524.6 544.8 45.1 363.6 337.9 482.7 545.1 551.8 598.7 736.6 93.5 503.1 205.9 563.1 436.2 456.4 290.5 8.0 121.6 534.2 435.4 254.9 331.1 297.2 481.2 478.2 379.1 519.0 480.1 383.9 518.3 309.1 525.7 468.2 315.3 586.5 321.6 466.6 294.5 179.0 575.9 479.7 262.6 637.2 578.4 569.5 482.0 92.0 680.1 563.9 484.9 424.1 449.0 571.8 421.6 494.0 507.3 559.7 491.2 194.5 529.9 728.9 121.9 233.4 601.7 509.3 480.9 581.6 573.7 363.2 263.1 656.2 312.2 610.6 484.7 594.1 361.8 536.2 547.0 551.7 445.7 419.5 371.2 542.2 141.8 401.2 362.3 293.6 599.9 414.0 591.3 519.4 463.9 464.3 503.2 305.8 446.5 617.5 345.3 470.5 324.6 480.7 324.3 550.8 395.9 474.7 575.3 690.2 353.0 280.1 584.0 455.1 333.1 567.7 711.1 626.9 417.4 574.1 265.5 380.1 369.0 464.6 536.1 480.4 493.9 299.7 502.7 518.3 715.2 161.0 95.9 757.4 558.3 450.1 498.3 557.3 136.9 403.8 562.0 664.8 421.0 165.4 386.9 399.5 373.4 300.2 538.3 506.8 192.4 480.0 0.0 88.4 515.5 522.2 334.7 514.0 560.7 282.9 514.9 470.0 168.1 133.2 588.2 476.5 711.4 512.2 523.1
1823.2 186.5 648.1 437.1 539.3 121.3 529.2 465.6 693.5 659.5 521.7 569.1 729.6 558.9 563.5 163.5 526.7 139.2 213.4 830.3 603.4 623.6 55.5 442.4 416.7 561.5 623.9 630.6 677.5 815.4 103.9 581.9 117.4 507.8 515.0 535.2 369.3 86.7 132.0 613.0 346.9 333.7 409.9 208.7 560.0 389.7 457.9 597.8 558.9 462.7 597.1 220.6 604.5 547.0 394.1 665.3 400.4 545.4 305.8 257.8 570.8 558.5 211.4 716.0 498.9 648.3 393.5 40.8 758.9 642.7 563.7 502.9 527.8 650.6 333.1 572.8 418.8 638.5 570.0 232.2 608.7 807.7 137.3 241.6 680.5 524.2 559.7 499.4 652.5 442.0 174.6 735.0 323.5 689.4 563.5 672.9 440.6 615.0 625.8 630.5 357.2 498.3 282.7 486.9 220.6 480.0 441.1 372.4 678.7 325.5 670.1 598.2 542.7 543.1 582.0 384.6 525.3 696.3 424.1 549.3 403.4 559.5 403.1 629.6 307.4 553.5 595.2 769.0 264.5 228.9 603.9 366.6 411.9 646.5 789.9 705.7 496.2 513.0 344.3 291.6 447.8 376.1 556.0 559.2 572.7 378.5 414.2 481.9 794.0 176.4 44.7 836.2 637.1 361.6 577.1 636.1 48.4 482.6 479.8 743.6 499.8 180.8 465.7 478.3 452.2 211.7 547.4 492.4 207.8 391.5 78.7 0.0 594.3 463.0 413.5 425.5 639.5 194.4 593.7 548.8 246.9 212.0 667.0 555.3 790.2 591.0 601.9
2108.9 806.4 296.5 583.2 565.4 642.3 430.1 676.7 360.0 326.0 662.8 470.0 372.5 648.3 230.0 783.4 425.7 759.1 659.0 496.8 657.9 167.4 576.5 584.0 484.5 584.0 290.4 685.1 344.0 481.9 624.9 248.4 737.3 626.8 298.2 561.3 457.7 523.3 653.0 279.5 866.0 479.8 316.2 828.6 226.5 908.8 568.5 264.3 113.4 324.8 245.5 840.5 10.2 586.9 294.1 331.8 546.5 456.6 712.9 399.1 660.2 44.9 681.7 382.5 642.1 314.8 687.4 623.4 425.4 309.2 464.6 186.3 82.7 317.1 852.2 34.5 937.9 305.0 218.4 611.5 163.2 474.2 625.0 651.8 347.0 607.3 208.1 674.6 678.6 388.9 794.5 401.5 730.6 355.9 118.0 332.7 351.4 63.8 50.9 174.3 872.7 624.0 902.6 586.8 564.5 315.6 170.3 480.1 345.2 870.8 336.6 264.7 349.7 370.6 86.9 337.2 317.5 136.9 518.1 144.2 285.1 614.0 489.8 655.7 885.2 201.9 618.4 435.6 884.4 811.5 627.1 885.7 385.0 313.0 456.4 372.2 234.4 672.1 268.3 836.9 309.9 895.2 579.2 386.8 627.2 418.0 666.3 610.2 460.5 600.9 627.3 502.7 688.0 721.7 631.6 302.6 667.5 306.3 651.4 410.1 107.7 601.8 611.8 614.5 353.1 831.6 636.3 601.2 626.2 910.6 531.3 619.8 0.0 605.2 500.2 651.4 183.3 814.3 280.2 449.7 455.4 555.9 333.5 113.3 456.7 261.2 433.0
1993.4 272.8 557.4 601.1 62.0 578.3 245.4 66.3 862.3 828.3 76.6 285.3 322.8 80.8 732.3 367.7 200.6 343.4 528.1 999.1 232.8 693.1 512.5 158.9 381.2 126.9 792.7 260.0 846.3 984.2 560.9 750.7 339.9 39.7 599.0 66.1 354.4 543.7 589.0 781.8 245.7 474.2 691.8 412.9 728.8 288.5 143.4 766.6 524.0 625.6 506.4 424.8 607.1 54.3 594.9 834.1 501.6 181.9 697.2 574.2 92.7 628.0 666.0 884.8 55.0 817.1 67.1 497.8 927.7 811.5 279.9 487.1 597.3 819.4 231.9 642.3 317.6 807.3 412.8 486.3 534.1 976.5 609.3 636.1 849.3 46.1 423.3 54.3 217.9 285.6 284.3 903.8 714.9 858.2 513.6 841.7 655.9 626.0 613.1 700.0 256.0 198.9 486.9 18.8 433.6 616.4 672.6 406.9 847.5 250.5 838.9 767.0 360.4 671.5 651.5 712.8 343.0 480.4 444.9 646.5 585.9 188.9 416.6 195.0 264.9 429.1 117.1 937.8 468.7 569.2 125.8 265.4 728.3 815.3 958.7 874.5 535.2 67.9 660.7 216.6 610.7 274.9 77.9 687.6 202.1 344.8 46.0 3.9 962.8 581.7 501.7 1005.0 248.4 99.0 206.5 804.9 408.8 611.0 34.7 912.4 610.0 586.1 629.7 189.4 275.4 415.9 75.1 14.4 613.1 290.3 535.7 456.9 617.0 0.0 427.0 34.7 709.0 265.3 411.4 265.0 576.9 425.0 835.8 569.5 959.0 759.8 730.3
2203.7 409.4 463.1 366.9 376.3 381.9 252.6 509.4 805.5 771.5 480.6 292.5 453.0 479.8 675.5 427.1 250.1 402.8 323.7 942.3 440.4 598.8 447.7 279.4 147.0 398.5 735.9 467.6 789.5 927.4 399.3 693.9 381.0 478.9 504.7 372.2 92.7 321.2 371.2 725.0 499.6 240.0 521.9 472.3 672.0 542.4 294.9 709.8 429.7 574.7 412.1 484.2 579.7 384.0 506.1 777.3 267.4 268.8 492.8 369.8 491.7 533.7 461.6 828.0 494.2 760.3 510.2 421.3 870.9 754.7 287.1 392.8 503.0 762.6 485.8 548.0 571.5 750.5 318.5 281.9 439.8 919.7 404.9 431.7 792.5 425.1 329.0 497.4 489.5 165.4 420.9 847.0 510.5 801.4 419.3 784.9 552.6 590.2 565.2 605.7 509.9 335.3 546.3 458.0 229.2 522.1 553.1 31.9 790.7 478.2 782.1 710.2 266.1 577.2 557.2 496.6 248.7 432.5 210.7 552.2 515.4 396.5 10.9 466.6 460.1 334.8 491.1 881.0 528.1 628.6 499.8 519.3 523.9 758.5 901.9 817.7 440.9 489.9 456.3 444.3 559.8 528.8 451.9 593.3 409.7 101.9 489.1 434.1 906.0 377.3 425.2 948.2 474.1 514.3 414.1 748.1 466.2 516.7 477.8 855.6 515.7 381.7 395.5 315.3 175.6 475.3 454.1 422.6 408.7 544.2 329.2 417.7 569.5 438.0 0.0 477.8 614.7 401.9 317.1 272.2 372.5 220.6 779.0 475.2 902.2 703.0 636.0
2035.9 238.0 609.9 653.6 114.5 543.5 297.9 40.0 914.8 880.8 96.1 337.8 375.3 133.3 784.8 332.9 253.1 308.6 580.6 1051.6 285.3 745.6 477.7 211.4 433.7 179.4 845.2 312.5 898.8 1036.7 526.1 803.2 305.1 82.2 651.5 118.6 406.9 508.9 554.2 834.3 210.9 526.7 744.3 378.1 781.3 253.7 195.9 819.1 576.5 678.1 558.9 390.0 659.6 106.8 647.4 886.6 554.1 234.4 749.7 626.7 145.2 680.5 633.6 937.3 73.3 869.6 32.3 463.0 980.2 864.0 332.4 539.6 649.8 871.9 197.1 694.8 282.8 859.8 465.3 538.8 586.6 1029.0 559.5 688.6 901.8 98.6 475.8 73.8 270.4 338.1 249.5 956.3 767.4 910.7 566.1 894.2 708.4 678.5 665.6 752.5 221.2 251.4 452.1 61.3 486.1 668.9 725.1 459.4 900.0 215.7 891.4 819.5 410.0 723.9 704.0 765.3 395.5 532.9 497.4 699.0 638.4 241.4 469.1 247.5 230.1 481.6 169.6 990.4 433.9 534.4 178.3 230.6 780.8 867.8 1011.2 927.0 587.7 87.4 713.2 181.8 663.2 240.1 130.4 740.1 254.6 397.3 11.2 56.3 1015.3 598.6 466.9 1057.5 300.9 64.2 259.0 857.4 374.7 659.6 54.2 964.9 662.5 603.0 682.2 241.9 327.9 381.1 121.8 66.8 627.4 255.5 500.9 422.1 666.0 37.4 479.5 0.0 761.5 230.5 463.9 317.5 629.4 477.5 888.3 622.0 1011.5 816.0 782.8
2118.7 816.2 330.8 593.0 612.7 652.1 464.4 745.8 369.8 335.8 717.0 504.3 520.7 716.2 239.8 793.2 461.9 768.9 668.8 506.6 705.2 11.6 586.3 631.3 488.7 634.9 300.2 732.4 353.8 491.7 634.7 258.2 747.1 715.3 332.5 608.6 461.9 533.1 662.8 289.3 925.2 489.6 326.0 838.4 236.3 968.0 615.8 274.1 147.7 359.1 279.8 850.3 232.4 620.4 314.7 341.6 556.3 480.6 722.7 408.9 728.1 147.3 691.5 392.3 730.6 324.6 746.6 633.2 435.2 319.0 498.9 220.6 116.6 326.9 911.4 200.7 997.1 314.8 252.7 627.0 197.5 484.0 634.8 661.6 356.8 661.5 242.4 733.8 725.9 393.1 804.3 411.3 740.4 365.7 152.3 349.2 361.2 242.9 253.7 80.5 935.5 671.3 912.4 694.4 574.3 349.9 180.1 514.4 355.0 915.8 346.4 274.5 386.9 405.0 89.7 347.0 321.7 285.1 552.4 154.0 319.4 661.3 524.1 703.0 897.7 236.2 727.5 445.3 894.2 821.3 736.2 944.9 394.8 322.8 466.2 382.0 268.7 726.3 278.1 881.9 344.2 954.4 688.3 421.1 674.5 452.3 725.5 670.5 470.3 607.2 637.1 512.5 738.9 778.5 678.9 312.4 678.1 344.5 714.2 419.9 117.5 611.6 621.6 661.8 387.4 841.4 690.5 659.0 638.6 969.8 541.1 629.6 222.2 674.4 534.5 714.2 0.0 824.1 311.0 484.0 465.2 565.7 343.3 144.1 466.5 267.3 463.8
2014.8 7.4 771.8 627.3 345.6 312.9 529.0 271.1 883.7 849.7 327.2 568.9 606.4 364.4 753.7 102.3 484.2 78.0 405.0 1020.5 500.0 813.8 247.1 339.0 455.7 410.5 814.1 527.2 867.7 1005.6 295.5 772.1 74.5 313.3 705.2 349.7 401.4 278.3 323.6 803.2 152.4 523.9 600.1 147.5 750.2 195.2 354.5 788.0 749.1 652.9 720.8 159.4 794.7 337.9 584.3 855.5 590.6 465.5 497.4 448.0 376.3 748.7 403.0 906.2 304.4 838.5 199.0 232.4 949.1 832.9 563.5 693.1 718.0 840.8 138.6 763.0 224.3 828.7 627.2 360.1 748.5 997.9 328.9 433.2 870.7 329.7 637.7 304.9 501.5 474.1 18.9 925.2 515.1 879.6 728.0 863.1 630.8 805.2 816.0 820.7 162.7 394.9 221.5 292.4 307.4 670.2 631.3 404.5 868.9 131.0 860.3 788.4 574.8 733.3 772.2 574.8 557.4 741.2 519.4 739.5 593.6 456.1 435.2 478.6 112.9 643.5 400.7 959.2 203.3 303.8 409.4 172.1 602.1 836.7 980.1 895.9 686.4 318.5 534.5 97.1 638.0 181.6 361.5 749.4 469.3 410.6 219.7 287.4 984.2 368.0 236.3 1026.4 533.7 167.1 473.7 826.3 143.4 672.8 285.3 933.8 690.0 372.4 655.9 374.9 484.3 150.5 352.9 297.9 399.4 197.0 270.3 191.5 784.5 268.5 445.6 231.0 829.7 0.0 625.8 548.6 450.7 298.8 857.2 745.5 980.4 781.2 792.1
2322.8 583.0 213.0 444.6 348.7 555.5 200.4 481.8 517.9 483.9 453.0 240.3 375.1 452.2 387.9 600.7 196.0 576.4 497.3 654.7 441.2 348.7 621.3 367.3 224.7 370.9 448.3 468.4 501.9 639.8 572.9 406.3 554.6 451.3 254.6 344.6 197.9 494.8 544.8 437.4 661.2 317.7 347.4 645.9 384.4 704.0 351.8 422.2 179.6 281.2 162.0 657.8 329.6 356.4 250.5 489.7 345.1 216.6 666.4 460.7 464.1 283.6 635.2 540.4 466.6 472.7 482.6 594.9 583.3 467.1 234.9 142.7 252.9 475.0 647.4 297.9 733.1 462.9 68.4 449.8 189.7 632.1 578.5 605.3 504.9 397.5 78.9 469.8 461.9 129.1 594.5 559.4 684.1 513.8 169.2 497.3 311.5 340.1 350.9 355.6 671.5 407.3 719.9 430.4 402.8 272.0 328.2 250.4 503.1 651.8 494.5 422.6 120.0 327.0 307.1 368.4 57.7 215.6 288.4 302.1 241.5 397.3 260.1 439.0 633.7 84.7 463.5 593.5 701.7 802.2 472.2 680.9 456.9 470.9 614.3 530.1 190.8 462.3 317.5 617.9 266.3 690.4 424.3 343.2 410.5 188.3 461.5 406.5 618.4 550.9 598.8 660.6 474.9 514.5 414.9 460.5 639.0 266.6 450.2 568.0 265.6 555.3 473.2 397.8 123.4 648.9 426.5 395.0 579.7 705.8 502.8 591.3 323.0 410.4 270.5 450.2 364.6 575.5 0.0 220.0 546.1 394.2 491.4 225.1 614.6 419.1 385.9
2262.5 545.8 389.9 433.6 206.2 544.5 19.5 339.3 694.8 660.8 310.5 20.2 258.3 309.7 564.8 589.7 55.4 565.4 486.3 831.6 298.7 525.6 610.3 224.8 213.7 228.4 625.2 325.9 678.8 816.7 561.9 583.2 543.6 308.8 431.5 202.1 186.9 483.8 533.8 614.3 518.7 306.7 524.3 634.9 561.3 561.5 209.3 599.1 356.5 458.1 338.9 646.8 506.5 213.9 427.4 666.6 334.1 74.1 655.4 449.7 321.6 460.5 624.2 717.3 324.1 649.6 340.1 583.9 760.2 644.0 14.8 319.6 429.8 651.9 504.9 474.8 590.6 639.8 245.3 444.5 366.6 809.0 567.5 594.3 681.8 255.0 255.8 327.3 319.4 118.1 557.3 736.3 673.1 690.7 346.1 674.2 488.4 517.0 492.0 532.5 529.0 264.8 708.9 287.9 391.8 448.9 505.1 239.4 680.0 523.5 671.4 599.5 192.9 504.0 484.0 545.3 175.5 359.3 277.4 479.0 418.4 254.8 249.1 296.5 537.9 261.6 321.0 770.3 690.7 791.2 329.7 538.4 578.4 647.8 791.2 707.0 367.7 319.8 510.8 489.6 443.2 547.9 281.8 520.1 268.0 177.3 319.0 264.0 795.3 539.9 587.8 837.5 332.4 372.0 272.4 637.4 681.8 443.5 307.7 744.9 442.5 544.3 462.2 255.3 107.9 637.9 284.0 252.5 571.3 563.3 491.8 580.3 496.3 267.9 259.5 307.7 541.5 538.3 243.9 0.0 535.1 383.2 668.3 402.0 791.5 592.3 562.8
2038.3 438.9 509.1 298.1 515.7 274.8 475.8 648.8 554.5 520.5 620.0 515.7 676.2 619.2 424.5 415.9 473.3 391.6 291.5 691.3 579.8 484.6 209.0 418.8 277.7 537.9 484.9 607.0 538.5 676.4 257.4 442.9 369.8 618.3 376.0 511.6 323.4 155.8 285.5 474.0 599.3 194.7 270.9 461.1 421.0 642.1 434.3 458.8 419.9 323.7 458.1 473.0 465.5 523.4 255.1 526.3 261.4 492.0 345.4 88.4 631.1 419.5 314.2 577.0 633.6 509.3 645.9 255.9 619.9 503.7 510.3 363.9 388.8 511.6 585.5 433.8 671.2 499.5 431.0 249.7 469.7 668.7 257.5 284.3 541.5 564.5 420.7 636.8 628.9 388.6 427.0 596.0 363.1 550.4 424.5 533.9 301.6 476.0 486.8 491.5 609.6 474.7 535.1 597.4 197.0 341.0 302.1 348.8 539.7 577.9 531.1 459.2 489.3 404.1 443.0 245.6 500.0 557.3 285.1 410.3 264.4 535.9 385.6 606.0 559.8 414.5 630.5 630.0 516.9 444.0 639.2 619.0 272.9 507.5 650.9 566.7 357.2 629.3 205.3 544.0 308.8 628.5 591.3 420.2 549.1 309.7 628.5 573.5 655.0 229.9 259.8 697.2 613.5 614.0 553.5 497.1 300.8 343.6 617.2 604.6 360.8 234.3 326.7 454.7 398.8 464.1 593.5 562.0 261.3 643.9 163.8 252.3 455.3 577.4 396.0 617.2 500.5 446.8 489.3 495.4 0.0 188.4 528.0 416.3 651.2 452.0 462.9
2030.9 288.1 555.5 376.3 355.1 161.2 345.0 488.2 632.7 598.7 459.4 384.9 545.4 458.6 502.7 265.1 342.5 240.8 103.0 769.5 419.2 562.8 227.0 258.2 239.4 377.3 563.1 446.4 616.7 754.6 178.6 521.1 219.0 457.7 454.2 351.0 185.1 148.4 150.5 552.2 448.5 272.9 349.1 310.3 499.2 491.3 273.7 537.0 498.1 401.9 504.5 322.2 543.7 362.8 333.3 604.5 339.6 361.2 320.0 197.0 470.5 497.7 288.8 655.2 473.0 587.5 489.0 248.5 698.1 581.9 379.5 442.1 467.0 589.8 434.7 512.0 520.4 577.7 410.9 61.2 532.2 746.9 232.1 258.9 619.7 403.9 421.4 476.2 468.3 257.8 276.2 674.2 337.7 628.6 502.7 612.1 379.8 554.2 565.0 569.7 458.8 314.1 384.3 436.8 8.6 419.2 380.3 188.2 617.9 427.1 609.3 537.4 358.5 482.3 521.2 323.8 341.1 524.9 303.1 488.5 342.6 375.3 218.9 445.4 409.0 427.2 469.9 708.2 366.1 466.6 478.6 468.2 351.1 585.7 729.1 644.9 435.4 468.7 283.5 393.2 387.0 477.7 430.7 498.4 388.5 194.3 467.9 412.9 733.2 204.5 252.4 775.4 452.9 463.2 392.9 575.3 293.4 421.8 456.6 682.8 439.0 208.9 404.9 294.1 268.0 313.3 432.9 401.4 235.9 493.1 156.4 244.9 533.5 416.8 229.3 456.6 578.7 296.0 409.5 364.6 199.7 0.0 606.2 494.5 729.4 530.2 541.1
1943.4 838.5 469.2 615.3 751.1 674.4 602.8 884.2 140.5 161.4 855.4 642.7 659.1 854.6 159.3 815.5 600.3 791.2 691.1 332.2 843.6 350.8 608.6 769.7 594.9 773.3 219.7 870.8 179.4 317.3 657.0 177.7 769.4 853.7 457.9 747.0 640.6 555.4 685.1 146.0 998.9 511.9 348.3 860.7 122.2 1041.7 754.2 193.6 286.1 405.6 418.2 872.6 331.7 758.8 337.0 198.3 578.6 619.0 745.0 431.2 866.5 285.7 713.8 276.6 869.0 244.1 885.0 655.5 286.7 144.6 637.3 359.0 255.0 152.5 985.1 300.0 1070.8 85.5 391.1 649.3 335.9 309.6 657.1 683.9 276.3 799.9 380.8 872.2 864.3 531.5 826.6 295.6 762.7 201.5 290.7 268.7 383.5 342.2 353.0 357.7 1009.2 809.7 934.7 832.8 596.6 422.9 202.4 693.1 211.7 977.5 211.0 194.0 525.3 486.0 309.2 369.3 460.1 423.5 602.3 276.5 346.3 799.7 702.8 841.4 959.4 374.6 865.9 270.9 916.5 843.6 874.6 1018.6 417.1 179.5 291.8 207.6 439.1 864.7 300.4 943.6 390.7 1028.1 826.7 502.1 812.9 626.9 863.9 808.9 295.9 629.5 659.4 338.1 877.3 916.9 817.3 66.9 700.4 425.5 852.6 245.5 227.0 633.9 643.9 800.2 525.8 863.7 828.9 797.4 660.9 1043.5 563.4 651.9 321.5 812.8 713.2 852.6 366.7 846.4 449.4 622.4 487.5 588.0 0.0 282.5 292.1 124.0 544.8
2074.6 780.8 264.6 548.9 546.5 608.0 398.2 680.7 325.7 291.7 650.8 438.1 376.5 652.3 195.7 749.1 393.8 724.8 624.7 462.5 639.0 148.3 542.2 565.1 422.5 568.7 256.1 666.2 309.7 447.6 590.6 214.1 703.0 630.8 266.3 542.4 395.7 489.0 618.7 245.2 870.0 515.5 281.9 794.3 192.2 912.8 549.6 230.0 93.5 292.9 213.6 806.2 104.7 554.2 262.2 297.5 542.9 414.4 678.6 364.8 664.2 58.7 647.4 348.2 646.1 280.5 691.4 589.1 391.1 274.9 432.7 154.4 48.4 282.8 856.2 73.0 941.9 270.7 186.5 577.2 53.3 439.9 590.7 617.5 312.7 595.3 176.2 678.6 659.7 326.9 792.3 367.2 696.3 321.6 83.1 305.1 323.2 115.2 126.0 155.2 880.3 605.1 868.3 590.8 530.2 283.7 136.0 448.2 310.9 849.6 302.3 230.4 320.7 338.8 106.7 302.9 255.5 140.9 486.2 109.9 253.2 595.1 457.9 636.8 831.5 170.0 622.4 401.2 850.1 777.2 631.1 889.7 350.7 278.7 422.1 337.9 202.5 660.1 234.0 815.7 278.0 899.2 583.2 354.9 608.3 386.1 670.3 614.2 426.2 563.1 593.0 468.4 672.7 723.3 612.7 268.3 633.2 274.4 659.0 375.8 73.4 567.5 577.5 595.6 321.2 797.3 624.3 592.8 594.5 914.6 497.0 585.5 98.1 609.2 468.3 659.0 164.2 773.3 244.8 417.8 421.1 521.6 299.2 0.0 422.4 226.9 397.6
2029.5 970.2 600.9 747.0 882.8 806.1 734.5 1015.9 220.2 182.2 987.1 774.4 790.8 986.3 291.0 947.2 730.1 922.9 822.8 98.8 975.3 482.5 740.3 901.4 726.6 905.0 351.4 1002.5 136.9 93.9 788.7 309.4 901.1 985.4 589.6 878.7 772.3 687.1 816.8 277.7 1130.6 643.6 480.0 992.4 253.9 1173.4 885.9 325.3 417.8 537.3 549.9 1004.3 463.4 890.5 468.7 330.0 710.3 750.7 876.7 562.9 998.2 417.4 845.5 282.4 1000.7 375.8 1016.7 787.2 278.5 138.6 769.0 490.7 386.7 131.1 1116.8 431.7 1202.5 194.1 522.8 781.0 467.6 86.2 788.8 815.6 408.0 931.6 512.5 1003.9 996.0 663.2 958.3 298.1 894.4 207.3 422.4 400.4 515.2 473.9 484.7 489.4 1140.9 941.4 1066.4 964.5 728.3 554.6 334.1 824.8 343.4 1109.2 235.0 325.7 657.0 617.7 440.9 501.0 591.8 555.2 734.0 408.2 478.0 931.4 834.5 973.1 1091.1 506.3 997.6 155.5 1048.2 975.3 1006.3 1150.3 548.8 311.2 68.4 165.1 570.8 996.4 432.1 1075.3 522.4 1159.8 958.4 633.8 944.6 758.6 995.6 940.6 3.7 761.2 791.1 110.8 1009.0 1048.6 949.0 232.2 832.1 553.3 984.3 130.1 358.7 765.6 775.6 931.9 657.5 995.4 960.6 929.1 792.6 1175.2 695.1 783.6 456.8 944.5 844.9 984.3 498.4 978.1 581.1 754.1 619.2 719.7 277.2 414.2 0.0 259.4 676.5
1936.2 819.3 450.0 596.1 731.9 655.2 583.6 865.0 187.3 153.3 836.2 623.5 639.9 835.4 140.1 796.3 579.2 772.0 671.9 324.1 824.4 331.6 589.4 750.5 579.7 754.1 200.5 851.6 171.3 309.2 637.8 162.5 750.2 834.5 438.7 731.8 625.4 536.2 665.9 21.9 979.7 492.7 329.1 841.5 107.0 1022.5 735.0 178.4 266.9 386.4 399.0 853.4 312.5 739.6 317.8 96.9 559.4 599.8 725.8 412.0 847.3 266.5 694.6 209.8 849.8 224.9 865.8 636.3 252.7 136.5 618.1 339.8 235.8 144.4 965.9 280.8 1051.6 132.3 371.9 624.4 316.7 301.5 637.9 664.7 257.1 780.7 361.6 857.0 845.1 512.3 807.4 232.8 747.5 183.2 271.5 242.8 364.3 323.0 333.8 338.5 994.0 790.5 915.5 813.6 577.4 403.7 183.2 673.9 91.8 958.3 163.9 178.8 503.2 466.7 292.7 350.1 440.9 404.3 583.1 257.3 327.1 780.5 683.6 822.2 940.2 355.4 846.7 262.9 897.3 824.4 855.4 999.4 397.9 51.7 283.7 203.5 419.9 845.5 281.2 924.4 371.5 1008.9 807.5 482.9 793.7 607.7 844.7 793.7 287.8 610.3 640.2 330.0 858.1 900.1 798.1 129.9 680.4 402.4 833.4 237.4 211.8 614.7 624.7 781.0 506.6 844.5 809.7 778.2 639.1 1024.3 544.2 632.7 305.9 793.6 694.0 833.4 347.5 827.2 434.2 603.2 468.3 568.8 160.8 267.3 288.0 0.0 529.6
2279.9 825.8 309.6 529.9 591.5 589.0 443.2 724.6 531.0 497.0 695.8 483.1 617.9 695.0 401.0 730.1 440.7 705.8 605.7 667.8 684.0 425.4 523.2 610.1 467.5 613.7 461.4 711.2 515.0 652.9 571.6 419.4 684.0 694.1 176.5 587.4 440.7 470.0 599.7 450.5 904.0 426.5 244.9 775.3 397.5 946.8 594.6 435.3 256.3 91.4 258.6 787.2 406.3 599.2 148.0 502.8 587.9 459.4 659.6 345.8 706.9 360.3 628.4 553.5 709.4 485.8 725.4 570.1 596.4 480.2 477.7 164.4 329.6 488.1 890.2 374.6 975.9 476.0 231.5 563.9 266.4 645.2 571.7 598.5 518.0 640.3 221.2 712.6 704.7 371.9 741.2 572.5 677.3 526.9 245.9 510.4 158.0 416.8 427.6 432.3 914.3 650.1 849.3 673.2 511.2 74.1 278.6 493.2 516.2 894.6 507.6 435.7 362.8 25.8 386.5 265.9 300.5 438.1 531.2 386.8 139.0 640.1 502.9 681.8 876.5 215.0 706.3 606.6 831.1 758.2 715.0 923.7 354.4 484.0 627.4 543.2 157.7 705.1 215.0 860.7 106.3 933.2 667.1 18.7 653.3 431.1 704.3 649.3 631.5 544.1 574.0 673.7 717.7 757.3 657.7 473.6 614.2 64.8 693.0 581.1 337.3 548.5 558.5 640.6 366.2 778.3 669.3 637.8 572.9 948.6 478.0 566.5 396.1 653.2 513.3 693.0 441.3 818.3 289.8 462.8 402.1 502.6 504.5 301.8 627.7 432.2 0.0
