Name		0828_BED-Amazon_n163_m259_bt30
Number_of_Customers	163
Number_of_Items		259
Number_of_ItemTypes	30
Number_of_Vehicles	1
TimeWindows		0
Dist_type	manual

VEHICLE
Mass_Capacity	2071
CargoSpace_Length	174
CargoSpace_Width	61
CargoSpace_Height	84

CUSTOMERS
i	x	y	Demand	ReadyTime	DueDate	ServiceTime	DemandedMass	DemandedVolume
0	33.688122	-117.847178	0	0	0	0	0	0
1	33.609342	-117.578062	1	0	0	0	0.7	2640
2	33.615982	-117.585832	1	0	0	0	5.25	14973
3	33.621919	-117.589015	1	0	0	0	1.9	1176
4	33.646186	-117.584096	1	0	0	0	4.7	1380
5	33.619445	-117.576051	2	0	0	0	6.45	5988
6	33.645746	-117.588563	1	0	0	0	4.8	6200
7	33.624374	-117.584312	2	0	0	0	7.2	5358
8	33.646397	-117.581828	1	0	0	0	4.7	1380
9	33.64768	-117.584428	1	0	0	0	4.7	1380
10	33.648451	-117.58477	4	0	0	0	16.05	7276
11	33.624743	-117.574377	3	0	0	0	15.09	15693
12	33.629432	-117.587168	1	0	0	0	0.7	2640
13	33.647198	-117.580123	3	0	0	0	7.89	11891
14	33.605869	-117.58211	1	0	0	0	0.7	2640
15	33.612862	-117.576277	1	0	0	0	4.7	1380
16	33.612288	-117.5748	1	0	0	0	0.7	2640
17	33.646451	-117.578605	2	0	0	0	13.2	5112
18	33.616306	-117.577175	1	0	0	0	1.4	5280
19	33.62302	-117.578863	2	0	0	0	10.3	15040
20	33.612828	-117.577279	1	0	0	0	4.7	1380
21	33.612126	-117.575579	1	0	0	0	1.75	4608
22	33.638728	-117.588015	1	0	0	0	1.75	4608
23	33.648202	-117.58175	1	0	0	0	2.5	3978
24	33.609356	-117.576997	1	0	0	0	1.9	1176
25	33.638913	-117.58573	2	0	0	0	6.6	2556
26	33.609035	-117.578433	1	0	0	0	4.7	1380
27	33.647764	-117.586522	2	0	0	0	3.71	8184
28	33.620001	-117.575343	2	0	0	0	12.0	5020
29	33.620777	-117.573561	1	0	0	0	7.3	3640
30	33.644092	-117.583644	1	0	0	0	3.82	7600
31	33.625484	-117.574284	1	0	0	0	4.7	1380
32	33.647677	-117.579007	1	0	0	0	4.7	1380
33	33.618549	-117.587724	1	0	0	0	5.29	8075
34	33.647721	-117.579429	1	0	0	0	1.9	1176
35	33.646915	-117.587839	1	0	0	0	4.7	1380
36	33.613659	-117.580988	1	0	0	0	1.4	5280
37	33.620744	-117.579122	1	0	0	0	2.19	6006
38	33.605291	-117.582801	1	0	0	0	2.15	1080
39	33.619449	-117.581365	1	0	0	0	1.9	1176
40	33.63957	-117.585667	3	0	0	0	6.25	16184
41	33.610926	-117.581164	1	0	0	0	4.7	1380
42	33.603366	-117.577646	4	0	0	0	15.65	12360
43	33.612467	-117.575595	1	0	0	0	4.7	1380
44	33.633421	-117.579842	1	0	0	0	0.7	2640
45	33.601325	-117.579983	1	0	0	0	4.7	1380
46	33.604838	-117.578835	1	0	0	0	9.4	2760
47	33.637479	-117.588352	1	0	0	0	0.7	2640
48	33.645077	-117.582474	3	0	0	0	5.46	12792
49	33.618808	-117.574027	1	0	0	0	4.7	1380
50	33.643572	-117.587441	2	0	0	0	2.6	3816
51	33.617477	-117.578201	1	0	0	0	7.63	16848
52	33.627673	-117.58549	1	0	0	0	0.7	2640
53	33.61686	-117.580056	3	0	0	0	24.87	9680
54	33.616966	-117.57466	1	0	0	0	2.6	10400
55	33.645072	-117.584986	1	0	0	0	7.3	3640
56	33.608741	-117.581987	1	0	0	0	1.38	5100
57	33.646724	-117.58224	2	0	0	0	11.17	12185
58	33.636761	-117.588442	1	0	0	0	1.75	4608
59	33.614155	-117.574514	1	0	0	0	4.7	1380
60	33.610487	-117.575769	1	0	0	0	1.9	1176
61	33.623623	-117.585474	2	0	0	0	2.6	3816
62	33.647225	-117.582389	2	0	0	0	4.25	8586
63	33.622378	-117.586473	2	0	0	0	6.47	10805
64	33.614036	-117.574879	4	0	0	0	17.3	37784
65	33.602766	-117.578738	1	0	0	0	1.75	4608
66	33.636342	-117.589815	3	0	0	0	7.15	8628
67	33.609469	-117.581298	1	0	0	0	4.7	1380
68	33.648373	-117.583733	1	0	0	0	1.4	5280
69	33.610758	-117.579638	1	0	0	0	0.7	2640
70	33.644469	-117.582947	1	0	0	0	7.3	3640
71	33.620595	-117.576294	1	0	0	0	2.15	1080
72	33.641179	-117.583634	2	0	0	0	6.45	5988
73	33.620382	-117.578092	1	0	0	0	4.7	1380
74	33.603127	-117.578382	1	0	0	0	1.75	4608
75	33.603202	-117.581516	1	0	0	0	1.8	2520
76	33.610886	-117.576644	1	0	0	0	4.7	1380
77	33.616588	-117.585222	1	0	0	0	4.7	1380
78	33.611677	-117.575281	1	0	0	0	4.7	1380
79	33.64436	-117.584695	1	0	0	0	4.7	1380
80	33.611559	-117.576112	1	0	0	0	7.3	3640
81	33.612789	-117.574053	2	0	0	0	12.0	5020
82	33.647763	-117.580033	1	0	0	0	1.9	1176
83	33.605597	-117.580224	1	0	0	0	9.4	2760
84	33.611947	-117.573643	1	0	0	0	3.82	7600
85	33.610692	-117.579135	2	0	0	0	5.4	4020
86	33.643275	-117.587448	2	0	0	0	9.99	9455
87	33.620699	-117.587674	2	0	0	0	5.79	14762
88	33.611789	-117.576195	3	0	0	0	13.05	8544
89	33.607748	-117.579627	1	0	0	0	5.29	8075
90	33.60361	-117.578272	1	0	0	0	4.7	1380
91	33.636888	-117.589523	2	0	0	0	3.3	6456
92	33.628794	-117.576358	1	0	0	0	0.7	2640
93	33.621088	-117.578553	1	0	0	0	4.7	1380
94	33.643411	-117.586602	1	0	0	0	4.7	1380
95	33.610892	-117.572957	1	0	0	0	4.7	1380
96	33.647274	-117.578532	1	0	0	0	1.4	5280
97	33.611389	-117.573003	2	0	0	0	10.1	5400
98	33.635203	-117.583067	1	0	0	0	2.6	10400
99	33.620308	-117.573272	2	0	0	0	16.7	6400
100	33.606094	-117.577113	1	0	0	0	0.7	2640
101	33.645759	-117.584777	1	0	0	0	2.94	14904
102	33.611203	-117.582782	1	0	0	0	9.4	2760
103	33.602022	-117.58046	1	0	0	0	4.7	1380
104	33.619878	-117.58385	1	0	0	0	1.9	1176
105	33.62645	-117.585699	1	0	0	0	4.7	1380
106	33.617893	-117.590767	1	0	0	0	4.7	1380
107	33.643584	-117.583879	1	0	0	0	0.7	2640
108	33.637609	-117.589037	2	0	0	0	2.6	3816
109	33.645948	-117.578649	1	0	0	0	2.1	7920
110	33.617115	-117.573804	1	0	0	0	1.75	4608
111	33.604691	-117.580455	2	0	0	0	7.71	6924
112	33.605861	-117.578393	1	0	0	0	1.9	1176
113	33.62158	-117.578686	1	0	0	0	7.3	3640
114	33.645684	-117.578802	1	0	0	0	3.01	5544
115	33.636723	-117.5836	3	0	0	0	7.89	11891
116	33.619304	-117.593052	1	0	0	0	4.7	1380
117	33.609949	-117.579672	2	0	0	0	12.0	5020
118	33.610585	-117.572972	2	0	0	0	5.4	4020
119	33.614765	-117.587435	1	0	0	0	4.7	1380
120	33.645221	-117.582389	1	0	0	0	4.7	1380
121	33.600793	-117.581365	1	0	0	0	2.91	13520
122	33.64175	-117.586865	1	0	0	0	2.15	1080
123	33.613893	-117.579525	1	0	0	0	1.9	1176
124	33.60559	-117.579299	1	0	0	0	1.9	1176
125	33.644629	-117.583351	1	0	0	0	2.5	3978
126	33.621686	-117.586593	4	0	0	0	10.54	21256
127	33.644206	-117.586116	4	0	0	0	14.45	12268
128	33.637192	-117.587738	1	0	0	0	0.7	2640
129	33.619355	-117.586287	1	0	0	0	1.9	1176
130	33.647743	-117.585308	3	0	0	0	9.22	12600
131	33.636485	-117.589544	2	0	0	0	5.4	4020
132	33.625194	-117.575963	1	0	0	0	4.7	1380
133	33.619591	-117.593814	1	0	0	0	4.7	1380
134	33.622357	-117.57968	1	0	0	0	0.7	2640
135	33.617663	-117.588523	2	0	0	0	9.0	3540
136	33.641028	-117.58781	1	0	0	0	4.7	1380
137	33.617663	-117.585922	1	0	0	0	4.7	1380
138	33.628385	-117.584211	2	0	0	0	5.4	4020
139	33.633216	-117.579241	2	0	0	0	8.0	6280
140	33.646842	-117.583509	1	0	0	0	2.5	3978
141	33.618197	-117.593446	3	0	0	0	8.99	36968
142	33.603425	-117.577022	2	0	0	0	4.35	15008
143	33.644948	-117.584437	1	0	0	0	0.7	2640
144	33.620001	-117.579742	1	0	0	0	4.7	1380
145	33.618396	-117.575529	1	0	0	0	3.01	5544
146	33.617983	-117.585972	2	0	0	0	7.04	12683
147	33.633512	-117.585598	2	0	0	0	6.45	5988
148	33.647535	-117.583888	2	0	0	0	12.0	5020
149	33.622003	-117.583598	1	0	0	0	4.7	1380
150	33.602025	-117.581958	1	0	0	0	4.7	1380
151	33.636273	-117.58402	1	0	0	0	2.15	1080
152	33.616351	-117.576945	2	0	0	0	9.95	19860
153	33.647479	-117.587126	3	0	0	0	10.42	11136
154	33.619372	-117.574579	1	0	0	0	1.75	4608
155	33.618211	-117.57621	1	0	0	0	1.75	4608
156	33.647764	-117.580025	1	0	0	0	3.01	5544
157	33.645512	-117.588355	2	0	0	0	9.4	11560
158	33.613251	-117.57875	1	0	0	0	0.7	2640
159	33.601279	-117.581921	2	0	0	0	5.22	13860
160	33.60289	-117.577134	1	0	0	0	1.75	4608
161	33.624298	-117.585568	1	0	0	0	9.4	2760
162	33.621509	-117.588641	1	0	0	0	2.5	3978
163	33.617535	-117.577624	1	0	0	0	0.7	2640

ITEMS
Type	Length	Width	Height	Mass	Fragility	LoadBearingStrength
Bt1	10	10	10	14.15	1	0
Bt2	18	12	5	2.15	1	0
Bt3	21	14	4	1.9	1	0
Bt4	23	15	4	4.7	1	0
Bt5	20	18	7	1.8	1	0
Bt6	15	11	16	0.7	1	0
Bt7	20	14	13	7.3	1	0
Bt8	17	13	18	2.5	1	0
Bt9	24	12	16	1.75	1	0
Bt10	24	15	14	3.42	1	0
Bt11	30	17	10	1.38	1	0
Bt12	28	22	9	3.01	1	0
Bt13	42	13	11	2.19	1	0
Bt14	31	20	10	4.8	1	0
Bt15	40	19	10	3.82	1	0
Bt16	25	19	17	5.29	1	0
Bt17	22	15	26	3.816	1	0
Bt18	30	20	15	1.76	1	0
Bt19	28	18	18	2.75	1	0
Bt20	29	25	13	1.77	1	0
Bt21	50	20	10	4.73	1	0
Bt22	40	20	13	2.6	1	0
Bt23	38	29	11	5.088	1	0
Bt24	26	20	26	2.91	1	0
Bt25	27	23	24	2.94	1	0
Bt26	31	23	21	5.25	1	0
Bt27	39	27	16	7.63	1	0
Bt28	39	28	16	3.434	1	0
Bt29	33	20	28	5.25	1	0
Bt30	41	20	29	3.42	1	0

DEMANDS PER CUSTOMER
i	Type Quantity
1	Bt6 1	
2	Bt26 1	
3	Bt3 1	
4	Bt4 1	
5	Bt9 1	Bt4 1	
6	Bt14 1	
7	Bt4 1	Bt8 1	
8	Bt4 1	
9	Bt4 1	
10	Bt3 1	Bt4 1	Bt2 1	Bt7 1	
11	Bt16 1	Bt8 1	Bt7 1	
12	Bt6 1	
13	Bt3 1	Bt6 1	Bt16 1	
14	Bt6 1	
15	Bt4 1	
16	Bt6 1	
17	Bt3 2	Bt4 2	
18	Bt6 2	
19	Bt14 2	Bt6 1	
20	Bt4 1	
21	Bt9 1	
22	Bt9 1	
23	Bt8 1	
24	Bt3 1	
25	Bt4 1	Bt3 1	
26	Bt4 1	
27	Bt6 1	Bt12 1	
28	Bt7 1	Bt4 1	
29	Bt7 1	
30	Bt15 1	
31	Bt4 1	
32	Bt4 1	
33	Bt16 1	
34	Bt3 1	
35	Bt4 1	
36	Bt6 2	
37	Bt13 1	
38	Bt2 1	
39	Bt3 1	
40	Bt9 1	Bt3 1	Bt22 1	
41	Bt4 1	
42	Bt4 2	Bt9 1	Bt3 2	Bt6 1	
43	Bt4 1	
44	Bt6 1	
45	Bt4 1	
46	Bt4 2	
47	Bt6 1	
48	Bt12 1	Bt6 1	Bt9 1	
49	Bt4 1	
50	Bt3 1	Bt6 1	
51	Bt27 1	
52	Bt6 1	
53	Bt1 1	Bt10 1	Bt7 1	
54	Bt22 1	
55	Bt7 1	
56	Bt11 1	
57	Bt20 1	Bt4 2	
58	Bt9 1	
59	Bt4 1	
60	Bt3 1	
61	Bt6 1	Bt3 1	
62	Bt9 1	Bt8 1	
63	Bt20 1	Bt4 1	
64	Bt15 1	Bt28 1	Bt19 1	Bt7 1	
65	Bt9 1	
66	Bt4 1	Bt9 1	Bt6 1	
67	Bt4 1	
68	Bt6 2	
69	Bt6 1	
70	Bt7 1	
71	Bt2 1	
72	Bt9 1	Bt4 1	
73	Bt4 1	
74	Bt9 1	
75	Bt5 1	
76	Bt4 1	
77	Bt4 1	
78	Bt4 1	
79	Bt4 1	
80	Bt7 1	
81	Bt7 1	Bt4 1	
82	Bt3 1	
83	Bt4 2	
84	Bt15 1	
85	Bt4 1	Bt6 1	
86	Bt4 1	Bt16 1	
87	Bt6 1	Bt23 1	
88	Bt4 2	Bt9 1	Bt3 1	
89	Bt16 1	
90	Bt4 1	
91	Bt6 2	Bt3 1	
92	Bt6 1	
93	Bt4 1	
94	Bt4 1	
95	Bt4 1	
96	Bt6 2	
97	Bt4 2	Bt6 1	
98	Bt22 1	
99	Bt4 2	Bt7 1	
100	Bt6 1	
101	Bt25 1	
102	Bt4 2	
103	Bt4 1	
104	Bt3 1	
105	Bt4 1	
106	Bt4 1	
107	Bt6 1	
108	Bt3 1	Bt6 1	
109	Bt6 3	
110	Bt9 1	
111	Bt12 1	Bt4 1	
112	Bt3 1	
113	Bt7 1	
114	Bt12 1	
115	Bt6 1	Bt16 1	Bt3 1	
116	Bt4 1	
117	Bt7 1	Bt4 1	
118	Bt6 1	Bt4 1	
119	Bt4 1	
120	Bt4 1	
121	Bt24 1	
122	Bt2 1	
123	Bt3 1	
124	Bt3 1	
125	Bt8 1	
126	Bt18 1	Bt21 1	Bt3 1	Bt2 1	
127	Bt7 1	Bt6 1	Bt9 1	Bt4 1	
128	Bt6 1	
129	Bt3 1	
130	Bt4 1	Bt17 1	Bt6 1	
131	Bt6 1	Bt4 1	
132	Bt4 1	
133	Bt4 1	
134	Bt6 1	
135	Bt2 2	Bt4 1	
136	Bt4 1	
137	Bt4 1	
138	Bt6 1	Bt4 1	
139	Bt6 1	Bt7 1	
140	Bt8 1	
141	Bt9 1	Bt17 1	Bt30 1	
142	Bt22 1	Bt9 1	
143	Bt6 1	
144	Bt4 1	
145	Bt12 1	
146	Bt16 1	Bt9 1	
147	Bt9 1	Bt4 1	
148	Bt4 1	Bt7 1	
149	Bt4 1	
150	Bt4 1	
151	Bt2 1	
152	Bt4 1	Bt29 1	
153	Bt4 1	Bt17 1	Bt3 1	
154	Bt9 1	
155	Bt9 1	
156	Bt12 1	
157	Bt6 3	Bt7 1	
158	Bt6 1	
159	Bt17 1	Bt6 2	
160	Bt9 1	
161	Bt4 2	
162	Bt8 1	
163	Bt6 1	

DISTANCE MATRIX
0.0 2343.4 2150.0 2144.3 2056.2 2609.9 1932.3 2181.4 2030.7 2017.0 2059.3 2446.4 2043.3 2047.5 2417.8 2346.0 2369.9 2053.6 2716.1 2648.7 2340.3 2366.4 1968.0 2125.9 2360.3 1992.6 2353.0 1963.8 2530.7 2507.9 2009.2 2471.2 2087.8 2130.7 2099.6 1967.7 2243.3 2489.6 2439.4 2523.0 1968.5 2382.0 2440.8 2353.8 2282.8 2500.6 2444.7 1931.7 2095.0 2559.9 1967.2 2659.7 2207.9 2634.5 2606.0 2003.4 2336.4 2025.1 1937.5 2317.0 2339.1 2167.7 2084.9 2165.2 2320.7 2494.8 1918.5 2362.0 2058.3 2351.6 2008.1 2552.1 1998.3 2550.5 2483.9 2410.5 2367.0 2220.3 2382.9 1992.4 2387.0 2349.0 2068.5 2406.0 2353.6 2334.6 1973.1 2097.4 2379.7 2448.8 2471.6 1900.0 2411.1 2491.6 2044.2 2408.6 2060.4 2393.4 2057.3 2528.5 2481.6 2036.8 2383.1 2499.6 2236.2 2189.0 2213.9 2035.0 1952.5 2070.8 2592.5 2470.8 2470.6 2518.5 2080.2 2076.2 2253.8 2396.8 2417.7 2147.0 2091.6 2490.6 2011.8 2276.0 2419.6 2016.6 2147.7 1963.6 1970.0 2171.3 2000.5 1936.8 2522.6 2274.1 2603.8 2157.9 1987.7 2183.5 2421.2 2267.9 2004.6 2287.9 2472.6 2012.9 2507.9 2601.5 2189.9 2339.9 2021.8 2213.6 2448.0 2056.5 2707.3 1965.7 2536.3 2619.9 2068.7 1927.0 2287.5 2459.4 2483.4 2154.1 2133.5 2652.4
2152.3 0.0 356.4 350.7 673.6 357.6 540.1 277.0 560.8 634.4 676.7 368.4 323.0 557.3 186.1 141.5 138.3 599.9 503.6 375.9 194.9 161.9 477.8 656.0 68.3 502.4 9.5 618.0 350.9 385.2 570.9 393.2 607.8 337.1 596.0 583.9 136.3 276.1 207.7 250.2 478.3 150.3 209.1 149.3 454.6 268.9 213.0 519.2 625.1 399.8 556.4 386.9 303.5 361.7 443.4 565.1 104.7 555.2 557.8 112.5 47.1 272.7 615.0 371.6 116.2 263.1 570.8 130.3 675.7 119.9 602.4 329.5 508.1 298.2 252.2 178.8 75.0 426.7 178.4 554.1 182.5 117.4 578.3 174.3 83.3 102.9 562.3 303.8 175.2 217.1 239.9 552.3 363.5 317.1 555.7 125.6 635.2 110.4 397.7 405.8 249.9 654.2 151.4 267.9 244.9 284.6 420.3 596.7 540.0 599.7 432.4 239.1 238.9 344.0 590.3 416.6 460.2 165.1 134.7 353.4 621.7 258.9 536.8 130.6 187.9 593.8 354.1 552.8 590.3 377.7 617.9 589.1 444.6 480.5 331.0 364.3 512.7 389.9 385.7 439.7 622.0 494.3 240.9 574.6 258.9 441.4 396.3 378.3 639.2 222.3 216.3 396.9 494.8 604.3 376.2 459.8 578.5 534.8 180.5 227.7 251.7 259.1 339.9 395.8
2006.0 340.7 0.0 217.2 527.3 618.5 393.8 178.7 414.5 488.1 530.4 455.0 176.7 411.0 415.1 343.3 367.2 453.6 724.7 657.3 337.6 363.7 331.5 509.7 357.6 356.1 350.3 471.7 539.3 516.5 424.6 479.8 461.5 144.5 449.7 437.6 240.6 498.2 436.7 531.6 332.0 379.3 309.2 351.1 420.8 301.5 442.0 372.9 478.8 568.5 410.1 668.3 205.2 643.1 614.6 418.8 333.7 408.9 411.5 314.3 336.4 165.0 468.7 151.3 318.0 386.2 424.5 359.3 529.4 348.9 456.1 560.7 361.8 559.1 375.3 287.2 364.3 89.5 380.2 407.8 384.3 346.3 432.0 403.3 350.9 331.9 416.0 170.3 377.0 446.1 363.0 406.0 419.7 500.2 409.4 405.9 488.9 390.7 251.4 537.1 478.9 507.9 380.4 300.5 233.5 186.3 125.5 450.4 393.7 453.4 601.1 468.1 467.9 527.1 444.0 270.3 165.4 394.1 415.0 58.6 475.4 268.5 390.5 273.3 416.9 447.5 133.8 406.5 444.0 68.2 471.6 442.8 531.2 185.7 612.4 123.9 366.4 33.4 239.4 405.9 475.7 199.5 341.0 428.3 516.5 610.1 39.8 232.0 492.9 210.9 257.6 250.6 715.9 458.0 544.9 628.5 432.2 388.5 284.8 244.7 351.8 151.4 206.4 661.0
2024.3 359.0 192.6 0.0 545.6 636.8 412.1 197.0 432.8 506.4 548.7 473.3 195.0 429.3 433.4 361.6 385.5 471.9 743.0 675.6 355.9 382.0 349.8 528.0 375.9 374.4 368.6 490.0 557.6 534.8 442.9 498.1 479.8 337.2 468.0 455.9 258.9 516.5 455.0 549.9 350.3 397.6 456.4 369.4 439.1 516.2 460.3 391.2 497.1 586.8 428.4 686.6 223.5 661.4 632.9 437.1 352.0 427.2 429.8 332.6 354.7 183.3 487.0 118.3 336.3 510.4 442.8 377.6 547.7 367.2 474.4 579.0 380.1 577.4 499.5 426.1 382.6 188.0 398.5 426.1 402.6 364.6 450.3 421.6 369.2 350.2 434.3 47.4 395.3 464.4 487.2 424.3 438.0 518.5 427.7 424.2 507.2 409.0 269.7 555.4 497.2 526.2 398.7 515.2 251.8 204.6 318.2 468.7 412.0 471.7 619.4 486.4 486.2 545.4 462.3 288.6 358.1 412.4 433.3 251.3 493.7 506.2 408.8 291.6 435.2 465.8 100.8 424.8 462.3 124.4 489.9 461.1 549.5 378.4 630.7 316.6 384.7 159.1 257.7 424.2 494.0 392.2 488.2 446.6 534.8 628.4 152.7 250.3 511.2 229.2 463.6 268.9 734.2 476.3 563.2 646.8 450.5 406.8 303.1 475.0 499.0 169.7 12.8 679.3
1926.0 732.1 538.7 533.0 0.0 772.1 256.0 570.1 166.5 166.8 209.1 608.6 432.0 229.0 806.5 734.7 758.6 314.5 878.3 810.9 729.0 755.1 326.4 261.7 749.0 289.2 741.7 194.7 692.9 670.1 221.6 633.4 279.5 519.4 267.7 198.6 632.0 651.8 828.1 685.2 265.1 770.7 829.5 742.5 445.0 889.3 833.4 320.4 98.3 722.1 238.9 821.9 596.6 796.7 768.2 221.5 725.1 160.9 359.0 705.7 727.8 556.4 220.7 553.9 709.4 883.5 372.0 750.7 208.1 740.3 184.3 714.3 294.9 712.7 872.6 799.2 755.7 609.0 771.6 204.5 775.7 737.7 250.0 794.7 742.3 723.3 244.8 486.1 768.4 837.5 860.3 353.5 573.3 653.8 315.7 797.3 321.3 782.1 388.4 690.7 870.3 40.0 771.8 888.3 624.9 577.7 602.6 230.3 341.2 257.3 754.7 859.5 859.3 680.7 247.9 407.3 642.5 785.5 806.4 535.7 101.7 879.3 287.0 664.7 808.3 192.8 536.4 235.3 391.5 560.0 150.3 390.3 684.8 662.8 766.0 546.6 316.4 572.2 583.4 430.1 80.0 676.6 861.3 212.0 670.1 763.7 578.6 704.3 171.6 602.3 836.7 387.6 869.5 196.6 698.5 782.1 250.2 250.7 676.2 848.1 872.1 542.8 522.2 814.6
2312.5 388.7 696.9 691.2 761.2 0.0 700.3 292.2 676.4 794.6 836.9 217.7 590.2 717.5 463.1 391.3 415.2 671.2 324.0 286.1 385.6 411.7 638.0 771.6 405.6 662.6 398.3 778.2 118.9 180.0 731.1 242.5 705.4 677.6 756.2 744.1 288.6 108.5 484.7 153.9 638.5 427.3 486.1 399.1 393.7 545.9 490.0 679.4 740.7 167.8 716.6 268.8 318.7 260.2 213.9 725.3 381.7 670.8 718.0 362.3 384.4 287.9 730.6 712.1 366.0 540.1 736.6 407.3 835.9 396.9 671.8 97.5 672.1 61.9 529.2 455.8 412.3 767.2 428.2 714.3 432.3 394.3 738.5 442.0 398.9 386.3 722.2 650.5 425.0 494.1 516.9 718.0 302.6 149.5 715.9 453.9 678.0 438.7 557.9 200.6 526.9 731.5 428.4 544.9 281.5 299.8 760.8 756.9 700.8 671.0 200.4 516.1 515.9 176.4 661.6 576.8 800.7 442.1 463.0 693.9 737.3 535.9 697.0 321.3 464.9 754.0 694.6 713.0 750.5 718.2 778.1 749.3 293.9 821.0 248.1 704.8 672.9 730.4 368.1 378.8 782.2 834.8 517.9 734.8 108.0 209.4 736.8 489.0 799.4 258.9 493.3 557.1 315.2 770.6 144.2 227.8 738.7 695.0 332.8 504.7 528.7 274.3 680.4 260.3
1794.5 634.6 441.2 435.5 260.5 817.5 0.0 472.6 238.3 221.3 263.6 654.0 334.5 345.9 709.0 637.2 661.1 261.2 923.7 856.3 631.5 657.6 234.7 333.5 651.5 197.5 644.2 136.5 738.3 715.5 213.5 678.8 295.4 421.9 307.2 55.0 534.5 697.2 730.6 730.6 173.4 673.2 732.0 645.0 490.4 791.8 735.9 222.9 302.6 767.5 131.5 867.3 499.1 842.1 813.6 207.7 627.6 232.7 261.5 608.2 630.3 458.9 292.5 456.4 611.9 786.0 274.5 653.2 262.6 642.8 215.7 759.7 203.2 758.1 775.1 701.7 658.2 511.5 674.1 196.7 678.2 640.2 324.9 697.2 644.8 625.8 137.4 388.6 670.9 740.0 762.8 256.0 618.7 699.2 208.5 699.8 268.0 684.6 433.8 736.1 772.8 241.1 674.3 790.8 527.4 480.2 505.1 239.3 243.7 278.4 800.1 762.0 761.8 726.1 287.8 452.7 545.0 688.0 708.9 438.2 299.2 781.8 176.1 567.2 710.8 224.2 438.9 127.9 294.0 462.5 204.8 292.8 730.2 565.3 811.4 449.1 152.0 474.7 628.8 475.5 208.9 579.1 763.8 217.2 715.5 809.1 481.1 749.7 226.1 504.8 739.2 433.0 914.9 122.8 743.9 827.5 324.7 6.4 578.7 750.6 774.6 445.3 424.7 860.0
1988.9 295.6 193.0 187.3 510.2 299.7 376.7 0.0 397.4 471.0 513.3 310.5 159.6 393.9 370.0 298.2 322.1 436.5 445.7 311.1 292.5 318.6 314.4 492.6 312.5 339.0 305.2 454.6 293.0 327.3 407.5 335.3 444.4 173.7 432.6 420.5 195.5 218.2 391.6 192.3 314.9 334.2 393.0 306.0 396.7 452.8 392.3 355.8 461.7 341.9 393.0 329.0 97.5 298.6 385.5 401.7 288.6 391.8 394.4 269.2 291.3 119.9 451.6 208.2 272.9 447.0 415.2 314.2 512.3 303.8 439.0 271.6 344.7 240.3 436.1 362.7 319.2 263.3 335.1 390.7 339.2 301.2 414.9 348.9 305.8 293.2 398.6 146.6 331.9 401.0 423.8 394.4 305.6 259.2 392.3 360.8 471.8 345.6 234.3 347.9 433.8 490.8 335.3 451.8 188.4 78.6 256.9 433.3 376.6 436.3 374.5 423.5 422.8 286.1 426.9 253.2 296.8 349.0 369.9 190.0 458.3 442.8 373.4 228.2 371.8 430.4 190.7 389.4 426.9 214.3 454.5 425.7 386.7 317.1 273.1 200.9 349.3 226.5 222.3 381.8 458.6 330.9 424.8 411.2 201.0 383.5 232.9 214.9 475.8 165.8 400.2 233.5 433.1 440.9 318.3 401.9 415.1 371.4 239.7 411.6 435.6 106.3 176.5 337.9
1937.2 657.4 464.0 458.3 156.6 697.4 242.1 495.4 0.0 289.8 332.1 533.9 357.3 154.3 731.8 660.0 683.9 199.8 803.6 736.2 654.3 680.4 251.7 124.8 674.3 214.5 667.0 275.4 618.2 595.4 146.9 558.7 204.8 444.7 193.0 285.9 557.3 577.1 753.4 610.5 190.4 696.0 754.8 667.8 370.3 814.6 758.7 245.7 136.1 647.4 211.2 747.2 521.9 722.0 693.5 146.8 650.4 24.0 284.3 631.0 653.1 481.7 83.8 479.2 634.7 808.8 297.3 676.0 331.1 665.6 109.6 639.6 220.2 638.0 797.9 724.5 681.0 534.3 696.9 163.7 701.0 663.0 175.3 720.0 667.6 648.6 205.3 411.4 693.7 762.8 785.6 278.8 498.6 579.1 241.0 722.6 232.2 707.4 313.7 616.0 795.6 126.9 697.1 813.6 550.2 503.0 527.9 155.6 266.5 182.6 680.0 784.8 784.6 606.0 173.2 332.6 567.8 710.8 731.7 461.0 132.7 804.6 212.3 590.0 733.6 118.1 461.7 249.8 316.8 485.3 273.3 315.6 610.1 588.1 691.3 471.9 241.7 497.5 508.7 355.4 197.2 601.9 786.6 137.3 595.4 689.0 503.9 629.6 294.6 527.6 762.0 312.9 794.8 277.3 623.8 707.4 175.5 236.8 601.5 773.4 797.4 468.1 447.5 739.9
1871.0 761.8 568.4 562.7 171.0 815.8 201.0 599.8 236.6 0.0 96.3 652.3 461.7 344.2 836.2 764.4 788.3 259.5 922.0 854.6 758.7 784.8 356.1 331.8 778.7 318.9 771.4 139.7 736.6 713.8 166.3 677.1 293.7 549.1 305.5 143.6 661.7 695.5 857.8 728.9 294.8 800.4 859.2 772.2 488.7 919.0 863.1 350.1 209.9 765.8 183.9 865.6 626.3 840.4 811.9 160.5 754.8 231.0 388.7 735.4 757.5 586.1 290.8 583.6 739.1 913.2 401.7 780.4 95.3 770.0 214.0 758.0 324.6 756.4 902.3 828.9 785.4 638.7 801.3 149.5 805.4 767.4 323.2 824.4 772.0 753.0 189.8 515.8 798.1 867.2 890.0 383.2 617.0 697.5 303.3 827.0 266.3 811.8 432.1 734.4 900.0 151.6 801.5 918.0 654.6 607.4 632.3 192.1 370.9 276.7 798.4 889.2 889.0 724.4 286.1 451.0 672.2 815.2 836.1 565.4 213.3 909.0 316.7 694.4 838.0 189.2 566.1 180.3 421.2 589.7 37.5 420.0 728.5 692.5 809.7 576.3 259.2 601.9 627.1 473.8 119.4 706.3 891.0 170.0 713.8 807.4 608.3 748.0 58.4 632.0 866.4 431.3 913.2 141.6 742.2 825.8 323.0 195.7 705.9 877.8 901.8 572.5 551.9 858.3
1906.1 796.9 603.5 597.8 206.1 850.9 236.1 634.9 271.7 109.1 0.0 687.4 496.8 379.3 871.3 799.5 823.4 294.6 957.1 882.8 793.8 819.9 391.2 366.9 813.8 354.0 806.5 174.0 771.7 748.9 201.4 712.2 328.8 584.2 340.6 178.7 696.8 730.6 892.9 764.0 329.9 835.5 894.3 807.3 523.8 954.1 898.2 385.2 245.0 800.9 219.0 900.7 661.4 870.3 847.0 195.6 789.9 266.1 423.8 770.5 792.6 621.2 325.9 618.7 774.2 948.3 436.8 815.5 57.6 805.1 249.1 793.1 359.7 791.5 937.4 864.0 820.5 673.8 836.4 184.6 840.5 802.5 358.3 850.2 807.1 788.1 224.9 550.9 833.2 902.3 925.1 423.8 652.1 732.6 338.4 862.1 301.4 846.9 467.2 769.5 935.1 186.7 836.6 953.1 689.7 642.5 667.4 227.2 406.6 311.8 833.5 924.3 924.1 759.5 321.2 486.1 707.3 850.3 871.2 600.5 248.4 944.1 351.8 729.5 873.1 224.3 601.2 215.4 456.3 624.8 58.7 455.1 763.6 727.6 844.8 611.4 294.3 637.0 662.2 508.9 154.5 741.4 926.1 205.1 748.9 842.5 643.4 783.1 113.9 667.1 901.5 466.4 944.5 176.7 777.3 860.9 358.1 230.8 741.0 912.9 936.9 608.8 587.0 893.4
2149.6 388.4 534.0 528.3 598.3 238.3 537.4 291.9 513.5 631.7 674.0 0.0 427.3 554.6 462.8 391.0 414.9 508.3 344.5 314.4 385.3 411.4 475.1 608.7 405.3 499.7 398.0 616.1 159.1 136.3 568.2 24.7 542.5 514.7 593.3 581.2 288.3 118.0 484.4 182.2 475.6 427.0 485.8 398.8 230.8 545.6 489.7 516.5 577.8 188.3 553.7 289.3 318.4 288.5 234.4 562.4 381.4 507.9 555.1 362.0 384.1 287.6 555.7 549.9 365.7 539.8 568.1 407.0 673.0 396.6 508.9 180.5 505.4 178.9 528.9 455.5 412.0 604.3 427.9 551.4 432.0 394.0 575.6 441.7 398.6 386.0 559.3 481.4 424.7 493.8 516.6 555.1 139.7 120.0 553.0 453.6 515.1 438.4 395.0 156.9 526.6 568.6 428.1 544.6 281.2 299.5 597.9 594.0 537.3 508.1 220.9 515.8 515.6 146.9 498.7 413.9 637.8 441.8 462.7 531.0 574.4 535.6 534.1 321.0 464.6 591.1 531.7 550.1 587.6 555.3 615.2 586.4 76.1 658.1 276.4 541.9 510.0 567.5 205.2 215.9 619.3 671.9 517.6 571.9 136.3 229.9 573.9 326.1 636.5 258.6 493.0 394.2 331.9 601.6 164.7 248.3 575.8 532.1 332.5 504.4 528.4 274.0 517.5 280.8
1920.0 364.5 171.1 165.4 441.3 532.5 307.8 202.5 328.5 402.1 444.4 369.0 0.0 325.0 438.9 367.1 391.0 367.6 638.7 571.3 361.4 387.5 245.5 423.7 381.4 270.1 374.1 385.7 453.3 430.5 338.6 393.8 375.5 151.8 363.7 351.6 264.4 412.2 460.5 445.6 246.0 403.1 461.9 374.9 334.8 521.7 465.8 286.9 392.8 482.5 324.1 582.3 229.0 557.1 528.6 332.8 357.5 322.9 325.5 338.1 360.2 188.8 382.7 186.3 341.8 515.9 338.5 383.1 443.4 372.7 370.1 474.7 275.8 473.1 505.0 431.6 388.1 241.4 404.0 321.8 408.1 370.1 346.0 427.1 374.7 355.7 330.0 118.5 400.8 469.9 492.7 320.0 333.7 414.2 323.4 429.7 402.9 414.5 165.4 451.1 502.7 421.9 404.2 520.7 257.3 210.1 235.0 364.4 307.7 367.4 515.1 491.9 491.7 441.1 358.0 184.3 274.9 417.9 438.8 168.1 389.4 511.7 304.5 297.1 440.7 361.5 168.8 320.5 358.0 192.4 385.6 356.8 445.2 295.2 526.4 179.0 280.4 204.6 153.4 319.9 389.7 309.0 493.7 342.3 430.5 524.1 211.0 146.0 406.9 234.7 469.1 164.6 629.9 372.0 458.9 542.5 346.2 302.5 308.6 480.5 504.5 175.2 154.6 575.0
1899.4 699.8 506.4 500.7 266.8 732.1 309.9 537.8 182.0 280.3 322.6 568.6 399.7 0.0 774.2 702.4 726.3 110.9 838.3 764.0 696.7 722.8 319.5 277.2 716.7 282.3 709.4 226.3 652.9 630.1 214.7 593.4 50.4 487.1 38.6 231.0 599.7 611.8 795.8 645.2 258.2 738.4 797.2 710.2 405.0 857.0 801.1 313.5 246.3 682.1 279.0 781.9 564.3 751.5 728.2 214.6 692.8 176.4 352.1 673.4 695.5 524.1 224.2 521.6 677.1 851.2 370.7 718.4 321.6 708.0 177.4 674.3 288.0 672.7 840.3 766.9 723.4 576.7 739.3 231.5 743.4 705.4 20.9 753.1 710.0 697.4 273.1 460.0 736.1 805.2 828.0 352.1 533.3 613.8 308.8 765.0 77.8 749.8 348.4 650.7 838.0 237.1 739.5 856.0 592.6 545.4 570.3 223.4 334.9 117.0 714.7 827.7 827.0 640.7 107.6 367.3 610.2 753.2 774.1 503.4 242.9 847.0 280.1 632.4 776.0 185.9 504.1 317.6 384.6 527.7 263.8 383.4 644.8 630.5 726.0 514.3 309.5 539.9 543.4 390.1 307.4 644.3 829.0 205.1 630.1 723.7 546.3 664.3 285.1 570.0 804.4 347.6 825.7 234.7 658.5 742.1 21.1 304.6 643.9 815.8 839.8 510.5 489.9 774.6
2233.2 172.6 329.7 431.6 754.5 438.5 621.0 357.9 641.7 715.3 757.6 449.3 403.9 638.2 0.0 222.4 246.3 680.8 584.5 456.8 275.8 242.8 558.7 736.9 189.5 583.3 182.2 698.9 431.8 466.1 651.8 474.1 688.7 418.0 676.9 664.8 217.2 357.0 131.0 331.1 559.2 185.7 132.4 230.2 535.5 192.2 136.3 600.1 706.0 480.7 637.3 467.8 384.4 442.6 524.3 646.0 119.0 636.1 638.7 193.4 168.3 353.6 695.9 412.6 197.1 186.4 651.7 144.6 756.6 179.2 683.3 410.4 589.0 379.1 175.5 102.1 196.2 400.0 259.3 635.0 263.4 225.4 659.2 128.2 204.5 162.2 643.2 384.7 256.1 171.0 163.2 633.2 444.4 398.0 636.6 246.8 716.1 231.6 478.6 486.7 188.1 735.1 165.7 191.2 325.8 365.5 396.2 677.6 620.9 680.6 513.3 151.9 192.8 424.9 671.2 497.5 436.1 179.4 255.9 329.3 702.6 182.2 617.7 211.5 141.8 674.7 395.1 633.7 671.2 397.9 698.8 670.0 525.5 456.4 411.9 394.6 593.6 363.2 466.6 520.6 702.9 470.2 164.2 655.5 339.8 522.3 369.6 459.2 720.1 303.2 139.6 477.8 575.7 685.2 457.1 540.7 659.4 615.7 261.4 151.0 175.0 340.0 420.8 476.7
2153.6 194.8 357.7 352.0 674.9 358.9 541.4 278.3 562.1 635.7 678.0 369.7 324.3 558.6 234.6 0.0 117.7 601.2 504.9 377.2 196.2 74.4 479.1 657.3 196.5 503.7 204.4 619.3 352.2 386.5 572.2 394.5 609.1 338.4 597.3 585.2 137.6 277.4 256.2 251.5 479.6 198.8 257.6 61.8 455.9 317.4 261.5 520.5 626.4 401.1 557.7 388.2 304.8 363.0 444.7 566.4 153.2 556.5 559.1 64.8 137.6 274.0 616.3 372.9 68.5 311.6 572.1 178.8 677.0 168.4 603.7 330.8 509.4 299.5 300.7 227.3 168.6 428.0 90.9 555.4 40.9 96.8 579.6 222.8 101.4 151.4 563.6 305.1 33.6 265.6 288.4 553.6 364.8 318.4 557.0 156.4 636.5 141.2 399.0 407.1 298.4 655.5 199.9 316.4 246.2 285.9 421.6 598.0 541.3 601.0 433.7 287.6 287.4 345.3 591.6 417.9 461.5 213.6 165.5 354.7 623.0 307.4 538.1 131.9 236.4 595.1 355.4 554.1 591.6 379.0 619.2 590.4 445.9 481.8 332.3 365.6 514.0 391.2 387.0 441.0 623.3 495.6 289.4 575.9 260.2 442.7 397.6 379.6 640.5 223.6 264.8 398.2 496.1 605.6 377.5 461.1 579.8 536.1 181.8 276.2 300.2 260.4 341.2 397.1
2172.3 132.5 376.4 370.7 693.6 377.6 560.1 297.0 580.8 654.4 696.7 388.4 343.0 577.3 247.2 132.5 0.0 619.9 523.6 395.9 214.9 152.9 497.8 676.0 134.2 522.4 142.1 638.0 370.9 405.2 590.9 413.2 627.8 357.1 616.0 603.9 156.3 296.1 268.8 270.2 498.3 211.4 270.2 140.3 474.6 330.0 274.1 539.2 645.1 419.8 576.4 406.9 323.5 381.7 463.4 585.1 165.8 575.2 577.8 57.0 75.3 292.7 635.0 391.6 81.2 324.2 590.8 191.4 695.7 181.0 622.4 349.5 528.1 318.2 313.3 239.9 106.3 446.7 169.4 574.1 173.5 16.2 598.3 235.4 39.1 164.0 582.3 323.8 166.2 278.2 301.0 572.3 383.5 337.1 575.7 94.1 655.2 78.9 417.7 425.8 311.0 674.2 212.5 329.0 264.9 304.6 440.3 616.7 560.0 619.7 452.4 300.2 300.0 364.0 610.3 436.6 480.2 226.2 103.2 373.4 641.7 320.0 556.8 150.6 249.0 613.8 374.1 572.8 610.3 397.7 637.9 609.1 464.6 500.5 351.0 384.3 532.7 409.9 405.7 459.7 642.0 514.3 302.0 594.6 278.9 461.4 416.3 398.3 659.2 242.3 277.4 416.9 514.8 624.3 396.2 479.8 598.5 554.8 200.5 288.8 312.8 279.1 359.9 415.8
1942.5 615.7 422.3 416.6 258.0 648.0 301.1 453.7 173.2 348.8 391.1 484.5 315.6 110.9 690.1 618.3 642.2 0.0 754.2 679.9 612.6 638.7 310.7 268.4 632.6 273.5 625.3 333.6 568.8 546.0 205.9 509.3 60.4 403.0 72.2 344.9 515.6 527.7 711.7 561.1 249.4 654.3 713.1 626.1 320.9 772.9 712.4 304.7 237.5 598.0 270.2 697.8 480.2 667.4 644.1 205.8 608.7 167.6 343.3 589.3 611.4 440.0 227.4 437.5 593.0 767.1 356.3 634.3 390.1 623.9 168.6 590.2 279.2 588.6 756.2 682.8 639.3 492.6 655.2 222.7 659.3 621.3 89.9 678.3 625.9 613.3 264.3 369.7 652.0 721.1 743.9 343.3 449.2 529.7 300.0 680.9 33.0 665.7 264.3 566.6 753.9 228.3 655.4 771.9 508.5 461.3 486.2 214.6 325.5 17.1 630.6 743.6 742.9 556.6 26.5 283.2 526.1 669.1 690.0 419.3 234.1 762.9 271.3 548.3 691.9 177.1 420.0 308.8 375.8 443.6 332.3 374.6 560.7 546.4 641.9 430.2 300.7 455.8 459.3 306.0 298.6 560.2 744.9 196.3 546.0 639.6 462.2 580.2 353.6 485.9 720.3 263.5 741.6 337.9 574.4 658.0 89.7 295.8 559.8 731.7 755.7 426.4 405.8 690.5
2379.5 498.6 763.9 758.2 828.2 314.8 767.3 402.1 743.4 861.6 903.9 284.7 657.2 784.5 573.0 501.2 525.1 738.2 0.0 396.0 495.5 521.6 705.0 838.6 515.5 729.6 508.2 845.2 165.2 186.6 798.1 309.5 772.4 744.6 823.2 811.1 398.5 267.7 594.6 214.2 705.5 537.2 596.0 509.0 460.7 655.8 595.3 746.4 807.7 134.0 783.6 85.2 428.6 114.3 60.2 792.3 491.6 737.8 785.0 472.2 494.3 397.8 785.6 779.8 475.9 650.0 803.6 517.2 902.9 506.8 738.8 186.6 739.1 217.9 639.1 565.7 522.2 834.2 538.1 781.3 542.2 504.2 805.5 561.2 508.8 496.2 789.2 717.5 534.9 604.0 626.8 785.0 369.6 288.3 782.9 563.8 745.0 548.6 624.9 207.2 636.8 798.5 538.3 654.8 391.4 409.7 827.8 823.9 767.8 738.0 73.7 626.0 625.8 315.2 728.6 643.8 867.7 552.0 572.9 760.9 804.3 645.8 764.0 431.2 574.8 821.0 761.6 780.0 817.5 785.2 845.1 816.3 360.9 888.0 358.0 771.8 739.9 797.4 435.1 445.8 849.2 901.8 627.8 801.8 252.5 175.6 803.8 556.0 866.4 368.8 603.2 624.1 4.1 833.1 129.9 194.0 805.7 762.0 442.7 614.6 638.6 384.2 747.4 76.7
2270.5 314.5 654.9 649.2 719.2 220.5 658.3 218.0 634.4 752.6 794.9 248.2 548.2 675.5 388.9 317.1 341.0 629.2 366.5 0.0 311.4 337.5 596.0 729.6 331.4 620.6 324.1 736.2 213.8 248.1 689.1 273.0 663.4 635.6 714.2 702.1 214.4 139.0 410.5 113.1 596.5 353.1 411.9 324.9 351.7 471.7 411.2 637.4 698.7 262.7 674.6 249.8 244.5 219.4 306.3 683.3 307.5 628.8 676.0 288.1 310.2 213.7 676.6 670.8 291.8 465.9 689.0 333.1 793.9 322.7 629.8 192.4 626.3 161.1 455.0 381.6 338.1 725.2 354.0 672.3 358.1 320.1 696.5 377.1 324.7 312.1 680.5 608.5 350.8 419.9 442.7 676.0 260.6 180.0 673.9 379.7 636.0 364.5 515.9 268.7 452.7 689.5 354.2 470.7 207.3 225.6 718.8 714.9 658.2 629.0 295.3 441.9 441.7 206.9 619.6 534.8 758.7 367.9 388.8 651.9 695.3 461.7 655.0 247.1 390.7 712.0 652.6 671.0 708.5 676.2 736.1 707.3 324.4 779.0 18.9 662.8 630.9 688.4 326.1 336.8 740.2 792.8 443.7 692.8 121.8 304.3 694.8 447.0 757.4 184.7 419.1 515.1 357.7 722.5 239.1 322.7 696.7 653.0 258.6 430.5 454.5 200.1 638.4 258.7
2119.4 145.1 323.5 317.8 640.7 324.7 507.2 244.1 527.9 601.5 643.8 335.5 290.1 524.4 219.5 147.7 171.6 567.0 470.7 343.0 0.0 168.1 444.9 623.1 162.0 469.5 154.7 585.1 318.0 352.3 538.0 360.3 574.9 304.2 563.1 551.0 103.4 243.2 241.1 217.3 445.4 183.7 242.5 155.5 421.7 302.3 246.4 486.3 592.2 366.9 523.5 354.0 270.6 328.8 410.5 532.2 138.1 522.3 524.9 118.7 140.8 239.8 582.1 338.7 122.4 296.5 537.9 163.7 642.8 153.3 569.5 296.6 475.2 265.3 285.6 212.2 168.7 393.8 184.6 521.2 188.7 150.7 545.4 207.7 155.3 136.3 529.4 270.9 181.4 250.5 273.3 519.4 330.6 284.2 522.8 210.3 602.3 195.1 364.8 372.9 283.3 621.3 184.8 301.3 212.0 251.7 387.4 563.8 507.1 566.8 399.5 272.5 272.3 311.1 557.4 383.7 427.3 198.5 219.4 320.5 588.8 292.3 503.9 47.1 221.3 560.9 321.2 519.9 557.4 344.8 585.0 556.2 411.7 447.6 298.1 331.4 479.8 357.0 352.8 406.8 589.1 461.4 274.3 541.7 226.0 408.5 363.4 345.4 606.3 189.4 249.7 364.0 461.9 571.4 343.3 426.9 545.6 501.9 147.6 261.1 285.1 226.2 307.0 362.9
2148.5 189.7 352.6 346.9 669.8 353.8 536.3 273.2 557.0 630.6 672.9 364.6 319.2 553.5 229.5 68.9 112.6 596.1 499.8 372.1 191.1 0.0 474.0 652.2 191.4 498.6 199.3 614.2 347.1 381.4 567.1 389.4 604.0 333.3 592.2 580.1 132.5 272.3 251.1 246.4 474.5 193.7 252.5 6.3 450.8 312.3 256.4 515.4 621.3 396.0 552.6 383.1 299.7 357.9 439.6 561.3 148.1 551.4 554.0 59.7 132.5 268.9 611.2 367.8 63.4 306.5 567.0 173.7 671.9 163.3 598.6 325.7 504.3 294.4 295.6 222.2 163.5 422.9 16.4 550.3 109.9 91.7 574.5 217.7 96.3 146.3 558.5 300.0 102.6 260.5 283.3 548.5 359.7 313.3 551.9 151.3 631.4 136.1 393.9 402.0 293.3 650.4 194.8 311.3 241.1 280.8 416.5 592.9 536.2 595.9 428.6 282.5 282.3 340.2 586.5 412.8 456.4 208.5 160.4 349.6 617.9 302.3 533.0 126.8 231.3 590.0 350.3 549.0 586.5 373.9 614.1 585.3 440.8 476.7 327.2 360.5 508.9 386.1 381.9 435.9 618.2 490.5 284.3 570.8 255.1 437.6 392.5 374.5 635.4 218.5 259.7 393.1 491.0 600.5 372.4 456.0 574.7 531.0 176.7 271.1 295.1 255.3 336.1 392.0
1923.5 643.7 450.3 444.6 343.9 772.9 210.4 481.7 215.3 304.7 347.0 609.4 343.6 211.8 718.1 646.3 670.2 303.3 879.1 811.7 640.6 666.7 0.0 310.5 660.6 103.8 653.3 288.3 693.7 670.9 241.2 634.2 262.3 431.0 250.5 254.2 543.6 652.6 739.7 686.0 79.7 682.3 741.1 654.1 445.8 800.9 745.0 232.0 279.6 722.9 179.5 822.7 508.2 797.5 769.0 235.4 636.7 209.7 270.6 617.3 639.4 468.0 269.5 465.5 621.0 795.1 283.6 662.3 346.0 651.9 272.7 715.1 122.5 713.5 784.2 710.8 667.3 520.6 683.2 224.4 687.3 649.3 232.8 706.3 653.9 634.9 173.6 397.7 680.0 749.1 771.9 265.1 574.1 654.6 209.3 708.9 289.7 693.7 389.2 691.5 781.9 270.4 683.4 799.9 536.5 489.3 514.2 267.0 252.8 258.1 755.5 771.1 770.9 681.5 248.7 408.1 554.1 697.1 718.0 447.3 276.2 790.9 180.6 576.3 719.9 264.1 448.0 218.1 303.1 471.6 288.2 301.9 685.6 574.4 766.8 458.2 210.0 483.8 584.2 430.9 292.3 588.2 772.9 244.9 670.9 764.5 490.2 705.1 309.5 513.9 748.3 388.4 870.3 274.6 699.3 782.9 233.0 205.1 587.8 759.7 783.7 454.4 433.8 815.4
2021.7 741.9 548.5 542.8 241.1 781.9 326.6 579.9 134.1 374.3 416.6 618.4 441.8 238.8 816.3 744.5 768.4 284.3 888.1 820.7 738.8 764.9 336.2 0.0 758.8 299.0 751.5 359.9 702.7 679.9 231.4 643.2 289.3 529.2 277.5 370.4 641.8 661.6 837.9 695.0 274.9 780.5 839.3 752.3 454.8 899.1 843.2 330.2 220.6 731.9 295.7 831.7 606.4 806.5 778.0 231.3 734.9 100.4 368.8 715.5 737.6 566.2 111.6 563.7 719.2 893.3 381.8 760.5 415.6 750.1 194.1 724.1 304.7 722.5 882.4 809.0 765.5 618.8 781.4 248.2 785.5 747.5 259.8 804.5 752.1 733.1 289.8 495.9 778.2 847.3 870.1 363.3 583.1 663.6 325.5 807.1 316.7 791.9 398.2 700.5 880.1 211.4 781.6 898.1 634.7 587.5 612.4 240.1 351.0 267.1 764.5 869.3 869.1 690.5 257.7 417.1 652.3 795.3 816.2 545.5 217.2 889.1 296.8 674.5 818.1 202.6 546.2 334.3 401.3 569.8 357.8 400.1 694.6 672.6 775.8 556.4 326.2 582.0 593.2 439.9 281.7 686.4 871.1 221.8 679.9 773.5 588.4 714.1 379.1 612.1 846.5 397.4 879.3 361.8 708.3 791.9 260.0 321.3 686.0 857.9 881.9 552.6 532.0 824.4
2157.3 76.4 361.4 355.7 678.6 362.6 545.1 282.0 565.8 639.4 681.7 373.4 328.0 562.3 191.1 146.5 128.1 604.9 508.6 380.9 199.9 166.9 482.8 661.0 0.0 507.4 86.0 623.0 355.9 390.2 575.9 398.2 612.8 342.1 601.0 588.9 141.3 281.1 212.7 255.2 483.3 155.3 214.1 154.3 459.6 273.9 218.0 524.2 630.1 404.8 561.4 391.9 308.5 366.7 448.4 570.1 109.7 560.2 562.8 109.7 36.9 277.7 620.0 376.6 121.2 268.1 575.8 135.3 680.7 124.9 607.4 334.5 513.1 303.2 257.2 183.8 64.8 431.7 183.4 559.1 187.5 107.2 583.3 179.3 73.1 107.9 567.3 308.8 180.2 222.1 244.9 557.3 368.5 322.1 560.7 115.4 640.2 100.2 402.7 410.8 254.9 659.2 156.4 272.9 249.9 289.6 425.3 601.7 545.0 604.7 437.4 244.1 243.9 349.0 595.3 421.6 465.2 170.1 124.5 358.4 626.7 263.9 541.8 135.6 192.9 598.8 359.1 557.8 595.3 382.7 622.9 594.1 449.6 485.5 336.0 369.3 517.7 394.9 390.7 444.7 627.0 499.3 245.9 579.6 263.9 446.4 401.3 383.3 644.2 227.3 221.3 401.9 499.8 609.3 381.2 464.8 583.5 539.8 185.5 232.7 256.7 264.1 344.9 400.8
1879.0 599.2 405.8 400.1 299.4 751.2 165.9 437.2 193.6 260.2 302.5 587.7 299.1 190.1 673.6 601.8 625.7 281.6 857.4 783.1 596.1 622.2 116.5 288.8 616.1 0.0 608.8 243.8 672.0 649.2 196.7 612.5 240.6 386.5 228.8 209.7 499.1 630.9 695.2 664.3 16.5 637.8 696.6 609.6 424.1 756.4 700.5 187.5 257.9 701.2 135.0 801.0 463.7 770.6 747.3 190.9 592.2 188.0 226.1 572.8 594.9 423.5 235.8 421.0 576.5 750.6 244.7 617.8 301.5 607.4 228.2 693.4 81.8 691.8 739.7 666.3 622.8 476.1 638.7 179.9 642.8 604.8 211.1 652.5 609.4 596.8 129.1 353.2 635.5 704.6 727.4 226.1 552.4 632.9 164.8 664.4 268.0 649.2 367.5 669.8 737.4 280.0 638.9 755.4 492.0 444.8 469.7 222.5 208.3 236.4 733.8 726.6 726.4 659.8 227.0 386.4 509.6 652.6 673.5 402.8 254.5 746.4 136.1 531.8 675.4 219.6 403.5 173.6 258.6 427.1 243.7 257.4 663.9 529.9 745.1 413.7 165.5 439.3 562.5 409.2 247.8 543.7 728.4 200.4 649.2 742.8 445.7 683.4 265.0 469.4 703.8 366.7 848.6 236.2 677.6 761.2 211.3 160.6 543.3 715.2 739.2 409.9 389.3 793.7
2161.9 9.5 366.0 360.3 683.2 367.2 549.7 286.6 570.4 644.0 686.3 378.0 332.6 566.9 195.7 151.1 147.9 609.5 513.2 385.5 204.5 171.5 487.4 665.6 77.9 512.0 0.0 627.6 360.5 394.8 580.5 402.8 617.4 346.7 605.6 593.5 145.9 285.7 217.3 259.8 487.9 159.9 218.7 158.9 464.2 278.5 222.6 528.8 634.7 409.4 566.0 396.5 313.1 371.3 453.0 574.7 114.3 564.8 567.4 122.1 56.7 282.3 624.6 381.2 125.8 272.7 580.4 139.9 685.3 129.5 612.0 339.1 517.7 307.8 261.8 188.4 84.6 436.3 188.0 563.7 192.1 127.0 587.9 183.9 92.9 112.5 571.9 313.4 184.8 226.7 249.5 561.9 373.1 326.7 565.3 135.2 644.8 120.0 407.3 415.4 259.5 663.8 161.0 277.5 254.5 294.2 429.9 606.3 549.6 609.3 442.0 248.7 248.5 353.6 599.9 426.2 469.8 174.7 144.3 363.0 631.3 268.5 546.4 140.2 197.5 603.4 363.7 562.4 599.9 387.3 627.5 598.7 454.2 490.1 340.6 373.9 522.3 399.5 395.3 449.3 631.6 503.9 250.5 584.2 268.5 451.0 405.9 387.9 648.8 231.9 225.9 406.5 504.4 613.9 385.8 469.4 588.1 544.4 190.1 237.3 261.3 268.7 349.5 405.4
1851.3 742.1 548.7 543.0 192.4 795.3 123.5 579.3 216.9 153.2 194.7 632.6 442.0 323.7 816.5 744.7 768.6 239.0 901.5 827.2 739.0 765.1 365.6 312.1 759.0 328.4 751.7 0.0 716.1 694.1 145.4 657.4 274.0 529.4 285.8 66.1 641.2 675.8 838.1 709.2 304.3 780.7 838.7 752.5 469.0 899.3 838.8 330.4 230.5 746.1 162.2 845.9 606.6 814.7 792.2 139.6 735.1 210.5 369.0 715.7 737.8 565.6 259.1 564.6 718.6 893.5 389.8 760.7 193.7 750.3 176.9 738.3 337.9 736.7 882.6 809.2 765.7 619.0 781.6 128.6 785.7 746.9 303.5 795.4 752.3 739.7 168.6 502.3 777.6 847.5 870.3 368.2 597.3 677.8 282.4 807.3 245.8 792.1 412.4 713.9 880.3 173.0 781.0 898.3 634.9 587.7 612.6 171.2 351.8 256.2 778.7 870.0 869.3 704.7 266.4 430.5 652.5 794.7 816.4 545.7 234.7 889.3 290.7 674.7 818.3 168.3 545.6 158.6 401.5 570.0 136.7 400.3 708.8 672.8 790.0 555.8 236.9 582.2 606.6 453.3 140.8 685.8 870.5 149.1 694.1 787.7 587.8 728.3 157.2 612.3 846.7 411.6 889.7 7.5 722.5 806.1 303.3 117.4 686.2 857.3 882.1 554.0 532.2 838.6
2253.9 382.6 638.3 632.6 702.6 149.5 641.7 286.1 617.8 736.0 778.3 159.1 531.6 658.9 457.0 385.2 409.1 612.6 205.0 280.0 379.5 405.6 579.4 713.0 399.5 604.0 392.2 720.4 0.0 61.0 672.5 183.9 646.8 619.0 697.6 685.5 282.5 102.4 478.6 147.8 579.9 421.2 480.0 393.0 335.1 539.8 483.9 620.8 682.1 48.8 658.0 149.8 312.6 178.9 94.9 666.7 375.6 612.2 659.4 356.2 378.3 281.8 672.0 653.5 359.9 534.0 672.4 401.2 777.3 390.8 613.2 21.3 609.7 52.6 523.1 449.7 406.2 708.6 422.1 655.7 426.2 388.2 679.9 435.9 392.8 380.2 663.6 585.7 418.9 488.0 510.8 659.4 244.0 143.4 657.3 447.8 619.4 432.6 499.3 81.6 520.8 672.9 422.3 538.8 275.4 293.7 702.2 698.3 641.6 612.4 81.4 510.0 509.8 170.3 603.0 518.2 742.1 436.0 456.9 635.3 678.7 529.8 638.4 315.2 458.8 695.4 636.0 654.4 691.9 659.6 719.5 690.7 235.3 762.4 242.0 646.2 614.3 671.8 309.5 320.2 723.6 776.2 511.8 676.2 101.9 90.4 678.2 430.4 740.8 252.8 487.2 498.5 192.4 712.0 25.2 108.8 680.1 636.4 326.7 498.6 522.6 268.2 621.8 141.3
2211.1 416.9 595.5 589.8 659.8 210.6 598.9 320.4 575.0 693.2 735.5 116.3 488.8 616.1 491.3 419.5 443.4 569.8 246.4 321.2 413.8 439.9 536.6 670.2 433.8 561.2 426.5 676.8 61.0 0.0 629.7 141.1 604.0 576.2 654.8 642.7 316.8 117.9 512.9 182.1 537.1 455.5 514.3 427.3 292.3 574.1 518.2 578.0 639.3 90.2 615.2 191.2 346.9 215.3 136.3 623.9 409.9 569.4 616.6 390.5 412.6 316.1 629.2 610.7 394.2 568.3 629.6 435.5 734.5 425.1 570.4 82.4 566.9 113.7 557.4 484.0 440.5 665.8 456.4 612.9 460.5 422.5 637.1 479.5 427.1 408.1 621.1 542.9 453.2 522.3 545.1 611.1 201.2 119.9 614.5 482.1 576.6 466.9 456.5 20.5 555.1 630.1 456.6 573.1 309.7 328.0 659.4 655.5 598.8 569.6 122.8 544.3 544.1 146.8 560.2 475.4 699.3 470.3 491.2 592.5 635.9 564.1 595.6 349.5 493.1 652.6 593.2 611.6 649.1 616.8 676.7 647.9 192.5 719.6 276.3 603.4 571.5 629.0 266.7 277.4 680.8 733.4 546.1 633.4 136.2 131.8 635.4 387.6 698.0 287.1 521.5 455.7 237.6 663.1 66.6 150.2 637.3 593.6 361.0 532.9 556.9 302.5 579.0 182.7
1894.9 615.1 421.7 416.0 197.9 820.4 151.3 453.1 241.2 158.7 201.0 656.9 315.0 250.8 689.5 617.7 641.6 264.1 926.6 859.2 612.0 638.1 209.4 336.4 632.0 172.2 624.7 144.3 741.2 718.4 0.0 681.7 298.3 402.4 310.1 148.2 515.0 700.1 711.1 733.5 148.1 653.7 712.5 625.5 493.3 772.3 716.4 203.4 236.8 770.4 132.8 870.2 479.6 845.0 816.5 52.8 608.1 235.6 242.0 588.7 610.8 439.4 295.4 436.9 592.4 766.5 255.0 633.7 200.0 623.3 31.6 762.6 177.9 761.0 755.6 682.2 638.7 492.0 654.6 16.8 658.7 620.7 327.8 677.7 625.3 606.3 163.0 369.1 651.4 720.5 743.3 236.5 621.6 702.1 198.7 680.3 270.9 665.1 329.0 739.0 753.3 178.5 654.8 771.3 507.9 460.7 485.6 25.7 224.2 281.3 803.0 742.5 742.3 729.0 290.7 347.9 525.5 668.5 689.4 418.7 240.2 762.3 170.0 547.7 691.3 53.8 419.4 129.2 274.5 443.0 142.2 273.3 733.1 545.8 814.3 429.6 199.4 455.2 631.7 478.4 146.3 559.6 744.3 62.3 718.4 812.0 461.6 611.6 163.5 485.3 719.7 328.2 917.8 146.2 746.8 830.4 327.6 146.0 559.2 731.1 755.1 425.8 405.2 862.9
2182.7 421.5 567.1 561.4 631.4 271.4 570.5 325.0 546.6 664.8 707.1 33.0 460.4 587.7 495.9 424.1 448.0 541.4 377.6 354.4 418.4 444.5 508.2 641.8 438.4 532.8 431.1 648.4 192.2 169.4 601.3 0.0 575.6 547.8 626.4 614.3 321.4 151.1 517.5 215.3 508.7 460.1 518.9 431.9 263.9 578.7 522.8 549.6 610.9 221.4 586.8 322.4 351.5 326.8 267.5 595.5 414.5 541.0 588.2 395.1 417.2 320.7 600.8 582.3 398.8 572.9 601.2 440.1 706.1 429.7 542.0 213.6 538.5 212.0 562.0 488.6 445.1 637.4 461.0 584.5 465.1 427.1 608.7 484.1 431.7 412.7 592.7 514.5 457.8 526.9 549.7 582.7 172.8 153.1 586.1 486.7 548.2 471.5 428.1 190.0 559.7 601.7 461.2 577.7 314.3 332.6 631.0 627.1 570.4 541.2 254.0 548.9 548.7 180.0 531.8 447.0 670.9 474.9 495.8 564.1 607.5 568.7 567.2 354.1 497.7 624.2 564.8 583.2 620.7 588.4 648.3 619.5 55.5 691.2 309.5 575.0 543.1 600.6 238.3 249.0 652.4 705.0 550.7 605.0 169.4 263.0 607.0 359.2 669.6 291.7 526.1 427.3 368.8 634.7 197.8 281.4 608.9 565.2 365.6 537.5 561.5 307.1 550.6 313.9
1949.9 669.9 476.5 470.8 317.3 702.2 360.4 507.9 232.5 330.8 373.1 538.7 369.8 50.4 744.3 672.5 696.4 60.4 808.4 741.0 666.8 692.9 370.0 327.7 686.8 332.8 679.5 277.6 623.0 600.2 265.2 563.5 0.0 457.2 11.8 281.5 569.8 581.9 765.9 615.3 308.7 708.5 767.3 680.3 375.1 827.1 771.2 364.0 296.8 652.2 329.5 752.0 534.4 726.8 698.3 265.1 662.9 226.9 402.6 643.5 665.6 494.2 286.7 491.7 647.2 821.3 415.6 688.5 372.1 678.1 227.9 644.4 338.5 642.8 810.4 737.0 693.5 546.8 709.4 282.0 713.5 675.5 29.4 732.5 680.1 661.1 323.6 423.9 706.2 775.3 798.1 397.1 503.4 583.9 359.3 735.1 27.3 719.9 318.5 620.8 808.1 287.6 709.6 826.1 562.7 515.5 540.4 273.9 384.8 77.6 684.8 797.3 797.1 610.8 87.0 337.4 580.3 723.3 744.2 473.5 293.4 817.1 330.6 602.5 746.1 236.4 474.2 368.1 435.1 497.8 314.3 433.9 614.9 600.6 696.1 484.4 360.0 510.0 513.5 360.2 357.9 614.4 799.1 255.6 600.2 693.8 516.4 634.4 335.6 540.1 774.5 317.7 799.6 279.5 628.6 712.2 29.2 355.1 614.0 785.9 809.9 480.6 460.0 744.7
2138.1 472.8 77.4 256.1 659.4 750.6 525.9 310.8 546.6 620.2 662.5 587.1 308.8 543.1 547.2 475.4 499.3 585.7 856.8 789.4 469.7 495.8 463.6 641.8 489.7 488.2 482.4 603.8 671.4 648.6 556.7 611.9 593.6 0.0 581.8 569.7 372.7 630.3 462.6 663.7 464.1 511.4 390.3 483.2 552.9 382.6 447.9 505.0 610.9 700.6 542.2 800.4 337.3 775.2 746.7 550.9 465.8 541.0 543.6 446.4 468.5 297.1 600.8 250.1 450.1 467.3 556.6 491.4 661.5 481.0 588.2 692.8 493.9 691.2 456.4 368.3 496.4 147.7 512.3 539.9 516.4 478.4 564.1 462.5 483.0 464.0 548.1 209.2 509.1 505.3 444.1 538.1 551.8 632.3 541.5 538.0 621.0 522.8 383.5 669.2 499.7 640.0 512.5 381.6 365.6 318.4 90.0 582.5 525.8 585.5 733.2 463.5 491.7 659.2 576.1 402.4 129.9 526.2 547.1 108.8 607.5 349.6 522.6 405.4 476.1 579.6 232.6 538.6 576.1 145.6 603.7 574.9 663.3 150.2 744.5 27.1 498.5 110.9 371.5 538.0 607.8 164.0 422.1 560.4 648.6 742.2 117.3 364.1 625.0 343.0 338.7 382.7 848.0 590.1 677.0 760.6 564.3 520.6 416.9 325.8 432.9 283.5 245.3 793.1
1938.1 681.7 488.3 482.6 305.5 714.0 348.6 519.7 220.7 319.0 361.3 550.5 381.6 38.6 756.1 684.3 708.2 72.2 820.2 752.8 678.6 704.7 358.2 315.9 698.6 321.0 691.3 265.8 634.8 612.0 253.4 575.3 11.8 469.0 0.0 269.7 581.6 593.7 777.7 627.1 296.9 720.3 779.1 692.1 386.9 838.9 783.0 352.2 285.0 664.0 317.7 763.8 546.2 738.6 710.1 253.3 674.7 215.1 390.8 655.3 677.4 506.0 274.9 503.5 659.0 833.1 403.8 700.3 360.3 689.9 216.1 656.2 326.7 654.6 822.2 748.8 705.3 558.6 721.2 270.2 725.3 687.3 17.6 744.3 691.9 672.9 311.8 435.7 718.0 787.1 809.9 385.3 515.2 595.7 347.5 746.9 39.1 731.7 330.3 632.6 819.9 275.8 721.4 837.9 574.5 527.3 552.2 262.1 373.0 89.4 696.6 809.1 808.9 622.6 98.8 349.2 592.1 735.1 756.0 485.3 281.6 828.9 318.8 614.3 757.9 224.6 486.0 356.3 423.3 509.6 302.5 422.1 626.7 612.4 707.9 496.2 348.2 521.8 525.3 372.0 346.1 626.2 810.9 243.8 612.0 705.6 528.2 646.2 323.8 551.9 786.3 329.5 811.4 267.7 640.4 724.0 17.4 343.3 625.8 797.7 821.7 492.4 471.8 756.5
1842.9 683.0 489.6 483.9 207.7 811.4 77.2 521.0 232.2 168.5 210.8 647.9 382.9 339.8 757.4 685.6 709.5 255.1 917.6 850.2 679.9 706.0 283.1 327.4 699.9 245.9 692.6 83.7 732.2 709.4 160.7 672.7 289.3 470.3 301.1 0.0 582.9 691.1 779.0 724.5 221.8 721.6 780.4 693.4 484.3 840.2 784.3 271.3 246.6 761.4 178.3 861.2 547.5 836.0 807.5 154.9 676.0 226.6 309.9 656.6 678.7 507.3 286.4 504.8 660.3 834.4 322.9 701.6 209.8 691.2 192.2 753.6 251.6 752.0 823.5 750.1 706.6 559.9 722.5 143.9 726.6 688.6 318.8 745.6 693.2 674.2 184.2 437.0 719.3 788.4 811.2 304.4 612.6 693.1 297.7 748.2 261.9 733.0 427.7 730.0 821.2 188.3 722.7 839.2 575.8 528.6 553.5 186.5 292.1 272.3 794.0 810.4 810.2 720.0 281.7 446.6 593.4 736.4 757.3 486.6 250.0 830.2 224.5 615.6 759.2 183.6 487.3 174.7 342.4 510.9 152.0 341.2 724.1 613.7 805.3 497.5 200.4 523.1 622.7 469.4 156.1 627.5 812.2 164.4 709.4 803.0 529.5 743.6 173.3 553.2 787.6 426.9 908.8 70.0 737.8 821.4 318.6 81.7 627.1 799.0 823.0 493.7 473.1 853.9
2059.4 123.5 263.5 257.8 580.7 264.7 447.2 184.1 467.9 541.5 583.8 275.5 230.1 464.4 197.9 126.1 150.0 507.0 410.7 276.1 120.4 146.5 384.9 563.1 140.4 409.5 133.1 525.9 258.0 292.3 478.0 300.3 514.9 244.2 503.1 491.0 0.0 183.2 219.5 157.3 385.4 162.1 220.9 133.9 361.7 280.7 224.8 426.3 532.2 306.9 463.5 294.0 210.6 263.6 350.5 472.2 116.5 462.3 464.9 97.1 119.2 179.8 522.1 278.7 100.8 274.9 485.7 142.1 582.8 131.7 509.5 236.6 419.0 205.3 264.0 190.6 147.1 333.8 163.0 461.2 167.1 129.1 485.4 176.8 133.7 121.1 469.1 217.1 159.8 228.9 251.7 464.9 270.6 224.2 462.8 188.7 542.3 173.5 304.8 312.9 261.7 561.3 163.2 279.7 152.0 191.7 327.4 503.8 447.7 506.8 339.5 250.9 250.7 251.1 497.4 323.7 367.3 176.9 197.8 260.5 528.8 270.7 443.9 56.1 199.7 500.9 261.2 459.9 497.4 284.8 525.0 496.2 351.7 387.6 238.1 271.4 419.8 297.0 292.8 346.8 529.1 401.4 252.7 481.7 166.0 348.5 303.4 285.4 546.3 129.4 228.1 304.0 401.9 513.0 283.3 366.9 485.6 441.9 44.1 239.5 263.5 166.2 247.0 302.9
2202.8 297.8 587.2 581.5 651.5 119.1 590.6 201.3 566.7 684.9 727.2 108.0 480.5 607.8 372.2 300.4 324.3 561.5 316.1 202.1 294.7 320.8 528.3 661.9 314.7 552.9 307.4 668.5 112.4 107.9 621.4 132.8 595.7 567.9 646.5 634.4 197.7 0.0 393.8 63.0 528.8 336.4 395.2 308.2 284.0 455.0 399.1 569.7 631.0 159.9 606.9 199.7 227.8 174.5 206.0 615.6 290.8 561.1 608.3 271.4 293.5 197.0 620.9 602.4 275.1 449.2 621.3 316.4 726.2 306.0 562.1 91.0 558.6 59.7 438.3 364.9 321.4 657.5 337.3 604.6 341.4 303.4 628.8 360.4 308.0 289.0 612.8 534.6 334.1 403.2 426.0 602.8 192.9 39.8 606.2 363.0 568.3 347.8 448.2 128.5 436.0 621.8 337.5 454.0 190.6 208.9 651.1 647.2 590.5 561.3 192.5 425.2 425.0 66.7 551.9 467.1 691.0 351.2 372.1 584.2 627.6 445.0 587.3 230.4 374.0 644.3 584.9 603.3 640.8 608.5 668.4 639.6 184.2 711.3 157.2 595.1 563.2 620.7 258.4 269.1 672.5 725.1 427.0 625.1 17.1 201.5 627.1 379.3 689.7 168.0 402.4 447.4 307.3 654.8 136.3 219.9 629.0 585.3 241.9 413.8 437.8 183.4 570.7 208.6
2261.7 201.1 335.5 460.1 783.0 467.0 649.5 386.4 670.2 743.8 786.1 477.8 432.4 666.7 157.9 250.9 274.8 709.3 613.0 485.3 304.3 271.3 587.2 765.4 218.0 611.8 210.7 727.4 460.3 494.6 680.3 502.6 717.2 446.5 705.4 693.3 245.7 385.5 0.0 359.6 587.7 214.2 138.2 258.7 564.0 198.0 124.1 628.6 734.5 509.2 665.8 496.3 412.9 471.1 552.8 674.5 147.5 664.6 667.2 221.9 196.8 382.1 724.4 418.4 225.6 174.2 680.2 173.1 785.1 207.7 711.8 438.9 617.5 407.6 163.3 107.9 224.7 405.8 287.8 663.5 291.9 253.9 687.7 156.7 233.0 190.7 671.7 413.2 284.6 199.5 151.0 661.7 472.9 426.5 665.1 275.3 744.6 260.1 507.1 515.2 175.9 763.6 194.2 197.0 354.3 394.0 402.0 706.1 649.4 709.1 541.8 139.7 167.9 453.4 699.7 526.0 441.9 207.9 284.4 335.1 731.1 188.0 646.2 240.0 170.3 703.2 400.9 662.2 699.7 403.7 727.3 698.5 554.0 462.2 440.4 400.4 622.1 369.0 495.1 549.1 731.4 476.0 171.0 684.0 368.3 550.8 375.4 487.7 748.6 331.7 145.4 506.3 604.2 713.7 485.6 569.2 687.9 644.2 289.9 156.8 181.8 368.5 449.3 505.2
2240.3 284.3 624.7 619.0 689.0 136.9 628.1 187.8 604.2 722.4 764.7 164.6 518.0 645.3 358.7 286.9 310.8 599.0 253.3 188.6 281.2 307.3 565.8 699.4 301.2 590.4 293.9 706.0 130.2 164.5 658.9 189.4 633.2 605.4 684.0 671.9 184.2 55.4 380.3 0.0 566.3 322.9 381.7 294.7 321.5 441.5 385.6 607.2 668.5 179.1 644.4 136.6 214.3 111.4 193.1 653.1 277.3 598.6 645.8 257.9 280.0 183.5 658.4 639.9 261.6 435.7 658.8 302.9 763.7 292.5 599.6 108.8 596.1 77.5 424.8 351.4 307.9 695.0 323.8 642.1 327.9 289.9 666.3 346.9 294.5 275.5 650.3 572.1 320.6 389.7 412.5 640.3 230.4 96.4 643.7 349.5 605.8 334.3 485.7 185.1 422.5 659.3 324.0 440.5 177.1 195.4 688.6 684.7 628.0 598.8 206.6 411.7 411.5 123.3 589.4 504.6 728.5 337.7 358.6 621.7 665.1 431.5 624.8 216.9 360.5 681.8 622.4 640.8 678.3 646.0 705.9 677.1 240.8 748.8 143.7 632.6 600.7 658.2 295.9 306.6 710.0 762.6 413.5 662.6 38.2 220.7 664.6 416.8 727.2 154.5 388.9 484.9 244.5 692.3 155.5 239.1 666.5 622.8 228.4 400.3 424.3 169.9 608.2 145.5
1862.5 582.7 389.3 383.6 282.9 734.7 149.4 420.7 177.1 243.7 286.0 571.2 282.6 173.6 657.1 585.3 609.2 265.1 840.9 766.6 579.6 605.7 100.0 272.3 599.6 24.0 592.3 227.3 655.5 632.7 180.2 596.0 224.1 370.0 212.3 193.2 482.6 614.4 678.7 647.8 0.0 621.3 680.1 593.1 407.6 739.9 684.0 171.0 241.4 684.7 118.5 784.5 447.2 754.1 730.8 174.4 575.7 171.5 209.6 556.3 578.4 407.0 219.3 404.5 560.0 734.1 228.2 601.3 285.0 590.9 211.7 676.9 65.3 675.3 723.2 649.8 606.3 459.6 622.2 163.4 626.3 588.3 194.6 636.0 592.9 580.3 112.6 336.7 619.0 688.1 710.9 209.6 535.9 616.4 148.3 647.9 251.5 632.7 351.0 653.3 720.9 263.5 622.4 738.9 475.5 428.3 453.2 206.0 192.4 219.9 717.3 710.6 709.9 643.3 210.5 369.9 493.1 636.1 657.0 386.3 238.0 729.9 119.6 515.3 658.9 203.1 387.0 157.1 242.1 410.6 227.2 240.9 647.4 513.4 728.6 397.2 149.0 422.8 546.0 392.7 231.3 527.2 711.9 183.9 632.7 726.3 429.2 666.9 248.5 452.9 687.3 350.2 832.1 219.7 661.1 744.7 194.8 144.1 526.8 698.7 722.7 393.4 372.8 777.2
2180.1 119.5 392.6 378.5 701.4 385.4 567.9 304.8 588.6 662.2 704.5 396.2 350.8 585.1 172.3 169.3 193.2 627.7 531.4 403.7 222.7 189.7 505.6 683.8 136.4 530.2 129.1 645.8 378.7 413.0 598.7 421.0 635.6 364.9 623.8 611.7 164.1 303.9 193.9 278.0 506.1 0.0 195.3 177.1 482.4 255.1 199.2 547.0 652.9 427.6 584.2 414.7 331.3 389.5 471.2 592.9 90.9 583.0 585.6 140.3 115.2 300.5 642.8 399.4 144.0 249.3 598.6 115.7 703.5 23.5 630.2 357.3 535.9 326.0 238.4 165.0 143.1 462.9 206.2 581.9 210.3 172.3 606.1 160.5 151.4 32.5 590.1 331.6 203.0 203.3 226.1 580.1 391.3 344.9 583.5 193.7 663.0 178.5 425.5 433.6 236.1 682.0 100.0 254.1 272.7 312.4 448.1 624.5 567.8 627.5 460.2 225.3 225.1 371.8 618.1 444.4 488.0 150.5 202.8 381.2 649.5 245.1 564.6 158.4 174.1 621.6 381.9 580.6 618.1 405.5 645.7 616.9 472.4 508.3 358.8 392.1 540.5 426.1 413.5 467.5 649.8 522.1 227.1 602.4 286.7 469.2 432.5 406.1 667.0 250.1 202.5 424.7 522.6 632.1 404.0 487.6 606.3 562.6 208.3 213.9 237.9 286.9 367.7 423.6
2240.4 179.8 280.5 438.8 761.7 445.7 628.2 365.1 648.9 722.5 764.8 456.5 411.1 645.4 136.6 229.6 253.5 688.0 591.7 457.1 283.0 250.0 565.9 744.1 196.7 590.5 189.4 706.9 439.0 473.3 659.0 481.3 695.9 425.2 684.1 672.0 224.4 364.2 135.5 338.3 566.4 192.9 0.0 237.4 542.7 143.0 91.2 607.3 713.2 487.9 644.5 475.0 391.6 444.6 531.5 653.2 126.2 643.3 645.9 200.6 175.5 360.8 691.1 363.4 204.3 76.9 664.5 151.8 763.8 186.4 690.5 417.6 600.0 386.3 66.0 83.3 203.4 350.8 266.5 642.2 270.6 232.6 666.4 126.1 211.7 169.4 650.4 398.1 263.3 178.2 53.7 645.9 451.6 405.2 643.8 254.0 723.3 238.8 485.8 493.9 143.0 742.3 172.9 142.0 333.0 372.7 347.0 684.8 628.7 687.8 520.5 106.8 135.0 432.1 678.4 504.7 386.9 186.6 263.1 280.1 709.8 133.0 624.9 218.7 149.0 681.9 345.9 640.9 678.4 348.7 706.0 677.2 532.7 407.2 419.1 345.4 600.8 314.0 473.8 527.8 710.1 421.0 31.7 662.7 347.0 529.5 320.4 466.4 727.3 310.4 120.8 485.0 579.1 698.5 464.3 547.9 666.6 622.9 268.6 132.2 42.5 347.2 428.0 483.9
2142.2 183.4 346.3 340.6 663.5 347.5 530.0 266.9 550.7 624.3 666.6 358.3 312.9 547.2 223.2 62.6 106.3 589.8 493.5 365.8 184.8 12.6 467.7 645.9 185.1 492.3 193.0 607.9 340.8 375.1 560.8 383.1 597.7 327.0 585.9 573.8 126.2 266.0 244.8 240.1 468.2 187.4 246.2 0.0 444.5 306.0 250.1 509.1 615.0 389.7 546.3 376.8 293.4 351.6 433.3 555.0 141.8 545.1 547.7 53.4 126.2 262.6 604.9 361.5 57.1 300.2 560.7 167.4 665.6 157.0 592.3 319.4 498.0 288.1 289.3 215.9 157.2 416.6 29.0 544.0 103.6 85.4 568.2 211.4 90.0 140.0 552.2 293.7 96.3 254.2 277.0 542.2 353.4 307.0 545.6 145.0 625.1 129.8 387.6 395.7 287.0 644.1 188.5 305.0 234.8 274.5 410.2 586.6 529.9 589.6 422.3 276.2 276.0 333.9 580.2 406.5 450.1 202.2 154.1 343.3 611.6 296.0 526.7 120.5 225.0 583.7 344.0 542.7 580.2 367.6 607.8 579.0 434.5 470.4 320.9 354.2 502.6 379.8 375.6 429.6 611.9 484.2 278.0 564.5 248.8 431.3 386.2 368.2 629.1 212.2 253.4 386.8 484.7 594.2 366.1 449.7 568.4 524.7 170.4 264.8 288.8 249.0 329.8 385.7
2092.5 460.2 458.9 453.2 460.3 399.9 480.3 363.7 375.5 574.6 616.9 236.4 352.2 390.0 534.6 462.8 486.7 370.3 506.1 438.7 457.1 483.2 418.0 470.7 477.1 442.6 469.8 558.2 320.7 297.9 408.2 261.2 404.5 439.6 416.3 524.1 360.1 279.6 556.2 313.0 418.5 498.8 557.6 470.6 0.0 617.4 561.5 459.4 439.8 349.9 496.6 449.7 390.2 424.5 396.0 408.1 453.2 369.9 498.0 433.8 455.9 359.4 429.7 474.1 437.5 611.6 511.0 478.8 615.9 468.4 370.9 342.1 448.3 340.5 600.7 527.3 483.8 529.2 499.7 494.3 503.8 465.8 411.0 522.8 470.4 451.4 502.5 406.3 496.5 565.6 588.4 492.5 201.1 281.6 495.9 525.4 377.1 510.2 300.9 318.5 598.4 430.6 499.9 616.4 353.0 371.3 522.8 416.9 480.2 370.1 382.5 587.6 587.4 308.5 360.7 319.8 562.7 513.6 534.5 455.9 436.4 607.4 477.0 392.8 536.4 379.4 456.6 493.0 530.5 480.2 558.1 529.3 312.6 583.0 393.8 466.8 452.9 492.4 211.2 13.3 500.9 596.8 589.4 398.6 297.9 391.5 498.8 332.1 579.4 330.4 564.8 300.1 497.3 544.5 326.3 409.9 411.2 475.0 404.3 576.2 600.2 345.8 442.4 442.4
2248.4 271.5 277.5 366.4 769.7 537.4 636.2 456.8 656.9 730.5 772.8 548.2 419.1 653.4 228.3 321.3 345.2 696.0 683.4 555.7 374.7 341.7 573.9 752.1 288.4 598.5 281.1 714.1 530.7 565.0 667.0 573.0 703.9 363.0 692.1 680.0 316.1 455.9 227.2 430.0 574.4 284.6 154.9 329.1 634.4 0.0 212.5 615.3 721.2 579.6 652.5 566.7 483.3 541.5 623.2 661.2 217.9 651.3 653.9 292.3 267.2 452.5 711.1 360.4 296.0 231.9 666.9 243.5 771.8 278.1 698.5 509.3 604.2 478.0 221.0 132.4 295.1 347.8 358.2 650.2 362.3 324.3 674.4 227.1 303.4 261.1 658.4 319.5 355.0 269.9 208.7 648.4 543.3 496.9 651.8 345.7 731.3 330.5 493.8 585.6 264.3 750.3 264.6 35.1 424.7 464.4 344.0 692.8 636.1 695.8 612.2 228.1 256.3 523.8 686.4 512.7 383.9 278.3 354.8 277.1 717.8 74.7 632.9 310.4 240.7 689.9 342.9 648.9 686.4 345.7 714.0 685.2 624.4 404.2 510.8 342.4 608.8 311.0 481.8 619.5 718.1 418.0 186.7 670.7 438.7 621.2 317.4 474.4 735.3 402.1 102.8 493.0 674.6 700.4 556.0 639.6 674.6 630.9 360.3 89.9 197.5 438.9 355.6 575.6
2240.5 179.9 334.3 438.9 761.8 449.3 628.3 368.7 649.0 722.6 768.4 456.6 411.2 649.0 136.7 229.7 253.6 688.1 595.3 457.2 283.1 250.1 566.0 744.2 196.8 594.1 189.5 707.0 442.6 473.4 659.1 481.4 696.0 425.3 684.2 672.1 224.5 364.3 117.6 338.4 570.0 193.0 104.7 237.5 542.8 196.8 0.0 607.4 713.3 488.0 648.1 475.1 391.7 448.2 531.6 653.3 126.3 643.4 646.0 200.7 175.6 360.9 691.2 417.9 204.4 114.9 666.8 151.9 763.9 186.5 690.6 417.7 600.1 386.4 104.0 106.7 203.5 404.6 266.6 642.3 270.7 232.7 666.5 120.6 211.8 175.9 650.2 398.2 266.9 122.3 91.7 649.5 451.7 405.3 643.9 254.1 723.4 242.4 485.9 497.5 51.7 742.4 176.5 195.8 333.1 372.8 400.8 684.9 628.8 691.4 520.6 26.5 43.7 432.2 678.5 504.8 440.7 186.7 266.7 333.9 709.9 186.8 625.0 218.8 143.5 682.0 399.7 641.0 678.5 402.5 706.1 680.8 532.8 461.0 419.2 456.0 600.9 367.8 473.9 531.4 710.2 474.8 115.2 662.8 347.1 529.6 377.7 466.5 730.9 310.5 144.2 485.1 579.2 698.6 464.4 548.0 666.7 626.5 268.7 155.6 122.5 348.5 428.1 484.0
1868.4 468.8 275.4 269.7 336.7 679.2 247.9 306.8 251.9 342.2 384.5 515.7 168.7 248.4 543.2 471.4 495.3 339.9 785.4 718.0 465.7 491.8 168.9 347.1 485.7 193.5 478.4 325.8 600.0 577.2 278.7 540.5 298.9 256.1 287.1 291.7 368.7 558.9 564.8 592.3 169.4 507.4 566.2 479.2 352.1 626.0 570.1 0.0 316.2 629.2 217.0 729.0 333.3 703.8 675.3 272.9 461.8 246.3 52.6 442.4 464.5 293.1 306.1 290.6 446.1 620.2 65.6 487.4 383.5 477.0 247.3 621.4 199.2 619.8 609.3 535.9 492.4 345.7 508.3 261.9 512.4 474.4 269.4 531.4 479.0 460.0 211.1 222.8 505.1 574.2 597.0 47.1 480.4 560.9 246.8 534.0 326.3 518.8 182.7 597.8 607.0 307.0 508.5 625.0 361.6 314.4 339.3 304.5 34.8 294.7 661.8 596.2 596.0 587.8 285.3 201.6 379.2 522.2 543.1 272.4 312.8 616.0 218.1 401.4 545.0 255.8 273.1 255.6 85.1 296.7 325.7 83.9 591.9 399.5 673.1 283.3 228.8 308.9 472.7 337.2 329.8 413.3 598.0 282.4 577.2 670.8 315.3 465.3 347.0 339.0 573.4 181.9 776.6 312.1 605.6 689.2 269.6 242.6 412.9 584.8 608.8 279.5 258.9 721.7
1965.2 685.4 492.0 486.3 74.0 725.4 270.1 523.4 119.8 201.4 243.7 561.9 385.3 182.3 759.8 688.0 711.9 227.8 831.6 757.3 682.3 708.4 279.7 215.0 702.3 242.5 695.0 228.5 646.2 623.4 174.9 586.7 232.8 472.7 221.0 233.2 585.3 605.1 781.4 638.5 218.4 724.0 782.8 695.8 398.3 842.6 786.7 273.7 0.0 675.4 239.2 775.2 549.9 744.8 721.5 174.8 678.4 114.2 312.3 659.0 681.1 509.7 162.0 507.2 662.7 836.8 330.9 704.0 242.7 693.6 137.6 667.6 248.2 666.0 825.9 752.5 709.0 562.3 724.9 191.7 729.0 691.0 203.3 738.7 695.6 683.0 233.3 445.6 721.7 790.8 813.6 312.3 526.6 607.1 269.0 750.6 260.2 735.4 341.7 644.0 823.6 44.3 725.1 841.6 578.2 531.0 555.9 183.6 294.5 210.6 708.0 812.8 812.6 634.0 201.2 360.6 595.8 738.8 759.7 489.0 3.3 832.6 240.3 618.0 761.6 146.1 489.7 277.8 344.8 513.3 184.9 343.6 638.1 616.1 719.3 499.9 269.7 525.5 536.7 383.4 114.6 629.9 814.6 165.3 623.4 717.0 531.9 657.6 206.2 555.6 790.0 340.9 819.0 232.8 651.8 735.4 203.5 264.8 629.5 801.4 825.4 496.1 475.5 767.9
2282.3 450.7 666.7 661.0 731.0 217.6 670.1 354.2 646.2 764.4 806.7 187.5 560.0 687.3 525.1 453.3 477.2 641.0 173.0 355.0 447.6 473.7 607.8 741.4 467.6 632.4 460.3 748.0 68.0 89.4 700.9 212.3 675.2 647.4 726.0 713.9 350.6 170.5 546.7 215.9 608.3 489.3 548.1 461.1 363.5 607.9 552.0 649.2 710.5 0.0 686.4 117.8 380.7 141.9 62.9 695.1 443.7 640.6 687.8 424.3 446.4 349.9 700.4 681.9 428.0 602.1 700.8 469.3 805.7 458.9 641.6 89.4 638.1 120.7 591.2 517.8 474.3 737.0 490.2 684.1 494.3 456.3 708.3 513.3 460.9 441.9 692.3 614.1 487.0 556.1 578.9 682.3 272.4 191.1 685.7 515.9 647.8 500.7 527.7 110.0 588.9 701.3 490.4 606.9 343.5 361.8 730.6 726.7 670.0 640.8 49.4 578.1 577.9 218.0 631.4 546.6 770.5 504.1 525.0 663.7 707.1 597.9 666.8 383.3 526.9 723.8 664.4 682.8 720.3 688.0 747.9 719.1 263.7 790.8 310.1 674.6 642.7 700.2 337.9 348.6 752.0 804.6 579.9 704.6 170.0 41.5 706.6 458.8 769.2 320.9 555.3 526.9 164.2 734.3 32.7 59.9 708.5 664.8 394.8 566.7 590.7 336.3 650.2 109.3
1906.0 626.2 432.8 427.1 216.2 838.7 137.5 464.2 259.5 177.0 219.3 675.2 326.1 243.9 700.6 628.8 652.7 282.4 944.9 870.6 623.1 649.2 202.5 354.7 643.1 165.3 635.8 161.8 759.5 736.7 113.5 700.0 316.6 413.5 282.6 166.5 526.1 718.4 722.2 751.8 141.2 664.8 723.6 636.6 511.6 783.4 722.9 214.5 255.1 788.7 0.0 888.5 490.7 858.1 834.8 107.7 619.2 253.9 253.1 599.8 621.9 450.5 313.7 448.0 603.5 777.6 273.9 644.8 218.3 634.4 145.0 780.9 171.0 779.3 766.7 693.3 649.8 503.1 665.7 96.7 669.8 631.8 264.9 688.8 636.4 617.4 5.5 386.4 662.5 731.6 754.4 253.1 639.9 720.4 119.3 691.4 289.2 676.2 340.1 757.3 764.4 196.8 665.9 782.4 519.0 471.8 496.7 139.3 235.3 299.6 821.3 753.6 753.4 747.3 309.0 359.0 536.6 679.6 700.5 429.8 258.5 773.4 127.6 558.8 702.4 136.4 430.5 38.5 285.6 454.1 160.5 284.4 751.4 556.9 832.6 440.7 157.0 466.3 650.0 496.7 164.6 570.7 755.4 117.2 736.7 830.3 472.7 622.7 181.8 496.4 730.8 339.3 936.1 170.2 765.1 848.7 265.1 132.2 570.3 742.2 766.2 436.9 416.3 881.2
2369.3 413.3 753.7 748.0 818.0 265.9 757.1 316.8 733.2 851.4 893.7 280.9 647.0 774.3 487.7 415.9 439.8 728.0 116.6 317.6 410.2 436.3 694.8 828.4 430.2 719.4 422.9 835.0 161.4 182.8 787.9 305.7 762.2 734.4 813.0 800.9 313.2 184.4 509.3 128.9 695.3 451.9 510.7 423.7 450.5 570.5 514.6 736.2 797.5 130.2 773.4 0.0 343.3 24.1 56.4 782.1 406.3 727.6 774.8 386.9 409.0 312.5 787.4 768.9 390.6 564.7 787.8 431.9 892.7 421.5 728.6 182.8 725.1 206.5 553.8 480.4 436.9 824.0 452.8 771.1 456.9 418.9 795.3 475.9 423.5 404.5 779.3 701.1 449.6 518.7 541.5 769.3 359.4 225.4 772.7 478.5 734.8 463.3 614.7 203.4 551.5 788.3 453.0 569.5 306.1 324.4 817.6 813.7 757.0 727.8 69.9 540.7 540.5 252.3 718.4 633.6 857.5 466.7 487.6 750.7 794.1 560.5 753.8 345.9 489.5 810.8 751.4 769.8 807.3 775.0 834.9 806.1 357.1 877.8 272.7 761.6 729.7 787.2 424.9 435.6 839.0 891.6 542.5 791.6 167.2 171.8 793.6 545.8 856.2 283.5 517.9 613.9 107.8 821.3 126.1 190.2 795.5 751.8 357.4 529.3 553.3 298.9 737.2 8.8
2010.4 317.1 214.5 208.8 531.7 321.2 398.2 112.5 418.9 492.5 534.8 332.0 181.1 415.4 391.5 319.7 343.6 458.0 467.2 339.5 314.0 340.1 335.9 514.1 334.0 360.5 326.7 476.1 314.5 348.8 429.0 356.8 465.9 195.2 454.1 442.0 217.0 239.7 413.1 213.8 336.4 355.7 414.5 327.5 418.2 474.3 418.4 377.3 483.2 363.4 414.5 350.5 0.0 325.3 407.0 423.2 310.1 413.3 415.9 290.7 312.8 141.4 473.1 229.7 294.4 468.5 428.9 335.7 533.8 325.3 460.5 293.1 366.2 261.8 457.6 384.2 340.7 284.8 356.6 412.2 360.7 322.7 436.4 379.7 327.3 308.3 420.4 161.9 353.4 422.5 445.3 410.4 327.1 280.7 413.8 382.3 493.3 367.1 255.8 369.4 455.3 512.3 356.8 473.3 209.9 32.1 278.4 454.8 398.1 457.8 396.0 444.5 444.3 307.6 448.4 274.7 318.3 370.5 391.4 211.5 479.8 464.3 394.9 249.7 393.3 451.9 212.2 410.9 448.4 235.8 476.0 447.2 408.2 338.6 294.6 222.4 370.8 248.0 243.8 403.3 480.1 352.4 446.3 432.7 222.5 405.0 254.4 236.4 497.3 187.3 421.7 255.0 458.4 462.4 339.8 423.4 436.6 392.9 261.2 433.1 457.1 127.8 198.0 359.4
2340.2 384.2 724.6 718.9 788.9 236.8 728.0 287.7 704.1 822.3 864.6 264.5 617.9 745.2 458.6 386.8 410.7 698.9 147.0 281.6 381.1 407.2 665.7 799.3 401.1 690.3 393.8 805.9 191.8 213.2 758.8 289.3 733.1 705.3 783.9 771.8 284.1 155.3 480.2 99.8 666.2 422.8 481.6 394.6 421.4 541.4 480.9 707.1 768.4 160.6 744.3 30.4 314.2 0.0 86.8 753.0 377.2 698.5 745.7 357.8 379.9 283.4 746.3 739.8 361.5 535.6 758.7 402.8 863.6 392.4 699.5 208.7 699.8 177.4 524.7 451.3 407.8 794.9 423.7 742.0 427.8 389.8 766.2 437.5 394.4 381.8 749.9 672.0 420.5 489.6 512.4 745.7 330.3 196.3 743.6 449.4 705.7 434.2 585.6 233.8 522.4 759.2 423.9 540.4 277.0 295.3 788.5 784.6 728.5 698.7 100.3 512.1 511.4 223.2 689.3 604.5 828.4 437.6 458.5 721.6 765.0 531.4 724.7 316.8 460.4 781.7 722.3 740.7 778.2 745.9 805.8 777.0 340.7 848.7 243.6 732.5 700.6 758.1 395.8 406.5 809.9 862.5 513.4 762.5 138.1 202.2 764.5 516.7 827.1 254.4 488.8 584.8 138.2 798.3 156.5 220.6 766.4 722.7 328.3 500.2 524.2 269.8 708.1 39.3
2319.2 468.2 703.6 697.9 767.9 254.5 707.0 371.7 683.1 801.3 843.6 224.4 596.9 724.2 542.6 470.8 494.7 677.9 110.0 372.5 465.1 491.2 644.7 778.3 485.1 669.3 477.8 784.9 104.9 126.3 737.8 249.2 712.1 684.3 762.9 750.8 368.1 207.4 564.2 183.8 645.2 506.8 565.6 478.6 400.4 625.4 569.5 686.1 747.4 73.7 723.3 54.8 398.2 78.9 0.0 732.0 461.2 677.5 724.7 441.8 463.9 367.4 737.3 718.8 445.5 619.6 737.7 486.8 842.6 476.4 678.5 126.3 675.0 157.6 608.7 535.3 491.8 773.9 507.7 721.0 511.8 473.8 745.2 530.8 478.4 459.4 729.2 651.0 504.5 573.6 596.4 719.2 309.3 228.0 722.6 533.4 684.7 518.2 564.6 146.9 606.4 738.2 507.9 624.4 361.0 379.3 767.5 763.6 706.9 677.7 13.4 595.6 595.4 254.9 668.3 583.5 807.4 521.6 542.5 700.6 744.0 615.4 703.7 400.8 544.4 760.7 701.3 719.7 757.2 724.9 784.8 756.0 300.6 827.7 327.6 711.5 679.6 737.1 374.8 385.5 788.9 841.5 597.4 741.5 206.9 115.3 743.5 495.7 806.1 338.4 572.8 563.8 101.2 771.2 69.6 133.7 745.4 701.7 412.3 584.2 608.2 353.8 687.1 46.3
1894.8 615.0 421.6 415.9 182.1 804.6 135.5 453.0 225.4 142.9 185.2 641.1 314.9 333.0 689.4 617.6 641.5 248.3 910.8 843.4 611.9 638.0 209.3 320.6 631.9 172.1 624.6 128.5 725.4 702.6 62.5 665.9 282.5 402.3 294.3 132.4 514.9 684.3 711.0 717.7 148.0 653.6 712.4 625.4 477.5 772.2 716.3 203.3 221.0 754.6 117.0 854.4 479.5 829.2 800.7 0.0 608.0 219.8 241.9 588.6 610.7 439.3 279.6 436.8 592.3 766.4 254.9 633.6 184.2 623.2 37.2 746.8 177.8 745.2 755.5 682.1 638.6 491.9 654.5 46.0 658.6 620.6 312.0 677.6 625.2 606.2 122.9 369.0 651.3 720.4 743.2 236.4 605.8 686.3 198.6 680.2 255.1 665.0 328.9 723.2 753.2 162.7 654.7 771.2 507.8 460.6 485.5 71.2 224.1 265.5 787.2 742.4 742.2 713.2 274.9 347.8 525.4 668.4 689.3 418.6 224.4 762.2 169.9 547.6 691.2 28.7 419.3 113.4 274.4 442.9 126.4 273.2 717.3 545.7 798.5 429.5 199.3 455.1 615.9 462.6 130.5 559.5 744.2 9.4 702.6 796.2 461.5 611.5 147.7 485.2 719.6 328.1 902.0 130.4 731.0 814.6 311.8 130.2 559.1 731.0 755.0 425.7 405.1 847.1
2154.2 93.6 321.7 352.6 675.5 359.5 542.0 278.9 562.7 636.3 678.6 370.3 324.9 559.2 101.4 143.4 167.3 601.8 505.5 377.8 196.8 163.8 479.7 657.9 110.5 504.3 103.2 619.9 352.8 387.1 572.8 395.1 609.7 339.0 597.9 585.8 138.2 278.0 123.0 252.1 480.2 66.6 124.4 151.2 456.5 184.2 128.3 521.1 627.0 401.7 558.3 388.8 305.4 363.6 445.3 567.0 0.0 557.1 559.7 114.4 89.3 274.6 616.9 404.6 118.1 178.4 572.7 25.5 677.6 90.1 604.3 331.4 510.0 300.1 167.5 94.1 117.2 392.0 180.3 556.0 184.4 146.4 580.2 89.6 125.5 99.2 564.2 305.7 177.1 132.4 155.2 554.2 365.4 319.0 557.6 167.8 637.1 152.6 399.6 407.7 165.2 656.1 46.6 183.2 246.8 286.5 422.2 598.6 541.9 601.6 434.3 154.4 154.2 345.9 592.2 418.5 462.1 60.3 176.9 355.3 623.6 174.2 538.7 132.5 103.2 595.7 387.1 554.7 592.2 389.9 619.8 591.0 446.5 482.4 332.9 366.2 514.6 355.2 387.6 441.6 623.9 496.2 156.2 576.5 260.8 443.3 361.6 380.2 641.1 224.2 131.6 398.8 496.7 606.2 378.1 461.7 580.4 536.7 182.4 143.0 167.0 261.0 341.8 397.7
1921.2 641.4 448.0 442.3 140.6 681.4 226.1 479.4 33.6 273.8 316.1 517.9 341.3 138.3 715.8 644.0 667.9 183.8 787.6 713.3 638.3 664.4 235.7 100.7 658.3 198.5 651.0 258.6 602.2 579.4 130.9 542.7 188.8 428.7 177.0 269.9 541.3 561.1 737.4 594.5 174.4 680.0 738.8 651.8 354.3 798.6 738.1 229.7 120.1 631.4 195.2 731.2 505.9 700.8 677.5 130.8 634.4 0.0 268.3 615.0 637.1 465.7 59.7 463.9 618.7 792.8 281.3 660.0 315.1 649.6 93.6 623.6 208.0 622.0 781.9 708.5 665.0 518.3 680.9 147.7 685.0 647.0 159.3 704.0 651.6 632.6 189.3 401.6 677.7 746.8 769.6 268.3 482.6 563.1 225.0 706.6 216.2 691.4 297.7 600.0 779.6 110.9 681.1 797.6 534.2 487.0 511.9 139.6 250.5 166.6 664.0 768.8 768.6 590.0 157.2 316.6 551.8 694.8 715.7 445.0 116.7 788.6 196.3 574.0 717.6 102.1 445.7 233.8 300.8 469.3 257.3 299.6 594.1 572.1 675.3 455.9 225.7 481.5 492.7 339.4 181.2 585.9 770.6 121.3 579.4 673.0 487.9 613.6 278.6 511.6 746.0 296.9 778.8 267.0 607.8 691.4 159.5 220.8 585.5 757.4 781.4 452.1 431.5 723.9
1868.4 497.4 304.0 298.3 336.7 707.8 247.9 335.4 251.9 342.2 384.5 544.3 197.3 248.4 571.8 500.0 523.9 339.9 814.0 746.6 494.3 520.4 168.9 347.1 514.3 193.5 507.0 325.8 628.6 605.8 278.7 569.1 298.9 284.7 287.1 291.7 397.3 587.5 593.4 620.9 169.4 536.0 594.8 507.8 380.7 654.6 598.7 62.6 316.2 657.8 217.0 757.6 361.9 732.4 703.9 272.9 490.4 246.3 0.0 471.0 493.1 321.7 306.1 319.2 474.7 648.8 65.6 516.0 383.5 505.6 247.3 650.0 199.2 648.4 637.9 564.5 521.0 374.3 536.9 261.9 541.0 503.0 269.4 560.0 507.6 488.6 211.1 251.4 533.7 602.8 625.6 47.1 509.0 589.5 246.8 562.6 326.3 547.4 211.3 626.4 635.6 307.0 537.1 653.6 390.2 343.0 367.9 304.5 73.0 294.7 690.4 624.8 624.6 616.4 285.3 230.2 407.8 550.8 571.7 301.0 312.8 644.6 218.1 430.0 573.6 255.8 301.7 255.6 26.1 325.3 325.7 83.9 620.5 428.1 701.7 311.9 228.8 337.5 501.3 365.8 329.8 441.9 626.6 282.4 605.8 699.4 343.9 493.9 347.0 367.6 602.0 210.5 805.2 312.1 634.2 717.8 269.6 242.6 441.5 613.4 637.4 308.1 287.5 750.3
2115.2 129.9 319.3 313.6 636.5 320.5 503.0 239.9 523.7 597.3 639.6 331.3 285.9 520.2 196.2 75.4 52.8 562.8 466.5 338.8 157.8 95.8 440.7 618.9 131.6 465.3 139.5 580.9 313.8 348.1 533.8 356.1 570.7 300.0 558.9 546.8 99.2 239.0 217.8 213.1 441.2 160.4 219.2 83.2 417.5 279.0 223.1 482.1 588.0 362.7 519.3 349.8 266.4 324.6 406.3 528.0 114.8 518.1 520.7 0.0 72.7 235.6 577.9 334.5 24.1 273.2 533.7 140.4 638.6 130.0 565.3 292.4 471.0 261.1 262.3 188.9 103.7 389.6 112.3 517.0 116.4 31.9 541.2 184.4 36.5 113.0 525.2 266.7 109.1 227.2 250.0 515.2 326.4 280.0 518.6 91.5 598.1 76.3 360.6 368.7 260.0 617.1 161.5 278.0 207.8 247.5 383.2 559.6 502.9 562.6 395.3 249.2 249.0 306.9 553.2 379.5 423.1 175.2 100.6 316.3 584.6 269.0 499.7 93.5 198.0 556.7 317.0 515.7 553.2 340.6 580.8 552.0 407.5 443.4 293.9 327.2 475.6 352.8 348.6 402.6 584.9 457.2 251.0 537.5 221.8 404.3 359.2 341.2 602.1 185.2 226.4 359.8 457.7 567.2 339.1 422.7 541.4 497.7 143.4 237.8 261.8 222.0 302.8 358.7
2138.0 57.1 342.1 336.4 659.3 343.3 525.8 262.7 546.5 620.1 662.4 354.1 308.7 543.0 171.8 127.2 91.1 585.6 489.3 361.6 180.6 147.6 463.5 641.7 58.8 488.1 66.7 603.7 336.6 370.9 556.6 378.9 593.5 322.8 581.7 569.6 122.0 261.8 193.4 235.9 464.0 136.0 194.8 135.0 440.3 254.6 198.7 504.9 610.8 385.5 542.1 372.6 289.2 347.4 429.1 550.8 90.4 540.9 543.5 72.7 0.0 258.4 600.7 357.3 96.9 248.8 556.5 116.0 661.4 105.6 588.1 315.2 493.8 283.9 237.9 164.5 30.9 412.4 164.1 539.8 168.2 70.2 564.0 160.0 36.1 88.6 548.0 289.5 160.9 202.8 225.6 538.0 349.2 302.8 541.4 78.4 620.9 63.2 383.4 391.5 235.6 639.9 137.1 253.6 230.6 270.3 406.0 582.4 525.7 585.4 418.1 224.8 224.6 329.7 576.0 402.3 445.9 150.8 87.5 339.1 607.4 244.6 522.5 116.3 173.6 579.5 339.8 538.5 576.0 363.4 603.6 574.8 430.3 466.2 316.7 350.0 498.4 375.6 371.4 425.4 607.7 480.0 226.6 560.3 244.6 427.1 382.0 364.0 624.9 208.0 202.0 382.6 480.5 590.0 361.9 445.5 564.2 520.5 166.2 213.4 237.4 244.8 325.6 381.5
1979.7 255.8 183.8 178.1 501.0 259.9 367.5 104.4 388.2 461.8 504.1 270.7 150.4 384.7 330.2 258.4 282.3 427.3 405.9 271.3 252.7 278.8 305.2 483.4 272.7 329.8 265.4 445.4 253.2 287.5 398.3 295.5 435.2 164.5 423.4 411.3 155.7 178.4 351.8 152.5 305.7 294.4 353.2 266.2 356.9 413.0 352.5 346.6 452.5 302.1 383.8 289.2 130.9 258.8 345.7 392.5 248.8 382.6 385.2 229.4 251.5 0.0 442.4 199.7 233.1 407.2 406.0 274.4 503.1 264.0 429.8 231.8 339.3 200.5 396.3 322.9 279.4 254.1 295.3 381.5 299.4 261.4 405.7 309.1 266.0 253.4 389.7 137.4 292.1 361.2 384.0 385.2 265.8 219.4 383.1 321.0 462.6 305.8 225.1 308.1 394.0 481.6 295.5 412.0 148.6 112.0 247.7 424.1 368.0 427.1 334.7 383.7 383.0 246.3 417.7 244.0 287.6 309.2 330.1 180.8 449.1 403.0 364.2 188.4 332.0 421.2 181.5 380.2 417.7 205.1 445.3 416.5 346.9 307.9 233.3 191.7 340.1 217.3 213.1 342.0 449.4 321.7 385.0 402.0 161.2 343.7 223.7 205.7 466.6 126.0 360.4 224.3 393.3 433.3 278.5 362.1 405.9 362.2 199.9 371.8 395.8 10.7 167.3 298.1
1978.7 698.9 505.5 499.8 198.1 738.9 283.6 536.9 91.1 331.3 353.6 555.4 398.8 195.8 773.3 701.5 725.4 241.3 825.1 770.8 695.8 721.9 293.2 106.3 715.8 256.0 708.5 316.1 659.7 636.9 188.4 600.2 246.3 486.2 234.5 327.4 578.8 618.6 794.9 652.0 211.9 737.5 776.3 709.3 411.8 856.1 795.6 287.2 177.6 688.9 232.7 788.7 563.4 738.3 735.0 188.3 691.9 57.4 325.8 672.5 694.6 523.2 0.0 521.4 656.2 850.3 346.6 717.5 352.6 707.1 151.1 681.1 265.5 679.5 839.4 766.0 722.5 575.8 738.4 205.2 742.5 704.5 216.8 752.2 709.1 696.5 247.1 459.1 715.2 804.3 827.1 305.8 540.1 620.6 282.5 764.1 273.7 728.9 355.2 657.5 837.1 168.4 738.6 855.1 591.7 544.5 569.4 197.1 308.6 224.1 721.5 826.8 826.1 647.5 214.7 354.1 609.3 752.3 753.2 502.5 174.2 846.1 253.8 631.5 775.1 159.6 483.2 291.3 358.3 526.8 314.8 337.1 651.6 629.6 732.8 513.4 283.2 539.0 530.2 376.9 238.7 643.4 808.1 178.8 636.9 730.5 545.4 651.1 336.1 569.1 803.5 354.4 832.5 324.5 665.3 748.9 217.0 258.3 643.0 794.9 838.9 510.8 489.0 781.4
2008.5 343.2 136.9 108.5 529.8 621.6 396.3 181.2 417.0 490.6 532.9 457.5 179.2 413.5 417.6 345.8 369.7 456.1 727.8 652.9 340.1 366.2 334.0 512.2 360.1 358.6 352.8 475.0 541.8 519.0 427.1 482.3 464.0 281.5 452.2 440.1 243.1 500.7 439.2 534.1 334.5 381.8 440.6 353.6 423.3 500.4 439.9 375.4 481.3 571.0 412.6 670.8 207.7 640.4 617.1 421.3 336.2 411.4 414.0 316.8 338.9 168.1 459.2 0.0 320.5 494.6 434.8 361.8 531.9 351.4 458.6 563.2 368.1 561.6 483.7 410.3 366.8 132.3 382.7 410.3 386.8 348.8 434.5 396.5 353.4 340.8 418.2 67.8 379.5 448.6 471.4 414.6 422.2 502.7 411.9 408.4 491.4 393.2 253.9 539.6 481.4 510.4 382.9 499.4 236.0 188.8 262.5 452.9 396.8 456.5 603.6 471.1 470.4 529.6 446.5 272.8 302.4 396.6 417.5 195.6 477.9 490.4 393.0 275.8 419.4 450.0 14.7 409.6 446.5 68.7 474.1 445.3 533.7 322.7 614.9 260.9 368.9 103.4 241.9 408.4 478.2 336.5 472.4 430.8 519.0 612.6 97.0 234.5 496.0 213.4 447.8 253.1 714.6 466.6 547.4 631.0 434.7 391.6 287.3 459.2 483.2 155.1 97.7 663.5
2128.7 143.9 332.8 327.1 650.0 334.0 516.5 253.4 537.2 610.8 653.1 344.8 299.4 533.7 209.7 88.9 66.8 576.3 480.0 345.4 171.3 109.3 454.2 632.4 145.6 478.8 153.5 594.4 327.3 361.6 547.3 369.6 584.2 313.5 572.4 560.3 112.7 252.5 231.3 226.6 454.7 173.9 232.7 96.7 431.0 292.5 232.0 495.6 601.5 376.2 532.8 363.3 279.9 332.9 419.8 541.5 128.3 531.6 534.2 13.9 86.7 249.1 579.4 348.0 0.0 286.7 552.8 153.9 652.1 143.5 578.8 305.9 488.3 274.6 275.8 202.4 117.7 403.1 125.8 530.5 129.9 45.9 554.7 188.6 50.5 132.9 538.7 280.2 122.6 240.7 263.5 534.2 339.9 293.5 532.1 105.5 611.6 90.3 374.1 382.2 273.5 630.6 175.0 291.5 221.3 261.0 396.7 573.1 516.4 576.1 408.8 262.7 262.5 320.4 566.7 393.0 436.6 188.7 114.6 329.8 598.1 282.5 513.2 107.0 211.5 570.2 330.5 529.2 566.7 354.1 594.3 565.5 421.0 456.9 307.4 340.7 489.1 366.3 362.1 416.1 598.4 470.7 264.5 551.0 235.3 417.8 372.7 354.7 615.6 198.7 239.9 373.3 467.4 586.8 352.6 436.2 554.9 511.2 156.9 251.3 275.3 235.5 316.3 372.2
2290.1 229.5 330.2 488.5 811.4 495.4 677.9 414.8 698.6 772.2 814.5 506.2 460.8 695.1 186.3 279.3 303.2 737.7 641.4 513.7 332.7 299.7 615.6 793.8 246.4 640.2 239.1 755.8 488.7 523.0 708.7 531.0 745.6 474.9 733.8 721.7 274.1 413.9 170.4 388.0 616.1 242.6 49.6 287.1 592.4 192.7 97.6 657.0 762.9 537.6 694.2 524.7 441.3 499.5 581.2 702.9 175.9 693.0 695.6 250.3 225.2 410.5 752.8 413.1 254.0 0.0 708.6 201.5 813.5 236.1 740.2 467.3 645.9 436.0 8.2 133.0 253.1 400.5 316.2 691.9 320.3 282.3 716.1 185.1 261.4 219.1 700.1 441.6 313.0 220.0 17.6 690.1 501.3 454.9 693.5 303.7 773.0 288.5 535.5 543.6 149.4 792.0 222.6 191.7 382.7 422.4 396.7 734.5 677.8 737.5 570.2 113.2 141.4 481.8 728.1 554.4 436.6 236.3 312.8 329.8 759.5 182.7 674.6 268.4 198.7 731.6 395.6 690.6 728.1 398.4 755.7 726.9 582.4 456.9 468.8 395.1 650.5 363.7 523.5 577.5 759.8 470.7 60.1 712.4 396.7 579.2 370.1 516.1 777.0 360.1 170.5 534.7 632.6 742.1 514.0 597.6 716.3 672.6 318.3 181.9 70.9 396.9 477.7 533.6
1865.0 526.0 332.6 326.9 333.3 736.4 244.5 366.2 248.5 338.8 383.3 572.9 225.9 247.2 600.4 528.6 552.5 330.9 842.6 768.3 522.9 549.0 165.5 343.7 542.9 184.5 535.6 322.4 657.2 634.4 275.3 597.7 295.5 313.3 283.7 288.3 425.9 616.1 622.0 649.5 160.4 564.6 617.8 536.4 409.3 683.2 627.3 91.2 312.8 686.4 208.0 786.2 390.5 750.2 732.5 269.5 519.0 245.1 61.2 499.6 521.7 344.7 302.7 347.8 497.7 677.4 0.0 544.6 382.3 534.2 243.9 678.6 195.8 677.0 666.5 593.1 549.6 402.9 565.5 258.5 569.6 531.6 266.0 588.6 536.2 517.2 207.7 280.0 556.7 631.4 654.2 13.0 537.6 618.1 243.4 591.2 322.9 576.0 239.9 649.4 664.2 303.6 560.1 682.2 418.8 371.6 396.5 301.1 101.6 293.5 719.0 653.4 653.2 645.0 281.9 258.8 436.4 579.4 600.3 329.6 309.4 673.2 214.7 458.6 602.2 252.4 324.7 246.6 93.7 353.9 322.3 33.1 649.1 456.7 730.3 342.7 225.4 366.1 529.9 396.6 326.4 464.9 649.6 279.0 634.4 728.0 374.7 522.5 345.8 396.2 630.6 239.1 833.8 310.3 662.8 746.4 266.2 233.6 470.1 644.2 666.0 336.7 316.1 778.9
2190.7 130.1 358.2 389.1 712.0 396.0 578.5 315.4 599.2 672.8 715.1 406.8 361.4 595.7 137.9 179.9 203.8 638.3 542.0 414.3 233.3 200.3 516.2 694.4 147.0 540.8 139.7 656.4 389.3 423.6 609.3 431.6 646.2 375.5 634.4 622.3 174.7 314.5 159.5 288.6 516.7 77.9 160.9 187.7 493.0 220.7 164.8 557.6 663.5 438.2 594.8 425.3 341.9 400.1 481.8 603.5 36.4 593.6 596.2 150.9 125.8 311.1 653.4 441.1 154.6 214.9 609.2 0.0 714.1 101.4 640.8 367.9 546.5 336.6 204.0 130.6 153.7 428.5 216.8 592.5 220.9 182.9 616.7 126.1 162.0 110.5 600.7 342.2 213.6 168.9 191.7 590.7 401.9 355.5 594.1 204.3 673.6 189.1 436.1 444.2 201.7 692.6 57.9 219.7 283.3 323.0 458.7 635.1 578.4 638.1 470.8 190.9 190.7 382.4 628.7 455.0 498.6 34.7 213.4 391.8 660.1 210.7 575.2 169.0 139.7 632.2 423.6 591.2 628.7 426.4 656.3 627.5 483.0 518.9 369.4 402.7 551.1 391.7 424.1 478.1 660.4 532.7 192.7 613.0 297.3 479.8 398.1 416.7 677.6 260.7 168.1 435.3 533.2 642.7 414.6 498.2 616.9 573.2 218.9 179.5 203.5 297.5 378.3 434.2
1915.1 805.9 612.5 606.8 215.1 859.9 245.1 643.9 280.7 88.9 47.6 696.4 505.8 388.3 880.3 808.5 832.4 303.6 966.1 891.8 802.8 828.9 400.2 375.9 822.8 363.0 815.5 183.0 780.7 757.9 210.4 721.2 337.8 593.2 349.6 187.7 705.8 739.6 901.9 773.0 338.9 844.5 903.3 816.3 532.8 963.1 907.2 394.2 254.0 809.9 228.0 909.7 670.4 879.3 856.0 204.6 798.9 275.1 432.8 779.5 801.6 630.2 322.9 627.7 783.2 957.3 453.6 824.5 0.0 814.1 258.1 802.1 368.7 800.5 946.4 873.0 829.5 682.8 845.4 193.6 849.5 811.5 367.3 859.2 816.1 803.5 233.9 566.1 842.2 911.3 934.1 432.8 661.1 741.6 347.4 871.1 310.4 855.9 476.2 778.5 944.1 195.7 845.6 962.1 698.7 651.5 676.4 236.2 415.6 320.8 842.5 933.3 933.1 768.5 330.2 495.1 716.3 859.3 880.2 609.5 257.4 953.1 360.8 738.5 882.1 233.3 610.2 224.4 465.3 633.8 67.7 464.1 772.6 736.6 853.8 620.4 303.3 646.0 671.2 517.9 163.5 750.4 935.1 214.1 757.9 851.5 652.4 792.1 67.3 676.1 910.5 475.4 953.5 185.7 786.3 869.9 367.1 239.8 750.0 921.9 945.9 616.6 596.0 902.4
2156.6 96.0 369.1 355.0 677.9 361.9 544.4 281.3 565.1 638.7 681.0 372.7 327.3 561.6 148.8 145.8 169.7 604.2 507.9 380.2 199.2 166.2 482.1 660.3 112.9 506.7 105.6 622.3 355.2 389.5 575.2 397.5 612.1 341.4 600.3 588.2 140.6 280.4 170.4 254.5 482.6 30.4 171.8 153.6 458.9 231.6 175.7 523.5 629.4 404.1 560.7 391.2 307.8 366.0 447.7 569.4 67.4 559.5 562.1 116.8 91.7 277.0 619.3 375.9 120.5 225.8 575.1 93.0 680.0 0.0 606.7 333.8 512.4 302.5 214.9 141.5 119.6 439.4 182.7 558.4 186.8 148.8 582.6 137.0 127.9 9.0 566.6 308.1 179.5 179.8 202.6 556.6 367.8 321.4 560.0 170.2 639.5 155.0 402.0 410.1 212.6 658.5 114.1 230.6 249.2 288.9 424.6 601.0 544.3 604.0 436.7 201.8 201.6 348.3 594.6 420.9 464.5 127.8 179.3 357.7 626.0 221.6 541.1 134.9 150.6 598.1 358.4 557.1 594.6 382.0 622.2 593.4 448.9 484.8 335.3 368.6 517.0 402.6 390.0 444.0 626.3 498.6 203.6 578.9 263.2 445.7 409.0 382.6 643.5 226.6 179.0 401.2 499.1 608.6 380.5 464.1 582.8 539.1 184.8 190.4 214.4 263.4 344.2 400.1
1857.5 577.7 384.3 378.6 219.3 841.8 162.4 415.7 262.6 180.1 222.4 678.3 277.6 213.4 652.1 580.3 604.2 285.5 948.0 880.6 574.6 600.7 172.0 357.8 594.6 134.8 587.3 165.7 762.6 739.8 21.6 703.1 319.7 365.0 331.5 169.6 477.6 721.5 673.7 754.9 110.7 616.3 675.1 588.1 514.7 734.9 679.0 166.0 258.2 791.8 131.5 891.6 442.2 866.4 837.9 37.1 570.7 257.0 204.6 551.3 573.4 402.0 316.8 399.5 555.0 729.1 217.6 596.3 221.4 585.9 0.0 784.0 140.5 782.4 718.2 644.8 601.3 454.6 617.2 38.4 621.3 583.3 234.4 640.3 587.9 568.9 125.6 331.7 614.0 683.1 705.9 199.1 643.0 723.5 161.3 642.9 292.3 627.7 291.6 760.4 715.9 199.9 617.4 733.9 470.5 423.3 448.2 30.3 186.8 302.7 824.4 705.1 704.9 750.4 312.1 310.5 488.1 631.1 652.0 381.3 261.6 724.9 132.6 510.3 653.9 8.4 382.0 170.1 237.1 405.6 163.6 235.9 754.5 508.4 835.7 392.2 162.0 417.8 653.1 499.8 167.7 522.2 706.9 27.6 739.8 833.4 424.2 574.2 184.9 447.9 682.3 290.8 939.2 167.6 768.2 851.8 234.6 157.1 521.8 693.7 717.7 388.4 367.8 884.3
2275.3 361.2 659.7 654.0 724.0 128.1 663.1 264.7 639.2 757.4 799.7 180.5 553.0 680.3 435.6 363.8 387.7 634.0 226.4 265.5 358.1 384.2 600.8 734.4 378.1 625.4 370.8 741.0 21.3 82.4 693.9 205.3 668.2 640.4 719.0 706.9 261.1 81.0 457.2 126.4 601.3 399.8 458.6 371.6 356.5 518.4 462.5 642.2 703.5 70.2 679.4 171.2 291.2 195.3 116.3 688.1 354.2 633.6 680.8 334.8 356.9 260.4 693.4 674.9 338.5 512.6 693.8 379.8 798.7 369.4 634.6 0.0 631.1 31.2 501.7 428.3 384.8 730.0 400.7 677.1 404.8 366.8 701.3 423.8 371.4 352.4 685.3 607.1 397.5 466.6 489.4 675.3 265.4 122.0 678.7 426.4 640.8 411.2 520.7 103.0 499.4 694.3 400.9 517.4 254.0 272.3 723.6 719.7 663.0 633.8 102.8 488.6 488.4 148.9 624.4 539.6 763.5 414.6 435.5 656.7 700.1 508.4 659.8 293.8 437.4 716.8 657.4 675.8 713.3 681.0 740.9 712.1 256.7 783.8 220.6 667.6 635.7 693.2 330.9 341.6 745.0 797.6 490.4 697.6 80.5 111.8 699.6 451.8 762.2 231.4 465.8 519.9 217.6 727.3 46.6 130.2 701.5 657.8 305.3 477.2 501.2 246.8 643.2 162.7
1882.0 602.2 408.8 403.1 302.4 754.2 168.9 440.2 196.6 263.2 305.5 594.2 302.1 193.1 676.6 604.8 628.7 288.1 860.4 786.1 599.1 625.2 132.5 291.8 619.1 98.8 611.8 247.6 675.0 652.2 199.7 615.5 243.6 389.5 231.8 212.7 505.6 633.9 698.2 667.3 74.7 640.8 699.6 612.6 427.1 759.4 698.9 190.5 264.4 704.2 138.0 804.0 466.7 777.1 750.3 193.9 595.2 194.5 229.1 575.8 597.9 426.5 238.8 424.7 579.5 753.6 249.9 620.8 304.5 610.4 231.2 696.4 0.0 694.8 742.7 669.3 625.8 479.1 641.7 182.9 645.8 611.3 214.1 655.5 612.4 599.8 132.4 362.4 642.0 707.6 730.4 232.6 555.4 635.9 167.8 667.4 274.5 652.2 370.5 672.8 740.4 283.0 641.9 758.4 495.0 447.8 472.7 225.5 211.9 242.9 736.8 730.1 729.4 662.8 230.0 392.9 512.6 659.1 680.0 405.8 257.5 749.4 139.1 534.8 678.4 222.6 406.5 176.6 261.6 430.1 250.2 260.4 666.9 532.9 748.1 416.7 168.5 442.3 569.0 412.2 250.8 546.7 731.4 203.4 652.2 745.8 448.7 689.9 268.0 472.4 706.8 369.7 847.8 239.2 680.6 764.2 214.3 163.6 546.3 721.7 742.2 414.1 392.3 796.7
2253.7 329.9 638.1 632.4 702.4 82.5 641.5 233.4 617.6 735.8 778.1 158.9 531.4 658.7 404.3 332.5 356.4 612.4 257.7 234.2 326.8 352.9 579.2 712.8 346.8 603.8 339.5 719.4 52.6 113.7 672.3 183.7 646.6 618.8 697.4 685.3 229.8 49.7 425.9 95.1 579.7 368.5 427.3 340.3 334.9 487.1 431.2 620.6 681.9 101.5 657.8 202.5 259.9 206.6 147.6 666.5 322.9 612.0 659.2 303.5 325.6 229.1 671.8 653.3 307.2 481.3 672.2 348.5 777.1 338.1 613.0 31.2 609.5 0.0 470.4 397.0 353.5 708.4 369.4 655.5 373.5 335.5 679.7 392.5 340.1 321.1 663.7 585.5 366.2 435.3 458.1 653.7 243.8 90.7 657.1 395.1 619.2 379.9 499.1 134.3 468.1 672.7 369.6 486.1 222.7 241.0 702.0 698.1 641.4 612.2 134.1 457.3 457.1 117.6 602.8 518.0 741.9 383.3 404.2 635.1 678.5 477.1 638.2 262.5 406.1 695.2 635.8 654.2 691.7 659.4 719.3 690.5 235.1 762.2 189.3 646.0 614.1 671.6 309.3 320.0 723.4 776.0 459.1 676.0 49.2 143.1 678.0 430.2 740.6 200.1 434.5 498.3 248.9 705.7 77.9 161.5 679.9 636.2 274.0 445.9 469.9 215.5 621.6 194.0
2281.8 221.2 321.9 480.2 803.1 487.1 669.6 406.5 690.3 763.9 806.2 497.9 452.5 686.8 178.0 271.0 294.9 729.4 633.1 505.4 324.4 291.4 607.3 785.5 238.1 631.9 230.8 747.5 480.4 514.7 700.4 522.7 737.3 466.6 725.5 713.4 265.8 405.6 162.1 379.7 607.8 234.3 41.3 278.8 584.1 184.4 89.3 648.7 754.6 529.3 685.9 516.4 433.0 491.2 572.9 694.6 167.6 684.7 687.3 242.0 216.9 402.2 744.5 404.8 245.7 10.8 700.3 193.2 805.2 227.8 731.9 459.0 637.6 427.7 0.0 124.7 244.8 392.2 307.9 683.6 312.0 274.0 707.8 176.8 253.1 210.8 691.8 433.3 304.7 211.7 9.3 681.8 493.0 446.6 685.2 295.4 764.7 280.2 527.2 535.3 141.1 783.7 214.3 183.4 374.4 414.1 388.4 726.2 669.5 729.2 561.9 104.9 133.1 473.5 719.8 546.1 428.3 228.0 304.5 321.5 751.2 174.4 666.3 260.1 190.4 723.3 387.3 682.3 719.8 390.1 747.4 718.6 574.1 448.6 460.5 386.8 642.2 355.4 515.2 569.2 751.5 462.4 51.8 704.1 388.4 570.9 361.8 507.8 768.7 351.8 162.2 526.4 624.3 733.8 505.7 589.3 708.0 664.3 310.0 173.6 62.6 388.6 469.4 525.3
2227.1 169.3 256.2 345.1 748.4 435.2 614.9 354.6 635.6 709.2 751.5 446.0 397.8 632.1 126.1 219.1 243.0 674.7 581.2 453.5 272.5 239.5 552.6 730.8 186.2 577.2 178.9 692.8 428.5 462.8 645.7 470.8 682.6 341.7 670.8 658.7 213.9 353.7 125.0 327.8 553.1 182.4 83.1 226.9 532.2 142.9 110.3 594.0 699.9 477.4 631.2 464.5 381.1 439.3 521.0 639.9 115.7 630.0 632.6 190.1 165.0 350.3 689.8 339.1 193.8 160.1 645.6 141.3 750.5 175.9 677.2 407.1 582.9 375.8 149.2 0.0 192.9 326.5 256.0 628.9 260.1 222.1 653.1 124.9 201.2 158.9 637.1 298.2 252.8 167.7 136.9 627.1 441.1 394.7 630.5 243.5 710.0 228.3 472.5 483.4 162.1 729.0 162.4 141.9 322.5 362.2 322.7 671.5 614.8 674.5 510.0 125.9 154.1 421.6 665.1 491.4 362.6 176.1 252.6 255.8 696.5 112.4 611.6 208.2 138.5 668.6 321.6 627.6 665.1 324.4 692.7 663.9 522.2 382.9 408.6 321.1 587.5 289.7 460.5 517.3 696.8 396.7 114.9 649.4 336.5 519.0 296.1 453.1 714.0 299.9 37.4 471.7 572.4 679.1 453.8 537.4 653.3 609.6 258.1 48.8 125.7 336.7 334.3 473.4
2153.4 72.5 357.5 351.8 674.7 358.7 541.2 278.1 561.9 635.5 677.8 369.5 324.1 558.4 187.2 142.6 129.6 601.0 504.7 377.0 196.0 163.0 478.9 657.1 74.2 503.5 82.1 619.1 352.0 386.3 572.0 394.3 608.9 338.2 597.1 585.0 137.4 277.2 208.8 251.3 479.4 151.4 210.2 150.4 455.7 270.0 214.1 520.3 626.2 400.9 557.5 388.0 304.6 362.8 444.5 566.2 105.8 556.3 558.9 111.2 38.4 273.8 616.1 372.7 117.3 264.2 571.9 131.4 676.8 121.0 603.5 330.6 509.2 299.3 253.3 179.9 0.0 427.8 179.5 555.2 183.6 108.7 579.4 175.4 74.6 104.0 563.4 304.9 176.3 218.2 241.0 553.4 364.6 318.2 556.8 116.9 636.3 101.7 398.8 406.9 251.0 655.3 152.5 269.0 246.0 285.7 421.4 597.8 541.1 600.8 433.5 240.2 240.0 345.1 591.4 417.7 461.3 166.2 126.0 354.5 622.8 260.0 537.9 131.7 189.0 594.9 355.2 553.9 591.4 378.8 619.0 590.2 445.7 481.6 332.1 365.4 513.8 391.0 386.8 440.8 623.1 495.4 242.0 575.7 260.0 442.5 397.4 379.4 640.3 223.4 217.4 398.0 495.9 605.4 377.3 460.9 579.6 535.9 181.6 228.8 252.8 260.2 341.0 396.9
2074.9 409.6 68.1 202.6 596.2 687.4 462.7 247.6 483.4 557.0 599.3 523.9 245.6 479.9 484.0 412.2 436.1 522.5 793.6 726.2 406.5 432.6 400.4 578.6 426.5 425.0 419.2 540.6 608.2 585.4 493.5 548.7 530.4 213.4 518.6 506.5 309.5 567.1 505.6 600.5 400.9 448.2 378.1 420.0 489.7 370.4 510.9 441.8 547.7 637.4 479.0 737.2 274.1 712.0 683.5 487.7 402.6 477.8 480.4 383.2 405.3 233.9 537.6 136.7 386.9 455.1 493.4 428.2 598.3 417.8 525.0 629.6 430.7 628.0 444.2 356.1 433.2 0.0 449.1 476.7 453.2 415.2 500.9 472.2 419.8 400.8 484.9 155.7 445.9 515.0 431.9 474.9 488.6 569.1 478.3 474.8 557.8 459.6 320.3 606.0 547.8 576.8 449.3 369.4 302.4 255.2 194.4 519.3 462.6 522.3 670.0 537.0 536.8 596.0 512.9 339.2 234.3 463.0 483.9 127.5 544.3 337.4 459.4 342.2 485.8 516.4 119.2 475.4 512.9 101.8 540.5 511.7 600.1 254.6 681.3 192.8 435.3 101.6 308.3 474.8 544.6 268.4 409.9 497.2 585.4 679.0 108.0 300.9 561.8 279.8 326.5 319.5 784.8 526.9 613.8 697.4 501.1 457.4 353.7 313.6 420.7 220.3 191.8 729.9
2156.7 197.9 360.8 355.1 678.0 362.0 544.5 281.4 565.2 638.8 681.1 372.8 327.4 561.7 237.7 77.1 120.8 604.3 508.0 380.3 199.3 8.1 482.2 660.4 199.6 506.8 207.5 622.4 355.3 389.6 575.3 397.6 612.2 341.5 600.4 588.3 140.7 280.5 259.3 254.6 482.7 201.9 260.7 14.4 459.0 320.5 264.6 523.6 629.5 404.2 560.8 391.3 307.9 366.1 447.8 569.5 156.3 559.6 562.2 67.9 140.7 277.1 619.4 376.0 71.6 314.7 575.2 181.9 680.1 171.5 606.8 333.9 512.5 302.6 303.8 230.4 171.7 431.1 0.0 558.5 118.1 99.9 582.7 225.9 104.5 154.5 566.7 308.2 110.8 268.7 291.5 556.7 367.9 321.5 560.1 159.5 639.6 144.3 402.1 410.2 301.5 658.6 203.0 319.5 249.3 289.0 424.7 601.1 544.4 604.1 436.8 290.7 290.5 348.4 594.7 421.0 464.6 216.7 168.6 357.8 626.1 310.5 541.2 135.0 239.5 598.2 358.5 557.2 594.7 382.1 622.3 593.5 449.0 484.9 335.4 368.7 517.1 394.3 390.1 444.1 626.4 498.7 292.5 579.0 263.3 445.8 400.7 382.7 643.6 226.7 267.9 401.3 499.2 608.7 380.6 464.2 582.9 539.2 184.9 279.3 303.3 263.5 344.3 400.2
1858.8 631.9 438.5 432.8 181.1 803.6 134.5 469.9 224.4 141.9 184.2 640.1 331.8 332.0 706.3 634.5 658.4 247.3 909.8 842.4 628.8 654.9 226.2 319.6 648.8 189.0 641.5 127.5 724.4 701.6 16.8 664.9 281.5 419.2 293.3 131.4 531.8 683.3 727.9 716.7 164.9 670.5 729.3 642.3 476.5 789.1 733.2 220.2 220.0 753.6 116.0 853.4 496.4 828.2 799.7 36.0 624.9 218.8 258.8 605.5 627.6 456.2 278.6 453.7 609.2 783.3 271.8 650.5 183.2 640.1 48.4 745.8 194.7 744.2 772.4 699.0 655.5 508.8 671.4 0.0 675.5 637.5 311.0 694.5 642.1 623.1 121.9 385.9 668.2 737.3 760.1 253.3 604.8 685.3 215.5 697.1 254.1 681.9 419.9 722.2 770.1 161.7 671.6 788.1 524.7 477.5 502.4 42.5 241.0 264.5 786.2 759.3 759.1 712.2 273.9 438.8 542.3 685.3 706.2 435.5 223.4 779.1 186.8 564.5 708.1 64.7 436.2 112.4 291.3 459.8 125.4 290.1 716.3 562.6 797.5 446.4 216.2 472.0 614.9 461.6 129.5 576.4 761.1 45.5 701.6 795.2 478.4 628.4 146.7 502.1 736.5 419.1 901.0 129.4 730.0 813.6 310.8 129.2 576.0 747.9 771.9 442.6 422.0 846.1
2179.0 220.2 383.1 377.4 700.3 384.3 566.8 303.7 587.5 661.1 703.4 395.1 349.7 584.0 260.0 25.3 143.1 626.6 530.3 402.6 221.6 99.8 504.5 682.7 221.9 529.1 229.8 644.7 377.6 411.9 597.6 419.9 634.5 363.8 622.7 610.6 163.0 302.8 281.6 276.9 505.0 224.2 283.0 87.2 481.3 342.8 286.9 545.9 651.8 426.5 583.1 413.6 330.2 388.4 470.1 591.8 178.6 581.9 584.5 90.2 163.0 299.4 641.7 398.3 93.9 337.0 597.5 204.2 702.4 193.8 629.1 356.2 534.8 324.9 326.1 252.7 194.0 453.4 116.3 580.8 0.0 122.2 605.0 248.2 126.8 176.8 589.0 330.5 4.5 291.0 313.8 579.0 390.2 343.8 582.4 181.8 661.9 166.6 424.4 432.5 323.8 680.9 225.3 341.8 271.6 311.3 447.0 623.4 566.7 626.4 459.1 313.0 312.8 370.7 617.0 443.3 486.9 239.0 190.9 380.1 648.4 332.8 563.5 157.3 261.8 620.5 380.8 579.5 617.0 404.4 644.6 615.8 471.3 507.2 357.7 391.0 539.4 416.6 412.4 466.4 648.7 521.0 314.8 601.3 285.6 468.1 423.0 405.0 665.9 249.0 290.2 423.6 521.5 631.0 402.9 486.5 605.2 561.5 207.2 301.6 325.6 285.8 366.6 422.5
2156.0 116.2 360.1 354.4 677.3 361.3 543.8 280.7 564.5 638.1 680.4 372.1 326.7 561.0 230.9 116.2 20.8 603.6 507.3 372.7 198.6 136.6 481.5 659.7 117.9 506.1 125.8 621.7 354.6 388.9 574.6 396.9 611.5 340.8 599.7 587.6 140.0 279.8 252.5 253.9 482.0 195.1 253.9 124.0 458.3 313.7 257.8 522.9 628.8 403.5 560.1 390.6 307.2 360.2 447.1 568.8 149.5 558.9 561.5 40.7 59.0 276.4 618.7 376.0 64.9 307.9 582.3 175.1 679.4 164.7 606.1 333.2 515.6 301.9 297.0 223.6 90.0 430.4 153.1 557.8 157.2 0.0 582.0 209.8 22.8 154.1 565.7 313.7 149.9 261.9 284.7 561.5 367.2 320.8 559.4 77.8 638.9 62.6 401.4 409.5 294.7 657.9 196.2 312.7 248.6 288.3 424.0 600.4 544.3 603.4 436.1 283.9 283.7 347.7 594.0 420.3 463.9 209.9 86.9 357.1 625.4 303.7 540.5 134.3 232.7 597.5 357.8 556.5 594.0 381.4 621.6 592.8 448.3 484.2 334.7 368.0 516.4 393.6 389.4 443.4 625.7 498.0 285.7 578.3 262.6 445.1 400.0 382.0 642.9 226.0 261.1 400.6 498.5 608.0 379.9 463.5 582.2 538.5 184.2 272.5 296.5 264.0 343.6 399.5
1920.4 699.4 506.0 500.3 287.8 731.7 330.9 537.4 203.0 301.3 343.6 568.2 399.3 20.9 773.8 702.0 725.9 89.9 837.9 770.5 696.3 722.4 340.5 298.2 716.3 303.3 709.0 248.1 652.5 629.7 235.7 593.0 29.4 486.7 17.6 252.0 599.3 611.4 795.4 644.8 279.2 738.0 796.8 709.8 404.6 856.6 800.7 334.5 267.3 681.7 300.0 781.5 563.9 756.3 727.8 235.6 692.4 197.4 373.1 673.0 695.1 523.7 257.2 521.2 676.7 850.8 386.1 718.0 342.6 707.6 198.4 673.9 309.0 672.3 839.9 766.5 723.0 576.3 738.9 252.5 743.0 705.0 0.0 762.0 709.6 690.6 294.1 453.4 735.7 804.8 827.6 367.6 532.9 613.4 329.8 764.6 56.8 749.4 348.0 650.3 837.6 258.1 739.1 855.6 592.2 545.0 569.9 244.4 355.3 107.1 714.3 826.8 826.6 640.3 116.5 366.9 609.8 752.8 773.7 503.0 263.9 846.6 301.1 632.0 775.6 206.9 503.7 338.6 405.6 527.3 284.8 404.4 644.4 630.1 725.6 513.9 330.5 539.5 543.0 389.7 328.4 643.9 828.6 226.1 629.7 723.3 545.9 663.9 306.1 569.6 804.0 347.2 829.1 250.0 658.1 741.7 0.2 325.6 643.5 815.4 839.4 510.1 489.5 774.2
2218.7 158.1 365.8 417.1 740.0 424.0 606.5 333.0 627.2 700.8 743.1 424.4 389.4 613.3 145.5 207.9 231.8 655.9 570.0 425.0 261.3 228.3 544.2 722.4 175.0 568.8 167.7 685.2 417.3 451.6 637.3 459.6 674.2 403.5 662.4 650.3 192.3 342.5 167.1 316.6 544.7 171.2 168.5 215.7 521.0 228.3 109.0 585.6 681.1 466.2 612.4 453.3 369.9 422.9 509.8 631.5 104.5 611.2 624.2 178.9 153.8 328.7 669.4 449.4 172.2 228.6 645.0 130.1 731.7 164.7 668.8 395.9 578.3 364.6 217.7 138.2 181.7 436.1 244.8 620.5 248.9 200.5 644.7 0.0 190.0 154.1 628.4 376.4 241.6 117.7 205.4 624.2 429.9 383.5 622.1 232.3 691.2 217.1 464.1 472.2 150.5 720.6 140.8 227.3 311.3 351.0 486.7 663.1 607.0 666.1 498.8 140.2 139.5 410.4 656.7 472.6 526.6 154.5 241.4 419.8 688.1 218.3 603.2 197.0 13.5 660.2 420.8 608.8 656.7 434.0 673.9 645.1 511.0 546.9 397.4 420.3 579.1 399.3 441.7 506.1 688.4 560.7 225.4 641.0 325.3 507.8 395.3 434.3 705.6 288.7 175.7 463.3 557.4 676.8 442.6 526.2 644.9 601.2 246.9 176.7 236.2 326.7 406.3 462.2
2151.8 93.3 355.9 350.2 673.1 357.1 539.6 276.5 560.3 633.9 676.2 367.9 322.5 556.8 208.0 112.0 54.9 599.4 503.1 375.4 194.4 132.4 477.3 655.5 95.0 501.9 102.9 617.5 350.4 384.7 570.4 392.7 607.3 336.6 595.5 583.4 135.8 275.6 229.6 249.7 477.8 172.2 231.0 119.8 454.1 290.8 234.9 518.7 624.6 399.3 555.9 386.4 303.0 361.2 442.9 564.6 126.6 554.7 557.3 36.5 36.1 272.2 614.5 371.1 60.7 285.0 570.3 152.2 675.2 141.8 601.9 329.0 507.6 297.7 274.1 200.7 67.1 426.2 148.9 553.6 153.0 34.0 577.8 196.2 0.0 124.8 561.8 303.3 145.7 239.0 261.8 551.8 363.0 316.6 555.2 54.9 634.7 39.7 397.2 405.3 271.8 653.7 173.3 289.8 244.4 284.1 419.8 596.2 539.5 599.2 431.9 261.0 260.8 343.5 589.8 416.1 459.7 187.0 64.0 352.9 621.2 280.8 536.3 130.1 209.8 593.3 353.6 552.3 589.8 377.2 617.4 588.6 444.1 480.0 330.5 363.8 512.2 389.4 385.2 439.2 621.5 493.8 262.8 574.1 258.4 440.9 395.8 377.8 638.7 221.8 238.2 396.4 494.3 603.8 375.7 459.3 578.0 534.3 180.0 249.6 273.6 258.6 339.4 395.3
2161.4 100.8 373.9 359.8 682.7 372.4 549.2 291.8 569.9 643.5 685.8 377.5 332.1 572.1 153.6 150.6 174.5 609.0 512.7 378.1 204.0 171.0 486.9 665.1 117.7 517.2 110.4 627.9 360.0 394.3 580.0 402.3 616.9 346.2 605.1 593.0 145.4 285.2 175.2 259.3 493.1 41.2 176.6 158.4 463.7 236.4 175.9 528.3 634.2 408.9 571.2 396.0 312.6 371.3 452.5 574.2 72.2 570.0 566.9 121.6 96.5 281.8 612.1 381.4 131.0 230.6 587.7 97.8 690.5 10.8 611.5 338.6 521.0 307.3 219.7 146.3 124.4 444.2 187.5 563.2 191.6 153.6 587.4 132.5 132.7 0.0 571.1 319.1 184.3 184.6 207.4 572.6 372.6 326.2 564.8 175.0 650.0 165.5 406.8 420.6 217.4 663.3 124.6 235.4 254.0 293.7 429.4 605.8 549.7 608.8 441.5 207.1 206.4 353.1 599.4 425.7 469.3 138.3 184.1 362.5 630.8 226.4 545.9 139.7 155.4 602.9 363.2 561.9 599.4 386.8 627.0 603.9 453.7 489.6 340.1 379.1 521.8 407.4 400.5 448.8 631.1 509.1 208.4 583.7 268.0 450.5 419.5 393.1 648.3 231.4 183.8 406.0 500.1 619.5 385.3 468.9 587.6 549.6 189.6 200.9 219.2 269.4 349.0 404.9
1900.1 620.3 426.9 421.2 222.1 844.3 151.5 458.6 265.4 182.9 224.9 680.8 320.2 238.0 694.7 622.9 646.8 288.3 905.3 876.2 617.2 643.3 196.6 360.6 637.2 159.7 629.9 167.7 765.1 697.1 119.4 660.4 322.5 407.6 276.7 172.4 520.2 678.8 716.3 712.2 135.6 658.9 717.7 630.7 472.0 777.5 717.0 208.6 260.7 749.1 5.5 848.9 484.8 818.5 795.2 113.6 613.3 259.5 247.2 593.9 616.0 444.9 307.6 442.8 597.9 771.7 268.0 638.9 224.2 628.5 150.9 741.3 168.9 739.7 760.8 687.4 643.9 497.2 659.8 102.6 663.9 625.9 259.0 673.6 630.5 617.9 0.0 380.5 656.6 725.7 748.5 247.5 600.3 680.8 113.4 685.5 294.8 670.6 334.2 762.9 758.5 202.7 660.3 776.5 513.1 465.9 490.8 145.2 230.0 305.5 781.7 748.2 747.5 707.7 314.9 353.1 530.7 673.7 694.9 423.9 264.4 767.5 121.7 552.9 696.5 142.3 424.6 44.4 279.7 448.2 166.1 278.5 711.8 551.0 793.0 434.8 151.1 460.4 610.4 457.1 170.5 564.8 749.8 123.1 697.1 790.7 466.8 616.8 187.7 490.5 724.9 333.4 892.7 176.1 725.5 809.1 259.2 146.2 564.4 736.3 760.3 432.2 410.4 841.6
1976.8 311.5 145.1 46.8 498.1 595.5 364.6 155.7 385.3 458.9 501.2 432.0 147.5 388.0 385.9 314.1 338.0 424.4 701.7 627.4 308.4 334.5 302.3 480.5 328.4 333.1 321.1 443.3 516.3 487.3 395.4 450.6 432.3 289.7 420.5 408.4 217.6 469.0 407.5 502.4 309.0 350.1 408.9 321.9 391.6 468.7 408.2 343.7 449.6 539.3 387.1 639.1 176.0 608.7 585.4 389.6 304.5 385.9 382.3 285.1 307.2 142.0 427.5 71.5 288.8 462.9 403.1 330.1 506.4 319.7 426.9 531.5 336.4 529.9 452.0 378.6 335.1 140.5 351.0 378.6 355.1 323.3 402.8 364.8 321.7 309.1 386.5 0.0 354.0 416.9 439.7 388.5 390.5 471.0 380.2 376.7 465.9 361.5 222.2 514.1 449.7 478.7 357.4 467.7 204.3 157.1 270.7 421.2 365.1 424.2 571.9 439.4 438.7 497.9 414.8 241.1 310.6 371.1 392.0 203.8 446.2 458.7 361.3 244.1 387.7 418.3 53.3 377.3 414.8 76.9 442.4 419.8 502.0 330.9 583.2 275.3 337.2 111.6 216.4 376.7 446.5 344.7 440.7 399.1 487.3 580.9 105.2 209.0 469.9 181.7 416.1 221.4 682.9 434.9 515.7 599.3 403.0 365.5 255.6 433.7 451.5 123.4 36.0 631.8
2174.4 215.6 378.5 372.8 695.7 379.7 562.2 299.1 582.9 656.5 698.8 390.5 345.1 579.4 255.4 20.8 138.5 622.0 525.7 391.1 217.0 95.2 499.9 678.1 217.3 524.5 225.2 640.1 373.0 407.3 593.0 415.3 629.9 359.2 618.1 606.0 158.4 298.2 277.0 272.3 500.4 219.6 278.4 82.6 476.7 338.2 282.3 541.3 647.2 421.9 578.5 409.0 325.6 378.6 465.5 587.2 174.0 577.3 579.9 85.6 158.4 294.8 625.1 393.7 89.3 332.4 592.9 199.6 697.8 189.2 624.5 351.6 530.2 320.3 321.5 248.1 189.4 448.8 111.7 576.2 7.3 117.6 600.4 234.3 122.2 178.6 584.4 332.1 0.0 286.4 309.2 579.9 385.6 339.2 577.8 177.2 657.3 162.0 419.8 427.9 319.2 676.3 220.7 337.2 267.0 306.7 442.4 618.8 562.1 621.8 454.5 308.4 308.2 366.1 612.4 438.7 482.3 234.4 186.3 375.5 643.8 328.2 558.9 152.7 257.2 615.9 376.2 574.9 612.4 399.8 640.0 611.2 466.7 502.6 353.1 386.4 534.8 412.0 407.8 461.8 644.1 516.4 310.2 596.7 281.0 463.5 418.4 400.4 661.3 244.4 285.6 419.0 513.1 626.4 398.3 481.9 600.6 556.9 202.6 297.0 321.0 281.2 362.0 417.9
2224.9 164.3 372.0 423.3 746.2 430.2 612.7 349.6 633.4 707.0 749.3 441.0 395.6 629.9 151.7 214.1 238.0 672.5 576.2 448.5 267.5 234.5 550.4 728.6 181.2 575.0 173.9 690.6 423.5 457.8 643.5 465.8 680.4 409.7 668.6 656.5 208.9 348.7 173.3 322.8 550.9 177.4 174.7 221.9 527.2 234.5 109.4 591.8 697.7 472.4 629.0 459.5 376.1 434.3 516.0 637.7 110.7 627.8 630.4 185.1 160.0 345.3 687.6 454.9 188.8 224.4 643.4 136.3 748.3 170.9 675.0 402.1 580.7 370.8 213.5 144.4 187.9 442.3 251.0 626.7 255.1 217.1 650.9 101.1 196.2 153.9 634.9 376.4 247.8 0.0 201.2 624.9 436.1 389.7 628.3 238.5 707.8 223.3 470.3 478.4 146.3 726.8 157.4 233.5 317.5 357.2 492.9 669.3 612.6 672.3 505.0 135.5 135.3 416.6 662.9 489.2 532.8 171.1 247.6 426.0 694.3 224.5 609.4 203.2 114.7 666.4 437.4 625.4 662.9 440.2 690.5 661.7 517.2 553.1 403.6 436.9 585.3 405.5 458.3 512.3 694.6 566.9 221.2 647.2 331.5 514.0 411.9 450.9 711.8 294.9 181.9 469.5 567.4 676.9 448.8 532.4 651.1 607.4 253.1 193.3 232.0 331.7 412.5 468.4
2272.4 211.8 312.5 470.8 793.7 477.7 660.2 397.1 680.9 754.5 796.8 488.5 443.1 677.4 168.6 261.6 285.5 720.0 623.7 496.0 315.0 282.0 597.9 776.1 228.7 622.5 221.4 738.1 471.0 505.3 691.0 513.3 727.9 457.2 716.1 704.0 256.4 396.2 152.7 370.3 598.4 224.9 31.9 269.4 574.7 175.0 79.9 639.3 745.2 519.9 676.5 507.0 423.6 481.8 563.5 685.2 158.2 675.3 677.9 232.6 207.5 392.8 735.1 395.4 236.3 23.1 690.9 183.8 795.8 218.4 722.5 449.6 628.2 418.3 12.2 115.3 235.4 382.8 298.5 674.2 302.6 264.6 698.4 167.4 243.7 201.4 682.4 423.9 295.3 202.3 0.0 672.4 483.6 437.2 675.8 286.0 755.3 270.8 517.8 525.9 131.7 774.3 204.9 174.0 365.0 404.7 379.0 716.8 660.1 719.8 552.5 95.5 123.7 464.1 710.4 536.7 418.9 218.6 295.1 312.1 741.8 165.0 656.9 250.7 181.0 713.9 377.9 672.9 710.4 380.7 738.0 709.2 564.7 439.2 451.1 377.4 632.8 346.0 505.8 559.8 742.1 453.0 42.4 694.7 379.0 561.5 352.4 498.4 759.3 342.4 152.8 517.0 614.9 724.4 496.3 579.9 698.6 654.9 300.6 164.2 53.2 379.2 460.0 515.9
1846.4 507.4 314.0 308.3 314.7 717.8 225.9 345.4 229.9 320.2 362.5 554.3 207.3 226.4 581.8 510.0 533.9 317.9 824.0 749.7 504.3 530.4 146.9 325.1 524.3 171.5 517.0 304.6 638.6 615.8 256.7 579.1 276.9 294.7 265.1 269.7 407.3 597.5 603.4 630.9 147.4 546.0 604.8 517.8 390.7 664.6 608.7 72.6 294.2 667.8 195.0 767.6 371.9 737.2 713.9 250.9 500.4 224.3 42.6 481.0 503.1 331.7 272.1 329.9 484.7 658.8 13.0 526.0 361.5 515.6 225.3 660.0 177.2 658.4 647.9 574.5 531.0 384.3 546.9 239.9 551.0 513.0 247.4 560.7 517.6 505.0 189.4 267.6 543.7 612.8 635.6 0.0 519.0 599.5 224.8 572.6 304.3 557.4 221.3 636.4 645.6 285.0 547.1 663.6 400.2 353.0 377.9 282.5 91.7 272.7 700.4 635.3 634.6 626.4 263.3 240.2 417.8 560.8 581.7 311.0 290.8 654.6 196.1 440.0 583.6 233.8 311.7 233.6 75.1 335.3 303.7 30.1 630.5 438.1 711.7 321.9 206.8 347.5 511.3 375.8 307.8 451.9 636.6 260.4 615.8 709.4 353.9 503.9 325.0 377.6 612.0 220.5 811.4 291.7 644.2 727.8 247.6 220.6 451.5 623.4 647.4 318.1 297.5 760.3
2124.3 393.5 508.7 503.0 573.0 333.2 512.1 297.0 488.2 606.4 648.7 169.7 402.0 529.3 467.9 396.1 420.0 483.0 439.4 372.0 390.4 416.5 449.8 583.4 410.4 474.4 403.1 590.0 254.0 231.2 542.9 194.5 517.2 489.4 568.0 555.9 293.4 212.9 489.5 246.3 450.3 432.1 490.9 403.9 205.5 550.7 494.8 491.2 552.5 283.2 528.4 383.0 323.5 357.8 329.3 537.1 386.5 482.6 529.8 367.1 389.2 292.7 542.4 523.9 370.8 544.9 542.8 412.1 647.7 401.7 483.6 275.4 480.1 273.8 534.0 460.6 417.1 579.0 433.0 526.1 437.1 399.1 550.3 456.1 403.7 384.7 534.3 456.1 429.8 498.9 521.7 524.3 0.0 214.9 527.7 458.7 489.8 443.5 369.7 251.8 531.7 543.3 433.2 549.7 286.3 304.6 572.6 568.7 512.0 482.8 315.8 520.9 520.7 241.8 473.4 388.6 612.5 446.9 467.8 505.7 549.1 540.7 508.8 326.1 469.7 565.8 506.4 524.8 562.3 530.0 589.9 561.1 245.9 632.8 327.1 516.6 484.7 542.2 179.9 190.6 594.0 646.6 522.7 546.6 231.2 324.8 548.6 300.8 611.2 263.7 498.1 368.9 430.6 576.3 259.6 343.2 550.5 506.8 337.6 509.5 533.5 279.1 492.2 375.7
2212.7 326.7 597.1 591.4 661.4 148.0 600.5 230.2 576.6 694.8 737.1 117.9 490.4 617.7 401.1 329.3 353.2 571.4 326.0 231.0 323.6 349.7 538.2 671.8 343.6 562.8 336.3 678.4 140.6 117.8 631.3 142.7 605.6 577.8 656.4 644.3 226.6 27.7 422.7 91.9 538.7 365.3 424.1 337.1 293.9 483.9 428.0 579.6 640.9 169.8 616.8 228.6 256.7 203.4 215.9 625.5 319.7 571.0 618.2 300.3 322.4 225.9 630.8 612.3 304.0 478.1 631.2 345.3 736.1 334.9 572.0 119.9 568.5 88.6 467.2 393.8 350.3 667.4 366.2 614.5 370.3 332.3 638.7 389.3 336.9 317.9 622.7 544.5 363.0 432.1 454.9 612.7 202.8 0.0 616.1 391.9 578.2 376.7 458.1 138.4 464.9 631.7 366.4 482.9 219.5 237.8 661.0 657.1 600.4 571.2 202.4 454.1 453.9 26.9 561.8 477.0 700.9 380.1 401.0 594.1 637.5 473.9 597.2 259.3 402.9 654.2 594.8 613.2 650.7 618.4 678.3 649.5 194.1 721.2 186.1 605.0 573.1 630.6 268.3 279.0 682.4 735.0 455.9 635.0 46.0 211.4 637.0 389.2 699.6 196.9 431.3 457.3 317.2 664.7 146.2 229.8 638.9 595.2 270.8 442.7 466.7 212.3 580.6 237.5
1923.6 643.8 450.4 444.7 303.4 822.6 175.0 481.8 336.7 264.2 306.5 659.1 343.7 261.5 718.2 646.4 670.3 359.6 928.8 861.4 640.7 666.8 220.1 431.9 660.7 182.9 653.4 252.9 743.4 720.6 200.7 683.9 312.0 431.1 300.2 218.8 543.7 702.3 739.8 735.7 158.8 682.4 741.2 654.2 495.5 801.0 745.1 232.1 342.3 772.6 87.1 872.4 508.3 847.2 818.7 194.9 636.8 331.1 270.7 617.4 639.5 468.1 390.9 465.6 621.1 795.2 283.7 662.4 305.5 652.0 232.2 764.8 188.6 763.2 784.3 710.9 667.4 520.7 683.3 183.9 687.4 649.4 282.5 706.4 654.0 635.0 81.2 397.8 680.1 749.2 772.0 265.2 623.8 704.3 0.0 709.0 366.4 693.8 357.7 741.2 782.0 284.0 683.5 800.0 536.6 489.4 514.3 226.5 252.9 376.8 805.2 771.2 771.0 731.2 386.2 376.6 554.2 697.2 718.1 447.4 345.7 791.0 145.2 576.4 720.0 223.6 448.1 125.7 303.2 471.7 247.7 302.0 735.3 574.5 816.5 458.3 174.6 483.9 633.9 480.6 251.8 588.3 773.0 204.4 720.6 814.2 490.3 640.3 269.0 514.0 748.4 356.9 920.0 239.2 749.0 832.6 282.7 169.7 587.9 759.8 783.8 454.5 433.9 865.1
2184.4 133.2 388.5 382.8 705.7 389.7 572.2 309.1 592.9 666.5 708.8 400.5 355.1 589.4 247.9 144.6 87.5 632.0 535.7 408.0 227.0 165.0 509.9 688.1 134.9 534.5 142.8 650.1 383.0 417.3 603.0 425.3 639.9 369.2 628.1 616.0 168.4 308.2 269.5 282.3 510.4 212.1 270.9 152.4 486.7 330.7 274.8 551.3 657.2 431.9 588.5 419.0 335.6 393.8 475.5 597.2 166.5 587.3 589.9 69.1 76.0 304.8 647.1 403.7 93.3 324.9 602.9 192.1 707.8 181.7 634.5 361.6 540.2 330.3 314.0 240.6 107.0 458.8 181.5 586.2 185.6 66.6 610.4 236.1 32.5 164.7 594.4 335.9 178.3 278.9 301.7 584.4 395.6 349.2 587.8 0.0 667.3 10.3 429.8 437.9 311.7 686.3 213.2 329.7 277.0 316.7 452.4 628.8 572.1 631.8 464.5 300.9 300.7 376.1 622.4 448.7 492.3 226.9 9.1 385.5 653.8 320.7 568.9 162.7 249.7 625.9 386.2 584.9 622.4 409.8 650.0 621.2 476.7 512.6 363.1 396.4 544.8 422.0 417.8 471.8 654.1 526.4 302.7 606.7 291.0 473.5 428.4 410.4 671.3 254.4 278.1 429.0 526.9 636.4 408.3 491.9 610.6 566.9 212.6 289.5 313.5 291.2 372.0 427.9
1977.3 642.5 449.1 443.4 290.2 674.8 333.3 480.5 205.4 381.0 423.3 511.3 342.4 77.8 716.9 645.1 669.0 33.0 781.0 706.7 639.4 665.5 342.9 300.6 659.4 305.7 652.1 304.2 595.6 572.8 238.1 536.1 27.3 429.8 39.1 308.9 542.4 554.5 738.5 587.9 281.6 681.1 739.9 652.9 347.7 799.7 739.2 336.9 269.7 624.8 302.4 724.6 507.0 694.2 670.9 238.0 635.5 199.8 375.5 616.1 638.2 466.8 259.6 464.3 619.8 793.9 396.3 661.1 422.3 650.7 200.8 617.0 315.2 615.4 783.0 709.6 666.1 519.4 682.0 254.9 686.1 648.1 56.8 705.1 652.7 640.1 296.5 402.7 678.8 747.9 770.7 375.5 476.0 556.5 332.2 707.7 0.0 692.5 291.1 593.4 780.7 260.5 682.2 798.7 535.3 488.1 513.0 246.8 357.7 50.2 657.4 769.9 769.7 583.4 59.6 310.0 552.9 695.9 716.8 446.1 266.3 789.7 303.5 575.1 718.7 209.3 446.8 341.0 408.0 470.4 364.5 406.8 587.5 573.2 668.7 457.0 332.9 482.6 486.1 332.8 330.8 587.0 771.7 228.5 572.8 666.4 489.0 607.0 385.8 512.7 747.1 290.3 768.4 312.6 601.2 684.8 56.6 328.0 586.6 758.5 782.5 453.2 432.6 717.3
2174.0 122.8 378.1 372.4 695.3 379.3 561.8 298.7 582.5 656.1 698.4 390.1 344.7 579.0 237.5 134.2 77.1 621.6 525.3 390.7 216.6 154.6 499.5 677.7 124.5 524.1 132.4 640.5 372.6 406.9 592.6 414.9 629.5 358.8 617.7 605.6 158.0 297.8 259.1 271.9 500.0 201.7 260.5 142.0 476.3 320.3 264.4 540.9 646.8 421.5 578.1 408.6 325.2 378.2 465.1 586.8 156.1 576.9 579.5 58.7 65.6 294.4 624.7 393.3 82.9 314.5 592.5 181.7 697.4 171.3 624.1 351.2 529.8 319.9 303.6 230.2 96.6 448.4 171.1 575.8 175.2 56.2 600.0 216.4 22.1 160.7 584.0 331.7 167.9 268.5 291.3 579.5 385.2 338.8 577.4 15.1 656.9 0.0 419.4 427.5 301.3 675.9 202.8 319.3 266.6 306.3 442.0 618.4 561.7 621.4 454.1 290.5 290.3 365.7 612.0 438.3 481.9 216.5 24.3 375.1 643.4 310.3 558.5 152.3 239.3 615.5 375.8 574.5 612.0 399.4 639.6 610.8 466.3 502.2 352.7 386.0 534.4 411.6 407.4 461.4 643.7 516.0 292.3 596.3 280.6 463.1 418.0 400.0 660.9 244.0 267.7 418.6 512.7 632.1 397.9 481.5 600.2 556.5 202.2 279.1 303.1 280.8 361.6 417.5
1909.7 469.5 276.1 270.4 390.3 594.6 297.5 307.5 305.5 391.8 434.1 431.1 169.4 314.7 543.9 472.1 496.0 300.3 700.8 633.4 466.4 492.5 235.2 400.7 486.4 259.8 479.1 375.4 515.4 492.6 328.3 455.9 334.5 256.8 353.4 341.3 369.4 474.3 565.5 507.7 235.7 508.1 566.9 479.9 267.5 626.7 570.8 276.6 369.8 544.6 313.8 644.4 334.0 619.2 590.7 322.5 462.5 299.9 315.2 443.1 465.2 293.8 359.7 291.3 446.8 620.9 328.2 488.1 433.1 477.7 359.8 536.8 265.5 535.2 610.0 536.6 493.1 346.4 509.0 311.5 513.1 475.1 335.7 532.1 479.7 460.7 319.7 223.5 505.8 574.9 597.7 309.7 395.8 476.3 313.1 534.7 307.1 519.5 0.0 513.2 607.7 360.6 509.2 625.7 362.3 315.1 340.0 354.1 297.4 300.1 577.2 596.9 596.7 503.2 290.7 72.3 379.9 522.9 543.8 273.1 366.4 616.7 294.2 402.1 545.7 351.2 273.8 310.2 347.7 297.4 375.3 346.5 507.3 400.2 588.5 284.0 270.1 309.6 405.9 252.6 379.4 414.0 598.7 332.0 492.6 586.2 316.0 526.8 396.6 339.7 574.1 52.6 692.0 361.7 521.0 604.6 335.9 292.2 413.6 585.5 609.5 280.2 259.6 637.1
2241.7 447.5 626.1 620.4 690.4 241.2 629.5 351.0 605.6 723.8 766.1 146.9 519.4 646.7 521.9 450.1 474.0 600.4 277.0 344.9 444.4 470.5 567.2 700.8 464.4 591.8 457.1 707.4 91.6 30.5 660.3 171.7 634.6 606.8 685.4 673.3 347.4 148.5 543.5 212.7 567.7 486.1 544.9 457.9 322.9 604.7 544.2 608.6 669.9 120.8 645.8 221.8 377.5 250.9 166.9 654.5 440.5 600.0 647.2 421.1 443.2 346.7 659.8 641.3 424.8 598.9 660.2 466.1 765.1 455.7 601.0 113.0 601.3 144.3 588.0 514.6 471.1 696.4 487.0 643.5 491.1 453.1 667.7 500.8 457.7 445.1 651.7 579.7 483.8 552.9 575.7 647.2 231.8 150.5 645.1 512.7 607.2 497.5 487.1 0.0 585.7 660.7 487.2 603.7 340.3 358.6 690.0 686.1 629.4 600.2 153.4 574.9 574.7 177.4 590.8 506.0 729.9 500.9 521.8 623.1 666.5 594.7 626.2 380.1 523.7 683.2 623.8 642.2 679.7 647.4 707.3 678.5 223.1 750.2 306.9 634.0 602.1 659.6 297.3 308.0 711.4 764.0 576.7 664.0 166.8 162.4 666.0 418.2 728.6 317.7 552.1 486.3 264.4 693.7 97.2 180.8 667.9 624.2 391.6 563.5 587.5 333.1 609.6 213.3
2266.0 205.4 381.5 464.4 787.3 471.3 653.8 390.7 674.5 748.1 790.4 482.1 436.7 671.0 183.9 255.2 279.1 713.6 617.3 489.6 308.6 275.6 591.5 769.7 222.3 616.1 215.0 731.7 464.6 498.9 684.6 506.9 721.5 450.8 709.7 697.6 250.0 389.8 164.8 363.9 592.0 218.5 148.4 263.0 568.3 244.0 47.1 632.9 738.8 513.5 670.1 500.6 417.2 475.4 557.1 678.8 151.8 668.9 671.5 226.2 201.1 386.4 728.7 464.4 229.9 162.1 684.5 177.4 789.4 212.0 716.1 443.2 621.8 411.9 151.2 153.9 229.0 451.8 292.1 667.8 296.2 258.2 692.0 142.2 237.3 195.0 676.0 417.5 288.9 134.6 138.9 666.0 477.2 430.8 669.4 279.6 748.9 264.4 511.4 519.5 0.0 767.9 198.5 243.0 358.6 398.3 448.0 710.4 653.7 713.4 546.1 73.2 73.0 457.7 704.0 530.3 487.9 212.2 288.7 381.1 735.4 234.0 650.5 244.3 155.8 707.5 446.9 666.5 704.0 449.7 731.6 702.8 558.3 508.2 444.7 478.0 626.4 415.0 499.4 553.4 735.7 522.0 158.9 688.3 372.6 555.1 421.4 492.0 752.9 336.0 191.4 510.6 608.5 718.0 489.9 573.5 692.2 648.5 294.2 202.8 169.7 372.8 453.6 509.5
1916.2 692.0 498.6 492.9 29.6 732.0 246.2 530.0 126.4 157.0 199.3 568.5 391.9 188.9 766.4 694.6 718.5 234.4 838.2 770.8 688.9 715.0 286.3 221.6 708.9 249.1 701.6 184.9 652.8 630.0 181.5 593.3 239.4 479.3 227.6 188.8 591.9 611.7 788.0 645.1 225.0 730.6 789.4 702.4 404.9 849.2 793.3 280.3 58.2 682.0 245.8 781.8 556.5 756.6 728.1 181.4 685.0 120.8 318.9 665.6 687.7 516.3 180.6 513.8 669.3 843.4 331.9 710.6 198.3 700.2 144.2 674.2 254.8 672.6 832.5 759.1 715.6 568.9 731.5 198.3 735.6 697.6 209.9 754.6 702.2 683.2 239.9 446.0 728.3 797.4 820.2 313.4 533.2 613.7 275.6 757.2 311.5 742.0 348.3 650.6 830.2 0.0 731.7 848.2 584.8 537.6 562.5 190.2 301.1 217.2 714.6 819.4 819.2 640.6 207.8 367.2 602.4 745.4 766.3 495.6 61.6 839.2 246.9 624.6 768.2 152.7 496.3 225.5 351.4 519.9 140.5 350.2 644.7 622.7 725.9 506.5 276.3 532.1 543.3 390.0 70.2 636.5 821.2 171.9 630.0 723.6 538.5 664.2 161.8 562.2 796.6 347.5 829.4 186.8 658.4 742.0 210.1 240.9 636.1 808.0 832.0 502.7 482.1 774.5
2204.6 144.0 372.1 403.0 725.9 409.9 592.4 329.3 613.1 686.7 729.0 420.7 375.3 609.6 151.8 193.8 217.7 652.2 555.9 421.3 247.2 214.2 530.1 708.3 160.9 554.7 153.6 670.3 403.2 437.5 623.2 445.5 660.1 389.4 648.3 636.2 188.6 328.4 173.4 302.5 530.6 95.0 174.8 201.6 506.9 234.6 178.7 571.5 677.4 452.1 608.7 439.2 355.8 408.8 495.7 617.4 50.3 607.5 610.1 164.8 139.7 325.0 667.3 455.7 168.5 228.8 628.7 70.7 728.0 118.5 654.7 381.8 560.4 350.5 217.9 144.5 167.6 442.4 230.7 606.4 234.8 196.8 630.6 130.7 175.9 134.0 614.3 362.3 227.5 182.8 205.6 610.1 415.8 369.4 608.0 218.2 687.5 203.0 450.0 458.1 215.6 706.5 0.0 233.6 297.2 336.9 472.6 649.0 592.3 652.0 484.7 204.8 204.6 396.3 642.6 468.9 512.5 105.5 227.3 405.7 674.0 224.6 589.1 182.9 153.6 646.1 437.5 605.1 642.6 440.3 670.2 641.4 496.9 532.8 383.3 416.6 565.0 405.6 438.0 492.0 674.3 546.6 206.6 626.9 311.2 493.7 412.0 430.6 691.5 274.6 182.0 449.2 547.1 656.6 428.5 512.1 630.8 587.1 232.8 193.4 217.4 312.6 392.2 448.1
2234.0 257.1 263.1 352.0 755.3 523.0 621.8 442.4 642.5 716.1 758.4 533.8 404.7 639.0 213.9 306.9 330.8 681.6 669.0 541.3 360.3 327.3 559.5 737.7 274.0 584.1 266.7 699.7 516.3 550.6 652.6 558.6 689.5 348.6 677.7 665.6 301.7 441.5 212.8 415.6 560.0 270.2 140.5 314.7 620.0 41.7 198.1 600.9 706.8 565.2 638.1 552.3 468.9 527.1 608.8 646.8 203.5 636.9 639.5 277.9 252.8 438.1 696.7 346.0 281.6 217.5 652.5 229.1 757.4 263.7 684.1 494.9 589.8 463.6 206.6 118.0 280.7 333.4 343.8 635.8 347.9 309.9 660.0 212.7 289.0 246.7 644.0 305.1 340.6 255.5 194.3 634.0 528.9 482.5 637.4 331.3 716.9 316.1 479.4 571.2 249.9 735.9 250.2 0.0 410.3 450.0 329.6 678.4 621.7 681.4 597.8 213.7 241.9 509.4 672.0 498.3 369.5 263.9 340.4 262.7 703.4 60.3 618.5 296.0 226.3 675.5 328.5 634.5 672.0 331.3 699.6 670.8 610.0 389.8 496.4 328.0 594.4 296.6 467.4 605.1 703.7 403.6 172.3 656.3 424.3 606.8 303.0 460.0 720.9 387.7 88.4 478.6 660.2 686.0 541.6 625.2 660.2 616.5 345.9 75.5 183.1 424.5 341.2 561.2
2036.9 216.7 241.0 235.3 558.2 242.2 424.7 161.6 445.4 519.0 561.3 253.0 207.6 441.9 291.1 219.3 243.2 484.5 388.2 260.5 213.6 239.7 362.4 540.6 233.6 387.0 226.3 502.6 235.5 269.8 455.5 277.8 492.4 221.7 480.6 468.5 116.6 160.7 312.7 134.8 362.9 255.3 314.1 227.1 339.2 373.9 318.0 403.8 509.7 284.4 441.0 271.5 188.1 246.3 328.0 449.7 209.7 439.8 442.4 190.3 212.4 157.3 499.6 256.2 194.0 368.1 455.4 235.3 560.3 224.9 487.0 214.1 392.7 182.8 357.2 283.8 240.3 311.3 256.2 438.7 260.3 222.3 462.9 279.3 226.9 207.9 446.9 188.4 253.0 322.1 344.9 436.9 248.1 201.7 440.3 281.9 519.8 266.7 282.3 290.4 354.9 538.8 256.4 372.9 0.0 169.2 304.9 481.3 424.6 484.3 317.0 344.1 343.9 228.6 474.9 301.2 344.8 270.1 291.0 238.0 506.3 363.9 421.4 149.3 292.9 478.4 238.7 437.4 474.9 262.3 502.5 473.7 329.2 365.1 215.6 248.9 397.3 274.5 270.3 324.3 506.6 378.9 345.9 459.2 143.5 326.0 280.9 262.9 523.8 58.7 321.3 281.5 379.4 488.9 260.8 344.4 463.1 419.4 160.8 332.7 356.7 143.7 224.5 280.4
1979.5 286.2 183.6 177.9 500.8 290.3 367.3 81.6 388.0 461.6 503.9 301.1 150.2 384.5 360.6 288.8 312.7 427.1 436.3 308.6 283.1 309.2 305.0 483.2 303.1 329.6 295.8 445.2 283.6 317.9 398.1 325.9 435.0 164.3 423.2 411.1 186.1 208.8 382.2 182.9 305.5 324.8 383.6 296.6 387.3 443.4 387.5 346.4 452.3 332.5 383.6 319.6 40.1 294.4 376.1 392.3 279.2 382.4 385.0 259.8 281.9 110.5 442.2 198.8 263.5 437.6 398.0 304.8 502.9 294.4 429.6 262.2 335.3 230.9 426.7 353.3 309.8 253.9 325.7 381.3 329.8 291.8 405.5 348.8 296.4 277.4 389.5 131.0 322.5 391.6 414.4 379.5 296.2 249.8 382.9 351.4 462.4 336.2 224.9 338.5 424.4 481.4 325.9 442.4 179.0 0.0 247.5 423.9 367.2 426.9 365.1 413.6 413.4 276.7 417.5 243.8 287.4 339.6 360.5 180.6 448.9 433.4 364.0 218.8 362.4 421.0 181.3 380.0 417.5 204.9 445.1 416.3 377.3 307.7 263.7 191.5 339.9 217.1 212.9 372.4 449.2 321.5 415.4 401.8 191.6 374.1 223.5 205.5 466.4 156.4 390.8 224.1 427.5 431.5 308.9 392.5 405.7 362.0 230.3 402.2 426.2 96.9 167.1 328.5
2102.3 437.0 131.4 220.3 623.6 714.8 490.1 275.0 510.8 584.4 626.7 551.3 273.0 507.3 511.4 439.6 463.5 549.9 821.0 753.6 433.9 460.0 427.8 606.0 453.9 452.4 446.6 568.0 635.6 612.8 520.9 576.1 557.8 93.2 546.0 533.9 336.9 594.5 426.8 627.9 428.3 475.6 354.5 447.4 517.1 346.8 412.1 469.2 575.1 664.8 506.4 764.6 301.5 739.4 710.9 515.1 430.0 505.2 507.8 410.6 432.7 261.3 565.0 214.3 414.3 431.5 520.8 455.6 625.7 445.2 552.4 657.0 458.1 655.4 420.6 332.5 460.6 201.7 476.5 504.1 480.6 442.6 528.3 426.7 447.2 428.2 512.3 173.4 473.3 469.5 408.3 502.3 516.0 596.5 505.7 502.2 585.2 487.0 347.7 633.4 463.9 604.2 476.7 345.8 329.8 282.6 0.0 546.7 490.0 549.7 697.4 427.7 455.9 623.4 540.3 366.6 39.8 490.4 511.3 73.0 571.7 313.8 486.8 369.6 440.3 543.8 196.8 502.8 540.3 199.6 567.9 539.1 627.5 60.1 708.7 72.6 462.7 164.9 335.7 502.2 572.0 73.9 386.3 524.6 612.8 706.4 171.3 328.3 589.2 307.2 302.9 346.9 812.2 554.3 641.2 724.8 528.5 484.8 381.1 290.0 397.1 247.7 209.5 757.3
1888.3 608.5 415.1 409.4 228.4 850.9 193.2 446.5 271.7 189.2 231.5 687.4 308.4 244.2 682.9 611.1 635.0 294.6 957.1 889.7 605.4 631.5 202.8 366.9 625.4 165.6 618.1 174.8 771.7 748.9 30.4 712.2 328.8 395.8 340.6 178.7 508.4 730.6 704.5 764.0 141.5 647.1 705.9 618.9 523.8 765.7 709.8 196.8 267.3 800.9 162.3 900.7 473.0 875.5 847.0 75.9 601.5 266.1 235.4 582.1 604.2 432.8 325.9 430.3 585.8 759.9 248.4 627.1 230.5 616.7 25.0 793.1 171.3 791.5 749.0 675.6 632.1 485.4 648.0 47.2 652.1 614.1 265.2 671.1 618.7 599.7 156.4 362.5 644.8 713.9 736.7 229.9 652.1 732.6 192.1 673.7 301.4 658.5 322.4 769.5 746.7 209.0 648.2 764.7 501.3 454.1 479.0 0.0 217.6 311.8 833.5 735.9 735.7 759.5 321.2 341.3 518.9 661.9 682.8 412.1 270.7 755.7 163.4 541.1 684.7 47.2 412.8 159.7 267.9 436.4 172.7 266.7 763.6 539.2 844.8 423.0 192.8 448.6 662.2 508.9 176.8 553.0 737.7 66.4 748.9 842.5 455.0 605.0 194.0 478.7 713.1 321.6 948.3 176.7 777.3 860.9 265.4 187.9 552.6 724.5 748.5 419.2 398.6 893.4
1878.8 489.6 296.2 290.5 347.1 700.6 258.3 328.2 262.3 352.6 394.9 536.5 189.5 258.8 564.0 492.2 516.1 361.3 806.8 731.9 486.5 512.6 179.3 357.5 506.5 203.9 499.2 337.0 620.8 598.0 289.1 561.3 309.3 276.9 297.5 302.1 389.5 579.7 585.6 613.1 179.8 528.2 587.6 500.0 372.9 646.8 586.3 30.0 337.6 650.0 227.4 749.8 354.1 720.0 696.1 283.3 482.6 256.7 63.0 463.2 485.3 313.9 304.5 312.1 466.9 641.0 83.8 508.2 393.9 497.8 257.7 642.2 213.4 640.6 630.1 556.7 513.2 366.5 529.1 272.3 533.2 495.8 279.8 542.9 499.8 487.2 221.8 249.8 525.9 595.0 617.8 74.0 501.2 581.7 257.2 554.8 336.7 539.6 203.5 618.6 627.8 317.4 529.3 645.8 382.4 335.2 360.1 314.9 0.0 305.1 682.6 617.5 616.8 608.6 295.7 222.4 400.0 543.6 563.9 293.2 323.2 636.8 228.5 422.2 565.8 266.2 293.9 266.0 95.5 317.5 336.1 105.3 612.7 420.3 693.9 304.1 239.2 329.7 493.5 358.6 340.2 434.7 618.8 292.8 598.0 691.6 336.1 486.1 368.4 359.8 594.2 202.7 793.6 328.6 626.4 710.0 280.0 264.0 433.7 605.6 629.6 301.5 279.7 742.5
1979.0 632.9 439.5 433.8 240.8 665.2 283.9 470.9 156.0 331.6 373.9 501.7 332.8 107.0 707.3 635.5 659.4 17.1 771.4 697.1 629.8 655.9 293.5 251.2 649.8 256.3 642.5 316.4 586.0 563.2 188.7 526.5 77.6 420.2 89.4 327.7 532.8 544.9 728.9 578.3 232.2 671.5 730.3 643.3 338.1 790.1 729.6 287.5 220.3 615.2 253.0 715.0 497.4 684.6 661.3 188.6 625.9 150.4 326.1 606.5 628.6 457.2 210.2 454.7 610.2 784.3 344.7 651.5 372.9 641.1 151.4 607.4 265.8 605.8 773.4 700.0 656.5 509.8 672.4 205.5 676.5 638.5 107.1 686.2 643.1 624.1 247.4 393.1 669.2 738.3 761.1 326.1 466.4 546.9 282.8 698.1 50.2 682.9 281.5 583.8 771.1 211.1 672.6 789.1 525.7 478.5 503.4 197.4 308.3 0.0 647.8 760.3 760.1 573.8 9.3 300.4 543.3 686.3 707.2 436.5 216.9 780.1 254.1 565.5 709.1 159.9 437.2 291.6 358.6 460.8 315.1 357.4 577.9 563.6 659.1 447.4 283.5 473.0 476.5 323.2 281.4 577.4 762.1 179.1 563.2 656.8 479.4 597.4 336.4 503.1 737.5 280.7 762.6 320.7 591.6 675.2 106.9 278.6 577.0 748.9 772.9 443.6 423.0 707.7
2305.7 474.1 690.1 684.4 754.4 241.0 693.5 377.6 669.6 787.8 830.1 210.9 583.4 710.7 548.5 476.7 500.6 664.4 123.5 378.4 471.0 497.1 631.2 764.8 491.0 655.8 483.7 771.4 91.4 112.8 724.3 235.7 698.6 670.8 749.4 737.3 374.0 193.9 570.1 197.3 631.7 512.7 571.5 484.5 386.9 631.3 575.4 672.6 733.9 60.2 709.8 68.3 404.1 92.4 13.4 718.5 467.1 664.0 711.2 447.7 469.8 373.3 723.8 705.3 451.4 625.5 724.2 492.7 829.1 482.3 665.0 112.8 661.5 144.1 614.6 541.2 497.7 760.4 513.6 707.5 517.7 479.7 731.7 536.7 484.3 465.3 715.7 637.5 510.4 579.5 602.3 705.7 295.8 214.5 709.1 539.3 671.2 524.1 551.1 133.4 612.3 724.7 513.8 630.3 366.9 385.2 754.0 750.1 693.4 664.2 0.0 601.5 601.3 241.4 654.8 570.0 793.9 527.5 548.4 687.1 730.5 621.3 690.2 406.7 550.3 747.2 687.8 706.2 743.7 711.4 771.3 742.5 287.1 814.2 333.5 698.0 666.1 723.6 361.3 372.0 775.4 828.0 603.3 728.0 193.4 101.8 730.0 482.2 792.6 344.3 578.7 550.3 114.7 757.7 56.1 120.2 731.9 688.2 418.2 590.1 614.1 359.7 673.6 59.8
2235.3 174.7 329.1 433.7 756.6 440.6 623.1 360.0 643.8 717.4 759.7 451.4 406.0 640.3 131.5 224.5 248.4 682.9 586.6 452.5 277.9 244.9 560.8 739.0 191.6 585.9 184.3 701.8 433.9 468.2 653.9 476.2 690.8 420.1 679.0 666.9 219.3 359.1 112.4 333.2 561.3 187.8 96.0 232.3 537.6 191.6 28.7 602.2 708.6 482.8 639.9 469.9 386.5 440.0 526.4 648.1 121.1 638.7 640.8 195.5 170.4 355.7 686.0 412.7 199.7 109.7 661.6 146.7 758.7 181.3 685.4 412.5 594.9 381.2 98.8 101.5 198.3 399.4 261.4 637.1 265.5 227.5 661.3 121.0 206.6 170.7 645.0 393.0 258.2 147.6 86.5 640.8 446.5 400.1 638.7 248.9 718.7 233.7 480.7 488.8 77.0 737.2 168.3 190.6 327.9 367.6 395.6 679.7 623.6 682.7 515.4 0.0 69.0 427.0 673.3 499.6 435.5 181.5 258.0 328.7 704.7 181.6 619.8 213.6 143.9 676.8 394.5 635.8 673.3 397.3 700.9 672.1 527.6 455.8 414.0 447.8 595.7 362.6 468.7 522.7 705.0 469.6 106.5 657.6 341.9 524.4 369.0 461.8 722.7 305.3 139.0 479.9 574.0 693.4 459.2 542.8 661.5 617.8 263.5 150.9 117.3 343.3 422.9 478.8
2269.2 208.6 363.0 467.6 790.5 474.5 657.0 393.9 677.7 751.3 793.6 485.3 439.9 674.2 165.4 258.4 282.3 716.8 620.5 492.8 311.8 278.8 594.7 772.9 225.5 619.3 218.2 734.9 467.8 502.1 687.8 510.1 724.7 454.0 712.9 700.8 253.2 393.0 146.3 367.1 595.2 221.7 129.9 266.2 571.5 225.5 28.6 636.1 742.0 516.7 673.3 503.8 420.4 478.6 560.3 682.0 155.0 672.1 674.7 229.4 204.3 389.6 731.9 445.9 233.1 143.6 687.7 180.6 792.6 215.2 719.3 446.4 625.0 415.1 132.7 135.4 232.2 433.3 295.3 671.0 299.4 261.4 695.2 160.7 240.5 198.2 679.2 420.7 292.1 153.1 120.4 669.2 480.4 434.0 672.6 282.8 752.1 267.6 514.6 522.7 82.5 771.1 201.7 224.5 361.8 401.5 429.5 713.6 656.9 716.6 549.3 54.7 0.0 460.9 707.2 533.5 469.4 215.4 291.9 362.6 738.6 215.5 653.7 247.5 174.3 710.7 428.4 669.7 707.2 431.2 734.8 706.0 561.5 489.7 447.9 481.2 629.6 396.5 502.6 556.6 738.9 503.5 140.4 691.5 375.8 558.3 402.9 495.2 756.1 339.2 172.9 513.8 611.7 721.2 493.1 576.7 695.4 651.7 297.4 184.3 151.2 376.0 456.8 512.7
2234.8 348.8 619.2 613.5 683.5 170.1 622.6 252.3 598.7 716.9 759.2 140.0 512.5 639.8 423.2 351.4 375.3 593.5 348.1 253.1 345.7 371.8 560.3 693.9 365.7 584.9 358.4 700.5 162.7 139.9 653.4 164.8 627.7 599.9 678.5 666.4 248.7 49.8 444.8 114.0 560.8 387.4 446.2 359.2 316.0 506.0 450.1 601.7 663.0 191.9 638.9 250.7 278.8 225.5 238.0 647.6 341.8 593.1 640.3 322.4 344.5 248.0 652.9 634.4 326.1 500.2 653.3 367.4 758.2 357.0 594.1 142.0 590.6 110.7 489.3 415.9 372.4 689.5 388.3 636.6 392.4 354.4 660.8 411.4 359.0 340.0 644.8 566.6 385.1 454.2 477.0 634.8 224.9 22.0 638.2 414.0 600.3 398.8 480.2 160.5 487.0 653.8 388.5 505.0 241.6 259.9 683.1 679.2 622.5 593.3 224.5 476.2 476.0 0.0 583.9 499.1 723.0 402.2 423.1 616.2 659.6 496.0 619.3 281.4 425.0 676.3 616.9 635.3 672.8 640.5 700.4 671.6 216.2 743.3 208.2 627.1 595.2 652.7 290.4 301.1 704.5 757.1 478.0 657.1 68.1 233.5 659.1 411.3 721.7 219.0 453.4 479.4 339.3 686.8 168.3 251.9 661.0 617.3 292.9 464.8 488.8 234.4 602.7 259.6
1969.6 642.3 448.9 443.2 231.4 674.6 274.5 480.3 146.6 322.2 364.5 511.1 342.2 97.6 716.7 644.9 668.8 26.5 780.8 713.4 639.2 665.3 284.1 241.8 659.2 246.9 651.9 307.8 595.4 572.6 179.3 535.9 87.0 429.6 98.8 318.3 542.2 554.3 738.3 587.7 222.8 680.9 739.7 652.7 347.5 799.5 743.6 278.1 210.9 624.6 243.6 724.4 506.8 699.2 670.7 179.2 635.3 141.0 316.7 615.9 638.0 466.6 200.8 464.1 619.6 793.7 329.7 660.9 363.5 650.5 142.0 616.8 252.6 615.2 782.8 709.4 665.9 519.2 681.8 196.1 685.9 647.9 116.5 704.9 652.5 633.5 237.7 396.3 678.6 747.7 770.5 311.2 475.8 556.3 273.4 707.5 59.6 692.3 290.9 593.2 780.5 201.7 682.0 798.5 535.1 487.9 512.8 188.0 298.9 9.3 657.2 769.7 769.5 583.2 0.0 309.8 552.7 695.7 716.6 445.9 207.5 789.5 244.7 574.9 718.5 150.5 446.6 282.2 349.2 470.2 305.7 348.0 587.3 573.0 668.5 456.8 274.1 482.4 485.9 332.6 272.0 586.8 771.5 169.7 572.6 666.2 488.8 606.8 327.0 512.5 746.9 290.1 772.0 309.7 601.0 684.6 116.3 269.2 586.4 758.3 782.3 453.0 432.4 717.1
1915.7 475.5 282.1 276.4 396.3 600.6 303.5 313.5 311.5 397.8 440.1 437.1 175.4 320.7 549.9 478.1 502.0 306.3 706.8 632.5 472.4 498.5 241.2 406.7 492.4 265.8 485.1 381.4 521.4 498.6 334.3 461.9 340.5 262.8 359.4 347.3 375.4 480.3 571.5 513.7 241.7 514.1 572.9 485.9 273.5 632.7 576.8 282.6 375.8 550.6 319.8 650.4 340.0 620.0 596.7 328.5 468.5 305.9 321.2 449.1 471.2 299.8 353.7 297.3 452.8 626.9 334.2 494.1 439.1 483.7 365.8 542.8 275.3 541.2 616.0 542.6 499.1 352.4 515.0 317.5 519.1 481.1 341.7 528.8 485.7 473.1 325.4 235.7 511.8 580.9 603.7 321.2 401.8 482.3 319.1 540.7 313.1 525.5 79.4 519.2 613.7 366.6 515.2 631.7 368.3 321.1 346.0 360.1 304.0 306.1 583.2 602.9 602.7 509.2 296.7 0.0 385.9 528.9 549.8 279.1 372.4 622.7 300.2 408.1 551.7 357.2 279.8 316.2 353.7 303.4 381.3 352.5 513.3 406.2 594.5 290.0 276.1 315.6 411.9 258.6 385.4 420.0 604.7 338.0 498.6 592.2 322.0 532.8 402.6 345.7 580.1 14.4 698.0 367.7 527.0 610.6 341.9 298.2 419.6 591.5 615.5 286.2 265.6 643.1
2142.2 476.9 171.3 260.2 663.5 754.7 530.0 314.9 550.7 624.3 666.6 591.2 312.9 547.2 551.3 479.5 503.4 589.8 860.9 793.5 473.8 499.9 467.7 645.9 493.8 492.3 486.5 607.9 675.5 652.7 560.8 616.0 597.7 133.1 585.9 573.8 376.8 634.4 466.7 667.8 468.2 515.5 394.4 487.3 557.0 386.7 452.0 509.1 615.0 704.7 546.3 804.5 341.4 779.3 750.8 555.0 469.9 545.1 547.7 450.5 472.6 301.2 604.9 254.2 454.2 471.4 560.7 495.5 665.6 485.1 592.3 696.9 498.0 695.3 460.5 372.4 500.5 241.6 516.4 544.0 520.5 482.5 568.2 466.6 487.1 468.1 552.2 213.3 513.2 509.4 448.2 542.2 555.9 636.4 545.6 542.1 625.1 526.9 387.6 673.3 503.8 644.1 516.6 385.7 369.7 322.5 39.8 586.6 529.9 589.6 737.3 467.6 495.8 663.3 580.2 406.5 0.0 530.3 551.2 112.9 611.6 353.7 526.7 409.5 480.2 583.7 236.7 542.7 580.2 239.5 607.8 579.0 667.4 20.2 748.6 112.5 502.6 204.8 375.6 542.1 611.9 55.5 426.2 564.5 652.7 746.3 211.2 368.2 629.1 347.1 342.8 386.8 852.1 594.2 681.1 764.7 568.4 524.7 421.0 329.9 437.0 287.6 249.4 797.2
2217.1 156.5 384.6 415.5 738.4 422.4 604.9 341.8 625.6 699.2 741.5 433.2 387.8 622.1 164.3 206.3 230.2 664.7 568.4 433.8 259.7 226.7 542.6 720.8 173.4 567.2 166.1 682.8 415.7 450.0 635.7 458.0 672.6 401.9 660.8 648.7 201.1 340.9 185.9 315.0 543.1 104.3 187.3 214.1 519.4 247.1 186.6 584.0 689.9 464.6 621.2 451.7 368.3 421.3 508.2 629.9 62.8 620.0 622.6 177.3 152.2 337.5 667.8 467.5 181.0 241.3 641.2 26.3 740.5 127.8 667.2 394.3 576.7 363.0 230.4 157.0 180.1 454.9 243.2 618.9 247.3 209.3 643.1 152.5 188.4 136.9 626.8 368.6 240.0 195.3 218.1 622.6 428.3 381.9 620.5 230.7 700.0 215.5 462.5 470.6 228.1 719.0 84.3 246.1 309.7 349.4 485.1 661.5 604.8 664.5 497.2 217.3 217.1 408.8 655.1 481.4 525.0 0.0 239.8 418.2 686.5 237.1 601.6 195.4 166.1 658.6 450.0 617.6 655.1 452.8 682.7 653.9 509.4 545.3 395.8 429.1 577.5 418.1 450.5 504.5 686.8 559.1 219.1 639.4 323.7 506.2 424.5 443.1 704.0 287.1 194.5 461.7 555.8 675.2 441.0 524.6 643.3 599.6 245.3 205.9 229.9 323.9 404.7 460.6
2190.6 139.4 394.7 389.0 711.9 395.9 578.4 315.3 599.1 672.7 715.0 406.7 361.3 595.6 254.1 150.8 93.7 638.2 541.9 407.3 233.2 171.2 516.1 694.3 141.1 540.7 149.0 656.3 389.2 423.5 609.2 431.5 646.1 375.4 634.3 622.2 174.6 314.4 275.7 288.5 516.6 218.3 277.1 158.6 492.9 336.9 281.0 557.5 663.4 438.1 594.7 425.2 341.8 394.8 481.7 603.4 172.7 593.5 596.1 75.3 82.2 311.0 641.3 409.9 99.5 331.1 616.9 198.3 714.0 187.9 640.7 367.8 546.4 336.5 320.2 246.8 113.2 465.0 187.7 592.4 191.8 72.8 616.6 233.0 38.7 177.3 600.6 348.3 184.5 285.1 307.9 596.1 401.8 355.4 594.0 6.2 673.5 16.6 436.0 444.1 317.9 692.5 219.4 335.9 283.2 322.9 458.6 635.0 578.3 638.0 470.7 307.6 306.9 382.3 628.6 454.9 498.5 233.1 0.0 391.7 660.0 326.9 575.1 168.9 255.9 632.1 392.4 591.1 628.6 416.0 656.2 627.4 482.9 518.8 369.3 402.6 551.0 428.2 424.0 478.0 660.3 532.6 308.9 612.9 297.2 479.7 434.6 416.6 677.5 260.6 284.3 435.2 529.3 648.7 414.5 498.1 616.8 573.1 218.8 295.7 319.7 297.4 378.2 434.1
2029.2 363.9 58.3 147.2 550.5 641.7 417.0 201.9 437.7 511.3 553.6 478.2 199.9 434.2 438.3 366.5 390.4 476.8 747.9 680.5 360.8 386.9 354.7 532.9 380.8 379.3 373.5 494.9 562.5 539.7 447.8 503.0 484.7 85.8 472.9 460.8 263.8 521.4 353.7 554.8 355.2 402.5 281.4 374.3 444.0 273.7 339.0 396.1 502.0 591.7 433.3 691.5 228.4 666.3 637.8 442.0 356.9 432.1 434.7 337.5 359.6 188.2 491.9 141.2 341.2 358.4 447.7 382.5 552.6 372.1 479.3 583.9 385.0 582.3 347.5 259.4 387.5 128.6 403.4 431.0 407.5 369.5 455.2 353.6 374.1 355.1 439.2 100.3 400.2 396.4 335.2 429.2 442.9 523.4 432.6 429.1 512.1 413.9 274.6 560.3 390.8 531.1 403.6 272.7 256.7 209.5 66.8 473.6 416.9 476.6 624.3 354.6 382.8 550.3 467.2 293.5 106.7 417.3 438.2 0.0 498.6 240.7 413.7 296.5 367.2 470.7 123.7 429.7 467.2 126.5 494.8 466.0 554.4 127.0 635.6 65.2 389.6 91.8 262.6 429.1 498.9 140.8 313.2 451.5 539.7 633.3 98.2 255.2 516.1 234.1 229.8 273.8 739.1 481.2 568.1 651.7 455.4 411.7 308.0 216.9 324.0 174.6 136.4 684.2
1961.8 682.0 488.6 482.9 77.4 722.0 266.7 520.0 116.4 204.8 247.1 558.5 381.9 178.9 756.4 684.6 708.5 224.4 828.2 760.8 678.9 705.0 276.3 211.6 698.9 239.1 691.6 232.7 642.8 620.0 171.5 583.3 229.4 469.3 217.6 236.6 581.9 601.7 778.0 635.1 215.0 720.6 779.4 692.4 394.9 839.2 783.3 270.3 3.3 672.0 235.8 771.8 546.5 746.6 718.1 171.4 675.0 110.8 308.9 655.6 677.7 506.3 170.6 503.8 659.3 833.4 321.9 700.6 246.1 690.2 134.2 664.2 244.8 662.6 822.5 749.1 705.6 558.9 721.5 188.3 725.6 687.6 199.9 744.6 692.2 673.2 229.9 436.0 718.3 787.4 810.2 303.4 523.2 603.7 265.6 747.2 256.8 732.0 338.3 640.6 820.2 47.7 721.7 838.2 574.8 527.6 552.5 180.2 291.1 207.2 704.6 809.4 809.2 630.6 197.8 357.2 592.4 735.4 756.3 485.6 0.0 829.2 236.9 614.6 758.2 142.7 486.3 274.4 341.4 509.9 188.3 340.2 634.7 612.7 715.9 496.5 266.3 522.1 533.3 380.0 118.0 626.5 811.2 161.9 620.0 713.6 528.5 654.2 209.6 552.2 786.6 337.5 819.4 234.6 648.4 732.0 200.1 261.4 626.1 798.0 822.0 492.7 472.1 764.5
2201.2 247.3 230.3 319.2 722.5 513.2 589.0 432.6 609.7 683.3 725.6 524.0 371.9 606.2 204.1 297.1 321.0 648.8 659.2 531.5 350.5 317.5 526.7 704.9 264.2 551.3 256.9 666.9 506.5 540.8 619.8 548.8 656.7 315.8 644.9 632.8 291.9 431.7 203.0 405.8 527.2 260.4 130.7 304.9 616.0 80.5 188.3 568.1 674.0 555.4 605.3 542.5 459.1 517.3 599.0 614.0 193.7 604.1 606.7 268.1 243.0 428.3 663.9 313.2 271.8 207.7 619.7 219.3 724.6 253.9 651.3 485.1 557.0 453.8 196.8 85.2 270.9 300.6 334.0 603.0 338.1 300.1 627.2 202.9 279.2 236.9 611.2 272.3 330.8 245.7 184.5 601.2 519.1 472.7 604.6 321.5 684.1 306.3 446.6 561.4 240.1 703.1 240.4 79.5 400.5 440.2 296.8 645.6 588.9 648.6 588.0 203.9 232.1 499.6 639.2 465.5 336.7 254.1 330.6 229.9 670.6 0.0 585.7 286.2 216.5 642.7 295.7 601.7 639.2 298.5 666.8 638.0 600.2 357.0 486.6 295.2 561.6 263.8 434.6 601.1 670.9 370.8 162.5 623.5 414.5 597.0 270.2 427.2 688.1 377.9 55.6 445.8 650.4 653.2 531.8 615.4 627.4 583.7 336.1 42.7 173.3 414.7 308.4 551.4
1876.4 596.6 403.2 397.5 265.5 775.4 132.0 434.6 293.7 226.3 268.6 611.9 296.5 214.3 671.0 599.2 623.1 316.6 881.6 814.2 593.5 619.6 172.9 388.9 613.5 135.7 606.2 209.9 696.2 673.4 162.8 636.7 264.8 383.9 253.0 175.8 496.5 655.1 692.6 688.5 111.6 635.2 694.0 607.0 448.3 753.8 697.9 184.9 304.4 725.4 116.9 825.2 461.1 800.0 771.5 157.0 589.6 288.1 223.5 570.2 592.3 420.9 347.9 418.4 573.9 748.0 236.5 615.2 267.6 604.8 194.3 717.6 141.4 716.0 737.1 663.7 620.2 473.5 636.1 146.0 640.2 602.2 235.3 659.2 606.8 587.8 111.0 350.6 632.9 702.0 724.8 218.0 576.6 657.1 146.7 661.8 323.4 646.6 310.5 694.0 734.8 246.1 636.3 752.8 489.4 442.2 467.1 188.6 205.7 333.8 758.0 724.0 723.8 684.0 251.2 329.4 507.0 650.0 670.9 400.2 307.8 743.8 0.0 529.2 672.8 185.7 400.9 144.7 256.0 424.5 209.8 254.8 688.1 527.3 769.3 411.1 24.0 436.7 586.7 433.4 213.9 541.1 725.8 166.5 673.4 767.0 443.1 593.1 231.1 466.8 701.2 309.7 872.8 196.2 701.8 785.4 235.5 126.7 540.7 712.6 736.6 407.3 386.7 817.9
2104.8 130.5 308.9 303.2 626.1 310.1 492.6 229.5 513.3 586.9 629.2 320.9 275.5 509.8 204.9 133.1 157.0 552.4 456.1 328.4 76.8 153.5 430.3 608.5 147.4 454.9 140.1 570.5 303.4 337.7 523.4 345.7 560.3 289.6 548.5 536.4 88.8 228.6 226.5 202.7 430.8 169.1 227.9 140.9 407.1 287.7 231.8 471.7 577.6 352.3 508.9 339.4 256.0 314.2 395.9 517.6 123.5 507.7 510.3 104.1 126.2 225.2 567.5 324.1 107.8 281.9 523.3 149.1 628.2 138.7 554.9 282.0 460.6 250.7 271.0 197.6 154.1 379.2 170.0 506.6 174.1 136.1 530.8 193.1 140.7 121.7 514.8 256.3 166.8 235.9 258.7 504.8 316.0 269.6 508.2 195.7 587.7 180.5 350.2 358.3 268.7 606.7 170.2 286.7 197.4 237.1 372.8 549.2 492.5 552.2 384.9 257.9 257.7 296.5 542.8 369.1 412.7 183.9 204.8 305.9 574.2 277.7 489.3 0.0 206.7 546.3 306.6 505.3 542.8 330.2 570.4 541.6 397.1 433.0 283.5 316.8 465.2 342.4 338.2 392.2 574.5 446.8 259.7 527.1 211.4 393.9 348.8 330.8 591.7 174.8 235.1 349.4 447.3 556.8 328.7 412.3 531.0 487.3 133.0 246.5 270.5 211.6 292.4 348.3
2233.9 173.3 381.0 432.3 755.2 439.2 621.7 358.6 642.4 716.0 758.3 450.0 404.6 638.9 160.7 223.1 247.0 681.5 585.2 457.5 276.5 243.5 559.4 737.6 190.2 584.0 182.9 699.6 432.5 466.8 652.5 474.8 689.4 418.7 677.6 665.5 217.9 357.7 182.3 331.8 559.9 186.4 183.7 230.9 536.2 243.5 128.8 600.8 706.7 481.4 638.0 468.5 385.1 443.3 525.0 646.7 119.7 636.8 639.4 194.1 169.0 354.3 696.6 463.9 197.8 243.8 652.4 145.3 757.3 179.9 684.0 411.1 589.7 379.8 232.9 153.4 196.9 451.3 260.0 635.7 264.1 226.1 659.9 15.1 205.2 162.9 643.9 385.4 256.8 132.9 220.6 633.9 445.1 398.7 637.3 247.5 716.8 232.3 479.3 487.4 165.7 735.8 166.4 242.5 326.5 366.2 501.9 678.3 621.6 681.3 514.0 154.9 154.7 425.6 671.9 498.2 541.8 180.1 256.6 435.0 703.3 233.5 618.4 212.2 0.0 675.4 446.4 634.4 671.9 449.2 699.5 670.7 526.2 562.1 412.6 445.9 594.3 414.5 467.3 521.3 703.6 575.9 240.6 656.2 340.5 523.0 420.9 459.9 720.8 303.9 190.9 478.5 576.4 685.9 457.8 541.4 660.1 616.4 262.1 202.3 251.4 340.7 421.5 477.4
1866.1 586.3 392.9 387.2 210.8 833.3 171.0 424.3 254.1 171.6 213.9 669.8 286.2 222.0 660.7 588.9 612.8 277.0 939.5 872.1 583.2 609.3 180.6 349.3 603.2 143.4 595.9 157.2 754.1 731.3 33.8 694.6 311.2 373.6 323.0 161.1 486.2 713.0 682.3 746.4 119.3 624.9 683.7 596.7 506.2 743.5 687.6 174.6 249.7 783.3 140.1 883.1 450.8 857.9 829.4 28.7 579.3 248.5 213.2 559.9 582.0 410.6 308.3 408.1 563.6 737.7 226.2 604.9 212.9 594.5 8.5 775.5 149.1 773.9 726.8 653.4 609.9 463.2 625.8 50.6 629.9 591.9 243.0 648.9 596.5 577.5 134.2 340.3 622.6 691.7 714.5 207.7 634.5 715.0 169.9 651.5 283.8 636.3 300.2 751.9 724.5 191.4 626.0 742.5 479.1 431.9 456.8 42.5 195.4 294.2 815.9 713.7 713.5 741.9 303.6 319.1 496.7 639.7 660.6 389.9 253.1 733.5 141.2 518.9 662.5 0.0 390.6 142.1 245.7 414.2 155.1 244.5 746.0 517.0 827.2 400.8 170.6 426.4 644.6 491.3 159.2 530.8 715.5 19.2 731.3 824.9 432.8 582.8 176.4 456.5 690.9 299.4 930.7 159.1 759.7 843.3 243.2 165.7 530.4 702.3 726.3 397.0 376.4 875.8
1993.7 328.4 122.1 93.7 515.0 606.2 381.5 166.4 402.2 475.8 518.1 442.7 164.4 398.7 402.8 331.0 354.9 441.3 712.4 638.1 325.3 351.4 319.2 497.4 345.3 343.8 338.0 459.4 527.0 504.2 412.3 467.5 449.2 266.7 437.4 425.3 228.3 485.9 424.4 519.3 319.7 367.0 425.8 338.8 408.5 485.6 425.1 360.6 466.5 556.2 397.8 656.0 192.9 625.6 602.3 406.5 321.4 396.6 399.2 302.0 324.1 152.7 456.4 17.5 305.7 479.8 417.8 347.0 517.1 336.6 443.8 548.4 353.3 546.8 468.9 395.5 352.0 117.5 367.9 395.5 372.0 334.0 419.7 391.0 338.6 326.0 403.7 46.8 364.7 433.8 456.6 399.2 407.4 487.9 397.1 393.6 476.6 378.4 239.1 524.8 466.6 495.6 368.1 484.6 221.2 174.0 247.7 438.1 381.4 441.1 588.8 455.8 455.6 514.8 431.7 258.0 287.6 381.8 402.7 180.8 463.1 475.6 378.2 261.0 404.6 435.2 0.0 394.2 431.7 53.9 459.3 430.5 518.9 307.9 600.1 246.1 354.1 88.6 227.1 393.6 463.4 321.7 457.6 416.0 504.2 597.8 82.2 219.7 480.6 198.6 433.0 238.3 699.8 451.8 532.6 616.2 419.9 376.2 272.5 444.4 468.4 139.1 82.9 648.7
1841.3 674.3 480.9 475.2 202.1 824.6 123.4 512.3 245.4 162.9 205.2 661.1 374.2 292.0 748.7 676.9 700.8 268.3 930.8 856.5 671.2 697.3 250.6 340.6 691.2 213.4 683.9 147.7 745.4 722.6 99.4 685.9 302.5 461.6 314.3 152.4 574.2 704.3 770.3 737.7 189.3 712.9 771.7 684.7 497.5 831.5 771.0 262.6 241.0 774.6 48.0 874.4 538.8 844.0 820.7 93.6 667.3 239.8 301.2 647.9 670.0 498.6 299.6 496.1 651.6 825.7 314.2 692.9 204.2 682.5 130.9 766.8 219.1 765.2 814.8 741.4 697.9 551.2 713.8 82.6 717.9 679.9 332.0 736.9 684.5 665.5 53.6 428.3 710.6 779.7 802.5 301.2 625.8 706.3 167.4 739.5 275.1 724.3 440.9 743.2 812.5 182.7 714.0 830.5 567.1 519.9 544.8 125.2 283.4 285.5 807.2 801.7 801.5 733.2 294.9 459.8 584.7 727.7 748.6 477.9 244.4 821.5 175.7 606.9 750.5 122.3 478.6 0.0 333.7 502.2 146.4 332.5 737.3 605.0 818.5 488.8 205.1 514.4 635.9 482.6 150.5 618.8 803.5 103.1 722.6 816.2 520.8 670.8 167.7 544.5 778.9 440.1 918.2 150.4 751.0 834.6 331.8 118.1 618.4 790.3 814.3 485.0 464.4 867.1
1895.5 524.5 331.1 325.4 363.8 734.9 275.0 362.5 279.0 369.3 411.6 571.4 224.4 275.5 598.9 527.1 551.0 367.0 841.1 773.7 521.4 547.5 196.0 374.2 541.4 220.6 534.1 352.9 655.7 632.9 305.8 596.2 326.0 311.8 314.2 318.8 424.4 614.6 620.5 648.0 196.5 563.1 621.9 534.9 407.8 681.7 625.8 89.7 343.3 684.9 244.1 784.7 389.0 759.5 731.0 300.0 517.5 273.4 40.7 498.1 520.2 348.8 333.2 346.3 501.8 675.9 92.7 543.1 410.6 532.7 274.4 677.1 226.3 675.5 665.0 591.6 548.1 401.4 564.0 289.0 568.1 530.1 296.5 587.1 534.7 515.7 238.2 278.5 560.8 629.9 652.7 74.2 536.1 616.6 273.9 589.7 353.4 574.5 238.4 653.5 662.7 334.1 564.2 680.7 417.3 370.1 395.0 331.6 100.1 321.8 717.5 651.9 651.7 643.5 312.4 257.3 434.9 577.9 598.8 328.1 339.9 671.7 245.2 457.1 600.7 282.9 328.8 282.7 0.0 352.4 352.8 111.0 647.6 455.2 728.8 339.0 255.9 364.6 528.4 392.9 356.9 469.0 653.7 309.5 632.9 726.5 371.0 521.0 374.1 394.7 629.1 237.6 832.3 339.2 661.3 744.9 296.7 269.7 468.6 640.5 664.5 335.2 314.6 777.4
2049.0 383.7 68.2 149.0 570.3 661.5 436.8 221.7 457.5 531.1 573.4 498.0 219.7 454.0 458.1 386.3 410.2 496.6 767.7 700.3 380.6 406.7 374.5 552.7 400.6 399.1 393.3 514.7 582.3 559.5 467.6 522.8 504.5 212.7 492.7 480.6 283.6 541.2 479.7 574.6 375.0 422.3 377.4 394.1 463.8 369.7 485.0 415.9 521.8 611.5 453.1 711.3 248.2 686.1 657.6 461.8 376.7 451.9 454.5 357.3 379.4 208.0 511.7 83.1 361.0 535.1 467.5 402.3 572.4 391.9 499.1 603.7 404.8 602.1 524.2 450.8 407.3 91.8 423.2 450.8 427.3 389.3 475.0 446.3 393.9 374.9 459.0 102.1 420.0 489.1 511.9 449.0 462.7 543.2 452.4 448.9 531.9 433.7 294.4 580.1 521.9 550.9 423.4 368.7 276.5 229.3 193.7 493.4 436.7 496.4 644.1 511.1 510.9 570.1 487.0 313.3 233.6 437.1 458.0 126.8 518.4 336.7 433.5 316.3 459.9 490.5 65.6 449.5 487.0 0.0 514.6 485.8 574.2 253.9 655.4 192.1 409.4 34.7 282.4 448.9 518.7 267.7 409.2 471.3 559.5 653.1 28.3 275.0 535.9 253.9 325.8 293.6 758.9 501.0 587.9 671.5 475.2 431.5 327.8 312.9 420.0 194.4 138.2 704.0
1847.3 738.1 544.7 539.0 147.3 792.1 177.3 576.1 212.9 50.3 58.7 628.6 438.0 320.5 812.5 740.7 764.6 235.8 898.3 824.0 735.0 761.1 332.4 308.1 755.0 295.2 747.7 115.2 712.9 690.1 142.6 653.4 270.0 525.4 281.8 119.9 638.0 671.8 834.1 705.2 271.1 776.7 835.5 748.5 465.0 895.3 834.8 326.4 186.2 742.1 160.2 841.9 602.6 811.5 788.2 136.8 731.1 207.3 365.0 711.7 733.8 562.4 267.1 560.6 715.4 889.5 385.8 756.7 57.7 746.3 190.3 734.3 304.7 732.7 878.6 805.2 761.7 615.0 777.6 125.8 781.7 743.7 299.5 800.7 748.3 729.3 165.8 498.3 774.4 843.5 866.3 365.0 593.3 673.8 279.6 803.3 242.6 788.1 408.4 710.7 876.3 127.9 777.8 894.3 630.9 583.7 608.6 168.4 347.8 253.0 774.7 865.5 865.3 700.7 262.4 427.3 648.5 791.5 812.4 541.7 189.6 885.3 293.0 670.7 814.3 165.5 542.4 156.6 397.5 566.0 0.0 396.3 704.8 668.8 786.0 552.6 235.5 578.2 603.4 450.1 95.7 682.6 867.3 146.3 690.1 783.7 584.6 724.3 55.1 608.3 842.7 407.6 889.5 119.5 718.5 802.1 299.3 172.0 682.2 854.1 878.1 548.8 528.2 834.6
1864.4 525.4 332.0 326.3 332.7 735.8 243.9 363.4 247.9 338.2 380.5 572.3 225.3 244.4 599.8 528.0 551.9 335.9 842.0 767.7 522.3 548.4 164.9 343.1 542.3 189.5 535.0 321.8 656.6 633.8 274.7 597.1 294.9 312.7 283.1 287.7 425.3 615.5 621.4 648.9 165.4 564.0 622.8 535.8 408.7 682.6 626.7 90.6 312.2 685.8 213.0 785.6 389.9 755.2 731.9 268.9 518.4 242.3 60.6 499.0 521.1 349.7 290.1 347.9 502.7 676.8 16.2 544.0 379.5 533.6 243.3 678.0 195.2 676.4 665.9 592.5 549.0 402.3 564.9 257.9 569.0 531.0 265.4 578.7 535.6 523.0 207.4 285.6 561.7 630.8 653.6 36.8 537.0 617.5 242.8 590.6 322.3 575.4 239.3 654.4 663.6 303.0 565.1 681.6 418.2 371.0 395.9 300.5 109.7 290.7 718.4 652.8 652.6 644.4 281.3 258.2 435.8 578.8 599.7 329.0 308.8 672.6 214.1 458.0 601.6 251.8 329.7 251.6 93.1 353.3 321.7 0.0 648.5 456.1 729.7 339.9 224.8 365.5 529.3 393.8 325.8 469.9 654.6 278.4 633.8 727.4 371.9 521.9 343.0 395.6 630.0 238.5 833.2 314.2 662.2 745.8 265.6 238.6 469.5 641.4 665.4 336.1 315.5 778.3
2197.4 436.2 581.8 576.1 646.1 286.1 585.2 339.7 561.3 679.5 721.8 47.7 475.1 602.4 510.6 438.8 462.7 556.1 392.3 369.1 433.1 459.2 522.9 656.5 453.1 547.5 445.8 663.1 206.9 184.1 616.0 38.8 590.3 562.5 641.1 629.0 336.1 165.8 532.2 230.0 523.4 474.8 533.6 446.6 278.6 593.4 537.5 564.3 625.6 236.1 601.5 337.1 366.2 341.5 282.2 610.2 429.2 555.7 602.9 409.8 431.9 335.4 615.5 597.0 413.5 587.6 615.9 454.8 720.8 444.4 556.7 228.3 553.2 226.7 576.7 503.3 459.8 652.1 475.7 599.2 479.8 441.8 623.4 498.8 446.4 427.4 607.4 529.2 472.5 541.6 564.4 597.4 187.5 167.8 600.8 501.4 562.9 486.2 442.8 204.7 574.4 616.4 475.9 592.4 329.0 347.3 645.7 641.8 585.1 555.9 268.7 563.6 563.4 194.7 546.5 461.7 685.6 489.6 510.5 578.8 622.2 583.4 581.9 368.8 512.4 638.9 579.5 597.9 635.4 603.1 663.0 634.2 0.0 705.9 324.2 589.7 557.8 615.3 253.0 263.7 667.1 719.7 565.4 619.7 184.1 277.7 621.7 373.9 684.3 306.4 540.8 442.0 383.5 649.4 212.5 296.1 623.6 579.9 380.3 552.2 576.2 321.8 565.3 328.6
2158.3 493.0 187.4 276.3 679.6 770.8 546.1 331.0 566.8 640.4 682.7 607.3 329.0 563.3 567.4 495.6 519.5 605.9 877.0 809.6 489.9 516.0 483.8 662.0 509.9 508.4 502.6 624.0 691.6 668.8 576.9 632.1 613.8 149.2 602.0 589.9 392.9 650.5 482.8 683.9 484.3 531.6 410.5 503.4 573.1 402.8 468.1 525.2 631.1 720.8 562.4 820.6 357.5 795.4 766.9 571.1 486.0 561.2 563.8 466.6 488.7 317.3 621.0 270.3 470.3 487.5 576.8 511.6 681.7 501.2 608.4 713.0 514.1 711.4 476.6 388.5 516.6 257.7 532.5 560.1 536.6 498.6 584.3 482.7 503.2 484.2 568.3 229.4 529.3 525.5 464.3 558.3 572.0 652.5 561.7 558.2 641.2 543.0 403.7 689.4 519.9 660.2 532.7 401.8 385.8 338.6 55.9 602.7 546.0 605.7 753.4 483.7 511.9 679.4 596.3 422.6 16.0 546.4 567.3 129.0 627.7 369.8 542.8 425.6 496.3 599.8 252.8 558.8 596.3 255.6 623.9 595.1 683.5 0.0 764.7 128.6 518.7 220.9 391.7 558.2 628.0 71.6 442.3 580.6 668.8 762.4 227.3 384.3 645.2 363.2 358.9 402.9 868.2 610.3 697.2 780.8 584.5 540.8 437.1 346.0 453.1 303.7 265.5 813.3
2251.5 295.5 635.9 630.2 700.2 201.5 639.3 199.0 615.4 733.6 775.9 229.2 529.2 656.5 369.9 298.1 322.0 610.2 347.5 44.9 292.4 318.5 577.0 710.6 312.4 601.6 305.1 717.2 194.8 229.1 670.1 254.0 644.4 616.6 695.2 683.1 195.4 120.0 391.5 94.1 577.5 334.1 392.9 305.9 332.7 452.7 396.8 618.4 679.7 243.7 655.6 230.8 225.5 205.6 287.3 664.3 288.5 609.8 657.0 269.1 291.2 194.7 669.6 651.1 272.8 446.9 670.0 314.1 774.9 303.7 610.8 173.4 607.3 142.1 436.0 362.6 319.1 706.2 335.0 653.3 339.1 301.1 677.5 358.1 305.7 286.7 661.5 583.3 331.8 400.9 423.7 651.5 241.6 161.0 654.9 360.7 617.0 345.5 496.9 249.7 433.7 670.5 335.2 451.7 188.3 206.6 699.8 695.9 639.2 610.0 276.3 422.9 422.7 187.9 600.6 515.8 739.7 348.9 369.8 632.9 676.3 442.7 636.0 228.1 371.7 693.0 633.6 652.0 689.5 657.2 717.1 688.3 305.4 760.0 0.0 643.8 611.9 669.4 307.1 317.8 721.2 773.8 424.7 673.8 102.8 285.3 675.8 428.0 738.4 165.7 400.1 496.1 338.7 703.5 220.1 303.7 677.7 634.0 239.6 411.5 435.5 181.1 619.4 239.7
2110.9 445.6 140.0 228.9 632.2 723.4 498.7 283.6 519.4 593.0 635.3 559.9 281.6 515.9 520.0 448.2 472.1 558.5 829.6 755.3 442.5 468.6 436.4 614.6 462.5 461.0 455.2 576.6 644.2 621.4 529.5 584.7 566.4 20.5 554.6 542.5 345.5 603.1 435.4 636.5 436.9 484.2 363.1 456.0 525.7 355.4 424.2 477.8 583.7 673.4 515.0 773.2 310.1 742.8 719.5 523.7 438.6 513.8 516.4 419.2 441.3 269.9 561.6 222.9 422.9 440.1 529.4 464.2 634.3 453.8 561.0 665.6 466.7 664.0 429.2 341.1 469.2 210.3 485.1 512.7 489.2 451.2 536.9 426.0 455.8 443.2 520.9 188.2 481.9 478.1 416.9 516.4 524.6 605.1 514.3 510.8 593.8 495.6 356.3 642.0 472.5 612.8 485.3 354.4 338.4 291.2 62.8 555.3 498.6 558.3 706.0 436.8 464.5 632.0 548.9 375.2 102.7 499.0 519.9 81.6 580.3 322.4 495.4 378.2 448.9 552.4 205.4 511.4 548.9 208.2 576.5 547.7 636.1 123.0 717.3 0.0 471.3 173.5 344.3 510.8 580.6 136.8 394.9 533.2 621.4 715.0 179.9 336.9 597.8 315.8 311.5 355.5 817.0 569.0 649.8 733.4 537.1 493.4 389.7 298.6 405.7 256.3 218.1 765.9
1848.8 636.0 442.6 436.9 264.4 814.8 130.9 474.0 292.6 225.2 267.5 651.3 335.9 253.7 710.4 638.6 662.5 315.5 921.0 853.6 632.9 659.0 212.3 387.8 652.9 175.1 645.6 208.8 735.6 712.8 161.7 676.1 304.2 423.3 292.4 174.7 535.9 694.5 732.0 727.9 151.0 674.6 733.4 646.4 487.7 793.2 737.3 224.3 303.3 764.8 147.2 864.6 500.5 839.4 810.9 155.9 629.0 287.0 262.9 609.6 631.7 460.3 346.8 457.8 613.3 787.4 275.9 654.6 266.5 644.2 193.2 757.0 180.8 755.4 776.5 703.1 659.6 512.9 675.5 144.9 679.6 641.6 274.7 698.6 646.2 627.2 150.4 390.0 672.3 741.4 764.2 257.4 616.0 696.5 186.1 701.2 322.3 686.0 349.9 733.4 774.2 245.0 675.7 792.2 528.8 481.6 506.5 187.5 245.1 332.7 797.4 763.4 763.2 723.4 342.1 368.8 546.4 689.4 710.3 439.6 306.7 783.2 24.0 568.6 712.2 184.6 440.3 143.6 295.4 463.9 208.7 294.2 727.5 566.7 808.7 450.5 0.0 476.1 626.1 472.8 212.8 580.5 765.2 165.4 712.8 806.4 482.5 632.5 230.0 506.2 740.6 349.1 912.2 195.1 741.2 824.8 274.9 125.6 580.1 752.0 776.0 446.7 426.1 857.3
2039.5 374.2 33.4 183.7 560.8 652.0 427.3 212.2 448.0 521.6 563.9 488.5 210.2 444.5 448.6 376.8 400.7 487.1 758.2 690.8 371.1 397.2 365.0 543.2 391.1 389.6 383.8 505.2 572.8 550.0 458.1 513.3 495.0 178.0 483.2 471.1 274.1 531.7 470.2 565.1 365.5 412.8 342.7 384.6 454.3 335.0 475.5 406.4 512.3 602.0 443.6 701.8 238.7 676.6 648.1 452.3 367.2 442.4 445.0 347.8 369.9 198.5 502.2 117.8 351.5 419.7 458.0 392.8 562.9 382.4 489.6 594.2 395.3 592.6 408.8 320.7 397.8 123.0 413.7 441.3 417.8 379.8 465.5 436.8 384.4 365.4 449.5 136.8 410.5 479.6 396.5 439.5 453.2 533.7 442.9 439.4 522.4 424.2 284.9 570.6 512.4 541.4 413.9 334.0 267.0 219.8 159.0 483.9 427.2 486.9 634.6 501.6 501.4 560.6 477.5 303.8 198.9 427.6 448.5 92.1 508.9 302.0 424.0 306.8 450.4 481.0 100.3 440.0 477.5 34.7 505.1 476.3 564.7 219.2 645.9 157.4 399.9 0.0 272.9 439.4 509.2 233.0 374.5 461.8 550.0 643.6 6.4 265.5 526.4 244.4 291.1 284.1 749.4 491.5 578.4 662.0 465.7 422.0 318.3 278.2 385.3 184.9 172.9 694.5
1944.3 439.3 328.7 323.0 465.6 379.0 332.1 342.8 352.8 426.4 468.7 215.5 222.0 349.3 513.7 441.9 465.8 391.9 485.2 410.9 436.2 462.3 269.8 448.0 456.2 294.4 448.9 410.0 299.8 277.0 362.9 240.3 399.8 309.4 388.0 375.9 339.2 258.7 535.3 292.1 270.3 477.9 536.7 449.7 235.9 596.5 536.0 311.2 417.1 329.0 348.4 428.8 369.3 398.4 375.1 357.1 432.3 347.2 349.8 412.9 435.0 338.5 395.0 344.6 416.6 590.7 368.4 457.9 467.7 447.5 394.4 321.2 300.1 319.6 579.8 506.4 462.9 399.0 478.8 346.1 482.9 444.9 370.3 492.6 449.5 436.9 354.3 282.3 475.6 544.7 567.5 349.8 180.2 260.7 347.7 504.5 427.2 489.3 189.7 297.6 577.5 446.2 479.0 595.5 332.1 350.4 392.6 388.7 332.0 391.7 361.6 566.7 566.5 287.6 382.3 208.6 432.5 492.7 513.6 325.7 413.7 586.5 328.8 371.9 515.5 385.8 326.4 344.8 382.3 350.0 409.9 381.1 291.7 452.8 372.9 336.6 304.7 362.2 0.0 221.0 414.0 466.6 568.5 366.6 277.0 370.6 368.6 120.8 431.2 309.5 543.9 188.9 472.6 402.4 305.4 389.0 370.5 326.8 383.4 555.3 579.3 324.9 312.2 421.5
2079.1 446.8 445.5 439.8 446.9 386.5 466.9 350.3 362.1 561.2 603.5 223.0 338.8 376.6 521.2 449.4 473.3 356.9 492.7 418.4 443.7 469.8 404.6 457.3 463.7 429.2 456.4 544.8 307.3 284.5 394.8 247.8 391.1 426.2 402.9 510.7 346.7 266.2 542.8 299.6 405.1 485.4 544.2 457.2 14.8 604.0 548.1 446.0 426.4 336.5 483.2 436.3 376.8 405.9 382.6 394.7 439.8 356.5 484.6 420.4 442.5 346.0 416.3 460.7 424.1 598.2 497.6 465.4 602.5 455.0 357.5 328.7 434.9 327.1 587.3 513.9 470.4 515.8 486.3 480.9 490.4 452.4 397.6 500.1 457.0 444.4 488.8 392.9 483.1 552.2 575.0 484.6 187.7 268.2 482.5 512.0 363.7 496.8 287.5 305.1 585.0 417.2 486.5 603.0 339.6 357.9 509.4 403.5 466.8 356.7 369.1 574.7 574.0 295.1 347.3 306.4 549.3 500.2 521.1 442.5 423.0 594.0 463.6 379.4 523.0 366.0 443.2 479.6 517.1 466.8 544.7 515.9 299.2 569.6 380.4 453.4 439.5 479.0 197.8 0.0 487.5 583.4 576.0 385.2 284.5 378.1 485.4 318.7 566.0 317.0 551.4 286.7 480.1 537.2 312.9 396.5 397.8 461.6 390.9 562.8 586.8 332.4 429.0 429.0
1870.2 761.0 567.6 561.9 95.8 808.5 200.2 599.0 202.9 111.0 153.3 645.0 460.9 265.4 835.4 763.6 787.5 258.7 914.7 847.3 757.9 784.0 355.3 298.1 777.9 318.1 770.6 138.9 729.3 706.5 165.5 669.8 292.9 548.3 304.7 142.8 660.9 688.2 857.0 721.6 294.0 799.6 858.4 771.4 481.4 918.2 862.3 349.3 134.7 758.5 183.1 858.3 625.5 833.1 804.6 159.7 754.0 197.3 387.9 734.6 756.7 585.3 257.1 582.8 738.3 912.4 400.9 779.6 152.3 769.2 213.2 750.7 323.8 749.1 901.5 828.1 784.6 637.9 800.5 148.7 804.6 766.6 322.4 823.6 771.2 752.2 189.0 515.0 797.3 866.4 889.2 382.4 609.7 690.2 302.5 826.2 265.5 811.0 424.8 727.1 899.2 76.4 800.7 917.2 653.8 606.6 631.5 191.3 370.1 275.9 791.1 888.4 888.2 717.1 285.3 443.7 671.4 814.4 835.3 564.6 138.1 908.2 315.9 693.6 837.2 188.4 565.3 179.5 420.4 588.9 94.5 419.2 721.2 691.7 802.4 575.5 258.4 601.1 619.8 466.5 0.0 705.5 890.2 169.2 706.5 800.1 607.5 740.7 115.8 631.2 865.6 424.0 905.9 140.8 734.9 818.5 322.2 194.9 705.1 877.0 901.0 571.7 551.1 851.0
2152.2 486.9 181.3 270.2 673.5 764.7 540.0 324.9 560.7 634.3 676.6 601.2 322.9 557.2 561.3 489.5 513.4 599.8 870.9 796.6 483.8 509.9 477.7 655.9 503.8 502.3 496.5 617.9 685.5 662.7 570.8 626.0 607.7 143.1 595.9 583.8 386.8 644.4 476.7 677.8 478.2 525.5 404.4 497.3 567.0 396.7 465.5 519.1 625.0 714.7 556.3 814.5 351.4 784.1 760.8 565.0 479.9 555.1 557.7 460.5 482.6 311.2 602.9 264.2 464.2 481.4 576.3 505.5 675.6 495.1 602.3 706.9 508.0 705.3 470.5 382.4 510.5 251.6 526.4 554.0 530.5 492.5 578.2 467.3 497.1 484.5 561.9 229.5 523.2 519.4 458.2 557.7 565.9 646.4 555.6 552.1 635.1 536.9 397.6 683.3 513.8 654.1 526.6 395.7 379.7 332.5 49.8 596.6 539.9 599.6 747.3 477.6 505.8 673.3 590.2 416.5 51.4 540.3 561.2 122.9 621.6 363.7 536.7 419.5 490.2 593.7 246.7 552.7 590.2 249.5 617.8 589.0 677.4 71.7 758.6 122.5 512.6 214.8 385.6 552.1 621.9 0.0 436.2 574.5 662.7 756.3 221.2 378.2 639.1 357.1 352.8 396.8 858.3 610.3 691.1 774.7 578.4 534.7 431.0 339.9 447.0 297.6 259.4 807.2
2290.9 230.3 331.0 489.3 812.2 496.2 678.7 415.6 699.4 773.0 815.3 507.0 461.6 695.9 187.1 280.1 304.0 738.5 642.2 507.6 333.5 300.5 616.4 794.6 247.2 641.0 239.9 756.6 489.5 523.8 709.5 531.8 746.4 475.7 734.6 722.5 274.9 414.7 173.2 388.8 616.9 243.4 50.4 287.9 593.2 193.5 100.4 657.8 763.7 538.4 695.0 525.5 442.1 495.1 582.0 703.7 176.7 693.8 696.4 251.1 226.0 411.3 753.6 413.9 254.8 86.1 717.2 202.3 814.3 236.9 741.0 468.1 650.5 436.8 75.2 133.8 253.9 401.3 317.0 692.7 321.1 283.1 716.9 176.6 262.2 226.3 700.6 448.6 313.8 222.8 62.9 696.4 502.1 455.7 694.3 304.5 773.8 289.3 536.3 544.4 152.2 792.8 223.4 192.5 383.5 423.2 397.5 735.3 678.6 738.3 571.0 116.5 144.2 482.6 728.9 555.2 437.4 237.1 313.6 330.6 760.3 183.5 675.4 269.2 199.5 732.4 396.4 691.4 728.9 399.2 756.5 727.7 583.2 457.7 469.6 395.9 651.3 364.5 524.3 578.3 760.6 471.5 0.0 713.2 397.5 580.0 370.9 516.9 777.8 360.9 171.3 535.5 633.4 744.5 514.8 598.4 717.1 673.4 319.1 182.7 10.7 397.7 478.5 534.4
1885.3 605.5 412.1 406.4 191.6 814.1 145.0 443.5 234.9 152.4 194.7 650.6 305.4 241.2 679.9 608.1 632.0 257.8 920.3 852.9 602.4 628.5 199.8 330.1 622.4 162.6 615.1 138.0 734.9 712.1 53.0 675.4 292.0 392.8 303.8 141.9 505.4 693.8 701.5 727.2 138.5 644.1 702.9 615.9 487.0 762.7 706.8 193.8 230.5 764.1 126.5 863.9 470.0 838.7 810.2 9.4 598.5 229.3 232.4 579.1 601.2 429.8 289.1 427.3 582.8 756.9 245.4 624.1 193.7 613.7 27.7 756.3 168.3 754.7 746.0 672.6 629.1 482.4 645.0 55.5 649.1 611.1 321.5 668.1 615.7 596.7 153.4 359.5 641.8 710.9 733.7 226.9 615.3 695.8 189.1 670.7 264.6 655.5 319.4 732.7 743.7 172.2 645.2 761.7 498.3 451.1 476.0 61.7 214.6 275.0 796.7 732.9 732.7 722.7 284.4 338.3 515.9 658.9 679.8 409.1 233.9 752.7 160.4 538.1 681.7 19.2 409.8 122.9 264.9 433.4 135.9 263.7 726.8 536.2 808.0 420.0 189.8 445.6 625.4 472.1 140.0 550.0 734.7 0.0 712.1 805.7 452.0 602.0 157.2 475.7 710.1 318.6 911.5 139.9 740.5 824.1 321.3 139.7 549.6 721.5 745.5 416.2 395.6 856.6
2221.1 280.6 605.5 599.8 669.8 98.6 608.9 184.1 585.0 703.2 745.5 126.3 498.8 626.1 355.0 283.2 307.1 579.8 297.0 184.9 277.5 303.6 546.6 680.2 297.5 571.2 290.2 686.8 91.9 126.2 639.7 151.1 614.0 586.2 664.8 652.7 180.5 17.1 376.6 45.8 547.1 319.2 378.0 291.0 302.3 437.8 381.9 588.0 649.3 140.8 625.2 182.5 210.6 157.3 186.9 633.9 273.6 579.4 626.6 254.2 276.3 179.8 639.2 620.7 257.9 432.0 639.6 299.2 744.5 288.8 580.4 70.5 576.9 39.2 421.1 347.7 304.2 675.8 320.1 622.9 324.2 286.2 647.1 343.2 290.8 271.8 631.1 552.9 316.9 386.0 408.8 621.1 211.2 58.1 624.5 345.8 586.6 330.6 466.5 146.8 418.8 640.1 320.3 436.8 173.4 191.7 669.4 665.5 608.8 579.6 173.4 408.0 407.8 85.0 570.2 485.4 709.3 334.0 354.9 602.5 645.9 427.8 605.6 213.2 356.8 662.6 603.2 621.6 659.1 626.8 686.7 657.9 202.5 729.6 140.0 613.4 581.5 639.0 276.7 287.4 690.8 743.4 409.8 643.4 0.0 182.4 645.4 397.6 708.0 150.8 385.2 465.7 288.2 673.1 117.2 200.8 647.3 603.6 224.7 396.6 420.6 166.2 589.0 191.4
2316.1 484.5 700.5 694.8 764.8 251.4 703.9 388.0 680.0 798.2 840.5 221.3 593.8 721.1 558.9 487.1 511.0 674.8 206.8 388.8 481.4 507.5 641.6 775.2 501.4 666.2 494.1 781.8 101.8 123.2 734.7 246.1 709.0 681.2 759.8 747.7 384.4 204.3 580.5 249.7 642.1 523.1 581.9 494.9 397.3 641.7 585.8 683.0 744.3 33.8 720.2 151.6 414.5 175.7 96.7 728.9 477.5 674.4 721.6 458.1 480.2 383.7 734.2 715.7 461.8 635.9 734.6 503.1 839.5 492.7 675.4 123.2 671.9 154.5 625.0 551.6 508.1 770.8 524.0 717.9 528.1 490.1 742.1 547.1 494.7 475.7 726.1 647.9 520.8 589.9 612.7 716.1 306.2 224.9 719.5 549.7 681.6 534.5 561.5 143.8 622.7 735.1 524.2 640.7 377.3 395.6 764.4 760.5 703.8 674.6 83.2 611.9 611.7 251.8 665.2 580.4 804.3 537.9 558.8 697.5 740.9 631.7 700.6 417.1 560.7 757.6 698.2 716.6 754.1 721.8 781.7 752.9 297.5 824.6 343.9 708.4 676.5 734.0 371.7 382.4 785.8 838.4 613.7 738.4 203.8 0.0 740.4 492.6 803.0 354.7 589.1 560.7 198.0 768.1 66.5 18.3 742.3 698.6 428.6 600.5 624.5 370.1 684.0 143.1
2045.9 380.6 39.8 177.3 567.2 658.4 433.7 218.6 454.4 528.0 570.3 494.9 216.6 450.9 455.0 383.2 407.1 493.5 764.6 690.3 377.5 403.6 371.4 549.6 397.5 396.0 390.2 512.4 579.2 556.4 464.5 519.7 501.4 184.4 489.6 477.5 280.5 538.1 476.6 571.5 371.9 419.2 349.1 391.0 460.7 341.4 481.9 412.8 518.7 608.4 450.0 708.2 245.1 677.8 654.5 458.7 373.6 448.8 451.4 354.2 376.3 204.9 496.6 112.1 357.9 426.1 464.4 399.2 569.3 388.8 496.0 600.6 401.7 599.0 415.2 327.1 404.2 120.1 420.1 447.7 424.2 386.2 471.9 433.9 390.8 378.2 455.6 136.6 416.9 486.0 402.9 451.4 459.6 540.1 449.3 445.8 528.8 430.6 291.3 577.0 518.8 547.8 420.3 340.4 273.4 226.2 165.4 490.3 433.6 493.3 641.0 508.0 507.8 567.0 483.9 310.2 205.3 434.0 454.9 98.5 515.3 308.4 430.4 313.2 456.8 487.4 93.9 446.4 483.9 28.3 511.5 482.7 571.1 225.6 652.3 163.8 406.3 6.4 279.3 445.8 515.6 239.4 380.9 468.2 556.4 650.0 0.0 271.9 532.8 250.8 297.5 290.5 752.0 504.0 584.8 668.4 472.1 428.4 324.7 284.6 391.7 192.5 166.5 700.9
1917.6 560.9 302.0 296.3 438.9 500.6 305.4 333.4 326.1 399.7 442.0 337.1 195.3 322.6 635.3 563.5 587.4 365.2 606.8 532.5 557.8 583.9 243.1 421.3 577.8 267.7 570.5 384.1 421.4 398.6 336.2 361.9 373.1 282.7 361.3 349.2 460.8 380.3 656.9 413.7 243.6 599.5 658.3 571.3 332.4 718.1 657.6 284.5 390.4 450.6 321.7 550.4 359.9 520.0 496.7 330.4 553.9 320.5 323.1 534.5 556.6 319.7 368.3 317.9 538.2 712.3 336.1 579.5 441.0 569.1 367.7 442.8 273.4 441.2 701.4 628.0 584.5 372.3 600.4 319.4 604.5 566.5 343.6 614.2 571.1 552.1 327.3 249.4 597.2 666.3 689.1 323.1 301.8 382.3 321.0 626.1 400.5 610.9 163.0 419.2 699.1 419.5 600.6 717.1 453.7 341.0 365.9 362.0 305.3 365.0 483.2 688.3 688.1 409.2 355.6 181.9 405.8 614.3 635.2 299.0 387.0 708.1 302.1 493.5 637.1 359.1 299.7 318.1 355.6 323.3 383.2 354.4 413.3 426.1 494.5 309.9 278.0 335.5 121.5 317.5 387.3 439.9 690.1 339.9 398.6 492.2 341.9 0.0 404.5 431.1 665.5 162.2 594.2 369.6 427.0 510.6 343.8 300.1 505.0 676.9 700.9 306.1 285.5 543.1
1878.6 769.4 576.0 570.3 178.6 823.4 208.6 607.4 244.2 41.2 103.9 659.9 469.3 351.8 843.8 772.0 795.9 267.1 929.6 855.3 766.3 792.4 363.7 339.4 786.3 326.5 779.0 146.5 744.2 721.4 173.9 684.7 301.3 556.7 313.1 151.2 669.3 703.1 865.4 736.5 302.4 808.0 866.8 779.8 496.3 926.6 866.1 357.7 217.5 773.4 191.5 873.2 633.9 842.8 819.5 168.1 762.4 238.6 396.3 743.0 765.1 593.7 298.4 591.9 746.7 920.8 409.3 788.0 87.3 777.6 221.6 765.6 336.0 764.0 909.9 836.5 793.0 646.3 808.9 157.1 813.0 775.0 330.8 832.0 779.6 760.6 197.1 529.6 805.7 874.8 897.6 396.3 624.6 705.1 310.9 834.6 273.9 819.4 439.7 742.0 907.6 159.2 809.1 925.6 662.2 615.0 639.9 199.7 378.5 284.3 806.0 896.8 896.6 732.0 293.7 458.6 679.8 822.8 843.7 573.0 220.9 916.6 324.3 702.0 845.6 196.8 573.7 187.9 428.8 597.3 45.1 427.6 736.1 700.1 817.3 583.9 266.8 609.5 634.7 481.4 127.0 713.9 898.6 177.6 721.4 815.0 615.9 755.6 0.0 639.6 874.0 438.9 920.8 154.9 749.8 833.4 330.6 203.3 713.5 885.4 909.4 580.1 559.5 865.9
2043.9 223.7 248.0 242.3 565.2 249.2 431.7 168.6 452.4 526.0 568.3 260.0 214.6 448.9 298.1 226.3 250.2 491.5 395.2 267.5 220.6 246.7 369.4 547.6 240.6 394.0 233.3 509.6 242.5 276.8 462.5 284.8 499.4 228.7 487.6 475.5 123.6 167.7 319.7 141.8 369.9 262.3 321.1 234.1 346.2 380.9 325.0 410.8 516.7 291.4 448.0 278.5 195.1 253.3 335.0 456.7 216.7 446.8 449.4 197.3 219.4 164.3 506.6 263.2 201.0 375.1 462.4 242.3 567.3 231.9 494.0 221.1 399.7 189.8 364.2 290.8 247.3 318.3 263.2 445.7 267.3 229.3 469.9 286.3 233.9 214.9 453.9 195.4 260.0 329.1 351.9 443.9 255.1 208.7 447.3 288.9 526.8 273.7 289.3 297.4 361.9 545.8 263.4 379.9 68.3 176.2 311.9 488.3 431.6 491.3 324.0 351.1 350.9 235.6 481.9 308.2 351.8 277.1 298.0 245.0 513.3 370.9 428.4 156.3 299.9 485.4 245.7 444.4 481.9 269.3 509.5 480.7 336.2 372.1 222.6 255.9 404.3 281.5 277.3 331.3 513.6 385.9 352.9 466.2 150.5 333.0 287.9 269.9 530.8 0.0 328.3 288.5 386.4 495.9 267.8 351.4 470.1 426.4 167.8 339.7 363.7 150.7 231.5 287.4
2189.6 198.9 218.7 307.6 710.9 464.8 577.4 384.2 598.1 671.7 714.0 475.6 360.3 594.6 155.7 248.7 272.6 637.2 610.8 483.1 302.1 269.1 515.1 693.3 215.8 539.7 208.5 655.3 458.1 492.4 608.2 500.4 645.1 304.2 633.3 621.2 243.5 383.3 154.6 357.4 515.6 212.0 112.7 256.5 561.8 107.9 139.9 556.5 662.4 507.0 593.7 494.1 410.7 468.9 550.6 602.4 145.3 592.5 595.1 219.7 194.6 379.9 652.3 301.6 223.4 189.7 608.1 170.9 713.0 205.5 639.7 436.7 545.4 405.4 178.8 29.5 222.5 289.0 285.6 591.4 289.7 251.7 615.6 154.5 230.8 188.5 599.6 260.7 282.4 197.3 166.5 589.6 470.7 424.3 593.0 273.1 672.5 257.9 435.0 513.0 191.7 691.5 192.0 106.9 352.1 391.8 285.2 634.0 577.3 637.0 539.6 155.5 183.7 451.2 627.6 453.9 325.1 205.7 282.2 218.3 659.0 74.9 574.1 237.8 168.1 631.1 284.1 590.1 627.6 286.9 655.2 626.4 551.8 345.4 438.2 283.6 550.0 252.2 423.0 546.9 659.3 359.2 144.5 611.9 366.1 548.6 258.6 415.6 676.5 329.5 0.0 434.2 602.0 641.6 483.4 567.0 615.8 572.1 287.7 11.4 155.3 366.3 296.8 503.0
1901.2 461.0 267.6 261.9 381.8 586.1 289.0 299.0 297.0 383.3 425.6 422.6 160.9 306.2 535.4 463.6 487.5 291.8 692.3 624.9 457.9 484.0 226.7 392.2 477.9 251.3 470.6 366.9 506.9 484.1 319.8 447.4 326.0 248.3 344.9 332.8 360.9 465.8 557.0 499.2 227.2 499.6 558.4 471.4 259.0 618.2 562.3 268.1 361.3 536.1 305.3 635.9 325.5 610.7 582.2 314.0 454.0 291.4 306.7 434.6 456.7 285.3 351.2 282.8 438.3 612.4 319.7 479.6 424.6 469.2 351.3 528.3 257.0 526.7 601.5 528.1 484.6 337.9 500.5 303.0 504.6 466.6 327.2 523.6 471.2 452.2 311.2 215.0 497.3 566.4 589.2 301.2 387.3 467.8 304.6 526.2 298.6 511.0 64.9 504.7 599.2 352.1 500.7 617.2 353.8 306.6 331.5 345.6 288.9 291.6 568.7 588.4 588.2 494.7 282.2 19.6 371.4 514.4 535.3 264.6 357.9 608.2 285.7 393.6 537.2 342.7 265.3 301.7 339.2 288.9 366.8 338.0 498.8 391.7 580.0 275.5 261.6 301.1 397.4 244.1 370.9 405.5 590.2 323.5 484.1 577.7 307.5 518.3 388.1 331.2 565.6 0.0 683.5 353.2 512.5 596.1 327.4 283.7 405.1 577.0 601.0 271.7 251.1 628.6
2375.3 494.4 759.7 754.0 824.0 308.8 763.1 396.1 739.2 857.4 897.9 280.5 653.0 778.5 568.8 497.0 520.9 732.2 8.7 390.0 491.3 517.4 700.8 834.4 511.3 723.6 504.0 841.8 161.0 182.4 793.9 305.3 768.2 740.4 819.0 806.9 392.5 263.5 590.4 210.0 699.5 533.0 590.0 504.8 456.5 651.6 591.1 742.2 801.7 129.8 777.6 81.0 424.4 108.3 56.0 788.1 487.4 731.8 780.8 468.0 490.1 393.6 781.4 775.6 469.9 645.8 801.6 513.0 896.9 502.6 734.6 182.4 734.9 213.7 634.9 561.5 518.0 830.0 533.9 777.1 538.0 498.2 801.3 547.7 504.6 492.0 785.0 713.3 528.9 599.8 622.6 779.0 365.4 284.1 778.7 559.6 739.0 544.4 620.7 201.2 632.6 794.3 532.3 650.6 387.2 405.5 823.6 819.7 763.6 732.0 69.5 622.3 621.6 311.0 724.4 637.8 863.5 546.0 568.7 756.7 800.1 641.6 759.8 427.0 570.6 816.8 755.6 774.0 813.3 781.0 840.9 810.3 356.7 883.8 353.8 765.8 735.7 793.2 429.1 441.6 845.0 897.6 621.8 797.6 248.3 171.4 797.8 550.0 860.4 364.6 599.0 619.9 0.0 833.4 125.7 189.8 801.5 756.0 438.5 608.6 634.4 381.2 743.2 72.5
1872.7 714.4 521.0 515.3 204.5 808.2 118.4 552.4 229.0 165.3 203.1 640.2 414.3 336.6 788.8 717.0 740.9 247.4 914.4 835.6 711.3 737.4 377.7 324.2 731.3 336.0 724.0 12.0 729.0 706.2 157.5 669.5 286.1 501.7 297.9 61.0 618.8 687.9 810.4 721.3 316.4 753.0 816.3 724.8 481.1 871.6 815.7 302.7 243.4 758.2 176.7 858.0 578.9 823.1 804.3 151.7 707.4 225.0 341.3 688.0 710.1 537.1 283.2 536.2 696.2 865.8 359.9 733.0 208.2 722.6 189.0 750.4 346.2 748.8 854.9 781.5 738.0 591.3 753.9 140.7 758.0 720.0 315.6 777.0 724.6 705.6 181.0 468.4 749.1 819.8 842.6 339.7 609.4 689.9 294.5 779.6 258.7 768.9 424.5 722.3 852.6 185.1 752.5 870.6 607.2 560.0 584.9 183.3 323.5 264.6 790.8 841.8 841.6 716.8 278.5 438.9 624.8 772.3 793.2 518.0 246.8 861.6 255.9 647.0 790.6 180.4 517.1 167.0 373.8 542.3 144.3 377.1 720.9 645.1 802.1 528.9 231.8 554.5 619.5 466.2 152.9 657.3 848.1 161.2 706.2 799.8 560.9 740.4 170.1 584.6 819.0 423.7 905.6 0.0 734.6 818.2 315.4 113.1 658.5 834.9 854.4 525.1 504.5 850.7
2249.5 417.9 633.9 628.2 698.2 184.8 637.3 321.4 613.4 731.6 773.9 154.7 527.2 654.5 492.3 420.5 444.4 608.2 179.7 322.2 414.8 440.9 575.0 708.6 434.8 599.6 427.5 715.2 35.2 56.6 668.1 179.5 642.4 614.6 693.2 681.1 317.8 137.7 513.9 183.1 575.5 456.5 515.3 428.3 330.7 575.1 519.2 616.4 677.7 23.5 653.6 124.5 347.9 148.6 69.6 662.3 410.9 607.8 655.0 391.5 413.6 317.1 667.6 649.1 395.2 569.3 668.0 436.5 772.9 426.1 608.8 56.6 605.3 87.9 558.4 485.0 441.5 704.2 457.4 651.3 461.5 423.5 675.5 480.5 428.1 409.1 659.5 581.3 454.2 523.3 546.1 649.5 239.6 158.3 652.9 483.1 615.0 467.9 494.9 77.2 556.1 668.5 457.6 574.1 310.7 329.0 697.8 693.9 637.2 608.0 56.1 545.3 545.1 185.2 598.6 513.8 737.7 471.3 492.2 630.9 674.3 565.1 634.0 350.5 494.1 691.0 631.6 650.0 687.5 655.2 715.1 686.3 230.9 758.0 277.3 641.8 609.9 667.4 305.1 315.8 719.2 771.8 547.1 671.8 137.2 65.1 673.8 426.0 736.4 288.1 522.5 494.1 170.9 701.5 0.0 83.5 675.7 632.0 362.0 533.9 557.9 303.5 617.4 116.0
2331.0 499.4 715.4 709.7 779.7 266.3 718.8 402.9 694.9 813.1 855.4 236.2 608.7 736.0 573.8 502.0 525.9 689.7 221.7 403.7 496.3 522.4 656.5 790.1 516.3 681.1 509.0 796.7 116.7 138.1 749.6 261.0 723.9 696.1 774.7 762.6 399.3 219.2 595.4 264.6 657.0 538.0 596.8 509.8 412.2 656.6 600.7 697.9 759.2 48.7 735.1 166.5 429.4 190.6 111.6 743.8 492.4 689.3 736.5 473.0 495.1 398.6 749.1 730.6 476.7 650.8 749.5 518.0 854.4 507.6 690.3 138.1 686.8 169.4 639.9 566.5 523.0 785.7 538.9 732.8 543.0 505.0 757.0 562.0 509.6 490.6 741.0 662.8 535.7 604.8 627.6 731.0 321.1 239.8 734.4 564.6 696.5 549.4 576.4 158.7 637.6 750.0 539.1 655.6 392.2 410.5 779.3 775.4 718.7 689.5 98.1 626.8 626.6 266.7 680.1 595.3 819.2 552.8 573.7 712.4 755.8 646.6 715.5 432.0 575.6 772.5 713.1 731.5 769.0 736.7 796.6 767.8 312.4 839.5 358.8 723.3 691.4 748.9 386.6 397.3 800.7 853.3 628.6 753.3 218.7 14.9 755.3 507.5 817.9 369.6 604.0 575.6 212.9 783.0 81.4 0.0 757.2 713.5 443.5 615.4 639.4 385.0 698.9 158.0
1920.6 699.2 505.8 500.1 288.0 731.5 331.1 537.2 203.2 301.5 343.8 568.0 399.1 21.1 773.6 701.8 725.7 89.7 837.7 770.3 696.1 722.2 340.7 298.4 716.1 303.5 708.8 248.3 652.3 629.5 235.9 592.8 29.2 486.5 17.4 252.2 599.1 611.2 795.2 644.6 279.4 737.8 796.6 709.6 404.4 856.4 800.5 334.7 267.5 681.5 300.2 781.3 563.7 756.1 727.6 235.8 692.2 197.6 373.3 672.8 694.9 523.5 257.4 521.0 676.5 850.6 386.3 717.8 342.8 707.4 198.6 673.7 309.2 672.1 839.7 766.3 722.8 576.1 738.7 252.7 742.8 704.8 0.2 761.8 709.4 690.4 294.3 453.2 735.5 804.6 827.4 367.8 532.7 613.2 330.0 764.4 56.6 749.2 347.8 650.1 837.4 258.3 738.9 855.4 592.0 544.8 569.7 244.6 355.5 106.9 714.1 826.6 826.4 640.1 116.3 366.7 609.6 752.6 773.5 502.8 264.1 846.4 301.3 631.8 775.4 207.1 503.5 338.8 405.8 527.1 285.0 404.6 644.2 629.9 725.4 513.7 330.7 539.3 542.8 389.5 328.6 643.7 828.4 226.3 629.5 723.1 545.7 663.7 306.3 569.4 803.8 347.0 828.9 250.2 657.9 741.5 0.0 325.8 643.3 815.2 839.2 509.9 489.3 774.0
1788.0 628.1 434.7 429.0 254.0 811.0 5.2 466.1 231.8 214.8 257.1 647.5 328.0 339.4 702.5 630.7 654.6 254.7 917.2 842.9 625.0 651.1 228.2 327.0 645.0 191.0 637.7 130.0 731.8 709.0 207.0 672.3 288.9 415.4 300.7 60.3 528.0 690.7 724.1 724.1 166.9 666.7 725.5 638.5 483.9 785.3 729.4 216.4 296.1 761.0 125.0 860.8 492.6 830.4 807.1 201.2 621.1 226.2 255.0 601.7 623.8 452.4 274.0 449.9 605.4 779.5 273.6 646.7 256.1 636.3 209.2 753.2 200.5 751.6 768.6 695.2 651.7 505.0 667.6 190.2 671.7 633.7 318.4 681.4 638.3 625.7 130.9 388.3 664.4 733.5 756.3 255.0 612.2 692.7 202.0 693.3 261.5 678.1 427.3 729.6 766.3 234.6 667.8 784.3 520.9 473.7 498.6 232.8 237.8 271.9 793.6 755.5 755.3 719.6 281.3 446.2 538.5 681.5 702.4 431.7 292.7 775.3 169.6 560.7 704.3 217.7 432.4 121.4 287.5 456.0 198.3 286.3 723.7 558.8 804.9 442.6 145.5 468.2 622.3 469.0 202.4 572.6 757.3 210.7 709.0 802.6 474.6 743.2 219.6 498.3 732.7 426.5 904.6 122.4 737.4 821.0 318.2 0.0 572.2 744.1 768.1 440.0 418.2 853.5
2097.6 161.7 301.7 296.0 618.9 302.9 485.4 222.3 506.1 579.7 622.0 313.7 268.3 502.6 236.1 164.3 188.2 545.2 448.9 321.2 158.6 184.7 423.1 601.3 178.6 447.7 171.3 563.3 296.2 330.5 516.2 338.5 553.1 282.4 541.3 529.2 38.2 221.4 257.7 195.5 423.6 200.3 259.1 172.1 399.9 318.9 263.0 464.5 570.4 345.1 501.7 332.2 248.8 307.0 388.7 510.4 154.7 500.5 503.1 135.3 157.4 218.0 560.3 316.9 139.0 313.1 516.1 180.3 621.0 169.9 547.7 274.8 453.4 243.5 302.2 228.8 185.3 372.0 201.2 499.4 205.3 167.3 523.6 224.3 171.9 152.9 507.6 249.1 198.0 267.1 289.9 497.6 308.8 262.4 501.0 226.9 580.5 211.7 343.0 351.1 299.9 599.5 201.4 317.9 190.2 229.9 365.6 542.0 485.3 545.0 377.7 289.1 288.9 289.3 535.6 361.9 405.5 215.1 236.0 298.7 567.0 308.9 482.1 94.3 237.9 539.1 299.4 498.1 535.6 323.0 563.2 534.4 389.9 425.8 276.3 309.6 458.0 335.2 331.0 385.0 567.3 439.6 290.9 519.9 204.2 386.7 341.6 323.6 584.5 167.6 266.3 342.2 440.1 549.6 321.5 405.1 523.8 480.1 0.0 277.7 301.7 204.4 285.2 341.1
2178.2 211.8 207.3 296.2 699.5 477.7 566.0 397.1 586.7 660.3 702.6 488.5 348.9 583.2 168.6 261.6 285.5 625.8 623.7 489.1 315.0 282.0 503.7 681.9 228.7 528.3 221.4 643.9 471.0 505.3 596.8 513.3 633.7 292.8 621.9 609.8 256.4 396.2 167.5 370.3 504.2 224.9 125.6 269.4 574.7 96.5 152.8 545.1 651.0 519.9 582.3 507.0 423.6 476.6 563.5 591.0 158.2 581.1 583.7 232.6 207.5 392.8 640.9 290.2 236.3 202.6 602.3 183.8 701.6 218.4 628.3 449.6 537.8 418.3 191.7 42.4 235.4 277.6 298.5 580.0 302.6 264.6 604.2 158.1 243.7 201.4 587.9 249.3 295.3 210.2 179.4 583.7 483.6 437.2 581.6 286.0 661.1 270.8 423.6 525.9 204.6 680.1 204.9 95.5 365.0 404.7 273.8 622.6 565.9 625.6 552.5 168.4 196.6 464.1 616.2 442.5 313.7 218.6 295.1 206.9 647.6 63.5 562.7 250.7 181.0 619.7 272.7 578.7 616.2 275.5 643.8 615.0 564.7 334.0 451.1 272.2 538.6 240.8 411.6 559.8 647.9 347.8 157.4 600.5 379.0 561.5 247.2 404.2 665.1 342.4 12.9 422.8 611.1 636.3 496.3 579.9 604.4 560.7 300.6 0.0 168.2 379.2 285.4 515.9
2301.7 241.1 341.8 500.1 823.0 507.0 689.5 426.4 710.2 783.8 826.1 517.8 472.4 706.7 197.9 290.9 314.8 749.3 653.0 525.3 344.3 311.3 627.2 805.4 258.0 651.8 250.7 767.4 500.3 534.6 720.3 542.6 757.2 486.5 745.4 733.3 285.7 425.5 184.0 399.6 627.7 254.2 61.2 298.7 604.0 204.3 111.2 668.6 774.5 549.2 705.8 536.3 452.9 511.1 592.8 714.5 187.5 704.6 707.2 261.9 236.8 422.1 764.4 424.7 265.6 96.9 720.2 213.1 825.1 247.7 751.8 478.9 657.5 447.6 86.0 144.6 264.7 412.1 327.8 703.5 331.9 293.9 727.7 196.7 273.0 230.7 711.7 453.2 324.6 233.6 73.7 701.7 512.9 466.5 705.1 315.3 784.6 300.1 547.1 555.2 163.0 803.6 234.2 203.3 394.3 434.0 408.3 746.1 689.4 749.1 581.8 126.8 155.0 493.4 739.7 566.0 448.2 247.9 324.4 341.4 771.1 194.3 686.2 280.0 210.3 743.2 407.2 702.2 739.7 410.0 767.3 738.5 594.0 468.5 480.4 406.7 662.1 375.3 535.1 589.1 771.4 482.3 10.7 724.0 408.3 590.8 381.7 527.7 788.6 371.7 182.1 546.3 644.2 753.7 525.6 609.2 727.9 684.2 329.9 193.5 0.0 408.5 489.3 545.2
1967.9 244.0 172.0 166.3 489.2 248.1 355.7 92.6 376.4 450.0 492.3 258.9 138.6 372.9 318.4 246.6 270.5 416.5 394.1 259.5 240.9 267.0 293.4 471.6 260.9 318.0 253.6 434.4 241.4 275.7 386.5 283.7 423.4 152.7 411.6 399.5 144.9 166.6 340.0 140.7 293.9 282.6 341.4 254.4 345.1 401.2 340.7 334.8 440.7 290.3 372.0 277.4 119.1 248.0 333.9 380.7 237.0 370.8 373.4 217.6 239.7 12.3 418.6 187.9 221.3 395.4 394.2 262.6 491.3 252.2 418.0 220.0 327.5 188.7 384.5 311.1 267.6 242.3 283.5 369.7 287.6 249.6 393.9 297.3 254.2 241.6 377.6 125.6 280.3 349.4 372.2 373.4 254.0 207.6 371.3 309.2 450.8 294.0 213.3 296.3 382.2 469.8 283.7 400.2 136.8 100.2 235.9 412.3 356.2 416.3 322.9 371.9 371.2 234.5 405.9 232.2 275.8 297.4 318.3 169.0 437.3 391.2 352.4 176.6 320.2 409.4 169.7 368.4 405.9 193.3 433.5 404.7 335.1 296.1 221.5 179.9 328.3 205.5 201.3 330.2 437.6 309.9 373.2 390.2 149.4 331.9 211.9 193.9 454.8 114.2 348.6 212.5 381.5 426.0 266.7 350.3 394.1 350.4 188.1 360.0 384.0 0.0 155.5 286.3
2011.4 346.1 179.7 10.8 532.7 623.9 399.2 184.1 419.9 493.5 535.8 460.4 182.1 416.4 420.5 348.7 372.6 459.0 730.1 662.7 343.0 369.1 336.9 515.1 363.0 361.5 355.7 477.1 544.7 521.9 430.0 485.2 466.9 324.3 455.1 443.0 246.0 503.6 442.1 537.0 337.4 384.7 443.5 356.5 426.2 503.3 447.4 378.3 484.2 573.9 415.5 673.7 210.6 648.5 620.0 424.2 339.1 414.3 416.9 319.7 341.8 170.4 474.1 105.4 323.4 497.5 429.9 364.7 534.8 354.3 461.5 566.1 367.2 564.5 486.6 413.2 369.7 175.1 385.6 413.2 389.7 351.7 437.4 408.7 356.3 337.3 421.4 34.5 382.4 451.5 474.3 411.4 425.1 505.6 414.8 411.3 494.3 396.1 256.8 542.5 484.3 513.3 385.8 502.3 238.9 191.7 305.3 455.8 399.1 458.8 606.5 473.5 473.3 532.5 449.4 275.7 345.2 399.5 420.4 238.4 480.8 493.3 395.9 278.7 422.3 452.9 87.9 411.9 449.4 111.5 477.0 448.2 536.6 365.5 617.8 303.7 371.8 146.2 244.8 411.3 481.1 379.3 475.3 433.7 521.9 615.5 139.8 237.4 498.3 216.3 450.7 256.0 721.3 463.4 550.3 633.9 437.6 393.9 290.2 462.1 486.1 156.8 0.0 666.4
2366.8 421.8 751.2 745.5 815.5 274.4 754.6 325.3 730.7 848.9 891.2 272.0 644.5 771.8 496.2 424.4 448.3 725.5 107.7 326.1 418.7 444.8 692.3 825.9 438.7 716.9 431.4 832.5 152.5 173.9 785.4 296.8 759.7 731.9 810.5 798.4 321.7 192.9 517.8 137.4 692.8 460.4 519.2 432.2 448.0 579.0 523.1 733.7 795.0 121.3 770.9 8.5 351.8 32.6 47.5 779.6 414.8 725.1 772.3 395.4 417.5 321.0 784.9 766.4 399.1 573.2 785.3 440.4 890.2 430.0 726.1 173.9 722.6 205.2 562.3 488.9 445.4 821.5 461.3 768.6 465.4 427.4 792.8 484.4 432.0 413.0 776.8 698.6 458.1 527.2 550.0 766.8 356.9 233.9 770.2 487.0 732.3 471.8 612.2 194.5 560.0 785.8 461.5 578.0 314.6 332.9 815.1 811.2 754.5 725.3 61.0 549.2 549.0 260.8 715.9 631.1 855.0 475.2 496.1 748.2 791.6 569.0 751.3 354.4 498.0 808.3 748.9 767.3 804.8 772.5 832.4 803.6 348.2 875.3 281.2 759.1 727.2 784.7 422.4 433.1 836.5 889.1 551.0 789.1 175.7 162.9 791.1 543.3 853.7 292.0 526.4 611.4 98.9 818.8 117.2 181.3 793.0 749.3 365.9 537.8 561.8 307.4 734.7 0.0
