Name		0894_BED-Amazon_n151_m227_bt32
Number_of_Customers	151
Number_of_Items		227
Number_of_ItemTypes	32
Number_of_Vehicles	1
TimeWindows		0
Dist_type	manual

VEHICLE
Mass_Capacity	1693
CargoSpace_Length	160
CargoSpace_Width	70
CargoSpace_Height	72

CUSTOMERS
i	x	y	Demand	ReadyTime	DueDate	ServiceTime	DemandedMass	DemandedVolume
0	42.139891	-71.494346	0	0	0	0	0	0
1	42.33151	-71.782016	2	0	0	0	15.85	8748
2	42.329782	-71.7853	1	0	0	0	5.29	8075
3	42.316537	-71.784821	1	0	0	0	1.9	1176
4	42.308563	-71.782138	4	0	0	0	6.5	9504
5	42.305197	-71.77962	1	0	0	0	0.7	2640
6	42.30838	-71.780931	1	0	0	0	9.4	2760
7	42.332718	-71.787668	1	0	0	0	4.7	1380
8	42.332325	-71.798323	2	0	0	0	9.5	7580
9	42.325581	-71.802319	1	0	0	0	0.7	2640
10	42.319843	-71.790326	1	0	0	0	1.9	1176
11	42.31263	-71.790954	3	0	0	0	7.51	10536
12	42.328049	-71.809562	1	0	0	0	2.75	9072
13	42.31211	-71.783925	1	0	0	0	4.47	32844
14	42.317258	-71.776228	3	0	0	0	11.3	10100
15	42.332399	-71.790574	1	0	0	0	1.59	3400
16	42.320011	-71.786953	1	0	0	0	9.4	2760
17	42.318435	-71.778582	1	0	0	0	4.7	1380
18	42.326706	-71.799575	3	0	0	0	12.7	7660
19	42.306232	-71.783555	1	0	0	0	0.7	2640
20	42.31362	-71.782643	1	0	0	0	2.5	3978
21	42.330317	-71.78274	1	0	0	0	4.7	1380
22	42.317648	-71.785674	1	0	0	0	5.29	8075
23	42.331843	-71.786825	1	0	0	0	0.7	2640
24	42.303302	-71.789664	2	0	0	0	7.3	11780
25	42.327274	-71.806687	1	0	0	0	4.7	1380
26	42.322294	-71.791255	1	0	0	0	7.3	3640
27	42.310236	-71.779284	1	0	0	0	4.7	1380
28	42.330203	-71.793962	1	0	0	0	1.9	1176
29	42.303861	-71.783531	1	0	0	0	4.8	6200
30	42.31953	-71.793807	1	0	0	0	2.5	3978
31	42.310485	-71.78273	1	0	0	0	0.7	2640
32	42.316053	-71.785956	2	0	0	0	2.85	3720
33	42.318631	-71.789494	1	0	0	0	2.15	1080
34	42.323776	-71.807035	1	0	0	0	0.7	2640
35	42.319032	-71.786753	1	0	0	0	2.15	1080
36	42.321038	-71.793237	2	0	0	0	5.4	4020
37	42.308455	-71.787056	1	0	0	0	0.7	2640
38	42.302765	-71.777579	2	0	0	0	8.52	8980
39	42.322357	-71.789434	1	0	0	0	4.7	1380
40	42.303634	-71.786881	2	0	0	0	9.11	15675
41	42.308509	-71.780248	1	0	0	0	0.7	2640
42	42.311703	-71.776385	1	0	0	0	9.4	2760
43	42.334118	-71.788711	2	0	0	0	10.07	32098
44	42.314338	-71.789128	1	0	0	0	4.7	1380
45	42.328127	-71.806077	1	0	0	0	2.6	10400
46	42.333918	-71.782856	1	0	0	0	4.7	1380
47	42.326253	-71.800568	1	0	0	0	2.5	3978
48	42.310206	-71.787016	1	0	0	0	1.75	4608
49	42.331621	-71.793982	3	0	0	0	11.74	14063
50	42.324596	-71.806913	2	0	0	0	6.6	2556
51	42.307689	-71.786997	1	0	0	0	3.01	5544
52	42.306596	-71.778513	1	0	0	0	4.7	1380
53	42.333895	-71.787629	1	0	0	0	4.7	1380
54	42.3116	-71.787008	1	0	0	0	2.5	3978
55	42.311445	-71.787934	1	0	0	0	1.9	1176
56	42.334149	-71.796738	5	0	0	0	44.39	94199
57	42.320241	-71.794141	2	0	0	0	5.4	4020
58	42.315191	-71.788556	1	0	0	0	4.7	1380
59	42.310571	-71.787286	1	0	0	0	1.9	1176
60	42.328164	-71.802405	1	0	0	0	0.7	2640
61	42.305079	-71.788482	1	0	0	0	1.4	5280
62	42.312947	-71.789133	1	0	0	0	4.7	1380
63	42.309441	-71.778874	4	0	0	0	20.6	15658
64	42.30056	-71.78272	2	0	0	0	6.6	2556
65	42.33277	-71.79008	1	0	0	0	2.15	1080
66	42.317707	-71.792889	1	0	0	0	14.1	4140
67	42.312142	-71.788297	1	0	0	0	4.7	1380
68	42.321263	-71.788565	2	0	0	0	7.04	12683
69	42.318279	-71.78471	1	0	0	0	3.82	8580
70	42.307434	-71.784442	1	0	0	0	4.7	1380
71	42.328118	-71.808607	2	0	0	0	5.4	4020
72	42.314083	-71.774367	1	0	0	0	3.88	13068
73	42.311066	-71.784502	1	0	0	0	4.7	1380
74	42.312757	-71.786813	1	0	0	0	2.5	3978
75	42.333693	-71.791424	1	0	0	0	0.7	2640
76	42.333452	-71.789519	1	0	0	0	4.7	1380
77	42.329952	-71.78414	4	0	0	0	11.25	7614
78	42.305641	-71.787787	1	0	0	0	6.5	15210
79	42.327234	-71.802301	2	0	0	0	10.1	5400
80	42.324621	-71.796292	2	0	0	0	2.6	3816
81	42.305087	-71.777388	1	0	0	0	7.3	3640
82	42.311067	-71.786662	1	0	0	0	4.7	1380
83	42.314816	-71.777337	1	0	0	0	1.9	1176
84	42.303652	-71.788138	2	0	0	0	3.65	5784
85	42.328876	-71.792971	1	0	0	0	4.7	1380
86	42.327133	-71.801268	1	0	0	0	1.4	5280
87	42.314842	-71.783555	1	0	0	0	4.7	1380
88	42.314796	-71.787423	1	0	0	0	2.5	3978
89	42.333532	-71.794672	1	0	0	0	4.7	1380
90	42.314035	-71.78405	1	0	0	0	1.75	4608
91	42.330596	-71.781117	2	0	0	0	16.7	6400
92	42.316693	-71.786277	1	0	0	0	2.6	10400
93	42.310741	-71.786357	1	0	0	0	4.7	1380
94	42.31738	-71.788705	1	0	0	0	1.55	8704
95	42.328478	-71.798012	2	0	0	0	7.25	48750
96	42.32524	-71.794635	1	0	0	0	1.59	3400
97	42.308229	-71.782945	1	0	0	0	0.7	2640
98	42.329131	-71.796014	1	0	0	0	0.7	2640
99	42.31342	-71.786257	1	0	0	0	9.4	2760
100	42.332196	-71.794456	1	0	0	0	14.15	1000
101	42.3264	-71.789166	1	0	0	0	4.7	1380
102	42.327237	-71.79895	2	0	0	0	5.12	17289
103	42.331704	-71.788214	1	0	0	0	0.7	2640
104	42.309785	-71.78196	1	0	0	0	0.7	2640
105	42.303634	-71.781634	1	0	0	0	2.91	13520
106	42.31011	-71.783797	2	0	0	0	12.0	5020
107	42.317244	-71.786507	2	0	0	0	6.45	5988
108	42.317423	-71.793761	1	0	0	0	7.57	28120
109	42.317379	-71.775179	4	0	0	0	15.67	17608
110	42.305058	-71.780596	1	0	0	0	0.7	2640
111	42.317259	-71.772461	1	0	0	0	0.7	2640
112	42.306001	-71.787098	1	0	0	0	4.7	1380
113	42.310843	-71.779618	2	0	0	0	4.14	19740
114	42.315135	-71.772045	1	0	0	0	4.7	1380
115	42.313784	-71.786813	1	0	0	0	4.7	1380
116	42.304447	-71.780143	1	0	0	0	0.81	5280
117	42.313239	-71.789962	1	0	0	0	4.7	1380
118	42.310765	-71.784283	1	0	0	0	0.7	2640
119	42.312137	-71.786345	2	0	0	0	4.05	2256
120	42.33095	-71.798658	1	0	0	0	4.7	1380
121	42.30677	-71.785014	1	0	0	0	1.8	2520
122	42.315367	-71.785019	1	0	0	0	1.9	1176
123	42.330122	-71.796576	1	0	0	0	0.7	2640
124	42.333375	-71.795464	1	0	0	0	4.7	1380
125	42.303069	-71.776533	1	0	0	0	3.01	5544
126	42.330231	-71.783821	2	0	0	0	6.45	5988
127	42.305963	-71.785295	1	0	0	0	4.7	1380
128	42.318344	-71.793073	1	0	0	0	2.91	13520
129	42.301512	-71.780952	1	0	0	0	0.7	2640
130	42.326351	-71.797511	1	0	0	0	5.31	28275
131	42.303282	-71.781342	1	0	0	0	4.7	1380
132	42.313276	-71.78349	1	0	0	0	1.9	1176
133	42.307263	-71.783289	1	0	0	0	1.9	1176
134	42.306376	-71.779673	2	0	0	0	5.2	13680
135	42.308213	-71.778161	3	0	0	0	13.9	7752
136	42.305068	-71.783748	1	0	0	0	2.5	3978
137	42.32983	-71.774153	2	0	0	0	4.25	8586
138	42.331266	-71.790717	1	0	0	0	4.7	1380
139	42.305958	-71.778035	1	0	0	0	1.75	4608
140	42.305277	-71.784647	1	0	0	0	1.9	1176
141	42.322795	-71.793217	1	0	0	0	9.4	2760
142	42.312566	-71.785616	1	0	0	0	4.7	1380
143	42.33139	-71.783306	1	0	0	0	1.75	4608
144	42.31582	-71.786103	1	0	0	0	3.42	23780
145	42.332644	-71.788066	1	0	0	0	0.7	2640
146	42.309608	-71.784479	1	0	0	0	4.7	1380
147	42.314912	-71.77678	1	0	0	0	2.5	3978
148	42.327964	-71.798773	1	0	0	0	5.29	8075
149	42.303289	-71.778059	1	0	0	0	1.9	1176
150	42.328768	-71.793939	1	0	0	0	4.7	1380
151	42.304261	-71.787376	1	0	0	0	4.7	1380

ITEMS
Type	Length	Width	Height	Mass	Fragility	LoadBearingStrength
Bt1	10	10	10	14.15	1	0
Bt2	18	12	5	2.15	1	0
Bt3	21	14	4	1.9	1	0
Bt4	23	15	4	4.7	1	0
Bt5	20	18	7	1.8	1	0
Bt6	15	11	16	0.7	1	0
Bt7	34	10	10	1.59	1	0
Bt8	20	14	13	7.3	1	0
Bt9	17	13	18	2.5	1	0
Bt10	24	12	16	1.75	1	0
Bt11	30	17	10	1.38	1	0
Bt12	30	11	16	0.81	1	0
Bt13	28	22	9	3.01	1	0
Bt14	31	20	10	4.8	1	0
Bt15	22	15	19	1.27	1	0
Bt16	40	19	10	3.82	1	0
Bt17	25	19	17	5.29	1	0
Bt18	22	15	26	3.816	1	0
Bt19	34	16	16	1.55	1	0
Bt20	28	18	18	2.75	1	0
Bt21	29	25	13	1.77	1	0
Bt22	40	20	13	2.6	1	0
Bt23	29	27	15	2.11	1	0
Bt24	27	22	22	3.88	1	0
Bt25	26	20	26	2.91	1	0
Bt26	39	30	13	6.5	1	0
Bt27	39	27	16	7.63	1	0
Bt28	57	15	20	3.44	1	0
Bt29	41	20	29	3.42	1	0
Bt30	38	37	20	7.568	1	0
Bt31	51	28	23	4.47	1	0
Bt32	59	40	18	5.982	1	0

DEMANDS PER CUSTOMER
i	Type Quantity
1	Bt4 3	Bt10 1	
2	Bt17 1	
3	Bt3 1	
4	Bt3 1	Bt2 1	Bt6 1	Bt10 1	
5	Bt6 1	
6	Bt4 2	
7	Bt4 1	
8	Bt14 1	Bt4 1	
9	Bt6 1	
10	Bt3 1	
11	Bt6 1	Bt3 2	Bt13 1	
12	Bt20 1	
13	Bt31 1	
14	Bt5 1	Bt14 1	Bt4 1	
15	Bt7 1	
16	Bt4 2	
17	Bt4 1	
18	Bt6 1	Bt4 1	Bt8 1	
19	Bt6 1	
20	Bt9 1	
21	Bt4 1	
22	Bt17 1	
23	Bt6 1	
24	Bt4 1	Bt22 1	
25	Bt4 1	
26	Bt8 1	
27	Bt4 1	
28	Bt3 1	
29	Bt14 1	
30	Bt9 1	
31	Bt6 1	
32	Bt6 1	Bt2 1	
33	Bt2 1	
34	Bt6 1	
35	Bt2 1	
36	Bt4 1	Bt6 1	
37	Bt6 1	
38	Bt4 1	Bt16 1	
39	Bt4 1	
40	Bt17 1	Bt16 1	
41	Bt6 1	
42	Bt4 2	
43	Bt30 1	Bt9 1	
44	Bt4 1	
45	Bt22 1	
46	Bt4 1	
47	Bt9 1	
48	Bt10 1	
49	Bt4 1	Bt17 1	Bt10 1	
50	Bt3 1	Bt4 1	
51	Bt13 1	
52	Bt4 1	
53	Bt4 1	
54	Bt9 1	
55	Bt3 1	
56	Bt17 1	Bt13 1	Bt10 1	Bt18 1	Bt27 4	
57	Bt4 1	Bt6 1	
58	Bt4 1	
59	Bt3 1	
60	Bt6 1	
61	Bt6 2	
62	Bt4 1	
63	Bt6 2	Bt4 2	Bt8 1	Bt9 1	
64	Bt4 1	Bt3 1	
65	Bt2 1	
66	Bt4 3	
67	Bt4 1	
68	Bt10 1	Bt17 1	
69	Bt18 1	
70	Bt4 1	
71	Bt6 1	Bt4 1	
72	Bt24 1	
73	Bt4 1	
74	Bt9 1	
75	Bt6 1	
76	Bt4 1	
77	Bt9 1	Bt2 1	Bt4 1	Bt3 1	
78	Bt26 1	
79	Bt6 1	Bt4 2	
80	Bt6 1	Bt3 1	
81	Bt8 1	
82	Bt4 1	
83	Bt3 1	
84	Bt3 1	Bt10 1	
85	Bt4 1	
86	Bt6 2	
87	Bt4 1	
88	Bt9 1	
89	Bt4 1	
90	Bt10 1	
91	Bt4 2	Bt8 1	
92	Bt22 1	
93	Bt4 1	
94	Bt19 1	
95	Bt32 1	Bt15 1	
96	Bt7 1	
97	Bt6 1	
98	Bt6 1	
99	Bt4 2	
100	Bt1 1	
101	Bt4 1	
102	Bt13 1	Bt23 1	
103	Bt6 1	
104	Bt6 1	
105	Bt25 1	
106	Bt8 1	Bt4 1	
107	Bt10 1	Bt4 1	
108	Bt30 1	
109	Bt4 2	Bt10 1	Bt16 1	Bt6 1	
110	Bt6 1	
111	Bt6 1	
112	Bt4 1	
113	Bt6 1	Bt28 1	
114	Bt4 1	
115	Bt4 1	
116	Bt12 1	
117	Bt4 1	
118	Bt6 1	
119	Bt2 1	Bt3 1	
120	Bt4 1	
121	Bt5 1	
122	Bt3 1	
123	Bt6 1	
124	Bt4 1	
125	Bt13 1	
126	Bt4 1	Bt10 1	
127	Bt4 1	
128	Bt25 1	
129	Bt6 1	
130	Bt21 3	
131	Bt4 1	
132	Bt3 1	
133	Bt3 1	
134	Bt11 1	Bt18 1	
135	Bt6 1	Bt4 2	Bt3 2	
136	Bt9 1	
137	Bt9 1	Bt10 1	
138	Bt4 1	
139	Bt10 1	
140	Bt3 1	
141	Bt4 2	
142	Bt4 1	
143	Bt10 1	
144	Bt29 1	
145	Bt6 1	
146	Bt4 1	
147	Bt9 1	
148	Bt17 1	
149	Bt3 1	
150	Bt4 1	
151	Bt4 1	

DISTANCE MATRIX
0.0 2761.0 2701.8 2624.5 2632.1 2589.1 2609.4 2730.4 2687.3 2648.5 2729.1 2690.3 2651.1 2598.6 2557.6 2636.9 2593.6 2513.5 2649.4 2633.4 2613.7 2747.7 2625.6 2709.3 2488.0 2629.3 2618.3 2548.7 2712.9 2620.0 2716.5 2563.9 2646.2 2764.2 2707.3 2600.9 2714.8 2607.8 2541.4 2564.1 2528.4 2560.6 2469.5 2631.9 2685.8 2642.9 2720.2 2577.4 2660.0 2713.1 2702.5 2606.9 2533.7 2664.2 2680.2 2662.2 2735.5 2686.7 2714.9 2669.2 2645.3 2541.2 2655.3 2563.9 2513.7 2623.6 2701.0 2646.6 2603.0 2576.3 2657.1 2664.5 2516.7 2630.3 2690.6 2647.1 2639.7 2743.5 2561.0 2608.8 2592.8 2517.3 2642.7 2556.4 2506.6 2719.3 2605.5 2632.6 2711.4 2714.3 2588.8 2780.9 2657.6 2635.6 2741.6 2617.1 2641.0 2640.4 2654.9 2697.3 2710.4 2651.5 2592.5 2704.1 2570.3 2572.4 2595.3 2667.2 2686.8 2491.2 2620.4 2480.5 2590.7 2535.1 2455.8 2678.0 2599.5 2693.8 2622.5 2653.4 2643.4 2646.9 2613.4 2673.5 2710.5 2522.2 2732.8 2618.7 2739.2 2519.7 2596.3 2564.1 2575.6 2641.0 2567.5 2605.8 2605.7 2609.2 2645.5 2526.8 2621.5 2658.8 2635.6 2744.9 2662.2 2721.7 2596.6 2579.1 2614.5 2571.2 2704.7 2544.4
2849.1 0.0 68.2 335.1 505.1 556.2 520.6 144.8 345.5 376.4 313.2 433.5 379.0 431.2 346.1 194.9 260.8 302.0 395.3 575.2 398.8 56.2 318.3 92.9 575.7 357.2 223.7 502.6 252.3 608.0 334.4 468.6 356.8 337.3 435.2 287.5 298.9 521.6 563.5 213.4 618.4 464.3 423.4 215.5 410.4 370.8 98.3 305.3 470.7 271.1 430.4 548.4 489.9 247.8 434.5 441.5 293.5 303.5 427.7 461.5 373.2 618.3 424.4 517.8 698.7 181.3 334.6 411.4 268.4 286.9 543.2 392.4 470.6 458.2 418.9 226.7 205.9 98.3 591.7 336.7 280.5 506.3 443.4 430.6 640.8 250.7 333.4 369.9 384.8 272.3 385.9 19.8 368.2 449.7 357.8 322.0 273.6 519.6 297.6 402.6 268.4 118.3 338.4 118.5 480.6 603.3 489.3 377.8 382.0 314.0 565.5 417.9 545.8 484.9 393.2 380.0 586.4 388.1 467.9 436.7 301.6 565.8 362.3 257.8 268.5 544.3 67.6 598.1 384.2 707.6 312.0 610.9 398.8 547.0 508.4 553.6 571.3 380.6 176.9 496.8 607.5 242.9 422.2 16.0 372.8 136.1 505.5 453.3 357.7 593.3 290.5 626.2
2801.8 59.1 0.0 266.8 436.8 487.9 452.3 126.1 330.2 308.1 244.9 365.2 310.7 362.9 277.8 176.2 211.9 233.7 327.0 506.9 330.5 45.8 250.0 74.2 507.4 288.9 155.4 434.3 233.6 539.7 266.1 400.3 288.5 269.0 366.9 219.2 230.6 453.3 495.2 145.1 550.1 396.0 355.1 196.8 342.1 302.5 79.6 237.0 402.4 252.4 362.1 480.1 421.6 229.1 366.2 373.2 274.8 235.2 359.4 393.2 304.9 550.0 356.1 449.5 630.4 162.6 266.3 343.1 200.1 218.6 474.9 324.1 402.3 389.9 350.6 208.0 187.2 41.6 523.4 268.4 185.2 438.0 375.1 362.3 572.5 232.0 265.1 301.6 316.5 253.6 317.6 79.0 299.9 381.4 289.5 260.0 205.3 451.3 297.8 334.3 249.7 50.0 270.1 99.8 412.3 535.0 421.0 309.5 313.7 257.9 497.2 349.6 477.5 420.7 324.9 311.7 518.1 319.8 399.6 368.4 286.3 497.5 294.0 239.1 249.8 476.0 30.9 529.8 315.9 639.3 243.7 542.6 330.5 478.7 440.1 491.4 503.0 361.9 158.2 428.5 539.2 174.6 353.9 43.0 304.5 117.4 437.2 385.0 289.4 525.0 271.8 557.9
2733.1 340.1 280.9 0.0 192.0 243.1 207.5 389.2 394.1 372.0 215.4 185.5 374.6 118.1 194.6 342.3 84.2 150.5 390.9 262.1 67.7 326.8 21.3 368.1 303.9 352.8 197.4 195.7 366.5 294.9 248.0 155.5 43.7 129.1 430.8 52.8 257.2 208.5 250.4 143.2 305.3 151.2 200.5 362.9 97.3 366.4 360.6 300.9 157.6 418.5 426.0 235.3 176.8 395.2 121.4 128.4 440.9 269.4 114.6 148.4 368.8 305.2 111.3 210.9 385.6 328.7 208.4 98.3 182.1 55.2 230.1 388.0 312.0 145.1 105.8 374.1 353.3 322.6 278.6 332.3 249.1 193.2 130.3 279.1 327.7 328.7 329.0 38.8 71.7 419.7 72.8 360.0 55.1 136.6 119.2 323.9 269.2 206.5 361.7 89.5 415.8 230.6 334.0 362.9 167.5 290.2 176.2 64.7 234.7 174.7 252.4 266.4 232.7 182.1 241.7 66.9 273.3 140.1 154.8 123.6 350.2 252.7 49.2 380.3 415.9 231.2 311.9 285.0 258.0 394.5 307.6 297.8 85.7 233.9 195.3 252.8 258.2 406.9 306.8 183.7 294.4 268.7 109.1 324.0 59.7 380.5 192.4 301.8 353.3 280.2 370.0 313.1
2687.3 490.0 430.8 191.9 0.0 77.4 93.3 539.1 544.0 521.9 353.6 291.0 524.5 95.7 280.2 492.2 271.2 300.4 540.8 110.7 144.8 476.7 213.3 518.0 273.6 502.7 428.4 109.6 516.4 147.2 386.2 61.0 192.9 278.3 580.7 244.8 395.4 135.1 171.9 293.1 157.6 83.1 128.6 512.8 228.9 516.3 510.5 450.8 130.5 568.4 575.9 120.0 98.3 545.1 131.9 159.7 590.8 407.6 263.8 139.7 518.7 217.7 207.8 124.8 237.9 478.6 340.2 178.0 309.2 205.1 110.3 537.9 225.9 114.1 146.7 524.0 503.2 472.5 199.3 482.2 426.0 114.7 121.9 333.0 176.4 478.6 478.9 163.7 203.3 569.6 119.9 509.9 204.3 114.8 268.4 467.5 419.1 76.1 511.6 164.3 565.7 380.5 483.9 512.8 53.3 142.5 74.5 213.9 364.7 237.4 104.7 257.1 159.2 96.0 232.4 170.7 125.6 245.6 101.7 130.3 500.1 123.2 144.5 530.2 565.8 152.7 461.8 116.9 389.8 260.9 457.5 155.3 106.7 84.3 74.5 160.6 110.5 489.5 456.7 105.2 146.7 406.9 146.6 473.9 208.9 530.4 75.8 355.7 503.2 201.7 519.9 206.0
2700.5 540.1 480.9 242.0 74.8 0.0 92.5 589.2 594.1 572.0 408.2 365.9 574.6 170.6 394.6 542.3 326.3 350.5 590.9 95.0 194.9 526.8 263.4 568.1 254.2 552.8 483.0 184.5 566.5 127.8 440.8 135.9 243.0 328.4 630.8 294.9 450.0 210.0 132.5 343.2 138.2 90.5 189.3 562.9 279.0 566.4 560.6 500.9 205.4 618.5 626.0 196.0 58.9 595.2 206.8 234.6 640.9 462.2 313.9 214.6 568.8 204.9 282.7 199.7 218.5 528.7 394.8 252.9 469.3 255.2 118.7 588.0 300.8 189.0 221.6 574.1 553.3 522.6 205.5 532.3 449.1 75.3 196.8 479.1 160.6 528.7 529.0 213.8 253.4 619.7 170.0 560.0 254.4 189.7 318.5 523.9 469.2 101.1 561.7 234.2 615.8 430.6 534.0 562.9 126.2 120.4 149.4 264.0 419.3 342.7 85.3 332.0 165.4 170.9 307.3 245.6 88.9 320.5 176.6 209.3 550.2 132.3 194.6 580.3 615.9 113.3 511.9 143.3 444.4 241.5 507.6 107.6 156.8 101.7 35.1 241.6 91.1 564.4 506.8 65.8 127.3 461.5 216.8 524.0 259.0 580.5 150.7 501.8 553.3 162.3 570.0 186.6
2694.7 497.4 438.2 199.3 75.1 104.5 0.0 546.5 551.4 529.3 365.5 315.8 531.9 109.0 287.6 499.6 283.6 307.8 548.2 123.5 152.2 484.1 220.7 525.4 282.7 510.1 440.3 117.0 523.8 156.3 398.1 74.3 200.3 285.7 588.1 252.2 407.3 166.3 160.7 300.5 166.7 90.5 136.0 520.2 236.3 523.7 517.9 458.2 161.7 575.8 583.3 151.2 85.0 552.5 163.1 190.9 598.2 419.5 271.2 170.9 526.1 233.4 239.0 132.2 247.0 486.0 352.1 209.2 426.6 212.5 135.0 545.3 233.3 145.3 177.9 531.4 510.6 479.9 224.0 489.6 433.4 101.4 153.1 340.4 185.5 486.0 486.3 171.1 210.7 577.0 127.3 517.3 211.7 146.0 275.8 481.2 426.5 100.8 519.0 178.8 573.1 387.9 491.3 520.2 33.6 151.6 105.7 221.3 376.6 244.8 113.8 264.5 183.9 99.3 239.8 197.2 134.7 270.4 132.9 161.5 507.5 147.9 151.9 537.6 573.2 139.4 472.7 141.6 401.7 270.0 464.9 164.4 114.1 109.0 56.7 168.0 119.6 496.9 464.1 91.9 155.8 418.8 161.1 481.3 216.3 537.8 107.0 363.1 510.6 188.4 527.3 215.1
2815.1 140.6 111.0 377.9 547.9 599.0 563.4 0.0 270.0 419.2 356.0 476.3 363.3 474.0 388.9 119.4 323.0 344.8 359.4 618.0 441.6 148.4 361.1 78.2 618.5 341.5 266.5 545.4 176.8 650.8 316.4 511.4 399.6 380.1 419.5 330.3 341.7 564.4 606.3 256.2 661.2 507.1 466.2 140.0 453.2 355.1 70.1 348.1 513.5 195.6 414.7 591.2 532.7 172.3 477.3 484.3 218.0 286.6 470.5 504.3 416.0 661.1 467.2 560.6 741.5 105.8 377.4 454.2 311.2 329.7 586.0 376.7 513.4 501.0 461.7 151.2 130.4 144.2 634.5 379.5 296.3 549.1 486.2 473.4 683.6 175.2 376.2 412.7 427.6 196.8 428.7 160.5 411.0 492.5 400.6 259.7 212.6 562.4 222.1 445.4 192.9 161.1 302.5 40.3 523.4 646.1 532.1 420.6 424.8 369.0 608.3 460.7 588.6 531.8 436.0 422.8 629.2 430.9 510.7 479.5 226.1 608.6 405.1 182.3 193.0 587.1 133.5 640.9 427.0 750.4 354.8 653.7 441.6 589.8 551.2 602.5 614.1 370.4 101.4 539.6 650.3 285.7 465.0 124.5 415.6 12.4 548.3 496.1 310.3 636.1 215.0 669.0
2715.6 362.3 332.7 376.3 546.3 597.4 561.8 283.7 0.0 239.9 328.3 448.6 242.5 472.4 379.8 228.8 321.4 343.2 184.2 616.4 440.0 370.1 359.5 262.6 590.8 220.7 264.9 543.8 152.0 649.2 349.5 509.8 398.0 352.4 298.7 328.7 314.0 562.8 604.7 254.6 659.6 505.5 464.6 249.4 398.5 234.3 353.9 168.8 511.9 305.0 293.9 589.6 531.1 281.7 475.7 482.7 327.4 277.1 405.9 502.7 236.7 601.2 415.2 559.0 739.9 215.2 349.7 452.6 309.6 328.1 584.4 255.9 511.8 499.4 460.1 364.2 239.8 365.9 632.9 200.2 169.0 547.5 484.6 471.8 619.3 183.9 196.9 411.1 426.0 306.2 427.1 382.2 409.4 490.9 372.9 80.0 128.1 560.8 123.0 443.8 302.3 296.2 127.3 257.4 521.8 644.5 530.5 419.0 397.1 355.2 606.7 459.1 587.0 530.2 434.4 421.2 627.6 403.2 509.1 483.8 46.9 607.0 403.5 101.0 302.4 585.5 355.2 639.3 399.3 748.8 137.0 652.1 440.0 588.2 549.6 594.8 612.5 626.5 198.8 538.0 648.7 258.0 463.4 346.2 414.0 275.0 546.7 494.5 135.1 634.5 163.8 667.4
2644.0 359.6 300.4 330.2 500.2 551.3 515.7 349.7 243.4 0.0 282.2 402.5 112.6 426.3 341.2 297.8 275.3 297.1 205.5 570.3 393.9 346.3 313.4 328.6 544.7 90.8 218.8 497.7 280.6 603.1 303.4 463.7 351.9 306.3 168.8 282.6 267.9 516.7 558.6 208.5 613.5 459.4 418.5 292.8 352.4 104.4 380.1 63.8 465.8 374.0 164.0 543.5 485.0 325.1 429.6 436.6 396.4 231.0 359.8 456.6 114.8 555.1 369.1 512.9 693.8 284.5 303.6 406.5 263.5 282.0 538.3 126.0 465.7 453.3 414.0 308.0 300.6 342.1 586.8 78.3 145.9 501.4 438.5 425.7 569.6 312.5 98.8 365.0 379.9 375.2 381.0 379.5 363.3 444.8 326.8 173.2 197.1 514.7 211.0 397.7 371.3 250.1 148.6 323.4 475.7 598.4 484.4 372.9 351.0 321.3 560.6 413.0 540.9 484.1 388.3 375.1 581.5 357.1 463.0 431.8 199.5 560.9 357.4 229.6 371.4 539.4 331.4 593.2 353.2 702.7 152.4 606.0 393.9 542.1 503.5 554.8 566.4 553.5 306.4 491.9 602.6 211.9 417.3 343.5 367.9 341.0 500.6 448.4 170.6 588.4 260.8 621.3
2809.3 271.2 212.0 259.8 429.8 480.9 445.3 338.2 343.2 321.1 0.0 203.4 323.7 355.9 270.8 291.4 204.9 226.7 340.0 369.9 323.5 257.9 243.0 286.3 345.6 301.9 137.9 427.3 315.6 532.7 104.3 393.3 185.0 107.2 379.9 212.2 113.5 304.5 488.2 138.1 392.3 389.0 348.1 312.0 153.3 315.5 291.7 250.0 260.1 367.6 375.1 336.9 414.6 344.3 242.1 230.9 390.0 125.7 160.7 250.9 317.9 356.0 170.0 442.5 477.1 277.8 104.5 215.3 124.2 211.6 344.7 337.1 395.3 289.8 235.7 323.2 302.4 253.7 351.8 281.4 198.2 431.0 251.0 355.3 370.5 277.8 278.1 294.6 178.9 368.8 310.6 291.1 175.6 257.3 127.7 273.0 218.3 444.3 310.8 234.2 364.9 161.7 283.1 311.9 405.3 528.0 320.9 167.6 151.9 250.9 490.2 342.6 321.3 413.7 317.9 211.6 511.1 158.0 299.5 253.5 299.3 354.3 287.0 329.4 365.0 469.0 243.0 373.6 154.1 483.1 256.7 535.6 323.5 364.7 433.1 484.4 496.0 483.1 255.9 421.5 400.2 116.4 253.8 255.1 197.5 329.5 322.3 378.0 302.4 518.0 319.1 385.4
2742.8 396.1 336.9 192.5 280.2 355.3 317.2 510.5 468.1 446.0 188.0 0.0 448.6 196.9 337.6 463.6 276.8 301.0 464.9 271.9 233.7 382.8 213.9 411.2 247.6 426.8 262.8 307.9 487.8 336.2 220.6 234.3 185.0 163.7 504.8 245.4 229.8 206.5 362.6 263.0 294.3 263.4 312.7 484.2 85.3 440.4 416.6 374.9 162.1 539.8 500.0 238.9 289.0 516.5 144.1 132.9 562.2 300.4 114.4 152.9 442.8 256.5 72.0 323.1 379.1 450.0 174.6 117.3 249.1 205.7 246.7 462.0 424.2 199.9 137.7 495.4 474.6 378.6 253.8 406.3 323.1 305.4 153.0 429.6 272.5 450.0 403.0 207.3 110.9 541.0 185.0 416.0 194.2 159.3 141.1 397.9 343.2 266.0 435.7 144.3 537.1 286.6 408.0 484.2 277.2 332.7 231.0 186.2 199.1 313.0 342.1 416.9 223.3 290.2 392.2 121.7 363.0 31.7 209.6 161.4 424.2 256.3 161.4 454.3 537.2 343.4 371.4 275.6 224.2 385.1 381.6 345.5 197.9 266.7 307.5 358.9 296.8 557.4 428.1 295.9 302.2 327.3 163.9 380.0 162.5 501.8 224.3 452.3 427.3 392.4 491.3 287.4
2652.3 367.9 308.7 338.5 508.5 559.6 524.0 358.0 251.7 98.3 290.5 410.8 0.0 434.6 349.5 306.1 283.6 305.4 213.8 578.6 402.2 354.6 321.7 336.9 553.0 21.7 227.1 506.0 288.9 611.4 311.7 472.0 360.2 314.6 93.0 290.9 276.2 525.0 566.9 216.8 621.8 467.7 426.8 301.1 360.7 55.1 388.4 72.1 474.1 382.3 88.2 551.8 493.3 333.4 437.9 444.9 404.7 239.3 368.1 464.9 123.1 563.4 377.4 521.2 702.1 292.8 311.9 414.8 271.8 290.3 546.6 32.8 474.0 461.6 422.3 316.3 308.9 350.4 595.1 86.6 154.2 509.7 446.8 434.0 577.9 320.8 107.1 373.3 388.2 383.5 389.3 387.8 371.6 453.1 335.1 181.5 205.4 523.0 219.3 406.0 379.6 258.4 156.9 331.7 484.0 606.7 492.7 381.2 359.3 329.6 568.9 421.3 549.2 492.4 396.6 383.4 589.8 365.4 471.3 440.1 207.8 569.2 365.7 237.9 379.7 547.7 339.7 601.5 361.5 711.0 160.7 614.3 402.2 550.4 511.8 563.1 574.7 561.8 314.7 500.2 610.9 220.2 425.6 351.8 376.2 349.3 508.9 456.7 178.9 596.7 269.1 629.6
2714.2 413.0 353.8 114.9 98.8 184.0 120.2 462.1 467.0 444.9 261.2 206.7 447.5 0.0 267.5 415.2 199.2 223.4 463.8 164.8 85.2 399.7 136.3 441.0 265.4 425.7 336.0 136.5 439.4 235.8 293.8 37.3 115.9 201.3 503.7 167.8 303.0 148.0 191.3 216.1 246.2 92.1 141.3 435.8 140.1 439.3 433.5 373.8 97.1 491.4 498.9 144.8 117.7 468.1 88.0 111.2 513.8 315.2 186.8 91.2 441.7 267.7 132.5 151.7 326.5 401.6 247.8 119.5 322.3 128.1 139.6 460.9 252.8 54.4 89.8 447.0 426.2 395.5 241.1 405.2 322.0 134.1 78.0 352.0 268.6 401.6 401.9 103.9 114.5 492.6 78.1 432.9 127.3 70.9 191.4 396.8 342.1 113.3 434.6 77.1 488.7 303.5 406.9 435.8 80.2 231.1 85.5 136.9 272.3 247.6 193.3 284.0 195.2 122.9 259.3 88.1 214.2 161.3 64.1 77.5 423.1 162.2 83.8 453.2 488.8 172.1 384.8 189.0 297.4 349.5 380.5 238.7 67.4 140.7 136.2 193.6 199.1 479.8 379.7 124.6 208.1 314.5 59.7 396.9 131.9 453.4 98.6 374.7 426.2 221.1 442.9 275.6
2647.9 334.8 284.4 207.1 322.8 381.1 338.3 392.7 433.3 375.5 312.3 361.8 378.1 315.8 0.0 345.8 167.4 80.6 385.6 378.0 330.9 330.3 208.2 371.6 489.4 356.3 200.9 265.9 370.0 432.9 333.5 281.1 264.5 314.2 434.3 183.5 289.2 373.1 343.9 146.7 398.8 289.2 142.2 402.1 282.4 369.9 364.1 304.4 368.5 457.7 465.2 358.0 314.8 398.7 369.9 353.2 480.1 338.3 299.7 377.7 372.3 436.4 296.4 291.9 523.6 332.2 369.4 283.4 176.8 158.9 352.8 427.2 233.9 347.5 338.4 377.6 356.8 361.8 454.3 327.0 243.8 331.2 359.9 193.9 421.2 332.2 368.2 305.3 256.8 423.2 306.0 354.7 240.2 352.8 304.3 318.6 272.7 326.5 365.2 325.7 419.3 234.1 328.7 366.4 287.5 428.2 312.5 249.8 381.1 32.8 390.4 181.2 408.4 207.8 156.5 252.0 411.3 325.2 339.7 326.1 353.7 375.4 286.1 383.8 419.4 369.2 306.6 402.2 383.3 546.6 346.8 435.8 292.8 353.9 344.1 327.7 396.2 331.2 310.3 321.7 421.3 233.2 352.8 327.5 244.8 384.0 313.8 216.6 356.8 418.2 373.5 488.8
2809.6 191.7 162.1 327.6 497.6 548.7 513.1 113.1 188.8 304.3 279.6 399.9 306.9 423.7 338.6 0.0 272.7 294.5 278.2 567.7 391.3 199.5 310.8 92.0 542.1 285.1 216.2 495.1 95.6 600.5 243.2 461.1 349.3 303.7 363.1 280.0 232.0 514.1 556.0 205.9 610.9 456.8 415.9 95.6 349.8 298.7 183.3 233.2 463.2 76.1 358.3 540.9 482.4 127.9 427.0 434.0 98.5 213.4 357.2 454.0 301.1 552.5 366.5 510.3 691.2 67.3 301.0 403.9 260.9 279.4 535.7 320.3 463.1 450.7 411.4 56.0 50.6 195.3 584.2 264.6 181.4 498.8 435.9 423.1 567.0 102.0 261.3 362.4 377.3 77.3 378.4 211.6 360.7 442.2 324.2 178.5 139.4 512.1 140.9 395.1 73.4 212.2 221.3 86.8 473.1 595.8 481.8 370.3 329.7 318.7 558.0 410.4 538.3 481.5 385.7 372.5 578.9 354.5 460.4 429.2 144.9 558.3 354.8 101.1 73.5 536.8 184.6 590.6 350.6 700.1 222.0 603.4 391.3 539.5 500.9 552.2 563.8 416.2 28.2 489.3 600.0 182.4 414.7 175.6 365.3 104.4 498.0 445.8 229.1 585.8 133.8 618.7
2689.5 262.0 213.3 96.2 288.3 339.4 287.7 321.6 316.0 304.4 311.7 281.8 307.0 214.4 187.1 274.7 0.0 106.9 312.8 358.4 164.0 259.2 73.5 300.5 400.2 285.2 129.8 292.0 298.9 391.2 262.4 251.8 123.9 225.4 363.2 42.7 216.4 304.8 348.8 75.6 401.6 247.5 235.2 284.8 193.6 298.8 293.0 233.3 253.9 340.4 347.9 331.6 273.1 327.6 217.7 224.7 362.8 221.0 210.9 244.7 301.2 407.7 207.6 291.1 481.9 261.1 304.7 194.6 91.7 71.7 326.4 320.4 275.5 241.4 202.1 306.5 285.7 244.5 374.9 264.7 208.5 289.5 226.6 235.5 420.4 261.1 250.9 135.1 168.0 352.1 169.1 281.9 151.4 232.9 215.5 250.0 201.6 302.8 294.1 185.5 348.2 163.0 266.4 295.3 263.8 386.5 272.5 144.9 331.0 108.4 348.7 222.8 329.0 274.3 198.1 163.2 369.6 236.4 251.1 225.8 282.6 349.0 145.5 312.7 348.3 327.5 247.8 381.3 354.3 490.8 240.0 394.1 182.0 330.2 275.5 326.9 354.5 352.8 239.2 280.0 390.7 160.4 205.4 256.4 156.0 312.9 288.7 258.2 285.7 376.5 302.4 409.4
2614.1 299.0 239.8 162.5 278.2 347.3 293.7 348.1 353.0 330.9 267.7 326.0 333.5 282.0 44.0 301.2 131.6 0.0 349.8 344.2 297.1 285.7 163.6 327.0 444.8 311.7 156.3 232.1 325.4 399.1 288.9 247.3 184.2 269.6 389.7 138.9 253.4 339.3 354.6 102.1 409.5 255.4 152.9 321.8 237.8 325.3 319.5 259.8 334.7 377.4 384.9 324.2 281.0 354.1 336.1 268.9 399.8 258.0 255.1 343.9 327.7 447.1 251.8 247.3 489.8 287.6 289.1 238.8 141.0 114.3 319.0 346.9 200.1 313.7 246.3 333.0 312.2 281.5 420.5 291.2 208.0 297.4 326.1 160.1 431.9 287.6 287.9 197.3 212.2 378.6 272.2 318.9 195.6 319.0 259.7 282.8 228.1 292.7 320.6 230.0 374.7 189.5 292.9 321.8 253.7 394.4 278.7 205.2 336.5 137.0 356.6 147.4 374.6 218.5 122.7 207.4 377.5 280.6 305.9 336.8 309.1 341.6 189.7 339.2 374.8 335.4 270.8 368.4 338.7 512.8 266.5 402.0 259.0 320.1 299.5 289.2 362.4 287.9 265.7 287.9 387.5 197.4 319.0 282.9 200.2 339.4 280.0 182.8 312.2 384.4 328.9 455.0
2669.3 391.0 331.8 361.6 531.6 582.7 547.1 364.7 195.8 193.6 313.6 433.9 196.2 457.7 365.1 323.1 306.7 328.5 0.0 601.7 425.3 377.7 344.8 343.6 576.1 174.4 250.2 529.1 233.0 634.5 334.8 495.1 383.3 337.7 252.4 314.0 299.3 548.1 592.1 239.9 644.9 490.8 456.8 318.1 383.8 188.0 406.4 122.5 497.2 399.3 247.6 574.9 516.4 350.4 461.0 468.0 421.7 262.4 391.2 488.0 190.4 585.0 400.5 544.3 725.2 309.8 335.0 437.9 272.1 313.4 569.7 209.6 497.1 484.7 445.4 333.3 325.9 373.5 618.2 153.9 136.8 532.8 469.9 457.1 601.0 264.9 150.6 396.4 411.3 400.5 412.4 410.9 394.7 476.2 358.2 133.5 149.5 546.1 163.4 428.8 396.6 281.5 49.5 338.4 507.1 629.8 515.8 404.3 382.4 340.5 592.0 444.4 572.3 515.5 419.7 406.5 612.9 388.5 494.4 469.1 151.9 592.3 388.8 182.0 396.7 570.8 362.8 624.6 384.6 734.1 104.8 637.4 425.3 573.5 534.9 580.1 597.8 645.1 279.8 523.3 634.0 243.3 448.7 374.9 399.3 356.0 532.0 479.8 123.0 619.8 213.2 652.7
2693.7 557.3 498.1 249.6 112.0 97.6 134.1 624.3 601.7 579.6 349.2 286.6 582.2 159.5 402.2 549.9 333.9 358.1 598.5 0.0 208.6 544.0 271.0 572.4 209.8 560.4 424.0 173.4 574.1 83.4 381.8 124.8 250.6 324.9 638.4 302.5 391.0 115.5 174.1 350.8 93.8 146.9 178.2 570.5 246.5 574.0 577.8 508.5 110.9 626.1 633.6 117.9 100.5 602.8 127.5 140.1 648.5 434.8 275.6 120.1 576.4 149.0 203.4 188.6 163.3 536.3 335.8 160.2 410.3 262.8 23.6 595.6 289.7 152.7 167.4 581.7 560.9 539.8 130.6 539.9 456.7 116.9 117.5 396.8 116.2 536.3 536.6 227.5 249.2 627.3 183.7 577.2 262.0 110.4 302.3 531.5 476.8 84.9 569.3 193.8 623.4 447.8 541.6 598.0 117.1 60.7 124.4 271.6 360.3 331.6 85.9 320.9 90.5 159.8 296.2 174.5 105.6 241.2 151.6 155.1 557.8 54.5 208.3 587.9 623.5 154.9 529.1 48.2 385.4 187.3 515.2 73.5 170.5 53.2 76.7 230.5 46.7 553.3 514.4 107.4 82.8 402.5 178.0 541.2 266.6 615.6 96.5 419.5 560.9 203.9 577.6 142.2
2735.1 381.4 322.2 65.3 153.7 204.8 169.2 430.5 435.4 413.3 276.7 246.8 415.9 81.0 235.9 383.6 149.6 191.8 432.2 223.8 0.0 368.1 86.7 409.4 320.3 394.1 238.7 157.4 407.8 256.6 309.3 110.7 105.0 190.4 472.1 118.2 318.5 203.4 212.1 184.5 267.0 112.9 162.2 404.2 158.6 407.7 401.9 342.2 152.5 459.8 467.3 199.7 138.5 436.5 143.4 166.6 482.2 330.7 175.9 146.6 410.1 333.7 172.6 172.6 347.3 370.0 269.7 159.6 223.4 96.5 194.5 429.3 273.7 109.8 145.2 415.4 394.6 363.9 296.0 373.6 290.4 154.9 133.4 320.4 289.4 370.0 370.3 27.2 133.0 461.0 51.0 401.3 116.4 126.3 180.5 365.2 310.5 168.2 403.0 113.8 457.1 271.9 375.3 404.2 129.2 251.9 140.9 126.0 296.0 216.0 214.1 307.7 250.1 143.8 283.0 128.2 235.0 201.4 119.5 132.9 391.5 217.1 75.6 421.6 457.2 192.9 353.2 243.9 319.3 370.3 348.9 259.5 60.3 195.6 157.0 214.5 219.9 448.2 348.1 145.4 256.1 279.8 115.1 365.3 121.0 421.8 154.0 343.1 394.6 241.9 411.3 315.4
2858.4 56.2 56.5 323.4 493.4 544.5 508.9 154.2 354.9 364.7 301.5 421.8 367.3 419.5 334.4 204.3 268.5 290.3 383.6 563.5 387.1 0.0 306.6 102.3 564.0 345.5 212.0 490.9 261.7 596.3 322.7 456.9 345.1 325.6 423.5 275.8 287.2 509.9 551.8 201.7 606.7 452.6 411.7 224.9 398.7 359.1 107.7 293.6 459.0 280.5 418.7 536.7 478.2 257.2 422.8 429.8 302.9 291.8 416.0 449.8 361.5 606.6 412.7 506.1 687.0 190.7 322.9 399.7 256.7 275.2 531.5 380.7 458.9 446.5 407.2 236.1 215.3 42.0 580.0 325.0 241.8 494.6 431.7 418.9 629.1 260.1 321.7 358.2 373.1 281.7 374.2 38.4 356.5 438.0 346.1 316.6 261.9 507.9 307.0 390.9 277.8 106.6 326.7 127.9 468.9 591.6 477.6 366.1 370.3 314.5 553.8 406.2 534.1 477.3 381.5 368.3 574.7 376.4 456.2 425.0 311.0 554.1 350.6 267.2 277.9 532.6 14.8 586.4 372.5 695.9 300.3 599.2 387.1 535.3 496.7 548.0 559.6 390.0 186.3 485.1 595.8 231.2 410.5 68.2 361.1 145.5 493.8 441.6 346.0 581.6 299.9 614.5
2727.2 319.9 260.7 22.6 214.7 265.8 230.2 369.0 373.9 351.8 238.1 208.2 354.4 140.8 188.7 322.1 62.8 144.6 370.7 284.8 90.4 306.6 0.0 347.9 326.6 332.6 177.2 218.4 346.3 317.6 270.7 178.2 66.4 151.8 410.6 31.4 279.9 231.2 273.1 123.0 328.0 173.9 223.2 342.7 120.0 346.2 340.4 280.7 180.3 398.3 405.8 258.0 199.5 375.0 144.1 151.1 420.7 292.1 137.3 171.1 348.6 327.9 134.0 233.6 408.3 308.5 231.1 121.0 161.9 49.3 252.8 367.8 313.2 167.8 128.5 353.9 333.1 302.4 301.3 312.1 228.9 215.9 153.0 273.2 350.4 308.5 308.8 61.5 94.4 399.5 95.5 339.8 77.8 159.3 141.9 303.7 249.0 229.2 341.5 112.2 395.6 210.4 313.8 342.7 190.2 312.9 198.9 87.4 257.4 168.8 275.1 260.5 255.4 204.8 235.8 89.6 296.0 162.8 177.5 146.3 330.0 275.4 71.9 360.1 395.7 253.9 291.7 307.7 280.7 417.2 287.4 320.5 108.4 256.6 218.0 275.5 280.9 401.0 286.6 206.4 317.1 218.3 131.8 303.8 82.4 360.3 215.1 295.9 333.1 302.9 349.8 335.8
2797.6 99.6 70.0 336.9 506.9 558.0 522.4 51.8 252.5 378.2 315.0 435.3 380.8 433.0 347.9 101.9 282.0 303.8 397.1 577.0 400.6 107.4 320.1 0.0 577.5 359.0 225.5 504.4 159.3 609.8 336.2 470.4 358.6 339.1 437.0 289.3 300.7 523.4 565.3 215.2 620.2 466.1 425.2 122.5 412.2 372.6 92.4 307.1 472.5 178.1 432.2 550.2 491.7 154.8 436.3 443.3 200.5 269.1 429.5 463.3 375.0 620.1 426.2 519.6 700.5 88.3 336.4 413.2 270.2 288.7 545.0 394.2 472.4 460.0 420.7 133.7 112.9 103.2 593.5 338.5 255.3 508.1 445.2 432.4 642.6 157.7 335.2 371.7 386.6 179.3 387.7 119.5 370.0 451.5 359.6 242.2 195.1 521.4 204.6 404.4 175.4 120.1 340.2 25.5 482.4 605.1 491.1 379.6 383.8 328.0 567.3 419.7 547.6 490.8 395.0 381.8 588.2 389.9 469.7 438.5 208.6 567.6 364.1 164.8 175.5 546.1 92.5 599.9 386.0 709.4 313.8 612.7 400.6 548.8 510.2 561.5 573.1 374.7 83.9 498.6 609.3 244.7 424.0 83.5 374.6 43.1 507.3 455.1 292.8 595.1 197.5 628.0
2527.4 541.9 482.7 298.4 242.5 205.7 242.2 608.9 613.9 591.8 333.8 271.2 594.4 298.1 451.0 562.1 377.7 406.9 610.7 178.7 339.6 528.6 319.8 557.0 0.0 572.6 408.6 292.1 586.3 165.3 366.4 243.5 299.4 309.5 650.6 351.3 375.6 153.1 282.2 408.8 73.7 240.2 296.9 582.7 231.1 586.2 562.4 520.7 205.3 638.3 645.8 152.2 208.6 615.0 225.5 207.5 660.7 387.8 260.2 214.5 588.6 85.0 200.6 307.3 202.0 548.5 320.4 191.9 417.4 311.6 202.4 607.8 408.4 268.3 235.9 593.9 573.1 524.4 106.3 552.1 468.9 225.0 234.4 535.5 51.9 548.5 548.8 313.2 256.7 639.5 290.9 561.8 310.8 240.7 286.9 537.4 489.0 229.8 581.5 242.6 635.6 432.4 553.8 582.6 235.8 186.8 243.1 320.4 344.9 418.9 194.0 439.6 136.0 274.4 414.9 223.3 214.9 225.8 278.0 259.6 570.0 192.2 267.3 600.1 635.7 263.0 513.7 164.0 370.0 208.0 527.4 199.6 303.8 207.2 184.8 343.1 151.0 663.3 526.6 215.5 166.8 387.1 262.2 525.8 308.3 600.2 215.2 558.2 573.1 312.0 589.8 89.7
2630.5 346.1 286.9 316.7 486.7 537.8 502.2 336.2 229.9 76.5 268.7 389.0 21.7 412.8 327.7 284.3 261.8 283.6 192.0 556.8 380.4 332.8 299.9 315.1 531.2 0.0 205.3 484.2 267.1 589.6 289.9 450.2 338.4 292.8 71.2 269.1 254.4 503.2 545.1 195.0 600.0 445.9 405.0 279.3 338.9 33.3 366.6 50.3 452.3 360.5 66.4 530.0 471.5 311.6 416.1 423.1 382.9 217.5 346.3 443.1 101.3 541.6 355.6 499.4 680.3 271.0 290.1 393.0 250.0 268.5 524.8 35.1 452.2 439.8 400.5 294.5 287.1 328.6 573.3 64.8 132.4 487.9 425.0 412.2 556.1 299.0 85.3 351.5 366.4 361.7 367.5 366.0 349.8 431.3 313.3 159.7 183.6 501.2 197.5 384.2 357.8 236.6 135.1 309.9 462.2 584.9 470.9 359.4 337.5 307.8 547.1 399.5 527.4 470.6 374.8 361.6 568.0 343.6 449.5 418.3 186.0 547.4 343.9 216.1 357.9 525.9 317.9 579.7 339.7 689.2 138.9 592.5 380.4 528.6 490.0 541.3 552.9 540.0 292.9 478.4 589.1 198.4 403.8 330.0 354.4 327.5 487.1 434.9 157.1 574.9 247.3 607.8
2718.9 220.7 161.5 169.4 339.4 390.5 354.9 269.8 274.7 252.6 149.1 269.4 255.2 265.5 180.4 222.9 114.5 136.3 271.5 409.5 233.1 207.4 152.6 248.7 411.6 233.4 0.0 336.9 247.1 442.3 170.3 302.9 191.1 173.2 311.4 121.8 179.5 355.9 397.8 47.7 452.7 298.6 257.7 243.5 244.7 247.0 241.2 181.5 305.0 299.1 306.6 382.7 324.2 275.8 268.8 275.8 321.5 191.7 262.0 295.8 249.4 452.6 258.7 352.1 533.0 209.3 170.5 245.7 102.7 121.2 377.5 268.6 304.9 292.5 253.2 254.7 233.9 203.2 426.0 212.9 129.7 340.6 277.7 264.9 475.1 209.3 209.6 204.2 219.1 300.3 220.2 240.6 202.5 284.0 266.6 204.5 149.8 353.9 242.3 236.9 296.4 111.2 214.6 243.5 314.9 437.6 323.6 212.1 217.9 160.5 399.8 252.2 380.1 323.3 227.5 214.3 420.7 224.0 302.2 271.0 230.8 400.1 196.6 260.9 296.5 378.6 192.5 432.4 220.1 541.9 188.2 445.2 233.1 381.3 342.7 394.0 405.6 392.7 187.4 331.1 441.8 153.2 256.5 204.6 207.1 261.1 339.8 287.6 233.9 427.6 250.6 460.5
2636.5 486.8 427.6 190.9 124.9 194.0 140.4 535.9 540.8 518.7 357.1 316.1 521.3 128.7 283.4 489.0 275.2 239.3 537.6 190.9 143.8 473.5 212.3 514.8 291.5 499.5 344.1 0.0 513.2 245.8 389.7 94.0 191.9 277.3 577.5 243.8 398.9 186.0 201.3 289.9 256.2 102.1 63.6 509.6 227.9 513.1 507.3 447.6 181.4 565.2 572.7 170.9 127.7 541.9 182.8 210.6 587.6 411.1 262.8 190.6 515.5 293.8 241.9 15.1 336.5 475.4 343.7 228.9 328.8 204.1 165.7 534.7 175.1 160.4 195.8 520.8 500.0 469.3 267.2 479.0 395.8 144.1 172.8 282.2 278.6 475.4 475.7 162.7 202.3 566.4 118.9 506.7 203.3 165.7 267.4 470.6 415.9 139.4 508.4 183.1 562.5 377.3 480.7 509.6 100.4 241.1 125.4 212.9 368.2 217.0 203.3 206.3 221.3 11.4 181.6 197.5 224.2 270.7 152.6 183.5 496.9 188.3 143.5 527.0 562.6 182.1 458.6 215.1 393.3 359.5 454.3 248.7 105.7 166.8 146.2 57.0 209.1 438.7 453.5 134.6 234.2 410.4 165.7 470.7 207.9 527.2 126.7 304.9 500.0 231.1 516.7 301.7
2771.9 248.2 218.6 363.3 533.3 584.4 548.8 169.6 151.1 296.2 315.3 435.6 298.8 459.4 374.3 114.7 308.4 330.2 240.5 603.4 427.0 256.0 346.5 148.5 577.8 277.0 251.9 530.8 0.0 636.2 278.9 496.8 385.0 339.4 355.0 315.7 267.7 549.8 591.7 241.6 646.6 492.5 451.6 135.3 385.5 290.6 239.8 225.1 498.9 190.9 350.2 576.6 518.1 167.6 462.7 469.7 213.3 249.1 392.9 489.7 293.0 588.2 402.2 546.0 726.9 101.1 336.7 439.6 296.6 315.1 571.4 312.2 498.8 486.4 447.1 146.5 125.7 251.8 619.9 256.5 217.1 534.5 471.6 458.8 602.7 31.8 253.2 398.1 413.0 192.1 414.1 268.1 396.4 477.9 359.9 140.8 175.1 547.8 103.2 430.8 188.2 268.7 183.6 143.3 508.8 631.5 517.5 406.0 365.4 354.4 593.7 446.1 574.0 517.2 421.4 408.2 614.6 390.2 496.1 464.9 107.2 594.0 390.5 63.4 188.3 572.5 241.1 626.3 386.3 735.8 193.3 639.1 427.0 575.2 536.6 587.9 599.5 491.3 84.7 525.0 635.7 218.1 450.4 232.1 401.0 160.9 533.7 481.5 191.4 621.5 96.1 654.4
2667.8 630.9 571.7 306.6 157.4 120.6 157.1 712.1 658.7 636.6 422.8 360.2 639.2 247.3 459.2 665.2 390.9 415.1 655.5 93.6 259.5 617.6 328.0 646.0 207.0 617.4 497.6 242.3 689.4 0.0 455.4 218.5 307.6 398.5 695.4 359.5 464.6 180.3 197.1 407.8 91.0 155.1 247.1 685.8 320.1 631.0 651.4 565.5 193.5 741.4 690.6 130.8 123.5 718.1 221.2 222.7 763.8 502.0 349.2 202.7 633.4 157.7 289.6 257.5 119.2 651.6 409.4 240.1 483.9 319.8 117.3 652.6 358.6 246.4 261.1 697.0 676.2 613.4 158.3 596.9 513.7 139.9 211.2 543.7 113.4 651.6 593.6 278.4 318.0 742.6 234.6 650.8 319.0 204.1 375.9 588.5 533.8 144.7 626.3 290.8 738.7 521.4 598.6 685.8 190.8 85.9 218.1 328.6 433.9 400.5 108.9 389.8 118.2 228.7 365.1 271.5 129.8 314.8 245.3 248.8 614.8 89.1 259.2 644.9 738.8 177.9 602.7 89.6 459.0 143.2 572.2 77.6 221.4 122.1 99.7 299.4 47.9 622.2 629.7 130.4 76.9 476.1 271.7 614.8 323.6 703.4 190.2 566.4 617.9 226.9 692.9 139.4
2765.6 311.1 251.9 281.7 400.7 451.8 416.2 283.2 306.1 284.0 116.8 228.5 286.6 311.9 292.7 236.3 226.8 248.6 302.9 395.0 345.4 297.8 264.9 262.1 370.7 264.8 170.3 449.2 260.5 459.3 0.0 349.3 210.1 132.3 342.8 234.1 103.6 329.6 459.1 160.0 417.4 359.9 370.0 256.9 178.4 278.4 353.4 212.9 285.2 312.5 338.0 362.0 385.5 289.2 267.2 256.0 334.9 21.3 185.8 276.0 280.8 381.1 195.1 464.4 502.2 222.7 129.6 240.4 215.0 233.5 369.8 300.0 417.2 314.9 260.8 268.1 247.3 293.6 376.9 244.3 161.1 401.9 276.1 377.2 395.6 222.7 241.0 316.5 204.0 313.7 281.5 331.0 200.7 282.4 152.8 235.9 181.2 389.1 273.7 259.3 309.8 201.6 246.0 256.9 376.2 455.8 346.0 192.7 177.0 272.8 461.1 364.5 346.4 435.6 339.8 236.7 482.0 183.1 324.6 278.6 262.2 379.4 257.9 299.2 309.9 439.9 282.9 398.7 179.2 508.2 219.6 468.6 294.4 389.8 404.0 506.3 419.9 505.0 200.8 392.4 425.3 100.0 278.9 295.0 222.6 274.5 347.4 399.9 265.3 488.9 264.0 410.5
2676.8 447.7 388.5 149.6 61.4 138.9 82.8 496.8 501.7 479.6 295.9 241.4 482.2 34.6 302.2 449.9 233.9 258.1 498.5 127.4 99.4 434.4 171.0 475.7 228.0 460.4 370.7 99.1 474.1 204.7 328.5 0.0 150.6 236.0 538.4 202.5 337.7 122.5 171.8 250.8 219.1 72.6 103.9 470.5 174.8 474.0 468.2 408.5 117.9 526.1 533.6 107.4 98.2 502.8 115.0 138.2 548.5 349.9 221.5 118.2 476.4 230.3 167.2 114.3 290.8 436.3 282.5 154.2 357.0 162.8 102.2 495.6 215.4 81.4 116.8 481.7 460.9 430.2 203.7 439.9 356.7 114.6 105.0 386.7 241.5 436.3 436.6 126.7 149.2 527.3 92.5 467.6 162.0 97.9 226.1 431.5 376.8 75.9 469.3 104.1 523.4 338.2 441.6 470.5 42.8 188.2 61.9 171.6 307.0 282.3 152.0 246.6 157.8 85.5 221.9 122.8 172.9 196.0 89.1 104.5 457.8 124.8 117.1 487.9 523.5 152.6 419.5 151.6 332.1 314.8 415.2 201.0 79.3 103.3 116.7 156.2 165.3 479.0 414.4 105.1 170.7 349.2 86.7 431.6 166.6 488.1 63.2 409.4 460.9 201.6 477.6 238.2
2742.3 379.7 320.5 51.2 190.5 241.6 206.0 398.4 403.3 381.2 171.6 184.0 383.8 116.6 203.8 351.5 130.5 159.7 400.1 260.6 94.9 366.4 72.6 394.8 302.4 362.0 246.4 194.2 375.7 293.4 204.2 154.0 0.0 85.3 440.0 104.1 213.4 207.0 248.9 152.4 303.8 149.7 213.2 372.1 95.8 375.6 400.2 310.1 156.1 427.7 435.2 233.8 175.3 404.4 119.9 126.9 450.1 225.6 67.3 146.9 378.0 309.9 109.8 209.4 384.1 337.9 164.6 96.8 232.7 64.4 228.6 397.2 310.5 143.6 104.3 383.3 362.5 362.2 277.1 341.5 258.3 191.7 128.8 288.3 322.6 337.9 338.2 66.0 70.2 428.9 71.3 399.6 11.3 135.1 75.4 333.1 278.4 205.0 370.9 88.0 425.0 270.2 343.2 372.1 166.0 288.7 174.7 21.0 190.9 171.7 250.9 275.6 231.2 176.5 250.9 65.4 271.8 138.6 153.3 128.0 359.4 251.2 47.7 389.5 425.1 229.7 355.0 283.5 214.2 393.0 316.8 296.3 84.2 232.4 193.8 245.2 256.7 416.1 316.0 182.2 292.9 224.9 107.6 363.6 12.4 389.7 190.9 311.0 362.5 278.7 379.2 311.6
2820.1 294.3 235.1 129.0 268.3 319.4 283.8 361.3 366.3 344.2 86.2 178.1 346.8 194.4 281.6 314.5 213.3 237.5 363.1 338.4 172.7 281.0 150.4 309.4 320.3 325.0 161.0 272.0 338.7 371.2 118.8 231.8 77.7 0.0 403.0 181.9 128.0 284.8 326.7 161.2 381.6 227.5 276.8 335.1 173.6 338.6 314.8 273.1 233.9 390.7 398.2 311.6 253.1 367.4 197.7 204.7 413.1 140.2 145.1 224.7 341.0 381.5 187.6 287.2 461.9 300.9 79.2 174.6 147.3 142.2 306.4 360.2 388.3 221.4 182.1 346.3 325.5 276.8 354.9 304.5 221.3 269.5 206.6 366.1 404.0 300.9 301.2 143.8 148.0 391.9 149.1 314.2 68.3 212.9 75.9 296.1 241.4 282.8 333.9 165.8 388.0 184.8 306.2 335.0 243.8 366.5 252.5 60.3 126.6 261.7 328.7 353.4 309.0 258.4 328.7 143.2 349.6 132.7 231.1 199.9 322.4 329.0 125.5 352.5 388.1 307.5 266.1 361.3 128.8 470.8 279.8 374.1 162.0 310.2 271.6 329.1 334.5 493.9 279.0 260.0 370.7 139.5 185.4 278.2 90.2 352.6 268.7 388.8 325.5 356.5 342.2 389.4
2690.5 406.1 346.9 376.7 546.7 597.8 562.2 396.2 289.9 136.5 328.7 449.0 95.0 472.8 387.7 344.3 321.8 343.6 252.0 616.8 440.4 392.8 359.9 375.1 591.2 73.2 265.3 544.2 327.1 649.6 349.9 510.2 398.4 352.8 0.0 329.1 314.4 563.2 605.1 255.0 660.0 505.9 465.0 339.3 398.9 93.3 426.6 110.3 512.3 420.5 3.5 590.0 531.5 371.6 476.1 483.1 442.9 277.5 406.3 503.1 161.3 601.6 415.6 559.4 740.3 331.0 350.1 453.0 310.0 328.5 584.8 108.4 512.2 499.8 460.5 354.5 347.1 388.6 633.3 124.8 192.4 547.9 485.0 472.2 616.1 359.0 145.3 411.5 426.4 421.7 427.5 426.0 409.8 491.3 373.3 219.7 243.6 561.2 257.5 444.2 417.8 296.6 195.1 369.9 522.2 644.9 530.9 419.4 397.5 367.8 607.1 459.5 587.4 530.6 434.8 421.6 628.0 403.6 509.5 478.3 246.0 607.4 403.9 276.1 417.9 585.9 377.9 639.7 399.7 749.2 198.9 652.5 440.4 588.6 550.0 601.3 612.9 600.0 352.9 538.4 649.1 258.4 463.8 390.0 414.4 387.5 547.1 494.9 217.1 634.9 307.3 667.8
2705.4 288.4 229.2 53.4 245.5 296.6 261.0 337.5 342.4 320.3 268.9 239.0 322.9 171.6 166.9 290.6 31.3 122.8 339.2 315.6 121.2 275.1 30.7 316.4 357.4 301.1 145.7 249.2 314.8 348.4 301.5 209.0 97.2 182.6 379.1 0.0 242.8 262.0 303.9 91.5 358.8 204.7 244.2 311.2 150.8 314.7 308.9 249.2 211.1 366.8 374.3 288.8 230.3 343.5 174.9 181.9 389.2 322.9 168.1 201.9 317.1 358.7 164.8 264.4 439.1 277.0 261.9 151.8 130.4 65.9 283.6 336.3 291.4 198.6 159.3 322.4 301.6 270.9 332.1 280.6 197.4 246.7 183.8 251.4 381.2 277.0 277.3 92.3 125.2 368.0 126.3 308.3 108.6 190.1 172.7 272.2 217.5 260.0 310.0 143.0 364.1 178.9 282.3 311.2 221.0 343.7 229.7 118.2 288.2 147.0 305.9 238.7 286.2 235.6 214.0 120.4 326.8 193.6 208.3 177.1 298.5 306.2 102.7 328.6 364.2 284.7 260.2 338.5 311.5 448.0 255.9 351.3 139.2 287.4 248.8 306.3 311.7 379.2 255.1 237.2 347.9 186.8 162.6 272.3 113.2 328.8 245.9 274.1 301.6 333.7 318.3 366.6
2802.8 261.8 202.6 282.8 452.8 503.9 468.3 284.3 307.2 285.1 128.8 240.5 287.7 323.9 329.9 237.4 208.5 249.7 304.0 407.0 346.5 248.5 266.0 263.2 382.7 265.9 171.4 450.3 261.6 471.3 86.4 361.3 222.1 144.3 343.9 235.2 0.0 341.6 513.3 161.1 429.4 412.0 378.0 258.0 190.4 279.5 282.3 214.0 297.2 313.6 339.1 374.0 437.6 290.3 279.2 268.0 336.0 107.8 197.8 288.0 281.9 393.1 207.1 465.5 514.2 223.8 141.6 252.4 193.3 234.6 381.8 301.1 418.3 326.9 272.8 269.2 248.4 244.3 388.9 245.4 162.2 454.0 288.1 378.3 411.2 223.8 242.1 317.6 216.0 314.8 333.6 281.7 212.7 294.4 164.8 237.0 182.3 401.1 274.8 271.0 310.9 152.3 247.1 258.0 428.3 467.8 358.0 204.7 189.0 261.7 513.2 365.6 358.4 432.6 340.9 248.7 534.1 195.1 336.6 296.5 263.3 391.4 310.0 300.3 311.0 492.0 233.6 410.7 191.2 520.2 220.7 480.6 346.5 401.8 456.1 501.3 431.9 506.1 201.9 444.5 437.3 101.1 290.9 245.7 234.6 275.6 359.4 401.0 266.4 541.0 265.1 422.5
2677.3 493.4 434.2 209.1 128.2 205.7 167.5 574.6 561.2 539.1 285.3 222.7 541.7 153.6 361.7 527.7 293.4 317.6 539.9 110.8 200.4 480.1 230.5 508.5 163.2 519.9 360.1 183.8 551.9 175.1 317.9 163.3 210.1 261.0 597.9 262.0 327.1 0.0 256.5 310.3 155.5 157.3 188.6 548.3 182.6 533.5 513.9 468.0 60.8 603.9 593.1 77.8 182.9 580.6 116.6 90.0 626.3 364.5 211.7 70.0 535.9 151.5 152.1 199.0 234.8 514.1 271.9 102.6 346.4 222.3 85.6 555.1 300.1 123.8 146.6 559.5 538.7 475.9 124.9 499.4 416.2 199.3 106.6 446.2 177.9 514.1 496.1 223.9 208.2 605.1 193.5 513.3 221.5 99.5 238.4 491.0 436.3 114.0 528.8 153.3 601.2 383.9 483.0 548.3 127.5 171.6 154.9 231.1 296.4 341.8 190.1 331.3 79.0 170.2 306.6 134.0 211.0 177.3 133.5 135.9 517.3 95.2 178.0 547.4 601.3 237.3 465.2 131.3 321.5 240.8 474.7 184.4 180.3 114.7 187.6 240.9 135.7 574.0 492.2 189.8 141.1 338.6 149.1 477.3 226.1 565.9 106.9 468.9 505.0 286.3 555.4 159.4
2640.3 561.1 501.9 263.0 183.0 140.0 160.3 610.2 616.9 593.0 429.2 388.2 595.6 203.7 415.6 563.3 342.3 371.5 611.9 185.2 215.9 547.8 284.4 589.1 344.4 573.8 504.0 198.7 587.5 218.0 461.8 184.1 264.0 349.4 651.8 315.9 472.8 276.1 0.0 364.2 228.4 111.5 217.7 585.7 300.0 587.4 581.6 521.9 275.2 641.3 648.8 261.0 84.6 616.2 266.1 289.3 661.9 483.2 334.9 269.3 589.8 301.3 314.0 213.9 283.4 549.7 417.6 301.0 380.3 276.2 208.9 609.0 315.0 232.5 267.9 595.1 574.3 545.4 295.7 553.3 497.1 68.2 256.1 500.1 247.2 549.7 550.0 234.8 274.4 640.7 191.0 581.0 275.4 249.0 339.5 538.6 490.2 191.3 582.7 255.5 636.8 451.6 555.0 583.9 194.0 181.9 217.3 285.0 440.3 326.5 171.3 346.2 255.6 181.0 321.5 269.6 150.4 342.8 242.2 251.5 571.2 222.5 215.6 601.3 636.9 18.9 536.4 233.5 465.4 307.4 528.6 169.1 177.8 191.9 120.2 249.7 181.3 578.6 527.8 77.7 217.5 482.5 237.8 545.0 280.0 601.5 216.8 522.8 574.3 29.7 591.0 276.8
2671.1 196.8 137.6 121.6 291.6 342.7 307.1 245.9 250.8 228.7 165.5 285.1 231.3 217.7 132.6 199.0 66.7 88.5 247.6 361.7 185.3 183.5 104.8 224.8 403.5 209.5 54.1 289.1 223.2 394.5 186.7 255.1 143.3 228.7 287.5 74.0 151.2 308.1 350.0 0.0 404.9 250.8 209.9 219.6 196.9 223.1 217.3 157.6 257.2 275.2 282.7 334.9 276.4 251.9 221.0 228.0 297.6 155.8 214.2 248.0 225.5 404.8 210.9 304.3 485.2 185.4 186.9 197.9 54.9 73.4 329.7 244.7 257.1 244.7 205.4 230.8 210.0 179.3 378.2 189.0 105.8 292.8 229.9 217.1 427.3 185.4 185.7 156.4 171.3 276.4 172.4 216.7 154.7 236.2 218.8 180.6 125.9 306.1 218.4 189.1 272.5 87.3 190.7 219.6 267.1 389.8 275.8 164.3 234.3 112.7 352.0 204.4 332.3 275.5 179.7 166.5 372.9 239.7 254.4 223.2 206.9 352.3 148.8 237.0 272.6 330.8 168.6 384.6 236.5 494.1 164.3 397.4 185.3 333.5 294.9 346.2 357.8 344.9 163.5 283.3 394.0 95.2 208.7 180.7 159.3 237.2 292.0 239.8 210.0 379.8 226.7 412.7
2638.4 577.5 518.3 314.1 168.7 131.9 168.4 644.5 649.5 627.4 369.4 306.8 630.0 258.6 466.7 632.7 393.4 422.6 644.9 104.9 270.8 564.2 335.5 592.6 82.6 608.2 444.2 253.6 656.9 91.5 402.0 229.8 315.1 345.1 686.2 367.0 411.2 147.8 208.4 444.4 0.0 166.4 272.6 653.3 266.7 621.8 598.0 556.3 205.0 708.9 681.4 146.9 134.8 685.6 241.2 234.2 731.3 423.4 295.8 214.2 624.2 120.6 236.2 268.8 135.8 619.1 356.0 207.6 453.0 327.3 128.6 643.4 369.9 268.0 251.6 664.5 643.7 560.0 125.8 587.7 504.5 151.2 222.5 551.2 18.7 619.1 584.4 289.7 292.3 710.1 245.9 597.4 326.5 215.4 322.5 579.3 524.6 156.0 617.1 258.3 706.2 468.0 588.0 618.2 202.1 113.0 229.4 336.1 380.5 434.6 120.2 401.1 85.7 240.0 376.4 239.0 141.1 261.4 256.6 256.0 605.6 118.4 283.0 635.7 706.3 189.2 552.8 104.0 405.6 141.8 563.0 125.8 232.7 133.4 111.0 304.6 77.2 633.5 597.2 141.7 93.0 422.7 277.9 561.4 331.1 635.8 201.5 573.9 608.7 238.2 660.4 106.9
2664.8 449.5 390.3 151.4 108.6 91.8 85.9 498.6 503.5 481.4 317.6 276.6 484.0 92.1 304.0 451.7 235.7 259.9 500.3 110.8 104.3 436.2 172.8 477.5 270.0 462.2 392.4 87.1 475.9 143.6 350.2 72.5 152.4 237.8 540.2 204.3 359.4 164.5 99.1 252.6 154.0 0.0 91.9 472.3 188.4 475.8 470.0 410.3 163.6 527.9 535.4 149.4 25.5 504.6 154.5 177.7 550.3 371.6 223.3 157.7 478.2 220.7 202.4 102.3 234.3 438.1 304.2 189.4 378.7 164.6 134.5 497.4 203.4 120.9 156.3 483.5 462.7 432.0 221.3 441.7 358.5 41.9 144.5 388.5 176.4 438.1 438.4 123.2 162.8 529.1 79.4 469.4 163.8 137.4 227.9 433.3 378.6 116.9 471.1 143.6 525.2 340.0 443.4 472.3 78.9 138.9 103.9 173.4 328.7 245.3 101.1 234.6 181.2 73.5 209.9 158.0 122.0 231.2 130.6 144.0 459.6 148.1 104.0 489.7 525.3 79.9 421.3 159.1 353.8 257.3 417.0 146.5 66.2 117.5 44.0 144.2 106.9 467.0 416.2 32.4 143.1 370.9 126.2 433.4 168.4 489.9 105.2 411.2 462.7 128.9 479.4 202.4
2572.8 423.1 363.9 191.2 131.0 194.3 146.5 472.2 477.1 455.0 357.4 322.2 457.6 129.0 210.2 425.3 270.5 175.6 473.9 191.2 144.1 409.8 212.6 451.1 297.6 435.8 280.4 79.1 449.5 246.1 390.0 94.3 192.2 277.6 513.8 244.1 405.0 186.3 203.7 226.2 256.5 102.4 0.0 464.4 228.2 449.4 443.6 383.9 181.7 520.0 509.0 171.2 128.0 478.2 183.1 210.9 523.9 417.2 263.1 190.9 451.8 300.3 242.2 100.1 336.8 411.7 344.0 229.2 242.3 204.4 166.0 489.5 111.4 160.7 196.1 457.1 436.3 424.1 267.5 433.8 359.1 144.4 173.1 218.5 275.3 411.7 412.0 163.0 202.6 502.7 119.2 461.5 203.6 166.0 267.7 400.6 352.2 139.7 444.7 183.7 498.8 313.6 417.0 445.9 100.7 241.4 131.5 219.0 368.5 122.9 203.6 142.6 221.6 61.4 117.9 197.8 224.5 271.0 152.9 179.7 433.2 188.6 143.8 463.3 498.9 182.4 398.4 215.4 393.6 359.8 409.1 249.0 106.0 167.1 152.3 130.1 209.4 393.5 389.8 134.9 234.5 321.5 166.0 407.0 208.2 463.5 127.0 241.2 436.3 231.4 453.0 302.0
2714.4 209.1 179.5 372.3 542.3 593.4 557.8 196.3 233.5 300.4 324.3 444.6 262.6 468.4 419.4 64.3 298.0 339.2 322.9 612.4 436.0 216.9 355.5 176.5 586.8 240.8 260.9 539.8 140.3 645.2 287.9 505.8 394.0 348.4 318.8 324.7 276.7 558.8 600.7 250.6 655.6 501.5 467.5 0.0 394.5 254.4 156.6 277.9 507.9 145.4 314.0 585.6 527.1 32.2 471.7 478.7 171.8 258.1 401.9 498.7 345.8 595.7 411.2 555.0 735.9 51.0 345.7 448.6 305.6 324.1 580.4 276.0 507.8 495.4 456.1 82.5 67.1 212.7 628.9 309.3 226.1 543.5 480.6 467.8 611.7 146.7 306.0 407.1 422.0 164.6 423.1 229.0 405.4 486.9 368.9 232.5 184.1 556.8 185.6 439.5 160.7 229.6 266.0 202.1 517.8 640.5 526.5 415.0 374.4 351.2 602.7 532.5 583.0 522.1 430.4 417.2 623.6 399.2 505.1 473.9 189.6 603.0 399.5 145.8 160.8 581.5 202.0 635.3 395.3 744.8 266.7 648.1 436.0 584.2 545.6 590.8 608.5 395.3 72.9 534.0 644.7 227.1 459.4 193.0 410.0 208.8 542.7 490.5 273.8 630.5 178.5 663.4
2752.8 337.2 278.0 115.4 227.1 278.2 242.6 404.2 409.2 387.1 129.1 96.5 389.7 141.4 268.0 357.4 199.7 223.9 406.0 278.6 156.6 323.9 136.8 352.3 238.7 367.9 203.9 230.8 381.6 330.0 161.7 178.8 116.4 104.8 445.9 168.3 170.9 231.8 285.5 204.1 332.5 186.3 235.6 378.0 0.0 381.5 357.7 316.0 180.9 433.6 441.1 258.6 211.9 410.3 144.7 151.7 456.0 183.1 55.5 171.7 383.9 328.5 134.6 246.0 411.8 343.8 115.7 121.6 190.2 128.6 253.4 403.1 347.1 168.4 129.1 389.2 368.4 319.7 301.9 347.4 264.2 228.3 153.6 352.5 263.6 343.8 344.1 130.2 25.6 434.8 107.9 357.1 127.8 159.9 82.2 339.0 284.3 241.6 376.8 112.8 430.9 227.7 349.1 377.9 202.6 325.3 199.5 127.3 140.2 248.1 287.5 339.8 256.0 217.2 315.1 90.2 308.4 51.1 178.1 146.9 365.3 276.0 84.3 395.4 431.0 266.3 309.0 308.3 165.3 417.8 322.7 332.9 120.8 267.3 230.4 287.9 293.3 480.3 321.9 218.8 329.5 182.4 132.4 321.1 103.6 395.5 215.7 375.2 368.4 315.3 385.1 336.4
2655.0 370.6 311.4 341.2 511.2 562.3 526.7 360.7 332.4 101.0 293.2 413.5 46.0 437.3 352.2 308.8 286.3 308.1 216.5 581.3 404.9 357.3 324.4 339.6 555.7 24.2 229.8 508.7 291.6 614.1 314.4 474.7 362.9 317.3 102.2 293.6 278.9 527.7 569.6 219.5 624.5 470.4 429.5 303.8 363.4 0.0 391.1 74.8 476.8 385.0 97.4 554.5 496.0 336.1 440.6 447.6 407.4 242.0 370.8 467.6 125.8 566.1 380.1 523.9 704.8 295.5 314.6 417.5 274.5 293.0 549.3 59.4 476.7 464.3 425.0 319.0 311.6 353.1 597.8 89.3 156.9 512.4 449.5 436.7 580.6 323.5 109.8 376.0 390.9 386.2 392.0 390.5 374.3 455.8 337.8 184.2 208.1 525.7 222.0 408.7 382.3 261.1 159.6 334.4 486.7 609.4 495.4 383.9 362.0 332.3 571.6 424.0 551.9 495.1 399.3 386.1 592.5 368.1 474.0 442.8 303.5 571.9 368.4 240.6 382.4 550.4 342.4 604.2 364.2 713.7 163.4 617.0 404.9 553.1 514.5 565.8 577.4 564.5 317.4 502.9 613.6 222.9 428.3 354.5 378.9 352.0 511.6 459.4 181.6 599.4 271.8 632.3
2796.2 117.9 88.3 355.2 525.2 576.3 540.7 87.1 337.9 396.5 333.3 453.6 344.4 451.3 366.2 179.5 300.3 322.1 415.4 595.3 418.9 125.7 338.4 85.3 595.8 322.6 243.8 522.7 244.7 628.1 354.5 488.7 376.9 357.4 400.6 307.6 319.0 541.7 583.6 233.5 638.5 484.4 443.5 207.9 430.5 336.2 0.0 325.4 490.8 255.7 395.8 568.5 510.0 240.2 454.6 461.6 278.1 323.6 447.8 481.6 393.3 638.4 444.5 537.9 718.8 173.7 354.7 431.5 288.5 307.0 563.3 357.8 490.7 478.3 439.0 189.7 198.3 121.5 611.8 356.8 273.6 526.4 463.5 450.7 660.9 243.1 353.5 390.0 404.9 256.9 406.0 137.8 388.3 469.8 377.9 348.4 293.7 539.7 290.0 422.7 253.0 138.4 358.5 110.9 500.7 623.4 509.4 397.9 402.1 346.3 585.6 464.9 565.9 509.1 413.3 400.1 606.5 408.2 488.0 456.8 294.0 585.9 382.4 250.2 253.1 564.4 110.8 618.2 404.3 727.7 332.1 631.0 418.9 567.1 528.5 579.8 591.4 327.7 169.3 516.9 627.6 263.0 442.3 101.8 392.9 99.6 525.6 473.4 377.8 613.4 282.9 646.3
2580.1 295.7 236.5 266.3 436.3 487.4 451.8 285.8 179.5 71.0 218.3 338.6 73.6 362.4 277.3 233.9 211.4 233.2 141.6 506.4 330.0 282.4 249.5 264.7 480.8 51.8 154.9 433.8 216.7 539.2 239.5 399.8 288.0 242.4 129.8 218.7 204.0 452.8 494.7 144.6 549.6 395.5 354.6 228.9 288.5 65.4 316.2 0.0 401.9 310.1 125.0 479.6 421.1 261.2 365.7 372.7 332.5 167.1 295.9 392.7 67.8 491.2 305.2 449.0 629.9 220.6 239.7 342.6 199.6 218.1 474.4 87.0 401.8 389.4 350.1 244.1 236.7 278.2 522.9 31.3 82.0 437.5 374.6 361.8 505.7 248.6 28.0 301.1 316.0 311.3 317.1 315.6 299.4 380.9 262.9 109.3 133.2 450.8 147.1 333.8 307.4 186.2 84.7 259.5 411.8 534.5 420.5 309.0 287.1 257.4 496.7 349.1 477.0 420.2 324.4 311.2 517.6 293.2 399.1 367.9 135.6 497.0 293.5 165.7 307.5 475.5 267.5 529.3 289.3 638.8 88.5 542.1 330.0 478.2 439.6 490.9 502.5 489.6 242.5 428.0 538.7 148.0 353.4 279.6 304.0 277.1 436.7 384.5 106.7 524.5 196.9 557.4
2737.5 460.0 400.8 155.7 133.6 211.1 172.9 527.0 507.8 485.7 251.9 189.3 488.3 92.7 308.3 456.0 240.0 264.2 504.6 116.2 139.5 446.7 177.1 475.1 203.8 466.5 326.7 183.7 480.2 180.5 284.5 102.4 156.7 227.6 544.5 208.6 293.7 50.8 238.4 256.9 203.5 139.2 188.5 476.6 149.2 480.1 480.5 414.6 0.0 532.2 539.7 83.2 164.8 508.9 55.7 29.1 554.6 305.9 178.3 9.1 482.5 199.5 109.5 198.9 282.8 442.4 238.5 49.2 313.0 168.9 91.0 501.7 300.0 62.9 87.3 487.8 467.0 442.5 172.9 446.0 362.8 181.2 45.7 392.8 225.9 442.4 442.7 166.8 155.3 533.4 132.6 479.9 168.1 38.6 205.0 437.6 382.9 119.4 475.4 99.9 529.5 350.5 447.7 500.7 132.9 177.0 94.0 177.7 263.0 288.4 195.5 331.2 127.0 170.1 306.5 80.6 216.4 143.9 72.6 75.0 463.9 100.6 124.6 494.0 529.6 219.2 431.8 129.9 288.1 288.8 421.3 189.8 119.4 120.1 183.3 240.8 141.1 520.6 420.5 171.7 146.5 305.2 88.2 443.9 172.7 518.3 76.1 415.5 467.0 268.2 483.7 207.4
2867.2 249.3 219.7 385.2 555.2 606.3 570.7 170.7 246.4 361.9 337.2 457.5 364.5 481.3 432.3 57.5 330.3 352.1 335.8 625.3 448.9 257.1 368.4 149.6 599.7 342.7 273.8 552.7 153.2 658.1 300.8 518.7 406.9 361.3 420.7 337.6 289.6 571.7 613.6 263.5 668.5 514.4 480.4 123.9 407.4 356.3 240.9 290.8 520.8 0.0 415.9 598.5 540.0 156.2 484.6 491.6 74.1 271.0 414.8 511.6 358.7 608.6 424.1 567.9 748.8 95.6 358.6 461.5 318.5 337.0 593.3 377.9 520.7 508.3 469.0 88.7 149.7 252.9 641.8 322.2 248.1 556.4 493.5 480.7 624.6 159.6 318.9 420.0 434.9 109.0 436.0 269.2 418.3 499.8 381.8 236.1 197.0 569.7 198.5 452.4 45.2 269.8 278.9 144.4 530.7 653.4 539.4 427.9 387.3 364.1 615.6 468.0 595.9 539.1 443.3 430.1 636.5 412.1 518.0 492.7 202.5 615.9 412.4 158.7 85.5 594.4 242.2 648.2 408.2 757.7 279.6 661.0 448.9 597.1 558.5 603.7 621.4 473.8 85.8 546.9 657.6 240.0 472.3 233.2 422.9 162.0 555.6 503.4 286.7 643.4 191.4 676.3
2686.9 402.5 343.3 373.1 543.1 594.2 558.6 392.6 286.3 132.9 325.1 445.4 91.4 469.2 384.1 340.7 298.8 340.0 248.4 613.2 436.8 389.2 356.3 371.5 587.6 69.6 261.7 540.6 323.5 646.0 346.3 506.6 394.8 349.2 4.7 325.5 310.8 559.6 601.5 251.4 656.4 502.3 468.3 335.7 395.3 89.7 423.0 106.7 508.7 416.9 0.0 586.4 527.9 368.0 472.5 479.5 439.3 273.9 402.7 499.5 157.7 596.5 412.0 555.8 736.7 327.4 346.5 449.4 306.4 324.9 581.2 104.8 508.6 496.2 456.9 350.9 343.5 385.0 629.7 121.2 188.8 544.3 481.4 468.6 616.1 355.4 141.7 407.9 422.8 418.1 423.9 422.4 406.2 487.7 369.7 216.1 240.0 557.6 253.9 440.6 414.2 293.0 191.5 366.3 518.6 641.3 527.3 415.8 393.9 352.0 603.5 455.9 583.8 522.9 431.2 418.0 624.4 400.0 505.9 480.6 242.4 603.8 400.3 272.5 414.3 582.3 377.8 636.1 396.1 745.6 195.3 648.9 436.8 585.0 546.4 591.6 609.3 596.4 349.3 534.8 645.5 254.8 460.2 386.4 410.8 383.9 543.5 491.3 213.5 631.3 303.7 664.2
2651.1 514.5 455.3 230.2 120.7 198.2 160.0 595.7 582.3 560.2 306.4 243.8 562.8 162.4 382.8 548.8 314.5 338.7 561.0 103.3 211.5 501.2 251.6 529.6 137.0 541.0 381.2 176.3 573.0 144.8 339.0 127.7 231.2 282.1 619.0 283.1 348.2 63.9 249.0 331.4 140.4 149.8 181.1 569.4 203.7 554.6 535.0 489.1 121.1 625.0 614.2 0.0 175.4 601.7 157.3 150.3 647.4 385.6 232.8 130.3 557.0 139.3 173.2 191.5 222.6 535.2 293.0 123.7 367.5 243.4 78.1 576.2 292.6 184.1 167.7 580.6 559.8 497.0 112.7 520.5 437.3 191.8 120.4 467.3 162.8 535.2 517.2 245.0 229.3 626.2 186.6 534.4 242.6 113.3 259.5 512.1 457.4 106.5 549.9 174.4 622.3 405.0 504.1 569.4 120.0 164.1 127.3 252.2 317.5 362.9 182.6 323.8 66.8 162.7 299.1 155.1 203.5 198.4 154.5 185.5 538.4 71.7 199.1 568.5 622.4 229.8 486.3 80.6 342.6 228.6 495.8 176.9 173.4 107.2 180.1 233.4 112.2 556.2 513.3 182.3 107.0 359.7 194.0 498.4 247.2 587.0 99.4 490.0 526.1 278.8 576.5 147.2
2641.5 476.4 417.2 178.3 98.3 91.8 75.6 525.5 530.4 508.3 344.5 303.5 510.9 119.0 330.9 478.6 262.6 286.8 527.2 100.5 131.2 463.1 199.7 504.4 259.7 489.1 419.3 114.0 502.8 133.3 377.1 99.4 179.3 264.7 567.1 231.2 386.3 191.4 73.5 279.5 143.7 26.8 118.8 499.2 215.3 502.7 496.9 437.2 190.5 554.8 562.3 176.3 0.0 531.5 181.4 204.6 577.2 398.5 250.2 184.6 505.1 210.4 229.3 129.2 235.2 465.0 331.1 216.3 405.6 191.5 124.2 524.3 230.3 147.8 183.2 510.4 489.6 458.9 211.0 468.6 385.4 16.4 171.4 415.4 166.1 465.0 465.3 150.1 189.7 556.0 106.3 496.3 190.7 164.3 254.8 460.2 405.5 106.6 498.0 170.5 552.1 366.9 470.3 499.2 109.3 133.7 130.8 200.3 355.6 272.2 90.8 261.5 170.9 100.4 236.8 184.9 102.2 258.1 157.5 170.9 486.5 137.8 130.9 516.6 552.2 54.3 448.2 148.8 380.7 259.2 443.9 120.9 93.1 107.2 33.7 171.1 96.6 493.9 443.1 6.9 132.8 397.8 153.1 460.3 195.3 516.8 132.1 438.1 489.6 103.3 506.3 192.1
2743.2 237.9 208.3 401.1 571.1 622.2 586.6 225.1 262.3 329.2 353.1 473.4 291.4 497.2 412.1 93.1 346.2 368.0 351.7 641.2 464.8 245.7 384.3 205.3 615.6 269.6 289.7 568.6 169.1 674.0 316.7 534.6 422.8 377.2 347.6 353.5 305.5 587.6 629.5 279.4 684.4 530.3 489.4 28.7 423.3 283.2 185.4 306.7 536.7 174.2 342.8 614.4 555.9 0.0 500.5 507.5 200.6 286.9 430.7 527.5 374.6 626.0 440.0 583.8 764.7 79.8 374.5 477.4 334.4 352.9 609.2 304.8 536.6 524.2 484.9 111.3 95.9 241.5 657.7 338.1 254.9 572.3 509.4 496.6 640.5 175.5 334.8 435.9 450.8 193.4 451.9 257.8 434.2 515.7 397.7 252.0 212.9 585.6 214.4 468.6 189.5 258.4 294.8 230.9 546.6 669.3 555.3 443.8 403.2 392.2 631.5 561.3 611.8 555.0 459.2 446.0 652.4 428.0 533.9 502.7 218.4 631.8 428.3 174.6 189.6 610.3 230.8 664.1 424.1 773.6 295.5 676.9 464.8 613.0 574.4 625.7 637.3 424.1 101.7 562.8 673.5 255.9 488.2 221.8 438.8 237.6 571.5 519.3 302.6 659.3 207.3 692.2
2769.3 429.7 370.5 122.0 136.0 213.5 175.3 496.7 474.1 452.0 221.6 159.0 454.6 102.2 274.6 422.3 206.3 230.5 470.9 133.8 149.0 416.4 143.4 444.8 234.4 432.8 296.4 191.6 446.5 211.1 254.2 111.9 123.0 197.3 510.8 174.9 263.4 105.2 247.9 223.2 227.7 148.7 196.4 442.9 118.9 446.4 450.2 380.9 54.3 498.5 506.0 113.8 174.3 475.2 0.0 68.4 520.9 275.6 148.0 48.4 448.8 236.7 75.8 206.8 297.2 408.7 208.2 46.0 282.7 135.2 108.6 468.0 307.9 72.4 59.5 454.1 433.3 412.2 210.1 412.3 329.1 190.7 8.8 359.1 250.1 408.7 409.0 136.8 121.6 499.7 114.5 449.6 134.4 15.1 174.7 403.9 349.2 121.8 441.7 66.2 495.8 320.2 414.0 470.4 135.3 194.6 103.5 144.0 232.7 254.7 197.9 346.4 164.2 178.0 321.7 46.9 218.8 113.6 82.1 77.3 430.2 131.2 90.9 460.3 495.9 228.7 401.5 158.0 257.8 321.2 387.6 207.4 127.4 122.5 192.8 248.7 171.7 486.9 386.8 181.2 177.1 274.9 85.8 413.6 139.0 488.0 85.6 381.8 433.3 277.7 450.0 244.6
2766.7 430.8 371.6 126.5 162.8 240.3 202.1 497.8 478.6 456.5 222.7 160.1 459.1 126.8 279.1 426.8 210.8 235.0 475.4 145.4 167.7 417.5 147.9 445.9 231.1 437.3 297.5 217.8 451.0 209.7 255.3 136.5 127.5 198.4 515.3 179.4 264.5 80.0 272.5 227.7 232.7 173.3 222.6 447.4 120.0 450.9 451.3 385.4 29.1 503.0 510.5 112.4 198.9 479.7 53.6 0.0 525.4 276.7 149.1 19.9 453.3 228.7 80.3 233.0 312.0 413.2 209.3 20.0 283.8 139.7 120.2 472.5 334.1 97.0 64.0 458.6 437.8 413.3 202.1 416.8 333.6 215.3 62.5 363.6 255.1 413.2 413.5 141.3 126.1 504.2 119.0 450.7 138.9 68.8 175.8 408.4 353.7 148.6 446.2 70.7 500.3 321.3 418.5 471.5 162.1 206.2 128.1 148.5 233.8 259.2 224.7 350.9 156.2 204.2 326.2 51.4 245.6 114.7 106.7 81.8 434.7 129.8 95.4 464.8 500.4 253.3 402.6 159.1 258.9 318.0 392.1 219.0 131.9 149.3 217.4 274.9 170.3 491.4 391.3 205.8 175.7 276.0 90.3 414.7 143.5 489.1 110.2 386.3 437.8 302.3 454.5 236.6
2839.1 302.9 273.3 438.8 608.8 659.9 624.3 224.3 300.0 415.5 390.8 511.1 418.1 534.9 449.8 111.1 364.5 405.7 389.4 678.9 502.5 310.7 422.0 203.2 653.3 396.3 327.4 606.3 206.8 711.7 354.4 572.3 460.5 414.9 474.3 391.2 343.2 625.3 667.2 317.1 722.1 568.0 527.1 146.0 461.0 409.9 294.5 344.4 574.4 81.1 469.5 652.1 593.6 178.3 538.2 545.2 0.0 324.6 468.4 565.2 412.3 662.2 477.7 621.5 802.4 155.7 412.2 515.1 372.1 390.6 646.9 431.5 574.3 561.9 522.6 131.1 171.8 306.5 695.4 375.8 301.7 610.0 547.1 534.3 681.8 213.2 372.5 473.6 488.5 88.9 489.6 322.8 471.9 553.4 435.4 289.7 250.6 623.3 252.1 506.0 70.5 323.4 332.5 198.0 584.3 707.0 593.0 481.5 440.9 417.7 669.2 521.6 649.5 592.7 496.9 483.7 690.1 465.7 571.6 546.3 256.1 669.5 466.0 212.3 65.4 648.0 299.3 701.8 461.8 811.3 333.2 714.6 502.5 650.7 612.1 657.3 675.0 520.0 139.4 600.5 711.2 293.6 525.9 286.8 476.5 215.6 609.2 557.0 340.3 697.0 245.0 729.9
2744.2 289.7 230.5 260.3 430.3 481.4 445.8 261.8 284.7 262.6 146.6 258.3 265.2 356.4 307.4 214.9 186.0 227.2 281.5 424.8 324.0 276.4 243.5 240.7 400.5 243.4 148.9 427.8 239.1 533.2 29.7 393.8 282.0 162.1 321.4 212.7 106.4 359.4 488.7 138.6 447.2 389.5 355.5 235.5 208.2 257.0 332.0 191.5 315.0 291.1 316.6 391.8 415.1 267.8 297.0 285.8 313.5 0.0 215.6 305.8 259.4 409.4 224.9 443.0 532.0 201.3 159.4 270.2 193.6 212.1 399.6 278.6 395.8 383.4 290.6 246.7 225.9 272.2 406.7 222.9 139.7 431.5 305.9 355.8 425.4 201.3 219.6 295.1 233.8 292.3 311.1 309.6 230.5 312.2 182.6 208.2 159.8 444.8 252.3 327.5 288.4 180.2 224.6 235.5 405.8 528.5 414.5 222.5 206.8 239.2 490.7 343.1 376.2 410.1 318.4 305.2 511.6 212.9 393.1 314.3 240.8 409.2 287.5 277.8 288.5 469.5 265.0 428.5 209.0 538.0 198.2 536.1 324.0 419.6 433.6 478.8 496.5 483.6 179.4 422.0 455.1 78.6 347.4 273.6 252.4 253.1 377.2 378.5 243.9 518.5 242.6 440.3
2796.4 351.4 292.2 105.3 244.6 295.7 260.1 418.4 423.4 401.3 143.3 132.4 403.9 170.7 257.9 371.6 189.6 213.8 420.2 314.7 149.0 338.1 126.7 366.5 274.6 382.1 218.1 248.3 395.8 347.5 175.9 208.1 70.5 119.0 460.1 158.2 185.1 261.1 303.0 218.3 357.9 203.8 253.1 392.2 149.9 395.7 371.9 330.2 210.2 447.8 455.3 287.9 229.4 424.5 174.0 181.0 470.2 197.3 0.0 201.0 398.1 357.8 163.9 263.5 438.2 358.0 129.9 150.9 204.4 118.5 282.7 417.3 364.6 197.7 158.4 403.4 382.6 333.9 331.2 361.6 278.4 245.8 182.9 342.4 380.3 358.0 358.3 120.1 124.3 449.0 125.4 371.3 81.9 189.2 96.4 353.2 298.5 259.1 391.0 142.1 445.1 241.9 363.3 392.1 220.1 342.8 228.8 91.5 154.4 238.0 305.0 329.7 285.3 234.7 305.0 119.5 325.9 87.0 207.4 176.2 379.5 305.3 101.8 409.6 445.2 283.8 323.2 337.6 179.5 447.1 336.9 350.4 138.3 286.5 247.9 305.4 310.8 470.2 336.1 236.3 347.0 196.6 161.7 335.3 48.1 409.7 245.0 365.1 382.6 332.8 399.3 365.7
2746.7 450.8 391.6 146.5 142.8 220.3 182.1 517.8 498.6 476.5 242.7 180.1 479.1 106.8 299.1 446.8 230.8 255.0 495.4 125.4 153.6 437.5 167.9 465.9 213.0 457.3 317.5 197.8 471.0 189.7 275.3 116.5 147.5 218.4 535.3 199.4 284.5 60.0 252.5 247.7 212.7 153.3 202.6 467.4 140.0 470.9 471.3 405.4 9.1 523.0 530.5 92.4 178.9 499.7 69.8 19.9 545.4 296.7 169.1 0.0 473.3 208.7 100.3 213.0 292.0 433.2 229.3 40.0 303.8 159.7 100.2 492.5 314.1 77.0 84.0 478.6 457.8 433.3 182.1 436.8 353.6 195.3 59.8 383.6 235.1 433.2 433.5 161.3 146.1 524.2 139.0 470.7 158.9 52.7 195.8 428.4 373.7 128.6 466.2 90.7 520.3 341.3 438.5 491.5 142.1 186.2 108.1 168.5 253.8 279.2 204.7 345.3 136.2 184.2 320.6 71.4 225.6 134.7 86.7 89.1 454.7 109.8 115.4 484.8 520.4 233.3 422.6 139.1 278.9 298.0 412.1 199.0 133.5 129.3 197.4 254.9 150.3 511.4 411.3 185.8 155.7 296.0 102.3 434.7 163.5 509.1 90.2 406.3 457.8 282.3 474.5 216.6
2644.4 360.0 300.8 330.6 500.6 551.7 516.1 350.1 243.8 98.4 282.6 402.9 101.0 426.7 341.6 298.2 275.7 297.5 205.9 570.7 394.3 346.7 313.8 329.0 545.1 79.2 219.2 498.1 281.0 603.5 303.8 464.1 352.3 306.7 157.2 283.0 268.3 517.1 559.0 208.9 613.9 459.8 418.9 293.2 352.8 92.8 380.5 64.2 466.2 374.4 152.4 543.9 485.4 325.5 430.0 437.0 396.8 231.4 360.2 457.0 0.0 555.5 369.5 513.3 694.2 284.9 304.0 406.9 263.9 282.4 538.7 114.4 466.1 453.7 414.4 308.4 301.0 342.5 587.2 26.7 146.3 501.8 438.9 426.1 570.0 312.9 42.4 365.4 380.3 375.6 381.4 379.9 363.7 445.2 327.2 173.6 197.5 515.1 211.4 398.1 371.7 250.5 149.0 323.8 476.1 598.8 484.8 373.3 351.4 321.7 561.0 413.4 541.3 484.5 388.7 375.5 581.9 357.5 463.4 432.2 199.9 561.3 357.8 230.0 371.8 539.8 331.8 593.6 353.6 703.1 152.8 606.4 394.3 542.5 503.9 555.2 566.8 553.9 306.8 492.3 603.0 212.3 417.7 343.9 368.3 341.4 501.0 448.8 171.0 588.8 261.2 621.7
2598.5 545.8 471.0 286.7 224.8 213.3 249.8 597.2 617.8 580.1 322.1 275.1 582.7 286.4 475.4 550.4 366.0 395.2 614.6 153.0 327.9 516.9 308.1 545.3 100.0 560.9 396.9 280.4 574.6 172.9 354.7 231.8 303.3 297.8 638.9 339.6 379.5 141.4 291.9 397.1 103.2 247.8 299.4 586.6 219.4 574.5 550.7 509.0 193.6 626.6 649.7 140.5 216.2 603.3 213.8 195.8 664.6 376.1 248.5 202.8 576.9 0.0 188.9 295.6 182.5 536.8 308.7 180.2 405.7 299.9 172.6 611.7 396.7 256.6 224.2 582.2 561.4 512.7 94.6 540.4 484.2 232.6 222.7 523.8 138.7 536.8 552.7 301.5 245.0 627.8 279.2 565.7 299.1 229.0 275.2 525.7 477.3 215.9 569.8 230.6 623.9 420.7 557.7 570.9 224.1 194.4 235.8 308.7 333.2 422.8 201.6 427.9 96.4 262.7 403.2 211.6 222.5 214.1 266.3 247.9 558.3 156.1 255.6 588.4 624.0 270.6 505.5 114.7 358.3 205.2 531.3 207.2 292.1 184.2 192.4 331.4 158.6 664.7 514.9 223.1 159.1 391.0 250.5 514.1 296.6 588.5 203.5 546.5 561.4 319.6 578.1 123.8
2722.2 353.8 294.6 128.1 208.1 290.9 247.4 420.8 425.8 403.7 145.7 83.1 406.3 132.5 280.7 374.0 212.4 236.6 422.6 205.9 169.3 340.5 149.5 368.9 208.1 384.5 220.5 243.5 398.2 283.2 178.3 169.9 129.1 121.4 462.5 181.0 187.5 159.1 298.2 220.7 259.8 199.0 248.3 394.6 43.0 398.1 374.3 332.6 108.2 450.2 457.7 185.9 224.6 426.9 72.0 79.0 472.6 199.7 72.1 99.0 400.5 255.8 0.0 258.7 339.1 360.4 132.3 48.9 206.8 141.3 180.7 419.7 359.8 127.9 65.6 405.8 385.0 336.3 229.2 364.0 280.8 241.0 80.9 365.2 282.2 360.4 360.7 142.9 68.6 451.4 120.6 373.7 140.5 87.2 98.8 355.6 300.9 193.9 393.4 72.3 447.5 244.3 365.7 394.5 207.4 266.7 159.0 143.9 156.8 260.8 270.0 352.5 183.3 229.9 327.8 53.0 290.9 37.7 137.6 83.4 381.9 203.3 97.0 412.0 447.6 279.0 325.6 235.6 181.9 345.1 339.3 279.5 133.5 194.6 243.1 300.6 243.8 493.0 338.5 231.5 249.2 199.0 91.9 337.7 120.2 412.1 152.2 387.9 385.0 328.0 401.7 263.7
2650.4 500.7 441.5 204.8 138.8 207.9 154.3 549.8 554.7 532.6 371.0 330.0 535.2 142.6 297.3 502.9 289.1 253.2 551.5 204.8 157.7 487.4 226.2 528.7 305.4 513.4 358.0 13.8 527.1 259.7 403.6 107.9 205.8 291.2 591.4 257.7 412.8 199.9 215.2 303.8 270.1 116.0 77.5 523.5 241.8 527.0 521.2 461.5 195.3 579.1 586.6 184.8 141.6 555.8 196.7 224.5 601.5 425.0 276.7 204.5 529.4 307.7 255.8 0.0 350.4 489.3 357.6 242.8 342.7 218.0 179.6 548.6 189.0 174.3 209.7 534.7 513.9 483.2 281.1 492.9 436.7 158.0 186.7 296.1 288.9 489.3 489.6 176.6 216.2 580.3 132.8 520.6 217.2 179.6 281.3 484.5 429.8 153.3 522.3 197.0 576.4 391.2 494.6 523.5 114.3 255.0 139.3 226.8 382.1 200.5 217.2 220.2 235.2 25.3 195.5 211.4 238.1 284.6 166.5 193.3 510.8 202.2 157.4 540.9 576.5 196.0 472.5 229.0 407.2 373.4 468.2 262.6 119.6 180.7 160.1 35.7 223.0 452.6 467.4 148.5 248.1 424.3 179.6 484.6 221.8 541.1 140.6 318.8 513.9 245.0 530.6 315.6
2629.2 668.1 608.9 383.8 253.8 217.0 253.5 749.3 735.9 713.8 460.0 397.4 716.4 339.7 536.4 702.4 468.1 492.3 714.6 180.1 355.9 654.8 405.2 683.2 217.2 694.6 534.8 353.6 726.6 144.9 492.6 305.0 384.8 435.7 772.6 436.7 501.8 217.5 272.4 485.0 146.2 251.5 372.6 723.0 357.3 708.2 688.6 642.7 274.7 778.6 767.8 220.6 219.9 755.3 310.9 303.9 801.0 539.2 386.4 283.9 710.6 201.1 326.8 368.8 0.0 688.8 446.6 277.3 521.1 397.0 203.8 729.8 469.9 337.7 321.3 734.2 713.4 650.6 195.5 674.1 617.9 236.3 297.7 620.9 168.6 688.8 670.8 374.8 382.9 779.8 331.0 688.0 396.2 290.6 413.1 665.7 611.0 241.1 703.5 328.0 775.9 558.6 657.7 723.0 287.2 119.3 304.6 405.8 471.1 504.3 190.1 501.1 155.4 340.0 476.4 308.7 176.1 352.0 331.8 345.0 692.0 185.5 352.7 722.1 776.0 253.2 643.4 173.7 496.2 84.6 649.4 111.0 317.8 218.5 196.1 404.6 144.3 733.5 666.9 226.8 180.5 513.3 347.6 652.0 400.8 740.6 276.7 643.6 679.7 302.2 730.1 176.6
2709.2 203.9 174.3 321.2 491.2 542.3 506.7 106.7 182.4 297.9 273.2 393.5 300.5 417.3 332.2 13.2 266.3 288.1 271.8 561.3 384.9 211.7 304.4 85.6 535.7 278.7 209.8 488.7 89.2 594.1 236.8 454.7 342.9 297.3 356.7 273.6 225.6 507.7 549.6 199.5 604.5 450.4 409.5 34.1 343.4 292.3 151.4 226.8 456.8 89.4 351.9 534.5 476.0 66.4 420.6 427.6 111.8 207.0 350.8 447.6 294.7 546.1 360.1 503.9 684.8 0.0 294.6 397.5 254.5 273.0 529.3 313.9 456.7 444.3 405.0 69.3 24.5 207.5 577.8 258.2 175.0 492.4 429.5 416.7 560.6 95.6 254.9 356.0 370.9 90.6 372.0 223.8 354.3 435.8 317.8 172.1 133.0 505.7 134.5 388.7 86.7 224.4 214.9 80.4 466.7 589.4 475.4 363.9 323.3 312.3 551.6 404.0 531.9 475.1 379.3 366.1 572.5 348.1 454.0 422.8 138.5 551.9 348.4 94.7 86.8 530.4 196.8 584.2 344.2 693.7 215.6 597.0 384.9 533.1 494.5 545.8 557.4 390.1 21.8 482.9 593.6 176.0 408.3 187.8 358.9 98.0 491.6 439.4 222.7 579.4 127.4 612.3
2754.1 307.2 248.0 202.7 339.4 392.8 357.2 387.9 410.8 388.7 99.1 164.6 391.3 248.0 306.8 341.0 240.9 262.7 407.6 331.1 246.4 293.9 224.1 366.8 306.8 369.5 173.9 345.4 365.2 395.4 207.6 285.4 151.4 74.8 447.5 248.2 140.9 265.7 400.1 174.1 353.5 300.9 364.4 361.6 114.5 383.1 327.7 317.6 221.3 417.2 442.7 298.1 326.5 393.9 203.3 192.1 439.6 177.8 121.9 212.1 385.5 315.7 131.2 360.6 438.3 327.4 0.0 176.5 160.2 215.9 305.9 404.7 431.3 251.0 196.9 372.8 352.0 289.7 313.0 349.0 265.8 342.9 212.2 391.3 331.7 327.4 345.7 217.5 140.1 418.4 222.5 327.1 142.0 218.5 88.9 340.6 285.9 325.2 378.4 195.4 414.5 197.7 350.7 361.6 317.2 391.9 282.1 134.0 48.1 274.7 402.1 378.6 282.5 331.8 353.9 172.8 423.0 119.2 260.7 220.6 366.9 315.5 198.9 403.9 414.6 380.9 282.5 334.8 49.5 444.3 324.3 404.7 235.4 325.9 345.0 396.4 356.0 519.1 305.5 333.4 361.4 204.7 215.0 291.1 163.9 379.2 283.5 414.0 370.0 429.9 368.7 346.6
2762.8 405.2 346.0 106.4 169.6 247.1 208.9 472.2 458.5 436.4 197.1 134.5 439.0 110.8 259.0 406.7 190.7 214.9 455.3 167.4 147.6 391.9 127.8 420.3 205.5 417.2 271.9 221.8 430.9 239.8 229.7 145.5 107.4 172.8 495.2 159.3 238.9 110.1 276.5 207.6 210.8 177.3 226.6 427.3 94.4 430.8 425.7 365.3 59.2 482.9 490.4 142.5 202.9 459.6 33.5 30.0 505.3 251.1 123.5 50.0 433.2 206.8 60.2 237.0 290.1 393.1 183.7 0.0 258.2 119.6 142.2 452.4 338.1 106.0 43.9 438.5 417.7 387.7 180.2 396.7 313.5 219.3 42.4 343.5 233.2 393.1 393.4 121.2 106.0 484.1 98.9 425.1 118.8 48.7 150.2 388.3 333.6 155.4 426.1 50.6 480.2 295.7 398.4 445.9 168.9 228.2 137.1 128.4 208.2 239.1 231.5 330.8 134.3 208.2 306.1 31.3 252.4 89.1 115.7 61.7 414.6 159.9 75.3 444.7 480.3 257.3 377.0 186.6 233.3 296.1 372.0 241.0 111.8 156.1 221.4 278.9 200.4 471.3 371.2 209.8 205.8 250.4 70.2 389.1 123.4 463.5 119.2 366.2 417.7 306.3 434.4 214.7
2700.7 303.1 243.9 151.2 321.2 372.3 336.7 311.6 316.5 294.4 144.2 264.5 297.0 247.3 198.3 264.7 76.9 118.1 313.3 391.3 214.9 289.8 134.4 318.2 410.6 275.2 106.2 318.7 288.9 424.1 165.4 284.7 172.9 168.3 353.2 103.6 197.4 337.7 381.7 65.6 434.5 280.4 246.4 285.3 226.5 288.8 323.6 223.3 286.8 340.9 348.4 364.5 306.0 317.6 250.6 257.6 363.3 209.6 243.8 277.6 291.2 440.6 240.5 333.9 514.8 251.1 188.4 227.5 0.0 103.0 359.3 310.4 286.7 274.3 235.0 296.5 275.7 285.6 407.8 232.2 198.5 322.4 259.5 246.7 453.3 251.1 251.4 186.0 200.9 342.1 202.0 259.9 184.3 265.8 248.4 240.0 191.6 335.7 284.1 218.4 338.2 193.6 256.4 285.3 296.7 419.4 305.4 193.9 213.0 130.1 381.6 234.0 361.9 301.0 209.3 196.1 402.5 219.1 284.0 258.7 272.6 381.9 178.4 302.7 338.3 360.4 278.4 414.2 215.2 523.7 230.0 427.0 214.9 363.1 324.5 369.7 387.4 352.0 229.2 312.9 423.6 171.1 238.3 287.0 188.9 302.9 321.6 269.4 275.7 409.4 292.4 442.3
2677.8 284.8 225.6 48.1 218.1 269.2 233.6 333.9 338.8 316.7 241.5 211.6 319.3 144.2 139.3 287.0 81.8 95.2 335.6 288.2 111.8 271.5 49.2 312.8 330.0 297.5 142.1 221.8 311.2 321.0 274.1 181.6 69.8 155.2 375.5 66.5 283.3 234.6 276.5 87.9 331.4 177.3 216.6 307.6 123.4 311.1 305.3 245.6 183.7 363.2 370.7 261.4 202.9 339.9 147.5 154.5 385.6 295.5 140.7 174.5 313.5 331.3 137.4 237.0 411.7 273.4 234.5 124.4 126.8 0.0 256.2 332.7 263.8 171.2 131.9 318.8 298.0 267.3 304.7 277.0 193.8 219.3 156.4 223.8 353.8 273.4 273.7 82.9 97.8 364.4 98.9 304.7 81.2 162.7 145.3 268.6 213.9 232.6 306.4 115.6 360.5 175.3 278.7 307.6 193.6 316.3 202.3 90.8 260.8 119.4 278.5 211.1 258.8 208.2 186.4 93.0 299.4 166.2 180.9 149.7 294.9 278.8 75.3 325.0 360.6 257.3 256.6 311.1 284.1 420.6 252.3 323.9 111.8 260.0 221.4 278.9 284.3 351.6 251.5 209.8 320.5 183.2 135.2 268.7 85.8 325.2 218.5 246.5 298.0 306.3 314.7 339.2
2718.9 533.6 474.4 225.9 94.1 122.8 133.4 600.6 578.0 555.9 325.5 262.9 558.5 135.8 378.5 526.2 310.2 334.4 574.8 25.1 184.9 520.3 247.3 548.7 235.0 536.7 400.3 149.7 550.4 108.6 358.1 101.1 226.9 301.2 614.7 278.8 367.3 91.8 199.3 327.1 119.0 123.2 154.5 546.8 222.8 550.3 554.1 484.8 87.2 602.4 609.9 76.7 125.7 579.1 103.8 116.4 624.8 411.1 251.9 96.4 552.7 150.1 179.7 164.9 188.5 512.6 312.1 136.5 386.6 239.1 0.0 571.9 266.0 129.0 143.7 558.0 537.2 516.1 131.7 516.2 433.0 142.1 93.8 373.1 141.4 512.6 512.9 203.8 225.5 603.6 160.0 553.5 238.3 86.7 278.6 507.8 453.1 79.9 545.6 170.1 599.7 424.1 517.9 574.3 93.4 85.9 100.7 247.9 336.6 307.9 111.1 297.2 91.6 136.1 272.5 150.8 130.8 217.5 127.9 131.4 534.1 55.6 184.6 564.2 599.8 180.1 505.4 49.3 361.7 212.5 491.5 98.7 146.8 74.3 101.9 206.8 71.9 529.6 490.7 132.6 83.9 378.8 154.3 517.5 242.9 591.9 72.8 395.8 537.2 229.1 553.9 158.0
2677.1 392.7 333.5 363.3 533.3 584.4 548.8 382.8 344.3 123.1 315.3 435.6 24.2 459.4 366.8 330.9 289.0 330.2 238.6 603.4 427.0 379.4 346.5 361.7 577.8 46.5 251.9 530.8 313.7 636.2 336.5 496.8 385.0 339.4 117.8 315.7 301.0 549.8 593.8 241.6 646.6 492.5 458.5 325.9 385.5 79.9 413.2 96.9 498.9 407.1 113.0 576.6 518.1 358.2 462.7 469.7 429.5 264.1 392.9 489.7 147.9 586.7 402.2 546.0 726.9 317.6 336.7 439.6 296.6 315.1 571.4 0.0 498.8 486.4 447.1 341.1 333.7 375.2 619.9 111.4 179.0 534.5 471.6 458.8 602.7 345.6 131.9 398.1 413.0 408.3 414.1 412.6 396.4 477.9 359.9 200.0 230.2 547.8 244.1 430.5 404.4 283.2 181.7 356.5 508.8 631.5 517.5 406.0 384.1 342.2 593.7 446.1 574.0 513.1 421.4 408.2 614.6 390.2 496.1 464.9 315.4 594.0 390.5 262.7 404.5 572.5 368.0 626.3 386.3 735.8 185.5 639.1 427.0 575.2 536.6 581.8 599.5 586.6 339.5 525.0 635.7 245.0 450.4 376.6 401.0 374.1 533.7 481.5 203.7 621.5 293.9 654.4
2614.1 464.4 405.2 276.8 210.8 279.9 226.3 513.5 518.4 496.3 443.0 402.0 498.9 214.6 261.0 466.6 361.1 216.9 515.2 276.8 229.7 451.1 298.2 492.4 377.4 477.1 321.7 164.7 490.8 331.7 475.6 179.9 277.8 363.2 555.1 329.7 418.8 271.9 287.2 267.5 342.1 188.0 85.5 487.2 313.8 490.7 484.9 425.2 267.3 542.8 550.3 256.8 213.6 519.5 268.7 296.5 565.2 497.0 348.7 276.5 493.1 379.7 327.8 179.9 422.4 453.0 429.6 314.8 306.4 290.0 251.6 512.3 0.0 246.3 281.7 498.4 477.6 446.9 353.1 456.6 373.4 230.0 258.7 259.8 364.5 453.0 453.3 248.6 288.2 544.0 204.8 484.3 289.2 251.6 353.3 448.2 393.5 225.3 486.0 269.0 540.1 354.9 458.3 487.2 186.3 327.0 211.3 298.8 454.1 194.6 289.2 183.9 307.2 151.1 159.2 283.4 310.1 356.6 238.5 269.4 474.5 274.2 229.4 504.6 540.2 268.0 436.2 301.0 479.2 445.4 431.9 334.6 191.6 252.7 232.1 221.8 295.0 416.3 431.1 220.5 320.1 362.8 251.6 448.3 293.8 504.8 212.6 282.5 477.6 317.0 494.3 387.6
2723.6 466.9 407.7 136.5 100.3 177.8 139.6 483.7 488.6 466.5 258.8 204.3 469.1 54.9 289.1 436.8 220.8 245.0 485.4 152.4 101.7 453.6 157.9 482.0 253.0 447.3 333.6 145.9 461.0 229.7 291.4 64.6 137.5 222.9 525.3 189.4 300.6 138.7 200.6 237.7 255.5 101.4 150.7 457.4 156.1 460.9 487.4 395.4 87.8 513.0 520.5 132.4 127.0 489.7 78.7 101.9 535.4 312.8 185.2 81.9 463.3 255.3 122.5 161.1 315.8 423.2 245.4 109.5 319.9 149.7 127.2 482.5 262.2 0.0 80.5 468.6 447.8 449.4 228.7 426.8 343.6 143.4 68.7 373.6 277.9 423.2 423.5 129.0 136.1 514.2 94.8 486.8 148.9 61.6 211.9 418.4 363.7 100.9 456.2 49.8 510.3 357.4 428.5 457.4 99.6 213.2 31.1 158.5 269.9 269.2 177.0 293.4 182.8 132.3 268.7 78.1 197.9 158.9 9.7 68.2 444.7 149.8 105.4 474.8 510.4 181.4 438.7 176.6 295.0 339.8 402.1 226.0 81.6 128.3 145.5 203.0 190.3 501.4 401.3 133.9 195.7 312.1 32.4 450.8 153.5 475.0 88.2 396.3 447.8 230.4 464.5 263.2
2790.1 415.9 356.7 99.0 162.7 240.2 202.0 446.2 451.1 429.0 207.8 145.2 431.6 103.4 251.6 399.3 183.3 207.5 447.9 185.6 140.2 402.6 120.4 431.0 254.6 409.8 282.6 212.1 423.5 262.9 240.4 130.8 100.0 183.5 487.8 151.9 249.6 153.9 266.8 200.2 259.9 167.6 216.9 419.9 105.1 423.4 436.4 357.9 103.0 475.5 483.0 165.6 193.2 452.2 72.1 79.1 497.9 261.8 134.2 97.1 425.8 255.9 62.0 227.3 339.2 385.7 194.4 49.0 268.9 112.2 160.4 445.0 328.4 91.3 0.0 431.1 410.3 398.4 229.3 389.3 306.1 209.6 81.0 336.1 282.3 385.7 386.0 113.8 98.6 476.7 91.5 435.8 111.4 76.8 160.9 380.9 326.2 148.5 418.7 43.2 472.8 306.4 391.0 419.9 162.0 246.4 122.4 121.0 218.9 231.7 224.6 323.4 183.4 198.5 298.7 23.9 245.5 99.8 101.0 17.7 407.2 183.0 67.9 437.3 472.9 247.6 387.7 209.8 244.0 345.2 364.6 259.2 104.4 161.5 211.7 269.2 223.5 463.9 363.8 200.1 228.9 261.1 62.8 399.8 116.0 437.5 86.5 358.8 410.3 296.6 427.0 263.8
2746.1 224.1 194.5 360.0 530.0 581.1 545.5 145.5 221.2 336.7 312.0 432.3 339.3 456.1 371.0 52.0 305.1 326.9 310.6 600.1 423.7 231.9 343.2 124.4 574.5 317.5 248.6 527.5 128.0 632.9 275.6 493.5 381.7 336.1 395.5 312.4 264.4 546.5 588.4 238.3 643.3 489.2 448.3 80.6 382.2 331.1 188.3 265.6 495.6 92.7 390.7 573.3 514.8 112.9 459.4 466.4 120.7 245.8 389.6 486.4 333.5 584.9 398.9 542.7 723.6 38.7 333.4 436.3 293.3 311.8 568.1 352.7 495.5 483.1 443.8 0.0 106.4 227.7 616.6 297.0 213.8 531.2 468.3 455.5 599.4 134.4 293.7 394.8 409.7 99.5 410.8 244.0 393.1 474.6 356.6 210.9 171.8 544.5 173.3 427.5 95.6 244.6 253.7 119.2 505.5 628.2 514.2 402.7 362.1 351.1 590.4 442.8 570.7 513.9 418.1 404.9 611.3 386.9 492.8 461.6 177.3 590.7 387.2 133.5 95.7 569.2 217.0 623.0 383.0 732.5 254.4 635.8 423.7 571.9 533.3 584.6 596.2 427.0 60.6 521.7 632.4 214.8 447.1 208.0 397.7 136.8 530.4 478.2 261.5 618.2 166.2 651.1
2717.1 211.8 182.2 357.6 527.6 578.7 543.1 199.0 218.8 303.1 309.6 429.9 265.3 453.7 368.6 49.6 302.7 324.5 308.2 597.7 421.3 219.6 340.8 179.2 572.1 243.5 246.2 525.1 125.6 630.5 273.2 491.1 379.3 333.7 321.5 310.0 262.0 544.1 586.0 235.9 640.9 486.8 445.9 42.0 379.8 257.1 159.3 263.2 493.2 125.8 316.7 570.9 512.4 74.3 457.0 464.0 148.2 243.4 387.2 484.0 331.1 582.5 396.5 540.3 721.2 36.3 331.0 433.9 290.9 309.4 565.7 278.7 493.1 480.7 441.4 59.8 0.0 215.4 614.2 294.6 211.4 528.8 465.9 453.1 597.0 132.0 291.3 392.4 407.3 127.0 408.4 231.7 390.7 472.2 354.2 208.5 169.4 542.1 170.9 425.1 123.1 232.3 251.3 204.8 503.1 625.8 511.8 400.3 359.7 348.7 588.0 440.4 568.3 511.5 415.7 402.5 608.9 384.5 490.4 459.2 174.9 588.3 384.8 131.1 123.2 566.8 204.7 620.6 380.6 730.1 252.0 633.4 421.3 569.5 530.9 582.2 593.8 398.0 58.2 519.3 630.0 212.4 444.7 195.7 395.3 211.5 528.0 475.8 259.1 615.8 163.8 648.7
2865.8 89.9 63.9 330.8 500.8 551.9 516.3 161.6 362.3 372.1 308.9 429.2 374.7 426.9 377.9 211.7 256.5 297.7 391.0 570.9 394.5 33.6 314.0 109.7 571.4 352.9 219.4 498.3 269.1 603.7 330.1 464.3 352.5 333.0 430.9 283.2 294.6 517.3 561.3 209.1 614.1 460.0 426.0 232.3 406.1 366.5 115.1 301.0 466.4 287.9 426.1 544.1 485.6 264.6 430.2 437.2 310.3 299.2 423.4 457.2 368.9 620.2 420.1 513.5 694.4 198.1 330.3 407.1 264.1 282.6 538.9 388.1 466.3 453.9 414.6 243.5 222.7 0.0 587.4 332.4 249.2 502.0 439.1 426.3 632.9 267.5 329.1 365.6 380.5 289.1 381.6 72.1 363.9 445.4 353.5 324.0 269.3 515.3 314.4 398.0 285.2 114.0 334.1 135.3 476.3 599.0 485.0 373.5 377.7 309.7 561.2 413.6 541.5 480.6 388.9 375.7 582.1 383.8 463.6 432.4 318.4 561.5 358.0 274.6 285.3 540.0 18.7 593.8 379.9 703.3 307.7 606.6 394.5 542.7 504.1 549.3 567.0 397.4 193.7 492.5 603.2 238.6 417.9 78.5 368.5 152.9 501.2 449.0 353.4 589.0 307.3 621.9
2631.5 539.2 480.0 273.6 194.7 189.3 225.8 606.2 611.2 589.1 331.1 268.5 591.7 236.4 426.2 592.2 357.9 382.1 604.4 110.0 285.5 525.9 295.0 554.3 117.4 569.9 405.9 250.3 616.4 148.9 363.7 201.7 274.6 306.8 647.9 326.5 372.9 107.3 265.8 406.1 95.9 223.8 255.1 612.8 228.4 583.5 559.7 518.0 164.5 668.4 643.1 110.4 192.2 645.1 200.7 193.7 690.8 429.0 257.5 173.7 585.9 91.9 197.9 265.5 175.2 578.6 317.7 167.1 392.2 286.8 129.6 605.1 366.6 227.5 211.1 624.0 603.2 521.7 0.0 549.4 466.2 208.6 194.4 510.7 118.3 578.6 546.1 288.4 254.0 669.6 266.1 559.1 286.0 187.3 284.2 541.0 486.3 172.9 578.8 217.8 665.7 429.7 547.5 579.9 194.0 170.4 201.3 295.6 342.2 406.3 177.6 397.8 45.2 236.7 373.1 198.5 198.5 223.1 237.2 228.9 567.3 113.1 242.5 597.4 665.8 246.6 511.0 71.7 367.3 181.2 524.7 183.2 247.4 141.2 168.4 307.4 116.0 630.2 556.7 199.1 116.1 384.4 237.4 523.1 290.6 597.5 173.4 533.4 569.5 295.6 619.9 99.8
2617.7 333.3 274.1 303.9 473.9 525.0 489.4 323.4 217.1 71.7 255.9 376.2 74.3 400.0 307.4 271.5 249.0 270.8 179.2 544.0 367.6 320.0 287.1 302.3 518.4 52.5 192.5 471.4 254.3 576.8 277.1 437.4 325.6 280.0 130.5 256.3 241.6 490.4 532.3 182.2 587.2 433.1 392.2 266.5 326.1 66.1 353.8 37.5 439.5 347.7 125.7 517.2 458.7 298.8 403.3 410.3 370.1 204.7 333.5 430.3 36.4 528.8 342.8 486.6 667.5 258.2 277.3 380.2 237.2 255.7 512.0 87.7 439.4 427.0 387.7 281.7 274.3 315.8 560.5 0.0 146.6 475.1 412.2 399.4 546.9 286.2 78.9 338.7 353.6 348.9 354.7 353.2 337.0 418.5 300.5 146.9 170.8 488.4 184.7 371.1 345.0 223.8 122.3 297.1 449.4 572.1 458.1 346.6 324.7 282.8 534.3 386.7 514.6 457.8 362.0 348.8 555.2 330.8 436.7 411.4 173.2 534.6 331.1 203.3 345.1 513.1 308.6 566.9 326.9 676.4 126.1 579.7 367.6 515.8 477.2 522.4 540.1 527.2 280.1 465.6 576.3 185.6 391.0 317.2 341.6 314.7 474.3 422.1 144.3 562.1 234.5 595.0
2644.8 261.9 202.7 232.5 419.6 453.6 418.0 252.0 194.9 151.1 184.5 304.8 153.7 328.6 279.6 205.1 158.2 199.4 144.1 472.6 296.2 248.6 215.7 230.9 464.1 131.9 121.1 400.0 232.1 505.4 205.7 366.0 254.2 208.6 209.9 184.9 170.2 419.0 463.0 110.8 515.8 361.7 327.7 225.7 254.7 145.5 282.4 80.0 368.1 281.3 205.1 445.8 387.3 258.0 331.9 338.9 427.9 133.3 262.1 358.9 147.9 455.9 271.4 432.3 596.1 191.5 205.9 308.8 143.0 184.3 440.6 184.2 368.0 355.6 316.3 308.8 216.1 244.4 489.1 128.5 0.0 403.7 340.8 328.0 475.5 264.0 108.1 267.3 282.2 282.5 283.3 281.8 265.6 347.1 229.1 118.4 99.3 417.0 162.5 299.7 278.6 152.4 113.1 225.7 378.0 500.7 386.7 275.2 253.3 228.5 462.9 315.3 443.2 382.3 290.6 277.4 483.8 259.4 365.3 340.0 151.0 463.2 259.7 181.1 278.7 441.7 237.2 495.5 255.5 605.0 58.4 508.3 296.2 444.4 405.8 451.0 468.7 472.9 169.6 394.2 504.9 114.2 319.6 245.8 270.2 243.3 402.9 350.7 104.1 490.7 212.3 523.6
2625.1 492.8 433.6 194.7 114.7 75.4 92.0 541.9 546.8 524.7 360.9 319.9 527.3 135.4 347.3 495.0 279.0 303.2 543.6 116.9 147.6 479.5 216.1 520.8 276.1 505.5 435.7 130.4 519.2 149.7 393.5 115.8 195.7 281.1 583.5 247.6 402.7 207.8 57.1 295.9 160.1 43.2 135.2 515.6 231.7 519.1 513.3 453.6 206.9 571.2 578.7 192.7 16.4 547.9 197.8 221.0 593.6 414.9 266.6 201.0 521.5 226.8 245.7 145.6 218.8 481.4 347.5 232.7 422.0 207.9 140.6 540.7 246.7 164.2 199.6 526.8 506.0 475.3 227.4 485.0 401.8 0.0 187.8 431.8 182.5 481.4 481.7 166.5 206.1 572.4 122.7 512.7 207.1 180.7 271.2 476.6 421.9 123.0 514.4 186.9 568.5 383.3 486.7 515.6 125.7 117.3 147.2 216.7 372.0 288.6 106.7 277.9 187.3 116.8 253.2 201.3 85.8 274.5 173.9 187.3 502.9 154.2 147.3 533.0 568.6 37.9 464.6 165.2 397.1 242.8 460.3 104.5 109.5 123.6 50.1 187.5 113.0 510.3 459.5 9.4 149.2 414.2 169.5 476.7 211.7 533.2 148.5 454.5 506.0 86.9 522.7 208.5
2760.4 439.7 380.5 132.0 127.1 204.6 166.4 506.7 484.1 462.0 231.6 169.0 464.6 93.3 284.6 432.3 216.3 240.5 480.9 124.9 140.1 426.4 153.4 454.8 225.5 442.8 306.4 182.7 456.5 202.2 264.2 103.0 133.0 207.3 520.8 184.9 273.4 96.3 239.0 233.2 218.8 139.8 187.5 452.9 128.9 456.4 460.2 390.9 45.4 508.5 516.0 104.9 165.4 485.2 10.0 59.5 530.9 285.6 158.0 39.5 458.8 227.8 85.8 197.9 288.3 418.7 218.2 56.0 292.7 145.2 99.7 478.0 299.0 63.5 69.5 464.1 443.3 422.2 201.2 422.3 339.1 181.8 0.0 369.1 241.2 418.7 419.0 146.8 131.6 509.7 124.5 459.6 144.4 6.2 184.7 413.9 359.2 112.9 451.7 76.2 505.8 330.2 424.0 480.4 126.4 185.7 94.6 154.0 242.7 264.7 189.0 330.2 155.3 169.1 305.5 56.9 209.9 123.6 73.2 75.6 440.2 122.3 100.9 470.3 505.9 219.8 411.5 149.1 267.8 312.3 397.6 198.5 120.0 113.6 183.9 239.8 162.8 496.9 396.8 172.3 168.2 284.9 88.8 423.6 149.0 498.0 76.7 391.8 443.3 268.8 460.0 235.7
2650.0 422.4 363.2 285.9 314.1 383.2 329.6 471.5 476.4 454.3 391.1 505.3 456.9 317.9 219.0 424.6 255.0 174.9 473.2 380.1 333.0 409.1 287.0 450.4 480.7 435.1 279.7 268.0 448.8 435.0 412.3 283.2 381.1 466.5 513.1 262.3 376.8 375.2 390.5 225.5 445.4 291.3 188.8 445.2 417.1 448.7 442.9 383.2 370.6 500.8 508.3 360.1 316.9 477.5 372.0 399.8 523.2 381.4 452.0 379.8 451.1 483.0 431.1 283.2 525.7 411.0 412.5 418.1 264.4 237.7 354.9 470.3 236.0 349.6 385.0 456.4 435.6 404.9 456.4 414.6 331.4 333.3 362.0 0.0 467.8 411.0 411.3 351.9 391.5 502.0 308.1 442.3 392.5 354.9 456.6 406.2 351.5 328.6 444.0 372.3 498.1 312.9 416.3 445.2 289.6 430.3 314.6 402.1 459.9 152.6 392.5 183.3 410.5 254.4 158.6 386.7 413.4 459.9 341.8 372.7 432.5 377.5 332.7 462.6 498.2 371.3 394.2 404.3 462.1 548.7 389.9 437.9 294.9 356.0 335.4 325.1 398.3 374.3 389.1 323.8 423.4 320.8 354.9 406.3 397.1 462.8 315.9 43.4 435.6 420.3 452.3 490.9
2574.3 555.1 495.9 311.6 186.9 153.7 186.6 622.1 627.1 605.0 347.0 288.0 607.6 280.4 500.3 575.3 390.9 420.1 627.5 126.7 292.6 541.8 333.0 570.2 60.2 585.8 421.8 275.4 599.5 113.3 379.6 251.6 312.6 322.7 663.8 364.5 392.4 169.6 232.3 422.0 18.1 188.2 294.4 595.9 244.3 599.4 575.6 533.9 218.5 651.5 659.0 168.7 156.6 628.2 238.7 220.7 673.9 401.0 273.4 227.7 601.8 98.2 213.8 290.6 154.0 561.7 337.2 205.1 430.6 324.8 150.4 624.6 391.7 281.5 249.1 607.1 586.3 537.6 119.5 568.9 509.1 173.0 247.6 548.7 0.0 561.7 562.0 326.4 269.9 652.7 267.7 578.6 324.0 237.2 300.1 550.6 502.2 177.8 594.7 255.5 648.8 445.6 570.6 595.8 223.9 134.8 251.2 337.2 358.1 432.1 142.0 422.9 107.5 257.7 398.2 236.5 162.9 239.0 291.2 272.8 583.2 140.2 280.5 613.3 648.9 211.0 530.4 125.8 383.2 163.6 544.2 147.6 254.5 155.2 129.2 322.8 99.0 651.7 539.8 163.5 114.8 400.3 275.4 539.0 321.5 613.4 223.3 571.4 586.3 260.0 603.0 102.9
2809.7 264.9 235.3 331.4 501.4 552.5 516.9 186.3 188.9 308.1 283.4 403.7 310.7 427.5 342.4 139.4 276.5 298.3 278.3 571.5 395.1 272.7 314.6 165.2 545.9 288.9 220.0 498.9 37.8 604.3 247.0 464.9 353.1 307.5 366.9 283.8 235.8 517.9 559.8 209.7 614.7 460.6 419.7 160.0 353.6 302.5 256.5 237.0 467.0 215.6 362.1 544.7 486.2 192.3 430.8 437.8 238.0 217.2 361.0 457.8 304.9 556.3 370.3 514.1 695.0 125.8 304.8 407.7 264.7 283.2 539.5 324.1 466.9 454.5 415.2 171.2 150.4 268.5 588.0 268.4 185.2 502.6 439.7 426.9 570.8 0.0 265.1 366.2 381.1 216.8 382.2 284.8 364.5 446.0 328.0 161.0 143.2 515.9 123.4 398.9 212.9 285.4 221.4 160.0 476.9 599.6 485.6 374.1 333.5 322.5 561.8 414.2 542.1 485.3 389.5 376.3 582.7 358.3 464.2 433.0 145.0 562.1 358.6 101.2 213.0 540.6 257.8 594.4 354.4 703.9 225.8 607.2 395.1 543.3 504.7 556.0 567.6 516.0 122.4 493.1 603.8 186.2 418.5 248.8 369.1 177.6 501.8 449.6 229.2 589.6 64.8 622.5
2618.2 333.8 274.6 304.4 474.4 525.5 489.9 323.9 217.6 96.0 256.4 376.7 98.6 400.5 307.9 272.0 249.5 271.3 179.7 544.5 368.1 320.5 287.6 302.8 518.9 76.8 193.0 471.9 254.8 577.3 277.6 437.9 326.1 280.5 154.8 256.8 242.1 490.9 532.8 182.7 587.7 433.6 392.7 267.0 326.6 90.4 354.3 38.0 440.0 348.2 150.0 517.7 459.2 299.3 403.8 410.8 370.6 205.2 334.0 430.8 50.5 529.3 343.3 487.1 668.0 258.7 277.8 380.7 237.7 256.2 512.5 112.0 439.9 427.5 388.2 282.2 274.8 316.3 561.0 56.3 120.1 475.6 412.7 399.9 547.4 286.7 0.0 339.2 354.1 349.4 355.2 353.7 337.5 419.0 301.0 147.4 171.3 488.9 185.2 371.6 345.5 224.3 122.8 297.6 449.9 572.6 458.6 347.1 325.2 283.3 534.8 387.2 515.1 458.3 362.5 349.3 555.7 331.3 437.2 411.9 173.7 535.1 331.6 203.8 345.6 513.6 305.6 567.4 327.4 676.9 126.6 580.2 368.1 516.3 477.7 522.9 540.6 527.7 280.6 466.1 576.8 186.1 391.5 317.7 342.1 315.2 474.8 422.6 144.8 562.6 235.0 595.5
2747.1 354.1 294.9 38.0 166.9 218.0 182.4 403.2 408.1 386.0 249.4 219.5 388.6 109.9 208.6 356.3 122.3 164.5 404.9 237.0 28.8 340.8 59.4 382.1 333.5 366.8 211.4 170.6 380.5 269.8 282.0 136.0 77.7 163.1 444.8 90.9 291.2 228.0 225.3 157.2 280.2 126.1 175.4 376.9 131.3 380.4 374.6 314.9 181.4 432.5 440.0 212.9 151.7 409.2 155.4 162.4 454.9 303.4 148.6 175.5 382.8 339.2 145.3 185.8 360.5 342.7 242.4 132.3 196.1 69.2 207.7 402.0 286.9 138.7 139.8 388.1 367.3 336.6 312.6 346.3 263.1 168.1 162.3 293.1 302.6 342.7 343.0 0.0 105.7 433.7 51.3 374.0 89.1 155.2 153.2 337.9 283.2 181.4 375.7 114.1 429.8 244.6 348.0 376.9 142.4 265.1 167.4 98.7 268.7 188.7 227.3 280.4 266.7 157.0 255.7 100.9 248.2 174.1 148.4 157.6 364.2 230.3 55.9 394.3 429.9 206.1 325.9 257.1 292.0 383.5 321.6 272.7 60.6 208.8 170.2 227.7 233.1 420.9 320.8 158.6 269.3 252.5 118.3 338.0 93.7 394.5 168.7 315.8 367.3 255.1 384.0 328.6
2780.9 362.8 303.6 89.8 201.5 252.6 217.0 429.8 434.8 412.7 154.7 122.1 415.3 115.8 242.4 383.0 174.1 198.3 431.6 253.0 131.0 349.5 111.2 377.9 264.3 393.5 229.5 205.2 407.2 304.4 187.3 153.2 90.8 130.4 471.5 142.7 196.5 206.2 259.9 229.7 306.9 160.7 210.0 403.6 25.6 407.1 383.3 341.6 155.3 459.2 466.7 233.0 186.3 435.9 119.1 126.1 481.6 208.7 81.1 146.1 409.5 302.9 109.0 220.4 386.2 369.4 141.3 96.0 215.8 103.0 227.8 428.7 321.5 142.8 103.5 414.8 394.0 345.3 276.3 373.0 289.8 202.7 128.0 326.9 329.3 369.4 369.7 104.6 0.0 460.4 82.3 382.7 102.2 134.3 107.8 364.6 309.9 216.0 402.4 87.2 456.5 253.3 374.7 403.5 177.0 299.7 173.9 111.8 165.8 222.5 261.9 314.2 230.4 191.6 289.5 64.6 282.8 76.7 152.5 121.3 390.9 250.4 58.7 421.0 456.6 240.7 334.6 282.7 190.9 392.2 348.3 307.3 95.2 241.7 204.8 262.3 267.7 454.7 347.5 193.2 303.9 208.0 106.8 346.7 106.8 421.1 190.1 349.6 394.0 289.7 410.7 310.8
2895.1 277.2 247.6 413.1 583.1 634.2 598.6 198.6 274.3 389.8 365.1 485.4 392.4 509.2 424.1 85.4 358.2 380.0 363.7 653.2 476.8 285.0 396.3 177.5 627.6 370.6 301.7 580.6 181.1 686.0 328.7 546.6 434.8 389.2 448.6 365.5 317.5 599.6 641.5 291.4 696.4 542.3 501.4 169.8 435.3 384.2 268.8 318.7 548.7 111.5 443.8 626.4 567.9 202.1 512.5 519.5 64.4 298.9 442.7 539.5 386.6 638.0 452.0 595.8 776.7 141.5 386.5 489.4 346.4 364.9 621.2 405.8 548.6 536.2 496.9 105.4 136.1 280.8 669.7 350.1 266.9 584.3 521.4 508.6 652.5 187.5 346.8 447.9 462.8 0.0 463.9 297.1 446.2 527.7 409.7 264.0 224.9 597.6 226.4 480.6 84.8 297.7 306.8 172.3 558.6 681.3 567.3 455.8 415.2 404.2 643.5 495.9 623.8 567.0 471.2 458.0 664.4 440.0 545.9 514.7 230.4 643.8 440.3 186.6 39.4 622.3 270.1 676.1 436.1 785.6 307.5 688.9 476.8 625.0 586.4 637.7 649.3 501.7 113.7 574.8 685.5 267.9 500.2 261.1 450.8 189.9 583.5 531.3 314.6 671.3 219.3 704.2
2700.5 370.0 310.8 71.9 119.1 170.2 134.6 419.1 424.0 401.9 238.1 197.1 404.5 64.4 224.5 372.2 156.2 180.4 420.8 189.2 48.6 356.7 93.3 398.0 285.7 382.7 312.9 122.8 396.4 222.0 270.7 88.2 72.9 158.3 460.7 124.8 279.9 180.2 177.5 173.1 232.4 78.3 127.6 392.8 108.9 396.3 390.5 330.8 135.9 448.4 455.9 165.1 103.9 425.1 126.8 140.0 470.8 292.1 143.8 130.0 398.7 299.1 122.9 138.0 312.7 358.6 224.7 109.9 299.2 85.1 159.9 417.9 239.1 93.2 117.4 404.0 383.2 352.5 261.4 362.2 279.0 120.3 116.8 309.0 254.8 358.6 358.9 50.8 83.3 449.6 0.0 389.9 84.3 109.7 148.4 353.8 299.1 133.6 391.6 84.3 445.7 260.5 363.9 392.8 94.6 217.3 119.6 93.9 249.2 204.6 179.5 270.3 215.5 109.2 245.6 78.5 200.4 151.7 102.9 116.3 380.1 182.5 24.5 410.2 445.8 158.3 341.8 209.3 274.3 335.7 337.5 224.9 12.8 161.0 122.4 179.9 185.3 436.8 336.7 110.8 221.5 291.4 88.5 353.9 88.9 410.4 120.9 331.7 383.2 207.3 399.9 280.8
2869.0 19.8 88.1 355.0 525.0 576.1 540.5 164.7 365.4 396.3 333.1 453.4 398.9 451.1 358.5 214.8 280.7 321.9 415.2 595.1 418.7 48.4 338.2 112.8 595.6 377.1 243.6 522.5 272.2 627.9 354.3 488.5 376.7 357.2 455.1 307.4 318.8 541.5 585.5 233.3 638.3 484.2 450.2 235.4 430.3 390.7 118.2 325.2 490.6 291.0 450.3 568.3 509.8 267.7 454.4 461.4 313.4 323.4 447.6 481.4 393.1 644.4 444.3 537.7 718.6 201.2 354.5 431.3 288.3 306.8 563.1 412.3 490.5 478.1 438.8 246.6 225.8 90.5 611.6 356.6 273.4 526.2 463.3 450.5 657.1 270.6 353.3 389.8 404.7 292.2 405.8 0.0 388.1 469.6 377.7 348.2 293.5 539.5 317.5 422.2 288.3 138.2 358.3 138.4 500.5 623.2 509.2 397.7 401.9 333.9 585.4 437.8 565.7 504.8 413.1 399.9 606.3 408.0 487.8 456.6 321.5 585.7 382.2 277.7 288.4 564.2 59.8 618.0 404.1 727.5 331.9 630.8 418.7 566.9 528.3 573.5 591.2 400.5 196.8 516.7 627.4 262.8 442.1 35.9 392.7 156.0 525.4 473.2 377.6 613.2 310.4 646.1
2751.7 368.3 309.1 60.6 199.9 251.0 215.4 435.3 412.7 390.6 160.2 193.4 393.2 126.0 213.2 360.9 144.9 169.1 409.5 270.0 104.3 355.0 82.0 383.4 311.8 371.4 235.0 203.6 385.1 302.8 192.8 163.4 9.4 73.9 449.4 113.5 202.0 216.4 258.3 161.8 313.2 159.1 208.4 381.5 105.2 385.0 388.8 319.5 165.5 437.1 444.6 243.2 184.7 413.8 129.3 136.3 459.5 214.2 76.7 156.3 387.4 313.1 119.2 218.8 393.5 347.3 153.2 106.2 221.3 73.8 238.0 406.6 319.9 153.0 113.7 392.7 371.9 350.8 286.5 350.9 267.7 201.1 138.2 297.7 335.6 347.3 347.6 75.4 79.6 438.3 80.7 388.2 0.0 144.5 64.0 342.5 287.8 214.4 380.3 97.4 434.4 258.8 352.6 409.0 175.4 298.1 184.1 9.6 179.5 193.3 260.3 285.0 240.6 190.0 260.3 74.8 281.2 148.0 162.7 131.5 368.8 260.6 57.1 398.9 434.5 239.1 340.1 292.9 202.8 402.4 326.2 305.7 93.6 241.8 203.2 260.7 266.1 425.5 325.4 191.6 302.3 213.5 117.0 352.2 21.8 426.6 200.3 320.4 371.9 288.1 388.6 321.0
2754.1 446.8 387.6 139.1 120.8 198.3 160.1 513.8 491.2 469.1 238.7 176.1 471.7 87.0 291.7 439.4 223.4 247.6 488.0 118.6 133.8 433.5 160.5 461.9 219.2 449.9 313.5 176.4 463.6 195.9 271.3 96.7 140.1 214.4 527.9 192.0 280.5 90.0 232.7 240.3 212.5 133.5 181.2 460.0 136.0 463.5 467.3 398.0 39.1 515.6 523.1 98.6 159.1 492.3 17.1 53.2 538.0 292.7 165.1 33.2 465.9 221.5 92.9 191.6 282.0 425.8 225.3 63.1 299.8 152.3 93.4 485.1 292.7 57.2 76.6 471.2 450.4 429.3 194.9 429.4 346.2 175.5 7.0 376.2 234.9 425.8 426.1 153.9 138.7 516.8 126.9 466.7 151.5 0.0 191.8 421.0 366.3 106.6 458.8 83.3 512.9 337.3 431.1 487.5 120.1 179.4 88.3 161.1 249.8 271.8 182.7 323.9 149.0 162.8 299.2 64.0 203.6 130.7 66.9 69.3 447.3 116.0 108.0 477.4 513.0 213.5 418.6 142.8 274.9 306.0 404.7 192.2 113.7 107.3 177.6 233.5 156.5 504.0 403.9 166.0 161.9 292.0 82.5 430.7 156.1 505.1 70.4 398.9 450.4 262.5 467.1 229.4
2804.8 312.4 253.2 113.7 253.0 304.1 268.5 379.4 384.4 362.3 104.3 153.1 364.9 179.1 266.3 332.6 198.0 222.2 381.2 323.1 157.4 299.1 135.1 327.5 295.3 343.1 179.1 256.7 356.8 355.9 136.9 216.5 62.4 80.0 421.1 166.6 146.1 269.5 311.4 179.3 366.3 212.2 261.5 353.2 158.3 356.7 332.9 291.2 218.6 408.8 416.3 296.3 237.8 385.5 182.4 189.4 431.2 158.3 129.8 209.4 359.1 366.2 172.3 271.9 446.6 319.0 90.9 159.3 165.4 126.9 291.1 378.3 373.0 206.1 166.8 364.4 343.6 294.9 339.6 322.6 239.4 254.2 191.3 350.8 388.7 319.0 319.3 128.5 132.7 410.0 133.8 332.3 53.0 197.6 0.0 314.2 259.5 267.5 352.0 150.5 406.1 202.9 324.3 353.1 228.5 351.2 237.2 45.0 115.4 246.4 313.4 338.1 293.7 243.1 313.4 127.9 334.3 107.7 215.8 184.6 340.5 313.7 110.2 370.6 406.2 292.2 284.2 346.0 140.5 455.5 297.9 358.8 146.7 294.9 256.3 313.8 319.2 478.6 297.1 244.7 355.4 157.6 170.1 296.3 74.9 370.7 253.4 373.5 343.6 341.2 360.3 374.1
2641.8 323.9 288.0 302.5 466.2 523.6 488.0 239.0 76.4 166.1 254.5 368.5 168.7 398.6 349.6 184.1 228.2 269.4 104.1 542.6 366.2 325.4 285.7 217.9 517.0 146.9 191.1 470.0 107.3 575.4 275.7 436.0 324.2 278.6 224.9 254.9 240.2 489.0 533.0 180.8 585.8 431.7 397.7 211.0 324.7 160.5 309.2 95.0 438.1 266.6 220.1 515.8 457.3 237.0 401.9 408.9 282.7 203.3 332.1 428.9 162.9 525.9 341.4 478.9 666.1 170.5 275.9 378.8 213.0 254.3 510.6 182.1 438.0 425.6 386.3 305.8 195.1 321.2 559.1 120.1 95.2 473.7 410.8 398.0 545.5 139.2 123.1 337.3 352.2 261.5 353.3 337.5 335.6 417.1 299.1 0.0 54.3 487.0 49.2 369.7 257.6 222.4 53.5 212.7 448.0 570.7 456.7 345.2 323.3 275.1 532.9 385.3 513.2 452.3 360.6 347.4 553.8 329.4 435.3 410.0 26.2 533.2 329.7 56.3 257.7 511.7 314.0 565.5 325.5 675.0 56.9 578.3 366.2 514.4 475.8 514.7 538.7 560.7 154.1 464.2 574.9 184.2 389.6 301.5 340.2 230.3 472.9 420.7 61.4 560.7 99.0 593.6
2686.0 277.5 218.3 248.1 418.1 469.2 433.6 293.7 124.8 201.6 200.1 320.4 204.2 344.2 259.1 238.8 193.2 215.0 154.6 488.2 311.8 264.2 231.3 272.6 462.6 182.4 136.7 415.6 162.0 521.0 221.3 381.6 269.8 224.2 260.4 200.5 185.8 434.6 476.5 126.4 531.4 377.3 336.4 259.4 270.3 196.0 298.0 130.5 383.7 315.0 255.6 461.4 402.9 291.7 347.5 354.5 337.4 148.9 277.7 374.5 198.4 473.0 287.0 430.8 611.7 225.2 221.5 324.4 181.4 199.9 456.2 217.6 383.6 371.2 331.9 270.6 249.8 260.0 504.7 161.9 78.7 419.3 356.4 343.6 487.5 193.9 158.6 282.9 297.8 316.2 298.9 297.4 281.2 362.7 244.7 54.6 0.0 432.6 92.4 315.6 312.3 168.0 97.7 267.4 393.6 516.3 402.3 290.8 268.9 239.2 478.5 330.9 458.8 402.0 306.2 293.0 499.4 275.0 380.9 349.7 80.9 478.8 275.3 111.0 312.4 457.3 249.3 511.1 271.1 620.6 97.6 523.9 311.8 460.0 421.4 472.7 484.3 471.4 208.8 409.8 520.5 129.8 335.2 261.4 285.8 285.0 418.5 366.3 105.6 506.3 142.2 539.2
2700.2 545.9 486.7 204.8 66.9 105.7 106.2 552.0 556.9 534.8 337.8 275.2 537.4 108.6 357.4 505.1 289.1 313.3 553.7 85.6 157.7 532.6 226.2 530.9 262.9 515.6 412.6 122.5 529.3 136.5 370.4 73.9 205.8 291.2 593.6 257.7 379.6 119.3 182.2 306.0 146.9 96.0 127.3 525.7 235.1 529.2 566.4 463.7 114.7 581.3 588.8 104.2 108.6 558.0 116.1 143.9 603.7 391.8 264.2 123.9 531.6 192.6 192.0 137.7 227.2 491.5 324.4 162.2 398.9 218.0 85.2 550.8 238.8 113.1 130.9 536.9 516.1 528.4 174.2 495.1 411.9 125.0 106.1 345.9 169.3 491.5 491.8 176.6 216.2 582.5 132.8 565.8 217.2 99.0 281.3 486.7 432.0 0.0 524.5 163.0 578.6 436.4 496.8 525.7 66.2 131.8 73.5 226.8 348.9 280.7 76.0 270.0 134.1 108.9 245.3 154.9 96.9 229.8 100.7 118.6 513.0 98.1 157.4 543.1 578.7 163.0 517.7 91.8 374.0 250.2 470.4 144.6 119.6 59.2 84.8 179.6 99.8 502.4 469.6 115.5 126.4 391.1 145.6 529.8 221.8 543.3 60.0 368.6 516.1 212.0 532.8 195.3
2687.9 302.2 272.6 348.6 518.6 569.7 534.1 223.6 107.7 212.2 300.6 420.9 214.8 444.7 359.6 168.7 293.7 315.5 156.5 588.7 412.3 310.0 331.8 202.5 563.1 193.0 237.2 516.1 91.9 621.5 325.4 482.1 370.3 324.7 271.0 301.0 286.3 535.1 577.0 226.9 631.9 477.8 436.9 189.3 370.8 206.6 293.8 141.1 484.2 244.9 266.2 561.9 503.4 221.6 448.0 455.0 267.3 295.6 378.2 475.0 209.0 573.5 387.5 531.3 712.2 155.1 322.0 424.9 281.9 300.4 556.7 228.2 484.1 471.7 432.4 200.5 179.7 305.8 605.2 172.5 158.4 519.8 456.9 444.1 588.0 123.8 169.2 383.4 398.3 246.1 399.4 322.1 381.7 463.2 345.2 37.5 100.4 533.1 0.0 416.1 242.2 322.7 99.6 197.3 494.1 616.8 502.8 391.3 369.4 339.7 579.0 431.4 559.3 502.5 406.7 393.5 599.9 375.5 481.4 450.2 63.8 579.3 375.8 91.0 242.3 557.8 295.1 611.6 371.6 721.1 109.3 624.4 412.3 560.5 521.9 573.2 584.8 545.3 138.7 510.3 621.0 230.3 435.7 286.1 386.3 214.9 519.0 466.8 107.5 606.8 49.7 639.7
2777.7 416.7 357.8 86.6 155.9 241.7 195.2 433.8 438.4 416.6 208.9 154.4 419.2 81.4 275.3 386.9 165.9 195.1 435.5 208.0 111.3 403.7 108.0 432.1 264.9 397.4 283.7 194.3 411.1 293.5 241.5 113.0 87.3 173.0 475.4 139.5 250.7 167.1 251.1 187.8 270.5 149.8 213.3 407.2 106.2 411.0 437.5 345.5 116.2 462.8 470.3 188.0 175.4 439.8 82.7 89.7 485.2 262.9 135.3 109.7 413.4 272.7 72.6 209.5 349.5 373.3 195.5 59.6 292.5 99.8 182.8 432.6 310.6 55.5 67.1 418.7 397.9 399.2 239.9 376.9 320.7 191.8 91.6 323.7 289.3 373.3 373.3 101.4 86.2 464.3 79.1 436.6 99.0 90.0 162.0 362.2 313.8 156.5 406.3 0.0 460.4 307.5 378.6 407.5 155.2 268.8 86.9 108.3 220.0 207.1 232.6 311.0 194.0 176.6 286.3 28.2 253.5 109.0 65.2 90.8 394.8 205.4 55.5 424.9 460.5 229.8 392.3 246.3 245.1 355.8 352.2 296.4 92.0 183.9 193.9 245.3 256.8 451.5 351.4 182.3 251.3 261.9 19.5 400.9 103.6 425.1 117.7 346.4 397.9 278.8 414.6 274.4
2879.2 261.3 231.7 397.2 567.2 618.3 582.7 182.7 258.4 373.9 349.2 469.5 376.5 493.3 408.2 69.5 342.3 364.1 347.8 637.3 460.9 269.1 380.4 161.6 611.7 354.7 285.8 564.7 165.2 670.1 312.8 530.7 418.9 373.3 432.7 349.6 301.6 583.7 625.6 275.5 680.5 526.4 485.5 153.9 419.4 368.3 252.9 302.8 532.8 61.8 427.9 610.5 552.0 186.2 496.6 503.6 60.1 283.0 426.8 523.6 370.7 622.1 436.1 579.9 760.8 125.6 370.6 473.5 330.5 349.0 605.3 389.9 532.7 520.3 481.0 89.5 120.2 264.9 653.8 334.2 251.0 568.4 505.5 492.7 636.6 171.6 330.9 432.0 446.9 92.8 448.0 281.2 430.3 511.8 393.8 248.1 209.0 581.7 210.5 464.7 0.0 281.8 290.9 156.4 542.7 665.4 551.4 439.9 399.3 388.3 627.6 480.0 607.9 551.1 455.3 442.1 648.5 424.1 530.0 498.8 214.5 627.9 424.4 170.7 71.5 606.4 254.2 660.2 420.2 769.7 291.6 673.0 460.9 609.1 570.5 621.8 633.4 485.8 97.8 558.9 669.6 252.0 484.3 245.2 434.9 174.0 567.6 515.4 298.7 655.4 203.4 688.3
2751.7 109.4 50.2 216.7 386.7 437.8 402.2 176.4 280.1 258.0 194.8 315.1 260.6 312.8 227.7 228.3 161.8 183.6 276.9 456.8 280.4 96.1 199.9 124.5 457.3 238.8 105.3 384.2 252.5 489.6 216.0 350.2 238.4 218.9 316.8 169.1 180.5 403.2 445.1 95.0 500.0 345.9 305.0 248.9 292.0 252.4 129.9 186.9 352.3 304.5 312.0 430.0 371.5 281.2 316.1 323.1 326.9 185.1 309.3 343.1 254.8 499.9 306.0 399.4 580.3 214.7 216.2 293.0 150.0 168.5 424.8 274.0 352.2 339.8 300.5 260.1 239.3 91.9 473.3 218.3 135.1 387.9 325.0 312.2 522.4 214.7 215.0 251.5 266.4 305.7 267.5 129.3 249.8 331.3 239.4 209.9 155.2 401.2 247.7 284.2 301.8 0.0 220.0 150.1 362.2 484.9 370.9 259.4 263.6 207.8 447.1 299.5 427.4 370.6 274.8 261.6 468.0 269.7 349.5 318.3 236.2 447.4 243.9 266.3 301.9 425.9 81.2 479.7 265.8 589.2 193.6 492.5 280.4 428.6 390.0 441.3 452.9 412.2 192.8 378.4 489.1 124.5 303.8 93.3 254.4 167.7 387.1 334.9 239.3 474.9 256.0 507.8
2619.7 341.4 282.2 312.0 482.0 533.1 497.5 315.1 146.2 144.0 264.0 384.3 146.6 408.1 315.5 273.5 257.1 278.9 56.8 552.1 375.7 328.1 295.2 294.0 526.5 124.8 200.6 479.5 183.4 584.9 285.2 445.5 333.7 288.1 202.8 264.4 249.7 498.5 540.4 190.3 595.3 441.2 400.3 268.5 334.2 138.4 356.8 72.9 447.6 349.7 198.0 525.3 466.8 300.8 411.4 418.4 372.1 212.8 341.6 438.4 140.8 536.9 350.9 494.7 675.6 260.2 285.4 388.3 245.3 263.8 520.1 160.0 447.5 435.1 395.8 283.7 276.3 323.9 568.6 104.3 104.3 483.2 420.3 407.5 555.0 215.3 101.0 346.8 361.7 350.9 362.8 361.3 345.1 426.6 308.6 76.0 99.9 496.5 113.8 379.2 347.0 231.9 0.0 288.8 457.5 580.2 466.2 354.7 332.8 290.9 542.4 394.8 522.7 465.9 370.1 356.9 563.3 338.9 444.8 419.5 102.3 542.7 339.2 132.4 347.1 521.2 313.2 575.0 335.0 684.5 55.2 587.8 375.7 523.9 485.3 530.5 548.2 595.5 230.2 473.7 584.4 193.7 399.1 325.3 349.7 306.4 482.4 430.2 73.4 570.2 163.6 603.1
2774.7 131.6 102.0 368.9 538.9 590.0 554.4 26.2 229.6 337.1 347.0 467.3 322.9 465.0 379.9 79.0 314.0 335.8 319.0 609.0 432.6 139.4 352.1 37.8 609.5 301.1 257.5 536.4 136.4 641.8 276.0 502.4 390.6 371.1 379.1 321.3 264.8 555.4 597.3 247.2 652.2 498.1 457.2 99.6 444.2 314.7 96.4 266.0 504.5 155.2 374.3 582.2 523.7 131.9 468.3 475.3 177.6 246.2 461.5 495.3 333.9 652.1 458.2 551.6 732.5 65.4 368.4 445.2 302.2 320.7 577.0 336.3 504.4 492.0 452.7 110.8 90.0 135.2 625.5 297.4 214.2 540.1 477.2 464.4 674.6 134.8 294.1 403.7 418.6 156.4 419.7 151.5 402.0 483.5 391.6 219.3 172.2 553.4 181.7 436.4 152.5 152.1 262.1 0.0 514.4 637.1 523.1 411.6 362.5 360.0 599.3 451.7 579.6 522.8 427.0 413.8 620.2 421.9 501.7 470.5 185.7 599.6 396.1 141.9 152.6 578.1 124.5 631.9 418.0 741.4 254.8 644.7 432.6 580.8 542.2 593.5 605.1 396.7 61.0 530.6 641.3 215.2 456.0 115.5 406.6 17.5 539.3 487.1 269.9 627.1 174.6 660.0
2661.0 463.7 404.5 165.6 71.5 144.5 39.9 512.8 517.7 495.6 331.8 282.1 498.2 75.3 318.2 465.9 249.9 274.1 514.5 163.5 118.5 450.4 187.0 491.7 238.1 476.4 406.6 83.3 490.1 196.3 364.4 40.6 166.6 252.0 554.4 218.5 373.6 132.6 156.0 266.8 206.7 56.8 88.1 486.5 202.6 490.0 484.2 424.5 128.0 542.1 549.6 117.5 82.4 518.8 129.4 157.2 564.5 385.8 237.5 137.2 492.4 240.4 205.3 98.5 287.0 452.3 318.4 175.5 392.9 178.8 112.3 511.6 199.6 111.6 144.2 497.7 476.9 446.2 213.8 455.9 372.7 98.8 119.4 306.7 229.1 452.3 452.6 137.4 177.0 543.3 93.6 483.6 178.0 112.3 242.1 447.5 392.8 86.0 485.3 144.8 539.4 354.2 457.6 486.5 0.0 191.6 72.0 187.6 342.9 241.5 153.8 230.8 167.9 69.7 206.1 163.5 174.7 236.7 99.2 131.9 473.8 134.9 118.2 503.9 539.5 136.8 435.5 181.6 368.0 310.0 431.2 203.4 80.4 113.4 96.7 140.4 159.6 463.2 430.4 89.3 195.8 385.1 127.4 447.6 182.6 504.1 73.3 329.4 476.9 185.8 493.6 255.1
2651.1 618.1 558.9 291.7 142.5 105.7 142.2 638.9 643.8 621.7 410.0 347.4 624.3 220.3 444.3 592.0 376.0 400.2 640.6 60.7 244.6 604.8 313.1 633.2 237.9 602.5 484.8 234.2 616.2 74.8 442.6 185.6 292.7 378.1 680.5 344.6 451.8 176.3 174.1 392.9 121.9 140.2 239.0 612.6 307.3 616.1 638.6 550.6 171.7 668.2 675.7 178.7 108.6 644.9 188.3 200.9 690.6 495.6 336.4 180.9 618.5 188.6 264.2 249.4 102.5 578.4 396.6 221.0 471.1 304.9 84.4 637.7 350.5 213.5 228.2 623.8 603.0 600.6 189.2 582.0 498.8 125.0 178.3 528.8 144.3 578.4 578.7 263.5 303.1 669.4 219.7 638.0 304.1 171.2 363.1 573.6 518.9 129.8 611.4 254.6 665.5 508.6 583.7 612.6 175.9 0.0 185.2 313.7 421.1 392.4 70.7 381.7 149.1 220.6 357.0 235.3 56.7 302.0 212.4 215.9 599.9 115.3 244.3 630.0 665.6 154.9 589.9 109.0 446.2 126.5 557.3 12.7 206.5 107.2 84.8 291.3 74.2 614.1 556.5 115.5 110.4 463.3 238.8 602.0 308.7 630.2 157.3 551.5 603.0 203.9 619.7 170.3
2702.5 506.5 447.3 176.1 69.2 146.7 108.5 523.3 528.2 506.1 298.4 243.9 508.7 94.5 328.7 476.4 260.4 284.6 525.0 121.3 141.3 493.2 197.5 521.6 221.9 486.9 373.2 124.8 500.6 198.6 331.0 104.2 177.1 262.5 564.9 229.0 340.2 116.4 197.5 277.3 215.2 98.3 129.6 497.0 195.7 500.5 527.0 435.0 111.8 552.6 560.1 101.3 123.9 529.3 113.2 141.0 575.0 352.4 224.8 121.0 502.9 224.2 162.1 140.0 284.7 462.8 285.0 149.1 382.0 189.3 96.1 522.1 241.1 39.5 120.1 508.2 487.4 489.0 197.6 466.4 410.2 140.3 103.2 413.2 234.0 462.8 463.1 168.6 175.7 553.8 134.4 526.4 188.5 96.1 251.5 458.0 403.3 69.8 495.8 89.7 549.9 397.0 468.1 497.0 68.5 182.1 0.0 198.1 309.5 296.6 145.9 272.3 151.7 107.1 247.6 117.7 166.8 198.5 27.1 107.8 484.3 118.7 145.0 514.4 550.0 178.3 481.8 145.5 334.6 308.7 441.7 194.9 121.2 97.2 142.4 175.8 159.2 504.7 440.9 130.8 164.6 351.7 72.0 490.4 193.1 514.6 57.1 435.9 487.4 227.3 504.1 232.1
2759.7 358.7 299.5 68.6 207.9 259.0 223.4 425.7 420.7 398.6 150.6 201.4 401.2 134.0 213.7 368.9 152.9 177.1 417.5 278.0 112.3 345.4 90.0 373.8 319.8 379.4 225.4 211.6 393.1 310.8 183.2 171.4 17.3 64.3 457.4 121.5 192.4 224.4 266.3 169.8 321.2 167.1 216.4 389.5 113.2 393.0 379.2 327.5 173.5 445.1 452.6 251.2 192.7 421.8 137.3 144.3 467.5 204.6 84.7 164.3 395.4 321.1 127.2 226.8 401.5 355.3 143.6 114.2 234.2 81.8 246.0 414.6 327.9 161.0 121.7 400.7 379.9 341.2 294.5 358.9 275.7 209.1 146.2 305.7 340.0 355.3 355.6 83.4 87.6 446.3 88.7 378.6 7.9 152.5 54.4 344.2 295.8 222.4 388.3 105.4 442.4 249.2 360.6 399.4 183.4 306.1 192.1 0.0 169.9 189.1 268.3 293.0 248.6 193.9 268.3 82.8 289.2 156.0 170.7 145.4 376.8 268.6 65.1 406.9 442.5 247.1 330.5 300.9 193.2 410.4 334.2 313.7 101.6 249.8 211.2 262.6 274.1 433.5 333.4 199.6 310.3 203.9 125.0 342.6 29.8 417.0 208.3 328.4 379.9 296.1 396.6 329.0
2729.6 340.0 280.8 235.5 372.2 425.6 390.0 363.4 386.3 364.2 131.9 197.4 366.8 280.8 372.9 316.5 307.0 328.8 383.1 363.9 279.2 326.7 256.9 342.3 339.6 345.0 250.5 378.2 340.7 428.2 183.1 318.2 184.2 107.6 423.0 314.3 208.0 298.5 432.9 240.2 386.3 333.7 383.0 337.1 147.3 358.6 360.5 293.1 254.1 392.7 418.2 330.9 359.3 369.4 236.1 224.9 415.1 153.3 154.7 244.9 361.0 350.0 164.0 393.4 471.1 302.9 32.7 209.3 193.0 248.7 338.7 380.2 497.4 283.8 229.7 348.3 327.5 322.5 345.8 324.5 241.3 375.7 245.0 457.4 364.5 302.9 321.2 250.3 172.9 393.9 255.3 359.9 174.8 251.3 121.7 316.1 261.4 358.0 353.9 228.2 390.0 230.5 326.2 337.1 350.0 424.7 314.9 166.8 0.0 353.0 434.9 444.7 315.3 364.6 420.0 205.6 455.8 152.0 293.5 247.5 342.4 348.3 231.7 379.4 390.1 413.7 311.8 367.6 88.9 477.1 299.8 437.5 268.2 358.7 377.8 435.3 388.8 585.2 281.0 366.2 394.2 180.2 247.8 323.9 196.7 354.7 316.3 480.1 345.5 462.7 344.2 379.4
2570.5 300.1 240.9 163.6 234.6 303.7 250.1 349.2 354.1 332.0 268.8 327.1 334.6 238.4 96.7 302.3 132.7 52.6 350.9 300.6 253.5 286.8 164.7 328.1 401.2 312.8 157.4 188.5 326.5 355.5 290.0 203.7 185.3 270.7 390.8 140.0 254.5 295.7 311.0 103.2 365.9 211.8 109.3 322.9 238.9 326.4 320.6 260.9 291.1 378.5 386.0 280.6 237.4 355.2 292.5 270.0 400.9 259.1 256.2 300.3 328.8 403.5 252.9 203.7 446.2 288.7 290.2 239.9 142.1 115.4 275.4 348.0 156.5 270.1 247.4 334.1 313.3 282.6 376.9 292.3 236.1 253.8 282.5 116.5 384.7 288.7 289.0 198.4 213.3 379.7 228.6 320.0 196.7 275.4 260.8 277.6 229.2 249.1 321.7 230.8 375.8 190.6 294.0 322.9 210.1 350.8 235.1 206.3 337.6 0.0 313.0 103.8 331.0 170.8 79.1 208.5 333.9 281.7 262.3 289.1 310.2 298.0 190.8 340.3 375.9 291.8 271.9 324.8 339.8 469.2 267.6 358.4 215.4 276.5 255.9 239.5 318.8 252.0 266.8 244.3 343.9 198.5 275.4 284.0 201.3 340.5 236.4 139.2 313.3 340.8 330.0 411.4
2712.4 552.0 492.8 253.9 104.7 67.9 104.4 601.1 606.0 583.9 411.9 349.3 586.5 182.7 406.5 554.2 338.2 362.4 602.8 85.9 206.8 538.7 275.3 580.0 245.1 564.7 486.7 196.6 578.4 118.7 444.5 148.0 254.9 340.3 642.7 306.8 453.7 193.4 144.4 355.1 129.1 102.4 201.4 574.8 290.9 578.3 572.5 512.8 188.8 630.4 637.9 186.9 70.8 607.1 190.2 218.0 652.8 465.9 325.8 198.0 580.7 195.8 266.1 211.8 174.1 540.6 398.5 236.3 473.0 267.1 109.6 599.9 312.9 187.2 205.0 586.0 565.2 534.5 196.4 544.2 461.0 87.2 180.2 491.0 151.5 540.6 540.9 225.7 265.3 631.6 181.9 571.9 266.3 173.1 330.4 535.8 481.1 74.0 573.6 237.1 627.7 442.5 545.9 574.8 138.1 71.5 147.6 275.9 423.0 354.8 0.0 344.1 156.3 183.0 319.4 229.0 20.8 303.9 174.8 192.7 562.1 123.2 206.5 592.2 627.8 125.2 523.8 132.8 448.1 198.1 519.5 84.3 168.7 92.6 47.0 253.7 82.0 576.5 518.7 77.7 118.2 465.2 219.7 535.9 270.9 592.4 134.1 513.7 565.2 174.2 581.9 177.5
2603.0 396.8 337.6 260.3 267.1 336.2 282.6 445.9 450.8 428.7 365.5 423.8 431.3 270.9 193.4 399.0 229.4 149.3 447.6 333.1 286.0 383.5 261.4 424.8 433.7 409.5 254.1 221.0 423.2 388.0 386.7 236.2 282.0 367.4 487.5 236.7 351.2 328.2 343.5 199.9 398.4 244.3 141.8 419.6 335.6 423.1 417.3 357.6 323.6 475.2 482.7 313.1 269.9 451.9 325.0 352.8 497.6 355.8 352.9 332.8 425.5 436.0 349.6 236.2 478.7 385.4 386.9 336.6 238.8 212.1 307.9 444.7 189.0 302.6 338.0 430.8 410.0 379.3 409.4 389.0 305.8 286.3 315.0 192.2 420.8 385.4 385.7 295.1 310.0 476.4 261.1 416.7 293.4 307.9 357.5 380.6 325.9 281.6 418.4 325.3 472.5 287.3 390.7 419.6 242.6 383.3 267.6 303.0 434.3 127.0 345.5 0.0 363.5 207.4 70.8 305.2 366.4 378.4 294.8 325.7 406.9 330.5 285.7 437.0 472.6 324.3 368.6 357.3 436.5 501.7 364.3 390.9 247.9 309.0 288.4 278.1 351.3 310.0 363.5 276.8 376.4 295.2 307.9 380.7 298.0 437.2 268.9 214.9 410.0 373.3 426.7 443.9
2658.3 512.6 453.4 228.3 149.4 169.8 188.7 593.8 580.4 558.3 304.5 241.9 560.9 191.1 380.9 546.9 312.6 336.8 559.1 90.5 240.2 499.3 249.7 527.7 174.4 539.1 379.3 205.0 571.1 129.4 337.1 156.4 229.3 280.2 617.1 281.2 346.3 62.0 246.3 329.5 76.4 178.5 209.8 567.5 201.8 552.7 533.1 487.2 119.2 623.1 612.3 65.1 172.7 599.8 155.4 148.4 645.5 383.7 230.9 128.4 555.1 72.4 171.3 220.2 155.7 533.3 291.1 121.8 365.6 241.5 106.8 574.3 321.3 182.2 165.8 578.7 557.9 495.1 45.8 518.6 435.4 189.1 149.1 465.4 98.8 533.3 515.3 243.1 227.4 624.3 220.8 532.5 240.7 142.0 257.6 510.2 455.5 135.2 548.0 172.5 620.4 403.1 502.2 567.5 148.7 150.9 156.0 250.3 315.6 361.0 158.1 352.5 0.0 191.4 327.8 153.2 179.0 196.5 191.9 183.6 536.5 93.6 197.2 566.6 620.5 227.1 484.4 52.2 340.7 161.7 493.9 163.7 202.1 121.7 148.9 262.1 96.5 584.9 511.4 179.6 96.6 357.8 192.1 496.5 245.3 585.1 128.1 488.1 524.2 276.1 574.6 80.3
2625.0 472.0 416.1 179.4 110.1 182.5 128.9 524.4 529.3 507.2 345.6 304.6 509.8 117.2 262.4 477.5 258.7 227.8 522.8 179.4 132.3 462.0 200.8 503.3 280.0 488.0 332.6 13.5 501.7 234.3 378.2 82.5 177.1 265.8 566.0 232.3 384.1 174.5 191.9 278.4 241.4 90.6 66.3 498.1 216.4 501.6 495.8 436.1 169.9 553.7 561.2 159.4 116.2 530.4 171.3 199.1 576.1 396.3 251.3 179.1 504.0 288.5 230.4 32.8 321.7 463.9 328.9 217.4 294.5 192.6 154.2 523.2 163.6 148.9 184.3 509.3 488.5 457.8 255.7 467.5 411.3 132.6 161.3 270.7 263.5 463.9 464.2 151.2 190.8 554.9 107.4 491.9 191.8 154.2 255.9 452.8 404.4 127.9 496.9 171.9 551.0 365.8 465.9 498.1 88.9 229.6 113.9 201.4 356.7 171.8 191.8 194.8 209.8 0.0 170.1 186.0 212.7 259.2 141.1 167.9 485.4 176.8 132.0 515.5 551.1 170.6 450.6 203.6 381.8 348.0 442.8 237.2 94.2 155.3 131.4 64.5 197.6 427.2 442.0 123.1 222.7 395.6 154.2 459.2 196.4 515.7 115.2 293.4 488.5 219.6 505.2 290.2
2588.9 382.7 323.5 246.2 253.0 322.1 268.5 431.8 436.7 414.6 351.4 409.7 417.2 256.8 179.3 384.9 215.3 135.2 433.5 319.0 271.9 369.4 247.3 410.7 419.6 395.4 240.0 206.9 409.1 373.9 372.6 222.1 267.9 353.3 473.4 222.6 337.1 314.1 329.4 185.8 384.3 230.2 127.7 405.5 321.5 409.0 403.2 343.5 309.5 461.1 468.6 299.0 255.8 437.8 310.9 338.7 483.5 341.7 338.8 318.7 411.4 421.9 335.5 222.1 464.6 371.3 372.8 322.5 224.7 198.0 293.8 430.6 174.9 288.5 323.9 416.7 395.9 365.2 395.3 374.9 291.7 272.2 300.9 178.1 406.7 371.3 371.6 281.0 295.9 462.3 247.0 402.6 279.3 293.8 343.4 366.5 311.8 267.5 404.3 311.2 458.4 273.2 376.6 405.5 228.5 369.2 253.5 288.9 420.2 112.9 331.4 61.4 349.4 193.3 0.0 291.1 352.3 364.3 280.7 311.6 392.8 316.4 271.6 422.9 458.5 310.2 354.5 343.2 422.4 487.6 350.2 376.8 233.8 294.9 274.3 264.0 337.2 334.6 349.4 262.7 362.3 281.1 293.8 366.6 283.9 423.1 254.8 200.8 395.9 359.2 412.6 429.8
2766.1 398.2 339.0 75.0 175.2 237.8 199.7 422.2 427.1 405.0 190.1 127.5 407.6 79.4 227.6 375.3 159.3 183.5 423.9 188.3 116.2 384.9 96.4 413.3 236.9 385.8 264.9 190.4 399.5 265.6 222.7 116.8 76.0 161.4 463.8 127.9 231.9 141.5 245.1 176.2 242.2 145.9 195.2 395.9 87.4 399.4 418.7 333.9 90.6 451.5 459.0 168.3 171.5 428.2 54.4 61.4 473.9 244.1 116.5 81.4 401.8 238.2 44.3 205.6 321.5 361.7 176.7 31.3 251.2 88.2 163.1 421.0 306.7 74.8 38.8 407.1 386.3 380.7 211.6 365.3 282.1 187.9 63.3 312.1 264.6 361.7 362.0 89.8 74.6 452.7 67.5 418.1 87.4 69.6 143.2 356.9 302.2 175.8 394.7 19.2 448.8 288.7 367.0 395.9 159.7 249.1 105.9 97.0 201.2 207.7 247.1 299.4 165.7 176.8 274.7 0.0 268.0 82.1 84.5 56.6 383.2 185.7 43.9 413.3 448.9 225.9 370.0 218.0 226.3 327.5 340.6 261.9 80.4 177.0 190.0 247.5 226.2 439.9 339.8 178.4 231.6 243.4 38.8 382.1 92.0 413.5 125.4 334.8 386.3 274.9 403.0 246.1
2709.3 572.9 513.7 274.8 125.6 88.8 125.3 622.0 626.9 604.8 432.8 370.2 607.4 203.6 427.4 575.1 359.1 383.3 623.7 106.4 227.7 559.6 296.2 600.9 266.0 585.6 507.6 217.5 599.3 139.6 465.4 168.9 275.8 361.2 663.6 327.7 474.6 214.3 141.3 376.0 150.0 123.3 222.3 595.7 311.8 599.2 593.4 533.7 209.7 651.3 658.8 207.8 91.7 628.0 211.1 238.9 673.7 486.8 346.7 218.9 601.6 216.7 287.0 232.7 180.1 561.5 419.4 257.2 493.9 288.0 130.1 620.8 333.8 208.1 225.9 606.9 586.1 555.4 217.3 565.1 481.9 108.1 201.1 511.9 172.4 561.5 561.8 246.6 286.2 652.5 202.8 592.8 287.2 194.0 351.3 556.7 502.0 94.9 594.5 258.0 648.6 463.4 566.8 595.7 159.0 77.5 168.5 296.8 443.9 375.7 20.8 365.0 177.2 203.9 340.3 249.9 0.0 324.8 195.7 213.6 583.0 144.1 227.4 613.1 648.7 122.1 544.7 153.7 469.0 204.1 540.4 89.3 189.6 109.7 67.9 274.6 102.9 597.4 539.6 98.6 139.1 486.1 240.6 556.8 291.8 613.3 155.0 534.6 586.1 171.1 602.8 198.4
2729.9 364.3 305.1 160.7 248.4 323.5 285.4 431.3 436.3 414.2 156.2 45.3 416.8 165.1 313.3 460.7 245.0 269.2 433.1 240.1 201.9 351.0 182.1 379.4 215.8 395.0 231.0 276.1 484.9 304.4 188.8 202.5 153.2 131.9 473.0 213.6 198.0 174.7 330.8 231.2 262.5 231.6 280.9 481.3 53.5 408.6 384.8 343.1 130.3 536.9 468.2 207.1 257.2 513.6 112.3 101.1 559.3 297.5 82.6 121.1 411.0 226.2 40.2 291.3 347.3 447.1 142.8 85.5 217.3 173.9 214.9 430.2 392.4 168.1 105.9 492.5 471.7 346.8 222.0 374.5 291.3 273.6 121.2 397.8 240.7 447.1 371.2 175.5 79.1 538.1 153.2 384.2 162.4 127.5 109.3 366.1 311.4 234.2 403.9 112.5 534.2 254.8 376.2 405.0 245.4 300.9 199.2 154.4 167.3 293.4 310.3 385.1 191.5 262.5 360.4 89.9 331.2 0.0 177.8 123.7 392.4 224.5 129.6 422.5 534.3 311.6 336.1 243.8 192.4 353.3 349.8 313.7 166.1 234.9 275.7 333.2 265.0 525.6 425.2 264.1 270.4 209.5 132.1 348.2 130.7 422.6 192.5 420.5 395.5 360.6 488.4 255.6
2723.9 479.3 420.1 148.9 90.6 168.1 129.9 496.1 501.0 478.9 271.2 216.7 481.5 67.3 301.5 449.2 233.2 257.4 497.8 142.7 114.1 466.0 170.3 494.4 243.3 459.7 346.0 146.2 473.4 220.0 303.8 77.0 149.9 235.3 537.7 201.8 313.0 137.8 213.0 250.1 236.6 113.8 151.0 469.8 168.5 473.3 499.8 407.8 100.2 525.4 532.9 122.7 139.4 502.1 91.1 114.3 547.8 325.2 197.6 94.3 475.7 245.6 134.9 161.4 306.1 435.6 257.8 121.9 332.3 162.1 117.5 494.9 262.5 12.4 92.9 481.0 460.2 461.8 219.0 439.2 356.0 155.8 81.1 386.0 259.0 435.6 435.9 141.4 148.5 526.6 107.2 499.2 161.3 74.0 224.3 430.8 376.1 91.2 468.6 62.2 522.7 369.8 440.9 469.8 89.9 203.5 21.3 170.9 282.3 281.6 167.3 293.7 173.1 132.6 269.0 90.5 188.2 171.3 0.0 80.6 457.1 140.1 117.8 487.2 522.8 193.8 451.1 166.9 307.4 330.1 414.5 216.3 94.0 118.6 157.9 203.3 180.6 513.8 413.7 146.3 186.0 324.5 44.8 463.2 165.9 487.4 78.5 408.7 460.2 242.8 476.9 253.5
2772.0 428.2 369.0 111.3 139.0 222.4 184.2 458.5 467.5 441.3 220.1 161.6 443.9 103.3 300.0 411.6 190.6 219.8 464.3 167.8 150.1 414.9 132.7 443.3 266.9 422.1 294.9 194.3 435.8 245.1 252.7 113.0 112.3 195.8 500.1 164.2 266.0 136.1 251.1 212.5 272.2 149.8 213.3 432.2 117.4 435.7 448.7 370.2 85.2 491.9 499.4 147.8 175.4 464.5 76.1 91.4 514.3 274.1 146.5 79.3 438.1 274.4 74.3 203.6 331.2 398.0 210.8 61.3 303.7 124.5 142.6 457.3 310.6 73.5 12.3 443.4 422.6 410.7 241.6 401.6 345.4 191.8 66.1 348.4 291.0 398.0 402.4 126.1 110.9 489.0 103.8 448.1 123.7 59.0 173.2 386.9 338.5 130.7 431.0 55.2 485.1 318.7 403.3 432.2 144.2 228.6 104.6 137.4 231.2 231.8 206.8 335.7 195.7 176.6 311.0 36.2 227.7 112.1 83.2 0.0 419.5 165.2 80.2 449.6 485.2 229.8 403.5 192.0 256.3 357.5 376.9 241.4 116.7 143.7 193.9 239.4 205.7 480.3 376.1 182.3 211.1 273.4 75.1 412.1 128.3 449.8 68.7 371.1 422.6 278.8 439.3 276.1
2668.6 315.3 285.7 329.3 499.3 550.4 514.8 236.7 43.8 192.9 281.3 401.6 195.5 425.4 340.3 181.8 274.4 296.2 137.2 569.4 393.0 323.1 312.5 215.6 543.8 173.7 217.9 496.8 105.0 602.2 302.5 462.8 351.0 305.4 251.7 281.7 267.0 515.8 557.7 207.6 612.6 458.5 417.6 202.4 351.5 187.3 306.9 121.8 464.9 258.0 246.9 542.6 484.1 234.7 428.7 435.7 280.4 230.1 358.9 455.7 189.7 554.2 368.2 512.0 692.9 168.2 302.7 405.6 262.6 281.1 537.4 208.9 464.8 452.4 413.1 213.6 192.8 318.9 585.9 153.2 139.1 500.5 437.6 424.8 568.7 136.9 149.9 364.1 379.0 259.2 380.1 335.2 362.4 443.9 325.9 26.7 81.1 513.8 76.0 396.8 255.3 249.2 80.3 210.4 474.8 597.5 483.5 372.0 350.1 320.4 559.7 412.1 540.0 483.2 387.4 374.2 580.6 356.2 462.1 430.9 0.0 560.0 356.5 54.0 255.4 538.5 308.2 592.3 352.3 701.8 90.0 605.1 393.0 541.2 502.6 553.9 565.5 558.4 151.8 491.0 601.7 211.0 416.4 299.2 367.0 228.0 499.7 447.5 88.1 587.5 116.8 620.4
2708.1 557.1 497.9 256.0 124.2 135.8 163.5 638.3 608.1 586.0 349.0 286.4 588.6 165.9 408.6 591.4 340.3 364.5 603.6 52.4 215.0 543.8 277.4 572.2 224.2 566.8 423.8 179.8 615.6 79.8 381.6 131.2 257.0 324.7 644.8 308.9 390.8 108.9 212.3 357.2 108.2 153.3 184.6 612.0 246.3 580.4 577.6 514.9 104.3 667.6 640.0 98.9 138.7 644.3 133.9 133.5 690.0 428.2 275.4 113.5 582.8 130.0 209.8 195.0 170.5 577.8 335.6 153.6 410.1 269.2 72.0 602.0 296.1 159.1 173.8 623.2 602.4 539.6 111.6 546.3 463.1 155.1 123.9 403.2 130.6 577.8 543.0 233.9 255.6 668.8 190.1 577.0 268.4 116.8 302.1 537.9 483.2 110.0 575.7 200.2 664.9 447.6 546.7 612.0 123.5 113.2 130.8 278.0 360.1 338.0 124.1 327.3 71.5 166.2 302.6 180.9 145.0 241.0 158.0 161.5 564.2 0.0 214.7 594.3 665.0 193.1 528.9 29.2 385.2 194.5 521.6 126.0 176.9 83.6 114.9 236.9 40.4 559.7 555.9 145.6 45.8 402.3 184.4 541.0 273.0 629.6 102.9 425.9 567.3 242.1 619.1 137.9
2738.4 345.4 286.2 47.3 142.7 193.8 158.2 394.5 399.4 377.3 213.5 172.5 379.9 88.0 199.9 347.6 131.6 155.8 396.2 212.8 72.2 332.1 68.7 373.4 290.9 358.1 288.3 146.4 371.8 245.6 246.1 111.8 48.3 133.7 436.1 100.2 255.3 195.5 201.1 148.5 256.0 101.9 151.2 368.2 84.3 371.7 365.9 306.2 144.6 423.8 431.3 188.7 127.5 400.5 108.4 115.4 446.2 267.5 119.2 135.4 374.1 292.2 98.3 161.6 336.3 334.0 200.1 85.3 274.6 60.5 183.5 393.3 262.7 116.8 92.8 379.4 358.6 327.9 265.6 337.6 254.4 143.9 117.3 284.4 278.4 334.0 334.3 55.5 58.7 425.0 23.5 365.3 59.7 123.6 123.8 329.2 274.5 157.2 367.0 76.5 421.1 235.9 339.3 368.2 118.2 240.9 143.2 69.3 224.6 180.0 203.1 271.7 219.7 132.8 247.0 53.9 224.0 127.1 126.5 110.6 355.5 206.1 0.0 385.6 421.2 181.9 317.2 232.9 249.7 359.3 312.9 248.5 36.4 184.6 146.0 203.5 208.9 412.2 312.1 134.4 245.1 266.8 96.1 329.3 64.3 385.8 144.5 307.1 358.6 230.9 375.3 300.1
2708.4 261.2 231.6 369.1 539.1 590.2 554.6 182.6 87.6 232.7 321.1 441.4 235.3 465.2 380.1 127.7 314.2 336.0 177.0 609.2 432.8 269.0 352.3 161.5 583.6 213.5 257.7 536.6 50.9 642.0 312.7 502.6 390.8 345.2 291.5 321.5 301.5 555.6 597.5 247.4 652.4 498.3 457.4 148.3 391.3 227.1 252.8 161.6 504.7 203.9 286.7 582.4 523.9 180.6 468.5 475.5 226.3 282.9 398.7 495.5 229.5 594.0 408.0 551.8 732.7 114.1 342.5 445.4 302.4 320.9 577.2 248.7 504.6 492.2 452.9 159.5 138.7 264.8 625.7 193.0 178.9 540.3 477.4 464.6 608.5 82.8 189.7 403.9 418.8 205.1 419.9 281.1 402.2 483.7 365.7 66.5 120.9 553.6 69.8 436.6 201.2 281.7 120.1 156.3 514.6 637.3 523.3 411.8 399.2 360.2 599.5 451.9 579.8 523.0 427.2 414.0 620.4 396.0 501.9 470.7 43.7 599.8 396.3 0.0 201.3 578.3 254.1 632.1 392.1 741.6 129.8 644.9 432.8 581.0 542.4 593.7 605.3 504.3 97.7 530.8 641.5 251.9 456.2 245.1 406.8 173.9 539.5 487.3 127.9 627.3 62.7 660.2
2895.8 277.9 248.3 413.8 583.8 634.9 599.3 199.3 275.0 390.5 365.8 486.1 393.1 509.9 424.8 86.1 358.9 380.7 364.4 653.9 477.5 285.7 397.0 178.2 628.3 371.3 302.4 581.3 181.8 686.7 329.4 547.3 435.5 389.9 449.3 366.2 318.2 600.3 642.2 292.1 697.1 543.0 502.1 151.7 436.0 384.9 269.5 319.4 549.4 92.5 444.5 627.1 568.6 184.0 513.2 520.2 45.4 299.6 443.4 540.2 387.3 638.7 452.7 596.5 777.4 142.2 387.2 490.1 347.1 365.6 621.9 406.5 549.3 536.9 497.6 106.1 177.5 281.5 670.4 350.8 267.6 585.0 522.1 509.3 653.2 188.2 347.5 448.6 463.5 63.9 464.6 297.8 446.9 528.4 410.4 264.7 225.6 598.3 227.1 481.3 81.9 298.4 307.5 173.0 559.3 682.0 568.0 456.5 415.9 404.9 644.2 496.6 624.5 567.7 471.9 458.7 665.1 440.7 546.6 515.4 231.1 644.5 441.0 187.3 0.0 623.0 270.8 676.8 436.8 786.3 308.2 689.6 477.5 625.7 587.1 638.4 650.0 502.4 114.4 575.5 686.2 268.6 500.9 261.8 451.5 190.6 584.2 532.0 315.3 672.0 220.0 704.9
2621.3 542.1 482.9 244.0 164.0 121.0 141.3 591.2 596.1 574.0 410.2 369.2 576.6 184.7 396.6 544.3 328.3 352.5 592.9 166.2 196.9 528.8 265.4 570.1 325.4 554.8 485.0 179.7 568.5 199.0 442.8 165.1 245.0 330.4 632.8 296.9 452.0 257.1 19.1 345.2 209.4 92.5 184.5 564.9 281.0 568.4 562.6 502.9 256.2 620.5 628.0 242.0 65.6 597.2 247.1 270.3 642.9 464.2 315.9 250.3 570.8 276.1 295.0 194.9 264.4 530.7 396.8 282.0 471.3 257.2 189.9 590.0 296.0 213.5 248.9 576.1 555.3 524.6 276.7 534.3 451.1 49.2 237.1 481.1 231.8 530.7 531.0 215.8 255.4 621.7 172.0 562.0 256.4 230.0 320.5 525.9 471.2 172.3 563.7 236.2 617.8 432.6 536.0 564.9 175.0 162.9 196.5 266.0 421.3 337.9 152.3 327.2 236.6 166.1 302.5 250.6 131.4 323.8 223.2 236.6 552.2 203.5 196.6 582.3 617.9 0.0 513.9 214.5 446.4 288.4 509.6 150.1 158.8 172.9 99.4 236.8 162.3 559.6 508.8 58.7 198.5 463.5 218.8 526.0 261.0 582.5 197.8 503.8 555.3 48.9 572.0 257.8
2843.5 67.6 41.6 308.5 482.0 529.6 497.5 139.3 340.0 349.8 286.6 410.4 352.4 404.6 355.6 189.4 234.2 275.4 368.7 548.6 372.2 14.8 291.7 87.4 552.6 330.6 197.1 476.0 246.8 581.4 307.8 442.0 330.2 310.7 408.6 260.9 272.3 495.0 539.0 186.8 595.3 437.7 403.7 210.0 383.8 344.2 92.8 278.7 444.1 265.6 403.8 521.8 463.3 242.3 407.9 414.9 288.0 280.4 401.1 434.9 346.6 597.9 397.8 491.2 672.1 175.8 308.0 384.8 219.0 260.3 516.6 369.3 444.0 431.6 392.3 221.2 200.4 27.1 565.1 313.6 253.9 479.7 416.8 404.0 610.6 245.2 306.8 343.3 358.2 266.8 359.3 49.8 341.6 423.1 331.2 295.4 247.0 493.0 292.1 375.7 262.9 91.7 315.3 113.0 454.0 576.7 466.2 354.7 355.4 290.9 538.9 391.3 519.2 458.3 366.6 353.4 559.8 361.5 441.3 416.0 296.1 539.2 335.7 252.3 263.0 517.7 0.0 571.5 357.6 681.0 288.9 584.3 372.2 520.4 481.8 527.0 544.7 378.6 171.4 470.2 580.9 216.3 395.6 56.2 346.2 130.6 478.9 426.7 331.1 566.7 285.0 599.6
2686.6 554.9 495.7 270.6 128.2 135.9 154.5 636.1 622.7 600.6 346.8 284.2 603.2 193.7 423.2 589.2 354.9 379.1 601.4 38.2 242.8 541.6 292.0 570.0 202.7 581.4 421.6 207.6 613.4 83.6 379.4 159.0 271.6 322.5 659.4 323.5 388.6 104.3 212.4 371.8 104.7 181.1 212.4 609.8 244.1 595.0 575.4 529.5 134.0 665.4 654.6 69.6 138.8 642.1 161.7 163.2 687.8 426.0 273.2 143.2 597.4 100.7 213.6 222.8 174.3 575.6 333.4 164.1 407.9 283.8 57.8 616.6 323.9 186.9 208.1 621.0 600.2 537.4 82.3 560.9 477.7 155.2 151.7 507.7 127.1 575.6 557.6 261.7 269.7 666.6 217.9 574.8 283.0 144.6 299.9 552.5 497.8 101.1 590.3 214.8 662.7 445.4 544.5 609.8 151.3 99.0 158.6 292.6 357.9 365.8 124.1 355.1 42.2 194.0 330.4 195.5 143.9 238.8 185.8 189.3 578.8 41.3 239.5 608.9 662.8 193.2 526.7 0.0 383.0 190.0 536.2 111.8 204.7 69.4 115.0 264.7 44.2 587.5 553.7 145.7 49.6 400.1 212.2 538.8 287.6 627.4 130.7 530.4 566.5 242.2 616.9 108.6
2771.2 355.7 296.5 251.2 387.9 441.3 405.7 405.0 427.9 405.8 147.6 213.1 408.4 296.5 355.3 358.1 289.4 311.2 424.7 379.6 294.9 342.4 272.6 383.9 355.3 386.6 222.4 393.9 382.3 443.9 224.7 333.9 199.9 123.3 464.6 296.7 249.6 314.2 448.6 222.6 402.0 349.4 398.7 378.7 163.0 400.2 376.2 334.7 269.8 434.3 459.8 346.6 375.0 411.0 251.8 240.6 456.7 194.9 170.4 260.6 402.6 365.7 179.7 409.1 486.8 344.5 48.4 225.0 208.7 264.4 354.4 421.8 479.8 299.5 245.4 389.9 369.1 338.2 361.5 366.1 282.9 391.4 260.7 439.8 380.2 344.5 362.8 266.0 188.6 435.5 271.0 375.6 190.5 267.0 137.4 357.7 303.0 373.7 395.5 243.9 431.6 246.2 367.8 378.7 365.7 440.4 330.6 182.5 83.2 335.4 450.6 427.1 331.0 380.3 402.4 221.3 471.5 167.7 309.2 263.2 384.0 364.0 247.4 421.0 431.7 429.4 327.5 383.3 0.0 492.8 341.4 453.2 283.9 374.4 393.5 451.0 404.5 567.6 322.6 381.9 409.9 221.8 263.5 339.6 212.4 396.3 332.0 462.5 387.1 478.4 385.8 395.1
2633.5 672.4 613.2 388.1 260.7 223.9 260.4 753.6 740.2 718.1 464.3 401.7 720.7 350.6 540.7 706.7 472.4 496.6 718.9 196.9 362.8 659.1 409.5 687.5 221.5 698.9 539.1 345.6 730.9 167.2 496.9 316.2 389.1 440.0 776.9 441.0 506.1 221.8 294.7 489.3 150.5 258.4 350.4 727.3 361.6 712.5 692.9 647.0 279.0 782.9 772.1 224.9 226.8 759.6 315.2 308.2 805.3 543.5 390.7 288.2 714.9 199.2 331.1 360.8 102.9 693.1 450.9 281.6 525.4 401.3 220.6 734.1 461.9 342.0 325.6 738.5 717.7 654.9 199.8 678.4 595.2 243.2 308.9 625.2 172.9 693.1 675.1 381.7 387.2 784.1 337.9 692.3 400.5 301.8 417.4 670.0 615.3 248.0 707.8 332.3 780.2 562.9 662.0 727.3 294.1 141.6 315.8 410.1 475.4 520.8 212.2 493.1 159.7 332.0 468.4 313.0 198.4 356.3 351.7 343.4 696.3 207.8 357.0 726.4 780.3 275.5 644.2 178.0 500.5 0.0 653.7 133.3 324.7 225.4 203.0 402.7 166.6 725.5 671.2 233.7 185.0 517.6 351.9 656.3 405.1 744.9 287.9 647.9 684.0 324.5 734.4 180.9
2644.0 311.0 251.8 281.6 451.6 502.7 467.1 305.3 136.4 168.3 233.6 353.9 170.9 377.7 328.7 297.8 226.7 248.5 112.6 521.7 345.3 297.7 264.8 284.2 496.1 149.1 170.2 449.1 173.6 554.5 254.8 415.1 303.3 257.7 227.1 234.0 219.3 468.1 512.1 159.9 564.9 410.8 376.8 271.0 303.8 162.7 331.5 97.2 417.2 374.0 222.3 494.9 436.4 303.3 381.0 388.0 396.4 182.4 311.2 408.0 165.1 505.0 320.5 464.3 645.2 284.5 255.0 357.9 192.1 233.4 489.7 184.3 417.1 404.7 365.4 308.0 300.6 293.5 538.2 128.6 49.0 452.8 389.9 377.1 521.0 205.5 125.3 316.4 331.3 375.2 332.4 330.9 314.7 396.2 278.2 66.2 90.1 466.1 104.0 348.8 371.3 201.5 55.7 279.0 427.1 549.8 435.8 324.3 302.4 260.5 512.0 364.4 492.3 435.5 339.7 326.5 532.9 308.5 414.4 389.1 92.5 512.3 308.8 122.6 371.4 490.8 282.8 544.6 304.6 654.1 0.0 557.4 345.3 493.5 454.9 500.1 517.8 504.9 220.4 443.3 554.0 163.3 368.7 294.9 319.3 296.6 452.0 399.8 45.6 539.8 153.8 572.7
2662.8 630.9 571.7 304.5 155.3 118.5 155.0 651.7 656.6 634.5 422.8 360.2 637.1 233.1 457.1 604.8 388.8 413.0 653.4 73.5 257.4 617.6 325.9 646.0 250.7 615.3 497.6 247.0 629.0 86.5 455.4 198.4 305.5 390.9 693.3 357.4 464.6 189.1 161.3 405.7 134.7 153.0 251.8 625.4 320.1 628.9 651.4 563.4 184.5 681.0 688.5 191.5 121.4 657.7 201.1 213.7 703.4 508.4 349.2 193.7 631.3 201.4 277.0 262.2 114.2 591.2 409.4 233.8 483.9 317.7 97.2 650.5 363.3 226.3 241.0 636.6 615.8 613.4 202.0 594.8 511.6 137.8 191.1 541.6 157.1 591.2 591.5 276.3 315.9 682.2 232.5 650.8 316.9 184.0 375.9 586.4 531.7 142.6 624.2 267.4 678.3 521.4 596.5 625.4 188.7 12.7 198.0 326.5 433.9 405.2 83.5 394.5 161.9 233.4 369.8 248.1 69.5 314.8 225.2 228.7 612.7 127.1 257.1 642.8 678.4 142.1 602.7 121.8 459.0 138.2 570.1 0.0 219.3 120.0 97.6 304.1 85.9 626.9 569.3 128.3 122.1 476.1 251.6 614.8 321.5 643.0 170.1 564.3 615.8 191.1 632.5 183.1
2687.6 383.2 324.0 85.1 106.2 157.3 121.7 432.3 437.2 415.1 251.3 210.3 417.7 51.5 237.7 385.4 169.4 193.6 434.0 176.3 38.2 369.9 106.5 411.2 272.8 395.9 326.1 109.9 409.6 209.1 283.9 75.3 86.1 171.5 473.9 138.0 293.1 167.3 164.6 186.3 219.5 65.4 114.7 406.0 122.1 409.5 403.7 344.0 123.0 461.6 469.1 152.2 91.0 438.3 113.9 137.1 484.0 305.3 157.0 117.1 411.9 286.2 136.1 125.1 299.8 371.8 237.9 123.1 312.4 98.3 147.0 431.1 226.2 80.3 115.7 417.2 396.4 365.7 248.5 375.4 292.2 107.4 103.9 322.2 241.9 371.8 372.1 56.9 96.5 462.8 13.1 403.1 97.5 96.8 161.6 367.0 312.3 120.7 404.8 93.9 458.9 273.7 377.1 406.0 81.7 204.4 106.7 107.1 262.4 217.8 166.6 257.4 202.6 96.3 232.7 91.7 187.5 164.9 90.0 103.4 393.3 169.6 37.7 423.4 459.0 145.4 355.0 196.4 287.5 322.8 350.7 212.0 0.0 148.1 109.5 167.0 172.4 450.0 349.9 97.9 208.6 304.6 85.6 367.1 102.1 423.6 108.0 344.9 396.4 194.4 413.1 267.9
2721.7 550.9 491.7 236.5 98.6 103.8 131.4 583.7 588.6 566.5 342.8 280.2 569.1 140.3 389.1 536.8 320.8 345.0 585.4 52.7 189.4 537.6 257.9 566.0 237.8 547.3 417.6 154.2 561.0 111.4 375.4 105.6 237.5 318.5 625.3 289.4 384.6 124.3 180.3 337.7 121.8 127.7 159.0 557.4 240.1 560.9 571.4 495.4 119.7 613.0 620.5 128.6 106.7 589.7 121.1 148.9 635.4 396.8 269.2 128.9 563.3 159.7 197.0 169.4 202.1 523.2 329.4 167.2 403.9 249.7 52.3 582.5 270.5 141.8 148.2 568.6 547.8 533.4 141.3 526.8 443.6 123.1 111.1 377.6 144.2 523.2 523.5 208.3 242.8 614.2 164.5 570.8 248.9 104.0 295.9 518.4 463.7 78.0 556.2 184.5 610.3 441.4 528.5 557.4 97.9 106.7 105.2 258.5 353.9 312.4 92.1 301.7 101.2 140.6 277.0 168.1 109.2 234.8 132.4 135.9 544.7 65.2 189.1 574.8 610.4 161.1 522.7 58.9 379.0 225.1 502.1 119.5 151.3 0.0 82.9 211.3 74.7 534.1 501.3 113.6 93.5 396.1 167.1 534.8 253.5 575.0 77.3 400.3 547.8 210.1 564.5 167.6
2665.3 504.9 445.7 206.8 64.5 47.7 57.3 554.0 558.9 536.8 373.0 332.0 539.4 147.5 313.1 507.1 291.1 315.3 555.7 66.7 159.7 491.6 228.2 532.9 225.9 517.6 447.8 142.5 531.3 99.5 405.6 125.6 207.8 293.2 595.6 259.7 414.8 182.3 97.3 308.0 109.9 55.3 161.5 527.7 243.8 531.2 525.4 465.7 177.7 583.3 590.8 167.7 23.7 560.0 189.0 206.9 605.7 427.0 278.7 186.9 533.6 176.6 257.8 157.7 190.2 493.5 359.6 227.0 434.1 220.0 90.4 552.8 258.8 176.3 203.8 538.9 518.1 487.4 177.2 497.1 440.9 40.1 179.0 443.9 128.7 493.5 493.8 178.6 218.2 584.5 134.8 524.8 219.2 171.9 283.3 488.7 434.0 72.8 526.5 199.3 580.6 395.4 498.8 527.7 91.0 94.8 139.1 228.8 384.1 270.3 57.0 290.0 137.1 128.9 265.3 213.4 77.9 286.6 166.3 187.4 515.0 104.0 159.4 545.1 580.7 78.1 480.2 115.0 409.2 213.2 472.4 107.6 121.6 73.4 0.0 193.5 62.8 522.4 471.6 30.6 99.0 426.3 181.6 488.8 223.8 545.3 132.9 466.6 518.1 127.1 534.8 158.3
2677.1 527.4 468.2 231.5 165.5 234.6 181.0 576.5 581.4 559.3 397.7 356.7 561.9 169.3 324.0 529.6 310.8 279.9 578.2 231.5 184.4 514.1 252.9 555.4 332.1 540.1 384.7 40.5 553.8 286.4 430.3 134.6 232.5 317.9 618.1 284.4 439.5 226.6 241.9 330.5 296.8 142.7 104.2 550.2 268.5 553.7 547.9 488.2 222.0 605.8 613.3 211.5 168.3 582.5 223.4 251.2 628.2 451.7 303.4 231.2 556.1 334.4 282.5 26.6 377.1 516.0 384.3 269.5 369.4 244.7 206.3 575.3 215.7 201.0 236.4 561.4 540.6 509.9 307.8 519.6 463.4 184.7 213.4 322.8 315.6 516.0 516.3 203.3 242.9 607.0 159.5 547.3 243.9 206.3 308.0 504.9 456.5 180.0 549.0 224.0 603.1 417.9 521.3 550.2 141.0 281.7 166.0 253.5 408.8 227.2 243.9 246.9 261.9 52.0 222.2 238.1 264.8 311.3 193.2 224.1 537.5 228.9 184.1 567.6 603.2 222.7 499.2 255.7 433.9 400.1 494.9 289.3 146.3 207.4 186.8 0.0 249.7 479.3 494.1 175.2 274.8 451.0 206.3 511.3 248.5 567.8 167.3 345.5 540.6 271.7 557.3 342.3
2667.6 607.6 548.4 281.3 132.1 95.3 131.8 628.5 633.4 611.3 399.5 336.9 613.9 207.1 433.9 581.6 365.6 389.8 630.2 56.0 234.2 594.3 302.7 622.7 183.7 592.1 474.3 221.0 605.8 39.3 432.1 172.4 282.3 375.2 670.1 334.2 441.3 157.0 171.8 382.5 67.7 129.8 225.8 602.2 296.8 605.7 628.1 540.2 145.5 657.8 665.3 122.5 98.2 634.5 175.1 174.7 680.2 478.7 325.9 154.7 608.1 134.4 251.0 236.2 130.0 568.0 386.1 194.8 460.6 294.5 75.6 627.3 337.3 200.3 215.0 613.4 592.6 590.1 135.0 571.6 488.4 114.6 165.1 518.4 90.1 568.0 568.3 253.1 292.7 659.0 209.3 627.5 293.7 158.0 352.6 563.2 508.5 118.9 601.0 241.4 655.1 498.1 573.3 602.2 164.7 76.4 172.0 303.3 410.6 379.2 83.6 368.5 94.9 207.4 343.8 222.1 104.5 291.5 199.2 202.7 589.5 41.1 233.9 619.6 655.2 152.6 579.4 52.8 435.7 154.0 546.9 88.4 196.1 87.2 74.4 278.1 0.0 600.9 546.1 105.1 36.1 452.8 225.6 591.5 298.3 619.8 144.1 541.1 592.6 201.6 609.3 116.1
2706.5 520.6 461.4 384.1 482.8 551.9 498.3 400.8 574.6 552.5 489.3 547.6 555.1 480.2 272.7 431.6 353.2 273.1 571.4 548.8 447.8 507.3 385.2 381.0 649.4 533.3 377.9 436.7 547.0 603.7 510.5 451.9 405.8 491.2 611.3 360.5 475.0 543.9 561.3 323.7 614.1 460.0 364.4 543.4 459.4 546.9 361.1 481.4 519.7 507.8 606.5 528.8 485.6 575.7 483.5 490.5 530.2 479.6 476.7 510.5 549.3 657.9 473.4 451.9 694.4 509.2 510.7 460.4 362.6 335.9 523.6 568.5 404.7 507.2 467.9 441.8 533.8 503.1 625.1 512.8 456.6 502.0 492.4 364.7 632.9 509.2 509.5 418.9 433.8 509.0 434.9 540.5 417.2 498.7 481.3 504.4 449.7 497.3 542.2 451.6 505.1 411.1 514.5 406.6 458.3 599.0 483.3 426.8 558.1 248.1 561.2 315.5 579.2 419.0 361.0 429.0 582.1 502.2 510.5 491.6 530.7 546.2 411.3 560.8 505.2 540.0 492.4 573.0 560.3 717.4 488.1 606.6 447.8 524.7 504.1 487.7 567.0 0.0 487.3 492.5 592.1 419.0 471.2 504.5 421.8 413.3 484.6 387.4 533.8 589.0 550.5 659.6
2731.1 160.9 131.3 299.3 469.3 520.4 484.8 82.3 228.6 276.0 251.3 371.6 278.6 395.4 310.3 35.4 244.4 266.2 265.8 539.4 363.0 168.7 282.5 61.2 513.8 256.8 187.9 466.8 111.5 572.2 214.9 432.8 321.0 275.4 334.8 251.7 203.7 485.8 527.7 177.6 582.6 428.5 387.6 56.0 321.5 270.4 152.5 204.9 434.9 111.6 330.0 512.6 454.1 88.3 398.7 405.7 134.0 185.1 328.9 425.7 272.8 524.2 338.2 482.0 662.9 21.8 272.7 375.6 232.6 251.1 507.4 292.0 434.8 422.4 383.1 67.2 46.4 164.5 555.9 236.3 153.1 470.5 407.6 394.8 538.7 73.7 233.0 334.1 349.0 112.8 350.1 180.8 332.4 413.9 295.9 165.8 111.1 483.8 173.6 366.8 108.9 181.4 208.9 56.0 444.8 567.5 453.5 342.0 301.4 290.4 529.7 382.1 510.0 453.2 357.4 344.2 550.6 326.2 432.1 400.9 184.7 530.0 326.5 140.9 109.0 508.5 153.8 562.3 322.3 671.8 193.7 575.1 363.0 511.2 472.6 523.9 535.5 412.0 0.0 461.0 571.7 154.1 386.4 144.8 337.0 73.6 469.7 417.5 216.8 557.5 115.0 590.4
2634.6 483.3 424.1 185.2 105.2 84.9 82.5 532.4 537.3 515.2 351.4 310.4 517.8 125.9 337.8 485.5 269.5 293.7 534.1 107.4 138.1 470.0 206.6 511.3 266.6 496.0 426.2 120.9 509.7 140.2 384.0 106.3 186.2 271.6 574.0 238.1 393.2 198.3 66.6 286.4 150.6 33.7 125.7 506.1 222.2 509.6 503.8 444.1 197.4 561.7 569.2 183.2 6.9 538.4 188.3 211.5 584.1 405.4 257.1 191.5 512.0 217.3 236.2 136.1 228.3 471.9 338.0 223.2 412.5 198.4 131.1 531.2 237.2 154.7 190.1 517.3 496.5 465.8 217.9 475.5 392.3 9.4 178.3 422.3 173.0 471.9 472.2 157.0 196.6 562.9 113.2 503.2 197.6 171.2 261.7 467.1 412.4 113.5 504.9 177.4 559.0 373.8 477.2 506.1 116.2 126.8 137.7 207.2 362.5 279.1 97.7 268.4 177.8 107.3 243.7 191.8 95.3 265.0 164.4 177.8 493.4 144.7 137.8 523.5 559.1 47.4 455.1 155.7 387.6 252.3 450.8 114.0 100.0 114.1 40.6 178.0 103.5 500.8 450.0 0.0 139.7 404.7 160.0 467.2 202.2 523.7 139.0 445.0 496.5 96.4 513.2 199.0
2694.5 598.4 539.2 314.1 161.2 124.4 160.9 679.6 666.2 644.1 390.3 327.7 646.7 221.1 466.7 632.7 398.4 422.6 644.9 74.3 263.3 585.1 335.5 613.5 210.6 624.9 465.1 235.0 656.9 68.4 422.9 186.4 315.1 366.0 702.9 367.0 432.1 147.8 200.9 415.3 94.6 158.9 239.8 653.3 287.6 638.5 618.9 573.0 159.5 708.9 698.1 95.1 127.3 685.6 189.1 188.7 731.3 469.5 316.7 168.7 640.9 144.2 257.1 250.2 159.1 619.1 376.9 207.6 451.4 327.3 93.9 660.1 351.3 214.3 229.0 664.5 643.7 580.9 125.8 604.4 521.2 143.7 179.1 458.4 117.0 619.1 601.1 282.2 313.2 710.1 238.4 618.3 326.5 172.0 343.4 596.0 541.3 137.2 633.8 258.3 706.2 488.9 588.0 653.3 178.7 105.5 186.0 336.1 401.4 393.2 112.7 382.5 85.7 221.4 357.8 239.0 133.6 282.3 213.2 216.7 622.3 59.4 263.0 652.4 706.3 181.7 570.2 53.9 426.5 183.1 579.7 117.5 225.2 105.5 103.5 292.1 29.0 614.9 597.2 134.2 0.0 443.6 239.6 582.3 331.1 670.9 158.1 481.1 610.0 230.7 660.4 143.0
2724.9 213.7 154.5 228.9 398.9 450.0 414.4 230.4 253.3 231.2 113.2 233.5 233.8 325.0 232.4 183.5 154.6 195.8 250.1 400.0 292.6 200.4 212.1 209.3 375.7 212.0 117.5 396.4 207.7 501.8 134.4 362.4 250.6 137.3 290.0 181.3 98.9 334.6 457.3 107.2 422.4 358.1 324.1 204.1 183.4 225.6 234.2 160.1 290.2 259.7 285.2 367.0 383.7 236.4 272.2 261.0 282.1 155.8 190.8 281.0 228.0 384.6 200.1 411.6 507.2 169.9 134.6 245.4 162.2 180.7 374.8 247.2 364.4 352.0 265.8 215.3 194.5 196.2 381.9 191.5 108.3 400.1 281.1 324.4 400.6 169.9 188.2 263.7 209.0 260.9 279.7 233.6 205.7 287.4 157.8 176.8 128.4 413.4 220.9 296.4 257.0 104.2 193.2 204.1 374.4 497.1 383.1 197.7 182.0 207.8 459.3 311.7 351.4 378.7 287.0 273.8 480.2 188.1 361.7 289.5 209.4 384.4 256.1 246.4 257.1 438.1 185.5 403.7 184.2 513.2 166.8 504.7 292.6 394.8 402.2 447.4 465.1 452.2 148.0 390.6 430.3 0.0 316.0 197.6 266.6 221.7 352.4 347.1 212.5 487.1 211.2 415.5
2752.4 434.4 375.2 104.0 136.3 222.1 175.6 451.2 456.1 434.0 226.3 171.8 436.6 63.4 256.6 404.3 188.3 212.5 452.9 188.4 93.3 421.1 125.4 449.5 282.6 414.8 301.1 174.7 428.5 273.9 258.9 93.4 105.0 190.4 492.8 156.9 268.1 147.5 229.4 205.2 284.3 130.2 179.5 424.9 123.6 428.4 454.9 362.9 96.6 480.5 488.0 168.4 155.8 457.2 87.5 107.1 502.9 280.3 152.7 90.7 430.8 283.9 90.0 189.9 364.6 390.7 212.9 77.0 287.4 117.2 163.2 450.0 291.0 35.9 84.5 436.1 415.3 416.9 257.3 394.3 311.1 172.2 77.5 341.1 306.7 390.7 391.0 112.0 103.6 481.7 86.2 454.3 116.4 70.4 179.4 385.9 331.2 136.9 423.7 17.3 477.8 324.9 396.0 424.9 135.6 249.2 67.0 126.0 237.4 236.7 213.0 328.4 211.4 161.1 303.7 45.6 233.9 126.4 45.6 77.0 412.2 185.8 72.9 442.3 477.9 210.2 406.2 212.6 262.5 373.2 369.6 276.8 75.5 164.3 174.3 231.8 237.2 468.9 368.8 162.7 231.7 279.6 0.0 418.3 121.0 442.5 98.1 363.8 415.3 259.2 432.0 291.8
2833.0 16.0 52.1 319.0 489.0 540.1 504.5 128.7 329.4 360.3 297.1 417.4 362.9 415.1 330.0 178.8 264.1 285.9 379.2 559.1 382.7 48.2 302.2 76.8 559.6 341.1 207.6 486.5 236.2 591.9 318.3 452.5 340.7 321.2 419.1 271.4 282.8 505.5 547.4 197.3 602.3 448.2 407.3 199.4 394.3 354.7 82.2 289.2 454.6 255.0 414.3 532.3 473.8 231.7 418.4 425.4 277.4 287.4 411.6 445.4 357.1 602.2 408.3 501.7 682.6 165.2 318.5 395.3 252.3 270.8 527.1 376.3 454.5 442.1 402.8 210.6 189.8 90.3 575.6 320.6 237.4 490.2 427.3 414.5 624.7 234.6 317.3 353.8 368.7 256.2 369.8 35.9 352.1 433.6 341.7 312.2 257.5 503.5 281.5 386.5 252.3 102.2 322.3 102.4 464.5 587.2 473.2 361.7 365.9 310.1 549.4 401.8 529.7 472.9 377.1 363.9 570.3 372.0 451.8 420.6 285.5 549.7 346.2 241.7 252.4 528.2 63.1 582.0 368.1 691.5 295.9 594.8 382.7 530.9 492.3 543.6 555.2 364.5 160.8 480.7 591.4 226.8 406.1 0.0 356.7 120.0 489.4 437.2 341.6 577.2 274.4 610.1
2748.3 355.3 296.1 57.2 196.5 247.6 212.0 404.4 409.3 387.2 194.1 187.3 389.8 122.6 209.8 357.5 141.5 165.7 406.1 266.6 100.9 342.0 78.6 383.3 308.4 368.0 268.9 200.2 381.7 299.4 226.7 160.0 22.4 107.8 446.0 110.1 235.9 213.0 254.9 158.4 309.8 155.7 205.0 378.1 101.8 381.6 375.8 316.1 162.1 433.7 441.2 239.8 181.3 410.4 125.9 132.9 456.1 248.1 54.9 152.9 384.0 309.7 115.8 215.4 390.1 343.9 184.8 102.8 255.2 70.4 234.6 403.2 316.5 149.6 110.3 389.3 368.5 337.8 283.1 347.5 264.3 197.7 134.8 294.3 332.2 343.9 344.2 72.0 76.2 434.9 77.3 375.2 33.8 141.1 97.9 339.1 284.4 211.0 376.9 94.0 431.0 245.8 349.2 378.1 172.0 294.7 180.7 43.4 209.3 189.9 256.9 281.6 237.2 186.6 256.9 71.4 277.8 141.9 159.3 128.1 365.4 257.2 53.7 395.5 431.1 235.7 327.1 289.5 234.4 399.0 322.8 302.3 90.2 238.4 199.8 257.3 262.7 422.1 322.0 188.2 298.9 247.4 113.6 339.2 0.0 395.7 196.9 317.0 368.5 284.7 385.2 317.6
2794.9 151.8 122.2 389.1 559.1 610.2 574.6 20.9 249.8 357.3 367.2 487.5 343.1 485.2 400.1 99.2 334.2 356.0 339.2 629.2 452.8 159.6 372.3 58.0 629.7 321.3 277.7 556.6 156.6 662.0 296.2 522.6 410.8 391.3 399.3 341.5 285.0 575.6 617.5 267.4 672.4 518.3 477.4 119.8 464.4 334.9 91.1 286.2 524.7 175.4 394.5 602.4 543.9 152.1 488.5 495.5 197.8 266.4 481.7 515.5 354.1 672.3 478.4 571.8 752.7 85.6 388.6 465.4 322.4 340.9 597.2 356.5 524.6 512.2 472.9 131.0 110.2 155.4 645.7 317.6 234.4 560.3 497.4 484.6 694.8 155.0 314.3 423.9 438.8 176.6 439.9 171.7 422.2 503.7 411.8 239.5 192.4 573.6 201.9 456.6 172.7 172.3 282.3 20.1 534.6 657.3 543.3 431.8 382.7 380.2 619.5 471.9 599.8 543.0 447.2 434.0 640.4 442.1 521.9 490.7 205.9 619.8 416.3 162.1 172.8 598.3 144.7 652.1 438.2 761.6 275.0 664.9 452.8 601.0 562.4 613.7 625.3 391.4 81.2 550.8 661.5 235.4 476.2 135.7 426.8 0.0 559.5 507.3 290.1 647.3 194.8 680.2
2709.4 486.8 427.6 169.9 76.1 153.6 115.4 517.1 522.0 499.9 278.7 216.1 502.5 94.2 322.5 470.2 254.2 278.4 518.8 99.0 141.0 473.5 191.3 501.9 199.6 480.7 353.5 131.7 494.4 176.3 311.3 103.9 170.9 254.4 558.7 222.8 320.5 94.1 204.4 271.1 192.9 105.2 136.5 490.8 176.0 494.3 507.3 428.8 89.5 546.4 553.9 79.0 130.8 523.1 87.0 110.2 568.8 332.7 205.1 90.2 496.7 201.9 132.9 146.9 262.4 456.6 265.3 119.9 339.8 183.1 73.8 515.9 248.0 64.4 70.8 502.0 481.2 469.3 175.3 460.2 377.0 147.2 77.0 407.0 215.3 456.6 456.9 168.3 169.5 547.6 134.1 506.7 182.3 69.9 231.8 451.8 397.1 61.9 489.6 107.1 543.7 377.3 461.9 490.8 75.4 159.8 95.5 191.9 289.8 302.6 138.0 279.2 129.4 118.1 254.5 94.8 158.9 170.7 74.1 58.5 478.1 96.4 138.8 508.2 543.8 185.2 458.6 123.2 314.9 286.4 435.5 172.6 120.9 74.9 146.8 188.8 136.9 511.6 434.7 137.7 142.3 332.0 89.7 470.7 186.9 508.4 0.0 429.7 481.2 234.2 497.9 209.8
2662.7 435.1 375.9 298.6 326.8 395.9 342.3 484.2 489.1 467.0 403.8 518.0 469.6 330.6 231.7 437.3 267.7 187.6 485.9 392.8 345.7 421.8 299.7 463.1 493.4 447.8 292.4 280.7 461.5 447.7 425.0 295.9 393.8 479.2 525.8 275.0 389.5 387.9 403.2 238.2 458.1 304.0 201.5 457.9 429.8 461.4 455.6 395.9 383.3 513.5 521.0 372.8 329.6 490.2 384.7 412.5 535.9 394.1 464.7 392.5 463.8 495.7 443.8 295.9 538.4 423.7 425.2 430.8 277.1 250.4 367.6 483.0 248.7 362.3 397.7 469.1 448.3 417.6 469.1 427.3 344.1 346.0 374.7 43.4 480.5 423.7 424.0 364.6 404.2 514.7 320.8 455.0 405.2 367.6 469.3 418.9 364.2 341.3 456.7 385.0 510.8 325.6 429.0 457.9 302.3 443.0 327.3 414.8 472.6 165.3 405.2 196.0 423.2 267.1 171.3 399.4 426.1 472.6 354.5 385.4 445.2 390.2 345.4 475.3 510.9 384.0 406.9 417.0 474.8 561.4 402.6 450.6 307.6 368.7 348.1 337.8 411.0 387.0 401.8 336.5 436.1 333.5 367.6 419.0 409.8 475.5 328.6 0.0 448.3 433.0 465.0 503.6
2642.2 356.7 297.5 327.3 497.3 548.4 512.8 300.6 131.7 166.5 279.3 399.6 169.1 423.4 338.3 296.0 272.4 294.2 110.8 567.4 391.0 343.4 310.5 279.5 541.8 147.3 215.9 494.8 168.9 600.2 300.5 460.8 349.0 303.4 225.3 279.7 265.0 513.8 555.7 205.6 610.6 456.5 415.6 266.3 349.5 160.9 370.8 95.4 462.9 372.2 220.5 540.6 482.1 298.6 426.7 433.7 394.6 228.1 356.9 453.7 163.3 552.2 366.2 510.0 690.9 282.7 300.7 403.6 260.6 279.1 535.4 182.5 462.8 450.4 411.1 306.2 298.8 339.2 583.9 126.8 94.7 498.5 435.6 422.8 566.7 200.8 123.5 362.1 377.0 373.4 378.1 376.6 360.4 441.9 323.9 67.2 108.3 511.8 116.5 394.8 369.5 247.2 53.9 274.3 472.8 595.5 481.5 370.0 348.1 318.4 557.7 410.1 538.0 481.2 385.4 372.2 578.6 354.2 460.1 428.9 87.8 558.0 354.5 117.9 369.6 536.5 328.5 590.3 350.3 699.8 45.6 603.1 391.0 539.2 500.6 551.9 563.5 618.0 215.7 489.0 599.7 209.0 414.4 340.6 365.0 291.9 497.7 445.5 0.0 585.5 166.3 618.4
2657.8 578.6 519.4 280.5 200.5 157.5 177.8 627.7 632.6 610.5 446.7 405.7 613.1 221.2 433.1 580.8 364.8 389.0 629.4 202.7 233.4 565.3 301.9 606.6 361.9 591.3 521.5 216.2 605.0 235.5 479.3 201.6 281.5 366.9 669.3 333.4 488.5 293.6 17.4 381.7 245.9 129.0 221.0 601.4 317.5 604.9 599.1 539.4 292.7 657.0 664.5 278.5 102.1 633.7 283.6 306.8 679.4 500.7 352.4 286.8 607.3 312.6 331.5 231.4 300.9 567.2 433.3 318.5 507.8 293.7 226.4 626.5 332.5 250.0 285.4 612.6 591.8 561.1 313.2 570.8 487.6 85.7 273.6 517.6 268.3 567.2 567.5 252.3 291.9 658.2 208.5 598.5 292.9 266.5 357.0 562.4 507.7 208.8 600.2 272.7 654.3 469.1 572.5 601.4 211.5 199.4 233.0 302.5 457.8 374.4 188.8 363.7 273.1 202.6 339.0 287.1 167.9 360.3 259.7 273.1 588.7 240.0 233.1 618.8 654.4 36.4 550.4 251.0 482.9 324.9 546.1 186.6 195.3 209.4 135.9 273.3 198.8 596.1 545.3 95.2 235.0 500.0 255.3 562.5 297.5 619.0 234.3 540.3 591.8 0.0 608.5 294.3
2746.5 283.9 254.3 360.0 530.0 581.1 545.5 205.3 160.4 270.8 312.0 432.3 273.4 456.1 371.0 150.4 305.1 326.9 215.1 600.1 423.7 291.7 343.2 184.2 574.5 251.6 248.6 527.5 73.6 632.9 275.6 493.5 381.7 336.1 329.6 312.4 264.4 546.5 588.4 238.3 643.3 489.2 448.3 171.0 382.2 265.2 275.5 199.7 495.6 226.6 324.8 573.3 514.8 203.3 459.4 466.4 249.0 245.8 389.6 486.4 267.6 584.9 398.9 542.7 723.6 136.8 333.4 436.3 293.3 311.8 568.1 286.8 495.5 483.1 443.8 182.2 161.4 287.5 616.6 231.1 213.8 531.2 468.3 455.5 599.4 86.5 227.8 394.8 409.7 227.8 410.8 303.8 393.1 474.6 356.6 96.1 171.8 544.5 58.5 427.5 223.9 304.4 158.2 179.0 505.5 628.2 514.2 402.7 362.1 351.1 590.4 442.8 570.7 513.9 418.1 404.9 611.3 386.9 492.8 461.6 116.5 590.7 387.2 72.7 224.0 569.2 276.8 623.0 383.0 732.5 167.9 635.8 423.7 571.9 533.3 584.6 596.2 527.0 120.4 521.7 632.4 214.8 447.1 267.8 397.7 196.6 530.4 478.2 166.1 618.2 0.0 651.1
2658.6 574.5 515.3 307.8 206.9 170.1 206.6 641.5 646.5 624.4 366.4 303.8 627.0 270.6 460.4 626.4 392.1 416.3 638.6 136.0 309.0 561.2 329.2 589.6 102.5 605.2 441.2 284.5 650.6 129.7 399.0 235.9 308.8 342.1 683.2 360.7 408.2 141.5 246.6 441.4 76.7 204.6 289.3 647.0 263.7 618.8 595.0 553.3 198.7 702.6 678.4 144.6 173.0 679.3 234.9 227.9 725.0 463.2 292.8 207.9 621.2 119.1 233.2 299.7 156.0 612.8 353.0 201.3 427.5 321.0 155.6 640.4 400.8 261.7 245.3 658.2 637.4 557.0 119.5 584.7 501.5 189.4 228.6 544.9 99.1 612.8 581.4 322.6 289.3 703.8 284.1 594.4 320.2 221.5 319.5 576.3 521.6 194.2 614.1 252.0 699.9 465.0 581.7 615.2 228.2 151.2 235.5 329.8 377.5 440.5 158.4 432.0 79.4 270.9 407.3 232.7 179.3 258.4 271.4 263.1 602.6 139.1 276.7 632.7 700.0 227.4 546.3 97.7 402.6 162.0 560.0 164.0 270.9 167.2 149.2 341.6 115.4 664.4 590.9 179.9 131.2 419.7 271.6 558.4 324.8 632.8 207.6 567.6 603.7 276.4 654.1 0.0
