Name		0919_BED-Amazon_n145_m271_bt26
Number_of_Customers	145
Number_of_Items		271
Number_of_ItemTypes	26
Number_of_Vehicles	1
TimeWindows		0
Dist_type	manual

VEHICLE
Mass_Capacity	1024
CargoSpace_Length	212
CargoSpace_Width	111
CargoSpace_Height	105

CUSTOMERS
i	x	y	Demand	ReadyTime	DueDate	ServiceTime	DemandedMass	DemandedVolume
0	33.688122	-117.847178	0	0	0	0	0	0
1	33.596621	-117.723514	1	0	0	0	1.9	1176
2	33.599285	-117.725833	2	0	0	0	5.4	4020
3	33.59645	-117.720427	1	0	0	0	4.7	1380
4	33.598987	-117.718539	1	0	0	0	2.91	13520
5	33.603761	-117.736518	1	0	0	0	4.7	1380
6	33.594159	-117.713942	1	0	0	0	2.5	3978
7	33.600758	-117.737922	1	0	0	0	4.7	1380
8	33.598879	-117.727619	3	0	0	0	7.15	8628
9	33.596295	-117.719871	2	0	0	0	5.4	4020
10	33.601235	-117.738829	1	0	0	0	4.7	1380
11	33.606172	-117.735197	2	0	0	0	4.4	5154
12	33.595386	-117.7117	1	0	0	0	4.7	1380
13	33.596728	-117.737746	1	0	0	0	4.7	1380
14	33.6062	-117.73901	1	0	0	0	4.19	9880
15	33.596731	-117.722166	2	0	0	0	6.5	3900
16	33.607606	-117.722691	2	0	0	0	15.5	9420
17	33.593157	-117.712476	2	0	0	0	4.4	5154
18	33.596427	-117.726343	1	0	0	0	4.7	1380
19	33.596443	-117.733286	1	0	0	0	3.82	7600
20	33.607377	-117.735849	1	0	0	0	4.7	1380
21	33.600012	-117.718497	1	0	0	0	4.7	1380
22	33.600951	-117.719236	1	0	0	0	0.7	2640
23	33.596815	-117.720231	4	0	0	0	13.74	22914
24	33.599024	-117.737718	1	0	0	0	2.5	3978
25	33.597915	-117.732311	1	0	0	0	1.75	4608
26	33.597875	-117.724767	3	0	0	0	5.05	11064
27	33.596756	-117.719143	1	0	0	0	3.01	5544
28	33.596895	-117.737773	2	0	0	0	28.25	5140
29	33.602184	-117.736762	2	0	0	0	7.2	5358
30	33.597674	-117.735683	1	0	0	0	4.7	1380
31	33.595931	-117.72422	2	0	0	0	7.2	5358
32	33.592277	-117.712761	2	0	0	0	6.6	2556
33	33.600264	-117.72703	1	0	0	0	4.7	1380
34	33.60297	-117.73368	1	0	0	0	0.7	2640
35	33.598992	-117.732657	2	0	0	0	7.61	14900
36	33.598516	-117.730735	1	0	0	0	0.7	2640
37	33.595416	-117.727157	2	0	0	0	18.85	2380
38	33.597581	-117.717813	2	0	0	0	6.6	2556
39	33.597325	-117.717287	2	0	0	0	9.05	8248
40	33.606606	-117.737999	2	0	0	0	9.05	8248
41	33.597362	-117.725687	4	0	0	0	11.44	17837
42	33.5974	-117.721103	1	0	0	0	1.75	4608
43	33.595711	-117.726287	5	0	0	0	15.87	44144
44	33.600571	-117.739178	3	0	0	0	7.46	17058
45	33.596301	-117.724675	1	0	0	0	4.7	1380
46	33.601587	-117.722359	1	0	0	0	4.7	1380
47	33.595091	-117.711547	1	0	0	0	1.75	4608
48	33.601397	-117.737448	2	0	0	0	5.4	4020
49	33.597746	-117.729806	2	0	0	0	5.57	13188
50	33.60411	-117.734471	2	0	0	0	15.35	18670
51	33.60049	-117.732851	1	0	0	0	1.9	1176
52	33.595865	-117.726299	3	0	0	0	13.9	7752
53	33.601936	-117.738232	1	0	0	0	1.9	1176
54	33.605911	-117.739136	2	0	0	0	9.05	8248
55	33.604966	-117.721317	1	0	0	0	1.9	1176
56	33.608323	-117.734539	3	0	0	0	5.05	17648
57	33.599233	-117.733623	1	0	0	0	4.7	1380
58	33.59883	-117.719797	1	0	0	0	1.75	4608
59	33.607444	-117.737163	1	0	0	0	4.7	1380
60	33.607275	-117.732387	3	0	0	0	8.71	14301
61	33.598619	-117.718098	2	0	0	0	9.05	8248
62	33.600819	-117.721772	2	0	0	0	8.5	3732
63	33.598525	-117.73532	1	0	0	0	14.1	4140
64	33.602343	-117.721646	2	0	0	0	6.6	2556
65	33.596712	-117.726664	2	0	0	0	8.96	11820
66	33.60129	-117.736077	2	0	0	0	9.0	3540
67	33.597139	-117.734157	1	0	0	0	3.01	5544
68	33.604307	-117.722234	1	0	0	0	4.7	1380
69	33.60484	-117.735724	1	0	0	0	5.29	8075
70	33.603086	-117.722836	2	0	0	0	6.6	2556
71	33.602889	-117.721576	2	0	0	0	11.15	7368
72	33.597946	-117.724773	2	0	0	0	5.4	4020
73	33.598286	-117.729808	2	0	0	0	6.45	5988
74	33.594322	-117.71213	1	0	0	0	0.7	2640
75	33.594429	-117.711702	1	0	0	0	4.7	1380
76	33.604992	-117.738035	1	0	0	0	2.5	3978
77	33.598745	-117.732345	2	0	0	0	4.45	19686
78	33.596313	-117.72169	1	0	0	0	1.9	1176
79	33.608198	-117.735247	1	0	0	0	9.4	2760
80	33.603935	-117.720167	2	0	0	0	8.52	15066
81	33.605591	-117.735995	1	0	0	0	1.9	1176
82	33.606352	-117.739628	3	0	0	0	16.15	26808
83	33.605598	-117.737133	1	0	0	0	0.7	2640
84	33.596773	-117.731314	3	0	0	0	7.3	5196
85	33.606766	-117.735651	1	0	0	0	0.7	2640
86	33.601183	-117.737643	2	0	0	0	6.55	10808
87	33.604744	-117.733778	2	0	0	0	9.45	4720
88	33.606171	-117.739809	2	0	0	0	6.6	2556
89	33.598149	-117.734178	1	0	0	0	1.8	2520
90	33.603742	-117.732878	1	0	0	0	0.7	2640
91	33.607311	-117.736017	2	0	0	0	11.3	3936
92	33.594996	-117.71254	2	0	0	0	12.0	5020
93	33.595214	-117.728606	1	0	0	0	0.7	2640
94	33.595991	-117.713661	1	0	0	0	2.5	3978
95	33.604456	-117.73603	1	0	0	0	9.4	2760
96	33.598179	-117.72178	3	0	0	0	9.54	17460
97	33.59856	-117.731302	1	0	0	0	4.7	1380
98	33.603071	-117.73404	1	0	0	0	14.1	4140
99	33.596565	-117.714502	2	0	0	0	5.99	10715
100	33.603111	-117.719696	1	0	0	0	0.7	2640
101	33.598167	-117.720771	1	0	0	0	1.4	5280
102	33.59847	-117.726831	2	0	0	0	5.99	10715
103	33.597851	-117.729797	1	0	0	0	0.7	2640
104	33.597946	-117.731043	1	0	0	0	2.5	3978
105	33.598311	-117.730872	1	0	0	0	0.7	2640
106	33.5965	-117.732427	1	0	0	0	4.8	6200
107	33.595209	-117.713627	1	0	0	0	1.75	4608
108	33.597991	-117.737711	1	0	0	0	4.3	2160
109	33.607932	-117.734749	1	0	0	0	4.7	1380
110	33.595431	-117.726849	1	0	0	0	4.7	1380
111	33.596925	-117.717553	1	0	0	0	1.9	1176
112	33.598671	-117.735528	1	0	0	0	4.7	1380
113	33.598313	-117.727964	2	0	0	0	11.2	5280
114	33.602395	-117.718848	3	0	0	0	8.7	10476
115	33.596456	-117.73668	1	0	0	0	0.7	2640
116	33.598968	-117.724864	1	0	0	0	9.4	2760
117	33.597256	-117.727886	1	0	0	0	4.7	1380
118	33.60885	-117.731318	2	0	0	0	16.6	8118
119	33.595268	-117.711281	1	0	0	0	4.8	6200
120	33.59684	-117.736756	1	0	0	0	14.15	1000
121	33.602774	-117.735054	1	0	0	0	4.7	1380
122	33.599043	-117.721194	3	0	0	0	13.6	14616
123	33.600451	-117.737032	1	0	0	0	3.82	8580
124	33.59791	-117.735807	2	0	0	0	5.4	4020
125	33.606224	-117.733863	1	0	0	0	4.7	1380
126	33.596205	-117.727371	6	0	0	0	37.65	22942
127	33.60245	-117.722837	2	0	0	0	6.6	2556
128	33.597008	-117.71809	3	0	0	0	12.92	11800
129	33.598511	-117.728592	2	0	0	0	5.4	4020
130	33.603055	-117.737319	1	0	0	0	3.82	7600
131	33.599328	-117.728236	4	0	0	0	11.4	17214
132	33.598676	-117.734291	1	0	0	0	0.7	2640
133	33.59849	-117.736467	1	0	0	0	4.7	1380
134	33.595843	-117.728827	2	0	0	0	5.4	4020
135	33.596111	-117.711913	1	0	0	0	4.7	1380
136	33.605093	-117.736526	2	0	0	0	11.12	11240
137	33.598826	-117.721519	1	0	0	0	7.3	3640
138	33.598795	-117.727158	2	0	0	0	7.71	6924
139	33.604168	-117.738555	1	0	0	0	9.4	2760
140	33.600011	-117.720006	2	0	0	0	2.6	3816
141	33.59579	-117.727332	1	0	0	0	0.7	2640
142	33.603925	-117.721811	1	0	0	0	7.3	3640
143	33.599589	-117.717834	1	0	0	0	0.7	2640
144	33.599145	-117.734316	1	0	0	0	4.7	1380
145	33.600034	-117.738096	1	0	0	0	1.75	4608

ITEMS
Type	Length	Width	Height	Mass	Fragility	LoadBearingStrength
Bt1	10	10	10	14.15	1	0
Bt2	18	12	5	2.15	1	0
Bt3	21	14	4	1.9	1	0
Bt4	23	15	4	4.7	1	0
Bt5	20	18	7	1.8	1	0
Bt6	15	11	16	0.7	1	0
Bt7	20	14	13	7.3	1	0
Bt8	17	13	18	2.5	1	0
Bt9	24	12	16	1.75	1	0
Bt10	28	22	9	3.01	1	0
Bt11	31	20	10	4.8	1	0
Bt12	32	20	10	2.82	1	0
Bt13	40	19	10	3.82	1	0
Bt14	25	19	17	5.29	1	0
Bt15	22	15	26	3.816	1	0
Bt16	40	19	13	4.19	1	0
Bt17	40	20	13	2.6	1	0
Bt18	29	24	15	4.26	1	0
Bt19	29	27	15	2.11	1	0
Bt20	39	28	11	3.53	1	0
Bt21	26	20	26	2.91	1	0
Bt22	27	23	24	2.94	1	0
Bt23	44	17	21	1.95	1	0
Bt24	39	27	16	7.63	1	0
Bt25	35	26	19	10.65	1	0
Bt26	41	20	29	3.42	1	0

DEMANDS PER CUSTOMER
i	Type Quantity
1	Bt3 1	
2	Bt4 1	Bt6 1	
3	Bt4 1	
4	Bt21 1	
5	Bt4 1	
6	Bt8 1	
7	Bt4 1	
8	Bt4 1	Bt6 1	Bt9 1	
9	Bt4 1	Bt6 1	
10	Bt4 1	
11	Bt3 1	Bt8 1	
12	Bt4 1	
13	Bt4 1	
14	Bt16 1	
15	Bt4 1	Bt5 1	
16	Bt4 3	Bt6 2	
17	Bt8 1	Bt3 1	
18	Bt4 1	
19	Bt13 1	
20	Bt4 1	
21	Bt4 1	
22	Bt6 1	
23	Bt8 1	Bt10 1	Bt4 1	Bt20 1	
24	Bt8 1	
25	Bt9 1	
26	Bt6 2	Bt9 1	Bt3 1	
27	Bt10 1	
28	Bt4 3	Bt1 1	
29	Bt4 1	Bt8 1	
30	Bt4 1	
31	Bt4 1	Bt8 1	
32	Bt4 1	Bt3 1	
33	Bt4 1	
34	Bt6 1	
35	Bt21 1	Bt4 1	
36	Bt6 1	
37	Bt1 1	Bt4 1	
38	Bt4 1	Bt3 1	
39	Bt7 1	Bt9 1	
40	Bt7 1	Bt9 1	
41	Bt9 1	Bt14 1	Bt8 1	Bt3 1	
42	Bt9 1	
43	Bt9 3	Bt26 1	Bt4 1	Bt6 1	Bt5 1	
44	Bt18 1	Bt8 1	Bt6 1	
45	Bt4 1	
46	Bt4 1	
47	Bt9 1	
48	Bt4 1	Bt6 1	
49	Bt15 1	Bt9 1	
50	Bt4 1	Bt25 1	
51	Bt3 1	
52	Bt3 2	Bt4 2	Bt6 1	
53	Bt3 1	
54	Bt7 1	Bt9 1	
55	Bt3 1	
56	Bt17 1	Bt6 1	Bt9 1	
57	Bt4 1	
58	Bt9 1	
59	Bt4 1	
60	Bt19 1	Bt3 1	Bt4 1	
61	Bt7 1	Bt9 1	
62	Bt3 2	Bt4 1	
63	Bt4 3	
64	Bt3 1	Bt4 1	
65	Bt4 1	Bt18 1	
66	Bt2 2	Bt4 1	
67	Bt10 1	
68	Bt4 1	
69	Bt14 1	
70	Bt4 1	Bt3 1	
71	Bt4 2	Bt9 1	
72	Bt6 1	Bt4 1	
73	Bt9 1	Bt4 1	
74	Bt6 1	
75	Bt4 1	
76	Bt8 1	
77	Bt23 1	Bt8 1	
78	Bt3 1	
79	Bt4 2	
80	Bt10 2	Bt8 1	
81	Bt3 1	
82	Bt15 1	Bt24 1	Bt4 1	
83	Bt6 1	
84	Bt3 1	Bt4 1	Bt6 1	
85	Bt6 1	
86	Bt11 1	Bt9 1	
87	Bt2 1	Bt7 1	
88	Bt3 1	Bt4 1	
89	Bt5 1	
90	Bt6 1	
91	Bt4 2	Bt3 1	
92	Bt4 1	Bt7 1	
93	Bt6 1	
94	Bt8 1	
95	Bt4 2	
96	Bt3 1	Bt22 1	Bt4 1	
97	Bt4 1	
98	Bt4 3	
99	Bt14 1	Bt6 1	
100	Bt6 1	
101	Bt6 2	
102	Bt14 1	Bt6 1	
103	Bt6 1	
104	Bt8 1	
105	Bt6 1	
106	Bt11 1	
107	Bt9 1	
108	Bt2 2	
109	Bt4 1	
110	Bt4 1	
111	Bt3 1	
112	Bt4 1	
113	Bt5 1	Bt4 2	
114	Bt6 3	Bt3 1	Bt4 1	
115	Bt6 1	
116	Bt4 2	
117	Bt4 1	
118	Bt4 3	Bt8 1	
119	Bt11 1	
120	Bt1 1	
121	Bt4 1	
122	Bt6 1	Bt4 2	Bt9 2	
123	Bt15 1	
124	Bt6 1	Bt4 1	
125	Bt4 1	
126	Bt9 1	Bt4 5	Bt6 1	Bt3 1	Bt7 1	Bt8 1	
127	Bt4 1	Bt3 1	
128	Bt12 1	Bt4 2	Bt6 1	
129	Bt6 1	Bt4 1	
130	Bt13 1	
131	Bt9 2	Bt8 1	Bt4 1	Bt6 1	
132	Bt6 1	
133	Bt4 1	
134	Bt4 1	Bt6 1	
135	Bt4 1	
136	Bt13 1	Bt7 1	
137	Bt7 1	
138	Bt4 1	Bt10 1	
139	Bt4 2	
140	Bt6 1	Bt3 1	
141	Bt6 1	
142	Bt7 1	
143	Bt6 1	
144	Bt4 1	
145	Bt9 1	

DISTANCE MATRIX
0.0 1568.3 1588.5 1562.9 1538.4 1549.1 1516.9 1535.4 1625.2 1566.2 1519.3 1547.2 1603.4 1453.0 1464.6 1510.7 1343.7 1531.4 1594.5 1574.3 1433.3 1456.5 1434.4 1551.7 1484.5 1577.7 1565.5 1532.3 1448.0 1489.1 1605.1 1524.0 1576.8 1650.2 1508.5 1595.6 1690.1 1643.4 1530.0 1529.0 1474.5 1553.8 1579.5 1616.6 1545.7 1533.1 1450.3 1603.6 1515.5 1735.2 1491.1 1543.8 1599.9 1487.7 1477.5 1466.7 1478.8 1606.5 1540.5 1400.7 1375.4 1532.9 1489.3 1612.6 1460.9 1576.9 1529.2 1542.7 1441.1 1559.4 1442.4 1457.7 1567.0 1713.7 1614.5 1590.0 1454.5 1606.6 1553.9 1483.9 1423.1 1565.8 1447.5 1478.9 1489.4 1510.7 1522.6 1496.8 1453.5 1566.5 1504.3 1430.3 1617.4 1683.4 1565.2 1543.4 1552.1 1706.6 1472.4 1564.1 1477.3 1558.2 1610.2 1731.0 1725.6 1712.8 1598.2 1614.4 1469.2 1458.1 1635.3 1515.3 1620.9 1642.1 1474.7 1483.9 1588.6 1617.3 1413.9 1613.9 1469.7 1508.5 1571.2 1562.3 1601.5 1460.6 1619.2 1465.5 1489.5 1656.2 1496.0 1647.0 1579.0 1590.4 1658.7 1581.9 1551.0 1571.5 1631.0 1482.1 1468.3 1632.2 1425.8 1427.4 1592.6 1553.8
1466.1 0.0 117.1 319.9 295.4 446.4 312.6 432.7 153.8 323.2 416.6 479.7 331.0 294.7 480.9 212.4 414.6 360.4 105.1 311.4 411.9 456.1 434.0 308.7 326.2 314.8 73.6 289.3 289.7 386.4 305.0 56.6 405.8 178.8 631.5 332.7 218.7 154.0 287.0 286.0 490.8 82.4 281.2 127.2 443.0 65.7 485.7 345.5 412.8 263.8 614.1 666.8 110.5 385.0 493.8 525.7 457.4 343.6 297.5 417.0 498.4 289.9 489.9 349.7 496.3 87.5 426.5 279.8 500.1 456.7 501.4 516.7 75.1 242.3 375.9 359.1 387.0 343.7 255.6 462.5 482.1 463.1 463.8 411.4 226.5 443.2 419.9 619.8 469.8 303.6 627.3 408.9 345.0 194.0 292.8 440.7 253.8 235.2 595.4 286.1 523.7 281.4 138.8 259.6 254.2 241.4 335.3 342.0 310.9 436.7 145.9 272.3 358.0 152.7 521.1 325.6 96.7 127.9 483.3 341.5 311.4 631.5 297.6 459.6 309.5 583.6 129.8 524.5 246.5 166.8 393.3 175.6 316.1 323.5 169.3 508.8 448.3 297.9 159.6 414.6 467.9 142.8 484.8 427.0 329.7 451.1
1445.8 122.3 0.0 284.2 259.7 426.1 276.9 412.4 69.1 282.8 396.3 457.7 295.3 274.4 460.6 197.9 377.2 322.0 87.4 291.1 391.6 420.4 398.3 273.0 305.9 294.5 73.0 253.6 269.4 367.9 284.7 104.7 368.4 61.6 611.2 312.4 101.5 136.3 249.6 247.2 462.2 38.6 245.5 107.8 421.0 94.6 450.0 309.8 392.5 146.6 592.1 646.5 102.9 364.7 471.6 490.0 435.4 323.3 261.8 396.7 476.4 247.7 452.5 329.4 461.0 68.1 401.9 259.5 464.4 436.4 464.0 456.5 57.1 117.0 340.2 323.4 366.7 321.7 219.9 440.5 444.7 442.8 441.8 391.1 204.6 422.9 397.9 597.8 449.5 283.3 607.0 386.9 307.6 176.3 257.1 418.7 216.4 118.0 573.4 248.7 488.0 244.0 35.9 142.4 137.0 124.2 315.0 306.3 294.0 416.4 128.2 236.6 337.7 93.5 483.7 305.3 43.8 110.2 461.3 305.8 291.1 611.2 243.1 439.3 289.2 563.3 108.8 488.8 209.1 98.5 373.0 58.4 295.8 303.2 149.9 473.1 419.5 262.2 56.7 397.8 440.6 123.5 449.1 391.3 309.4 430.8
1528.6 233.7 253.9 0.0 108.1 508.9 241.0 495.2 290.6 140.7 479.1 542.2 259.4 357.2 543.4 183.8 343.0 288.8 259.9 373.9 474.4 384.5 362.4 28.0 388.7 377.3 230.9 106.8 352.2 448.9 367.5 189.4 334.2 315.6 694.0 395.2 355.5 308.8 139.3 138.3 553.3 219.2 182.5 282.0 505.5 198.5 414.1 273.9 475.3 400.6 676.6 729.3 265.3 447.5 556.3 454.1 519.9 406.1 110.2 479.5 560.9 113.6 418.3 412.2 424.7 242.3 489.0 342.3 428.5 519.2 429.8 445.1 232.4 379.1 304.3 287.5 449.5 406.2 227.0 525.0 410.5 525.6 526.3 473.9 289.0 505.7 482.4 682.3 532.3 366.1 689.8 471.4 273.4 348.8 221.2 503.2 156.7 372.0 657.9 214.5 452.1 127.9 275.6 396.4 391.0 378.2 397.8 270.4 373.4 499.2 300.7 124.6 420.5 307.5 449.5 388.1 254.0 282.7 545.8 269.9 373.9 694.0 140.9 522.1 372.0 646.1 284.6 452.9 98.8 321.6 455.8 312.4 378.6 386.0 324.1 437.2 510.8 141.2 296.4 477.1 396.3 297.6 413.2 355.4 392.2 513.6
1520.9 226.0 246.2 104.9 0.0 501.2 233.3 487.5 282.9 133.0 471.4 534.5 251.7 349.5 535.7 145.3 335.3 281.1 252.2 366.2 466.7 376.8 354.7 93.7 381.0 369.6 223.2 99.1 344.5 441.2 359.8 181.7 326.5 307.9 686.3 387.5 347.8 301.1 131.6 130.6 545.6 211.5 144.0 274.3 497.8 190.8 406.4 266.2 467.6 392.9 668.9 721.6 257.6 439.8 548.6 446.4 512.2 398.4 71.7 471.8 553.2 105.9 410.6 404.5 417.0 234.6 481.3 334.6 420.8 511.5 422.1 437.4 224.7 371.4 296.6 279.8 441.8 398.5 188.5 517.3 402.8 517.9 518.6 466.2 281.3 498.0 474.7 674.6 524.6 358.4 682.1 463.7 265.7 341.1 213.5 495.5 118.2 364.3 650.2 206.8 444.4 89.4 267.9 388.7 383.3 370.5 390.1 262.7 365.7 491.5 293.0 116.9 412.8 299.8 441.8 380.4 246.3 275.0 538.1 262.2 366.2 686.3 102.4 514.4 364.3 638.4 276.9 445.2 91.1 313.9 448.1 304.7 370.9 378.3 316.4 429.5 503.1 102.7 288.7 469.4 388.6 289.9 405.5 347.7 384.5 505.9
1492.8 598.6 466.9 593.2 568.7 0.0 548.9 122.7 503.6 596.5 136.4 168.1 567.3 194.2 228.0 541.0 374.0 596.7 472.9 239.7 159.0 486.8 464.7 582.0 125.4 280.3 595.8 562.6 189.2 76.4 147.6 554.3 642.1 528.6 378.6 298.2 568.5 521.8 560.3 559.3 237.9 432.2 609.8 495.0 162.8 563.4 480.6 581.8 102.8 613.6 361.2 413.9 478.3 104.8 240.9 497.0 204.5 276.3 570.8 164.1 245.5 563.2 519.6 209.1 491.2 455.3 71.7 212.5 471.4 63.1 472.7 488.0 597.3 592.1 612.2 595.4 134.1 309.2 584.2 209.6 453.4 147.7 210.9 158.5 256.7 190.3 109.9 366.9 216.9 236.3 374.4 156.0 581.3 561.8 529.1 47.1 582.4 585.0 342.5 522.4 507.6 588.5 488.6 609.4 604.0 591.2 263.6 578.3 140.7 183.8 513.7 545.6 217.4 520.5 505.0 207.1 618.9 495.7 230.4 577.8 192.9 378.6 601.5 104.8 144.0 330.7 497.6 495.8 519.8 534.6 77.9 525.4 248.8 132.9 537.1 612.2 132.9 601.8 509.4 161.7 498.6 510.6 456.1 457.7 262.4 141.1
1493.0 242.4 262.6 237.0 212.5 517.6 0.0 503.9 299.3 240.3 487.8 550.9 86.4 365.9 552.1 184.8 200.6 47.7 268.6 382.6 483.1 242.1 220.0 225.8 397.4 386.0 239.6 206.4 360.9 457.6 376.2 198.1 93.1 324.3 528.7 403.9 364.2 317.5 204.1 203.1 562.0 227.9 253.6 290.7 514.2 207.2 271.7 100.9 484.0 409.3 511.3 564.0 274.0 456.2 565.0 311.7 528.6 414.8 214.6 488.2 395.6 207.0 275.9 420.9 282.3 251.0 497.7 351.0 286.1 527.9 287.4 302.7 241.1 387.8 130.8 106.3 458.2 414.9 228.0 533.7 268.1 534.3 535.0 482.6 297.7 514.4 491.1 517.0 541.0 374.8 524.5 480.1 100.4 357.5 48.2 511.9 226.2 380.7 492.6 85.7 309.7 232.3 284.3 405.1 399.7 386.9 406.5 97.4 382.1 507.9 309.4 189.4 429.2 316.2 307.1 396.8 262.7 291.4 434.1 96.9 382.6 528.7 245.3 530.8 380.7 480.8 293.3 310.5 163.6 330.3 464.5 321.1 387.3 394.7 332.8 294.8 519.5 245.6 305.1 485.8 253.9 306.3 270.8 213.0 400.9 522.3
1494.7 600.5 620.7 595.1 570.6 118.3 550.8 0.0 657.4 598.4 138.3 170.0 569.2 220.9 229.9 542.9 375.9 598.6 626.7 266.4 160.9 488.7 466.6 583.9 152.1 307.0 597.7 564.5 215.9 33.0 174.3 556.2 644.0 682.4 380.5 324.9 722.3 675.6 562.2 561.2 239.8 586.0 611.7 648.8 164.7 565.3 482.5 583.7 14.1 767.4 363.1 415.8 632.1 106.7 242.8 498.9 206.4 303.0 572.7 166.0 247.4 565.1 521.5 235.8 493.1 609.1 98.4 239.2 473.3 128.6 474.6 489.9 599.2 745.9 614.1 597.3 136.0 335.9 586.1 211.5 455.3 149.6 212.8 160.4 283.4 192.2 9.1 368.8 218.8 263.0 376.3 157.9 583.2 715.6 531.0 112.6 584.3 738.8 344.4 524.3 509.5 590.4 642.4 763.2 757.8 745.0 290.3 580.2 167.4 185.7 667.5 547.5 244.1 674.3 506.9 233.8 620.8 649.5 232.3 579.7 219.6 380.5 603.4 131.5 170.7 332.6 651.4 497.7 521.7 688.4 79.8 679.2 275.5 159.6 690.9 614.1 134.8 603.7 663.2 163.6 500.5 664.4 458.0 459.6 289.1 18.3
1500.3 176.8 57.2 338.7 314.2 480.6 331.4 466.9 0.0 337.3 450.8 513.9 349.8 328.9 515.1 252.4 433.4 376.5 136.7 345.6 446.1 474.9 452.8 327.5 360.4 349.0 113.5 308.1 323.9 420.6 339.2 159.2 424.6 74.3 665.7 366.9 82.1 163.2 304.1 304.8 516.7 77.4 300.0 157.1 477.2 149.1 504.5 364.3 447.0 127.2 648.3 701.0 152.2 419.2 528.0 544.5 491.6 377.8 316.3 451.2 532.6 302.2 508.7 383.9 515.5 119.1 458.1 314.0 518.9 490.9 520.2 512.7 99.4 105.7 394.7 377.9 421.2 377.9 274.4 496.7 500.9 497.3 498.0 445.6 260.8 477.4 454.1 654.0 504.0 337.8 661.5 443.1 363.8 177.6 311.6 474.9 272.6 98.6 629.6 304.9 542.5 300.2 40.9 123.0 117.6 104.8 369.5 360.8 345.1 470.9 171.3 291.1 392.2 74.1 539.9 359.8 86.1 98.9 517.5 360.3 345.6 665.7 299.3 493.8 343.7 617.8 119.8 543.3 265.3 79.1 427.5 39.0 350.3 357.7 152.9 527.6 474.0 316.7 46.9 448.8 486.7 132.8 503.6 445.8 363.9 485.3
1513.9 219.0 237.4 142.7 118.2 494.2 226.3 480.5 290.6 0.0 464.4 524.0 244.7 342.5 528.7 182.6 328.3 271.4 245.2 359.2 459.7 369.8 347.7 128.0 374.0 362.6 216.2 24.8 337.5 436.0 352.8 171.2 316.0 300.9 679.3 377.0 340.8 290.6 122.9 120.5 530.3 200.4 192.6 262.1 490.8 183.8 399.4 259.2 457.1 385.9 658.4 714.6 257.2 432.8 539.7 439.4 505.2 391.4 120.3 464.8 546.2 106.2 400.1 394.0 410.4 224.1 468.2 327.6 413.8 504.5 411.6 404.1 228.1 356.3 289.6 272.8 434.8 388.0 204.6 506.8 392.3 510.9 508.1 459.2 274.4 491.0 464.2 664.1 514.1 351.4 675.1 456.7 258.7 334.1 206.5 488.5 163.3 357.3 643.2 196.3 437.4 138.0 257.4 381.7 376.3 363.5 383.1 255.7 362.1 484.5 286.0 109.9 405.8 289.3 434.8 373.4 235.8 268.0 531.1 255.2 359.2 679.3 130.4 507.4 353.8 631.4 266.4 434.7 80.6 306.9 441.1 297.7 363.9 371.3 305.9 422.5 487.6 151.3 281.7 462.4 390.0 282.9 398.5 340.7 377.5 498.9
1471.5 577.3 597.5 571.9 547.4 124.9 527.6 111.2 634.2 575.2 0.0 162.0 546.0 227.5 206.7 519.7 352.7 575.4 603.5 273.0 137.7 465.5 443.4 560.7 158.7 313.6 574.5 541.3 222.5 64.9 180.9 533.0 620.8 659.2 357.3 331.5 699.1 652.4 539.0 538.0 216.6 562.8 588.5 625.6 26.4 542.1 459.3 560.5 91.3 744.2 339.9 392.6 608.9 18.2 219.6 475.7 183.2 309.6 549.5 142.8 224.2 541.9 498.3 242.4 469.9 585.9 105.0 245.8 450.1 135.2 451.4 466.7 576.0 722.7 590.9 574.1 112.8 342.5 562.9 188.3 432.1 141.6 189.6 137.2 290.0 169.0 98.4 345.6 195.6 269.6 353.1 134.7 560.0 692.4 507.8 119.2 561.1 715.6 321.2 501.1 486.3 567.2 619.2 740.0 734.6 721.8 296.9 557.0 174.0 162.5 644.3 524.3 250.7 651.1 483.7 240.4 597.6 626.3 209.1 556.5 226.2 357.3 580.2 138.1 177.3 309.4 628.2 474.5 498.5 665.2 71.8 656.0 282.1 166.2 667.7 590.9 126.8 580.5 640.0 140.4 477.3 641.2 434.8 436.4 295.7 129.6
1536.0 601.2 619.6 595.8 571.3 194.2 551.5 180.5 676.3 594.4 179.6 0.0 569.9 296.8 230.6 564.8 376.6 596.6 627.4 342.3 161.6 489.4 467.3 584.6 228.0 382.9 598.4 565.2 291.8 136.0 250.2 556.9 644.7 683.1 381.2 400.8 723.0 676.3 561.2 561.9 240.5 586.7 612.4 647.8 206.0 566.0 483.2 584.4 160.6 768.1 363.8 416.5 642.9 148.0 241.6 499.6 207.1 378.9 573.4 166.7 248.1 565.8 522.2 311.7 493.8 609.8 171.7 315.1 474.0 204.5 475.3 467.8 610.3 746.6 614.8 598.0 101.4 411.8 586.8 212.2 456.0 19.3 213.5 81.4 359.4 48.1 167.7 369.5 219.5 338.9 377.0 158.6 583.9 716.3 531.7 188.5 585.0 739.5 345.1 525.0 510.2 591.1 643.1 763.9 758.5 745.7 366.2 580.9 243.3 186.4 668.2 548.2 320.0 675.0 507.6 309.7 621.5 650.2 233.0 580.4 295.5 381.2 587.0 207.4 246.6 333.3 652.1 498.4 522.4 689.1 85.4 679.9 351.4 235.5 691.6 614.8 33.3 604.4 663.9 129.0 509.6 665.1 458.7 460.3 365.0 198.9
1521.6 240.8 261.0 235.4 210.9 516.0 86.4 502.3 297.7 238.7 486.2 549.3 0.0 364.3 550.5 183.2 229.2 76.6 267.0 381.0 481.5 270.7 248.6 224.2 395.8 384.4 238.0 204.8 359.3 456.0 374.6 196.5 94.3 322.7 557.3 402.3 362.6 315.9 202.5 201.5 560.4 226.3 252.0 289.1 512.6 205.6 300.3 14.4 482.4 407.7 539.9 592.6 272.4 454.6 563.4 340.3 527.0 413.2 213.0 486.6 424.2 205.4 304.5 419.3 310.9 249.4 496.1 349.4 314.7 526.3 316.0 331.3 239.5 386.2 44.8 28.0 456.6 413.3 226.4 532.1 296.7 532.7 533.4 481.0 296.1 512.8 489.5 545.6 539.4 373.2 553.1 478.5 42.6 355.9 38.1 510.3 224.6 379.1 521.2 84.1 338.3 230.7 282.7 403.5 398.1 385.3 404.9 69.2 380.5 506.3 307.8 187.8 427.6 314.6 335.7 395.2 261.1 289.8 462.7 10.4 381.0 557.3 243.7 529.2 379.1 509.4 291.7 339.1 162.0 328.7 462.9 319.5 385.7 393.1 331.2 323.4 517.9 244.0 303.5 484.2 282.5 304.7 299.4 241.6 399.3 520.7
1425.4 344.0 332.7 425.8 401.3 219.7 418.5 218.9 369.4 429.1 202.8 265.9 436.9 0.0 267.1 318.3 413.1 466.3 338.7 273.2 198.1 525.9 503.8 414.6 72.6 313.8 341.2 395.2 6.3 172.6 181.1 299.7 511.7 394.4 417.7 331.7 434.3 387.6 392.9 391.9 277.0 298.0 387.1 360.8 229.2 308.8 519.7 451.4 199.0 479.4 400.3 453.0 344.1 171.2 280.0 536.1 243.6 309.8 403.4 203.2 284.6 395.8 558.7 242.6 530.3 321.1 180.8 246.0 510.5 230.0 511.8 527.1 342.7 457.9 481.8 465.0 173.2 342.7 361.5 248.7 492.5 249.3 250.0 197.6 290.2 229.4 206.1 406.0 256.0 269.8 413.5 195.1 450.9 427.6 398.7 214.0 359.7 450.8 381.6 392.0 546.7 387.3 354.4 475.2 469.8 457.0 297.1 447.9 57.3 222.9 379.5 378.2 250.9 386.3 544.1 72.0 364.3 361.5 269.5 447.4 57.8 417.7 403.5 213.9 177.5 369.8 363.4 534.9 352.4 400.4 179.5 391.2 282.3 166.4 402.9 651.3 234.5 403.8 375.2 200.8 537.7 376.4 495.2 496.8 295.9 237.3
1459.2 524.4 544.6 519.0 494.5 238.5 474.7 224.8 581.3 522.3 208.7 216.4 493.1 254.0 0.0 466.8 299.8 522.5 550.6 386.6 102.5 412.6 390.5 507.8 272.3 427.2 521.6 488.4 249.0 178.5 294.5 480.1 567.9 606.3 304.4 445.1 646.2 599.5 486.1 485.1 63.5 509.9 535.6 572.7 235.1 489.2 406.4 507.6 204.9 691.3 287.0 339.7 556.0 177.1 12.8 422.8 148.0 423.2 496.6 53.8 171.3 489.0 445.4 356.0 417.0 533.0 218.6 359.4 397.2 248.8 398.5 413.8 523.1 669.8 538.0 521.2 123.7 456.1 510.0 153.1 379.2 235.7 31.5 148.1 403.6 179.9 212.0 292.7 37.5 383.2 300.2 99.5 507.1 639.5 454.9 232.8 508.2 662.7 268.3 448.2 433.4 514.3 566.3 687.1 681.7 668.9 410.5 504.1 270.2 127.3 591.4 471.4 364.3 598.2 430.8 284.9 544.7 573.4 156.2 503.6 270.7 304.4 527.3 251.7 290.9 256.5 575.3 421.6 445.6 612.3 185.4 603.1 395.7 279.8 614.8 538.0 240.4 527.6 587.1 151.3 424.4 588.3 381.9 383.5 409.3 243.2
1448.1 153.2 171.6 155.1 139.8 428.4 215.8 414.7 228.3 178.5 398.6 472.9 234.2 276.7 462.9 0.0 329.0 260.9 179.4 293.4 393.9 359.3 337.2 155.1 308.2 296.8 161.6 149.3 282.9 370.2 287.0 120.1 320.2 235.1 613.5 314.7 275.0 228.3 180.1 177.7 464.5 149.9 96.6 199.8 425.0 118.0 388.9 248.7 394.8 320.1 596.1 648.8 194.9 367.0 473.9 428.9 450.6 325.6 115.5 399.0 480.4 149.6 393.1 331.7 399.9 161.8 417.1 261.8 403.3 438.7 404.6 408.3 162.3 290.5 279.1 262.3 369.0 336.9 43.1 444.5 385.3 445.1 457.0 393.4 219.8 425.2 401.9 601.8 451.8 285.6 609.3 402.1 248.2 268.3 196.0 433.9 80.4 291.5 577.4 200.5 426.9 96.8 195.1 315.9 310.5 297.7 317.3 245.2 296.3 418.7 220.2 167.1 340.0 227.0 424.3 307.6 184.7 202.2 465.3 244.7 293.4 613.5 107.1 441.6 291.5 565.6 215.3 427.7 152.5 241.1 375.3 243.1 298.1 305.5 243.6 412.0 421.8 113.3 227.1 400.1 379.5 217.1 388.0 330.2 311.7 433.1
1292.3 332.0 352.2 326.6 302.1 388.8 282.3 375.1 407.1 329.9 359.0 366.7 300.7 404.3 284.1 274.4 0.0 330.1 358.2 472.2 252.8 220.2 198.1 315.4 422.6 475.6 329.2 296.0 399.3 328.8 444.8 287.7 375.5 413.9 328.0 493.5 453.8 407.1 292.0 289.6 285.7 328.7 343.2 378.6 385.4 296.8 214.0 315.2 355.2 498.9 310.6 363.3 373.7 327.4 297.0 230.4 298.3 504.4 304.2 220.2 194.9 296.6 253.0 510.5 224.6 340.6 366.3 440.6 204.8 399.1 206.1 198.6 330.7 469.3 345.6 328.8 274.0 504.5 317.6 303.4 186.8 386.0 267.0 298.4 387.4 330.2 362.3 316.3 273.0 464.4 323.8 249.8 314.7 447.1 262.5 383.1 315.8 470.3 291.9 255.8 241.0 321.9 373.9 494.7 489.3 476.5 496.1 311.7 434.5 277.6 399.0 279.0 518.8 405.8 238.4 435.2 352.3 381.0 233.4 311.2 421.0 328.0 317.8 402.0 441.2 280.1 382.9 229.2 253.2 419.9 335.7 410.7 476.9 430.1 422.4 345.6 382.2 335.2 394.7 305.1 232.0 395.9 189.5 191.1 490.5 393.5
1527.5 290.2 308.6 284.8 260.3 565.4 47.7 551.7 362.6 283.4 535.6 596.0 96.6 413.7 519.3 253.8 232.4 0.0 316.4 430.4 530.9 276.6 254.5 273.6 445.2 433.8 284.7 254.2 408.7 507.2 424.0 243.2 48.0 372.1 563.2 449.0 412.0 362.6 250.2 247.8 520.9 271.6 301.4 334.1 562.0 255.0 306.2 72.1 529.1 457.1 545.8 598.5 329.2 504.0 530.3 346.2 576.4 462.6 262.4 455.4 427.4 248.3 307.7 466.0 317.2 296.1 540.2 398.8 320.6 575.7 321.9 314.4 299.3 427.5 83.0 58.5 506.0 460.0 275.8 578.8 299.9 582.1 499.5 530.4 345.6 562.2 536.2 548.8 505.5 422.6 559.0 525.2 139.3 405.3 96.0 557.0 274.0 428.5 524.4 130.8 344.2 280.1 329.4 452.9 447.5 434.7 454.3 145.2 433.3 555.7 357.2 237.2 477.0 361.3 338.9 444.6 307.8 339.2 465.9 86.0 430.4 563.2 273.3 578.6 425.8 515.3 338.4 345.0 208.7 378.1 512.3 368.9 435.1 442.5 377.9 329.3 558.8 293.4 352.9 537.1 296.8 354.1 305.3 247.5 448.7 570.1
1433.1 91.6 88.7 271.5 247.0 413.4 264.2 399.7 123.4 274.8 383.6 446.7 282.6 261.7 447.9 164.0 366.2 312.0 0.0 278.4 378.9 407.7 385.6 260.3 293.2 281.8 85.5 240.9 256.7 353.4 272.0 74.0 357.4 150.4 598.5 299.7 175.2 48.8 238.6 237.6 457.8 54.0 232.8 22.0 410.0 63.9 437.3 297.1 379.8 220.3 581.1 633.8 5.3 352.0 460.8 477.3 424.4 310.6 249.1 384.0 465.4 241.5 441.5 316.7 447.9 28.6 393.5 246.8 451.7 423.7 453.0 468.3 87.0 198.8 327.5 310.7 354.0 310.7 207.2 429.5 433.7 430.1 430.8 378.4 193.5 410.2 386.9 586.8 436.8 270.6 594.3 375.9 296.6 135.1 244.4 407.7 205.4 191.7 562.4 237.7 475.3 233.0 108.4 216.1 210.7 197.9 302.3 293.6 277.9 403.7 40.7 223.9 325.0 93.8 472.7 292.6 108.6 69.0 450.3 293.1 278.4 598.5 249.2 426.6 276.5 550.6 70.9 476.1 198.1 107.9 360.3 136.4 283.1 290.5 110.4 460.4 415.3 249.5 129.2 381.6 419.5 69.6 436.4 378.6 296.7 418.1
1492.5 306.5 295.2 388.3 363.8 255.2 381.0 306.3 331.9 391.6 320.0 351.7 399.4 204.2 390.4 280.8 483.0 428.8 301.2 0.0 321.4 649.2 627.1 377.1 214.4 108.6 303.7 357.7 199.2 260.0 81.6 262.2 474.2 356.9 541.0 126.5 396.8 350.1 355.4 354.4 400.3 260.5 349.6 323.3 346.4 271.3 643.0 413.9 286.4 441.9 523.6 576.3 306.6 288.4 403.3 659.4 366.9 120.2 365.9 326.5 407.9 358.3 682.0 126.3 653.6 283.6 216.3 56.4 633.8 265.5 635.1 650.4 305.2 420.4 444.3 427.5 296.5 137.5 324.0 372.0 615.8 331.3 373.3 320.9 85.0 352.7 293.5 529.3 379.3 80.2 536.8 318.4 413.4 390.1 361.2 249.5 322.2 413.3 504.9 354.5 670.0 349.8 316.9 437.7 432.3 419.5 23.8 410.4 220.4 346.2 342.0 340.7 134.6 348.8 667.4 235.1 326.8 324.0 392.8 409.9 220.9 541.0 366.0 249.4 86.1 493.1 325.9 658.2 314.9 362.9 261.5 353.7 92.7 100.1 365.4 577.2 316.5 366.3 337.7 324.1 661.0 338.9 618.5 620.1 106.3 324.7
1420.4 485.6 505.8 480.2 455.7 202.0 435.9 188.3 542.5 483.5 172.2 179.9 454.3 217.5 115.0 428.0 261.0 483.7 511.8 350.1 0.0 373.8 351.7 469.0 235.8 390.7 482.8 449.6 212.5 142.0 258.0 441.3 529.1 567.5 265.6 408.6 607.4 560.7 447.3 446.3 124.9 471.1 496.8 533.9 198.6 450.4 367.6 468.8 168.4 652.5 248.2 300.9 517.2 140.6 127.9 384.0 45.4 386.7 457.8 51.1 132.5 450.2 406.6 319.5 378.2 494.2 182.1 322.9 358.4 212.3 359.7 375.0 484.3 631.0 499.2 482.4 87.2 419.6 471.2 52.8 340.4 199.2 97.9 111.6 367.1 143.4 175.5 253.9 103.9 346.7 261.4 3.0 468.3 600.7 416.1 196.3 469.4 623.9 229.5 409.4 394.6 475.5 527.5 648.3 642.9 630.1 374.0 465.3 233.7 24.7 552.6 432.6 327.8 559.4 392.0 248.4 505.9 534.6 117.4 464.8 234.2 265.6 488.5 215.2 254.4 217.7 536.5 382.8 406.8 573.5 148.9 564.3 359.2 243.3 576.0 499.2 203.9 488.8 548.3 114.8 385.6 549.5 343.1 344.7 372.8 206.7
1474.3 306.1 326.3 300.7 276.2 581.3 256.4 567.6 363.0 304.0 551.5 614.6 274.8 429.6 466.1 248.5 181.9 304.2 332.3 446.3 546.8 0.0 129.8 289.5 461.1 449.7 303.3 270.1 424.6 521.3 439.9 261.8 349.6 388.0 510.0 467.6 427.9 381.2 267.8 266.8 476.0 291.6 317.3 354.4 577.9 270.9 148.5 289.3 547.7 473.0 492.6 545.3 337.7 519.9 479.0 231.6 592.3 478.5 278.3 402.2 376.9 270.7 145.4 484.6 159.1 314.7 561.4 414.7 206.0 591.6 207.3 222.6 304.8 451.5 319.7 302.9 521.9 478.6 291.7 597.4 188.0 598.0 449.0 546.3 361.4 578.1 554.8 498.3 455.0 438.5 505.8 543.8 288.8 421.2 236.6 575.6 289.9 444.4 473.9 229.9 186.5 296.0 348.0 468.8 463.4 450.6 470.2 285.8 445.8 571.6 373.1 253.1 492.9 379.9 183.9 460.5 326.4 355.1 415.4 285.3 446.3 510.0 309.0 594.5 444.4 462.1 357.0 195.4 227.3 394.0 528.2 384.8 451.0 458.4 396.5 319.7 583.2 309.3 368.8 549.5 81.7 370.0 190.7 102.8 464.6 586.0
1486.1 317.9 338.1 312.5 288.0 593.1 268.2 579.4 374.8 315.8 563.3 626.4 286.6 441.4 477.9 260.3 193.7 316.0 344.1 458.1 558.6 143.7 0.0 301.3 472.9 461.5 315.1 281.9 436.4 533.1 451.7 273.6 361.4 399.8 521.8 479.4 439.7 393.0 279.6 278.6 487.8 303.4 329.1 366.2 589.7 282.7 173.3 301.1 559.5 484.8 504.4 557.1 349.5 531.7 490.8 256.4 604.1 490.3 290.1 414.0 388.7 282.5 177.5 496.4 183.9 326.5 573.2 426.5 230.8 603.4 232.1 247.4 316.6 463.3 331.5 314.7 533.7 490.4 303.5 609.2 212.8 609.8 460.8 558.1 373.2 589.9 566.6 510.1 466.8 450.3 517.6 555.6 300.6 433.0 248.4 587.4 301.7 456.2 485.7 241.7 211.3 307.8 359.8 480.6 475.2 462.4 482.0 297.6 457.6 583.4 384.9 264.9 504.7 391.7 208.7 472.3 338.2 366.9 427.2 297.1 458.1 521.8 320.8 606.3 456.2 473.9 368.8 220.2 239.1 405.8 540.0 396.6 462.8 470.2 408.3 331.5 595.0 321.1 380.6 561.3 155.5 381.8 215.5 96.6 476.4 597.8
1517.4 222.5 240.9 21.4 96.9 497.7 229.8 484.0 297.6 129.5 467.9 531.0 248.2 346.0 532.2 193.8 331.8 274.9 248.7 362.7 463.2 373.3 351.2 0.0 377.5 366.1 219.7 95.6 341.0 437.7 356.3 178.2 323.0 304.4 682.8 384.0 344.3 297.6 128.1 124.0 533.8 203.9 171.3 269.1 494.3 187.3 402.9 262.7 464.1 389.4 665.4 718.1 264.2 436.3 545.1 442.9 508.7 394.9 99.0 468.3 549.7 102.4 407.1 401.0 413.5 231.1 475.2 331.1 417.3 508.0 418.6 411.1 221.2 359.8 293.1 276.3 438.3 395.0 215.8 513.8 399.3 514.4 515.1 462.7 277.9 494.5 471.2 671.1 521.1 354.9 678.6 460.2 262.2 337.6 210.0 492.0 145.5 360.8 646.7 203.3 440.9 116.7 264.4 385.2 379.8 367.0 386.6 259.2 362.2 488.0 289.5 113.4 409.3 296.3 438.3 376.9 242.8 271.5 534.6 258.7 362.7 682.8 112.6 510.9 360.8 634.9 273.4 441.7 87.6 310.4 444.6 301.2 367.4 374.8 312.9 426.0 499.6 130.0 285.2 465.9 385.1 286.4 402.0 344.2 381.0 502.4
1433.0 351.6 340.3 433.4 408.9 147.0 426.1 198.1 377.0 436.7 210.4 243.5 444.5 68.7 274.7 325.9 420.7 473.9 346.3 200.5 205.7 533.5 511.4 422.2 0.0 241.1 348.8 402.8 63.7 151.8 108.4 307.3 519.3 402.0 425.3 259.0 441.9 395.2 400.5 399.5 284.6 305.6 394.7 368.4 236.8 316.4 527.3 459.0 178.2 487.0 407.9 460.6 351.7 178.8 287.6 543.7 251.2 237.1 411.0 210.8 292.2 403.4 566.3 169.9 537.9 328.7 108.1 173.3 518.1 157.3 519.4 534.7 350.3 465.5 489.4 472.6 180.8 270.0 369.1 256.3 500.1 223.1 257.6 205.2 217.5 237.0 185.3 413.6 263.6 197.1 421.1 202.7 458.5 435.2 406.3 141.3 367.3 458.4 389.2 399.6 554.3 394.9 362.0 482.8 477.4 464.6 224.4 455.5 15.2 230.5 387.1 385.8 178.2 393.9 551.7 81.6 371.9 369.1 277.1 455.0 67.4 425.3 411.1 141.2 104.8 377.4 371.0 542.5 360.0 408.0 153.3 398.8 209.6 93.7 410.5 658.9 208.3 411.4 382.8 208.4 545.3 384.0 502.8 504.4 223.2 216.5
1545.9 359.9 348.6 441.7 417.2 305.8 434.4 356.9 385.3 445.0 370.6 402.3 452.8 257.6 443.8 334.2 536.4 482.2 354.6 138.6 374.8 702.6 680.5 430.5 265.0 0.0 357.1 411.1 252.6 310.6 132.2 315.6 527.6 410.3 594.4 60.5 450.2 403.5 408.8 407.8 453.7 313.9 403.0 376.7 397.0 324.7 696.4 467.3 337.0 495.3 577.0 629.7 360.0 339.0 456.7 712.8 420.3 170.8 419.3 379.9 461.3 411.7 735.4 176.9 707.0 337.0 266.9 107.0 687.2 316.1 688.5 703.8 358.6 473.8 497.7 480.9 349.9 71.5 377.4 425.4 669.2 381.9 426.7 374.3 138.4 406.1 344.1 582.7 432.7 130.8 590.2 371.8 466.8 443.5 414.6 300.1 375.6 466.7 558.3 407.9 723.4 403.2 370.3 491.1 485.7 472.9 162.5 463.8 273.8 399.6 395.4 394.1 185.2 402.2 720.8 288.5 380.2 377.4 446.2 463.3 274.3 594.4 419.4 300.0 136.7 546.5 379.3 711.6 368.3 416.3 312.1 407.1 143.3 150.7 418.8 630.6 367.1 419.7 391.1 377.5 714.4 392.3 671.9 673.5 156.9 375.3
1455.5 83.1 88.3 303.3 278.8 435.8 296.0 422.1 125.6 306.6 406.0 469.1 314.4 284.1 470.3 217.0 398.0 341.1 88.5 300.8 401.3 439.5 417.4 292.1 315.6 304.2 0.0 272.7 279.1 377.6 294.4 47.5 389.2 113.3 620.9 322.1 153.2 137.4 268.7 266.3 480.2 61.7 264.6 108.9 432.4 37.4 469.1 328.9 402.2 198.3 603.5 656.2 104.0 374.4 481.3 509.1 446.8 333.0 280.9 406.4 487.8 273.3 473.3 339.1 480.1 70.9 413.3 269.2 483.5 446.1 484.8 477.3 1.5 176.8 359.3 342.5 376.4 333.1 239.0 451.9 465.5 452.5 453.2 400.8 216.0 432.6 409.3 609.2 459.2 293.0 616.7 398.3 328.4 177.4 276.2 430.1 237.2 169.7 584.8 269.5 507.1 264.8 122.2 194.1 188.7 175.9 324.7 325.4 300.3 426.1 129.3 255.7 347.4 136.1 504.5 315.0 23.0 111.3 472.7 324.9 300.8 620.9 263.9 449.0 298.9 573.0 113.2 507.9 229.9 150.2 382.7 110.1 305.5 312.9 152.7 492.2 437.7 281.3 124.6 404.0 451.3 126.2 468.2 410.4 319.1 440.5
1489.0 194.1 214.3 117.8 93.3 469.3 201.4 455.6 251.0 33.8 439.5 502.6 219.8 317.6 503.8 136.5 303.4 249.2 220.3 334.3 434.8 344.9 322.8 106.6 349.1 337.7 191.3 0.0 312.6 409.3 327.9 149.8 294.6 276.0 654.4 355.6 315.9 269.2 99.7 98.7 513.7 179.6 167.7 242.4 465.9 158.9 374.5 234.3 435.7 361.0 637.0 689.7 225.7 407.9 516.7 414.5 480.3 366.5 95.4 439.9 521.3 87.8 378.7 372.6 385.1 202.7 449.4 302.7 388.9 479.6 390.2 405.5 192.8 339.5 264.7 247.9 409.9 366.6 179.7 485.4 370.9 486.0 486.7 434.3 249.4 466.1 442.8 642.7 492.7 326.5 650.2 431.8 233.8 309.2 181.6 463.6 141.9 332.4 618.3 174.9 412.5 113.1 236.0 356.8 351.4 338.6 358.2 230.8 333.8 459.6 261.1 85.0 380.9 267.9 409.9 348.5 214.4 243.1 506.2 230.3 334.3 654.4 126.1 482.5 332.4 606.5 245.0 413.3 59.2 282.0 416.2 272.8 339.0 346.4 284.5 397.6 471.2 126.4 256.8 437.5 356.7 258.0 373.6 315.8 352.6 474.0
1419.0 337.6 326.3 419.4 394.9 213.3 412.1 212.5 381.2 418.0 196.4 259.5 430.5 5.0 260.7 333.1 406.7 459.9 332.3 266.8 191.7 519.5 497.4 408.2 66.2 307.4 334.8 388.8 0.0 166.2 174.7 293.3 505.3 388.0 411.3 325.3 427.9 381.2 384.8 385.5 262.3 291.6 380.7 352.7 222.8 302.4 513.3 445.0 192.6 473.0 393.9 446.6 347.8 164.8 273.6 529.7 237.2 303.4 397.0 196.8 278.2 382.9 552.3 236.2 524.3 314.7 171.8 239.6 504.1 223.6 505.4 497.9 346.7 443.4 475.4 458.6 166.8 336.3 355.1 242.3 486.1 242.9 243.6 191.2 283.9 223.0 199.7 399.6 249.6 263.4 407.1 188.7 444.5 421.2 392.3 207.6 353.3 444.4 375.2 385.6 540.3 380.9 348.0 468.8 463.4 450.6 290.7 441.5 54.3 216.5 373.1 371.8 244.5 379.9 537.7 65.6 357.9 355.1 263.1 441.0 51.4 411.3 380.0 207.5 171.1 363.4 357.0 528.5 346.0 394.0 173.1 384.8 275.9 160.0 396.5 644.9 228.1 397.4 368.8 194.4 531.3 370.0 488.8 490.4 289.5 230.9
1461.7 567.5 585.9 562.1 537.6 85.3 517.8 46.2 642.6 560.7 105.3 137.0 536.2 187.9 196.9 531.1 344.2 562.9 593.7 233.4 127.9 455.7 433.6 552.2 119.1 274.0 564.7 531.5 184.2 0.0 141.3 523.2 611.0 649.4 347.5 291.9 689.3 642.6 527.5 525.1 198.5 548.9 578.7 614.1 131.7 532.3 449.5 550.7 24.6 734.4 330.1 382.8 609.2 73.7 207.9 465.9 173.4 270.0 539.7 133.0 214.4 525.6 488.5 202.8 460.5 576.1 64.1 206.2 440.3 95.6 441.6 434.1 576.6 704.8 581.1 564.3 103.0 304.2 553.1 178.5 422.3 116.6 179.8 127.4 250.5 159.2 33.4 337.1 185.8 230.0 343.3 124.9 550.2 682.6 498.0 80.9 552.6 705.8 312.7 491.3 476.5 557.4 609.4 730.2 724.8 712.0 257.3 547.2 131.0 152.7 634.5 514.5 211.1 641.3 473.9 200.8 587.8 616.5 200.6 546.7 186.6 347.5 553.3 98.5 137.7 299.6 618.4 464.7 488.7 656.7 46.8 646.2 242.5 126.6 657.9 581.1 93.3 570.7 630.2 134.1 475.9 631.4 425.0 426.6 256.1 64.6
1516.5 330.5 319.2 412.3 387.8 173.5 405.0 224.6 355.9 415.6 238.3 270.0 423.4 201.5 329.9 304.8 475.9 452.8 325.2 92.0 260.9 588.7 566.6 401.1 132.7 132.6 327.7 381.7 196.5 178.3 0.0 286.2 498.2 380.9 480.5 150.5 420.8 374.1 379.4 378.4 339.8 284.5 373.6 347.3 264.7 295.3 582.5 437.9 204.7 465.9 463.1 515.8 330.6 206.7 342.8 598.9 306.4 128.6 389.9 266.0 347.4 382.3 621.5 61.4 593.1 307.6 134.6 64.8 573.3 183.8 574.6 589.9 329.2 444.4 468.3 451.5 236.0 161.5 348.0 311.5 555.3 249.6 312.8 260.4 109.0 292.2 211.8 468.8 318.8 88.6 476.3 257.9 437.4 414.1 385.2 167.8 346.2 437.3 444.4 378.5 609.5 373.8 340.9 461.7 456.3 443.5 115.9 434.4 148.0 285.7 366.0 364.7 69.7 372.8 606.9 214.4 350.8 348.0 332.3 433.9 200.2 480.5 390.0 167.7 4.4 432.6 349.9 597.7 338.9 386.9 179.8 377.7 101.1 18.5 389.4 601.2 234.8 390.3 361.7 263.6 600.5 362.9 558.0 559.6 114.7 243.0
1407.9 62.7 101.1 305.7 281.2 388.2 298.4 374.5 157.8 304.3 358.4 421.5 316.8 236.5 422.7 219.4 400.4 346.2 90.9 253.2 353.7 441.9 419.8 294.5 268.0 256.6 41.4 275.1 231.5 328.2 246.8 0.0 391.6 154.8 573.3 274.5 194.7 139.8 272.8 268.7 432.6 64.1 267.0 111.3 384.8 9.1 471.5 331.3 354.6 239.8 555.9 608.6 106.4 326.8 433.7 511.5 399.2 285.4 283.3 358.8 440.2 275.7 475.7 291.5 482.1 73.3 365.7 221.6 485.9 398.5 487.2 479.7 42.9 210.2 361.7 344.9 328.8 285.5 241.4 404.3 467.9 404.9 405.6 353.2 168.4 385.0 361.7 561.6 411.6 245.4 569.1 350.7 330.8 179.8 278.6 382.5 239.6 211.2 537.2 271.9 509.5 267.2 124.6 235.6 230.2 217.4 277.1 327.8 256.1 378.5 131.7 258.1 299.8 138.5 506.9 267.4 64.5 113.7 425.1 327.3 253.2 573.3 266.3 401.4 251.3 525.4 115.6 510.3 232.3 152.6 335.1 151.6 257.9 265.3 155.1 494.6 381.6 283.7 145.4 356.4 453.7 128.6 470.6 412.8 271.5 392.9
1582.6 344.9 363.3 339.5 315.0 620.1 102.8 606.4 420.0 338.1 590.3 653.4 104.0 468.4 574.4 308.5 290.2 57.7 371.1 485.1 585.6 331.7 309.6 328.3 499.9 488.5 342.1 308.9 463.4 560.1 478.7 300.6 0.0 426.8 618.3 506.4 466.7 420.0 304.9 305.6 584.3 330.4 356.1 391.5 616.7 309.7 361.3 79.5 586.5 511.8 600.9 653.6 386.6 558.7 585.4 401.3 631.1 517.3 317.1 510.5 485.2 309.5 365.5 523.4 371.9 353.5 597.6 453.5 375.7 630.4 377.0 369.5 354.0 490.3 90.4 65.9 560.7 517.4 330.5 636.2 357.7 636.8 557.3 585.1 400.3 616.9 593.6 606.6 563.3 477.3 614.1 582.6 146.7 460.0 142.2 614.4 328.7 483.2 582.2 188.2 399.3 334.8 386.8 507.6 502.2 489.4 509.0 173.3 488.0 610.4 411.9 291.9 531.7 418.7 396.7 499.3 365.2 393.9 523.7 93.4 485.1 618.3 330.7 633.3 483.2 570.4 395.8 400.1 266.1 432.8 567.0 423.6 489.8 497.2 435.3 384.4 613.5 348.1 407.6 588.3 351.9 408.8 360.4 302.6 503.4 624.8
1515.5 192.0 69.6 353.9 329.4 495.8 346.6 482.1 94.8 357.2 466.0 529.1 365.0 344.1 530.3 246.4 448.6 394.4 157.1 360.8 461.3 490.1 468.0 342.7 375.6 364.2 125.9 323.3 339.1 435.8 354.4 173.5 439.8 0.0 680.9 382.1 101.7 206.0 321.0 320.0 540.2 104.1 315.2 179.2 492.4 163.4 519.7 379.5 462.2 146.8 663.5 716.2 162.5 434.4 543.2 559.7 506.8 393.0 331.5 466.4 547.8 323.9 523.9 399.1 530.3 139.5 475.9 329.2 534.1 506.1 535.4 550.7 124.1 125.3 409.9 393.1 436.4 393.1 289.6 511.9 516.1 512.5 513.2 460.8 275.9 492.6 469.3 669.2 519.2 353.0 676.7 458.3 379.0 197.2 326.8 490.1 287.8 118.2 644.8 320.1 557.7 315.4 96.7 142.6 137.2 124.4 384.7 376.0 360.3 486.1 197.9 306.3 407.4 93.7 555.1 375.0 98.5 118.5 532.7 375.5 360.8 680.9 331.6 509.0 358.9 633.0 174.5 558.5 280.5 98.7 442.7 58.6 365.5 372.9 172.5 542.8 497.7 331.9 73.1 464.0 501.9 187.5 518.8 461.0 379.1 500.5
1481.7 546.9 567.1 541.5 517.0 416.1 497.2 402.4 603.8 544.8 386.3 394.0 515.6 431.6 311.4 489.3 322.3 545.0 573.1 564.2 280.1 435.1 413.0 530.3 449.9 690.5 544.1 510.9 426.6 356.1 472.1 502.6 590.4 628.8 0.0 708.4 668.7 622.0 508.6 507.6 321.3 532.4 558.1 595.2 412.7 511.7 428.9 530.1 382.5 713.8 91.4 148.3 578.5 354.7 324.3 445.3 325.6 600.8 519.1 247.5 137.2 511.5 467.9 533.6 439.5 555.5 396.2 537.0 419.7 426.4 421.0 436.3 545.6 692.3 560.5 543.7 301.3 719.4 532.5 330.7 401.7 413.3 294.3 325.7 602.2 357.5 389.6 113.7 300.3 560.8 128.0 277.1 529.6 662.0 477.4 410.4 530.7 685.2 72.7 470.7 455.9 536.8 588.8 709.6 704.2 691.4 588.1 526.6 447.8 304.9 613.9 493.9 541.9 620.7 453.3 462.5 567.2 595.9 178.7 526.1 448.3 107.4 549.8 429.3 468.5 168.1 597.8 444.1 468.1 634.8 363.0 625.6 573.3 457.4 637.3 560.5 418.0 550.1 609.6 328.9 446.9 610.8 404.4 406.0 586.9 420.8
1553.7 367.7 354.6 449.5 425.0 313.6 442.2 364.7 411.3 448.1 378.4 410.1 460.6 265.4 451.6 363.2 544.2 490.0 362.4 146.4 382.6 710.4 688.3 438.3 272.8 70.4 364.9 418.9 260.4 320.2 140.0 323.4 535.4 418.1 602.2 0.0 458.0 411.3 416.6 412.5 453.2 321.7 410.8 382.8 404.8 332.5 704.2 475.1 344.8 503.1 584.8 637.5 377.9 346.8 464.5 720.6 428.1 178.6 427.1 387.7 469.1 419.5 743.2 184.7 714.8 344.8 272.1 114.8 695.0 323.9 696.3 688.8 376.8 481.6 505.5 488.7 357.7 40.1 385.2 433.2 677.0 389.7 434.5 382.1 146.3 413.9 351.9 590.5 440.5 138.6 598.0 379.6 474.6 451.3 422.4 307.9 383.4 474.5 566.1 415.7 731.2 411.0 378.1 498.9 493.5 480.7 170.3 471.6 281.6 407.4 403.2 401.9 193.0 410.0 728.6 296.3 388.0 385.2 454.0 471.1 282.1 602.2 410.1 307.8 144.5 554.3 387.1 719.4 376.1 424.1 319.9 414.9 151.1 158.5 426.6 638.4 366.4 427.5 398.9 385.3 730.6 400.1 679.7 681.3 164.7 383.1
1538.2 214.7 92.3 376.6 352.1 518.5 369.3 504.8 95.6 379.9 488.7 551.8 387.7 366.8 553.0 269.1 471.3 417.1 164.5 383.5 484.0 512.8 490.7 365.4 398.3 386.9 148.6 346.0 361.8 458.5 377.1 196.2 462.5 109.4 703.6 404.8 0.0 195.5 343.7 342.7 562.9 126.8 337.9 186.6 515.1 186.1 542.4 402.2 484.9 62.3 686.2 738.9 169.9 457.1 565.9 582.4 529.5 415.7 354.2 489.1 570.5 346.6 546.6 421.8 553.0 146.2 498.6 351.9 556.8 528.8 558.1 573.4 146.8 40.8 432.6 415.8 459.1 415.8 312.3 534.6 538.8 535.2 535.9 483.5 298.6 515.3 492.0 691.9 541.9 375.7 699.4 481.0 401.7 155.7 349.5 512.8 310.5 16.4 667.5 342.8 580.4 338.1 110.6 58.1 35.4 22.6 407.4 398.7 383.0 508.8 203.6 329.0 430.1 75.6 577.8 397.7 121.2 100.4 555.4 398.2 383.5 703.6 354.3 531.7 381.6 655.7 152.1 581.2 303.2 57.2 465.4 43.0 388.2 395.6 131.0 565.5 520.4 354.6 82.0 486.7 524.6 165.1 541.5 483.7 401.8 523.2
1481.5 140.0 137.1 319.9 295.4 461.8 312.6 448.1 166.1 323.2 432.0 495.1 331.0 310.1 496.3 233.6 414.6 360.4 48.3 326.8 427.3 456.1 434.0 308.7 341.6 330.2 133.9 289.3 305.1 401.8 320.4 122.4 405.8 206.3 646.9 348.1 196.2 0.0 285.3 282.9 497.9 113.6 281.2 27.3 458.4 112.3 485.7 345.5 428.2 241.3 629.5 682.2 33.2 400.4 507.3 525.7 472.8 359.0 297.5 432.4 513.8 289.9 489.9 365.1 496.3 66.0 439.3 295.2 500.1 472.1 501.4 493.9 145.8 219.8 375.9 359.1 402.4 359.1 255.6 477.9 482.1 478.5 479.2 426.8 242.0 458.6 435.3 635.2 485.2 319.0 642.7 424.3 345.0 156.1 292.8 456.1 253.8 212.7 610.8 286.1 523.7 281.4 133.2 237.1 231.7 218.9 350.7 342.0 329.7 452.1 8.0 272.3 373.4 114.8 521.1 341.0 157.0 90.0 498.7 341.5 326.8 646.9 280.5 475.0 324.9 599.0 34.0 524.5 246.5 128.9 408.7 157.4 331.5 338.9 131.4 508.8 455.2 297.9 153.7 433.5 467.9 20.7 484.8 427.0 345.1 466.5
1505.7 210.8 229.2 129.3 104.8 486.0 218.1 472.3 284.2 127.9 456.2 517.6 236.5 334.3 520.5 174.4 320.1 263.2 237.0 351.0 451.5 361.6 339.5 116.4 365.8 354.4 208.0 98.7 329.3 427.8 344.6 164.8 309.6 292.7 671.1 370.6 332.6 284.2 0.0 35.3 522.1 192.2 179.2 257.4 480.9 175.6 391.2 251.0 450.7 376.0 652.0 706.4 250.8 424.6 531.5 431.2 497.0 383.2 106.9 456.6 536.3 92.8 393.7 387.6 402.2 217.7 461.8 319.4 405.6 496.3 405.2 397.7 219.9 348.1 281.4 264.6 426.6 381.6 196.4 500.4 385.9 502.7 501.7 451.0 264.5 482.8 457.8 657.7 507.7 343.2 666.9 448.5 248.8 325.9 198.3 480.3 153.4 349.1 633.3 189.9 429.2 122.9 251.0 373.5 368.1 355.3 374.9 247.5 353.9 476.3 277.8 43.7 397.6 282.9 424.9 365.2 229.4 259.8 521.2 247.0 351.0 671.1 118.8 499.2 347.4 623.2 261.7 428.3 28.7 297.0 432.9 289.5 355.7 363.1 299.5 414.3 479.4 137.9 273.5 457.7 381.8 274.7 390.3 332.5 369.3 490.7
1524.7 229.8 248.2 148.3 123.8 505.0 237.1 491.3 304.9 146.9 475.2 538.3 255.5 353.3 539.5 193.4 336.0 282.2 256.0 370.0 470.5 380.6 358.5 137.1 384.8 373.4 227.0 117.7 345.2 446.8 363.6 185.5 330.3 311.7 690.1 388.2 351.6 304.9 43.9 0.0 541.1 211.2 198.2 273.3 498.5 194.6 410.2 270.0 468.3 393.6 672.7 725.4 268.4 443.6 550.5 450.2 512.9 402.2 125.9 475.6 553.9 111.8 411.3 408.3 421.2 235.3 482.5 338.4 424.6 515.3 425.9 418.4 238.9 367.1 300.4 283.6 445.6 402.3 215.4 521.1 403.5 521.7 522.4 470.0 282.1 501.8 475.4 675.3 528.4 362.2 685.9 464.4 266.4 344.9 217.3 496.2 169.3 368.1 650.9 210.6 448.2 140.5 268.6 392.5 387.1 374.3 393.9 266.5 372.9 495.3 296.8 13.6 416.6 300.5 442.5 384.2 250.1 278.8 538.8 266.0 370.0 690.1 136.4 518.2 368.1 642.2 277.6 449.0 49.4 314.6 451.9 305.4 374.7 382.1 320.2 433.3 498.4 156.9 289.4 476.7 400.8 293.7 409.3 351.5 388.3 509.7
1460.5 525.7 544.1 520.3 495.8 239.8 476.0 226.1 600.8 518.9 210.0 217.7 494.4 255.3 74.9 489.3 301.1 521.1 551.9 387.9 103.8 413.9 391.8 509.1 273.6 428.5 522.9 489.7 250.3 181.6 295.8 481.4 569.2 607.6 305.7 440.3 647.5 600.8 485.7 483.3 0.0 507.1 536.9 566.2 236.4 490.5 407.7 508.9 200.1 692.6 288.3 341.0 567.4 178.4 85.9 424.1 149.3 424.5 497.9 55.1 172.6 483.8 440.6 357.3 418.7 528.2 217.3 360.7 398.5 250.1 393.7 392.3 534.8 663.0 539.3 522.5 125.0 457.4 511.3 154.4 380.5 237.0 57.8 149.4 398.9 181.2 213.3 294.0 57.7 384.5 301.5 100.8 508.4 640.8 456.2 234.1 509.5 664.0 269.6 449.5 434.7 515.6 561.5 688.4 683.0 670.2 411.8 505.4 285.5 128.6 592.7 472.7 365.6 593.4 432.1 286.2 546.0 574.7 157.5 504.9 272.0 305.7 505.4 253.0 292.2 257.8 576.6 416.8 440.8 613.6 186.7 604.4 397.0 281.1 616.1 539.3 233.2 528.9 588.4 156.1 434.1 589.6 383.2 384.8 410.6 244.5
1411.3 87.8 32.8 249.7 225.2 391.6 242.4 377.9 78.3 248.3 361.8 424.9 260.8 239.9 426.1 163.4 344.4 287.5 52.9 256.6 357.1 385.9 363.8 234.3 271.4 260.0 81.7 219.1 230.7 333.4 250.2 81.7 337.2 96.3 576.7 289.4 136.2 113.3 215.1 212.7 427.7 0.0 211.0 69.1 384.0 60.1 415.5 275.3 369.5 185.4 560.9 612.0 64.2 330.2 437.1 455.5 402.6 288.8 227.3 362.2 439.4 213.2 419.7 290.7 426.5 35.3 364.9 225.0 429.9 401.9 432.8 419.5 91.8 151.7 305.7 288.9 332.2 288.9 185.4 409.3 423.4 408.3 420.5 356.6 167.6 388.4 376.6 576.5 416.6 248.8 572.5 354.1 274.8 141.8 222.6 385.9 185.2 152.7 552.1 217.5 453.5 211.2 56.3 177.1 171.7 158.9 280.5 271.8 259.5 381.9 93.7 202.1 303.2 112.0 450.9 270.8 82.6 75.7 440.0 271.3 256.6 576.7 206.1 404.8 256.3 528.8 79.2 465.8 176.3 122.0 338.5 81.9 261.3 268.7 128.6 438.6 385.0 227.7 81.2 363.3 406.1 90.6 414.6 356.8 274.9 396.3
1518.1 223.2 243.4 158.7 143.4 498.4 285.8 484.7 280.1 186.8 468.6 531.7 304.2 346.7 532.9 117.8 387.8 333.6 249.4 363.4 463.9 429.3 407.2 147.5 378.2 366.8 220.4 152.9 341.7 438.4 357.0 178.9 379.0 305.1 683.5 384.7 345.0 298.3 185.4 184.4 542.8 208.7 0.0 271.5 495.0 188.0 458.9 318.7 464.8 390.1 666.1 718.8 254.8 437.0 545.8 498.9 509.4 395.6 119.1 469.0 550.4 159.7 463.1 401.7 469.5 231.8 478.5 331.8 473.3 508.7 474.6 489.9 221.9 368.6 349.1 332.3 439.0 395.7 161.0 514.5 455.3 515.1 515.8 463.4 278.5 495.2 471.9 671.8 521.8 355.6 679.3 460.9 318.2 338.3 266.0 492.7 42.4 361.5 647.4 259.3 496.9 58.2 265.1 385.9 380.5 367.7 387.3 315.2 362.9 488.7 290.2 170.7 410.0 297.0 494.3 377.6 243.5 272.2 535.3 314.7 363.4 683.5 133.4 511.6 361.5 635.6 274.1 497.7 144.9 311.1 445.3 301.9 368.1 375.5 313.6 482.0 500.3 133.7 285.9 466.6 441.1 287.1 458.0 400.2 381.7 503.1
1453.0 111.5 106.8 291.4 266.9 433.3 284.1 419.6 161.5 290.0 403.5 466.6 302.5 281.6 467.8 205.1 386.1 329.2 19.8 298.3 398.8 427.6 405.5 280.2 313.1 301.7 105.4 260.8 276.6 373.3 291.9 93.9 377.3 170.3 618.4 319.6 195.1 27.3 258.5 257.5 469.4 69.8 252.7 0.0 429.9 83.8 457.2 317.0 399.7 240.2 601.0 653.7 4.7 371.9 480.7 497.2 444.3 330.5 269.0 403.9 485.3 261.4 461.4 336.6 467.8 48.5 410.8 266.7 471.6 443.6 472.9 465.4 106.9 210.6 347.4 330.6 373.9 330.6 227.1 449.4 453.6 450.0 450.7 398.3 213.5 430.1 406.8 606.7 456.7 290.5 614.2 395.8 316.5 155.0 264.3 427.6 225.3 211.6 582.3 257.6 495.2 252.9 128.3 236.0 230.6 217.8 322.2 313.5 297.8 423.6 19.2 243.8 344.9 113.7 492.6 312.5 128.5 88.9 470.2 313.0 298.3 618.4 252.0 446.5 296.4 570.5 61.4 496.0 218.0 127.8 380.2 156.3 303.0 310.4 130.3 480.3 426.7 269.4 149.1 401.5 439.4 48.1 456.3 398.5 316.6 438.0
1486.8 592.6 611.0 587.2 562.7 140.2 542.9 126.5 667.7 585.8 15.2 177.3 561.3 242.8 222.0 556.2 368.0 588.0 618.8 288.3 153.0 480.8 458.7 576.0 174.0 328.9 589.8 556.6 237.8 80.2 196.2 548.3 636.1 674.5 372.6 346.8 714.4 667.7 552.6 553.3 223.6 578.1 603.8 639.2 0.0 557.4 474.6 575.8 106.6 759.5 355.2 407.9 634.3 33.5 233.0 491.0 198.5 324.9 564.8 158.1 239.5 557.2 513.6 257.7 485.6 601.2 117.7 261.1 465.4 150.5 466.7 459.2 601.7 729.9 606.2 589.4 128.1 357.8 578.2 203.6 447.4 156.9 204.9 152.5 305.4 184.3 113.7 360.9 210.9 284.9 368.4 150.0 575.3 707.7 523.1 134.5 576.4 730.9 336.5 516.4 501.6 582.5 634.5 755.3 749.9 737.1 312.2 572.3 185.9 177.8 659.6 539.6 266.0 666.4 499.0 255.7 612.9 641.6 224.4 571.8 241.5 372.6 578.4 153.4 192.6 324.7 643.5 489.8 513.8 680.5 87.1 671.3 297.4 181.5 683.0 606.2 133.6 595.8 655.3 159.2 492.6 656.5 450.1 451.7 311.0 144.9
1418.0 56.4 93.8 296.6 272.1 398.3 289.3 384.6 130.5 299.9 368.5 431.6 307.7 246.6 432.8 189.1 391.3 337.1 81.8 263.3 363.8 432.8 410.7 285.4 278.1 266.7 32.3 266.0 241.6 338.3 256.9 10.0 382.5 145.7 583.4 284.6 185.6 130.7 263.7 262.7 442.7 59.1 257.9 103.9 394.9 0.0 462.4 322.2 364.7 230.7 566.0 618.7 87.2 336.9 445.7 502.4 409.3 295.5 274.2 368.9 450.3 266.6 466.6 301.6 473.0 64.2 378.4 231.7 476.8 408.6 478.1 493.4 33.8 209.2 352.6 335.8 338.9 295.6 232.3 414.4 458.8 415.0 415.7 363.3 178.4 395.1 371.8 571.7 421.7 255.5 579.2 360.8 321.7 170.7 269.5 392.6 230.5 202.1 547.3 262.8 500.4 258.1 115.5 226.5 221.1 208.3 287.2 318.7 262.8 388.6 122.6 249.0 309.9 129.4 497.8 277.5 55.4 104.6 435.2 318.2 263.3 583.4 274.3 411.5 261.4 535.5 106.5 501.2 223.2 143.5 345.2 142.5 268.0 275.4 146.0 485.5 400.2 274.6 136.3 366.5 444.6 119.5 461.5 403.7 281.6 403.0
1469.6 336.2 356.4 330.8 306.3 611.4 286.5 597.7 393.1 334.1 581.6 644.7 304.9 459.7 461.4 278.6 177.2 334.3 362.4 476.4 576.9 129.0 159.9 319.6 491.2 479.8 333.4 300.2 454.7 551.4 470.0 291.9 379.7 418.1 505.3 497.7 458.0 411.3 297.9 296.9 471.3 321.7 347.4 384.5 608.0 301.0 0.0 319.4 577.8 503.1 487.9 540.6 367.8 550.0 474.3 193.3 622.4 508.6 308.4 397.5 372.2 300.8 129.2 514.7 57.6 344.8 591.5 444.8 167.7 621.7 69.9 184.3 334.9 481.6 349.8 333.0 552.0 508.7 321.8 627.5 149.7 628.1 444.3 576.4 391.5 608.2 584.9 493.6 450.3 468.6 501.1 573.9 318.9 451.3 266.7 605.7 320.0 474.5 469.2 260.0 148.2 326.1 378.1 498.9 493.5 480.7 500.3 315.9 475.9 601.7 403.2 283.2 523.0 410.0 145.6 490.6 356.5 385.2 410.7 315.4 476.4 505.3 339.1 624.6 474.5 457.4 387.1 46.8 257.4 424.1 558.3 414.9 481.1 488.5 426.6 349.8 613.3 339.4 398.9 579.6 126.8 400.1 152.4 132.9 494.7 616.1
1546.1 265.3 285.5 259.9 235.4 540.5 109.9 526.8 322.2 263.2 510.7 573.8 24.4 388.8 575.0 207.7 253.7 62.1 291.5 405.5 506.0 295.2 273.1 248.7 420.3 408.9 262.5 229.3 383.8 480.5 399.1 221.0 79.8 347.2 581.8 426.8 387.1 340.4 227.0 226.0 584.9 250.8 276.5 313.6 537.1 230.1 324.8 0.0 506.9 432.2 564.4 617.1 296.9 479.1 587.9 364.8 551.5 437.7 237.5 511.1 448.7 229.9 329.0 443.8 335.4 273.9 520.6 373.9 339.2 550.8 340.5 355.8 264.0 410.7 30.3 13.5 481.1 437.8 250.9 556.6 321.2 557.2 557.9 505.5 320.6 537.3 514.0 570.1 563.9 397.7 577.6 503.0 67.1 380.4 62.6 534.8 249.1 403.6 545.7 108.6 362.8 255.2 307.2 428.0 422.6 409.8 429.4 93.7 405.0 530.8 332.3 212.3 452.1 339.1 360.2 419.7 285.6 314.3 487.2 13.8 405.5 581.8 268.2 553.7 403.6 533.9 316.2 363.6 186.5 353.2 487.4 344.0 410.2 417.6 355.7 347.9 542.4 268.5 328.0 508.7 307.0 329.2 323.9 266.1 423.8 545.2
1480.5 586.3 604.7 580.9 556.4 104.1 536.6 19.8 661.4 584.2 124.1 155.8 555.0 206.7 215.7 528.7 361.7 584.4 612.5 252.2 146.7 474.5 452.4 569.7 137.9 292.8 583.5 550.3 201.7 17.5 160.1 542.0 629.8 668.2 366.3 310.7 708.1 661.4 546.3 547.0 225.6 567.7 597.5 632.9 150.5 551.1 468.3 569.5 0.0 753.2 348.9 401.6 628.0 92.5 226.7 484.7 192.2 288.8 558.5 151.8 233.2 544.4 507.3 221.6 478.9 594.9 81.6 225.0 459.1 114.4 460.4 452.9 585.0 731.7 599.9 583.1 121.8 321.7 571.9 197.3 441.1 135.4 198.6 146.2 269.3 178.0 7.0 354.6 204.6 248.8 362.1 143.7 569.0 701.4 516.8 98.4 570.1 724.6 330.2 510.1 495.3 576.2 628.2 749.0 743.6 730.8 276.1 566.0 153.2 171.5 653.3 533.3 229.9 660.1 492.7 219.6 606.6 635.3 218.1 565.5 205.4 366.3 572.1 117.3 156.5 318.4 637.2 483.5 507.5 674.2 65.6 665.0 261.3 145.4 676.7 599.9 120.6 589.5 649.0 152.9 486.3 650.2 443.8 445.4 274.9 38.2
1553.6 230.1 107.7 392.0 367.5 533.9 384.7 520.2 85.0 395.3 504.1 567.2 403.1 382.2 568.4 305.7 486.7 432.5 179.9 398.9 499.4 528.2 506.1 380.8 413.7 402.3 164.0 361.4 377.2 473.9 392.5 211.6 477.9 124.8 719.0 420.2 52.6 210.9 357.4 355.0 578.3 130.7 353.3 200.3 530.5 201.5 557.8 417.6 500.3 0.0 701.6 754.3 195.4 472.5 579.4 597.8 544.9 431.1 369.6 504.5 585.9 362.0 562.0 437.2 568.4 161.6 511.4 367.3 572.2 544.2 573.5 566.0 162.2 16.4 448.0 431.2 474.5 431.2 327.7 550.0 554.2 550.6 551.3 498.9 314.1 530.7 507.4 707.3 557.3 391.1 714.8 496.4 417.1 171.1 364.9 528.2 325.9 69.1 682.9 358.2 595.8 353.5 126.0 2.3 88.1 75.3 422.8 414.1 401.8 524.2 219.0 344.4 445.5 91.0 593.2 413.1 136.6 115.8 570.8 413.6 398.9 719.0 352.6 547.1 397.0 671.1 167.5 596.6 318.6 72.6 480.8 58.4 403.6 411.0 146.4 580.9 527.3 370.0 97.4 505.6 540.0 180.5 556.9 499.1 417.2 538.6
1491.0 556.2 576.4 550.8 526.3 425.4 506.5 411.7 631.3 554.1 395.6 403.3 524.9 440.9 320.7 498.6 331.6 554.3 582.4 573.5 289.4 444.4 422.3 539.6 459.2 699.8 553.4 520.2 435.9 365.4 481.4 511.9 599.7 638.1 98.1 717.7 678.0 631.3 516.2 513.8 330.6 552.9 567.4 602.8 422.0 521.0 438.2 539.4 391.8 723.1 0.0 131.0 597.9 364.0 331.7 454.6 334.9 610.1 528.4 256.8 146.5 520.8 477.2 542.9 448.8 564.8 402.9 546.3 429.0 435.7 430.3 422.8 554.9 701.6 569.8 553.0 310.6 728.7 541.8 340.0 411.0 422.6 303.6 335.0 611.6 366.8 398.9 123.0 309.6 570.1 137.3 286.4 538.9 671.3 486.7 419.7 540.0 694.5 42.0 480.0 465.2 546.1 598.1 718.9 713.5 700.7 597.4 535.9 457.1 314.2 623.2 503.2 551.2 630.0 462.6 471.8 576.5 605.2 188.0 535.4 457.6 78.1 542.0 438.6 477.8 177.4 607.1 453.4 477.4 644.1 372.3 634.9 582.6 466.7 646.6 569.8 418.8 559.4 618.9 338.2 456.2 620.1 413.7 415.3 596.2 430.1
1505.7 570.9 591.1 565.5 541.0 440.1 521.2 426.4 627.8 568.8 410.3 418.0 539.6 455.6 335.4 513.3 346.3 569.0 597.1 588.2 304.1 459.1 437.0 554.3 473.9 714.5 568.1 534.9 450.6 380.1 496.1 526.6 614.4 652.8 156.2 732.4 692.7 646.0 532.6 531.6 345.3 556.4 582.1 619.2 436.7 535.7 452.9 554.1 406.5 737.8 155.4 0.0 602.5 378.7 348.3 469.3 349.6 624.8 543.1 271.5 161.2 535.5 491.9 557.6 463.5 579.5 420.2 561.0 443.7 450.4 445.0 460.3 569.6 716.3 584.5 567.7 325.3 743.4 556.5 354.7 425.7 437.3 318.3 349.7 626.2 381.5 413.6 174.5 324.3 584.8 115.6 301.1 553.6 686.0 501.4 434.4 554.7 709.2 109.7 494.7 479.9 560.8 612.8 733.6 728.2 715.4 612.1 550.6 471.8 328.9 637.9 517.9 565.9 644.7 477.3 486.5 591.2 619.9 202.7 550.1 472.3 121.4 573.8 453.3 492.5 192.1 621.8 468.1 492.1 658.8 387.0 649.6 597.3 481.4 661.3 584.5 442.0 574.1 633.6 352.9 470.9 634.8 428.4 430.0 610.9 444.8
1448.2 106.7 103.8 286.6 262.1 428.5 279.3 414.8 156.7 289.9 398.7 461.8 297.7 276.8 463.0 200.3 381.3 327.1 15.0 293.5 394.0 422.8 400.7 275.4 308.3 296.9 100.6 256.0 271.8 368.5 287.1 89.1 372.5 165.5 613.6 314.8 190.3 33.3 252.0 249.6 472.9 70.6 247.9 4.8 425.1 79.0 452.4 312.2 394.9 235.4 596.2 648.9 0.0 367.1 474.0 492.4 439.5 325.7 264.2 399.1 480.5 256.6 456.6 331.8 463.0 43.7 406.0 261.9 466.8 438.8 468.1 460.6 102.1 205.8 342.6 325.8 369.1 325.8 222.3 444.6 448.8 445.2 445.9 393.5 208.7 425.3 402.0 601.9 451.9 285.7 609.4 391.0 311.7 150.2 259.5 422.8 220.5 206.8 577.5 252.8 490.4 248.1 123.5 231.2 225.8 213.0 317.4 308.7 293.0 418.8 25.2 239.0 340.1 108.9 487.8 307.7 123.7 84.1 465.4 308.2 293.5 613.6 247.2 441.7 291.6 565.7 67.4 491.2 213.2 123.0 375.4 151.5 298.2 305.6 125.5 475.5 421.9 264.6 144.3 396.7 434.6 54.1 451.5 393.7 311.8 433.2
1453.3 559.1 579.3 553.7 529.2 106.7 509.4 93.0 616.0 557.0 31.5 143.8 527.8 209.3 188.5 501.5 334.5 557.2 585.3 254.8 119.5 447.3 425.2 542.5 140.5 295.4 556.3 523.1 204.3 46.7 162.7 514.8 602.6 641.0 339.1 313.3 680.9 634.2 520.8 519.8 198.4 544.6 570.3 607.4 57.9 523.9 441.1 542.3 73.1 726.0 321.7 374.4 590.7 0.0 201.4 457.5 165.0 291.4 531.3 124.6 206.0 523.7 480.1 224.2 451.7 567.7 86.8 227.6 431.9 117.0 433.2 448.5 557.8 704.5 572.7 555.9 94.6 324.3 544.7 170.1 413.9 123.4 171.4 119.0 271.8 150.8 80.2 327.4 177.4 251.4 334.9 116.5 541.8 674.2 489.6 101.0 542.9 697.4 303.0 482.9 468.1 549.0 601.0 721.8 716.4 703.6 278.7 538.8 155.8 144.3 626.1 506.1 232.5 632.9 465.5 222.2 579.4 608.1 190.9 538.3 208.0 339.1 562.0 119.9 159.1 291.2 610.0 456.3 480.3 647.0 53.6 637.8 263.9 148.0 649.5 572.7 108.6 562.3 621.8 122.2 459.1 623.0 416.6 418.2 277.5 111.4
1482.1 547.3 565.7 541.9 517.4 261.4 497.6 247.7 620.5 540.5 231.6 237.4 516.0 276.9 22.8 510.9 320.8 542.7 573.5 409.5 125.4 435.5 413.4 528.8 295.2 450.1 544.5 511.3 270.0 203.2 317.4 501.1 588.9 629.2 327.3 466.1 669.1 620.5 507.3 504.9 78.1 528.7 558.5 592.0 256.1 512.1 429.3 530.5 225.9 712.3 308.0 362.6 589.0 200.0 0.0 445.7 169.0 446.1 519.5 76.7 192.3 505.4 466.4 377.0 440.3 554.0 237.0 382.3 420.1 271.7 419.5 412.0 556.4 684.6 560.9 544.1 146.6 477.1 532.9 176.0 400.2 258.6 33.7 171.0 426.6 202.8 233.0 313.7 29.4 406.1 323.1 120.5 528.1 662.4 477.8 253.8 529.2 685.6 289.3 469.2 456.3 537.2 587.3 710.0 704.6 691.8 433.4 527.0 307.1 150.2 614.3 494.3 387.2 619.2 451.8 307.8 565.7 596.3 177.2 526.5 293.6 327.3 531.2 274.6 313.8 279.4 598.2 442.6 466.6 633.3 208.3 624.1 418.6 302.7 635.8 560.9 254.8 550.5 608.1 177.7 455.7 611.2 404.8 406.4 432.2 266.1
1512.3 402.6 422.8 397.2 372.7 677.8 352.9 664.1 459.5 400.5 648.0 711.1 371.3 526.1 504.1 345.0 219.9 400.7 428.8 542.8 472.8 231.9 262.8 386.0 557.6 546.2 399.8 366.6 521.1 617.8 536.4 358.3 446.1 484.5 548.0 564.1 524.4 477.7 364.3 363.3 514.0 388.1 413.8 450.9 674.4 367.4 193.1 385.8 644.2 569.5 530.6 583.3 434.2 616.4 517.0 0.0 518.3 575.0 374.8 440.2 414.9 367.2 232.1 581.1 203.7 411.2 657.9 511.2 61.6 688.1 113.1 159.8 401.3 548.0 416.2 399.4 618.4 575.1 388.2 523.4 86.4 694.5 487.0 642.8 457.9 674.6 651.3 536.3 493.0 535.0 543.8 469.8 385.3 517.7 333.1 672.1 386.4 540.9 511.9 326.4 220.1 392.5 444.5 565.3 559.9 547.1 566.7 382.3 542.3 497.6 469.6 349.6 589.4 476.4 217.5 557.0 422.9 451.6 453.4 381.8 542.8 548.0 405.5 691.0 540.9 500.1 453.5 136.2 323.8 490.5 624.7 481.3 547.5 554.9 493.0 416.2 679.7 405.8 465.3 646.0 229.7 466.5 76.9 235.8 561.1 682.5
1476.8 542.0 560.4 536.6 512.1 258.4 492.3 244.7 617.1 539.9 228.6 236.3 510.7 273.9 171.4 505.6 317.4 537.4 568.2 406.5 56.3 430.2 408.1 525.4 292.2 447.1 539.2 506.0 268.9 200.2 314.4 497.7 585.5 623.9 322.0 465.0 663.8 617.1 502.0 499.6 181.3 529.0 553.2 588.6 255.0 506.8 424.0 525.2 224.8 708.9 304.6 357.3 583.7 197.0 184.3 440.4 0.0 443.1 514.2 107.5 188.9 506.6 463.0 375.9 434.6 550.6 235.9 379.3 414.8 268.7 416.1 408.6 540.7 679.3 555.6 538.8 143.6 476.0 527.6 20.1 396.8 255.6 154.3 168.0 423.6 199.8 231.9 310.3 160.3 403.1 317.8 59.3 524.7 657.1 472.5 252.7 525.8 680.3 285.9 465.8 451.0 531.9 583.9 704.7 699.3 686.5 430.4 521.7 304.1 31.5 609.0 489.0 384.2 615.8 448.4 304.8 562.3 591.0 173.8 521.2 290.6 322.0 527.8 271.6 310.8 274.1 592.9 439.2 463.2 629.9 205.3 620.7 415.6 299.7 632.4 555.6 251.8 545.2 604.7 171.2 450.4 605.9 399.5 401.1 429.2 263.1
1544.4 358.4 347.1 440.2 415.7 271.5 432.9 322.6 383.8 443.5 336.3 368.0 451.3 256.1 427.9 332.7 534.9 480.7 353.1 119.9 358.9 686.7 664.6 429.0 230.7 160.5 355.6 409.6 251.1 276.3 97.9 314.1 526.1 408.8 578.5 178.4 448.7 402.0 407.3 406.3 437.8 312.4 401.5 375.2 362.7 323.2 680.5 465.8 302.7 493.8 561.1 613.8 358.5 304.7 440.8 696.9 404.4 0.0 417.8 364.0 445.4 410.2 719.5 142.6 691.1 335.5 232.6 54.2 671.3 281.8 672.6 687.9 357.1 472.3 496.2 479.4 334.0 189.4 375.9 409.5 653.3 347.6 410.8 358.4 136.9 390.2 309.8 566.8 416.8 34.0 574.3 355.9 465.3 442.0 413.1 265.8 374.1 465.2 542.4 406.4 707.5 401.7 368.8 489.6 484.2 471.4 143.8 462.3 246.0 383.7 393.9 392.6 150.9 400.7 704.9 287.0 378.7 375.9 430.3 461.8 272.8 578.5 417.9 265.7 102.4 530.6 377.8 695.7 366.8 414.8 277.8 405.6 23.4 116.4 417.3 629.1 332.8 418.2 389.6 361.6 698.5 390.8 656.0 657.6 11.8 341.0
1534.5 239.6 259.8 120.2 104.9 514.8 248.6 501.1 296.5 148.3 485.0 548.1 267.0 363.1 549.3 134.2 350.6 296.4 265.8 379.8 480.3 392.1 370.0 109.0 394.6 383.2 236.8 114.4 358.1 454.8 373.4 195.3 341.8 321.5 699.9 401.1 361.4 314.7 146.9 145.9 559.2 225.1 132.9 287.9 511.4 204.4 421.7 281.5 481.2 406.5 682.5 735.2 271.2 453.4 562.2 461.7 525.8 412.0 0.0 485.4 566.8 121.2 425.9 418.1 432.3 248.2 494.9 348.2 436.1 525.1 437.4 452.7 238.3 385.0 311.9 295.1 455.4 412.1 177.4 530.9 418.1 531.5 532.2 479.8 294.9 511.6 488.3 688.2 538.2 372.0 695.7 477.3 281.0 354.7 228.8 509.1 107.1 377.9 663.8 222.1 459.7 78.3 281.5 402.3 396.9 384.1 403.7 278.0 379.3 505.1 306.6 132.2 426.4 313.4 457.1 394.0 259.9 288.6 551.7 277.5 379.8 699.9 91.3 528.0 377.9 652.0 290.5 460.5 106.4 327.5 461.7 318.3 384.5 391.9 330.0 444.8 516.7 91.6 302.3 483.0 403.9 303.5 420.8 363.0 398.1 519.5
1405.3 470.5 490.7 465.1 440.6 184.6 420.8 170.9 527.4 468.4 154.8 162.5 439.2 200.1 63.8 412.9 245.9 468.6 496.7 332.7 48.6 358.7 336.6 453.9 218.4 373.3 467.7 434.5 195.1 124.6 240.6 426.2 514.0 552.4 250.5 391.2 592.3 545.6 432.2 431.2 73.7 456.0 481.7 518.8 181.2 435.3 352.5 453.7 151.0 637.4 233.1 285.8 502.1 123.2 76.7 368.9 94.1 369.3 442.7 0.0 117.4 435.1 391.5 302.1 363.1 479.1 164.7 305.5 343.3 194.9 344.6 359.9 469.2 615.9 484.1 467.3 69.8 402.2 456.1 99.2 325.3 181.8 46.7 94.2 349.7 126.0 158.1 238.8 52.7 329.3 246.3 45.6 453.2 585.6 401.0 178.9 454.3 608.8 214.4 394.3 379.5 460.4 512.4 633.2 627.8 615.0 356.6 450.2 216.3 73.4 537.5 417.5 310.4 544.3 376.9 231.0 490.8 519.5 102.3 449.7 216.8 250.5 473.4 197.8 237.0 202.6 521.4 367.7 391.7 558.4 131.5 549.2 341.8 225.9 560.9 484.1 186.5 473.7 533.2 97.4 370.5 534.4 328.0 329.6 355.4 189.3
1376.0 441.2 459.6 435.8 411.3 310.4 391.5 296.7 516.3 434.4 280.6 288.3 409.9 325.9 205.7 404.8 216.6 436.6 467.4 458.5 174.4 329.4 307.3 424.6 344.2 584.8 438.4 405.2 320.9 250.4 366.4 396.9 484.7 523.1 144.6 602.7 563.0 516.3 401.2 401.9 207.3 426.7 452.4 487.8 307.0 406.0 323.2 424.4 276.8 608.1 127.2 179.9 482.9 249.0 216.7 339.6 219.9 495.1 413.4 141.8 0.0 405.8 362.2 427.9 333.8 449.8 287.9 431.3 314.0 320.7 315.3 307.8 450.3 586.6 454.8 438.0 195.6 613.7 426.8 225.0 296.0 307.6 188.6 220.0 496.6 251.8 283.9 132.9 194.6 455.1 140.4 171.4 423.9 556.3 371.7 304.7 425.0 579.5 108.5 365.0 350.2 431.1 483.1 603.9 598.5 585.7 482.4 420.9 356.1 199.2 508.2 388.2 436.2 515.0 347.6 356.8 461.5 490.2 73.0 420.4 342.6 144.6 427.0 323.6 362.8 96.7 492.1 338.4 362.4 529.1 257.3 519.9 467.6 351.7 531.6 454.8 312.3 444.4 503.9 226.7 349.6 505.1 298.7 300.3 481.2 315.1
1517.4 222.5 240.9 112.4 87.9 497.7 229.8 484.0 297.6 124.8 467.9 531.0 248.2 346.0 532.2 184.8 331.8 274.9 248.7 362.7 463.2 373.3 351.2 101.2 377.5 366.1 219.7 95.6 341.0 439.5 356.3 178.2 323.0 304.4 682.8 384.0 344.3 297.6 126.4 124.0 533.8 203.9 162.3 263.5 488.7 187.3 402.9 262.7 464.1 389.4 665.4 718.1 258.6 436.3 543.2 442.9 508.7 394.9 90.0 468.3 544.1 0.0 401.5 401.0 413.9 225.5 469.6 331.1 417.3 508.0 418.6 411.1 231.6 359.8 293.1 276.3 438.3 395.0 206.8 513.8 393.7 514.4 515.1 462.7 272.3 494.5 465.6 665.5 521.1 354.9 678.6 460.2 256.6 337.6 210.0 492.0 136.5 360.8 641.1 203.3 440.9 107.7 264.4 385.2 379.8 367.0 386.6 259.2 365.6 488.0 289.5 113.4 409.3 296.3 432.7 376.9 242.8 271.5 529.0 258.7 362.7 682.8 98.0 510.9 360.8 634.9 267.8 441.7 82.0 304.8 444.6 301.2 367.4 374.8 312.9 426.0 491.1 121.0 285.2 469.4 393.5 286.4 402.0 344.2 381.0 502.4
1518.6 350.4 368.8 345.0 320.5 625.6 300.7 611.9 425.5 348.3 595.8 658.9 319.1 473.9 510.4 314.0 226.2 345.8 376.6 490.6 591.1 135.9 174.1 333.8 505.4 494.0 347.6 314.4 468.9 565.6 484.2 306.1 393.9 432.3 554.3 511.9 472.2 425.5 312.1 308.0 520.3 331.8 361.6 397.0 622.2 315.2 159.2 333.6 592.0 517.3 536.9 589.6 392.1 564.2 521.4 242.3 636.6 522.8 322.6 446.5 421.2 315.0 0.0 528.9 169.8 359.0 603.1 459.0 216.7 635.9 218.0 210.5 349.1 487.7 364.0 347.2 566.2 522.9 336.0 641.7 198.7 642.3 493.3 590.6 405.8 622.4 599.1 542.6 499.3 482.8 550.1 588.1 333.1 465.5 280.9 619.9 334.2 488.7 518.2 274.2 197.2 340.3 392.3 513.1 507.7 494.9 514.5 330.1 490.1 615.9 417.4 297.4 537.2 424.2 194.6 504.8 370.7 399.4 459.7 329.6 490.6 554.3 336.2 638.8 488.7 506.4 401.3 206.1 271.6 438.3 572.5 429.1 495.3 502.7 440.8 364.0 619.0 353.6 413.1 593.8 55.2 414.3 201.4 147.1 508.9 630.3
1564.6 378.6 365.5 460.4 435.9 218.4 453.1 269.5 422.2 459.0 283.2 314.9 471.5 246.4 374.8 352.9 520.8 498.2 373.3 140.1 305.8 633.6 611.5 449.2 177.6 180.7 375.8 429.8 241.4 225.0 44.8 334.3 546.3 429.0 525.4 198.6 468.9 422.2 425.8 426.5 384.7 328.5 421.7 393.7 309.6 343.4 627.4 486.0 249.6 514.0 508.0 560.7 388.8 251.6 385.8 643.8 351.3 176.7 438.0 310.9 392.3 430.4 666.4 0.0 638.4 355.7 176.9 112.9 618.2 228.7 619.5 612.0 377.3 492.5 516.4 499.6 280.9 209.6 396.1 356.4 600.2 294.5 357.7 305.3 157.2 337.1 256.7 513.7 363.7 136.7 521.2 302.8 485.5 462.2 433.3 212.7 394.3 485.4 489.3 426.6 654.4 421.9 389.0 509.8 504.4 491.6 164.0 482.5 192.9 330.6 414.1 412.8 8.3 420.9 651.8 259.3 398.9 396.1 377.2 482.0 245.1 525.4 421.0 212.6 49.3 477.5 398.0 642.6 387.0 435.0 224.7 425.8 149.2 63.3 437.5 649.3 271.2 438.4 409.8 312.0 645.4 411.0 602.9 604.5 162.8 287.9
1498.5 365.1 383.5 359.7 335.2 640.3 315.4 626.6 440.2 358.3 610.5 673.6 333.8 488.6 490.3 328.7 206.6 360.5 391.3 505.3 605.8 157.9 188.8 348.5 520.1 508.7 362.3 329.1 484.1 582.1 498.9 320.8 408.6 447.0 534.2 526.6 486.9 440.2 325.1 322.7 491.9 346.5 376.3 411.7 636.9 329.9 55.9 348.3 606.7 532.0 516.8 569.5 407.3 578.9 501.3 222.2 651.3 537.5 337.3 426.4 401.1 323.2 158.6 544.1 0.0 373.7 617.8 473.7 196.6 650.6 125.9 190.9 374.2 502.4 378.7 361.9 580.9 537.6 350.7 656.4 178.6 657.0 473.2 605.3 420.5 637.1 613.8 522.5 479.7 497.5 530.0 602.8 347.8 480.2 295.6 634.6 348.9 503.4 498.1 288.9 177.1 355.5 407.5 527.8 522.4 509.6 529.2 344.8 508.2 630.6 432.1 312.1 551.9 438.9 174.5 519.5 385.4 414.1 440.1 344.3 505.3 534.2 350.9 653.5 503.9 486.3 416.5 102.8 286.3 453.5 587.2 443.8 510.0 517.4 456.0 378.7 633.7 368.3 427.8 612.0 147.3 429.0 181.3 161.8 523.6 645.0
1425.1 83.6 80.7 263.5 239.0 405.4 256.2 391.7 116.8 266.8 375.6 438.7 274.6 253.7 439.9 177.2 358.2 304.0 18.2 270.4 370.9 399.7 377.6 252.3 285.2 273.8 77.5 232.9 248.7 345.4 264.0 66.0 349.4 142.4 590.5 291.7 146.5 67.1 228.9 226.5 449.8 57.2 224.8 38.6 402.0 55.9 429.3 289.1 371.8 191.6 573.1 625.8 33.7 344.0 450.9 469.3 416.4 302.6 241.1 376.0 457.4 233.5 433.5 308.7 440.3 0.0 382.9 238.8 443.7 415.7 445.0 437.5 89.4 162.0 319.5 302.7 346.0 302.7 199.2 421.5 425.7 422.1 422.8 370.4 185.6 402.2 378.9 578.8 428.8 262.6 586.3 367.9 288.6 106.4 236.4 399.7 197.4 163.0 554.4 229.7 467.3 225.0 95.5 187.4 182.0 169.2 294.3 285.6 273.3 395.7 59.0 215.9 317.0 65.1 464.7 284.6 100.6 40.3 442.3 285.1 270.4 590.5 224.1 418.6 268.5 542.6 42.2 468.1 190.1 79.2 352.3 107.7 275.1 282.5 81.7 452.4 398.8 241.5 116.0 377.1 411.5 55.2 428.4 370.6 288.7 410.1
1509.5 435.9 422.8 609.9 585.4 88.3 510.4 139.4 479.5 608.5 153.1 184.8 528.8 151.9 244.7 410.2 390.7 555.5 430.6 197.4 175.7 503.5 481.4 598.7 83.1 238.0 433.1 579.3 146.9 93.1 105.3 391.6 603.6 486.3 395.3 255.9 526.2 479.5 577.0 576.0 254.6 385.8 479.0 451.0 179.5 400.7 497.3 543.3 119.5 571.3 377.9 430.6 446.1 121.5 257.6 513.7 221.2 234.0 587.5 180.8 262.2 573.4 536.3 166.8 507.9 413.0 0.0 170.2 488.1 98.6 489.4 481.9 434.6 541.7 573.7 556.9 150.8 266.9 453.4 226.3 470.1 164.4 227.6 175.2 214.5 207.0 126.6 383.6 233.6 194.0 391.1 172.7 542.8 519.5 490.6 82.6 451.6 542.7 359.2 483.9 524.3 605.2 446.3 567.1 561.7 548.9 221.3 539.8 98.4 200.5 471.4 562.3 175.1 478.2 521.7 164.8 456.2 453.4 247.1 539.3 150.6 395.3 601.1 35.6 101.7 347.4 455.3 512.5 536.5 492.3 94.6 483.1 206.5 90.6 494.8 628.9 149.6 618.5 467.1 178.4 523.7 468.3 472.8 474.4 220.1 157.8
1490.2 304.2 292.9 386.0 361.5 217.3 378.7 268.4 329.6 389.3 282.1 313.8 397.1 201.9 373.7 278.5 480.7 426.5 298.9 65.7 304.7 632.5 610.4 374.8 176.5 106.3 301.4 355.4 196.9 222.1 43.7 259.9 471.9 354.6 524.3 124.2 394.5 347.8 353.1 352.1 383.6 258.2 347.3 321.0 308.5 269.0 626.3 411.6 248.5 439.6 506.9 559.6 304.3 250.5 386.6 642.7 350.2 63.7 363.6 309.8 391.2 356.0 665.3 88.4 636.9 281.3 178.4 0.0 617.1 227.6 618.4 633.7 302.9 418.1 442.0 425.2 279.8 135.2 321.7 355.3 599.1 293.4 356.6 304.2 82.7 336.0 255.6 512.6 362.6 23.7 520.1 301.7 411.1 387.8 358.9 211.6 319.9 411.0 488.2 352.2 653.3 347.5 314.6 435.4 430.0 417.2 89.6 408.1 191.8 329.5 339.7 338.4 96.7 346.5 650.7 232.8 324.5 321.7 376.1 407.6 218.6 524.3 363.7 211.5 48.2 476.4 323.6 641.5 312.6 360.6 223.6 351.4 36.2 62.2 363.1 574.9 278.6 364.0 335.4 307.4 644.3 336.6 601.8 603.4 49.8 286.8
1476.7 367.0 387.2 361.6 337.1 642.2 317.3 628.5 423.9 364.9 612.4 675.5 335.7 490.5 468.5 309.4 184.3 365.1 393.2 507.2 437.2 196.3 227.2 350.4 522.0 510.6 364.2 331.0 485.5 582.2 500.8 322.7 410.5 448.9 512.4 528.5 488.8 442.1 328.7 327.7 478.4 352.5 378.2 415.3 638.8 331.8 157.5 350.2 608.6 533.9 495.0 547.7 398.6 580.8 481.4 51.6 482.7 539.4 339.2 404.6 379.3 331.6 196.5 545.5 168.1 375.6 622.3 475.6 0.0 652.5 128.5 143.8 365.7 512.4 380.6 363.8 582.8 539.5 352.6 487.8 59.2 658.9 451.4 607.2 422.3 639.0 615.7 500.7 457.4 499.4 508.2 434.2 349.7 482.1 297.5 636.5 350.8 505.3 476.3 290.8 184.5 356.9 408.9 529.7 524.3 511.5 531.1 346.7 506.7 462.0 434.0 314.0 553.8 440.8 181.9 521.4 387.3 416.0 417.8 346.2 507.2 512.4 369.9 655.4 505.3 464.5 417.9 151.6 288.2 454.9 589.1 445.7 511.9 519.3 457.4 380.6 644.1 370.2 429.7 610.4 194.1 430.9 15.3 200.2 525.5 646.9
1502.4 608.2 476.5 602.8 578.3 42.4 558.5 132.3 513.2 606.1 146.0 177.7 576.9 203.8 237.6 550.6 383.6 606.3 482.5 249.3 168.6 496.4 474.3 591.6 135.0 289.9 605.4 572.2 198.8 86.0 157.2 563.9 651.7 538.2 388.2 307.8 578.1 531.4 569.9 568.9 247.5 441.8 619.4 504.6 172.4 573.0 490.2 591.4 112.4 623.2 370.8 423.5 487.9 114.4 250.5 506.6 214.1 285.9 580.4 173.7 255.1 572.8 529.2 218.7 500.8 464.9 81.3 222.1 481.0 0.0 482.3 497.6 606.9 601.7 621.8 605.0 143.7 318.8 593.8 219.2 463.0 157.3 220.5 168.1 266.3 199.9 119.5 376.5 226.5 245.9 384.0 165.6 590.9 571.4 538.7 10.6 592.0 594.6 352.1 532.0 517.2 598.1 498.2 619.0 613.6 600.8 273.2 587.9 150.3 193.4 523.3 555.2 227.0 530.1 514.6 216.7 628.5 505.3 240.0 587.4 202.5 388.2 611.1 114.4 153.6 340.3 507.2 505.4 529.4 544.2 87.5 535.0 258.4 142.5 546.7 621.8 142.5 611.4 519.0 171.3 508.2 520.2 465.7 467.3 272.0 150.7
1468.0 358.3 376.7 352.9 328.4 633.5 308.6 619.8 433.4 356.2 603.7 666.8 327.0 481.8 459.8 321.9 175.6 353.7 384.5 498.5 428.5 187.6 218.5 341.7 513.3 501.9 355.5 322.3 476.8 573.5 492.1 314.0 401.8 440.2 503.7 519.8 480.1 433.4 320.0 315.9 461.4 345.3 369.5 404.9 630.1 323.1 79.9 341.5 599.9 525.2 486.3 539.0 400.0 572.1 472.7 113.1 474.0 530.7 330.5 395.9 370.6 322.9 187.8 536.8 137.6 366.9 611.0 466.9 109.9 643.8 0.0 92.7 357.0 495.6 371.9 355.1 574.1 530.8 343.9 479.1 120.5 650.2 442.7 598.5 413.7 630.3 607.0 492.0 448.7 490.7 499.5 425.5 341.0 473.4 288.8 627.8 342.1 496.6 467.6 282.1 175.8 348.2 400.2 521.0 515.6 502.8 522.4 338.0 498.0 453.3 425.3 305.3 545.1 432.1 173.2 512.7 378.6 407.3 409.1 337.5 498.5 503.7 344.1 646.7 496.6 455.8 409.2 23.0 279.5 446.2 580.4 437.0 503.2 510.6 448.7 371.9 626.9 361.5 421.0 601.7 185.4 422.2 123.2 191.5 516.8 638.2
1450.5 340.8 361.0 335.4 310.9 616.0 291.1 602.3 415.9 338.7 586.2 649.3 309.5 464.3 442.3 304.4 158.1 336.2 367.0 481.0 411.0 170.1 201.0 324.2 495.8 484.4 338.0 304.8 459.3 557.8 474.6 296.5 384.3 422.7 486.2 502.3 462.6 415.9 300.8 298.4 452.2 322.2 352.0 387.4 612.6 305.6 131.3 324.0 582.4 507.7 468.8 521.5 382.5 554.6 453.3 127.0 456.5 513.2 313.0 378.4 353.1 298.9 170.3 519.3 142.3 349.4 593.5 449.4 121.0 626.3 102.7 0.0 339.5 478.1 354.4 337.6 556.6 513.3 326.4 461.6 103.0 632.7 425.2 581.0 396.2 612.8 589.5 474.5 431.2 473.2 482.0 408.0 323.5 455.9 271.3 610.3 324.6 479.1 450.1 264.6 158.3 330.7 382.7 503.5 498.1 485.3 504.9 320.5 480.5 435.8 407.8 287.8 527.6 414.6 155.7 495.2 361.1 389.8 391.6 320.0 481.0 486.2 326.6 629.2 479.1 438.3 391.7 125.8 262.0 428.7 562.9 419.5 485.7 493.1 431.2 354.4 617.9 344.0 403.5 584.2 159.5 404.7 105.7 174.0 499.3 620.7
1457.3 84.9 86.8 305.1 280.6 437.6 297.8 423.9 124.1 303.7 407.8 483.2 316.2 285.9 472.1 218.8 412.1 342.9 90.3 302.6 403.1 441.3 419.2 306.2 317.4 306.0 1.7 274.5 280.9 379.4 296.2 49.3 403.3 111.8 622.7 336.2 151.7 139.2 270.5 268.1 473.7 63.5 266.4 110.7 434.2 39.2 470.9 330.7 416.3 186.4 617.6 658.0 105.8 376.2 483.1 510.9 448.6 334.8 282.7 408.2 489.6 268.6 475.1 353.2 481.9 72.7 427.4 271.0 485.3 447.9 498.9 491.4 0.0 167.2 361.1 344.3 378.2 347.2 240.8 466.0 467.3 454.3 467.3 402.6 217.8 434.4 411.1 611.0 473.3 294.8 618.5 400.1 330.2 179.2 278.0 444.2 251.3 168.2 586.6 283.6 508.9 266.6 112.4 192.6 187.2 174.4 326.5 327.2 305.5 427.9 131.1 257.5 349.2 137.9 506.3 316.8 11.1 113.1 474.5 326.7 302.6 622.7 265.7 450.8 313.0 574.8 115.0 522.0 244.0 138.3 384.5 98.2 307.3 314.7 154.5 494.0 431.0 283.1 112.7 409.3 461.5 128.0 470.0 412.2 320.9 442.3
1541.7 218.2 97.5 380.1 355.6 522.0 372.8 508.3 73.1 378.7 492.2 555.3 391.2 370.3 556.5 293.8 474.8 417.9 168.0 387.0 487.5 516.3 494.2 368.9 401.8 390.4 152.1 349.5 360.8 463.8 380.6 195.2 466.0 112.9 707.1 408.3 40.7 194.5 345.5 343.1 558.1 134.5 341.4 183.9 514.1 189.6 545.9 405.7 488.4 29.5 689.7 742.4 179.0 460.6 567.5 585.9 528.5 419.2 357.7 492.6 569.5 343.6 545.6 425.3 556.9 145.2 499.5 355.4 560.3 532.3 561.6 554.1 138.0 0.0 436.1 419.3 462.6 419.3 315.8 538.1 537.8 538.7 539.4 487.0 302.2 518.8 491.0 690.9 545.4 379.2 702.9 480.0 400.7 159.2 353.0 516.3 314.0 57.2 666.5 346.3 583.9 337.1 114.1 17.3 76.2 63.4 410.9 402.2 389.9 512.3 207.1 332.5 433.6 74.6 576.8 401.2 120.2 103.9 554.4 401.7 387.0 707.1 336.2 535.2 385.1 659.2 151.1 584.7 306.7 56.2 468.9 42.0 391.7 399.1 130.0 569.0 515.4 358.1 81.0 493.7 536.5 168.6 545.0 487.2 405.3 526.7
1586.5 305.7 325.9 300.3 275.8 580.9 110.8 567.2 362.6 303.6 551.1 614.2 64.8 429.2 615.4 248.1 294.1 63.0 331.9 445.9 546.4 335.6 313.5 289.1 460.7 449.3 302.9 269.7 424.2 520.9 439.5 261.4 80.7 387.6 622.2 467.2 427.5 380.8 267.4 266.4 625.3 291.2 316.9 354.0 577.5 270.5 365.2 40.3 547.3 472.6 604.8 657.5 337.3 519.5 628.3 405.2 591.9 478.1 277.9 551.5 489.1 270.3 369.4 484.2 375.8 314.3 561.0 414.3 379.6 591.2 380.9 396.2 304.4 451.1 0.0 26.7 521.5 478.2 291.3 597.0 361.6 597.6 598.3 545.9 361.0 577.7 554.4 610.5 604.3 438.1 618.0 543.4 107.5 420.8 103.0 575.2 289.5 444.0 586.1 149.0 403.2 295.6 347.6 468.4 463.0 450.2 469.8 134.1 445.4 571.2 372.7 252.7 492.5 379.5 400.6 460.1 326.0 354.7 527.6 54.2 445.9 622.2 308.6 594.1 444.0 574.3 356.6 404.0 226.9 393.6 527.8 384.4 450.6 458.0 396.1 388.3 582.8 308.9 368.4 549.1 347.4 369.6 364.3 306.5 464.2 585.6
1559.7 278.9 299.1 273.5 249.0 554.1 96.3 540.4 335.8 276.8 524.3 587.4 38.0 402.4 588.6 221.3 267.3 48.5 305.1 419.1 519.6 308.8 286.7 262.3 433.9 422.5 276.1 242.9 397.4 494.1 412.7 234.6 66.2 360.8 595.4 440.4 400.7 354.0 240.6 239.6 598.5 264.4 290.1 327.2 550.7 243.7 338.4 13.5 520.5 445.8 578.0 630.7 310.5 492.7 601.5 378.4 565.1 451.3 251.1 524.7 462.3 243.5 342.6 457.4 349.0 287.5 534.2 387.5 352.8 564.4 354.1 369.4 277.6 424.3 16.7 0.0 494.7 451.4 264.5 570.2 334.8 570.8 571.5 519.1 334.2 550.9 527.6 583.7 577.5 411.3 591.2 516.6 80.7 394.0 76.2 548.4 262.7 417.2 559.3 122.2 376.4 268.8 320.8 441.6 436.2 423.4 443.0 107.3 418.6 544.4 345.9 225.9 465.7 352.7 373.8 433.3 299.2 327.9 500.8 27.4 419.1 595.4 281.8 567.3 417.2 547.5 329.8 377.2 200.1 366.8 501.0 357.6 423.8 431.2 369.3 361.5 556.0 282.1 341.6 522.3 320.6 342.8 337.5 279.7 437.4 558.8
1448.9 514.1 534.3 508.7 484.2 184.4 464.4 170.7 571.0 512.0 154.6 87.0 482.8 199.9 143.5 456.5 289.5 512.2 540.3 332.5 74.5 402.3 380.2 497.5 218.2 373.1 511.3 478.1 194.9 124.4 240.4 469.8 557.6 596.0 294.1 391.0 635.9 589.2 475.8 474.8 153.4 499.6 525.3 562.4 181.0 478.9 396.1 497.3 150.8 681.0 276.7 329.4 545.7 123.0 156.4 412.5 120.0 369.1 486.3 79.6 161.0 478.7 435.1 301.9 406.7 522.7 164.5 305.3 386.9 194.7 388.2 403.5 512.8 659.5 527.7 510.9 0.0 402.0 499.7 125.1 368.9 106.3 126.4 18.7 349.5 50.5 157.9 282.4 132.4 329.1 289.9 71.5 496.8 629.2 444.6 178.7 497.9 652.4 258.0 437.9 423.1 504.0 556.0 676.8 671.4 658.6 356.4 493.8 216.1 99.3 581.1 461.1 310.2 587.9 420.5 230.8 534.4 563.1 145.9 493.3 216.6 294.1 517.0 197.6 236.8 246.2 565.0 411.3 435.3 602.0 131.3 592.8 341.6 225.7 604.5 527.7 120.4 517.3 576.8 27.5 414.1 578.0 371.6 373.2 355.2 189.1
1575.6 389.6 376.5 471.4 446.9 335.5 464.1 386.6 433.2 474.7 400.3 432.0 482.5 287.3 473.5 385.1 566.1 509.2 384.3 168.3 404.5 732.3 710.2 460.2 294.7 92.3 386.8 440.8 282.3 340.3 161.9 345.3 557.3 440.0 624.1 31.0 479.9 433.2 436.8 434.4 483.4 345.1 432.7 404.7 426.7 354.4 726.1 497.0 366.7 525.0 606.7 659.4 399.8 368.7 484.5 742.5 450.0 200.5 449.0 409.6 491.0 441.4 765.1 206.6 736.7 366.7 294.0 136.7 716.9 345.8 718.2 710.7 388.3 495.4 527.4 510.6 379.6 0.0 407.1 455.1 698.9 411.6 456.4 404.0 168.2 435.8 373.8 612.4 462.4 160.5 619.9 401.5 496.5 473.2 444.3 329.8 405.3 496.4 588.0 437.6 753.1 432.9 400.0 520.8 515.4 502.6 192.2 493.5 306.6 429.3 425.1 423.8 214.9 431.9 750.5 318.2 409.9 407.1 475.9 493.0 304.0 624.1 432.0 329.7 166.4 576.2 409.0 741.3 398.0 446.0 341.8 436.8 173.0 180.4 448.5 660.3 388.3 449.4 420.8 410.7 744.1 422.0 701.6 703.2 186.6 405.0
1491.3 196.4 216.6 198.3 183.0 471.6 259.0 457.9 253.3 226.4 441.8 504.9 277.4 319.9 506.1 43.1 361.0 306.8 222.6 336.6 437.1 402.5 380.4 187.1 351.4 340.0 193.6 192.5 314.9 411.6 330.2 152.1 352.2 278.3 656.7 357.9 318.2 271.5 225.0 224.0 516.0 181.9 139.8 244.7 468.2 161.2 432.1 291.9 438.0 363.3 639.3 692.0 228.0 410.2 519.0 472.1 482.6 368.8 158.7 442.2 523.6 199.3 436.3 374.9 442.7 205.0 451.7 305.0 446.5 481.9 447.8 463.1 195.1 341.8 322.3 305.5 412.2 368.9 0.0 487.7 428.5 488.3 489.0 436.6 251.7 468.4 445.1 645.0 495.0 328.8 652.5 434.1 291.4 311.5 239.2 465.9 112.4 334.7 620.6 232.5 470.1 140.0 238.3 359.1 353.7 340.9 360.5 288.4 336.1 461.9 263.4 210.3 383.2 270.2 467.5 350.8 216.7 245.4 508.5 287.9 336.6 656.7 156.2 484.8 334.7 608.8 247.3 470.9 184.5 284.3 418.5 275.1 341.3 348.7 286.8 455.2 473.5 156.5 259.1 439.8 414.3 260.3 431.2 373.4 354.9 476.3
1461.0 526.2 544.6 520.8 496.3 242.6 476.5 228.9 601.3 524.1 212.8 220.5 494.9 258.1 155.6 489.8 301.6 521.6 552.4 390.7 47.6 414.4 392.3 509.6 276.4 431.3 523.4 490.2 253.1 184.4 298.6 481.9 569.7 608.1 306.2 449.2 648.0 601.3 486.2 483.8 165.5 513.2 537.4 572.8 239.2 491.0 408.2 509.4 209.0 693.1 288.8 341.5 567.9 181.2 168.5 424.6 19.2 427.3 498.4 91.7 173.1 490.8 447.2 360.1 418.8 534.8 220.1 363.5 399.0 252.9 400.3 392.8 524.9 663.5 539.8 523.0 127.8 460.2 511.8 0.0 381.0 239.8 138.5 152.2 407.8 184.0 216.1 294.5 144.5 387.3 302.0 50.6 508.9 641.3 456.7 236.9 510.0 664.5 270.1 450.0 435.2 516.1 568.1 688.9 683.5 670.7 414.6 505.9 288.3 22.8 593.2 473.2 368.4 600.0 432.6 289.0 546.5 575.2 158.0 505.4 274.8 306.2 512.0 255.8 295.0 258.3 577.1 423.4 447.4 614.1 189.5 604.9 399.8 283.9 616.6 539.8 244.5 529.4 588.9 155.4 434.6 590.1 383.7 385.3 413.4 247.3
1477.8 368.1 386.5 362.7 338.2 643.3 318.4 629.6 443.2 361.3 613.5 676.6 336.8 491.6 469.6 331.7 185.4 363.5 394.3 508.3 438.3 197.4 228.3 351.5 523.1 511.7 365.3 332.1 486.6 585.1 501.9 323.8 411.6 450.0 513.5 529.6 489.9 443.2 328.1 328.8 471.2 353.6 379.3 414.7 639.9 332.9 158.6 351.3 609.7 535.0 496.1 548.8 409.8 581.9 480.6 68.6 483.8 540.5 340.3 405.7 380.4 332.7 197.6 546.6 169.2 376.7 620.8 476.7 58.3 653.6 129.6 122.1 377.2 513.5 381.7 364.9 583.9 540.6 353.7 488.9 0.0 660.0 452.5 608.3 423.5 640.1 616.8 501.8 458.5 500.5 509.3 435.3 350.8 483.2 298.6 637.6 351.9 506.4 477.4 291.9 185.6 358.0 410.0 530.8 525.4 512.6 532.2 347.8 507.8 463.1 435.1 315.1 554.9 441.9 183.0 522.5 388.4 417.1 418.9 347.3 508.3 513.5 353.9 656.5 506.4 465.6 419.0 152.7 289.3 456.0 590.2 446.8 513.0 520.4 458.5 381.7 636.7 371.3 430.8 611.5 186.8 432.0 43.0 201.3 526.6 648.0
1516.7 621.6 641.8 616.2 591.7 174.9 571.9 161.2 678.5 619.5 160.3 20.4 590.3 277.5 251.0 564.0 397.0 619.7 647.8 323.0 182.0 509.8 487.7 605.0 208.7 363.6 618.8 585.6 272.5 114.9 230.9 577.3 665.1 703.5 401.6 381.5 743.4 696.7 583.3 582.3 260.9 607.1 632.8 669.9 186.7 586.4 503.6 604.8 141.3 788.5 384.2 436.9 653.2 128.7 263.9 520.0 227.5 359.6 593.8 187.1 268.5 586.2 542.6 292.4 514.2 630.2 155.0 295.8 494.4 185.2 495.7 511.0 620.3 767.0 635.2 618.4 121.8 392.5 607.2 232.6 476.4 0.0 233.9 101.8 340.0 68.5 148.4 389.9 239.9 319.6 397.4 179.0 604.3 736.7 552.1 169.2 605.4 759.9 365.5 545.4 530.6 611.5 663.5 784.3 778.9 766.1 346.9 601.3 224.0 206.8 688.6 568.6 300.7 695.4 528.0 290.4 641.9 670.6 253.4 600.8 276.2 401.6 624.5 188.1 227.3 353.7 672.5 518.8 542.8 709.5 66.0 700.3 332.1 216.2 712.0 635.2 14.0 624.8 684.3 149.4 521.6 685.5 479.1 480.7 345.7 179.6
1450.3 515.5 533.9 510.1 485.6 229.6 465.8 215.9 590.6 513.4 199.8 207.5 484.2 245.1 19.7 457.9 290.9 513.6 541.7 377.7 93.6 403.7 381.6 498.9 263.4 418.3 512.7 479.5 240.1 169.6 285.6 471.2 559.0 597.4 295.5 436.2 637.3 590.6 475.5 473.1 46.3 512.2 526.7 562.1 226.2 480.3 397.5 498.7 196.0 682.4 278.1 330.8 557.2 168.2 32.6 413.9 139.1 414.3 487.7 44.9 162.4 480.1 436.5 347.1 408.1 524.1 207.1 350.5 388.3 239.9 389.6 382.1 514.2 652.8 529.1 512.3 114.8 447.2 501.1 144.2 370.3 226.8 0.0 139.2 394.8 171.0 203.1 283.8 5.9 374.3 291.3 90.6 498.2 630.6 446.0 223.9 499.3 653.8 259.4 439.3 424.5 505.4 557.4 678.2 672.8 660.0 401.6 495.2 275.3 118.4 582.5 462.5 355.4 589.3 421.9 276.0 535.8 564.5 147.3 494.7 261.8 295.5 501.3 242.8 282.0 247.6 566.4 412.7 436.7 603.4 176.5 594.2 386.8 270.9 605.9 529.1 223.0 518.7 578.2 145.9 423.9 579.4 373.0 374.6 400.4 234.3
1454.5 519.7 539.9 514.3 489.8 190.0 470.0 176.3 576.6 517.6 160.2 68.2 488.4 205.5 149.1 462.1 295.1 517.8 545.9 338.1 80.1 407.9 385.8 503.1 223.8 378.7 516.9 483.7 200.5 130.0 246.0 475.4 563.2 601.6 299.7 396.6 641.5 594.8 481.4 480.4 159.0 505.2 530.9 568.0 186.6 484.5 401.7 502.9 156.4 686.6 282.3 335.0 551.3 128.6 162.0 418.1 125.6 374.7 491.9 85.2 166.6 484.3 440.7 307.5 412.3 528.3 170.1 310.9 392.5 200.3 393.8 409.1 518.4 665.1 533.3 516.5 19.9 407.6 505.3 130.7 374.5 87.5 132.0 0.0 355.1 31.8 163.5 288.0 138.0 334.7 295.5 77.1 502.4 634.8 450.2 184.3 503.5 658.0 263.6 443.5 428.7 509.6 561.6 682.4 677.0 664.2 362.0 499.4 221.7 104.9 586.7 466.7 315.8 593.5 426.1 236.4 540.0 568.7 151.5 498.9 222.2 299.7 522.6 203.2 242.4 251.8 570.6 416.9 440.9 607.6 153.6 598.4 347.2 231.3 610.1 533.3 101.6 522.9 582.4 47.5 419.7 583.6 377.2 378.8 360.8 194.7
1447.5 261.5 248.4 343.3 318.8 272.1 336.0 297.2 305.1 346.6 281.1 344.2 354.4 159.2 345.4 257.0 438.0 381.1 256.2 104.9 276.4 604.2 582.1 332.1 190.7 108.3 258.7 312.7 154.2 250.9 98.5 217.2 429.2 311.9 496.0 126.2 351.8 305.1 310.4 309.4 355.3 226.7 304.6 276.6 307.5 226.3 598.0 368.9 277.3 396.9 478.6 531.3 271.7 249.5 356.4 614.4 321.9 137.1 320.9 281.5 362.9 306.8 637.0 143.2 609.0 238.6 230.6 73.3 588.8 282.4 590.1 582.6 260.2 367.3 399.3 382.5 251.5 137.2 279.0 327.0 570.8 327.6 328.3 275.9 0.0 307.7 284.4 484.3 334.3 97.1 491.8 273.4 368.4 345.1 316.2 266.4 277.2 368.3 459.9 309.5 625.0 304.8 271.9 392.7 387.3 374.5 128.8 365.4 178.8 301.2 297.0 295.7 151.5 303.8 622.4 190.1 281.8 279.0 347.8 364.9 175.9 496.0 303.9 266.3 103.0 448.1 280.9 613.2 269.9 317.9 257.8 308.7 109.6 117.0 320.4 532.2 312.8 321.3 292.7 282.6 616.0 293.9 573.5 575.1 123.2 315.6
1487.8 553.0 573.2 547.6 523.1 230.7 503.3 217.0 609.9 550.9 216.1 36.4 521.7 238.8 182.4 495.4 328.4 551.1 579.2 378.8 113.4 441.2 419.1 536.4 264.5 419.4 550.2 517.0 233.8 170.7 286.7 508.7 596.5 634.9 333.0 437.3 674.8 628.1 514.7 513.7 192.3 538.5 564.2 601.3 242.5 517.8 435.0 536.2 197.1 719.9 315.6 368.3 584.6 184.5 195.3 451.4 158.9 415.4 525.2 118.5 199.9 517.6 474.0 348.2 445.6 561.6 210.8 351.6 425.8 241.0 427.1 442.4 551.7 698.4 566.6 549.8 53.2 448.3 538.6 164.0 407.8 55.7 165.3 33.3 395.8 0.0 204.2 321.3 171.3 375.4 328.8 110.4 535.7 668.1 483.5 225.0 536.8 691.3 296.9 476.8 462.0 542.9 594.9 715.7 710.3 697.5 402.7 532.7 279.8 138.2 620.0 500.0 356.5 626.8 459.4 269.7 573.3 602.0 184.8 532.2 255.5 333.0 555.9 243.9 283.1 285.1 603.9 450.2 474.2 640.9 121.8 631.7 387.9 272.0 643.4 566.6 69.8 556.2 615.7 80.8 453.0 616.9 410.5 412.1 401.5 235.4
1485.6 591.4 609.8 586.0 561.5 109.2 541.7 12.7 666.5 584.6 129.2 160.9 560.1 211.8 220.8 555.0 366.8 586.8 617.6 257.3 151.8 479.6 457.5 574.8 143.0 297.9 588.6 555.4 206.8 22.6 165.2 547.1 634.9 673.3 371.4 315.8 713.2 666.5 553.1 552.1 222.4 576.9 602.6 638.0 155.6 556.2 473.4 574.6 5.0 758.3 354.0 406.7 633.1 97.6 233.7 489.8 197.3 293.9 563.6 156.9 238.3 556.0 512.4 226.7 484.0 600.0 86.7 230.1 464.2 119.5 465.5 458.0 600.5 736.8 605.0 588.2 126.9 326.8 577.0 202.4 446.2 140.5 203.7 151.3 274.4 183.1 0.0 359.7 209.7 253.9 367.2 148.8 574.1 706.5 521.9 103.5 575.2 729.7 335.3 515.2 500.4 581.3 633.3 754.1 748.7 735.9 281.2 571.1 154.9 176.6 658.4 538.4 235.0 665.2 497.8 224.7 611.7 640.4 223.2 570.6 210.5 371.4 577.2 122.4 161.6 323.5 642.3 488.6 512.6 679.3 70.7 670.1 266.4 150.5 681.8 605.0 117.2 594.6 654.1 154.5 491.4 655.3 448.9 450.5 280.0 31.1
1481.5 546.7 565.1 541.3 516.8 415.9 497.0 402.2 621.8 544.6 386.1 393.8 515.4 431.4 311.2 489.1 322.1 544.8 572.9 564.0 279.9 434.9 412.8 530.1 449.7 690.3 543.9 510.7 426.4 355.9 471.9 502.4 590.2 628.6 105.2 708.2 668.5 621.8 506.7 504.3 312.8 528.1 557.9 593.3 412.5 511.5 428.7 529.9 382.3 713.6 87.8 158.1 588.4 354.5 322.2 445.1 325.4 600.6 518.9 247.3 137.0 504.8 467.7 533.4 439.7 555.3 393.4 536.8 419.5 426.2 420.8 413.3 545.4 684.0 560.3 543.5 301.1 719.2 532.3 330.5 401.5 413.1 294.1 325.5 602.1 357.3 389.4 0.0 300.1 560.6 127.8 276.9 529.4 661.8 477.2 410.2 530.5 685.0 69.1 470.5 455.7 536.6 588.6 709.4 704.0 691.2 587.9 526.4 461.6 304.7 613.7 493.7 541.7 620.5 453.1 462.3 567.0 595.7 178.5 525.9 448.1 105.2 532.5 429.1 468.3 167.9 597.6 443.9 467.9 634.6 362.8 625.4 573.1 457.2 637.1 560.3 417.8 549.9 609.4 328.7 446.7 610.6 404.2 405.8 586.7 420.6
1454.6 519.8 538.2 514.4 489.9 233.9 470.1 220.2 594.9 513.0 204.1 211.8 488.5 249.4 24.0 483.4 295.2 515.2 546.0 382.0 97.9 408.0 385.9 503.2 267.7 422.6 517.0 483.8 244.4 173.9 289.9 475.5 563.3 601.7 299.8 440.5 641.6 594.9 481.5 480.5 58.9 505.3 531.0 566.4 230.5 484.6 401.8 503.0 200.3 686.7 282.4 335.1 561.5 172.5 35.0 418.2 143.4 418.6 492.0 49.2 166.7 484.4 440.8 351.4 412.8 528.4 211.4 354.8 392.6 244.2 393.9 386.4 528.9 665.2 533.4 516.6 119.1 451.5 505.4 148.5 374.6 231.1 4.3 143.5 399.1 175.3 207.4 288.1 0.0 378.6 295.6 94.9 502.5 634.9 450.3 228.2 503.6 658.1 263.7 443.6 428.8 509.7 561.7 682.5 677.1 664.3 405.9 499.5 265.6 122.7 586.8 466.8 359.7 593.6 426.2 280.3 540.1 568.8 151.6 499.0 266.1 299.8 505.6 247.1 286.3 251.9 570.7 417.0 441.0 607.7 180.8 598.5 391.1 275.2 610.2 533.4 235.8 523.0 582.5 146.7 419.8 583.7 377.3 378.9 404.7 238.6
1510.3 324.3 313.0 406.1 381.6 237.4 398.8 288.5 349.7 409.4 302.2 333.9 417.2 222.0 393.8 298.6 500.8 446.6 319.0 85.8 324.8 652.6 630.5 394.9 196.6 126.4 321.5 375.5 217.0 242.2 63.8 280.0 492.0 374.7 544.4 144.3 414.6 367.9 373.2 372.2 403.7 278.3 367.4 341.1 328.6 289.1 646.4 431.7 268.6 459.7 527.0 579.7 324.4 270.6 406.7 662.8 370.3 40.0 383.7 329.9 411.3 376.1 685.4 108.5 657.0 301.4 198.5 20.1 637.2 247.7 638.5 653.8 323.0 438.2 462.1 445.3 299.9 155.3 341.8 375.4 619.2 313.5 376.7 324.3 102.8 356.1 275.7 532.7 382.7 0.0 540.2 321.8 431.2 407.9 379.0 231.7 340.0 431.1 508.3 372.3 673.4 367.6 334.7 455.5 450.1 437.3 109.7 428.2 211.9 349.6 359.8 358.5 116.8 366.6 670.8 252.9 344.6 341.8 396.2 427.7 238.7 544.4 383.8 231.6 68.3 496.5 343.7 661.6 332.7 380.7 243.7 371.5 12.5 82.3 383.2 595.0 298.7 384.1 355.5 327.5 664.4 356.7 621.9 623.5 26.1 306.9
1482.8 548.0 568.2 542.6 518.1 417.2 498.3 403.5 604.9 545.9 387.4 395.1 516.7 432.7 312.5 490.4 323.4 546.1 574.2 565.3 281.2 436.2 414.1 531.4 451.0 691.6 545.2 512.0 427.7 357.2 473.2 503.7 591.5 629.9 163.3 709.5 669.8 623.1 509.7 508.7 322.4 533.5 559.2 596.3 413.8 512.8 430.0 531.2 383.6 714.9 145.9 112.2 579.6 355.8 325.4 446.4 326.7 601.9 520.2 248.6 138.3 512.6 469.0 534.7 440.6 556.6 397.3 538.1 420.8 427.5 422.1 437.4 546.7 693.4 561.6 544.8 302.4 720.5 533.6 331.8 402.8 414.4 295.4 326.8 603.3 358.6 390.7 151.6 301.4 561.9 0.0 278.2 530.7 663.1 478.5 411.5 531.8 686.3 123.6 471.8 457.0 537.9 589.9 710.7 705.3 692.5 589.2 527.7 448.9 306.0 615.0 495.0 543.0 621.8 454.4 463.6 568.3 597.0 179.8 527.2 449.4 135.3 550.9 430.4 469.6 169.2 598.9 445.2 469.2 635.9 364.1 626.7 574.4 458.5 638.4 561.6 419.1 551.2 610.7 330.0 448.0 611.9 405.5 407.1 588.0 421.9
1417.4 482.6 501.0 477.2 452.7 199.0 432.9 185.3 557.7 480.5 169.2 176.9 451.3 214.5 112.0 425.0 258.0 480.7 508.8 347.1 3.0 370.8 348.7 466.0 232.8 387.7 479.8 446.6 209.5 139.0 255.0 438.3 526.1 564.5 262.6 405.6 604.4 557.7 442.6 440.2 121.9 464.0 493.8 529.2 195.6 447.4 364.6 465.8 165.4 649.5 245.2 297.9 524.3 137.6 123.0 381.0 48.4 383.7 454.8 48.1 129.5 440.7 403.6 316.5 375.6 491.2 176.5 319.9 355.4 209.3 356.7 349.2 481.3 619.9 496.2 479.4 84.2 416.6 468.2 49.8 337.4 196.2 94.9 108.6 364.2 140.4 172.5 250.9 100.9 343.7 258.4 0.0 465.3 597.7 413.1 193.3 466.4 620.9 226.5 406.4 391.6 472.5 524.5 645.3 639.9 627.1 371.0 462.3 244.7 27.7 549.6 429.6 324.8 556.4 389.0 245.4 502.9 531.6 114.4 461.8 231.2 262.6 468.4 212.2 251.4 214.7 533.5 379.8 403.8 570.5 145.9 561.3 356.2 240.3 573.0 496.2 200.9 485.8 545.3 115.3 382.6 546.5 340.1 341.7 369.8 203.7
1542.3 261.5 281.7 256.1 231.6 536.7 107.1 523.0 336.6 259.4 506.9 570.0 29.3 385.0 571.2 225.1 249.9 106.0 287.7 401.7 502.2 291.4 269.3 244.9 416.5 405.1 258.7 225.5 380.0 476.7 395.3 217.2 123.7 343.4 578.0 423.0 383.3 336.6 221.5 219.1 572.8 248.5 272.7 308.1 533.3 226.3 321.0 43.8 503.1 428.4 560.6 613.3 303.2 475.3 584.1 361.0 547.7 433.9 233.7 507.3 444.9 226.1 325.2 440.0 331.6 270.1 514.2 370.1 335.4 547.0 336.7 329.2 260.2 398.8 74.2 57.4 477.3 434.0 247.1 552.8 317.4 553.4 554.1 501.7 316.9 533.5 510.2 566.3 560.1 393.9 573.8 499.2 0.0 376.6 58.8 531.0 245.3 399.8 541.9 104.8 359.0 251.4 303.4 424.2 418.8 406.0 425.6 89.9 401.2 527.0 328.5 208.5 448.3 335.3 356.4 415.9 281.8 310.5 483.4 39.8 401.7 578.0 247.3 549.9 399.8 530.1 312.4 359.8 182.7 349.4 483.6 340.2 406.4 413.8 351.9 344.1 538.6 264.7 324.2 504.9 311.6 325.4 320.1 262.3 420.0 541.4
1501.0 159.5 156.6 339.4 314.9 481.3 332.1 467.6 160.8 342.7 451.5 514.6 350.5 329.6 515.8 231.9 434.1 379.9 94.1 346.3 446.8 475.6 453.5 328.2 361.1 349.7 153.4 308.8 324.6 421.3 339.9 141.9 425.3 174.6 666.4 367.6 145.4 125.1 306.5 305.5 525.7 121.9 300.7 116.2 477.9 131.8 505.2 365.0 447.7 190.5 649.0 701.7 99.5 419.9 528.7 545.2 492.3 378.5 317.0 451.9 533.3 309.4 509.4 384.6 515.8 75.8 461.4 314.7 519.6 491.6 520.9 536.2 154.9 169.0 395.4 378.6 421.9 378.6 275.1 497.4 501.6 498.0 498.7 446.3 261.4 478.1 454.8 654.7 504.7 338.5 662.2 443.8 364.5 0.0 312.3 475.6 273.3 161.9 630.3 305.6 543.2 300.9 161.0 186.3 180.9 168.1 370.2 361.5 345.8 471.6 133.2 291.8 392.9 107.6 540.6 360.5 176.5 82.8 518.2 361.0 346.3 666.4 317.1 494.5 344.4 618.5 81.7 544.0 266.0 78.1 428.2 108.2 351.0 358.4 15.9 528.3 483.2 317.4 147.2 449.5 487.4 94.7 504.3 446.5 364.6 486.0
1483.4 202.6 222.8 197.2 172.7 477.8 48.2 464.1 259.5 200.5 448.0 511.1 38.1 326.1 512.3 145.0 191.0 96.0 228.8 342.8 443.3 232.5 210.4 186.0 357.6 346.2 199.8 166.6 321.1 417.8 336.4 158.3 132.5 284.5 519.1 364.1 324.4 277.7 164.3 163.3 522.2 188.1 213.8 250.9 474.4 167.4 262.1 52.6 444.2 369.5 501.7 554.4 234.2 416.4 525.2 302.1 488.8 375.0 174.8 448.4 386.0 167.2 266.3 381.1 272.7 211.2 457.9 311.2 276.5 488.1 277.8 293.1 201.3 348.0 83.0 66.2 418.4 375.1 188.2 493.9 258.5 494.5 495.2 442.8 257.9 474.6 451.3 507.4 501.2 335.0 514.9 440.3 52.1 317.7 0.0 472.1 186.4 340.9 483.0 45.9 300.1 192.5 244.5 365.3 359.9 347.1 366.7 49.1 342.3 468.1 269.6 149.6 389.4 276.4 297.5 357.0 222.9 251.6 424.5 48.6 342.8 519.1 205.5 491.0 340.9 471.2 253.5 300.9 123.8 290.5 424.7 281.3 347.5 354.9 293.0 285.2 479.7 205.8 265.3 446.0 244.3 266.5 261.2 203.4 361.1 482.5
1491.7 597.5 464.0 592.1 567.6 31.7 547.8 121.6 520.7 595.4 135.3 167.0 566.2 193.1 226.9 561.1 372.9 592.9 471.8 238.6 157.9 485.7 463.6 580.9 124.3 279.2 594.7 561.5 188.1 75.3 146.5 553.2 641.0 527.5 377.5 297.1 567.4 520.7 557.5 555.1 236.8 432.6 608.7 492.2 161.7 562.3 479.5 580.7 101.7 612.5 360.1 412.8 487.3 103.7 237.9 495.9 203.4 275.2 569.7 163.0 244.4 562.1 518.5 208.0 490.1 454.2 68.0 211.4 470.3 15.9 471.6 464.1 596.2 582.9 611.1 594.3 133.0 308.1 583.1 208.5 452.3 146.6 209.8 157.4 255.7 189.2 108.8 365.8 215.8 235.2 373.3 154.9 580.2 560.7 528.0 0.0 581.3 583.9 341.4 521.3 506.5 587.4 487.5 608.3 602.9 590.1 262.5 577.2 136.2 182.7 512.6 544.5 216.3 519.4 503.9 206.0 617.8 494.6 229.3 576.7 191.8 377.5 583.3 103.7 142.9 329.6 496.5 494.7 518.7 533.5 76.8 524.3 247.7 131.8 536.0 611.1 123.3 600.7 508.3 160.6 497.5 509.5 455.0 456.6 261.3 140.0
1480.0 185.1 203.5 140.9 125.6 460.3 247.7 446.6 260.2 169.0 430.5 493.6 266.1 308.6 494.8 100.9 349.7 292.8 211.3 325.3 425.8 391.2 369.1 129.7 340.1 328.7 182.3 135.1 303.6 400.3 318.9 140.8 340.9 267.0 645.4 346.6 306.9 260.2 165.9 163.5 504.7 170.6 51.7 231.7 456.9 149.9 420.8 280.6 426.7 352.0 628.0 680.7 226.8 398.9 505.8 460.8 471.3 357.5 101.3 430.9 512.3 141.9 425.0 363.6 431.8 193.7 437.8 293.7 435.2 470.6 436.5 429.0 194.2 330.5 311.0 294.2 400.9 357.6 122.9 476.4 417.2 477.0 477.7 425.3 240.5 457.1 433.8 633.7 483.7 317.5 641.2 422.8 280.1 300.2 227.9 454.6 0.0 323.4 609.3 221.2 458.8 22.9 227.0 347.8 342.4 329.6 349.2 277.1 328.2 450.6 252.1 152.9 371.9 258.9 456.2 339.5 205.4 234.1 497.2 276.6 325.3 645.4 89.2 473.5 323.4 597.5 236.0 459.6 127.1 273.0 407.2 263.8 330.0 337.4 275.5 443.9 453.7 106.6 247.8 432.0 403.0 249.0 419.9 362.1 343.6 465.0
1553.5 230.0 107.6 391.9 367.4 533.8 384.6 520.1 110.9 395.2 504.0 567.1 403.0 382.1 568.3 284.4 486.6 432.4 179.8 398.8 499.3 528.1 506.0 380.7 413.6 402.2 163.9 361.3 377.1 473.8 392.4 211.5 477.8 124.7 718.9 420.1 15.2 210.8 359.0 358.0 578.2 142.1 353.2 201.9 530.4 201.4 557.7 417.5 500.2 77.6 701.5 754.2 185.2 472.4 581.2 597.7 544.8 431.0 369.5 504.4 585.8 361.9 561.9 437.1 568.3 161.5 513.9 367.2 572.1 544.1 573.4 588.7 162.1 56.1 447.9 431.1 474.4 431.1 327.6 549.9 554.1 550.5 551.2 498.8 313.9 530.6 507.3 707.2 557.2 391.0 714.7 496.3 417.0 171.0 364.8 528.1 325.8 0.0 682.8 358.1 595.7 353.4 125.9 73.4 36.0 23.2 422.7 414.0 398.3 524.1 218.9 344.3 445.4 90.9 593.1 413.0 136.5 115.7 570.7 413.5 398.8 718.9 369.6 547.0 396.9 671.0 167.4 596.5 318.5 72.5 480.7 58.3 403.5 410.9 146.3 580.8 535.7 369.9 97.3 502.0 539.9 180.4 556.8 499.0 417.1 538.5
1455.9 521.1 539.5 515.7 491.2 390.3 471.4 376.6 596.2 514.3 360.5 368.2 489.8 405.8 285.6 484.7 296.5 516.5 547.3 538.4 254.3 409.3 387.2 504.5 424.1 664.7 518.3 485.1 400.8 330.3 446.3 476.8 564.6 603.0 63.0 682.6 642.9 596.2 481.1 481.8 287.2 506.6 532.3 567.7 386.9 485.9 403.1 504.3 356.7 688.0 45.6 88.9 562.8 328.9 296.6 419.5 299.8 575.0 493.3 221.7 111.4 485.7 442.1 507.8 413.7 529.7 367.8 511.2 393.9 400.6 395.2 387.7 530.2 666.5 534.7 517.9 275.5 693.6 506.7 304.9 375.9 387.5 268.5 299.9 576.5 331.7 363.8 87.9 274.5 535.0 102.2 251.3 503.8 636.2 451.6 384.6 504.9 659.4 0.0 444.9 430.1 511.0 563.0 683.8 678.4 665.6 562.3 500.8 436.0 279.1 588.1 468.1 516.1 594.9 427.5 436.7 541.4 570.1 152.9 500.3 422.5 36.0 506.9 403.5 442.7 142.3 572.0 418.3 442.3 609.0 337.2 599.8 547.5 431.6 611.5 534.7 392.2 524.3 583.8 306.6 421.1 585.0 378.6 380.2 561.1 395.0
1476.7 195.9 216.1 190.5 166.0 471.1 85.7 457.4 271.0 193.8 441.3 504.4 104.1 319.4 505.6 138.3 184.3 130.8 222.1 336.1 436.6 225.8 203.7 179.3 350.9 339.5 193.1 159.9 314.4 411.1 329.7 151.6 178.9 277.8 512.4 357.4 317.7 271.0 155.9 153.5 515.5 192.6 207.1 242.5 467.7 160.7 255.4 118.6 437.5 362.8 495.0 547.7 237.6 409.7 516.6 295.4 482.1 368.3 168.1 441.7 379.3 160.5 259.6 374.4 266.0 204.5 448.6 304.5 269.8 481.4 271.1 263.6 194.6 333.2 149.0 132.2 411.7 368.4 181.5 487.2 251.8 487.8 488.5 436.1 251.3 467.9 444.6 500.7 494.5 328.3 508.2 433.6 118.1 311.0 65.9 465.4 179.7 334.2 476.3 0.0 293.4 185.8 237.8 358.6 353.2 340.4 360.0 115.1 339.0 461.4 262.9 142.9 382.7 269.7 290.8 350.3 216.2 244.9 417.8 114.6 336.1 512.4 181.7 484.3 334.2 464.5 246.8 294.2 117.1 283.8 418.0 274.6 340.8 348.2 286.3 278.5 464.5 199.1 258.6 442.8 237.6 259.8 254.5 196.7 354.4 475.8
1466.6 356.9 377.1 351.5 327.0 632.1 307.2 618.4 413.8 354.8 602.3 665.4 325.6 480.4 458.4 299.3 174.2 355.0 383.1 497.1 427.1 177.0 207.9 340.3 511.9 500.5 354.1 320.9 475.4 572.1 490.7 312.6 400.4 438.8 502.3 518.4 478.7 432.0 318.6 317.6 468.3 342.4 368.1 405.2 628.7 321.7 138.2 340.1 598.5 523.8 484.9 537.6 388.5 570.7 471.3 190.3 472.6 529.3 329.1 394.5 369.2 321.5 177.2 535.4 148.8 365.5 612.2 465.5 164.7 642.4 166.0 181.3 355.6 502.3 370.5 353.7 572.7 529.4 342.5 477.7 146.7 648.8 441.3 597.1 412.2 628.9 605.6 490.6 447.3 489.3 498.1 424.1 339.6 472.0 287.4 626.4 340.7 495.2 466.2 280.7 0.0 346.8 398.8 519.6 514.2 501.4 521.0 336.6 496.6 451.9 423.9 303.9 543.7 430.7 78.8 511.3 377.2 405.9 407.7 336.1 497.1 502.3 359.8 645.3 495.2 454.4 407.8 189.1 278.1 444.8 579.0 435.6 501.8 509.2 447.3 370.5 634.0 360.1 419.6 600.3 174.8 420.8 149.4 180.9 515.4 636.8
1523.7 228.8 249.0 117.9 102.6 504.0 246.3 490.3 303.9 146.0 474.2 537.3 264.7 352.3 538.5 144.6 348.3 291.4 255.0 369.0 469.5 389.8 367.7 106.7 383.8 372.4 226.0 112.1 347.3 444.0 362.6 184.5 339.5 310.7 689.1 390.3 350.6 303.9 144.6 140.5 548.4 225.5 52.0 275.4 500.6 193.6 419.4 279.2 470.4 395.7 671.7 724.4 270.5 442.6 549.5 459.4 515.0 401.2 78.3 474.6 556.0 112.4 423.6 407.3 430.4 237.4 481.5 337.4 433.8 514.3 435.1 427.6 227.5 366.1 309.6 292.8 444.6 401.3 166.6 520.1 415.8 520.7 521.4 469.0 284.2 500.8 477.5 677.4 527.4 361.2 684.9 466.5 278.7 343.9 226.5 498.3 28.7 367.1 653.0 219.8 457.4 0.0 270.7 391.5 386.1 373.3 392.9 275.7 368.5 494.3 295.8 129.9 415.6 302.6 454.8 383.2 249.1 277.8 540.9 275.2 369.0 689.1 75.5 517.2 367.1 641.2 279.7 458.2 104.1 316.7 450.9 307.5 373.7 381.1 319.2 442.5 505.9 92.9 291.5 472.2 401.6 292.7 418.5 360.7 387.3 508.7
1459.3 135.8 49.4 297.7 273.2 439.6 290.4 425.9 33.1 296.3 409.8 472.9 308.8 287.9 474.1 211.4 392.4 338.2 95.7 304.6 405.1 433.9 411.8 286.5 319.4 308.0 120.7 267.1 282.9 379.6 298.2 118.2 383.6 91.6 624.7 325.9 112.8 141.4 264.8 260.7 475.7 52.1 259.0 116.1 436.2 108.1 463.5 323.3 406.0 157.9 607.3 660.0 111.2 378.2 485.1 503.5 450.6 336.8 275.3 410.2 491.6 267.7 467.7 342.9 474.5 78.1 417.1 273.0 477.9 449.9 479.2 471.7 106.6 136.4 353.7 336.9 380.2 336.9 233.4 455.7 459.9 456.3 457.0 404.6 219.8 436.4 413.1 613.0 463.0 296.8 620.5 402.1 322.8 180.2 270.6 433.9 231.6 129.3 588.6 263.9 501.5 259.2 0.0 153.7 148.3 135.5 328.5 319.8 304.1 429.9 136.5 250.1 351.2 104.8 498.9 318.8 93.3 114.1 476.5 319.3 304.6 624.7 258.3 452.8 302.7 576.8 98.0 502.3 224.3 109.8 386.5 69.7 309.3 316.7 155.5 486.6 441.5 275.7 20.7 411.3 445.7 111.0 462.6 404.8 322.9 444.3
1551.3 227.8 105.4 389.7 365.2 531.6 382.4 517.9 108.7 393.0 501.8 564.9 400.8 379.9 566.1 282.2 484.4 430.2 177.6 396.6 497.1 525.9 503.8 378.5 411.4 400.0 161.7 359.1 374.9 471.6 390.2 209.3 475.6 122.5 716.7 417.9 50.3 208.6 356.8 355.8 576.0 139.9 351.0 199.7 528.2 199.2 555.5 415.3 498.0 4.2 699.3 752.0 183.0 470.2 579.0 595.5 542.6 428.8 367.3 502.2 583.6 359.7 559.7 434.9 566.1 159.3 511.7 365.0 569.9 541.9 571.2 586.5 159.9 9.6 445.7 428.9 472.2 428.9 325.4 547.7 551.9 548.3 549.0 496.6 311.7 528.4 505.1 705.0 555.0 388.8 712.5 494.1 414.8 168.8 362.6 525.9 323.6 66.8 680.6 355.9 593.5 351.2 123.7 0.0 85.8 73.0 420.5 411.8 396.1 521.9 216.7 342.1 443.2 88.7 590.9 410.8 134.3 113.5 568.5 411.3 396.6 716.7 367.4 544.8 394.7 668.8 165.2 594.3 316.3 70.3 478.5 56.1 401.3 408.7 144.1 578.6 533.5 367.7 95.1 499.8 537.7 178.2 554.6 496.8 414.9 536.3
1565.3 241.8 119.4 403.7 379.2 545.6 396.4 531.9 122.7 407.0 515.8 578.9 414.8 393.9 580.1 296.2 498.4 444.2 191.6 410.6 511.1 539.9 517.8 392.5 425.4 414.0 175.7 373.1 388.9 485.6 404.2 223.3 489.6 136.5 730.7 431.9 27.0 222.6 370.8 369.8 590.0 153.9 365.0 213.7 542.2 213.2 569.5 429.3 512.0 89.4 713.3 766.0 197.0 484.2 593.0 609.5 556.6 442.8 381.3 516.2 597.6 373.7 573.7 448.9 580.1 173.3 525.7 379.0 583.9 555.9 585.2 600.5 173.9 67.9 459.7 442.9 486.2 442.9 339.4 561.7 565.9 562.3 563.0 510.6 325.7 542.4 519.1 719.0 569.0 402.8 726.5 508.1 428.8 182.8 376.6 539.9 337.6 48.8 694.6 369.9 607.5 365.2 137.7 85.2 0.0 13.8 434.5 425.8 410.1 535.9 230.7 356.1 457.2 102.7 604.9 424.8 148.3 127.5 582.5 425.3 410.6 730.7 381.4 558.8 408.7 682.8 179.2 608.3 330.3 84.3 492.5 70.1 415.3 422.7 158.1 592.6 547.5 381.7 109.1 513.8 551.7 192.2 568.6 510.8 428.9 550.3
1551.4 227.9 105.5 389.8 365.3 531.7 382.5 518.0 108.8 393.1 501.9 565.0 400.9 380.0 566.2 282.3 484.5 430.3 177.7 396.7 497.2 526.0 503.9 378.6 411.5 400.1 161.8 359.2 375.0 471.7 390.3 209.4 475.7 122.6 716.8 418.0 13.1 208.7 356.9 355.9 576.1 140.0 351.1 199.8 528.3 199.3 555.6 415.4 498.1 75.5 699.4 752.1 183.1 470.3 579.1 595.6 542.7 428.9 367.4 502.3 583.7 359.8 559.8 435.0 566.2 159.4 511.8 365.1 570.0 542.0 571.3 586.6 160.0 54.0 445.8 429.0 472.3 429.0 325.5 547.8 552.0 548.4 549.1 496.7 311.8 528.5 505.2 705.1 555.1 388.9 712.6 494.2 414.9 168.9 362.7 526.0 323.7 34.9 680.7 356.0 593.6 351.3 123.8 71.3 12.8 0.0 420.6 411.9 396.2 522.0 216.8 342.2 443.3 88.8 591.0 410.9 134.4 113.6 568.6 411.4 396.7 716.8 367.5 544.9 394.8 668.9 165.3 594.4 316.4 70.4 478.6 56.2 401.4 408.8 144.2 578.7 533.6 367.8 95.2 499.9 537.8 178.3 554.7 496.9 415.0 536.4
1516.4 330.4 319.1 412.2 387.7 279.1 404.9 330.2 355.8 415.5 343.9 375.6 423.3 228.1 414.3 304.7 506.9 452.7 325.1 23.8 345.3 673.1 651.0 401.0 238.3 132.5 327.6 381.6 223.1 283.9 105.5 286.1 498.1 380.8 564.9 150.4 420.7 374.0 379.3 378.3 424.2 284.4 373.5 347.2 370.3 295.2 666.9 437.8 310.3 465.8 547.5 600.2 330.5 312.3 427.2 683.3 390.8 144.1 389.8 350.4 431.8 382.2 705.9 150.2 677.5 307.5 240.2 80.3 657.7 289.4 659.0 674.3 329.1 444.3 468.2 451.4 320.4 161.4 347.9 395.9 639.7 355.2 397.2 344.8 108.9 376.6 317.4 553.2 403.2 104.1 560.7 342.3 437.3 414.0 385.1 273.4 346.1 437.2 528.8 378.4 693.9 373.7 340.8 461.6 456.2 443.4 0.0 434.3 244.3 370.1 365.9 364.6 158.5 372.7 691.3 259.0 350.7 347.9 416.7 433.8 244.8 564.9 389.9 273.3 110.0 517.0 349.8 682.1 338.8 386.8 285.4 377.6 116.6 124.0 389.3 601.1 340.4 390.2 361.6 348.0 684.9 362.8 642.4 644.0 130.2 348.6
1536.0 255.2 275.4 249.8 225.3 530.4 100.8 516.7 312.1 253.1 500.6 563.7 52.6 378.7 564.9 197.6 243.6 129.3 281.4 395.4 495.9 285.1 263.0 238.6 410.2 398.8 252.4 219.2 373.7 470.4 389.0 210.9 147.0 337.1 571.7 416.7 377.0 330.3 216.9 215.9 574.8 240.7 266.4 303.5 527.0 220.0 314.7 67.1 496.8 422.1 554.3 607.0 286.8 469.0 577.8 354.7 541.4 427.6 227.4 501.0 438.6 219.8 318.9 433.7 325.3 263.8 510.5 363.8 329.1 540.7 330.4 345.7 253.9 400.6 97.5 80.7 471.0 427.7 240.8 546.5 311.1 547.1 547.8 495.4 310.5 527.2 503.9 560.0 553.8 387.6 567.5 492.9 66.6 370.3 52.5 524.7 239.0 393.5 535.6 98.5 352.7 245.1 297.1 417.9 412.5 399.7 419.3 0.0 394.9 520.7 322.2 202.2 442.0 329.0 350.1 409.6 275.5 304.2 477.1 63.1 395.4 571.7 258.1 543.6 393.5 523.8 306.1 353.5 176.4 343.1 477.3 333.9 400.1 407.5 345.6 337.8 532.3 258.4 317.9 498.6 296.9 319.1 313.8 256.0 413.7 535.1
1417.7 336.3 323.2 418.1 393.6 162.3 410.8 211.2 379.9 416.7 195.1 258.2 429.2 53.4 259.4 331.8 408.8 455.9 331.0 215.8 190.4 518.2 496.1 410.3 15.2 256.4 336.9 387.5 48.4 166.7 123.7 292.0 504.0 386.7 410.0 274.3 426.6 379.9 383.5 381.1 261.0 286.2 379.4 354.8 224.9 301.1 512.0 443.7 190.1 475.1 392.6 445.3 346.5 163.5 270.4 528.4 235.9 252.4 395.7 195.5 280.3 381.6 554.4 185.2 523.0 313.4 120.8 188.6 502.8 172.6 504.1 496.6 345.4 442.1 474.1 457.3 165.5 281.9 353.8 241.0 488.2 238.4 245.7 189.9 232.9 221.7 197.2 401.7 248.3 212.4 405.8 187.4 443.2 419.9 391.0 153.2 352.0 443.1 377.3 384.3 539.0 379.6 346.7 467.5 462.1 449.3 239.7 440.2 0.0 215.2 371.8 370.5 193.5 378.6 536.4 66.3 360.0 353.8 265.2 439.7 52.1 410.0 378.7 156.5 120.1 362.1 355.7 530.6 344.7 392.7 168.6 386.9 224.9 109.0 395.2 643.6 215.1 396.1 370.9 196.6 538.4 368.7 487.5 489.1 238.5 229.6
1445.2 510.4 530.6 505.0 480.5 226.8 460.7 213.1 567.3 508.3 197.0 204.7 479.1 242.3 139.8 452.8 285.8 508.5 536.6 374.9 24.7 398.6 376.5 493.8 260.6 415.5 507.6 474.4 237.3 166.8 282.8 466.1 553.9 592.3 290.4 433.4 632.2 585.5 472.1 471.1 149.7 495.9 521.6 558.7 223.4 475.2 392.4 493.6 193.2 677.3 273.0 325.7 542.0 165.4 152.7 408.8 20.6 411.5 482.6 75.9 157.3 475.0 431.4 344.3 403.0 519.0 206.9 347.7 383.2 237.1 384.5 399.8 509.1 655.8 524.0 507.2 112.0 444.4 496.0 32.8 365.2 224.0 122.7 136.4 391.9 168.2 200.3 278.7 128.7 371.5 286.2 27.7 493.1 625.5 440.9 221.1 494.2 648.7 254.3 434.2 419.4 500.3 552.3 673.1 667.7 654.9 398.8 490.1 258.5 0.0 577.4 457.4 352.6 584.2 416.8 273.2 530.7 559.4 142.2 489.6 259.0 290.4 513.3 240.0 279.2 242.5 561.3 407.6 431.6 598.3 173.7 589.1 384.0 268.1 600.8 524.0 228.7 513.6 573.1 139.6 410.4 574.3 367.9 369.5 397.6 231.5
1473.4 131.9 129.0 311.8 287.3 453.7 304.5 440.0 156.0 315.1 423.9 487.0 322.9 302.0 488.2 204.3 406.5 352.3 40.2 318.7 419.2 448.0 425.9 300.6 333.5 322.1 125.8 281.2 297.0 393.7 312.3 114.3 397.7 190.7 638.8 340.0 204.3 8.0 278.9 277.9 498.1 94.3 273.1 18.6 450.3 104.2 477.6 337.4 420.1 249.4 621.4 674.1 34.8 392.3 501.1 517.6 464.7 350.9 289.4 424.3 505.7 281.8 481.8 357.0 488.2 68.9 433.8 287.1 492.0 464.0 493.3 508.6 127.3 227.9 367.8 351.0 394.3 351.0 247.5 469.8 474.0 470.4 471.1 418.7 233.8 450.5 427.2 627.1 477.1 310.9 634.6 416.2 336.9 164.2 284.7 448.0 245.7 220.8 602.7 278.0 515.6 273.3 141.3 245.2 239.8 227.0 342.6 333.9 318.2 444.0 0.0 264.2 365.3 122.9 513.0 332.9 148.9 98.1 490.6 333.4 318.7 638.8 289.5 466.9 316.8 590.9 42.1 516.4 238.4 137.0 400.6 165.5 323.4 330.8 139.5 500.7 455.6 289.8 161.8 421.9 459.8 28.8 476.7 418.9 337.0 458.4
1511.0 216.1 236.3 134.6 110.1 491.3 223.4 477.6 273.0 137.9 461.5 524.6 241.8 339.6 525.8 158.5 325.4 271.2 242.3 356.3 456.8 366.9 344.8 123.4 371.1 359.7 213.3 104.0 334.6 431.3 349.9 171.8 316.6 298.0 676.4 377.6 337.9 291.2 43.7 13.6 535.7 201.6 184.5 264.4 487.9 180.9 396.5 256.3 457.7 383.0 659.0 711.7 247.7 429.9 538.7 436.5 502.3 388.5 112.2 461.9 543.3 104.6 400.7 394.6 407.1 224.7 471.4 324.7 410.9 501.6 412.2 427.5 214.8 361.5 286.7 269.9 431.9 388.6 201.7 507.4 392.9 508.0 508.7 456.3 271.4 488.1 464.8 664.7 514.7 348.5 672.2 453.8 255.8 331.2 203.6 485.6 158.7 354.4 640.3 196.9 434.5 129.9 258.0 378.8 373.4 360.6 380.2 252.8 355.8 481.6 283.1 0.0 402.9 289.9 431.9 370.5 236.4 265.1 528.2 252.3 356.3 676.4 142.9 504.5 354.4 628.5 267.0 435.3 35.7 304.0 438.2 294.8 361.0 368.4 306.5 419.6 493.2 143.2 278.8 459.5 378.7 280.0 395.6 337.8 374.6 496.0
1570.7 384.7 373.4 466.5 442.0 224.5 459.2 275.6 410.1 469.8 289.3 321.0 477.6 252.5 380.9 359.0 526.9 507.0 379.4 146.2 311.9 639.7 617.6 455.3 183.7 186.8 381.9 435.9 247.5 229.3 50.9 340.4 552.4 435.1 531.5 204.7 475.0 428.3 433.6 432.6 390.8 338.7 427.8 401.5 315.7 349.5 633.5 492.1 255.7 520.1 514.1 566.8 384.8 257.7 393.8 649.9 357.4 182.8 444.1 317.0 398.4 436.5 672.5 6.0 644.1 361.8 185.6 119.0 624.3 234.8 625.6 640.9 383.4 498.6 522.5 505.7 287.0 215.7 402.2 362.5 606.3 300.6 363.8 311.4 163.2 343.2 262.8 519.8 369.8 142.8 527.3 308.9 491.6 468.3 439.4 218.8 400.4 491.5 495.4 432.7 660.5 428.0 395.1 515.9 510.5 497.7 170.1 488.6 199.0 336.7 420.2 418.9 0.0 427.0 657.9 265.4 405.0 402.2 383.3 488.1 251.2 531.5 444.2 218.7 55.4 483.6 404.1 648.7 393.1 441.1 230.8 431.9 155.3 69.4 443.6 655.4 285.8 444.5 415.9 314.6 651.5 417.1 609.0 610.6 168.9 294.0
1500.0 158.5 74.3 338.4 313.9 480.3 331.1 466.6 51.6 337.0 450.5 513.6 349.5 328.6 514.8 252.1 433.1 376.2 93.1 345.3 445.8 474.6 452.5 327.2 360.1 348.7 130.6 307.8 323.6 420.3 338.9 140.9 424.3 91.4 665.4 366.6 85.6 124.1 305.5 304.5 524.7 97.3 299.7 113.5 476.9 130.8 504.2 364.0 446.7 130.7 648.0 700.7 108.6 418.9 525.8 544.2 491.3 377.5 316.0 450.9 532.3 308.4 508.4 383.6 514.8 74.8 457.8 313.7 518.6 490.6 519.9 512.4 128.8 101.1 394.4 377.6 420.9 377.6 274.1 496.4 500.6 497.0 497.7 445.3 260.5 477.1 453.8 653.7 503.7 337.5 661.2 442.8 363.5 127.9 311.3 474.6 272.3 102.1 629.3 304.6 542.2 299.9 92.6 126.5 121.1 108.3 369.2 360.5 344.8 470.6 132.2 290.8 391.9 0.0 539.6 359.5 103.2 24.8 517.2 360.0 345.3 665.4 299.0 493.5 343.4 617.5 80.7 543.0 265.0 82.6 427.2 42.5 350.0 357.4 103.2 527.3 473.7 316.4 64.0 448.5 486.4 93.7 503.3 445.5 363.6 485.0
1464.8 355.1 373.5 349.7 325.2 630.3 305.4 616.6 430.2 353.0 600.5 663.6 323.8 478.6 456.6 297.5 172.4 353.2 381.3 495.3 425.3 175.2 206.1 338.5 510.1 498.7 352.3 319.1 473.6 570.3 488.9 310.8 398.6 437.0 500.5 516.6 476.9 430.2 315.1 312.7 458.2 336.5 366.3 401.7 626.9 319.9 136.4 338.3 596.7 522.0 483.1 535.8 396.8 568.9 467.6 188.5 470.8 527.5 327.3 392.7 367.4 313.2 175.4 533.6 147.0 363.7 607.8 463.7 162.9 640.6 164.2 156.7 353.8 500.5 368.7 351.9 570.9 527.6 340.7 475.9 144.9 647.0 439.5 595.3 410.5 627.1 603.8 488.8 445.5 487.5 496.3 422.3 337.8 470.2 285.6 624.6 338.9 493.4 464.4 278.9 59.6 345.0 397.0 517.8 512.4 499.6 519.2 334.8 498.2 450.1 422.1 302.1 541.9 428.9 0.0 509.5 375.4 404.1 405.9 334.3 495.3 500.5 340.9 643.5 493.4 452.6 406.0 187.3 276.3 443.0 577.2 433.8 500.0 507.4 445.5 368.7 632.2 358.3 417.8 602.0 164.6 419.0 147.6 179.1 513.6 635.0
1429.8 348.4 337.1 430.2 405.7 206.1 422.9 223.3 373.8 433.5 207.2 270.3 441.3 65.5 271.5 322.7 417.5 470.7 343.1 259.6 202.5 530.3 508.2 419.0 59.0 300.2 345.6 399.6 60.5 177.0 167.5 304.1 516.1 398.8 422.1 318.1 438.7 392.0 397.3 396.3 281.4 302.4 391.5 365.2 233.6 313.2 524.1 455.8 203.4 483.8 404.7 457.4 348.5 175.6 284.4 540.5 248.0 296.2 407.8 207.6 289.0 400.2 563.1 229.0 534.7 325.5 167.2 232.4 514.9 216.4 516.2 531.5 347.1 462.3 486.2 469.4 177.6 329.1 365.9 253.1 496.9 253.7 254.4 202.0 276.6 233.8 210.5 410.4 260.4 256.2 417.9 199.5 455.3 432.0 403.1 200.4 364.1 455.2 386.0 396.4 551.1 391.7 358.8 479.6 474.2 461.4 283.5 452.3 43.7 227.3 383.9 382.6 237.3 390.7 548.5 0.0 368.7 365.9 273.9 451.8 8.6 422.1 407.9 200.3 163.9 374.2 367.8 539.3 356.8 404.8 183.9 395.6 268.7 152.8 407.3 655.7 238.9 408.2 379.6 205.2 542.1 380.8 499.6 501.2 282.3 241.7
1482.9 110.5 65.2 330.7 306.2 463.2 323.4 449.5 102.5 329.3 433.4 496.5 341.8 311.5 497.7 244.4 425.4 368.5 115.9 328.2 428.7 466.9 444.8 319.5 343.0 331.6 27.3 300.1 306.5 403.2 321.8 74.9 416.6 90.2 648.3 349.5 130.1 164.8 296.1 296.8 507.6 89.1 292.0 136.3 459.8 64.8 496.5 356.3 429.6 175.2 630.9 683.6 131.4 401.8 508.7 536.5 474.2 360.4 308.3 433.8 515.2 300.7 500.7 366.5 507.1 98.3 440.7 296.6 510.9 473.5 512.2 504.7 25.5 153.7 386.7 369.9 403.8 360.5 266.4 479.3 492.9 479.9 480.6 428.2 243.4 460.0 436.7 636.6 486.6 320.4 644.1 425.7 355.8 204.8 303.6 457.5 264.6 146.6 612.2 296.9 534.5 292.2 101.2 171.0 165.6 152.8 352.1 352.8 331.1 453.5 156.7 283.1 374.8 122.1 531.9 342.4 0.0 138.7 500.1 352.3 328.2 648.3 291.3 476.4 326.3 600.4 140.6 535.3 257.3 127.1 410.1 87.0 332.9 340.3 180.1 519.6 456.6 308.7 101.5 434.9 478.7 153.6 495.6 437.8 346.5 467.9
1475.2 133.7 99.1 313.6 289.1 455.5 306.3 441.8 102.4 316.9 425.7 488.8 324.7 303.8 490.0 206.1 408.3 354.1 68.3 320.5 421.0 449.8 427.7 302.4 335.3 323.9 127.6 283.0 298.8 395.5 314.1 116.1 399.5 116.2 640.6 341.8 110.4 99.3 280.7 279.7 499.9 96.1 274.9 90.4 452.1 106.0 479.4 339.2 421.9 155.5 623.2 675.9 73.7 394.1 502.9 519.4 466.5 352.7 291.2 426.1 507.5 283.6 483.6 358.8 490.0 50.0 435.6 288.9 493.8 465.8 495.1 510.4 129.1 134.0 369.6 352.8 396.1 352.8 249.3 471.6 475.8 472.2 472.9 420.5 235.6 452.3 429.0 628.9 478.9 312.7 636.4 418.0 338.7 103.1 286.5 449.8 247.5 126.9 604.5 279.8 517.4 275.1 117.4 151.3 145.9 133.1 344.4 335.7 320.0 445.8 107.4 266.0 367.1 24.8 514.8 334.7 128.0 0.0 492.4 335.2 320.5 640.6 291.3 468.7 318.6 592.7 55.9 518.2 240.2 75.9 402.4 67.3 325.2 332.6 78.4 502.5 457.4 291.6 88.8 423.7 461.6 68.9 478.5 420.7 338.8 460.2
1325.9 391.1 409.5 385.7 361.2 414.4 341.4 400.7 466.2 384.3 384.6 392.3 359.8 514.6 309.7 354.7 166.5 386.5 417.3 531.3 278.4 279.3 257.2 374.5 546.1 534.7 388.3 355.1 509.6 354.4 524.9 346.8 434.6 473.0 353.6 552.6 512.9 466.2 352.8 348.7 311.3 376.6 402.3 437.7 411.0 355.9 273.1 374.3 380.8 558.0 336.2 388.9 432.8 353.0 320.7 289.5 323.9 563.5 363.3 245.8 220.5 355.7 312.1 569.6 283.7 399.7 391.9 499.7 263.9 424.7 265.2 257.7 400.2 536.5 404.7 387.9 299.6 563.6 376.7 329.0 245.9 411.6 292.6 324.0 446.5 355.8 387.9 341.9 298.6 523.5 349.4 275.4 373.8 506.2 321.6 408.7 374.9 529.4 317.5 314.9 300.1 381.0 433.0 553.8 548.4 535.6 555.2 370.8 530.8 303.2 458.1 338.1 577.9 464.9 297.5 545.5 411.4 440.1 0.0 370.3 531.3 353.6 376.9 427.6 529.4 305.7 442.0 288.3 312.3 479.0 361.3 469.8 536.0 543.4 481.5 404.7 416.3 394.3 453.8 330.7 299.5 455.0 248.6 250.2 549.6 419.1
1532.5 251.7 271.9 246.3 221.8 526.9 97.3 513.2 308.6 249.6 497.1 560.2 10.8 375.2 561.4 194.1 240.1 86.4 277.9 391.9 492.4 281.6 259.5 235.1 406.7 395.3 248.9 215.7 370.2 466.9 385.5 207.4 104.1 333.6 568.2 413.2 373.5 326.8 213.4 212.4 571.3 237.2 262.9 300.0 523.5 216.5 311.2 24.2 493.3 418.6 550.8 603.5 283.3 465.5 574.3 351.2 537.9 424.1 223.9 497.5 435.1 216.3 315.4 430.2 321.8 260.3 507.0 360.3 325.6 537.2 326.9 342.2 250.4 397.1 54.6 37.8 467.5 424.2 237.3 543.0 307.6 543.6 544.3 491.9 307.0 523.7 500.4 556.5 550.3 384.1 564.0 489.4 53.5 366.8 49.0 521.2 235.5 390.0 532.1 95.0 349.2 241.6 293.6 414.4 409.0 396.2 415.8 80.1 391.4 517.2 318.7 198.7 438.5 325.5 346.6 406.1 272.0 300.7 473.6 0.0 391.9 568.2 254.6 540.1 390.0 520.3 302.6 350.0 172.9 339.6 473.8 330.4 396.6 404.0 342.1 334.3 528.8 254.9 314.4 495.1 293.4 315.6 310.3 252.5 410.2 531.6
1421.2 339.8 328.5 421.6 397.1 197.5 414.3 214.7 365.2 424.9 198.6 261.7 432.7 56.9 262.9 314.1 408.9 462.1 334.5 251.0 193.9 521.7 499.6 410.4 50.4 291.6 337.0 391.0 51.9 168.4 158.9 295.5 507.5 390.2 413.5 309.5 430.1 383.4 388.7 387.7 272.8 293.8 382.9 356.6 225.0 304.6 515.5 447.2 194.8 475.2 396.1 448.8 339.9 167.0 275.8 531.9 239.4 287.6 399.2 199.0 280.4 391.6 554.5 220.4 526.1 316.9 158.6 223.8 506.3 207.8 507.6 522.9 338.5 453.7 477.6 460.8 169.0 320.5 357.3 244.5 488.3 245.1 245.8 193.4 268.0 225.2 201.9 401.8 251.8 247.6 409.3 190.9 446.7 423.4 394.5 191.8 355.5 446.6 377.4 387.8 542.5 383.1 350.2 471.0 465.6 452.8 274.9 443.7 35.1 218.7 375.3 374.0 228.7 382.1 539.9 14.1 360.1 357.3 265.3 443.2 0.0 413.5 399.3 191.7 155.3 365.6 359.2 530.7 348.2 396.2 175.3 387.0 260.1 144.2 398.7 647.1 230.3 399.6 371.0 196.6 533.5 372.2 491.0 492.6 273.7 233.1
1506.0 571.2 591.4 565.8 541.3 440.4 521.5 426.7 628.1 569.1 410.6 418.3 539.9 455.9 335.7 513.6 346.6 569.3 597.4 588.5 304.4 459.4 437.3 554.6 474.2 714.8 568.4 535.2 450.9 380.4 496.4 526.9 614.7 653.1 108.5 732.7 693.0 646.3 532.9 531.9 345.6 556.7 582.4 619.5 437.0 536.0 453.2 554.4 406.8 738.1 95.7 94.6 602.8 379.0 348.6 469.6 349.9 625.1 543.4 271.8 161.5 535.8 492.2 557.9 463.8 579.8 420.5 561.3 444.0 450.7 445.3 460.6 569.9 716.6 584.8 568.0 325.6 743.7 556.8 355.0 426.0 437.6 318.6 350.0 626.5 381.8 413.9 138.0 324.6 585.1 131.9 301.4 553.9 686.3 501.7 434.7 555.0 709.5 50.0 495.0 480.2 561.1 613.1 733.9 728.5 715.7 612.4 550.9 472.1 329.2 638.2 518.2 566.2 645.0 477.6 486.8 591.5 620.2 203.0 550.4 472.6 0.0 574.1 453.6 492.8 192.4 622.1 468.4 492.4 659.1 387.3 649.9 597.6 481.7 661.6 584.8 442.3 574.4 633.9 353.2 471.2 635.1 428.7 430.3 611.2 445.1
1504.9 210.0 228.4 123.8 108.5 485.2 252.2 471.5 285.1 147.2 455.4 518.5 270.6 333.5 519.7 104.6 354.2 297.3 236.2 350.2 450.7 395.7 373.6 112.6 365.0 353.6 207.2 118.0 328.5 425.2 343.8 165.7 345.4 291.9 670.3 371.5 331.8 285.1 148.8 146.4 521.3 191.4 120.1 256.6 481.8 174.8 425.3 285.1 451.6 376.9 652.9 705.6 251.7 423.8 530.7 465.3 496.2 382.4 84.2 455.8 537.2 118.3 429.5 388.5 435.9 218.6 462.7 318.6 439.7 495.5 441.0 433.5 208.7 355.4 315.5 298.7 425.8 382.5 147.8 501.3 421.7 501.9 502.6 450.2 265.4 482.0 458.7 658.6 508.6 342.4 666.1 447.7 284.6 325.1 232.4 479.5 94.3 348.3 634.2 225.7 463.3 65.5 251.9 372.7 367.3 354.5 374.1 281.6 353.1 475.5 277.0 135.8 396.8 283.8 460.7 364.4 230.3 259.0 522.1 281.1 350.2 670.3 0.0 498.4 348.3 622.4 260.9 464.1 110.0 297.9 432.1 288.7 354.9 362.3 300.4 448.4 487.1 19.6 272.7 453.4 407.5 273.9 424.4 366.6 368.5 489.9
1536.8 463.2 451.9 637.2 612.7 115.6 537.7 166.7 488.6 640.5 180.4 212.1 556.1 179.2 272.0 437.5 418.0 585.5 457.9 224.7 203.0 530.8 508.7 626.0 110.4 265.3 460.4 606.6 174.2 120.4 132.6 418.9 630.9 513.6 422.6 283.2 553.5 506.8 604.3 603.3 281.9 417.2 506.3 480.0 206.8 428.0 524.6 570.6 146.8 598.6 405.2 457.9 463.3 148.8 284.9 541.0 248.5 261.3 614.8 208.1 289.5 607.2 563.6 194.1 535.2 440.3 25.2 197.5 515.4 125.9 516.7 532.0 461.9 577.1 601.0 584.2 178.1 294.2 480.7 253.6 497.4 191.7 254.9 202.5 241.7 234.3 153.9 410.9 260.9 221.3 418.4 200.0 570.1 546.8 517.9 109.9 478.9 570.0 386.5 511.2 551.6 632.5 473.6 594.4 589.0 576.2 248.6 567.1 125.7 227.8 498.7 589.6 202.4 505.5 549.0 192.1 483.5 480.7 274.4 566.6 177.9 422.6 645.5 0.0 129.0 374.7 482.6 539.8 563.8 519.6 121.9 510.4 233.8 117.9 522.1 656.2 176.9 645.8 494.4 205.7 542.6 495.6 500.1 501.7 247.4 185.1
1520.1 334.1 321.0 415.9 391.4 169.0 408.6 220.1 377.7 419.2 233.8 265.5 427.0 197.0 325.4 329.6 471.4 456.4 328.8 95.6 256.4 584.2 562.1 404.7 128.2 136.2 331.3 385.3 192.0 173.8 3.5 289.8 501.8 384.5 476.0 154.1 424.4 377.7 381.3 378.9 327.0 288.1 377.2 349.2 260.2 298.9 578.0 441.5 200.2 469.5 458.6 511.3 344.3 202.2 336.4 594.4 301.9 132.2 393.5 261.5 342.9 385.9 617.0 65.0 588.6 311.2 127.5 68.4 568.8 179.3 570.1 562.6 332.8 448.0 471.9 455.1 231.5 165.1 351.6 307.0 550.8 245.1 308.3 255.9 112.7 287.7 207.3 464.3 314.3 92.2 471.8 253.4 441.0 417.7 388.8 163.3 349.8 440.9 439.9 382.1 605.0 377.4 344.5 465.3 459.9 447.1 119.5 438.0 140.1 281.2 369.6 368.3 73.3 376.4 602.4 209.9 354.4 351.6 327.8 437.5 195.7 476.0 376.5 163.2 0.0 428.1 353.5 593.2 342.5 390.5 175.3 381.3 104.7 14.0 393.0 604.8 221.8 393.9 365.3 259.1 596.0 366.5 553.5 555.1 118.3 238.5
1419.8 485.0 505.2 479.6 455.1 354.2 435.3 340.5 541.9 482.9 324.4 332.1 453.7 369.7 249.5 427.4 260.4 483.1 511.2 502.3 218.2 373.2 351.1 468.4 388.0 628.6 482.2 449.0 364.7 294.2 410.2 440.7 528.5 566.9 134.1 646.5 606.8 560.1 446.7 445.7 259.4 470.5 496.2 533.3 350.8 449.8 367.0 468.2 320.6 651.9 116.7 169.4 516.6 292.8 262.4 383.4 263.7 538.9 457.2 185.6 75.3 449.6 406.0 471.7 377.6 493.6 334.3 475.1 357.8 364.5 359.1 374.4 483.7 630.4 498.6 481.8 239.4 657.5 470.6 268.8 339.8 351.4 232.4 263.8 540.3 295.6 327.7 122.4 238.4 498.9 129.9 215.2 467.7 600.1 415.5 348.5 468.8 623.3 98.0 408.8 394.0 474.9 526.9 647.7 642.3 629.5 526.2 464.7 385.9 243.0 552.0 432.0 480.0 558.8 391.4 400.6 505.3 534.0 116.8 464.2 386.4 134.1 487.9 367.4 406.6 0.0 535.9 382.2 406.2 572.9 301.1 563.7 511.4 395.5 575.4 498.6 356.1 488.2 547.7 267.0 385.0 548.9 342.5 344.1 525.0 358.9
1457.1 115.6 110.9 295.5 271.0 437.4 288.2 423.7 132.0 294.1 407.6 470.7 306.6 285.7 471.9 188.0 390.2 333.3 50.2 302.4 402.9 431.7 409.6 284.3 317.2 305.8 109.5 264.9 280.7 377.4 296.0 98.0 381.4 172.2 622.5 323.7 162.1 43.3 260.9 258.5 481.8 73.9 256.8 70.6 434.0 87.9 461.3 321.1 403.8 207.2 605.1 657.8 65.7 376.0 482.9 501.3 448.4 334.6 273.1 408.0 489.4 259.0 465.5 340.7 472.3 31.9 414.9 270.8 475.7 447.7 477.0 469.5 121.4 177.6 351.5 334.7 378.0 334.7 231.2 453.5 457.7 454.1 454.8 402.4 217.6 434.2 410.9 610.8 460.8 294.6 618.3 399.9 320.6 122.0 268.4 431.7 229.4 178.6 586.4 261.7 499.3 257.0 99.1 203.0 197.6 184.8 326.3 317.6 301.9 427.7 51.4 247.9 349.0 80.7 496.7 316.6 132.6 55.9 474.3 317.1 302.4 622.5 256.1 450.6 300.5 574.6 0.0 500.1 222.1 94.8 384.3 123.3 307.1 314.5 97.3 484.4 439.3 273.5 119.6 409.1 451.9 12.9 460.4 402.6 320.7 442.1
1491.1 381.4 401.6 376.0 351.5 656.6 331.7 642.9 456.5 379.3 626.8 689.9 350.1 504.9 482.9 345.0 198.7 376.8 407.6 521.6 451.6 185.9 216.8 364.8 536.4 525.0 378.6 345.4 499.9 596.6 515.2 337.1 424.9 463.3 526.8 542.9 503.2 456.5 341.4 339.0 492.8 368.4 392.6 428.0 653.2 346.2 56.8 364.6 623.0 548.3 509.4 562.1 423.1 595.2 493.9 136.2 497.1 553.8 353.6 419.0 393.7 346.0 186.1 559.9 114.5 390.0 634.1 490.0 133.0 666.9 23.0 115.8 380.1 526.8 395.0 378.2 597.2 553.9 367.0 502.2 143.6 673.3 465.8 621.6 436.8 653.4 630.1 515.1 471.8 513.8 522.6 448.6 364.1 496.5 311.9 650.9 365.2 519.7 490.7 305.2 198.9 371.3 423.3 544.1 538.7 525.9 545.5 361.1 521.1 476.4 448.4 328.4 568.2 455.2 196.3 535.8 401.7 430.4 432.2 360.6 521.6 526.8 367.2 669.8 519.7 478.9 432.3 0.0 302.6 469.3 603.5 460.1 526.3 533.7 471.8 395.0 658.5 384.6 444.1 624.8 175.3 445.3 146.3 189.8 539.9 661.3
1475.2 180.3 200.5 98.8 74.3 455.5 187.6 441.8 255.4 97.4 425.7 488.8 206.0 303.8 490.0 122.7 289.6 232.7 206.5 320.5 421.0 331.1 309.0 87.6 335.3 323.9 177.5 68.2 298.8 395.5 314.1 136.0 280.8 262.2 640.6 341.8 302.1 255.4 40.4 36.3 499.9 177.0 148.7 226.9 452.1 145.1 360.7 220.5 421.9 347.2 623.2 675.9 222.0 394.1 501.0 400.7 466.5 352.7 76.4 426.1 507.5 68.8 364.9 358.8 371.7 188.9 433.0 288.9 375.1 465.8 376.4 368.9 179.0 317.6 250.9 234.1 396.1 352.8 165.9 471.6 357.1 472.2 472.9 420.5 235.7 452.3 429.0 628.9 478.9 312.7 636.4 418.0 220.0 295.4 167.8 449.8 122.9 318.6 604.5 161.1 398.7 94.1 222.2 343.0 337.6 324.8 344.4 217.0 320.0 445.8 247.3 25.7 367.1 254.1 396.1 334.7 200.6 229.3 492.4 216.5 320.5 640.6 90.0 468.7 318.6 592.7 231.2 399.5 0.0 268.2 402.4 259.0 325.2 332.6 270.7 383.8 448.9 107.4 243.0 427.2 342.9 244.2 359.8 302.0 338.8 460.2
1514.1 172.6 81.0 352.5 328.0 494.4 345.2 480.7 56.6 355.8 464.6 527.7 363.6 342.7 528.9 266.2 447.2 393.0 107.2 359.4 459.9 488.7 466.6 341.3 374.2 362.8 135.6 321.9 337.7 434.4 353.0 155.0 438.4 96.4 679.5 380.7 67.2 138.2 317.9 315.5 538.8 112.2 313.8 127.6 491.0 144.9 518.3 378.1 460.8 112.3 662.1 714.8 122.7 433.0 539.9 558.3 505.4 391.6 330.1 465.0 546.4 322.5 522.5 397.7 528.9 88.9 471.9 327.8 532.7 504.7 534.0 526.5 121.5 90.8 408.5 391.7 435.0 391.7 288.2 510.5 514.7 511.1 511.8 459.4 274.6 491.2 467.9 667.8 517.8 351.6 675.3 456.9 377.6 98.4 325.4 488.7 286.4 83.7 643.4 318.7 556.3 314.0 97.6 108.1 102.7 89.9 383.3 374.6 362.3 484.7 146.3 304.9 406.0 62.6 553.7 373.6 108.2 87.4 531.3 374.1 359.4 679.5 313.1 507.6 357.5 631.6 94.8 557.1 279.1 0.0 441.3 30.0 364.1 371.5 73.7 541.4 496.3 330.5 69.0 466.1 500.5 107.8 517.4 459.6 377.7 499.1
1450.6 556.4 576.6 551.0 526.5 108.8 506.7 95.1 613.3 554.3 94.2 90.2 525.1 211.4 185.8 498.8 331.8 554.5 582.6 256.9 116.8 444.6 422.5 539.8 142.6 297.5 553.6 520.4 206.4 48.8 164.8 512.1 599.9 638.3 336.4 315.4 678.2 631.5 518.1 517.1 195.7 541.9 567.6 604.7 120.6 521.2 438.4 539.6 75.2 723.3 319.0 371.7 588.0 62.6 198.7 454.8 162.3 293.5 528.6 121.9 203.3 521.0 477.4 226.3 449.0 565.0 88.9 229.7 429.2 119.1 430.5 445.8 555.1 701.8 570.0 553.2 91.9 326.4 542.0 167.4 411.2 69.7 168.7 116.3 273.9 138.3 82.3 324.7 174.7 253.5 332.2 113.8 539.1 671.5 486.9 103.1 540.2 694.7 300.3 480.2 465.4 546.3 598.3 719.1 713.7 700.9 280.8 536.1 157.9 141.6 623.4 503.4 234.6 630.2 462.8 224.3 576.7 605.4 188.2 535.6 210.1 336.4 559.3 122.0 161.2 288.5 607.3 453.6 477.6 644.3 0.0 635.1 266.0 150.1 646.8 570.0 54.9 559.6 619.1 119.5 456.4 620.3 413.9 415.5 279.6 113.5
1495.1 171.6 49.2 333.5 309.0 475.4 326.2 461.7 26.5 336.8 445.6 508.7 344.6 323.7 509.9 226.0 428.2 371.3 125.7 340.4 440.9 469.7 447.6 322.3 355.2 343.8 105.5 302.9 318.7 417.2 334.0 153.1 419.4 66.3 660.5 361.7 43.0 156.7 298.9 296.5 511.5 72.2 294.8 146.1 472.0 143.0 499.3 359.1 441.8 88.1 643.1 695.8 141.2 414.0 520.9 539.3 486.4 372.6 311.1 446.0 527.4 297.0 503.5 378.7 509.9 107.4 452.9 308.8 513.7 485.7 515.0 507.5 91.4 66.6 389.5 372.7 416.0 372.7 269.2 491.5 495.7 492.1 492.8 440.4 255.6 472.2 448.9 648.8 498.8 332.6 656.3 437.9 358.6 138.5 306.4 469.7 267.4 59.5 624.4 299.7 537.3 295.0 67.5 83.9 78.5 65.7 364.3 355.6 339.9 465.7 164.8 285.9 387.0 32.5 534.7 354.6 78.1 57.3 512.3 355.1 340.4 660.5 294.1 488.6 338.5 612.6 113.3 538.1 260.1 40.0 422.3 0.0 345.1 352.5 113.8 522.4 468.8 311.5 38.9 443.6 481.5 126.3 498.4 440.6 358.7 480.1
1521.0 335.0 323.7 416.8 392.3 248.1 409.5 299.2 360.4 420.1 312.9 344.6 427.9 232.7 404.5 309.3 511.5 457.3 329.7 96.5 335.5 663.3 641.2 405.6 207.3 137.1 332.2 386.2 227.7 252.9 74.5 290.7 502.7 385.4 555.1 155.0 425.3 378.6 383.9 382.9 414.4 289.0 378.1 351.8 339.3 299.8 657.1 442.4 279.3 470.4 537.7 590.4 335.1 281.3 417.4 673.5 381.0 27.5 394.4 340.6 422.0 386.8 696.1 119.2 667.7 312.1 209.2 30.8 647.9 258.4 649.2 664.5 333.7 448.9 472.8 456.0 310.6 166.0 352.5 386.1 629.9 324.2 387.4 335.0 113.5 366.8 286.4 543.4 393.4 10.6 550.9 332.5 441.9 418.6 389.7 242.4 350.7 441.8 519.0 383.0 684.1 378.3 345.4 466.2 460.8 448.0 120.4 438.9 222.6 360.3 370.5 369.2 127.5 377.3 681.5 263.6 355.3 352.5 406.9 438.4 249.4 555.1 394.5 242.3 79.0 507.2 354.4 672.3 343.4 391.4 254.4 382.2 0.0 93.0 393.9 605.7 309.4 394.8 366.2 338.2 675.1 367.4 632.6 634.2 13.6 317.6
1531.2 345.2 333.9 427.0 402.5 155.0 419.7 206.1 370.6 430.3 219.8 251.5 438.1 183.0 311.4 319.5 457.4 467.5 339.9 106.7 242.4 570.2 548.1 415.8 114.2 147.3 342.4 396.4 178.0 159.8 14.6 300.9 512.9 395.6 462.0 165.2 435.5 388.8 394.1 393.1 321.3 299.2 388.3 362.0 246.2 310.0 564.0 452.6 186.2 480.6 444.6 497.3 345.3 188.2 324.3 580.4 287.9 143.3 404.6 247.5 328.9 397.0 603.0 76.1 574.6 322.3 116.1 79.5 554.8 165.3 556.1 571.4 343.9 459.1 483.0 466.2 217.5 176.2 362.7 293.0 536.8 231.1 294.3 241.9 123.7 273.7 193.3 450.3 300.3 103.3 457.8 239.4 452.1 428.8 399.9 149.3 360.9 452.0 425.9 393.2 591.0 388.5 355.6 476.4 471.0 458.2 130.6 449.1 129.5 267.2 380.7 379.4 84.4 387.5 588.4 195.9 365.5 362.7 313.8 448.6 181.7 462.0 404.7 149.2 11.1 414.1 364.6 579.2 353.6 401.6 161.3 392.4 115.8 0.0 404.1 615.9 216.3 405.0 376.4 245.1 582.0 377.6 539.5 541.1 129.4 224.5
1485.1 143.6 138.9 323.5 299.0 465.4 316.2 451.7 118.9 322.1 435.6 498.7 334.6 313.7 499.9 216.0 418.2 361.3 78.2 330.4 430.9 459.7 437.6 312.3 345.2 333.8 137.5 292.9 308.7 405.4 324.0 126.0 409.4 158.7 650.5 351.7 129.5 109.2 288.9 289.6 501.5 106.0 284.8 98.6 462.0 115.9 489.3 349.1 431.8 174.6 633.1 685.8 93.7 404.0 512.8 529.3 476.4 362.6 301.1 436.0 517.4 293.5 493.5 368.7 499.9 59.9 442.9 298.8 503.7 475.7 505.0 497.5 139.0 153.1 379.5 362.7 406.0 362.7 259.2 481.5 485.7 482.1 482.8 430.4 245.6 462.2 438.9 638.8 488.8 322.6 646.3 427.9 348.6 24.6 296.4 459.7 257.4 146.0 614.4 289.7 527.3 285.0 145.1 170.4 165.0 152.2 354.3 345.6 329.9 455.7 117.3 275.9 377.0 91.7 524.7 344.6 160.6 66.9 502.3 345.1 330.4 650.5 284.1 478.6 328.5 602.6 65.8 528.1 250.1 62.2 412.3 92.3 335.1 342.5 0.0 512.4 458.8 301.5 131.3 433.6 479.9 78.8 488.4 430.6 348.7 470.1
1589.3 407.6 427.8 402.2 377.7 682.8 357.9 669.1 464.5 405.5 653.0 716.1 376.3 531.1 581.1 350.0 296.9 485.0 433.8 547.8 549.8 338.4 316.3 391.0 562.6 551.2 404.8 371.6 526.1 622.8 541.4 363.3 530.4 489.5 625.0 569.1 529.4 482.7 369.3 368.3 591.0 393.1 418.8 455.9 679.4 372.4 368.0 390.8 649.2 574.5 607.6 660.3 439.2 621.4 594.0 408.0 595.3 580.0 379.8 517.2 491.9 372.2 372.2 586.1 378.6 416.2 662.9 516.2 382.4 693.1 383.7 399.0 406.3 553.0 421.2 404.4 623.4 580.1 393.2 600.4 364.4 699.5 564.0 647.8 462.9 679.6 656.3 613.3 570.0 540.0 620.8 546.8 390.3 522.7 338.1 677.1 391.4 545.9 588.9 331.4 406.0 397.5 449.5 570.3 564.9 552.1 571.7 387.3 547.3 574.6 474.6 354.6 594.4 481.4 403.4 562.0 427.9 456.6 530.4 386.8 547.8 625.0 410.5 696.0 545.9 577.1 458.5 406.8 328.8 495.5 629.7 486.3 552.5 559.9 498.0 0.0 684.7 410.8 470.3 651.0 350.2 471.5 367.1 309.3 566.1 687.5
1502.6 608.4 626.8 603.0 578.5 160.8 558.7 147.1 683.5 601.6 146.2 43.6 577.1 263.4 237.8 572.0 375.9 603.8 634.6 308.9 168.8 496.6 474.5 583.9 194.6 349.5 597.7 572.4 250.5 102.6 216.8 564.1 651.9 690.3 388.4 359.5 730.2 683.5 568.4 566.0 239.4 589.8 619.6 647.1 164.7 573.2 490.4 591.6 119.3 767.4 363.1 423.7 642.2 114.6 248.8 506.8 206.4 345.5 580.6 173.9 247.4 566.5 529.4 278.3 501.4 617.0 138.3 281.7 481.2 171.1 474.6 475.0 617.5 745.7 622.0 605.2 136.6 378.4 594.0 219.4 463.2 14.8 212.8 116.6 318.1 83.3 126.4 376.7 218.8 305.5 384.2 165.8 583.2 723.5 538.9 155.1 592.2 746.7 352.3 532.2 517.4 590.4 650.3 771.1 765.7 752.9 332.8 588.1 206.5 193.6 675.4 555.4 286.6 674.3 514.8 276.3 620.8 657.4 240.2 587.6 262.1 388.4 586.3 174.0 205.3 340.5 651.4 505.6 529.6 696.3 52.0 679.2 318.0 202.1 690.9 622.0 0.0 611.6 663.2 167.7 516.8 672.3 465.9 467.5 331.6 165.5
1512.3 217.4 237.6 131.2 115.9 492.6 259.6 478.9 274.3 159.3 462.8 525.9 278.0 340.9 527.1 112.0 361.6 307.4 243.6 357.6 458.1 403.1 381.0 120.0 372.4 361.0 214.6 125.4 335.9 432.6 351.2 173.1 352.8 299.3 677.7 378.9 339.2 292.5 157.9 156.9 537.0 202.9 127.5 265.7 489.2 182.2 432.7 292.5 459.0 384.3 660.3 713.0 249.0 431.2 540.0 472.7 503.6 389.8 91.6 463.2 544.6 132.2 436.9 395.9 443.3 226.0 472.7 326.0 447.1 502.9 448.4 463.7 216.1 362.8 322.9 306.1 433.2 389.9 155.2 508.7 429.1 509.3 510.0 457.6 272.7 489.4 466.1 666.0 516.0 349.8 673.5 455.1 292.0 332.5 239.8 486.9 101.7 355.7 641.6 233.1 470.7 72.9 259.3 380.1 374.7 361.9 381.5 289.0 357.1 482.9 284.4 143.2 404.2 291.2 468.1 371.8 237.7 266.4 529.5 288.5 357.6 677.7 46.7 505.8 355.7 629.8 268.3 471.5 117.4 305.3 439.5 296.1 362.3 369.7 307.8 455.8 494.5 0.0 280.1 460.8 414.9 281.3 431.8 374.0 375.9 497.3
1490.1 166.6 53.7 328.5 304.0 470.4 321.2 456.7 39.8 331.8 440.6 503.7 339.6 318.7 504.9 242.2 423.2 369.0 126.5 335.4 435.9 464.7 442.6 317.3 350.2 338.8 110.0 297.9 313.7 410.4 329.0 149.0 414.4 70.8 655.5 356.7 92.0 153.0 293.9 291.5 514.8 82.9 289.8 146.9 467.0 138.9 494.3 354.1 436.8 137.1 638.1 690.8 142.0 409.0 515.9 534.3 481.4 367.6 306.1 441.0 522.4 298.5 498.5 373.7 504.9 108.9 447.9 303.8 508.7 480.7 510.0 502.5 108.2 107.5 384.5 367.7 411.0 367.7 264.2 486.5 490.7 487.1 487.8 435.4 250.6 467.2 443.9 643.8 493.8 327.6 651.3 432.9 353.6 187.5 301.4 464.7 262.4 108.5 619.4 294.7 532.3 290.0 30.7 132.9 127.5 114.7 359.3 350.6 338.3 460.7 161.1 280.9 382.0 84.0 529.7 349.6 82.6 108.8 507.3 350.1 335.4 655.5 289.1 483.6 333.5 607.6 109.6 533.1 255.1 89.0 417.3 48.9 340.1 347.5 162.8 517.4 472.3 306.5 0.0 442.1 476.5 122.6 493.4 435.6 353.7 475.1
1469.2 534.4 552.8 529.0 504.5 204.7 484.7 191.0 609.5 527.6 174.9 107.3 503.1 220.2 163.8 498.0 312.4 529.8 560.6 352.8 94.8 422.6 400.5 520.4 238.5 393.4 531.6 498.4 215.2 146.5 260.7 490.1 577.9 616.3 314.4 411.3 656.2 609.5 494.4 492.0 165.4 515.8 545.6 581.0 201.3 499.2 416.4 517.6 171.1 701.3 297.0 349.7 576.1 143.3 174.8 432.8 140.3 389.4 506.6 99.9 181.3 492.5 458.0 322.2 427.4 545.6 184.8 325.6 407.2 215.0 408.5 401.0 543.5 671.7 548.0 531.2 20.2 424.9 520.0 145.4 389.2 126.6 146.7 39.0 372.5 70.8 178.2 305.3 152.7 349.4 310.2 91.8 517.1 649.5 464.9 201.6 520.8 672.7 280.9 458.2 443.4 524.3 576.3 697.1 691.7 678.9 376.7 514.1 250.4 119.6 601.4 481.4 330.5 608.2 440.8 251.1 554.7 583.4 168.8 513.6 236.9 314.4 520.2 217.9 257.1 266.5 585.3 434.2 458.2 624.9 151.6 613.1 361.9 246.0 624.8 548.0 148.6 537.6 597.1 0.0 442.8 598.3 391.9 393.5 375.5 209.4
1496.2 328.0 346.4 322.6 298.1 603.2 278.3 589.5 394.7 321.2 573.4 628.1 296.7 451.5 488.0 291.6 203.8 323.4 354.2 468.2 568.7 72.2 151.7 303.0 483.0 471.6 316.8 292.0 438.1 545.0 461.8 275.3 363.1 409.9 531.9 489.5 449.8 394.7 288.0 285.6 489.6 309.4 339.2 366.2 591.4 292.8 136.8 311.2 569.6 494.9 514.5 567.2 361.3 541.8 499.0 219.9 605.8 500.4 300.2 424.1 390.4 286.1 55.2 506.5 147.8 336.6 572.3 436.6 194.3 613.5 195.6 179.7 337.1 465.3 341.6 324.8 543.8 500.5 313.6 610.9 176.3 619.9 462.5 568.2 383.4 600.0 576.7 520.2 468.5 460.4 527.7 557.3 302.3 443.1 258.5 589.1 303.4 466.3 487.4 251.8 174.8 309.5 369.9 490.7 485.3 472.5 492.1 307.7 471.1 593.5 395.0 275.0 514.8 401.8 163.8 482.4 339.9 377.0 428.9 307.2 468.2 531.9 305.4 616.4 457.9 484.0 370.5 175.3 240.8 407.5 550.1 398.3 472.9 480.3 418.4 341.6 596.6 331.2 382.3 574.9 0.0 391.9 179.0 124.7 486.5 607.9
1470.4 128.9 126.0 308.8 284.3 450.7 301.5 437.0 127.1 312.1 420.9 484.0 319.9 299.0 485.2 201.3 403.5 349.3 63.5 315.7 416.2 445.0 422.9 297.6 330.5 319.1 122.8 278.2 294.0 390.7 309.3 111.3 394.7 185.5 635.8 337.0 175.4 30.3 275.9 274.9 495.1 91.3 270.1 57.1 447.3 101.2 474.6 334.4 417.1 220.5 618.4 671.1 68.9 389.3 498.1 514.6 461.7 347.9 286.4 421.3 502.7 278.8 478.8 354.0 485.2 45.2 430.8 284.1 489.0 461.0 490.3 505.6 124.3 199.0 364.8 348.0 391.3 348.0 244.5 466.8 471.0 467.4 468.1 415.7 230.8 447.5 424.2 624.1 474.1 307.9 631.6 413.2 333.9 135.3 281.7 445.0 242.7 191.9 599.7 275.0 512.6 270.3 112.4 216.3 210.9 198.1 339.6 330.9 315.2 441.0 38.4 261.2 362.3 94.0 510.0 329.9 145.9 69.2 487.6 330.4 315.7 635.8 286.5 463.9 313.8 587.9 13.2 513.4 235.4 108.1 397.6 136.6 320.4 327.8 110.6 497.7 452.6 286.8 132.9 418.9 456.8 0.0 473.7 415.9 334.0 455.4
1461.4 351.7 371.9 346.3 321.8 626.9 302.0 613.2 408.6 349.6 597.1 660.2 320.4 475.2 453.2 294.1 169.0 349.8 377.9 491.9 421.9 181.0 211.9 335.1 506.7 495.3 348.9 315.7 470.2 566.9 485.5 307.4 395.2 433.6 497.1 513.2 473.5 426.8 313.4 312.4 463.1 337.2 362.9 400.0 623.5 316.5 142.2 334.9 593.3 518.6 479.7 532.4 383.3 565.5 466.1 66.9 467.4 524.1 323.9 389.3 364.0 316.3 181.2 530.2 152.8 360.3 607.0 460.3 15.3 637.2 113.2 128.5 350.4 497.1 365.3 348.5 567.5 524.2 337.3 472.5 43.9 643.6 436.1 591.9 407.0 623.7 600.4 485.4 442.1 484.1 492.9 418.9 334.4 466.8 282.2 621.2 335.5 490.0 461.0 275.5 169.2 341.6 393.6 514.4 509.0 496.2 515.8 331.4 491.4 446.7 418.7 298.7 538.5 425.5 166.6 506.1 372.0 400.7 402.5 330.9 491.9 497.1 354.6 640.1 490.0 449.2 402.6 136.3 272.9 439.6 573.8 430.4 496.6 504.0 442.1 365.3 628.8 354.9 414.4 595.1 178.8 415.6 0.0 184.9 510.2 631.6
1440.7 264.7 284.9 259.3 234.8 539.9 215.0 526.2 321.6 262.6 510.1 573.2 233.4 388.2 432.5 207.1 148.3 262.8 290.9 404.9 505.4 118.3 78.2 248.1 419.7 408.3 261.9 228.7 383.2 479.9 398.5 220.4 308.2 346.6 476.4 426.2 386.5 339.8 226.4 225.4 442.4 250.2 275.9 313.0 536.5 229.5 147.9 247.9 506.3 431.6 459.0 511.7 296.3 478.5 445.4 231.0 550.9 437.1 236.9 368.6 343.3 229.3 152.1 443.2 158.5 273.3 520.0 373.3 205.4 550.2 206.7 222.0 263.4 410.1 278.3 261.5 480.5 437.2 250.3 556.0 187.4 556.6 415.4 504.9 320.0 536.7 513.4 464.7 421.4 397.1 472.2 502.4 247.4 379.8 195.2 534.2 248.5 403.0 440.3 188.5 185.9 254.6 306.6 427.4 422.0 409.2 428.8 244.4 404.4 530.2 331.7 211.7 451.5 338.5 183.3 419.1 285.0 313.7 381.8 243.9 404.9 476.4 267.6 553.1 403.0 428.5 315.6 194.8 185.9 352.6 486.8 343.4 409.6 417.0 355.1 286.1 541.8 267.9 327.4 508.1 130.1 328.6 190.1 0.0 423.2 544.6
1532.6 346.6 335.3 428.4 403.9 259.7 421.1 310.8 372.0 431.7 324.5 356.2 439.5 244.3 416.1 320.9 523.1 468.9 341.3 108.1 347.1 674.9 652.8 417.2 218.9 148.7 343.8 397.8 239.3 264.5 86.1 302.3 514.3 397.0 566.7 166.6 436.9 390.2 395.5 394.5 426.0 300.6 389.7 363.4 350.9 311.4 668.7 454.0 290.9 482.0 549.3 602.0 346.7 292.9 429.0 685.1 392.6 13.9 406.0 352.2 433.6 398.4 707.7 130.8 679.3 323.7 220.8 42.3 659.5 270.0 660.8 676.1 345.3 460.5 484.4 467.6 322.2 177.6 364.1 397.7 641.5 335.8 399.0 346.6 125.1 378.4 298.0 555.0 405.0 22.2 562.5 344.1 453.5 430.2 401.3 254.0 362.3 453.4 530.6 394.6 695.7 389.9 357.0 477.8 472.4 459.6 132.0 450.5 234.2 371.9 382.1 380.8 139.1 388.9 693.1 275.2 366.9 364.1 418.5 450.0 261.0 566.7 406.1 253.9 90.6 518.8 366.0 683.9 355.0 403.0 266.0 393.8 11.5 104.6 405.5 617.3 321.0 406.4 377.8 349.8 686.7 379.0 644.2 645.8 0.0 329.2
1507.9 613.7 633.9 608.3 583.8 131.5 564.0 13.1 670.6 611.6 151.5 183.2 582.4 234.1 243.1 556.1 389.1 611.8 639.9 279.6 174.1 501.9 479.8 597.1 165.3 320.2 610.9 577.7 229.1 46.1 187.5 569.4 657.2 695.6 393.7 338.1 735.5 688.8 575.4 574.4 253.0 599.2 624.9 662.0 177.9 578.5 495.7 596.9 27.3 780.6 376.3 429.0 645.3 119.9 256.0 512.1 219.6 316.2 585.9 179.2 260.6 578.3 534.7 249.0 506.3 622.3 111.6 252.4 486.5 141.8 487.8 503.1 612.4 759.1 627.3 610.5 149.2 349.1 599.3 224.7 468.5 162.8 226.0 173.6 296.6 205.4 22.2 382.0 232.0 276.2 389.5 171.1 596.4 728.8 544.2 125.8 597.5 752.0 357.6 537.5 522.7 603.6 655.6 776.4 771.0 758.2 303.5 593.4 180.6 198.9 680.7 560.7 257.3 687.5 520.1 247.0 634.0 662.7 245.5 592.9 232.8 393.7 616.6 144.7 183.9 345.8 664.6 510.9 534.9 701.6 93.0 692.4 288.7 172.8 704.1 627.3 148.0 616.9 676.4 176.8 513.7 677.6 471.2 472.8 302.3 0.0
