Name		1016_BED-Amazon_n160_m198_bt29
Number_of_Customers	160
Number_of_Items		198
Number_of_ItemTypes	29
Number_of_Vehicles	1
TimeWindows		0
Dist_type	manual

VEHICLE
Mass_Capacity	1208
CargoSpace_Length	174
CargoSpace_Width	97
CargoSpace_Height	105

CUSTOMERS
i	x	y	Demand	ReadyTime	DueDate	ServiceTime	DemandedMass	DemandedVolume
0	42.139891	-71.494346	0	0	0	0	0	0
1	42.036695	-71.174504	1	0	0	0	2.5	3978
2	42.000026	-71.184322	1	0	0	0	4.7	1380
3	42.034111	-71.185509	2	0	0	0	9.2	4816
4	42.056068	-71.203271	1	0	0	0	7.3	3640
5	42.022441	-71.196012	1	0	0	0	1.8	2520
6	42.073578	-71.217824	1	0	0	0	4.7	1380
7	42.01646	-71.211021	1	0	0	0	4.7	1380
8	42.02684	-71.199374	1	0	0	0	3.01	5544
9	42.083001	-71.217918	1	0	0	0	9.4	2760
10	42.045676	-71.192311	2	0	0	0	5.4	4020
11	42.009366	-71.216386	1	0	0	0	9.4	2760
12	42.068392	-71.208458	1	0	0	0	9.4	2760
13	42.00865	-71.209205	1	0	0	0	3.57	15456
14	42.069137	-71.203928	1	0	0	0	4.7	1380
15	42.0031	-71.192528	1	0	0	0	4.7	1380
16	42.055061	-71.191336	1	0	0	0	0.7	2640
17	42.01227	-71.196227	2	0	0	0	6.6	2556
18	42.036384	-71.17534	2	0	0	0	11.4	15996
19	42.037713	-71.183557	1	0	0	0	1.8	2520
20	41.995375	-71.184786	1	0	0	0	4.7	1380
21	42.008481	-71.211336	1	0	0	0	0.7	2640
22	42.051724	-71.191881	2	0	0	0	5.41	11980
23	42.008365	-71.208394	1	0	0	0	1.9	1176
24	42.023669	-71.222107	1	0	0	0	3.01	5544
25	42.009566	-71.218873	1	0	0	0	1.75	4608
26	42.009948	-71.198624	1	0	0	0	7.3	3640
27	42.013044	-71.211131	1	0	0	0	2.5	3978
28	41.998804	-71.184997	1	0	0	0	4.7	1380
29	42.073947	-71.215609	1	0	0	0	7.3	3640
30	42.025408	-71.221909	1	0	0	0	7.3	3640
31	42.009167	-71.185055	2	0	0	0	3.71	8184
32	42.066648	-71.196783	1	0	0	0	1.75	4608
33	42.008289	-71.194494	1	0	0	0	1.75	4608
34	42.013692	-71.195988	1	0	0	0	0.7	2640
35	42.029194	-71.185573	3	0	0	0	5.26	16888
36	42.018691	-71.19664	1	0	0	0	4.7	1380
37	42.008566	-71.197516	1	0	0	0	1.8	2520
38	42.025624	-71.197584	1	0	0	0	7.3	3640
39	42.010009	-71.217361	1	0	0	0	0.7	2640
40	42.01417	-71.195905	1	0	0	0	4.7	1380
41	42.056652	-71.190378	1	0	0	0	5.29	8075
42	42.009573	-71.19476	1	0	0	0	3.82	7600
43	42.020494	-71.214297	2	0	0	0	6.35	30620
44	42.04543	-71.19304	1	0	0	0	1.75	4608
45	42.017891	-71.209939	1	0	0	0	4.7	1380
46	42.002258	-71.188606	1	0	0	0	2.5	3978
47	42.009562	-71.21051	2	0	0	0	8.52	8980
48	42.077535	-71.221547	1	0	0	0	4.7	1380
49	42.047727	-71.190603	2	0	0	0	5.4	4020
50	42.04966	-71.198605	1	0	0	0	9.6	12400
51	42.013201	-71.223443	1	0	0	0	5.29	8075
52	42.00849	-71.21054	3	0	0	0	10.14	20262
53	42.056572	-71.196946	1	0	0	0	4.7	1380
54	41.999235	-71.187094	1	0	0	0	1.75	4608
55	42.056181	-71.19267	1	0	0	0	0.7	2640
56	42.064361	-71.198432	1	0	0	0	7.57	28120
57	42.00104	-71.18345	2	0	0	0	5.4	4020
58	42.071184	-71.205434	1	0	0	0	0.7	2640
59	42.009578	-71.188958	1	0	0	0	4.7	1380
60	42.010122	-71.191967	1	0	0	0	2.5	3978
61	42.0769	-71.215014	1	0	0	0	3.01	5544
62	42.067671	-71.202444	1	0	0	0	3.01	5544
63	42.066793	-71.204763	1	0	0	0	4.7	1380
64	42.015097	-71.195747	1	0	0	0	0.7	2640
65	42.076867	-71.220406	2	0	0	0	3.71	8184
66	42.042432	-71.194185	1	0	0	0	1.75	4608
67	42.063961	-71.219028	1	0	0	0	4.7	1380
68	42.058099	-71.200092	2	0	0	0	12.0	5020
69	42.020836	-71.214353	1	0	0	0	4.25	18200
70	42.023241	-71.19813	1	0	0	0	4.7	1380
71	42.063337	-71.20032	1	0	0	0	4.7	1380
72	42.026224	-71.197651	1	0	0	0	1.75	4608
73	42.014442	-71.213877	1	0	0	0	2.15	5700
74	42.004562	-71.188747	1	0	0	0	9.4	2760
75	42.074895	-71.215534	1	0	0	0	4.7	1380
76	42.076721	-71.221165	1	0	0	0	4.7	1380
77	42.059231	-71.201684	1	0	0	0	4.7	1380
78	42.0507	-71.194408	2	0	0	0	12.0	5020
79	42.075939	-71.216094	1	0	0	0	3.5	9216
80	42.061914	-71.211432	2	0	0	0	5.4	4020
81	42.056828	-71.208093	2	0	0	0	3.71	8184
82	42.0004	-71.188949	1	0	0	0	7.3	3640
83	42.06792	-71.197135	2	0	0	0	7.2	5358
84	42.0321	-71.189004	1	0	0	0	2.15	1080
85	42.053197	-71.191543	1	0	0	0	2.6	10400
86	42.070372	-71.201829	1	0	0	0	3.82	8580
87	42.048711	-71.207064	1	0	0	0	1.75	4608
88	42.036621	-71.191657	1	0	0	0	4.7	1380
89	42.04863	-71.205081	1	0	0	0	3.01	5544
90	42.031454	-71.183642	1	0	0	0	0.7	2640
91	42.021896	-71.220472	1	0	0	0	9.4	2760
92	42.046615	-71.192697	1	0	0	0	4.7	1380
93	42.005831	-71.200639	1	0	0	0	4.7	1380
94	42.071355	-71.204816	1	0	0	0	2.5	3978
95	42.001054	-71.189911	1	0	0	0	1.75	4608
96	42.001761	-71.190742	1	0	0	0	0.7	2640
97	42.007141	-71.205146	1	0	0	0	4.7	1380
98	42.017624	-71.221265	1	0	0	0	2.5	3978
99	42.050387	-71.19413	1	0	0	0	1.75	4608
100	42.020887	-71.215788	1	0	0	0	4.7	1380
101	42.052856	-71.196383	2	0	0	0	6.6	2556
102	42.015582	-71.223936	1	0	0	0	7.3	3640
103	42.072968	-71.206247	1	0	0	0	4.7	1380
104	42.032368	-71.185251	1	0	0	0	9.57	20163
105	42.011546	-71.21559	1	0	0	0	1.75	4608
106	42.055429	-71.209478	1	0	0	0	2.5	3978
107	42.016481	-71.19918	1	0	0	0	1.8	2520
108	42.0463	-71.190362	1	0	0	0	3.8	2352
109	42.066419	-71.210021	1	0	0	0	1.38	5980
110	42.023913	-71.196832	1	0	0	0	2.5	3978
111	42.070419	-71.196541	1	0	0	0	4.7	1380
112	42.075838	-71.196305	1	0	0	0	4.7	1380
113	42.065669	-71.208722	2	0	0	0	3.3	6456
114	42.083819	-71.216949	1	0	0	0	1.75	4608
115	42.001938	-71.188549	1	0	0	0	0.7	2640
116	42.049241	-71.206847	1	0	0	0	1.9	1176
117	42.006498	-71.181279	1	0	0	0	2.6	10400
118	42.018739	-71.220736	1	0	0	0	4.7	1380
119	42.025723	-71.224379	1	0	0	0	4.7	1380
120	42.019699	-71.217164	1	0	0	0	1.75	4608
121	42.025377	-71.222951	1	0	0	0	1.75	4608
122	42.011182	-71.217817	1	0	0	0	1.8	2520
123	42.05708	-71.210784	1	0	0	0	4.7	1380
124	42.082298	-71.216557	1	0	0	0	1.9	6496
125	42.025008	-71.195239	1	0	0	0	1.8	2520
126	42.021999	-71.22108	1	0	0	0	1.9	1176
127	42.055272	-71.191741	1	0	0	0	4.7	1380
128	42.058499	-71.210288	1	0	0	0	0.7	2640
129	42.069305	-71.209693	1	0	0	0	2.5	3978
130	42.058068	-71.197925	1	0	0	0	1.75	4608
131	42.009145	-71.19891	1	0	0	0	4.8	6200
132	42.013388	-71.199274	1	0	0	0	3.82	7600
133	42.039169	-71.184079	2	0	0	0	2.45	7248
134	42.062469	-71.20399	1	0	0	0	5.25	18480
135	42.054775	-71.202103	1	0	0	0	1.75	4608
136	42.031954	-71.178424	4	0	0	0	13.73	31819
137	42.006358	-71.193967	1	0	0	0	7.3	3640
138	42.018337	-71.224421	1	0	0	0	1.9	1176
139	42.004044	-71.190764	1	0	0	0	2.5	3978
140	42.048581	-71.199891	1	0	0	0	4.8	6200
141	42.002463	-71.191642	1	0	0	0	4.8	6200
142	42.021952	-71.221655	1	0	0	0	0.7	2640
143	42.017841	-71.211342	1	0	0	0	0.7	2640
144	42.021213	-71.216822	1	0	0	0	0.7	2640
145	42.042529	-71.189916	1	0	0	0	5.29	8075
146	42.056378	-71.199433	1	0	0	0	4.73	10000
147	42.011957	-71.195099	2	0	0	0	8.23	22979
148	42.06717	-71.209546	1	0	0	0	2.15	1080
149	42.062177	-71.211894	2	0	0	0	6.45	5988
150	42.009693	-71.18761	1	0	0	0	1.75	4608
151	42.006642	-71.21011	1	0	0	0	5.29	8075
152	42.010417	-71.206167	1	0	0	0	1.75	4608
153	42.007986	-71.20364	1	0	0	0	2.6	10400
154	42.082167	-71.219562	1	0	0	0	1.75	4608
155	42.022351	-71.196509	1	0	0	0	0.7	2640
156	42.046455	-71.193054	1	0	0	0	4.7	1380
157	42.026326	-71.222797	1	0	0	0	4.7	1380
158	42.012755	-71.201736	1	0	0	0	4.7	1380
159	42.031717	-71.179223	2	0	0	0	9.11	16655
160	42.069162	-71.203699	1	0	0	0	0.7	2640

ITEMS
Type	Length	Width	Height	Mass	Fragility	LoadBearingStrength
Bt1	18	12	5	2.15	1	0
Bt2	21	14	4	1.9	1	0
Bt3	23	15	4	4.7	1	0
Bt4	20	18	7	1.8	1	0
Bt5	15	11	16	0.7	1	0
Bt6	34	10	10	1.59	1	0
Bt7	20	14	13	7.3	1	0
Bt8	17	13	18	2.5	1	0
Bt9	24	12	16	1.75	1	0
Bt10	28	22	9	3.01	1	0
Bt11	30	19	10	2.15	1	0
Bt12	23	20	13	1.38	1	0
Bt13	31	20	10	4.8	1	0
Bt14	29	16	14	1.9	1	0
Bt15	40	19	10	3.82	1	0
Bt16	25	19	17	5.29	1	0
Bt17	22	15	26	3.816	1	0
Bt18	34	16	16	1.55	1	0
Bt19	50	20	10	4.73	1	0
Bt20	40	20	13	2.6	1	0
Bt21	26	20	26	2.91	1	0
Bt22	29	24	21	6.7	1	0
Bt23	27	23	24	2.94	1	0
Bt24	28	23	24	3.57	1	0
Bt25	57	15	20	3.44	1	0
Bt26	35	20	26	4.25	1	0
Bt27	33	20	28	5.25	1	0
Bt28	47	33	13	9.57	1	0
Bt29	38	37	20	7.568	1	0

DEMANDS PER CUSTOMER
i	Type Quantity
1	Bt8 1	
2	Bt3 1	
3	Bt2 1	Bt7 1	
4	Bt7 1	
5	Bt4 1	
6	Bt3 1	
7	Bt3 1	
8	Bt10 1	
9	Bt3 2	
10	Bt5 1	Bt3 1	
11	Bt3 2	
12	Bt3 2	
13	Bt24 1	
14	Bt3 1	
15	Bt3 1	
16	Bt5 1	
17	Bt3 1	Bt2 1	
18	Bt22 1	Bt3 1	
19	Bt4 1	
20	Bt3 1	
21	Bt5 1	
22	Bt17 1	Bt6 1	
23	Bt2 1	
24	Bt10 1	
25	Bt9 1	
26	Bt7 1	
27	Bt8 1	
28	Bt3 1	
29	Bt7 1	
30	Bt7 1	
31	Bt10 1	Bt5 1	
32	Bt9 1	
33	Bt9 1	
34	Bt5 1	
35	Bt18 1	Bt5 1	Bt10 1	
36	Bt3 1	
37	Bt4 1	
38	Bt7 1	
39	Bt5 1	
40	Bt3 1	
41	Bt16 1	
42	Bt15 1	
43	Bt25 1	Bt21 1	
44	Bt9 1	
45	Bt3 1	
46	Bt8 1	
47	Bt3 1	Bt15 1	
48	Bt3 1	
49	Bt5 1	Bt3 1	
50	Bt13 2	
51	Bt16 1	
52	Bt3 1	Bt8 1	Bt23 1	
53	Bt3 1	
54	Bt9 1	
55	Bt5 1	
56	Bt29 1	
57	Bt5 1	Bt3 1	
58	Bt5 1	
59	Bt3 1	
60	Bt8 1	
61	Bt10 1	
62	Bt10 1	
63	Bt3 1	
64	Bt5 1	
65	Bt5 1	Bt10 1	
66	Bt9 1	
67	Bt3 1	
68	Bt3 1	Bt7 1	
69	Bt26 1	
70	Bt3 1	
71	Bt3 1	
72	Bt9 1	
73	Bt11 1	
74	Bt3 2	
75	Bt3 1	
76	Bt3 1	
77	Bt3 1	
78	Bt3 1	Bt7 1	
79	Bt9 2	
80	Bt5 1	Bt3 1	
81	Bt10 1	Bt5 1	
82	Bt7 1	
83	Bt8 1	Bt3 1	
84	Bt1 1	
85	Bt20 1	
86	Bt17 1	
87	Bt9 1	
88	Bt3 1	
89	Bt10 1	
90	Bt5 1	
91	Bt3 2	
92	Bt3 1	
93	Bt3 1	
94	Bt8 1	
95	Bt9 1	
96	Bt5 1	
97	Bt3 1	
98	Bt8 1	
99	Bt9 1	
100	Bt3 1	
101	Bt3 1	Bt2 1	
102	Bt7 1	
103	Bt3 1	
104	Bt28 1	
105	Bt9 1	
106	Bt8 1	
107	Bt4 1	
108	Bt2 2	
109	Bt12 1	
110	Bt8 1	
111	Bt3 1	
112	Bt3 1	
113	Bt5 2	Bt2 1	
114	Bt9 1	
115	Bt5 1	
116	Bt2 1	
117	Bt20 1	
118	Bt3 1	
119	Bt3 1	
120	Bt9 1	
121	Bt9 1	
122	Bt4 1	
123	Bt3 1	
124	Bt14 1	
125	Bt4 1	
126	Bt2 1	
127	Bt3 1	
128	Bt5 1	
129	Bt8 1	
130	Bt9 1	
131	Bt13 1	
132	Bt15 1	
133	Bt5 1	Bt9 1	
134	Bt27 1	
135	Bt9 1	
136	Bt16 1	Bt23 1	Bt13 1	Bt5 1	
137	Bt7 1	
138	Bt2 1	
139	Bt8 1	
140	Bt13 1	
141	Bt13 1	
142	Bt5 1	
143	Bt5 1	
144	Bt5 1	
145	Bt16 1	
146	Bt19 1	
147	Bt23 1	Bt16 1	
148	Bt1 1	
149	Bt9 1	Bt3 1	
150	Bt9 1	
151	Bt16 1	
152	Bt9 1	
153	Bt20 1	
154	Bt9 1	
155	Bt5 1	
156	Bt3 1	
157	Bt3 1	
158	Bt3 1	
159	Bt16 1	Bt17 1	
160	Bt5 1	

DISTANCE MATRIX
0.0 2165.3 1978.2 2079.4 2165.1 2024.8 2009.7 1781.9 1955.3 1900.2 2209.1 1768.3 2038.6 1661.5 2208.5 1824.5 2169.6 1920.3 2158.4 2137.5 1953.0 1642.9 2153.4 1680.4 1639.0 1753.8 1983.2 1711.6 1962.3 1945.6 1725.6 1936.6 2181.4 1858.4 1937.9 2075.2 1971.6 1916.0 1946.4 1749.5 1943.5 2219.6 1892.7 1758.8 2204.1 1833.2 1911.5 1719.1 2002.5 2177.0 2131.4 1640.6 1674.8 2080.3 1896.9 2219.5 2074.2 1996.7 2179.5 1896.9 1939.8 1917.3 2135.9 2087.7 1992.6 1977.7 2169.9 1925.5 2055.5 1755.7 1976.4 2056.6 1940.6 1681.8 1897.3 1935.3 1997.5 2051.6 2198.3 1942.5 1943.5 2024.2 1874.2 2186.2 2014.7 2145.4 2212.5 1975.7 2119.3 2044.0 2074.4 1649.7 2179.7 1724.5 2160.0 1859.8 1848.0 1674.1 1648.2 2189.9 1712.7 2135.1 1616.5 2134.3 2081.0 1789.4 2054.6 1943.4 2162.2 2024.6 2000.2 2149.7 2108.8 2063.8 1920.4 1905.1 1981.1 2003.6 1619.5 1687.5 1679.2 1696.4 1700.7 2023.4 1930.8 2037.3 1635.5 2174.5 2004.0 2072.8 2060.5 1961.5 1993.1 2110.6 1995.4 2061.4 2143.9 1806.6 1583.6 1870.5 2084.1 1835.9 1628.9 1827.7 1714.5 2122.9 2108.3 1937.1 2021.1 1937.8 1910.2 1610.2 1774.1 1732.5 1861.2 2019.2 2184.6 1764.7 2050.4 2148.0 2205.1
2296.4 0.0 562.1 205.2 648.3 448.1 847.9 625.1 378.6 879.4 427.8 705.2 688.2 806.6 768.7 678.9 471.5 537.5 6.6 263.3 620.1 687.5 417.4 793.7 525.3 739.6 707.6 663.3 578.3 768.9 548.5 475.2 605.0 582.8 519.9 185.8 452.6 640.4 369.7 724.0 514.1 508.4 617.1 536.1 422.8 664.3 706.3 706.0 969.5 350.8 521.4 749.9 719.4 490.2 636.6 521.4 577.7 544.7 821.2 514.8 596.2 797.2 785.5 737.3 502.4 926.1 343.7 692.7 538.7 533.0 399.7 560.1 363.9 595.9 751.7 779.2 945.9 562.8 436.9 813.3 659.1 662.3 658.6 641.7 188.5 433.4 797.9 588.5 293.1 608.4 92.5 564.7 398.4 688.6 801.7 671.9 682.0 739.1 720.6 428.5 570.2 499.3 688.9 779.8 206.8 671.1 692.7 512.3 336.0 674.2 423.5 637.1 678.6 713.4 899.6 699.9 593.9 475.9 625.6 579.6 579.1 580.7 688.4 735.2 910.0 460.6 572.8 476.4 719.6 722.4 502.2 685.9 562.0 284.4 573.5 674.2 143.3 614.4 661.5 724.9 529.7 690.3 579.4 658.8 562.2 296.7 550.0 570.6 670.7 653.4 501.7 803.0 845.6 773.6 852.9 442.5 403.3 587.6 619.3 147.4 765.3
2027.6 587.5 0.0 555.0 998.1 451.5 1197.7 481.5 520.4 1229.2 777.6 491.5 1038.0 356.1 1118.5 140.2 821.3 304.2 580.6 613.1 57.9 438.4 767.2 343.2 623.0 525.9 367.1 437.7 16.1 1118.7 646.2 164.9 954.8 242.3 321.8 535.6 388.3 299.9 471.2 510.3 327.4 858.2 276.6 495.7 772.6 607.0 144.1 420.7 1319.3 700.6 871.2 536.2 470.3 840.0 74.4 871.2 927.5 18.4 1171.0 204.5 285.9 1147.0 1135.3 1087.1 338.6 1275.9 693.5 1042.5 888.5 498.7 441.2 909.9 477.0 435.0 228.9 1129.0 1295.7 912.6 786.7 1163.1 1008.9 1045.3 96.4 991.5 538.3 783.2 1147.7 946.7 642.9 1015.0 496.6 608.9 748.2 238.1 1151.5 109.7 119.8 288.6 632.7 778.3 550.1 849.1 560.3 1129.6 556.6 493.3 1060.0 412.5 685.8 1024.0 470.1 986.9 1028.4 1063.2 1249.4 137.7 952.1 87.9 564.6 677.3 546.6 678.4 474.7 1102.5 1259.8 507.2 632.6 826.2 1069.4 1072.2 852.0 345.4 362.8 634.2 923.3 1032.4 566.1 190.5 595.8 202.1 879.5 130.3 639.2 601.5 548.5 646.5 899.8 321.0 1020.5 1003.2 191.4 352.5 395.1 323.1 1202.7 445.9 753.1 685.3 435.6 570.2 1115.1
2201.2 215.9 520.3 0.0 524.3 352.9 723.9 529.9 283.4 755.4 303.8 608.8 564.2 631.5 644.7 637.1 347.5 442.3 209.0 58.0 578.3 592.3 293.4 656.8 430.1 644.4 597.5 568.1 536.5 644.9 453.3 433.4 481.0 541.0 424.7 125.8 357.4 530.3 274.5 628.8 418.9 384.4 510.4 440.9 298.8 569.1 664.5 610.8 845.5 226.8 397.4 654.7 624.2 366.2 594.8 397.4 453.7 501.4 697.2 473.0 554.4 673.2 661.5 613.3 407.2 802.1 219.7 568.7 414.7 437.8 304.5 436.1 268.7 500.7 709.9 655.2 821.9 438.8 312.9 689.3 535.9 538.3 616.8 517.7 93.3 309.4 673.9 493.3 197.9 484.4 125.0 469.5 274.4 646.8 677.7 630.1 640.2 697.3 625.4 304.5 475.0 375.3 593.7 655.8 58.6 575.9 568.7 417.1 212.0 550.2 328.3 513.1 554.6 589.4 775.6 658.1 498.7 434.1 530.4 484.4 483.9 485.5 593.2 611.2 786.0 365.4 477.6 352.4 595.6 598.4 378.2 575.8 466.8 100.7 449.5 536.9 193.4 572.6 566.3 683.1 405.7 648.5 484.2 563.6 467.0 172.7 426.0 475.4 546.7 529.4 459.9 632.5 696.3 731.8 728.9 347.3 279.3 492.4 524.1 198.6 641.3
2191.5 630.4 934.8 471.7 0.0 719.4 449.4 728.0 649.9 480.9 326.9 808.1 289.7 829.6 370.2 971.9 234.3 808.8 623.5 463.5 992.8 790.4 218.1 854.9 646.2 842.5 964.0 766.2 951.0 370.4 616.1 847.9 206.5 866.3 791.2 540.3 723.9 896.8 641.0 826.9 785.4 284.3 876.9 639.0 321.9 767.2 1079.0 808.9 571.0 257.1 385.0 852.8 822.3 145.0 1009.3 284.2 179.2 917.4 422.7 887.5 968.9 398.7 387.0 338.8 773.7 527.6 354.7 294.2 72.7 635.9 671.0 161.6 635.2 698.8 1044.7 380.7 547.4 164.3 263.0 414.8 260.6 263.8 1031.3 243.2 421.1 210.1 399.4 172.6 430.9 271.0 539.5 687.2 297.5 981.6 403.2 1044.6 995.4 855.8 789.3 254.6 673.1 199.8 757.6 381.3 530.4 774.0 294.2 783.6 271.8 275.7 694.8 238.6 280.1 314.9 501.1 1072.6 167.2 848.6 730.0 628.5 710.4 630.1 791.3 336.7 511.5 731.9 695.3 239.2 321.1 323.9 125.2 942.3 833.3 410.6 175.0 141.8 609.0 907.4 765.9 1017.9 393.3 983.3 701.9 761.7 665.1 311.4 108.2 841.9 272.2 254.9 874.4 830.6 894.4 914.2 454.4 713.8 302.4 586.1 890.6 613.1 366.8
2120.3 434.2 474.8 348.3 743.4 0.0 943.0 574.2 117.5 974.5 522.9 584.2 783.3 448.8 863.8 321.1 566.6 158.0 427.3 406.4 449.6 531.1 512.5 435.9 390.9 618.6 313.2 530.4 458.9 864.0 414.1 323.2 700.1 215.5 140.4 344.1 73.1 246.0 68.3 603.0 134.6 603.5 226.1 401.7 517.9 529.9 408.1 513.4 1064.6 445.9 616.5 628.9 563.0 585.3 393.5 616.5 672.8 459.0 916.3 283.5 273.2 892.3 880.6 832.4 122.9 1021.2 438.8 787.8 650.4 398.6 38.3 655.2 74.1 527.7 393.9 874.3 1041.0 657.9 532.0 908.4 754.2 732.2 370.8 736.8 283.6 528.5 893.0 552.2 388.2 620.5 343.3 430.3 493.5 330.8 896.8 356.4 344.6 381.3 586.2 523.6 435.8 594.4 554.5 874.9 349.9 536.7 746.9 132.8 431.1 769.3 67.2 732.2 773.7 808.5 994.7 401.7 557.6 390.2 491.2 445.2 444.7 446.3 567.4 789.4 1005.1 104.3 438.4 571.5 814.7 817.5 597.3 291.5 182.5 379.5 668.6 637.9 412.8 256.6 527.1 367.1 624.8 332.5 445.0 524.4 427.8 391.8 645.1 191.1 765.8 748.5 296.8 445.2 487.8 415.8 948.0 5.6 498.4 453.2 239.8 416.9 860.4
2079.8 896.6 1201.0 737.9 496.0 985.6 0.0 1012.6 916.1 197.8 593.1 1092.7 369.5 1114.2 450.0 1238.1 500.5 1075.0 889.7 729.7 1259.0 1075.0 484.3 1139.5 930.8 1127.1 1230.2 1050.8 1217.2 82.2 900.7 1114.1 432.4 1132.5 1057.4 806.5 990.1 1163.0 907.2 1111.5 1051.6 550.5 1143.1 923.6 588.1 1051.8 1345.2 1093.5 287.9 523.3 625.1 1035.3 1106.9 411.2 1275.5 550.4 405.1 1183.6 502.5 1153.7 1235.1 115.6 466.8 418.6 1039.9 244.5 620.9 187.7 386.4 920.5 937.2 387.5 901.4 983.4 1310.9 97.6 264.3 382.5 529.2 131.7 274.4 355.1 1297.5 469.1 687.3 476.3 479.2 484.6 697.1 583.0 805.7 971.8 563.7 1190.8 483.0 1310.8 1261.6 1140.4 1042.9 520.8 957.7 466.0 1011.2 461.1 796.6 1058.6 385.5 1049.8 538.0 355.5 961.0 464.5 506.0 394.7 218.0 1338.8 479.2 1114.8 1014.6 913.1 995.0 914.7 1075.9 354.3 228.4 998.1 979.9 505.4 334.9 403.7 391.4 1208.5 1099.5 676.8 326.3 453.8 875.2 1173.6 978.3 1284.1 560.9 1249.5 986.5 1046.3 949.7 577.6 439.2 1108.1 352.0 268.7 1140.6 1082.3 1179.0 1198.8 171.3 980.0 568.6 870.7 1156.8 879.3 446.6
1815.8 607.0 508.0 521.1 742.9 466.5 1008.3 0.0 397.0 1039.8 695.7 191.4 848.6 177.7 929.1 354.3 739.4 450.1 600.1 579.2 482.8 173.7 685.3 203.0 209.7 225.8 513.0 88.4 492.1 929.3 232.9 466.4 765.4 388.2 451.8 516.9 413.3 445.8 388.1 210.2 446.0 776.3 422.5 82.4 690.7 193.7 441.3 139.0 1129.9 618.7 689.1 236.1 205.6 703.9 426.7 789.3 738.1 526.5 981.6 426.7 469.6 957.6 945.9 897.7 434.3 1086.5 611.6 853.1 631.6 85.4 418.1 720.5 382.3 82.1 427.1 939.6 1106.3 723.2 704.8 973.7 782.7 632.0 404.0 802.1 456.4 701.3 958.3 533.4 561.0 601.7 516.1 211.5 666.3 254.3 962.1 389.6 377.8 203.9 302.0 696.4 138.7 758.7 270.3 940.2 522.7 157.3 646.7 385.1 603.9 834.6 441.9 797.5 839.0 873.8 1060.0 434.9 538.8 533.4 167.2 264.0 149.2 265.1 174.6 689.2 1070.4 479.0 235.2 744.3 708.6 882.8 684.1 491.3 434.8 552.3 733.9 619.1 585.6 336.4 203.1 400.3 641.8 365.7 241.8 188.2 172.7 564.6 667.1 466.9 831.1 789.6 440.0 219.0 242.5 262.3 1013.3 460.9 671.2 272.0 492.1 589.7 925.7
2169.2 384.7 523.7 298.8 693.9 117.5 893.5 441.2 0.0 925.0 473.4 521.3 733.8 497.7 814.3 370.0 517.1 206.9 377.8 356.9 498.5 580.0 463.0 484.8 341.4 555.7 362.1 579.3 507.8 814.5 364.6 372.1 650.6 264.4 189.3 294.6 122.0 294.9 39.1 540.1 183.5 554.0 275.0 352.2 468.4 480.4 457.0 562.3 1015.1 396.4 567.0 566.0 611.9 535.8 442.4 567.0 623.3 507.9 866.8 332.4 322.1 842.8 831.1 782.9 171.8 971.7 389.3 738.3 600.9 349.1 69.1 605.7 33.3 412.0 442.8 824.8 991.5 608.4 482.5 858.9 704.7 682.7 419.7 687.3 234.1 479.0 843.5 502.7 338.7 571.0 293.8 380.8 444.0 379.7 847.3 405.3 393.5 430.2 536.7 474.1 386.3 544.9 505.0 825.4 300.4 487.2 697.4 181.7 381.6 719.8 92.9 682.7 724.2 759.0 945.2 450.6 508.1 439.1 441.7 395.7 395.2 396.8 504.5 739.9 955.6 130.0 388.9 522.0 765.2 768.0 547.8 340.4 231.4 330.0 619.1 588.4 363.3 305.5 477.6 416.0 575.3 381.4 395.5 474.9 378.3 342.3 595.6 240.0 716.3 699.0 345.7 494.1 536.7 464.7 898.5 111.9 448.9 403.7 288.7 367.4 810.9
1943.9 941.7 1246.1 783.0 541.1 1030.7 191.4 1040.7 961.2 0.0 638.2 1027.1 414.6 997.7 495.1 1160.7 545.6 1120.1 932.3 774.8 1289.2 979.1 529.4 1016.6 897.8 1012.6 1319.4 1047.8 1262.3 127.3 945.8 1159.2 477.5 1194.6 1102.5 851.6 1035.2 1252.2 952.3 1008.3 1096.7 595.6 1228.9 968.7 633.2 1096.9 1247.7 1055.4 184.2 568.4 670.2 899.4 1011.0 456.3 1233.1 595.5 450.2 1227.2 547.6 1198.8 1276.0 99.0 511.9 463.7 1085.0 159.4 666.0 232.8 431.5 965.6 982.3 432.6 946.5 998.4 1233.5 117.0 179.2 427.6 574.3 124.2 320.3 400.2 1210.4 514.2 732.4 521.4 524.3 529.7 742.2 628.1 850.8 908.5 608.8 1060.7 528.1 1196.0 1184.2 1010.3 907.0 565.9 971.5 511.1 875.3 506.2 841.7 1048.2 430.6 1094.9 583.1 400.6 1006.1 509.6 626.6 439.8 20.1 1241.3 524.3 1159.9 878.3 958.2 938.0 959.8 959.5 399.4 52.4 1043.2 894.3 550.5 380.0 448.8 436.5 1297.7 1144.6 721.9 371.4 498.9 920.3 1142.8 842.4 1206.7 606.0 1172.1 887.7 1091.4 973.3 622.7 484.3 1153.2 397.1 313.8 1185.7 946.4 1110.3 1068.7 35.4 1025.1 613.7 915.8 1201.9 924.4 491.7
2367.6 430.3 734.7 271.6 367.3 519.3 566.9 696.3 449.8 598.4 0.0 776.4 407.2 797.9 487.7 771.8 190.5 608.7 420.9 263.4 792.7 758.7 136.4 823.2 596.5 810.8 763.9 734.5 750.9 487.9 619.7 647.8 324.0 666.2 591.1 340.2 523.8 696.7 440.9 795.2 585.3 227.4 676.8 607.3 10.3 735.5 878.9 777.2 688.5 69.8 240.4 821.1 790.6 209.2 809.2 240.4 296.7 715.8 540.2 687.4 768.8 516.2 504.5 456.3 573.6 645.1 154.6 411.7 257.7 604.2 470.9 279.1 435.1 667.1 844.6 498.2 664.9 281.8 155.9 532.3 378.1 381.3 831.2 360.7 221.0 152.4 516.9 349.4 230.8 327.4 339.4 635.9 32.8 781.5 520.7 844.5 795.3 832.0 791.8 147.5 641.4 218.3 760.1 498.8 330.3 742.3 411.7 583.5 71.7 393.2 494.7 356.1 397.6 432.4 618.6 872.5 354.8 648.5 696.8 650.8 650.3 651.9 759.6 454.2 629.0 531.8 644.0 195.4 438.6 441.4 221.2 742.2 633.2 210.5 292.5 379.9 408.9 707.3 732.7 817.8 248.7 783.2 650.6 730.0 633.4 111.3 269.0 641.8 389.7 372.4 674.3 798.9 862.7 866.5 571.9 513.7 29.7 658.8 690.5 413.0 484.3
1744.6 704.7 507.7 617.6 840.6 564.2 1044.4 189.0 494.7 933.7 792.2 0.0 945.1 177.4 1026.8 354.0 837.1 448.6 695.3 676.9 482.5 102.5 781.8 202.7 311.3 74.1 512.7 149.2 491.8 980.3 393.4 464.9 863.1 387.9 467.4 613.4 511.0 445.5 485.8 18.7 473.0 874.0 422.2 178.9 788.4 291.4 441.0 156.8 1037.2 715.2 785.6 129.8 133.2 801.6 426.4 887.0 835.8 526.6 1079.3 426.4 469.3 952.0 1043.6 995.4 484.2 1011.2 709.3 962.6 728.1 183.1 515.8 818.2 480.0 119.4 425.6 970.0 1032.2 820.9 801.3 976.0 879.5 728.5 403.7 898.6 554.1 799.0 1056.0 631.1 658.7 699.4 613.8 321.9 764.0 254.0 1059.8 389.3 377.5 203.6 226.3 794.1 234.5 856.4 153.9 1037.9 620.4 135.1 744.4 482.8 700.4 932.3 539.6 895.2 936.7 970.3 955.1 434.6 636.5 533.1 250.9 359.8 231.0 425.6 68.3 786.9 965.5 576.7 307.8 842.0 806.3 980.5 781.8 491.0 508.4 648.8 831.6 716.8 682.2 336.1 215.0 400.0 739.5 365.4 301.2 285.9 232.9 662.3 764.8 465.4 928.8 967.9 439.7 142.7 242.2 262.0 895.9 558.6 768.9 432.5 581.2 686.2 1023.4
2105.8 751.1 1055.5 592.4 350.5 840.1 363.7 867.1 770.6 395.2 447.6 946.0 0.0 968.7 178.9 1092.6 355.0 929.5 744.2 584.2 1113.5 929.5 338.8 994.0 785.3 981.6 1084.7 905.3 1071.7 284.7 755.2 968.6 286.9 987.0 911.9 661.0 844.6 1017.5 761.7 966.0 906.1 405.0 997.6 778.1 442.6 906.3 1199.7 948.1 485.3 377.8 479.6 991.9 961.4 265.7 1130.0 404.9 259.6 1036.6 169.8 1008.2 1089.6 313.0 195.7 147.5 894.4 441.9 475.4 208.5 240.9 775.0 791.7 242.0 755.9 837.9 1165.4 295.0 461.7 237.0 383.7 329.1 174.9 209.6 1152.0 323.6 541.8 330.8 202.8 339.1 551.6 437.5 660.2 826.3 418.2 1045.3 150.3 1165.3 1116.1 994.9 928.4 375.3 812.2 320.5 896.7 128.4 651.1 913.1 240.0 904.3 392.5 99.4 815.5 319.0 360.5 123.6 415.4 1193.3 333.7 969.3 869.1 767.6 849.5 769.2 930.4 254.8 425.8 852.6 834.4 359.9 235.4 71.0 245.9 1063.0 954.0 531.3 180.8 308.3 728.6 1028.1 905.0 1138.6 415.4 1104.0 841.0 900.8 804.2 432.1 293.7 962.6 64.9 169.2 995.1 969.7 1033.5 1053.3 368.7 834.5 423.1 725.2 1011.3 733.8 175.5
1716.3 715.2 381.5 629.3 851.1 470.9 1016.1 176.4 505.2 906.6 803.9 186.4 956.8 0.0 1037.3 227.8 847.6 323.6 708.3 687.4 356.3 127.1 793.5 25.1 317.9 220.8 386.5 132.6 365.6 1037.5 341.1 339.9 873.6 261.7 341.2 625.1 407.7 319.3 490.6 205.2 346.8 884.5 296.0 190.6 798.9 301.9 314.8 115.6 1008.9 726.9 797.3 231.1 159.0 812.1 300.2 897.5 846.3 400.0 1089.8 300.2 343.1 923.7 1054.1 1005.9 358.0 984.1 719.8 961.3 739.8 193.6 460.6 828.7 490.5 129.9 300.6 941.7 1003.9 831.4 813.0 948.9 890.9 740.2 277.5 910.3 564.6 809.5 1066.5 641.6 669.2 709.9 624.3 303.8 774.5 127.8 1070.3 263.1 251.3 77.4 327.6 804.6 245.0 866.9 255.2 1048.4 630.9 188.2 754.9 431.9 712.1 942.8 489.5 905.7 947.2 982.0 926.8 308.4 647.0 406.9 259.5 372.2 241.5 373.3 169.6 797.4 937.2 526.6 327.5 852.5 816.8 991.0 792.3 364.8 382.2 660.5 842.1 727.3 693.8 209.9 284.5 273.8 750.0 239.2 329.8 296.4 243.4 672.8 775.3 340.4 939.3 897.8 313.5 41.2 121.4 135.8 867.6 465.3 779.4 380.2 455.0 697.9 1033.9
2163.5 808.8 1113.2 650.1 408.2 897.8 421.4 924.8 828.3 452.9 505.3 1004.9 136.1 1026.4 0.0 1150.3 412.7 987.2 801.9 641.9 1171.2 987.2 396.5 1051.7 843.0 1039.3 1142.4 963.0 1129.4 342.4 812.9 1026.3 344.6 1044.7 969.6 718.7 902.3 1075.2 819.4 1023.7 963.8 462.7 1055.3 835.8 500.3 964.0 1257.4 1005.7 543.0 435.5 537.3 1049.6 1019.1 323.4 1187.7 462.6 317.3 1095.8 142.7 1065.9 1147.3 370.7 56.6 102.6 952.1 499.6 533.1 266.2 298.6 832.7 849.4 299.7 813.6 895.6 1223.1 352.7 519.4 294.7 441.4 386.8 232.6 267.3 1209.7 381.3 599.5 388.5 87.0 396.8 609.3 495.2 717.9 884.0 475.9 1103.0 123.2 1223.0 1173.8 1052.6 986.1 433.0 869.9 378.2 954.4 151.1 708.8 970.8 297.7 962.0 450.2 157.1 873.2 376.7 418.2 135.3 473.1 1251.0 391.4 1027.0 926.8 825.3 907.2 826.9 988.1 312.5 483.5 910.3 892.1 417.6 293.1 170.3 303.6 1120.7 1011.7 589.0 238.5 366.0 787.4 1085.8 962.7 1196.3 473.1 1161.7 898.7 958.5 861.9 489.8 351.4 1020.3 122.6 226.9 1052.8 1027.4 1091.2 1111.0 426.4 892.2 480.8 782.9 1069.0 791.5 2.8
1887.3 689.1 153.6 610.9 1006.0 311.2 1205.6 341.2 380.1 1077.6 785.5 351.2 1045.9 215.8 1126.4 0.0 829.2 163.9 682.2 669.0 128.4 298.1 775.1 202.9 482.7 385.6 226.8 297.4 137.7 1126.6 505.9 180.2 962.7 102.0 181.5 606.7 248.0 159.6 330.9 370.0 187.1 866.1 136.3 355.4 780.5 466.7 86.9 280.4 1179.9 708.5 879.1 395.9 330.0 847.9 72.3 879.1 935.4 172.1 1178.9 140.5 183.4 1154.9 1143.2 1095.0 198.3 1155.1 701.4 1050.4 904.6 358.4 300.9 917.8 336.7 294.7 88.6 1136.9 1174.9 920.5 794.6 1171.0 1016.8 905.0 49.6 999.4 546.2 791.1 1155.6 806.4 650.8 874.7 598.2 468.6 756.1 97.8 1159.4 35.3 23.5 148.3 492.4 786.2 409.8 857.0 420.0 1137.5 612.5 353.0 919.7 272.2 693.7 1031.9 329.8 994.8 1036.3 1071.1 1097.8 80.5 811.8 241.6 424.3 537.0 406.3 538.1 334.4 962.2 1108.2 366.9 492.3 834.1 981.6 1080.1 859.9 205.1 222.5 642.1 931.2 892.1 667.7 50.2 455.5 61.8 914.8 11.4 498.9 461.2 408.2 654.4 940.1 180.7 1028.4 1011.1 153.8 212.2 254.8 182.8 1038.6 305.6 761.0 545.0 295.3 671.8 1123.0
2220.0 517.6 822.0 358.9 278.3 606.6 477.9 822.3 537.1 509.4 214.1 902.4 318.2 923.9 398.7 859.1 0.0 696.0 510.7 350.7 880.0 884.7 105.3 949.2 683.8 936.8 851.2 860.5 838.2 398.9 710.4 735.1 235.0 753.5 678.4 427.5 611.1 784.0 528.2 921.2 672.6 49.9 764.1 733.3 209.1 861.5 966.2 903.2 599.5 144.3 272.2 947.1 916.6 120.2 896.5 49.8 207.7 804.6 451.2 774.7 856.1 427.2 415.5 367.3 660.9 556.1 241.9 322.7 168.7 730.2 558.2 190.1 522.4 793.1 931.9 409.2 575.9 192.8 150.2 443.3 289.1 292.3 918.5 271.7 308.3 124.9 427.9 266.9 318.1 359.2 426.7 781.5 184.7 868.8 431.7 931.8 882.6 919.3 883.6 141.8 767.4 129.3 851.9 409.8 417.6 868.3 322.7 670.8 159.0 304.2 582.0 267.1 308.6 343.4 529.6 959.8 261.5 735.8 824.3 722.8 804.7 724.4 885.6 365.2 540.0 619.1 789.6 4.8 349.6 352.4 132.2 829.5 720.5 297.8 203.5 236.1 496.2 794.6 860.2 905.1 280.5 870.5 796.2 856.0 759.4 198.6 180.0 729.1 300.7 283.4 761.6 924.9 988.7 953.8 482.9 601.0 189.6 680.4 777.8 500.3 395.3
1962.2 532.8 316.7 446.9 842.0 147.2 1041.6 416.1 216.1 1073.1 621.5 424.9 881.9 290.7 962.4 163.0 665.2 0.0 523.4 505.0 291.5 373.0 611.1 277.8 416.5 460.5 155.1 372.3 300.8 962.6 439.7 165.1 798.7 57.4 17.5 442.7 84.0 87.9 166.9 444.9 23.1 702.1 68.0 430.3 616.5 541.6 250.0 355.4 1163.2 544.5 715.1 470.8 404.9 683.9 235.4 715.1 771.4 299.4 1014.9 125.4 115.1 990.9 979.2 931.0 34.3 1119.8 537.4 886.4 749.0 433.3 136.9 753.8 172.7 369.6 235.8 972.9 1139.6 756.5 630.6 1007.0 852.8 830.8 212.7 835.4 382.2 627.1 991.6 650.8 486.8 719.1 441.9 455.9 592.1 172.7 995.4 198.3 186.5 223.2 567.3 622.2 484.7 693.0 494.9 973.5 448.5 427.9 845.5 116.7 529.7 867.9 165.8 830.8 872.3 907.1 1093.3 243.6 656.2 232.1 499.2 470.8 481.2 471.9 409.3 888.0 1103.7 202.9 464.0 670.1 913.3 916.1 695.9 133.4 67.0 478.1 767.2 736.5 512.1 98.5 530.4 209.0 723.4 174.4 470.6 536.1 483.1 490.4 743.7 33.0 864.4 840.1 138.7 287.1 329.7 257.7 1046.6 141.6 597.0 478.8 139.8 515.5 959.0
2289.7 6.9 555.4 196.1 641.6 441.4 841.2 618.4 371.9 872.7 418.7 697.3 681.5 799.9 762.0 672.2 464.8 528.4 0.0 256.6 613.4 680.8 408.3 787.0 518.6 732.9 700.9 656.6 571.6 762.2 541.8 466.1 598.3 576.1 513.2 176.7 445.9 633.7 363.0 717.3 507.4 501.7 610.4 529.4 416.1 657.6 699.6 699.4 962.8 344.1 512.3 743.2 712.7 483.5 629.9 514.7 571.0 536.5 814.5 508.1 589.5 790.5 778.8 730.6 495.7 917.0 337.0 686.0 529.6 526.3 393.0 553.4 357.2 589.2 745.0 772.5 939.2 556.1 427.8 804.2 653.2 653.2 651.9 632.6 181.8 426.7 791.2 581.8 286.4 601.7 85.8 555.6 391.7 681.9 795.0 665.2 675.3 732.4 713.9 421.8 563.5 490.2 682.2 773.1 200.1 664.4 686.0 505.6 329.3 667.5 416.8 630.4 671.9 704.3 892.9 693.2 587.2 469.2 618.9 572.9 572.4 574.0 681.7 728.5 903.3 453.9 566.1 469.7 712.9 715.7 495.5 679.2 555.3 275.3 566.8 667.5 135.5 607.7 654.8 718.2 523.0 683.6 572.7 652.1 555.5 290.0 543.3 561.5 664.0 639.7 495.0 796.3 838.9 766.9 846.2 435.8 396.6 580.9 612.6 138.3 758.6
2259.3 274.0 578.4 58.0 496.1 411.0 695.7 588.0 341.5 727.2 275.6 668.1 536.0 689.6 616.5 695.2 319.3 500.4 267.1 0.0 636.4 650.4 265.2 714.9 488.2 702.5 655.6 626.2 594.6 616.7 511.4 491.5 452.8 599.1 482.8 183.9 415.5 588.4 332.6 686.9 477.0 356.2 568.5 499.0 270.6 627.2 722.6 668.9 817.3 198.6 369.2 712.8 682.3 338.0 652.9 369.2 425.5 561.0 669.0 531.1 612.5 645.0 633.3 585.1 465.3 773.9 191.5 540.5 386.5 495.9 362.6 407.9 326.8 558.8 768.0 627.0 793.7 410.6 284.7 661.1 506.9 510.1 674.9 489.5 151.4 281.2 645.7 478.2 172.5 456.2 183.1 527.6 246.2 704.9 649.5 688.2 698.3 755.4 683.5 276.3 533.1 347.1 651.8 627.6 116.7 634.0 540.5 475.2 183.8 522.0 386.4 484.9 526.4 561.2 747.4 716.2 483.6 492.2 588.5 542.5 542.0 543.6 651.3 583.0 757.8 423.5 535.7 324.2 567.4 570.2 350.0 633.9 524.9 72.5 421.3 508.7 252.6 630.7 624.4 741.2 377.5 706.6 542.3 621.7 525.1 144.5 397.8 533.5 518.5 501.2 518.0 690.6 754.4 789.9 700.7 405.4 251.1 550.5 582.2 256.7 613.1
2011.4 644.5 56.9 612.0 1055.1 435.3 1254.7 465.3 504.2 1286.2 834.6 475.3 1095.0 339.9 1175.5 124.0 878.3 288.0 637.6 670.1 0.0 422.2 824.2 327.0 606.8 509.7 350.9 421.5 41.0 1175.7 630.0 221.9 1011.8 226.1 305.6 592.6 372.1 283.7 455.0 494.1 311.2 915.2 260.4 479.5 829.6 590.8 127.9 404.5 1376.3 757.6 928.2 520.0 454.1 897.0 58.2 928.2 984.5 75.4 1228.0 261.5 307.5 1204.0 1192.3 1144.1 322.4 1332.9 750.5 1099.5 1028.7 482.5 425.0 966.9 460.8 418.8 212.7 1186.0 1352.7 969.6 843.7 1220.1 1065.9 1029.1 80.2 1048.5 595.3 840.2 1204.7 930.5 699.9 998.8 553.6 592.7 805.2 221.9 1208.5 93.5 103.6 272.4 616.5 835.3 533.9 906.1 544.1 1186.6 613.6 477.1 1043.8 396.3 742.8 1081.0 453.9 1043.9 1085.4 1120.2 1306.4 121.5 935.9 144.9 548.4 661.1 530.4 662.2 458.5 1086.3 1316.8 491.0 616.4 883.2 1105.7 1129.2 909.0 329.2 346.6 691.2 980.3 1016.2 623.1 174.3 579.6 185.9 936.5 114.1 623.0 585.3 532.3 703.5 956.8 304.8 1077.5 1060.2 248.4 336.3 378.9 306.9 1162.7 429.7 810.1 669.1 419.4 627.2 1172.1
1710.1 672.2 475.2 586.3 808.1 531.7 1073.5 156.5 462.2 900.4 760.9 107.7 913.8 144.9 994.3 321.5 804.6 417.3 665.3 644.4 450.0 0.0 750.5 170.2 274.9 181.9 480.2 116.7 459.3 994.5 298.1 433.6 830.6 355.4 434.9 582.1 478.5 413.0 453.3 126.5 440.5 841.5 389.7 147.6 755.9 258.9 408.5 124.2 1002.7 683.9 754.3 183.0 31.8 769.1 393.9 854.5 803.3 493.7 1046.8 393.9 436.8 917.5 1011.1 962.9 451.7 977.9 676.8 918.3 696.8 150.6 483.3 785.7 447.5 86.9 394.3 1004.8 997.7 788.4 770.0 942.7 847.9 697.2 371.2 867.3 521.6 766.5 1023.5 598.6 626.2 666.9 581.3 260.8 731.5 221.5 1027.3 356.8 345.0 171.1 279.5 761.6 202.0 823.9 207.1 1005.4 587.9 140.1 711.9 450.3 669.1 899.8 507.1 862.7 904.2 939.0 920.6 402.1 604.0 500.6 216.5 329.2 198.5 330.3 121.5 754.4 931.0 544.2 284.5 809.5 773.8 948.0 749.3 458.5 475.9 617.5 799.1 684.3 650.8 303.6 252.4 367.5 707.0 332.9 291.1 253.4 200.4 629.8 732.3 434.1 896.3 854.8 407.2 186.2 209.7 229.5 861.4 526.1 736.4 337.2 548.7 654.9 990.9
2201.2 460.9 765.3 302.2 259.5 549.9 459.1 726.9 480.4 490.6 157.4 805.8 299.4 828.5 379.9 802.4 82.7 639.3 451.5 294.0 823.3 789.3 0.0 853.8 627.1 841.4 794.5 765.1 781.5 380.1 650.3 678.4 216.2 696.8 621.7 370.8 554.4 727.3 471.5 825.8 615.9 119.6 707.4 637.9 152.4 766.1 909.5 807.9 580.7 87.6 215.5 851.7 821.2 101.4 839.8 132.6 188.9 746.4 432.4 718.0 799.4 408.4 396.7 348.5 604.2 537.3 185.2 303.9 149.9 634.8 501.5 171.3 465.7 697.7 875.2 390.4 557.1 174.0 93.5 424.5 270.3 273.5 861.8 252.9 251.6 44.6 409.1 248.1 261.4 302.5 370.0 666.5 128.0 812.1 412.9 875.1 825.9 862.6 822.4 85.1 672.0 110.5 790.7 391.0 360.9 772.9 303.9 614.1 102.3 285.4 525.3 248.3 289.8 324.6 510.8 903.1 242.7 679.1 727.4 704.0 680.9 705.6 790.2 346.4 521.2 562.4 674.6 87.6 330.8 333.6 113.4 772.8 663.8 241.1 184.7 217.3 440.2 737.9 763.3 848.4 223.8 813.8 681.2 760.6 664.0 141.9 161.2 672.4 281.9 264.6 704.9 829.5 893.3 897.1 464.1 544.3 132.9 661.6 721.1 443.6 376.5
1735.2 730.5 368.6 644.6 866.4 458.0 1035.0 191.7 520.5 925.5 819.2 201.7 972.1 35.1 1052.6 214.9 862.9 310.7 723.6 702.7 343.4 146.0 808.8 0.0 333.2 236.1 373.6 147.9 352.7 1052.8 356.4 327.0 888.9 248.8 328.3 640.4 394.8 306.4 477.7 220.5 333.9 899.8 283.1 205.9 814.2 317.2 301.9 130.9 1027.8 742.2 812.6 246.4 177.9 827.4 287.3 912.8 861.6 387.1 1105.1 287.3 330.2 942.6 1069.4 1021.2 345.1 1003.0 735.1 976.6 755.1 208.9 447.7 844.0 483.5 145.2 287.7 960.6 1022.8 846.7 828.3 967.8 906.2 755.5 264.6 925.6 579.9 824.8 1081.8 656.9 684.5 725.2 639.6 319.1 789.8 114.9 1085.6 250.2 238.4 64.5 342.9 819.9 260.3 882.2 270.5 1063.7 646.2 203.5 770.2 419.0 727.4 958.1 476.6 921.0 962.5 997.3 945.7 295.5 662.3 394.0 274.8 387.5 256.8 388.6 184.9 812.7 956.1 513.7 342.8 867.8 832.1 1006.3 807.6 351.9 369.3 675.8 857.4 742.6 709.1 197.0 303.4 260.9 765.3 226.3 348.7 311.7 258.7 688.1 790.6 327.5 954.6 913.1 300.6 60.1 136.7 122.9 886.5 452.4 794.7 395.5 442.1 713.2 1049.2
1737.8 526.2 640.6 440.3 675.7 385.7 856.1 208.7 316.2 805.5 614.9 288.8 814.0 310.3 894.5 486.9 658.6 388.6 519.3 498.4 615.4 271.1 604.5 335.6 0.0 323.2 543.8 246.9 624.7 777.1 84.8 553.8 698.2 446.1 371.0 436.1 332.5 476.6 307.3 307.6 365.2 695.5 456.7 119.7 609.9 247.9 573.9 289.6 907.8 537.9 621.9 237.6 303.0 636.7 559.3 708.5 670.9 689.6 947.0 514.1 503.8 805.4 911.3 863.1 353.5 883.0 530.8 700.9 564.4 116.6 337.3 653.3 301.5 179.5 559.7 787.4 902.8 656.0 624.0 821.5 718.9 564.8 536.6 734.9 375.6 620.5 923.7 466.2 480.2 534.5 435.3 49.5 585.5 386.9 927.5 522.2 510.4 336.5 245.2 615.6 150.9 691.5 213.5 905.6 441.9 254.7 579.5 304.3 523.1 800.0 361.1 730.3 771.8 839.2 825.7 567.5 471.6 620.8 110.4 54.2 137.0 63.1 272.0 622.0 836.1 398.2 57.6 663.5 641.4 848.2 616.9 522.1 354.0 471.5 666.7 551.9 504.8 487.2 146.3 532.9 574.6 498.3 64.2 242.4 127.2 483.8 599.9 421.7 796.5 713.2 527.4 311.3 375.1 394.9 766.5 380.1 590.4 89.5 411.3 508.9 891.1
1798.6 728.1 531.1 642.2 864.0 587.6 1098.4 212.4 518.1 988.9 816.8 64.9 969.7 200.8 1050.2 377.4 860.5 473.2 721.2 700.3 505.9 156.5 806.4 226.1 307.6 0.0 536.1 172.6 515.2 1035.1 389.7 489.5 886.5 411.3 490.8 638.0 534.4 468.9 509.2 46.1 496.4 897.4 445.6 203.5 811.8 314.8 464.4 180.1 1091.2 739.8 810.2 126.1 188.4 825.0 449.8 910.4 859.2 549.6 1102.7 449.8 492.7 1006.0 1067.0 1018.8 507.6 1066.4 732.7 958.9 752.7 206.5 539.2 841.6 503.4 142.8 450.2 1024.0 1086.2 844.3 825.9 1031.2 976.9 753.1 427.1 923.2 577.5 822.4 1079.4 654.5 682.1 722.8 637.2 318.2 787.4 277.4 1083.2 412.7 400.9 227.0 222.6 817.5 257.9 879.8 150.2 1061.3 643.8 131.4 767.8 506.2 725.0 955.7 563.0 918.6 960.1 994.9 1009.1 458.0 659.9 556.5 247.2 356.1 306.9 421.9 64.6 810.3 1019.5 600.1 304.1 865.4 829.7 1003.9 805.2 514.4 531.8 673.4 855.0 740.2 706.7 359.5 211.3 423.4 762.9 388.8 297.5 309.3 256.3 685.7 788.2 490.0 952.2 971.2 463.1 196.7 265.6 285.4 949.9 582.0 792.3 428.8 604.6 710.8 1046.8
2029.5 712.4 384.0 626.5 1021.6 326.8 1221.2 483.4 395.7 1252.7 801.1 493.4 1061.5 358.0 1142.0 230.3 844.8 179.5 705.5 684.6 358.8 440.3 790.7 345.1 596.1 527.8 0.0 439.6 368.1 1142.2 619.3 232.4 978.3 124.7 197.1 622.3 263.6 74.6 346.5 512.2 202.7 881.7 151.9 497.6 796.1 608.9 317.3 422.6 1342.8 724.1 894.7 538.1 472.2 863.5 302.7 894.7 951.0 368.2 1194.5 192.7 199.0 1170.5 1158.8 1110.6 213.9 1299.4 717.0 1066.0 928.6 500.6 316.5 933.4 352.3 436.9 303.1 1152.5 1319.2 936.1 810.2 1186.6 1032.4 1047.2 280.0 1015.0 561.8 806.7 1171.2 830.4 666.4 898.7 621.5 610.8 771.7 240.0 1175.0 265.6 253.8 290.5 634.6 801.8 552.0 872.6 562.2 1153.1 628.1 495.2 1061.9 287.8 709.3 1047.5 345.4 1010.4 1051.9 1086.7 1272.9 310.9 835.8 299.4 566.5 650.4 548.5 651.5 476.6 1104.4 1283.3 382.5 634.5 849.7 1092.9 1095.7 875.5 39.5 238.1 657.7 946.8 916.1 691.0 165.8 597.7 276.3 903.0 241.7 641.1 603.4 550.4 670.0 923.3 196.3 1044.0 1026.7 206.0 354.4 397.0 325.0 1226.2 321.2 776.6 658.4 310.9 695.1 1138.6
1789.3 658.5 454.2 572.6 794.4 518.0 1059.8 98.4 448.5 979.6 747.2 164.9 900.1 123.9 980.6 300.5 790.9 396.3 651.6 630.7 429.0 147.2 736.8 149.2 261.2 199.3 459.2 0.0 438.3 980.8 284.4 412.6 816.9 334.4 413.9 568.4 464.8 392.0 439.6 183.7 419.5 827.8 368.7 133.9 742.2 245.2 387.5 85.2 1081.9 670.2 740.6 209.6 179.1 755.4 372.9 840.8 789.6 472.7 1033.1 372.9 415.8 1009.1 997.4 949.2 430.7 1057.1 663.1 904.6 683.1 136.9 469.6 772.0 433.8 73.2 373.3 991.1 1076.9 774.7 756.3 1025.2 834.2 683.5 350.2 853.6 507.9 752.8 1009.8 584.9 612.5 653.2 567.6 277.7 717.8 200.5 1013.6 335.8 324.0 150.1 306.1 747.9 204.9 810.2 233.7 991.7 574.2 139.8 698.2 436.6 655.4 886.1 493.4 849.0 890.5 925.3 999.8 381.1 590.3 479.6 233.4 315.5 215.4 316.6 148.1 740.7 1010.2 530.5 301.4 795.8 760.1 934.3 735.6 437.5 454.9 603.8 785.4 670.6 637.1 282.6 269.3 346.5 693.3 311.9 308.0 239.7 186.7 616.1 718.6 413.1 882.6 841.1 386.2 165.2 188.7 208.5 940.6 512.4 722.7 323.5 527.7 641.2 977.2
2011.4 603.4 15.8 570.9 1014.0 435.3 1213.6 465.3 504.2 1245.1 793.5 475.3 1053.9 339.9 1134.4 124.0 837.2 288.0 596.5 629.0 41.7 422.2 783.1 327.0 606.8 509.7 350.9 421.5 0.0 1134.6 630.0 180.8 970.7 226.1 305.6 551.5 372.1 283.7 455.0 494.1 311.2 874.1 260.4 479.5 788.5 590.8 127.9 404.5 1335.2 716.5 887.1 520.0 454.1 855.9 58.2 887.1 943.4 34.3 1186.9 220.4 301.8 1162.9 1151.2 1103.0 322.4 1291.8 709.4 1058.4 904.4 482.5 425.0 925.8 460.8 418.8 212.7 1144.9 1311.6 928.5 802.6 1179.0 1024.8 1029.1 80.2 1007.4 554.2 799.1 1163.6 930.5 658.8 998.8 512.5 592.7 764.1 221.9 1167.4 93.5 103.6 272.4 616.5 794.2 533.9 865.0 544.1 1145.5 572.5 477.1 1043.8 396.3 701.7 1039.9 453.9 1002.8 1044.3 1079.1 1265.3 121.5 935.9 103.8 548.4 661.1 530.4 662.2 458.5 1086.3 1275.7 491.0 616.4 842.1 1105.7 1088.1 867.9 329.2 346.6 650.1 939.2 1016.2 582.0 174.3 579.6 185.9 895.4 114.1 623.0 585.3 532.3 662.4 915.7 304.8 1036.4 1019.1 207.3 336.3 378.9 306.9 1218.6 429.7 769.0 669.1 419.4 586.1 1131.0
1992.4 814.3 1118.7 655.6 413.7 903.3 78.9 930.3 833.8 110.4 510.8 1010.4 287.2 1046.2 367.7 1209.2 418.2 992.7 807.4 647.4 1176.7 992.7 402.0 1065.1 848.5 1044.8 1147.9 968.5 1134.9 0.0 818.4 1031.8 350.1 1050.2 975.1 724.2 907.8 1080.7 824.9 1029.2 969.3 468.2 1060.8 841.3 505.8 969.5 1262.9 1011.2 200.5 441.0 542.8 947.9 1024.6 328.9 1193.2 468.1 322.8 1101.3 420.2 1071.4 1152.8 28.2 384.5 336.3 957.6 157.1 538.6 105.4 304.1 838.2 854.9 305.2 819.1 901.1 1282.0 10.2 176.9 300.2 446.9 44.3 192.1 272.8 1215.2 386.8 605.0 394.0 396.9 402.3 614.8 500.7 723.4 889.5 481.4 1109.2 400.7 1228.5 1232.7 1058.8 955.5 438.5 875.4 383.7 923.8 378.8 714.3 976.3 303.2 967.5 455.7 273.2 878.7 382.2 423.7 312.4 130.6 1256.5 396.9 1032.5 932.3 830.8 912.7 832.4 993.6 272.0 141.0 915.8 897.6 423.1 252.6 321.4 309.1 1126.2 1017.2 594.5 244.0 371.5 792.9 1091.3 890.9 1255.2 478.6 1220.6 904.2 964.0 867.4 495.3 356.9 1025.8 269.7 186.4 1058.3 994.9 1096.7 1117.2 83.9 897.7 486.3 788.4 1074.5 797.0 364.3
1787.5 565.7 706.4 479.8 708.3 425.2 905.8 287.6 355.7 855.2 654.4 354.6 814.0 376.1 894.5 552.7 698.1 428.1 558.8 537.9 681.2 336.9 644.0 401.4 49.6 372.3 583.3 345.8 690.5 826.8 0.0 593.3 730.8 485.6 410.5 475.6 372.0 516.1 346.8 373.4 404.7 735.0 496.2 159.2 649.4 287.4 639.7 355.4 957.5 577.4 654.5 259.1 368.8 669.3 625.1 748.0 703.5 724.9 947.0 553.6 543.3 855.1 911.3 863.1 393.0 932.7 570.3 750.6 597.0 156.1 376.8 685.9 341.0 245.3 625.5 837.1 952.5 688.6 663.5 871.2 768.6 597.4 602.4 767.5 415.1 660.0 923.7 498.8 519.7 567.1 474.8 71.0 625.0 452.7 927.5 588.0 576.2 402.3 266.7 655.1 218.4 724.1 235.0 905.6 481.4 320.5 612.1 343.8 562.6 800.0 400.6 762.9 804.4 839.2 875.4 633.3 504.2 660.3 131.9 64.5 184.9 32.1 319.2 654.6 885.8 437.7 79.1 703.0 674.0 848.2 649.5 561.6 393.5 511.0 699.3 584.5 544.3 526.7 167.8 598.7 607.2 564.1 85.7 281.9 166.7 523.3 632.5 461.2 796.5 762.9 566.9 377.1 440.9 460.7 816.2 419.6 629.9 39.0 450.8 548.4 891.1
2002.8 508.8 153.1 476.3 919.4 316.7 1119.0 456.7 385.6 1150.5 698.9 465.5 959.3 331.3 1039.8 203.6 742.6 169.4 499.4 534.4 211.1 413.6 688.5 318.4 586.0 501.1 232.3 412.9 169.3 1040.0 609.2 0.0 876.1 107.5 187.0 456.9 253.5 165.1 336.4 485.5 192.6 779.5 141.8 470.9 693.9 582.2 290.6 395.9 1240.6 621.9 792.5 511.4 445.5 761.3 227.6 792.5 848.8 134.2 1092.3 39.5 120.9 1068.3 1056.6 1008.4 203.8 1197.2 614.8 963.8 809.8 473.9 306.4 831.2 342.2 410.2 276.4 1050.3 1217.0 833.9 708.0 1084.4 930.2 933.4 249.6 912.8 459.6 704.5 1069.0 820.3 564.2 888.6 417.9 584.1 669.5 213.3 1072.8 238.9 227.1 263.8 607.9 699.6 525.3 770.4 535.5 1050.9 477.9 468.5 963.8 277.7 607.1 945.3 335.3 908.2 949.7 984.5 1170.7 284.2 825.7 66.9 539.8 640.3 521.8 641.4 449.9 1006.3 1181.1 372.4 607.8 747.5 990.7 993.5 773.3 210.6 228.0 555.5 844.6 906.0 488.1 139.1 571.0 249.6 800.8 215.0 614.4 576.7 523.7 567.8 821.1 186.2 941.8 924.5 26.4 327.7 370.3 298.3 1124.0 311.1 674.4 648.3 300.8 491.5 1036.4
2142.7 632.2 936.6 473.5 231.6 721.2 400.6 775.6 651.7 432.1 328.7 855.7 240.9 877.2 321.4 973.7 236.1 810.6 625.3 465.3 994.6 838.0 219.9 902.5 693.8 890.1 965.8 813.8 952.8 321.6 663.7 849.7 0.0 868.1 793.0 542.1 725.7 898.6 642.8 874.5 787.2 286.1 878.7 686.6 323.7 814.8 1080.8 856.5 522.2 258.9 360.7 900.4 869.9 146.8 1011.1 286.0 25.8 919.2 373.9 889.3 970.7 349.9 338.2 290.0 775.5 478.8 356.5 245.4 122.0 683.5 672.8 42.6 637.0 746.4 1046.5 331.9 498.6 118.1 264.8 366.0 211.8 215.0 1033.1 36.6 422.9 211.9 350.6 220.2 432.7 318.6 541.3 734.8 299.3 953.8 354.4 1046.4 997.2 903.4 836.9 256.4 720.7 201.6 805.2 332.5 532.2 821.6 245.4 785.4 273.6 226.9 696.6 32.0 73.5 266.1 452.3 1074.4 214.8 850.4 777.6 676.1 758.0 677.7 838.9 287.9 462.7 733.7 742.9 241.0 272.3 275.1 127.0 944.1 835.1 412.4 126.2 189.4 610.8 909.2 813.5 1019.7 296.5 985.1 749.5 809.3 712.7 313.2 174.8 843.7 223.4 206.1 876.2 878.2 942.0 961.8 405.6 715.6 304.2 633.7 892.4 614.9 318.0
1904.7 594.7 259.2 508.8 903.9 209.1 1103.5 358.6 278.0 1135.0 683.4 368.6 943.8 233.2 1024.3 105.5 727.1 61.8 587.8 566.9 234.0 315.5 673.0 220.3 478.4 403.0 124.7 314.8 243.3 1024.5 501.6 107.6 860.6 0.0 79.4 504.6 145.9 57.5 228.8 387.4 85.0 764.0 34.2 372.8 678.4 484.1 192.5 297.8 1225.1 606.4 777.0 413.3 347.4 745.8 177.9 777.0 833.3 243.4 1076.8 67.9 81.3 1052.8 1041.1 992.9 96.2 1181.7 599.3 948.3 810.9 375.8 198.8 815.7 234.6 312.1 178.3 1034.8 1201.5 818.4 692.5 1068.9 914.7 922.4 155.2 897.3 444.1 689.0 1053.5 712.7 548.7 781.0 503.8 486.0 654.0 115.2 1057.3 140.8 129.0 165.7 509.8 684.1 427.2 754.9 437.4 1035.4 510.4 370.4 937.1 170.1 591.6 929.8 227.7 892.7 934.2 969.0 1155.2 186.1 718.1 174.6 441.7 532.7 423.7 533.8 351.8 979.6 1165.6 264.8 509.7 732.0 999.0 978.0 757.8 103.0 120.4 540.0 829.1 798.4 573.3 41.0 472.9 151.5 785.3 116.9 516.3 478.6 425.6 552.3 805.6 78.6 926.3 909.0 81.2 229.6 272.2 200.2 1108.5 203.5 658.9 540.7 193.2 577.4 1020.9
1979.8 515.2 334.3 429.3 824.4 129.6 1024.0 433.7 198.5 1055.5 603.9 443.7 864.3 308.3 944.8 180.6 647.6 17.5 508.3 487.4 309.1 390.6 593.5 295.4 398.9 478.1 172.7 389.9 318.4 945.0 422.1 182.7 781.1 75.0 0.0 425.1 66.4 105.5 149.3 462.5 5.5 684.5 85.6 447.9 598.9 559.2 267.6 372.9 1145.6 526.9 697.5 488.4 422.5 666.3 253.0 697.5 753.8 318.5 997.3 143.0 132.7 973.3 961.6 913.4 16.7 1102.2 519.8 868.8 731.4 450.9 119.3 736.2 155.1 387.2 253.4 955.3 1122.0 738.9 613.0 989.4 835.2 813.2 230.3 817.8 364.6 609.5 974.0 633.2 469.2 701.5 424.3 438.3 574.5 190.3 977.8 215.9 204.1 240.8 584.9 604.6 443.8 675.4 512.5 955.9 430.9 445.5 827.9 107.3 512.1 850.3 148.2 813.2 854.7 889.5 1075.7 261.2 638.6 249.7 516.8 453.2 452.7 454.3 426.9 870.4 1086.1 185.3 446.4 652.5 895.7 898.5 678.3 151.0 84.6 460.5 749.6 718.9 493.8 116.1 548.0 226.6 705.8 192.0 453.0 553.7 435.8 472.8 726.1 50.6 846.8 829.5 156.3 304.7 347.3 275.3 1029.0 124.0 579.4 461.2 157.4 497.9 941.4
2230.6 190.1 494.5 139.4 582.5 382.3 782.1 559.3 312.8 813.6 362.0 638.2 622.4 739.0 702.9 611.3 405.7 577.1 180.7 197.5 552.5 621.7 351.6 726.1 459.5 673.8 640.0 597.5 510.7 703.1 482.7 407.6 539.2 515.2 454.1 0.0 386.8 572.8 303.9 658.2 448.3 442.6 549.5 470.3 357.0 598.5 638.7 803.7 903.7 285.0 455.6 684.1 653.6 424.4 569.0 455.6 511.9 475.6 755.4 447.2 528.6 731.4 719.7 671.5 436.6 860.3 277.9 626.9 472.9 467.2 333.9 494.3 298.1 530.1 684.1 713.4 880.1 497.0 371.1 747.5 593.3 596.5 591.0 575.9 122.7 367.6 732.1 522.7 227.3 542.6 99.2 498.9 332.6 621.0 735.9 604.3 614.4 671.5 654.8 362.7 504.4 433.5 623.1 714.0 141.0 605.3 626.9 446.5 270.2 608.4 357.7 571.3 612.8 647.6 833.8 632.3 528.1 408.3 559.8 513.8 513.3 514.9 622.6 669.4 844.2 394.8 507.0 410.6 653.8 656.6 436.4 618.3 496.2 218.6 507.7 608.4 168.7 546.8 595.7 657.3 463.9 622.7 513.6 593.0 496.4 230.9 484.2 593.9 604.9 587.6 434.1 735.4 778.0 706.0 787.1 376.7 337.5 521.8 553.5 172.8 699.5
2047.1 448.7 401.6 362.8 757.9 63.1 957.5 501.0 132.0 989.0 537.4 511.0 797.8 375.6 878.3 247.9 581.1 84.8 441.8 420.9 376.4 457.9 527.0 362.7 351.2 545.4 240.0 457.2 385.7 878.5 374.4 250.0 714.6 142.3 67.2 358.6 0.0 172.8 82.8 529.8 61.4 618.0 152.9 362.0 532.4 490.2 334.9 440.2 1079.1 460.4 631.0 555.7 489.8 599.8 320.3 631.0 687.3 385.8 930.8 210.3 200.0 906.8 895.1 846.9 49.7 1035.7 453.3 802.3 664.9 358.9 52.8 669.7 88.6 454.5 320.7 888.8 1055.5 672.4 546.5 922.9 768.7 746.7 297.6 751.3 298.1 543.0 907.5 566.7 402.7 635.0 357.8 390.6 508.0 257.6 911.3 283.2 271.4 308.1 546.5 538.1 396.1 608.9 579.8 889.4 364.4 512.8 761.4 59.6 445.6 783.8 81.7 746.7 788.2 823.0 1009.2 328.5 572.1 317.0 451.5 405.5 405.0 406.6 494.2 803.9 1019.6 118.8 398.7 586.0 829.2 832.0 611.8 218.3 109.3 394.0 683.1 652.4 427.3 183.4 487.4 293.9 639.3 259.3 405.3 484.7 388.1 406.3 659.6 117.9 780.3 763.0 223.6 372.0 414.6 342.6 962.5 57.5 512.9 413.5 166.6 431.4 874.9
1952.3 635.2 306.8 549.3 944.4 249.6 1144.0 406.2 318.5 1175.5 723.9 416.2 984.3 280.8 1064.8 153.1 767.6 102.3 628.3 607.4 281.6 363.1 713.5 267.9 518.9 450.6 84.6 362.4 290.9 1065.0 542.1 155.2 901.1 47.5 119.9 545.1 186.4 0.0 269.3 435.0 125.5 804.5 74.7 420.4 718.9 531.7 240.1 345.4 1265.6 646.9 817.5 460.9 395.0 786.3 225.5 817.5 873.8 291.0 1117.3 115.5 121.8 1093.3 1081.6 1033.4 136.7 1222.2 639.8 988.8 851.4 423.4 239.3 856.2 275.1 359.7 225.9 1075.3 1242.0 858.9 733.0 1109.4 955.2 970.0 202.8 937.8 484.6 729.5 1094.0 753.2 589.2 821.5 544.3 533.6 694.5 162.8 1097.8 188.4 176.6 213.3 557.4 724.6 474.8 795.4 485.0 1075.9 550.9 418.0 984.7 210.6 632.1 970.3 268.2 933.2 974.7 1009.5 1195.7 233.7 758.6 222.2 489.3 573.2 471.3 574.3 399.4 1027.2 1206.1 305.3 557.3 772.5 1015.7 1018.5 798.3 45.4 160.9 580.5 869.6 838.9 613.8 88.6 520.5 199.1 825.8 164.5 563.9 526.2 473.2 592.8 846.1 119.1 966.8 949.5 128.8 277.2 319.8 247.8 1149.0 244.0 699.4 581.2 233.7 617.9 1061.4
2130.0 365.8 484.5 279.9 675.0 78.3 874.6 422.3 49.1 906.1 454.5 502.4 714.9 458.5 795.4 330.8 498.2 167.7 358.9 338.0 459.3 540.8 444.1 445.6 322.5 536.8 322.9 540.1 468.6 795.6 345.7 332.9 631.7 225.2 150.1 275.7 82.8 255.7 0.0 521.2 144.3 535.1 235.8 333.3 449.5 461.5 417.8 523.1 996.2 377.5 548.1 547.1 572.7 516.9 403.2 548.1 604.4 468.7 847.9 293.2 282.9 823.9 812.2 764.0 132.6 952.8 370.4 719.4 582.0 330.2 29.9 586.8 5.8 393.1 403.6 805.9 972.6 589.5 463.6 840.0 685.8 663.8 380.5 668.4 215.2 460.1 824.6 483.8 319.8 552.1 274.9 361.9 425.1 340.5 828.4 366.1 354.3 391.0 517.8 455.2 367.4 526.0 486.1 806.5 281.5 468.3 678.5 142.5 362.7 700.9 53.7 663.8 705.3 740.1 926.3 411.4 489.2 399.9 422.8 376.8 376.3 377.9 485.6 721.0 936.7 90.8 370.0 503.1 746.3 749.1 528.9 301.2 192.2 311.1 600.2 569.5 344.4 266.3 458.7 376.8 556.4 342.2 376.6 456.0 359.4 323.4 576.7 200.8 697.4 680.1 306.5 454.9 497.5 425.5 879.6 72.7 430.0 384.8 249.5 348.5 792.0
1763.4 713.0 516.0 627.1 848.9 572.5 1063.2 197.3 503.0 953.7 801.7 18.7 954.6 185.7 1035.1 362.3 845.4 458.1 706.1 685.2 490.8 121.3 791.3 211.0 292.5 55.3 521.0 157.5 500.1 999.1 374.6 474.4 871.4 396.2 475.7 622.9 519.3 453.8 494.1 0.0 481.3 882.3 430.5 188.4 796.7 299.7 449.3 165.0 1056.0 724.7 795.1 111.0 153.2 809.9 434.7 895.3 844.1 534.5 1087.6 434.7 477.6 970.8 1051.9 1003.7 492.5 1031.2 717.6 943.8 737.6 191.4 524.1 826.5 488.3 127.7 435.1 988.8 1051.0 829.2 810.8 996.0 961.8 738.0 412.0 908.1 562.4 807.3 1064.3 639.4 667.0 707.7 622.1 303.1 772.3 262.3 1068.1 397.6 385.8 211.9 207.5 802.4 242.8 864.7 135.1 1046.2 628.7 116.3 752.7 491.1 709.9 940.6 547.9 903.5 945.0 979.8 973.9 442.9 644.8 541.4 232.1 341.0 291.8 406.8 49.5 795.2 984.3 585.0 289.0 850.3 814.6 988.8 790.1 499.3 516.7 658.3 839.9 725.1 691.6 344.4 196.2 408.3 747.8 373.7 282.4 294.2 241.2 670.6 773.1 474.9 937.1 956.1 448.0 161.5 250.5 270.3 914.7 566.9 777.2 413.7 589.5 695.7 1031.7
1985.6 509.6 340.1 423.7 818.8 124.0 1018.4 439.5 192.9 1049.9 598.3 449.5 858.7 314.1 939.2 186.4 642.0 23.3 502.7 481.8 314.9 396.4 587.9 301.2 393.3 483.9 178.5 395.7 324.2 939.4 416.5 188.5 775.5 80.8 5.7 419.5 60.8 111.3 143.7 468.3 0.0 678.9 91.4 453.7 593.3 565.0 273.4 378.7 1140.0 521.3 691.9 494.2 428.3 660.7 258.8 691.9 748.2 324.3 991.7 148.8 138.5 967.7 956.0 907.8 11.1 1096.6 514.2 863.2 725.8 456.7 113.7 730.6 149.5 393.0 259.2 949.7 1116.4 733.3 607.4 983.8 829.6 807.6 236.1 812.2 359.0 603.9 968.4 627.6 463.6 695.9 418.7 432.7 568.9 196.1 972.2 221.7 209.9 246.6 590.7 599.0 438.2 669.8 518.3 950.3 425.3 451.3 822.3 101.7 506.5 844.7 142.6 807.6 849.1 883.9 1070.1 267.0 633.0 255.5 522.6 447.6 447.1 448.7 432.7 864.8 1080.5 179.7 440.8 646.9 890.1 892.9 672.7 156.8 90.4 454.9 744.0 713.3 488.2 121.9 553.8 232.4 700.2 197.8 447.4 559.5 430.2 467.2 720.5 56.4 841.2 823.9 162.1 310.5 353.1 281.1 1023.4 118.4 573.8 455.6 163.2 492.3 935.8
2267.8 551.5 855.9 392.8 326.1 640.5 525.7 870.1 571.0 557.2 248.0 950.2 366.0 971.7 446.5 893.0 60.3 729.9 544.6 384.6 913.9 932.5 139.2 997.0 717.7 984.6 885.1 908.3 872.1 446.7 758.2 769.0 282.8 787.4 712.3 461.4 645.0 817.9 562.1 969.0 706.5 0.0 798.0 781.1 243.0 909.3 1000.1 951.0 647.3 178.2 306.1 994.9 964.4 168.0 930.4 49.1 255.5 838.5 499.0 808.6 890.0 475.0 463.3 415.1 694.8 603.9 275.8 370.5 216.5 778.0 592.1 237.9 556.3 840.9 965.8 457.0 623.7 240.6 184.1 491.1 336.9 340.1 952.4 319.5 342.2 74.9 475.7 314.7 352.0 393.1 460.6 829.3 218.6 902.7 479.5 965.7 916.5 953.2 931.4 175.7 815.2 177.1 899.7 457.6 451.5 916.1 370.5 704.7 192.9 352.0 615.9 314.9 356.4 391.2 577.4 993.7 309.3 769.7 872.1 770.6 771.5 772.2 933.4 413.0 587.8 653.0 837.4 55.1 397.4 400.2 180.0 863.4 754.4 331.7 251.3 283.9 530.1 828.5 908.0 939.0 314.4 904.4 844.0 903.8 807.2 232.5 227.8 763.0 348.5 331.2 795.5 972.7 1036.5 987.7 530.7 634.9 223.5 728.2 811.7 534.2 443.1
1949.0 595.3 303.5 509.4 904.5 209.7 1104.1 402.9 278.6 1135.6 684.0 412.9 944.4 277.5 1024.9 149.8 727.7 62.4 588.4 567.5 278.3 359.8 673.6 264.6 479.0 447.3 141.9 359.1 287.6 1025.1 502.2 151.9 861.2 44.2 80.0 505.2 146.5 74.7 229.4 431.7 85.6 764.6 0.0 417.1 679.0 528.4 236.8 342.1 1225.7 607.0 777.6 457.6 391.7 746.4 222.2 777.6 833.9 287.7 1077.4 112.2 47.0 1053.4 1041.7 993.5 96.8 1182.3 599.9 948.9 811.5 420.1 199.4 816.3 235.2 356.4 222.6 1035.4 1202.1 819.0 693.1 1069.5 915.3 893.3 199.5 897.9 444.7 689.6 1054.1 713.3 549.3 781.6 504.4 530.3 654.6 159.5 1057.9 185.1 173.3 210.0 554.1 684.7 471.5 755.5 481.7 1036.0 511.0 414.7 908.0 170.7 592.2 930.4 228.3 893.3 934.8 969.6 1155.8 230.4 718.7 218.9 486.0 533.3 468.0 534.4 396.1 950.5 1166.2 265.4 554.0 732.6 975.8 978.6 758.4 120.2 121.0 540.6 829.7 799.0 573.9 85.3 517.2 195.8 785.9 161.2 560.6 522.9 469.9 552.9 806.2 79.2 926.9 909.6 125.5 273.9 316.5 244.5 1109.1 204.1 659.5 541.3 193.8 578.0 1021.5
1793.4 524.5 520.8 438.6 660.4 384.0 925.8 88.9 314.5 957.3 613.2 169.0 766.1 190.5 846.6 367.1 656.9 386.9 515.1 496.7 495.6 151.3 602.8 215.8 127.2 203.4 542.1 127.1 504.9 846.8 150.4 479.2 682.9 444.4 369.3 434.4 330.8 474.9 305.6 187.8 363.5 693.8 455.0 0.0 608.2 128.1 454.1 169.8 1047.4 536.2 606.6 213.7 183.2 621.4 439.5 706.8 655.6 539.7 899.1 439.5 502.1 875.1 863.4 815.2 351.8 1004.0 529.1 770.6 549.1 2.9 335.6 638.0 299.8 59.7 439.9 857.1 1023.8 640.7 622.3 891.2 699.3 549.5 416.8 719.6 373.9 618.8 875.8 450.9 478.5 519.2 433.6 135.2 583.8 267.1 879.6 402.4 390.6 216.7 225.7 613.9 76.4 676.2 194.0 857.7 440.2 134.9 564.2 302.6 521.4 752.1 359.4 715.0 756.5 791.3 977.5 447.7 456.3 546.2 90.9 181.5 72.9 182.6 152.2 606.7 987.9 396.5 158.9 661.8 626.1 800.3 601.6 520.4 352.3 469.8 651.4 536.6 503.8 349.2 126.8 413.1 559.3 378.5 165.5 122.6 52.7 482.1 584.6 420.0 748.6 707.1 452.8 191.5 255.3 275.1 930.8 378.4 588.7 189.5 409.6 507.2 843.2
2372.6 435.3 739.7 276.6 372.3 524.3 571.9 701.3 454.8 603.4 10.3 781.4 412.2 802.9 492.7 776.8 195.5 613.7 428.4 268.4 797.7 763.7 141.4 828.2 601.5 815.8 768.9 739.5 755.9 492.9 624.7 652.8 329.0 671.2 596.1 345.2 528.8 701.7 445.9 800.2 590.3 232.4 681.8 612.3 0.0 740.5 883.9 782.2 693.5 74.8 245.4 826.1 795.6 214.2 814.2 245.4 301.7 722.3 545.2 692.4 773.8 521.2 509.5 461.3 578.6 650.1 159.6 416.7 262.7 609.2 475.9 284.1 440.1 672.1 849.6 503.2 669.9 286.8 160.9 537.3 383.1 386.3 836.2 365.7 226.0 157.4 521.9 354.4 235.8 332.4 344.4 640.9 24.4 786.5 525.7 849.5 800.3 837.0 796.8 152.5 646.4 223.3 765.1 503.8 335.3 747.3 416.7 588.5 76.7 398.2 499.7 361.1 402.6 437.4 623.6 877.5 359.8 653.5 701.8 655.8 655.3 656.9 764.6 459.2 634.0 536.8 649.0 200.4 443.6 446.4 226.2 747.2 638.2 215.5 297.5 384.9 413.9 712.3 737.7 822.8 253.7 788.2 655.6 735.0 638.4 116.3 274.0 646.8 394.7 377.4 679.3 803.9 867.7 871.5 576.9 518.7 19.4 663.8 695.5 418.0 489.3
1944.5 672.5 671.9 586.6 808.4 532.0 1073.8 240.0 462.5 1105.3 761.2 320.1 914.1 341.6 994.6 518.2 804.9 534.9 665.6 644.7 646.7 302.4 750.8 366.9 275.2 354.5 690.1 278.2 656.0 994.8 298.4 700.1 830.9 592.4 517.3 582.4 478.8 622.9 453.6 338.9 511.5 841.8 603.0 147.9 756.2 0.0 605.2 320.9 1195.4 684.2 754.6 364.8 334.3 769.4 590.6 854.8 803.6 690.4 1047.1 660.4 650.1 1023.1 1011.4 963.2 499.8 1152.0 677.1 918.6 697.1 150.9 483.6 786.0 447.8 210.8 591.0 1005.1 1171.8 788.7 770.3 1039.2 848.2 697.5 567.9 867.6 521.9 766.8 1023.8 598.9 626.5 667.2 581.6 286.3 731.8 418.2 1027.6 553.5 541.7 367.8 376.8 761.9 208.7 824.2 345.1 1005.7 588.2 286.0 712.2 450.6 669.4 900.1 507.4 863.0 904.5 939.3 1125.5 598.8 604.3 767.1 242.0 329.5 224.0 330.6 303.3 754.7 1135.9 544.5 310.0 809.8 774.1 948.3 749.6 668.4 500.3 617.8 799.4 684.6 651.1 500.3 277.9 564.2 707.3 529.6 316.6 105.8 200.7 630.1 732.6 568.0 896.6 855.1 673.7 342.6 406.4 426.2 1078.8 526.4 736.7 337.5 557.6 655.2 991.2
1958.4 749.2 161.6 682.0 1077.1 382.3 1276.7 412.3 451.2 1148.7 856.6 422.3 1117.0 286.9 1197.5 71.0 900.3 235.0 742.3 740.1 136.4 369.2 846.2 274.0 553.8 456.7 297.9 368.5 145.7 1197.7 577.0 251.3 1033.8 173.1 252.6 677.8 319.1 230.7 402.0 441.1 258.2 937.2 207.4 426.5 851.6 537.8 0.0 351.5 1251.0 779.6 950.2 467.0 401.1 919.0 80.3 950.2 1006.5 180.1 1250.0 211.6 254.5 1226.0 1214.3 1166.1 269.4 1226.2 772.5 1121.5 975.7 429.5 372.0 988.9 407.8 365.8 159.7 1208.0 1246.0 991.6 865.7 1242.1 1087.9 976.1 57.6 1070.5 617.3 862.2 1226.7 877.5 721.9 945.8 658.3 539.7 827.2 168.9 1230.5 40.5 50.6 219.4 563.5 857.3 480.9 928.1 491.1 1208.6 683.6 424.1 990.8 343.3 764.8 1103.0 400.9 1065.9 1107.4 1142.2 1168.9 6.0 882.9 249.6 495.4 608.1 477.4 609.2 405.5 1033.3 1179.3 438.0 563.4 905.2 1052.7 1151.2 931.0 276.2 293.6 713.2 1002.3 963.2 727.8 121.3 526.6 132.9 985.9 61.1 570.0 532.3 479.3 725.5 1011.2 251.8 1099.5 1082.2 224.9 283.3 325.9 253.9 1109.7 376.7 832.1 616.1 366.4 731.9 1194.1
1792.3 696.7 428.1 610.8 832.6 517.5 1098.0 139.9 486.7 982.7 785.4 166.7 938.4 97.8 1018.8 274.4 829.1 370.2 687.3 668.9 402.9 225.0 775.1 123.1 299.4 202.3 433.1 96.1 412.2 1019.0 322.6 386.5 855.1 308.3 387.8 606.7 454.3 365.9 477.8 186.7 393.4 866.0 342.6 172.2 780.4 283.4 361.4 0.0 1084.9 708.5 778.8 212.6 256.9 793.6 346.8 879.0 827.8 447.0 1071.3 346.8 389.7 1047.3 1035.6 987.4 404.6 1060.1 701.3 942.8 721.3 175.1 507.2 810.2 472.0 111.4 347.3 1029.3 1079.9 812.9 794.5 1063.5 871.5 721.7 324.1 891.9 546.1 791.0 1048.0 623.1 650.7 691.4 605.8 285.4 756.0 174.4 1051.8 309.7 297.9 124.0 309.1 786.1 226.5 848.4 236.7 1029.9 612.4 169.7 736.4 474.8 693.6 924.3 531.6 887.2 928.7 963.5 1002.8 355.0 628.5 453.5 241.0 353.7 223.0 354.8 151.1 778.9 1013.2 568.7 309.0 834.0 798.3 972.5 773.8 411.4 428.8 642.0 823.6 708.8 674.2 256.5 276.9 320.4 731.5 285.8 315.6 277.9 224.9 654.3 756.8 387.0 920.8 887.7 360.1 139.1 162.6 182.4 943.6 511.9 760.9 361.7 501.6 679.5 1015.4
2063.0 999.3 1303.7 840.6 598.7 1088.3 249.0 1115.3 1018.8 181.0 695.8 1146.2 472.2 1116.8 552.7 1279.8 603.2 1177.7 992.4 832.4 1361.7 1098.2 587.0 1135.7 1033.5 1131.7 1332.9 1153.5 1319.9 184.9 1003.4 1216.8 535.1 1235.2 1160.1 909.2 1092.8 1265.7 1009.9 1127.4 1154.3 653.2 1245.8 1026.3 690.8 1154.5 1366.8 1174.4 0.0 626.0 727.8 1018.5 1130.1 513.9 1352.2 653.1 507.8 1286.3 605.2 1256.4 1337.8 170.3 569.5 521.3 1142.6 53.3 723.6 290.4 489.1 1023.2 1039.9 490.2 1004.1 1086.1 1352.6 174.6 23.6 485.2 631.9 149.3 377.1 457.8 1329.5 571.8 790.0 579.0 581.9 587.3 799.8 685.7 908.4 1027.6 666.4 1179.8 585.7 1315.1 1303.3 1129.4 1026.1 623.5 1060.4 568.7 994.4 563.8 899.3 1161.3 488.2 1152.5 640.7 458.2 1063.7 567.2 608.7 497.4 201.2 1360.4 581.9 1217.5 997.4 1015.8 1097.7 1017.4 1078.6 457.0 211.6 1100.8 1013.4 608.1 437.6 506.4 494.1 1311.2 1202.2 779.5 429.0 556.5 977.9 1261.9 961.5 1325.8 663.6 1291.2 1006.8 1149.0 1052.4 680.3 541.9 1210.8 454.7 371.4 1243.3 1065.5 1229.4 1187.8 154.5 1082.7 671.3 973.4 1259.5 982.0 549.3
2310.5 373.2 677.6 214.5 297.4 462.2 497.0 639.2 392.7 528.5 69.7 718.1 337.3 740.8 417.8 714.7 120.6 551.6 363.8 206.3 735.6 701.6 66.5 766.1 539.4 753.7 706.8 677.4 693.8 418.0 562.6 590.7 254.1 609.1 534.0 283.1 466.7 639.6 383.8 738.1 528.2 157.5 619.7 550.2 64.7 678.4 821.8 720.1 618.6 0.0 170.5 764.0 733.5 139.3 752.1 170.5 226.8 658.7 470.3 630.3 711.7 446.3 434.6 386.4 516.5 575.2 97.5 341.8 187.8 547.1 413.8 209.2 378.0 610.0 787.5 428.3 595.0 211.9 86.0 462.4 308.2 311.4 774.1 290.8 163.9 82.5 447.0 279.5 173.7 257.5 282.3 578.8 40.3 724.4 450.8 787.4 738.2 774.9 734.7 77.6 584.3 148.4 703.0 428.9 273.2 685.2 341.8 526.4 14.6 323.3 437.6 286.2 327.7 362.5 548.7 815.4 284.9 591.4 639.7 593.7 593.2 594.8 702.5 384.3 559.1 474.7 586.9 125.5 368.7 371.5 151.3 685.1 576.1 153.4 222.6 310.0 352.5 650.2 675.6 760.7 178.8 726.1 593.5 672.9 576.3 54.2 199.1 584.7 319.8 302.5 617.2 741.8 805.6 809.4 502.0 456.6 45.2 601.7 633.4 355.9 414.4
2250.3 564.8 869.2 406.1 326.9 653.8 592.3 717.9 584.3 623.8 261.3 796.8 432.6 819.5 513.1 906.3 289.5 743.2 555.4 397.9 927.2 780.3 235.4 844.8 636.1 832.4 898.4 756.1 885.4 513.3 606.0 782.3 349.4 800.7 725.6 474.7 658.3 831.2 575.4 816.8 719.8 326.4 811.3 628.9 256.3 757.1 1013.4 798.8 713.9 191.5 0.0 842.7 812.2 287.9 943.7 339.4 322.1 850.3 565.6 821.9 903.3 541.6 529.9 481.7 708.1 670.5 289.1 437.1 215.6 625.8 605.4 304.5 569.6 688.7 979.1 523.6 690.3 307.2 254.9 557.7 403.5 406.7 965.7 386.1 355.5 251.4 542.3 172.6 365.3 150.6 473.9 677.1 231.9 896.1 546.1 979.0 929.8 845.7 779.2 246.5 663.0 342.7 747.5 524.2 464.8 763.9 437.1 718.0 206.2 418.6 629.2 381.5 423.0 457.8 644.0 1007.0 178.0 783.0 719.9 618.4 700.3 620.0 781.2 479.6 654.4 666.3 685.2 294.4 464.0 466.8 268.1 876.7 767.7 345.0 317.9 203.1 544.1 841.8 755.8 952.3 71.9 917.7 691.8 751.6 655.0 245.8 251.1 776.3 415.1 397.8 808.8 820.5 884.3 904.1 597.3 648.2 236.8 576.0 825.0 547.5 509.7
1815.9 707.7 548.4 621.8 807.5 567.2 987.9 229.7 497.7 875.5 796.4 127.6 945.8 218.1 1026.3 394.7 840.1 490.5 700.8 679.9 523.2 173.8 786.0 243.4 181.4 113.1 553.4 189.9 532.5 908.9 263.5 506.8 830.0 428.6 508.1 617.6 514.0 486.2 488.8 108.8 513.7 877.0 462.9 261.1 791.4 332.1 481.7 197.4 977.8 719.4 753.7 0.0 205.7 768.5 467.1 890.0 802.7 566.9 1078.8 467.1 510.0 937.2 1043.1 994.9 535.0 953.0 712.3 832.7 696.2 258.0 518.8 785.1 483.0 160.1 467.5 919.2 972.8 787.8 805.5 953.3 850.7 696.6 444.4 866.7 557.1 802.0 1055.5 598.0 661.7 666.3 616.8 192.0 767.0 294.7 1059.3 430.0 418.2 244.3 96.4 797.1 214.2 823.3 24.0 1037.4 623.4 148.7 711.3 485.8 704.6 931.8 542.6 862.1 903.6 971.0 895.7 475.3 603.4 573.8 121.0 229.9 180.7 295.7 60.0 753.8 906.1 579.7 177.9 845.0 773.2 980.0 748.7 531.7 535.5 653.0 798.5 683.7 686.3 376.8 85.1 440.7 706.4 406.1 171.3 326.6 216.0 665.3 731.7 507.3 928.3 845.0 480.4 214.0 282.9 302.7 836.5 561.6 771.9 302.6 592.8 690.4 1022.9
1744.5 706.6 509.6 620.7 842.5 566.1 1107.9 190.9 496.6 934.8 795.3 140.9 948.2 179.3 1028.7 355.9 839.0 451.7 697.2 678.8 484.4 34.3 784.9 204.6 309.3 216.3 514.6 151.1 493.7 1028.9 332.5 468.0 865.0 389.8 469.3 616.5 512.9 447.4 487.7 160.9 474.9 875.9 424.1 182.0 790.3 293.3 442.9 158.7 1037.1 718.3 788.7 217.4 0.0 803.5 428.3 888.9 837.7 528.1 1081.2 428.3 471.2 951.9 1045.5 997.3 486.1 1012.3 711.2 952.7 731.2 185.0 517.7 820.1 481.9 121.3 428.7 1039.2 1032.1 822.8 804.4 977.1 881.4 731.6 405.6 901.7 556.0 800.9 1057.9 633.0 660.6 701.3 615.7 295.2 765.9 255.9 1061.7 391.2 379.4 205.5 313.9 796.0 236.4 858.3 241.5 1039.8 622.3 174.5 746.3 484.7 703.5 934.2 541.5 897.1 938.6 973.4 955.0 436.5 638.4 535.0 250.9 363.6 232.9 364.7 155.9 788.8 965.4 578.6 318.9 843.9 808.2 982.4 783.7 492.9 510.3 651.9 833.5 718.7 698.3 338.0 286.8 401.9 741.4 367.3 325.5 287.8 234.8 664.2 766.7 468.5 930.7 889.2 441.6 220.6 244.1 263.9 895.8 560.5 770.8 371.6 583.1 689.3 1025.3
2146.4 512.0 816.4 353.3 204.7 601.0 404.3 748.7 531.5 435.8 208.5 828.8 244.6 850.3 325.1 853.5 115.9 690.4 505.1 345.1 874.4 811.1 99.7 875.6 666.9 863.2 845.6 786.9 832.6 325.3 636.8 729.5 161.4 747.9 672.8 421.9 605.5 778.4 522.6 847.6 667.0 165.9 758.5 659.7 203.5 787.9 960.6 829.6 525.9 138.7 266.6 873.5 843.0 0.0 890.9 165.8 134.1 799.0 377.6 769.1 850.5 353.6 341.9 293.7 655.3 482.5 236.3 249.1 118.9 656.6 552.6 116.5 516.8 719.5 926.3 335.6 502.3 119.2 144.6 369.7 215.5 218.7 912.9 198.1 302.7 91.7 354.3 193.3 312.5 353.6 421.1 707.9 179.1 863.2 358.1 926.2 877.0 876.5 810.0 136.2 693.8 81.4 778.3 336.2 412.0 794.7 249.1 665.2 153.4 230.6 576.4 193.5 235.0 269.8 456.0 954.2 187.9 730.2 750.7 649.2 731.1 650.8 812.0 291.6 466.4 613.5 716.0 120.8 276.0 278.8 58.6 823.9 714.9 292.2 129.9 162.5 490.6 789.0 786.6 899.5 274.9 864.9 722.6 782.4 685.8 193.0 61.1 723.5 227.1 209.8 756.0 851.3 915.1 934.9 409.3 595.4 184.0 606.8 772.2 494.7 321.7
1953.1 668.8 81.2 636.3 1071.8 377.0 1271.4 407.0 445.9 1143.4 851.3 417.0 1111.7 281.6 1192.2 65.7 895.0 229.7 661.9 694.4 56.0 363.9 840.9 268.7 548.5 451.4 292.6 363.2 65.3 1192.4 571.7 246.0 1028.5 167.8 247.3 672.5 313.8 225.4 396.7 435.8 252.9 931.9 202.1 421.2 846.3 532.5 69.6 346.2 1245.7 774.3 944.9 461.7 395.8 913.7 0.0 944.9 1001.2 99.7 1244.7 206.3 249.2 1220.7 1209.0 1160.8 264.1 1220.9 767.2 1116.2 970.4 424.2 366.7 983.6 402.5 360.5 154.4 1202.7 1240.7 986.3 860.4 1236.8 1082.6 970.8 21.9 1065.2 612.0 856.9 1221.4 872.2 716.6 940.5 577.9 534.4 821.9 163.6 1225.2 35.2 45.3 214.1 558.2 852.0 475.6 922.8 485.8 1203.3 637.9 418.8 985.5 338.0 759.5 1097.7 395.6 1060.6 1102.1 1136.9 1163.6 63.2 877.6 169.2 490.1 602.8 472.1 603.9 400.2 1028.0 1174.0 432.7 558.1 899.9 1047.4 1145.9 925.7 270.9 288.3 707.9 997.0 957.9 647.4 116.0 521.3 127.6 980.6 55.8 564.7 527.0 474.0 720.2 1005.9 246.5 1094.2 1076.9 219.6 278.0 320.6 248.6 1104.4 371.4 826.8 610.8 361.1 651.5 1188.8
2253.1 550.7 855.1 392.0 311.4 639.7 511.0 855.4 570.2 542.5 247.2 935.5 351.3 957.0 431.8 892.2 33.0 729.1 543.8 383.8 913.1 917.8 138.4 982.3 716.9 969.9 884.3 893.6 871.3 432.0 743.5 768.2 268.1 786.6 711.5 460.6 644.2 817.1 561.3 954.3 705.7 51.9 797.2 766.4 242.2 894.6 999.3 936.3 632.6 177.4 305.3 980.2 949.7 153.3 929.6 0.0 240.8 837.7 484.3 807.8 889.2 460.3 448.6 400.4 694.0 589.2 275.0 355.8 201.8 763.3 591.3 223.2 555.5 826.2 965.0 442.3 609.0 225.9 183.3 476.4 322.2 325.4 951.6 304.8 341.4 126.9 461.0 300.0 351.2 392.3 459.8 814.6 217.8 901.9 464.8 964.9 915.7 952.4 916.7 174.9 800.5 162.4 885.0 442.9 450.7 901.4 355.8 703.9 192.1 337.3 615.1 300.2 341.7 376.5 562.7 992.9 294.6 768.9 857.4 755.9 837.8 757.5 918.7 398.3 573.1 652.2 822.7 27.8 382.7 385.5 165.3 862.6 753.6 330.9 236.6 269.2 529.3 827.7 893.3 938.2 313.6 903.6 829.3 889.1 792.5 231.7 213.1 762.2 333.8 316.5 794.7 958.0 1021.8 986.9 516.0 634.1 222.7 713.5 810.9 533.4 428.4
2116.8 606.3 910.7 447.6 205.7 695.3 374.7 749.7 625.8 406.2 302.8 829.8 215.0 851.3 295.5 947.8 210.2 784.7 599.4 439.4 968.7 812.1 194.0 876.6 667.9 864.2 939.9 787.9 926.9 295.7 637.8 823.8 27.2 842.2 767.1 516.2 699.8 872.7 616.9 848.6 761.3 260.2 852.8 660.7 297.8 788.9 1054.9 830.6 496.3 233.0 334.8 874.5 844.0 120.9 985.2 260.1 0.0 893.3 348.0 863.4 944.8 324.0 312.3 264.1 749.6 452.9 330.6 219.5 96.1 657.6 646.9 16.7 611.1 720.5 1020.6 306.0 472.7 92.2 238.9 340.1 185.9 189.1 1007.2 63.9 397.0 186.0 324.7 194.3 406.8 292.7 515.4 708.9 273.4 927.9 328.5 1020.5 971.3 877.5 811.0 230.5 694.8 175.7 779.3 306.6 506.3 795.7 219.5 759.5 247.7 201.0 670.7 59.3 100.8 240.2 426.4 1048.5 188.9 824.5 751.7 650.2 732.1 651.8 813.0 262.0 436.8 707.8 717.0 215.1 246.4 249.2 101.1 918.2 809.2 386.5 100.3 163.5 584.9 883.3 787.6 993.8 270.6 959.2 723.6 783.4 686.8 287.3 148.9 817.8 197.5 180.2 850.3 852.3 916.1 935.9 379.7 689.7 278.3 607.8 866.5 589.0 292.1
2045.0 569.0 17.3 536.5 979.6 463.2 1179.2 498.9 532.1 1209.2 757.6 507.7 1018.0 373.5 1100.0 157.6 802.8 314.4 559.6 594.6 75.3 455.8 747.2 360.6 640.4 543.3 378.8 455.1 33.5 1100.2 663.6 144.9 936.3 254.0 333.5 515.6 400.0 311.6 482.9 527.7 339.1 839.7 288.3 513.1 754.1 624.4 161.5 438.2 1300.8 680.6 851.2 553.6 488.1 821.5 91.8 852.7 909.0 0.0 1152.5 186.0 267.4 1128.5 1116.8 1068.6 350.3 1257.4 675.0 1024.0 868.5 516.1 452.9 891.4 488.7 452.4 246.3 1110.5 1277.2 894.1 768.2 1144.6 991.2 992.1 113.8 971.5 519.8 764.7 1129.2 964.1 624.4 939.7 478.1 626.3 729.7 255.5 1133.0 127.1 137.2 306.0 650.1 759.8 567.5 829.1 577.7 1111.1 538.1 510.7 1024.0 424.2 665.8 1005.5 481.8 968.4 1009.9 1043.2 1230.9 155.1 969.5 69.4 582.0 694.7 564.0 695.8 492.1 1066.5 1241.3 518.9 650.0 807.7 1050.9 1053.7 833.5 357.1 374.5 614.2 904.8 1049.8 546.5 207.9 613.2 219.5 861.0 147.7 656.6 618.9 565.9 628.0 881.3 331.2 1002.0 977.7 172.9 369.9 412.5 340.5 1184.2 457.6 734.6 702.7 447.3 550.2 1096.6
2235.7 881.0 1185.4 722.3 480.4 970.0 493.6 997.0 900.5 525.1 577.5 1077.1 186.7 1098.6 121.1 1222.5 484.9 1059.4 874.1 714.1 1243.4 1059.4 468.7 1123.9 915.2 1111.5 1214.6 1035.2 1201.6 414.6 885.1 1098.5 416.8 1116.9 1041.8 790.9 974.5 1147.4 891.6 1095.9 1036.0 534.9 1127.5 908.0 572.5 1036.2 1329.6 1077.9 615.2 507.7 609.5 1121.8 1091.3 395.6 1259.9 534.8 389.5 1168.0 0.0 1138.1 1219.5 442.9 157.9 185.9 1024.3 571.8 605.3 338.4 370.8 904.9 921.6 371.9 885.8 967.8 1295.3 424.9 591.6 366.9 513.6 459.0 304.8 339.5 1281.9 453.5 671.7 460.7 125.1 469.0 681.5 567.4 790.1 956.2 548.1 1175.2 16.2 1295.2 1246.0 1124.8 1058.3 505.2 942.1 450.4 1026.6 120.5 781.0 1043.0 369.9 1034.2 522.4 229.3 945.4 448.9 490.4 218.6 545.3 1323.2 463.6 1099.2 999.0 897.5 979.4 899.1 1060.3 384.7 555.7 982.5 964.3 489.8 365.3 182.7 375.8 1192.9 1083.9 661.2 310.7 438.2 859.6 1158.0 1034.9 1268.5 545.3 1233.9 970.9 1030.7 934.1 562.0 423.6 1092.5 194.8 299.1 1125.0 1099.6 1163.4 1183.2 498.6 964.4 553.0 855.1 1141.2 863.7 117.7
1963.2 548.5 192.8 516.0 959.1 277.1 1158.7 417.1 346.0 1190.2 738.6 427.1 999.0 291.7 1079.5 164.0 782.3 129.8 541.6 574.1 250.8 374.0 728.2 278.8 546.4 461.5 192.7 373.3 209.0 1079.7 569.6 39.6 915.8 67.9 147.4 572.6 213.9 125.5 296.8 445.9 153.0 819.2 102.2 431.3 733.6 542.6 251.0 356.3 1280.3 661.6 832.2 471.8 405.9 801.0 236.4 832.2 888.5 175.4 1132.0 0.0 81.3 1108.0 1096.3 1048.1 164.2 1236.9 654.5 1003.5 878.9 434.3 266.8 870.9 302.6 370.6 236.8 1090.0 1256.7 873.6 747.7 1124.1 969.9 980.9 213.7 952.5 499.3 744.2 1108.7 780.7 603.9 849.0 457.6 544.5 709.2 173.7 1112.5 199.3 187.5 224.2 568.3 739.3 485.7 810.1 495.9 1090.6 517.6 428.9 995.6 238.1 646.8 985.0 295.7 947.9 989.4 1024.2 1210.4 244.6 786.1 106.6 500.2 600.7 482.2 601.8 410.3 1038.1 1220.8 332.8 568.2 787.2 1057.5 1033.2 813.0 171.0 188.4 595.2 884.3 866.4 527.1 99.5 531.4 210.0 840.5 175.4 574.8 537.1 484.1 607.5 860.8 146.6 981.5 964.2 13.2 288.1 330.7 258.7 1163.7 271.5 714.1 608.7 261.2 531.2 1076.1
1996.1 629.9 274.2 556.5 951.6 256.8 1151.2 450.0 325.7 1182.7 731.1 460.0 991.5 324.6 1072.0 196.9 774.8 109.5 623.0 614.6 325.4 406.9 720.7 311.7 526.1 494.4 189.0 406.2 290.4 1072.2 549.3 121.0 908.3 91.3 127.1 552.3 193.6 121.8 276.5 478.8 132.7 811.7 47.0 464.2 726.1 575.5 283.9 389.2 1272.8 654.1 824.7 504.7 438.8 793.5 269.3 824.7 881.0 256.8 1124.5 81.3 0.0 1100.5 1088.8 1040.6 143.9 1229.4 647.0 996.0 858.6 467.2 246.5 863.4 282.3 403.5 269.7 1082.5 1249.2 866.1 740.2 1116.6 962.4 940.4 246.6 945.0 491.8 736.7 1101.2 760.4 596.4 828.7 539.0 577.4 701.7 206.6 1105.0 232.2 220.4 257.1 601.2 731.8 518.6 802.6 528.8 1083.1 558.1 461.8 955.1 217.8 639.3 977.5 275.4 940.4 981.9 1016.7 1202.9 277.5 765.8 188.0 533.1 580.4 515.1 581.5 443.2 997.6 1213.3 312.5 601.1 779.7 1022.9 1025.7 805.5 167.3 168.1 587.7 876.8 846.1 608.5 132.4 564.3 242.9 833.0 208.3 607.7 570.0 517.0 600.0 853.3 126.3 974.0 956.7 94.6 321.0 363.6 291.6 1156.2 251.2 706.6 588.4 240.9 612.6 1068.6
1964.1 842.6 1147.0 683.9 442.0 931.6 92.3 958.6 862.1 82.1 539.1 1038.7 315.5 1017.9 396.0 1180.9 446.5 1021.0 835.7 675.7 1205.0 999.3 430.3 1036.8 876.8 1032.8 1176.2 996.8 1163.2 28.2 846.7 1060.1 378.4 1078.5 1003.4 752.5 936.1 1109.0 853.2 1057.5 997.6 496.5 1089.1 869.6 534.1 997.8 1267.9 1039.5 181.3 469.3 571.1 919.6 1031.2 357.2 1221.5 496.4 351.1 1129.6 448.5 1099.7 1181.1 0.0 412.8 364.6 985.9 137.9 566.9 133.7 332.4 866.5 883.2 333.5 847.4 929.4 1253.7 17.9 157.7 328.5 475.2 25.1 220.4 301.1 1230.6 415.1 633.3 422.3 425.2 430.6 643.1 529.0 751.7 917.8 509.7 1080.9 429.0 1216.2 1204.4 1030.5 927.2 466.8 903.7 412.0 895.5 407.1 742.6 1004.6 331.5 995.8 484.0 301.5 907.0 410.5 452.0 340.7 102.3 1261.5 425.2 1060.8 898.5 859.1 941.0 860.7 979.7 300.3 112.7 944.1 925.9 451.4 280.9 349.7 337.4 1154.5 1045.5 622.8 272.3 399.8 821.2 1163.0 862.6 1226.9 506.9 1192.3 932.5 992.3 895.7 523.6 385.2 1054.1 298.0 214.7 1086.6 966.6 1130.5 1088.9 55.6 926.0 514.6 816.7 1102.8 825.3 392.6
2213.2 858.5 1162.9 699.8 457.9 947.5 471.1 974.5 878.0 502.6 555.0 1054.6 185.8 1076.1 69.5 1200.0 462.4 1036.9 851.6 691.6 1220.9 1036.9 446.2 1101.4 892.7 1089.0 1192.1 1012.7 1179.1 392.1 862.6 1076.0 394.3 1094.4 1019.3 768.4 952.0 1124.9 869.1 1073.4 1013.5 512.4 1105.0 885.5 550.0 1013.7 1307.1 1055.4 592.7 485.2 587.0 1099.3 1068.8 373.1 1237.4 512.3 367.0 1145.5 172.4 1115.6 1197.0 420.4 0.0 152.3 1001.8 549.3 582.8 315.9 348.3 882.4 899.1 349.4 863.3 945.3 1272.8 402.4 569.1 344.4 491.1 436.5 282.3 317.0 1259.4 431.0 649.2 438.2 116.7 446.5 659.0 544.9 767.6 933.7 525.6 1152.7 152.9 1272.7 1223.5 1102.3 1035.8 482.7 919.6 427.9 1004.1 180.8 758.5 1020.5 347.4 1011.7 499.9 206.8 922.9 426.4 467.9 185.0 522.8 1300.7 441.1 1076.7 976.5 875.0 956.9 876.6 1037.8 362.2 533.2 960.0 941.8 467.3 342.8 220.0 353.3 1170.4 1061.4 638.7 288.2 415.7 837.1 1135.5 1012.4 1246.0 522.8 1211.4 948.4 1008.2 911.6 539.5 401.1 1070.0 172.3 276.6 1102.5 1077.1 1140.9 1160.7 476.1 941.9 530.5 832.6 1118.7 841.2 66.1
2145.3 790.6 1095.0 631.9 390.0 879.6 403.2 906.6 810.1 434.7 487.1 986.7 117.9 1008.2 95.8 1132.1 394.5 969.0 783.7 623.7 1153.0 969.0 378.3 1033.5 824.8 1021.1 1124.2 944.8 1111.2 324.2 794.7 1008.1 326.4 1026.5 951.4 700.5 884.1 1057.0 801.2 1005.5 945.6 444.5 1037.1 817.6 482.1 945.8 1239.2 987.5 524.8 417.3 519.1 1031.4 1000.9 305.2 1169.5 444.4 299.1 1077.6 180.7 1047.7 1129.1 352.5 112.6 0.0 933.9 481.4 514.9 248.0 280.4 814.5 831.2 281.5 795.4 877.4 1204.9 334.5 501.2 276.5 423.2 368.6 214.4 249.1 1191.5 363.1 581.3 370.3 125.0 378.6 591.1 477.0 699.7 865.8 457.7 1084.8 161.2 1204.8 1155.6 1034.4 967.9 414.8 851.7 360.0 936.2 189.1 690.6 952.6 279.5 943.8 432.0 138.9 855.0 358.5 400.0 117.1 454.9 1232.8 373.2 1008.8 908.6 807.1 889.0 808.7 969.9 294.3 465.3 892.1 873.9 399.4 274.9 152.1 285.4 1102.5 993.5 570.8 220.3 347.8 769.2 1067.6 944.5 1178.1 454.9 1143.5 880.5 940.3 843.7 471.6 333.2 1002.1 104.4 208.7 1034.6 1009.2 1073.0 1092.8 408.2 874.0 462.6 764.7 1050.8 773.3 92.4
1997.3 498.4 351.8 412.5 807.6 112.8 1007.2 451.2 181.7 1038.7 587.1 461.2 847.5 325.8 928.0 198.1 630.8 35.0 491.5 470.6 326.6 408.1 576.7 312.9 382.1 495.6 190.2 407.4 335.9 928.2 405.3 200.2 764.3 92.5 17.4 408.3 49.6 123.0 132.5 480.0 11.6 667.7 103.1 465.4 582.1 576.7 285.1 390.4 1128.8 510.1 680.7 505.9 440.0 649.5 270.5 680.7 737.0 336.0 980.5 160.5 150.2 956.5 944.8 896.6 0.0 1085.4 503.0 852.0 714.6 468.4 102.5 719.4 138.3 404.7 270.9 938.5 1105.2 722.1 596.2 972.6 818.4 796.4 247.8 801.0 347.8 592.7 957.2 616.4 452.4 684.7 407.5 421.5 557.7 207.8 961.0 233.4 221.6 258.3 602.4 587.8 427.0 658.6 530.0 939.1 414.1 463.0 811.1 90.5 495.3 833.5 131.4 796.4 837.9 872.7 1058.9 278.7 621.8 267.2 482.4 436.4 435.9 437.5 444.4 853.6 1069.3 168.5 429.6 635.7 878.9 881.7 661.5 168.5 102.1 443.7 732.8 702.1 477.0 133.6 518.3 244.1 689.0 209.5 436.2 571.2 419.0 456.0 709.3 68.1 830.0 812.7 173.8 322.2 364.8 292.8 1012.2 107.2 562.6 444.4 174.9 481.1 924.6
2038.2 963.4 1267.8 804.7 562.8 1052.4 213.1 1079.4 982.9 156.2 659.9 1158.3 436.3 1092.0 516.8 1255.0 567.3 1141.8 954.0 796.5 1325.8 1073.4 551.1 1110.9 997.6 1106.9 1297.0 1117.6 1284.0 149.0 967.5 1180.9 499.2 1199.3 1124.2 873.3 1056.9 1229.8 974.0 1102.6 1118.4 617.3 1209.9 990.4 654.9 1118.6 1342.0 1149.7 43.3 590.1 691.9 993.7 1105.3 478.0 1327.4 617.2 471.9 1248.9 569.3 1220.5 1301.9 135.6 533.6 485.4 1106.7 0.0 687.7 254.5 453.2 987.3 1004.0 454.3 968.2 1050.2 1327.8 138.7 19.7 449.3 596.0 113.4 341.2 421.9 1304.7 535.9 754.1 543.1 546.0 551.4 763.9 649.8 872.5 1038.6 630.5 1155.0 549.8 1290.3 1278.5 1104.6 1001.3 587.6 1024.5 532.8 969.6 527.9 863.4 1125.4 452.3 1116.6 604.8 422.3 1027.8 531.3 572.8 461.5 176.4 1335.6 546.0 1181.6 972.6 979.9 1061.8 981.5 1053.8 421.1 186.8 1064.9 988.6 572.2 401.7 470.5 458.2 1275.3 1166.3 743.6 393.1 520.6 940.9 1237.1 936.7 1301.0 627.7 1266.4 982.0 1113.1 1016.5 644.4 506.0 1174.9 418.8 328.5 1207.4 1040.7 1204.6 1163.0 129.7 1046.8 635.4 937.5 1223.6 946.1 513.4
2294.1 356.8 661.2 198.1 405.4 445.8 605.0 622.8 376.3 636.5 184.9 702.9 445.3 724.4 525.8 698.3 228.6 535.2 349.9 189.9 719.2 685.2 174.5 749.7 523.0 737.3 690.4 661.0 677.4 526.0 546.2 574.3 362.1 592.7 517.6 266.7 450.3 623.2 367.4 721.7 511.8 265.5 603.3 533.8 179.9 662.0 805.4 703.7 726.6 107.9 278.5 747.6 717.1 247.3 735.7 278.5 334.8 643.8 578.3 613.9 695.3 554.3 542.6 494.4 500.1 683.2 0.0 449.8 295.8 530.7 397.4 317.2 361.6 593.6 771.1 536.3 703.0 319.9 194.0 570.4 416.2 419.4 757.7 398.8 147.5 190.5 555.0 387.5 157.3 365.5 265.9 562.4 155.5 708.0 558.8 771.0 721.8 758.5 718.3 185.6 567.9 256.4 686.6 536.9 256.8 668.8 449.8 510.0 93.1 431.3 421.2 394.2 435.7 470.5 656.7 799.0 392.9 575.0 623.3 577.3 576.8 578.4 686.1 492.3 667.1 458.3 570.5 233.5 476.7 479.5 259.3 668.7 559.7 137.0 330.6 418.0 335.4 633.8 659.2 744.3 286.8 709.7 577.1 656.5 559.9 55.3 307.1 568.3 427.8 410.5 600.8 725.4 789.2 793.0 610.0 440.2 160.4 585.3 617.0 339.5 522.4
1968.6 731.5 1035.9 572.8 330.9 820.5 197.8 847.5 751.0 229.3 428.0 927.6 204.4 949.1 284.9 1073.0 335.4 909.9 724.6 564.6 1093.9 909.9 319.2 974.4 765.7 962.0 1065.1 885.7 1052.1 118.8 735.6 949.0 267.3 967.4 892.3 641.4 825.0 997.9 742.1 946.4 886.5 385.4 978.0 758.5 423.0 886.7 1180.1 928.4 319.4 358.2 460.0 869.7 941.8 246.1 1110.4 385.3 240.0 1018.5 337.4 988.6 1070.0 147.1 301.7 253.5 874.8 276.0 455.8 0.0 221.3 755.4 772.1 222.4 736.3 818.3 1145.8 129.1 295.8 217.4 364.1 163.2 109.3 190.0 1132.4 304.0 522.2 311.2 314.1 319.5 532.0 417.9 640.6 806.7 398.6 1025.7 317.9 1145.7 1096.5 975.3 877.3 355.7 792.6 300.9 845.6 296.0 631.5 893.5 220.4 884.7 372.9 190.4 795.9 299.4 340.9 229.6 249.5 1173.7 314.1 949.7 849.5 748.0 829.9 749.6 910.8 189.2 259.9 833.0 814.8 340.3 169.8 238.6 226.3 1043.4 934.4 511.7 161.2 288.7 710.1 1008.5 885.4 1119.0 395.8 1084.4 821.4 881.2 784.6 412.5 274.1 943.0 186.9 103.6 975.5 950.1 1013.9 1033.7 202.8 814.9 403.5 705.6 991.7 714.2 281.5
2185.9 557.6 862.0 398.9 109.5 646.6 376.6 653.5 577.1 408.1 254.1 732.4 216.9 755.1 297.4 931.7 161.5 736.0 548.2 390.7 920.0 715.9 145.3 780.4 571.7 768.0 891.2 691.7 878.2 297.6 541.6 775.1 133.7 793.5 718.4 467.5 651.1 824.0 568.2 752.4 712.6 211.5 804.1 564.5 249.1 692.7 1018.7 734.5 498.2 184.3 238.6 778.3 747.8 72.2 936.5 211.4 106.4 843.1 349.9 814.7 896.1 325.9 314.2 266.0 700.9 454.8 281.9 221.4 0.0 561.4 598.2 88.8 562.4 624.3 1004.5 307.9 474.6 91.5 190.2 342.0 187.8 191.0 958.5 170.4 348.3 137.3 326.6 98.1 358.1 196.5 466.7 612.7 224.7 831.7 330.4 967.0 955.2 781.3 714.8 181.8 598.6 127.0 683.1 308.5 457.6 699.5 221.4 767.1 199.0 202.9 622.0 165.8 207.3 242.1 428.3 1012.3 92.7 775.8 655.5 554.0 635.9 555.6 716.8 263.9 438.7 659.1 620.8 166.4 248.3 251.1 52.4 869.5 816.8 337.8 102.2 67.3 536.2 834.6 691.4 977.7 174.4 943.1 627.4 687.2 590.6 238.6 54.7 769.1 199.4 182.1 801.6 756.1 819.9 839.7 381.6 641.0 229.6 511.6 874.1 540.3 294.0
1796.5 521.5 523.9 435.6 657.4 381.0 922.8 92.0 311.5 954.3 610.2 172.1 763.1 193.6 843.6 370.2 653.9 383.9 514.6 493.7 498.7 154.4 599.8 218.9 124.2 206.5 539.1 130.2 508.0 843.8 147.4 482.3 679.9 441.4 366.3 431.4 327.8 471.9 302.6 190.9 360.5 690.8 452.0 3.0 605.2 131.2 457.2 172.9 1044.4 533.2 603.6 216.8 186.3 618.4 442.6 703.8 652.6 542.4 896.1 442.6 499.1 872.1 860.4 812.2 348.8 1001.0 526.1 767.6 546.1 0.0 332.6 635.0 296.8 62.8 443.0 854.1 1020.8 637.7 619.3 888.2 697.2 546.5 419.9 716.6 370.9 615.8 872.8 447.9 475.5 516.2 430.6 138.3 580.8 270.2 876.6 405.5 393.7 219.8 228.8 610.9 79.5 673.2 197.1 854.7 437.2 138.0 561.2 299.6 518.4 749.1 356.4 712.0 753.5 788.3 974.5 450.8 453.3 549.3 94.0 178.5 76.0 179.6 155.3 603.7 984.9 393.5 162.0 658.8 623.1 797.3 598.6 517.4 349.3 466.8 648.4 533.6 500.1 352.3 129.9 416.2 556.3 381.6 168.6 125.7 49.7 479.1 581.6 417.0 745.6 704.1 455.9 194.6 258.4 278.2 927.8 375.4 585.7 186.5 406.6 504.2 840.2
2100.0 395.8 454.5 309.9 705.0 48.3 904.6 553.9 79.1 936.1 484.5 563.9 744.9 428.5 825.4 300.8 528.2 137.7 388.9 368.0 429.3 510.8 474.1 415.6 352.5 598.3 292.9 510.1 438.6 825.6 375.7 302.9 661.7 195.2 120.1 305.7 52.8 225.7 29.9 582.7 114.3 565.1 205.8 363.3 479.5 491.5 387.8 493.1 1026.2 407.5 578.1 608.6 542.7 546.9 373.2 578.1 634.4 438.7 877.9 263.2 252.9 853.9 842.2 794.0 102.6 982.8 400.4 749.4 612.0 360.2 0.0 616.8 35.7 507.4 373.6 835.9 1002.6 619.5 493.6 870.0 715.8 693.8 350.5 698.4 245.2 490.1 854.6 513.8 349.8 582.1 304.9 391.9 455.1 310.5 858.4 336.1 324.3 361.0 547.8 485.2 397.4 556.0 516.1 836.5 311.5 498.3 708.5 112.5 392.7 730.9 28.8 693.8 735.3 770.1 956.3 381.4 519.2 369.9 452.8 406.8 406.3 407.9 547.1 751.0 966.7 65.9 400.0 533.1 776.3 779.1 558.9 271.2 162.2 341.1 630.2 599.5 374.4 236.3 488.7 346.8 586.4 312.2 406.6 486.0 389.4 353.4 606.7 170.8 727.4 710.1 276.5 424.9 467.5 395.5 909.6 42.7 460.0 414.8 219.5 378.5 822.0
2100.0 589.5 893.9 430.8 188.9 678.5 357.9 732.9 609.0 389.4 286.0 813.0 198.2 834.5 278.7 931.0 193.4 767.9 582.6 422.6 951.9 795.3 177.2 859.8 651.1 847.4 923.1 771.1 910.1 278.9 621.0 807.0 44.8 825.4 750.3 499.4 683.0 855.9 600.1 831.8 744.5 243.4 836.0 643.9 281.0 772.1 1038.1 813.8 479.5 216.2 318.0 857.7 827.2 104.1 968.4 243.3 17.5 876.5 331.2 846.6 928.0 307.2 295.5 247.3 732.8 436.1 313.8 202.7 79.3 640.8 630.1 0.0 594.3 703.7 1003.8 289.2 455.9 75.4 222.1 323.3 169.1 172.3 990.4 81.5 380.2 169.2 307.9 177.5 390.0 275.9 498.6 692.1 256.6 911.1 311.7 1003.7 954.5 860.7 794.2 213.7 678.0 158.9 762.5 289.8 489.5 778.9 202.7 742.7 230.9 184.2 653.9 76.9 118.4 223.4 409.6 1031.7 172.1 807.7 734.9 633.4 715.3 635.0 796.2 245.2 420.0 691.0 700.2 198.3 229.6 232.4 84.3 901.4 792.4 369.7 83.5 146.7 568.1 866.5 770.8 977.0 253.8 942.4 706.8 766.6 670.0 270.5 132.1 801.0 180.7 163.4 833.5 835.5 899.3 919.1 362.9 672.9 261.5 591.0 849.7 572.2 275.3
2135.8 360.0 490.3 274.1 669.2 84.1 868.8 416.5 43.3 900.3 448.7 496.6 709.1 464.3 789.6 336.6 492.4 173.5 353.1 332.2 465.1 546.6 438.3 451.4 316.7 531.0 328.7 545.9 474.4 789.8 339.9 338.7 625.9 231.0 155.9 269.9 88.6 261.5 5.8 515.4 150.1 529.3 241.6 327.5 443.7 455.7 423.6 528.9 990.4 371.7 542.3 541.3 578.5 511.1 409.0 542.3 598.6 474.5 842.1 299.0 288.7 818.1 806.4 758.2 138.4 947.0 364.6 713.6 576.2 324.4 35.7 581.0 0.0 387.3 409.4 800.1 966.8 583.7 457.8 834.2 680.0 658.0 386.3 662.6 209.4 454.3 818.8 478.0 314.0 546.3 269.1 356.1 419.3 346.3 822.6 371.9 360.1 396.8 512.0 449.4 361.6 520.2 480.3 800.7 275.7 462.5 672.7 148.3 356.9 695.1 59.5 658.0 699.5 734.3 920.5 417.2 483.4 405.7 417.0 371.0 370.5 372.1 479.8 715.2 930.9 96.6 364.2 497.3 740.5 743.3 523.1 307.0 198.0 305.3 594.4 563.7 338.6 272.1 452.9 382.6 550.6 348.0 370.8 450.2 353.6 317.6 570.9 206.6 691.6 674.3 312.3 460.7 503.3 431.3 873.8 78.5 424.2 379.0 255.3 342.7 786.2
1733.6 585.2 461.0 499.3 721.1 444.7 986.5 69.5 375.2 923.9 673.9 109.2 826.8 130.7 907.3 307.3 717.6 447.6 578.3 557.4 435.8 91.5 663.5 156.0 187.9 143.6 466.0 102.8 445.1 907.5 211.1 419.4 743.6 341.2 430.0 495.1 391.5 398.8 366.3 128.0 424.2 754.5 375.5 60.6 668.9 171.9 394.3 110.0 1026.2 596.9 667.3 153.9 123.4 682.1 379.7 767.5 716.3 479.5 959.8 379.7 422.6 935.8 924.1 875.9 412.5 1001.4 589.8 831.3 609.8 63.6 396.3 698.7 360.5 0.0 380.1 917.8 1021.2 701.4 683.0 951.9 760.9 610.2 357.0 780.3 434.6 679.5 936.5 511.6 539.2 579.9 494.3 173.8 644.5 207.3 940.3 342.6 330.8 156.9 250.4 674.6 115.0 736.9 178.0 918.4 500.9 75.1 624.9 363.3 582.1 812.8 420.1 775.7 817.2 852.0 944.1 387.9 517.0 486.4 129.5 242.2 111.5 243.3 92.4 667.4 954.5 457.2 197.5 722.5 686.8 861.0 662.3 444.3 413.0 530.5 712.1 597.3 563.8 289.4 165.4 353.3 620.0 318.7 204.1 166.4 113.4 542.8 645.3 419.9 809.3 767.8 393.0 131.7 195.5 215.3 884.9 439.1 649.4 250.2 470.3 567.9 903.9
1961.9 763.7 264.1 685.5 1080.6 385.8 1280.2 415.8 454.7 1152.2 860.1 424.6 1120.5 290.4 1201.0 110.4 903.8 238.5 754.3 743.6 238.9 372.7 849.7 277.5 557.3 460.2 301.4 372.0 248.2 1201.2 580.5 254.8 1037.3 176.6 256.1 681.3 322.6 234.2 405.5 444.6 261.7 940.7 210.9 430.0 855.1 541.3 197.4 355.1 1254.5 783.1 953.7 470.5 404.6 922.5 182.8 953.7 1010.0 282.6 1253.5 215.1 258.0 1229.5 1217.8 1169.6 272.9 1229.7 776.0 1125.0 979.2 433.0 375.5 992.4 411.3 369.3 0.0 1211.5 1249.5 995.1 869.2 1245.6 1091.4 979.6 160.1 1074.0 620.8 865.7 1230.2 881.0 725.4 949.3 672.8 543.2 830.7 172.4 1234.0 145.7 133.9 222.9 567.0 860.8 484.4 931.6 494.6 1212.1 687.1 427.6 994.3 346.8 768.3 1106.5 404.4 1069.4 1110.9 1145.7 1172.4 191.0 886.4 321.8 498.9 611.6 480.9 612.7 409.0 1036.8 1182.8 441.5 566.9 908.7 1056.2 1154.7 934.5 279.7 297.1 716.7 1005.8 966.7 755.4 124.8 530.1 85.0 989.4 121.8 573.5 535.8 482.8 729.0 1014.7 255.3 1103.0 1085.7 228.4 286.8 329.4 257.4 1113.2 380.2 835.6 619.6 369.9 746.4 1197.6
1982.1 824.6 1129.0 665.9 424.0 913.6 74.3 940.6 844.1 100.1 521.1 1020.7 297.5 1035.9 378.0 1198.9 428.5 1003.0 817.7 657.7 1187.0 1017.3 412.3 1054.8 858.8 1055.1 1158.2 978.8 1145.2 10.2 828.7 1042.1 360.4 1060.5 985.4 734.5 918.1 1091.0 835.2 1039.5 979.6 478.5 1071.1 851.6 516.1 979.8 1285.9 1021.5 190.2 451.3 553.1 937.6 1049.2 339.2 1203.5 478.4 333.1 1111.6 430.5 1081.7 1163.1 17.9 394.8 346.6 967.9 146.8 548.9 115.7 314.4 848.5 865.2 315.5 829.4 911.4 1271.7 0.0 166.6 310.5 457.2 34.0 202.4 283.1 1225.5 397.1 615.3 404.3 407.2 412.6 625.1 511.0 733.7 899.8 491.7 1098.9 411.0 1234.2 1222.4 1048.5 945.2 448.8 885.7 394.0 913.5 389.1 724.6 986.6 313.5 977.8 466.0 283.5 889.0 392.5 434.0 322.7 120.3 1279.5 407.2 1042.8 942.6 841.1 923.0 842.7 1003.9 282.3 130.7 926.1 907.9 433.4 262.9 331.7 319.4 1136.5 1027.5 604.8 254.3 381.8 803.2 1101.6 880.6 1244.9 488.9 1210.3 914.5 974.3 877.7 505.6 367.2 1036.1 280.0 196.7 1068.6 984.6 1107.0 1106.9 73.6 908.0 496.6 798.7 1084.8 807.3 374.6
2068.0 975.7 1280.1 817.0 575.1 1064.7 225.4 1091.7 995.2 186.0 672.2 1171.8 448.6 1121.8 529.1 1284.8 579.6 1154.1 968.8 808.8 1338.1 1103.2 563.4 1140.7 1009.9 1136.7 1309.3 1129.9 1296.3 161.3 979.8 1193.2 511.5 1211.6 1136.5 885.6 1069.2 1242.1 986.3 1132.4 1130.7 629.6 1222.2 1002.7 667.2 1130.9 1371.8 1172.6 23.6 602.4 704.2 1023.5 1135.1 490.3 1354.6 629.5 484.2 1262.7 581.6 1232.8 1314.2 165.4 545.9 497.7 1119.0 29.7 700.0 266.8 465.5 999.6 1016.3 466.6 980.5 1062.5 1357.6 151.0 0.0 461.6 608.3 125.7 353.5 434.2 1334.5 548.2 766.4 555.4 558.3 563.7 776.2 662.1 884.8 1050.9 642.8 1184.8 562.1 1320.1 1308.3 1134.4 1031.1 599.9 1036.8 545.1 999.4 540.2 875.7 1137.7 464.6 1128.9 617.1 434.6 1040.1 543.6 585.1 473.8 206.2 1365.4 558.3 1193.9 1002.4 992.2 1074.1 993.8 1083.6 433.4 216.6 1077.2 1059.0 584.5 414.0 482.8 470.5 1287.6 1178.6 755.9 405.4 532.9 954.3 1266.9 966.5 1330.8 640.0 1296.2 1011.8 1125.4 1028.8 656.7 518.3 1187.2 431.1 347.8 1219.7 1070.5 1234.4 1192.8 159.5 1059.1 647.7 949.8 1235.9 958.4 525.7
2116.7 583.6 888.0 424.9 183.0 672.6 374.6 727.0 603.1 406.1 280.1 807.1 214.9 828.6 295.4 925.1 187.5 762.0 576.7 416.7 946.0 789.4 171.3 853.9 645.2 841.5 917.2 765.2 904.2 295.6 615.1 801.1 131.7 819.5 744.4 493.5 677.1 850.0 594.2 825.9 738.6 237.5 830.1 638.0 275.1 766.2 1032.2 807.9 496.2 210.3 312.1 851.8 821.3 98.2 962.5 237.4 104.4 870.6 347.9 840.7 922.1 323.9 312.2 264.0 726.9 452.8 307.9 219.4 73.4 634.9 624.2 86.8 588.4 697.8 997.9 305.9 472.6 0.0 216.2 340.0 185.8 189.0 984.5 168.4 374.3 163.3 324.6 171.6 384.1 270.0 492.7 686.2 250.7 905.2 328.4 997.8 948.6 854.8 788.3 207.8 672.1 153.0 756.6 306.5 483.6 773.0 219.4 736.8 225.0 200.9 648.0 163.8 205.3 240.1 426.3 1025.8 166.2 801.8 729.0 627.5 709.4 629.1 790.3 261.9 436.7 685.1 694.3 192.4 246.3 249.1 78.4 895.5 786.5 363.8 100.2 140.8 562.2 860.6 764.9 971.1 247.9 936.5 700.9 760.7 664.1 264.6 126.2 795.1 197.4 180.1 827.6 829.6 893.4 913.2 379.6 667.0 255.6 585.1 843.8 566.3 292.0
2312.6 447.5 751.9 288.8 311.5 536.5 511.1 713.5 467.0 542.6 144.0 792.4 351.4 815.1 431.9 789.0 134.7 625.9 440.6 280.6 809.9 775.9 80.6 840.4 613.7 828.0 781.1 751.7 768.1 432.1 636.9 665.0 268.2 683.4 608.3 357.4 541.0 713.9 458.1 812.4 602.5 171.6 694.0 624.5 139.0 752.7 896.1 794.4 632.7 74.2 202.1 838.3 807.8 153.4 826.4 184.6 240.9 733.0 484.4 704.6 786.0 460.4 448.7 400.5 590.8 589.3 171.8 355.9 201.9 621.4 488.1 223.3 452.3 684.3 861.8 442.4 609.1 226.0 0.0 476.5 322.3 325.5 848.4 304.9 238.2 96.6 461.1 311.1 248.0 289.1 356.6 653.1 114.6 798.7 464.9 861.7 812.5 849.2 809.0 6.2 658.6 162.5 777.3 443.0 347.5 759.5 355.9 600.7 88.9 337.4 511.9 300.3 341.8 376.6 562.8 889.7 316.5 665.7 714.0 668.0 667.5 669.1 776.8 398.4 573.2 549.0 661.2 139.6 382.8 385.6 165.4 759.4 650.4 227.7 236.7 341.6 426.8 724.5 749.9 835.0 210.4 800.4 667.8 747.2 650.6 128.5 213.2 659.0 333.9 316.6 691.5 816.1 879.9 883.7 516.1 530.9 119.5 638.3 707.7 430.2 428.5
2000.5 849.9 1154.3 691.2 449.3 938.9 99.6 965.9 869.4 118.5 546.4 1044.8 322.8 1054.3 403.3 1217.3 453.8 1028.3 840.5 683.0 1212.3 1028.3 437.6 1073.2 884.1 1080.4 1183.5 1004.1 1170.5 35.5 854.0 1067.4 385.7 1085.8 1010.7 759.8 943.4 1116.3 860.5 1064.8 1004.9 503.8 1096.4 876.9 541.4 1005.1 1298.5 1046.8 156.1 476.6 578.4 956.0 1060.2 364.5 1228.8 503.7 358.4 1136.9 455.8 1107.0 1188.4 36.3 420.1 371.9 993.2 112.7 574.2 141.0 339.7 873.8 890.5 340.8 854.7 936.7 1290.1 25.2 132.5 335.8 482.5 0.0 227.7 308.4 1250.8 422.4 640.6 429.6 432.5 437.9 650.4 536.3 759.0 925.1 517.0 1117.3 436.3 1252.6 1240.8 1066.9 963.6 474.1 911.0 419.3 931.9 414.4 749.9 1011.9 338.8 1003.1 491.3 308.8 914.3 417.8 459.3 348.0 138.7 1292.1 432.5 1068.1 967.9 866.4 948.3 868.0 1029.2 307.6 149.1 951.4 933.2 458.7 288.2 357.0 344.7 1161.8 1052.8 630.1 279.6 407.1 841.6 1126.9 899.0 1263.3 514.2 1228.7 939.8 999.6 903.0 530.9 392.5 1061.4 305.3 222.0 1093.9 1003.0 1132.3 1125.3 92.0 933.3 521.9 824.0 1110.1 832.6 399.9
2013.2 684.5 988.9 525.8 283.9 773.5 271.1 787.2 704.0 302.6 381.9 866.1 157.4 888.8 237.9 1065.4 288.4 862.9 675.1 517.6 1046.9 849.6 272.2 914.1 705.4 901.7 1018.1 825.4 1005.1 192.1 675.3 902.9 220.3 920.4 845.3 594.4 778.0 950.9 695.1 886.1 839.5 338.4 931.0 697.4 376.0 826.4 1133.1 868.2 392.7 312.1 413.0 912.0 880.7 199.1 1063.4 338.3 193.0 970.0 290.4 941.6 1023.0 220.4 254.7 206.5 827.8 349.3 408.8 115.9 174.3 695.1 725.1 175.4 689.3 758.0 1137.4 202.4 369.1 170.4 317.1 236.5 0.0 143.9 1085.4 257.0 475.2 264.2 267.1 272.5 485.0 370.9 593.6 745.6 351.6 965.4 270.9 1098.7 1088.9 915.0 848.5 308.7 732.3 253.9 816.8 249.0 584.5 833.2 122.7 837.7 325.9 143.4 748.9 252.4 293.9 182.6 322.8 1126.7 267.1 902.7 789.2 687.7 769.6 689.3 850.5 79.8 333.2 786.0 754.5 293.3 60.4 191.6 179.3 996.4 887.4 464.7 114.2 241.7 662.0 961.5 825.1 1111.4 348.8 1076.8 761.1 820.9 724.3 365.5 227.1 896.0 139.9 15.2 928.5 889.8 953.6 973.4 276.1 767.9 356.5 645.3 944.7 667.2 234.5
2191.3 684.4 988.8 525.7 283.8 736.9 348.5 657.4 667.4 380.0 380.9 736.3 188.8 759.0 269.3 935.6 288.3 855.3 675.0 517.5 1046.8 719.8 272.1 784.3 575.6 771.9 1010.5 695.6 1005.0 269.5 545.5 901.9 220.2 912.8 837.7 594.3 741.4 943.3 658.5 756.3 831.9 338.3 923.4 568.4 375.9 696.6 1022.6 738.3 470.1 311.1 412.9 782.2 751.7 199.0 1008.0 338.2 192.9 969.9 321.8 941.5 970.5 297.8 286.1 237.9 820.2 426.7 408.7 193.3 174.2 565.3 688.5 175.3 652.7 628.2 1008.4 279.8 446.5 170.3 317.0 313.9 165.4 0.0 985.3 256.9 475.1 264.1 298.5 272.4 484.9 370.8 593.5 616.6 351.5 835.6 302.3 970.9 959.1 785.2 718.7 308.6 602.5 253.8 687.0 280.4 584.4 703.4 30.3 771.0 325.8 174.8 712.3 252.3 293.8 214.0 400.2 1016.2 267.0 902.6 659.4 557.9 639.8 559.5 720.7 72.8 410.6 749.4 624.7 293.2 92.2 223.0 179.2 988.8 820.7 464.6 114.1 241.6 663.7 917.7 695.3 981.6 348.7 947.0 631.3 691.1 594.5 365.4 227.0 888.4 171.3 173.2 928.4 760.0 823.8 843.6 353.5 731.3 356.4 515.5 878.0 667.1 265.9
1931.1 691.5 103.9 654.7 1049.8 355.0 1249.4 385.0 423.9 1121.4 829.3 395.0 1089.7 259.6 1170.2 43.7 873.0 207.7 684.6 712.8 78.7 341.9 818.9 246.7 526.5 429.4 270.6 341.2 88.0 1170.4 549.7 224.0 1006.5 145.8 225.3 650.5 291.8 203.4 374.7 413.8 230.9 909.9 180.1 399.2 824.3 510.5 47.6 324.2 1223.7 752.3 922.9 439.7 373.8 891.7 22.6 922.9 979.2 122.4 1222.7 184.3 227.2 1198.7 1187.0 1138.8 242.1 1198.9 745.2 1094.2 948.4 402.2 344.7 961.6 380.5 338.5 132.4 1180.7 1218.7 964.3 838.4 1214.8 1060.6 948.8 0.0 1043.2 590.0 834.9 1199.4 850.2 694.6 918.5 600.6 512.4 799.9 141.6 1203.2 13.2 23.3 192.1 536.2 830.0 453.6 900.8 463.8 1181.3 656.3 396.8 963.5 316.0 737.5 1075.7 373.6 1038.6 1080.1 1114.9 1141.6 41.2 855.6 191.9 468.1 580.8 450.1 581.9 378.2 1006.0 1152.0 410.7 536.1 877.9 1025.4 1123.9 903.7 248.9 266.3 685.9 975.0 935.9 670.1 94.0 499.3 105.6 958.6 33.8 542.7 505.0 452.0 698.2 983.9 224.5 1072.2 1054.9 197.6 256.0 298.6 226.6 1082.4 349.4 804.8 588.8 339.1 674.2 1166.8
2173.9 663.4 967.8 504.7 262.8 752.4 431.8 806.8 682.9 463.3 359.9 885.7 272.1 908.4 352.6 1004.9 267.3 841.8 656.5 496.5 1025.8 869.2 251.1 933.7 725.0 921.3 997.0 845.0 984.0 352.8 694.9 880.9 31.1 899.3 824.2 573.3 756.9 929.8 674.0 905.7 818.4 317.3 909.9 717.8 354.9 846.0 1112.0 887.8 553.4 290.1 391.9 931.6 901.1 178.0 1042.3 317.2 57.0 948.9 405.1 920.5 1001.9 381.1 369.4 321.2 806.7 510.0 387.7 276.6 153.2 714.7 704.0 73.8 668.2 777.6 1077.7 363.1 529.8 149.3 296.0 397.2 243.0 246.2 1064.3 0.0 454.1 243.1 381.8 251.4 463.9 349.8 572.5 766.0 330.5 985.0 385.6 1077.6 1028.4 934.6 868.1 287.6 751.9 232.8 836.4 363.7 563.4 852.8 276.6 816.6 304.8 258.1 727.8 51.3 92.8 297.3 483.5 1105.6 246.0 881.6 808.8 707.3 789.2 708.9 870.1 319.1 493.9 764.9 774.1 272.2 303.5 306.3 158.2 975.3 866.3 443.6 157.4 220.6 640.9 940.4 844.7 1050.9 327.7 1016.3 780.7 840.5 743.9 344.4 206.0 874.9 254.6 237.3 907.4 909.4 973.2 993.0 436.8 746.8 335.4 664.9 923.6 646.1 349.2
2146.5 209.2 513.6 156.9 459.7 298.2 659.3 475.2 228.7 690.8 239.2 555.3 499.6 576.8 580.1 550.7 282.9 387.6 202.3 148.7 571.6 537.6 228.8 602.1 375.4 589.7 542.8 513.4 529.8 580.3 398.6 426.7 416.4 445.1 370.0 119.1 302.7 475.6 219.8 574.1 364.2 319.8 455.7 386.2 234.2 514.4 657.8 556.1 780.9 162.2 332.8 600.0 569.5 301.6 588.1 332.8 389.1 496.2 632.6 466.3 547.7 608.6 596.9 548.7 352.5 737.5 155.1 504.1 350.1 383.1 249.8 371.5 214.0 446.0 623.5 590.6 757.3 374.2 248.3 624.7 470.5 473.7 610.1 453.1 0.0 244.8 609.3 438.6 104.5 419.8 118.3 414.8 209.8 560.4 613.1 623.4 574.2 610.9 570.7 239.9 420.3 310.7 539.0 591.2 124.9 521.2 504.1 362.4 147.4 485.6 273.6 448.5 490.0 524.8 711.0 651.4 444.0 427.4 475.7 429.7 429.2 430.8 538.5 546.6 721.4 310.7 422.9 287.8 531.0 533.8 313.6 521.1 412.1 95.8 384.9 472.3 187.8 486.2 511.6 596.7 341.1 562.1 429.5 508.9 412.3 108.1 361.4 420.7 482.1 464.8 453.2 577.8 641.6 645.4 664.3 292.6 214.7 437.7 469.4 191.9 576.7
2192.8 476.5 780.9 317.8 251.1 565.5 450.7 795.1 496.0 482.2 173.0 875.2 291.0 896.7 371.5 818.0 74.3 654.9 469.6 309.6 838.9 857.5 64.2 922.0 642.7 909.6 810.1 833.3 797.1 371.7 683.2 694.0 207.8 712.4 637.3 386.4 570.0 742.9 487.1 894.0 631.5 74.9 723.0 706.1 168.0 834.3 925.1 876.0 572.3 103.2 231.1 919.9 889.4 93.0 855.4 124.1 180.5 763.5 424.0 733.6 815.0 400.0 388.3 340.1 619.8 528.9 200.8 295.5 141.5 703.0 517.1 162.9 481.3 765.9 890.8 382.0 548.7 165.6 109.1 416.1 261.9 265.1 877.4 244.5 267.2 0.0 400.7 239.7 277.0 318.1 385.6 754.3 143.6 827.7 404.5 890.7 841.5 878.2 856.4 100.7 740.2 102.1 824.7 382.6 376.5 841.1 295.5 629.7 117.9 277.0 540.9 239.9 281.4 316.2 502.4 918.7 234.3 694.7 797.1 695.6 696.5 697.2 858.4 338.0 512.8 578.0 762.4 79.2 322.4 325.2 105.0 788.4 679.4 256.7 176.3 208.9 455.1 753.5 833.0 864.0 239.4 829.4 769.0 828.8 732.2 157.5 152.8 688.0 273.5 256.2 720.5 897.7 961.5 912.7 455.7 559.9 148.5 653.2 736.7 459.2 368.1
2210.4 855.7 1160.1 697.0 455.1 944.7 468.3 971.7 875.2 499.8 552.2 1051.8 183.0 1073.3 84.7 1197.2 459.6 1034.1 848.8 688.8 1218.1 1034.1 443.4 1098.6 889.9 1086.2 1189.3 1009.9 1176.3 389.3 859.8 1073.2 391.5 1091.6 1016.5 765.6 949.2 1122.1 866.3 1070.6 1010.7 509.6 1102.2 882.7 547.2 1010.9 1304.3 1052.6 589.9 482.4 584.2 1096.5 1066.0 370.3 1234.6 509.5 364.2 1142.7 124.4 1112.8 1194.2 417.6 121.5 149.5 999.0 546.5 580.0 313.1 345.5 879.6 896.3 346.6 860.5 942.5 1270.0 399.6 566.3 341.6 488.3 433.7 279.5 314.2 1256.6 428.2 646.4 435.4 0.0 443.7 656.2 542.1 764.8 930.9 522.8 1149.9 104.9 1269.9 1220.7 1099.5 1033.0 479.9 916.8 425.1 1001.3 132.8 755.7 1017.7 344.6 1008.9 497.1 204.0 920.1 423.6 465.1 182.2 520.0 1297.9 438.3 1073.9 973.7 872.2 954.1 873.8 1035.0 359.4 530.4 957.2 939.0 464.5 340.0 195.0 350.5 1167.6 1058.6 635.9 285.4 412.9 834.3 1132.7 1009.6 1243.2 520.0 1208.6 945.6 1005.4 908.8 536.7 398.3 1067.2 169.5 273.8 1099.7 1074.3 1138.1 1157.9 473.3 939.1 527.7 829.8 1115.9 838.4 81.3
2087.7 616.1 920.5 497.1 209.4 573.7 474.8 555.3 504.2 506.3 352.3 635.4 315.1 656.9 395.6 833.5 259.7 663.1 609.2 488.9 962.0 617.7 243.5 682.2 473.5 669.8 818.3 593.5 971.3 395.8 443.4 833.6 231.9 720.6 645.5 526.0 578.2 751.1 495.3 654.2 639.7 309.7 731.2 466.3 347.3 594.5 920.5 636.2 596.4 282.5 189.6 680.1 649.6 170.4 905.9 309.6 204.6 903.1 448.1 788.6 778.3 424.1 412.4 364.2 628.0 553.0 380.1 319.6 98.1 463.2 525.3 187.0 489.5 526.1 906.3 406.1 572.8 189.7 288.4 440.2 286.0 289.2 883.2 268.6 446.5 235.5 424.8 0.0 456.3 98.3 525.2 514.5 322.9 733.5 428.6 868.8 857.0 683.1 616.6 280.0 500.4 225.2 584.9 406.7 555.8 601.3 319.6 668.9 297.2 301.1 549.1 264.0 305.5 340.3 526.5 914.1 5.3 834.3 557.3 455.8 537.7 457.4 618.6 362.1 536.9 586.2 522.6 264.6 346.5 349.3 150.6 796.6 718.6 436.0 200.4 85.6 594.7 815.6 593.2 879.5 134.1 844.9 529.2 589.0 492.4 336.8 133.6 696.2 297.6 280.3 801.9 657.9 721.7 741.5 479.8 568.1 327.8 413.4 775.9 598.8 392.2
2245.9 308.6 613.0 194.1 496.9 397.6 696.5 574.6 328.1 728.0 276.4 654.7 536.8 676.2 617.3 650.1 320.1 487.0 301.7 185.9 671.0 637.0 266.0 701.5 474.8 689.1 642.2 612.8 629.2 617.5 498.0 526.1 453.6 544.5 469.4 218.5 402.1 575.0 319.2 673.5 463.6 357.0 555.1 485.6 271.4 613.8 757.2 655.5 818.1 199.4 370.0 699.4 668.9 338.8 687.5 370.0 426.3 595.6 669.8 565.7 647.1 645.8 634.1 585.9 451.9 774.7 192.3 541.3 387.3 482.5 349.2 408.7 313.4 545.4 722.9 627.8 794.5 411.4 285.5 661.9 507.7 510.9 709.5 490.3 99.3 282.0 646.5 479.0 0.0 457.0 217.7 514.2 247.0 659.8 650.3 722.8 673.6 710.3 670.1 277.1 519.7 347.9 638.4 628.4 252.8 620.6 541.3 461.8 184.6 522.8 373.0 485.7 527.2 562.0 748.2 750.8 484.4 526.8 575.1 529.1 528.6 530.2 637.9 583.8 758.6 410.1 522.3 325.0 568.2 571.0 350.8 620.5 511.5 133.0 422.1 509.5 287.2 585.6 611.0 696.1 378.3 661.5 528.9 608.3 511.7 145.3 398.6 520.1 519.3 502.0 552.6 677.2 741.0 744.8 701.5 392.0 251.9 537.1 568.8 291.3 613.9
2150.5 639.4 943.8 480.7 282.3 636.5 547.7 618.1 567.0 579.2 335.9 698.2 388.0 719.7 468.5 896.3 332.6 725.9 632.5 472.5 1001.8 680.5 310.0 745.0 536.3 732.6 881.1 656.3 960.0 468.7 506.2 856.9 304.8 783.4 708.3 549.3 641.0 813.9 558.1 717.0 702.5 382.6 794.0 529.1 330.9 657.3 983.3 699.0 669.3 266.1 158.2 742.9 712.4 243.3 968.7 382.5 277.5 926.4 521.0 896.5 841.1 497.0 485.3 437.1 690.8 625.9 363.7 392.5 171.0 526.0 588.1 259.9 552.3 588.9 969.1 479.0 645.7 262.6 329.5 513.1 358.9 362.1 946.0 341.5 430.1 308.4 497.7 72.8 439.9 0.0 548.5 577.3 306.5 796.3 501.5 931.6 919.8 745.9 679.4 321.1 563.2 298.1 647.7 479.6 539.4 664.1 392.5 731.7 280.8 374.0 611.9 336.9 378.4 413.2 599.4 976.9 78.2 857.6 620.1 518.6 600.5 520.2 681.4 435.0 609.8 649.0 585.4 337.5 419.4 422.2 223.5 859.4 781.4 419.6 273.3 158.5 618.0 878.4 656.0 942.3 110.9 907.7 592.0 651.8 555.2 320.4 206.5 759.0 370.5 353.2 883.4 720.7 784.5 804.3 552.7 630.9 311.4 476.2 838.7 622.1 465.1
2203.8 90.8 469.5 112.6 555.7 355.5 755.3 532.5 286.0 786.8 335.2 612.6 595.6 714.0 676.1 586.3 378.9 444.9 83.9 170.7 527.5 594.9 324.8 701.1 432.7 647.0 615.0 570.7 485.7 676.3 455.9 382.6 512.4 490.2 427.3 93.2 360.0 547.8 277.1 631.4 421.5 415.8 524.5 443.5 330.2 571.7 613.7 613.4 876.9 258.2 428.8 657.3 626.8 397.6 544.0 428.8 485.1 452.1 728.6 422.2 503.6 704.6 692.9 644.7 409.8 833.5 251.1 600.1 446.1 440.4 307.1 467.5 271.3 503.3 659.1 686.6 853.3 470.2 344.3 720.7 566.5 569.7 566.0 549.1 95.9 340.8 705.3 495.9 200.5 515.8 0.0 472.1 305.8 596.0 709.1 579.3 589.4 646.5 628.0 335.9 477.6 406.7 596.3 687.2 114.2 578.5 600.1 419.7 243.4 581.6 330.9 544.5 586.0 620.8 807.0 607.3 501.3 383.3 533.0 487.0 486.5 488.1 595.8 642.6 817.4 368.0 480.2 383.8 627.0 629.8 409.6 593.3 469.4 191.8 480.9 581.6 69.4 521.8 568.9 632.3 437.1 597.7 486.8 566.2 469.6 204.1 457.4 478.0 578.1 560.8 409.1 710.4 753.0 681.0 760.3 349.9 310.7 495.0 526.7 73.5 672.7
1757.7 562.3 635.3 476.4 716.2 421.8 923.9 216.5 352.3 873.3 651.0 282.3 821.9 305.0 902.4 481.6 694.7 424.7 552.9 534.5 610.1 265.8 640.6 330.3 66.2 301.2 579.9 274.7 619.4 844.9 71.4 589.9 738.7 482.2 407.1 472.2 368.6 512.7 343.4 302.3 401.3 731.6 492.8 155.8 646.0 267.8 568.6 284.3 975.6 574.0 662.4 188.0 297.7 677.2 554.0 744.6 711.4 653.8 954.9 550.2 539.9 873.2 919.2 871.0 389.6 950.8 566.9 768.7 604.9 152.7 373.4 693.8 337.6 174.2 554.4 855.2 970.6 696.5 660.1 889.3 786.7 605.3 531.3 775.4 411.7 656.6 931.6 506.7 516.3 575.0 471.4 0.0 621.6 381.6 935.4 516.9 505.1 331.2 195.6 651.7 147.3 732.0 163.9 913.5 478.0 249.4 620.0 340.4 559.2 807.9 397.2 770.8 812.3 847.1 893.5 562.2 512.1 656.9 60.8 136.0 113.8 103.6 248.1 662.5 903.9 434.3 23.6 699.6 681.9 856.1 657.4 558.2 390.1 507.6 707.2 592.4 554.0 463.7 96.7 527.6 615.1 493.0 30.2 262.3 149.1 519.9 640.4 457.8 804.4 781.0 563.5 306.0 369.8 389.6 834.3 416.2 626.5 110.5 447.4 545.0 899.0
2348.2 410.9 715.3 252.2 347.9 499.9 547.5 676.9 430.4 579.0 22.8 757.0 387.8 778.5 468.3 752.4 171.1 589.3 404.0 244.0 773.3 739.3 117.0 803.8 577.1 791.4 744.5 715.1 731.5 468.5 600.3 628.4 304.6 646.8 571.7 320.8 504.4 677.3 421.5 775.8 565.9 208.0 657.4 587.9 24.4 716.1 859.5 757.8 669.1 50.4 221.0 801.7 771.2 189.8 789.8 221.0 277.3 697.9 520.8 668.0 749.4 496.8 485.1 436.9 554.2 625.7 135.2 392.3 238.3 584.8 451.5 259.7 415.7 647.7 825.2 478.8 645.5 262.4 136.5 512.9 358.7 361.9 811.8 341.3 201.6 133.0 497.5 330.0 211.4 308.0 320.0 616.5 0.0 762.1 501.3 825.1 775.9 812.6 772.4 128.1 622.0 198.9 740.7 479.4 310.9 722.9 392.3 564.1 52.3 373.8 475.3 336.7 378.2 413.0 599.2 853.1 335.4 629.1 677.4 631.4 630.9 632.5 740.2 434.8 609.6 512.4 624.6 176.0 419.2 422.0 201.8 722.8 613.8 191.1 273.1 360.5 389.5 687.9 713.3 798.4 229.3 763.8 631.2 710.6 614.0 91.9 249.6 622.4 370.3 353.0 654.9 779.5 843.3 847.1 552.5 494.3 4.9 639.4 671.1 393.6 464.9
1789.4 720.9 253.6 642.7 918.0 343.0 1089.2 243.3 411.9 979.7 817.3 253.3 1023.7 117.9 1104.2 99.9 861.0 195.7 714.0 700.8 228.4 200.2 806.9 105.0 384.8 287.7 258.6 199.5 237.7 1104.4 408.0 212.0 940.5 133.8 213.3 638.5 279.8 191.4 362.7 272.1 218.9 897.9 168.1 257.5 812.3 368.8 186.9 182.5 1082.0 740.3 864.2 298.0 232.1 879.0 172.3 910.9 913.2 272.1 1156.7 172.3 215.2 996.8 1121.0 1072.8 230.1 1057.2 733.2 1028.2 806.7 260.5 332.7 895.6 368.5 196.8 172.7 1014.8 1077.0 898.3 826.4 1022.0 957.8 807.1 149.6 977.2 578.0 822.9 1133.4 708.5 682.6 776.8 630.0 370.7 787.9 0.0 1137.2 135.2 123.4 50.4 394.5 818.0 311.9 933.8 322.1 1115.3 644.3 255.1 821.8 304.0 725.5 1009.7 361.6 972.6 1014.1 1048.9 999.9 180.5 713.9 279.0 326.4 439.1 308.4 440.2 236.5 864.3 1010.3 398.7 394.4 865.9 883.7 1057.9 859.2 236.9 254.3 673.9 909.0 794.2 699.5 82.0 357.6 145.9 816.9 111.3 401.0 363.3 310.3 686.2 842.2 212.5 1006.2 964.7 185.6 114.3 156.9 84.9 940.7 337.4 792.8 447.1 327.1 703.6 1100.8
2219.4 864.7 1169.1 706.0 464.1 953.7 477.3 980.7 884.2 508.8 561.2 1060.8 170.4 1082.3 104.8 1206.2 468.6 1043.1 857.8 697.8 1227.1 1043.1 452.4 1107.6 898.9 1095.2 1198.3 1018.9 1185.3 398.3 868.8 1082.2 400.5 1100.6 1025.5 774.6 958.2 1131.1 875.3 1079.6 1019.7 518.6 1111.2 891.7 556.2 1019.9 1313.3 1061.6 598.9 491.4 593.2 1105.5 1075.0 379.3 1243.6 518.5 373.2 1151.7 19.5 1121.8 1203.2 426.6 141.6 169.6 1008.0 555.5 589.0 322.1 354.5 888.6 905.3 355.6 869.5 951.5 1279.0 408.6 575.3 350.6 497.3 442.7 288.5 323.2 1265.6 437.2 655.4 444.4 108.8 452.7 665.2 551.1 773.8 939.9 531.8 1158.9 0.0 1278.9 1229.7 1108.5 1042.0 488.9 925.8 434.1 1010.3 104.2 764.7 1026.7 353.6 1017.9 506.1 213.0 929.1 432.6 474.1 202.3 529.0 1306.9 447.3 1082.9 982.7 881.2 963.1 882.8 1044.0 368.4 539.4 966.2 948.0 473.5 349.0 166.4 359.5 1176.6 1067.6 644.9 294.4 421.9 843.3 1141.7 1018.6 1252.2 529.0 1217.6 954.6 1014.4 917.8 545.7 407.3 1076.2 178.5 282.8 1108.7 1083.3 1147.1 1166.9 482.3 948.1 536.7 838.8 1124.9 847.4 101.4
1917.8 705.9 118.3 641.4 1036.5 341.7 1236.1 371.7 410.6 1108.1 816.0 381.7 1076.4 246.3 1156.9 30.5 859.7 194.4 699.0 699.5 93.1 328.6 805.6 233.4 513.2 416.1 257.3 327.9 102.4 1157.1 536.4 210.7 993.2 132.5 212.0 637.2 278.5 190.1 361.4 400.5 217.6 896.6 166.8 385.9 811.0 497.2 51.6 310.9 1210.4 739.0 909.6 426.4 360.5 878.4 37.0 909.6 965.9 136.8 1209.4 171.0 213.9 1185.4 1173.7 1125.5 228.8 1185.6 731.9 1080.9 935.1 388.9 331.4 948.3 367.2 325.2 119.1 1167.4 1205.4 951.0 825.1 1201.5 1047.3 935.5 14.3 1029.9 576.7 821.6 1186.1 836.9 681.3 905.2 615.0 499.1 786.6 128.3 1189.9 0.0 10.1 178.8 522.9 816.7 440.3 887.5 450.5 1168.0 643.0 383.5 950.2 302.7 724.2 1062.4 360.3 1025.3 1066.8 1101.6 1128.3 45.2 842.3 206.3 454.8 567.5 436.8 568.6 364.9 992.7 1138.7 397.4 522.8 864.6 1012.1 1110.6 890.4 235.6 253.0 672.6 961.7 922.6 684.5 80.7 486.0 92.3 945.3 20.6 529.4 491.7 438.7 684.9 970.6 211.2 1058.9 1041.6 184.3 242.7 285.3 213.3 1069.1 336.1 791.5 575.5 325.8 688.6 1153.5
1907.7 709.5 130.1 631.3 1026.4 331.6 1226.0 361.6 400.5 1098.0 805.9 371.6 1066.3 236.2 1146.8 20.3 849.6 184.3 702.6 689.4 104.9 318.5 795.5 223.3 503.1 406.0 247.2 317.8 114.2 1147.0 526.3 200.6 983.1 122.4 201.9 627.1 268.4 180.0 351.3 390.4 207.5 886.5 156.7 375.8 800.9 487.1 63.4 300.8 1200.3 728.9 899.5 416.3 350.4 868.3 48.8 899.5 955.8 148.6 1199.3 160.9 203.8 1175.3 1163.6 1115.4 218.7 1175.5 721.8 1070.8 925.0 378.8 321.3 938.2 357.1 315.1 109.0 1157.3 1195.3 940.9 815.0 1191.4 1037.2 925.4 26.1 1019.8 566.6 811.5 1176.0 826.8 671.2 895.1 618.6 489.0 776.5 118.2 1179.8 11.7 0.0 168.7 512.8 806.6 430.2 877.4 440.4 1157.9 632.9 373.4 940.1 292.6 714.1 1052.3 350.2 1015.2 1056.7 1091.5 1118.2 57.0 832.2 218.1 444.7 557.4 426.7 558.5 354.8 982.6 1128.6 387.3 512.7 854.5 1002.0 1100.5 880.3 225.5 242.9 662.5 951.6 912.5 688.1 70.6 475.9 82.2 935.2 10.4 519.3 481.6 428.6 674.8 960.5 201.1 1048.8 1031.5 174.2 232.6 275.2 203.2 1059.0 326.0 781.4 565.4 315.7 692.2 1143.4
1738.9 731.6 304.0 645.7 867.5 393.4 1038.7 192.8 462.3 929.2 820.3 202.8 973.2 67.4 1053.7 150.3 864.0 246.1 724.7 703.8 278.8 149.7 809.9 54.5 334.3 237.2 309.0 149.0 288.1 1053.9 357.5 262.4 890.0 184.2 263.7 641.5 330.2 241.8 413.1 221.6 269.3 900.9 218.5 207.0 815.3 318.3 237.3 132.0 1031.5 743.3 813.7 247.5 181.6 828.5 222.7 913.9 862.7 322.5 1106.2 222.7 265.6 946.3 1070.5 1022.3 280.5 1006.7 736.2 977.7 756.2 210.0 383.1 845.1 418.9 146.3 223.1 964.3 1026.5 847.8 829.4 971.5 907.3 756.6 200.0 926.7 581.0 825.9 1082.9 658.0 685.6 726.3 640.7 320.2 790.9 50.3 1086.7 185.6 173.8 0.0 344.0 821.0 261.4 883.3 271.6 1064.8 647.3 204.6 771.3 354.4 728.5 959.2 412.0 922.1 963.6 998.4 949.4 230.9 663.4 329.4 275.9 388.6 257.9 389.7 186.0 813.8 959.8 449.1 343.9 868.9 833.2 1007.4 808.7 287.3 304.7 676.9 858.5 743.7 710.2 132.4 307.1 196.3 766.4 161.7 350.5 312.8 259.8 689.2 791.7 262.9 955.7 914.2 236.0 63.8 106.4 58.3 890.2 387.8 795.8 396.6 377.5 714.3 1050.3
1750.8 705.3 654.9 619.4 805.1 564.8 985.5 281.0 495.3 873.1 794.0 234.1 943.4 324.6 1023.9 501.2 837.7 567.7 698.4 677.5 629.7 280.3 783.6 349.9 179.0 219.6 659.9 339.2 639.0 906.5 261.1 613.3 827.6 535.1 550.1 615.2 511.6 592.7 486.4 215.3 544.3 874.6 569.4 258.7 789.0 332.3 588.2 303.9 975.4 717.0 751.3 106.4 312.2 766.1 573.6 887.6 800.3 673.4 1076.4 573.6 616.5 934.8 1040.7 992.5 532.6 950.6 709.9 830.3 693.8 255.6 516.4 782.7 480.6 238.7 574.0 916.8 970.4 785.4 803.1 950.9 848.3 694.2 550.9 864.3 554.7 799.6 1053.1 595.6 659.3 663.9 614.4 189.6 764.6 401.2 1056.9 536.5 524.7 350.8 0.0 794.7 211.8 820.9 82.3 1035.0 621.0 255.2 708.9 483.4 702.2 929.4 540.2 859.7 901.2 968.6 893.3 581.8 601.0 680.3 118.6 227.5 178.3 293.3 166.5 751.4 903.7 577.3 175.5 842.6 770.8 977.6 746.3 638.2 533.1 650.6 796.1 681.3 683.9 483.3 82.7 547.2 704.0 512.6 168.9 326.8 213.6 662.9 729.3 600.8 925.9 842.6 586.9 320.5 389.4 409.2 834.1 559.2 769.5 300.2 590.4 688.0 1020.5
2306.3 441.2 745.6 282.5 305.2 530.2 504.8 707.2 460.7 536.3 137.7 787.3 345.1 808.8 425.6 782.7 128.4 619.6 434.3 274.3 803.6 769.6 74.3 834.1 607.4 821.7 774.8 745.4 761.8 425.8 630.6 658.7 261.9 677.1 602.0 351.1 534.7 707.6 451.8 806.1 596.2 165.3 687.7 618.2 132.7 746.4 889.8 788.1 626.4 67.9 195.8 832.0 801.5 147.1 820.1 178.3 234.6 728.2 478.1 698.3 779.7 454.1 442.4 394.2 584.5 583.0 165.5 349.6 195.6 615.1 481.8 217.0 446.0 678.0 855.5 436.1 602.8 219.7 8.3 470.2 316.0 319.2 842.1 298.6 231.9 90.3 454.8 304.8 241.7 282.8 350.3 646.8 108.3 792.4 458.6 855.4 806.2 842.9 802.7 0.0 652.3 156.2 771.0 436.7 341.2 753.2 349.6 594.4 82.6 331.1 505.6 294.0 335.5 370.3 556.5 883.4 310.2 659.4 707.7 661.7 661.2 662.8 770.5 392.1 566.9 542.7 654.9 133.3 376.5 379.3 159.1 753.1 644.1 221.4 230.4 335.3 419.8 718.2 743.6 828.7 204.1 794.1 661.5 740.9 644.3 122.2 206.9 652.7 327.6 310.3 685.2 809.8 873.6 877.4 509.8 524.6 113.2 632.0 701.4 423.9 422.2
1840.3 586.2 567.7 500.3 700.6 445.7 966.0 155.0 376.2 924.9 674.9 215.9 806.3 237.4 886.8 414.0 718.6 448.6 579.3 558.4 542.5 198.2 664.5 262.7 163.2 250.3 603.8 213.2 551.8 887.0 200.1 526.1 723.1 447.9 431.0 496.1 392.5 536.6 367.3 234.7 425.2 755.5 516.7 46.8 669.9 175.0 501.0 216.7 1027.2 597.9 646.8 211.5 230.1 661.6 486.4 768.5 695.8 586.2 939.3 486.4 563.8 915.3 903.6 855.4 413.5 1002.4 590.8 810.8 589.3 43.7 397.3 678.2 361.5 106.6 486.8 897.3 1022.2 680.9 684.0 931.4 740.4 589.7 463.7 759.8 435.6 680.5 916.0 491.1 540.2 559.4 495.3 128.6 645.5 314.0 919.8 449.3 437.5 263.6 219.1 675.6 0.0 716.4 187.4 897.9 501.9 181.8 604.4 364.3 583.1 792.3 421.1 755.2 796.7 831.5 945.1 494.6 496.5 593.1 84.3 217.5 66.3 232.3 199.1 646.9 955.5 458.2 152.3 723.5 666.3 840.5 641.8 582.1 414.0 531.5 691.6 576.8 564.8 396.1 120.2 460.0 599.5 425.4 158.9 169.5 33.9 543.8 624.8 481.7 788.8 747.3 499.7 238.4 302.2 322.0 885.9 440.1 650.4 239.2 471.3 568.9 883.4
2204.2 524.1 828.5 365.4 262.5 613.1 462.1 806.5 543.6 493.6 220.6 885.4 302.4 908.1 382.9 865.6 128.0 702.5 514.7 357.2 886.5 868.9 111.8 933.4 690.3 921.0 857.7 844.7 844.7 383.1 694.6 741.6 219.2 760.0 684.9 434.0 617.6 790.5 534.7 905.4 679.1 178.0 770.6 717.5 215.6 845.7 972.7 887.5 583.7 150.8 278.7 931.3 900.8 104.4 903.0 177.9 191.9 809.6 435.4 781.2 862.6 411.4 399.7 351.5 667.4 540.3 248.4 306.9 152.9 714.4 564.7 174.3 528.9 777.3 938.4 393.4 560.1 177.0 156.7 427.5 273.3 276.5 925.0 255.9 314.8 103.8 412.1 251.1 324.6 365.7 433.2 765.7 191.2 875.3 415.9 938.3 889.1 925.8 867.8 148.3 751.6 0.0 836.1 394.0 424.1 852.5 306.9 677.3 165.5 288.4 588.5 251.3 292.8 327.6 513.8 966.3 245.7 742.3 808.5 707.0 788.9 708.6 869.8 349.4 524.2 625.6 773.8 132.9 333.8 336.6 116.4 836.0 727.0 304.3 187.7 220.3 515.8 801.1 844.4 911.6 287.0 877.0 780.4 840.2 743.6 205.1 164.2 735.6 284.9 267.6 768.1 909.1 972.9 960.3 467.1 607.5 196.1 664.6 784.3 506.8 379.5
1729.1 683.6 572.5 597.7 783.4 543.1 963.8 259.3 473.6 851.4 772.3 151.7 921.7 242.2 1002.2 418.8 816.0 514.6 676.7 655.8 547.3 197.9 761.9 267.5 157.3 137.2 577.5 214.0 556.6 884.8 239.4 530.9 805.9 452.7 528.4 593.5 489.9 510.3 464.7 132.9 522.6 852.9 487.0 237.0 767.3 310.6 505.8 221.5 953.7 695.3 729.6 24.0 229.8 744.4 491.2 865.9 778.6 591.0 1054.7 491.2 534.1 913.1 1019.0 970.8 510.9 928.9 688.2 808.6 672.1 233.9 494.7 761.0 458.9 217.0 491.6 895.1 948.7 763.7 781.4 929.2 826.6 672.5 468.5 842.6 533.0 777.9 1031.4 573.9 637.6 642.2 592.7 167.9 742.9 318.8 1035.2 454.1 442.3 268.4 72.3 773.0 190.1 799.2 0.0 1013.3 599.3 172.8 687.2 461.7 680.5 907.7 518.5 838.0 879.5 946.9 871.6 499.4 579.3 597.9 96.9 205.8 156.6 271.6 84.1 729.7 882.0 555.6 153.8 820.9 749.1 955.9 724.6 555.8 511.4 628.9 774.4 659.6 662.2 400.9 61.0 464.8 682.3 430.2 147.2 305.1 191.9 641.2 707.6 531.4 904.2 820.9 504.5 238.1 307.0 326.8 812.4 537.5 747.8 278.5 568.7 666.3 998.8
2166.8 812.1 1116.5 653.4 411.5 901.1 424.7 928.1 831.6 456.2 508.6 1008.2 117.8 1029.7 142.0 1153.6 416.0 990.5 805.2 645.2 1174.5 990.5 399.8 1055.0 846.3 1042.6 1145.7 966.3 1132.7 345.7 816.2 1029.6 347.9 1048.0 972.9 722.0 905.6 1078.5 822.7 1027.0 967.1 466.0 1058.6 839.1 503.6 967.3 1260.7 1009.0 546.3 438.8 540.6 1052.9 1022.4 326.7 1191.0 465.9 320.6 1099.1 113.0 1069.2 1150.6 374.0 178.8 206.8 955.4 502.9 536.4 269.5 301.9 836.0 852.7 303.0 816.9 898.9 1226.4 356.0 522.7 298.0 444.7 390.1 235.9 270.6 1213.0 384.6 602.8 391.8 146.0 400.1 612.6 498.5 721.2 887.3 479.2 1106.3 93.5 1226.3 1177.1 1055.9 989.4 436.3 873.2 381.5 957.7 0.0 712.1 974.1 301.0 965.3 453.5 160.4 876.5 380.0 421.5 184.6 476.4 1254.3 394.7 1030.3 930.1 828.6 910.5 830.2 991.4 315.8 486.8 913.6 895.4 420.9 296.4 113.8 306.9 1124.0 1015.0 592.3 241.8 369.3 790.7 1089.1 966.0 1199.6 476.4 1165.0 902.0 961.8 865.2 493.1 354.7 1023.6 125.9 230.2 1056.1 1030.7 1094.5 1114.3 429.7 895.5 484.1 786.2 1072.3 794.8 138.6
2212.8 227.5 531.9 48.6 564.7 364.5 764.3 541.5 295.0 795.8 344.2 621.6 604.6 643.1 685.1 648.7 387.9 453.9 220.6 106.7 589.9 603.9 333.8 668.4 441.7 656.0 609.1 579.7 548.1 685.3 464.9 445.0 521.4 552.6 436.3 137.4 369.0 541.9 286.1 640.4 430.5 424.8 522.0 452.5 339.2 580.7 676.1 622.4 885.9 267.2 437.8 666.3 635.8 406.6 606.4 437.8 494.1 514.5 737.6 484.6 566.0 713.6 701.9 653.7 418.8 842.5 260.1 609.1 455.1 449.4 316.1 476.5 280.3 512.3 721.5 695.6 862.3 479.2 353.3 729.7 575.5 578.7 628.4 558.1 104.9 349.8 714.3 504.9 209.5 524.8 136.6 481.1 314.8 658.4 718.1 641.7 651.8 708.9 637.0 344.9 486.6 415.7 605.3 696.2 0.0 587.5 609.1 428.7 252.4 590.6 339.9 553.5 595.0 629.8 816.0 669.7 510.3 445.7 542.0 496.0 495.5 497.1 604.8 651.6 826.4 377.0 489.2 392.8 636.0 638.8 418.6 587.4 478.4 149.4 489.9 590.6 206.1 584.2 577.9 694.7 446.1 660.1 495.8 575.2 478.6 213.1 466.4 487.0 587.1 569.8 471.5 644.1 707.9 743.4 769.3 358.9 319.7 504.0 535.7 210.2 681.7
1780.0 681.5 512.5 595.6 817.4 541.0 1079.8 165.8 471.5 970.3 770.2 139.9 923.1 182.2 1003.6 358.8 813.9 454.6 674.6 653.7 487.3 137.9 759.8 207.5 317.2 125.4 517.5 135.0 496.6 1003.8 307.4 470.9 839.9 392.7 472.2 591.4 487.8 450.3 462.6 121.1 477.8 850.8 427.0 156.9 765.2 268.2 445.8 161.5 1072.6 693.2 763.6 135.7 169.8 778.4 431.2 863.8 812.6 531.0 1056.1 431.2 474.1 987.4 1020.4 972.2 489.0 1047.8 686.1 927.6 706.1 159.9 492.6 795.0 456.8 96.2 431.6 1014.1 1067.6 797.7 779.3 1012.6 857.2 706.5 408.5 876.6 530.9 775.8 1032.8 607.9 635.5 676.2 590.6 327.8 740.8 258.8 1036.6 394.1 382.3 208.4 232.2 770.9 211.3 833.2 159.8 1014.7 597.2 0.0 721.2 459.6 678.4 909.1 516.4 872.0 913.5 948.3 990.5 439.4 613.3 537.9 256.8 365.7 207.8 339.6 74.2 763.7 1000.9 553.5 313.7 818.8 783.1 957.3 758.6 495.8 509.3 626.8 808.4 693.6 660.1 340.9 220.9 404.8 716.3 370.2 307.1 262.7 209.7 639.1 741.6 471.4 905.6 864.1 444.5 178.1 247.0 266.8 931.3 535.4 745.7 346.5 566.6 664.2 1000.2
2198.3 727.1 1031.5 568.4 326.5 743.9 391.2 664.4 674.4 422.7 423.6 744.5 231.5 766.0 312.0 942.6 331.0 862.3 720.2 560.2 1071.1 726.8 314.8 791.3 582.6 778.9 1017.5 702.6 1047.7 312.2 552.5 944.6 262.9 919.8 844.7 637.0 748.4 950.3 665.5 763.3 838.9 381.0 930.4 575.4 418.6 703.6 1029.6 745.3 512.8 353.8 455.6 789.2 758.7 241.7 1015.0 380.9 235.6 1014.1 364.5 987.8 977.5 340.5 328.8 280.6 827.2 469.4 451.4 236.0 216.9 572.3 695.5 218.0 659.7 635.2 1015.4 322.5 489.2 213.0 359.7 356.6 135.9 42.6 992.3 299.6 517.8 306.8 341.2 315.1 527.6 413.5 636.2 623.6 394.2 842.6 345.0 977.9 966.1 792.2 725.7 351.3 609.5 296.5 694.0 323.1 627.1 710.4 0.0 778.0 368.5 217.5 719.3 295.0 336.5 256.7 442.9 1023.2 309.7 945.3 666.4 564.9 646.8 566.5 727.7 42.4 453.3 756.4 631.7 335.9 61.8 265.7 221.9 995.8 827.7 507.3 156.8 284.3 705.7 924.7 702.3 988.6 391.4 954.0 638.3 698.1 601.5 408.1 269.7 895.4 214.0 142.8 971.1 767.0 830.8 850.6 396.2 738.3 399.1 522.5 885.0 709.8 308.6
2060.5 498.4 415.0 412.5 807.6 112.8 1007.2 514.4 181.7 1038.7 587.1 524.4 847.5 389.0 928.0 261.3 630.8 105.7 491.5 470.6 389.8 471.3 576.7 376.1 333.0 558.8 253.4 470.6 399.1 928.2 356.2 263.4 764.3 155.7 88.1 408.3 49.6 186.2 132.5 543.2 82.3 667.7 166.3 343.8 582.1 472.0 348.3 453.6 1128.8 510.1 680.7 569.1 503.2 649.5 333.7 680.7 737.0 399.2 980.5 223.7 213.4 956.5 944.8 896.6 70.6 1085.4 503.0 852.0 714.6 340.7 102.5 719.4 138.3 467.9 334.1 938.5 1105.2 722.1 596.2 972.6 818.4 773.3 311.0 801.0 347.8 592.7 957.2 616.4 452.4 684.7 407.5 372.4 557.7 271.0 961.0 296.6 284.8 321.5 528.3 587.8 377.9 658.6 496.6 939.1 414.1 478.8 788.0 0.0 495.3 833.5 131.4 796.4 837.9 872.7 1058.9 341.9 621.8 330.4 433.3 387.3 386.8 388.4 507.6 830.5 1069.3 168.5 380.5 635.7 849.9 881.7 661.5 231.7 49.6 443.7 732.8 702.1 477.0 196.8 469.2 307.3 689.0 272.7 387.1 466.5 369.9 456.0 709.3 138.8 830.0 812.7 237.0 385.4 428.0 356.0 1012.2 107.2 562.6 395.3 106.9 481.1 924.6
2295.8 358.5 662.9 199.8 312.2 447.5 511.8 624.5 378.0 543.3 91.7 704.6 352.1 726.1 432.6 700.0 135.4 536.9 349.1 191.6 720.9 686.9 81.3 751.4 524.7 739.0 692.1 662.7 679.1 432.8 547.9 576.0 268.9 594.4 519.3 268.4 452.0 624.9 369.1 723.4 513.5 172.3 605.0 535.5 86.7 663.7 807.1 705.4 633.4 14.7 185.3 749.3 718.8 154.1 737.4 185.3 241.6 644.0 485.1 615.6 697.0 461.1 449.4 401.2 501.8 590.0 82.8 356.6 202.6 532.4 399.1 224.0 363.3 595.3 772.8 443.1 609.8 226.7 100.8 477.2 323.8 326.2 759.4 305.6 149.2 97.3 461.8 294.3 159.0 272.3 267.6 564.1 62.3 709.7 465.6 772.7 723.5 760.2 720.0 92.4 569.6 163.2 688.3 443.7 258.5 670.5 356.6 511.7 0.0 338.1 422.9 301.0 342.5 377.3 563.5 800.7 299.7 576.7 625.0 579.0 578.5 580.1 687.8 399.1 573.9 460.0 572.2 140.3 383.5 386.3 166.1 670.4 561.4 138.7 237.4 324.8 337.8 635.5 660.9 746.0 193.6 711.4 578.8 658.2 561.6 39.5 213.9 570.0 334.6 317.3 602.5 727.1 790.9 794.7 516.8 441.9 67.2 587.0 618.7 341.2 429.2
2072.4 717.7 1022.1 559.0 317.1 806.7 330.3 833.7 737.2 361.8 414.2 913.8 100.0 935.3 180.5 1059.2 321.6 896.1 710.8 550.8 1080.1 896.1 305.4 960.6 751.9 948.2 1051.3 871.9 1038.3 251.3 721.8 935.2 253.5 953.6 878.5 627.6 811.2 984.1 728.3 932.6 872.7 371.6 964.2 744.7 409.2 872.9 1166.3 914.6 451.9 344.4 446.2 958.5 928.0 232.3 1096.6 371.5 226.2 1004.7 233.0 974.8 1056.2 279.6 197.3 149.1 861.0 408.5 442.0 175.1 207.5 741.6 758.3 208.6 722.5 804.5 1132.0 261.6 428.3 203.6 350.3 295.7 141.5 176.2 1118.6 290.2 508.4 297.4 209.7 305.7 518.2 404.1 626.8 792.9 384.8 1011.9 213.5 1131.9 1082.7 961.5 895.0 341.9 778.8 287.1 863.3 191.6 617.7 879.7 206.6 870.9 359.1 0.0 782.1 285.6 327.1 125.2 382.0 1159.9 300.3 935.9 835.7 734.2 816.1 735.8 897.0 221.4 392.4 819.2 801.0 326.5 202.0 134.2 212.5 1029.6 920.6 497.9 147.4 274.9 696.3 994.7 871.6 1105.2 382.0 1070.6 807.6 867.4 770.8 398.7 260.3 929.2 82.5 135.8 961.7 936.3 1000.1 1019.9 335.3 801.1 389.7 691.8 977.9 700.4 177.1
2138.9 409.6 493.4 323.7 718.8 87.2 918.4 592.8 92.9 949.9 498.3 546.2 758.7 467.4 839.2 339.7 542.0 176.6 402.7 381.8 468.2 549.7 487.9 454.5 366.3 580.6 331.8 549.0 477.5 839.4 389.5 341.8 675.5 234.1 159.0 319.5 91.7 264.6 43.7 565.0 153.2 578.9 244.7 377.1 493.3 505.3 426.7 532.0 1040.0 421.3 591.9 590.9 581.6 560.7 412.1 591.9 648.2 477.6 891.7 302.1 291.8 867.7 856.0 807.8 141.5 996.6 414.2 763.2 625.8 374.0 38.8 630.6 49.5 436.9 412.5 849.7 1016.4 633.3 507.4 883.8 729.6 707.6 389.4 712.2 259.0 503.9 868.4 527.6 363.6 595.9 318.7 405.7 468.9 349.4 872.2 375.0 363.2 399.9 561.6 499.0 411.2 569.8 529.9 850.3 325.3 512.1 722.3 151.4 406.5 744.7 0.0 707.6 749.1 783.9 970.1 420.3 533.0 408.8 466.6 420.6 420.1 421.7 529.4 764.8 980.5 36.0 413.8 546.9 790.1 792.9 572.7 310.1 201.1 354.9 644.0 613.3 388.2 275.2 502.5 385.7 600.2 351.1 420.4 499.8 403.2 367.2 620.5 209.7 741.2 723.9 315.4 463.8 506.4 434.4 923.4 81.6 473.8 428.6 258.4 392.3 835.8
2174.4 663.9 968.3 505.2 263.3 752.9 432.3 807.3 683.4 463.8 360.4 887.4 272.6 908.9 353.1 1005.4 267.8 842.3 657.0 497.0 1026.3 869.7 251.6 934.2 725.5 921.8 997.5 845.5 984.5 353.3 695.4 881.4 31.6 899.8 824.7 573.8 757.4 930.3 674.5 906.2 818.9 317.8 910.4 718.3 355.4 846.5 1112.5 888.2 553.9 290.6 392.4 932.1 901.6 178.5 1042.8 317.7 57.5 950.9 405.6 921.0 1002.4 381.6 369.9 321.7 807.2 510.5 388.2 277.1 153.7 715.2 704.5 74.3 668.7 778.1 1078.2 363.6 530.3 149.8 296.5 397.7 243.5 246.7 1064.8 36.4 454.6 243.6 382.3 251.9 464.4 350.3 573.0 766.5 331.0 985.5 386.1 1078.1 1028.9 935.1 868.6 288.1 752.4 233.3 836.9 364.2 563.9 853.3 277.1 817.1 305.3 258.6 728.3 0.0 41.4 297.8 484.0 1106.1 246.5 882.1 809.3 707.8 789.7 709.4 870.6 319.6 494.4 765.4 774.6 272.7 304.0 306.8 158.7 975.8 866.8 444.1 157.9 221.1 642.5 940.9 845.2 1051.4 328.2 1016.8 781.2 841.0 744.4 344.9 206.5 875.4 255.1 237.8 907.9 909.9 973.7 993.5 437.3 747.3 335.9 665.4 924.1 646.6 349.7
2215.3 704.8 1009.2 546.1 304.2 793.8 473.2 848.2 724.3 504.7 401.3 928.3 313.5 949.8 394.0 1046.3 308.7 883.2 697.9 537.9 1067.2 910.6 292.5 975.1 766.4 962.7 1038.4 886.4 1025.4 394.2 736.3 922.3 72.5 940.7 865.6 614.7 798.3 971.2 715.4 947.1 859.8 358.7 951.3 759.2 396.3 887.4 1153.4 929.1 594.8 331.5 433.3 973.0 942.5 219.4 1083.7 358.6 98.4 991.8 446.5 961.9 1043.3 422.5 410.8 362.6 848.1 551.4 429.1 318.0 194.6 756.1 745.4 115.2 709.6 819.0 1119.1 404.5 571.2 190.7 337.4 438.6 284.4 287.6 1105.7 77.3 495.5 284.5 423.2 292.8 505.3 391.2 613.9 807.4 371.9 1026.4 427.0 1119.0 1069.8 976.0 909.5 329.0 793.3 274.2 877.8 405.1 604.8 894.2 318.0 858.0 346.2 299.5 769.2 40.8 0.0 338.7 524.9 1147.0 287.4 923.0 850.2 748.7 830.6 750.3 911.5 360.5 535.3 806.3 815.5 313.6 344.9 347.7 199.6 1016.7 907.7 485.0 198.8 262.0 683.4 981.8 886.1 1092.3 369.1 1057.7 822.1 881.9 785.3 385.8 247.4 916.3 296.0 278.7 948.8 950.8 1014.6 1034.4 478.2 788.2 376.8 706.3 965.0 687.5 390.6
2144.0 789.3 1093.7 630.6 388.7 878.3 401.9 905.3 808.8 433.4 485.8 984.2 116.6 1006.9 151.1 1130.8 393.2 967.7 779.9 622.4 1151.7 967.7 377.0 1032.2 823.5 1019.8 1122.9 943.5 1109.9 322.9 793.4 1006.8 325.1 1025.2 950.1 699.2 882.8 1055.7 799.9 1004.2 944.3 443.2 1035.8 816.3 480.8 944.5 1237.9 986.3 523.5 416.0 517.8 1030.1 999.6 303.9 1168.2 443.1 297.8 1074.8 236.0 1046.4 1127.8 351.2 167.9 119.7 932.6 480.1 513.6 246.7 279.1 813.2 829.9 280.2 794.1 876.1 1203.6 333.2 499.9 275.2 421.9 367.3 213.9 247.8 1190.2 361.8 580.0 369.0 180.3 377.3 589.8 475.7 698.4 864.5 456.4 1083.5 216.5 1203.5 1154.3 1033.1 966.6 413.5 850.4 358.7 934.9 208.2 689.3 951.3 278.2 942.5 430.7 137.6 853.7 357.2 398.7 0.0 453.6 1231.5 371.9 1007.5 907.3 805.8 887.7 807.4 968.6 293.0 464.0 890.8 872.6 398.1 273.6 150.8 284.1 1101.2 992.2 569.5 219.0 346.5 768.6 1066.3 943.2 1176.8 453.6 1142.2 879.2 939.0 842.4 470.3 331.9 1000.8 103.1 200.4 1033.3 1007.9 1071.7 1091.5 406.9 872.7 461.3 763.4 1049.5 772.0 147.7
1967.3 965.1 1269.5 806.4 564.5 1054.1 214.8 1064.1 984.6 23.3 661.6 1050.5 438.0 1021.1 518.5 1184.1 569.0 1143.5 958.2 798.2 1312.6 1002.5 552.8 1040.0 921.2 1036.0 1342.8 1071.2 1285.7 150.7 969.2 1182.6 500.9 1218.0 1125.9 875.0 1058.6 1275.6 975.7 1031.7 1120.1 619.0 1252.3 992.1 656.6 1120.3 1271.1 1078.7 207.6 591.8 693.6 922.8 1034.4 479.7 1256.5 618.9 473.6 1252.1 571.0 1222.2 1299.4 122.4 535.3 487.1 1108.4 182.8 689.4 256.2 454.9 989.0 1005.7 456.0 969.9 1021.8 1256.9 140.4 202.6 451.0 597.7 147.6 342.9 423.6 1233.8 537.6 755.8 544.8 547.7 553.1 765.6 651.5 874.2 931.9 632.2 1084.1 551.5 1219.4 1207.6 1033.7 930.4 589.3 994.9 534.5 898.7 529.6 865.1 1071.6 454.0 1118.3 606.5 424.0 1029.5 533.0 650.0 463.2 0.0 1264.7 547.7 1183.3 901.7 981.6 961.4 983.2 982.9 422.8 58.3 1066.6 917.7 573.9 403.4 472.2 459.9 1321.1 1168.0 745.3 394.8 522.3 943.7 1166.2 865.8 1230.1 629.4 1195.5 911.1 1114.8 996.7 646.1 507.7 1176.6 420.5 337.2 1209.1 969.8 1133.7 1092.1 58.8 1048.5 637.1 939.2 1225.3 947.8 515.1
1952.3 743.1 155.5 675.9 1071.0 376.2 1270.6 406.2 445.1 1142.6 850.5 416.2 1110.9 280.8 1191.4 64.9 894.2 228.9 736.2 734.0 130.3 363.1 840.1 267.9 547.7 450.6 291.8 362.4 139.6 1191.6 570.9 245.2 1027.7 167.0 246.5 671.7 313.0 224.6 395.9 435.0 252.1 931.1 201.3 420.4 845.5 531.7 6.4 345.4 1244.9 773.5 944.1 460.9 395.0 912.9 74.2 944.1 1000.4 174.0 1243.9 205.5 248.4 1219.9 1208.2 1160.0 263.3 1220.1 766.4 1115.4 969.6 423.4 365.9 982.8 401.7 359.7 153.6 1201.9 1239.9 985.5 859.6 1236.0 1081.8 970.0 51.5 1064.4 611.2 856.1 1220.6 871.4 715.8 939.7 652.2 533.6 821.1 162.8 1224.4 34.4 44.5 213.3 557.4 851.2 474.8 922.0 485.0 1202.5 677.5 418.0 984.7 337.2 758.7 1096.9 394.8 1059.8 1101.3 1136.1 1162.8 0.0 876.8 243.5 489.3 602.0 471.3 603.1 399.4 1027.2 1173.2 431.9 557.3 899.1 1046.6 1145.1 924.9 270.1 287.5 707.1 996.2 957.1 721.7 115.2 520.5 126.8 979.8 55.0 563.9 526.2 473.2 719.4 1005.1 245.7 1093.4 1076.1 218.8 277.2 319.8 247.8 1103.6 370.6 826.0 610.0 360.3 725.8 1188.0
2093.1 650.4 954.8 491.7 204.0 579.1 469.4 560.7 509.6 500.9 346.9 640.8 309.7 662.3 390.2 838.9 254.3 668.5 643.5 483.5 967.4 623.1 238.1 687.6 478.9 675.2 823.7 598.9 976.7 390.4 448.8 867.9 226.5 726.0 650.9 560.3 583.6 756.5 500.7 659.6 645.1 304.3 736.6 471.7 341.9 599.9 925.9 641.6 591.0 277.1 184.2 685.5 655.0 165.0 911.3 304.2 199.2 937.4 442.7 794.0 783.7 418.7 407.0 358.8 633.4 547.6 374.7 314.2 92.7 468.6 530.7 181.6 494.9 531.5 911.7 400.7 567.4 184.3 283.0 434.8 280.6 283.8 888.6 263.2 441.1 230.1 419.4 5.3 450.9 147.4 559.5 519.9 317.5 738.9 423.2 874.2 862.4 688.5 622.0 274.6 505.8 219.8 590.3 401.3 550.4 606.7 314.2 674.3 291.8 295.7 554.5 258.6 300.1 334.9 521.1 919.5 0.0 868.6 562.7 461.2 543.1 462.8 624.0 356.7 531.5 591.6 528.0 259.2 341.1 343.9 145.2 802.0 724.0 430.6 195.0 80.2 629.0 821.0 598.6 884.9 128.7 850.3 534.6 594.4 497.8 331.4 128.2 701.6 292.2 274.9 807.3 663.3 727.1 746.9 474.4 573.5 322.4 418.8 781.3 633.1 386.8
2079.8 499.5 86.1 467.0 910.1 393.7 1109.7 533.7 462.6 1141.2 689.6 543.7 950.0 408.3 1030.5 226.4 733.3 246.4 492.6 525.1 144.1 490.6 679.2 395.4 663.0 578.1 309.3 489.9 102.3 1030.7 686.2 76.9 866.8 184.5 264.0 447.6 330.5 242.1 413.4 562.5 269.6 770.2 218.8 547.9 684.6 659.2 230.3 472.9 1231.3 612.6 783.2 588.4 522.5 752.0 160.6 783.2 839.5 68.7 1083.0 116.5 197.9 1059.0 1047.3 999.1 280.8 1187.9 605.5 954.5 800.5 550.9 383.4 821.9 419.2 487.2 315.1 1041.0 1207.7 824.6 698.7 1075.1 920.9 924.1 182.6 903.5 450.3 695.2 1059.7 850.3 554.9 870.2 408.6 661.1 660.2 290.3 1063.5 195.9 206.0 340.8 684.9 690.3 602.3 761.1 612.5 1041.6 468.6 545.5 954.5 354.7 597.8 936.0 412.3 898.9 940.4 975.2 1161.4 223.9 855.7 0.0 616.8 717.3 598.8 718.4 526.9 997.0 1171.8 449.4 684.8 738.2 981.4 984.2 764.0 287.6 305.0 546.2 835.3 936.0 478.1 216.1 648.0 288.3 791.5 216.5 691.4 653.7 600.7 558.5 811.8 263.2 932.5 915.2 103.4 404.7 447.3 375.3 1114.7 388.1 665.1 725.3 377.8 482.2 1027.1
1718.2 631.7 581.1 545.8 762.8 491.2 952.9 162.3 421.7 840.5 720.4 229.3 910.8 250.8 991.3 427.4 764.1 494.1 624.8 603.9 555.9 211.6 710.0 276.1 146.4 240.3 586.1 220.5 565.2 873.9 142.4 539.5 785.3 461.3 476.5 541.6 438.0 518.9 412.8 248.1 470.7 801.0 495.6 140.0 715.4 213.6 514.4 230.1 942.8 643.4 709.0 127.1 243.5 723.8 499.8 814.0 758.0 599.6 1043.8 499.8 542.7 902.2 1008.1 959.9 459.0 918.0 636.3 797.7 651.5 136.9 442.8 740.4 407.0 120.0 500.2 884.2 937.8 743.1 729.5 918.3 815.7 651.9 477.1 822.0 481.1 726.0 1020.5 553.3 585.7 621.6 540.8 70.9 691.0 327.4 1024.3 462.7 450.9 277.0 134.7 721.1 93.1 778.6 103.0 1002.4 547.4 195.2 666.6 409.8 628.6 896.8 466.6 817.4 858.9 936.0 860.7 508.0 558.7 606.5 0.0 207.0 59.6 174.6 187.2 709.1 871.1 503.7 94.6 769.0 728.5 945.0 704.0 564.4 459.5 577.0 753.8 639.0 610.3 409.5 35.8 473.4 661.7 438.8 101.2 208.1 94.9 589.3 687.0 527.2 893.3 810.0 513.1 251.8 315.6 335.4 801.5 485.6 695.9 181.5 516.8 614.4 987.9
1775.4 589.6 704.0 503.7 713.3 449.1 893.7 351.2 379.6 843.1 737.2 352.2 851.6 373.7 932.1 550.3 722.0 452.0 582.7 561.8 678.8 334.5 667.9 399.0 63.3 338.4 607.2 310.3 688.1 814.7 63.5 617.2 735.8 509.5 434.4 499.5 395.9 540.0 370.7 371.0 428.6 758.9 520.1 183.1 732.2 311.3 637.3 353.0 945.4 601.3 659.5 225.2 366.4 674.3 622.7 771.9 708.5 753.0 984.6 577.5 567.2 843.0 948.9 900.7 416.9 920.6 594.2 738.5 602.0 180.0 400.7 690.9 364.9 242.9 623.1 825.0 940.4 693.6 687.4 859.1 756.5 602.4 600.0 772.5 439.0 683.9 961.3 503.8 543.6 572.1 498.7 134.6 707.8 450.3 965.1 585.6 573.8 399.9 232.8 679.0 214.3 729.1 201.1 943.2 505.3 318.1 617.1 367.7 586.5 837.6 424.5 767.9 809.4 876.8 863.3 630.9 509.2 684.2 195.5 0.0 200.4 42.3 285.3 659.6 873.7 461.6 142.7 726.9 679.0 885.8 654.5 585.5 417.4 534.9 704.3 589.5 568.2 550.6 231.4 596.3 612.2 561.7 149.3 305.8 190.6 547.2 637.5 485.1 834.1 750.8 590.8 374.7 438.5 458.3 804.1 443.5 712.7 35.2 474.7 572.3 928.7
1845.7 572.0 573.1 486.1 725.9 431.5 1002.6 154.3 362.0 890.2 660.7 221.3 831.6 242.8 912.1 419.4 704.4 434.4 565.1 544.2 547.9 203.6 650.3 268.1 149.0 255.7 589.6 212.5 557.2 923.6 165.4 531.5 748.4 491.9 416.8 481.9 378.3 522.4 353.1 240.1 411.0 741.3 502.5 83.8 655.7 205.6 506.4 222.1 992.5 583.7 672.1 176.8 235.5 686.9 491.8 754.3 721.1 591.6 964.6 491.8 549.6 951.9 928.9 880.7 399.3 967.7 576.6 847.4 614.6 80.7 383.1 703.5 347.3 112.0 492.2 933.9 987.5 706.2 669.8 968.0 865.4 615.0 469.1 785.1 421.4 666.3 941.3 516.4 526.0 584.7 481.1 93.9 631.3 319.4 945.1 454.7 442.9 269.0 184.4 661.4 58.9 741.7 152.7 923.2 487.7 187.2 629.7 350.1 568.9 817.6 406.9 780.5 822.0 856.8 910.4 500.0 521.8 598.5 49.6 230.0 0.0 197.6 204.5 672.2 920.8 444.0 117.6 709.3 691.6 865.8 667.1 567.9 399.8 517.3 716.9 602.1 550.6 401.5 85.5 465.4 624.8 430.8 124.2 200.1 35.2 529.6 650.1 467.5 814.1 859.7 505.1 243.8 307.6 327.4 851.2 425.9 636.2 204.5 457.1 554.7 908.7
1794.3 587.4 728.1 501.5 731.8 446.9 912.6 309.3 377.4 862.0 676.1 376.3 870.5 397.8 951.0 574.4 719.8 449.8 580.5 559.6 702.9 358.6 665.7 423.1 71.3 394.0 605.0 367.5 712.2 833.6 21.6 615.0 754.3 507.3 432.2 497.3 393.7 537.8 368.5 395.1 426.4 756.7 517.9 180.9 671.1 309.1 661.4 377.1 964.3 599.1 678.0 280.8 390.5 692.8 646.8 769.7 727.0 746.6 1003.5 575.3 565.0 861.9 967.8 919.6 414.7 939.5 592.0 757.4 620.5 177.8 398.5 709.4 362.7 267.0 647.2 843.9 959.3 712.1 685.2 878.0 775.4 620.9 624.1 791.0 436.8 681.7 980.2 522.3 541.4 590.6 496.5 92.7 646.7 474.4 984.0 609.7 597.9 424.0 288.4 676.8 240.1 747.6 256.7 962.1 503.1 342.2 635.6 365.5 584.3 856.5 422.3 786.4 827.9 895.7 882.2 655.0 527.7 682.0 153.6 32.3 206.6 0.0 340.9 678.1 892.6 459.4 100.8 724.7 697.5 904.7 673.0 583.3 415.2 532.7 722.8 608.0 566.0 548.4 189.5 620.4 630.7 585.8 107.4 303.6 188.4 545.0 656.0 482.9 853.0 769.7 588.6 398.8 462.6 482.4 823.0 441.3 651.6 62.5 472.5 570.1 947.6
1755.8 685.3 488.3 599.4 821.2 544.8 1049.4 169.6 475.3 946.1 774.0 67.5 926.9 158.0 1007.4 334.6 817.7 430.4 678.4 657.5 463.1 113.7 763.6 183.3 242.9 53.0 493.3 129.8 472.4 970.4 325.0 446.7 843.7 368.5 448.0 595.2 491.6 426.1 466.4 48.7 453.6 854.6 402.8 160.7 769.0 272.0 421.6 137.3 1048.4 697.0 767.4 61.4 145.6 782.2 407.0 867.6 816.4 506.8 1059.9 407.0 449.9 963.2 1024.2 976.0 464.8 1023.6 689.9 894.2 709.9 163.7 496.4 798.8 460.6 100.0 407.4 980.7 1043.4 801.5 783.1 988.4 912.2 710.3 384.3 880.4 534.7 779.6 1036.6 611.7 639.3 680.0 594.4 253.5 744.6 234.6 1040.4 369.9 358.1 184.2 157.9 774.7 275.7 837.0 85.5 1018.5 601.0 88.6 725.0 463.4 682.2 912.9 520.2 875.8 917.3 952.1 966.3 415.2 617.1 513.7 182.5 291.4 242.2 357.2 0.0 767.5 976.7 557.3 239.4 822.6 786.9 961.1 762.4 471.6 489.0 630.6 812.2 697.4 663.9 316.7 146.6 380.6 720.1 346.0 232.8 266.5 277.5 642.9 745.4 447.2 909.4 906.5 420.3 153.9 222.8 242.6 907.1 539.2 749.5 364.1 561.8 668.0 1004.0
2241.2 778.0 1082.4 619.3 377.4 786.8 364.6 707.3 717.3 396.1 474.5 787.4 250.9 808.9 331.4 985.5 381.9 905.2 771.1 611.1 1114.0 769.7 365.7 834.2 625.5 821.8 1060.4 745.5 1098.6 285.6 595.4 995.5 313.8 962.7 887.6 687.9 791.3 993.2 708.4 806.2 881.8 431.9 973.3 618.3 469.5 746.5 1072.5 788.2 486.2 404.7 506.5 832.1 801.6 292.6 1057.9 431.8 286.5 1065.0 383.9 1030.7 1020.4 313.9 348.2 300.0 870.1 442.8 502.3 209.4 267.8 615.2 738.4 268.9 702.6 678.1 1058.3 295.9 462.6 263.9 410.6 330.0 93.4 85.5 1035.2 350.5 568.7 357.7 360.6 366.0 578.5 464.4 687.1 666.5 445.1 885.5 364.4 1020.8 1009.0 835.1 768.6 402.2 652.4 347.4 736.9 342.5 678.0 753.3 42.8 820.9 419.4 236.9 762.2 345.9 387.4 276.1 416.3 1066.1 360.6 996.2 709.3 607.8 689.7 609.4 770.6 0.0 426.7 799.3 674.6 386.8 19.3 285.1 272.8 1038.7 870.6 558.2 207.7 335.2 756.6 967.6 745.2 1031.5 442.3 996.9 681.2 741.0 644.4 459.0 320.6 938.3 233.4 100.3 1022.0 809.9 873.7 893.5 369.6 781.2 450.0 565.4 927.9 760.7 328.0
1978.4 976.2 1280.6 817.5 575.6 1065.2 225.9 1075.2 995.7 41.4 672.7 1061.6 449.1 1032.2 529.6 1195.2 580.1 1154.6 969.3 809.3 1323.7 1013.6 563.9 1051.1 932.3 1047.1 1353.9 1082.3 1296.8 161.8 980.3 1193.7 512.0 1229.1 1137.0 886.1 1069.7 1286.7 986.8 1042.8 1131.2 630.1 1263.4 1003.2 667.7 1131.4 1282.2 1089.8 218.7 602.9 704.7 933.9 1045.5 490.8 1267.6 630.0 484.7 1263.2 582.1 1233.3 1310.5 133.5 546.4 498.2 1119.5 193.9 700.5 267.3 466.0 1000.1 1016.8 467.1 981.0 1032.9 1268.0 151.5 213.7 462.1 608.8 158.7 354.0 434.7 1244.9 548.7 766.9 555.9 558.8 564.2 776.7 662.6 885.3 943.0 643.3 1095.2 562.6 1230.5 1218.7 1044.8 941.5 600.4 1006.0 545.6 909.8 540.7 876.2 1082.7 465.1 1129.4 617.6 435.1 1040.6 544.1 661.1 474.3 59.4 1275.8 558.8 1194.4 912.8 992.7 972.5 994.3 994.0 433.9 0.0 1077.7 928.8 585.0 414.5 483.3 471.0 1332.2 1179.1 756.4 405.9 533.4 954.8 1177.3 876.9 1241.2 640.5 1206.6 922.2 1125.9 1007.8 657.2 518.8 1187.7 431.6 348.3 1220.2 980.9 1144.8 1103.2 69.9 1059.6 648.2 950.3 1236.4 958.9 526.2
2176.0 446.7 530.5 360.8 755.9 124.3 955.5 629.9 130.0 987.0 535.4 583.3 795.8 504.5 876.3 376.8 579.1 213.7 439.8 418.9 505.3 586.8 525.0 491.6 403.4 617.7 368.9 586.1 514.6 876.5 426.6 378.9 712.6 271.2 196.1 356.6 128.8 301.7 80.8 602.1 190.3 616.0 281.8 414.2 530.4 542.4 463.8 569.1 1077.1 458.4 629.0 628.0 618.7 597.8 449.2 629.0 685.3 514.7 928.8 339.2 328.9 904.8 893.1 844.9 178.6 1033.7 451.3 800.3 662.9 411.1 75.9 667.7 86.6 474.0 449.6 886.8 1053.5 670.4 544.5 920.9 766.7 744.7 426.5 749.3 296.1 541.0 905.5 564.7 400.7 633.0 355.8 442.8 506.0 386.5 909.3 412.1 400.3 437.0 598.7 536.1 448.3 606.9 567.0 887.4 362.4 549.2 759.4 188.5 443.6 781.8 36.0 744.7 786.2 821.0 1007.2 457.4 570.1 445.9 503.7 457.7 457.2 458.8 566.5 801.9 1017.6 0.0 450.9 584.0 827.2 830.0 609.8 347.2 238.2 392.0 681.1 650.4 425.3 312.3 539.6 422.8 637.3 388.2 457.5 536.9 440.3 404.3 657.6 246.8 778.3 761.0 352.5 500.9 543.5 471.5 960.5 118.7 510.9 465.7 295.5 429.4 872.9
1734.0 580.9 649.5 495.0 719.8 440.4 900.2 230.7 370.9 849.6 669.6 297.7 858.1 319.2 938.6 495.8 713.3 443.3 574.0 553.1 624.3 280.0 659.2 344.5 93.7 315.4 598.5 288.9 633.6 821.2 90.0 608.5 742.3 500.8 425.7 490.8 387.2 531.3 362.0 316.5 419.9 750.2 511.4 174.4 664.6 282.0 582.8 298.5 951.9 592.6 666.0 202.2 311.9 680.8 568.2 763.2 715.0 668.0 991.1 568.8 558.5 849.5 955.4 907.2 408.2 927.1 585.5 745.0 608.5 171.3 392.0 697.4 356.2 188.4 568.6 831.5 946.9 700.1 678.7 865.6 763.0 608.9 545.5 779.0 430.3 675.2 967.8 510.3 534.9 578.6 490.0 14.1 640.2 395.8 971.6 531.1 519.3 345.4 209.8 670.3 161.5 735.6 178.1 949.7 496.6 263.6 623.6 359.0 577.8 844.1 415.8 774.4 815.9 883.3 869.8 576.4 515.7 675.5 75.0 154.6 128.0 122.2 262.3 666.1 880.2 452.9 0.0 718.2 685.5 892.3 661.0 576.8 408.7 526.2 710.8 596.0 559.5 477.9 110.9 541.8 618.7 507.2 6.6 276.5 163.3 538.5 644.0 476.4 840.6 757.3 582.1 320.2 384.0 403.8 810.6 434.8 645.1 129.1 466.0 563.6 935.2
2225.2 522.8 827.2 364.1 283.5 611.8 483.1 827.5 542.3 514.6 219.3 907.6 323.4 929.1 403.9 864.3 5.2 701.2 515.9 355.9 885.2 889.9 110.5 954.4 689.0 942.0 856.4 865.7 843.4 404.1 715.6 740.3 240.2 758.7 683.6 432.7 616.3 789.2 533.4 926.4 677.8 45.0 769.3 738.5 214.3 866.7 971.4 908.4 604.7 149.5 277.4 952.3 921.8 125.4 901.7 44.9 212.9 809.8 456.4 779.9 861.3 432.4 420.7 372.5 666.1 561.3 247.1 327.9 173.9 735.4 563.4 195.3 527.6 798.3 937.1 414.4 581.1 198.0 155.4 448.5 294.3 297.5 923.7 276.9 313.5 120.0 433.1 272.1 323.3 364.4 431.9 786.7 189.9 874.0 436.9 937.0 887.8 924.5 888.8 147.0 772.6 134.5 857.1 415.0 422.8 873.5 327.9 676.0 164.2 309.4 587.2 272.3 313.8 348.6 534.8 965.0 266.7 741.0 829.5 728.0 809.9 729.6 890.8 370.4 545.2 624.3 794.8 0.0 354.8 357.6 137.4 834.7 725.7 303.0 208.7 241.3 501.4 799.8 865.4 910.3 285.7 875.7 801.4 861.2 764.6 203.8 185.2 734.3 305.9 288.6 766.8 930.1 993.9 959.0 488.1 606.2 194.8 685.6 783.0 505.5 400.5
2087.3 758.6 1063.0 599.9 358.0 806.2 345.2 726.7 736.7 376.7 455.1 806.8 231.5 828.3 312.0 1004.9 362.5 924.6 751.7 591.7 1121.0 789.1 346.3 853.6 644.9 841.2 1079.8 764.9 1079.2 266.2 614.8 976.1 294.4 982.1 907.0 668.5 810.7 1012.6 727.8 825.6 901.2 412.5 992.7 637.7 450.1 765.9 1091.9 807.6 466.8 385.3 487.1 851.5 821.0 273.2 1077.3 412.4 267.1 1045.6 364.5 1015.7 1039.8 294.5 328.8 280.6 889.5 423.4 482.9 190.0 248.4 634.6 757.8 249.5 722.0 697.5 1077.7 276.5 443.2 244.5 391.2 310.6 74.0 104.9 1054.6 331.1 549.3 338.3 341.2 346.6 559.1 445.0 667.7 685.9 425.7 904.9 345.0 1040.2 1028.4 854.5 788.0 382.8 671.8 328.0 756.3 323.1 658.6 772.7 62.2 840.3 400.0 217.5 781.6 326.5 368.0 256.7 396.9 1085.5 341.2 976.8 728.7 627.2 709.1 628.8 790.0 19.3 407.3 818.7 694.0 367.4 0.0 265.7 253.4 1058.1 890.0 538.8 188.3 315.8 737.2 987.0 764.6 1050.9 422.9 1016.3 700.6 760.4 663.8 439.6 301.2 957.7 214.0 80.9 1002.6 829.3 893.1 912.9 350.2 800.6 430.6 584.8 947.3 741.3 308.6
2123.4 768.7 1073.1 610.0 368.1 857.7 381.3 884.7 788.2 412.8 465.2 964.8 74.4 986.3 196.5 1110.2 372.6 947.1 761.8 601.8 1131.1 947.1 356.4 1011.6 802.9 999.2 1102.3 922.9 1089.3 302.3 772.8 986.2 304.5 1004.6 929.5 678.6 862.2 1035.1 779.3 983.6 923.7 422.6 1015.2 795.7 460.2 923.9 1217.3 965.6 502.9 395.4 497.2 1009.5 979.0 283.3 1147.6 422.5 277.2 1055.7 189.2 1025.8 1107.2 330.6 213.3 165.1 912.0 459.5 493.0 226.1 258.5 792.6 809.3 259.6 773.5 855.5 1183.0 312.6 479.3 254.6 401.3 346.7 192.5 227.2 1169.6 341.2 559.4 348.4 222.2 356.7 569.2 455.1 677.8 843.9 435.8 1062.9 169.7 1182.9 1133.7 1012.5 946.0 392.9 829.8 338.1 914.3 147.8 668.7 930.7 257.6 921.9 410.1 117.0 833.1 336.6 378.1 141.2 433.0 1210.9 351.3 986.9 886.7 785.2 867.1 786.8 948.0 272.4 443.4 870.2 852.0 377.5 253.0 0.0 263.5 1080.6 971.6 548.9 198.4 325.9 747.3 1045.7 922.6 1156.2 433.0 1121.6 858.6 918.4 821.8 449.7 311.3 980.2 82.5 186.8 1012.7 987.3 1051.1 1070.9 386.3 852.1 440.7 742.8 1028.9 751.4 193.1
2127.4 524.8 829.2 366.1 192.9 613.8 385.3 736.9 544.3 416.8 221.3 817.0 225.6 838.5 306.1 866.3 128.7 703.2 517.9 357.9 887.2 799.3 112.5 863.8 655.1 851.4 858.4 775.1 845.4 306.3 625.0 742.3 142.4 760.7 685.6 434.7 618.3 791.2 535.4 835.8 679.8 178.7 771.3 647.9 216.3 776.1 973.4 817.8 506.9 151.5 279.4 861.7 831.2 39.4 903.7 178.6 115.1 811.8 358.6 781.9 863.3 334.6 322.9 274.7 668.1 463.5 249.1 230.1 82.6 644.8 565.4 97.5 529.6 707.7 939.1 316.6 483.3 100.2 157.4 350.7 196.5 199.7 925.7 179.1 315.5 104.5 335.3 181.5 325.3 279.9 433.9 696.1 191.9 876.0 339.1 939.0 889.8 864.7 798.2 149.0 682.0 94.2 766.5 317.2 424.8 782.9 230.1 678.0 166.2 211.6 589.2 174.5 216.0 250.8 437.0 967.0 176.1 743.0 738.9 637.4 719.3 639.0 800.2 272.6 447.4 626.3 704.2 133.6 257.0 259.8 0.0 836.7 727.7 305.0 110.9 150.7 503.4 801.8 774.8 912.3 287.7 877.7 710.8 770.6 674.0 205.8 47.7 736.3 208.1 190.8 768.8 839.5 903.3 923.1 390.3 608.2 196.8 595.0 785.0 507.5 302.7
1997.8 680.7 352.3 594.8 989.9 295.1 1189.5 451.7 364.0 1221.0 769.4 461.7 1029.8 326.3 1110.3 198.6 813.1 147.8 673.8 652.9 327.1 408.6 759.0 313.4 564.4 496.1 39.5 407.9 336.4 1110.5 587.6 200.7 946.6 93.0 165.4 590.6 231.9 45.4 314.8 480.5 171.0 850.0 120.2 465.9 764.4 577.2 285.6 390.9 1311.1 692.4 863.0 506.4 440.5 831.8 271.0 863.0 919.3 336.5 1162.8 161.0 167.3 1138.8 1127.1 1078.9 182.2 1267.7 685.3 1034.3 896.9 468.9 284.8 901.7 320.6 405.2 271.4 1120.8 1287.5 904.4 778.5 1154.9 1000.7 1015.5 248.3 983.3 530.1 775.0 1139.5 798.7 634.7 867.0 589.8 579.1 740.0 208.3 1143.3 233.9 222.1 258.8 602.9 770.1 520.3 840.9 530.5 1121.4 596.4 463.5 1030.2 256.1 677.6 1015.8 313.7 978.7 1020.2 1055.0 1241.2 279.2 804.1 267.7 534.8 618.7 516.8 619.8 444.9 1072.7 1251.6 350.8 602.8 818.0 1061.2 1064.0 843.8 0.0 206.4 626.0 915.1 884.4 659.3 134.1 566.0 244.6 871.3 210.0 609.4 571.7 518.7 638.3 891.6 164.6 1012.3 995.0 174.3 322.7 365.3 293.3 1194.5 289.5 744.9 626.7 279.2 663.4 1106.9
2010.8 548.1 365.3 462.2 857.3 162.5 1056.9 464.7 231.4 1088.4 636.8 474.7 897.2 339.3 977.7 211.6 680.5 77.0 541.2 520.3 340.1 421.6 626.4 326.4 382.7 509.1 203.7 420.9 349.4 977.9 405.9 213.7 814.0 106.0 94.6 458.0 99.3 136.5 182.2 493.5 100.2 717.4 116.6 478.9 631.8 590.2 298.6 403.9 1178.5 559.8 730.4 519.4 453.5 699.2 284.0 730.4 786.7 349.5 1030.2 174.0 163.7 1006.2 994.5 946.3 111.4 1135.1 552.7 901.7 764.3 390.4 152.2 769.1 188.0 418.2 284.4 988.2 1154.9 771.8 645.9 1022.3 868.1 823.0 261.3 850.7 397.5 642.4 1006.9 666.1 502.1 734.4 457.2 422.1 607.4 221.3 1010.7 246.9 235.1 271.8 615.9 637.5 427.6 708.3 543.5 988.8 463.8 476.5 837.7 49.6 545.0 883.2 181.1 846.1 887.6 922.4 1108.6 292.2 671.5 280.7 483.0 437.0 436.5 438.1 457.9 880.2 1119.0 218.2 430.2 685.4 899.6 931.4 711.2 182.0 0.0 493.4 782.5 751.8 526.7 147.1 518.9 257.6 738.7 223.0 436.8 584.7 419.6 505.7 759.0 93.8 879.7 862.4 187.3 335.7 378.3 306.3 1061.9 156.9 612.3 445.0 113.0 530.8 974.3
2259.7 320.0 624.4 104.0 446.5 411.4 646.1 588.4 341.9 677.6 226.0 667.3 486.4 690.0 566.9 663.9 269.7 500.8 313.1 70.3 682.4 650.8 215.6 715.3 488.6 702.9 656.0 626.6 640.6 567.1 511.8 537.5 403.2 558.3 483.2 229.9 415.9 588.8 333.0 687.3 477.4 306.6 568.9 499.4 221.0 627.6 768.6 669.3 767.7 149.0 319.6 713.2 682.7 288.4 698.9 319.6 375.9 605.5 619.4 577.1 658.5 595.4 583.7 535.5 465.7 724.3 141.9 490.9 336.9 496.3 363.0 358.3 327.2 559.2 736.7 577.4 744.1 361.0 235.1 611.5 457.3 460.5 720.9 439.9 113.1 231.6 596.1 428.6 122.9 406.6 229.1 528.0 196.6 673.6 599.9 734.2 744.3 724.1 683.9 226.7 533.5 297.5 652.2 578.0 162.7 634.4 490.9 475.6 134.2 472.4 386.8 435.3 476.8 511.6 697.8 762.2 434.0 538.2 588.9 542.9 542.4 544.0 651.7 533.4 708.2 423.9 536.1 274.6 517.8 520.6 300.4 634.3 525.3 0.0 371.7 459.1 297.5 599.4 624.8 709.9 327.9 675.3 542.7 622.1 525.5 94.9 348.2 533.9 468.9 451.6 564.0 691.0 754.8 758.6 651.1 405.8 201.5 550.9 582.6 302.7 563.5
2052.6 632.8 937.2 474.1 232.2 721.8 310.5 776.2 652.3 342.0 329.3 856.3 150.8 877.8 231.3 974.3 236.7 811.2 625.9 465.9 995.2 838.6 220.5 903.1 694.4 890.7 966.4 814.4 953.4 231.5 664.3 850.3 168.6 868.7 793.6 542.7 726.3 899.2 643.4 875.1 787.8 286.7 879.3 687.2 324.3 815.4 1081.4 857.1 432.1 259.5 361.3 901.0 870.5 147.4 1011.7 286.6 141.3 919.8 283.8 889.9 971.3 259.8 248.1 199.9 776.1 388.7 357.1 155.3 122.6 684.1 673.4 123.7 637.6 747.0 1047.1 241.8 408.5 118.7 265.4 275.9 121.7 124.9 1033.7 205.3 423.5 212.5 260.5 220.8 433.3 319.2 541.9 735.4 299.9 954.4 264.3 1047.0 997.8 904.0 837.5 257.0 721.3 202.2 805.8 242.4 532.8 822.2 155.3 786.0 274.2 136.8 697.2 200.7 242.2 176.0 362.2 1075.0 215.4 851.0 778.2 676.7 758.6 678.3 839.5 197.8 372.6 734.3 743.5 241.6 182.2 185.0 127.6 944.7 835.7 413.0 0.0 190.0 611.4 909.8 814.1 1020.3 297.1 985.7 750.1 809.9 713.3 313.8 175.4 844.3 133.3 116.0 876.8 878.8 942.6 962.4 315.5 716.2 304.8 634.3 893.0 615.5 227.9
2180.5 612.1 916.5 453.4 165.7 701.1 431.1 648.1 631.6 462.6 308.6 728.2 271.4 749.7 351.9 926.3 216.0 790.5 605.2 445.2 974.5 710.5 199.8 775.0 566.3 762.6 945.7 686.3 932.7 352.1 536.2 829.6 188.2 848.0 772.9 522.0 705.6 878.5 622.7 747.0 767.1 266.0 858.6 559.1 303.6 687.3 1013.3 729.0 552.7 238.8 233.2 772.9 742.4 126.7 991.0 265.9 160.9 899.1 404.4 869.2 950.6 380.4 368.7 320.5 755.4 509.3 336.4 275.9 54.4 556.0 652.7 143.3 616.9 618.9 999.1 362.4 529.1 146.0 244.7 396.5 242.3 245.5 976.0 224.9 402.8 191.8 381.1 92.7 412.6 191.1 521.2 607.3 279.2 826.3 384.9 961.6 949.8 775.9 709.4 236.3 593.2 181.5 677.7 363.0 512.1 694.1 275.9 761.7 253.5 257.4 676.5 220.3 261.8 296.6 482.8 1006.9 87.3 830.3 650.1 548.6 630.5 550.2 711.4 318.4 493.2 713.6 615.4 220.9 302.8 305.6 106.9 924.0 811.4 392.3 156.7 0.0 590.7 889.1 686.0 972.3 169.0 937.7 622.0 681.8 585.2 293.1 89.9 823.6 253.9 236.6 856.1 750.7 814.5 834.3 436.1 695.5 284.1 506.2 868.7 594.8 348.5
2283.3 131.6 549.0 192.1 635.2 435.0 834.8 612.0 365.5 865.2 426.3 690.9 674.0 793.5 755.6 665.8 458.4 536.0 122.2 250.2 607.0 674.4 403.2 780.6 512.2 726.5 694.5 650.2 565.2 755.8 535.4 461.0 591.9 569.7 506.8 184.3 439.5 627.3 356.6 710.9 501.0 495.3 604.0 523.7 409.7 651.2 693.2 693.0 956.4 336.6 507.2 736.8 705.2 477.1 623.5 508.3 564.6 530.1 808.1 501.7 583.1 784.1 772.4 724.2 489.3 913.0 330.6 679.6 537.2 519.9 386.6 547.0 350.8 582.8 737.5 766.1 932.8 549.7 424.5 800.2 646.8 648.1 645.5 640.2 175.4 420.3 784.8 575.4 280.0 595.3 79.4 552.3 385.3 675.5 788.6 658.8 668.9 726.0 707.5 415.4 557.1 497.8 675.8 766.7 193.7 658.0 679.6 499.2 321.8 661.1 410.4 624.0 665.5 699.2 886.5 686.8 580.8 462.8 612.5 566.5 566.0 567.6 675.3 722.1 896.9 447.5 559.7 463.3 706.5 709.3 489.1 672.8 548.9 272.0 560.4 661.1 0.0 601.3 648.4 711.8 516.6 677.2 566.3 645.7 549.1 283.6 536.9 569.1 657.6 633.3 488.6 789.9 832.5 760.5 839.8 429.4 390.2 574.5 606.2 41.5 752.2
1863.6 638.8 218.1 560.6 955.7 260.9 1155.3 317.5 329.8 1053.9 735.2 327.5 995.6 192.1 1076.1 64.4 778.9 113.6 631.9 618.7 192.9 274.4 724.8 179.2 459.0 361.9 176.5 273.7 202.2 1076.3 482.2 129.9 912.4 51.7 131.2 556.4 197.7 109.3 280.6 346.3 136.8 815.8 86.0 331.7 730.2 443.0 151.4 256.7 1156.2 658.2 828.8 372.2 306.3 797.6 136.8 828.8 885.1 236.6 1128.6 90.2 133.1 1104.6 1092.9 1044.7 148.0 1131.4 651.1 1000.1 880.9 334.7 250.6 867.5 286.4 271.0 137.2 1086.6 1151.2 870.2 744.3 1120.7 966.5 881.3 114.1 949.1 495.9 740.8 1105.3 782.7 600.5 851.0 547.9 444.9 705.8 74.1 1109.1 99.7 87.9 124.6 468.7 735.9 386.1 806.7 396.3 1087.2 562.2 329.3 896.0 221.9 643.4 981.6 279.5 944.5 986.0 1020.8 1074.1 145.0 788.1 196.9 400.6 513.3 382.6 514.4 310.7 938.5 1084.5 316.6 468.6 783.8 957.9 1029.8 809.6 154.8 172.2 591.8 880.9 868.4 617.4 0.0 431.8 110.4 891.1 75.8 475.2 437.5 384.5 604.1 916.4 130.4 978.1 960.8 103.5 188.5 231.1 159.1 1014.9 255.3 710.7 521.3 245.0 621.5 1072.7
1682.3 636.8 617.0 550.9 736.6 496.3 917.0 198.2 426.8 804.6 725.5 218.9 874.9 286.7 955.4 463.3 769.2 499.2 629.9 609.0 591.8 247.5 715.1 312.0 110.5 204.4 654.4 256.4 601.1 838.0 178.3 575.4 759.1 497.2 481.6 546.7 443.1 587.2 417.9 200.1 475.8 806.1 567.3 175.9 720.5 249.5 550.3 266.0 906.9 648.5 682.8 91.2 279.4 697.6 535.7 819.1 731.8 635.5 1007.9 535.7 614.4 866.3 972.2 924.0 464.1 882.1 641.4 761.8 625.3 172.8 447.9 714.2 412.1 155.9 536.1 848.3 901.9 716.9 734.6 882.4 779.8 625.7 513.0 795.8 486.2 731.1 984.6 527.1 590.8 595.4 545.9 106.8 696.1 363.3 988.4 498.6 486.8 312.9 98.8 726.2 129.0 752.4 67.1 966.5 552.5 231.1 640.4 414.9 633.7 860.9 471.7 791.2 832.7 900.1 824.8 543.9 532.5 642.4 35.8 159.0 95.5 210.5 151.3 682.9 835.2 508.8 107.0 774.1 702.3 909.1 677.8 632.7 464.6 582.1 727.6 612.8 615.4 445.4 0.0 509.3 635.5 474.7 100.4 244.0 130.8 594.4 660.8 532.3 857.4 774.1 549.0 287.7 351.5 371.3 765.6 490.7 701.0 217.4 521.9 619.5 952.0
1927.1 728.9 229.3 650.7 1045.8 351.0 1245.4 381.0 419.9 1117.4 825.3 391.0 1085.7 255.6 1166.2 75.6 869.0 203.7 722.0 708.8 204.1 337.9 814.9 242.7 522.5 425.4 266.6 337.2 213.4 1166.4 545.7 220.0 1002.5 141.8 221.3 646.5 287.8 199.4 370.7 409.8 226.9 905.9 176.1 395.2 820.3 506.5 162.6 320.2 1219.7 748.3 918.9 435.7 369.8 887.7 148.0 918.9 975.2 247.8 1218.7 180.3 223.2 1194.7 1183.0 1134.8 238.1 1194.9 741.2 1090.2 944.4 398.2 340.7 957.6 376.5 334.5 57.0 1176.7 1214.7 960.3 834.4 1210.8 1056.6 944.8 125.3 1039.2 586.0 830.9 1195.4 846.2 690.6 914.5 638.0 508.4 795.9 137.6 1199.2 110.9 99.1 188.1 532.2 826.0 449.6 896.8 459.8 1177.3 652.3 392.8 959.5 312.0 733.5 1071.7 369.6 1034.6 1076.1 1110.9 1137.6 156.2 851.6 287.0 464.1 576.8 446.1 577.9 374.2 1002.0 1148.0 406.7 532.1 873.9 1021.4 1119.9 899.7 244.9 262.3 681.9 971.0 931.9 707.5 90.0 495.3 0.0 954.6 87.0 538.7 501.0 448.0 694.2 979.9 220.5 1068.2 1050.9 193.6 252.0 294.6 222.6 1078.4 345.4 800.8 584.8 335.1 711.6 1162.8
2222.4 545.3 849.7 386.6 281.0 634.3 546.4 690.0 564.8 577.9 241.8 770.1 386.7 791.6 467.2 886.8 270.0 723.7 538.4 378.4 907.7 752.4 215.9 816.9 608.2 804.5 878.9 728.2 865.9 467.4 578.1 762.8 303.5 781.2 706.1 455.2 638.8 811.7 555.9 788.9 700.3 306.9 791.8 601.0 236.8 729.2 993.9 770.9 668.0 172.0 64.1 814.8 784.3 242.0 924.2 319.9 276.2 832.3 519.7 802.4 883.8 495.7 484.0 435.8 688.6 624.6 269.6 391.2 169.7 597.9 585.9 258.6 550.1 660.8 959.6 477.7 644.4 261.3 235.4 511.8 357.6 360.8 946.2 340.2 336.0 231.9 496.4 144.7 345.8 122.7 454.4 649.2 212.4 868.2 500.2 959.5 910.3 817.8 751.3 227.0 635.1 296.8 719.6 478.3 445.3 736.0 391.2 698.5 186.7 372.7 609.7 335.6 377.1 411.9 598.1 987.5 150.1 763.5 692.0 590.5 672.4 592.1 753.3 433.7 608.5 646.8 657.3 274.9 418.1 420.9 222.2 857.2 748.2 325.5 272.0 157.2 523.9 822.3 727.9 932.8 0.0 898.2 663.9 723.7 627.1 226.3 205.2 756.8 369.2 351.9 789.3 792.6 856.4 876.2 551.4 628.7 217.3 548.1 805.5 528.0 463.8
1897.2 699.0 142.2 620.8 1015.9 321.1 1215.5 351.1 390.0 1087.5 795.4 361.1 1055.8 225.7 1136.3 9.9 839.1 173.8 692.1 678.9 117.0 308.0 785.0 212.8 492.6 395.5 236.7 307.3 126.3 1136.5 515.8 190.1 972.6 111.9 191.4 616.6 257.9 169.5 340.8 379.9 197.0 876.0 146.2 365.3 790.4 476.6 75.5 290.3 1189.8 718.4 889.0 405.8 339.9 857.8 60.9 889.0 945.3 160.7 1188.8 150.4 193.3 1164.8 1153.1 1104.9 208.2 1165.0 711.3 1060.3 914.5 368.3 310.8 927.7 346.6 304.6 98.5 1146.8 1184.8 930.4 804.5 1180.9 1026.7 914.9 38.2 1009.3 556.1 801.0 1165.5 816.3 660.7 884.6 608.1 478.5 766.0 107.7 1169.3 23.8 12.1 158.2 502.3 796.1 419.7 866.9 429.9 1147.4 622.4 362.9 929.6 282.1 703.6 1041.8 339.7 1004.7 1046.2 1081.0 1107.7 69.1 821.7 230.2 434.2 546.9 416.2 548.0 344.3 972.1 1118.1 376.8 502.2 844.0 991.5 1090.0 869.8 215.0 232.4 652.0 941.1 902.0 677.6 60.1 465.4 71.7 924.7 0.0 508.8 471.1 418.1 664.3 950.0 190.6 1038.3 1021.0 163.7 222.1 264.7 192.7 1048.5 315.5 770.9 554.9 305.2 681.7 1132.9
1727.4 587.5 656.1 501.6 713.2 447.0 893.6 237.3 377.5 843.0 676.2 304.3 851.5 325.8 932.0 502.4 719.9 449.9 580.6 559.7 630.9 286.6 665.8 351.1 87.1 322.0 605.1 295.5 640.2 814.6 96.6 615.1 735.7 507.4 432.3 497.4 393.8 537.9 368.6 323.1 426.5 756.8 518.0 181.0 671.2 288.6 589.4 305.1 945.3 599.2 659.4 208.8 318.5 674.2 574.8 769.8 708.4 674.6 984.5 575.4 565.1 842.9 948.8 900.6 414.8 920.5 592.1 738.4 601.9 177.9 398.6 690.8 362.8 195.0 575.2 824.9 940.3 693.5 685.3 859.0 756.4 602.3 552.1 772.4 436.9 681.8 961.2 503.7 541.5 572.0 496.6 20.7 646.8 402.4 965.0 537.7 525.9 352.0 216.4 676.9 168.1 729.0 184.7 943.1 503.2 270.2 617.0 365.6 584.4 837.5 422.4 767.8 809.3 876.7 863.2 583.0 509.1 682.1 81.6 161.2 134.6 128.8 268.9 659.5 873.6 459.5 6.6 724.8 678.9 885.7 654.4 583.4 415.3 532.8 704.2 589.4 566.1 484.5 117.5 548.4 612.1 513.8 0.0 283.1 169.9 545.1 637.4 483.0 834.0 750.7 588.7 326.8 390.6 410.4 804.0 441.4 651.7 135.7 472.6 570.2 928.6
1920.7 648.7 648.1 562.8 784.6 508.2 1050.0 216.2 438.7 1081.5 737.4 296.3 890.3 317.8 970.8 494.4 781.1 511.1 641.8 620.9 622.9 278.6 727.0 343.1 251.4 330.7 666.3 254.4 632.2 971.0 274.6 676.3 807.1 568.6 493.5 558.6 455.0 599.1 429.8 315.1 487.7 818.0 579.2 124.1 732.4 67.5 581.4 297.1 1171.6 660.4 730.8 341.0 310.5 745.6 566.8 831.0 779.8 666.6 1023.3 636.6 626.3 999.3 987.6 939.4 476.0 1128.2 653.3 894.8 673.3 127.1 459.8 762.2 424.0 187.0 567.2 981.3 1148.0 764.9 746.5 1015.4 824.4 673.7 544.1 843.8 498.1 743.0 1000.0 575.1 602.7 643.4 557.8 262.5 708.0 394.4 1003.8 529.7 517.9 344.0 353.0 738.1 184.9 800.4 321.3 981.9 564.4 262.2 688.4 426.8 645.6 876.3 483.6 839.2 880.7 915.5 1101.7 575.0 580.5 743.3 218.2 305.7 200.2 306.8 279.5 730.9 1112.1 520.7 286.2 786.0 750.3 924.5 725.8 644.6 476.5 594.0 775.6 660.8 627.3 476.5 254.1 540.4 683.5 505.8 292.8 0.0 176.9 606.3 708.8 544.2 872.8 831.3 649.9 318.8 382.6 402.4 1055.0 502.6 712.9 313.7 533.8 631.4 967.4
1842.0 552.2 569.4 466.3 702.3 411.7 967.7 178.7 342.2 935.5 640.9 217.6 808.0 239.1 888.5 415.7 684.6 414.6 545.3 524.4 544.2 199.9 630.5 264.4 129.2 252.0 569.8 175.7 553.5 888.7 152.4 527.8 724.8 472.1 397.0 462.1 358.5 502.6 333.3 236.4 391.2 721.5 482.7 48.5 635.9 176.7 502.7 218.4 1037.8 563.9 648.5 222.1 231.8 663.3 488.1 734.5 697.5 587.9 941.0 488.1 529.8 917.0 905.3 857.1 379.5 1013.0 556.8 812.5 591.0 45.4 363.3 679.9 327.5 108.3 488.5 899.0 1032.8 682.6 650.0 933.1 742.1 591.4 465.4 761.5 401.6 646.5 917.7 492.8 506.2 561.1 461.3 139.2 611.5 315.7 921.5 451.0 439.2 265.3 229.7 641.6 23.6 718.1 198.0 899.6 467.9 183.5 606.1 330.3 549.1 794.0 387.1 756.9 798.4 833.2 955.7 496.3 498.2 594.8 94.9 183.5 45.2 184.6 200.8 648.6 966.1 424.2 162.9 689.5 668.0 842.2 643.5 548.1 380.0 497.5 693.3 578.5 530.8 397.8 130.8 461.7 601.2 427.1 169.5 171.2 0.0 509.8 626.5 447.7 790.5 749.0 501.4 240.1 303.9 323.7 896.5 406.1 616.4 191.5 437.3 534.9 885.1
2256.2 318.9 623.3 160.2 351.5 407.9 551.1 584.9 338.4 582.6 131.0 665.0 391.4 686.5 471.9 660.4 174.7 497.3 312.0 152.0 681.3 647.3 120.6 711.8 485.1 699.4 652.5 623.1 639.5 472.1 508.3 536.4 308.2 554.8 479.7 228.8 412.4 585.3 329.5 683.8 473.9 211.6 565.4 495.9 126.0 624.1 767.5 665.8 672.7 54.0 224.6 709.7 679.2 193.4 697.8 224.6 280.9 605.9 524.4 576.0 657.4 500.4 488.7 440.5 462.2 629.3 44.4 395.9 241.9 492.8 359.5 263.3 323.7 555.7 733.2 482.4 649.1 266.0 140.1 516.5 362.3 365.5 719.8 344.9 109.6 136.6 501.1 333.6 119.4 311.6 228.0 524.5 101.6 670.1 504.9 733.1 683.9 720.6 680.4 131.7 530.0 202.5 648.7 483.0 218.9 630.9 395.9 472.1 39.2 377.4 383.3 340.3 381.8 416.6 602.8 761.1 339.0 537.1 585.4 539.4 538.9 540.5 648.2 438.4 613.2 420.4 532.6 179.6 422.8 425.6 205.4 630.8 521.8 99.1 276.7 364.1 297.5 595.9 621.3 706.4 232.9 671.8 539.2 618.6 522.0 0.0 253.2 530.4 373.9 356.6 562.9 687.5 751.3 755.1 556.1 402.3 106.5 547.4 579.1 301.6 468.5
2183.8 566.9 871.3 408.2 168.0 655.9 441.7 712.0 586.4 473.2 263.4 792.1 282.0 813.6 362.5 908.4 170.8 745.3 560.0 400.0 929.3 774.4 154.6 838.9 630.2 826.5 900.5 750.2 887.5 362.7 600.1 784.4 198.8 802.8 727.7 476.8 660.4 833.3 577.5 810.9 721.9 220.8 813.4 623.0 258.4 751.2 1015.5 792.9 563.3 193.6 321.5 836.8 806.3 56.5 945.8 220.7 171.5 853.9 415.0 824.0 905.4 391.0 379.3 331.1 710.2 519.9 291.2 286.5 57.7 619.9 607.5 153.9 571.7 682.8 981.2 373.0 539.7 156.6 199.5 407.1 252.9 256.1 967.8 235.5 357.6 146.6 391.7 156.6 367.4 255.0 476.0 671.2 234.0 890.2 395.5 981.1 931.9 839.8 773.3 191.1 657.1 136.3 741.6 373.6 466.9 758.0 286.5 720.1 208.3 268.0 631.3 230.9 272.4 307.2 493.4 1009.1 151.2 785.1 714.0 612.5 694.4 614.1 775.3 329.0 503.8 668.4 679.3 175.7 313.4 316.2 56.3 878.8 769.8 347.1 167.3 125.8 545.5 843.9 749.9 954.4 232.9 919.8 685.9 745.7 649.1 247.9 0.0 778.4 264.5 247.2 810.9 814.6 878.4 898.2 446.7 650.3 238.9 570.1 827.1 549.6 359.1
1989.0 555.9 343.5 470.0 865.1 170.3 1064.7 442.9 239.2 1096.2 644.6 451.7 905.0 317.5 985.5 189.8 688.3 23.0 546.5 528.1 318.3 399.8 634.2 304.6 439.6 487.3 181.9 399.1 327.6 985.7 462.8 191.9 821.8 84.2 40.6 465.8 107.1 114.7 190.0 471.7 46.2 725.2 94.8 457.1 639.6 568.4 276.8 382.2 1186.3 567.6 738.2 497.6 431.7 707.0 262.2 738.2 794.5 326.2 1038.0 152.2 141.9 1014.0 1002.3 954.1 57.4 1142.9 560.5 909.5 772.1 460.1 160.0 776.9 195.8 396.4 262.6 996.0 1162.7 779.6 653.7 1030.1 875.9 853.9 239.5 858.5 405.3 650.2 1014.7 673.9 509.9 742.2 465.0 479.0 615.2 199.5 1018.5 225.1 213.3 250.0 594.1 645.3 511.5 716.1 521.7 996.6 471.6 454.7 868.6 143.5 552.8 891.0 188.9 853.9 895.4 930.2 1116.4 270.4 679.3 258.9 526.0 493.9 508.0 495.0 436.1 911.1 1126.8 226.0 487.1 693.2 936.4 939.2 719.0 160.2 93.8 501.2 790.3 759.6 547.6 125.3 557.2 235.8 746.5 201.2 493.7 562.9 509.9 513.5 766.8 0.0 887.5 870.2 165.5 313.9 356.5 284.5 1069.7 164.7 620.1 501.9 166.6 538.6 982.1
2060.1 705.4 1009.8 546.7 304.8 794.4 318.0 821.4 724.9 349.5 401.9 901.5 56.7 923.0 137.2 1046.9 309.3 883.8 698.5 538.5 1067.8 883.8 293.1 948.3 739.6 935.9 1039.0 859.6 1026.0 239.0 709.5 922.9 241.2 941.3 866.2 615.3 798.9 971.8 716.0 920.3 860.4 359.3 951.9 732.4 396.9 860.6 1154.0 902.3 439.6 332.1 433.9 946.2 915.7 220.0 1084.3 359.2 213.9 992.4 189.7 962.5 1043.9 267.3 154.0 105.8 848.7 396.2 429.7 162.8 195.2 729.3 746.0 196.3 710.2 792.2 1119.7 249.3 416.0 191.3 338.0 283.4 129.2 163.9 1106.3 277.9 496.1 285.1 166.4 293.4 505.9 391.8 614.5 780.6 372.5 999.6 170.2 1119.6 1070.4 949.2 882.7 329.6 766.5 274.8 851.0 148.3 605.4 867.4 194.3 858.6 346.8 53.7 769.8 273.3 314.8 81.9 369.7 1147.6 288.0 923.6 823.4 721.9 803.8 723.5 884.7 209.1 380.1 806.9 788.7 314.2 189.7 90.9 200.2 1017.3 908.3 485.6 135.1 262.6 684.0 982.4 859.3 1092.9 369.7 1058.3 795.3 855.1 758.5 386.4 248.0 916.9 0.0 123.5 949.4 924.0 987.8 1007.6 323.0 788.8 377.4 679.5 965.6 688.1 133.8
2006.3 677.6 982.0 518.9 277.0 766.6 264.2 792.9 697.1 287.3 365.7 871.8 142.1 894.5 231.0 1019.1 281.5 856.0 668.2 510.7 1040.0 855.3 256.9 919.8 711.1 907.4 1011.2 831.1 998.2 185.2 681.0 886.7 213.4 913.5 838.4 579.1 771.1 944.0 688.2 891.8 832.6 331.5 924.1 696.2 369.1 832.1 1126.2 873.9 385.8 304.3 397.7 917.7 879.5 192.2 1056.5 331.4 186.1 963.1 283.5 934.7 1016.1 213.5 247.8 199.6 820.9 334.0 401.9 109.0 159.0 700.8 718.2 168.5 682.4 763.7 1083.5 195.5 362.2 163.5 301.8 221.2 6.5 136.1 1078.5 241.7 468.3 257.3 260.2 265.6 478.1 364.0 586.7 752.1 344.7 971.1 264.0 1091.8 1042.6 920.7 854.2 301.8 738.0 238.6 822.5 242.1 577.6 838.9 128.4 830.8 310.6 136.5 742.0 245.5 287.0 167.3 315.9 1119.8 260.2 895.8 794.9 693.4 775.3 695.0 856.2 85.5 326.3 779.1 760.2 286.4 66.1 184.7 172.4 989.5 880.5 457.8 107.3 234.8 655.1 954.6 830.8 1065.1 341.9 1030.5 766.8 826.6 730.0 358.6 220.2 880.7 133.0 0.0 921.6 895.5 959.3 979.1 269.2 761.0 349.6 651.0 937.8 651.9 227.6
1976.3 535.2 179.5 502.7 945.8 290.2 1145.4 430.2 359.1 1176.9 725.3 440.2 985.7 304.8 1066.2 177.1 769.0 142.9 528.3 560.8 237.5 387.1 714.9 291.9 559.5 474.6 205.8 386.4 195.7 1066.4 582.7 26.3 902.5 81.0 160.5 483.3 227.0 138.6 309.9 459.0 166.1 805.9 115.3 444.4 720.3 555.7 264.1 369.4 1267.0 648.3 818.9 484.9 419.0 787.7 249.5 818.9 875.2 162.1 1118.7 13.0 94.4 1094.7 1083.0 1034.8 177.3 1223.6 641.2 990.2 836.2 447.4 279.9 857.6 315.7 383.7 249.9 1076.7 1243.4 860.3 734.4 1110.8 956.6 994.0 226.8 939.2 486.0 730.9 1095.4 793.8 590.6 862.1 444.3 557.6 695.9 186.8 1099.2 212.4 200.6 237.3 581.4 726.0 498.8 796.8 509.0 1077.3 504.3 442.0 1008.7 251.2 633.5 971.7 308.8 934.6 976.1 1010.9 1197.1 257.7 799.2 93.3 513.3 613.8 495.3 614.9 423.4 1051.2 1207.5 345.9 581.3 773.9 1017.1 1019.9 799.7 184.1 201.5 581.9 871.0 879.5 513.8 112.6 544.5 223.1 827.2 188.5 587.9 550.2 497.2 594.2 847.5 159.7 968.2 950.9 0.0 301.2 343.8 271.8 1150.4 284.6 700.8 621.8 274.3 517.9 1062.8
1675.0 710.0 367.9 624.1 845.9 457.3 974.8 194.3 500.0 865.3 798.7 145.5 951.6 51.2 1032.1 214.2 842.4 310.0 703.1 682.2 342.7 85.8 788.3 70.1 298.6 219.7 372.9 154.5 352.0 910.7 335.9 326.3 868.4 248.1 327.6 619.9 394.1 305.7 477.0 164.3 333.2 879.3 282.4 185.4 793.7 296.7 301.2 162.0 967.6 721.7 792.1 220.8 117.7 806.9 286.6 892.3 841.1 386.4 1084.6 286.6 329.5 882.4 1048.9 1000.7 344.4 942.8 714.6 956.1 734.6 188.4 447.0 823.5 482.8 124.7 287.0 900.4 962.6 826.2 807.8 907.6 885.7 735.0 263.9 905.1 559.4 804.3 1061.3 636.4 664.0 704.7 619.1 298.6 769.3 114.2 1065.1 249.5 237.7 63.8 317.3 799.4 239.8 861.7 244.9 1043.2 625.7 177.9 749.7 418.3 706.9 937.6 475.9 900.5 942.0 976.8 885.5 294.8 641.8 393.3 254.3 367.0 236.3 368.1 159.3 792.2 895.9 513.0 295.1 847.3 811.6 985.8 787.1 351.2 368.6 655.3 836.9 722.1 688.6 196.3 243.2 260.2 744.8 225.6 288.5 291.2 238.2 667.6 770.1 326.8 934.1 892.6 299.9 0.0 163.8 122.2 826.3 451.7 774.2 375.0 441.4 692.7 1028.7
1818.9 750.2 410.5 664.3 886.1 499.9 1151.5 211.4 540.2 1009.2 838.9 221.4 991.8 111.6 1072.3 256.8 882.6 352.6 743.3 722.4 385.3 229.7 828.5 134.5 352.9 255.8 415.5 167.6 394.6 1072.5 376.1 368.9 908.6 290.7 370.2 660.1 436.7 348.3 519.6 240.2 375.8 919.5 325.0 225.6 833.9 336.9 343.8 150.6 1111.5 761.9 832.3 266.1 261.6 847.1 329.2 932.5 881.3 429.0 1124.8 329.2 372.1 1100.8 1089.1 1040.9 387.0 1086.7 754.8 996.3 774.8 228.6 489.6 863.7 525.4 164.9 329.6 1082.8 1106.5 866.4 848.0 1116.9 925.9 775.2 306.5 945.3 599.6 844.5 1101.5 676.6 704.2 744.9 659.3 338.8 809.5 156.8 1105.3 292.1 280.3 106.4 362.6 839.6 280.0 901.9 290.2 1083.4 665.9 223.2 789.9 460.9 747.1 977.8 518.5 940.7 982.2 1017.0 1029.4 337.4 682.0 435.9 294.5 407.2 276.5 408.3 204.6 832.4 1039.8 555.6 362.5 887.5 851.8 1026.0 827.3 393.8 411.2 695.5 877.1 762.3 728.8 238.9 330.4 302.8 785.0 268.2 369.1 331.4 278.4 707.8 810.3 369.4 974.3 932.8 342.5 143.8 0.0 164.8 970.2 494.3 814.4 415.2 484.0 732.9 1068.9
1781.6 774.3 342.8 688.4 910.2 432.2 1081.4 235.5 501.1 971.9 863.0 245.5 1015.9 110.1 1096.4 189.1 906.7 284.9 767.4 746.5 317.6 192.4 852.6 97.2 377.0 279.9 347.8 191.7 326.9 1096.6 400.2 301.2 932.7 223.0 302.5 684.2 369.0 280.6 451.9 264.3 308.1 943.6 257.3 249.7 858.0 361.0 276.1 174.7 1074.2 786.0 856.4 290.2 224.3 871.2 261.5 956.6 905.4 361.3 1148.9 261.5 304.4 989.0 1113.2 1065.0 319.3 1049.4 778.9 1020.4 798.9 252.7 421.9 887.8 457.7 189.0 261.9 1007.0 1069.2 890.5 872.1 1014.2 950.0 799.3 238.8 969.4 623.7 868.6 1125.6 700.7 728.3 769.0 683.4 362.9 833.6 89.1 1129.4 224.4 212.6 42.6 386.7 863.7 304.1 926.0 314.3 1107.5 690.0 247.3 814.0 393.2 771.2 1001.9 450.8 964.8 1006.3 1041.1 992.1 269.7 706.1 368.2 318.6 431.3 300.6 432.4 228.7 856.5 1002.5 487.9 386.6 911.6 875.9 1050.1 851.4 326.1 343.5 719.6 901.2 786.4 752.9 171.2 349.8 235.1 809.1 200.5 393.2 355.5 302.5 731.9 834.4 301.7 998.4 956.9 274.8 106.5 149.1 0.0 932.9 426.6 838.5 439.3 416.3 757.0 1093.0
1908.4 898.7 1203.1 740.0 498.1 987.7 148.4 1005.2 918.2 38.9 595.2 991.6 371.6 962.2 452.1 1125.2 502.6 1077.1 891.8 731.8 1253.7 943.6 486.4 981.1 862.3 977.1 1283.9 1012.3 1219.3 84.3 902.8 1116.2 434.5 1159.1 1059.5 808.6 992.2 1216.7 909.3 972.8 1053.7 552.6 1193.4 925.7 590.2 1053.9 1212.2 1019.8 141.2 525.4 627.2 863.9 975.5 413.3 1197.6 552.5 407.2 1185.7 504.6 1155.8 1240.5 56.0 468.9 420.7 1042.0 116.4 623.0 189.8 388.5 922.6 939.3 389.6 903.5 985.5 1198.0 74.0 136.2 384.6 531.3 81.2 276.5 357.2 1174.9 471.2 689.4 478.4 481.3 486.7 699.2 585.1 807.8 873.0 565.8 1025.2 485.1 1160.5 1148.7 974.8 871.5 522.9 959.8 468.1 839.8 463.2 798.7 1012.7 387.6 1051.9 540.1 357.6 963.1 466.6 591.1 396.8 59.1 1205.8 481.3 1116.9 842.8 915.2 902.5 916.8 924.0 356.4 69.5 1000.2 858.8 507.5 337.0 405.8 393.5 1262.2 1101.6 678.9 328.4 455.9 877.3 1107.3 806.9 1171.2 563.0 1136.6 852.2 1048.4 951.8 579.7 441.3 1110.2 354.1 270.8 1142.7 910.9 1074.8 1033.2 0.0 982.1 570.7 872.8 1158.9 881.4 448.7
2114.7 428.6 469.2 342.7 737.8 5.6 937.4 568.6 111.9 968.9 517.3 578.6 777.7 443.2 858.2 315.5 561.0 152.4 421.7 400.8 444.0 525.5 506.9 430.3 385.3 613.0 307.6 524.8 453.3 858.4 408.5 317.6 694.5 209.9 134.8 338.5 67.5 240.4 62.7 597.4 129.0 597.9 220.5 396.1 512.3 524.3 402.5 507.8 1059.0 440.3 610.9 623.3 557.4 579.7 387.9 610.9 667.2 453.4 910.7 277.9 267.6 886.7 875.0 826.8 117.3 1015.6 433.2 782.2 644.8 393.0 32.7 649.6 68.5 522.1 388.3 868.7 1035.4 652.3 526.4 902.8 748.6 726.6 365.2 731.2 278.0 522.9 887.4 546.6 382.6 614.9 337.7 424.7 487.9 325.2 891.2 350.8 339.0 375.7 580.6 518.0 430.2 588.8 548.9 869.3 344.3 531.1 741.3 127.2 425.5 763.7 61.6 726.6 768.1 802.9 989.1 396.1 552.0 384.6 485.6 439.6 439.1 440.7 561.8 783.8 999.5 98.7 432.8 565.9 809.1 811.9 591.7 285.9 176.9 373.9 663.0 632.3 407.2 251.0 521.5 361.5 619.2 326.9 439.4 518.8 422.2 386.2 639.5 185.5 760.2 742.9 291.2 439.6 482.2 410.2 942.4 0.0 492.8 447.6 234.2 411.3 854.8
2353.1 415.8 720.2 257.1 352.8 504.8 552.4 681.8 435.3 583.9 27.7 761.9 392.7 783.4 473.2 757.3 176.0 594.2 408.9 248.9 778.2 744.2 121.9 808.7 582.0 796.3 749.4 720.0 736.4 473.4 605.2 633.3 309.5 651.7 576.6 325.7 509.3 682.2 426.4 780.7 570.8 212.9 662.3 592.8 19.4 721.0 864.4 762.7 674.0 55.3 225.9 806.6 776.1 194.7 794.7 225.9 282.2 702.8 525.7 672.9 754.3 501.7 490.0 441.8 559.1 630.6 140.1 397.2 243.2 589.7 456.4 264.6 420.6 652.6 830.1 483.7 650.4 267.3 141.4 517.8 363.6 366.8 816.7 346.2 206.5 137.9 502.4 334.9 216.3 312.9 324.9 621.4 4.9 767.0 506.2 830.0 780.8 817.5 777.3 133.0 626.9 203.8 745.6 484.3 315.8 727.8 397.2 569.0 57.2 378.7 480.2 341.6 383.1 417.9 604.1 858.0 340.3 634.0 682.3 636.3 635.8 637.4 745.1 439.7 614.5 517.3 629.5 180.9 424.1 426.9 206.7 727.7 618.7 196.0 278.0 365.4 394.4 692.8 718.2 803.3 234.2 768.7 636.1 715.5 618.9 96.8 254.5 627.3 375.2 357.9 659.8 784.4 848.2 852.0 557.4 499.2 0.0 644.3 676.0 398.5 469.8
1815.8 594.0 734.7 508.1 687.5 453.5 934.1 315.9 384.0 883.5 711.4 382.9 793.2 404.4 873.7 581.0 737.8 456.4 587.1 566.2 709.5 365.2 685.5 429.7 77.9 400.6 611.6 374.1 718.8 855.1 28.2 621.6 710.0 513.9 438.8 503.9 400.3 544.4 375.1 401.7 433.0 776.5 524.5 187.5 706.4 315.7 668.0 383.7 985.8 641.6 633.7 287.4 397.1 648.5 653.4 787.7 682.7 753.2 926.2 581.9 571.6 883.4 890.5 842.3 421.3 961.0 598.6 778.9 576.2 184.4 405.1 665.1 369.3 273.6 653.8 865.4 980.8 667.8 705.0 899.5 796.9 576.6 630.7 746.7 443.4 701.5 902.9 478.0 548.0 546.3 503.1 99.3 682.0 481.0 906.7 616.3 604.5 430.6 295.0 696.6 246.7 703.3 263.3 884.8 509.7 348.8 591.3 372.1 590.9 779.2 428.9 742.1 783.6 818.4 903.7 661.6 483.4 688.6 160.2 42.3 213.2 42.2 347.5 633.8 914.1 466.0 107.4 742.7 653.2 827.4 628.7 589.9 421.8 539.3 678.5 563.7 572.6 555.0 196.1 627.0 586.4 592.4 114.0 310.2 195.0 551.6 611.7 489.5 775.7 791.2 595.2 405.4 469.2 489.0 844.5 447.9 686.9 0.0 479.1 576.7 870.3
2073.6 635.4 428.1 549.5 944.6 249.8 1144.2 527.5 318.7 1175.7 724.1 537.5 984.5 402.1 1065.0 274.4 767.8 139.8 628.5 607.6 402.9 484.4 713.7 389.2 470.0 571.9 266.5 483.7 412.2 1065.2 493.2 276.5 901.3 168.8 157.4 545.3 186.6 199.3 269.5 556.3 163.0 804.7 179.4 541.7 719.1 653.0 361.4 466.7 1265.8 647.1 817.7 582.2 516.3 786.5 346.8 817.7 874.0 412.3 1117.5 236.8 226.5 1093.5 1081.8 1033.6 174.2 1222.4 640.0 989.0 851.6 544.7 239.5 856.4 275.3 481.0 347.2 1075.5 1242.2 859.1 733.2 1109.6 955.4 910.3 324.1 938.0 484.8 729.7 1094.2 753.4 589.4 821.7 544.5 509.4 694.7 284.1 1098.0 309.7 297.9 334.6 678.7 724.8 514.9 795.6 606.3 1076.1 551.1 539.3 925.0 136.9 632.3 970.5 268.4 933.4 974.9 1009.7 1195.9 355.0 758.8 343.5 610.6 524.3 523.8 525.4 520.7 967.5 1206.3 305.5 517.5 772.7 986.9 1018.7 798.5 244.8 123.0 580.7 869.8 839.1 614.0 209.9 641.8 320.4 826.0 285.8 524.1 647.5 506.9 593.0 846.3 156.6 967.0 949.7 250.1 398.5 441.1 369.1 1149.2 244.2 699.6 532.3 0.0 618.1 1061.6
2291.7 145.8 557.4 200.5 643.6 443.4 843.2 620.4 373.9 874.7 423.1 699.3 683.5 801.9 764.0 674.2 466.8 532.8 136.4 258.6 615.4 682.8 412.7 789.0 520.6 734.9 702.9 658.6 573.6 764.2 543.8 470.5 600.3 578.1 515.2 181.1 447.9 635.7 365.0 719.3 509.4 503.7 612.4 531.4 418.1 659.6 701.6 701.3 964.8 346.1 516.7 745.2 714.7 485.5 631.9 516.7 573.0 538.5 816.5 510.1 591.5 792.5 780.8 732.6 497.7 921.4 339.0 688.0 534.0 528.3 395.0 555.4 359.2 591.2 747.0 774.5 941.2 558.1 432.2 808.6 654.4 657.6 653.9 637.0 183.8 428.7 793.2 583.8 288.4 603.7 85.3 560.0 393.7 683.9 797.0 667.2 677.3 734.4 715.9 423.8 565.5 494.6 684.2 775.1 202.1 666.4 688.0 507.6 331.3 669.5 418.8 632.4 673.9 708.7 894.9 695.2 589.2 471.2 620.9 574.9 574.4 576.0 683.7 730.5 905.3 455.9 568.1 471.7 714.9 717.7 497.5 681.2 557.3 279.7 568.8 669.5 33.1 609.7 656.8 720.2 525.0 685.6 574.7 654.1 557.5 292.0 545.3 565.9 666.0 648.7 497.0 798.3 840.9 768.9 848.2 437.8 398.6 582.9 614.6 0.0 760.6
2160.6 805.9 1110.3 647.2 405.3 894.9 418.5 921.9 825.4 450.0 502.4 1002.0 133.2 1023.5 3.4 1147.4 409.8 984.3 799.0 639.0 1168.3 984.3 393.6 1048.8 840.1 1036.4 1139.5 960.1 1126.5 339.5 810.0 1023.4 341.7 1041.8 966.7 715.8 899.4 1072.3 816.5 1020.8 960.9 459.8 1052.4 832.9 497.4 961.1 1254.5 1002.8 540.1 432.6 534.4 1046.7 1016.2 320.5 1184.8 459.7 314.4 1092.9 139.8 1063.0 1144.4 367.8 53.7 99.7 949.2 496.7 530.2 263.3 295.7 829.8 846.5 296.8 810.7 892.7 1220.2 349.8 516.5 291.8 438.5 383.9 229.7 264.4 1206.8 378.4 596.6 385.6 84.1 393.9 606.4 492.3 715.0 881.1 473.0 1100.1 120.3 1220.1 1170.9 1049.7 983.2 430.1 867.0 375.3 951.5 148.2 705.9 967.9 294.8 959.1 447.3 154.2 870.3 373.8 415.3 132.4 470.2 1248.1 388.5 1024.1 923.9 822.4 904.3 824.0 985.2 309.6 480.6 907.4 889.2 414.7 290.2 167.4 300.7 1117.8 1008.8 586.1 235.6 363.1 784.5 1082.9 959.8 1193.4 470.2 1158.8 895.8 955.6 859.0 486.9 348.5 1017.4 119.7 224.0 1049.9 1024.5 1088.3 1108.1 423.5 889.3 477.9 780.0 1066.1 788.6 0.0
