Name		1047_BED-Amazon_n134_m255_bt33
Number_of_Customers	134
Number_of_Items		255
Number_of_ItemTypes	33
Number_of_Vehicles	1
TimeWindows		0
Dist_type	manual

VEHICLE
Mass_Capacity	1693
CargoSpace_Length	160
CargoSpace_Width	70
CargoSpace_Height	72

CUSTOMERS
i	x	y	Demand	ReadyTime	DueDate	ServiceTime	DemandedMass	DemandedVolume
0	33.918699	-118.324843	0	0	0	0	0	0
1	34.038516	-118.408806	2	0	0	0	5.4	4020
2	34.034003	-118.401941	2	0	0	0	17.01	17660
3	34.037645	-118.401202	1	0	0	0	9.4	2760
4	34.027665	-118.406194	1	0	0	0	1.9	1176
5	34.033447	-118.400856	2	0	0	0	11.12	11240
6	34.033946	-118.400467	2	0	0	0	7.81	11744
7	34.024672	-118.402006	4	0	0	0	17.12	19618
8	34.041366	-118.406652	1	0	0	0	1.9	1176
9	34.03829	-118.409321	3	0	0	0	13.0	14999
10	34.041093	-118.402245	4	0	0	0	6.85	12402
11	34.042944	-118.401797	1	0	0	0	4.7	1380
12	34.04325	-118.400838	1	0	0	0	0.7	2640
13	34.043705	-118.405654	1	0	0	0	0.7	2640
14	34.032362	-118.406784	1	0	0	0	1.77	9425
15	34.032447	-118.399424	3	0	0	0	7.3	5196
16	34.023645	-118.401205	5	0	0	0	31.03	30624
17	34.031703	-118.400685	2	0	0	0	6.6	2556
18	34.033423	-118.407431	1	0	0	0	4.7	1380
19	34.036889	-118.403528	2	0	0	0	5.29	15660
20	34.037976	-118.399614	2	0	0	0	9.9	14040
21	34.037852	-118.410828	1	0	0	0	1.8	2520
22	34.028261	-118.403957	3	0	0	0	9.66	14460
23	34.029051	-118.406358	2	0	0	0	7.45	10452
24	34.041789	-118.408265	2	0	0	0	12.0	5020
25	34.039064	-118.40072	1	0	0	0	0.7	2640
26	34.032594	-118.407782	1	0	0	0	4.7	1380
27	34.042657	-118.400662	1	0	0	0	0.7	2640
28	34.040356	-118.407518	1	0	0	0	4.7	1380
29	34.025433	-118.403656	1	0	0	0	9.4	2760
30	34.035642	-118.399974	1	0	0	0	4.7	1380
31	34.036513	-118.402578	1	0	0	0	1.9	1176
32	34.03723	-118.403421	1	0	0	0	4.7	1380
33	34.027981	-118.405645	3	0	0	0	10.64	11648
34	34.034824	-118.406539	2	0	0	0	5.99	10715
35	34.040799	-118.403479	2	0	0	0	6.1	6660
36	34.028641	-118.404373	2	0	0	0	6.6	2556
37	34.036594	-118.405798	3	0	0	0	4.25	9768
38	34.03515	-118.4064	1	0	0	0	4.7	1380
39	34.027756	-118.406026	1	0	0	0	4.7	1380
40	34.036294	-118.399711	1	0	0	0	4.7	1380
41	34.0381	-118.406707	1	0	0	0	1.95	8316
42	34.033366	-118.402201	1	0	0	0	14.1	4140
43	34.03332	-118.407846	1	0	0	0	0.7	2640
44	34.043023	-118.406564	1	0	0	0	4.7	1380
45	34.039338	-118.409659	1	0	0	0	4.7	1380
46	34.041628	-118.404883	1	0	0	0	1.75	4608
47	34.035185	-118.398321	1	0	0	0	0.7	2640
48	34.039226	-118.403175	1	0	0	0	1.9	1176
49	34.036602	-118.400023	2	0	0	0	5.4	4020
50	34.042556	-118.402694	3	0	0	0	9.22	12600
51	34.033646	-118.403205	2	0	0	0	15.9	5608
52	34.034703	-118.400342	1	0	0	0	1.9	1176
53	34.03882	-118.40188	1	0	0	0	1.75	4608
54	34.037554	-118.413196	1	0	0	0	4.7	1380
55	34.033674	-118.398922	1	0	0	0	4.7	1380
56	34.027742	-118.404359	2	0	0	0	5.9	10272
57	34.026541	-118.403442	3	0	0	0	8.22	12754
58	34.039952	-118.401541	2	0	0	0	7.3	11780
59	34.034743	-118.399515	1	0	0	0	4.7	1380
60	34.026031	-118.40305	2	0	0	0	8.0	6280
61	34.04172	-118.402222	1	0	0	0	3.54	18850
62	34.039662	-118.410717	2	0	0	0	6.6	2556
63	34.042575	-118.406787	1	0	0	0	1.75	4608
64	34.027555	-118.405665	3	0	0	0	8.25	7740
65	34.034673	-118.402817	1	0	0	0	3.44	12800
66	34.035569	-118.406223	1	0	0	0	0.7	2640
67	34.024262	-118.402893	4	0	0	0	17.41	30001
68	34.040191	-118.401434	1	0	0	0	1.9	1176
69	34.041285	-118.407522	1	0	0	0	2.91	13520
70	34.037662	-118.407989	1	0	0	0	7.3	3640
71	34.032761	-118.40763	1	0	0	0	2.94	14904
72	34.03913	-118.405812	1	0	0	0	5.64	16008
73	34.036611	-118.410119	2	0	0	0	6.5	3900
74	34.026615	-118.402397	4	0	0	0	11.35	30840
75	34.040387	-118.400358	1	0	0	0	4.7	1380
76	34.028891	-118.40666	2	0	0	0	16.7	6400
77	34.037628	-118.404311	1	0	0	0	2.5	3978
78	34.030922	-118.404454	1	0	0	0	2.5	3978
79	34.038909	-118.399749	1	0	0	0	3.01	5544
80	34.03299	-118.403468	1	0	0	0	1.75	4608
81	34.042023	-118.402316	1	0	0	0	4.7	1380
82	34.039469	-118.411696	2	0	0	0	5.4	4020
83	34.044155	-118.401887	1	0	0	0	4.7	1380
84	34.03089	-118.402818	9	0	0	0	24.37	70214
85	34.042377	-118.40414	1	0	0	0	0.7	2640
86	34.038665	-118.407695	1	0	0	0	2.94	14904
87	34.03465	-118.401462	2	0	0	0	11.3	3936
88	34.030766	-118.405371	2	0	0	0	5.4	4020
89	34.036388	-118.409119	2	0	0	0	11.12	11240
90	34.043656	-118.402657	1	0	0	0	4.7	1380
91	34.041225	-118.406122	1	0	0	0	3.42	23780
92	34.038251	-118.412565	1	0	0	0	4.7	1380
93	34.039713	-118.403179	1	0	0	0	0.7	2640
94	34.033333	-118.39906	1	0	0	0	0.7	2640
95	34.035083	-118.407491	3	0	0	0	12.2	41386
96	34.043789	-118.404122	4	0	0	0	17.51	28940
97	34.037988	-118.402814	2	0	0	0	7.19	9251
98	34.033127	-118.406538	1	0	0	0	4.7	1380
99	34.032397	-118.400392	1	0	0	0	4.7	1380
100	34.034849	-118.399877	1	0	0	0	0.7	2640
101	34.041507	-118.399334	3	0	0	0	9.36	19508
102	34.03732	-118.400455	1	0	0	0	4.8	6200
103	34.041407	-118.40431	1	0	0	0	2.15	1080
104	34.034231	-118.405761	1	0	0	0	4.7	1380
105	34.024388	-118.401784	3	0	0	0	12.09	17375
106	34.042206	-118.407112	2	0	0	0	6.42	18000
107	34.032627	-118.405634	2	0	0	0	6.2	11480
108	34.043001	-118.404969	2	0	0	0	3.65	5784
109	34.031148	-118.403051	2	0	0	0	2.6	3816
110	34.02821	-118.403624	1	0	0	0	4.8	6200
111	34.038689	-118.400848	2	0	0	0	14.2	8960
112	34.024741	-118.403131	1	0	0	0	0.7	2640
113	34.039109	-118.401818	2	0	0	0	5.4	4020
114	34.026509	-118.404514	2	0	0	0	6.72	13728
115	34.033498	-118.405299	1	0	0	0	0.7	2640
116	34.025848	-118.401815	2	0	0	0	15.9	6660
117	34.043277	-118.403632	1	0	0	0	2.5	3978
118	34.030405	-118.40471	3	0	0	0	14.6	15420
119	34.04073	-118.401249	1	0	0	0	3.82	7600
120	34.034309	-118.407455	3	0	0	0	12.0	6576
121	34.039498	-118.407691	1	0	0	0	0.7	2640
122	34.04017	-118.405937	1	0	0	0	4.7	1380
123	34.034585	-118.406725	1	0	0	0	4.7	1380
124	34.027588	-118.403139	1	0	0	0	0.7	2640
125	34.027091	-118.403274	3	0	0	0	11.33	12556
126	34.035662	-118.409212	2	0	0	0	6.45	5988
127	34.033079	-118.400246	1	0	0	0	1.75	4608
128	34.036776	-118.40679	2	0	0	0	7.64	16284
129	34.04156	-118.403357	1	0	0	0	2.5	3978
130	34.025641	-118.40275	2	0	0	0	14.2	8960
131	34.033693	-118.404179	1	0	0	0	1.9	1176
132	34.04116	-118.40154	2	0	0	0	9.2	4816
133	34.04203	-118.399491	1	0	0	0	14.15	1000
134	34.04021	-118.405282	2	0	0	0	6.32	11578

ITEMS
Type	Length	Width	Height	Mass	Fragility	LoadBearingStrength
Bt1	10	10	10	14.15	1	0
Bt2	18	12	5	2.15	1	0
Bt3	21	14	4	1.9	1	0
Bt4	23	15	4	4.7	1	0
Bt5	20	18	7	1.8	1	0
Bt6	15	11	16	0.7	1	0
Bt7	34	10	10	1.59	1	0
Bt8	20	14	13	7.3	1	0
Bt9	17	13	18	2.5	1	0
Bt10	24	12	16	1.75	1	0
Bt11	28	22	9	3.01	1	0
Bt12	31	20	10	4.8	1	0
Bt13	29	16	14	1.9	1	0
Bt14	34	12	18	3.34	1	0
Bt15	40	19	10	3.82	1	0
Bt16	25	19	17	5.29	1	0
Bt17	27	22	14	1.95	1	0
Bt18	22	15	26	3.816	1	0
Bt19	28	19	17	2.5	1	0
Bt20	28	18	18	2.75	1	0
Bt21	29	25	13	1.77	1	0
Bt22	50	20	10	4.73	1	0
Bt23	40	20	13	2.6	1	0
Bt24	29	24	15	4.26	1	0
Bt25	40	20	16	3.44	1	0
Bt26	26	20	26	2.91	1	0
Bt27	27	23	24	2.94	1	0
Bt28	29	23	24	5.64	1	0
Bt29	28	24	24	2.83	1	0
Bt30	39	27	16	7.63	1	0
Bt31	57	15	20	3.44	1	0
Bt32	57	19	19	6.46	1	0
Bt33	41	20	29	3.42	1	0

DEMANDS PER CUSTOMER
i	Type Quantity
1	Bt4 1	Bt6 1	
2	Bt4 3	Bt26 1	
3	Bt4 2	
4	Bt3 1	
5	Bt15 1	Bt8 1	
6	Bt12 1	Bt11 1	
7	Bt6 2	Bt4 2	Bt9 1	Bt15 1	
8	Bt3 1	
9	Bt4 1	Bt16 1	Bt11 1	
10	Bt6 1	Bt3 1	Bt10 1	Bt9 1	
11	Bt4 1	
12	Bt6 1	
13	Bt6 1	
14	Bt21 1	
15	Bt3 1	Bt4 1	Bt6 1	
16	Bt4 2	Bt8 1	Bt12 1	Bt30 1	Bt3 1	
17	Bt3 1	Bt4 1	
18	Bt4 1	
19	Bt17 1	Bt14 1	
20	Bt8 1	Bt23 1	
21	Bt5 1	
22	Bt4 1	Bt24 1	Bt6 1	
23	Bt20 1	Bt4 1	
24	Bt8 1	Bt4 1	
25	Bt6 1	
26	Bt4 1	
27	Bt6 1	
28	Bt4 1	
29	Bt4 2	
30	Bt4 1	
31	Bt3 1	
32	Bt4 1	
33	Bt8 1	Bt7 1	Bt10 1	
34	Bt6 1	Bt16 1	
35	Bt6 2	Bt4 1	
36	Bt3 1	Bt4 1	
37	Bt10 1	Bt6 1	Bt5 1	
38	Bt4 1	
39	Bt4 1	
40	Bt4 1	
41	Bt17 1	
42	Bt4 3	
43	Bt6 1	
44	Bt4 1	
45	Bt4 1	
46	Bt10 1	
47	Bt6 1	
48	Bt3 1	
49	Bt4 1	Bt6 1	
50	Bt18 1	Bt6 1	Bt4 1	
51	Bt10 1	Bt1 1	
52	Bt3 1	
53	Bt10 1	
54	Bt4 1	
55	Bt4 1	
56	Bt6 3	Bt3 2	
57	Bt15 1	Bt3 1	Bt9 1	
58	Bt4 1	Bt23 1	
59	Bt4 1	
60	Bt6 1	Bt8 1	
61	Bt21 2	
62	Bt3 1	Bt4 1	
63	Bt10 1	
64	Bt6 2	Bt4 1	Bt2 1	
65	Bt25 1	
66	Bt6 1	
67	Bt10 1	Bt3 1	Bt32 1	Bt8 1	
68	Bt3 1	
69	Bt26 1	
70	Bt8 1	
71	Bt27 1	
72	Bt28 1	
73	Bt4 1	Bt5 1	
74	Bt3 1	Bt11 1	Bt27 1	Bt10 2	
75	Bt4 1	
76	Bt8 1	Bt4 2	
77	Bt9 1	
78	Bt9 1	
79	Bt11 1	
80	Bt10 1	
81	Bt4 1	
82	Bt4 1	Bt6 1	
83	Bt4 1	
84	Bt23 1	Bt10 1	Bt19 1	Bt29 1	Bt31 1	Bt13 1	Bt2 1	Bt4 1	Bt9 1	
85	Bt6 1	
86	Bt27 1	
87	Bt4 2	Bt3 1	
88	Bt4 1	Bt6 1	
89	Bt15 1	Bt8 1	
90	Bt4 1	
91	Bt33 1	
92	Bt4 1	
93	Bt6 1	
94	Bt6 1	
95	Bt15 1	Bt9 1	Bt27 2	
96	Bt8 1	Bt23 1	Bt4 1	Bt26 1	
97	Bt3 1	Bt16 1	
98	Bt4 1	
99	Bt4 1	
100	Bt6 1	
101	Bt4 1	Bt26 1	Bt10 1	
102	Bt12 1	
103	Bt2 1	
104	Bt4 1	
105	Bt6 3	Bt16 1	Bt4 1	
106	Bt23 1	Bt15 1	
107	Bt6 2	Bt12 1	
108	Bt3 1	Bt10 1	
109	Bt3 1	Bt6 1	
110	Bt12 1	
111	Bt12 1	Bt4 2	
112	Bt6 1	
113	Bt4 1	Bt6 1	
114	Bt11 2	Bt6 1	
115	Bt6 1	
116	Bt4 3	Bt5 1	
117	Bt9 1	
118	Bt8 1	Bt23 1	Bt4 1	
119	Bt15 1	
120	Bt6 1	Bt3 1	Bt4 2	
121	Bt6 1	
122	Bt4 1	
123	Bt4 1	
124	Bt6 1	
125	Bt4 1	Bt3 1	Bt22 1	
126	Bt4 1	Bt10 1	
127	Bt10 1	
128	Bt4 1	Bt27 1	
129	Bt9 1	
130	Bt4 2	Bt12 1	
131	Bt3 1	
132	Bt3 1	Bt8 1	
133	Bt1 1	
134	Bt15 1	Bt9 1	

DISTANCE MATRIX
0.0 1701.3 1720.2 1737.5 1463.0 1737.5 1735.6 1488.2 1698.7 1673.5 1682.4 1730.5 1755.8 1727.4 1638.5 1678.0 1433.8 1591.4 1575.1 1694.3 1845.6 1666.8 1565.0 1470.2 1771.8 1796.7 1605.1 1747.0 1648.9 1552.5 1774.8 1701.9 1701.0 1471.4 1625.4 1650.0 1491.7 1649.0 1636.9 1465.6 1776.1 1617.0 1733.0 1568.6 1746.7 1695.6 1686.5 1718.2 1675.3 1782.1 1711.3 1690.5 1756.6 1720.7 1613.9 1696.3 1529.4 1521.4 1715.5 1740.9 1507.2 1712.2 1688.5 1735.9 1485.4 1666.3 1639.5 1512.7 1722.1 1684.3 1574.0 1598.1 1640.8 1591.1 1553.4 1763.8 1474.6 1658.8 1667.5 1803.9 1684.1 1719.2 1675.9 1751.7 1709.1 1682.0 1587.7 1722.2 1582.7 1566.2 1736.5 1707.5 1645.6 1675.2 1690.4 1587.8 1748.5 1719.4 1597.1 1618.0 1748.0 1802.7 1753.1 1683.9 1600.5 1444.8 1731.6 1613.5 1710.3 1715.2 1597.4 1786.3 1529.1 1714.2 1562.4 1698.9 1532.1 1736.0 1613.8 1715.0 1593.1 1622.7 1619.6 1615.9 1572.7 1542.6 1536.3 1643.1 1620.4 1665.3 1498.5 1669.1 1695.7 1813.9 1625.7
1811.5 0.0 189.8 207.1 301.9 266.3 273.1 370.7 161.2 17.7 152.3 193.0 218.3 189.9 216.3 316.7 409.7 371.0 159.6 163.9 308.1 74.7 328.2 237.4 182.7 266.3 192.9 209.5 111.4 382.0 233.4 171.5 170.6 295.5 135.1 115.7 277.2 115.8 123.9 300.5 239.8 104.6 202.6 156.4 209.2 48.1 149.0 279.1 137.8 233.8 171.4 200.5 240.3 183.2 79.6 298.4 296.6 329.1 178.0 263.8 337.0 174.7 93.2 198.4 326.6 177.6 109.1 366.8 184.6 146.8 61.6 185.9 103.3 104.5 372.6 226.3 241.9 150.6 248.8 266.4 211.0 181.7 113.6 214.2 255.4 144.5 64.1 191.8 202.2 79.6 199.0 170.0 77.7 137.7 304.3 99.1 211.0 189.0 174.9 397.6 256.7 265.2 222.7 146.4 134.2 378.7 194.1 191.3 160.2 249.3 399.5 255.9 397.3 176.7 338.8 254.8 392.9 198.5 212.7 177.5 138.4 38.2 82.1 144.9 374.8 340.7 78.6 422.7 92.8 127.8 346.2 214.9 158.2 276.4 88.2
1866.3 202.0 0.0 102.4 174.4 89.7 96.5 261.2 254.9 194.3 204.7 219.2 224.4 280.7 184.5 140.1 300.2 194.4 171.0 114.9 280.0 251.3 218.7 173.0 323.0 139.5 216.5 212.4 252.0 262.8 56.8 69.9 121.6 167.9 181.9 206.5 142.0 142.6 170.7 173.0 68.9 198.1 12.7 180.1 282.0 224.7 221.8 102.5 153.5 74.9 248.2 90.0 63.7 127.2 256.2 121.8 187.1 213.3 155.3 87.2 227.5 227.5 269.8 271.2 199.1 69.8 155.9 282.8 161.9 268.8 181.0 209.5 200.8 240.2 263.1 203.6 195.1 142.0 207.2 243.7 97.0 234.5 288.5 249.8 79.7 235.3 194.7 15.2 164.7 215.3 239.3 247.2 254.3 179.4 127.7 179.7 299.6 139.0 142.2 221.0 80.1 242.5 86.0 219.2 145.6 269.2 286.4 126.3 272.9 73.6 271.9 129.1 298.3 133.7 231.8 147.0 270.1 279.4 154.2 173.1 214.5 240.3 226.6 191.7 247.2 231.2 218.0 246.1 153.4 218.6 236.7 107.1 202.4 253.8 232.7
1928.4 186.1 91.6 0.0 236.5 91.1 96.1 339.5 171.0 178.4 120.8 135.3 140.5 196.8 211.8 130.7 362.3 185.0 155.1 80.2 201.5 235.4 280.8 235.1 239.1 59.1 200.6 128.5 168.1 339.4 44.7 33.7 73.5 230.1 166.0 122.6 211.0 126.7 154.8 235.1 32.6 182.2 104.4 164.2 198.1 208.8 137.9 90.5 69.6 26.6 164.3 100.3 65.1 43.3 240.3 112.4 249.2 281.7 71.4 88.6 289.6 143.6 253.9 187.3 261.2 80.1 140.0 344.9 78.0 184.9 165.1 193.6 147.4 224.3 325.2 119.7 257.2 115.9 269.3 159.8 113.5 150.6 272.6 165.9 160.1 151.4 178.8 76.3 226.2 199.4 155.4 163.3 238.4 95.5 118.3 163.8 215.7 55.1 170.4 211.6 81.5 158.6 15.5 135.3 129.7 331.3 202.5 165.5 189.0 154.0 334.0 48.7 360.4 49.8 299.5 157.3 345.5 195.5 216.3 89.2 198.6 173.5 140.5 175.8 309.3 293.3 202.1 236.7 137.5 134.7 298.8 117.4 118.5 169.9 134.4
1753.5 280.4 297.0 278.4 0.0 234.3 204.4 113.2 366.1 272.7 349.8 397.9 423.2 394.8 270.7 146.8 152.2 127.2 207.3 361.7 418.6 306.1 74.8 71.0 391.6 315.5 237.3 414.4 316.3 129.3 243.6 312.2 368.4 7.2 292.8 317.4 27.5 316.4 304.3 1.5 244.9 284.4 186.9 200.8 414.1 303.1 353.9 187.0 342.7 250.9 378.7 189.7 225.4 321.8 301.2 165.1 39.2 65.3 382.9 209.7 79.5 379.6 337.9 403.3 21.2 298.5 306.9 134.8 389.5 351.7 241.4 230.3 308.2 258.5 115.1 341.5 75.4 291.0 165.1 376.9 176.5 386.6 364.7 419.1 129.6 349.4 255.1 281.7 122.0 233.6 403.9 374.9 332.7 342.6 159.2 255.2 415.9 333.6 229.3 153.8 216.8 355.7 262.0 351.3 232.7 141.6 399.0 245.7 377.7 135.7 143.7 305.1 150.3 328.3 83.8 331.1 136.4 403.4 111.4 382.4 260.5 290.1 287.0 283.3 119.0 84.0 203.7 178.9 287.8 332.7 88.2 301.3 363.1 367.0 293.1
1837.2 267.9 99.1 91.3 145.3 0.0 19.2 232.1 262.4 260.2 218.9 226.7 231.9 288.2 224.4 66.8 271.5 121.1 214.1 171.6 292.9 317.2 189.6 144.0 330.5 128.4 250.3 219.9 259.5 248.2 45.7 125.1 164.9 138.8 248.1 214.0 112.9 208.5 236.6 143.9 57.8 264.0 111.9 213.8 289.5 290.6 229.3 85.5 161.0 63.8 255.7 147.4 25.3 134.7 322.1 63.6 158.0 184.2 162.8 48.9 201.1 235.0 335.7 278.7 170.0 135.7 221.8 253.7 169.4 276.3 246.9 243.3 238.8 306.1 234.0 211.1 166.0 207.3 178.1 251.2 136.9 242.0 354.4 257.3 89.3 242.8 260.6 83.8 135.6 281.2 246.8 254.7 320.2 186.9 54.4 239.2 307.1 146.5 182.1 147.7 41.8 250.0 74.9 226.7 211.5 240.1 293.9 166.2 280.4 96.1 242.8 118.0 269.2 141.2 208.3 212.9 248.7 286.9 125.1 180.6 240.2 264.9 231.9 257.6 218.1 202.1 251.9 172.8 219.3 226.1 207.6 173.0 209.9 261.3 225.8
1867.1 265.3 96.5 88.7 175.2 29.8 0.0 262.0 258.0 257.6 209.8 222.3 227.5 283.8 254.3 45.7 301.4 104.8 232.5 169.0 283.1 312.8 219.5 173.9 326.1 124.0 278.0 215.5 255.1 263.6 41.3 120.7 160.5 168.8 243.4 209.6 142.8 204.1 232.2 173.8 53.4 259.6 107.5 241.6 285.1 286.2 224.9 66.2 156.6 59.4 251.3 154.2 20.9 130.3 317.7 44.3 189.7 220.4 160.2 44.5 231.0 232.4 331.3 274.3 199.9 131.3 217.4 283.6 165.0 271.9 242.5 271.0 234.4 301.7 265.7 206.7 195.9 202.9 208.0 246.8 164.7 237.6 350.0 252.9 121.0 238.4 256.2 81.2 165.5 276.8 242.4 250.3 315.8 182.5 35.1 241.2 304.5 142.1 212.0 128.4 37.4 233.1 70.5 222.3 207.1 270.0 289.5 196.1 254.1 125.3 272.7 113.6 299.1 136.8 238.8 208.5 270.9 282.5 156.8 176.2 270.1 260.5 227.5 253.2 248.0 232.0 281.8 153.5 216.7 221.7 237.5 168.6 205.5 246.2 214.2
1704.4 410.9 388.3 376.3 144.1 332.2 293.9 0.0 496.6 391.3 480.5 528.4 505.8 513.4 368.6 238.1 64.0 225.1 305.2 420.2 516.5 424.7 113.8 163.5 522.1 413.4 328.6 544.9 434.9 67.1 341.5 410.1 426.9 163.7 357.4 439.2 130.6 392.8 368.9 146.7 336.2 403.0 388.9 298.7 544.6 433.6 472.5 284.9 473.2 348.8 494.9 389.0 323.3 419.7 419.8 256.4 79.8 41.1 441.2 307.6 33.2 498.2 456.5 521.9 149.6 396.4 377.1 39.6 449.9 482.2 360.0 328.2 426.8 377.1 66.5 432.8 179.0 388.9 256.4 474.8 378.5 505.2 483.3 537.7 220.9 468.0 385.6 379.6 213.9 352.2 522.5 505.4 451.3 473.1 257.1 324.1 546.4 424.9 320.6 251.7 314.7 453.6 353.3 481.8 330.6 32.6 529.5 337.0 483.7 227.0 128.3 403.0 43.7 426.2 100.6 429.0 59.5 522.0 203.4 461.1 325.1 408.7 417.5 347.9 98.1 67.8 322.3 276.8 358.4 451.3 30.6 392.6 481.7 464.9 419.2
1899.3 158.8 228.5 163.7 396.0 254.9 259.9 474.7 0.0 160.7 119.1 122.9 148.2 90.0 332.6 294.5 497.5 348.8 275.9 171.2 264.3 215.2 420.1 325.3 68.9 222.9 291.7 160.3 59.2 469.8 208.5 174.9 164.5 389.5 247.5 98.6 370.5 187.1 236.0 394.6 196.4 151.0 241.3 255.2 67.1 165.1 61.5 254.3 94.0 190.4 103.7 241.5 228.9 139.4 191.2 276.2 384.5 410.6 134.2 252.4 424.8 122.0 149.0 56.3 420.7 221.3 221.2 454.6 140.8 13.8 127.0 284.7 140.3 192.3 460.4 182.5 329.7 190.9 336.6 222.6 254.7 115.0 175.5 144.1 300.7 92.4 110.4 213.2 290.6 167.4 128.9 8.7 168.6 108.4 282.1 204.8 128.4 146.1 291.2 375.4 245.3 221.4 179.3 54.9 250.5 486.9 31.4 306.7 97.0 295.2 487.3 212.5 485.1 132.9 426.6 298.5 481.7 128.4 301.2 152.0 241.2 111.5 87.8 257.0 462.6 429.3 166.4 400.5 171.2 83.8 433.5 258.6 132.4 230.6 81.7
1793.8 27.7 172.1 189.4 284.2 248.6 253.6 353.0 168.6 0.0 164.4 200.4 225.7 197.3 198.6 299.0 392.0 353.3 141.9 146.2 315.5 56.9 310.5 219.8 189.0 248.6 175.2 216.9 118.8 364.3 215.7 153.8 152.9 277.8 117.4 123.1 259.5 98.1 106.2 282.8 222.1 86.9 184.9 138.7 216.6 30.3 156.4 261.4 145.2 216.1 178.8 180.1 222.6 190.6 61.8 280.7 278.9 305.1 185.4 246.1 322.0 182.1 75.4 205.8 308.9 159.9 91.4 349.1 192.0 154.2 43.9 168.2 122.5 86.8 354.9 233.7 224.2 132.9 231.1 273.8 193.3 189.1 94.1 221.6 237.7 151.9 57.6 174.1 184.5 61.9 206.4 177.4 59.9 145.1 286.6 81.4 218.4 171.3 157.2 379.9 239.0 272.6 205.0 153.8 116.5 361.0 201.5 173.6 180.2 232.2 381.8 238.2 379.6 184.1 321.1 237.1 361.9 205.9 195.0 184.9 120.7 66.0 89.5 127.2 357.1 323.0 60.9 405.0 75.1 135.2 328.5 197.2 165.6 283.8 103.1
1894.6 154.1 195.2 137.1 354.6 233.5 234.1 449.5 109.4 173.6 0.0 71.3 76.5 91.0 295.4 224.1 492.8 277.1 238.7 144.6 176.5 210.5 407.9 320.5 200.7 201.5 278.1 64.5 101.4 450.6 187.1 153.5 143.1 348.2 210.0 65.1 322.2 138.4 198.8 353.2 175.0 142.1 208.0 241.6 110.5 160.4 89.2 179.6 74.8 169.0 36.7 222.8 207.5 78.4 217.9 201.5 376.3 412.2 50.3 211.8 422.8 16.0 193.4 119.9 387.4 199.9 184.0 467.5 43.7 123.3 122.3 271.1 103.1 205.2 451.4 100.1 384.3 153.7 331.9 140.2 233.3 36.7 194.3 101.9 268.0 45.6 105.7 186.6 285.3 162.7 91.4 101.7 216.0 39.3 207.4 176.9 101.8 112.8 254.0 300.7 218.9 139.0 157.9 68.8 213.3 453.7 162.1 256.3 61.3 274.4 452.1 185.9 480.4 80.9 421.9 277.1 462.7 81.6 295.8 32.5 216.2 106.8 73.8 219.8 427.4 419.5 161.7 325.8 136.6 28.9 421.2 237.2 24.2 131.4 60.5
1949.4 208.9 220.6 155.8 368.1 247.0 249.4 471.1 118.5 210.8 61.4 0.0 57.3 83.5 335.2 233.3 493.9 287.6 278.5 163.3 195.4 265.3 403.4 366.7 162.2 215.0 324.0 69.4 156.2 471.0 200.6 167.0 156.6 361.6 278.6 98.9 342.6 218.2 267.1 366.7 188.5 210.4 233.4 287.6 103.0 215.2 99.4 193.1 104.5 182.5 66.0 233.6 221.0 91.9 272.7 215.0 380.9 407.0 63.8 225.3 421.2 78.0 230.7 112.4 392.8 213.4 252.3 476.5 57.2 132.4 177.1 317.0 171.4 242.4 456.8 113.6 388.8 199.0 400.9 153.7 246.8 77.3 257.2 53.2 292.8 72.7 160.5 205.3 357.8 217.5 20.0 110.8 270.8 107.6 220.9 252.6 89.5 138.2 293.8 314.2 232.4 152.5 171.4 77.9 253.1 483.3 127.0 298.8 101.0 287.3 465.6 204.6 492.0 85.4 425.5 290.6 478.1 70.7 347.2 46.0 291.9 161.6 128.6 288.1 440.9 425.7 216.5 339.3 219.0 90.4 429.9 250.7 48.0 139.7 122.5
1965.0 224.5 229.5 164.7 377.0 255.9 258.3 480.0 144.8 226.4 70.3 78.3 0.0 112.7 344.1 242.2 502.8 296.5 287.4 172.2 204.3 280.9 412.3 375.6 191.4 223.9 332.9 12.0 171.8 479.9 209.5 175.9 165.5 370.5 287.5 114.5 351.5 227.1 276.0 375.6 197.4 219.3 242.3 296.5 132.2 230.8 125.7 202.0 113.4 191.4 92.3 242.5 229.9 100.8 288.3 223.9 389.8 415.9 72.7 234.2 430.1 86.9 246.3 141.6 401.7 222.3 261.2 485.4 66.1 158.7 192.7 325.9 180.3 258.0 465.7 122.5 397.7 207.9 409.8 162.6 255.7 93.9 272.8 25.3 301.7 99.0 176.1 214.2 366.7 233.1 64.3 137.1 286.4 116.5 229.8 261.5 117.2 147.1 302.7 323.1 241.3 98.9 180.3 104.2 262.0 492.2 156.2 307.7 127.3 296.2 474.5 213.5 500.9 94.3 434.4 299.5 487.0 97.0 356.1 54.9 300.8 177.2 144.2 297.0 449.8 434.6 232.1 348.2 227.9 99.3 438.8 259.6 56.9 82.3 138.1
1916.1 175.6 254.0 189.2 406.5 280.4 285.4 475.3 95.4 177.5 87.5 88.2 124.2 0.0 338.9 321.6 514.3 375.9 278.5 196.7 283.7 232.0 436.9 342.1 78.6 248.4 308.5 136.3 122.9 486.6 234.0 200.4 190.0 400.0 258.0 65.6 381.8 212.6 246.5 405.1 221.9 167.8 266.8 272.0 19.5 181.9 84.1 281.4 119.5 215.9 79.9 267.0 254.4 164.9 239.4 303.3 401.3 427.4 152.1 277.9 441.6 98.2 197.4 28.8 431.2 246.8 231.7 471.4 145.5 90.7 143.8 301.5 147.6 209.1 477.2 201.9 346.5 216.4 353.4 242.0 280.2 91.2 223.9 98.8 326.2 34.2 127.2 238.7 307.4 184.2 67.3 95.5 237.3 126.9 309.2 221.6 38.3 171.6 297.5 402.5 270.8 223.2 204.8 62.6 256.8 503.7 43.4 313.9 26.3 320.7 504.1 238.0 501.9 158.4 443.4 324.0 498.5 52.9 318.0 134.3 258.0 128.3 95.3 267.5 479.4 446.1 183.2 427.6 188.0 50.8 450.3 284.1 100.8 206.6 89.2
1873.3 210.3 165.2 206.8 199.4 255.0 260.0 302.4 314.0 202.6 286.1 327.0 332.2 342.7 0.0 209.1 325.6 189.5 75.3 163.6 393.2 259.6 234.7 198.0 339.5 266.0 120.8 320.2 264.2 302.3 222.1 171.2 170.3 192.9 167.6 265.3 173.9 153.7 179.0 198.0 234.2 206.4 152.4 84.4 357.2 233.0 297.0 267.8 240.2 233.5 303.0 119.8 229.0 235.0 247.6 287.1 212.2 238.3 263.1 252.5 252.5 284.7 278.1 346.4 224.1 139.8 164.2 307.8 269.7 299.6 189.3 113.8 209.1 215.3 288.1 311.4 220.1 132.3 232.2 351.5 111.2 291.7 298.5 357.6 104.1 297.3 203.0 180.5 189.1 190.4 347.1 322.4 262.6 236.6 293.0 134.3 356.8 188.7 43.3 216.1 245.4 350.3 222.4 294.4 74.0 314.6 361.6 40.6 325.6 98.6 296.9 255.6 323.3 241.5 256.8 126.0 309.4 336.6 178.5 280.9 135.3 248.6 234.9 158.1 272.2 257.0 165.0 241.2 161.7 280.6 261.2 96.2 286.2 361.6 241.0
1826.6 317.7 149.5 131.5 134.7 87.4 57.5 237.7 302.6 310.0 259.0 262.4 267.6 328.4 213.8 0.0 260.5 57.2 203.5 211.8 266.3 343.7 179.0 133.3 370.7 168.6 239.7 255.6 299.7 237.6 96.7 165.3 205.1 128.2 261.9 254.2 109.2 258.3 273.4 133.3 98.0 307.6 136.7 203.2 329.7 340.4 269.5 40.1 201.2 104.0 295.9 136.8 78.5 174.9 320.8 18.2 147.4 173.6 203.0 62.8 187.8 275.2 376.8 318.9 159.4 158.7 271.6 243.1 205.1 316.5 279.0 232.7 279.0 309.6 223.4 194.6 155.4 247.5 167.5 230.0 126.3 282.2 395.5 293.0 78.7 283.0 292.7 134.8 124.4 284.7 282.5 294.9 352.5 227.1 12.4 228.6 347.3 186.7 171.5 80.8 69.9 208.8 115.1 266.9 202.2 229.5 334.1 155.6 320.6 84.8 232.2 158.2 258.6 181.4 192.1 209.3 230.4 327.1 114.5 216.3 229.6 305.1 272.1 252.4 207.5 191.5 241.3 105.9 262.9 266.3 197.0 173.1 245.6 220.1 266.0
1665.4 449.4 428.0 409.4 195.1 365.7 333.6 39.6 534.7 441.3 518.8 566.5 545.5 563.4 401.7 277.8 0.0 261.6 338.3 453.7 544.2 474.7 153.9 196.7 560.6 446.9 368.3 533.9 484.9 132.7 374.6 443.2 460.4 203.5 390.9 489.6 170.3 432.5 402.0 197.7 376.3 453.0 317.9 331.8 582.7 472.1 522.9 318.4 511.3 381.9 545.3 320.7 356.8 452.8 469.8 296.1 119.9 80.8 480.9 340.7 70.2 548.6 506.9 571.9 189.7 429.5 416.8 79.3 483.0 520.7 410.4 361.3 476.8 427.5 120.5 472.5 218.7 422.4 296.1 507.9 307.9 555.2 525.6 587.7 259.9 518.4 424.1 412.7 253.0 402.6 572.9 543.5 501.3 511.2 290.2 357.6 584.9 464.6 360.3 284.8 347.8 486.7 393.0 520.3 363.7 32.5 568.0 376.7 546.7 266.7 168.0 436.5 94.8 459.3 133.7 462.5 99.6 572.4 243.1 494.2 358.6 458.7 456.0 381.4 143.7 107.5 372.3 309.9 391.9 501.3 64.1 432.3 531.7 498.0 461.7
1803.4 306.3 128.5 176.0 111.5 84.6 105.7 198.3 347.1 300.8 298.9 311.4 316.6 372.9 190.6 153.7 237.7 0.0 180.3 241.5 372.2 320.5 155.8 110.2 417.4 213.1 216.5 304.6 330.7 199.9 130.4 194.3 246.0 105.1 239.0 298.7 79.1 258.1 250.2 110.1 142.5 284.4 113.5 180.0 374.2 329.0 314.0 170.2 245.7 148.5 340.4 113.6 110.0 219.4 297.6 148.3 124.2 156.7 249.7 133.6 167.3 321.9 353.6 363.4 136.2 135.5 265.0 219.9 254.1 361.0 255.8 209.5 287.1 288.6 200.2 295.8 132.2 237.3 144.3 335.9 103.1 326.7 372.3 342.0 55.5 327.5 269.5 141.6 101.8 261.5 331.5 339.4 329.3 271.6 139.1 205.4 394.0 233.4 148.3 26.6 126.5 336.9 159.6 311.4 179.0 206.3 378.6 132.4 343.2 61.6 209.0 202.7 235.4 225.9 175.1 186.1 207.2 371.6 91.3 265.3 208.6 304.5 301.4 229.2 184.3 168.3 218.1 51.7 241.9 310.8 176.0 149.9 296.8 346.0 315.0
1797.9 159.8 140.8 158.1 197.1 217.3 222.3 283.9 252.0 152.1 235.7 278.3 283.5 280.7 63.3 267.7 322.9 187.2 0.0 114.9 344.5 192.0 232.4 195.7 277.5 217.3 45.4 271.5 202.2 300.0 184.4 122.5 121.6 190.6 92.2 203.3 171.6 105.0 103.7 195.7 190.8 137.9 150.1 9.0 308.5 182.5 248.3 230.1 191.5 184.8 254.3 115.3 191.3 186.3 172.2 249.4 209.9 236.0 214.4 214.8 250.2 236.0 219.7 297.7 221.8 91.1 115.5 305.5 221.0 237.6 127.3 38.4 140.6 139.9 285.8 262.7 217.8 83.6 164.8 302.8 108.9 243.0 239.8 305.0 101.8 235.3 141.0 142.8 118.8 115.0 289.8 273.7 203.9 187.9 255.3 58.9 301.8 140.0 21.9 213.8 207.7 301.6 173.7 245.7 25.3 312.3 284.9 38.3 263.6 96.3 294.6 206.9 321.0 192.8 254.5 123.7 307.1 287.9 129.4 232.2 59.9 176.0 172.9 82.7 269.9 254.7 89.6 238.9 93.2 218.6 258.9 93.9 237.5 312.9 179.0
1895.0 146.1 104.9 80.7 267.4 171.9 176.9 354.2 199.0 138.4 155.5 163.3 168.5 224.8 171.8 211.5 393.2 265.8 115.1 0.0 224.1 195.4 311.7 266.0 267.1 139.9 160.6 156.5 180.5 370.3 125.5 86.6 6.6 261.0 126.0 150.6 241.9 86.7 114.8 266.0 113.4 142.2 117.7 124.2 226.1 168.8 165.9 171.3 97.6 107.4 192.3 112.9 145.9 71.3 200.3 193.2 280.1 312.6 99.4 169.4 320.5 171.6 213.9 215.3 292.1 92.7 100.0 375.8 106.0 212.9 125.1 153.6 137.7 184.3 356.1 147.7 288.1 86.1 300.2 187.8 126.1 178.6 232.6 193.9 172.7 179.4 138.8 106.9 233.4 159.4 183.4 191.3 198.4 123.5 199.1 123.8 243.7 25.0 130.4 292.4 162.3 186.6 96.3 163.3 89.7 362.2 230.5 146.8 217.0 166.6 364.9 129.5 391.3 77.8 330.4 169.9 376.4 223.5 247.2 117.2 158.6 184.4 151.2 135.8 340.2 324.2 162.1 317.5 97.5 162.7 329.7 130.0 146.5 197.9 164.8
2026.0 314.5 251.7 218.7 334.1 241.2 213.6 416.8 268.8 320.5 187.6 172.1 177.3 255.7 398.1 195.2 455.8 256.6 341.4 226.2 0.0 375.0 378.4 332.8 330.3 271.7 386.9 165.3 265.9 422.5 208.9 229.9 219.5 327.7 352.1 216.3 301.7 290.5 340.9 332.7 201.1 284.2 264.5 350.5 275.2 324.9 235.7 159.1 167.4 203.0 201.9 299.2 224.9 154.8 382.4 181.0 346.8 379.3 122.6 191.3 389.9 185.3 336.3 284.6 354.7 276.3 326.1 442.5 114.8 282.7 286.8 379.9 245.2 352.1 418.7 104.3 350.7 261.9 366.9 31.2 309.7 192.3 358.8 202.7 274.0 214.4 270.2 240.5 324.4 323.1 192.2 261.1 380.5 193.3 186.9 322.3 257.4 201.1 356.7 280.2 198.4 96.4 218.2 233.1 316.0 424.8 299.2 355.0 230.1 284.2 431.6 257.2 458.0 144.2 397.7 353.5 429.8 237.2 309.8 126.0 361.6 271.3 238.3 361.9 406.9 386.8 322.1 305.3 288.7 197.7 392.3 313.6 155.3 111.8 225.0
1826.3 74.7 219.1 236.4 316.7 295.6 300.6 385.5 223.5 46.9 199.3 247.4 272.7 244.3 245.6 346.0 424.5 400.3 188.9 193.2 362.5 0.0 347.1 252.3 213.0 295.6 222.2 263.9 189.2 396.8 262.7 200.8 199.9 310.2 164.7 166.9 292.0 147.9 153.2 315.3 269.1 133.9 231.9 185.7 292.1 69.0 203.4 308.4 192.2 263.1 228.2 227.1 269.6 237.6 65.1 327.7 311.5 337.6 232.4 293.1 351.8 229.1 78.7 281.3 341.4 206.9 138.4 381.6 239.0 209.1 90.9 215.2 169.5 119.3 387.4 280.7 256.7 179.9 263.6 320.8 240.3 236.1 99.1 268.6 284.1 198.9 104.6 221.1 217.6 94.4 253.4 232.3 63.2 192.1 333.6 128.4 265.4 218.3 204.2 426.9 286.0 319.6 252.0 200.8 163.5 413.9 256.4 220.6 227.2 278.6 414.3 285.2 412.1 231.1 353.6 284.1 408.7 252.9 228.2 231.9 167.7 113.0 136.5 174.2 389.6 356.3 93.4 452.0 122.1 182.2 360.5 244.2 212.6 330.8 142.6
1790.4 339.2 328.5 309.9 77.9 265.8 234.1 132.6 424.9 331.5 416.0 456.7 446.0 453.6 302.2 178.3 155.9 161.7 238.8 353.8 450.1 364.9 0.0 97.1 450.4 347.0 268.8 434.0 375.1 132.6 275.1 343.7 360.5 71.7 291.3 379.4 59.0 333.0 302.5 76.5 276.4 343.2 218.4 232.3 472.9 361.9 412.7 218.5 401.5 282.4 435.1 218.5 256.9 353.3 360.0 196.6 42.4 68.6 381.4 241.2 82.8 438.4 396.7 462.1 102.6 330.0 317.3 138.1 383.5 410.5 300.2 261.8 367.0 317.3 76.0 373.0 119.2 322.5 196.6 408.4 208.0 445.4 415.4 477.9 160.4 408.2 313.9 313.2 153.5 292.4 462.7 433.7 391.5 401.4 190.7 257.7 474.7 365.1 260.8 185.3 248.3 387.2 293.5 410.1 264.2 124.5 457.8 277.2 436.5 166.5 19.7 336.6 153.6 359.8 87.1 362.6 96.3 462.2 143.6 394.7 258.7 348.9 345.8 281.5 44.4 70.2 262.5 210.4 292.0 391.5 92.0 332.8 421.9 398.5 359.4
1693.2 241.9 349.2 366.4 64.3 248.3 216.6 133.2 327.7 234.3 323.5 359.5 384.8 356.4 267.5 160.8 172.5 144.2 204.1 323.2 469.2 267.7 90.6 0.0 353.2 329.5 234.1 376.0 277.9 134.7 257.6 330.9 330.0 57.9 254.7 282.2 50.0 275.1 265.9 62.9 258.9 246.0 361.9 197.6 375.7 264.7 315.5 201.0 304.3 264.9 337.8 322.2 239.4 349.7 262.8 179.1 59.1 91.5 344.5 223.7 102.1 341.1 299.4 364.9 89.1 295.3 268.5 154.7 351.1 313.3 203.0 227.1 269.8 220.0 135.1 392.8 21.9 287.8 179.1 432.9 313.1 348.2 318.2 380.7 306.6 311.0 216.7 351.1 211.1 195.2 365.5 336.5 294.3 304.2 173.2 216.8 377.5 348.4 226.1 167.8 230.8 431.6 276.0 312.9 229.5 141.1 360.6 242.5 326.7 301.1 161.9 319.2 170.2 343.1 109.9 327.9 142.0 365.0 126.2 344.0 222.0 251.7 248.6 244.9 137.2 103.2 165.3 192.9 249.4 294.3 108.6 298.1 324.7 442.9 262.2
1925.3 180.8 298.0 233.2 415.7 324.4 329.4 500.7 69.4 186.7 184.0 192.0 217.7 103.7 348.1 364.0 523.9 418.3 287.7 240.7 328.4 218.6 442.0 351.2 0.0 292.4 317.7 229.8 85.2 481.3 278.0 244.4 234.0 409.2 266.9 158.9 384.1 225.6 255.7 414.3 265.9 177.0 310.8 281.2 80.8 156.7 102.5 323.8 163.5 259.9 170.8 313.7 298.4 208.9 181.2 345.7 410.4 442.9 203.7 321.9 450.8 191.5 139.0 70.0 440.4 290.8 240.9 480.6 210.3 64.7 153.0 310.7 156.8 218.3 486.4 252.0 355.7 226.8 362.6 292.1 324.2 184.5 165.5 202.6 370.8 130.7 136.4 282.7 316.6 193.4 171.1 78.2 158.6 177.9 351.6 230.8 142.1 215.6 306.7 444.9 314.8 290.9 248.8 124.4 266.0 492.5 45.1 323.1 120.6 364.7 513.3 282.0 511.1 202.4 460.7 368.0 493.4 156.7 326.5 221.5 267.2 137.5 122.8 276.7 488.6 454.5 192.4 470.0 197.2 147.3 460.0 328.1 197.3 300.1 128.9
1979.0 238.8 142.2 52.6 287.1 141.7 146.7 390.1 223.7 231.1 184.6 188.0 193.2 249.5 264.5 181.3 412.9 235.6 207.8 132.9 254.2 288.1 322.4 285.7 291.8 0.0 253.3 181.2 220.8 390.0 95.3 86.4 126.2 280.6 219.0 172.1 261.6 182.2 207.5 285.7 83.2 234.9 155.0 216.9 250.8 261.5 190.6 141.1 122.3 77.2 214.6 153.0 115.7 96.0 293.0 163.0 299.9 326.0 124.1 139.2 340.2 196.3 306.6 240.0 311.8 132.8 192.7 395.5 130.7 237.6 217.8 246.3 200.1 277.0 375.8 172.4 307.8 168.6 319.9 212.5 166.2 203.3 327.0 218.6 212.2 204.1 231.5 126.9 276.8 252.1 208.1 216.0 291.1 148.2 168.9 216.5 268.4 107.8 223.1 262.2 132.1 211.3 66.1 188.0 182.4 402.3 255.2 218.2 241.7 206.7 384.6 11.0 411.0 102.5 344.5 210.0 397.1 248.2 266.2 141.9 251.3 226.2 193.2 228.5 359.9 344.7 254.8 287.3 190.2 187.4 348.9 170.1 171.2 222.6 187.1
1840.5 199.7 178.9 196.2 235.2 255.4 260.4 322.0 294.6 192.0 275.5 316.4 321.6 323.3 101.4 305.8 361.0 225.3 38.0 153.0 382.6 249.0 270.5 233.8 320.1 255.4 0.0 309.6 244.8 338.1 222.5 160.6 159.7 228.7 134.8 245.9 209.7 143.1 146.3 233.8 228.9 180.5 188.2 51.6 346.6 222.4 286.4 268.2 229.6 222.9 292.4 153.4 229.4 224.4 214.8 287.5 248.0 274.1 252.5 252.9 288.3 274.1 262.3 335.8 259.9 129.2 153.6 343.6 259.1 280.2 169.9 7.6 183.2 182.5 323.9 300.8 255.9 121.7 207.4 340.9 147.0 281.1 282.4 347.0 139.9 277.9 183.6 180.9 161.4 157.6 332.4 311.8 246.5 226.0 293.4 101.5 344.4 178.1 60.0 251.9 245.8 339.7 211.8 283.8 63.4 350.4 327.5 76.4 306.2 134.4 332.7 245.0 359.1 230.9 292.6 161.8 345.2 326.0 172.0 270.3 102.5 218.6 215.5 125.3 308.0 292.8 132.2 277.0 135.8 261.2 297.0 132.0 275.6 351.0 221.6
1952.9 212.4 217.4 152.6 364.9 243.8 246.2 451.7 156.8 214.3 58.2 90.3 11.9 124.7 332.0 230.1 490.7 284.4 275.3 160.1 192.2 268.8 400.2 363.5 203.4 211.8 320.8 0.0 159.7 467.8 197.4 163.8 153.4 358.4 275.4 102.4 339.4 215.0 263.9 363.5 185.3 207.2 230.2 284.4 144.2 218.7 137.7 189.9 101.3 179.3 93.1 230.4 217.8 88.7 276.2 211.8 377.7 403.8 60.6 222.1 418.0 74.8 234.2 153.6 389.6 210.2 249.1 473.3 54.0 170.7 180.6 313.8 168.2 245.9 453.6 110.4 385.6 195.8 397.7 150.5 243.6 81.8 260.7 37.3 289.6 103.9 164.0 202.1 354.6 221.0 76.3 149.1 274.3 104.4 217.7 249.4 129.2 135.0 290.6 311.0 229.2 83.4 168.2 116.2 249.9 480.1 168.2 295.6 132.2 284.1 462.4 201.4 488.8 82.2 422.3 287.4 474.9 109.0 344.0 42.8 288.7 165.1 132.1 284.9 437.7 422.5 220.0 336.1 215.8 87.2 426.7 247.5 44.8 66.8 126.0
1840.0 99.5 227.7 162.9 330.4 254.1 259.1 415.4 49.7 101.4 100.3 148.4 173.7 141.2 262.8 293.7 438.6 348.0 202.4 168.8 263.5 155.9 360.8 266.0 75.2 222.1 232.4 164.9 0.0 410.5 207.7 174.1 162.1 323.9 181.9 67.9 305.7 137.7 170.4 329.0 195.6 91.7 240.5 195.9 118.3 105.8 111.3 253.5 93.2 189.6 129.2 240.7 228.1 138.6 163.3 275.4 325.2 351.3 133.4 251.6 365.5 130.1 121.3 107.5 355.1 220.5 155.6 395.3 140.0 35.3 67.7 225.4 71.5 133.0 401.1 181.7 270.4 141.5 277.3 221.8 253.9 137.1 147.8 169.6 299.9 99.9 51.1 212.4 231.3 108.1 154.4 58.5 144.8 105.9 281.3 145.5 179.6 145.3 221.4 374.6 244.5 220.6 178.5 104.7 180.7 427.6 82.6 237.8 148.2 294.4 428.0 211.7 425.8 132.1 367.3 297.7 422.4 153.9 241.9 132.9 181.9 52.2 37.5 191.4 403.3 370.0 107.1 399.7 111.9 83.2 374.2 257.8 113.6 231.8 43.6
1800.4 392.9 391.6 387.5 120.1 328.9 311.7 79.0 493.1 385.2 488.9 524.9 550.2 521.8 379.8 241.4 134.3 239.3 316.4 416.9 522.3 433.1 131.6 178.3 504.1 424.6 346.4 541.4 443.3 0.0 352.7 421.3 438.1 128.4 368.9 433.1 148.4 440.6 380.1 122.7 354.0 411.4 296.0 309.9 541.1 430.1 480.9 296.1 469.7 360.0 488.8 296.1 334.5 430.9 428.2 274.2 97.6 74.0 459.0 318.8 84.6 506.6 464.9 530.3 99.8 407.6 433.9 44.1 461.1 478.7 368.4 339.4 435.2 385.5 99.5 450.6 182.8 400.1 274.2 486.0 285.6 513.6 483.6 546.1 238.0 476.4 382.1 376.3 231.7 360.6 530.9 501.9 459.7 469.6 268.3 320.8 528.4 442.7 338.4 262.9 325.9 464.8 371.1 478.3 341.8 103.3 526.0 354.8 492.1 244.1 128.1 414.2 23.3 437.4 59.3 440.2 106.5 530.4 206.7 509.4 336.3 417.1 414.0 359.1 103.4 53.1 330.7 288.0 369.6 459.7 91.1 410.4 490.1 476.1 427.6
1883.6 215.6 46.8 45.5 191.7 46.3 51.3 294.7 216.6 207.9 177.5 180.9 186.1 242.4 227.0 85.8 317.9 140.1 184.6 125.8 247.1 264.9 227.0 190.3 284.7 82.6 230.1 174.1 213.7 294.6 0.0 79.3 119.1 185.2 195.8 165.0 166.2 159.0 184.3 190.3 12.0 211.7 59.6 193.7 243.7 238.3 183.5 45.6 115.2 18.0 207.5 103.6 20.3 88.9 269.8 67.5 204.5 230.6 117.0 43.8 244.8 189.2 283.4 232.9 216.4 83.4 169.5 300.1 123.6 230.5 194.6 223.1 193.0 253.8 280.4 165.3 212.4 155.6 224.5 205.4 116.8 196.2 303.8 211.5 126.0 197.0 208.3 31.5 181.4 228.9 201.0 208.9 267.9 141.1 73.4 193.3 261.3 100.7 184.7 166.7 36.7 204.2 29.1 180.9 159.2 306.9 248.1 168.8 234.6 120.5 289.2 72.2 315.6 95.4 249.1 160.6 301.7 241.1 170.8 134.8 228.1 219.1 186.1 205.3 264.5 249.3 231.6 191.8 167.0 180.3 253.5 120.7 164.1 215.5 180.0
1912.9 152.3 58.5 35.5 221.0 126.7 131.7 307.8 204.0 144.6 164.9 168.3 173.5 229.8 178.0 166.3 346.8 220.6 121.3 65.2 234.5 201.6 256.3 219.6 272.1 94.7 166.8 161.5 201.1 323.9 80.3 0.0 71.9 214.5 132.5 152.4 195.5 95.7 121.0 219.6 68.2 148.4 71.3 130.4 231.1 175.0 170.9 126.1 102.6 62.2 194.9 66.5 100.7 76.3 206.5 148.0 233.8 259.9 104.4 124.2 274.1 176.6 220.1 220.3 245.7 46.3 106.2 329.4 111.0 217.9 131.3 159.8 151.1 190.5 309.7 152.7 241.7 92.3 253.8 192.8 79.7 183.6 240.5 198.9 125.7 184.4 145.0 60.5 210.7 165.6 188.4 196.3 204.6 128.5 153.9 130.0 248.7 88.1 136.6 247.2 117.1 191.6 51.1 168.3 95.9 336.2 235.5 131.7 222.0 120.2 318.5 84.3 344.9 82.8 278.4 123.5 331.0 228.5 200.1 122.2 164.8 190.6 176.9 142.0 293.8 278.6 168.3 272.3 103.7 167.7 282.8 83.6 151.5 202.9 167.4
1901.7 152.8 111.6 74.0 274.1 165.2 170.2 360.9 192.3 145.1 153.2 156.6 161.8 218.1 178.5 204.8 400.3 259.1 121.8 6.6 222.8 202.1 309.4 272.7 260.4 133.2 167.3 149.8 173.8 377.0 118.8 85.2 0.0 267.6 133.0 140.7 248.6 96.2 121.5 272.7 106.7 148.9 124.4 130.9 219.4 175.5 159.2 164.6 90.9 100.7 183.2 119.6 139.2 64.6 207.0 186.5 286.9 313.0 92.7 162.7 327.2 164.9 220.6 208.6 298.8 99.4 106.7 382.5 99.3 206.2 131.8 160.3 131.0 191.0 362.8 141.0 294.8 80.2 306.9 181.1 132.8 171.9 241.0 187.2 178.8 172.7 145.5 113.6 240.7 166.1 176.7 184.6 205.1 116.8 192.4 130.5 237.0 18.3 137.1 285.7 155.6 179.9 89.6 156.6 96.4 389.3 223.8 153.5 210.3 173.3 371.6 122.8 398.0 71.1 331.5 176.6 384.1 216.8 253.2 110.5 165.3 166.4 144.5 142.5 346.9 331.7 168.8 310.8 104.2 156.0 335.9 136.7 139.8 191.2 150.6
1761.0 288.0 289.7 271.5 6.3 227.0 197.5 122.5 373.6 280.0 357.1 405.4 430.7 402.3 263.5 139.5 145.3 120.3 200.1 315.4 411.7 313.6 63.5 78.5 399.1 308.3 230.1 421.9 323.8 122.4 236.4 305.0 321.8 0.0 252.6 327.9 20.6 320.9 263.8 4.9 237.7 291.9 179.6 193.6 421.6 310.6 361.4 179.8 350.2 243.6 383.9 182.8 218.2 314.6 308.7 157.9 31.9 60.2 342.7 202.5 72.6 386.9 345.2 410.8 31.0 291.3 314.4 127.5 344.8 359.2 248.9 223.1 315.7 265.8 107.9 334.3 82.7 283.8 157.9 369.7 169.3 394.1 372.0 426.6 121.7 356.9 262.6 274.5 115.1 240.9 411.4 382.4 340.2 350.1 152.0 262.7 423.2 326.7 222.1 146.6 209.6 348.4 254.8 358.8 225.5 113.9 406.5 238.8 385.0 128.8 136.5 297.8 143.1 321.4 82.2 323.9 129.5 410.9 105.2 389.9 220.0 297.6 294.5 242.8 111.8 75.9 211.3 171.7 295.3 340.2 81.4 294.1 370.7 359.8 300.4
1825.2 136.0 150.3 167.6 263.9 226.8 233.9 366.9 239.7 128.3 193.4 271.5 279.0 268.4 168.6 277.2 389.7 334.8 105.2 124.4 334.6 185.3 308.2 262.6 264.9 227.1 135.2 267.0 189.9 381.2 194.2 132.3 131.4 257.7 0.0 193.9 231.5 58.6 11.4 262.5 200.6 132.1 163.4 98.7 286.7 158.7 226.5 239.9 169.7 194.3 234.9 161.3 201.1 196.1 190.2 259.2 276.6 309.1 209.9 224.6 319.7 213.9 203.8 275.9 288.6 138.4 26.2 380.8 216.5 225.3 115.0 128.2 134.8 140.7 352.6 258.2 255.9 111.4 210.0 298.3 171.8 221.2 222.5 292.7 207.7 223.0 128.7 152.6 163.4 115.8 277.5 251.9 188.3 166.1 265.1 59.7 286.3 149.8 127.2 358.4 217.5 296.8 183.5 223.9 95.0 358.7 272.6 143.9 238.7 202.2 361.4 216.7 411.0 202.3 327.5 215.6 359.6 266.1 174.2 227.7 32.3 174.3 160.6 9.5 336.7 320.7 90.3 383.5 87.1 206.3 326.2 175.7 215.4 308.4 174.2
1853.6 113.1 191.5 126.7 344.0 217.9 224.7 429.0 81.3 115.0 36.5 77.2 102.5 74.1 276.4 249.0 451.8 306.3 216.0 134.2 211.1 169.5 370.3 279.5 135.7 185.9 246.0 93.7 60.4 424.1 171.5 137.9 127.5 337.5 195.5 0.0 312.4 152.7 184.0 342.6 159.4 105.3 204.3 209.5 108.4 119.4 48.2 208.8 57.0 153.4 55.6 204.5 191.9 107.6 176.9 230.7 338.7 364.9 79.5 215.4 379.1 58.9 134.9 97.6 368.7 184.3 169.2 408.9 72.9 95.2 81.3 239.0 85.1 146.6 414.7 129.3 284.0 153.9 290.9 169.4 217.7 65.9 161.4 98.4 264.3 28.7 64.7 176.2 244.9 121.7 83.2 73.6 175.0 68.5 236.6 159.1 95.2 109.1 235.0 329.9 208.3 168.2 142.3 45.6 194.3 420.8 112.8 251.4 57.0 258.8 441.6 175.5 439.4 101.1 389.0 261.5 421.7 82.7 254.8 61.7 195.5 65.8 32.8 205.0 416.9 382.8 120.7 355.0 125.5 12.0 388.3 221.6 42.4 160.6 26.7
1755.9 313.9 257.6 250.8 25.4 194.9 175.0 112.2 392.7 306.2 388.5 424.5 386.9 421.4 243.1 107.4 151.6 102.6 179.7 282.9 385.6 332.7 80.2 62.7 425.1 287.9 209.7 374.9 342.9 113.8 216.0 284.6 301.4 19.0 232.2 354.1 0.0 273.9 243.4 24.0 217.3 311.0 147.5 173.2 440.7 329.7 380.5 159.4 320.5 211.5 409.8 159.4 197.8 294.2 290.8 137.5 38.1 70.6 322.3 182.1 81.2 413.1 364.5 429.9 50.1 270.9 258.2 133.8 324.4 378.3 268.0 202.7 280.3 292.0 129.7 313.9 91.6 263.4 137.5 349.3 148.9 413.2 383.2 445.7 101.3 376.0 281.7 242.3 95.0 267.1 430.5 401.5 322.5 369.2 131.6 186.8 449.4 306.0 201.7 126.2 189.2 328.1 234.4 377.9 205.1 120.2 432.5 218.1 391.7 107.4 138.3 265.7 149.3 288.9 89.0 303.5 136.7 430.0 84.5 335.6 187.8 316.7 313.6 222.4 113.6 94.1 237.2 151.3 232.9 359.3 94.6 273.7 396.6 339.4 327.2
1844.4 95.5 130.1 147.4 290.4 206.6 211.6 393.4 200.9 87.8 132.7 215.1 220.3 226.7 156.6 257.0 416.2 314.3 99.9 104.2 275.9 144.8 334.7 289.1 224.7 206.6 145.4 208.3 149.4 393.3 173.7 111.8 110.9 284.0 57.7 152.5 264.9 0.0 46.2 289.0 180.1 91.6 142.9 109.0 228.0 118.2 167.8 219.4 111.0 174.1 176.2 140.8 180.6 156.4 149.7 238.7 303.1 329.3 151.2 204.1 346.2 155.5 163.3 217.2 315.1 117.9 31.4 399.7 157.8 184.8 74.5 138.4 94.3 133.7 379.1 199.5 311.1 90.9 241.8 239.6 151.3 162.5 182.0 241.1 195.7 181.3 88.2 132.1 195.8 108.8 225.9 193.2 147.8 107.4 244.6 73.2 227.6 118.5 115.2 337.9 197.0 238.4 163.0 165.2 74.5 385.2 232.4 131.6 218.9 189.6 387.9 196.2 414.3 149.9 353.4 195.1 386.1 207.4 205.7 169.0 90.0 133.8 120.1 67.2 363.2 347.2 111.5 363.0 46.9 164.6 352.7 155.2 157.0 249.7 126.2
1836.7 124.5 139.1 156.4 275.4 215.6 220.6 362.2 228.2 116.8 204.1 260.0 267.5 256.9 165.6 266.0 401.2 320.3 108.9 113.2 328.5 173.8 310.7 274.0 253.7 215.6 146.7 255.5 178.4 407.2 182.7 120.8 119.9 268.9 11.4 179.5 249.9 49.9 0.0 274.0 189.1 120.6 151.9 110.2 275.2 147.2 215.0 228.4 158.2 183.1 221.0 147.1 189.6 184.6 178.7 247.7 288.2 314.3 198.4 213.1 328.5 202.7 192.3 264.4 300.1 126.9 14.8 392.0 205.0 213.8 103.5 139.7 123.3 152.2 364.1 246.7 267.1 99.9 221.5 286.8 160.3 209.7 212.7 281.2 204.1 211.5 117.2 141.1 175.5 127.3 266.0 240.4 176.8 154.6 253.6 71.2 274.8 138.3 124.2 346.9 206.0 285.6 172.0 212.4 83.5 390.6 261.1 140.6 239.8 198.6 372.9 205.2 422.5 191.1 332.8 204.1 385.4 254.6 186.1 216.2 43.8 162.8 149.1 21.0 348.2 333.0 101.8 372.0 75.9 194.8 337.2 164.2 204.2 296.9 155.2
1756.0 282.9 295.5 276.9 1.4 232.8 202.9 127.9 368.6 275.2 352.3 400.4 425.7 397.3 269.2 145.3 150.7 125.7 205.8 364.2 417.1 308.6 73.3 73.5 394.1 314.0 235.8 416.9 318.8 127.8 242.1 310.7 370.9 5.7 295.3 319.9 26.0 318.9 306.8 0.0 243.4 286.9 185.4 199.3 416.6 305.6 356.4 185.5 345.2 249.4 381.2 188.2 223.9 320.3 303.7 163.6 37.7 63.8 385.4 208.2 78.0 382.1 340.4 405.8 19.7 297.0 309.4 133.3 392.0 354.2 243.9 228.8 310.7 261.0 113.6 340.0 77.9 289.5 163.6 375.4 175.0 389.1 367.2 421.6 128.1 351.9 257.6 280.2 120.5 236.1 406.4 377.4 335.2 345.1 157.7 257.7 418.4 332.1 227.8 152.3 215.3 354.2 260.5 353.8 231.2 140.1 401.5 244.2 380.2 134.2 142.2 303.6 148.8 326.8 82.3 329.6 134.9 405.9 109.9 384.9 263.0 292.6 289.5 285.8 117.5 82.5 206.2 177.4 290.3 335.2 86.7 299.8 365.6 365.5 295.6
1895.7 219.6 58.9 33.4 203.8 58.4 63.4 290.6 204.5 211.9 165.4 168.8 174.0 230.3 239.1 98.0 329.6 152.3 188.6 113.7 235.0 268.9 239.1 202.4 272.6 70.5 234.1 162.0 201.6 306.7 12.0 67.2 107.0 197.3 199.8 152.9 178.3 163.0 188.3 202.4 0.0 215.7 71.7 197.7 231.6 242.3 171.4 57.8 103.1 6.0 195.4 115.7 32.4 76.8 273.8 79.7 216.6 242.7 104.9 55.9 256.9 177.1 287.4 220.8 228.5 95.5 173.5 312.2 111.5 218.4 198.6 227.1 180.9 257.8 292.5 153.2 224.5 149.4 236.6 193.3 128.9 184.1 307.8 199.4 138.1 184.9 212.3 43.6 193.5 232.9 188.9 196.8 271.9 129.0 85.6 197.3 249.2 88.6 196.8 178.9 48.8 192.1 17.1 168.8 163.2 319.0 236.0 180.9 222.5 132.6 301.3 60.1 327.7 83.3 261.2 172.7 313.8 229.0 182.9 122.7 232.1 207.0 174.0 209.3 276.6 261.4 235.6 204.0 171.0 168.2 265.6 132.8 152.0 203.4 167.9
1825.4 94.5 178.1 178.1 291.9 254.6 259.6 384.6 138.8 86.8 122.5 170.6 195.9 167.5 196.6 305.0 424.0 359.3 133.2 152.2 278.7 141.3 346.2 251.4 164.3 237.3 163.2 187.1 89.0 395.9 221.7 159.8 158.9 285.4 123.7 90.1 266.4 106.9 112.2 290.5 210.8 0.0 190.9 126.7 186.8 116.4 126.6 267.4 108.4 204.8 151.4 186.1 228.6 153.8 148.7 286.7 310.6 336.7 148.6 252.1 350.9 152.3 131.9 176.0 316.6 165.9 97.4 380.7 155.2 124.4 53.1 156.2 49.9 129.9 386.5 196.9 255.8 138.9 238.0 237.0 199.3 159.3 158.4 191.8 235.1 122.1 27.8 180.1 192.0 105.0 176.6 147.6 146.8 104.8 292.6 69.4 188.6 160.5 155.2 385.9 245.0 235.8 193.7 124.0 122.5 413.0 171.7 171.6 150.4 229.6 413.4 226.9 411.2 147.3 352.7 243.1 407.8 176.1 202.6 155.1 108.7 62.8 59.7 131.5 388.7 355.4 92.5 411.0 35.8 105.4 359.6 203.2 135.8 247.1 65.8
1853.5 214.8 12.7 115.2 161.6 102.5 107.5 248.4 267.7 207.1 224.2 232.0 237.2 293.5 171.7 152.9 287.8 210.2 161.4 127.7 298.2 264.1 205.9 160.2 335.8 152.3 206.9 225.2 264.8 264.5 69.6 82.7 134.4 155.1 194.7 219.3 136.1 155.4 183.5 160.2 81.7 210.9 0.0 170.5 294.8 237.5 234.6 115.3 166.3 87.7 261.0 97.4 76.5 140.0 269.0 134.6 174.3 200.5 168.1 100.0 217.4 240.3 282.6 284.0 186.3 82.6 168.7 270.0 174.7 281.6 193.8 199.9 213.6 253.0 250.3 216.4 182.3 154.8 194.4 256.5 84.2 247.3 301.3 262.6 66.9 248.1 207.5 28.0 151.9 228.1 252.1 260.0 267.1 192.2 140.5 192.5 312.4 151.8 129.4 233.8 92.9 255.3 98.8 232.0 158.4 256.4 299.2 113.5 285.7 60.8 259.1 141.9 285.5 146.5 224.6 159.8 257.3 292.2 141.4 185.9 221.4 253.1 239.4 204.5 234.4 218.4 230.8 258.9 166.2 231.4 223.9 119.9 215.2 266.6 245.5
1788.8 150.7 147.3 164.6 203.6 223.8 228.8 290.4 242.9 143.0 226.6 274.7 290.0 271.6 69.8 274.2 329.8 193.7 6.4 121.4 351.0 182.9 238.9 202.2 268.4 223.8 36.4 278.0 193.1 306.5 190.9 129.0 128.1 197.1 83.1 194.2 178.1 111.5 94.6 202.2 197.3 128.8 156.6 0.0 290.9 173.4 230.7 236.6 190.0 191.3 252.8 121.8 197.8 192.8 163.1 255.9 216.4 242.5 220.9 221.3 256.7 234.5 210.6 280.1 228.3 97.6 109.4 312.0 227.5 228.5 118.2 29.4 131.5 130.8 292.3 269.2 224.3 90.1 155.7 309.3 115.4 241.5 230.7 295.9 108.3 226.2 131.9 149.3 109.7 105.9 280.7 251.7 194.8 186.4 261.8 49.8 292.7 146.5 28.4 220.3 214.2 308.1 180.2 228.1 31.8 318.8 275.8 44.8 254.5 102.8 301.1 213.4 327.5 199.3 261.0 130.2 313.6 280.2 120.3 238.7 50.8 166.9 163.8 73.6 276.4 261.2 80.5 245.4 84.1 209.5 265.4 100.4 236.0 319.4 169.9
1939.0 198.5 271.6 206.8 439.1 298.0 303.0 514.4 75.9 200.4 110.4 111.1 147.1 22.8 375.7 337.6 537.2 391.9 301.4 214.3 306.6 254.9 459.8 365.0 59.1 266.0 331.4 159.2 116.6 509.5 251.6 218.0 207.6 432.6 290.6 88.5 413.6 230.2 279.1 437.7 239.5 190.7 284.4 294.9 0.0 204.8 69.8 297.4 137.1 233.5 102.8 284.6 272.0 182.5 240.4 319.3 424.2 450.3 175.0 295.5 464.5 121.1 198.2 9.3 463.8 264.4 264.3 494.3 168.4 71.2 166.7 324.4 183.4 232.0 500.1 224.8 369.4 234.0 376.3 264.9 297.8 114.1 224.7 121.7 343.8 57.1 150.1 256.3 330.3 207.1 90.2 84.7 217.8 151.5 325.2 244.5 61.2 189.2 334.3 418.5 288.4 246.1 222.4 85.5 293.6 526.6 23.9 349.8 49.2 338.3 527.0 255.6 524.8 176.0 466.3 341.6 521.4 75.8 340.9 157.2 280.9 151.2 118.2 300.1 502.3 469.0 206.1 443.6 210.9 73.7 473.2 301.7 123.7 229.5 112.1
1834.2 60.7 212.5 213.8 324.6 289.0 294.0 393.4 169.1 40.3 151.2 199.3 224.6 196.2 239.0 339.4 432.4 393.7 182.3 186.6 314.4 69.0 355.0 260.2 158.6 273.0 215.6 215.8 134.8 404.7 256.1 194.2 193.3 318.1 158.1 118.8 299.9 141.3 146.6 323.2 246.5 111.0 225.3 179.1 237.7 0.0 155.3 301.8 144.1 240.5 180.1 220.5 263.0 189.5 73.9 321.1 319.4 345.5 184.3 286.5 359.7 181.0 72.1 226.9 349.3 200.3 131.8 389.5 190.9 154.7 87.0 208.6 109.6 127.2 395.3 232.6 264.6 173.3 271.5 272.7 233.7 188.0 98.6 220.5 277.5 150.8 70.4 214.5 225.5 102.3 205.3 177.9 72.0 144.0 327.0 121.8 217.3 196.2 197.6 420.3 279.4 271.5 229.4 152.7 156.9 421.8 202.0 214.0 179.1 272.0 422.2 262.6 420.0 183.0 361.5 277.5 416.6 204.8 236.1 183.8 161.1 44.5 88.4 167.6 397.5 364.2 101.3 445.4 115.5 134.1 368.4 237.6 164.5 282.7 94.5
1881.8 141.3 201.7 136.9 369.2 228.1 233.1 441.0 47.8 143.2 92.3 100.1 125.4 83.0 305.8 267.7 480.0 322.0 249.1 144.4 237.5 197.7 402.6 307.8 101.1 196.1 288.5 137.5 88.6 452.3 181.7 148.1 137.7 362.7 220.7 59.9 343.7 160.3 209.2 367.8 169.6 133.5 214.5 252.0 60.1 147.6 0.0 227.5 67.2 163.6 80.9 214.7 202.1 112.6 205.1 249.4 367.0 393.1 107.4 225.6 407.3 99.2 163.1 49.3 393.9 194.5 194.4 437.1 114.0 61.7 109.5 281.5 113.5 174.8 442.9 155.7 312.2 164.1 319.1 195.8 227.9 92.2 189.6 121.3 273.9 71.0 92.9 186.4 273.1 149.9 106.1 40.1 203.2 81.6 255.3 194.7 121.4 119.3 264.4 348.6 218.5 194.6 152.5 32.1 223.7 469.4 65.9 279.9 51.0 268.4 469.8 185.7 467.6 106.1 409.1 271.7 464.2 105.6 283.7 125.2 234.0 94.0 61.0 230.2 445.1 411.8 148.9 373.7 161.1 61.0 416.0 231.8 105.6 205.9 54.9
1866.8 277.5 112.5 91.3 174.9 86.1 56.2 277.9 262.4 269.8 218.8 222.2 227.4 288.2 254.0 40.1 300.7 94.4 243.7 171.6 231.5 326.8 210.2 173.5 330.5 128.4 279.9 215.4 259.5 277.8 65.6 125.1 164.9 168.4 257.7 210.8 149.4 220.9 246.2 173.5 57.8 273.6 125.3 243.4 289.5 300.2 229.3 0.0 161.0 63.8 253.3 169.3 65.7 134.7 331.7 21.8 187.7 213.8 162.8 32.1 228.0 235.0 345.3 278.7 199.6 149.1 231.4 283.3 164.9 276.3 256.5 272.9 238.8 315.7 263.6 154.4 195.6 207.3 207.7 189.8 166.5 242.0 365.7 252.8 119.6 242.8 270.2 97.2 164.6 290.8 242.3 254.7 329.8 186.9 27.7 255.2 307.1 146.5 211.7 121.0 39.2 168.6 74.9 226.7 221.1 290.1 293.9 195.8 280.4 125.7 272.4 118.0 298.8 141.2 232.3 226.3 284.9 286.9 154.0 176.1 269.8 264.9 231.9 267.2 247.7 232.5 281.5 146.1 228.9 226.1 236.7 186.4 205.4 179.9 225.8
1891.6 151.1 134.4 69.6 301.9 160.8 165.8 404.9 101.3 153.0 75.3 104.0 109.2 127.1 249.0 200.4 427.7 254.7 192.3 77.1 170.2 207.5 337.2 300.5 169.4 128.8 237.8 97.2 98.4 404.8 114.4 80.8 70.4 295.4 184.9 49.7 276.4 124.5 173.4 300.5 102.3 116.7 147.2 201.4 128.4 157.4 68.2 160.2 0.0 96.3 92.2 147.4 134.8 45.3 214.9 182.1 314.7 340.8 40.1 158.3 355.0 73.9 172.9 117.6 326.6 127.2 158.6 410.3 46.7 115.2 119.3 230.8 77.7 184.6 390.6 88.4 322.6 112.8 334.7 128.5 160.6 80.9 199.4 134.6 206.6 81.7 102.7 119.1 291.6 159.7 124.1 93.6 213.0 25.8 188.0 158.9 146.0 52.0 207.6 281.3 151.2 127.3 85.2 65.6 166.9 417.1 132.8 212.6 119.3 201.1 399.4 118.4 425.8 38.8 359.3 204.4 411.9 125.8 281.0 57.9 198.2 103.8 70.8 194.4 374.7 359.5 158.7 306.4 125.3 65.0 363.7 164.5 75.4 138.6 64.7
1901.7 213.6 64.9 27.4 209.8 64.4 69.4 296.6 198.5 205.9 155.0 162.8 168.0 224.3 239.3 104.0 336.0 161.3 182.6 107.7 229.0 262.9 254.1 208.4 266.6 64.5 228.1 156.0 195.6 312.7 18.0 61.2 101.0 203.3 193.8 150.1 184.3 154.2 182.3 208.4 6.0 209.7 77.7 191.7 225.6 236.3 165.4 63.8 97.1 0.0 191.8 121.7 38.4 70.8 267.8 85.7 222.5 248.7 98.9 61.9 265.6 171.1 281.4 214.8 234.5 101.5 167.5 318.2 105.5 212.4 192.6 221.1 174.9 251.8 298.5 147.2 230.5 143.4 242.6 187.3 134.9 178.1 300.1 193.4 144.7 178.9 206.3 49.6 200.1 226.9 182.9 190.8 265.9 123.0 91.6 191.3 243.2 82.6 197.9 184.9 54.8 186.1 11.1 162.8 157.2 304.6 230.0 186.9 216.5 138.6 307.3 54.1 333.7 77.3 272.8 178.7 313.2 223.0 189.6 116.7 226.1 201.0 168.0 203.3 282.6 266.6 229.6 210.0 165.0 162.2 272.1 138.8 146.0 197.4 161.9
1927.8 187.3 238.7 173.9 402.0 265.1 270.1 487.0 96.9 189.2 36.7 43.6 68.9 107.6 324.8 267.2 526.0 321.5 268.1 181.4 229.3 243.7 444.5 353.8 165.9 233.1 307.5 81.0 134.6 498.3 218.7 185.1 174.7 395.5 239.4 74.1 376.5 181.9 228.2 400.6 206.6 171.5 251.5 271.0 127.1 193.6 77.8 227.0 104.2 200.6 0.0 251.7 239.1 125.8 251.1 248.9 412.9 439.1 97.7 259.2 456.0 20.6 209.1 127.2 426.7 231.5 213.4 483.1 91.1 110.8 155.5 300.5 132.5 220.8 488.9 147.5 358.2 183.1 365.1 187.6 264.9 13.7 235.6 64.8 311.5 51.1 138.9 223.4 318.5 195.9 49.6 89.2 249.2 68.7 254.8 213.7 51.3 156.3 283.4 348.1 255.5 167.9 189.5 56.3 242.7 495.0 128.4 299.8 66.8 305.4 499.5 222.7 513.6 119.3 455.1 308.7 495.9 31.1 329.0 79.9 253.0 140.0 107.0 249.2 474.8 457.0 194.9 373.2 180.1 69.5 462.5 268.8 60.6 151.3 100.9
1846.3 210.0 70.0 113.5 154.4 146.5 153.3 257.4 282.0 202.3 233.8 246.3 251.5 307.8 133.7 196.9 280.6 147.5 123.4 122.9 307.1 259.3 196.0 153.1 352.8 172.7 168.9 239.5 263.9 242.8 113.6 77.9 129.6 148.0 189.9 233.6 122.0 153.3 178.7 153.0 125.7 206.1 82.8 132.5 309.1 232.7 248.9 159.3 180.6 131.7 275.3 0.0 120.5 154.3 264.2 178.6 164.4 199.6 185.1 144.0 207.5 257.3 280.5 298.3 176.4 19.1 163.9 260.1 189.0 295.9 189.0 161.9 208.8 248.2 240.4 230.7 172.4 146.5 187.2 270.8 13.1 261.6 296.5 276.9 57.0 262.4 202.7 72.0 144.7 226.0 266.4 274.3 262.3 206.5 184.5 179.7 329.4 148.0 91.4 171.1 136.9 272.3 129.1 246.3 109.9 246.5 313.5 72.8 278.1 54.2 251.9 162.3 278.3 160.8 218.0 73.4 250.1 306.5 131.5 200.2 180.7 248.3 234.6 199.7 227.2 208.5 210.4 196.2 161.4 245.7 214.0 33.5 232.2 280.9 248.2
1863.2 242.5 73.7 65.9 171.3 25.9 30.9 274.3 237.0 234.8 197.9 201.3 206.5 262.8 250.4 76.4 297.1 130.7 211.5 146.2 267.5 291.8 206.6 169.9 305.1 103.0 257.0 194.5 234.1 274.2 20.3 99.7 139.5 164.8 222.7 185.4 145.8 185.9 211.2 169.9 32.4 238.6 86.5 220.6 264.1 265.2 203.9 65.7 135.6 38.4 227.9 130.5 0.0 109.3 296.7 58.1 184.1 210.2 137.4 23.5 224.4 209.6 310.3 253.3 196.0 110.3 196.4 279.7 144.0 250.9 221.5 250.0 213.4 280.7 260.0 185.7 192.0 181.9 204.1 225.8 143.7 216.6 330.7 231.9 116.0 217.4 235.2 58.4 161.0 255.8 221.4 229.3 294.8 161.5 64.0 220.2 281.7 121.1 208.1 157.3 16.4 224.6 49.5 201.3 186.1 286.5 268.5 192.2 255.0 122.1 268.8 92.6 295.2 115.8 228.7 187.5 281.3 261.5 150.4 155.2 255.0 239.5 206.5 232.2 244.1 228.9 258.5 182.4 193.9 200.7 233.1 147.6 184.5 235.9 200.4
1941.2 200.7 128.6 63.8 296.1 155.0 160.0 399.1 150.9 209.8 102.7 91.9 97.1 175.5 243.2 194.6 421.9 248.9 186.5 71.3 158.1 266.8 331.4 294.7 219.0 123.0 232.0 85.1 148.0 399.0 108.6 75.0 64.6 289.6 197.7 99.3 270.6 159.0 186.2 294.7 96.5 166.3 141.4 195.6 178.0 207.0 117.8 154.4 49.5 90.5 123.4 141.6 129.0 0.0 271.7 176.3 308.9 335.0 28.0 152.5 349.2 105.1 222.5 167.2 320.8 121.4 171.4 404.5 34.6 164.8 168.9 225.0 127.3 234.2 384.8 76.3 316.8 107.0 328.9 116.4 154.8 112.1 249.0 122.5 200.8 131.3 152.3 113.3 285.8 209.3 112.0 143.2 269.8 75.4 182.2 195.2 177.2 46.2 201.8 275.5 145.4 115.2 79.4 115.2 161.1 411.3 182.4 206.8 168.9 195.3 393.6 112.6 420.0 6.5 353.5 198.6 406.1 157.0 275.2 45.8 230.0 153.4 120.4 207.2 368.9 353.7 208.3 300.6 168.9 114.6 357.9 158.7 75.1 126.5 114.3
1834.2 87.3 231.7 249.0 310.8 308.2 313.2 393.4 191.9 59.5 211.9 260.0 285.3 283.4 242.0 358.6 432.4 412.9 178.6 205.8 375.1 52.8 355.0 260.2 181.4 308.2 208.6 276.5 157.6 404.7 275.3 213.4 212.5 304.3 177.3 179.5 285.3 160.5 165.8 309.4 281.7 146.5 244.5 172.1 260.5 81.6 216.0 321.0 204.8 275.7 240.8 239.7 282.2 250.2 0.0 340.3 319.4 345.5 245.0 305.7 359.7 241.7 74.5 249.7 335.5 219.5 151.0 389.5 251.6 177.5 103.5 201.6 182.1 105.0 395.3 293.3 264.6 192.5 256.9 333.4 252.9 248.7 67.5 281.2 280.5 211.5 117.2 233.7 210.9 121.5 266.0 200.7 31.6 204.7 346.2 141.0 278.0 230.9 200.6 439.5 298.6 332.2 264.6 213.4 176.1 421.8 224.8 217.0 239.8 275.0 422.2 297.8 420.0 243.7 361.5 296.7 416.6 265.5 221.5 244.5 180.3 125.6 149.1 186.8 397.5 364.2 120.5 464.6 134.7 194.8 368.4 256.8 225.2 343.4 155.2
1844.9 297.9 129.1 113.2 153.0 64.2 34.3 256.0 284.3 290.2 240.7 244.1 249.3 310.1 232.1 18.2 278.8 72.5 221.8 193.5 253.4 347.2 188.3 151.6 352.4 150.3 258.0 237.3 281.4 255.9 75.7 147.0 186.8 146.5 278.1 232.7 127.5 241.3 266.6 151.6 79.7 294.0 141.9 221.5 311.4 320.6 251.2 21.8 182.9 85.7 275.2 157.8 55.3 156.6 339.1 0.0 165.8 191.9 184.7 44.5 206.1 256.9 365.7 300.6 177.7 165.7 251.8 261.4 186.8 298.2 276.9 251.0 260.7 327.9 241.7 176.3 173.7 229.2 185.8 211.7 144.6 263.9 386.1 274.7 97.7 264.7 290.6 113.8 142.7 303.0 264.2 276.6 350.2 208.8 5.8 246.9 329.0 168.4 189.8 99.1 51.6 190.5 96.8 248.6 220.5 268.2 315.8 173.9 302.3 103.8 250.5 139.9 276.9 163.1 210.4 227.6 263.0 308.8 132.1 198.0 247.9 286.8 253.8 270.7 225.8 210.6 259.6 124.2 249.3 248.0 214.8 191.4 227.3 201.8 247.7
1770.3 319.1 308.4 289.8 57.8 245.7 214.0 90.2 404.8 311.4 388.5 436.6 425.9 433.5 282.1 158.2 113.0 138.6 218.7 333.7 424.6 344.8 33.9 77.0 430.3 326.9 248.7 413.9 355.0 90.1 255.0 323.6 340.4 51.6 270.9 359.3 38.9 312.9 282.4 56.4 256.3 323.1 198.3 212.2 452.8 341.8 392.6 198.4 381.4 262.3 415.0 198.4 236.8 333.2 339.9 176.5 0.0 32.4 361.3 221.1 40.3 418.3 376.6 442.0 105.8 309.9 297.2 95.6 363.4 390.4 280.1 241.7 346.9 297.2 75.9 352.9 99.1 302.4 176.5 388.3 187.9 425.3 395.3 457.8 140.3 388.1 293.8 293.1 134.0 272.3 442.6 413.6 371.4 381.3 170.6 237.6 454.6 345.0 240.7 165.2 228.2 367.1 273.4 390.0 244.1 82.0 437.7 257.1 416.4 147.1 104.5 316.5 111.1 339.7 44.6 342.5 96.2 442.1 123.5 374.6 238.6 328.8 325.7 261.4 79.8 44.0 242.4 190.3 271.9 371.4 49.5 312.7 401.8 378.4 331.8
1750.2 353.6 340.8 328.5 110.0 280.2 250.3 64.0 439.3 343.8 423.0 471.1 460.4 468.0 316.6 192.7 80.5 173.1 253.2 368.2 464.5 379.3 66.3 111.5 464.8 361.4 283.2 448.4 389.5 88.5 289.5 358.1 374.9 118.3 305.4 391.7 73.4 345.3 316.9 112.6 290.8 357.6 232.8 246.7 487.3 376.3 427.1 232.9 415.9 296.8 449.5 235.6 271.3 367.7 374.4 211.0 32.3 0.0 400.0 255.6 12.0 457.0 409.0 476.5 102.1 344.4 331.7 67.3 397.9 424.9 314.6 276.2 381.4 329.6 52.2 387.4 131.5 336.9 211.0 422.8 222.4 459.8 437.9 492.3 172.7 422.6 328.3 331.8 167.9 304.7 477.1 448.1 405.9 415.8 205.1 272.1 487.0 377.4 275.2 199.7 262.7 401.6 307.9 424.5 278.6 49.5 472.2 289.5 450.9 181.6 82.9 355.2 82.8 378.4 47.2 377.0 75.6 476.6 162.2 409.1 273.1 363.3 360.2 295.9 58.2 20.3 281.1 224.8 304.3 405.9 17.1 347.2 440.5 412.9 366.3
1932.3 191.8 156.7 91.9 302.7 183.1 184.0 389.5 142.0 193.7 81.3 63.8 69.0 147.4 271.3 167.9 428.9 225.2 214.6 99.4 130.0 248.2 347.0 301.4 210.1 151.1 260.1 57.0 139.1 405.6 136.7 103.1 92.7 296.2 225.6 93.6 277.2 167.8 214.1 301.3 124.6 157.4 169.5 223.7 166.9 198.1 108.9 127.7 40.6 118.6 97.7 169.7 157.1 28.0 255.6 149.6 315.4 347.9 0.0 159.9 355.8 77.0 213.6 158.3 327.4 149.5 199.3 411.1 6.5 155.9 160.0 253.1 118.4 225.3 391.4 48.2 323.4 135.1 335.5 88.3 182.9 84.0 240.1 94.4 229.5 106.1 143.4 141.4 292.4 200.4 83.9 134.3 253.7 66.5 155.5 199.6 149.1 74.3 229.9 248.8 167.0 87.1 107.5 106.3 189.2 397.5 173.5 234.9 121.8 224.0 400.2 140.7 426.6 21.5 360.1 226.7 398.4 128.9 282.5 17.7 238.9 144.5 111.5 235.1 375.5 359.5 199.4 273.9 166.0 89.4 365.0 186.8 47.0 98.4 105.4
1879.5 256.0 87.2 79.4 187.6 59.5 64.5 274.4 250.5 248.3 211.4 214.8 220.0 276.3 266.7 52.8 313.4 107.1 225.0 159.7 273.7 305.3 222.9 186.2 318.6 116.5 270.5 208.0 247.6 290.5 33.8 113.2 153.0 181.1 236.2 198.9 162.1 199.4 224.7 186.2 45.9 252.1 100.0 234.1 277.6 278.7 217.4 42.1 149.1 51.9 241.4 144.0 33.5 122.8 310.2 34.5 200.4 226.5 150.9 0.0 240.7 223.1 323.8 266.8 212.3 123.8 209.9 296.0 157.5 264.4 235.0 263.5 226.9 294.2 276.3 196.6 208.3 195.4 220.4 232.0 157.2 230.1 344.2 245.4 132.3 230.9 248.7 71.9 177.3 269.3 234.9 242.8 308.3 175.0 40.4 233.7 295.2 134.6 224.4 133.7 7.0 210.8 63.0 214.8 199.6 302.8 282.0 208.5 268.5 138.4 285.1 106.1 311.5 129.3 245.0 201.0 297.6 275.0 166.7 168.7 268.5 253.0 220.0 245.7 260.4 245.2 272.0 158.8 207.4 214.2 249.4 161.1 198.0 222.1 213.9
1738.1 368.4 355.0 336.4 122.1 292.3 260.6 33.6 451.4 360.7 447.2 483.2 472.5 480.1 328.7 204.8 69.9 188.2 265.3 380.3 471.2 391.4 80.5 123.7 476.9 373.5 295.3 460.5 401.6 86.1 301.6 370.2 387.0 130.4 317.8 408.6 97.3 362.2 329.0 124.7 302.9 369.7 244.9 258.8 499.4 388.4 439.2 245.0 428.0 308.9 461.6 247.7 283.4 379.8 386.5 223.1 46.5 7.9 410.6 267.7 0.0 464.9 425.9 488.6 119.0 356.5 343.8 52.5 410.0 437.0 326.7 288.3 393.5 346.5 66.4 399.5 145.7 349.0 223.1 434.9 234.5 471.9 441.9 504.4 186.9 434.7 340.4 339.7 180.6 321.6 489.2 460.2 418.0 427.9 217.2 284.2 501.2 394.3 287.3 211.8 274.8 416.4 320.0 436.6 290.7 38.9 484.3 306.4 450.4 193.0 95.0 363.1 70.7 386.3 61.3 389.1 73.4 488.7 170.1 421.2 285.2 375.4 372.3 308.0 70.3 34.5 289.0 236.9 321.2 418.0 9.2 359.3 448.4 425.0 385.9
1914.5 174.0 218.0 153.2 381.3 244.4 249.4 473.7 117.6 175.9 16.0 64.3 89.6 110.9 304.1 246.5 512.7 300.8 247.4 160.7 208.6 230.4 431.2 340.5 186.6 212.4 286.8 91.2 121.3 485.0 198.0 164.4 154.0 374.9 218.7 60.8 355.8 161.2 207.5 379.9 185.9 150.8 230.8 250.3 130.4 180.3 98.5 206.3 83.5 179.9 20.6 233.7 218.4 105.1 237.8 228.2 399.6 432.1 77.0 238.5 440.0 0.0 195.8 147.9 406.0 210.8 192.7 469.8 70.4 131.5 142.2 279.8 111.8 207.5 475.6 126.8 344.9 162.4 361.6 166.9 244.2 6.9 214.2 85.5 290.8 65.5 125.6 202.7 315.0 182.6 70.3 109.9 235.9 48.0 234.1 193.0 72.0 135.6 262.7 327.4 234.8 165.7 168.8 77.0 222.0 481.7 149.1 279.1 81.2 284.7 478.8 202.0 500.3 98.6 441.8 288.0 496.9 51.8 325.5 59.2 232.3 126.7 93.7 228.5 454.1 443.7 181.6 352.5 159.4 48.8 449.2 248.1 39.9 158.1 80.4
1866.8 76.2 258.4 229.3 355.4 334.9 339.9 442.2 151.4 86.2 178.8 214.8 240.1 211.7 282.6 360.1 465.0 417.4 219.2 232.5 329.9 79.5 383.5 292.8 140.9 288.5 249.2 231.3 117.1 437.3 274.1 240.1 215.7 349.0 203.7 137.5 329.9 184.4 192.5 354.0 262.0 126.5 271.2 212.7 220.0 52.1 170.8 319.9 159.6 256.0 193.2 266.4 308.9 205.0 67.6 341.8 351.9 384.4 199.8 332.4 392.3 196.5 0.0 209.2 380.1 246.2 177.7 422.1 206.4 137.0 102.5 242.2 125.1 113.7 427.9 248.1 297.2 195.1 301.5 288.2 279.6 203.5 26.4 236.0 321.7 166.3 85.9 260.4 254.9 138.6 220.8 160.2 65.7 159.5 347.7 167.7 232.8 211.7 241.2 441.0 325.3 287.0 244.9 168.2 202.8 434.0 184.3 257.6 194.6 315.6 454.8 278.1 452.6 198.5 394.1 323.4 448.2 220.3 265.4 199.3 190.7 60.0 103.9 213.5 430.1 396.0 141.9 466.1 161.4 149.6 401.5 283.5 180.0 298.2 117.5
1942.3 201.8 262.2 197.4 429.7 288.6 293.6 517.7 66.5 203.7 121.2 121.9 157.9 33.6 366.3 328.2 540.5 382.5 309.6 204.9 298.0 258.2 463.1 368.3 49.7 256.6 349.0 170.0 107.2 512.8 242.2 208.6 198.2 423.2 281.2 99.3 404.2 220.8 269.7 428.3 230.1 194.0 275.0 312.5 10.8 206.5 60.4 288.0 127.7 224.1 113.6 275.2 262.6 173.1 231.0 309.9 427.5 453.6 167.9 286.1 467.8 131.9 188.8 0.0 454.4 255.0 254.9 497.6 174.5 61.8 170.0 342.0 174.0 235.3 503.4 216.2 372.7 224.6 379.6 256.3 288.4 124.9 215.3 132.5 334.4 67.9 153.4 246.9 333.6 210.4 101.0 75.3 208.4 142.1 315.8 255.2 72.0 179.8 324.9 409.1 279.0 255.1 213.0 92.6 284.2 529.9 14.5 340.4 60.0 328.9 530.3 246.2 528.1 166.6 469.6 332.2 524.7 86.6 344.2 168.0 294.5 154.5 121.5 290.7 505.6 472.3 209.4 434.2 221.6 84.5 476.5 292.3 134.5 240.3 115.4
1784.6 311.5 310.4 291.8 29.9 247.7 216.0 142.8 397.2 303.8 388.3 422.7 427.9 425.9 284.1 160.2 165.6 140.6 220.7 335.7 426.6 337.2 84.1 100.5 422.7 328.9 250.7 415.9 347.4 105.1 257.0 325.6 342.4 20.6 272.9 351.7 40.9 314.9 284.4 28.5 258.3 315.5 200.3 214.2 445.2 334.2 385.0 200.4 361.5 264.3 407.4 200.4 238.8 335.2 331.8 178.5 52.5 78.7 363.3 223.1 92.9 410.7 369.0 434.4 0.0 311.9 299.2 148.2 365.4 382.8 272.5 243.7 321.3 289.6 128.5 354.9 106.5 304.4 178.5 390.3 189.9 417.7 387.7 450.2 142.3 380.5 286.2 295.1 135.4 264.7 435.0 406.0 363.5 373.7 172.6 239.6 447.0 347.0 242.7 167.2 230.2 369.1 275.4 382.4 246.1 134.6 430.1 259.1 396.2 148.4 157.1 318.5 143.0 341.7 96.5 344.5 135.5 434.5 125.5 376.6 240.6 321.2 318.1 263.4 132.4 96.6 234.8 192.3 273.9 363.8 102.1 314.7 394.2 380.4 324.2
1865.5 189.8 49.8 93.3 173.6 126.3 131.3 276.6 261.8 182.1 222.7 226.1 231.3 287.6 142.5 176.7 299.8 231.0 101.1 102.7 292.3 239.1 208.9 172.2 329.9 152.5 146.6 219.3 243.7 276.5 93.4 57.7 109.4 167.1 170.0 210.2 148.1 133.2 158.5 172.2 105.5 185.9 62.6 110.2 288.9 212.5 228.7 139.1 160.4 111.5 252.7 19.1 100.3 134.1 244.0 158.4 186.4 212.5 162.2 123.8 226.7 234.4 257.6 278.1 198.3 0.0 143.7 282.0 168.8 275.7 168.8 139.6 188.6 228.0 262.3 210.5 194.3 112.3 206.4 250.6 32.3 241.4 278.0 256.7 78.3 242.2 182.5 51.8 163.3 203.1 246.2 254.1 242.1 186.3 164.3 160.1 306.5 127.8 100.2 257.6 116.7 249.4 108.9 226.1 75.7 288.8 293.3 84.3 279.8 72.8 271.1 142.1 297.5 140.6 231.0 76.1 283.6 286.3 152.7 180.0 161.1 228.1 214.4 179.5 246.4 231.2 190.8 282.7 141.2 225.5 235.4 36.2 209.3 260.7 220.5
1851.5 109.7 124.3 141.6 284.6 200.8 205.8 371.4 213.4 102.0 189.3 245.2 252.7 242.1 150.8 251.2 410.4 305.5 94.1 98.4 313.7 159.0 319.9 283.2 238.9 200.8 139.6 240.7 163.6 387.5 167.9 106.0 105.1 278.1 26.2 164.7 259.1 35.1 14.8 283.2 174.3 105.8 137.1 103.2 260.4 132.4 200.2 213.6 143.4 168.3 206.2 132.3 174.8 169.8 163.9 232.9 297.4 323.5 183.6 198.3 337.7 187.9 177.5 249.6 309.3 112.1 0.0 406.8 190.2 199.0 88.7 132.6 108.5 147.9 373.3 231.9 305.3 85.1 236.3 272.0 145.5 194.9 197.9 266.4 189.3 196.7 102.4 126.3 190.3 123.0 251.2 225.6 162.0 139.8 238.8 86.0 260.0 123.5 109.4 332.1 191.2 270.8 157.2 197.6 68.7 399.8 246.3 125.8 225.0 183.8 382.1 190.4 408.5 176.3 342.0 189.3 394.6 239.8 200.9 201.4 58.6 148.0 134.3 35.8 357.4 342.2 116.6 357.2 61.1 180.0 346.4 149.4 189.4 282.1 140.4
1756.2 382.6 414.0 395.4 115.8 351.3 321.4 29.8 468.3 374.9 452.0 500.1 525.4 497.0 408.1 263.8 70.6 244.2 344.7 463.9 535.6 408.3 147.4 174.0 493.8 432.5 374.7 516.6 418.5 68.3 360.6 471.5 470.6 124.1 395.0 422.8 144.5 415.8 406.5 118.4 361.9 386.6 303.9 338.2 516.3 405.3 456.1 304.0 444.9 367.9 478.5 304.0 342.4 438.8 403.4 282.1 113.4 78.9 485.1 326.7 64.1 481.8 440.1 505.5 138.2 435.9 409.1 0.0 491.7 453.9 343.6 367.7 410.4 360.7 96.4 458.5 178.5 428.4 282.1 493.9 293.5 488.8 458.8 521.3 245.9 451.6 357.3 398.7 239.6 335.8 506.1 477.1 434.9 444.8 276.2 357.4 518.1 489.0 366.7 270.8 333.8 472.7 379.0 453.5 370.1 39.6 501.2 383.1 467.3 252.7 152.7 422.1 30.4 483.8 110.9 468.5 75.1 505.6 229.1 484.6 362.7 392.3 389.2 385.5 128.0 101.4 305.9 295.9 390.0 434.9 57.6 438.7 465.3 484.0 395.3
1938.9 198.4 163.3 98.5 310.8 189.7 192.1 397.6 148.6 200.3 53.8 57.2 62.4 140.8 277.9 176.0 436.6 230.3 221.2 106.0 138.1 254.8 346.1 309.4 216.7 157.7 266.7 50.4 145.7 413.7 143.3 109.7 99.3 304.3 232.2 97.0 285.3 171.8 220.7 309.4 131.2 164.0 176.1 230.3 160.3 204.7 115.5 135.8 47.2 125.2 88.7 176.3 163.7 34.6 262.2 157.7 323.6 349.7 6.5 168.0 363.9 70.4 220.2 164.9 335.5 156.1 205.9 419.2 0.0 162.5 166.6 259.7 125.0 231.9 399.5 56.3 331.5 141.7 343.6 96.4 189.5 77.4 246.7 87.8 235.5 99.5 150.0 148.0 300.5 207.0 77.3 140.9 260.3 73.1 163.6 206.2 142.5 80.9 236.5 256.9 175.1 95.2 114.1 112.9 195.8 426.0 180.1 241.5 127.8 230.0 408.3 147.3 434.7 28.1 368.2 233.3 420.8 122.3 289.9 11.1 245.5 151.1 118.1 241.7 383.6 368.4 206.0 282.0 172.6 82.8 372.6 193.4 40.4 106.5 112.0
1885.4 144.9 242.9 178.1 375.8 269.3 274.3 460.8 14.3 146.8 133.5 137.3 162.6 105.8 308.2 308.9 483.6 363.2 247.8 185.6 278.7 201.3 406.2 311.4 84.7 237.3 277.8 174.7 45.3 455.9 222.9 189.3 178.9 369.3 227.3 113.0 351.1 183.1 215.8 374.4 210.8 137.1 255.7 241.3 82.9 151.2 75.9 268.7 108.4 204.8 118.1 255.9 243.3 153.8 177.3 290.6 370.6 396.7 148.6 266.8 410.9 136.4 135.1 72.1 400.5 235.7 201.0 440.7 155.2 0.0 113.1 270.8 116.9 178.4 446.5 196.9 315.8 186.9 322.7 237.0 269.1 129.4 161.6 158.5 315.1 106.8 96.5 227.6 276.7 153.5 143.3 23.1 154.7 122.8 296.5 190.9 144.2 160.5 266.8 389.8 259.7 235.8 193.7 69.3 226.1 473.0 47.2 283.2 112.8 309.6 473.4 226.9 471.2 147.3 412.7 312.9 467.8 142.8 287.3 166.4 227.3 97.6 82.9 236.8 448.7 415.4 152.5 414.9 157.3 98.2 419.6 273.0 146.8 245.0 96.1
1772.2 41.3 168.5 170.9 262.6 245.0 250.0 347.6 124.6 33.6 108.3 156.4 181.7 153.3 207.1 301.7 370.4 356.0 143.7 142.6 271.5 88.1 293.0 198.2 150.1 230.1 173.7 172.9 74.8 342.7 215.7 150.2 157.3 256.1 114.1 75.9 237.9 97.3 102.6 261.2 203.6 42.9 181.3 137.2 172.6 64.0 112.4 261.5 101.2 197.6 137.2 176.5 219.0 146.6 95.5 283.4 257.4 283.5 141.4 242.5 297.7 138.1 109.1 161.8 287.3 156.3 87.8 327.5 148.0 110.2 0.0 166.7 66.7 65.2 333.3 189.7 202.6 136.7 209.5 229.8 189.7 145.1 129.5 177.6 245.6 107.9 13.6 170.5 163.5 40.3 162.4 133.4 93.6 101.1 289.3 79.9 174.4 153.3 165.7 382.6 235.4 228.6 186.5 109.8 112.9 359.8 157.5 182.1 136.2 240.1 360.2 219.7 358.0 140.1 299.5 233.5 354.6 161.9 174.1 140.9 119.2 48.6 45.5 123.6 335.5 302.2 39.3 407.7 46.3 91.2 306.4 193.6 121.6 239.8 51.6
1832.9 192.1 171.3 188.6 227.6 247.8 252.8 314.4 287.0 184.4 267.9 308.8 314.0 315.7 93.8 298.2 353.4 217.7 30.4 145.4 375.0 241.4 262.9 226.2 312.5 247.8 6.9 302.0 237.2 330.5 214.9 153.0 152.1 221.1 127.2 238.3 202.1 135.5 138.7 226.2 221.3 172.9 180.6 44.0 339.0 214.8 278.8 260.6 222.0 215.3 284.8 145.8 221.8 216.8 207.2 279.9 240.4 266.5 244.9 245.3 280.7 266.5 254.7 328.2 252.3 121.6 146.0 336.0 251.5 272.6 162.3 0.0 175.6 174.9 316.3 293.2 248.3 114.1 199.8 333.3 139.4 273.5 274.8 339.4 132.3 270.3 176.0 173.3 153.8 150.0 324.8 304.2 238.9 218.4 285.8 93.9 336.8 170.5 52.4 244.3 238.2 332.1 204.2 276.2 55.8 342.8 319.9 68.8 298.6 126.8 325.1 237.4 351.5 223.3 285.0 154.2 337.6 318.4 164.4 262.7 94.9 211.0 207.9 117.7 300.4 285.2 124.6 269.4 128.2 253.6 289.4 124.4 268.0 343.4 214.0
1863.6 121.4 189.8 128.1 303.6 219.3 224.3 406.6 133.0 113.7 104.3 162.5 167.7 161.7 208.3 258.9 429.4 313.2 144.9 117.7 228.7 170.7 338.9 302.2 158.5 187.3 174.9 155.7 83.2 434.1 172.9 139.3 111.0 297.1 135.4 84.3 278.1 86.6 123.9 302.2 160.8 38.9 202.6 138.4 175.4 144.1 115.2 218.7 58.4 154.8 121.2 197.8 193.3 103.8 175.6 240.6 316.4 342.5 98.6 216.8 356.7 102.9 144.9 164.6 328.3 177.6 109.1 418.9 105.2 118.6 100.4 167.9 0.0 141.6 392.3 146.9 294.0 90.4 249.7 187.0 211.0 109.9 171.4 186.0 246.8 116.3 66.8 177.6 203.7 116.7 170.8 140.6 173.7 54.8 246.5 81.1 175.0 110.5 166.9 339.8 209.7 185.8 143.7 112.6 134.2 418.8 179.8 183.3 144.6 241.3 401.1 176.9 449.4 97.3 390.9 254.8 413.6 154.8 214.3 116.4 120.4 75.8 53.9 143.2 376.4 361.2 144.0 364.9 47.5 99.6 365.4 214.9 104.4 197.1 60.0
1777.2 132.9 217.7 235.0 267.6 294.2 299.2 336.4 197.8 105.1 193.6 229.6 254.9 226.5 196.1 344.6 375.8 296.4 132.7 191.8 344.7 98.4 293.9 203.2 243.1 294.2 162.7 246.1 148.0 347.7 261.3 199.4 198.5 261.4 140.8 152.3 242.9 143.7 151.8 266.2 267.7 116.1 230.5 126.2 245.8 127.2 185.6 307.0 174.4 261.7 208.0 225.7 268.2 219.8 103.9 326.3 262.3 288.5 214.6 291.7 305.4 211.3 102.1 235.0 292.3 205.5 137.0 332.5 221.2 183.4 73.1 155.7 150.1 0.0 338.3 262.9 207.6 178.5 214.5 303.0 238.9 218.3 128.9 250.8 235.2 181.1 86.8 219.7 168.5 24.8 235.6 206.6 104.6 174.3 332.2 68.9 247.6 216.9 154.7 320.0 284.6 301.8 250.6 183.0 158.1 344.4 230.7 171.1 209.4 229.7 365.2 283.8 363.0 213.3 304.5 256.5 345.3 235.1 178.4 214.1 108.2 121.8 118.7 131.0 340.5 306.4 44.3 345.1 102.7 164.4 311.9 226.7 194.8 313.0 132.3
1797.9 390.6 376.5 357.9 139.7 313.8 282.1 81.2 476.3 382.9 460.0 508.1 533.4 505.0 350.2 226.3 120.2 209.7 286.8 401.8 498.1 416.3 86.0 148.6 501.8 395.0 316.8 524.6 426.5 118.2 323.1 391.7 408.5 147.7 339.3 430.8 121.1 423.8 350.5 142.3 324.4 394.6 266.4 280.3 524.3 413.3 464.1 266.5 452.9 330.4 486.5 266.5 304.9 401.3 411.4 244.6 82.1 72.2 429.4 289.2 89.1 489.8 448.1 513.5 133.9 378.0 365.3 84.8 431.5 461.9 351.6 309.8 418.4 368.7 0.0 421.0 170.6 370.5 244.6 456.4 256.0 496.8 466.8 529.3 208.4 459.6 365.3 361.2 201.5 343.8 514.1 485.1 442.9 452.8 238.7 305.7 526.1 413.1 308.8 233.3 296.3 435.2 341.5 461.5 312.2 89.2 509.2 325.2 475.3 214.5 56.2 384.6 100.3 407.8 72.7 410.6 6.9 513.6 191.6 442.7 306.7 400.3 397.2 329.5 31.5 41.8 313.9 258.4 340.0 442.9 87.2 380.8 473.3 446.5 410.8
1990.5 238.4 203.3 138.5 298.6 209.8 179.9 385.4 188.6 240.3 88.5 91.9 97.1 175.5 317.9 163.8 424.4 218.1 261.2 146.0 125.9 294.8 333.9 297.2 254.2 197.7 306.7 85.1 185.7 401.5 173.4 149.7 139.3 292.1 272.2 137.0 273.1 211.8 260.7 297.2 165.6 204.0 216.1 270.3 195.0 244.7 155.5 123.6 87.2 165.2 123.4 216.3 189.4 74.6 302.2 145.5 311.4 337.5 46.5 155.8 351.7 105.1 260.2 204.4 323.3 196.1 245.9 407.0 34.6 202.5 206.6 299.7 165.0 271.9 387.3 0.0 319.3 181.7 331.4 84.2 229.5 112.1 286.7 122.5 243.3 134.2 190.0 188.0 288.3 247.0 112.0 180.9 300.3 113.1 151.4 246.2 177.2 120.9 276.5 244.7 162.9 83.0 154.1 152.9 235.8 413.8 219.0 281.5 162.5 249.4 396.1 187.3 422.5 68.1 356.0 273.3 408.6 157.0 277.7 45.8 285.5 191.1 158.1 281.7 371.4 356.2 246.0 269.8 212.6 117.5 360.4 233.4 75.1 94.3 152.0
1708.6 257.4 364.6 305.5 77.4 261.4 229.7 162.4 343.1 249.7 326.8 374.9 400.2 371.8 282.9 173.9 185.6 154.3 219.5 338.7 490.0 283.1 103.7 12.9 368.6 342.6 249.5 391.4 293.3 162.3 270.7 346.3 345.4 70.9 269.8 297.6 70.0 290.6 281.3 76.0 272.0 261.4 377.4 213.0 391.1 280.1 330.9 214.1 319.7 278.0 353.3 337.6 252.5 365.1 278.2 192.2 72.1 98.3 359.9 236.8 112.5 356.6 314.9 380.3 102.1 310.7 283.9 167.8 366.5 328.7 218.4 242.5 285.2 235.5 148.1 408.2 0.0 303.2 192.2 448.3 328.5 363.6 333.6 396.1 156.0 326.4 232.1 366.6 149.1 210.6 380.9 351.9 309.7 319.6 186.3 232.2 392.9 363.8 241.5 180.9 243.9 447.1 289.1 328.3 244.9 154.2 376.0 257.9 354.7 315.9 175.0 332.2 183.3 358.6 116.8 343.3 162.8 380.4 139.2 359.4 237.5 267.1 264.0 260.3 150.3 116.2 180.7 206.0 264.8 309.7 121.7 313.5 340.1 458.3 277.6
1882.8 133.9 133.1 115.2 275.4 206.4 211.4 362.2 197.7 126.2 153.7 197.8 203.0 223.5 141.6 246.0 401.2 300.3 84.9 65.7 264.0 183.2 310.7 274.0 227.3 174.4 130.4 191.0 152.0 378.3 160.0 114.8 59.0 268.9 114.1 146.1 249.9 77.3 102.6 274.0 147.9 130.0 145.9 94.0 224.8 156.6 164.6 205.8 107.8 141.9 170.6 141.1 180.4 105.8 188.1 227.7 288.2 314.3 133.9 203.9 328.5 152.3 201.7 214.0 300.1 120.9 87.8 383.8 140.5 187.4 112.9 123.4 109.2 172.1 364.1 182.2 296.1 0.0 249.8 222.3 154.3 159.3 222.1 228.4 180.1 178.1 126.6 135.1 203.8 147.2 217.9 190.0 186.2 104.2 233.6 111.6 224.4 59.5 100.2 326.9 196.8 221.1 130.8 162.0 59.5 390.6 229.2 116.6 215.7 174.6 372.9 164.0 399.3 112.3 332.8 198.1 385.4 204.2 214.4 151.7 144.9 144.6 122.7 123.6 348.2 333.0 149.9 352.0 85.3 161.4 337.2 158.2 153.8 232.4 128.8
1830.9 244.0 265.1 282.4 155.9 341.6 346.6 258.9 318.2 236.3 301.9 350.0 375.3 346.9 187.6 200.5 281.7 180.9 124.2 239.2 453.6 258.2 191.2 154.5 343.7 341.6 154.2 366.5 268.4 258.8 308.7 246.8 245.9 149.4 176.4 269.5 130.4 221.2 187.9 154.5 315.1 222.1 274.4 117.7 366.2 266.7 306.0 240.7 283.3 309.1 330.8 239.6 315.6 310.6 235.3 218.8 168.7 194.8 323.5 339.1 209.0 327.8 291.3 355.4 180.6 215.4 202.7 264.3 330.1 303.8 193.5 147.2 224.8 224.1 244.6 371.8 176.6 207.9 0.0 411.9 233.2 334.8 302.9 371.2 226.1 301.5 207.2 267.1 56.0 199.2 356.0 327.0 267.0 279.7 212.9 143.1 368.0 264.3 146.2 207.5 332.0 410.7 298.0 303.4 149.6 271.1 351.1 162.6 329.8 220.6 253.4 331.2 279.8 317.1 213.3 248.0 265.9 355.5 66.6 334.5 144.1 242.2 239.1 166.9 228.7 213.5 155.8 232.6 177.4 284.8 217.7 218.2 315.2 422.0 245.2
1994.7 287.3 224.5 187.4 302.8 214.0 184.1 389.6 237.5 289.2 137.4 140.8 146.0 224.4 366.8 168.0 428.6 222.3 310.1 194.9 41.7 343.7 338.1 301.4 303.1 240.4 355.6 134.0 234.6 405.7 177.6 198.6 188.2 296.3 321.1 185.9 277.3 260.7 309.6 301.4 169.8 252.9 237.3 319.2 243.9 293.6 204.4 127.8 136.1 175.8 172.3 265.2 193.6 123.5 351.1 149.7 315.6 341.7 95.4 160.0 355.9 154.0 309.1 253.3 327.5 245.0 294.8 411.2 83.5 251.4 255.5 348.6 213.9 320.8 391.5 73.0 323.5 230.6 335.6 0.0 278.4 161.0 335.6 171.4 247.5 183.1 238.9 209.2 292.5 295.9 160.9 229.8 349.2 162.0 155.6 295.1 226.1 169.8 325.4 248.9 167.1 69.2 186.9 201.8 284.7 418.0 267.9 323.7 211.4 253.6 400.3 230.0 426.7 117.0 360.2 322.2 412.8 205.9 281.9 94.7 334.4 240.0 207.0 330.6 375.6 360.4 294.9 274.0 261.5 166.4 364.6 282.3 124.0 80.5 200.9
1833.1 223.2 83.2 126.7 141.2 159.7 164.7 228.0 295.2 215.5 256.1 259.5 264.7 321.0 120.5 210.1 267.4 131.3 110.2 136.1 325.7 272.5 176.5 139.8 363.3 185.9 155.7 252.7 277.1 244.1 126.8 91.1 142.8 134.7 202.5 243.6 115.7 166.6 191.9 139.8 138.9 219.3 94.2 119.3 322.3 245.9 262.1 172.5 193.8 144.9 286.1 13.1 133.7 167.5 277.4 191.8 154.0 180.1 195.6 157.2 194.3 267.8 291.0 311.5 165.9 32.3 177.1 249.6 202.2 309.1 202.2 148.7 222.0 250.2 229.9 243.9 161.9 159.7 174.0 284.0 0.0 274.8 311.4 290.1 45.9 275.6 215.9 85.2 130.9 225.3 279.6 287.5 275.5 219.7 197.7 169.2 339.9 161.2 78.2 157.9 150.1 282.8 142.3 259.5 108.9 256.4 326.7 62.3 313.2 40.4 238.7 175.5 265.1 174.0 198.6 86.6 251.2 319.7 120.3 213.4 170.2 261.5 247.8 193.0 214.0 198.8 199.9 183.0 174.6 258.9 203.0 46.7 242.7 294.1 253.9
1921.5 181.0 225.0 160.2 388.3 251.4 256.4 480.7 110.6 182.9 26.8 57.3 82.6 121.3 311.1 253.5 520.1 307.8 254.4 167.7 215.6 237.4 442.3 347.5 179.6 219.4 293.8 94.7 128.3 492.0 205.0 171.4 161.0 381.8 226.0 71.0 362.8 165.6 214.5 386.9 192.9 157.8 237.8 257.3 140.8 187.3 91.5 213.3 90.5 186.9 11.3 238.0 225.4 112.1 244.8 235.2 406.7 432.8 84.0 245.5 447.0 6.9 202.8 140.9 413.0 217.8 199.7 476.8 77.4 124.5 149.2 286.8 118.8 214.5 482.6 133.8 351.9 169.4 368.6 173.9 251.2 0.0 229.3 78.5 297.2 64.8 132.6 209.7 322.6 189.6 63.3 102.9 242.9 55.0 241.1 200.0 65.0 142.6 269.7 334.4 241.8 172.7 175.8 70.0 229.0 509.1 142.1 286.1 93.1 291.7 485.8 209.0 507.3 105.6 448.8 295.0 503.9 44.8 333.2 66.2 239.3 133.7 100.7 235.5 461.1 451.5 188.6 359.5 166.4 55.8 455.7 255.1 46.9 165.0 94.6
1882.1 112.7 267.1 265.8 358.7 343.6 358.5 450.9 160.8 94.9 215.3 251.3 276.6 252.3 289.9 402.1 480.3 459.4 226.5 249.3 361.0 96.3 392.2 308.0 158.4 325.0 256.5 267.8 126.5 438.1 318.8 256.9 256.0 352.3 220.5 165.9 326.3 201.2 209.3 357.3 298.5 163.0 288.0 220.0 229.4 88.6 222.4 364.5 196.1 292.5 221.6 285.9 325.7 241.5 68.4 383.8 360.6 399.7 236.3 349.2 410.3 224.9 36.4 218.6 388.8 263.0 194.5 430.8 242.9 146.4 139.0 249.5 161.6 130.5 436.6 284.6 312.5 236.0 304.8 324.7 296.4 240.0 0.0 272.5 329.0 202.8 122.4 269.1 258.2 155.4 257.3 169.6 45.8 196.0 389.7 184.5 261.2 248.2 248.5 483.0 342.1 315.4 281.4 215.8 219.6 449.3 193.7 264.9 218.5 323.5 470.1 314.6 467.9 226.9 418.1 340.2 457.9 256.8 274.1 235.8 199.4 96.5 140.4 230.3 445.4 404.7 155.9 508.1 170.1 186.1 410.2 300.3 216.5 334.7 154.0
1951.6 211.1 254.9 190.1 402.4 281.3 283.7 489.2 120.7 213.0 95.7 54.2 25.3 87.3 369.5 267.6 528.2 321.9 312.8 197.6 229.7 267.5 437.7 401.0 166.0 249.3 358.3 37.4 158.4 505.3 234.9 201.3 190.9 395.9 305.6 101.1 376.9 245.2 294.1 401.0 222.8 203.3 267.7 321.9 106.8 217.4 101.6 227.4 138.8 216.8 68.2 267.9 255.3 126.2 274.9 249.3 415.2 441.3 98.1 259.6 455.5 86.5 232.9 116.2 427.1 247.7 279.3 506.9 91.5 134.6 179.3 351.3 198.4 244.6 491.1 147.9 382.0 233.3 388.9 188.0 281.1 79.5 259.4 0.0 327.1 74.9 162.7 239.6 342.9 219.7 40.2 113.0 273.0 134.6 255.2 279.6 93.1 172.5 328.1 348.5 266.7 124.3 205.7 80.1 287.4 517.6 130.8 333.1 103.2 321.6 499.9 238.9 537.4 119.7 459.8 324.9 512.4 72.9 381.5 80.3 318.9 163.8 130.8 315.1 475.2 460.0 218.7 373.6 246.0 86.3 464.2 285.0 82.3 107.7 124.7
1786.5 259.7 70.7 173.2 94.6 160.5 165.5 181.4 325.7 252.0 282.2 290.0 295.2 351.5 135.0 104.3 220.4 84.7 124.7 183.7 350.8 309.0 138.9 93.2 393.8 210.3 170.2 283.2 313.6 197.5 127.6 138.7 190.4 88.1 217.3 277.3 69.1 200.3 228.4 93.2 139.7 255.8 57.9 133.8 352.8 282.4 292.6 173.3 224.3 145.7 319.0 60.7 134.5 198.0 280.7 192.6 107.3 133.5 226.1 158.0 147.7 298.3 327.5 342.0 119.3 79.9 213.6 203.0 232.7 339.6 238.7 163.2 258.5 264.7 183.3 274.4 115.3 181.7 127.4 314.5 47.5 305.3 346.2 320.6 0.0 306.1 252.4 86.0 84.9 239.8 310.1 318.0 311.3 250.2 198.5 183.7 370.4 208.8 92.7 111.3 150.9 313.3 156.8 290.0 123.4 189.4 357.2 76.8 321.8 6.0 192.1 199.9 218.5 204.5 158.2 130.5 190.3 350.2 74.4 243.9 184.7 298.0 284.3 207.5 167.4 151.4 201.2 136.4 211.1 289.4 156.9 94.3 273.2 324.6 290.4
1881.8 141.3 219.7 154.9 372.2 246.1 251.1 441.0 68.9 143.2 53.2 73.6 98.9 45.3 304.6 273.1 480.0 327.4 244.2 162.4 235.2 197.7 402.6 307.8 137.9 214.1 274.2 111.0 88.6 452.3 199.7 166.1 155.7 365.7 223.7 31.3 347.5 178.3 212.2 370.8 187.6 133.5 232.5 237.7 64.8 147.6 49.8 232.9 85.2 181.6 54.4 232.7 220.1 130.6 205.1 254.8 367.0 393.1 103.6 243.6 407.3 72.7 163.1 74.2 396.9 212.5 197.4 437.1 97.0 82.8 109.5 267.2 113.3 174.8 442.9 153.4 312.2 182.1 319.1 193.5 245.9 65.7 189.6 94.8 291.9 0.0 92.9 204.4 273.1 149.9 79.6 61.2 203.2 92.6 260.7 187.3 66.4 137.3 263.2 354.0 236.5 192.3 170.5 28.3 222.5 469.4 100.4 279.6 28.2 286.4 469.8 203.7 467.6 124.1 409.1 289.7 464.2 81.0 283.7 85.8 223.7 94.0 61.0 233.2 445.1 411.8 148.9 379.1 153.7 16.5 416.0 249.8 66.5 181.3 54.9
1788.8 57.9 185.1 157.2 279.2 248.4 253.4 364.2 110.9 50.2 94.6 142.7 168.0 139.6 211.6 288.0 387.0 342.3 151.2 150.3 257.8 104.7 309.6 214.8 136.4 216.4 181.2 159.2 61.1 359.3 202.0 168.4 143.6 272.7 130.7 62.2 254.5 119.2 119.2 277.8 189.9 40.5 197.9 144.7 158.9 80.6 98.7 247.8 87.5 183.9 123.5 193.1 222.4 132.9 112.1 269.7 274.0 300.1 127.7 245.9 314.3 124.4 104.0 148.1 303.9 172.9 104.4 344.1 134.3 96.5 16.5 174.2 53.0 81.8 349.9 176.0 219.2 123.0 226.1 216.1 206.3 131.4 130.5 163.9 250.1 94.2 0.0 187.1 180.1 56.9 148.7 119.7 110.2 87.4 275.6 94.3 160.7 139.6 170.2 368.9 238.8 214.9 172.8 96.1 129.5 376.4 143.8 186.6 122.5 244.6 376.8 206.0 374.6 126.4 316.1 250.1 371.2 148.2 190.7 127.2 130.7 34.9 31.8 140.2 352.1 318.8 55.9 394.0 60.7 77.5 323.0 210.2 107.9 226.1 37.9
1881.6 184.0 15.2 87.1 189.7 74.4 81.2 276.5 239.6 176.3 200.5 203.9 209.1 265.4 195.4 124.8 315.9 179.1 153.0 96.9 264.7 233.3 234.0 188.4 307.7 124.2 198.5 197.1 236.7 292.6 41.5 51.9 103.6 183.5 163.9 191.2 164.2 124.6 152.7 188.3 53.6 180.1 28.0 162.1 266.7 206.7 206.5 87.2 138.2 59.6 232.9 72.0 48.4 111.9 238.2 106.5 202.4 234.9 140.0 71.9 242.8 212.2 251.8 255.9 214.4 51.8 137.9 298.1 146.6 253.5 163.0 191.5 182.8 222.2 278.4 188.3 210.4 124.0 222.5 228.4 85.2 219.2 272.2 234.5 95.0 220.0 176.7 0.0 179.4 197.3 224.0 231.9 236.3 164.1 112.4 161.7 284.3 122.0 153.1 205.7 64.8 227.2 70.7 203.9 127.6 284.5 271.1 137.2 257.6 88.9 287.2 113.8 313.6 118.4 252.7 129.0 285.4 264.1 169.5 157.8 196.5 222.3 208.6 173.7 262.5 246.5 200.0 230.8 135.4 203.3 252.0 89.1 187.1 238.5 195.8
1791.7 204.4 225.5 242.8 99.8 302.0 200.2 202.8 279.2 196.7 268.0 311.0 336.3 307.9 148.6 144.4 225.6 127.8 85.2 200.2 409.2 219.2 144.1 98.5 304.7 302.6 115.2 327.5 229.4 188.2 269.7 207.8 206.9 93.4 137.7 233.7 67.4 178.8 148.9 98.4 276.1 183.1 234.8 78.7 327.2 227.7 267.0 184.6 244.3 269.5 288.8 203.3 276.6 271.6 196.3 162.7 112.5 145.0 283.9 207.3 155.6 288.8 251.7 316.4 124.5 176.4 163.7 208.2 291.1 264.8 154.5 108.2 185.8 184.5 188.5 332.8 120.5 168.9 43.0 372.9 194.2 295.8 271.0 332.2 187.1 262.5 168.2 227.5 0.0 160.2 317.0 288.0 228.0 240.7 156.8 104.1 328.4 224.7 107.2 151.4 293.0 371.1 259.0 264.4 110.6 194.6 312.1 123.0 278.2 181.6 197.3 291.6 223.7 277.5 163.4 209.0 195.5 316.5 9.8 295.5 104.5 203.2 200.1 127.9 172.6 156.6 116.2 176.5 137.8 245.8 162.1 179.2 275.6 383.0 213.7
1752.3 87.2 192.8 210.1 242.7 269.3 274.3 327.7 172.9 79.5 168.7 204.7 230.0 201.6 171.2 319.7 350.5 268.5 107.8 166.9 314.4 123.3 269.0 178.2 198.4 269.3 137.8 221.2 123.1 322.8 236.4 174.5 173.6 236.2 115.9 127.4 218.0 118.8 126.9 241.3 242.8 91.2 205.6 101.3 220.9 109.9 160.7 282.1 149.5 236.8 183.1 200.8 243.3 194.9 128.8 301.4 237.4 265.7 189.7 266.8 280.5 186.4 127.0 210.1 267.4 180.6 112.1 307.6 196.3 158.5 48.2 130.8 125.2 24.8 313.4 238.0 182.7 153.6 189.6 278.1 214.0 193.4 153.8 225.9 210.3 156.2 61.9 194.8 143.0 0.0 210.7 181.7 129.5 149.4 307.3 44.0 222.7 192.0 129.8 295.1 259.7 276.9 225.7 158.1 133.2 319.5 205.8 146.2 184.5 204.8 340.3 258.9 338.1 188.4 288.3 231.6 328.1 210.2 153.5 189.2 83.3 96.9 93.8 106.1 315.6 281.5 19.4 320.2 77.8 139.5 287.0 201.8 169.9 288.1 107.4
1936.2 195.7 241.5 176.7 389.0 267.9 270.3 475.8 105.3 197.6 82.3 20.8 64.1 63.4 356.1 254.2 514.8 308.5 299.4 184.2 216.3 252.1 424.3 387.6 142.1 235.9 344.9 76.2 143.0 506.7 221.5 187.9 177.5 382.5 290.2 85.7 363.5 229.8 278.7 387.6 209.4 187.9 254.3 308.5 82.9 202.0 86.2 214.0 125.4 203.4 52.8 254.5 241.9 112.8 259.5 235.9 401.8 427.9 84.7 246.2 442.1 71.1 217.5 92.3 413.7 234.3 263.9 491.5 78.1 119.2 163.9 337.9 183.0 229.2 477.7 134.5 366.6 219.9 373.5 174.6 267.7 64.1 244.0 60.0 313.7 59.5 147.3 226.2 327.5 204.3 0.0 97.6 257.6 119.2 241.8 264.2 69.4 159.1 314.7 335.1 253.3 163.1 192.3 64.7 274.0 504.2 106.9 319.7 87.8 308.2 486.5 225.5 522.0 106.3 446.4 311.5 499.0 57.5 338.1 66.9 303.5 148.4 115.4 299.7 461.8 446.6 203.3 360.2 230.6 70.9 450.8 271.6 68.9 146.5 109.3
1899.8 159.3 219.7 154.9 387.2 246.1 251.1 459.0 7.6 161.2 110.3 114.1 139.4 97.7 323.8 285.7 498.0 340.0 267.1 162.4 255.5 215.7 420.6 325.8 76.6 214.1 306.5 151.5 66.9 470.3 199.7 166.1 155.7 380.7 238.7 89.8 361.7 178.3 227.2 385.8 187.6 151.5 232.5 270.0 74.8 165.6 52.7 245.5 85.2 181.6 94.9 232.7 220.1 130.6 198.9 267.4 385.0 411.1 125.4 243.6 425.3 113.2 156.7 64.0 411.9 212.5 212.4 455.1 132.0 21.5 127.5 299.5 131.5 192.8 460.9 173.7 330.2 182.1 337.1 213.8 245.9 106.2 183.2 135.3 291.9 83.6 110.9 204.4 291.1 167.9 120.1 0.0 176.3 99.6 273.3 212.7 136.1 137.3 282.4 366.6 236.5 212.6 170.5 46.1 241.7 487.4 39.1 297.9 103.8 286.4 487.8 203.7 485.6 124.1 427.1 289.7 482.2 119.6 301.7 143.2 252.0 112.0 79.0 248.2 463.1 429.8 166.9 391.7 179.1 75.0 434.0 249.8 123.6 221.8 72.9
1856.8 96.3 240.7 258.0 333.4 317.2 322.2 416.0 160.2 68.5 220.9 283.2 308.5 251.7 264.6 367.6 455.4 421.9 201.2 214.8 384.1 61.8 377.6 282.8 149.7 317.2 231.2 285.5 125.9 427.3 284.3 222.4 221.5 326.9 186.3 188.5 307.9 169.5 174.8 332.0 290.7 155.5 253.5 194.7 228.8 90.6 221.8 330.0 213.8 284.7 264.0 248.7 291.2 259.2 22.5 349.3 342.0 368.1 254.0 314.7 382.3 250.7 72.3 218.0 358.1 228.5 160.0 412.1 260.6 145.8 112.5 224.2 191.1 114.0 417.9 302.3 287.2 201.5 279.5 342.4 261.9 257.7 35.8 304.4 303.1 220.5 126.2 242.7 233.5 130.5 289.2 169.0 0.0 213.7 355.2 150.0 290.1 239.9 223.2 448.5 307.6 341.2 273.6 215.2 185.1 444.4 193.1 239.6 258.7 297.6 444.8 306.8 442.6 252.7 384.1 305.7 439.2 288.7 244.1 253.5 189.3 121.6 158.1 195.8 420.1 386.8 129.5 473.6 143.7 203.8 391.0 265.8 234.2 352.4 164.2
1886.9 146.4 169.9 105.1 337.4 196.3 201.3 424.2 105.3 148.3 49.4 107.6 112.8 131.1 256.0 235.9 463.6 290.2 199.3 112.6 205.7 202.8 372.7 336.0 173.4 164.3 238.7 100.8 102.4 440.3 149.9 116.3 105.9 330.9 170.9 53.7 311.9 110.5 159.4 336.0 137.8 102.7 182.7 202.2 132.4 152.7 72.2 195.7 35.4 131.8 66.3 182.9 170.3 80.8 210.2 217.6 350.2 376.3 75.6 193.8 390.5 48.0 168.2 121.6 362.1 162.7 144.6 442.2 80.0 119.2 114.6 231.7 63.7 179.9 426.1 123.9 317.3 114.3 313.5 164.0 196.1 55.0 194.7 133.6 242.1 85.7 98.0 154.6 267.5 155.0 118.4 97.6 208.3 0.0 223.5 144.9 120.1 87.5 214.6 316.8 186.7 162.8 120.7 69.6 173.9 452.6 136.8 231.0 123.3 236.6 434.9 153.9 472.7 74.3 394.8 239.9 447.4 99.9 278.1 68.8 184.2 99.1 77.2 180.4 410.2 395.0 154.0 341.9 111.3 69.0 399.2 200.0 49.5 167.7 83.3
1839.0 305.3 137.7 119.1 147.1 75.0 45.1 233.9 290.2 297.6 246.6 250.0 255.2 316.0 226.2 12.4 272.9 66.6 215.9 199.4 259.3 354.6 182.4 145.7 358.3 156.2 252.1 243.2 287.3 250.0 84.3 152.9 192.7 140.6 274.3 238.6 121.6 248.7 274.0 145.7 85.6 301.4 149.1 215.6 317.3 328.0 257.1 27.7 188.8 91.6 281.1 151.9 66.1 162.5 333.2 5.8 159.9 186.0 190.6 50.4 200.2 262.8 373.1 306.5 171.8 171.1 259.2 255.5 192.7 304.1 284.3 245.1 266.6 322.0 235.8 182.2 167.8 235.1 179.9 217.6 138.7 269.8 393.5 280.6 91.8 270.6 298.0 122.4 136.8 297.1 270.1 282.5 357.6 214.7 0.0 241.0 334.9 174.3 183.9 93.2 57.5 196.4 102.7 254.5 214.6 262.3 321.7 168.0 308.2 97.9 244.6 145.8 271.0 169.0 204.5 221.7 257.1 314.7 126.2 203.9 242.0 292.7 259.7 264.8 219.9 204.7 253.7 118.3 256.7 253.9 208.9 185.5 233.2 207.7 253.6
1797.7 100.8 149.2 166.5 222.4 225.7 232.5 325.4 204.5 93.1 168.5 236.3 249.4 233.2 127.1 276.1 348.2 330.4 63.7 123.3 305.0 150.1 266.7 221.1 230.0 225.7 93.7 237.4 154.7 325.3 192.8 130.9 130.0 216.2 71.8 159.0 196.9 75.2 83.0 221.0 199.2 78.9 162.0 57.2 257.1 123.5 196.9 238.5 140.1 193.2 205.3 157.2 199.7 185.5 155.0 257.8 235.1 267.6 180.3 223.2 275.5 184.6 168.6 246.3 247.1 137.0 68.5 353.0 186.9 190.1 79.8 86.7 81.6 80.9 311.1 228.6 243.1 110.0 168.5 268.7 170.4 191.6 187.3 257.5 166.2 187.8 93.5 151.2 121.9 56.0 242.3 222.3 153.1 136.5 263.7 0.0 254.3 148.4 85.7 357.0 216.1 267.5 182.1 194.3 89.1 317.2 237.4 102.1 216.1 160.1 319.9 215.3 346.3 179.0 285.4 187.5 331.4 236.5 132.4 198.1 39.2 139.1 125.4 62.0 295.2 279.2 62.8 382.1 34.2 171.1 284.7 157.7 186.1 278.8 131.5
1942.9 202.4 277.9 213.1 441.2 304.3 309.3 518.3 112.0 204.3 75.9 78.7 104.0 56.2 364.0 306.4 541.1 360.7 307.3 220.6 268.5 258.8 459.6 368.9 134.9 272.3 346.7 116.1 149.7 513.4 257.9 224.3 213.9 434.8 278.9 89.2 408.8 221.1 267.4 439.8 245.8 210.7 290.7 310.2 75.7 208.7 92.9 266.2 143.4 239.8 39.1 290.9 278.3 165.0 266.2 288.1 428.0 454.2 136.9 298.4 468.4 59.8 224.2 85.1 465.9 270.7 252.6 498.2 130.3 125.9 170.6 339.7 171.7 235.9 504.0 186.7 373.3 222.3 380.2 226.8 304.1 52.8 250.7 99.9 350.7 66.2 154.0 262.6 333.6 211.0 71.2 104.3 264.3 107.9 294.0 252.9 0.0 195.5 322.6 387.3 294.7 203.0 228.7 71.4 281.9 510.1 99.7 339.0 81.9 344.6 530.9 261.9 528.7 158.5 478.3 347.9 518.7 14.5 344.1 119.1 292.2 155.1 122.1 288.4 506.2 472.1 210.0 412.4 219.3 77.6 477.6 308.0 99.8 186.4 108.8
1920.1 171.2 120.4 55.6 287.9 146.8 153.6 390.9 173.9 163.5 130.4 138.2 143.4 199.7 196.9 186.4 413.7 240.7 140.2 25.0 204.4 220.5 332.2 286.5 242.0 114.8 185.7 131.4 154.3 376.3 100.4 66.8 18.3 281.4 151.1 125.5 262.4 111.8 139.9 286.5 88.3 150.5 133.2 149.3 201.0 193.9 140.8 146.2 72.5 82.3 167.2 136.1 120.8 46.2 225.4 168.1 300.6 328.9 74.3 144.3 341.0 146.5 216.0 190.2 312.6 113.2 125.1 396.3 80.9 187.8 150.2 178.7 111.5 209.4 376.6 122.6 308.6 60.7 320.7 162.7 146.6 153.5 242.5 168.8 193.2 154.3 145.8 105.1 258.5 184.5 158.3 166.2 223.5 98.4 174.0 148.9 218.6 0.0 155.5 267.3 137.2 161.5 71.2 138.2 114.8 382.7 205.4 171.9 170.0 187.1 385.4 104.4 411.8 52.7 345.3 190.4 383.6 198.4 267.7 92.1 183.7 146.9 125.0 160.9 360.7 344.7 187.2 292.4 122.6 137.6 350.2 150.5 121.4 172.8 138.6
1829.9 166.9 140.9 163.4 175.1 222.6 227.6 261.9 270.6 159.2 242.7 283.6 288.8 299.3 41.3 273.0 300.9 165.2 31.9 120.2 349.8 216.2 210.4 173.7 296.1 222.6 77.4 276.8 220.8 278.0 189.7 127.8 126.9 168.6 124.2 221.9 149.6 110.3 135.6 173.7 196.1 163.0 128.1 41.0 313.8 189.6 253.6 235.4 196.8 190.1 259.6 95.5 196.6 191.6 204.2 254.7 187.9 214.0 219.7 220.1 228.2 241.3 234.7 303.0 199.8 96.4 120.8 283.5 226.3 256.2 145.9 70.4 165.7 171.9 263.8 268.0 195.8 88.9 207.9 308.1 86.9 248.3 255.1 314.2 79.8 253.9 159.6 148.1 164.8 147.0 303.7 279.0 219.2 193.2 260.6 90.9 313.4 145.3 0.0 191.8 213.0 306.9 179.0 251.0 30.6 290.3 318.2 16.3 282.2 74.3 272.6 212.2 299.0 198.1 232.5 101.7 285.1 293.2 154.2 237.5 91.9 205.2 191.5 114.7 247.9 232.7 121.6 216.9 118.3 237.2 236.9 71.9 242.8 318.2 197.6
1822.9 325.8 145.8 195.5 131.0 104.1 123.4 217.8 366.6 318.1 327.5 330.9 336.1 392.4 210.1 171.0 256.8 19.5 199.8 258.8 397.1 340.0 166.3 129.6 434.7 232.6 236.0 324.1 350.2 233.9 149.9 213.8 265.5 124.5 258.2 315.0 105.5 278.2 269.7 129.6 162.0 303.9 133.0 199.5 393.7 348.5 333.5 189.7 265.2 168.0 357.5 135.8 129.5 238.9 317.1 167.8 143.8 169.9 267.0 153.1 184.1 339.2 373.1 382.9 155.7 155.0 284.5 239.4 273.6 380.5 275.3 229.0 306.6 305.9 219.7 315.3 151.7 256.8 163.8 355.4 122.6 346.2 384.7 361.5 75.7 347.0 289.0 161.1 120.7 281.0 351.0 358.9 348.8 291.1 158.6 224.9 411.3 250.7 167.8 0.0 146.0 354.2 179.1 330.9 198.5 246.2 398.1 151.9 384.6 81.8 228.5 222.2 254.9 245.4 188.4 205.6 241.0 391.1 110.1 284.8 225.9 324.0 320.9 248.7 203.8 188.6 237.6 25.0 259.2 330.3 192.8 169.4 314.1 365.5 327.0
1886.6 248.9 80.1 72.3 194.7 52.4 57.4 281.5 243.4 241.2 204.3 207.7 212.9 269.2 260.3 59.9 320.5 114.2 217.9 152.6 273.9 298.2 230.0 193.3 311.5 109.4 263.4 200.9 240.5 297.6 26.7 106.1 145.9 188.2 229.1 191.8 169.2 192.3 217.6 193.3 38.8 245.0 92.9 227.0 270.5 271.6 210.3 49.2 142.0 44.8 234.3 136.9 26.4 115.7 303.1 41.6 207.5 233.6 143.8 7.0 247.8 216.0 316.7 259.7 219.4 116.7 202.8 303.1 150.4 257.3 227.9 256.4 219.8 287.1 283.4 192.1 215.4 188.3 227.5 232.2 150.1 223.0 337.1 238.3 139.4 223.8 241.6 64.8 184.4 262.2 227.8 235.7 301.2 167.9 47.5 226.6 288.1 127.5 218.0 140.8 0.0 217.9 55.9 207.7 192.5 309.9 274.9 202.1 261.4 145.5 292.2 99.0 318.6 122.2 252.1 193.9 304.7 267.9 173.8 161.6 261.4 245.9 212.9 238.6 267.5 252.3 264.9 165.9 200.3 207.1 256.5 154.0 190.9 229.2 206.8
2020.7 293.3 250.5 193.4 328.8 240.0 208.3 431.8 225.2 295.2 162.1 146.8 80.3 193.1 372.8 194.0 454.6 248.3 316.1 200.9 138.1 349.7 373.1 327.5 271.8 252.6 361.6 84.9 240.6 417.2 203.6 204.6 194.2 322.3 326.8 195.1 296.4 269.3 315.6 327.4 195.8 258.9 263.3 325.2 212.6 299.6 206.1 153.8 142.1 201.8 170.3 273.9 219.6 129.5 357.1 175.7 341.5 369.8 101.4 186.0 384.6 159.8 315.1 222.0 353.5 251.0 300.8 437.2 89.5 239.1 261.5 354.6 219.9 326.8 417.5 79.0 349.5 236.6 361.6 96.4 284.4 166.8 333.5 105.7 272.8 179.4 244.9 235.2 318.5 301.9 144.7 217.5 355.2 168.0 181.6 301.1 197.6 175.8 331.4 274.9 193.1 0.0 209.0 184.6 290.7 423.6 236.6 336.4 195.1 278.9 426.3 242.2 452.7 123.0 392.4 328.2 432.2 177.4 308.6 100.7 340.4 246.0 213.0 336.6 401.6 385.6 300.9 300.0 267.5 172.2 391.1 288.3 129.8 11.3 206.9
1912.8 202.5 76.0 16.3 220.9 75.5 80.5 323.9 187.4 194.8 148.3 151.7 156.9 213.2 228.2 115.1 346.7 169.4 171.5 96.6 217.9 251.8 256.2 219.5 255.5 53.4 217.0 144.9 184.5 323.8 29.1 50.1 89.9 214.4 182.7 135.8 195.4 145.9 171.2 219.5 17.1 198.6 88.8 180.6 214.5 225.2 154.3 74.9 86.0 11.1 178.3 116.7 49.5 59.7 256.7 96.8 233.7 259.8 87.8 73.0 274.0 160.0 270.3 203.7 245.6 96.5 156.4 329.3 94.4 201.3 181.5 210.0 163.8 240.7 309.6 136.1 241.6 132.3 253.7 176.2 129.9 167.0 290.7 182.3 155.2 167.8 195.2 60.7 210.6 215.8 171.8 179.7 254.8 111.9 102.7 180.2 232.1 71.5 186.8 196.0 65.9 175.0 0.0 151.7 146.1 336.1 218.9 181.9 205.4 149.7 318.4 43.0 344.8 66.2 278.3 173.7 330.9 211.9 200.0 105.6 215.0 189.9 156.9 192.2 293.7 278.5 218.5 221.1 153.9 151.1 282.7 133.8 134.9 186.3 150.8
1888.5 148.0 208.4 143.6 375.9 234.8 239.8 463.9 40.5 149.9 65.5 67.9 93.2 104.5 312.5 274.4 486.7 328.7 255.8 151.1 244.2 204.4 409.3 314.5 109.5 202.8 295.2 105.3 95.3 459.0 188.4 154.8 144.4 369.4 227.4 43.6 350.4 167.0 215.9 374.5 176.3 140.2 221.2 258.7 81.6 154.3 21.4 234.2 73.9 170.3 48.7 221.4 208.8 119.3 211.8 256.1 373.7 399.8 114.1 232.3 414.0 67.0 169.8 70.8 400.6 201.2 201.1 443.8 120.7 54.4 116.2 288.2 120.2 181.5 449.6 162.4 318.9 170.8 325.8 202.5 234.6 60.0 196.3 89.1 280.6 37.4 99.6 193.1 279.8 156.6 73.9 32.8 209.2 88.3 262.0 201.4 93.6 126.0 271.1 355.3 225.2 192.2 159.2 0.0 230.4 476.1 72.0 286.6 72.5 275.1 476.5 192.4 474.3 112.8 415.8 278.4 470.9 73.4 290.4 98.1 240.7 100.7 67.7 236.9 451.8 418.5 155.6 380.4 167.8 28.8 422.7 238.5 78.8 175.6 61.6
1823.3 136.2 115.4 132.7 215.8 191.9 196.9 318.8 239.9 128.5 212.0 252.9 258.1 268.6 82.0 242.3 341.6 205.9 25.3 89.5 319.1 185.5 251.1 214.4 265.4 191.9 70.8 246.1 190.1 318.7 159.0 97.1 96.2 209.3 116.4 191.2 190.3 79.6 104.9 214.4 165.4 132.3 128.2 34.4 283.1 158.9 222.9 204.7 166.1 159.4 228.9 89.9 165.9 160.9 190.4 224.0 228.6 254.7 189.0 189.4 268.9 210.6 204.0 272.3 240.5 65.7 90.1 324.2 195.6 225.5 115.2 63.8 135.0 165.3 304.5 237.3 236.5 58.2 190.2 277.4 103.1 217.6 224.4 283.5 120.5 223.2 128.9 117.4 144.2 140.4 273.0 248.3 188.5 162.5 229.9 84.3 282.7 114.6 40.6 232.5 182.3 276.2 148.3 220.3 0.0 331.0 287.5 57.0 251.5 115.0 313.3 181.5 339.7 167.4 273.2 142.4 325.8 262.5 154.8 206.8 85.3 174.5 160.8 108.1 288.6 273.4 115.0 257.6 87.6 206.5 277.6 107.0 212.1 287.5 166.9
1696.4 406.1 395.4 376.8 162.5 332.7 301.0 7.0 491.8 398.4 482.9 523.6 512.9 520.5 369.1 245.2 30.9 225.6 305.7 420.7 517.0 431.8 120.9 164.0 517.3 413.9 335.7 500.9 442.0 100.1 342.0 410.6 427.4 170.9 357.9 446.3 137.7 399.9 369.4 165.1 343.3 410.1 285.3 299.2 539.8 428.8 479.6 285.4 468.4 349.3 502.0 288.1 323.8 420.2 426.9 263.5 86.9 48.2 448.3 308.1 37.6 505.3 463.6 529.0 156.7 396.9 384.2 46.7 450.4 477.4 367.1 328.7 433.9 384.2 87.9 439.9 186.1 389.4 263.5 475.3 274.9 512.3 482.3 544.8 227.3 475.1 380.8 380.1 220.4 359.3 529.6 500.6 458.4 468.3 257.6 324.6 541.6 432.0 327.7 252.2 315.2 454.1 360.4 477.0 331.1 0.0 524.7 344.1 490.8 233.4 135.4 403.5 62.2 426.7 101.1 429.5 67.6 529.1 210.5 461.6 325.6 415.8 412.7 348.4 110.7 74.9 329.4 277.3 358.9 458.4 31.1 399.7 488.8 465.4 418.8
1932.7 192.2 259.1 194.3 426.6 285.5 290.5 491.9 51.9 194.1 146.2 146.8 182.8 58.5 363.2 325.1 530.9 379.4 306.5 201.8 289.5 248.6 449.4 358.6 35.1 253.5 325.1 194.9 92.6 488.7 239.1 205.5 195.1 420.4 277.8 113.7 401.1 220.3 266.6 425.2 227.0 184.4 271.9 288.6 35.6 191.9 57.3 284.9 124.6 221.0 135.9 272.1 259.5 170.0 216.4 306.8 417.8 450.3 164.8 283.0 458.2 156.6 174.2 24.8 451.3 251.9 251.8 488.0 171.4 47.2 160.4 318.1 170.9 225.7 493.8 213.1 363.1 221.5 370.0 253.2 285.3 149.6 200.7 157.4 331.9 85.5 143.8 243.8 323.4 200.8 125.9 60.7 193.8 139.0 312.7 252.1 96.9 176.7 321.8 406.0 275.9 252.0 209.9 89.5 281.1 499.9 0.0 337.3 65.5 325.8 520.7 243.1 518.5 163.5 468.7 329.1 514.1 111.5 333.9 182.6 274.6 144.9 118.4 287.6 496.0 461.9 199.8 431.1 218.5 102.1 467.4 289.2 152.1 263.3 112.3
1850.6 182.8 124.5 179.3 158.7 214.3 219.3 261.7 286.5 175.1 258.6 299.5 304.7 315.2 58.1 168.4 284.9 148.8 47.8 136.1 360.3 232.1 203.0 157.3 312.0 238.5 93.3 292.7 236.7 261.6 181.4 143.7 142.8 152.2 140.4 241.0 133.2 123.4 151.5 157.3 193.5 178.9 111.7 56.9 329.7 205.5 269.5 227.1 212.7 199.5 277.9 81.0 188.3 207.5 220.1 246.4 171.4 197.6 235.6 211.8 211.8 257.2 250.6 318.9 183.4 101.8 136.7 267.1 242.2 272.1 161.8 86.3 181.6 187.8 247.4 283.9 179.4 104.8 191.5 324.0 70.5 264.2 269.3 330.1 64.0 269.8 175.5 139.8 148.4 162.9 319.6 294.9 235.1 209.1 252.3 106.8 329.3 161.2 15.8 175.4 204.7 322.8 194.9 266.9 46.5 253.5 334.1 0.0 298.1 57.9 256.2 228.1 282.6 214.0 216.1 85.3 262.1 309.1 138.5 253.4 107.8 221.1 207.4 130.6 231.5 215.5 137.5 200.5 134.2 253.1 221.0 55.5 258.7 334.1 221.0
1901.8 161.3 237.1 172.3 392.2 266.1 272.9 458.4 88.9 160.6 85.3 93.6 118.9 49.1 324.6 290.5 497.4 350.4 264.2 179.8 249.8 217.7 418.5 327.7 100.7 234.1 294.2 131.0 108.6 457.8 219.7 186.1 175.7 385.8 243.4 48.1 360.6 198.3 232.2 390.8 207.6 153.5 249.9 257.7 59.7 167.6 62.4 252.9 105.2 201.6 72.0 255.4 240.1 150.6 225.1 274.8 384.3 419.4 121.0 263.6 430.0 90.1 180.5 48.9 416.9 232.5 217.4 454.5 117.0 102.8 129.5 287.2 133.3 192.2 460.3 173.4 329.6 202.1 339.1 213.5 265.9 85.7 201.5 114.8 312.5 19.9 112.9 224.4 292.5 169.9 99.2 81.2 223.2 112.6 280.7 204.7 50.7 154.7 283.2 374.0 256.5 209.7 190.5 48.3 242.5 466.4 65.5 299.6 0.0 307.0 489.8 221.1 487.6 144.1 437.8 309.7 469.9 84.8 300.4 105.8 241.1 114.0 81.0 253.2 465.1 431.0 168.9 399.1 171.1 36.5 436.5 269.8 83.9 201.3 67.7
1792.6 252.9 64.6 166.4 100.7 153.7 160.5 203.7 318.9 245.9 270.7 283.2 288.4 344.7 128.2 109.8 225.9 93.8 117.9 176.9 344.0 302.2 145.0 99.4 387.0 203.5 163.4 276.4 306.8 189.1 120.8 131.9 183.6 94.3 210.5 270.5 68.3 193.5 221.6 99.3 132.9 249.0 51.8 127.0 346.0 275.6 285.8 166.5 217.5 138.9 312.2 51.2 127.7 191.2 286.8 185.8 112.8 145.9 219.3 151.2 156.5 291.5 320.7 335.2 124.8 73.1 206.8 209.1 225.9 332.8 231.9 156.4 251.7 257.9 188.8 267.6 120.8 174.9 133.5 307.7 40.7 298.5 339.4 313.8 5.4 299.3 245.6 79.9 90.4 233.0 303.3 311.2 305.2 243.4 191.7 176.9 363.6 202.7 85.9 117.4 144.1 306.5 150.0 283.2 116.6 194.9 350.4 70.7 315.0 0.0 198.2 193.1 224.6 197.7 163.7 123.7 196.4 343.4 80.5 237.1 177.9 291.2 277.5 200.7 173.5 156.9 206.7 142.5 204.3 282.6 162.4 87.5 266.4 317.8 275.1
1854.2 419.2 399.2 380.6 148.3 336.5 306.6 128.7 504.9 411.5 488.6 536.7 516.7 533.6 372.9 249.0 168.1 229.4 309.5 424.5 520.8 444.9 25.6 177.1 530.4 417.7 339.5 504.7 455.1 126.8 345.8 414.4 431.2 156.7 361.7 456.2 129.7 406.5 373.2 150.9 347.1 423.2 289.1 303.0 552.9 441.9 492.7 289.2 481.5 353.1 517.5 291.9 327.6 424.0 440.0 267.3 90.5 80.8 452.1 311.9 95.0 518.4 476.7 542.1 142.5 400.7 388.0 141.1 454.2 490.5 380.2 332.5 447.0 397.3 56.2 443.7 199.2 393.2 267.3 479.1 278.7 525.4 503.5 557.9 231.8 488.2 393.9 383.9 224.2 372.4 542.7 513.7 471.5 481.4 261.4 328.4 554.7 435.8 331.5 256.0 319.0 457.9 364.2 490.1 334.9 157.1 537.8 347.9 516.5 237.9 0.0 407.3 150.2 430.5 81.3 433.3 77.5 542.2 213.6 465.4 329.4 428.9 425.8 352.2 24.6 49.6 342.5 281.1 362.7 471.5 103.7 403.5 501.9 469.2 431.9
1967.9 227.7 131.1 41.5 276.0 130.6 137.4 379.0 212.6 220.0 169.1 176.9 182.1 238.4 253.4 170.2 401.8 224.5 196.7 121.8 243.1 277.0 320.3 274.6 280.7 10.3 242.2 170.1 209.7 378.9 84.2 75.3 115.1 269.8 207.6 164.2 250.5 168.3 196.4 274.6 72.1 223.8 143.9 205.8 239.7 250.4 179.5 130.0 111.2 66.1 205.9 144.6 104.6 84.9 281.9 151.9 288.7 321.2 113.0 128.1 329.1 185.2 295.5 228.9 300.7 121.7 181.6 384.4 119.6 226.5 206.7 235.2 189.0 265.9 364.7 161.3 296.7 157.5 308.8 201.4 155.1 192.2 314.2 207.5 201.7 193.0 220.4 115.8 265.7 241.0 197.0 204.9 280.0 137.1 157.8 205.4 257.3 96.7 212.0 251.1 121.0 200.2 55.0 176.9 171.3 370.8 244.1 207.1 208.7 195.6 373.5 0.0 399.9 91.4 339.6 198.9 371.7 237.1 255.8 130.8 240.2 215.1 182.1 217.4 348.8 332.8 243.7 276.2 179.1 176.3 338.3 159.0 160.1 211.5 176.0
1777.0 403.4 429.5 410.9 136.6 366.8 336.9 57.4 489.1 395.7 472.8 520.9 546.2 517.8 428.9 279.3 96.4 259.7 365.5 484.7 551.1 429.1 159.1 194.9 514.6 448.0 395.5 537.4 439.3 23.3 376.1 444.7 491.4 145.0 415.8 440.4 160.0 439.4 427.3 139.2 377.4 407.4 319.4 359.0 537.1 426.1 476.9 319.5 465.7 383.4 501.7 322.2 357.9 454.3 424.2 297.6 120.8 91.1 505.9 342.2 92.6 502.6 460.9 526.3 137.7 456.7 429.9 20.7 512.5 474.7 364.4 388.5 431.2 381.5 122.2 474.0 199.3 449.2 297.6 509.4 309.0 509.6 487.7 542.1 262.1 472.4 378.1 414.2 254.5 356.6 526.9 497.9 455.7 465.6 291.7 378.2 538.9 509.8 387.5 286.3 349.3 488.2 394.5 474.3 390.9 85.8 522.0 403.9 500.7 268.2 151.5 437.6 0.0 504.6 76.5 489.3 100.9 526.4 243.9 505.4 383.5 413.1 410.0 406.3 126.8 91.8 326.7 311.4 410.8 455.7 83.9 459.5 486.1 499.5 416.1
1941.0 200.5 135.1 70.3 302.6 161.5 168.3 389.4 150.7 216.3 96.2 85.4 90.6 169.0 249.7 189.5 428.8 243.8 193.0 77.8 146.2 256.9 346.9 301.3 218.8 129.5 238.5 78.6 147.8 405.5 115.1 81.5 71.1 296.1 203.9 102.3 277.1 164.6 192.7 301.2 103.0 166.1 147.9 202.1 177.8 206.8 117.6 149.3 49.3 97.0 119.3 148.1 135.5 6.5 278.2 171.2 315.3 347.8 21.5 159.0 355.7 98.6 222.3 167.0 327.3 127.9 177.9 411.0 28.1 164.6 168.7 231.5 127.1 234.0 391.3 69.8 323.3 113.5 335.4 109.9 161.3 105.6 248.8 116.0 207.9 127.7 152.1 119.8 292.3 209.1 105.5 143.0 276.3 75.2 177.1 201.7 170.7 52.7 208.3 270.4 151.9 108.7 85.9 115.0 167.6 397.4 182.2 213.3 168.7 201.8 400.1 119.1 426.5 0.0 360.0 205.1 398.3 150.5 282.4 39.3 236.5 153.2 120.2 213.7 375.4 359.4 208.1 295.5 174.7 111.0 364.9 165.2 68.6 120.0 114.1
1805.0 354.2 365.1 346.5 76.3 312.3 281.9 96.3 449.3 355.9 433.0 481.1 506.4 478.0 348.2 224.3 134.0 204.7 284.8 400.3 496.1 389.3 96.1 134.6 465.4 393.0 314.8 497.6 399.5 58.0 321.1 389.7 406.5 84.6 376.0 394.4 105.0 387.4 387.5 78.9 322.4 367.6 264.4 278.3 497.3 386.3 437.1 264.5 425.9 328.4 450.1 267.2 302.9 399.3 384.4 242.6 77.0 47.6 456.7 287.2 61.3 453.4 411.7 486.5 70.5 376.0 390.1 102.2 472.7 434.9 324.6 307.8 391.4 332.3 64.0 419.0 129.6 368.5 242.6 454.4 254.0 469.8 447.9 502.3 197.0 432.6 338.3 359.7 199.5 307.4 487.1 458.1 415.9 425.8 236.7 329.0 489.7 401.7 306.8 231.3 294.3 433.2 339.5 434.5 310.2 103.0 472.8 323.2 460.9 213.2 107.5 373.2 81.4 396.4 0.0 408.6 100.2 486.6 180.2 465.6 344.2 373.3 370.2 366.5 82.8 32.1 277.5 256.4 371.5 415.9 70.5 378.8 436.9 444.5 376.3
1904.8 248.7 145.0 188.5 212.9 221.5 226.5 315.9 357.0 241.0 317.9 321.3 326.5 381.1 124.0 271.9 338.7 203.0 113.7 197.9 387.5 298.0 248.2 211.5 377.9 247.7 159.2 314.5 302.6 315.8 188.6 152.9 204.6 206.4 206.0 303.7 187.4 192.1 217.4 211.5 200.7 244.8 157.8 122.8 384.1 271.4 323.9 234.3 255.6 206.7 341.4 71.4 195.5 229.3 286.0 253.6 225.7 251.8 257.4 219.0 266.0 323.1 316.5 373.3 237.6 94.1 202.6 321.3 264.0 338.0 227.7 152.2 247.5 253.7 301.6 305.7 233.6 170.7 245.7 345.8 84.6 330.1 336.9 351.9 117.6 335.7 241.4 147.0 202.6 228.8 341.4 349.3 301.0 275.0 259.5 172.7 395.2 223.0 81.7 229.6 211.9 344.6 204.1 321.3 112.4 328.1 388.5 65.8 375.0 112.1 310.4 237.3 336.8 235.8 270.3 0.0 322.9 375.0 192.0 275.2 173.7 287.0 273.3 196.5 285.7 270.5 203.4 254.7 200.1 319.0 274.7 47.8 304.5 355.9 279.4
1776.6 410.9 391.2 364.9 161.0 328.5 303.4 35.2 497.6 389.9 493.4 529.4 554.7 526.3 371.5 233.3 99.3 231.0 308.1 416.5 514.0 437.6 100.7 169.9 522.1 416.3 338.1 545.9 447.8 116.9 344.4 413.0 429.8 169.3 360.6 451.1 154.2 430.8 371.8 163.6 345.7 415.9 273.4 301.6 545.6 434.6 485.4 287.8 474.2 337.4 493.5 287.8 326.2 422.6 432.7 265.9 96.8 83.0 449.7 310.5 72.4 504.5 468.4 534.8 140.9 399.3 386.6 64.5 452.8 483.2 372.9 331.1 439.7 375.7 6.9 442.3 177.6 391.8 265.9 477.7 277.3 518.1 488.1 550.6 215.4 480.9 386.6 368.2 223.4 350.8 535.4 506.4 464.2 474.1 260.0 320.4 546.4 433.4 330.1 254.6 317.6 456.5 362.8 482.8 333.5 67.9 529.5 345.5 496.6 235.8 77.5 391.6 79.0 414.8 93.0 431.9 0.0 534.9 198.6 464.0 328.0 421.6 418.5 350.8 52.8 48.8 328.6 279.7 360.3 464.2 65.9 402.1 488.0 467.8 432.1
1928.3 187.8 263.3 198.5 426.6 289.7 294.7 503.7 97.4 189.7 65.1 64.1 89.4 76.4 349.4 291.8 526.5 346.1 292.7 206.0 253.9 244.2 449.1 354.3 155.1 257.7 332.1 101.5 135.1 498.8 243.3 209.7 199.3 420.1 264.3 77.8 401.1 203.9 252.8 425.2 231.2 196.1 276.1 295.6 95.9 194.1 78.3 251.6 128.8 225.2 26.9 276.3 263.7 150.4 251.6 273.5 413.5 439.6 122.3 283.8 453.8 45.2 209.6 105.3 451.3 256.1 238.0 483.6 115.7 111.3 156.0 325.1 157.1 221.3 489.4 172.1 358.7 207.7 365.6 212.2 289.5 38.2 236.1 85.3 335.5 51.6 139.4 248.0 319.6 196.4 70.1 89.7 249.7 93.3 279.4 238.3 20.1 180.9 308.0 372.7 280.1 188.4 214.1 56.8 267.3 515.9 119.9 324.4 79.9 330.0 516.3 247.3 514.1 143.9 455.6 333.3 510.7 0.0 330.2 104.5 277.6 140.5 107.5 273.8 491.6 458.3 195.4 397.8 204.7 63.0 462.5 293.4 85.2 171.8 101.4
1781.8 214.9 236.0 253.3 89.9 222.0 192.1 192.9 289.1 207.2 280.2 320.9 346.2 317.8 158.5 134.5 215.7 117.9 95.1 210.1 424.5 229.1 134.2 88.5 314.6 312.5 125.1 337.4 239.3 178.3 279.6 217.7 216.8 83.7 147.3 243.6 57.5 189.3 158.8 88.5 286.0 193.0 245.3 88.6 337.1 237.6 276.9 174.7 254.2 280.0 299.3 213.2 286.5 281.5 206.2 152.8 102.6 128.8 294.4 197.4 145.7 298.7 262.2 326.3 114.6 186.3 173.6 198.3 301.0 274.7 164.4 118.1 195.7 195.0 178.6 342.7 110.6 178.8 52.9 382.8 204.1 305.7 280.9 342.1 197.6 272.4 178.1 238.0 9.8 170.1 326.9 297.9 237.9 250.6 146.9 114.0 338.9 235.2 117.1 141.5 204.5 381.6 268.9 274.3 120.5 184.7 322.0 133.5 288.1 191.5 187.4 302.1 213.8 288.0 147.3 218.9 193.3 326.4 0.0 305.4 115.0 213.1 210.0 137.8 162.7 146.7 126.7 166.6 148.3 255.7 152.2 189.1 286.1 392.9 223.6
1937.3 196.8 174.5 109.7 322.0 200.9 203.3 408.8 159.8 198.7 42.6 46.0 51.2 129.6 289.1 187.2 448.2 241.5 232.4 117.2 149.3 253.2 357.3 320.6 208.3 168.9 277.9 39.2 144.1 424.9 154.5 120.9 110.5 315.5 243.4 86.8 296.5 183.0 231.9 320.6 142.4 175.2 187.3 241.5 149.1 203.1 126.7 147.0 58.4 136.4 77.5 187.5 174.9 45.8 260.6 168.9 334.8 360.9 17.7 179.2 375.1 59.2 218.6 158.5 346.7 167.3 217.1 430.4 11.1 173.7 165.0 270.9 136.2 230.3 410.7 67.5 342.7 152.9 354.8 107.6 200.7 66.2 245.1 76.6 246.7 88.3 148.4 159.2 311.7 205.4 66.1 152.1 258.7 84.3 174.8 217.4 131.3 92.1 247.7 268.1 186.3 106.4 125.3 124.0 207.0 437.2 173.1 252.7 116.6 241.2 419.5 158.5 445.9 39.3 379.4 244.5 432.0 111.1 301.1 0.0 256.7 149.5 116.5 252.9 394.8 379.6 204.4 293.2 183.8 71.6 383.8 204.6 29.2 106.1 110.4
1792.9 128.3 176.7 194.0 231.6 253.2 258.2 334.6 220.4 120.6 204.1 252.2 276.9 249.1 136.3 303.6 357.8 260.2 72.9 150.8 337.9 170.5 275.9 230.2 245.9 253.2 102.9 264.9 170.6 363.4 220.3 158.4 157.5 225.1 32.3 174.9 206.1 90.9 43.8 230.2 226.7 106.4 189.5 66.4 268.4 151.0 208.2 266.0 167.6 220.7 230.6 184.7 227.2 213.0 178.6 285.3 244.3 272.6 207.8 250.7 284.7 212.1 174.2 257.6 256.3 164.1 58.6 348.2 214.4 206.0 95.7 95.9 109.1 108.4 320.3 256.1 223.3 137.5 177.7 296.2 181.9 219.1 192.9 273.4 175.4 203.7 109.4 178.7 131.7 83.5 258.2 229.2 176.7 164.0 291.2 27.4 270.2 175.9 94.9 286.8 243.6 295.0 209.6 205.6 98.3 326.4 253.3 111.3 232.0 169.3 329.1 242.8 378.7 206.5 289.0 196.7 340.6 257.7 141.6 225.6 0.0 144.4 141.3 22.8 304.4 288.4 58.0 311.9 61.7 187.0 293.9 166.9 213.6 306.3 154.9
1814.7 47.2 211.0 169.2 305.1 260.4 265.4 390.1 122.9 65.0 106.6 154.7 180.0 151.6 237.5 300.0 412.9 354.3 177.1 162.3 269.8 122.0 335.5 240.7 155.5 228.4 207.1 171.2 73.1 385.2 214.0 180.4 155.6 298.6 156.6 74.2 280.4 131.2 145.1 303.7 201.9 66.4 223.8 170.6 170.9 53.5 110.7 259.8 99.5 195.9 135.5 219.0 234.4 144.9 126.9 281.7 299.9 326.0 139.7 257.9 340.2 136.4 69.0 160.1 329.8 198.8 130.3 370.0 146.3 108.5 42.4 200.1 65.0 107.7 375.8 188.0 245.1 135.0 252.0 228.1 232.2 143.4 95.5 175.9 276.0 106.2 25.8 213.0 206.0 82.8 160.7 131.7 125.0 99.4 287.6 120.2 172.7 151.6 196.1 380.9 250.8 226.9 184.8 108.1 155.4 402.3 155.8 212.5 134.5 270.5 402.7 218.0 400.5 138.4 342.0 276.0 397.1 160.2 216.6 139.2 156.6 0.0 43.8 166.1 378.0 344.7 81.8 406.0 86.6 89.5 348.9 236.1 119.9 238.1 49.9
1820.7 80.2 190.1 125.3 311.1 216.5 221.5 396.1 77.3 82.1 62.7 110.8 136.1 107.7 243.5 256.1 418.9 310.4 183.1 132.8 225.9 136.6 341.5 246.7 102.8 184.5 213.1 127.3 27.5 391.2 170.1 136.5 126.1 304.6 162.6 30.3 286.4 118.4 151.1 309.7 158.0 72.4 202.9 176.6 127.0 86.5 66.8 215.9 55.6 152.0 91.6 203.1 190.5 101.0 144.0 237.8 305.9 332.0 95.8 214.0 346.2 92.5 102.0 116.2 335.8 182.9 136.3 376.0 102.4 62.9 48.4 206.1 52.2 113.7 381.8 144.1 251.1 122.2 258.0 184.2 216.3 99.5 128.5 132.0 262.3 62.3 31.8 174.8 212.0 88.8 116.8 86.1 142.1 70.0 243.7 126.2 128.8 107.7 202.1 337.0 206.9 183.0 140.9 64.2 161.4 408.3 110.2 218.5 90.6 256.8 408.7 174.1 406.5 94.5 348.0 260.1 403.1 116.3 222.6 95.3 162.6 32.9 0.0 172.1 384.0 350.7 87.8 362.1 92.6 45.6 354.9 220.2 76.0 194.2 6.0
1815.7 145.5 160.1 177.4 254.4 236.6 241.6 357.4 243.2 137.8 225.1 275.0 288.5 271.9 159.1 287.0 380.6 341.3 95.7 134.2 349.5 193.3 289.7 253.0 268.7 236.6 125.7 276.5 193.4 386.2 203.7 141.8 140.9 247.9 9.5 194.5 228.9 70.9 21.0 253.0 210.1 129.2 172.9 89.2 296.2 168.2 236.0 249.4 179.2 204.1 242.0 168.1 210.6 205.6 199.7 268.7 267.2 293.3 219.4 234.1 307.5 223.7 197.0 285.4 279.1 147.9 35.8 371.0 226.0 228.8 118.5 118.7 131.9 131.2 343.1 267.7 246.1 120.9 200.5 307.8 181.3 230.7 223.8 296.2 197.6 226.5 132.2 162.1 154.5 106.3 281.0 261.4 197.8 175.6 274.6 50.2 293.0 159.3 117.7 367.9 227.0 306.6 193.0 233.4 104.5 369.6 276.1 134.1 254.8 192.1 351.9 226.2 401.5 212.1 311.8 219.5 364.4 275.6 165.1 237.2 22.8 167.2 164.1 0.0 327.2 312.0 80.8 393.0 84.5 209.8 316.2 185.2 225.2 317.9 170.2
1829.5 394.5 374.5 355.9 123.6 311.8 281.9 104.0 480.2 386.8 463.9 512.0 492.0 508.9 348.2 224.3 143.4 204.7 284.8 399.8 496.1 420.2 50.3 152.4 505.7 393.0 314.8 480.0 430.4 102.1 321.1 389.7 406.5 132.0 337.0 431.5 105.0 381.8 348.5 126.2 322.4 398.5 264.4 278.3 528.2 417.2 468.0 264.5 456.8 328.4 492.8 267.2 302.9 399.3 415.3 242.6 65.8 56.1 427.4 287.2 70.3 493.7 452.0 517.4 117.8 376.0 363.3 116.4 429.5 465.8 355.5 307.8 422.3 372.6 31.5 419.0 174.5 368.5 242.6 454.4 254.0 500.7 478.8 533.2 207.1 463.5 369.2 359.2 199.5 347.7 518.0 489.0 446.8 456.7 236.7 303.7 530.0 411.1 306.8 231.3 294.3 433.2 339.5 465.4 310.2 132.4 513.1 323.2 491.8 213.2 24.6 382.6 125.5 405.8 56.6 408.6 52.8 517.5 188.9 440.7 304.7 404.2 401.1 327.5 0.0 24.9 317.8 256.4 338.0 446.8 79.0 378.8 477.2 444.5 407.2
1776.4 359.4 348.7 330.1 97.8 286.0 256.1 78.2 445.1 351.7 428.8 476.9 466.2 473.8 322.4 198.5 117.2 178.9 259.0 374.0 464.9 385.1 74.2 117.4 470.6 367.2 289.0 454.2 395.3 61.8 295.3 363.9 380.7 105.8 311.5 399.6 91.0 353.2 322.7 100.4 296.6 363.4 238.6 252.5 493.1 382.1 432.9 238.7 421.7 302.6 455.3 241.4 277.1 373.5 380.2 216.8 40.2 32.4 401.6 261.4 44.5 458.6 416.9 482.3 92.0 350.2 337.5 99.8 403.7 430.7 320.4 282.0 387.2 337.5 31.8 393.2 139.4 342.7 216.8 428.6 228.2 465.6 443.7 498.1 180.6 428.4 334.1 333.4 174.3 312.6 482.9 453.9 411.7 421.6 210.9 277.9 494.9 385.3 281.0 205.5 268.5 407.4 313.7 430.3 284.4 86.2 478.0 297.4 456.7 186.7 60.4 356.8 99.7 380.0 36.4 382.8 38.8 482.4 163.8 414.9 278.9 369.1 366.0 301.7 35.7 0.0 282.7 230.6 312.2 411.7 53.7 353.0 442.1 418.7 372.1
1732.8 76.6 183.8 201.1 223.2 260.3 265.3 292.0 162.3 68.9 160.1 194.1 219.4 191.0 158.6 310.7 331.4 249.0 95.2 157.9 309.2 102.3 249.5 158.7 187.8 260.3 125.2 210.6 112.5 288.8 227.4 165.5 164.6 216.7 107.3 116.8 198.5 109.8 117.9 221.8 233.8 80.6 196.6 88.7 210.3 99.3 150.1 273.1 138.9 227.8 172.5 194.5 234.3 184.3 121.1 292.4 217.9 250.4 179.1 257.8 258.3 175.8 132.1 199.5 247.9 171.6 103.1 288.1 185.7 147.9 37.6 118.2 104.4 54.7 293.9 227.4 163.2 144.6 170.1 267.5 205.0 182.8 150.8 215.3 197.7 145.6 51.3 185.8 123.5 29.8 200.1 171.1 134.6 138.8 298.3 51.4 212.1 183.0 117.2 275.6 250.7 266.3 216.7 147.5 128.2 300.0 195.2 133.6 161.3 192.2 320.8 249.9 318.6 177.8 268.8 219.0 314.2 199.6 134.0 178.6 74.7 86.3 83.2 97.5 296.1 262.0 0.0 300.7 84.0 128.9 267.5 189.2 159.3 277.5 96.8
1841.2 344.1 164.1 213.8 149.3 122.4 141.7 236.1 384.9 336.4 345.8 349.2 354.4 410.7 228.4 189.3 275.5 37.8 218.1 277.1 415.4 358.3 184.6 147.9 453.0 250.9 254.3 342.4 368.5 252.2 168.2 232.1 283.8 142.8 276.5 333.3 123.8 296.5 288.0 147.9 180.3 322.2 151.3 217.8 412.0 366.8 351.8 208.0 283.5 186.3 375.8 154.1 147.8 257.2 335.4 186.1 162.1 188.2 285.3 171.4 202.4 357.5 391.4 401.2 174.0 173.3 302.8 257.7 291.9 398.8 293.6 247.3 324.9 324.2 238.0 333.6 170.0 275.1 182.1 373.7 140.9 364.5 403.0 379.8 94.0 365.3 307.3 179.4 139.0 299.3 369.3 377.2 367.1 309.4 176.9 243.2 429.6 269.0 186.1 18.3 164.3 372.5 197.4 349.2 216.8 264.5 416.4 170.2 402.9 100.1 246.8 240.5 273.2 263.7 206.7 223.9 259.3 409.4 128.4 303.1 244.2 342.3 339.2 267.0 222.1 206.9 255.9 0.0 277.5 348.6 211.1 187.7 332.4 383.8 345.3
1819.0 73.8 142.2 159.5 256.0 218.7 225.5 359.0 175.8 66.1 129.5 207.6 215.1 204.5 160.7 269.1 381.8 323.4 97.3 116.3 276.1 123.1 300.3 254.6 201.3 218.7 127.3 203.1 126.0 344.4 185.8 123.9 123.0 249.5 87.5 130.3 230.5 68.2 76.3 254.6 192.2 44.6 155.0 90.8 222.8 96.5 162.6 231.5 105.8 186.2 171.0 152.9 192.7 151.2 128.0 250.8 268.7 297.0 146.0 216.2 309.1 150.3 141.6 212.0 280.7 130.0 61.5 374.3 152.6 161.4 52.8 120.3 47.3 94.0 344.7 194.3 249.4 103.0 202.1 234.4 163.4 157.3 160.3 228.8 199.8 159.1 64.8 144.2 155.5 69.1 213.6 188.0 126.1 102.2 256.7 33.5 222.4 141.4 119.3 350.0 209.1 233.2 175.1 160.0 86.6 350.8 208.7 135.7 187.4 193.7 353.5 208.3 404.8 144.7 313.4 207.2 351.7 202.2 166.0 163.8 72.8 112.1 96.7 95.6 328.8 312.8 96.4 375.1 0.0 142.4 318.3 167.3 151.8 244.5 110.3
1865.2 124.7 203.1 138.3 355.6 229.5 234.5 424.4 92.9 126.6 36.6 65.1 90.4 62.0 288.0 256.5 463.8 310.8 227.6 145.8 218.6 181.1 386.0 291.2 147.3 197.5 257.6 102.5 72.0 435.7 183.1 149.5 139.1 349.1 207.1 14.7 330.9 161.7 195.6 354.2 171.0 116.9 215.9 221.1 81.5 131.0 59.8 216.3 68.6 165.0 45.9 216.1 203.5 114.0 188.5 238.2 350.4 376.5 87.0 227.0 390.7 64.2 146.5 90.9 380.3 195.9 180.8 420.5 80.4 106.8 92.9 250.6 96.7 158.2 426.3 136.8 295.6 165.5 302.5 176.9 229.3 57.2 173.0 86.3 275.3 16.6 76.3 187.8 256.5 133.3 71.1 85.2 186.6 76.0 244.1 170.7 83.1 120.7 246.6 337.4 219.9 189.4 153.9 39.8 205.9 452.8 105.5 263.0 44.9 269.8 453.2 187.1 451.0 107.5 392.5 273.1 447.6 70.6 267.1 69.2 207.1 77.4 44.4 216.6 428.5 395.2 132.3 362.5 137.1 0.0 399.4 233.2 49.9 172.8 38.3
1728.9 374.9 364.2 345.6 131.3 301.5 269.8 40.6 460.6 367.2 451.7 492.4 481.7 489.3 337.9 214.0 63.4 194.4 274.5 389.5 480.4 400.6 89.7 132.9 486.1 382.7 304.5 469.7 410.8 84.9 310.8 379.4 396.2 139.7 326.7 415.1 94.7 368.7 338.2 133.9 312.1 378.9 254.1 268.0 508.6 397.6 448.4 254.2 437.2 318.1 470.8 256.9 292.6 389.0 395.7 232.3 55.7 17.1 417.1 276.9 9.2 474.1 432.4 497.8 125.5 365.7 353.0 46.0 419.2 446.2 335.9 297.5 402.7 353.0 75.6 408.7 154.9 358.2 232.3 444.1 243.7 481.1 459.2 513.6 196.1 443.9 349.6 348.9 189.8 328.1 498.4 469.4 427.2 437.1 226.4 293.4 510.4 400.8 296.5 221.0 284.0 422.9 329.2 445.8 299.9 32.4 493.5 312.9 472.2 202.2 104.2 372.3 61.5 395.5 64.3 398.3 82.6 497.9 179.3 430.4 294.4 384.6 381.5 317.2 79.5 43.7 298.2 246.1 327.7 427.2 0.0 368.5 457.6 434.2 387.6
1869.9 230.9 97.1 140.6 178.0 173.6 178.6 264.8 309.1 223.2 270.0 273.4 278.6 334.9 106.2 224.0 304.2 168.1 95.9 150.0 339.6 280.2 213.3 176.6 360.1 199.8 141.4 266.6 284.8 280.9 140.7 105.0 156.7 171.5 188.2 257.5 152.5 174.3 199.6 176.6 152.8 227.0 109.9 105.0 336.2 253.6 276.0 186.4 207.7 158.8 300.0 23.5 147.6 181.4 268.2 205.7 190.8 216.9 209.5 171.1 231.1 281.7 298.7 325.4 202.7 46.2 184.8 286.4 216.1 323.0 209.9 134.4 229.7 235.9 266.7 257.8 198.7 152.9 210.8 297.9 36.7 288.7 319.1 304.0 82.7 289.5 223.6 99.1 167.7 211.0 293.5 301.4 283.2 233.6 211.6 154.9 353.8 175.1 63.9 194.7 164.0 296.7 156.2 273.4 94.6 293.2 340.6 48.0 327.1 77.2 275.5 189.4 301.9 187.9 235.4 39.8 288.0 333.6 157.1 227.3 155.9 269.2 255.5 178.7 250.8 235.6 185.6 219.8 182.3 272.8 239.8 0.0 256.6 308.0 261.6
1908.0 167.5 193.8 129.0 341.3 220.2 220.8 444.3 122.8 169.4 32.2 58.0 63.2 104.4 308.4 206.5 467.1 260.8 251.7 136.5 168.6 223.9 385.6 339.9 183.1 188.2 297.2 51.2 114.8 444.2 173.8 140.2 129.8 334.9 230.5 54.3 315.8 172.7 219.0 339.9 161.7 162.3 206.6 260.8 123.9 173.8 102.6 166.3 77.7 155.7 50.6 209.5 194.2 65.1 231.3 188.2 354.0 386.5 37.0 198.5 394.4 29.9 189.3 133.3 366.0 186.6 204.2 463.3 30.4 136.7 135.7 290.2 123.3 201.0 430.0 86.8 362.0 172.2 374.1 126.9 220.0 36.9 207.7 88.6 266.6 59.0 119.1 178.5 298.7 176.1 78.1 115.1 229.4 59.5 194.1 204.5 102.0 111.4 267.0 287.4 205.6 125.7 144.6 82.2 226.3 436.1 147.9 272.0 74.7 260.5 438.8 177.8 465.2 58.6 404.9 263.8 450.3 81.8 321.1 19.2 243.8 120.2 87.2 240.0 414.1 398.1 175.1 312.5 170.9 42.3 403.6 223.9 0.0 118.1 73.9
2037.3 286.1 267.1 210.0 345.4 256.6 226.7 432.2 213.9 288.0 131.9 147.4 69.0 181.8 389.4 210.6 471.6 264.9 332.7 217.5 154.7 342.5 380.7 344.0 260.5 269.2 378.2 73.6 233.4 448.3 220.2 221.2 210.8 338.9 343.7 176.1 319.9 283.3 332.2 344.0 212.4 275.5 279.9 341.8 201.3 292.4 194.8 170.4 158.7 218.4 161.4 287.8 236.2 146.1 349.9 192.3 358.2 384.3 118.0 202.6 398.5 148.5 307.9 210.7 370.1 267.6 317.4 453.8 106.1 227.8 254.3 371.2 236.5 319.6 434.1 95.6 366.1 253.2 378.2 113.0 301.0 155.5 334.4 94.4 290.1 168.1 237.7 251.8 335.1 294.7 133.4 206.2 348.0 178.1 198.2 317.7 186.3 192.4 348.0 291.5 209.7 16.5 225.6 173.3 307.3 460.6 225.3 353.0 196.4 296.2 442.9 258.8 469.3 139.6 402.8 344.8 455.4 166.1 324.5 116.5 357.0 238.8 205.8 353.2 418.2 403.0 293.7 316.6 284.1 160.9 407.2 304.9 118.5 0.0 199.7
1826.8 93.5 176.5 111.7 317.2 202.9 217.2 386.0 83.4 88.2 68.7 104.7 130.0 101.6 249.6 242.5 425.0 307.3 189.2 126.7 214.4 142.7 350.7 252.7 116.1 178.4 219.2 121.2 33.6 382.8 164.0 130.4 120.0 310.8 168.4 27.4 285.6 137.7 157.2 315.8 151.9 78.5 196.8 182.7 120.9 92.6 60.7 209.8 49.5 145.9 75.6 199.7 184.4 94.9 150.1 231.7 319.1 344.4 89.7 207.9 355.0 78.9 115.3 110.1 341.9 176.8 142.4 382.1 96.3 69.0 54.5 212.2 58.3 127.0 387.9 138.0 264.4 128.3 264.1 178.1 210.2 93.4 126.5 125.9 256.8 56.2 37.9 168.7 217.5 102.1 110.7 92.2 148.2 63.9 237.6 139.5 122.7 101.6 208.2 330.9 200.8 176.9 134.8 58.1 167.5 394.0 123.5 224.6 71.9 251.3 414.8 168.0 412.6 88.4 362.8 254.0 394.9 110.2 228.0 89.2 168.7 39.0 6.0 178.2 390.1 356.0 101.1 356.0 105.9 39.5 368.7 214.1 69.9 188.1 0.0
