Name		1167_BED-Amazon_n126_m161_bt32
Number_of_Customers	126
Number_of_Items		161
Number_of_ItemTypes	32
Number_of_Vehicles	1
TimeWindows		0
Dist_type	manual

VEHICLE
Mass_Capacity	1208
CargoSpace_Length	174
CargoSpace_Width	97
CargoSpace_Height	105

CUSTOMERS
i	x	y	Demand	ReadyTime	DueDate	ServiceTime	DemandedMass	DemandedVolume
0	42.139891	-71.494346	0	0	0	0	0	0
1	42.369105	-71.354399	1	0	0	0	4.7	1380
2	42.335321	-71.333117	2	0	0	0	5.4	4020
3	42.335147	-71.336554	1	0	0	0	4.7	1380
4	42.375533	-71.345947	1	0	0	0	7.3	3640
5	42.333295	-71.346736	1	0	0	0	2.91	13520
6	42.376821	-71.345895	2	0	0	0	7.55	15272
7	42.371006	-71.34748	1	0	0	0	0.7	2640
8	42.329076	-71.334291	1	0	0	0	3.01	5544
9	42.363291	-71.342023	1	0	0	0	1.75	4608
10	42.363929	-71.355977	1	0	0	0	2.5	3978
11	42.363227	-71.344792	1	0	0	0	4.7	1380
12	42.373304	-71.372364	1	0	0	0	4.8	6200
13	42.343539	-71.336307	2	0	0	0	14.8	6780
14	42.36579	-71.364283	1	0	0	0	4.7	1380
15	42.342481	-71.338322	1	0	0	0	4.26	10440
16	42.330812	-71.338945	1	0	0	0	4.66	4350
17	42.333226	-71.341104	2	0	0	0	6.45	5988
18	42.324139	-71.346898	1	0	0	0	4.7	1380
19	42.369647	-71.335321	3	0	0	0	15.48	38100
20	42.333265	-71.342471	1	0	0	0	4.7	1380
21	42.336955	-71.335086	2	0	0	0	6.85	2460
22	42.373584	-71.372853	1	0	0	0	4.7	1380
23	42.360125	-71.356347	2	0	0	0	5.92	19064
24	42.331534	-71.346932	2	0	0	0	6.45	5988
25	42.355157	-71.338334	1	0	0	0	4.7	1380
26	42.363663	-71.364802	1	0	0	0	3.01	5544
27	42.369706	-71.360738	1	0	0	0	4.7	1380
28	42.319021	-71.34741	1	0	0	0	3.42	5040
29	42.375263	-71.368465	1	0	0	0	3.82	8580
30	42.35577	-71.342722	1	0	0	0	0.7	2640
31	42.334981	-71.335207	2	0	0	0	9.99	9455
32	42.366721	-71.350847	1	0	0	0	5.88	29808
33	42.319817	-71.345868	1	0	0	0	0.7	2640
34	42.365054	-71.370599	1	0	0	0	4.7	1380
35	42.362499	-71.369605	1	0	0	0	4.7	1380
36	42.330343	-71.338742	1	0	0	0	1.9	1176
37	42.344999	-71.337226	1	0	0	0	0.7	2640
38	42.334622	-71.347602	1	0	0	0	4.7	1380
39	42.368097	-71.337813	1	0	0	0	4.7	1380
40	42.367586	-71.350186	1	0	0	0	2.5	3978
41	42.335243	-71.349885	1	0	0	0	2.5	3978
42	42.364607	-71.333071	1	0	0	0	9.4	2760
43	42.322039	-71.349363	2	0	0	0	4.91	6720
44	42.366003	-71.354768	1	0	0	0	2.75	9072
45	42.368597	-71.364169	2	0	0	0	4.45	19535
46	42.325047	-71.347797	1	0	0	0	2.6	10400
47	42.364267	-71.358749	1	0	0	0	4.7	1380
48	42.358947	-71.343071	1	0	0	0	1.75	4608
49	42.322389	-71.34821	1	0	0	0	0.7	2640
50	42.319677	-71.350322	3	0	0	0	11.33	20544
51	42.368351	-71.34869	1	0	0	0	2.6	10400
52	42.36814	-71.336521	1	0	0	0	0.7	2640
53	42.354661	-71.340027	2	0	0	0	7.2	5358
54	42.323901	-71.348176	5	0	0	0	33.03	38224
55	42.345578	-71.338224	1	0	0	0	3.82	7600
56	42.365621	-71.342443	1	0	0	0	1.9	1176
57	42.374448	-71.353029	1	0	0	0	5.29	8075
58	42.361889	-71.349758	1	0	0	0	2.5	3978
59	42.333873	-71.35073	1	0	0	0	4.7	1380
60	42.357611	-71.331202	1	0	0	0	14.15	1000
61	42.379391	-71.366593	1	0	0	0	0.7	2640
62	42.31994	-71.352347	1	0	0	0	2.5	3978
63	42.363581	-71.357261	1	0	0	0	1.75	4608
64	42.366781	-71.367989	1	0	0	0	1.55	8704
65	42.333279	-71.344	1	0	0	0	4.7	1380
66	42.368607	-71.362136	1	0	0	0	3.82	7600
67	42.363952	-71.355502	1	0	0	0	4.7	1380
68	42.377636	-71.349331	1	0	0	0	0.7	2640
69	42.354737	-71.348303	1	0	0	0	2.6	10400
70	42.324219	-71.346475	2	0	0	0	6.45	5988
71	42.337601	-71.348471	1	0	0	0	1.4	5280
72	42.360047	-71.338187	1	0	0	0	4.7	1380
73	42.37905	-71.349795	1	0	0	0	2.5	3978
74	42.32824	-71.335865	1	0	0	0	4.7	1380
75	42.359601	-71.331143	1	0	0	0	2.5	3978
76	42.353589	-71.334351	1	0	0	0	4.7	1380
77	42.370537	-71.346343	1	0	0	0	0.7	2640
78	42.360685	-71.333021	1	0	0	0	4.7	1380
79	42.367568	-71.360659	1	0	0	0	2.5	3978
80	42.34312	-71.335164	2	0	0	0	8.0	6280
81	42.328881	-71.351083	1	0	0	0	0.7	2640
82	42.362669	-71.354341	1	0	0	0	0.7	2640
83	42.36374	-71.36074	1	0	0	0	4.7	1380
84	42.375982	-71.346558	1	0	0	0	4.8	6200
85	42.371273	-71.34852	1	0	0	0	1.38	5100
86	42.328812	-71.352409	1	0	0	0	0.7	2640
87	42.372515	-71.344935	2	0	0	0	18.85	2380
88	42.318008	-71.353393	1	0	0	0	3.01	5544
89	42.342609	-71.338687	1	0	0	0	4.7	1380
90	42.359706	-71.345172	1	0	0	0	4.7	1380
91	42.320972	-71.344749	1	0	0	0	4.7	1380
92	42.322121	-71.34334	1	0	0	0	4.7	1380
93	42.324329	-71.345896	1	0	0	0	3.01	5544
94	42.319565	-71.3525	1	0	0	0	0.7	2640
95	42.374271	-71.348284	1	0	0	0	4.7	1380
96	42.361195	-71.33113	1	0	0	0	7.3	3640
97	42.335044	-71.344585	1	0	0	0	2.5	3978
98	42.331534	-71.348738	1	0	0	0	4.7	1380
99	42.363397	-71.338364	1	0	0	0	4.7	1380
100	42.368617	-71.363771	1	0	0	0	1.77	9425
101	42.374804	-71.352325	1	0	0	0	4.26	10440
102	42.318544	-71.349841	1	0	0	0	4.7	1380
103	42.365146	-71.333155	1	0	0	0	2.91	13520
104	42.365201	-71.366082	1	0	0	0	0.7	2640
105	42.378985	-71.349756	2	0	0	0	6.45	22644
106	42.376582	-71.350228	1	0	0	0	4.7	1380
107	42.31992	-71.344341	1	0	0	0	3.01	5544
108	42.336293	-71.334425	1	0	0	0	9.4	2760
109	42.333461	-71.342984	1	0	0	0	1.59	3400
110	42.372111	-71.349966	2	0	0	0	7.3	7296
111	42.322204	-71.34088	1	0	0	0	3.01	5544
112	42.333393	-71.34919	1	0	0	0	0.7	2640
113	42.359948	-71.356704	1	0	0	0	0.7	2640
114	42.365857	-71.361019	1	0	0	0	1.59	3400
115	42.36546	-71.356762	1	0	0	0	4.7	1380
116	42.3613	-71.359183	1	0	0	0	3.82	7600
117	42.33631	-71.333803	1	0	0	0	9.4	2760
118	42.360049	-71.338215	1	0	0	0	1.75	4608
119	42.324577	-71.349184	1	0	0	0	4.7	1380
120	42.351535	-71.348665	1	0	0	0	0.7	2640
121	42.350332	-71.337	1	0	0	0	2.5	3978
122	42.367101	-71.351921	1	0	0	0	4.7	1380
123	42.362854	-71.365259	2	0	0	0	8.78	22424
124	42.36803	-71.360026	1	0	0	0	2.6	10400
125	42.34336	-71.330822	1	0	0	0	1.75	4608
126	42.361828	-71.346112	1	0	0	0	4.26	10440

ITEMS
Type	Length	Width	Height	Mass	Fragility	LoadBearingStrength
Bt1	10	10	10	14.15	1	0
Bt2	18	12	5	2.15	1	0
Bt3	21	14	4	1.9	1	0
Bt4	23	15	4	4.7	1	0
Bt5	20	18	7	1.8	1	0
Bt6	15	11	16	0.7	1	0
Bt7	34	10	10	1.59	1	0
Bt8	20	14	13	7.3	1	0
Bt9	17	13	18	2.5	1	0
Bt10	29	15	10	4.66	1	0
Bt11	24	12	16	1.75	1	0
Bt12	24	15	14	3.42	1	0
Bt13	30	17	10	1.38	1	0
Bt14	28	22	9	3.01	1	0
Bt15	29	17	12	2.6	1	0
Bt16	31	20	10	4.8	1	0
Bt17	40	19	10	3.82	1	0
Bt18	25	19	17	5.29	1	0
Bt19	22	15	26	3.816	1	0
Bt20	34	16	16	1.55	1	0
Bt21	28	18	18	2.75	1	0
Bt22	29	21	15	1.85	1	0
Bt23	29	25	13	1.77	1	0
Bt24	40	20	13	2.6	1	0
Bt25	29	24	15	4.26	1	0
Bt26	26	20	26	2.91	1	0
Bt27	27	23	24	2.94	1	0
Bt28	39	26	16	3.975	1	0
Bt29	39	27	16	7.63	1	0
Bt30	57	15	20	3.44	1	0
Bt31	60	19	16	5.53	1	0
Bt32	33	20	28	5.25	1	0

DEMANDS PER CUSTOMER
i	Type Quantity
1	Bt4 1	
2	Bt6 1	Bt4 1	
3	Bt4 1	
4	Bt8 1	
5	Bt26 1	
6	Bt21 1	Bt16 1	
7	Bt6 1	
8	Bt14 1	
9	Bt11 1	
10	Bt9 1	
11	Bt4 1	
12	Bt16 1	
13	Bt4 3	Bt6 1	
14	Bt4 1	
15	Bt25 1	
16	Bt10 1	
17	Bt4 1	Bt11 1	
18	Bt4 1	
19	Bt32 1	Bt31 1	Bt4 1	
20	Bt4 1	
21	Bt2 1	Bt4 1	
22	Bt4 1	
23	Bt26 1	Bt14 1	
24	Bt11 1	Bt4 1	
25	Bt4 1	
26	Bt14 1	
27	Bt4 1	
28	Bt12 1	
29	Bt19 1	
30	Bt6 1	
31	Bt18 1	Bt4 1	
32	Bt27 2	
33	Bt6 1	
34	Bt4 1	
35	Bt4 1	
36	Bt3 1	
37	Bt6 1	
38	Bt4 1	
39	Bt4 1	
40	Bt9 1	
41	Bt9 1	
42	Bt4 2	
43	Bt14 1	Bt3 1	
44	Bt21 1	
45	Bt24 1	Bt22 1	
46	Bt24 1	
47	Bt4 1	
48	Bt11 1	
49	Bt6 1	
50	Bt29 1	Bt5 1	Bt3 1	
51	Bt24 1	
52	Bt6 1	
53	Bt4 1	Bt9 1	
54	Bt4 4	Bt14 1	Bt17 1	Bt2 1	Bt32 1	
55	Bt17 1	
56	Bt3 1	
57	Bt18 1	
58	Bt9 1	
59	Bt4 1	
60	Bt1 1	
61	Bt6 1	
62	Bt9 1	
63	Bt11 1	
64	Bt20 1	
65	Bt4 1	
66	Bt17 1	
67	Bt4 1	
68	Bt6 1	
69	Bt24 1	
70	Bt11 1	Bt4 1	
71	Bt6 2	
72	Bt4 1	
73	Bt9 1	
74	Bt4 1	
75	Bt9 1	
76	Bt4 1	
77	Bt6 1	
78	Bt4 1	
79	Bt9 1	
80	Bt8 1	Bt6 1	
81	Bt6 1	
82	Bt6 1	
83	Bt4 1	
84	Bt16 1	
85	Bt13 1	
86	Bt6 1	
87	Bt1 1	Bt4 1	
88	Bt14 1	
89	Bt4 1	
90	Bt4 1	
91	Bt4 1	
92	Bt4 1	
93	Bt14 1	
94	Bt6 1	
95	Bt4 1	
96	Bt8 1	
97	Bt9 1	
98	Bt4 1	
99	Bt4 1	
100	Bt23 1	
101	Bt25 1	
102	Bt4 1	
103	Bt26 1	
104	Bt6 1	
105	Bt30 1	Bt14 1	
106	Bt4 1	
107	Bt14 1	
108	Bt4 2	
109	Bt7 1	
110	Bt15 1	Bt4 1	
111	Bt14 1	
112	Bt6 1	
113	Bt6 1	
114	Bt7 1	
115	Bt4 1	
116	Bt17 1	
117	Bt4 2	
118	Bt11 1	
119	Bt4 1	
120	Bt6 1	
121	Bt9 1	
122	Bt4 1	
123	Bt16 1	Bt28 1	
124	Bt24 1	
125	Bt11 1	
126	Bt25 1	

DISTANCE MATRIX
0.0 2769.7 2436.2 2545.4 2909.6 2350.3 2936.8 2795.9 2346.2 2775.4 2593.2 2779.0 2695.0 2499.2 2726.3 2466.0 2371.3 2300.2 2166.8 2852.4 2321.7 2509.6 2698.5 2555.3 2283.6 2671.1 2657.5 2683.9 2247.5 2742.4 2560.3 2508.6 2699.9 2298.7 2711.6 2729.7 2351.7 2498.1 2384.3 2819.1 2689.9 2364.2 2743.5 2172.3 2636.2 2672.6 2224.7 2590.6 2717.3 2195.5 2225.9 2704.8 2815.4 2592.6 2155.3 2545.4 2817.0 2765.2 2663.4 2339.4 2749.9 2826.6 2255.5 2583.9 2695.7 2372.1 2651.3 2599.1 2962.7 2548.1 2170.6 2419.0 2729.5 2985.3 2366.8 2721.3 2576.4 2785.3 2818.2 2627.3 2406.0 2255.2 2649.0 2567.3 2916.0 2853.3 2244.8 2863.7 2289.6 2478.1 2720.0 2271.1 2219.5 2175.8 2264.7 2880.8 2701.9 2403.1 2315.1 2811.6 2668.8 2774.0 2243.1 2754.4 2703.6 2985.4 2970.4 2304.4 2478.4 2325.8 2844.0 2283.5 2356.7 2532.6 2602.5 2615.9 2521.4 2462.5 2729.4 2170.3 2539.8 2491.9 2672.0 2648.2 2627.2 2537.9 2755.4
3103.1 0.0 647.3 756.5 329.2 708.5 356.4 215.5 753.3 340.2 168.7 343.8 330.6 545.3 361.9 559.1 734.0 590.8 722.0 309.4 606.8 720.7 334.1 280.2 701.9 492.6 295.6 201.6 828.2 378.0 345.5 719.7 119.5 828.2 349.7 367.8 714.4 544.2 697.9 238.7 109.5 616.6 350.7 791.9 115.3 242.6 816.9 160.2 282.1 827.3 845.5 124.4 272.4 414.1 731.1 591.5 381.8 305.0 228.2 626.3 434.3 462.2 875.1 178.0 331.3 661.6 221.3 162.8 382.3 428.2 719.0 715.7 294.3 404.9 732.7 405.7 467.7 204.9 398.4 197.3 487.4 664.9 213.8 202.9 335.6 242.1 654.5 283.3 901.7 571.2 284.8 779.3 727.7 714.9 928.2 300.4 386.3 682.2 753.9 376.4 238.8 296.1 854.9 361.6 339.2 405.0 390.0 812.6 689.5 610.9 264.6 791.7 675.3 292.9 199.1 135.6 250.5 673.6 294.2 762.5 460.3 403.1 91.6 286.3 174.0 556.6 320.2
2784.2 794.0 0.0 145.1 763.8 308.3 790.3 650.1 201.7 568.8 626.8 696.5 799.8 245.7 831.1 212.5 311.4 189.9 244.9 601.8 206.6 115.2 803.3 659.4 301.0 417.6 758.8 788.7 369.1 847.2 333.7 108.9 712.9 369.1 812.9 831.0 291.8 244.6 297.7 553.5 679.3 315.7 492.9 314.8 730.0 776.7 339.8 695.4 567.0 338.0 366.0 664.2 565.5 346.3 254.0 291.9 610.4 739.6 617.7 350.3 500.0 927.1 398.0 636.1 800.5 261.4 756.1 620.9 816.9 416.4 241.9 314.8 491.1 839.5 222.3 471.4 322.9 639.5 568.3 732.1 152.5 372.2 645.7 672.1 770.2 676.7 382.6 717.2 432.1 224.6 592.9 320.2 268.6 237.8 407.2 735.0 452.0 282.0 353.7 538.4 773.6 730.7 385.6 504.5 808.4 838.9 824.6 353.5 77.4 210.7 698.5 332.6 325.3 637.4 707.3 720.7 626.2 48.3 491.2 285.4 448.5 238.4 697.2 748.8 732.0 284.4 672.9
2886.6 896.4 122.3 0.0 866.2 410.7 893.4 752.5 304.1 671.2 729.2 798.9 902.2 348.1 933.5 314.9 413.8 293.0 347.3 704.9 309.0 129.2 905.7 762.5 404.1 520.0 861.2 891.1 471.5 949.6 436.1 36.7 816.0 471.5 915.3 933.4 394.2 347.0 400.1 655.9 781.7 418.1 596.0 417.2 832.4 879.8 442.2 797.8 669.4 440.4 470.8 766.6 667.9 441.5 356.4 394.3 712.8 842.0 720.1 452.7 602.4 1029.5 500.4 738.5 902.9 363.8 858.5 723.3 919.3 518.8 344.3 417.9 593.5 941.9 324.7 573.8 425.3 741.9 670.7 834.5 254.9 474.6 748.1 774.5 872.6 779.1 485.0 820.3 534.5 327.0 695.3 422.6 371.0 340.2 509.6 837.4 554.4 384.4 456.1 640.8 876.0 833.1 488.0 606.9 910.8 942.0 927.0 455.9 114.7 313.1 801.6 435.0 427.7 739.8 809.7 823.1 728.6 121.2 593.6 387.8 550.9 340.8 799.6 851.9 834.4 386.8 775.3
3265.2 341.4 809.4 918.6 0.0 870.6 27.1 131.5 915.4 513.7 330.8 505.9 492.7 707.4 524.0 721.2 896.1 752.9 884.1 312.0 768.9 882.8 496.2 442.3 864.0 654.7 457.7 399.9 990.3 440.7 493.0 881.8 261.0 990.3 511.8 529.9 876.5 706.3 860.0 241.3 226.7 778.7 353.3 954.0 277.4 440.9 979.0 322.3 444.2 989.4 1007.6 211.6 275.0 576.2 893.2 753.6 555.3 221.0 390.3 788.4 444.9 408.5 1037.2 340.1 493.4 823.7 419.6 324.9 53.0 575.7 881.1 877.8 436.0 75.6 894.8 416.3 629.8 152.0 401.0 395.6 649.5 827.0 375.9 365.0 6.4 139.9 816.6 142.3 1063.8 733.3 446.9 941.4 889.8 877.0 1090.3 42.2 396.9 844.3 916.0 483.3 437.1 212.1 1017.0 364.2 501.3 75.7 60.7 974.7 851.6 773.0 130.6 953.8 837.4 455.0 400.2 297.7 412.6 835.7 436.1 924.6 607.8 565.2 244.6 448.4 372.3 718.7 482.3
2740.2 789.0 326.6 435.8 863.3 0.0 890.5 749.6 294.2 668.3 612.5 798.3 714.3 345.2 745.6 312.0 274.9 146.2 262.9 702.0 120.2 400.0 717.8 574.6 74.1 517.1 676.8 703.2 369.1 761.7 433.2 399.0 719.2 369.1 730.9 749.0 255.3 344.1 151.6 653.0 709.2 169.6 593.1 270.8 655.5 691.9 238.9 609.9 736.6 294.0 324.4 724.1 665.0 438.6 272.0 391.4 709.9 784.5 682.7 204.2 599.5 845.9 354.0 603.2 715.0 122.5 670.6 618.4 916.4 515.9 259.9 169.4 590.6 939.0 273.6 570.9 422.4 739.0 667.8 646.6 252.0 145.4 668.3 586.6 869.7 776.2 155.8 817.4 442.6 324.1 739.3 320.2 268.6 255.8 363.2 834.5 551.5 153.5 126.1 637.9 688.1 793.3 395.8 604.0 722.9 939.1 924.1 353.5 368.8 115.1 863.3 332.6 179.2 551.9 621.8 635.2 540.7 352.9 590.7 198.9 563.1 337.9 691.3 667.5 646.5 383.9 774.7
3306.5 382.7 850.7 959.9 41.2 911.9 0.0 172.8 956.7 527.8 372.1 547.2 534.0 748.7 565.3 762.5 937.4 794.2 925.4 326.1 810.2 930.0 537.5 483.6 905.3 696.0 499.0 441.2 1031.6 482.0 507.1 923.1 302.3 1031.6 553.1 571.2 917.8 747.6 901.3 255.4 268.0 820.0 367.4 995.3 318.7 482.2 1020.3 363.6 485.5 1030.7 1047.2 252.9 289.1 624.7 934.5 794.9 569.4 262.3 431.6 829.7 459.0 449.8 1078.5 381.4 534.7 865.0 460.9 366.2 62.5 589.8 922.4 919.1 450.1 85.1 936.1 430.4 671.1 193.3 415.1 436.9 690.8 868.3 417.2 406.3 35.4 181.2 857.9 183.6 1105.1 774.6 488.2 982.7 931.1 918.3 1131.6 83.5 411.0 885.6 957.3 497.4 478.4 253.4 1058.3 378.3 542.6 85.2 70.2 1016.0 892.9 814.3 171.9 995.1 878.7 496.3 441.5 339.0 453.9 877.0 450.2 965.9 621.9 606.5 285.9 489.7 413.6 760.0 523.6
3123.7 199.9 667.9 777.1 125.1 729.1 152.3 0.0 773.9 372.2 189.3 364.4 351.2 565.9 382.5 579.7 754.6 611.4 742.6 170.5 627.4 741.3 354.7 300.8 722.5 513.2 316.2 258.4 848.8 309.1 351.5 740.3 119.5 848.8 370.3 388.4 735.0 564.8 718.5 99.8 85.2 637.2 211.8 812.5 135.9 299.4 837.5 180.8 302.7 847.9 866.1 70.1 133.5 434.7 751.7 612.1 413.8 89.4 248.8 646.9 303.4 276.9 895.7 198.6 351.9 682.2 278.1 183.4 178.2 434.2 739.6 736.3 294.5 200.8 753.3 274.8 488.3 10.5 259.5 254.1 508.0 685.5 234.4 223.5 131.5 26.5 675.1 79.2 922.3 591.8 305.4 799.9 748.3 735.5 948.8 97.6 255.4 702.8 774.5 341.8 295.6 80.5 875.5 222.7 359.8 200.9 185.9 833.2 710.1 631.5 49.0 812.3 695.9 313.5 258.7 156.2 271.1 694.2 294.6 783.1 466.3 423.7 103.1 306.9 230.8 577.2 340.8
2706.0 915.3 233.5 342.7 884.5 290.6 911.7 770.8 0.0 689.5 738.8 817.2 840.6 366.4 871.9 333.2 133.9 167.4 166.7 723.2 188.9 306.9 844.1 700.9 284.0 538.3 803.1 829.5 290.9 888.0 454.4 305.9 845.5 290.9 857.2 875.3 114.3 365.3 280.0 674.2 835.5 298.0 614.3 236.6 781.8 818.2 261.6 736.2 687.7 259.8 290.2 784.9 686.2 459.8 175.8 412.6 731.1 860.3 809.0 332.6 620.7 972.2 319.8 729.5 841.3 243.7 796.9 744.7 937.6 537.1 163.7 297.8 611.8 960.2 20.6 592.1 443.6 760.2 689.0 772.9 273.2 294.0 794.6 712.9 890.9 797.4 304.4 838.6 353.9 345.3 713.6 242.0 190.4 159.6 329.0 855.7 572.7 264.3 352.0 659.1 814.4 851.4 307.4 625.2 849.2 960.3 945.3 275.3 275.7 193.0 819.9 254.4 307.6 678.2 748.1 761.5 667.0 259.8 611.9 207.2 569.2 359.1 817.6 793.8 772.8 405.1 793.6
3086.0 325.2 472.0 581.2 465.1 533.2 492.3 351.4 578.0 0.0 166.6 236.3 354.1 370.0 385.4 383.8 558.7 415.5 546.7 325.2 431.5 545.4 357.6 278.1 526.6 317.3 298.6 343.0 652.9 401.5 170.2 544.4 255.4 652.9 352.7 370.8 539.1 368.9 522.6 276.2 245.4 540.6 216.3 616.6 295.3 331.7 641.6 249.7 106.8 652.0 670.2 260.3 288.2 238.8 555.8 416.2 41.5 424.3 157.5 575.2 222.7 485.7 699.8 175.9 354.8 486.3 310.4 160.7 518.2 252.9 543.7 540.4 82.7 540.8 557.4 194.1 292.4 340.8 291.0 286.4 312.1 597.9 185.5 226.4 471.5 378.0 608.3 419.2 726.4 395.9 132.7 604.0 552.4 539.6 752.9 436.3 174.7 506.9 578.6 81.8 327.9 433.1 679.6 227.2 362.7 540.9 525.9 637.3 514.2 435.6 400.5 616.4 550.2 290.8 261.6 275.0 248.4 498.3 82.6 587.2 285.0 227.8 227.5 289.3 286.3 381.3 212.7
2934.3 189.2 489.2 598.4 329.1 550.4 356.3 215.4 595.2 182.1 0.0 185.7 187.4 387.2 218.7 401.0 575.9 432.7 563.9 309.3 448.7 562.6 190.9 111.4 543.8 334.5 131.9 176.3 670.1 234.8 187.4 561.6 119.4 670.1 186.0 204.1 556.3 386.1 539.8 238.6 109.4 447.8 269.8 633.8 128.6 165.0 658.8 83.0 124.0 669.2 687.4 124.3 272.3 256.0 573.0 433.4 223.7 257.6 70.1 457.5 276.2 319.0 717.0 9.2 188.1 503.5 143.7 5.8 382.2 270.1 560.9 557.6 136.2 404.8 574.6 247.6 309.6 204.8 344.5 119.7 329.3 496.1 55.7 59.7 335.5 242.0 485.7 283.2 743.6 413.1 126.7 621.2 569.6 556.8 770.1 300.3 228.2 524.1 595.8 218.3 161.2 266.4 696.8 280.7 196.0 404.9 389.9 654.5 531.4 452.8 336.4 633.6 567.4 124.1 94.9 108.3 81.7 515.5 136.1 604.4 302.2 245.0 91.5 122.6 119.6 398.5 162.1
3103.0 327.2 561.8 671.0 467.1 623.0 494.3 353.4 667.8 254.7 168.6 0.0 356.1 459.8 387.4 473.6 648.5 505.3 636.5 447.3 521.3 635.2 359.6 280.1 616.4 407.1 300.6 345.0 742.7 403.5 260.0 634.2 257.4 742.7 354.7 372.8 628.9 458.7 612.4 376.6 247.4 630.4 342.4 706.4 297.3 333.7 731.4 251.7 196.6 741.8 760.0 262.3 410.3 328.6 645.6 506.0 296.3 426.3 159.5 626.2 348.8 487.7 789.6 177.9 356.8 576.1 312.4 162.7 520.2 342.7 633.5 630.2 208.8 542.8 647.2 320.2 382.2 342.8 417.1 288.4 401.9 687.7 187.5 228.4 473.5 380.0 698.1 421.2 816.2 485.7 199.3 693.8 642.2 629.4 842.7 438.3 300.8 596.7 668.4 290.9 329.9 435.1 769.4 353.3 364.7 542.9 527.9 727.1 604.0 525.4 402.5 706.2 640.0 292.8 263.6 277.0 250.4 588.1 208.7 677.0 374.8 317.6 229.5 291.3 288.3 471.1 79.1
3035.2 354.5 695.8 805.0 494.4 678.9 521.6 405.3 801.8 388.7 206.5 392.3 0.0 593.8 176.7 607.6 782.5 639.3 714.7 474.6 655.3 769.2 3.5 257.7 672.3 541.1 242.8 234.4 795.4 72.8 394.0 768.2 284.7 876.7 190.8 315.0 762.9 592.7 629.4 403.9 274.7 548.7 476.4 720.2 221.0 99.8 723.2 175.4 330.6 743.4 773.8 289.6 437.6 462.6 703.2 640.0 430.3 315.7 276.7 558.4 482.8 157.0 803.4 197.2 146.1 659.2 122.4 212.4 547.5 476.7 718.5 600.5 342.8 570.1 781.2 454.2 516.2 370.1 551.1 146.4 535.9 597.0 262.3 130.3 500.8 403.8 586.6 448.5 837.5 619.7 333.3 827.8 776.2 763.4 812.6 465.6 434.8 690.2 724.3 424.9 104.0 324.5 791.0 487.3 154.0 570.2 555.2 861.1 738.0 651.8 394.5 840.2 607.4 244.1 171.6 200.7 182.6 722.1 342.7 683.2 461.6 451.6 256.8 233.5 177.7 605.1 368.7
2839.5 691.8 224.9 334.7 661.6 286.7 688.8 547.9 331.5 466.6 524.6 594.3 697.6 0.0 728.9 137.3 312.2 169.0 300.2 500.3 185.0 304.8 701.1 557.9 280.1 315.4 656.6 686.5 406.4 745.0 231.5 297.9 611.4 406.4 710.7 728.8 292.6 84.3 276.1 451.3 577.1 294.1 391.4 370.1 627.8 675.2 395.1 593.2 464.8 405.5 422.0 562.0 463.3 244.1 309.3 131.6 508.2 637.4 515.5 328.7 397.8 824.9 453.3 533.9 698.3 239.8 653.9 518.7 714.7 314.2 297.2 293.9 388.9 737.3 310.9 369.2 220.7 537.3 466.1 629.9 65.6 351.4 543.5 569.9 668.0 574.5 361.8 615.7 479.9 149.4 490.7 357.5 305.9 293.1 506.4 632.8 349.8 260.4 332.1 436.2 671.4 628.5 433.1 402.3 706.2 737.4 722.4 390.8 267.7 189.1 597.0 369.9 303.7 535.2 605.1 618.5 524.0 251.8 389.0 340.7 346.3 136.2 595.0 647.3 629.8 182.2 570.7
3050.3 369.6 710.9 820.1 509.5 694.0 536.7 420.4 816.9 403.8 221.6 407.4 180.5 608.9 0.0 622.7 797.6 654.4 729.8 489.7 670.4 784.3 184.0 272.8 687.4 556.2 257.9 249.5 810.5 227.9 409.1 783.3 299.8 891.8 181.5 330.1 778.0 607.8 644.5 419.0 289.8 563.8 491.5 735.3 236.1 238.2 738.3 190.5 345.7 758.5 788.9 304.7 452.7 477.7 718.3 655.1 445.4 330.8 291.8 573.5 497.9 312.1 818.5 212.3 136.8 674.3 216.9 227.5 562.6 491.8 733.6 615.6 357.9 585.2 796.3 469.3 531.3 385.2 566.2 192.9 551.0 612.1 277.4 145.4 515.9 418.9 601.7 463.6 852.6 634.8 348.4 842.9 791.3 778.5 827.7 480.7 449.9 705.3 739.4 440.0 234.4 339.6 806.1 502.4 144.7 585.3 570.3 876.2 753.1 666.9 409.6 855.3 622.5 259.2 168.1 215.8 197.7 737.2 357.8 698.3 476.7 466.7 271.9 248.6 192.8 620.2 383.8
2813.7 713.0 199.7 308.9 682.8 260.9 710.0 569.1 305.7 487.8 545.8 615.5 718.8 164.7 750.1 0.0 286.4 143.2 274.4 521.5 159.2 273.1 722.3 579.1 254.3 336.6 677.8 707.7 380.6 766.2 252.7 272.1 632.6 380.6 731.9 750.0 266.8 163.6 250.3 472.5 598.3 268.3 412.6 344.3 649.0 696.4 369.3 614.4 486.0 379.7 397.9 583.2 484.5 258.1 283.5 210.9 529.4 658.6 536.7 302.9 419.0 846.1 427.5 555.1 719.5 214.0 675.1 539.9 735.9 335.4 271.4 268.1 410.1 758.5 285.1 390.4 241.9 558.5 487.3 651.1 71.5 325.6 564.7 591.1 689.2 595.7 336.0 636.9 454.1 12.1 511.9 331.7 280.1 267.3 480.6 654.0 371.0 234.6 306.3 457.4 692.6 649.7 407.3 423.5 727.4 758.6 743.6 365.0 241.9 163.3 618.2 344.1 277.9 556.4 626.3 639.7 545.2 226.0 410.2 314.9 367.5 157.4 616.2 668.5 651.0 203.4 591.9
2742.9 864.7 304.9 414.1 841.6 247.7 868.8 727.9 130.3 646.6 688.2 774.3 790.0 323.5 821.3 290.3 0.0 124.5 203.6 680.3 146.0 378.3 793.5 650.3 241.1 495.4 752.5 778.9 309.8 837.4 411.5 377.3 794.9 309.8 806.6 824.7 17.8 322.4 237.1 631.3 784.9 255.1 571.4 273.5 731.2 767.6 298.5 685.6 644.8 308.9 327.1 742.0 643.3 416.9 212.7 369.7 688.2 817.4 758.4 289.7 577.8 921.6 356.7 678.9 790.7 200.8 746.3 694.1 894.7 494.2 200.6 254.9 568.9 917.3 109.7 549.2 400.7 717.3 646.1 722.3 230.3 312.4 744.0 662.3 848.0 754.5 322.8 795.7 383.3 302.4 670.7 260.9 209.3 196.5 409.8 812.8 529.8 221.4 293.1 616.2 763.8 808.5 336.5 582.3 798.6 917.4 902.4 294.2 347.1 150.1 777.0 273.3 264.7 627.6 697.5 710.9 616.4 331.2 569.0 244.1 526.3 316.2 767.0 743.2 722.2 362.2 750.7
2670.4 734.6 179.7 289.5 717.0 117.6 744.2 603.3 162.4 522.0 558.1 649.7 659.9 198.9 691.2 165.7 143.1 0.0 131.1 555.7 15.9 259.6 663.4 520.2 111.0 370.8 622.4 648.8 237.3 707.3 286.9 252.7 664.8 237.3 676.5 694.6 123.5 197.8 107.0 506.7 654.8 125.0 446.8 201.0 601.1 637.5 226.0 555.5 520.2 236.4 252.9 617.4 518.7 299.5 140.2 245.1 563.6 730.1 628.3 159.6 453.2 791.5 284.2 548.8 660.6 70.7 616.2 564.0 770.1 369.6 128.1 124.8 444.3 792.7 141.8 424.6 276.1 592.7 521.5 592.2 105.7 182.3 613.9 532.2 723.4 629.9 192.7 671.1 310.8 177.8 546.1 188.4 136.8 124.0 337.3 688.2 405.2 91.3 163.0 491.6 633.7 683.9 264.0 457.7 668.5 792.8 777.8 221.7 222.5 20.0 652.4 200.8 134.6 497.5 567.4 580.8 486.3 206.6 444.4 171.6 401.7 191.6 636.9 613.1 592.1 237.6 626.1
2539.2 748.5 269.3 378.5 888.4 220.4 915.6 774.7 179.3 655.4 572.0 757.8 673.8 332.3 705.1 299.1 204.4 133.3 0.0 689.1 154.8 342.7 677.3 534.1 153.7 504.2 636.3 662.7 153.1 721.2 420.3 341.7 678.7 153.1 690.4 708.5 184.8 331.2 271.3 640.1 668.7 301.1 580.2 69.8 615.0 651.4 94.8 569.4 696.1 93.0 123.4 683.6 652.1 425.7 9.0 378.5 697.0 744.0 642.2 276.3 586.6 805.4 153.0 562.7 674.5 242.2 630.1 577.9 941.5 530.9 3.8 289.1 708.3 964.1 199.9 558.0 409.5 764.1 654.9 606.1 239.1 127.2 627.8 546.1 894.8 832.1 137.6 842.5 226.6 311.2 698.8 104.2 52.6 9.0 162.2 859.6 538.6 273.2 185.2 625.0 647.6 752.8 179.8 591.1 682.4 964.2 949.2 137.5 311.5 158.9 822.8 116.6 293.6 511.4 581.3 594.7 500.2 295.6 708.2 40.4 522.6 325.0 650.8 627.0 606.0 371.0 734.2
3223.6 299.8 628.5 738.3 269.6 690.3 296.8 155.9 735.1 330.0 289.2 457.7 451.1 527.1 482.4 540.9 715.8 572.6 703.8 0.0 588.6 708.4 454.6 400.7 683.7 474.4 416.1 358.3 810.0 465.1 309.3 701.5 219.4 810.0 470.2 488.3 696.2 526.0 679.7 59.3 185.1 697.7 169.6 773.7 235.8 399.3 798.7 280.7 328.2 809.1 825.6 170.0 36.1 395.9 712.9 573.3 371.6 245.4 348.7 746.8 261.2 432.9 856.9 298.5 451.8 643.4 378.0 283.3 322.7 392.0 700.8 697.5 252.3 345.3 714.5 232.6 449.5 145.3 217.3 354.0 469.2 755.0 334.3 323.4 276.0 182.5 775.0 223.7 883.5 553.0 354.1 761.1 709.5 696.7 910.0 240.8 213.2 664.0 735.7 299.6 395.5 236.5 836.7 180.5 459.7 345.4 330.4 794.4 671.3 592.7 205.0 773.5 707.3 413.4 358.6 256.1 371.0 655.4 252.4 744.3 424.1 384.9 203.0 406.8 330.7 538.4 434.1
2681.9 718.6 206.3 315.5 743.0 101.6 770.2 629.3 173.9 548.0 542.1 727.9 643.9 224.9 675.2 191.7 154.6 25.9 142.6 581.7 0.0 279.7 647.4 504.2 95.0 396.8 606.4 632.8 248.8 691.3 312.9 278.7 648.8 248.8 660.5 678.6 135.0 223.8 91.0 532.7 638.8 109.0 472.8 212.5 585.1 621.5 237.5 539.5 666.2 247.9 266.1 653.7 544.7 318.3 151.7 271.1 589.6 714.1 612.3 143.6 479.2 775.5 295.7 532.8 644.6 54.7 600.2 548.0 796.1 395.6 139.6 108.8 470.3 818.7 153.3 450.6 302.1 618.7 547.5 576.2 131.7 166.3 597.9 516.2 749.4 655.9 176.7 697.1 322.3 203.8 668.9 199.9 148.3 135.5 348.8 714.2 431.2 75.3 147.0 517.6 617.7 722.9 275.5 483.7 652.5 818.8 803.8 233.2 248.5 4.0 678.4 212.3 118.6 481.5 551.4 564.8 470.3 232.6 470.4 183.1 492.7 217.6 620.9 597.1 576.1 263.6 704.3
2850.8 860.6 85.9 109.2 830.4 374.9 857.6 716.7 268.3 635.4 693.4 763.1 866.4 312.3 897.7 279.1 378.0 257.2 311.5 669.1 273.2 0.0 869.9 728.8 368.3 484.2 825.4 855.3 435.7 913.8 400.3 73.0 780.2 435.7 879.5 897.6 358.4 311.2 364.3 620.1 745.9 382.3 560.2 381.4 796.6 844.0 406.4 762.0 633.6 404.6 433.3 730.8 632.1 412.9 320.6 358.5 677.0 806.2 684.3 416.9 566.6 993.7 464.6 702.7 867.1 328.0 822.7 687.5 883.5 483.0 308.5 384.2 557.7 906.1 288.9 538.0 389.5 706.1 634.9 798.7 219.1 438.8 712.3 738.7 836.8 743.3 449.2 784.5 498.7 291.2 659.5 386.8 335.2 304.4 473.8 801.6 518.6 348.6 420.3 605.0 840.2 797.3 452.2 571.1 875.0 906.2 891.2 420.1 52.0 277.3 765.8 399.2 391.9 704.0 773.9 787.3 692.8 85.4 557.8 352.0 515.1 305.0 763.8 816.1 798.6 351.0 739.5
3038.7 358.0 699.3 808.5 497.9 682.4 525.1 408.8 805.3 392.2 210.0 395.8 3.5 597.3 180.2 611.1 786.0 642.8 718.2 478.1 658.8 772.7 0.0 261.2 675.8 544.6 246.3 237.9 798.9 76.3 397.5 771.7 288.2 880.2 194.3 318.5 766.4 596.2 632.9 407.4 278.2 552.2 479.9 723.7 224.5 103.3 726.7 178.9 334.1 746.9 777.3 293.1 441.1 466.1 706.7 643.5 433.8 319.2 280.2 561.9 486.3 160.5 806.9 200.7 149.6 662.7 125.9 215.9 551.0 480.2 722.0 604.0 346.3 573.6 784.7 457.7 519.7 373.6 554.6 149.9 539.4 600.5 265.8 133.8 504.3 407.3 590.1 452.0 841.0 623.2 336.8 831.3 779.7 766.9 816.1 469.1 438.3 693.7 727.8 428.4 107.5 328.0 794.5 490.8 157.5 573.7 558.7 864.6 741.5 655.3 398.0 843.7 610.9 247.6 175.1 204.2 186.1 725.6 346.2 686.7 465.1 455.1 260.3 237.0 181.2 608.6 372.2
2886.4 312.4 624.6 734.4 452.3 530.1 479.5 338.6 731.2 318.1 135.9 321.7 237.7 523.2 269.0 537.0 711.9 568.7 699.9 432.5 584.7 704.5 241.2 0.0 523.5 470.5 200.2 226.6 646.6 285.1 323.4 697.6 242.6 806.1 254.3 272.4 692.3 522.1 480.6 361.8 232.6 399.9 405.8 571.4 178.9 215.3 574.4 133.3 260.0 594.6 623.3 247.5 395.5 392.0 554.4 569.4 359.7 307.9 206.1 409.6 412.2 369.3 654.6 126.6 238.4 510.4 194.0 141.8 505.4 406.1 696.9 451.7 272.2 528.0 710.6 383.6 445.6 328.0 480.5 170.0 465.3 448.2 191.7 110.0 458.7 396.0 437.8 406.4 688.7 549.1 262.7 757.2 705.6 692.8 663.8 423.5 364.2 541.4 575.5 354.3 211.5 316.7 642.2 416.7 246.3 528.1 513.1 790.5 667.4 588.8 386.7 769.6 458.6 12.6 145.2 158.6 64.1 651.5 272.1 534.4 312.8 381.0 214.7 190.9 169.9 534.5 298.1
2666.0 714.8 291.9 401.7 854.7 66.6 881.9 741.0 260.1 634.2 538.3 724.1 640.1 311.1 671.4 277.9 240.8 112.1 228.8 667.9 86.1 371.8 643.6 500.4 0.0 483.0 602.6 629.0 271.8 687.5 399.1 364.9 645.0 335.0 656.7 674.8 221.2 310.0 117.5 618.9 635.0 135.5 559.0 196.6 581.3 617.7 164.7 535.7 662.4 219.8 248.5 649.9 630.9 411.7 172.2 357.3 675.8 710.3 608.5 170.1 565.4 771.7 279.8 529.0 640.8 88.4 596.4 544.2 907.8 481.8 225.8 135.3 556.5 930.4 239.5 536.8 388.3 730.4 633.7 572.4 217.9 71.2 594.1 512.4 861.1 798.4 81.6 808.8 313.9 290.0 665.1 286.1 234.5 221.7 289.0 825.9 517.4 119.4 51.9 603.8 613.9 719.1 267.4 569.9 648.7 930.5 915.5 319.4 334.7 81.0 789.1 298.5 145.1 477.7 547.6 561.0 466.5 318.8 556.6 124.7 488.9 303.8 617.1 593.3 572.3 349.8 700.5
2973.8 561.5 359.8 469.0 531.3 421.0 558.5 417.6 465.8 336.3 394.3 464.0 567.3 257.8 598.6 271.6 446.5 303.3 434.5 370.0 319.3 433.2 570.8 427.6 414.4 0.0 526.3 556.2 540.7 614.7 101.2 432.2 481.1 540.7 580.4 598.5 426.9 256.7 410.4 321.0 446.8 428.4 261.1 504.4 497.5 544.9 529.4 462.9 334.5 539.8 558.0 431.7 333.0 32.2 443.6 304.0 377.9 507.1 385.2 463.0 267.5 694.6 587.6 403.6 568.0 374.1 523.6 388.4 584.4 183.9 431.5 428.2 258.6 607.0 445.2 238.9 180.2 407.0 335.8 499.6 199.9 485.7 413.2 439.6 537.7 444.2 496.1 485.4 614.2 283.7 360.4 491.8 440.2 427.4 640.7 502.5 219.5 394.7 466.4 305.9 541.1 498.2 567.4 272.0 575.9 607.1 592.1 525.1 402.0 323.4 466.7 504.2 438.0 404.9 474.8 488.2 393.7 386.1 258.7 475.0 216.0 115.6 464.7 517.0 499.5 269.1 440.4
2984.4 327.0 627.0 736.2 466.9 628.1 494.1 353.2 733.0 319.9 137.7 323.5 257.5 525.0 261.8 538.8 713.7 570.5 701.7 447.1 586.5 700.4 261.0 208.7 621.5 472.3 0.0 246.4 807.9 304.9 325.2 699.4 257.2 807.9 139.2 157.3 694.1 523.9 578.6 376.4 247.2 497.9 407.6 669.4 198.7 235.1 672.4 153.1 261.8 692.6 723.0 262.1 410.1 393.8 710.8 571.2 361.5 327.7 207.9 507.6 414.0 389.1 752.6 128.4 240.1 641.3 213.8 143.6 520.0 407.9 698.7 549.7 274.0 542.6 712.4 385.4 447.4 342.6 482.3 189.8 467.1 546.2 193.5 129.8 473.3 415.8 535.8 421.0 786.7 550.9 264.5 759.0 707.4 694.6 761.8 438.1 366.0 661.9 673.5 356.1 231.3 336.5 740.2 418.5 193.5 542.7 527.7 792.3 669.2 590.6 406.5 771.4 556.6 221.4 165.0 178.4 131.8 653.3 273.9 632.4 410.8 382.8 229.3 66.9 189.7 536.3 299.9
3035.0 222.0 695.6 804.8 395.7 678.7 422.9 270.5 801.6 388.5 227.6 392.1 220.5 593.6 256.6 607.4 782.3 639.1 714.5 368.3 655.1 769.0 224.0 257.5 672.1 540.9 242.6 0.0 795.2 267.9 393.8 768.0 178.4 876.5 270.7 314.8 762.7 592.5 629.2 297.6 168.4 548.5 409.6 720.0 174.2 120.6 723.0 219.1 330.4 743.2 773.6 183.3 331.3 462.4 703.0 639.8 430.1 180.9 276.5 558.2 482.6 247.6 803.2 236.9 226.0 659.0 99.3 221.7 448.8 476.5 718.3 600.3 342.6 471.4 781.0 454.0 516.0 281.1 457.3 75.3 535.7 596.8 262.1 130.1 402.1 269.0 586.4 349.8 837.3 619.5 333.1 827.6 776.0 763.2 812.4 366.9 434.6 690.0 724.1 424.7 116.8 189.7 790.8 420.5 233.9 471.5 456.5 860.9 737.8 651.6 259.7 840.0 607.2 243.9 77.1 194.5 182.4 721.9 342.5 683.0 461.4 451.4 150.5 233.3 52.0 604.9 368.5
2625.2 834.5 399.7 508.9 974.4 313.8 1001.6 860.7 309.7 764.8 658.0 843.8 759.8 441.7 791.1 408.5 313.8 242.7 130.3 798.5 264.2 473.1 763.3 620.1 247.1 613.6 722.3 748.7 0.0 807.2 529.7 472.1 764.7 84.0 776.4 794.5 294.2 440.6 355.3 749.5 754.7 373.3 689.6 69.5 701.0 737.4 188.2 655.4 782.1 51.9 75.0 769.6 761.5 535.1 118.8 487.9 806.4 830.0 728.2 369.7 696.0 891.4 109.1 648.7 760.5 319.0 716.1 663.9 1027.5 612.4 134.1 373.1 687.1 1050.1 312.5 667.4 518.9 850.1 764.3 692.1 348.5 220.6 713.8 632.1 980.8 918.1 231.0 928.5 73.4 420.6 784.8 62.7 103.6 139.3 99.9 945.6 648.0 339.6 278.6 734.4 733.6 838.8 26.6 700.5 768.4 1050.2 1035.2 96.0 441.9 268.3 908.8 154.9 387.0 597.4 667.3 680.7 586.2 426.0 687.2 133.8 608.6 434.4 736.8 713.0 692.0 480.4 820.2
3099.7 419.0 760.3 869.5 448.4 743.4 475.6 323.2 866.3 453.2 271.0 456.8 69.9 658.3 241.2 672.1 847.0 703.8 779.2 493.8 719.8 833.7 73.4 322.2 736.8 605.6 307.3 261.9 859.9 0.0 458.5 832.7 349.2 941.2 255.3 379.5 827.4 657.2 693.9 423.1 408.5 613.2 535.1 784.7 285.5 164.3 787.7 239.9 395.1 807.9 838.3 393.4 456.8 527.1 767.7 704.5 494.8 233.6 341.2 622.9 547.3 84.1 867.9 261.7 210.6 723.7 186.9 276.9 501.5 541.2 783.0 665.0 407.3 524.1 845.7 518.7 580.7 333.8 582.8 210.9 600.4 661.5 326.8 194.8 454.8 321.7 651.1 402.5 902.0 684.2 397.8 892.3 840.7 827.9 877.1 419.6 499.3 754.7 788.8 489.4 168.5 242.4 855.5 546.0 218.5 524.2 509.2 925.6 802.5 716.3 312.4 904.7 671.9 308.6 259.4 265.2 247.1 786.6 407.2 747.7 526.1 516.1 321.3 298.0 234.3 669.6 433.2
2937.0 483.5 323.0 432.2 453.3 384.2 480.5 339.6 429.0 258.3 364.2 386.0 466.0 221.0 497.3 234.8 409.7 266.5 397.7 292.0 282.5 396.4 469.5 326.3 377.6 168.3 428.5 454.9 503.9 513.4 0.0 395.4 403.1 503.9 482.6 500.7 390.1 219.9 373.6 243.0 368.8 391.6 183.1 467.6 407.2 443.6 492.6 361.6 256.5 503.0 521.2 353.7 255.0 89.8 406.8 267.2 299.9 429.1 434.4 426.2 189.5 597.6 550.8 354.9 466.7 337.3 422.3 370.1 506.4 82.6 394.7 391.4 180.6 529.0 408.4 160.9 143.4 329.0 257.8 398.3 163.1 448.9 420.0 338.3 459.7 366.2 459.3 407.4 577.4 246.9 282.4 455.0 403.4 390.6 603.9 424.5 141.5 357.9 429.6 227.9 439.8 420.2 530.6 194.0 474.6 529.1 514.1 488.3 365.2 286.6 388.7 467.4 401.2 303.6 373.5 386.9 292.4 349.3 180.7 438.2 114.7 78.8 386.7 419.2 398.2 232.3 362.4
2849.8 859.6 85.5 36.7 829.4 373.9 856.6 715.7 267.3 634.4 692.4 762.1 865.4 311.9 896.7 278.1 377.0 256.2 310.5 668.7 272.2 98.3 868.9 725.7 367.9 483.2 824.4 854.3 434.7 912.8 399.3 0.0 779.8 434.7 878.5 896.6 357.4 310.2 363.3 619.1 744.9 381.3 559.8 380.4 795.6 843.6 405.4 761.0 632.6 403.6 432.3 729.8 631.1 411.9 320.2 357.5 676.0 805.2 683.3 415.9 565.6 992.7 463.6 701.7 866.1 327.0 821.7 686.5 882.5 482.0 307.5 381.7 556.7 905.1 287.9 537.0 388.5 705.1 633.9 797.7 218.7 437.8 711.3 737.7 835.8 742.3 448.2 784.1 497.7 290.2 658.5 385.8 334.2 303.4 472.8 800.6 517.6 347.6 419.3 604.0 839.2 796.3 451.2 570.1 874.0 905.2 890.2 419.1 77.9 276.3 764.8 398.2 390.9 703.0 772.9 786.3 691.8 84.4 556.8 351.0 514.1 304.0 762.8 815.7 797.6 350.0 738.5
3060.5 136.7 604.7 713.9 246.0 665.9 273.2 132.3 710.7 297.6 126.1 301.2 288.0 502.7 319.3 516.5 691.4 548.2 679.4 226.2 564.2 684.0 291.5 237.6 659.3 450.0 253.0 195.2 785.6 335.4 302.9 677.1 0.0 785.6 307.1 325.2 671.8 501.6 655.3 155.5 26.3 574.0 267.5 749.3 72.7 236.2 774.3 117.6 239.5 784.7 801.2 41.2 189.2 378.7 688.5 548.9 339.2 221.8 185.6 583.7 359.1 409.3 832.5 135.4 288.7 619.0 214.9 120.2 299.1 385.6 676.4 673.1 251.7 321.7 690.1 330.5 425.1 121.7 315.2 190.9 444.8 622.3 171.2 160.3 252.4 158.9 611.9 200.1 859.1 528.6 242.2 736.7 685.1 672.3 885.6 217.2 311.1 639.6 711.3 397.5 232.4 212.9 812.3 278.4 296.6 321.8 306.8 770.0 646.9 568.3 181.4 749.1 632.7 250.3 195.5 93.0 207.9 631.0 251.6 719.9 417.7 360.5 39.9 243.7 167.6 514.0 277.6
2661.8 871.1 408.5 517.7 945.2 350.4 972.4 831.5 318.5 750.2 694.6 880.4 796.4 427.1 827.7 393.9 299.2 228.1 166.9 783.9 249.6 481.9 799.9 656.7 283.7 599.0 758.9 785.3 89.4 843.8 515.1 480.9 801.3 0.0 813.0 831.1 279.6 426.0 340.7 734.9 791.3 358.7 675.0 118.2 737.6 774.0 224.8 692.0 818.7 88.5 164.5 806.2 746.9 520.5 155.4 473.3 791.8 866.6 764.8 406.3 681.4 928.0 198.6 685.3 797.1 304.4 752.7 700.5 998.3 597.8 170.7 358.5 672.5 1020.9 297.9 652.8 504.3 820.9 749.7 728.7 333.9 257.2 750.4 668.7 951.6 858.1 267.6 899.3 162.9 406.0 821.4 48.1 89.0 175.9 189.4 916.4 633.4 325.0 315.2 719.8 770.2 875.4 116.1 685.9 805.0 1021.0 1006.0 81.4 450.7 253.7 880.6 140.3 368.3 634.0 703.9 717.3 622.8 434.8 672.6 170.4 645.2 419.8 773.4 749.6 728.6 465.8 856.8
3019.3 402.2 677.4 786.6 542.1 678.5 569.3 453.0 783.4 370.3 188.1 373.9 213.1 575.4 180.0 589.2 764.1 620.9 752.1 522.3 636.9 750.8 216.6 259.1 671.9 522.7 161.9 282.1 858.3 260.5 375.6 749.8 332.4 858.3 0.0 177.7 744.5 574.3 629.0 451.6 322.4 548.3 458.0 719.8 268.7 270.8 722.8 223.1 312.2 743.0 773.4 337.3 485.3 444.2 761.2 621.6 411.9 363.4 258.3 558.0 464.4 344.7 803.0 178.8 158.3 691.7 249.5 194.0 595.2 458.3 749.1 600.1 324.4 617.8 762.8 435.8 497.8 417.8 532.7 225.5 517.5 596.6 243.9 178.0 548.5 451.5 586.2 496.2 837.1 601.3 314.9 809.4 757.8 745.0 812.2 513.3 416.4 712.3 723.9 406.5 267.0 372.2 790.6 468.9 111.7 617.9 602.9 842.7 719.6 641.0 442.2 821.8 607.0 271.8 200.7 248.4 182.2 703.7 324.3 682.8 461.2 433.2 304.5 128.3 225.4 586.7 350.3
3054.6 397.2 697.2 806.4 537.1 698.3 564.3 423.4 803.2 390.1 207.9 393.7 280.3 595.2 247.2 609.0 783.9 640.7 771.9 517.3 656.7 770.6 283.8 278.9 691.7 542.5 181.7 316.6 878.1 327.7 395.4 769.6 327.4 878.1 124.6 0.0 764.3 594.1 648.8 446.6 317.4 568.1 477.8 739.6 268.9 305.3 742.6 223.3 332.0 762.8 793.2 332.3 480.3 464.0 781.0 641.4 431.7 397.9 278.1 577.8 484.2 411.9 822.8 198.6 225.5 711.5 284.0 213.8 590.2 478.1 768.9 619.9 344.2 612.8 782.6 455.6 517.6 412.8 552.5 260.0 537.3 616.4 263.7 200.0 543.5 486.0 606.0 491.2 856.9 621.1 334.7 829.2 777.6 764.8 832.0 508.3 436.2 732.1 743.7 426.3 301.5 406.7 810.4 488.7 178.9 612.9 597.9 862.5 739.4 660.8 476.7 841.6 626.8 291.6 235.2 248.6 202.0 723.5 344.1 702.6 481.0 453.0 299.5 148.1 259.9 606.5 370.1
2725.1 846.9 287.1 396.3 823.8 229.9 851.0 710.1 112.5 628.8 670.4 756.5 772.2 305.7 803.5 272.5 19.6 106.7 185.8 662.5 128.2 360.5 775.7 632.5 223.3 477.6 734.7 761.1 292.0 819.6 393.7 359.5 777.1 292.0 788.8 806.9 0.0 304.6 219.3 613.5 767.1 237.3 553.6 255.7 713.4 749.8 280.7 667.8 627.0 291.1 309.3 724.2 625.5 399.1 194.9 351.9 670.4 799.6 740.6 271.9 560.0 903.8 338.9 661.1 772.9 183.0 728.5 676.3 876.9 476.4 182.8 237.1 551.1 899.5 91.9 531.4 382.9 699.5 628.3 704.5 212.5 294.6 726.2 644.5 830.2 736.7 305.0 777.9 365.5 284.6 652.9 243.1 191.5 178.7 392.0 795.0 512.0 203.6 275.3 598.4 746.0 790.7 318.7 564.5 780.8 899.6 884.6 276.4 329.3 132.3 759.2 255.5 246.9 609.8 679.7 693.1 598.6 313.4 551.2 226.3 508.5 298.4 749.2 725.4 704.4 344.4 732.9
2843.8 696.1 229.8 339.0 665.9 291.0 693.1 552.2 335.8 470.9 528.9 598.6 701.9 69.7 733.2 141.6 316.5 173.3 304.5 504.6 189.3 303.2 705.4 562.2 284.4 319.7 660.9 690.8 410.7 749.3 235.8 302.2 615.7 410.7 715.0 733.1 296.9 0.0 280.4 455.6 581.4 298.4 395.7 374.4 632.1 679.5 399.4 597.5 469.1 409.8 428.0 566.3 467.6 241.2 313.6 99.3 512.5 641.7 519.8 333.0 402.1 829.2 457.6 538.2 702.6 244.1 658.2 523.0 719.0 318.5 301.5 298.2 393.2 741.6 315.2 373.5 225.0 541.6 470.4 634.2 69.9 355.7 547.8 574.2 672.3 578.8 366.1 620.0 484.2 153.7 495.0 361.8 310.2 297.4 510.7 637.1 354.1 264.7 336.4 440.5 675.7 632.8 437.4 406.6 710.5 741.7 726.7 395.1 272.0 193.4 601.3 374.2 308.0 539.5 609.4 622.8 528.3 256.1 393.3 345.0 350.6 140.5 599.3 651.6 634.1 186.5 575.0
2763.3 696.0 287.7 396.9 835.9 103.3 863.1 722.2 255.3 629.4 519.5 705.3 621.3 306.3 652.6 273.1 236.0 107.3 224.0 663.1 81.3 361.1 624.8 481.6 96.7 478.2 583.8 610.2 330.2 668.7 394.3 360.1 626.2 330.2 637.9 656.0 216.4 305.2 0.0 614.1 616.2 91.3 554.2 293.9 562.5 598.9 261.5 516.9 643.6 329.3 347.5 631.1 626.1 399.7 233.1 352.5 671.0 691.5 589.7 66.5 560.6 752.9 377.1 510.2 622.0 83.6 577.6 525.4 889.0 477.0 221.0 91.6 551.7 911.6 234.7 532.0 383.5 711.6 628.9 553.6 213.1 168.0 575.3 493.6 842.3 779.6 178.4 790.0 403.7 285.2 646.3 281.3 229.7 216.9 430.2 807.1 512.6 114.6 148.7 599.0 595.1 700.3 356.9 565.1 629.9 911.7 896.7 314.6 329.9 76.2 770.3 293.7 27.5 458.9 528.8 542.2 447.7 314.0 551.8 221.5 470.1 299.0 598.3 574.5 553.5 345.0 681.7
3164.2 240.4 571.4 680.6 210.2 632.6 237.4 96.5 677.4 272.3 229.8 400.0 391.7 469.4 423.0 483.2 658.1 514.9 646.1 70.6 530.9 644.8 395.2 341.3 626.0 416.7 356.7 298.9 752.3 405.7 251.6 643.8 160.0 752.3 410.8 428.9 638.5 468.3 622.0 0.0 125.7 640.0 111.9 716.0 176.4 339.9 741.0 221.3 270.5 751.4 769.6 110.6 33.6 338.2 655.2 515.6 313.9 186.0 289.3 687.4 203.5 373.5 799.2 239.1 392.4 585.7 318.6 223.9 263.3 334.3 643.1 639.8 194.6 285.9 656.8 174.9 391.8 85.9 159.6 294.6 411.5 697.3 274.9 264.0 216.6 123.1 707.7 164.3 825.8 495.3 296.4 703.4 651.8 639.0 852.3 181.4 155.5 606.3 678.0 241.9 336.1 177.1 779.0 122.8 400.3 286.0 271.0 736.7 613.6 535.0 145.6 715.8 649.6 354.0 299.2 196.7 311.6 597.7 194.7 686.6 366.4 327.2 143.6 347.4 271.3 480.7 376.4
3038.4 114.6 582.6 691.8 219.6 643.8 246.8 105.9 688.6 275.5 104.0 279.1 265.9 480.6 297.2 494.4 669.3 526.1 657.3 199.8 542.1 656.0 269.4 215.5 637.2 427.9 230.9 173.1 763.5 313.3 280.8 655.0 34.2 763.5 285.0 303.1 649.7 479.5 633.2 129.1 0.0 551.9 241.1 727.2 50.6 214.1 752.2 95.5 217.4 762.6 780.8 14.8 162.8 349.4 666.4 526.8 317.1 195.4 163.5 561.6 332.7 397.5 810.4 113.3 266.6 596.9 192.8 98.1 272.7 363.5 654.3 651.0 229.6 295.3 668.0 304.1 403.0 95.3 288.8 168.8 422.7 600.2 149.1 138.2 226.0 132.5 589.8 173.7 837.0 506.5 220.1 714.6 663.0 650.2 863.5 190.8 284.7 617.5 689.2 371.1 210.3 186.5 790.2 252.0 274.5 295.4 280.4 747.9 624.8 546.2 155.0 727.0 610.6 228.2 173.4 70.9 185.8 608.9 229.5 697.8 395.6 338.4 17.8 221.6 145.5 491.9 255.5
2744.2 609.5 314.5 423.7 749.4 130.1 776.6 635.7 282.1 615.2 433.0 618.8 534.8 333.1 566.1 299.9 262.8 134.1 250.8 696.2 108.1 387.9 538.3 395.1 123.5 505.0 497.3 523.7 357.0 582.2 404.1 386.9 539.7 357.0 551.4 569.5 243.2 332.0 80.6 658.9 529.7 0.0 587.3 320.7 476.0 512.4 288.3 430.4 557.1 356.1 374.3 544.6 659.2 426.5 259.9 379.3 656.8 605.0 503.2 34.5 593.7 666.4 403.9 423.7 535.5 110.4 491.1 438.9 802.5 391.9 247.8 51.7 569.3 825.1 261.5 565.1 410.3 625.1 662.0 467.1 239.9 194.8 488.8 407.1 755.8 693.1 205.2 703.5 430.5 312.0 559.8 308.1 256.5 243.7 457.0 720.6 545.7 141.4 175.5 651.4 508.6 613.8 383.7 598.2 543.4 825.2 810.2 341.4 356.7 103.0 683.8 320.5 83.5 372.4 442.3 455.7 361.2 340.8 569.2 248.3 383.6 325.8 511.8 488.0 467.0 371.8 595.2
3108.0 340.2 518.7 628.5 310.0 580.5 337.2 196.3 625.3 220.2 278.2 347.9 465.7 417.3 497.0 431.1 606.0 462.8 594.0 148.7 478.8 592.7 469.2 389.7 573.9 364.6 410.2 398.7 700.2 505.5 199.5 592.3 259.8 700.2 464.3 482.4 586.4 416.2 569.9 99.7 225.5 587.9 0.0 663.9 276.2 439.7 688.9 321.1 218.4 699.3 715.8 210.4 111.7 293.3 603.1 463.5 261.8 285.8 269.1 622.5 151.4 473.3 747.1 287.5 466.4 533.6 418.4 272.3 363.1 282.2 591.0 587.7 142.5 385.7 604.7 122.8 339.7 185.7 107.5 394.4 359.4 645.2 297.1 338.0 316.4 222.9 655.6 264.1 773.7 443.2 244.3 651.3 599.7 586.9 800.2 281.2 103.4 554.2 625.9 189.8 435.9 276.9 726.9 10.8 474.3 385.8 370.8 684.6 561.5 482.9 245.4 663.7 597.5 402.4 373.2 296.5 360.0 545.6 142.6 634.5 314.3 275.1 243.4 400.9 371.1 428.6 324.3
2560.0 769.3 333.9 443.7 909.2 248.6 936.4 795.5 244.5 720.6 592.8 778.6 694.6 397.5 725.9 364.3 269.6 198.5 65.1 754.3 220.0 413.8 698.1 554.9 181.9 569.4 657.1 683.5 71.6 742.0 485.5 406.9 699.5 122.8 711.2 729.3 250.0 396.4 299.5 705.3 689.5 329.3 645.4 0.0 635.8 672.2 123.0 590.2 716.9 19.6 51.8 704.4 717.3 490.9 53.6 443.7 762.2 764.8 663.0 304.5 651.8 826.2 83.1 583.5 695.3 270.4 650.9 598.7 962.3 551.7 68.9 317.3 729.1 984.9 265.1 623.2 474.7 784.9 720.1 626.9 304.3 155.4 648.6 566.9 915.6 852.9 165.8 863.3 117.2 376.4 719.6 101.5 117.8 74.1 92.3 880.4 603.8 301.4 213.4 690.2 668.4 773.6 70.7 656.3 703.2 985.0 970.0 134.8 376.7 224.1 843.6 181.8 321.8 532.2 602.1 615.5 521.0 360.8 729.0 68.6 543.4 390.2 671.6 647.8 626.8 436.2 755.0
2990.6 133.4 651.2 760.4 273.3 634.3 300.5 159.6 757.2 455.2 229.1 347.7 215.2 549.2 246.5 563.0 737.9 594.7 670.1 253.5 610.7 724.6 218.7 213.1 627.7 496.5 180.2 191.9 750.8 262.6 349.4 723.6 63.6 832.1 234.3 252.4 718.3 548.1 584.8 182.8 53.6 504.1 294.8 675.6 0.0 192.8 678.6 44.8 286.0 698.8 729.2 68.5 216.5 418.0 658.6 595.4 496.8 249.1 232.1 513.8 386.4 346.8 758.8 152.6 215.9 614.6 171.5 223.2 326.4 432.1 673.9 555.9 377.5 349.0 736.6 357.8 471.6 149.0 342.5 147.5 491.3 552.4 217.7 87.5 279.7 186.2 542.0 227.4 792.9 575.1 288.7 783.2 731.6 718.8 768.0 244.5 338.4 645.6 679.7 424.8 189.0 240.2 746.4 305.7 223.8 349.1 334.1 816.5 693.4 607.2 208.7 795.6 562.8 199.5 122.7 20.2 138.0 677.5 377.6 638.6 417.0 407.0 35.7 170.9 147.4 560.5 324.1
3029.6 268.9 689.6 799.4 442.6 673.3 469.8 317.4 796.2 383.1 200.9 386.7 99.8 588.2 251.2 602.0 776.9 633.7 709.1 415.2 649.7 769.5 103.3 252.1 666.7 535.5 237.2 146.5 789.8 147.2 388.4 762.6 225.3 871.1 265.3 309.4 757.3 587.1 623.8 344.5 215.3 543.1 456.5 714.6 221.1 0.0 717.6 169.8 325.0 737.8 766.5 230.2 378.2 464.2 697.6 634.4 424.7 227.8 271.1 552.8 477.2 231.4 797.8 191.6 220.6 653.6 22.5 206.8 495.7 471.1 712.9 594.9 337.2 518.3 775.6 448.6 510.6 328.0 504.2 46.5 530.3 591.4 256.7 124.7 449.0 315.9 581.0 396.7 831.9 614.1 327.7 822.2 770.6 757.8 807.0 413.8 429.2 684.6 718.7 419.3 4.2 236.6 785.4 467.4 228.5 518.4 503.4 855.5 732.4 646.2 306.6 834.6 601.8 238.5 71.7 195.1 177.0 716.5 337.1 677.6 456.0 446.0 197.4 227.9 89.8 599.5 363.1
2611.3 766.0 412.2 521.4 905.9 215.6 933.1 792.2 322.2 771.7 589.5 775.3 691.3 430.8 722.6 397.6 302.9 231.8 186.8 787.6 235.1 485.6 694.8 551.6 148.9 602.7 653.8 680.2 217.1 738.7 560.6 484.6 696.2 293.0 707.9 726.0 283.3 429.7 266.5 738.6 686.2 296.3 678.7 141.9 632.5 668.9 0.0 586.9 713.6 165.1 195.5 701.1 750.6 524.2 117.5 477.0 813.3 761.5 659.7 271.5 685.1 822.9 225.1 580.2 692.0 237.4 647.6 595.4 959.0 548.4 183.8 284.3 725.8 981.6 301.6 656.5 508.0 781.6 753.4 623.6 337.6 122.4 645.3 563.6 912.3 849.6 132.8 860.0 259.2 409.7 716.3 244.1 192.5 179.7 234.3 877.1 637.1 268.4 180.4 723.5 665.1 770.3 212.7 689.6 699.9 981.7 966.7 277.4 454.4 230.0 840.3 256.5 288.8 528.9 598.8 612.2 517.7 438.5 725.7 70.0 540.1 423.5 668.3 644.5 623.5 469.5 751.7
2945.7 179.0 606.3 715.5 318.9 589.4 346.1 205.2 712.3 299.2 117.0 302.8 170.3 504.3 201.6 518.1 693.0 549.8 625.2 299.1 565.8 679.7 173.8 168.2 582.8 451.6 135.3 159.2 705.9 217.7 304.5 678.7 109.2 787.2 189.4 207.5 673.4 503.2 539.9 228.4 99.2 459.2 340.4 630.7 45.5 147.9 633.7 0.0 241.1 653.9 684.3 114.1 262.1 373.1 613.7 550.5 340.8 240.5 187.2 468.9 432.0 301.9 713.9 107.7 171.0 569.7 126.6 122.9 372.0 387.2 629.0 511.0 253.3 394.6 691.7 403.4 426.7 194.6 388.1 102.6 446.4 507.5 172.8 42.6 325.3 231.8 497.1 273.0 748.0 530.2 243.8 738.3 686.7 673.9 723.1 290.1 384.0 600.7 634.8 335.4 144.1 249.3 701.5 351.3 178.9 394.7 379.7 771.6 648.5 562.3 254.3 750.7 517.9 154.6 77.8 25.2 93.1 632.6 253.2 593.7 372.1 362.1 81.3 126.0 102.5 515.6 279.2
2979.1 604.1 365.1 474.3 513.4 426.3 540.6 399.7 471.1 318.4 427.6 446.1 529.4 263.1 560.7 276.9 451.8 308.6 439.8 352.1 324.6 438.5 532.9 389.7 419.7 210.4 491.9 518.3 546.0 576.8 63.3 437.5 534.3 546.0 546.0 564.1 432.2 262.0 415.7 303.1 428.9 433.7 243.2 509.7 470.6 507.0 534.7 425.0 0.0 545.1 563.3 413.8 315.1 131.9 448.9 309.3 360.0 489.2 497.8 468.3 249.6 661.0 592.9 418.3 530.1 379.4 485.7 433.5 566.5 146.0 436.8 433.5 240.7 589.1 450.5 221.0 185.5 389.1 317.9 461.7 205.2 491.0 483.4 401.7 519.8 426.3 501.4 467.5 619.5 289.0 342.5 497.1 445.5 432.7 646.0 484.6 201.6 400.0 471.7 288.0 503.2 480.3 572.7 254.1 538.0 589.2 574.2 530.4 407.3 328.7 448.8 509.5 443.3 367.0 436.9 450.3 355.8 391.4 240.8 480.3 178.1 120.9 506.4 482.6 461.6 274.4 422.5
2573.2 782.5 347.7 456.9 922.4 261.8 949.6 808.7 257.7 733.8 606.0 791.8 707.8 410.7 739.1 377.5 282.8 211.7 78.3 767.5 233.2 421.1 711.3 568.1 195.1 582.6 670.3 696.7 51.9 755.2 498.7 420.1 712.7 103.1 724.4 742.5 263.2 409.6 312.7 718.5 702.7 342.5 658.6 29.6 649.0 685.4 136.2 603.4 730.1 0.0 83.2 717.6 730.5 504.1 66.8 456.9 775.4 778.0 676.2 317.7 665.0 839.4 112.8 596.7 708.5 283.6 664.1 611.9 975.5 564.9 82.1 330.5 742.3 998.1 278.3 636.4 487.9 798.1 733.3 640.1 317.5 168.6 661.8 580.1 928.8 866.1 179.0 876.5 125.4 389.6 732.8 81.8 131.0 87.3 122.0 893.6 617.0 314.6 226.6 703.4 681.6 786.8 78.6 669.5 716.4 998.2 983.2 115.1 389.9 237.3 856.8 174.0 335.0 545.4 615.3 628.7 534.2 374.0 742.2 81.8 556.6 403.4 684.8 661.0 640.0 449.4 768.2
2621.9 831.2 395.8 505.6 971.1 310.5 998.3 857.4 306.4 782.5 654.7 840.5 756.5 459.4 787.8 426.2 331.5 260.4 127.0 816.2 281.9 469.8 760.0 616.8 243.8 631.3 719.0 745.4 78.5 803.9 547.4 468.8 761.4 162.6 773.1 791.2 311.9 458.3 361.4 767.2 751.4 391.2 707.3 61.8 697.7 734.1 184.9 652.1 778.8 81.5 0.0 766.3 779.2 552.8 115.5 505.6 824.1 826.7 724.9 366.4 713.7 888.1 101.0 645.4 757.2 332.3 712.8 660.6 1024.2 613.6 130.8 379.2 791.0 1046.8 327.0 685.1 536.6 846.8 782.0 688.8 366.2 217.3 710.5 628.8 977.5 914.8 227.7 925.2 65.3 438.3 781.5 141.3 179.7 136.0 91.8 942.3 665.7 363.3 275.3 752.1 730.3 835.5 60.0 718.2 765.1 1046.9 1031.9 174.6 438.6 286.0 905.5 233.5 383.7 594.1 664.0 677.4 582.9 422.7 790.9 130.5 605.3 452.1 733.5 709.7 688.7 498.1 816.9
3053.5 129.7 597.7 706.9 204.7 658.9 231.9 91.0 703.7 290.6 119.1 294.2 281.0 495.7 312.3 509.5 684.4 541.2 672.4 184.9 557.2 671.1 284.5 230.6 652.3 443.0 246.0 188.2 778.6 328.4 295.9 670.1 49.3 778.6 300.1 318.2 664.8 494.6 648.3 114.2 15.0 567.0 226.2 742.3 65.7 229.2 767.3 110.6 232.5 777.7 795.9 0.0 147.9 364.5 681.5 541.9 332.2 180.5 178.6 576.7 317.8 368.0 825.5 128.4 281.7 612.0 207.9 113.2 257.8 378.6 669.4 666.1 244.7 280.4 683.1 289.2 418.1 80.4 273.9 183.9 437.8 615.3 164.2 153.3 211.1 117.6 604.9 158.8 852.1 521.6 235.2 729.7 678.1 665.3 878.6 175.9 269.8 632.6 704.3 356.2 225.4 171.6 805.3 237.1 289.6 280.5 265.5 763.0 639.9 561.3 140.1 742.1 625.7 243.3 188.5 86.0 200.9 624.0 244.6 712.9 410.7 353.5 32.9 236.7 160.6 507.0 270.6
3187.4 263.6 592.9 702.1 233.4 654.1 260.6 119.7 698.9 293.8 253.0 421.5 414.9 490.9 446.2 504.7 679.6 536.4 667.6 36.9 552.4 666.3 418.4 364.5 647.5 438.2 379.9 322.1 773.8 428.9 273.1 665.3 183.2 773.8 434.0 452.1 660.0 489.8 643.5 23.1 148.9 661.5 133.4 737.5 199.6 363.1 762.5 244.5 292.0 772.9 791.1 133.8 0.0 359.7 676.7 537.1 335.4 209.2 312.5 710.6 225.0 396.7 820.7 262.3 415.6 607.2 341.8 247.1 286.5 355.8 664.6 661.3 216.1 309.1 678.3 196.4 413.3 109.1 181.1 317.8 433.0 718.8 298.1 287.2 239.8 146.3 738.8 187.5 847.3 516.8 317.9 724.9 673.3 660.5 873.8 204.6 177.0 627.8 699.5 263.4 359.3 200.3 800.5 144.3 423.5 309.2 294.2 758.2 635.1 556.5 168.8 737.3 671.1 377.2 322.4 219.9 334.8 619.2 216.2 708.1 387.9 348.7 166.8 370.6 294.5 502.2 397.9
2941.5 529.2 326.9 436.7 499.0 388.7 529.2 385.3 433.5 304.0 362.0 431.7 535.0 225.5 566.3 239.3 414.2 274.0 402.2 337.7 287.0 406.8 538.5 395.3 385.1 78.4 494.0 523.9 508.4 582.4 68.9 400.5 448.8 508.4 548.1 566.2 394.6 224.4 378.1 288.7 414.5 396.1 228.8 472.1 465.2 512.6 497.1 430.6 302.2 507.5 524.0 399.4 300.7 0.0 411.3 271.7 345.6 474.8 352.9 430.7 235.2 662.3 555.3 371.3 535.7 341.8 491.3 356.1 552.1 151.6 402.2 395.9 226.3 574.7 412.9 206.6 147.9 374.7 303.5 467.3 170.6 453.4 380.9 407.3 505.4 411.9 463.8 456.1 581.9 251.4 328.1 459.5 407.9 395.1 608.4 470.2 187.2 362.4 434.1 273.6 508.8 465.9 535.1 239.7 543.6 577.8 559.8 492.8 369.7 291.1 434.4 471.9 405.7 372.6 442.5 455.9 361.4 353.8 226.4 442.7 183.7 83.3 432.4 484.7 467.2 236.8 408.1
2530.1 739.4 280.2 390.0 879.3 211.3 906.5 765.6 190.8 745.1 562.9 748.7 664.7 343.8 696.0 310.6 215.9 144.8 11.4 700.6 166.3 354.2 668.2 525.0 144.6 515.7 627.2 653.6 164.6 712.1 431.8 353.2 669.6 164.6 681.3 699.4 196.3 342.7 262.2 651.6 659.6 292.0 591.7 60.7 605.9 642.3 85.7 560.3 687.0 83.9 112.6 674.5 663.6 437.2 0.0 390.0 786.7 734.9 633.1 267.2 598.1 796.3 143.9 553.6 665.4 233.1 621.0 568.8 932.4 521.8 15.9 280.0 699.2 955.0 211.4 569.5 421.0 755.0 666.4 597.0 250.6 118.1 618.7 537.0 885.7 823.0 128.5 833.4 178.0 322.7 689.7 115.7 64.1 21.1 153.1 850.5 550.1 264.1 176.1 636.5 638.5 743.7 131.5 602.6 673.3 955.1 940.1 149.0 323.0 225.7 813.7 128.1 284.5 502.3 572.2 585.6 491.1 307.1 699.1 31.3 513.5 336.5 641.7 617.9 596.9 382.5 725.1
2892.0 744.3 278.0 387.2 714.1 339.2 741.3 600.4 384.0 519.1 577.1 646.8 750.1 117.9 781.4 189.8 364.7 221.5 352.7 552.8 237.5 351.4 753.6 610.4 332.6 367.9 709.1 739.0 458.9 797.5 284.0 350.4 663.9 458.9 763.2 781.3 345.1 80.0 328.6 503.8 629.6 346.6 443.9 422.6 680.3 727.7 447.6 645.7 517.3 458.0 476.2 614.5 515.8 289.4 361.8 0.0 560.7 689.9 568.0 381.2 450.3 877.4 505.8 586.4 750.8 292.3 706.4 571.2 767.2 366.7 349.7 346.4 441.4 789.8 363.4 421.7 273.2 589.8 518.6 682.4 118.1 403.9 596.0 622.4 720.5 627.0 414.3 668.2 532.4 201.9 543.2 410.0 358.4 345.6 558.9 685.3 402.3 312.9 384.6 488.7 723.9 681.0 485.6 454.8 758.7 789.9 774.9 443.3 320.2 241.6 649.5 422.4 356.2 587.7 657.6 671.0 576.5 304.3 441.5 393.2 398.8 188.7 647.5 699.8 682.3 234.7 623.2
3125.5 364.7 511.5 620.7 504.6 572.7 531.8 390.9 617.5 39.4 206.1 275.8 393.6 409.5 424.9 423.3 598.2 455.0 586.2 364.7 471.0 584.9 397.1 317.6 566.1 356.8 338.1 382.5 692.4 441.0 209.7 583.9 294.9 692.4 392.2 410.3 578.6 408.4 562.1 315.7 284.9 580.1 255.8 656.1 334.8 371.2 681.1 289.2 146.3 691.5 709.7 299.8 327.7 278.3 595.3 455.7 0.0 463.8 197.0 614.7 262.2 525.2 739.3 215.4 394.3 525.8 349.9 200.2 557.7 292.4 583.2 579.9 122.2 580.3 596.9 233.6 331.9 380.3 330.5 325.9 351.6 637.4 225.0 265.9 511.0 417.5 647.8 458.7 765.9 435.4 172.2 643.5 591.9 579.1 792.4 475.8 214.2 546.4 618.1 106.3 367.4 472.6 719.1 266.7 402.2 580.4 565.4 676.8 553.7 475.1 440.0 655.9 589.7 330.3 301.1 314.5 287.9 537.8 122.1 626.7 324.5 267.3 267.0 328.8 325.8 420.8 252.2
3134.4 289.5 757.5 866.7 214.7 818.7 241.9 89.5 863.5 461.8 278.9 454.0 289.6 655.5 356.0 669.3 844.2 701.0 832.2 260.1 717.0 830.9 293.1 390.4 812.1 602.8 405.8 179.0 938.4 219.6 441.1 829.9 209.1 938.4 370.1 478.0 824.6 654.4 728.6 189.4 174.8 647.9 301.4 902.1 225.5 220.0 822.4 270.4 392.3 937.5 955.7 159.7 223.1 524.3 841.3 701.7 503.4 0.0 338.4 657.6 393.0 187.4 985.3 288.2 325.4 771.8 198.7 273.0 267.8 523.8 829.2 699.7 384.1 290.4 842.9 364.4 577.9 100.1 349.1 174.7 597.6 696.2 324.0 313.1 221.1 88.0 685.8 168.8 1011.9 681.4 395.0 889.5 837.9 825.1 1038.4 185.9 345.0 792.4 864.1 431.4 216.2 8.7 965.1 312.3 333.3 290.5 275.5 922.8 799.7 721.1 78.7 901.9 706.6 403.1 176.5 245.8 281.8 783.8 384.2 872.7 555.9 513.3 192.7 396.5 151.4 666.8 430.4
3088.3 242.9 474.3 583.5 382.8 535.5 410.0 269.1 580.3 167.2 84.3 170.8 271.8 372.3 303.1 386.1 561.0 417.8 549.0 363.8 433.8 547.7 275.3 195.8 528.9 319.6 216.3 260.7 655.2 319.2 172.5 546.7 173.1 655.2 270.4 288.5 541.4 371.2 524.9 292.3 163.1 542.9 254.9 618.9 213.0 249.4 643.9 167.4 109.1 654.3 672.5 178.0 326.8 241.1 558.1 418.5 208.8 342.0 0.0 577.5 261.3 403.4 702.1 93.6 272.5 488.6 228.1 78.4 435.9 255.2 546.0 542.7 121.3 458.5 559.7 232.7 294.7 258.5 329.6 204.1 314.4 600.2 103.2 144.1 389.2 295.7 610.6 336.9 728.7 398.2 111.8 606.3 554.7 541.9 755.2 354.0 213.3 509.2 580.9 203.4 245.6 350.8 681.9 265.8 280.4 458.6 443.6 639.6 516.5 437.9 318.2 618.7 552.5 208.5 179.3 192.7 166.1 500.6 121.2 589.5 287.3 230.1 145.2 207.0 204.0 383.6 147.2
2709.6 629.4 339.3 448.5 769.3 154.9 796.5 655.6 306.9 635.1 452.9 638.7 554.7 357.9 586.0 324.7 287.6 158.9 275.6 714.7 132.9 412.7 558.2 415.0 148.3 529.8 517.2 543.6 381.8 602.1 424.0 411.7 559.6 381.8 571.3 589.4 268.0 356.8 76.5 678.8 549.6 24.7 605.8 316.1 495.9 532.3 284.2 450.3 577.0 380.9 369.7 564.5 677.7 451.3 284.7 404.1 676.7 624.9 523.1 0.0 612.2 686.3 399.3 443.6 555.4 135.2 511.0 458.8 822.4 411.8 272.6 76.5 589.2 845.0 286.3 583.6 435.1 645.0 680.5 487.0 264.7 158.0 508.7 427.0 775.7 713.0 147.6 723.4 455.3 336.8 579.7 332.9 281.3 268.5 408.5 740.5 564.2 166.2 200.3 671.3 528.5 633.7 408.5 616.7 563.3 845.1 830.1 366.2 381.5 127.8 703.7 345.3 48.9 392.3 462.2 475.6 381.1 365.6 589.1 244.2 403.5 350.6 531.7 507.9 486.9 396.6 615.1
3232.3 460.3 574.7 683.9 430.1 635.9 457.3 316.4 715.3 275.6 333.6 403.3 521.1 472.7 552.4 486.5 661.4 518.2 758.5 268.8 534.2 648.1 524.6 445.1 629.3 420.0 465.6 518.8 755.6 568.5 254.9 647.1 379.9 755.6 519.7 537.8 641.8 471.6 625.3 219.8 345.6 643.3 159.9 828.4 396.3 498.7 853.4 416.7 273.8 754.7 882.0 330.5 231.8 341.5 767.6 518.9 317.2 405.9 324.5 677.9 0.0 593.4 911.6 342.9 521.8 589.0 477.4 327.7 483.2 337.6 755.5 643.1 197.9 505.8 735.9 49.7 395.1 305.8 68.2 453.4 414.8 700.6 352.5 393.4 436.5 343.0 711.0 384.2 829.1 498.6 299.7 706.7 655.1 751.4 920.8 401.3 85.2 609.6 681.3 245.2 494.9 397.0 782.3 170.8 529.7 505.9 490.9 740.0 616.9 538.3 365.5 719.1 652.9 457.8 428.6 416.6 415.4 601.0 198.0 799.0 369.7 330.5 363.5 456.3 453.3 484.0 379.7
3175.9 503.0 836.5 945.7 428.2 819.6 455.4 303.0 942.5 529.4 347.2 533.0 146.1 734.5 317.4 748.3 923.2 780.0 855.4 473.6 796.0 909.9 149.6 398.4 813.0 681.8 383.5 241.7 936.1 76.1 534.7 908.9 422.6 1017.4 331.5 455.7 903.6 733.4 770.1 402.9 388.3 689.4 514.9 860.9 361.7 240.5 863.9 316.1 471.3 884.1 914.5 373.2 436.6 603.3 843.9 780.7 571.0 213.4 417.4 699.1 606.5 0.0 944.1 337.9 286.8 799.9 261.4 353.1 481.3 617.4 859.2 741.2 483.5 503.9 921.9 577.9 656.9 313.6 562.6 237.4 676.6 737.7 403.0 271.0 434.6 301.5 727.3 382.3 978.2 760.4 474.0 968.5 916.9 904.1 953.3 399.4 558.5 830.9 865.0 644.9 244.7 222.2 931.7 525.8 294.7 504.0 489.0 1001.8 878.7 792.5 292.2 980.9 748.1 384.8 239.2 341.4 323.3 862.8 483.4 823.9 602.3 592.3 406.2 374.2 214.1 745.8 509.4
2653.2 862.5 427.7 536.9 1002.4 341.8 1029.6 888.7 337.7 813.8 686.0 871.8 787.8 490.7 819.1 457.5 362.8 291.7 158.3 847.5 313.2 501.1 791.3 648.1 275.1 662.6 750.3 776.7 119.1 835.2 578.7 500.1 792.7 203.2 804.4 822.5 343.2 489.6 392.7 798.5 782.7 422.5 738.6 93.1 729.0 765.4 216.2 683.4 810.1 112.8 119.3 797.6 810.5 584.1 146.8 536.9 855.4 858.0 756.2 397.7 745.0 919.4 0.0 676.7 788.5 363.6 744.1 691.9 1055.5 644.9 162.1 410.5 822.3 1078.1 358.3 716.4 567.9 878.1 813.3 720.1 397.5 248.6 741.8 660.1 1008.8 946.1 259.0 956.5 64.3 469.6 812.8 181.9 211.0 167.3 9.2 973.6 697.0 394.6 306.6 783.4 761.6 866.8 92.4 749.5 796.4 1078.2 1063.2 215.2 469.9 317.3 936.8 274.1 415.0 625.4 695.3 708.7 614.2 454.0 822.2 161.8 636.6 483.4 764.8 741.0 720.0 529.4 848.2
2925.0 198.5 498.5 607.7 338.4 559.7 365.6 224.7 604.5 191.4 9.2 195.0 178.1 396.5 209.4 410.3 585.2 442.0 573.2 318.6 458.0 571.9 181.6 102.1 553.1 343.8 122.6 167.0 679.4 225.5 196.7 570.9 128.7 679.4 176.7 194.8 565.6 395.4 549.1 247.9 118.7 438.5 279.1 643.1 119.3 155.7 668.1 73.7 133.3 678.5 696.7 133.6 281.6 265.3 582.3 442.7 233.0 248.3 79.4 448.2 285.5 309.7 726.3 0.0 178.8 512.8 134.4 15.1 391.5 279.4 570.2 566.9 145.5 414.1 583.9 256.9 318.9 214.1 353.8 110.4 338.6 486.8 65.0 50.4 344.8 336.4 476.4 292.5 752.9 422.4 136.0 630.5 578.9 566.1 779.4 309.6 237.5 533.4 605.1 227.6 151.9 257.1 706.1 290.0 186.7 414.2 399.2 663.8 540.7 462.1 327.1 642.9 497.2 114.8 85.6 99.0 72.4 524.8 145.4 613.7 311.5 254.3 100.8 113.3 110.3 407.8 171.4
3045.2 364.5 705.8 815.0 504.4 688.9 531.6 415.3 811.8 398.7 216.5 402.3 175.4 603.8 142.3 617.6 792.5 649.3 724.7 484.6 665.3 779.2 178.9 267.7 682.3 551.1 252.8 244.4 805.4 222.8 404.0 778.2 294.7 886.7 145.3 287.6 772.9 602.7 639.4 413.9 284.7 558.7 486.4 730.2 231.0 233.1 733.2 185.4 340.6 753.4 783.8 299.6 447.6 472.6 713.2 650.0 440.3 325.7 286.7 568.4 492.8 307.0 813.4 207.2 0.0 669.2 211.8 222.4 557.5 486.7 728.5 610.5 352.8 580.1 791.2 464.2 526.2 380.1 561.1 187.8 545.9 607.0 272.3 140.3 510.8 413.8 596.6 458.5 847.5 629.7 343.3 837.8 786.2 773.4 822.6 475.6 444.8 700.2 734.3 434.9 229.3 334.5 801.0 497.3 108.5 580.2 565.2 871.1 748.0 661.8 404.5 850.2 617.4 254.1 163.0 210.7 192.6 732.1 352.7 693.2 471.6 461.6 266.8 243.5 187.7 615.1 378.7
2727.1 731.3 251.5 360.7 788.2 114.3 815.4 674.5 219.1 593.2 554.8 740.6 656.6 270.1 687.9 236.9 199.8 71.1 187.8 626.9 45.1 324.9 660.1 516.9 107.7 442.0 619.1 645.5 294.0 704.0 358.1 323.9 661.5 294.0 673.2 691.3 180.2 269.0 103.7 577.9 651.5 121.7 518.0 257.7 597.8 634.2 282.7 552.2 678.9 293.1 311.3 666.4 589.9 363.5 196.9 316.3 634.8 726.8 625.0 156.3 524.4 788.2 340.9 545.5 657.3 0.0 612.9 560.7 841.3 440.8 184.8 121.5 515.5 863.9 198.5 495.8 347.3 663.9 592.7 588.9 176.9 179.0 610.6 528.9 794.6 701.1 189.4 742.3 367.5 249.0 681.6 245.1 193.5 180.7 394.0 759.4 476.4 88.0 159.7 562.8 630.4 735.6 320.7 528.9 665.2 864.0 849.0 278.4 293.7 40.0 723.6 257.5 131.3 494.2 564.1 577.5 483.0 277.8 515.6 228.3 505.4 262.8 633.6 609.8 588.8 308.8 717.0
3007.0 246.3 667.6 776.8 420.0 650.7 447.2 294.8 773.6 360.5 178.3 364.1 121.1 565.6 228.6 579.4 754.3 611.1 686.5 392.6 627.1 741.0 124.6 229.5 644.1 512.9 214.6 123.9 767.2 168.5 365.8 740.0 202.7 848.5 242.7 286.8 734.7 564.5 601.2 321.9 192.7 520.5 433.9 692.0 198.5 21.2 695.0 147.2 302.4 715.2 745.6 207.6 355.6 434.4 675.0 611.8 402.1 205.2 248.5 530.2 454.6 252.7 775.2 169.0 198.0 631.0 0.0 184.2 473.1 448.5 690.3 572.3 314.6 495.7 753.0 426.0 488.0 305.4 481.6 23.9 507.7 568.8 234.1 102.1 426.4 293.3 558.4 374.1 809.3 591.5 305.1 799.6 748.0 735.2 784.4 391.2 406.6 662.0 696.1 396.7 17.4 214.0 762.8 444.8 205.9 495.8 480.8 832.9 709.8 623.6 284.0 812.0 579.2 215.9 49.1 172.5 154.4 693.9 314.5 655.0 433.4 423.4 174.8 205.3 67.2 576.9 340.5
2940.2 183.3 483.3 592.5 323.2 544.5 350.4 209.5 589.3 176.2 5.8 179.8 193.3 381.3 224.6 395.1 570.0 426.8 558.0 303.4 442.8 556.7 196.8 117.3 537.9 328.6 137.8 182.2 664.2 240.7 181.5 555.7 113.5 664.2 191.9 210.0 550.4 380.2 533.9 232.7 103.5 453.7 263.9 627.9 134.5 170.9 652.9 88.9 118.1 663.3 681.5 118.4 266.4 250.1 567.1 427.5 217.8 263.5 64.2 463.4 270.3 324.9 711.1 15.1 194.0 497.6 149.6 0.0 376.3 264.2 555.0 551.7 130.3 398.9 568.7 241.7 303.7 198.9 338.6 125.6 323.4 502.0 49.8 65.6 329.6 236.1 491.6 277.3 737.7 407.2 120.8 615.3 563.7 550.9 764.2 294.4 222.3 518.2 589.9 212.4 167.1 272.3 690.9 274.8 201.9 399.0 384.0 648.6 525.5 446.9 342.3 627.7 561.5 130.0 100.8 114.2 87.6 509.6 130.2 598.5 296.3 239.1 85.6 128.5 125.5 392.6 156.2
3328.4 404.6 872.6 981.8 63.1 933.8 78.5 194.7 978.6 576.9 394.0 569.1 555.9 770.6 587.2 784.4 959.3 816.1 947.3 375.2 832.1 946.0 559.4 505.5 927.2 717.9 520.9 463.1 1053.5 503.9 556.2 945.0 324.2 1053.5 575.0 593.1 939.7 769.5 923.2 304.5 289.9 841.9 416.5 1017.2 340.6 504.1 1042.2 385.5 507.4 1052.6 1070.8 274.8 338.2 639.4 956.4 816.8 618.5 284.2 453.5 851.6 508.1 471.7 1100.4 403.3 556.6 886.9 482.8 388.1 0.0 638.9 944.3 941.0 499.2 22.5 958.0 479.5 693.0 215.2 464.2 458.8 712.7 890.2 439.1 428.2 57.3 203.1 879.8 205.5 1127.0 796.5 510.1 1004.6 953.0 940.2 1153.5 105.4 460.1 907.5 979.2 546.5 500.3 275.3 1080.2 427.4 564.5 22.7 52.3 1037.9 914.8 836.2 193.8 1017.0 900.6 518.2 463.4 360.9 475.8 898.9 499.3 987.8 671.0 628.4 307.8 511.6 435.5 781.9 545.5
2889.8 522.1 419.3 528.5 549.6 480.5 576.8 435.9 525.3 354.6 345.6 531.4 447.4 317.3 478.7 331.1 506.0 362.8 494.0 388.3 378.8 492.7 450.9 307.7 473.9 264.6 409.9 436.3 600.2 494.8 96.2 491.7 452.3 600.2 464.0 482.1 486.4 316.2 469.9 339.3 442.3 412.0 279.4 563.9 388.6 425.0 588.9 343.0 469.7 599.3 617.5 457.2 351.3 186.1 503.1 363.5 396.2 517.6 415.8 421.7 285.8 579.0 647.1 336.3 448.1 433.6 403.7 351.5 602.7 0.0 491.0 487.7 276.9 625.3 504.7 257.2 239.7 425.3 354.1 379.7 259.4 451.6 401.4 319.7 556.0 462.5 441.2 503.7 673.7 343.2 472.4 551.3 499.7 486.9 700.2 520.8 237.8 454.2 525.9 324.2 421.2 526.4 626.9 290.3 456.0 625.4 610.4 584.6 461.5 382.9 485.0 563.7 470.7 285.0 354.9 368.3 273.8 445.6 277.0 534.5 96.1 175.1 424.4 400.6 379.6 328.6 507.8
2542.2 751.5 264.9 374.7 891.4 223.4 918.6 777.7 175.5 651.6 575.0 760.8 676.8 328.5 708.1 295.3 200.6 129.5 3.0 685.3 151.0 344.8 680.3 537.1 156.7 500.4 639.3 665.7 149.3 724.2 416.5 337.9 681.7 149.3 693.4 711.5 181.0 327.4 274.3 636.3 671.7 304.1 576.4 72.8 618.0 654.4 97.8 572.4 699.1 96.0 124.7 686.6 648.3 421.9 12.0 374.7 693.2 747.0 645.2 279.3 582.8 808.4 156.0 565.7 677.5 245.2 633.1 580.9 944.5 533.9 0.0 292.1 573.9 967.1 196.1 554.2 405.7 767.1 651.1 609.1 235.3 130.2 630.8 549.1 897.8 835.1 140.6 845.5 222.8 307.4 701.8 100.4 48.8 5.2 165.2 862.6 534.8 276.2 188.2 621.2 650.6 755.8 176.0 587.3 685.4 967.2 952.2 133.7 307.7 155.1 825.8 112.8 296.6 514.4 584.3 597.7 503.2 291.8 574.0 43.4 525.6 321.2 653.8 630.0 609.0 367.2 737.2
2799.4 650.8 323.2 433.0 790.7 139.4 817.9 677.0 291.4 656.5 474.3 660.1 576.1 342.4 607.4 309.2 272.1 143.4 260.1 699.2 117.4 403.1 579.6 436.4 132.8 514.3 538.6 565.0 366.3 623.5 445.4 396.8 581.0 366.3 592.7 610.8 252.5 341.3 89.9 700.2 571.0 41.2 590.3 330.0 517.3 553.7 297.6 471.7 598.4 365.4 381.9 585.9 662.2 435.8 269.2 388.6 698.1 646.3 544.5 75.8 596.7 707.7 413.2 465.0 576.8 119.7 532.4 480.2 843.8 433.2 257.1 0.0 610.6 866.4 270.8 568.1 419.6 666.4 665.0 508.4 249.2 204.1 530.1 448.4 797.1 734.4 214.5 744.8 439.8 321.3 601.1 317.4 265.8 253.0 466.3 761.9 548.7 150.7 184.8 692.7 549.9 655.1 393.0 601.2 584.7 866.5 851.5 350.7 366.0 112.3 725.1 329.8 117.5 413.7 483.6 497.0 402.5 350.1 610.5 257.6 424.9 335.1 553.1 529.3 508.3 381.1 636.5
3055.0 294.2 441.0 550.2 403.7 502.2 430.9 290.0 547.0 77.6 135.6 205.3 323.1 339.0 354.4 352.8 527.7 384.5 515.7 242.4 400.5 514.4 326.6 247.1 495.6 286.3 267.6 312.0 621.9 370.5 158.6 513.4 224.4 621.9 321.7 339.8 508.1 337.9 491.6 193.4 214.4 509.6 133.5 585.6 264.3 300.7 610.6 218.7 75.8 621.0 639.2 229.3 205.4 207.8 524.8 385.2 119.2 393.3 126.5 544.2 139.9 454.7 668.8 144.9 323.8 455.3 279.4 129.7 456.8 241.3 512.7 509.4 0.0 479.4 526.4 111.3 261.4 279.4 208.2 255.4 281.1 566.9 154.5 195.4 410.1 316.6 577.3 357.8 695.4 364.9 101.7 573.0 521.4 508.6 721.9 374.9 91.9 475.9 547.6 82.0 296.9 402.1 648.6 144.4 331.7 479.5 464.5 606.3 483.2 404.6 339.1 585.4 519.2 259.8 230.6 244.0 217.4 467.3 0.1 556.2 273.4 196.8 196.5 258.3 255.3 350.3 181.7
3352.6 428.8 896.8 1006.0 87.3 958.0 102.7 218.9 1002.8 601.1 418.2 593.3 580.1 794.8 611.4 808.6 983.5 840.3 971.5 399.4 856.3 970.2 583.6 529.7 951.4 742.1 545.1 487.3 1077.7 528.1 580.4 969.2 348.4 1077.7 599.2 617.3 963.9 793.7 947.4 328.7 314.1 866.1 440.7 1041.4 364.8 528.3 1066.4 409.7 531.6 1076.8 1095.0 299.0 362.4 663.6 980.6 841.0 642.7 308.4 477.7 875.8 532.3 495.9 1124.6 427.5 580.8 911.1 507.0 412.3 24.2 663.1 968.5 965.2 523.4 0.0 982.2 503.7 717.2 239.4 488.4 483.0 736.9 914.4 463.3 452.4 81.5 227.3 904.0 229.7 1151.2 820.7 534.3 1028.8 977.2 964.4 1177.7 129.6 484.3 931.7 1003.4 570.7 524.5 299.5 1104.4 451.6 588.7 0.1 76.5 1062.1 939.0 860.4 218.0 1041.2 924.8 542.4 487.6 385.1 500.0 923.1 523.5 1012.0 695.2 652.6 332.0 535.8 459.7 806.1 569.7
2726.6 887.0 327.2 436.4 863.9 270.0 891.1 750.2 20.6 668.9 710.5 796.6 812.3 345.8 843.6 312.6 113.3 146.8 187.3 702.6 168.3 400.6 815.8 672.6 263.4 517.7 774.8 801.2 332.1 859.7 433.8 399.6 817.2 332.1 828.9 847.0 93.7 344.7 259.4 653.6 807.2 277.4 593.7 257.2 753.5 789.9 282.2 707.9 667.1 280.4 310.8 764.3 665.6 439.2 196.4 392.0 710.5 839.7 780.7 312.0 600.1 943.9 340.4 701.2 813.0 223.1 768.6 716.4 917.0 516.5 184.3 277.2 591.2 939.6 0.0 571.5 423.0 739.6 668.4 744.6 252.6 314.6 766.3 684.6 870.3 776.8 325.0 818.0 374.5 324.7 693.0 283.2 231.6 180.2 349.6 835.1 552.1 243.7 315.4 638.5 786.1 830.8 328.0 604.6 820.9 939.7 924.7 316.5 369.4 172.4 799.3 295.6 287.0 649.9 719.8 733.2 638.7 353.5 591.3 227.8 548.6 338.5 789.3 765.5 744.5 384.5 773.0
3187.2 431.0 524.9 634.1 400.8 586.1 428.0 287.1 670.2 225.8 283.8 353.5 471.3 422.9 502.6 436.7 611.6 468.4 713.4 239.5 484.4 598.3 474.8 395.3 579.5 370.2 415.8 489.5 705.8 518.7 205.1 597.3 350.6 705.8 469.9 488.0 592.0 421.8 575.5 190.5 316.3 593.5 130.6 783.3 367.0 448.9 808.3 366.9 224.0 704.9 836.9 301.2 202.5 291.7 722.5 469.1 267.4 376.6 274.7 628.1 28.5 564.1 866.5 293.1 472.0 539.2 427.6 277.9 453.9 287.8 710.4 593.3 148.1 476.5 690.8 0.0 345.3 276.5 96.8 403.6 365.0 650.8 302.7 343.6 407.2 313.7 661.2 354.9 779.3 448.8 249.9 656.9 605.3 706.3 875.7 372.0 35.5 559.8 631.5 195.4 445.1 367.7 732.5 141.5 479.9 476.6 461.6 690.2 567.1 488.5 336.2 669.3 603.1 408.0 378.8 387.3 365.6 551.2 148.2 753.9 319.9 280.7 334.2 406.5 403.5 434.2 329.9
2951.5 609.0 337.5 446.7 578.8 398.7 606.0 465.1 443.5 383.8 441.8 511.5 614.8 235.5 646.1 249.3 424.2 281.0 412.2 417.5 297.0 410.9 618.3 475.1 392.1 232.6 573.8 603.7 518.4 662.2 148.7 409.9 528.6 518.4 627.9 646.0 404.6 234.4 388.1 368.5 494.3 406.1 308.6 482.1 545.0 592.4 507.1 510.4 382.0 517.5 535.7 479.2 380.5 154.1 421.3 281.7 425.4 554.6 432.7 440.7 315.0 742.1 565.3 451.1 615.5 351.8 571.1 435.9 631.9 231.4 409.2 405.9 306.1 654.5 422.9 286.4 0.0 454.5 383.3 547.1 177.6 463.4 460.7 487.1 585.2 491.7 473.8 532.9 591.9 261.4 407.9 469.5 417.9 405.1 618.4 550.0 267.0 372.4 444.1 353.4 588.6 545.7 545.1 319.5 623.4 654.6 639.6 502.8 379.7 301.1 514.2 481.9 415.7 452.4 522.3 535.7 441.2 363.8 306.2 452.7 263.5 93.3 512.2 564.5 547.0 246.8 487.9
3113.1 189.3 657.3 766.5 124.2 718.5 151.4 10.5 763.3 361.6 178.7 353.8 340.6 555.3 371.9 569.1 744.0 600.8 732.0 159.9 616.8 730.7 344.1 290.2 711.9 502.6 305.6 247.8 838.2 319.7 340.9 729.7 108.9 838.2 359.7 377.8 724.4 554.2 707.9 89.2 74.6 626.6 201.2 801.9 125.3 288.8 826.9 170.2 292.1 837.3 855.5 59.5 122.9 424.1 741.1 601.5 403.2 100.0 238.2 636.3 292.8 287.5 885.1 188.0 341.3 671.6 267.5 172.8 177.3 423.6 729.0 725.7 283.9 199.9 742.7 264.2 477.7 0.0 248.9 243.5 497.4 674.9 223.8 212.9 130.6 37.1 664.5 78.3 911.7 581.2 294.8 789.3 737.7 724.9 938.2 95.4 244.8 692.2 763.9 331.2 285.0 91.1 864.9 212.1 349.2 200.0 185.0 822.6 699.5 620.9 59.6 801.7 685.3 302.9 248.1 145.6 260.5 683.6 284.0 772.5 455.7 413.1 92.5 296.3 220.2 566.6 330.2
3164.0 392.0 463.0 572.2 361.8 524.2 389.0 248.1 647.0 199.0 257.0 326.7 543.3 361.0 574.6 374.8 549.7 406.5 690.2 200.5 422.5 536.4 546.8 368.5 517.6 308.3 389.0 450.5 643.9 557.3 143.2 535.4 311.6 643.9 443.1 461.2 530.1 359.9 513.6 151.5 277.3 531.6 91.6 760.1 328.0 491.5 785.1 372.9 197.2 783.3 813.7 262.2 163.5 229.8 699.3 407.2 240.6 337.6 247.9 566.2 74.3 525.1 843.3 266.3 544.0 477.3 470.2 251.1 414.9 225.9 687.2 531.4 121.3 437.5 667.6 69.4 283.4 237.5 0.0 446.2 303.1 588.9 275.9 415.6 368.2 274.7 599.3 315.9 717.4 386.9 223.1 595.0 543.4 683.1 852.5 333.0 50.0 497.9 569.6 168.6 487.7 328.7 670.6 102.5 551.9 437.6 422.6 628.3 505.2 426.6 297.2 607.4 541.2 381.2 450.8 348.3 338.8 489.3 121.4 730.7 258.0 218.8 295.2 379.7 422.9 372.3 303.1
2983.0 222.3 643.6 752.8 396.0 626.7 423.2 270.8 749.6 336.5 154.3 340.1 145.1 541.6 204.6 555.4 730.3 587.1 662.5 368.6 603.1 717.0 148.6 205.5 620.1 488.9 190.6 99.9 743.2 192.5 341.8 716.0 178.7 824.5 218.7 262.8 710.7 540.5 577.2 297.9 168.7 496.5 409.9 668.0 174.5 45.2 671.0 123.2 278.4 691.2 721.6 183.6 331.6 410.4 651.0 587.8 378.1 181.2 224.5 506.2 430.6 276.7 751.2 145.0 174.0 607.0 23.9 160.2 449.1 424.5 666.3 548.3 290.6 471.7 729.0 402.0 464.0 281.4 457.6 0.0 483.7 544.8 210.1 78.1 402.4 269.3 534.4 350.1 785.3 567.5 281.1 775.6 724.0 711.2 760.4 367.2 382.6 638.0 672.1 372.7 41.4 190.0 738.8 420.8 181.9 471.8 456.8 808.9 685.8 599.6 260.0 788.0 555.2 191.9 25.1 148.5 130.4 669.9 290.5 631.0 409.4 399.4 150.8 181.3 43.2 552.9 316.5
2773.8 641.4 159.2 269.0 611.2 221.0 638.4 497.5 265.8 416.2 474.2 543.9 647.2 93.1 678.5 71.6 246.5 103.3 234.5 449.9 119.3 233.2 650.7 507.5 214.4 265.0 606.2 636.1 340.7 694.6 181.1 232.2 561.0 340.7 660.3 678.4 226.9 92.0 210.4 400.9 526.7 228.4 341.0 304.4 577.4 624.8 329.4 542.8 414.4 339.8 356.3 511.6 412.9 193.7 243.6 139.3 457.8 587.0 465.1 263.0 347.4 774.5 387.6 483.5 647.9 174.1 603.5 468.3 664.3 263.8 231.5 228.2 338.5 686.9 245.2 318.8 170.3 486.9 415.7 579.5 0.0 285.7 493.1 519.5 617.6 524.1 296.1 565.3 414.2 83.7 440.3 291.8 240.2 227.4 440.7 582.4 299.4 194.7 266.4 385.8 621.0 578.1 367.4 351.9 655.8 687.0 672.0 325.1 202.0 123.4 546.6 304.2 238.0 484.8 554.7 568.1 473.6 186.1 338.6 275.0 295.9 85.8 544.6 596.9 579.4 131.8 520.3
2627.4 643.5 371.7 480.9 783.4 145.8 810.6 669.7 313.8 649.2 467.0 652.8 568.8 390.3 600.1 357.1 294.5 191.3 145.1 730.2 165.3 445.1 572.3 429.1 79.1 562.2 531.3 557.7 233.2 616.2 438.1 444.1 573.7 284.6 585.4 603.5 274.9 389.2 193.9 692.9 563.7 173.8 621.3 158.0 510.0 546.4 126.1 464.4 591.1 181.2 211.6 578.6 693.2 483.7 133.6 436.5 690.8 639.0 537.2 149.0 627.7 700.4 241.2 457.7 569.5 167.6 525.1 472.9 836.5 425.9 175.4 225.6 603.3 859.1 293.2 599.1 467.5 659.1 696.0 501.1 297.1 0.0 522.8 441.1 789.8 727.1 10.3 737.5 275.3 369.2 593.8 235.7 184.1 171.3 250.4 754.6 579.7 198.6 110.6 685.4 542.6 647.8 228.8 632.2 577.4 859.2 844.2 269.0 413.9 160.2 717.8 248.1 166.3 406.4 476.3 489.7 395.2 398.0 603.2 86.1 417.6 383.0 545.8 522.0 501.0 429.0 629.2
3002.1 226.3 500.1 609.3 366.2 561.3 393.4 252.5 606.1 193.0 67.7 196.6 255.2 398.1 286.5 411.9 586.8 443.6 574.8 346.4 459.6 573.5 258.7 179.2 554.7 345.4 199.7 244.1 681.0 302.6 198.3 572.5 156.5 681.0 253.8 271.9 567.2 397.0 550.7 275.7 146.5 568.7 280.7 644.7 196.4 232.8 669.7 150.8 134.9 680.1 698.3 161.4 309.4 266.9 583.9 444.3 234.6 325.4 81.0 603.3 287.1 386.8 727.9 77.0 255.9 514.4 211.5 61.8 419.3 281.0 571.8 568.5 147.1 441.9 585.5 258.5 320.5 241.9 355.4 187.5 340.2 626.0 0.0 127.5 372.6 279.1 636.4 320.3 754.5 424.0 137.6 632.1 580.5 567.7 781.0 337.4 239.1 535.0 606.7 229.2 229.0 334.2 707.7 291.6 263.8 442.0 427.0 665.4 542.3 463.7 301.6 644.5 578.3 191.9 162.7 176.1 149.5 526.4 147.0 615.3 313.1 255.9 128.6 190.4 187.4 409.4 173.0
2904.8 238.9 565.4 674.6 412.6 548.5 439.8 287.4 671.4 258.3 76.1 261.9 127.6 463.4 158.9 477.2 652.1 508.9 584.3 385.2 524.9 638.8 131.1 127.3 541.9 410.7 112.4 116.5 665.0 175.0 263.6 637.8 195.3 746.3 166.5 184.6 632.5 462.3 499.0 314.5 185.3 418.3 346.0 589.8 90.6 105.2 592.8 45.0 200.2 613.0 643.4 200.2 348.2 332.2 572.8 509.6 299.9 197.8 146.3 428.0 352.4 259.2 673.0 66.8 128.3 528.8 83.9 82.0 465.7 346.3 588.1 470.1 212.4 488.3 650.8 323.8 385.8 298.0 420.7 59.9 405.5 466.6 131.9 0.0 419.0 285.9 456.2 366.7 707.1 489.3 202.9 697.4 645.8 633.0 682.2 383.8 304.4 559.8 593.9 294.5 101.4 206.6 660.6 356.9 136.2 488.4 473.4 730.7 607.6 521.4 276.6 709.8 477.0 113.7 35.1 70.3 52.2 591.7 212.3 552.8 331.2 321.2 167.4 103.1 59.8 474.7 238.3
3271.0 347.2 815.2 924.4 5.7 876.4 20.7 137.3 921.2 519.5 336.6 511.7 498.5 713.2 529.8 727.0 901.9 758.7 889.9 317.8 774.7 888.6 502.0 448.1 869.8 660.5 463.5 405.7 996.1 446.5 498.8 887.6 266.8 996.1 517.6 535.7 882.3 712.1 865.8 247.1 232.5 784.5 359.1 959.8 283.2 446.7 984.8 328.1 450.0 995.2 1013.4 217.4 280.8 582.0 899.0 759.4 561.1 226.8 396.1 794.2 450.7 414.3 1043.0 345.9 499.2 829.5 425.4 330.7 46.6 581.5 886.9 883.6 441.8 69.2 900.6 422.1 635.6 157.8 406.8 401.4 655.3 832.8 381.7 370.8 0.0 145.7 822.4 148.1 1069.6 739.1 452.7 947.2 895.6 882.8 1096.1 48.0 402.7 850.1 921.8 489.1 442.9 217.9 1022.8 370.0 507.1 69.3 54.3 980.5 857.4 778.8 136.4 959.6 843.2 460.8 406.0 303.5 418.4 841.5 441.9 930.4 613.6 571.0 250.4 454.2 378.1 724.5 488.1
3140.3 216.5 684.5 793.7 141.7 745.7 168.9 16.5 790.5 388.8 205.9 381.0 367.8 582.5 399.1 596.3 771.2 628.0 759.2 187.1 644.0 757.9 371.3 317.4 739.1 529.8 332.8 275.0 865.4 317.6 368.1 756.9 136.1 865.4 386.9 405.0 751.6 581.4 735.1 116.4 101.8 653.8 228.4 829.1 152.5 316.0 854.1 197.4 319.3 864.5 882.7 86.7 150.1 451.3 768.3 628.7 430.4 97.9 265.4 663.5 320.0 285.4 912.3 215.2 368.5 698.8 294.7 200.0 194.8 450.8 756.2 752.9 311.1 217.4 769.9 291.4 504.9 27.1 276.1 270.7 524.6 702.1 251.0 240.1 148.1 0.0 691.7 95.8 938.9 608.4 322.0 816.5 764.9 752.1 965.4 106.1 272.0 719.4 791.1 358.4 312.2 89.0 892.1 239.3 376.4 217.5 202.5 849.8 726.7 648.1 57.5 828.9 712.5 330.1 275.3 172.8 287.7 710.8 311.2 799.7 482.9 440.3 119.7 323.5 247.4 593.8 357.4
2637.8 633.1 382.1 491.3 773.0 156.2 800.2 659.3 324.2 638.8 456.6 642.4 558.4 400.7 589.7 367.5 304.9 201.7 155.5 719.8 175.7 455.5 561.9 418.7 89.5 572.6 520.9 547.3 243.6 605.8 427.7 454.5 563.3 295.0 575.0 593.1 285.3 399.6 183.5 682.5 553.3 163.4 610.9 168.4 499.6 536.0 136.5 454.0 580.7 191.6 222.0 568.2 682.8 494.1 144.0 446.9 680.4 628.6 526.8 138.6 617.3 690.0 251.6 447.3 559.1 178.0 514.7 462.5 826.1 415.5 185.8 215.2 592.9 848.7 303.6 588.7 477.9 648.7 685.6 490.7 307.5 10.3 512.4 430.7 779.4 716.7 0.0 727.1 285.7 379.6 583.4 246.1 194.5 181.7 260.8 744.2 569.3 209.0 121.0 675.0 532.2 637.4 239.2 621.8 567.0 848.8 833.8 279.4 424.3 170.6 707.4 258.5 155.9 396.0 465.9 479.3 384.8 408.4 592.8 96.5 407.2 393.4 535.4 511.6 490.6 439.4 618.8
3212.5 288.7 756.7 865.9 93.5 817.9 120.7 80.2 862.7 461.0 278.1 453.2 440.0 654.7 471.3 668.5 843.4 700.2 831.4 259.3 716.2 836.0 443.5 389.6 811.3 602.0 405.0 347.2 937.6 389.4 440.3 829.7 208.3 937.6 459.1 477.2 823.8 653.6 807.3 188.6 174.0 726.0 300.6 901.3 224.7 388.2 926.3 269.6 391.5 936.7 953.2 158.9 222.3 530.7 840.5 700.9 502.6 169.7 337.6 735.7 392.2 357.2 984.5 287.4 440.7 771.0 366.9 272.2 146.6 523.0 828.4 825.1 383.3 169.2 842.1 363.6 577.1 99.3 348.3 342.9 596.8 774.3 323.2 312.3 99.9 106.8 763.9 0.0 1011.1 680.6 394.2 888.7 837.1 824.3 1037.6 64.7 344.2 791.6 863.3 430.6 384.4 160.8 964.3 311.5 448.6 169.3 154.3 922.0 798.9 720.3 129.3 901.1 784.7 402.3 347.5 245.0 359.9 783.0 383.4 871.9 555.1 512.5 191.9 395.7 319.6 666.0 429.6
2688.8 898.1 463.3 572.5 1038.0 377.4 1065.2 924.3 373.3 839.5 721.6 907.4 823.4 516.4 854.7 483.2 388.5 317.4 193.9 873.2 338.9 536.7 826.9 683.7 310.7 688.3 785.9 812.3 74.6 870.8 604.4 535.7 828.3 158.7 840.0 858.1 368.9 515.3 428.3 824.2 818.3 458.1 764.3 128.7 764.6 801.0 251.8 719.0 845.7 126.6 74.8 833.2 836.2 609.8 182.4 562.6 881.1 893.6 791.8 433.3 770.7 955.0 75.5 712.3 824.1 393.7 779.7 727.5 1091.1 680.5 197.7 446.1 761.8 1113.7 387.2 742.1 593.6 913.7 839.0 755.7 423.2 284.2 777.4 695.7 1044.4 981.7 294.6 992.1 0.0 495.3 848.4 137.4 178.3 202.9 66.3 1009.2 722.7 430.2 342.2 809.1 797.2 902.4 47.9 775.2 832.0 1113.8 1098.8 170.7 505.5 343.0 972.4 229.6 450.6 661.0 730.9 744.3 649.8 489.6 761.9 197.4 672.2 509.1 800.4 776.6 755.6 555.1 883.8
2823.0 722.3 209.0 318.2 692.1 270.2 719.3 578.4 315.0 497.1 555.1 624.8 728.1 174.0 759.4 9.3 295.7 152.5 283.7 530.8 168.5 282.4 731.6 588.4 263.6 345.9 687.1 717.0 389.9 775.5 262.0 281.4 641.9 389.9 741.2 759.3 276.1 172.9 259.6 481.8 607.6 277.6 421.9 353.6 658.3 705.7 378.6 623.7 495.3 389.0 407.2 592.5 493.8 267.4 292.8 220.2 538.7 667.9 546.0 312.2 428.3 855.4 436.8 564.4 728.8 223.3 684.4 549.2 745.2 344.7 280.7 277.4 419.4 767.8 294.4 399.7 251.2 567.8 496.6 660.4 80.8 334.9 574.0 600.4 698.5 605.0 345.3 646.2 463.4 0.0 521.2 341.0 289.4 276.6 489.9 663.3 380.3 243.9 315.6 466.7 701.9 659.0 416.6 432.8 736.7 767.9 752.9 374.3 251.2 172.6 627.5 353.4 287.2 565.7 635.6 649.0 554.5 235.3 419.5 324.2 376.8 166.7 625.5 677.8 660.3 212.7 601.2
3056.1 292.1 442.1 551.3 432.0 503.3 459.2 318.3 548.1 135.0 133.5 203.2 321.0 340.1 352.3 353.9 528.8 385.6 516.8 331.6 401.6 515.5 324.5 245.0 496.7 287.4 265.5 309.9 623.0 368.4 140.3 514.5 222.3 623.0 319.6 337.7 509.2 339.0 492.7 282.6 212.3 510.7 222.7 586.7 262.2 298.6 611.7 216.6 76.9 622.1 640.3 227.2 294.6 208.9 525.9 386.3 176.6 391.2 124.4 545.3 229.1 452.6 669.9 142.8 321.7 456.4 277.3 127.6 485.1 223.0 513.8 510.5 89.1 507.7 527.5 200.5 262.5 307.7 297.4 253.3 282.2 568.0 152.4 193.3 438.4 344.9 578.4 386.1 696.5 366.0 0.0 574.1 522.5 509.7 723.0 403.2 181.1 477.0 548.7 171.2 294.8 400.0 649.7 233.6 329.6 507.8 492.8 607.4 484.3 405.7 367.4 586.5 520.3 257.7 228.5 241.9 215.3 468.4 89.0 557.3 255.1 197.9 194.4 256.2 253.2 351.4 179.6
2654.6 863.9 373.7 482.9 910.4 343.2 937.6 796.7 283.7 715.4 687.4 873.2 789.2 392.3 820.5 359.1 264.4 193.3 159.7 749.1 214.8 447.1 792.7 649.5 276.5 564.2 751.7 778.1 82.2 836.6 480.3 446.1 794.1 82.2 805.8 823.9 244.8 391.2 305.9 700.1 784.1 323.9 640.2 111.0 730.4 766.8 217.6 684.8 811.5 81.3 157.3 799.0 712.1 485.7 148.2 438.5 757.0 859.4 757.6 358.5 646.6 920.8 191.4 678.1 789.9 269.6 745.5 693.3 963.5 563.0 163.5 323.7 637.7 986.1 263.1 618.0 469.5 786.1 714.9 721.5 299.1 250.0 743.2 661.5 916.8 823.3 260.4 864.5 155.7 371.2 814.2 0.0 54.2 168.7 182.2 881.6 598.6 290.2 308.0 685.0 763.0 868.2 108.9 651.1 797.8 986.2 971.2 33.3 415.9 218.9 845.8 105.5 333.5 626.8 696.7 710.1 615.6 400.0 637.8 163.2 638.0 385.0 766.2 742.4 721.4 431.0 849.6
2611.9 821.2 319.4 428.6 856.1 262.2 883.3 742.4 229.4 661.1 644.7 788.8 746.5 338.0 777.8 304.8 210.1 139.0 72.6 694.8 160.5 392.8 750.0 606.8 226.4 509.9 709.0 735.4 100.4 793.9 426.0 391.8 751.4 100.4 763.1 781.2 190.5 336.9 251.6 645.8 741.4 269.6 585.9 129.2 687.7 724.1 167.5 642.1 659.3 99.5 175.5 756.3 657.8 431.4 81.7 384.2 702.7 816.7 714.9 304.2 592.3 878.1 209.6 635.4 747.2 215.3 702.8 650.6 909.2 508.7 69.6 269.4 583.4 931.8 208.8 563.7 415.2 731.8 660.6 678.8 244.8 199.9 700.5 618.8 862.5 769.0 210.3 810.2 173.9 316.9 771.5 51.5 0.0 65.5 200.4 827.3 544.3 235.9 257.9 630.7 720.3 823.0 127.1 596.8 755.1 931.9 916.9 84.8 361.6 164.6 791.5 63.9 279.2 584.1 654.0 667.4 572.9 345.7 583.5 113.1 540.8 330.7 723.5 699.7 678.7 376.7 765.2
2546.3 755.6 260.3 369.5 895.5 227.5 922.7 781.8 170.3 646.4 579.1 764.9 680.9 323.3 712.2 290.1 195.4 124.3 7.1 680.1 145.8 333.7 684.4 541.2 160.8 495.2 643.4 669.8 144.1 728.3 411.3 332.7 685.8 144.1 697.5 715.6 175.8 322.2 278.4 631.1 675.8 308.2 571.2 76.9 622.1 658.5 101.9 576.5 703.2 143.2 130.5 690.7 643.1 416.7 16.1 369.5 688.0 751.1 649.3 283.4 577.6 812.5 160.1 569.8 681.6 249.3 637.2 585.0 948.6 538.0 4.1 296.2 568.7 971.2 190.9 549.0 400.5 771.2 645.9 613.2 230.1 134.3 634.9 553.2 901.9 839.2 144.7 849.6 217.6 302.2 705.9 95.2 43.6 0.0 169.3 866.7 529.6 280.3 192.3 616.0 654.7 759.9 170.8 582.1 689.5 971.3 956.3 128.5 302.5 149.9 829.9 107.6 300.7 518.5 588.4 601.8 507.3 286.6 568.8 47.5 529.7 316.0 657.9 634.1 613.1 362.0 741.3
2662.4 871.7 436.9 546.1 1011.6 351.0 1038.8 897.9 346.9 823.0 695.2 881.0 797.0 499.9 828.3 466.7 372.0 300.9 167.5 856.7 322.4 510.3 800.5 657.3 284.3 671.8 759.5 785.9 109.9 844.4 587.9 509.3 801.9 194.0 813.6 831.7 352.4 498.8 401.9 807.7 791.9 431.7 747.8 102.3 738.2 774.6 225.4 692.6 819.3 122.0 110.1 806.8 819.7 593.3 156.0 546.1 864.6 867.2 765.4 406.9 754.2 928.6 9.2 685.9 797.7 372.8 753.3 701.1 1064.7 654.1 171.3 419.7 831.5 1087.3 367.5 725.6 577.1 887.3 822.5 729.3 406.7 257.8 751.0 669.3 1018.0 955.3 268.2 965.7 55.1 478.8 822.0 172.7 220.2 176.5 0.0 982.8 706.2 403.8 315.8 792.6 770.8 876.0 83.2 758.7 805.6 1087.4 1072.4 206.0 479.1 326.5 946.0 264.9 424.2 634.6 704.5 717.9 623.4 463.2 831.4 171.0 645.8 492.6 774.0 750.2 729.2 538.6 857.4
3222.9 299.1 767.1 876.3 52.7 828.3 79.9 93.2 873.1 471.4 288.5 463.6 450.4 665.1 481.7 678.9 853.8 710.6 841.8 269.7 726.6 840.5 453.9 400.0 821.7 612.4 415.4 357.6 948.0 402.4 450.7 839.5 218.7 948.0 469.5 487.6 834.2 664.0 817.7 199.0 184.4 736.4 311.0 911.7 235.1 398.6 936.7 280.0 401.9 947.1 965.3 169.3 232.7 533.9 850.9 711.3 513.0 182.7 348.0 746.1 402.6 370.2 994.9 297.8 451.1 781.4 377.3 282.6 105.8 533.4 838.8 835.5 393.7 128.4 852.5 374.0 587.5 109.7 358.7 353.3 607.2 784.7 333.6 322.7 59.1 97.6 774.3 104.0 1021.5 691.0 404.6 899.1 847.5 834.7 1048.0 0.0 354.6 802.0 873.7 441.0 394.8 173.8 974.7 321.9 459.0 128.5 113.5 932.4 809.3 730.7 88.3 911.5 795.1 412.7 357.9 255.4 370.3 793.4 393.8 882.3 565.5 522.9 202.3 406.1 330.0 676.4 440.0
3151.7 395.5 489.4 598.6 365.3 550.6 392.5 251.6 634.7 190.3 248.3 318.0 435.8 387.4 467.1 401.2 576.1 432.9 677.9 204.0 448.9 562.8 439.3 359.8 544.0 334.7 380.3 454.0 670.3 483.2 169.6 561.8 315.1 670.3 434.4 452.5 556.5 386.3 540.0 155.0 280.8 558.0 95.1 747.8 331.5 413.4 772.8 331.4 188.5 669.4 801.4 265.7 167.0 256.2 687.0 433.6 231.9 341.1 239.2 592.6 47.9 528.6 831.0 257.6 436.5 503.7 392.1 242.4 418.4 252.3 674.9 557.8 112.6 441.0 655.3 19.3 309.8 241.0 116.2 368.1 329.5 615.3 267.2 308.1 371.7 278.2 625.7 319.4 743.8 413.3 214.4 621.4 569.8 670.8 840.2 336.5 0.0 524.3 596.0 159.9 409.6 332.2 697.0 106.0 444.4 441.1 426.1 654.7 531.6 453.0 300.7 633.8 567.6 372.5 343.3 351.8 330.1 515.7 112.7 718.4 284.4 245.2 298.7 371.0 368.0 398.7 294.4
2763.2 737.8 287.6 396.8 824.3 120.8 851.5 710.6 255.2 629.3 561.3 747.1 663.1 306.2 694.4 273.0 235.9 107.2 223.9 663.0 81.2 361.0 666.6 523.4 114.2 478.1 625.6 652.0 330.1 710.5 394.2 360.0 668.0 330.1 679.7 697.8 216.3 305.1 110.2 614.0 658.0 128.2 554.1 293.8 604.3 640.7 279.0 558.7 685.4 329.2 347.4 672.9 626.0 399.6 233.0 352.4 670.9 733.3 631.5 162.8 560.5 794.7 377.0 552.0 663.8 83.5 619.4 567.2 877.4 476.9 220.9 128.0 551.6 900.0 234.6 531.9 383.4 700.0 628.8 595.4 213.0 185.5 617.1 535.4 830.7 821.4 195.9 778.4 403.6 285.1 688.1 281.2 229.6 216.8 430.1 795.5 512.5 0.0 166.2 598.9 636.9 742.1 356.8 565.0 671.7 900.1 885.1 314.5 329.8 76.1 812.1 293.6 137.8 500.7 570.6 584.0 489.5 313.9 551.7 239.0 511.9 298.9 640.1 616.3 595.3 344.9 723.5
2715.2 764.0 382.2 491.4 903.9 156.3 931.1 790.2 349.8 769.7 587.5 773.3 689.3 400.8 720.6 367.6 330.5 201.8 232.9 757.6 175.8 455.6 692.8 549.6 89.6 572.7 651.8 678.2 321.0 736.7 488.8 454.6 694.2 372.4 705.9 724.0 310.9 399.7 207.2 708.6 684.2 225.2 648.7 245.8 630.5 666.9 213.9 584.9 711.6 269.0 299.4 699.1 720.6 494.2 221.4 447.0 811.3 759.5 657.7 269.5 655.1 820.9 329.0 578.2 690.0 178.1 645.6 593.4 957.0 546.4 263.2 225.0 723.8 979.6 329.2 626.5 478.0 779.6 723.4 621.6 307.6 120.4 643.3 561.6 910.3 847.6 130.8 858.0 363.1 379.7 714.3 323.5 271.9 259.1 338.2 875.1 607.1 209.1 0.0 693.5 663.1 768.3 316.6 659.6 697.9 979.7 964.7 356.8 424.4 170.7 838.3 335.9 234.8 526.9 596.8 610.2 515.7 408.5 723.7 173.9 538.1 393.5 666.3 642.5 621.5 439.5 749.7
3128.9 368.1 514.9 624.1 508.0 576.1 535.2 394.3 620.9 105.2 209.5 279.2 397.0 412.9 428.3 426.7 601.6 458.4 589.6 301.5 474.4 588.3 400.5 321.0 569.5 360.2 341.5 385.9 695.8 444.4 213.1 587.3 298.3 695.8 395.6 413.7 582.0 411.8 565.5 252.5 288.3 583.5 192.6 659.5 338.2 374.6 684.5 292.6 149.7 694.9 713.1 303.2 264.5 281.7 598.7 459.1 111.8 467.2 200.4 618.1 199.0 528.6 742.7 218.8 397.7 529.2 353.3 203.6 561.1 295.8 586.6 583.3 73.8 583.7 600.3 170.4 335.3 383.7 267.3 329.3 355.0 640.8 228.4 269.3 514.4 420.9 651.2 462.1 769.3 438.8 175.6 646.9 595.3 582.5 795.8 479.2 151.0 549.8 621.5 0.0 370.8 476.0 722.5 203.5 405.6 583.8 568.8 680.2 557.1 478.5 443.4 659.3 593.1 333.7 304.5 317.9 291.3 541.2 73.9 630.1 327.9 270.7 270.4 332.2 329.2 424.2 255.6
3025.4 264.7 686.0 795.2 438.4 669.1 465.6 313.2 792.0 378.9 196.7 382.5 103.6 584.0 247.0 597.8 772.7 629.5 704.9 411.0 645.5 759.4 107.1 247.9 662.5 531.3 233.0 142.3 785.6 151.0 384.2 758.4 221.1 866.9 261.1 305.2 753.1 582.9 619.6 340.3 211.1 538.9 452.3 710.4 216.9 3.8 713.4 165.6 320.8 733.6 764.0 226.0 374.0 452.8 693.4 630.2 420.5 223.6 266.9 548.6 473.0 235.2 793.6 187.4 216.4 649.4 18.3 202.6 491.5 466.9 708.7 590.7 333.0 514.1 771.4 444.4 506.4 323.8 500.0 42.3 526.1 587.2 252.5 120.5 444.8 311.7 576.8 392.5 827.7 609.9 323.5 818.0 766.4 753.6 802.8 409.6 425.0 680.4 714.5 415.1 0.0 232.4 781.2 463.2 224.3 514.2 499.2 851.3 728.2 642.0 302.4 830.4 597.6 234.3 67.5 190.9 172.8 712.3 332.9 673.4 451.8 441.8 193.2 223.7 85.6 595.3 358.9
3143.3 280.7 748.7 857.9 205.9 809.9 233.1 80.7 854.7 453.0 270.1 445.2 298.5 646.7 364.9 660.5 835.4 692.2 823.4 251.3 708.2 822.1 302.0 381.6 803.3 594.0 397.0 187.9 929.6 228.5 432.3 821.1 200.3 929.6 451.1 469.2 815.8 645.6 799.3 180.6 166.0 656.8 292.6 893.3 216.7 228.9 918.3 261.6 383.5 928.7 946.9 150.9 214.3 515.5 832.5 692.9 494.6 8.8 329.6 666.5 384.2 196.3 976.5 279.4 334.3 763.0 207.6 264.2 259.0 515.0 820.4 708.6 375.3 281.6 834.1 355.6 569.1 91.3 340.3 183.6 588.8 705.1 315.2 304.3 212.3 79.2 694.7 160.0 1003.1 672.6 386.2 880.7 829.1 816.3 1029.6 177.1 336.2 783.6 855.3 422.6 225.1 0.0 956.3 303.5 342.2 281.7 266.7 914.0 790.9 712.3 69.9 893.1 715.5 394.3 185.4 237.0 290.7 775.0 375.4 863.9 547.1 504.5 183.9 387.7 160.3 658.0 421.6
2640.8 850.1 415.3 524.5 990.0 329.4 1017.2 876.3 325.3 791.5 673.6 859.4 775.4 468.4 806.7 435.2 340.5 269.4 145.9 825.2 290.9 488.7 778.9 635.7 262.7 640.3 737.9 764.3 26.6 822.8 556.4 487.7 780.3 110.7 792.0 810.1 320.9 467.3 380.3 776.2 770.3 410.1 716.3 80.7 716.6 753.0 203.8 671.0 797.7 78.6 48.3 785.2 788.2 561.8 134.4 514.6 833.1 845.6 743.8 385.3 722.7 907.0 82.4 664.3 776.1 345.7 731.7 679.5 1043.1 632.5 149.7 398.1 713.8 1065.7 339.2 694.1 545.6 865.7 791.0 707.7 375.2 236.2 729.4 647.7 996.4 933.7 246.6 944.1 46.7 447.3 800.4 89.4 130.3 154.9 73.2 961.2 674.7 382.2 294.2 761.1 749.2 854.4 0.0 727.2 784.0 1065.8 1050.8 122.7 457.5 295.0 924.4 181.6 402.6 613.0 682.9 696.3 601.8 441.6 713.9 149.4 624.2 461.1 752.4 728.6 707.6 507.1 835.8
3118.9 351.1 530.2 639.4 320.9 591.4 348.1 207.2 636.2 231.1 289.1 358.8 476.6 428.2 507.9 442.0 616.9 473.7 604.9 159.6 489.7 603.6 480.1 400.6 584.8 375.5 421.1 409.6 711.1 516.4 210.4 602.6 270.7 711.1 475.2 493.3 597.3 427.1 580.8 110.6 236.4 598.8 10.8 674.8 287.1 450.6 699.8 332.0 229.3 710.2 728.4 221.3 122.6 297.0 614.0 474.4 272.7 296.7 280.0 633.4 162.3 484.2 758.0 298.4 477.3 544.5 429.3 283.2 374.0 293.1 601.9 598.6 153.4 396.6 615.6 133.7 350.6 196.6 118.4 405.3 370.3 656.1 308.0 348.9 327.3 233.8 666.5 275.0 784.6 454.1 255.2 662.2 610.6 597.8 811.1 292.1 114.3 565.1 636.8 200.7 446.8 287.8 737.8 0.0 485.2 396.7 381.7 695.5 572.4 493.8 256.3 674.6 608.4 413.3 384.1 307.4 370.9 556.5 153.5 645.4 325.2 286.0 254.3 411.8 382.0 439.5 335.2
3042.6 361.9 703.2 812.4 501.8 686.3 529.0 412.7 809.2 396.1 213.9 399.7 172.8 601.2 139.7 615.0 789.9 646.7 722.1 482.0 662.7 776.6 176.3 265.1 679.7 548.5 250.2 241.8 802.8 220.2 401.4 775.6 292.1 884.1 136.1 266.3 770.3 600.1 636.8 411.3 282.1 556.1 483.8 727.6 228.4 230.5 730.6 182.8 338.0 750.8 781.2 297.0 445.0 470.0 710.6 647.4 437.7 323.1 284.1 565.8 490.2 304.4 810.8 204.6 118.0 666.6 209.2 219.8 554.9 484.1 725.9 607.9 350.2 577.5 788.6 461.6 523.6 377.5 558.5 185.2 543.3 604.4 269.7 137.7 508.2 411.2 594.0 455.9 844.9 627.1 340.7 835.2 783.6 770.8 820.0 473.0 442.2 697.6 731.7 432.3 226.7 331.9 798.4 494.7 0.0 577.6 562.6 868.5 745.4 659.2 401.9 847.6 614.8 251.5 160.4 208.1 190.0 729.5 350.1 690.6 469.0 459.0 264.2 240.9 185.1 612.5 376.1
3352.8 429.0 896.4 1006.2 87.5 958.2 102.9 219.1 1003.0 601.3 418.4 593.5 580.3 795.0 611.6 808.8 983.7 840.5 971.7 399.6 856.5 976.3 583.8 529.9 951.6 742.3 545.3 487.5 1077.9 528.3 580.6 969.4 348.6 1077.9 599.4 617.5 964.1 793.9 947.6 328.9 314.3 866.3 440.9 1041.6 365.0 528.5 1066.6 409.9 531.8 1077.0 1093.5 299.2 362.6 671.0 980.8 841.2 642.9 308.6 477.9 876.0 532.5 496.1 1124.8 427.7 581.0 911.3 507.2 412.5 24.3 663.3 968.7 965.4 523.6 0.1 982.4 503.9 717.4 239.6 488.6 483.2 737.1 914.6 463.5 452.6 81.7 227.5 904.2 229.9 1151.4 820.9 534.5 1029.0 977.4 964.6 1177.9 129.8 484.5 931.9 1003.6 570.9 524.7 299.7 1104.6 451.8 588.9 0.0 76.7 1062.3 939.2 860.6 218.2 1041.4 925.0 542.6 487.8 385.3 500.2 923.3 523.7 1012.2 695.4 652.8 332.2 536.0 459.9 806.3 569.9
3324.9 401.1 869.1 978.3 59.6 930.3 75.0 191.2 975.1 573.4 390.5 565.6 552.4 767.1 583.7 780.9 955.8 812.6 943.8 371.7 828.6 942.5 555.9 502.0 923.7 714.4 517.4 459.6 1050.0 500.4 552.7 941.5 320.7 1050.0 571.5 589.6 936.2 766.0 919.7 301.0 286.4 838.4 413.0 1013.7 337.1 500.6 1038.7 382.0 503.9 1049.1 1067.3 271.3 334.7 635.9 952.9 813.3 615.0 280.7 450.0 848.1 504.6 468.2 1096.9 399.8 553.1 883.4 479.3 384.6 61.1 635.4 940.8 937.5 495.7 83.7 954.5 476.0 689.5 211.7 460.7 455.3 709.2 886.7 435.6 424.7 53.8 199.6 876.3 202.0 1123.5 793.0 506.6 1001.1 949.5 936.7 1150.0 101.9 456.6 904.0 975.7 543.0 496.8 271.8 1076.7 423.9 561.0 83.8 0.0 1034.4 911.3 832.7 190.3 1013.5 897.1 514.7 459.9 357.4 472.3 895.4 495.8 984.3 667.5 624.9 304.3 508.1 432.0 778.4 542.0
2680.5 889.8 399.6 508.8 936.3 369.1 963.5 822.6 309.6 741.3 713.3 899.1 815.1 418.2 846.4 385.0 290.3 219.2 185.6 775.0 240.7 473.0 818.6 675.4 302.4 590.1 777.6 804.0 108.1 862.5 506.2 472.0 820.0 108.1 831.7 849.8 270.7 417.1 331.8 726.0 810.0 349.8 666.1 136.9 756.3 792.7 243.5 710.7 837.4 107.2 183.2 824.9 738.0 511.6 174.1 464.4 782.9 885.3 783.5 384.4 672.5 946.7 217.3 704.0 815.8 295.5 771.4 719.2 989.4 588.9 189.4 349.6 663.6 1012.0 289.0 643.9 495.4 812.0 740.8 747.4 325.0 275.9 769.1 687.4 942.7 849.2 286.3 890.4 181.6 397.1 840.1 25.9 80.1 194.6 208.1 907.5 624.5 316.1 333.9 710.9 788.9 894.1 134.8 677.0 823.7 1012.1 997.1 0.0 441.8 244.8 871.7 131.4 359.4 652.7 722.6 736.0 641.5 425.9 663.7 189.1 663.9 410.9 792.1 768.3 747.3 456.9 875.5
2847.7 857.5 82.8 122.8 827.3 371.8 854.5 713.6 265.2 632.3 690.3 760.0 863.3 309.2 894.6 276.0 374.9 254.1 308.4 666.0 270.1 66.4 866.8 723.6 365.2 481.1 822.3 852.2 432.6 910.7 397.2 86.6 777.1 432.6 876.4 894.5 355.3 308.1 361.2 617.0 742.8 379.2 557.1 378.3 793.5 840.9 403.3 758.9 630.5 401.5 430.2 727.7 629.0 409.8 317.5 355.4 673.9 803.1 681.2 413.8 563.5 990.6 461.5 699.6 864.0 324.9 819.6 684.4 880.4 479.9 305.4 379.0 554.6 903.0 285.8 534.9 386.4 703.0 631.8 795.6 216.0 435.7 709.2 735.6 833.7 740.2 446.1 781.4 495.6 288.1 656.4 383.7 332.1 301.3 470.7 798.5 515.5 345.5 417.2 601.9 837.1 794.2 449.1 568.0 871.9 903.1 888.1 417.0 0.0 274.2 762.7 396.1 388.8 700.9 770.8 784.2 689.7 82.3 554.7 348.9 512.0 301.9 760.7 813.0 795.5 347.9 736.4
2686.0 713.5 210.4 319.6 747.1 96.5 774.3 633.4 178.0 552.1 537.0 722.8 638.8 229.0 670.1 195.8 158.7 30.0 146.7 585.8 4.0 283.8 642.3 499.1 89.9 400.9 601.3 627.7 252.9 686.2 317.0 282.8 643.7 252.9 655.4 673.5 139.1 227.9 85.9 536.8 633.7 103.9 476.9 216.6 580.0 616.4 241.6 534.4 661.1 252.0 270.2 648.6 548.8 322.4 155.8 275.2 593.7 709.0 607.2 138.5 483.3 770.4 299.8 527.7 639.5 49.6 595.1 542.9 800.2 399.7 143.7 103.7 474.4 822.8 157.4 454.7 306.2 622.8 551.6 571.1 135.8 161.2 592.8 511.1 753.5 660.0 171.6 701.2 326.4 207.9 663.8 204.0 152.4 139.6 352.9 718.3 435.3 70.2 141.9 521.7 612.6 717.8 279.6 487.8 647.4 822.9 807.9 237.3 252.6 0.0 682.5 216.4 113.5 476.4 546.3 559.7 465.2 236.7 474.5 187.2 487.6 221.7 615.8 592.0 571.0 267.7 699.2
3163.2 239.4 706.8 816.6 150.0 768.6 177.2 39.4 813.4 411.7 228.8 403.9 390.7 605.4 422.0 619.2 794.1 650.9 782.1 210.0 666.9 786.7 394.2 340.3 762.0 552.7 355.7 297.9 888.3 308.7 391.0 779.8 159.0 888.3 409.8 427.9 774.5 604.3 758.0 139.3 124.7 676.7 251.3 852.0 175.4 338.9 877.0 220.3 342.2 887.4 903.9 109.6 173.0 481.4 791.2 651.6 453.3 89.0 288.3 686.4 342.9 276.5 935.2 238.1 391.4 721.7 317.6 222.9 203.1 473.7 779.1 775.8 334.0 225.7 792.8 314.3 527.8 50.0 299.0 293.6 547.5 725.0 273.9 263.0 156.4 37.9 714.6 118.7 961.8 631.3 344.9 839.4 787.8 775.0 988.3 97.2 294.9 742.3 814.0 381.3 335.1 80.1 915.0 262.2 399.3 225.8 210.8 872.7 749.6 671.0 0.0 851.8 735.4 353.0 298.2 195.7 310.6 733.7 334.1 822.6 505.8 463.2 142.6 346.4 270.3 616.7 380.3
2657.8 867.1 365.3 474.5 902.0 308.1 929.2 788.3 275.3 707.0 690.6 834.7 792.4 383.9 823.7 350.7 256.0 184.9 118.5 740.7 206.4 438.7 795.9 652.7 272.3 555.8 754.9 781.3 153.6 839.8 471.9 437.7 797.3 153.6 809.0 827.1 236.4 382.8 297.5 691.7 787.3 315.5 631.8 182.4 733.6 770.0 213.4 688.0 705.2 152.7 228.7 802.2 703.7 477.3 127.6 430.1 748.6 862.6 760.8 350.1 638.2 924.0 262.8 681.3 793.1 261.2 748.7 696.5 955.1 554.6 115.5 315.3 629.3 977.7 254.7 609.6 461.1 777.7 706.5 724.7 290.7 245.8 746.4 664.7 908.4 814.9 256.2 856.1 227.1 362.8 817.4 104.7 45.8 111.4 253.6 873.2 590.2 281.8 303.8 676.6 766.2 868.9 180.3 642.7 801.0 977.8 962.8 138.0 407.5 210.5 837.4 0.0 325.1 630.0 699.9 713.3 618.8 391.6 629.4 159.0 586.7 376.6 769.4 745.6 724.6 422.6 811.1
2736.9 668.4 315.3 424.5 808.3 130.9 835.5 694.6 282.9 674.1 491.9 677.7 593.7 333.9 625.0 300.7 263.6 134.9 251.6 690.7 108.9 388.7 597.2 454.0 124.3 505.8 556.2 582.6 357.8 641.1 463.0 387.7 598.6 357.8 610.3 628.4 244.0 332.8 27.5 641.7 588.6 63.7 581.8 321.5 534.9 571.3 289.1 489.3 616.0 356.9 375.1 603.5 653.7 427.3 260.7 380.1 715.7 663.9 562.1 38.9 588.2 725.3 404.7 482.6 594.4 111.2 550.0 497.8 861.4 450.8 248.6 115.5 628.2 884.0 262.3 559.6 411.1 684.0 656.5 526.0 240.7 195.6 547.7 466.0 814.7 752.0 174.9 762.4 431.3 312.8 618.7 308.9 257.3 244.5 457.8 779.5 540.2 142.2 176.3 626.6 567.5 672.7 384.5 592.7 602.3 884.1 869.1 342.2 357.5 103.8 742.7 321.3 0.0 431.3 501.2 514.6 420.1 341.6 628.1 249.1 442.5 326.6 570.7 546.9 525.9 372.6 654.1
2873.7 299.7 612.5 721.7 439.6 517.4 466.8 325.9 718.5 305.4 123.2 309.0 225.0 510.5 256.3 524.3 699.2 556.0 687.2 419.8 572.0 685.9 228.5 22.6 510.8 457.8 187.5 213.9 633.9 272.4 310.7 684.9 229.9 793.4 241.6 259.7 679.6 509.4 467.9 349.1 219.9 387.2 393.1 558.7 166.2 202.6 561.7 120.6 247.3 581.9 612.3 234.8 382.8 379.3 541.7 556.7 347.0 295.2 193.4 396.9 399.5 356.6 641.9 113.9 225.7 497.7 181.3 129.1 492.7 393.4 684.2 439.0 259.5 515.3 697.9 370.9 432.9 315.3 467.8 157.3 452.6 435.5 179.0 97.3 446.0 383.3 425.1 393.7 676.0 536.4 250.0 744.5 692.9 680.1 651.1 410.8 351.5 528.7 562.8 341.6 198.8 304.0 629.5 404.0 233.6 515.4 500.4 777.8 654.7 576.1 374.0 756.9 445.9 0.0 132.5 145.9 51.4 638.8 259.4 521.7 300.1 368.3 202.0 178.2 157.2 521.8 285.4
2957.8 203.7 618.4 727.6 377.4 601.5 404.6 252.2 724.4 311.3 209.3 314.9 148.1 516.4 179.4 530.2 705.1 561.9 637.3 350.0 577.9 691.8 151.6 180.3 594.9 463.7 165.4 81.3 718.0 195.5 316.6 690.8 160.1 799.3 193.5 237.6 685.5 515.3 552.0 279.3 150.1 471.3 391.3 642.8 155.9 70.0 645.8 98.0 253.2 666.0 696.4 165.0 313.0 385.2 625.8 562.6 352.9 162.6 199.3 481.0 405.4 229.3 726.0 119.8 148.8 581.8 48.7 203.4 430.5 399.3 641.1 523.1 265.4 453.1 703.8 376.8 438.8 262.8 439.0 24.7 458.5 519.6 184.9 52.9 383.8 250.7 509.2 331.5 760.1 542.3 255.9 750.4 698.8 686.0 735.2 348.6 357.4 612.8 646.9 347.5 66.2 171.4 713.6 402.2 156.7 453.2 438.2 783.7 660.6 574.4 241.4 762.8 530.0 166.7 0.0 176.2 105.2 644.7 265.3 605.8 384.2 374.2 132.2 156.1 24.6 527.7 291.3
2970.3 153.7 630.9 740.1 293.6 614.0 320.8 179.9 736.9 323.8 141.6 327.4 194.9 528.9 226.2 542.7 717.6 574.4 649.8 273.8 590.4 704.3 198.4 192.8 607.4 476.2 159.9 183.8 730.5 242.3 329.1 703.3 83.9 811.8 214.0 232.1 698.0 527.8 564.5 203.1 73.9 483.8 315.1 655.3 20.2 172.5 658.3 24.5 265.7 678.5 708.9 88.8 236.8 397.7 638.3 575.1 365.4 265.1 211.8 493.5 406.7 326.5 738.5 132.3 195.6 594.3 151.2 147.5 346.7 411.8 653.6 535.6 277.9 369.3 716.3 378.1 451.3 169.3 362.8 127.2 471.0 532.1 197.4 67.2 300.0 206.5 521.7 247.7 772.6 554.8 268.4 762.9 711.3 698.5 747.7 264.8 358.7 625.3 659.4 445.1 168.7 273.9 726.1 326.0 203.5 369.4 354.4 796.2 673.1 586.9 229.0 775.3 542.5 179.2 102.4 0.0 117.7 657.2 277.8 618.3 396.7 386.7 56.0 150.6 127.1 540.2 303.8
2852.5 248.2 561.0 670.2 388.1 496.2 415.3 274.4 667.0 253.9 71.7 257.5 173.5 459.0 204.8 472.8 647.7 504.5 532.0 368.3 474.2 634.4 177.0 75.0 489.6 406.3 136.0 162.4 612.7 220.9 259.2 633.4 178.4 741.9 190.1 208.2 628.1 457.9 446.7 297.6 168.4 366.0 341.6 537.5 114.7 151.1 540.5 69.1 195.8 560.7 591.1 183.3 331.3 327.8 520.5 505.2 295.5 243.7 141.9 375.7 348.0 305.1 620.7 62.4 174.2 476.5 129.8 77.6 441.2 341.9 535.8 417.8 208.0 463.8 646.4 319.4 381.4 263.8 416.3 105.8 401.1 414.3 127.5 45.8 394.5 331.8 403.9 342.2 654.8 484.9 198.5 693.0 641.4 628.6 629.9 359.3 300.0 507.5 541.6 290.1 147.3 252.5 608.3 352.5 182.1 463.9 448.9 726.3 603.2 469.1 322.5 705.4 424.7 61.4 81.0 94.4 0.0 587.3 207.9 500.5 278.9 316.8 150.5 126.7 105.7 470.3 233.9
2826.0 835.8 61.3 117.5 805.6 350.1 832.8 691.9 243.5 610.6 668.6 738.3 841.6 287.5 872.9 254.3 353.2 232.4 286.7 644.3 248.4 81.7 845.1 701.9 343.5 459.4 800.6 830.5 410.9 889.0 375.5 80.7 755.4 410.9 854.7 872.8 333.6 286.4 339.5 595.3 721.1 357.5 535.4 356.6 771.8 819.2 381.6 737.2 608.8 379.8 408.5 706.0 607.3 388.1 295.8 333.7 652.2 781.4 659.5 392.1 541.8 968.9 439.8 677.9 842.3 303.2 797.9 662.7 858.7 458.2 283.7 357.3 532.9 881.3 264.1 513.2 364.7 681.3 610.1 773.9 194.3 414.0 687.5 713.9 812.0 718.5 424.4 759.7 473.9 266.4 634.7 362.0 310.4 279.6 449.0 776.8 493.8 323.8 395.5 580.2 815.4 772.5 427.4 546.3 850.2 881.4 866.4 395.3 50.5 252.5 741.0 374.4 367.1 679.2 749.1 762.5 668.0 0.0 533.0 327.2 490.3 280.2 739.0 791.3 773.8 326.2 714.7
3054.9 294.1 440.9 550.1 403.8 502.1 431.0 290.1 546.9 77.5 135.5 205.2 323.0 338.9 354.3 352.7 527.6 384.4 515.6 242.5 400.4 514.3 326.5 247.0 495.5 286.2 267.5 311.9 621.8 370.4 158.7 513.3 224.3 621.8 321.6 339.7 508.0 337.8 491.5 193.5 214.3 509.5 133.6 585.5 264.2 300.6 610.5 218.6 75.7 620.9 639.1 229.2 205.5 207.7 524.7 385.1 119.1 393.2 126.4 544.1 140.0 454.6 668.7 144.8 323.7 455.2 279.3 129.6 456.9 241.4 512.6 509.3 0.1 479.5 526.3 111.4 261.3 279.5 208.3 255.3 281.0 566.8 154.4 195.3 410.2 316.7 577.2 357.9 695.3 364.8 101.6 572.9 521.3 508.5 721.8 375.0 92.0 475.8 547.5 82.1 296.8 402.0 648.5 144.5 331.6 479.6 464.6 606.2 483.1 404.5 339.2 585.3 519.1 259.7 230.5 243.9 217.3 467.2 0.0 556.1 273.5 196.7 196.4 258.2 255.2 350.2 181.6
2541.2 730.3 376.5 485.7 870.2 179.9 897.4 756.5 286.5 736.0 553.8 739.6 655.6 395.1 686.9 361.9 267.2 196.1 58.9 751.9 199.4 449.9 659.1 515.9 113.2 567.0 618.1 644.5 147.0 703.0 524.9 448.9 660.5 198.2 672.2 690.3 247.6 394.0 230.8 702.9 650.5 260.6 643.0 71.8 596.8 633.2 54.3 551.2 677.9 95.0 125.4 665.4 714.9 488.5 47.4 441.3 777.6 725.8 624.0 235.8 649.4 787.2 155.0 544.5 656.3 201.7 611.9 559.7 923.3 512.7 62.7 248.6 690.1 945.9 265.9 620.8 472.3 745.9 717.7 587.9 301.9 86.7 609.6 527.9 876.6 813.9 97.1 824.3 189.1 374.0 680.6 163.2 111.6 67.9 164.2 841.4 601.4 232.7 144.7 687.8 629.4 734.6 142.6 653.9 664.2 946.0 931.0 196.5 418.7 194.3 804.6 175.6 253.1 493.2 563.1 576.5 482.0 402.8 690.0 0.0 504.4 387.8 632.6 608.8 587.8 433.8 716.0
2896.5 528.8 426.4 535.6 556.7 487.6 583.9 443.0 532.4 361.7 352.3 489.4 454.1 324.4 485.4 338.2 513.1 369.9 501.1 395.4 385.9 499.8 457.6 314.4 481.0 271.7 416.6 443.0 607.3 501.5 103.3 498.8 459.0 607.3 470.7 488.8 493.5 323.3 477.0 346.4 449.0 495.0 286.5 571.0 395.3 431.7 596.0 349.7 359.9 606.4 624.6 457.1 358.4 193.2 510.2 370.6 403.3 524.3 422.5 428.4 292.9 585.7 654.2 343.0 454.8 440.7 410.4 358.2 609.8 91.1 498.1 494.8 284.0 632.4 511.8 264.3 246.8 432.4 361.2 386.4 266.5 552.3 408.1 326.4 563.1 469.6 562.7 510.8 680.8 350.3 385.8 558.4 506.8 494.0 707.3 527.9 244.9 461.3 533.0 331.3 427.9 523.6 634.0 297.4 462.7 632.5 617.5 591.7 468.6 390.0 492.1 570.8 504.6 291.7 361.6 375.0 280.5 452.7 284.1 541.6 0.0 182.2 431.1 407.3 386.3 335.7 465.8
2858.1 555.5 244.1 353.3 525.3 305.3 552.5 411.6 350.1 330.3 388.3 458.0 561.3 142.1 592.6 155.9 330.8 187.6 318.8 364.0 203.6 317.5 564.8 421.6 298.7 179.1 520.3 550.2 425.0 608.7 95.2 316.5 475.1 425.0 574.4 592.5 311.2 141.0 294.7 315.0 440.8 312.7 255.1 388.7 491.5 538.9 413.7 456.9 328.5 424.1 442.3 425.7 327.0 100.6 327.9 188.3 371.9 501.1 379.2 347.3 261.5 688.6 471.9 397.6 562.0 258.4 517.6 382.4 578.4 177.9 315.8 312.5 252.6 601.0 329.5 232.9 84.4 401.0 329.8 493.6 84.2 370.0 407.2 433.6 531.7 438.2 380.4 479.4 498.5 168.0 354.4 376.1 324.5 311.7 525.0 496.5 213.5 279.0 350.7 299.9 535.1 492.2 451.7 266.0 569.9 601.1 586.1 409.4 286.3 207.7 460.7 388.5 322.3 398.9 468.8 482.2 387.7 270.4 252.7 359.3 210.0 0.0 458.7 511.0 493.5 153.4 434.4
3020.5 96.7 564.7 673.9 237.5 625.9 264.7 123.8 670.7 257.6 86.1 261.2 248.0 462.7 279.3 476.5 651.4 508.2 639.4 217.7 524.2 638.1 251.5 197.6 619.3 410.0 213.0 155.2 745.6 295.4 262.9 637.1 27.8 745.6 267.1 285.2 631.8 461.6 615.3 147.0 17.8 534.0 259.0 709.3 32.7 196.2 734.3 77.6 199.5 744.7 762.9 32.7 180.7 331.5 648.5 508.9 299.2 213.3 145.6 543.7 350.6 379.6 792.5 95.4 248.7 579.0 174.9 80.2 290.6 345.6 636.4 633.1 211.7 313.2 650.1 322.0 385.1 113.2 306.7 150.9 404.8 582.3 131.2 120.3 243.9 150.4 571.9 191.6 819.1 488.6 202.2 696.7 645.1 632.3 845.6 208.7 302.6 599.6 671.3 293.8 192.4 204.4 772.3 269.9 256.6 313.3 298.3 730.0 606.9 528.3 172.9 709.1 592.7 210.3 155.5 53.0 167.9 591.0 211.6 679.9 377.7 320.5 0.0 203.7 127.6 474.0 237.6
2972.2 314.8 614.2 724.0 454.7 615.9 481.9 341.0 720.8 307.7 125.5 311.3 245.3 512.8 276.0 526.6 701.5 558.3 689.5 434.9 574.3 688.2 248.8 196.5 609.3 460.1 81.3 234.2 795.7 292.7 313.0 687.8 245.0 795.7 153.4 171.5 681.9 511.7 566.4 364.2 235.0 485.7 395.4 657.2 186.5 222.9 660.2 140.9 249.6 680.4 709.1 249.9 397.9 388.8 698.6 559.0 349.3 315.5 195.7 495.4 401.8 376.9 740.4 116.2 254.3 629.1 201.6 131.4 507.8 395.7 686.5 537.5 261.8 530.4 700.2 373.2 435.2 330.4 470.1 177.6 454.9 534.0 181.3 117.6 461.1 403.6 523.6 408.8 774.5 538.7 252.3 746.8 695.2 682.4 749.6 425.9 353.8 649.7 661.3 343.9 219.1 324.3 728.0 406.3 207.7 530.5 515.5 780.1 657.0 578.4 394.3 759.2 544.4 209.2 152.8 166.2 119.6 641.1 261.7 620.2 398.6 370.6 217.1 0.0 177.5 524.1 287.7
2982.9 179.0 663.2 772.4 352.7 626.6 379.9 227.5 769.2 356.1 184.6 359.7 168.4 561.2 204.5 575.0 749.9 606.7 737.9 325.3 622.7 736.6 171.9 205.4 620.0 508.5 190.5 56.6 743.1 215.8 361.4 735.6 135.4 844.1 218.6 262.7 730.3 560.1 577.1 254.6 125.4 496.4 366.6 667.9 131.2 68.5 670.9 176.1 298.0 691.1 721.5 140.3 288.3 430.0 650.9 607.4 397.7 137.9 244.1 506.1 450.2 204.6 751.1 193.9 173.9 606.9 47.2 178.7 405.8 444.1 734.9 548.2 310.2 428.4 748.6 421.6 483.6 238.1 414.3 23.2 503.3 544.7 229.7 78.0 359.1 226.0 534.3 306.8 785.2 587.1 300.7 795.2 743.6 730.8 760.3 323.9 402.2 637.9 672.0 392.3 64.7 146.7 738.7 377.5 181.8 428.5 413.5 828.5 705.4 626.8 216.7 807.6 555.1 191.8 25.0 151.5 130.3 689.5 310.1 630.9 409.3 419.0 107.5 181.2 0.0 572.5 336.1
2924.2 705.0 310.2 419.4 674.8 371.4 702.0 561.1 416.2 479.8 537.8 607.5 710.8 208.2 742.1 222.0 396.9 253.7 384.9 513.5 269.7 383.6 714.3 571.1 364.8 328.6 669.8 699.7 491.1 758.2 244.7 382.6 624.6 491.1 723.9 742.0 377.3 207.1 360.8 464.5 590.3 378.8 404.6 454.8 641.0 688.4 479.8 606.4 478.0 490.2 508.4 575.2 476.5 250.1 394.0 254.4 521.4 650.6 528.7 413.4 411.0 838.1 538.0 547.1 711.5 324.5 667.1 531.9 727.9 327.4 381.9 378.6 402.1 750.5 395.6 382.4 233.9 550.5 479.3 643.1 150.3 436.1 556.7 583.1 681.2 587.7 446.5 628.9 564.6 234.1 503.9 442.2 390.6 377.8 591.1 646.0 363.0 345.1 416.8 449.4 684.6 641.7 517.8 415.5 719.4 750.6 735.6 475.5 352.4 273.8 610.2 454.6 388.4 548.4 618.3 631.7 537.2 336.5 402.2 425.4 359.5 149.4 608.2 660.5 643.0 0.0 583.9
3097.3 321.5 556.1 665.3 461.4 617.3 488.6 347.7 662.1 249.0 162.9 77.0 350.4 454.1 381.7 467.9 642.8 499.6 630.8 441.6 515.6 629.5 353.9 274.4 610.7 401.4 294.9 339.3 737.0 397.8 254.3 628.5 251.7 737.0 349.0 367.1 623.2 453.0 606.7 370.9 241.7 624.7 336.7 700.7 291.6 328.0 725.7 246.0 190.9 736.1 754.3 256.6 404.6 322.9 639.9 500.3 290.6 420.6 153.8 620.5 343.1 482.0 783.9 172.2 351.1 570.4 306.7 157.0 514.5 337.0 627.8 624.5 203.1 537.1 641.5 314.5 376.5 337.1 411.4 282.7 396.2 682.0 181.8 222.7 467.8 374.3 692.4 415.5 810.5 480.0 193.6 688.1 636.5 623.7 837.0 432.6 295.1 591.0 662.7 285.2 324.2 429.4 763.7 347.6 359.0 537.2 522.2 721.4 598.3 519.7 396.8 700.5 634.3 287.1 257.9 271.3 244.7 582.4 203.0 671.3 369.1 311.9 223.8 285.6 282.6 465.4 0.0
