Name		1190_BED-Amazon_n124_m218_bt34
Number_of_Customers	124
Number_of_Items		218
Number_of_ItemTypes	34
Number_of_Vehicles	1
TimeWindows		0
Dist_type	manual

VEHICLE
Mass_Capacity	1693
CargoSpace_Length	160
CargoSpace_Width	70
CargoSpace_Height	72

CUSTOMERS
i	x	y	Demand	ReadyTime	DueDate	ServiceTime	DemandedMass	DemandedVolume
0	34.23485	-118.58421	0	0	0	0	0	0
1	34.19143	-118.385568	1	0	0	0	4.7	1380
2	34.185623	-118.368113	1	0	0	0	2.5	3978
3	34.190321	-118.381982	1	0	0	0	4.7	1380
4	34.19396	-118.379548	1	0	0	0	2.5	3978
5	34.1863	-118.371999	1	0	0	0	7.3	3640
6	34.18975	-118.371771	2	0	0	0	7.2	5358
7	34.192698	-118.383409	1	0	0	0	0.7	2640
8	34.201944	-118.387789	1	0	0	0	0.7	2640
9	34.184353	-118.369239	2	0	0	0	12.0	5020
10	34.193949	-118.369135	2	0	0	0	11.15	7368
11	34.193939	-118.370976	3	0	0	0	5.8	6864
12	34.192204	-118.375739	1	0	0	0	0.7	2640
13	34.194011	-118.371356	1	0	0	0	2.5	3978
14	34.190575	-118.375161	1	0	0	0	4.7	1380
15	34.193301	-118.377941	1	0	0	0	14.1	4140
16	34.184601	-118.370481	2	0	0	0	7.71	6924
17	34.195524	-118.391082	2	0	0	0	8.0	6280
18	34.198444	-118.395415	3	0	0	0	14.9	24920
19	34.190319	-118.384333	5	0	0	0	20.82	44835
20	34.182753	-118.364847	1	0	0	0	4.7	1380
21	34.194389	-118.38123	2	0	0	0	8.5	3732
22	34.189959	-118.372697	3	0	0	0	8.44	10480
23	34.192656	-118.370313	1	0	0	0	3.01	5544
24	34.192851	-118.363275	1	0	0	0	4.7	1380
25	34.191851	-118.375736	2	0	0	0	6.6	2556
26	34.196444	-118.381238	2	0	0	0	10.51	43024
27	34.203243	-118.392141	2	0	0	0	9.53	16200
28	34.191819	-118.372088	2	0	0	0	4.4	5154
29	34.19183	-118.37905	1	0	0	0	4.7	1380
30	34.184897	-118.362714	1	0	0	0	2.5	3978
31	34.198434	-118.390342	1	0	0	0	4.8	6200
32	34.191191	-118.378469	1	0	0	0	2.5	3978
33	34.190321	-118.381524	1	0	0	0	14.6	7280
34	34.191535	-118.383418	3	0	0	0	5.2	14216
35	34.190321	-118.387424	1	0	0	0	2.5	3978
36	34.19105	-118.363184	2	0	0	0	16.7	6400
37	34.191567	-118.376873	1	0	0	0	2.15	1080
38	34.186683	-118.364163	1	0	0	0	9.4	2760
39	34.191851	-118.376874	1	0	0	0	4.7	1380
40	34.193605	-118.365949	3	0	0	0	18.6	17820
41	34.184102	-118.367033	2	0	0	0	6.85	2460
42	34.188679	-118.365958	1	0	0	0	0.7	2640
43	34.181795	-118.36594	2	0	0	0	4.75	11480
44	34.203438	-118.387783	1	0	0	0	0.7	2640
45	34.18305	-118.368469	1	0	0	0	4.7	1380
46	34.19395	-118.386145	1	0	0	0	3.42	23780
47	34.191193	-118.384505	1	0	0	0	3.8	2352
48	34.187773	-118.373701	2	0	0	0	5.4	4020
49	34.190651	-118.380155	2	0	0	0	2.5	5160
50	34.181022	-118.368063	1	0	0	0	0.7	2640
51	34.193422	-118.380147	3	0	0	0	9.45	12860
52	34.190604	-118.363493	1	0	0	0	1.9	6496
53	34.200376	-118.386308	1	0	0	0	4.7	1380
54	34.19756	-118.390498	2	0	0	0	3.65	5784
55	34.188927	-118.363734	2	0	0	0	6.5	3900
56	34.192643	-118.375738	1	0	0	0	3.82	8580
57	34.190043	-118.37035	3	0	0	0	8.6	7068
58	34.19235	-118.362482	2	0	0	0	6.47	10805
59	34.191867	-118.382324	2	0	0	0	3.3	6456
60	34.183951	-118.363786	1	0	0	0	4.7	1380
61	34.193268	-118.368136	2	0	0	0	8.0	6280
62	34.19182	-118.372837	1	0	0	0	4.7	1380
63	34.197421	-118.384581	2	0	0	0	7.27	15984
64	34.191378	-118.368139	1	0	0	0	3.01	5544
65	34.19447	-118.388938	1	0	0	0	0.7	2640
66	34.192262	-118.374699	1	0	0	0	4.7	1380
67	34.186683	-118.36415	1	0	0	0	4.7	1380
68	34.185235	-118.364849	1	0	0	0	4.7	1380
69	34.186962	-118.367038	1	0	0	0	4.7	1380
70	34.192395	-118.365953	3	0	0	0	10.42	10156
71	34.199016	-118.372018	7	0	0	0	44.17	52479
72	34.200719	-118.394348	2	0	0	0	4.66	18128
73	34.198455	-118.391296	1	0	0	0	7.3	3640
74	34.191055	-118.362515	1	0	0	0	5.25	18480
75	34.192324	-118.368137	1	0	0	0	7.3	3640
76	34.19277	-118.387778	2	0	0	0	6.05	21214
77	34.188241	-118.370321	1	0	0	0	3.42	23780
78	34.191083	-118.365956	1	0	0	0	2.15	1080
79	34.193316	-118.3747	1	0	0	0	2.5	3978
80	34.191163	-118.367052	2	0	0	0	7.3	11780
81	34.191068	-118.376872	1	0	0	0	7.3	3640
82	34.188956	-118.382339	2	0	0	0	2.45	7248
83	34.19032	-118.37118	1	0	0	0	4.7	1380
84	34.189787	-118.36373	3	0	0	0	15.18	43020
85	34.204562	-118.387778	2	0	0	0	5.4	4020
86	34.193949	-118.377768	1	0	0	0	7.3	3640
87	34.183248	-118.363764	2	0	0	0	12.0	5020
88	34.192495	-118.38341	1	0	0	0	4.7	1380
89	34.192754	-118.376879	1	0	0	0	7.8	31200
90	34.192485	-118.374701	5	0	0	0	19.99	43492
91	34.191053	-118.386634	1	0	0	0	2.5	3978
92	34.187143	-118.364861	2	0	0	0	7.2	5358
93	34.198182	-118.392148	4	0	0	0	12.0	25763
94	34.188108	-118.365958	1	0	0	0	0.7	2640
95	34.2012	-118.386472	1	0	0	0	1.9	1176
96	34.193218	-118.370318	1	0	0	0	5.29	8075
97	34.196258	-118.381236	1	0	0	0	1.75	4608
98	34.181217	-118.363759	1	0	0	0	4.7	1380
99	34.196528	-118.388941	1	0	0	0	2.15	1080
100	34.191122	-118.382327	1	0	0	0	4.7	1380
101	34.190321	-118.384712	1	0	0	0	1.38	5100
102	34.189386	-118.367046	1	0	0	0	2.6	10400
103	34.192232	-118.373731	1	0	0	0	1.75	4608
104	34.185551	-118.371518	1	0	0	0	7.3	3640
105	34.19142	-118.38122	1	0	0	0	5.29	8075
106	34.193651	-118.373202	1	0	0	0	0.7	2640
107	34.185513	-118.364853	2	0	0	0	6.6	2556
108	34.192408	-118.38663	1	0	0	0	4.7	1380
109	34.190319	-118.369264	3	0	0	0	9.3	16321
110	34.191105	-118.364863	1	0	0	0	1.9	1176
111	34.187394	-118.363738	1	0	0	0	1.9	1176
112	34.193949	-118.383966	1	0	0	0	4.8	6200
113	34.192188	-118.384261	1	0	0	0	0.7	2640
114	34.187873	-118.370318	2	0	0	0	6.45	5988
115	34.193961	-118.362643	1	0	0	0	7.3	3640
116	34.197591	-118.38038	2	0	0	0	6.6	2556
117	34.188883	-118.368129	3	0	0	0	25.45	4936
118	34.19351	-118.372289	1	0	0	0	1.75	4608
119	34.198444	-118.389846	3	0	0	0	14.13	17764
120	34.201981	-118.393225	1	0	0	0	1.9	1176
121	34.19134	-118.36327	1	0	0	0	4.7	1380
122	34.193012	-118.374029	1	0	0	0	6.88	34200
123	34.190816	-118.383422	1	0	0	0	0.7	2640
124	34.192695	-118.364865	1	0	0	0	7.3	3640

ITEMS
Type	Length	Width	Height	Mass	Fragility	LoadBearingStrength
Bt1	10	10	10	14.15	1	0
Bt2	18	12	5	2.15	1	0
Bt3	21	14	4	1.9	1	0
Bt4	23	15	4	4.7	1	0
Bt5	20	18	7	1.8	1	0
Bt6	15	11	16	0.7	1	0
Bt7	26	26	5	2.67	1	0
Bt8	34	10	10	1.59	1	0
Bt9	20	14	13	7.3	1	0
Bt10	17	13	18	2.5	1	0
Bt11	24	12	16	1.75	1	0
Bt12	30	17	10	1.38	1	0
Bt13	28	22	9	3.01	1	0
Bt14	30	19	10	2.15	1	0
Bt15	31	20	10	4.8	1	0
Bt16	29	16	14	1.9	1	0
Bt17	59	17	7	2.5	1	0
Bt18	40	19	10	3.82	1	0
Bt19	25	19	17	5.29	1	0
Bt20	22	15	26	3.816	1	0
Bt21	28	18	18	2.75	1	0
Bt22	29	25	13	1.77	1	0
Bt23	50	20	10	4.73	1	0
Bt24	40	20	13	2.6	1	0
Bt25	29	24	15	4.26	1	0
Bt26	26	20	26	2.91	1	0
Bt27	27	23	24	2.94	1	0
Bt28	38	23	19	4.3	1	0
Bt29	57	15	20	3.44	1	0
Bt30	33	20	28	5.25	1	0
Bt31	38	25	22	9.5	1	0
Bt32	41	20	29	3.42	1	0
Bt33	50	23	22	4.43	1	0
Bt34	38	37	20	7.568	1	0

DEMANDS PER CUSTOMER
i	Type Quantity
1	Bt4 1	
2	Bt10 1	
3	Bt4 1	
4	Bt10 1	
5	Bt9 1	
6	Bt10 1	Bt4 1	
7	Bt6 1	
8	Bt6 1	
9	Bt9 1	Bt4 1	
10	Bt11 1	Bt4 2	
11	Bt11 1	Bt2 1	Bt3 1	
12	Bt6 1	
13	Bt10 1	
14	Bt4 1	
15	Bt4 3	
16	Bt4 1	Bt13 1	
17	Bt6 1	Bt9 1	
18	Bt4 1	Bt31 1	Bt6 1	
19	Bt19 1	Bt4 1	Bt30 1	Bt7 1	Bt26 1	
20	Bt4 1	
21	Bt3 2	Bt4 1	
22	Bt4 1	Bt14 1	Bt8 1	
23	Bt13 1	
24	Bt4 1	
25	Bt4 1	Bt3 1	
26	Bt34 1	Bt27 1	
27	Bt15 1	Bt23 1	
28	Bt10 1	Bt3 1	
29	Bt4 1	
30	Bt10 1	
31	Bt15 1	
32	Bt10 1	
33	Bt9 2	
34	Bt6 1	Bt24 1	Bt3 1	
35	Bt10 1	
36	Bt9 1	Bt4 2	
37	Bt2 1	
38	Bt4 2	
39	Bt4 1	
40	Bt4 3	Bt21 1	Bt11 1	
41	Bt2 1	Bt4 1	
42	Bt6 1	
43	Bt2 1	Bt24 1	
44	Bt6 1	
45	Bt4 1	
46	Bt32 1	
47	Bt3 2	
48	Bt4 1	Bt6 1	
49	Bt6 1	Bt5 1	
50	Bt6 1	
51	Bt4 1	Bt2 1	Bt24 1	
52	Bt16 1	
53	Bt4 1	
54	Bt11 1	Bt3 1	
55	Bt4 1	Bt5 1	
56	Bt20 1	
57	Bt4 1	Bt11 1	Bt2 1	
58	Bt4 1	Bt22 1	
59	Bt6 2	Bt3 1	
60	Bt4 1	
61	Bt9 1	Bt6 1	
62	Bt4 1	
63	Bt13 1	Bt25 1	
64	Bt13 1	
65	Bt6 1	
66	Bt4 1	
67	Bt4 1	
68	Bt4 1	
69	Bt4 1	
70	Bt18 1	Bt3 1	Bt4 1	
71	Bt30 1	Bt20 1	Bt9 1	Bt13 1	Bt4 4	Bt6 1	Bt19 1	
72	Bt26 1	Bt11 1	
73	Bt9 1	
74	Bt30 1	
75	Bt9 1	
76	Bt28 1	Bt11 1	
77	Bt32 1	
78	Bt2 1	
79	Bt10 1	
80	Bt4 1	Bt24 1	
81	Bt9 1	
82	Bt11 1	Bt6 1	
83	Bt4 1	
84	Bt34 1	Bt4 1	Bt26 1	
85	Bt6 1	Bt4 1	
86	Bt9 1	
87	Bt4 1	Bt9 1	
88	Bt4 1	
89	Bt24 3	
90	Bt4 2	Bt6 2	Bt11 1	Bt13 1	Bt33 1	
91	Bt10 1	
92	Bt10 1	Bt4 1	
93	Bt11 1	Bt25 1	Bt6 1	Bt19 1	
94	Bt6 1	
95	Bt3 1	
96	Bt19 1	
97	Bt11 1	
98	Bt4 1	
99	Bt2 1	
100	Bt4 1	
101	Bt12 1	
102	Bt24 1	
103	Bt11 1	
104	Bt9 1	
105	Bt19 1	
106	Bt6 1	
107	Bt4 1	Bt3 1	
108	Bt4 1	
109	Bt4 1	Bt6 3	Bt17 1	
110	Bt3 1	
111	Bt3 1	
112	Bt15 1	
113	Bt6 1	
114	Bt4 1	Bt11 1	
115	Bt9 1	
116	Bt4 1	Bt3 1	
117	Bt4 2	Bt3 1	Bt1 1	
118	Bt11 1	
119	Bt9 1	Bt20 1	Bt13 1	
120	Bt3 1	
121	Bt4 1	
122	Bt29 2	
123	Bt6 1	
124	Bt9 1	

DISTANCE MATRIX
0.0 2012.0 2119.6 2026.0 2061.6 2054.3 2159.9 2007.4 1938.9 2140.5 2119.4 2102.3 2108.3 2106.1 2130.2 2056.4 2113.4 1935.7 1805.5 2024.8 2192.7 2093.8 2139.2 2114.8 2253.6 2117.1 2019.1 1832.1 2178.2 2077.9 2218.2 1900.6 2122.1 2032.3 2033.3 1971.6 2236.0 2105.7 2125.2 2099.7 2160.3 2158.3 2160.7 2200.4 1914.4 2176.7 1943.5 2045.3 2060.1 2039.8 2136.0 2037.6 2200.4 1909.1 1910.1 2168.0 2097.3 2142.6 2250.3 2033.4 2182.8 2149.8 2189.5 1945.3 2188.9 1951.2 2105.4 2125.4 2148.7 2121.4 2192.0 2075.3 1765.5 1914.2 2269.2 2172.0 1928.3 2105.1 2204.7 2087.4 2207.5 2116.2 1991.5 2166.0 2177.2 1895.9 2040.7 2194.5 2011.6 2080.8 2101.9 2006.7 2142.0 1884.4 2150.3 1844.0 2105.3 2023.4 2179.7 1925.3 2033.5 2015.1 2172.4 2164.2 2071.2 2047.5 2119.9 2143.7 1976.6 2156.8 2217.6 2151.4 1966.5 2030.0 2100.0 2196.9 2007.9 2149.0 2135.4 1891.9 1840.2 2214.6 2127.0 2024.1 2219.6
2038.0 0.0 348.3 91.6 136.3 283.0 272.3 80.5 239.0 369.2 256.7 230.0 227.8 221.5 225.3 175.9 342.1 184.6 309.6 57.1 421.4 155.6 251.6 270.1 388.5 236.6 195.9 324.9 285.9 134.5 446.9 244.0 202.4 97.9 72.1 57.6 421.8 220.9 353.9 219.2 297.6 387.0 384.1 429.1 263.8 405.4 97.6 72.7 273.8 135.6 434.7 149.9 400.7 313.5 229.6 404.1 216.8 284.0 405.5 82.7 411.5 287.1 274.6 244.8 326.2 150.1 224.9 354.1 377.4 408.4 329.3 359.8 355.1 257.6 469.5 309.3 105.2 309.7 354.2 206.9 344.8 206.7 115.4 259.9 391.3 283.1 160.2 423.2 75.5 200.3 221.4 63.3 432.0 254.0 395.5 248.4 260.6 191.0 463.5 210.0 98.4 47.4 354.9 286.5 299.9 109.9 239.4 372.4 53.6 298.2 385.7 426.7 86.0 39.4 314.2 334.2 238.0 346.5 254.9 235.3 333.0 395.3 246.5 83.9 356.9
2113.5 343.4 0.0 266.4 311.8 110.8 207.9 324.2 491.2 117.6 217.0 262.8 287.6 250.3 238.5 351.6 124.5 479.7 582.0 298.8 110.7 341.7 213.0 171.4 188.7 278.3 382.0 612.0 227.7 250.3 153.3 496.2 313.1 264.5 296.3 337.4 171.1 285.7 60.3 293.8 212.1 64.5 95.8 109.1 516.0 57.0 382.6 325.7 131.4 244.9 86.3 306.3 135.5 565.7 481.8 103.1 299.3 141.5 185.4 293.5 114.3 152.8 239.0 490.2 113.6 445.2 253.2 60.5 83.8 99.7 180.9 302.1 627.5 509.8 204.3 130.5 357.4 94.5 158.1 271.2 152.9 271.5 231.9 165.3 112.3 535.3 285.4 126.0 319.2 319.6 256.7 358.8 77.1 549.1 85.4 500.6 180.9 377.1 157.5 505.1 273.9 307.9 117.3 266.8 127.7 270.7 300.8 78.8 384.5 123.6 176.3 86.5 358.8 339.0 89.4 194.3 424.1 66.1 268.8 487.5 620.1 149.7 278.3 284.5 205.1
2018.5 80.7 266.2 0.0 136.7 200.9 180.6 76.4 268.7 287.1 237.1 210.4 164.3 201.9 133.6 162.5 300.3 245.6 403.3 33.0 339.3 120.7 159.9 250.5 378.3 155.0 161.0 354.6 202.3 81.6 364.8 273.7 110.7 6.3 48.5 87.3 360.7 129.2 271.8 137.3 278.0 304.9 292.4 347.0 293.5 323.3 168.6 59.9 182.1 46.4 352.6 107.8 325.1 343.2 259.3 319.5 176.0 192.3 375.0 45.7 329.4 267.5 191.0 242.4 256.2 211.1 165.6 272.0 295.3 316.7 305.5 340.2 448.8 287.3 393.9 273.1 134.9 218.0 282.7 183.6 277.5 115.0 44.4 168.2 306.7 312.8 140.6 341.1 71.4 163.1 169.1 93.0 340.3 344.1 303.8 278.1 241.0 156.1 381.4 271.0 26.1 42.1 263.2 202.9 217.8 49.7 213.2 290.3 124.6 206.5 300.9 342.1 130.2 87.5 222.5 314.6 203.1 254.8 238.1 265.0 362.7 339.3 190.7 36.7 329.7
2016.0 167.7 306.5 102.9 0.0 209.2 190.3 121.4 208.9 295.4 120.3 93.6 91.4 85.1 149.5 39.5 275.0 167.8 292.8 136.0 347.6 32.1 178.5 133.7 252.1 100.2 72.4 294.8 149.5 37.9 386.1 213.9 132.8 96.6 133.0 190.3 285.4 88.8 309.4 82.8 161.2 313.2 266.0 393.5 233.7 363.6 70.7 162.9 200.7 87.3 392.9 46.3 264.3 283.4 228.0 267.7 80.4 210.9 269.1 107.4 350.7 150.7 138.2 178.8 189.8 133.3 88.5 309.2 303.6 299.3 192.9 223.4 338.3 261.8 333.1 172.9 128.4 192.7 217.8 70.5 208.4 99.3 144.6 184.9 254.9 253.0 23.8 362.4 116.4 63.9 85.0 194.7 328.0 237.2 277.4 218.3 124.2 67.5 402.7 193.2 123.1 145.1 245.8 150.1 226.1 101.0 103.0 298.6 163.7 225.1 249.3 290.3 46.9 118.2 197.2 197.8 114.5 236.8 118.5 205.2 302.9 258.9 110.1 139.7 220.5
2047.8 277.7 90.4 200.7 271.6 0.0 170.3 258.5 425.5 111.3 179.2 182.1 202.0 219.5 152.9 259.3 59.0 402.4 516.3 233.1 163.5 276.0 149.6 133.6 224.4 192.7 316.3 511.4 186.3 184.6 189.0 430.5 231.7 198.8 230.6 271.7 206.8 200.1 96.0 208.2 220.1 129.1 131.5 171.2 450.3 147.5 340.2 260.0 65.7 179.2 176.8 240.6 171.2 500.0 416.1 138.8 213.7 113.4 221.1 227.8 153.6 206.5 175.0 424.5 167.3 367.9 149.6 96.2 119.5 92.2 198.3 264.3 561.8 444.1 240.0 184.2 291.7 75.9 175.5 167.6 191.6 185.9 166.2 157.9 148.0 469.6 243.6 165.3 253.5 234.0 153.1 293.1 112.8 485.9 121.1 434.9 143.1 311.4 205.6 427.8 208.2 242.2 143.2 186.9 16.9 205.0 197.2 114.5 318.8 127.6 188.4 122.2 330.3 273.3 70.8 230.0 358.4 119.8 222.1 421.8 519.5 185.4 174.7 218.8 217.2
2156.3 275.6 192.9 194.8 202.4 200.6 0.0 271.3 411.4 218.3 136.6 113.2 148.7 100.7 99.6 212.7 168.7 370.3 495.3 230.6 289.1 234.6 74.1 98.9 246.7 139.4 274.9 527.4 70.8 175.6 306.3 416.4 174.2 188.5 250.7 282.2 226.6 146.8 229.8 154.9 188.2 243.0 160.8 288.3 436.2 250.0 273.2 253.1 123.7 179.2 279.3 243.2 193.5 494.6 428.1 187.9 160.4 64.4 243.4 240.6 270.9 162.6 82.1 381.3 124.6 335.8 114.3 229.4 245.1 185.1 173.9 229.6 540.8 464.3 262.3 141.5 329.8 86.4 151.1 132.3 145.9 132.6 239.3 36.6 175.1 455.5 176.0 282.6 266.3 180.7 117.8 287.9 208.7 432.9 172.2 420.8 143.8 270.0 322.9 395.7 221.0 237.0 131.6 109.9 179.7 212.7 155.4 240.1 319.5 75.4 169.3 210.5 249.4 282.4 88.1 217.4 317.0 123.2 111.9 407.7 535.5 207.7 139.4 231.6 198.1
2036.6 78.5 323.1 84.4 76.0 257.8 265.1 0.0 214.0 344.0 196.4 169.7 167.5 161.2 218.1 115.6 351.1 172.9 297.9 61.8 396.2 78.0 244.4 209.8 328.2 176.3 118.3 299.9 225.6 106.2 462.2 219.0 195.2 90.7 25.8 116.1 361.5 164.9 328.7 158.9 237.3 361.8 342.1 403.9 238.8 380.2 118.5 80.8 266.6 107.3 409.5 96.8 340.4 288.5 253.5 343.8 156.5 276.8 345.2 54.4 426.8 226.8 214.3 165.9 265.9 138.4 164.6 328.9 352.2 375.4 269.0 299.5 343.4 266.9 409.2 249.0 163.7 268.8 293.9 146.6 284.5 175.4 108.2 252.7 331.0 258.1 99.9 438.5 4.2 140.0 161.1 105.5 404.1 242.3 353.5 223.4 200.3 113.4 478.8 198.3 70.1 70.9 321.9 226.2 274.7 81.6 179.1 347.2 74.5 291.0 325.4 366.4 88.2 29.0 273.3 273.9 172.3 312.9 194.6 210.3 308.0 335.0 186.2 37.6 296.6
1825.9 198.2 464.6 262.1 203.0 399.3 393.4 193.6 0.0 485.5 323.4 296.7 294.5 288.2 352.6 242.6 458.4 169.0 179.2 227.6 537.7 245.3 381.6 336.8 455.2 303.3 205.3 104.7 352.6 241.0 563.2 86.8 335.9 268.4 219.5 174.4 488.5 291.9 470.2 285.9 364.3 503.3 469.1 545.4 24.7 521.7 129.7 231.5 403.8 286.0 551.0 223.8 467.4 113.3 96.3 470.8 283.5 414.0 472.2 219.6 527.8 353.8 341.3 131.5 392.9 137.4 291.6 470.4 493.7 502.4 396.0 330.2 186.2 100.4 536.2 376.0 114.5 395.8 420.9 273.6 411.5 302.4 279.9 388.0 458.0 44.0 226.9 539.5 197.8 267.0 288.1 192.9 531.1 134.6 480.5 48.2 327.3 209.6 579.8 111.5 235.3 217.9 448.9 353.2 416.2 242.3 306.1 488.7 162.8 428.2 452.4 493.4 152.7 216.2 400.3 400.9 194.1 439.9 321.6 78.1 112.8 462.0 313.2 231.3 423.6
2136.4 366.3 99.6 289.3 360.2 133.7 265.1 347.1 514.1 0.0 217.4 229.8 290.6 227.4 241.5 354.1 147.6 489.6 611.1 330.6 172.7 370.8 244.4 175.1 233.6 285.0 411.1 600.0 281.1 273.2 198.2 519.1 320.3 293.6 326.5 360.3 210.5 288.7 105.0 296.8 231.6 134.2 140.7 186.6 538.9 156.7 428.8 346.9 160.5 274.0 186.0 338.0 180.4 588.6 507.1 154.2 302.3 149.0 236.5 322.6 162.8 214.5 263.6 513.1 176.5 448.9 238.2 105.4 128.7 101.4 213.7 312.0 656.6 532.7 249.2 193.4 386.5 117.4 184.7 256.2 200.8 274.5 261.0 174.8 163.4 564.4 332.2 180.7 342.1 328.8 241.7 381.7 128.2 580.7 130.3 523.5 184.6 400.0 214.8 508.8 296.8 330.8 152.4 275.5 150.6 293.6 285.8 129.9 407.4 169.6 197.6 131.4 362.5 361.9 115.2 239.2 453.2 129.0 310.7 516.6 608.1 194.6 269.5 307.4 226.4
2131.2 249.9 186.1 214.4 115.1 226.9 139.3 196.7 324.1 246.1 0.0 24.1 124.6 27.0 166.2 115.1 195.9 283.9 408.9 246.9 285.7 144.0 196.3 53.7 131.7 134.3 184.3 410.0 105.5 149.4 265.7 329.1 232.2 208.1 219.3 301.8 157.7 147.0 188.1 141.0 48.2 240.0 145.6 272.2 348.9 243.2 185.9 261.7 198.9 195.5 272.5 154.6 143.9 398.6 344.1 146.4 113.6 87.4 152.0 201.3 230.3 29.4 116.8 294.9 69.4 248.5 105.2 188.8 244.0 178.9 71.6 120.1 450.2 377.0 212.7 52.5 240.3 112.7 97.4 87.2 88.0 157.5 256.1 148.6 137.8 368.2 88.7 241.1 200.9 122.1 98.4 270.3 210.9 352.4 157.0 333.5 44.2 182.7 282.3 308.4 217.0 256.6 125.4 136.3 206.0 204.6 95.1 242.3 240.2 107.4 128.9 169.9 162.1 225.8 118.1 77.4 226.4 115.5 84.6 320.4 418.1 138.5 114.3 234.4 100.1
2107.9 226.6 212.8 191.1 91.8 213.2 133.8 173.4 300.8 224.7 26.6 0.0 101.3 3.8 164.4 95.1 181.3 259.7 384.7 226.9 312.4 124.0 138.9 40.0 158.4 106.6 164.3 386.7 103.4 126.1 292.4 305.8 239.0 184.8 192.0 278.5 184.1 123.7 215.9 117.7 74.9 267.6 172.3 299.8 325.6 269.9 162.6 240.4 188.5 175.5 299.2 134.6 170.6 375.3 317.5 174.0 90.3 77.0 175.4 178.0 257.0 57.0 114.7 270.7 96.1 225.2 81.9 215.5 270.7 205.6 99.2 129.7 430.2 353.7 239.4 79.2 220.3 99.0 124.1 63.9 114.7 134.2 232.8 91.2 161.2 344.9 65.4 268.7 177.6 98.8 78.4 247.0 234.3 329.1 183.7 310.2 30.5 159.4 309.0 285.1 193.7 233.3 152.1 142.5 192.3 181.3 71.8 265.7 216.9 134.1 155.6 196.6 138.8 202.5 100.7 104.1 206.4 143.1 61.3 297.1 394.8 165.2 94.3 211.1 126.8
2145.0 232.8 286.1 152.0 105.2 200.8 142.2 228.5 314.2 287.0 123.6 96.9 0.0 88.4 95.2 169.9 261.9 273.1 398.1 185.1 382.3 137.4 121.5 137.0 255.4 8.8 177.7 400.1 151.4 132.8 389.4 319.2 131.4 145.7 200.6 239.4 288.7 104.0 312.7 112.1 164.5 340.3 254.0 381.5 339.0 343.2 176.0 212.0 143.7 136.4 372.5 197.8 267.6 388.7 333.3 271.0 11.6 153.9 272.4 197.8 354.0 154.0 140.1 284.1 193.1 238.6 90.4 312.5 338.3 278.3 196.2 226.7 443.6 367.1 336.4 176.2 287.0 179.6 221.1 72.4 211.7 89.8 196.5 129.8 258.2 358.3 78.8 365.7 223.5 137.9 86.9 245.1 301.9 342.5 265.4 323.6 127.5 172.8 406.0 298.5 178.2 194.2 224.8 152.0 217.7 169.9 86.9 333.3 276.7 168.1 252.6 293.6 152.2 239.6 184.1 201.1 219.8 216.4 102.4 310.5 408.2 262.2 109.4 188.8 223.8
2102.8 221.5 219.8 186.0 86.7 220.2 100.2 168.3 295.7 231.7 33.6 6.9 125.8 0.0 148.8 90.0 188.3 254.6 379.6 219.1 319.4 118.9 123.3 47.0 165.4 134.6 159.2 381.6 63.1 121.0 299.4 300.7 223.4 179.7 194.2 273.4 198.7 118.6 222.7 112.6 74.5 274.6 179.3 306.8 320.5 276.9 157.5 232.4 172.9 170.4 306.2 133.1 177.6 370.2 314.8 181.0 114.8 129.9 182.4 172.9 264.0 64.0 74.4 265.6 103.1 220.1 97.5 222.5 277.7 212.6 106.2 136.7 425.1 348.6 246.4 86.2 215.2 106.0 131.1 79.5 121.7 129.1 227.7 98.2 168.2 339.8 60.3 275.7 172.5 93.7 94.0 241.9 241.3 324.0 190.7 305.1 37.5 154.3 316.0 280.0 188.6 228.2 159.1 93.9 199.3 176.2 52.7 272.7 211.8 141.5 162.6 203.6 133.7 197.4 110.5 111.1 201.3 150.1 42.2 292.0 389.7 172.2 75.2 206.0 133.8
2106.7 206.3 241.2 125.5 202.3 155.9 97.3 202.0 394.3 242.1 187.4 160.7 79.4 152.2 0.0 143.4 217.0 333.0 458.0 158.6 337.4 214.4 76.6 147.2 295.0 70.1 254.7 458.1 119.0 106.3 354.6 399.3 286.4 119.2 174.1 212.9 277.4 77.5 226.8 85.6 228.3 295.4 209.1 336.6 419.1 298.3 235.9 185.5 98.8 109.9 327.6 171.3 241.8 425.3 384.9 236.2 91.1 109.0 291.7 171.3 319.2 212.1 107.7 364.3 172.9 298.5 82.3 227.0 293.4 233.4 222.2 277.9 503.5 412.9 310.6 189.8 260.5 134.7 199.4 100.3 194.2 63.3 170.0 84.9 223.4 438.4 165.3 330.9 197.0 111.4 85.8 218.6 257.0 402.4 220.5 353.5 191.3 249.8 371.2 358.4 151.7 167.7 179.9 119.6 172.8 143.4 129.9 288.4 250.2 123.2 217.6 258.8 255.8 213.1 139.2 264.9 296.8 171.5 154.8 390.6 466.2 256.0 107.4 162.3 246.4
2127.3 215.1 310.6 134.3 60.3 243.9 190.3 210.8 269.3 328.7 121.1 97.7 95.5 89.2 143.3 0.0 279.3 228.2 353.2 170.1 410.2 92.5 169.6 137.8 256.2 104.3 132.8 355.2 153.6 115.1 390.2 274.3 113.7 128.0 184.7 221.7 289.5 92.9 313.5 86.9 172.7 361.3 270.1 397.6 294.1 367.7 131.1 192.6 191.8 118.7 397.0 182.7 268.4 343.8 288.4 271.8 84.5 174.8 273.2 180.1 354.8 154.8 142.3 239.2 193.9 193.7 92.6 313.3 368.5 303.4 197.0 227.5 398.7 322.2 337.2 177.0 269.3 196.8 221.9 74.6 212.5 103.4 178.8 177.9 259.0 313.4 27.9 366.5 205.8 68.0 89.1 227.4 332.1 297.6 281.5 278.7 128.3 127.9 406.8 253.6 160.5 176.5 249.9 154.2 290.1 152.2 107.1 363.5 259.0 216.7 253.4 294.4 107.3 221.9 201.3 201.9 174.9 240.9 122.6 265.6 363.3 263.0 114.2 171.1 224.6
2134.6 342.4 108.0 338.5 273.6 87.2 175.7 323.2 482.6 135.1 175.5 181.7 317.6 185.5 268.5 376.0 0.0 441.5 566.7 374.5 181.1 305.8 180.8 133.2 242.0 312.0 346.1 573.8 192.7 301.3 206.6 487.6 348.4 332.2 302.6 424.3 218.9 315.7 113.6 323.8 227.1 142.6 149.1 188.8 507.4 165.1 344.4 396.8 130.4 326.7 194.4 375.7 188.8 541.0 499.3 156.6 329.3 100.9 238.7 292.5 171.2 207.6 290.6 452.7 176.9 407.0 265.2 113.8 137.1 109.8 226.2 264.1 656.0 535.5 257.6 186.5 444.5 75.5 203.4 283.2 198.4 301.5 230.9 132.9 165.6 526.7 247.2 182.9 318.2 349.8 268.7 431.6 130.4 504.1 138.7 469.2 142.7 341.2 223.2 466.9 272.9 380.7 171.3 302.5 66.3 269.7 312.8 132.3 445.2 127.9 221.6 139.8 320.6 399.7 73.3 256.3 388.4 138.1 233.8 478.9 581.9 203.0 290.3 283.5 250.4
1929.4 179.0 490.4 254.9 183.8 393.1 374.2 174.4 184.7 485.5 304.2 277.5 275.3 269.0 333.4 223.4 458.9 0.0 183.7 233.0 531.5 185.8 362.4 317.6 436.0 280.6 246.3 308.3 333.4 221.8 570.0 136.0 316.7 256.6 200.3 210.4 461.7 272.7 493.5 266.7 352.5 497.1 449.9 577.4 209.5 547.5 110.5 212.3 384.6 266.8 576.8 201.0 448.2 259.2 57.7 451.6 264.3 354.6 453.0 200.4 534.6 334.6 322.1 172.5 373.7 90.0 272.4 493.1 487.5 483.2 376.8 407.3 241.7 122.4 517.0 356.8 113.3 376.6 401.7 254.4 392.3 283.2 260.7 368.8 438.8 228.8 207.7 546.3 178.6 247.8 268.9 173.7 511.9 97.8 461.3 194.1 308.1 250.6 586.6 81.0 216.1 226.5 429.7 334.0 410.0 223.1 286.9 482.5 143.6 409.5 433.2 474.2 133.5 197.0 378.3 381.7 235.1 420.7 302.4 143.7 316.4 442.8 294.0 212.1 404.4
1786.7 292.6 559.0 356.5 297.4 493.7 487.8 288.0 186.1 586.1 417.8 391.1 388.9 382.6 447.0 337.0 552.8 170.2 0.0 318.8 632.1 351.4 476.0 431.2 549.6 397.7 311.4 165.6 447.0 335.4 657.6 88.9 430.3 362.8 306.6 268.8 582.9 386.3 564.6 380.3 466.1 593.6 563.5 639.8 210.9 616.1 224.1 328.8 498.2 380.4 645.4 314.6 561.8 242.6 122.8 565.2 377.9 468.2 566.6 314.0 622.2 448.2 435.7 237.6 487.3 231.4 386.0 564.8 588.1 596.8 490.4 459.5 99.0 75.3 630.6 470.4 208.9 490.2 515.3 368.0 505.9 396.8 374.3 482.4 552.4 230.2 321.3 633.9 292.2 361.4 382.5 287.3 625.5 72.0 574.9 177.5 421.7 315.7 674.2 173.9 329.7 312.3 543.3 447.6 510.6 336.7 400.5 583.1 257.2 523.1 546.8 587.8 247.1 310.6 491.9 495.3 300.2 534.3 416.0 96.6 173.7 556.4 407.6 325.7 518.0
2007.8 44.9 294.3 37.6 144.7 229.0 218.3 78.4 232.9 321.4 261.8 238.4 202.0 229.9 171.3 184.3 288.1 209.8 367.5 0.0 367.4 158.4 197.6 278.5 396.9 192.7 198.7 318.8 240.0 119.3 392.9 237.9 148.4 43.9 50.5 51.5 392.9 166.9 299.7 175.0 313.4 328.9 330.1 375.1 257.7 351.4 132.8 24.1 219.8 84.1 380.7 148.1 362.8 307.4 225.9 357.2 213.7 233.7 412.7 82.7 357.5 296.7 228.7 238.7 293.9 175.3 203.3 300.1 323.4 354.4 337.7 368.2 413.0 251.5 431.6 310.8 99.1 255.7 320.4 215.3 315.2 152.7 61.4 205.9 344.4 277.0 168.6 369.2 73.4 200.8 206.8 57.2 378.0 308.3 341.5 242.3 269.0 193.8 409.5 235.2 63.1 6.3 300.9 240.6 245.9 87.4 247.8 318.4 88.8 244.7 338.6 379.8 94.4 51.7 260.2 342.6 240.8 292.5 263.3 229.2 326.9 377.0 228.4 38.7 365.3
2183.4 425.5 112.9 348.5 417.9 192.9 313.2 406.3 573.3 199.7 279.9 326.0 392.9 362.9 343.8 407.1 218.8 585.8 664.1 380.9 0.0 423.8 318.3 234.3 228.2 383.6 464.1 659.2 333.0 332.4 92.9 578.3 379.5 346.6 378.4 419.5 210.6 391.0 90.7 399.1 262.1 78.7 149.4 59.5 598.1 79.9 488.0 407.8 213.5 327.0 127.2 388.4 175.0 647.8 563.9 142.6 404.6 246.8 224.9 375.6 59.2 265.8 344.3 572.3 226.6 551.3 297.4 90.9 45.8 132.8 216.2 365.0 704.6 591.9 243.8 243.5 439.5 176.6 193.4 315.4 227.2 376.8 314.0 270.6 151.8 617.4 391.4 44.5 401.3 424.9 300.9 440.9 89.5 633.7 139.0 582.7 243.8 459.2 64.5 611.2 356.0 390.0 183.8 372.1 247.4 352.8 345.0 52.4 466.6 228.9 165.1 126.0 464.9 421.1 171.5 233.8 506.2 179.1 374.1 569.6 667.3 189.2 322.5 366.6 193.9
2016.3 156.4 349.5 111.5 50.4 284.2 280.3 110.1 209.2 376.6 170.8 144.1 141.9 135.6 233.3 90.0 325.7 168.1 293.1 147.3 422.6 0.0 259.6 184.2 302.6 147.2 40.2 295.1 200.0 114.3 436.6 214.2 210.4 105.2 121.7 198.9 328.3 139.3 354.9 133.3 219.1 384.1 316.5 430.3 234.0 406.6 71.0 161.6 281.8 115.4 435.9 67.6 314.8 283.7 225.9 318.2 130.9 221.2 319.6 96.1 401.2 201.2 188.7 149.8 240.3 133.6 139.0 355.3 378.6 349.8 243.4 273.9 338.6 262.1 383.6 223.4 128.7 243.2 268.3 121.0 258.9 149.8 156.0 267.9 305.4 253.3 74.3 412.9 105.1 114.4 135.5 183.4 378.5 237.5 327.9 218.6 174.7 35.3 453.2 193.5 111.8 153.7 296.3 200.6 301.1 71.7 153.5 373.6 152.4 306.7 299.8 340.8 47.2 106.9 244.9 248.3 82.3 287.3 169.0 205.5 303.2 309.4 160.6 133.5 271.0
2132.6 251.9 195.0 171.1 193.8 202.7 51.1 247.6 439.9 220.4 160.0 133.3 125.0 120.8 75.9 189.0 170.8 361.7 486.7 206.9 291.2 260.0 0.0 101.0 248.8 115.7 300.3 503.7 90.9 151.9 308.4 444.9 150.5 164.8 219.7 258.5 225.7 123.1 231.9 131.2 200.1 249.2 162.9 290.4 464.7 252.1 264.6 229.4 100.0 155.5 281.4 219.5 195.6 470.9 419.5 190.0 136.7 66.5 245.5 216.9 273.0 164.7 102.2 409.9 126.7 327.2 90.6 231.5 247.2 187.2 176.0 231.7 532.2 455.7 264.4 143.6 306.1 88.5 153.2 108.6 148.0 108.9 215.6 38.7 177.2 484.0 210.9 284.7 242.6 157.0 94.1 264.2 210.8 424.3 174.3 399.1 110.5 295.4 325.0 387.1 197.3 213.3 133.7 127.9 181.8 189.0 138.2 242.2 295.8 77.5 171.4 212.6 240.8 258.7 90.2 237.5 342.4 125.3 132.0 436.2 511.8 209.8 115.7 207.9 200.2
2148.2 300.3 163.7 219.5 140.3 173.1 93.7 296.0 349.3 184.6 45.5 88.3 173.4 75.8 124.3 143.6 141.2 308.2 433.2 252.6 236.8 172.5 98.8 0.0 177.3 164.1 212.8 440.5 63.3 200.3 262.3 354.3 198.9 213.2 268.1 306.9 210.6 171.5 169.3 179.6 86.4 202.4 191.2 244.5 374.1 220.8 211.1 279.5 148.4 203.9 250.1 265.3 189.5 407.7 368.4 192.9 185.1 51.2 194.3 265.3 226.9 75.9 74.6 319.2 115.0 273.7 114.3 169.5 192.8 160.0 118.1 130.6 478.7 402.2 258.3 98.1 354.5 58.9 143.0 132.3 133.6 157.3 264.0 51.1 180.1 393.4 113.9 238.6 291.0 205.4 117.8 312.6 199.2 377.6 202.6 335.9 9.4 207.9 278.9 333.6 245.7 261.7 122.1 102.4 152.2 237.4 130.5 187.8 344.2 65.4 174.5 215.5 187.3 307.1 63.4 123.0 254.9 113.7 104.4 345.6 448.6 184.1 139.4 256.3 145.7
2250.1 455.8 211.3 375.0 266.6 247.4 249.2 348.2 475.6 254.2 151.4 174.7 328.9 178.5 279.8 269.9 261.1 434.5 559.5 408.1 238.2 298.8 254.3 224.9 0.0 319.6 339.1 561.5 269.0 355.8 218.2 480.6 354.4 368.7 423.6 462.4 117.5 327.0 141.5 335.1 108.3 255.8 166.1 266.4 500.4 278.1 337.4 435.0 268.0 359.4 325.4 313.0 96.4 550.1 494.7 99.8 265.1 182.8 55.2 420.8 182.8 212.1 280.3 445.5 172.9 400.0 294.5 141.3 202.0 175.9 159.2 274.9 605.0 528.5 165.2 189.8 395.1 231.1 136.4 312.5 163.2 312.8 368.5 206.6 87.0 519.7 240.2 194.5 352.4 273.6 298.0 468.1 162.0 497.1 177.5 485.0 234.4 334.2 234.8 459.9 401.2 417.2 168.9 308.1 264.3 392.9 246.6 208.6 391.7 164.9 119.1 122.4 313.6 377.3 226.0 80.8 381.2 191.5 310.1 471.9 569.6 91.0 319.6 411.8 147.9
2136.2 224.0 277.3 143.2 114.5 192.0 136.9 219.7 323.5 284.4 129.6 106.2 9.3 97.7 86.4 161.1 253.3 282.4 403.7 179.0 373.5 146.7 112.7 146.3 264.7 0.0 187.0 409.4 155.1 124.0 390.7 328.5 122.6 136.9 199.1 230.6 287.4 95.2 262.7 103.3 177.5 327.4 245.2 376.2 348.3 334.4 185.3 201.5 138.4 131.1 363.7 195.1 276.9 398.0 340.2 272.3 21.0 152.3 281.7 192.5 355.3 164.5 143.8 289.7 202.4 247.9 99.7 263.1 329.5 269.5 201.8 232.3 449.2 376.4 345.7 185.5 281.7 170.8 230.4 81.7 217.3 81.0 187.7 121.0 259.5 363.9 88.1 370.5 214.7 129.1 96.2 236.3 296.6 345.0 256.6 332.9 136.8 182.1 407.3 307.8 169.4 185.4 216.0 155.7 208.9 161.1 96.2 328.0 267.9 163.3 253.7 294.9 161.5 230.8 172.5 210.4 225.4 211.1 111.7 316.1 417.5 271.5 115.0 180.0 233.1
2031.6 196.4 389.5 151.5 90.4 324.2 320.3 150.1 224.5 416.6 210.8 184.1 181.9 175.6 273.3 130.0 365.7 208.1 328.5 187.3 462.6 39.9 299.6 224.2 342.6 187.2 0.0 310.4 240.0 154.3 476.6 229.5 250.4 145.2 161.7 238.9 368.3 179.3 394.9 173.3 259.1 424.1 356.5 470.3 249.3 446.6 111.0 201.6 321.8 155.4 475.9 107.6 354.8 299.0 197.1 358.2 170.9 261.2 359.6 136.1 441.2 241.2 228.7 109.5 280.3 173.6 179.0 395.3 418.6 389.8 283.4 313.9 378.6 267.2 423.6 263.4 168.7 283.2 308.3 161.0 298.9 189.8 196.0 307.9 345.4 268.6 114.3 452.9 145.1 154.4 175.5 223.4 418.5 242.6 367.9 233.9 214.7 4.2 493.2 212.3 151.8 193.7 336.3 240.6 341.1 111.7 193.5 413.6 192.4 346.7 339.8 380.8 87.2 146.9 284.9 288.3 42.0 327.3 209.0 220.8 318.5 349.4 200.6 173.5 311.0
1816.6 295.3 561.7 359.2 344.9 496.4 490.5 290.7 199.5 588.8 417.2 436.3 391.6 385.3 479.0 339.7 590.3 266.1 198.9 321.5 634.8 377.1 505.3 448.8 552.3 400.4 302.4 0.0 449.7 361.2 660.3 183.9 456.1 365.5 314.8 271.5 585.6 389.0 567.1 383.0 468.8 600.4 566.2 642.5 175.0 618.8 226.8 328.6 527.5 410.6 648.1 317.3 564.5 192.4 193.4 567.9 380.6 485.8 569.3 316.7 624.9 450.9 438.4 228.6 490.0 234.5 388.7 567.5 590.8 599.5 493.1 409.3 176.9 197.5 633.3 473.1 211.6 507.8 518.0 370.7 508.6 399.5 377.0 500.0 555.1 156.4 324.0 636.6 294.9 364.1 385.2 290.0 628.2 232.1 577.6 127.3 439.3 306.7 676.9 208.6 332.4 315.0 546.0 450.3 513.3 339.4 403.2 585.8 259.9 514.8 549.5 590.5 249.8 313.3 512.3 498.0 291.2 537.0 418.7 175.2 43.7 559.1 410.3 328.4 520.7
2148.7 282.5 219.8 201.7 154.1 227.5 57.9 278.2 363.1 245.2 106.6 83.2 155.6 70.7 106.5 219.6 195.6 322.0 447.0 237.5 316.0 186.3 81.0 123.3 241.7 146.3 226.6 449.0 0.0 182.5 333.2 368.1 181.1 195.4 257.6 289.1 267.4 153.7 256.5 161.8 158.2 274.0 187.7 315.2 387.9 276.9 224.9 260.0 130.6 186.1 306.2 250.1 220.4 437.6 379.8 214.8 148.7 91.3 258.7 247.5 297.8 136.4 11.2 333.0 113.5 287.5 50.9 256.3 272.0 212.0 182.5 210.7 492.5 416.0 289.2 115.3 336.7 113.3 178.0 68.9 172.8 139.5 246.2 63.5 202.0 407.2 127.7 309.5 273.2 187.6 54.4 294.8 235.6 384.6 199.1 372.5 113.8 221.7 349.8 347.4 227.9 243.9 158.5 39.0 206.6 219.6 91.0 267.0 326.4 102.3 196.2 237.4 201.1 289.3 115.0 187.4 268.7 150.1 41.0 359.4 457.1 248.5 76.0 238.5 210.1
2036.0 145.7 236.5 64.9 58.7 171.2 164.7 101.5 267.7 257.4 155.4 128.7 126.5 120.2 117.7 74.6 230.3 226.6 351.6 98.0 309.6 106.8 144.0 168.8 287.2 135.3 147.1 351.7 184.6 0.0 335.1 272.7 94.8 58.6 113.5 152.3 320.5 123.9 242.1 117.9 196.3 275.2 276.5 317.3 292.5 293.6 129.5 124.9 166.2 49.3 322.9 71.5 299.4 318.9 286.8 302.8 115.5 176.4 304.2 87.5 299.7 185.8 173.3 256.7 224.9 192.1 123.6 242.3 265.6 300.8 228.0 258.5 397.1 320.6 368.2 208.0 199.9 202.1 252.9 105.6 243.5 99.1 106.6 152.3 290.0 311.8 58.9 311.4 96.5 99.0 120.1 158.0 324.4 296.0 287.9 247.1 159.3 142.2 351.7 252.0 91.1 107.1 247.3 185.2 188.1 82.8 138.1 260.6 143.8 190.6 284.4 325.4 105.7 98.3 206.6 232.9 189.2 238.9 153.6 264.0 359.8 294.0 145.2 101.7 255.6
2210.3 440.2 172.7 363.2 385.2 207.6 304.4 421.0 588.0 214.4 270.0 293.3 384.1 297.1 335.0 448.1 221.3 553.1 678.1 395.6 114.2 417.4 309.5 249.0 193.8 374.8 457.7 673.9 324.2 347.1 0.0 593.0 409.6 361.3 393.1 434.2 176.2 382.2 101.7 390.3 226.9 152.9 202.2 142.4 612.8 154.1 456.0 422.5 228.2 341.7 201.4 403.1 140.6 662.5 613.3 108.2 395.8 238.0 190.5 390.3 97.4 267.3 335.5 564.1 228.1 518.6 312.1 101.5 116.6 136.1 214.4 379.7 723.6 647.1 209.4 245.0 454.2 191.3 191.6 330.1 218.4 368.0 328.7 261.8 117.4 632.1 358.8 86.5 416.0 416.1 315.6 455.6 160.3 622.5 191.8 597.4 258.5 452.8 128.8 578.5 370.7 404.7 187.1 363.3 224.5 367.5 359.7 123.2 481.3 220.1 174.3 91.6 432.2 435.8 186.2 199.4 499.8 180.9 365.3 584.3 682.0 154.8 337.2 381.3 203.1
1879.1 203.6 470.0 267.5 208.4 404.7 398.8 199.0 107.2 490.9 328.8 302.1 299.9 293.6 358.0 248.0 463.8 145.9 92.3 233.0 543.1 250.7 387.0 342.2 460.6 308.7 210.7 193.1 358.0 246.4 568.6 0.0 341.3 273.8 224.9 179.8 493.9 297.3 475.6 291.3 369.7 508.7 474.5 550.8 132.0 527.1 135.1 236.9 409.2 291.4 556.4 229.2 472.8 181.7 100.9 476.2 288.9 419.4 477.6 225.0 533.2 359.2 346.7 136.9 398.3 142.8 297.0 475.8 499.1 507.8 401.4 398.6 191.4 13.5 541.6 381.4 119.9 401.2 426.3 279.0 416.9 307.8 285.3 393.4 463.4 151.3 232.3 544.9 203.2 272.4 293.5 198.3 536.5 54.5 485.9 116.6 332.7 215.0 585.2 116.9 240.7 223.3 454.3 358.6 421.6 247.7 311.5 494.1 168.2 433.6 457.8 498.8 158.1 221.6 405.7 406.3 199.5 445.3 327.0 7.6 201.2 467.4 318.6 236.7 429.0
2095.0 182.8 315.2 102.0 178.8 229.9 171.3 178.5 370.8 316.1 238.3 211.6 155.0 203.1 286.6 115.1 291.0 309.5 434.5 135.1 411.4 190.9 150.6 251.7 369.0 145.7 231.2 434.6 193.0 82.8 428.6 375.8 0.0 95.7 150.6 189.4 351.4 119.9 300.8 128.0 279.2 369.4 283.1 410.6 395.6 372.3 212.4 162.0 172.8 86.4 401.6 147.8 315.8 401.8 361.4 310.2 166.7 183.0 365.7 147.8 393.2 268.7 181.7 340.8 246.9 275.0 156.3 301.0 367.4 307.4 296.2 341.4 480.0 389.4 384.6 263.8 237.0 208.7 273.4 174.3 268.2 105.7 146.5 158.9 297.4 414.9 141.8 404.9 173.5 132.5 159.8 195.1 331.0 378.9 294.5 330.0 242.2 226.3 445.2 334.9 128.2 144.2 253.9 193.6 246.8 119.9 203.9 362.4 226.7 197.2 291.6 332.8 232.3 189.6 213.2 315.8 273.3 245.5 228.8 367.1 442.7 330.0 181.4 138.8 320.4
2012.2 87.0 259.9 6.3 130.4 194.6 174.3 82.7 275.0 280.8 227.5 204.1 158.0 195.6 127.3 156.2 294.2 251.9 409.6 42.0 333.0 114.4 153.6 244.2 372.0 152.4 154.7 360.9 196.0 75.3 358.5 280.0 104.4 0.0 56.6 93.6 354.4 122.9 265.5 131.0 279.1 298.6 286.1 340.7 299.8 317.0 174.9 64.5 175.8 40.1 346.3 104.1 318.8 349.5 265.6 313.2 169.7 189.7 368.7 52.0 323.1 261.2 184.7 248.7 249.9 217.4 159.3 265.7 289.0 310.4 299.2 333.9 455.1 293.6 387.6 266.8 141.2 211.7 276.4 177.3 271.2 108.7 50.7 161.9 300.4 319.1 134.3 334.8 77.7 156.8 162.8 99.3 334.0 350.4 297.5 284.4 234.7 149.8 375.1 277.3 32.4 48.4 256.9 196.6 211.5 43.4 206.9 284.0 130.9 200.7 294.6 335.8 136.5 93.8 216.2 308.3 196.8 248.5 231.8 271.3 369.0 333.0 184.4 43.0 323.4
2012.5 84.8 299.0 60.3 102.1 233.7 241.0 26.0 273.4 319.9 221.0 195.8 193.6 187.3 194.0 136.2 292.8 200.8 324.0 38.6 372.1 120.9 225.8 235.9 354.3 202.4 161.2 364.8 251.7 98.0 397.6 278.4 171.1 64.8 0.0 92.0 380.0 187.8 304.6 185.0 265.3 337.7 352.8 385.3 298.2 356.1 130.3 64.6 240.7 99.1 385.4 110.5 366.5 347.9 279.6 369.9 182.6 256.4 365.8 48.0 362.2 252.9 240.4 192.0 292.0 164.5 190.7 304.8 328.1 377.1 289.6 320.1 369.5 290.2 435.3 275.1 137.8 278.4 320.0 172.7 312.4 175.4 89.6 228.6 357.1 323.0 126.0 379.4 21.0 160.6 181.7 97.7 400.7 256.1 364.2 282.8 226.4 154.5 414.2 224.4 61.9 46.8 323.6 252.3 250.6 73.4 205.2 328.6 86.3 265.6 351.5 392.5 100.0 40.8 282.9 300.0 200.2 320.7 220.7 275.2 367.4 361.1 212.3 13.6 322.7
1980.3 67.0 344.3 87.6 169.3 279.0 268.3 128.4 181.3 365.2 289.7 263.0 252.0 254.5 221.3 208.9 338.1 158.2 315.9 53.1 417.4 208.4 247.6 303.1 421.5 242.7 248.7 267.2 290.0 169.3 442.9 186.3 198.4 93.9 100.5 0.0 454.8 216.9 349.9 225.0 330.6 383.0 380.1 425.1 206.1 401.4 96.0 77.7 269.8 134.1 430.7 190.1 433.7 255.8 171.9 407.2 249.8 280.0 438.5 132.7 407.5 320.1 278.7 187.1 343.9 123.7 253.3 350.1 373.4 404.4 362.3 392.8 361.4 199.9 502.5 342.3 47.5 305.7 370.4 239.9 365.2 202.7 111.4 255.9 394.4 225.4 193.2 419.2 123.4 233.3 254.4 46.9 428.0 256.7 391.5 190.7 293.6 243.8 459.5 183.6 113.1 43.4 350.9 290.6 295.9 137.4 272.4 368.4 78.5 294.2 388.6 429.8 119.0 105.3 310.2 367.2 249.7 342.5 287.9 177.6 275.3 428.3 278.4 88.7 389.9
2233.6 439.3 194.8 358.5 293.3 230.9 232.7 435.0 502.3 237.7 178.4 201.4 312.4 205.2 263.3 368.8 244.6 464.8 583.2 386.7 221.7 329.1 240.8 208.4 101.9 303.1 369.4 585.2 244.9 339.3 201.7 507.3 337.9 344.6 408.9 445.9 0.0 310.5 125.0 318.6 166.8 239.3 149.6 249.9 527.1 261.6 364.1 418.5 243.9 345.9 308.9 333.1 34.3 576.8 521.4 83.3 324.1 193.9 98.6 404.3 166.3 195.6 263.8 472.2 156.4 426.7 278.0 124.8 185.5 159.4 135.1 298.6 635.3 555.2 89.6 173.3 477.5 214.6 119.9 296.0 146.7 296.3 344.4 190.1 73.5 546.4 266.9 178.0 430.0 336.8 273.9 451.6 137.9 520.8 161.0 511.7 217.9 360.9 218.3 486.6 384.7 400.7 152.4 291.6 247.8 376.4 325.6 184.5 483.2 140.4 102.6 105.9 340.3 446.1 209.5 107.5 411.5 167.4 293.6 498.6 596.3 28.8 306.1 395.3 131.4
2110.4 198.2 284.7 117.4 116.3 199.4 140.8 193.9 325.3 285.6 159.7 133.0 124.5 124.5 93.8 135.3 260.5 284.2 409.2 150.5 380.9 148.5 120.1 173.1 291.5 115.2 188.8 450.0 162.5 98.2 398.1 330.3 96.8 111.1 166.0 204.8 324.8 0.0 270.3 8.0 200.6 338.9 252.6 380.1 350.1 341.8 187.1 177.4 142.3 101.8 371.1 163.2 303.7 399.8 344.4 279.7 119.8 152.5 308.5 163.2 362.7 190.1 151.2 295.2 216.4 249.7 125.8 270.5 336.9 276.9 232.3 262.8 454.7 378.2 372.5 212.3 252.4 178.2 242.9 109.9 237.7 10.4 161.9 128.4 266.9 369.4 89.9 374.4 188.9 33.8 124.4 210.5 300.5 353.6 264.0 334.7 163.6 183.9 414.7 309.6 143.6 159.6 223.4 163.1 216.3 135.3 142.4 331.9 242.1 166.7 261.1 302.3 163.3 205.0 182.7 237.2 230.9 215.0 157.9 321.6 458.1 298.3 149.5 154.2 259.9
2108.5 338.4 69.7 261.4 332.3 105.8 220.7 319.2 486.2 118.8 189.5 195.7 262.7 199.5 213.6 320.0 119.5 455.3 576.8 296.5 112.9 336.7 210.1 147.2 128.3 257.1 376.8 571.9 240.7 245.3 92.9 491.2 292.4 259.3 298.6 332.4 105.2 260.8 0.0 268.9 147.4 126.4 56.5 141.1 511.0 152.8 400.9 319.0 126.2 239.7 200.1 303.7 75.1 560.7 479.2 42.7 274.4 114.7 125.2 288.5 57.5 164.6 235.7 485.0 126.6 421.0 210.3 0.1 76.7 34.3 123.1 277.7 622.3 504.8 143.9 143.5 352.4 89.5 100.5 228.3 133.7 246.6 226.9 178.3 51.9 530.3 304.3 69.4 314.2 294.5 213.6 353.8 20.4 539.6 46.1 495.6 156.7 372.1 109.5 480.9 268.9 302.9 85.3 247.6 122.7 265.7 257.9 83.5 379.5 136.2 96.0 26.1 334.6 334.0 87.3 133.9 418.9 78.9 281.8 482.5 580.2 89.3 235.4 279.5 124.8
2116.4 204.2 290.7 123.4 108.2 205.4 146.8 199.9 317.2 291.6 151.6 124.9 122.7 116.4 99.8 141.3 266.5 276.1 401.1 156.5 386.9 140.4 126.1 165.0 283.4 121.2 180.7 403.1 168.5 104.2 404.1 322.2 102.8 117.1 172.0 210.8 316.7 5.9 276.3 0.0 192.5 344.9 258.6 386.1 342.0 347.8 179.0 183.4 148.3 107.8 377.1 169.2 295.6 391.7 336.3 285.7 111.7 158.5 300.4 169.2 368.7 182.0 157.2 287.1 221.1 241.6 119.8 276.5 342.9 282.9 224.2 254.7 446.6 370.1 364.4 204.2 258.4 184.2 248.9 101.8 239.7 16.4 167.9 134.4 272.9 361.3 81.8 380.4 194.9 25.7 116.3 216.5 306.5 345.5 270.0 326.6 155.5 175.8 420.7 301.5 149.6 165.6 229.4 169.1 222.3 141.3 134.3 337.9 248.1 172.7 267.1 308.3 155.2 211.0 188.7 229.1 222.8 221.0 149.8 313.5 411.2 290.2 141.4 160.2 251.8
2235.1 405.0 210.4 324.2 181.4 232.4 198.4 263.0 390.4 239.2 66.2 89.5 278.1 93.3 229.0 184.7 246.1 349.3 474.3 360.0 241.1 213.6 203.5 174.1 112.6 268.8 253.9 476.3 218.2 305.0 246.6 395.4 303.6 317.9 281.6 411.6 135.3 276.2 169.9 284.3 0.0 217.6 97.3 224.8 415.2 254.5 252.2 384.2 253.0 308.6 296.8 224.2 124.8 464.9 407.1 128.2 179.9 159.6 129.6 267.6 211.2 161.3 229.5 360.3 122.1 314.8 243.7 169.7 199.6 160.9 24.2 189.7 519.8 443.3 193.6 139.0 309.9 216.1 49.1 153.5 112.4 262.0 353.5 155.8 115.4 434.5 155.0 222.9 267.2 188.4 247.2 417.3 163.2 418.7 108.7 399.8 183.6 249.0 263.2 374.7 350.4 366.4 118.1 257.3 249.3 342.1 161.4 194.6 306.5 113.7 109.8 150.8 228.4 292.1 211.0 58.3 296.0 140.7 150.9 386.7 484.4 119.4 268.8 361.0 81.0
2154.4 384.3 67.3 307.3 360.6 151.7 265.6 365.1 532.1 164.7 262.5 264.6 345.3 315.3 296.2 409.3 264.8 528.5 618.8 338.3 78.7 378.5 266.6 220.2 243.8 339.7 418.8 656.7 281.3 291.2 151.6 537.1 370.8 305.4 344.5 378.3 220.7 343.4 83.8 351.5 216.8 0.0 130.0 81.2 556.9 58.4 431.4 364.9 168.2 281.7 105.7 345.7 190.6 606.6 525.1 154.1 357.0 183.8 240.5 330.3 94.8 218.4 296.7 531.1 180.4 494.0 256.2 84.2 79.4 62.2 192.7 346.8 664.3 550.7 259.4 197.3 394.2 135.4 174.0 274.2 161.6 329.2 272.8 223.0 163.3 576.2 334.2 102.4 360.1 377.3 259.7 399.7 123.1 592.5 119.6 541.5 229.7 418.0 125.5 553.9 314.8 348.8 113.2 324.5 168.6 311.6 303.8 81.9 425.4 176.8 198.7 141.6 407.6 379.9 133.2 249.4 465.0 128.8 326.5 528.4 668.9 204.8 281.3 325.4 227.5
2137.7 367.6 126.6 290.6 272.3 135.0 174.7 348.4 515.4 141.8 196.0 180.4 254.4 224.4 205.3 318.4 148.7 440.2 606.2 323.0 143.7 304.5 179.8 150.4 157.5 245.1 344.8 591.0 194.5 274.5 163.2 520.4 279.9 288.7 320.5 361.6 139.9 252.5 70.2 260.6 112.6 124.3 0.0 127.4 540.2 157.1 343.1 349.9 155.6 269.1 200.1 330.5 104.3 589.9 500.4 98.7 266.1 108.3 154.2 317.7 140.9 137.6 205.8 451.2 98.4 405.7 220.0 70.4 125.5 63.5 66.7 281.1 651.7 534.0 173.1 115.3 381.6 118.7 43.9 238.0 88.7 238.3 256.1 132.1 85.9 559.5 245.9 152.6 343.4 286.4 223.5 383.0 119.5 509.6 11.4 524.8 159.9 339.9 190.7 465.6 298.1 332.1 94.4 233.6 151.9 294.9 267.6 132.1 408.7 90.4 80.1 121.3 319.3 363.2 113.6 149.2 386.9 108.3 235.6 511.7 599.1 118.5 245.1 308.7 108.9
2155.5 433.0 111.3 356.0 405.5 240.4 307.9 413.8 624.3 288.3 328.4 313.6 387.6 357.6 338.5 451.6 190.9 573.4 671.6 391.1 48.2 431.3 313.0 282.8 262.4 378.3 471.6 710.2 327.7 382.4 121.1 629.3 413.1 354.1 385.9 470.5 242.3 385.7 115.4 393.8 224.0 81.2 133.1 0.0 649.1 78.3 476.3 413.6 221.0 334.5 105.1 398.5 209.2 698.8 617.3 176.8 399.3 250.5 259.1 383.1 87.4 264.2 339.0 579.8 225.0 538.9 304.9 115.8 92.0 134.5 199.9 413.5 676.7 642.9 278.0 241.9 490.5 228.7 177.1 322.9 221.9 371.5 321.5 265.3 186.0 668.4 379.1 72.7 408.8 419.6 308.4 448.4 135.7 641.2 122.7 633.7 292.3 466.7 63.2 598.8 363.5 397.5 185.5 366.8 219.5 360.3 352.5 98.6 474.1 223.2 211.3 160.2 452.5 428.6 226.5 268.0 513.7 177.5 368.8 620.6 718.3 223.4 330.0 374.1 240.1
1850.4 222.7 489.1 286.6 227.5 423.8 417.9 218.1 24.4 510.0 347.9 321.2 319.0 312.7 377.1 267.1 482.9 193.5 203.7 252.1 562.2 269.8 406.1 361.3 479.7 327.8 229.8 129.2 377.1 265.5 587.7 111.3 360.4 292.9 244.0 198.9 513.0 316.4 494.7 310.4 388.8 527.8 493.6 569.9 0.0 546.2 154.2 256.0 428.3 310.5 575.5 248.3 491.9 137.8 120.8 495.3 308.0 438.5 496.7 244.1 552.3 378.3 365.8 156.0 417.4 161.9 316.1 494.9 518.2 526.9 420.5 354.7 210.7 124.9 560.7 400.5 139.0 420.3 445.4 298.1 436.0 326.9 304.4 412.5 482.5 19.2 251.4 564.0 222.3 291.5 312.6 217.4 555.6 159.5 505.0 72.7 351.8 234.1 604.3 136.0 259.8 242.4 473.4 377.7 440.7 266.8 330.6 513.2 187.3 452.7 476.9 517.9 177.2 240.7 424.8 425.4 218.6 464.4 346.1 102.6 137.3 486.5 337.7 255.8 448.1
2179.7 409.6 66.1 332.6 378.0 177.0 274.1 390.4 557.4 183.8 283.2 329.0 353.8 316.5 304.7 417.8 219.3 545.9 648.2 365.0 66.8 407.9 279.2 237.6 281.0 344.5 448.2 678.2 293.9 316.5 139.7 562.4 379.3 330.7 362.5 403.6 263.4 351.9 126.5 360.0 278.3 65.3 169.7 65.2 582.2 0.0 448.8 391.9 197.6 311.1 60.4 372.5 227.8 631.9 548.0 195.4 365.5 207.7 277.7 359.7 106.0 219.0 305.2 556.4 179.8 511.4 319.4 126.7 110.6 127.6 236.5 368.3 693.7 576.0 296.6 196.7 423.6 160.7 213.7 337.4 219.1 337.7 298.1 231.5 204.6 601.5 351.6 91.3 385.4 385.8 322.9 425.0 154.3 608.5 159.3 566.8 247.1 443.3 113.6 571.3 340.1 374.1 178.6 333.0 193.9 336.9 367.0 117.2 450.7 189.8 229.9 178.8 425.0 405.2 155.6 286.6 490.3 132.3 335.0 553.7 686.3 242.0 344.5 350.7 258.7
1945.2 68.4 379.8 144.3 73.2 282.5 263.6 63.8 138.1 368.7 193.6 166.9 164.7 158.4 222.8 112.8 348.3 97.0 222.0 125.6 420.9 75.2 251.8 207.0 325.4 173.5 115.5 224.0 222.8 111.2 459.4 143.1 206.1 146.0 89.7 126.1 358.7 162.1 382.7 156.1 234.5 386.5 339.3 466.8 162.9 436.9 0.0 101.7 274.0 156.2 466.2 94.0 337.6 212.6 157.2 341.0 153.7 284.2 342.4 89.8 424.0 224.0 211.5 143.9 263.1 62.5 161.8 382.5 376.9 372.6 266.2 296.7 267.5 191.0 406.4 246.2 57.6 266.0 291.1 143.8 281.7 172.6 150.1 258.2 328.2 182.2 97.1 435.7 68.0 137.2 158.3 113.4 401.3 166.4 350.7 147.5 197.5 110.6 476.0 122.4 105.5 115.9 319.1 223.4 299.4 112.5 176.3 371.9 82.4 298.4 322.6 363.6 22.9 86.4 270.5 271.1 157.6 310.1 191.8 134.4 232.1 332.2 183.4 101.5 293.8
2054.7 75.4 341.2 84.5 120.5 275.9 265.2 68.6 263.4 368.3 237.6 214.2 212.0 205.7 218.2 160.1 335.2 192.9 316.2 43.9 414.3 145.4 241.6 254.3 372.7 217.3 184.0 346.4 270.1 122.6 439.8 268.4 195.3 90.8 52.9 82.0 395.4 209.4 346.6 203.4 289.2 375.8 377.0 419.1 288.2 398.3 118.5 0.0 266.7 123.7 427.6 137.7 384.9 337.9 249.0 388.3 201.0 280.6 389.7 72.5 404.4 272.5 258.8 234.6 310.4 156.7 209.1 347.0 370.3 401.3 313.5 344.0 361.7 282.0 453.7 293.5 129.6 302.6 338.4 191.1 329.0 199.6 105.4 252.8 377.2 304.6 144.4 416.1 63.6 184.5 205.6 87.7 424.9 260.6 388.4 272.8 244.8 179.1 456.4 216.6 86.5 36.8 347.8 270.7 292.8 98.0 223.6 362.4 74.5 288.7 369.9 410.9 70.2 27.5 304.3 318.4 226.1 336.5 239.1 256.8 357.4 379.5 232.4 72.0 341.1
2032.5 262.4 129.9 185.4 256.3 64.6 104.5 243.2 410.2 157.0 210.1 186.7 151.0 174.2 101.9 215.0 123.9 387.1 501.0 220.5 203.0 260.7 83.8 154.4 302.2 145.4 301.0 496.1 144.3 169.3 228.5 415.2 176.5 183.5 217.1 256.4 282.1 149.1 135.3 157.2 253.5 168.6 216.3 210.7 435.0 187.0 324.9 243.0 0.0 163.9 216.3 227.9 249.0 484.7 400.8 243.4 162.7 119.9 298.9 212.5 193.1 218.1 142.0 409.2 180.1 352.6 116.6 135.7 159.0 131.7 229.4 285.1 546.5 428.8 317.8 197.0 276.4 141.9 206.6 134.6 201.4 134.9 150.9 92.1 230.6 454.3 228.3 204.8 238.2 183.0 120.1 277.8 152.3 470.6 227.7 419.6 163.9 296.1 245.1 412.5 192.9 226.9 187.1 153.9 81.5 189.7 164.2 154.0 303.5 130.9 224.8 161.7 266.8 258.0 146.4 290.9 343.1 178.7 185.4 406.5 504.2 263.2 141.7 203.5 253.6
2011.4 117.2 242.6 36.4 92.3 177.3 175.0 109.3 305.2 269.7 209.4 186.0 158.7 177.5 128.0 131.9 236.4 254.6 379.6 72.2 315.7 114.6 154.3 226.1 344.5 153.1 154.9 391.1 196.7 63.9 341.2 310.2 105.1 30.1 92.3 123.8 377.8 123.6 248.2 131.7 261.0 281.3 286.8 323.4 330.0 299.7 195.6 96.4 176.5 0.0 329.0 63.9 319.5 379.7 298.2 313.9 170.4 190.4 361.5 82.2 305.8 243.1 185.4 264.5 250.6 220.1 160.0 248.4 271.7 311.1 285.3 315.8 425.1 323.8 388.3 265.3 171.4 212.4 277.1 162.9 271.9 109.4 80.9 162.6 301.1 349.3 116.2 317.5 104.3 156.3 163.5 129.5 334.7 324.0 298.2 314.6 216.6 150.0 357.8 280.0 62.6 78.6 257.6 197.3 194.2 54.3 195.4 266.7 151.6 201.4 295.3 336.5 165.3 106.1 216.9 290.2 197.0 249.2 210.9 301.5 399.2 351.3 185.1 73.2 312.9
2123.4 428.6 85.1 351.6 394.7 208.3 293.1 409.4 592.2 250.0 299.9 302.8 372.8 335.5 323.7 425.0 158.8 562.6 667.2 384.0 103.8 426.9 298.2 254.3 315.6 363.5 467.2 678.1 312.9 350.3 176.7 597.2 397.4 349.7 381.5 438.4 298.0 370.9 145.5 379.0 297.3 102.3 201.8 102.2 617.0 70.1 506.9 410.9 216.6 330.1 0.0 391.5 262.4 666.7 582.8 230.0 384.5 226.7 312.3 378.7 143.0 238.0 324.2 598.0 198.8 528.1 338.4 145.7 147.6 152.0 266.1 385.0 644.6 610.8 331.2 215.7 458.4 196.6 243.3 356.4 238.1 356.7 317.1 250.5 239.2 636.3 409.3 128.3 404.4 404.8 341.9 485.4 191.3 628.3 191.4 601.6 263.8 462.3 150.6 588.0 359.1 393.1 202.5 352.0 187.4 355.9 386.0 154.2 494.2 208.8 261.5 213.4 441.7 448.7 191.5 321.2 509.3 151.3 354.0 588.5 686.2 276.6 363.5 369.7 290.3
2089.4 166.5 334.9 114.4 28.3 237.6 218.7 120.2 231.7 330.0 145.4 122.0 119.8 113.5 177.9 67.9 303.6 190.6 315.6 150.2 376.0 54.9 206.9 162.1 280.5 128.6 95.2 317.6 177.9 66.3 414.5 236.7 161.2 108.1 130.0 201.8 303.2 117.2 337.8 111.2 197.0 337.5 294.4 421.9 256.5 392.0 93.5 171.7 229.1 77.9 421.3 0.0 292.7 306.2 248.4 296.1 108.8 199.1 297.5 106.2 379.1 179.1 166.6 201.6 218.2 156.1 116.9 337.6 332.0 327.7 221.3 251.8 361.1 284.6 361.5 201.3 151.2 221.1 246.2 98.9 236.8 127.7 158.9 213.3 283.3 275.8 52.2 390.8 115.2 92.3 113.4 193.5 356.4 260.0 305.8 241.1 152.6 90.3 431.1 216.0 121.9 156.6 274.2 178.5 254.5 99.8 131.4 327.0 162.5 254.0 277.7 318.7 69.7 117.0 225.6 226.2 137.3 265.2 146.9 228.0 325.7 287.3 138.5 143.6 248.9
2199.2 404.9 160.4 324.1 270.1 196.5 198.3 400.6 479.1 203.3 154.9 178.2 278.0 182.0 228.9 342.0 210.2 438.0 563.0 357.2 187.3 302.3 203.4 174.0 78.7 268.7 342.6 565.0 218.1 304.9 167.3 484.1 303.5 317.8 372.7 411.5 35.5 276.1 90.6 284.2 111.8 204.9 115.2 215.5 503.9 227.2 340.9 384.1 217.1 308.5 274.5 369.9 0.0 553.6 498.2 48.9 289.7 131.9 75.4 369.9 131.9 161.2 229.4 449.0 122.0 403.5 243.6 90.4 151.1 125.0 108.3 304.7 608.5 532.0 68.7 138.9 443.1 180.2 85.5 261.6 112.3 261.9 317.6 155.7 36.1 523.2 243.7 143.6 395.6 310.0 247.1 417.2 111.1 507.4 126.6 488.5 183.5 337.7 183.9 463.4 350.3 366.3 118.0 257.2 213.4 342.0 291.2 157.7 448.8 114.0 68.2 71.5 317.1 411.7 175.1 84.3 384.7 140.6 259.2 475.4 573.1 72.0 268.7 360.9 97.0
1902.8 427.4 534.2 362.6 281.3 468.9 462.4 381.1 113.7 555.1 389.8 372.7 369.1 376.5 415.4 317.2 526.5 263.9 274.1 395.7 607.3 313.5 441.7 385.2 521.6 377.9 353.8 181.6 448.6 297.6 632.8 181.7 392.5 356.3 392.7 269.3 554.9 366.5 539.8 360.5 430.7 572.9 535.5 615.0 138.5 591.3 352.1 422.6 463.9 347.0 620.6 351.1 533.8 0.0 191.2 537.2 358.1 436.5 538.6 367.1 597.4 420.2 459.9 226.4 459.3 232.3 366.2 540.0 563.3 545.3 462.4 345.7 263.1 195.3 602.6 442.4 209.4 444.2 487.3 348.2 477.9 396.8 404.3 436.4 524.4 157.8 301.5 609.1 376.1 341.6 362.7 287.8 584.5 229.9 546.9 77.0 375.7 348.9 649.4 206.4 382.8 404.8 507.4 427.8 485.8 360.7 380.7 558.3 257.7 450.7 518.8 559.8 328.3 377.9 448.7 467.3 395.9 499.0 396.2 173.0 189.7 528.4 387.8 399.4 490.0
1890.0 197.0 463.4 260.9 201.8 398.1 392.2 192.4 124.5 490.5 318.9 297.9 293.3 287.0 351.4 241.4 457.4 72.6 128.9 225.6 536.5 226.1 380.4 335.6 454.0 298.6 186.1 210.4 353.8 239.8 562.0 83.6 334.7 267.2 211.0 173.2 476.7 290.7 468.8 284.7 370.5 498.0 467.9 544.2 149.3 520.5 128.5 233.2 402.6 284.8 549.8 219.0 466.2 199.0 0.0 472.0 282.3 372.6 473.4 218.4 526.6 353.8 340.1 112.3 391.7 106.1 290.4 469.2 492.5 501.2 394.8 418.3 202.3 70.0 535.0 374.8 113.3 394.6 419.7 272.4 410.3 301.2 281.1 386.8 456.8 168.6 225.7 538.3 196.6 265.8 289.3 191.7 529.9 43.0 479.3 133.9 326.1 190.4 578.6 48.6 234.1 216.7 447.7 352.0 415.0 241.1 304.9 489.9 161.6 427.5 451.2 492.2 151.5 215.0 396.3 399.7 177.3 441.1 320.4 88.9 218.5 460.8 312.0 230.1 422.4
2150.2 380.1 111.4 303.1 276.9 147.5 196.1 360.9 527.9 160.5 160.8 185.0 275.8 188.8 226.7 339.8 161.2 444.8 569.8 338.2 138.3 309.1 201.2 171.8 85.5 266.5 349.4 613.8 215.9 287.0 118.3 532.9 301.3 301.2 340.3 374.1 65.4 273.9 41.6 282.0 130.2 155.9 98.2 166.5 552.7 178.2 347.7 360.7 168.1 281.6 225.5 345.6 32.3 602.4 505.0 0.0 287.5 156.6 82.2 330.2 82.9 157.8 227.2 455.8 119.8 410.3 252.0 41.4 102.1 76.0 106.1 302.5 615.3 538.8 101.1 136.7 394.1 131.2 83.3 270.0 110.1 259.7 268.6 153.5 9.2 572.0 250.5 94.6 355.9 307.8 255.5 395.5 62.1 514.2 87.8 537.3 181.3 344.5 134.9 470.2 310.6 344.6 127.0 255.0 164.4 307.4 299.6 108.7 421.2 111.4 66.0 22.6 323.9 375.7 129.0 91.1 391.5 120.8 257.0 524.2 621.9 46.5 277.1 321.2 94.8
2156.0 243.8 297.1 163.0 93.5 211.8 153.2 239.5 302.5 298.0 111.9 85.2 10.9 76.7 106.2 180.9 266.6 261.4 386.4 196.1 393.3 125.7 132.5 125.3 243.7 19.7 166.0 388.4 139.7 143.8 377.7 307.5 142.4 156.7 211.6 250.4 277.0 115.0 301.0 123.1 152.8 351.3 257.6 385.1 327.3 354.2 164.3 223.0 154.7 147.4 383.5 208.8 255.9 377.0 321.6 259.3 0.0 164.9 260.7 208.8 342.3 142.3 128.4 272.4 181.4 226.9 78.7 300.8 349.3 289.3 184.5 215.0 431.9 355.4 324.7 164.5 298.0 184.3 209.4 60.7 200.0 100.8 207.5 140.8 246.5 346.6 67.1 354.0 234.5 148.9 75.2 256.1 312.9 330.8 269.0 311.9 115.8 161.1 394.3 286.8 189.2 205.2 235.8 140.3 228.7 180.9 75.2 344.3 287.7 179.1 240.9 281.9 140.5 250.6 188.8 189.4 208.1 227.4 90.7 298.8 396.5 250.5 97.7 199.8 212.1
2111.2 281.1 144.2 200.3 172.6 136.1 74.5 276.8 381.6 153.8 74.5 80.7 154.2 84.5 105.1 218.2 104.2 340.5 465.5 236.1 240.4 204.8 79.6 32.2 198.0 148.6 245.1 472.8 91.7 181.1 257.6 386.6 179.7 194.0 248.9 287.7 174.9 152.3 132.3 160.4 126.1 194.3 112.1 239.6 406.4 201.3 243.4 258.6 129.1 184.7 230.6 248.7 144.8 440.0 400.7 139.2 165.9 0.0 194.7 246.1 222.2 106.6 103.0 351.5 75.9 306.0 119.8 132.5 196.4 136.4 125.2 162.9 511.0 434.5 213.6 85.5 355.1 21.9 102.4 137.8 97.2 138.1 229.6 31.9 126.4 425.7 146.2 233.9 271.8 186.2 123.3 293.4 160.0 409.9 123.5 368.2 41.7 240.2 274.2 365.9 226.5 242.5 82.9 130.8 115.2 218.2 158.9 191.4 325.0 26.7 120.6 161.8 219.6 287.9 26.4 155.3 287.2 74.5 132.8 377.9 480.9 159.0 144.9 237.1 149.4
2249.3 455.0 210.5 374.2 275.1 246.6 248.4 356.7 484.1 259.6 159.0 183.2 328.1 187.0 279.0 278.4 260.3 443.0 568.0 410.0 237.4 307.3 253.5 224.1 45.2 322.5 347.6 570.0 268.2 355.0 217.4 489.1 353.6 367.9 424.6 461.6 106.1 326.2 140.9 334.3 182.5 250.9 165.3 265.6 508.9 277.3 345.9 432.5 267.2 358.6 324.6 317.9 95.6 558.6 500.8 99.0 339.8 209.6 0.0 420.0 182.0 210.1 279.5 454.0 172.1 408.5 293.7 140.5 201.2 175.1 158.4 283.4 613.5 537.0 164.4 189.0 403.6 230.3 135.6 311.7 162.4 312.0 367.7 205.8 86.2 528.2 248.7 193.7 360.9 282.1 297.2 467.3 161.2 512.4 176.7 493.5 233.6 342.7 234.0 468.4 400.4 416.4 168.1 307.3 263.5 392.1 255.1 207.8 400.2 163.7 118.3 121.6 322.1 385.8 225.2 89.3 389.7 190.7 309.3 480.4 578.1 90.2 318.8 411.0 147.1
2035.1 104.0 301.6 54.4 95.7 236.3 235.1 57.7 255.1 328.7 216.1 189.4 187.2 180.9 188.1 135.3 295.6 214.0 339.0 69.5 374.7 96.6 214.4 229.5 347.9 192.5 136.9 341.0 245.3 75.5 400.2 260.1 165.2 60.7 67.5 121.1 373.6 183.7 307.0 178.6 264.4 336.2 346.9 382.4 279.9 358.7 144.0 92.0 236.6 76.6 388.0 93.5 360.1 329.6 313.7 363.5 176.2 250.5 364.9 0.0 364.8 246.5 234.0 223.7 285.6 179.5 184.3 307.4 330.7 371.2 288.7 319.2 384.5 308.0 428.9 268.7 168.7 272.5 313.6 166.3 304.2 169.5 60.2 222.7 350.7 299.2 119.6 376.5 52.7 159.7 180.8 126.8 394.8 283.4 358.3 264.5 220.0 132.0 416.8 239.4 15.6 75.9 317.7 245.9 253.2 50.9 198.8 325.7 100.0 261.5 345.1 386.1 113.7 54.5 274.2 293.6 179.0 309.3 214.3 251.4 349.1 354.7 205.9 70.5 316.3
2191.4 421.3 121.2 344.3 366.3 188.7 285.5 402.1 569.1 195.5 251.1 274.4 365.2 278.2 316.1 429.2 254.5 534.2 659.2 376.7 55.3 398.5 290.6 230.1 174.9 355.9 438.8 655.0 305.3 328.2 93.9 574.1 390.7 342.4 374.2 415.3 157.3 363.3 110.0 371.4 208.0 94.0 150.7 83.5 593.9 95.2 437.1 403.6 209.3 322.8 142.5 384.2 121.7 643.6 594.4 89.3 376.9 219.1 171.6 371.4 0.0 248.4 316.6 545.2 209.2 499.7 293.2 110.2 65.1 134.1 195.5 360.8 704.7 628.2 190.5 226.1 435.3 172.4 172.7 311.2 199.5 349.1 309.8 242.9 98.5 613.2 339.9 11.6 397.1 397.2 296.7 436.7 108.8 603.6 140.3 578.5 239.6 433.9 51.9 559.6 351.8 385.8 185.1 344.4 205.6 348.6 340.8 71.7 462.4 201.2 155.4 72.7 413.3 416.9 167.3 180.5 480.9 187.4 346.4 565.4 663.1 135.9 318.3 362.4 184.2
2212.5 368.3 155.7 287.5 170.0 209.8 160.5 251.6 379.0 222.8 58.1 78.1 241.4 81.9 192.3 173.3 223.7 337.9 464.1 322.1 266.5 202.2 165.6 86.6 150.1 235.8 242.5 464.9 128.1 268.3 284.1 384.0 266.9 280.0 343.4 374.9 172.8 239.5 207.6 247.6 66.6 216.2 141.6 264.9 403.8 212.8 240.8 345.8 216.4 270.7 242.1 212.8 162.3 453.5 395.7 165.7 253.1 160.8 168.3 332.1 248.7 0.0 139.4 348.9 39.0 303.4 179.1 207.2 225.9 162.4 90.9 216.1 508.4 431.9 231.1 22.1 298.5 141.7 115.8 197.1 106.4 225.3 329.7 119.1 152.9 424.3 143.6 260.4 255.8 177.0 181.4 380.6 188.3 400.5 153.0 388.4 96.1 237.6 300.7 363.3 313.7 329.7 112.4 167.2 226.7 305.4 195.3 219.7 295.1 75.8 147.3 188.3 217.0 280.7 143.4 95.8 284.6 84.8 169.2 376.5 473.0 156.9 203.0 324.3 118.5
2137.4 272.3 231.1 191.5 142.8 186.6 69.2 268.0 351.8 250.3 121.2 94.5 145.4 82.0 96.3 209.4 206.9 310.7 435.7 224.6 327.3 175.0 92.3 134.6 253.0 136.1 215.3 437.7 11.2 172.3 344.5 356.8 170.9 185.2 240.1 278.9 286.3 143.5 267.8 151.6 162.1 285.3 199.0 326.5 376.6 288.2 213.6 251.5 141.9 175.9 317.5 237.3 231.7 426.3 370.9 226.1 137.4 98.9 270.0 237.3 309.1 148.9 0.0 321.7 124.8 276.2 39.6 267.6 283.3 223.3 193.8 222.0 481.2 404.7 300.5 126.6 326.5 124.6 189.3 57.6 184.1 129.3 236.0 74.8 213.3 395.9 116.4 320.8 263.0 177.4 43.1 284.6 246.9 380.1 210.4 361.2 125.1 210.4 361.1 336.1 217.7 233.7 169.8 27.7 217.9 209.4 87.2 278.3 316.2 113.1 207.5 248.7 189.8 279.1 129.1 198.7 257.4 161.4 55.2 348.1 445.8 259.8 64.7 228.3 221.4
1962.0 235.9 480.5 241.8 184.2 415.2 414.1 157.3 154.9 507.6 304.6 277.9 275.7 269.4 367.1 223.8 459.3 200.2 258.9 221.9 553.6 133.7 393.4 318.0 436.4 281.0 93.7 240.8 333.8 248.1 570.4 159.9 344.2 239.0 175.9 273.5 459.1 273.1 485.9 267.1 352.9 515.1 450.3 561.3 179.7 537.6 164.5 241.1 415.6 249.2 566.9 201.4 448.6 229.4 129.9 452.0 264.7 355.0 453.4 211.8 535.0 336.2 322.5 0.0 374.1 200.2 272.8 486.3 509.6 483.6 377.2 446.3 329.9 197.6 517.4 357.2 163.7 377.0 402.1 254.8 392.7 283.6 265.6 401.7 439.2 199.0 208.1 546.7 161.5 248.2 269.3 262.9 512.3 173.0 461.7 164.3 308.5 98.0 587.0 142.7 227.5 228.3 430.1 334.4 432.1 205.5 287.3 504.6 231.9 440.5 433.6 474.6 140.7 186.4 378.7 382.1 82.5 421.1 302.8 151.2 248.9 443.2 294.4 195.0 404.8
2173.4 329.2 116.6 248.4 209.2 170.7 122.6 324.9 418.2 177.5 128.2 149.1 202.3 136.6 153.2 266.3 184.4 377.1 502.1 281.5 227.4 241.4 127.7 82.6 188.4 193.0 281.7 523.2 124.1 229.2 248.0 423.2 227.8 242.1 297.0 335.8 170.8 200.4 171.3 208.5 98.4 181.2 102.5 225.8 443.0 173.7 280.0 308.4 177.3 232.8 203.0 294.2 135.2 490.4 437.3 129.6 214.0 56.2 185.1 294.2 212.6 39.1 135.4 388.1 0.0 342.6 167.9 171.1 186.8 123.3 115.6 213.3 547.6 471.1 204.0 16.8 383.4 105.8 92.8 185.9 87.6 186.2 291.8 80.0 116.8 462.3 182.8 224.3 319.9 234.3 171.4 341.5 150.4 446.5 113.9 418.6 92.1 276.8 264.6 402.5 274.6 290.6 73.3 163.2 187.6 266.3 191.3 181.8 373.1 38.3 111.0 152.2 256.2 336.0 149.3 135.0 323.8 46.9 165.2 414.5 531.3 149.4 193.0 285.2 139.8
1930.2 132.0 443.4 207.9 136.8 346.1 327.2 127.4 189.6 432.3 257.2 230.5 228.3 222.0 286.4 176.4 411.9 72.0 197.0 189.2 484.5 138.8 315.4 270.6 389.0 237.1 251.2 309.1 286.4 174.8 523.0 179.6 269.7 209.6 153.3 163.4 422.3 225.7 446.3 219.7 298.1 450.1 402.9 530.4 214.4 500.5 63.5 165.3 337.6 219.8 529.8 157.6 401.2 264.1 118.5 404.6 217.3 347.8 406.0 153.4 487.6 287.6 275.1 177.4 326.7 0.0 225.4 446.1 440.5 436.2 329.8 360.3 242.5 166.0 470.0 309.8 66.3 329.6 354.7 207.4 345.3 236.2 213.7 321.8 391.8 233.7 160.7 499.3 131.6 200.8 221.9 126.7 464.9 141.4 414.3 199.0 261.1 255.5 539.6 59.8 169.1 179.5 382.7 287.0 363.0 176.1 239.9 435.5 96.6 362.0 386.2 427.2 86.5 150.0 334.1 334.7 240.0 373.7 255.4 187.3 317.2 395.8 247.0 165.1 357.4
2102.0 236.9 254.5 156.1 103.1 151.2 110.6 232.6 312.1 237.4 105.0 78.3 108.7 69.8 60.9 174.0 230.3 271.0 396.0 189.2 289.6 135.3 89.9 118.4 236.8 100.7 175.6 398.0 60.9 136.9 315.1 317.1 135.5 149.8 204.7 243.5 270.1 108.1 222.1 116.2 145.9 255.2 222.4 297.3 336.9 311.6 173.9 216.1 112.1 140.5 340.9 201.9 249.0 386.6 331.2 249.5 97.7 122.3 253.8 201.9 279.7 135.4 49.6 282.0 174.5 236.5 0.0 222.3 245.6 246.7 177.6 208.1 441.5 365.0 317.8 157.6 291.1 148.0 202.5 17.9 193.1 93.9 200.6 98.2 236.7 356.2 76.7 291.4 227.6 142.0 3.4 249.2 270.3 340.4 233.8 321.5 108.9 170.7 331.7 296.4 182.3 198.3 193.2 61.5 168.1 174.0 47.5 240.6 280.8 136.5 230.9 272.1 150.1 243.7 152.5 182.5 217.7 184.8 72.4 308.4 406.1 243.6 25.0 192.9 205.2
2108.7 338.6 69.9 261.6 332.5 106.0 221.1 319.4 486.4 112.8 193.0 195.9 262.9 199.7 213.8 320.2 119.7 455.7 577.2 294.0 112.7 336.9 210.5 147.4 128.1 253.6 377.2 572.3 240.9 245.5 92.7 491.4 292.6 259.7 291.5 332.6 110.5 261.0 0.1 269.1 169.4 130.3 56.7 140.9 511.2 152.6 401.1 320.9 126.6 240.1 199.9 301.5 74.9 560.9 477.0 42.5 274.6 127.2 124.8 288.7 57.3 166.0 235.9 485.4 126.8 421.2 210.5 0.0 76.5 34.5 123.5 278.1 622.7 505.0 143.7 143.7 352.6 89.7 100.7 228.5 133.9 246.8 227.1 178.5 51.7 530.5 304.5 69.0 314.4 294.9 214.0 354.0 20.6 546.8 46.3 495.8 156.9 372.3 109.3 481.1 269.1 303.1 85.5 247.8 122.9 265.9 258.1 83.1 379.7 136.8 96.2 25.9 334.8 334.2 84.6 133.7 419.3 79.3 282.0 482.7 580.4 89.1 235.6 279.7 125.0
2149.7 379.6 79.8 302.6 372.0 147.0 267.3 360.4 527.4 153.8 234.0 280.1 347.0 317.0 297.9 361.2 160.7 539.9 618.2 335.0 43.9 377.9 272.4 188.4 208.1 337.7 418.2 613.3 287.1 286.5 127.1 532.4 333.6 300.7 332.5 373.6 190.5 345.1 44.8 353.2 222.0 77.5 109.3 90.1 552.2 101.8 442.1 361.9 167.6 281.1 149.1 342.5 154.9 601.9 518.0 122.5 358.7 200.9 204.8 329.7 59.1 230.2 298.4 526.4 191.0 505.4 251.5 45.0 0.0 92.7 176.1 319.1 663.7 546.0 223.7 207.9 393.6 130.7 153.3 269.5 181.3 330.9 268.1 224.7 131.7 571.5 345.5 70.8 355.4 379.0 255.0 395.0 43.6 587.8 98.9 536.8 197.9 413.3 108.5 565.3 310.1 344.1 143.7 326.2 163.9 306.9 299.1 6.5 420.7 183.0 119.2 105.9 419.0 375.2 125.6 213.7 460.3 146.0 328.2 523.7 621.4 169.1 276.6 320.7 148.0
2097.2 327.1 82.2 250.1 321.0 94.5 203.3 307.9 474.9 101.3 181.5 184.4 251.4 188.2 202.3 308.7 108.2 444.2 565.7 282.5 132.5 325.4 199.0 135.9 218.1 242.1 365.7 560.8 223.1 234.0 139.8 479.9 281.1 248.2 280.0 321.1 200.5 249.5 46.8 257.6 191.2 61.9 132.2 134.2 499.7 120.4 389.6 309.4 115.1 228.6 155.7 290.0 164.9 549.4 465.5 159.3 263.1 115.7 214.8 277.2 129.7 154.5 224.4 473.9 115.3 409.7 199.0 47.0 114.3 0.0 145.3 266.6 611.2 493.5 233.7 132.2 341.1 78.2 122.5 217.0 99.3 235.3 215.6 160.7 146.5 519.0 293.0 141.4 302.9 283.4 202.5 342.5 63.6 528.5 143.6 484.3 145.4 360.8 181.7 469.6 257.6 291.6 50.9 236.3 111.4 254.4 246.6 65.3 368.2 119.0 140.7 73.0 323.3 322.7 73.1 227.8 407.8 67.8 264.2 471.2 568.9 179.1 224.1 268.2 169.5
2210.8 380.7 186.1 299.9 205.5 208.1 174.1 376.4 414.5 221.1 89.4 113.6 253.8 117.4 204.7 208.8 221.8 373.4 498.4 335.7 216.8 237.7 179.2 149.8 136.7 248.2 278.0 500.4 193.9 280.7 236.5 419.5 279.3 293.6 355.8 387.3 162.4 251.9 160.0 260.0 24.0 193.3 73.0 200.5 439.3 230.2 276.3 358.2 228.7 284.3 272.5 248.3 123.7 489.0 433.6 118.1 265.5 135.3 153.7 345.7 201.1 137.0 205.2 384.4 97.8 338.9 219.4 159.6 175.3 136.6 0.0 213.8 543.9 467.4 192.5 114.7 334.0 191.8 24.8 237.4 88.1 237.7 329.2 131.5 105.3 458.6 179.1 212.8 371.4 285.8 222.9 393.0 138.9 442.8 84.4 423.9 159.3 273.1 253.1 398.8 326.1 342.1 93.8 233.0 225.0 317.8 267.0 170.3 330.6 89.4 99.5 140.7 252.5 387.5 186.7 82.4 320.1 116.4 235.0 410.8 508.5 143.5 244.5 336.7 105.1
2119.4 331.1 280.7 336.5 196.3 290.1 210.7 277.9 405.3 307.8 121.5 104.4 205.8 108.2 241.3 199.6 258.2 364.2 489.2 372.3 353.8 228.5 215.8 116.9 253.3 211.1 268.8 407.3 180.3 230.6 379.3 410.3 315.9 330.2 296.5 423.9 276.0 228.2 286.3 222.2 169.8 315.3 267.2 361.5 430.1 337.8 267.1 344.9 265.4 320.9 367.1 239.1 265.5 374.5 424.4 268.9 194.8 153.9 270.3 282.5 343.9 153.1 191.6 375.2 191.0 329.7 231.3 286.5 309.8 277.0 194.1 0.0 534.7 458.2 334.3 174.1 324.8 175.9 219.0 168.4 209.6 274.3 381.0 168.1 256.1 449.4 169.9 355.6 282.1 203.3 182.9 351.5 316.2 433.6 278.6 302.7 107.4 263.9 395.9 389.6 298.2 378.7 239.1 219.4 269.2 285.8 176.3 304.8 321.4 182.9 250.5 291.5 243.3 307.0 177.6 199.0 310.9 230.7 165.8 401.6 415.4 260.1 198.8 315.6 221.7
1907.5 246.4 512.8 310.3 296.0 447.5 441.6 241.8 87.0 539.9 368.3 387.4 342.7 336.4 430.1 290.8 541.4 217.2 227.4 272.6 585.9 328.2 456.4 399.9 503.4 348.0 253.5 66.5 400.8 312.3 611.4 135.0 407.2 316.6 265.9 222.6 536.7 340.1 518.4 334.1 419.9 547.4 517.3 593.6 111.8 569.9 177.9 282.6 478.6 361.7 599.2 268.4 515.6 143.5 144.5 519.0 331.7 436.9 520.4 267.8 576.0 402.0 389.5 179.7 441.1 185.6 339.8 518.6 541.9 550.6 444.2 360.4 0.0 148.6 584.4 424.2 162.7 458.9 469.1 321.8 459.7 350.6 328.1 451.1 506.2 131.1 275.1 587.7 246.0 315.2 336.3 241.1 579.3 182.8 528.7 78.4 390.4 257.8 628.0 159.7 283.5 266.1 497.1 401.4 464.4 290.5 354.3 536.9 211.0 465.9 500.6 541.6 200.9 264.4 460.6 449.1 242.3 488.1 369.8 126.3 74.6 510.2 361.4 279.5 471.8
1865.5 217.2 483.6 281.1 222.0 418.3 412.4 212.6 120.8 504.5 342.4 315.7 313.5 307.2 371.6 261.6 477.4 132.3 78.7 246.6 556.7 264.3 400.6 355.8 474.2 322.3 224.3 244.4 371.6 260.0 582.2 13.5 354.9 287.4 238.5 193.4 507.5 310.9 489.2 304.9 383.3 522.3 488.1 564.4 145.6 540.7 148.7 250.5 422.8 305.0 570.0 242.8 486.4 195.3 87.3 489.8 302.5 433.0 491.2 238.6 546.8 372.8 360.3 150.5 411.9 156.4 310.6 489.4 512.7 521.4 415.0 412.2 177.8 0.0 555.2 395.0 133.5 414.8 439.9 292.6 430.5 321.4 298.9 407.0 477.0 164.9 245.9 558.5 216.8 286.0 307.1 211.9 550.1 40.9 499.5 130.2 346.3 228.6 598.8 130.5 254.3 236.9 467.9 372.2 435.2 261.3 325.1 507.7 181.8 447.2 471.4 512.4 171.7 235.2 419.3 419.9 213.1 458.9 340.6 21.2 252.5 481.0 332.2 250.3 442.6
2276.4 482.1 237.6 401.3 347.3 273.7 275.5 477.8 556.3 280.5 232.1 255.4 355.2 259.2 306.1 419.2 287.4 515.2 640.2 434.4 264.5 379.5 280.6 251.2 155.9 345.9 419.8 642.2 295.3 382.1 244.5 561.3 380.7 395.0 449.9 488.7 79.2 353.3 167.8 361.4 189.0 282.1 192.4 292.7 581.1 304.4 418.1 461.3 294.3 385.7 351.7 447.1 77.1 630.8 575.4 126.1 366.9 209.1 152.6 447.1 209.1 238.4 306.6 526.2 199.2 480.7 320.8 167.6 228.3 202.2 185.5 381.9 685.7 609.2 0.0 216.1 520.3 257.4 162.7 338.8 189.5 339.1 394.8 232.9 113.3 600.4 320.9 220.8 472.8 387.2 324.3 494.4 188.3 584.6 203.8 565.7 260.7 414.9 261.1 540.6 427.5 443.5 195.2 334.4 290.6 419.2 368.4 234.9 526.0 191.2 145.4 148.7 394.3 488.9 252.3 161.5 461.9 217.8 336.4 552.6 650.3 115.7 345.9 438.1 174.2
2190.3 346.1 133.5 265.3 192.3 187.6 139.5 341.8 401.3 194.4 110.0 130.9 219.2 118.4 170.1 283.2 201.3 360.2 485.2 298.4 244.3 224.5 144.6 64.4 172.4 209.9 264.8 505.0 105.9 246.1 264.9 406.3 244.7 259.0 313.9 352.7 205.7 217.3 188.2 225.4 81.5 198.1 119.4 242.7 426.1 190.6 263.1 325.3 194.2 249.7 219.9 311.1 152.1 472.2 420.4 146.5 230.9 73.1 189.4 311.1 229.5 22.2 117.2 371.2 16.8 325.7 156.9 188.0 203.7 140.2 113.2 195.1 530.7 454.2 220.9 0.0 400.3 119.5 109.7 174.9 104.5 203.1 308.7 96.9 133.7 445.4 165.9 241.2 336.8 251.2 160.4 358.4 167.3 429.6 130.8 400.4 73.9 259.9 281.5 385.6 291.5 307.5 90.2 145.0 204.5 283.2 173.1 198.7 390.0 55.2 127.9 169.1 239.3 352.9 166.2 118.1 306.9 63.8 147.0 397.6 513.1 179.2 182.0 302.1 140.8
1958.1 116.9 350.0 147.5 121.7 284.7 312.1 112.3 133.7 377.1 242.1 215.4 213.2 206.9 271.3 161.3 344.0 110.6 231.1 109.8 423.1 123.7 300.3 255.5 373.9 218.5 164.0 219.6 271.3 159.7 448.6 138.7 254.6 194.5 136.4 59.8 399.6 210.6 355.4 204.6 290.4 384.6 387.8 430.8 158.5 407.1 48.4 153.1 322.5 204.7 436.4 138.9 386.1 208.2 124.3 389.5 202.2 292.5 390.9 138.3 413.2 272.5 260.0 139.5 311.6 76.1 210.3 355.8 379.1 421.1 314.7 345.2 281.1 152.3 454.9 294.7 0.0 314.5 339.6 192.3 330.2 221.1 198.6 306.7 376.7 177.8 145.6 424.9 116.5 185.7 206.8 111.6 449.8 169.8 399.2 143.1 246.0 159.1 465.2 136.0 154.0 103.3 367.6 271.9 301.6 161.0 224.8 374.1 81.5 347.4 371.1 412.1 71.4 134.9 316.2 319.6 202.1 358.6 240.3 130.0 227.7 380.7 231.9 150.0 342.3
2089.2 319.1 109.2 242.1 198.0 114.1 99.9 299.9 407.0 125.6 103.2 106.1 179.6 109.9 130.5 243.6 82.2 365.9 490.9 274.5 220.0 230.2 105.0 57.6 223.4 170.3 270.5 498.2 117.1 226.0 203.3 412.0 205.1 240.2 272.0 313.1 205.8 177.7 110.3 185.8 144.1 159.9 137.5 218.4 431.8 166.3 268.8 301.4 107.1 220.6 195.6 282.0 170.2 465.4 426.1 164.6 191.3 37.4 220.1 269.2 167.9 133.2 128.4 376.9 101.3 331.4 145.2 110.5 133.8 97.9 150.6 188.3 536.4 459.9 239.0 110.9 333.1 0.0 127.8 163.2 122.6 163.5 207.6 57.3 151.8 451.1 171.6 179.6 294.9 211.6 148.7 334.5 185.4 435.3 148.9 393.6 67.1 265.6 219.9 391.3 249.6 283.6 95.7 156.2 93.2 246.4 184.3 128.8 360.2 51.6 146.0 187.2 245.0 314.7 4.4 180.7 312.6 62.5 158.2 403.3 506.3 184.4 170.3 260.2 174.8
2185.9 355.8 161.2 275.0 228.3 183.2 149.2 351.5 437.3 190.0 113.1 136.4 228.9 140.2 179.8 292.9 196.9 396.2 521.2 308.1 191.9 260.5 154.3 124.9 152.0 219.6 300.8 565.5 169.0 255.8 211.6 442.3 254.4 268.7 323.6 362.4 134.4 227.0 134.9 235.1 68.6 172.5 48.1 175.6 462.1 205.3 299.1 335.0 203.8 259.4 247.6 320.8 98.8 511.8 456.4 93.2 240.6 82.8 148.7 320.8 176.2 112.1 180.3 407.2 72.9 361.7 194.5 134.7 150.4 111.7 22.7 255.6 566.7 490.2 167.6 89.8 410.0 166.9 0.0 212.5 63.2 212.8 304.3 106.6 80.4 481.4 201.9 187.9 346.5 260.9 198.0 368.1 114.0 465.6 59.5 446.7 134.4 295.9 228.2 421.6 301.2 317.2 68.9 208.1 200.1 292.9 242.1 145.4 399.7 64.9 74.6 115.8 275.3 362.6 161.8 105.2 342.9 91.5 210.1 433.6 573.6 113.0 219.6 311.8 103.4
2120.0 254.9 272.5 174.1 85.1 169.2 128.6 250.6 294.1 255.4 87.0 60.3 90.7 51.8 78.9 88.4 241.7 253.0 378.0 207.2 307.6 117.3 107.9 100.4 218.8 99.5 157.6 380.0 78.9 154.9 352.8 299.1 153.5 167.8 222.7 261.5 252.1 126.1 276.1 134.2 127.9 273.2 232.7 360.2 318.9 329.6 155.9 234.1 130.1 158.5 358.9 219.9 231.0 368.6 313.2 234.4 79.7 140.3 235.8 219.9 317.4 117.4 67.6 264.0 156.5 218.5 17.9 275.9 263.6 264.7 159.6 190.1 423.5 347.0 299.8 139.6 213.6 159.4 184.5 0.0 175.1 111.9 218.6 116.2 221.6 338.2 58.7 329.1 245.6 160.0 14.4 267.2 288.3 322.4 244.1 303.5 90.9 152.7 369.4 278.4 200.3 216.3 211.2 79.5 186.1 192.0 38.9 258.6 298.8 154.5 216.0 257.0 132.1 261.7 163.9 164.5 199.7 202.8 54.4 290.4 388.1 225.6 39.5 210.9 187.2
2188.1 342.2 147.6 261.4 241.3 185.4 135.6 337.9 450.3 192.2 153.6 149.4 215.3 185.3 166.2 279.3 199.3 409.2 534.2 297.2 212.8 273.5 140.7 111.3 170.4 209.7 313.8 551.9 155.4 242.2 230.0 455.3 240.8 255.1 317.3 348.8 152.8 213.4 153.3 221.5 109.2 152.8 84.5 212.0 475.1 204.7 312.1 321.4 190.3 245.8 234.0 309.8 117.2 519.1 467.0 111.6 227.0 96.8 167.1 307.2 194.6 97.3 166.7 420.2 59.3 374.7 180.9 153.1 168.8 90.8 97.6 242.0 579.7 503.2 186.0 76.2 396.4 118.8 74.8 198.9 0.0 199.2 305.9 93.0 98.8 494.4 214.9 206.3 332.9 247.3 184.4 354.5 132.4 478.6 95.9 447.3 120.8 308.9 246.6 434.6 287.6 303.6 37.3 194.5 202.3 279.3 228.5 163.8 386.1 50.9 93.0 134.2 288.3 349.0 120.5 138.4 355.9 77.9 196.5 446.6 560.0 131.4 206.0 298.2 121.8
2099.9 187.7 274.2 106.9 130.5 188.9 130.3 183.4 375.7 275.1 173.9 147.2 114.0 138.7 83.3 124.8 250.0 298.4 423.4 140.0 370.4 195.8 109.6 187.3 305.7 104.7 236.1 439.5 152.0 87.7 387.6 380.7 86.3 100.6 155.5 194.3 310.4 14.2 259.8 22.3 214.8 328.4 242.1 369.6 400.5 331.3 201.3 166.9 131.8 91.3 360.6 152.7 274.8 406.7 358.6 269.2 125.7 142.0 322.7 152.7 352.2 204.3 140.7 345.7 205.9 263.9 115.3 260.0 326.4 266.4 246.5 277.0 468.9 392.4 343.6 222.8 241.9 167.7 232.4 124.1 227.2 0.0 151.4 117.9 256.4 419.8 146.7 363.9 178.4 48.1 118.8 200.0 290.0 361.0 253.5 334.9 177.8 231.2 404.2 323.8 133.1 149.1 212.9 152.6 205.8 124.8 156.6 321.4 231.6 156.2 250.6 291.8 177.5 194.5 172.2 251.4 278.2 204.5 172.1 372.0 447.6 312.5 140.4 143.7 274.1
1974.8 114.5 241.3 34.4 157.3 176.0 215.1 110.2 302.5 268.4 274.4 251.0 198.8 242.5 168.1 196.9 235.1 275.6 437.1 69.5 314.4 155.2 194.4 291.1 409.5 193.2 195.5 388.4 236.8 116.1 339.9 307.5 145.2 40.7 89.6 121.1 392.7 163.7 246.9 171.8 326.0 280.0 326.9 322.1 327.3 298.4 202.4 92.0 216.6 80.9 327.7 144.9 359.6 377.0 293.1 354.0 210.5 230.5 409.5 61.5 304.5 308.1 225.5 276.2 290.7 241.1 200.1 247.1 270.4 243.1 340.0 380.8 482.6 321.1 428.4 307.6 168.7 252.5 317.2 218.1 312.0 149.5 0.0 202.7 341.2 346.6 181.2 316.2 105.2 197.6 203.6 126.8 263.7 377.9 338.3 311.9 281.6 190.6 356.5 301.0 41.9 75.9 297.7 237.4 192.9 84.2 247.7 265.4 158.4 241.5 335.4 273.1 164.0 116.1 257.0 355.2 237.6 289.3 272.6 298.8 396.5 373.8 225.2 70.5 364.2
2129.8 249.1 156.2 168.3 191.0 163.9 42.5 244.8 437.1 175.4 131.4 104.7 122.2 92.2 73.1 186.2 132.0 358.9 483.9 201.4 252.4 257.2 47.6 62.2 210.0 112.9 297.5 500.9 62.3 149.1 269.6 442.1 147.7 162.0 216.9 255.7 192.4 120.3 192.9 128.4 172.3 210.4 124.1 251.6 461.9 213.3 261.8 228.3 97.2 152.7 242.6 214.1 156.8 468.1 419.1 151.2 133.9 24.0 206.7 214.1 234.2 127.1 73.6 407.1 87.9 324.4 87.8 192.7 208.4 148.4 137.2 192.9 529.4 452.9 225.6 104.8 303.3 49.7 114.4 105.8 109.2 106.1 212.8 0.0 138.4 481.2 208.1 245.9 239.8 154.2 91.3 261.4 172.0 428.3 135.5 396.3 71.7 292.6 286.2 384.3 194.5 210.5 94.9 101.4 143.0 186.2 135.4 203.4 293.0 38.2 132.6 173.8 238.0 255.9 54.2 208.9 339.6 86.5 103.4 433.4 509.0 171.0 112.9 205.1 161.4
2163.0 392.9 124.2 315.9 267.7 160.3 186.9 373.7 476.7 173.3 152.5 175.8 266.6 179.6 217.5 330.6 174.2 435.6 560.6 351.0 151.1 299.9 192.0 162.6 76.3 257.3 340.2 562.6 206.7 299.8 131.1 481.7 292.1 314.0 345.8 386.9 56.2 264.7 54.6 272.8 121.0 168.7 111.0 179.3 501.5 191.0 338.5 373.5 180.9 294.4 238.3 358.4 23.1 551.2 493.4 12.7 278.3 169.4 73.0 343.0 95.7 148.6 218.0 446.6 110.6 401.1 232.2 54.2 114.9 88.8 96.9 293.3 606.1 529.6 91.9 127.5 406.9 144.0 74.1 250.2 100.9 250.5 281.4 144.3 0.0 520.8 241.3 107.4 368.7 298.6 235.7 408.3 74.9 505.0 100.6 486.1 172.1 335.3 147.7 461.0 323.4 357.4 106.6 245.8 177.2 320.2 279.8 121.5 434.0 102.2 56.8 35.3 314.7 388.5 138.9 81.9 382.3 133.6 247.8 473.0 570.7 37.3 257.3 334.0 85.6
1868.9 241.2 507.6 305.1 246.0 442.3 436.5 236.6 42.9 534.7 363.1 339.8 337.5 331.2 395.6 285.7 501.6 212.1 222.3 267.5 580.7 288.3 424.6 379.8 498.2 342.8 248.3 147.7 395.6 284.0 606.2 129.8 378.9 311.5 255.2 217.4 520.9 334.9 513.0 328.9 414.7 542.2 512.1 588.4 18.4 564.7 172.7 277.4 446.9 329.1 594.0 263.3 510.4 156.3 141.7 513.8 326.5 416.8 515.3 262.6 570.8 398.0 384.3 174.6 435.9 180.4 334.6 513.4 536.7 545.4 439.1 418.0 229.3 143.4 579.2 419.0 157.5 438.8 463.9 316.6 454.6 345.4 322.9 431.0 501.1 0.0 269.9 582.6 240.8 310.1 331.2 235.9 574.2 178.1 523.5 91.2 370.3 252.6 622.8 154.5 278.3 260.9 491.9 396.2 459.2 285.3 349.1 531.8 205.8 471.8 495.4 536.4 195.7 259.2 440.5 443.9 237.2 482.9 364.6 121.1 155.8 505.0 356.3 274.3 466.6
2042.4 161.1 282.6 125.6 26.3 215.9 166.4 107.9 235.3 294.5 96.4 69.7 67.5 61.2 125.6 29.6 251.1 194.2 319.2 158.7 382.2 58.5 154.6 109.8 228.2 76.3 98.8 321.2 125.6 60.6 362.2 240.3 161.8 119.3 133.8 213.0 261.5 64.9 285.5 58.9 137.3 337.4 242.1 369.6 260.1 339.7 97.1 172.0 176.8 110.0 369.0 72.7 240.4 309.8 254.4 243.8 56.5 187.0 245.2 112.5 326.8 126.8 114.3 205.2 165.9 159.7 64.6 285.3 340.5 275.4 169.0 199.5 364.7 288.2 309.2 149.0 154.8 168.8 193.9 46.6 184.5 75.4 167.3 161.0 231.0 279.4 0.0 338.5 112.1 40.0 61.1 181.5 304.1 256.8 253.5 244.7 100.3 93.9 378.8 219.6 128.2 167.8 221.9 126.2 262.1 115.8 79.1 335.5 151.4 201.2 225.4 266.4 73.3 137.0 173.3 173.9 140.9 212.9 94.6 231.6 329.3 235.0 86.2 145.6 196.6
2206.1 436.0 116.5 359.0 381.0 203.4 300.2 416.8 583.8 216.4 264.9 289.1 379.9 292.9 330.8 443.9 242.8 548.9 673.9 394.1 43.6 413.2 305.3 288.0 189.6 370.6 453.5 669.7 320.0 342.9 84.3 588.8 405.4 357.1 396.2 430.0 169.5 378.0 112.3 386.1 247.2 82.3 156.3 71.8 608.6 83.5 451.8 416.6 224.0 337.5 130.8 401.5 136.4 658.3 609.1 104.0 391.6 255.7 186.3 386.1 14.7 268.2 331.3 559.9 230.2 514.4 307.9 112.5 67.4 144.6 223.1 418.7 719.4 642.9 205.2 247.1 450.0 187.1 200.3 325.9 214.2 363.8 324.5 257.6 113.2 627.9 354.6 0.0 411.8 411.9 311.4 451.4 111.1 618.3 145.9 593.2 297.5 448.6 40.2 574.3 366.5 400.5 195.6 359.1 220.3 363.3 355.5 74.0 477.1 215.5 170.1 87.4 428.0 431.6 184.9 195.2 495.6 182.7 361.1 580.1 677.8 150.6 333.0 377.1 198.9
2032.4 74.3 318.9 80.2 81.0 253.6 260.9 5.0 219.0 339.8 201.4 174.7 172.5 166.2 213.9 120.6 356.1 177.9 302.9 57.6 392.0 123.1 240.2 214.8 333.2 181.3 163.4 304.9 230.6 102.0 417.5 224.0 191.0 86.5 21.6 111.9 366.5 169.9 324.5 163.9 242.3 357.6 347.1 399.7 243.8 376.0 114.3 76.6 262.4 103.1 405.3 101.8 345.4 293.5 258.5 348.8 161.5 272.6 350.2 50.2 382.1 231.8 219.3 170.9 270.9 143.4 169.6 324.7 348.0 380.4 274.0 304.5 348.4 271.9 414.2 254.0 159.5 273.8 298.9 151.6 289.5 180.4 104.0 248.5 336.0 263.1 104.9 393.8 0.0 145.0 166.1 101.3 409.1 240.5 358.5 228.4 205.3 158.5 434.1 203.3 65.9 66.7 326.9 231.2 270.5 77.4 184.1 343.0 70.3 286.8 330.4 371.4 84.0 24.8 278.3 278.9 177.3 317.9 199.6 215.3 313.0 340.0 191.2 33.4 301.6
2135.3 223.1 309.6 142.3 82.4 224.3 165.7 218.8 291.4 316.7 122.5 99.1 96.9 90.6 118.7 160.2 280.5 250.3 375.3 178.1 405.8 114.6 145.0 139.2 257.6 105.7 154.9 377.3 155.0 123.1 391.6 296.4 121.7 136.0 192.7 229.7 280.3 24.9 314.9 18.9 174.1 363.8 271.5 399.0 316.2 366.7 153.2 200.6 167.2 126.7 396.0 190.7 269.8 365.9 308.1 273.2 85.9 176.2 274.6 188.1 356.2 156.2 143.7 261.3 195.3 215.8 94.0 314.7 361.8 301.8 198.4 228.9 420.8 344.3 338.6 178.4 277.3 198.2 223.3 76.0 213.9 35.4 186.8 153.3 260.4 335.5 56.0 367.9 213.8 0.0 90.5 235.4 325.4 312.9 282.9 300.8 129.7 150.0 408.2 275.7 168.5 184.5 248.3 155.6 241.2 160.2 108.5 356.8 267.0 192.1 254.8 295.8 129.4 229.9 202.7 203.3 197.0 239.9 124.0 287.7 385.4 264.4 115.6 179.1 226.0
2105.5 240.4 258.0 159.6 99.6 154.7 114.1 236.1 308.6 240.9 98.2 74.8 105.2 66.3 64.4 177.5 233.8 267.5 392.5 195.4 293.1 131.8 93.4 114.9 233.3 104.2 172.1 394.5 64.4 140.4 318.6 313.6 139.0 153.3 208.2 247.0 256.0 111.6 225.6 119.7 149.8 258.7 225.9 300.8 333.4 315.1 170.4 217.9 115.6 144.0 344.4 208.0 245.5 383.1 325.3 248.9 94.2 129.5 250.3 205.4 283.2 131.9 53.1 278.5 171.0 233.0 3.4 225.8 249.1 250.2 174.1 204.6 438.0 361.5 314.3 154.1 294.6 151.5 199.0 14.4 189.6 97.4 204.1 101.7 236.1 352.7 73.2 294.9 231.1 145.5 0.0 252.7 273.8 330.1 237.3 318.0 105.4 167.2 335.2 292.9 185.8 201.8 196.7 65.0 171.6 177.5 44.0 244.1 284.3 140.5 230.5 271.5 146.6 247.2 153.2 179.0 214.2 188.3 68.9 304.9 402.6 240.1 21.5 196.4 201.7
2017.0 66.1 359.7 103.0 148.8 294.4 283.7 109.0 218.0 380.6 269.2 242.5 240.3 234.0 236.7 188.4 353.5 171.4 296.4 68.5 432.8 184.1 263.0 282.6 401.0 249.1 224.4 303.9 298.4 163.0 458.3 223.0 213.8 109.3 100.6 36.6 434.3 232.3 365.3 231.7 310.1 398.4 395.5 440.5 242.8 416.8 75.5 93.1 285.2 149.5 446.1 169.6 413.2 292.5 208.6 416.6 229.3 295.4 418.0 111.2 422.9 299.6 287.1 223.8 338.7 136.9 237.4 365.5 388.8 419.8 341.8 372.3 341.9 236.6 482.0 321.8 84.2 321.1 366.7 219.4 357.3 218.1 126.8 271.3 403.8 262.1 172.7 434.6 104.0 212.8 233.9 0.0 443.4 240.8 406.9 227.4 273.1 219.5 474.9 196.8 126.9 58.8 366.3 299.0 311.3 138.4 251.9 383.8 31.5 309.6 398.2 439.2 98.5 67.9 325.6 346.7 266.5 357.9 267.4 214.3 312.0 407.8 259.0 104.1 369.4
2115.7 345.6 116.2 268.6 339.5 113.0 223.6 326.4 493.4 126.0 200.0 202.9 269.9 206.7 220.8 327.2 126.9 462.7 584.2 303.7 80.3 343.9 217.5 154.4 170.9 264.3 384.2 579.3 243.4 252.5 163.5 498.4 299.6 266.7 305.8 339.6 153.3 268.0 30.8 276.1 154.6 113.9 63.7 126.5 518.2 138.2 408.1 326.2 133.6 247.1 185.5 311.1 117.7 567.9 484.0 112.1 281.6 122.1 167.6 295.7 95.5 171.8 242.9 492.4 133.8 428.2 217.5 31.0 36.3 41.5 130.5 285.1 629.7 512.0 186.5 150.7 359.6 96.7 107.7 235.5 137.6 253.8 234.1 181.0 99.3 537.5 311.5 107.2 321.4 301.9 221.0 361.0 0.0 553.8 53.3 502.8 163.9 379.3 144.9 488.1 276.1 310.1 92.5 254.8 129.9 272.9 265.1 31.3 386.7 138.9 75.5 134.7 341.8 341.2 91.6 174.7 426.3 86.3 284.5 489.7 587.4 131.9 242.6 286.7 104.3
1872.6 240.7 508.2 346.2 245.5 442.9 435.9 236.1 152.2 536.9 362.6 339.2 337.0 330.7 395.1 285.1 503.8 98.1 92.6 308.5 581.3 272.5 424.1 379.3 497.7 345.8 232.5 251.5 395.1 283.5 608.4 44.9 378.4 352.5 260.2 258.5 520.4 334.4 515.2 328.4 414.2 544.4 512.7 589.0 177.0 565.3 172.2 274.0 446.3 328.5 594.6 262.7 509.9 226.7 50.7 513.3 326.0 417.4 514.7 262.1 571.4 396.3 384.9 165.5 435.4 152.5 334.1 514.0 537.3 544.9 438.5 443.6 184.9 24.5 578.7 418.5 158.1 438.3 464.5 316.1 454.0 344.9 363.2 430.5 500.5 196.3 269.4 584.7 240.3 309.5 330.6 235.4 573.6 0.0 523.0 161.6 369.8 243.6 625.0 101.8 277.8 302.0 491.4 395.7 459.8 284.8 348.6 532.3 205.3 471.2 496.0 537.0 195.2 258.7 440.0 443.4 228.1 482.4 364.1 52.6 259.6 504.5 355.7 273.8 466.1
2126.3 356.2 115.2 279.2 282.7 123.6 185.1 337.0 504.0 130.4 206.4 190.8 264.8 234.8 215.7 328.8 137.3 450.6 594.8 311.6 132.3 354.5 190.2 160.8 167.9 255.5 394.8 589.9 204.9 263.1 151.8 509.0 290.3 277.3 309.1 350.2 150.3 262.9 58.8 271.0 123.0 112.9 10.3 116.0 528.8 145.7 353.5 338.5 144.2 257.7 188.7 319.1 114.7 578.5 494.6 109.1 276.5 118.7 164.6 306.3 129.5 148.0 216.2 503.0 108.8 416.1 228.1 59.0 114.1 52.1 77.1 291.5 640.3 522.6 183.5 125.7 370.2 107.3 54.3 246.1 99.1 248.7 244.7 142.5 96.3 548.1 256.3 141.2 332.0 296.8 231.6 371.6 129.9 564.4 0.0 513.4 170.3 389.9 179.3 476.0 286.7 320.7 103.1 244.0 140.5 283.5 275.7 120.7 397.3 100.8 90.5 131.7 329.7 351.8 102.2 159.6 436.9 96.9 246.0 500.3 598.0 128.9 253.2 297.3 119.3
1825.7 216.0 470.4 298.8 217.5 405.1 398.6 211.4 36.6 491.3 326.0 308.9 305.3 312.7 351.6 253.4 462.7 186.8 197.0 331.9 543.5 249.7 377.9 321.4 457.8 314.1 290.0 104.5 384.8 233.8 569.0 104.6 328.7 292.5 237.3 192.2 491.1 302.7 476.0 296.7 366.9 509.1 471.7 551.2 61.4 527.5 147.5 249.3 400.1 283.2 556.8 287.3 470.0 65.0 114.1 473.4 294.3 372.7 474.8 303.3 533.6 356.4 396.1 149.3 395.5 155.2 302.4 476.2 499.5 481.5 398.6 281.9 186.0 118.2 538.8 378.6 132.3 380.4 423.5 284.4 414.1 333.0 340.5 372.6 460.6 80.7 237.7 545.3 215.6 277.8 298.9 210.7 520.7 152.4 483.1 0.0 311.9 285.1 585.6 129.3 319.0 235.7 443.6 364.0 422.0 296.9 316.9 494.5 180.6 386.9 455.0 496.0 170.5 314.1 384.9 403.5 211.9 435.2 332.4 95.9 112.6 464.6 324.0 335.6 426.2
2157.7 309.8 173.2 229.0 130.8 182.6 103.2 212.4 339.8 194.1 36.0 38.9 182.9 85.3 133.8 134.1 150.7 298.7 423.7 262.1 246.3 163.0 108.3 9.4 167.8 173.6 203.3 431.0 72.8 209.8 301.8 344.8 208.4 222.7 277.6 316.4 201.1 181.0 178.8 189.1 76.9 211.9 181.7 254.0 364.6 230.3 201.6 289.0 157.9 213.4 259.6 177.2 180.0 398.2 358.9 183.4 194.6 60.7 184.8 274.8 266.4 66.4 84.1 309.7 105.5 264.2 123.8 179.0 202.3 169.5 108.6 121.1 469.2 392.7 248.8 88.6 259.3 68.4 133.5 141.8 124.1 166.8 273.5 60.6 170.6 383.9 104.4 278.1 300.5 214.9 127.3 322.1 243.7 368.1 193.1 326.4 0.0 198.4 318.4 324.1 255.2 271.2 161.5 111.9 161.7 246.9 140.0 197.3 255.9 74.9 165.0 206.0 177.8 316.6 72.9 113.5 245.4 152.5 113.9 336.1 439.1 174.6 148.9 265.8 136.2
2036.5 192.1 385.2 147.2 86.1 319.9 316.0 145.8 229.4 406.1 206.5 179.8 177.6 171.3 269.0 125.7 361.2 203.8 328.8 180.3 458.3 35.6 295.3 219.9 338.3 186.4 4.8 315.3 235.7 150.0 472.3 234.4 246.1 140.9 157.4 234.6 371.6 175.0 390.8 169.0 247.4 423.9 352.2 466.0 254.2 442.3 106.7 194.4 317.5 151.1 471.6 106.9 350.5 303.9 202.0 353.9 166.6 327.7 355.3 131.8 436.9 236.9 224.4 114.4 276.0 169.3 174.7 391.0 414.3 385.5 279.1 309.6 374.3 272.1 419.3 259.1 164.4 278.9 304.0 156.7 294.6 185.5 191.7 303.6 341.1 273.5 110.0 448.6 140.8 150.1 171.2 219.1 414.2 240.7 363.6 238.8 210.4 0.0 488.9 217.2 147.5 189.4 332.0 236.3 336.8 107.4 189.2 409.3 188.1 341.9 335.5 376.5 82.9 142.6 283.4 284.0 46.9 323.0 204.7 225.7 323.4 345.1 196.3 169.2 306.7
2167.1 477.7 160.2 400.7 422.7 252.0 341.9 458.5 635.9 293.7 343.6 330.8 421.6 334.6 372.5 468.7 202.5 590.6 715.6 433.1 62.9 454.9 347.0 298.0 231.3 412.3 495.2 721.8 361.7 394.0 108.0 640.9 441.1 424.9 430.6 482.1 213.7 419.7 153.7 427.8 307.5 126.0 194.8 61.6 660.7 127.2 493.5 460.0 265.7 379.2 116.7 465.6 178.1 710.4 626.5 145.7 433.3 277.8 228.0 427.8 56.3 313.1 373.0 641.7 273.9 556.1 349.6 153.9 108.8 188.3 261.6 428.7 688.3 654.5 246.9 290.8 502.1 240.3 238.8 367.6 255.9 405.5 366.2 299.3 154.9 680.0 396.3 41.6 453.5 453.6 353.1 529.1 152.5 660.0 184.4 645.3 307.5 490.3 0.0 616.0 408.2 442.2 239.3 400.8 231.1 405.0 397.2 115.4 537.9 257.6 211.8 129.1 469.7 492.4 235.2 236.9 537.3 226.4 402.8 632.2 729.9 192.3 374.7 418.8 240.6
1948.7 189.5 468.6 265.4 194.3 403.3 384.7 184.9 129.7 489.5 314.7 288.0 285.8 279.5 343.9 233.9 462.4 87.8 190.0 231.6 541.7 231.3 372.9 328.1 446.5 294.6 191.3 215.6 343.9 232.3 567.2 142.3 327.2 267.1 210.8 178.4 479.8 283.2 474.2 277.2 355.6 507.3 460.4 549.4 154.5 525.7 121.0 222.8 395.1 277.3 555.0 215.1 458.7 204.2 58.6 462.1 274.8 405.3 463.5 210.9 531.8 345.1 332.6 117.5 384.2 57.4 282.9 474.4 497.7 493.7 387.3 421.1 261.0 128.7 527.5 367.3 118.5 387.1 412.2 264.9 402.8 293.7 271.2 379.3 449.3 173.8 218.2 543.5 189.1 258.3 279.4 184.2 522.4 104.1 471.8 139.1 318.6 195.6 583.8 0.0 226.6 221.9 440.2 344.5 420.2 233.6 297.4 492.7 154.1 419.5 443.7 484.7 144.0 207.5 391.6 392.2 180.1 431.2 312.9 150.0 223.7 453.3 304.5 222.6 414.9
2018.4 97.8 284.9 37.7 114.3 219.6 218.4 76.3 285.8 305.8 234.7 208.0 202.1 199.5 171.4 153.9 278.7 232.6 357.6 50.1 358.0 115.2 197.7 248.1 366.5 192.8 155.5 371.7 240.1 94.1 383.5 290.8 148.5 44.0 65.6 104.4 399.8 167.0 290.5 175.1 275.6 323.6 330.2 365.7 310.6 342.0 162.6 77.0 219.9 84.2 371.3 109.5 378.7 360.3 276.4 357.3 194.8 230.1 383.5 18.5 348.1 265.1 228.8 242.3 294.0 198.1 202.9 290.7 314.0 354.5 307.3 337.8 403.1 304.4 447.5 287.3 152.0 255.8 320.5 184.9 315.3 152.8 43.5 206.0 344.5 329.9 138.2 359.8 71.3 178.3 199.4 110.1 378.1 302.0 341.6 295.2 238.6 150.6 400.1 258.0 0.0 59.2 301.0 240.7 236.5 69.5 217.4 309.0 118.6 244.3 338.7 379.9 132.3 73.1 260.3 312.2 197.6 292.6 232.9 282.1 379.8 373.3 224.5 53.8 334.9
2014.3 38.5 300.8 44.1 154.8 235.5 224.8 84.9 226.5 321.7 275.2 248.5 208.5 240.0 177.8 194.4 294.6 203.4 361.1 9.6 373.9 164.9 204.1 288.6 407.0 199.2 205.2 312.4 246.5 125.8 399.4 231.5 154.9 50.4 57.0 45.1 404.9 173.4 306.4 181.5 316.1 339.5 336.6 381.6 251.3 357.9 126.4 34.2 226.3 90.6 387.2 152.0 369.3 301.0 217.1 363.7 220.2 236.5 419.2 89.2 364.0 305.6 235.2 232.3 300.4 168.9 209.8 306.6 329.9 360.9 347.8 378.3 406.6 245.1 438.1 317.3 92.7 262.2 326.9 225.4 321.7 159.2 67.9 212.4 350.9 270.6 178.7 375.7 79.9 207.3 213.3 50.8 384.5 301.9 348.0 235.9 279.1 200.3 416.0 228.8 69.6 0.0 307.4 247.1 252.4 93.9 257.4 324.9 82.4 250.7 345.1 386.3 104.5 61.8 266.7 352.7 247.3 299.0 273.4 222.8 320.5 383.5 234.9 45.2 373.9
2150.7 358.9 117.6 278.1 268.4 148.0 152.3 354.6 477.4 154.8 173.6 214.5 232.0 202.0 182.9 296.0 161.7 436.3 561.3 311.2 186.0 300.6 157.4 128.0 167.1 222.7 340.9 568.6 172.1 258.9 226.7 482.4 257.5 271.8 326.7 365.5 149.5 230.1 100.3 238.2 140.2 115.4 81.2 187.7 502.2 173.9 339.2 338.1 168.6 262.5 204.0 323.9 113.9 535.8 496.5 108.3 243.7 85.9 163.8 323.9 183.2 115.2 183.4 447.3 76.0 401.8 197.6 100.5 165.5 53.4 94.3 258.7 606.8 530.3 182.7 92.9 394.6 131.7 71.5 215.6 48.3 215.9 269.1 109.7 95.5 521.5 242.0 194.9 349.6 264.0 201.1 371.2 129.1 505.7 92.6 464.0 137.5 336.0 235.2 461.7 304.3 320.3 0.0 211.2 164.9 296.0 245.2 160.5 402.8 68.0 89.7 130.9 315.4 365.7 126.6 176.8 383.0 50.9 213.2 473.7 576.7 128.1 222.7 314.9 118.5
2139.3 274.2 268.9 193.4 144.7 188.5 107.0 269.9 353.7 274.7 143.1 116.4 147.3 103.9 98.2 211.3 244.7 312.6 437.6 226.5 365.1 176.9 127.2 156.5 274.9 138.0 217.2 439.6 49.0 174.2 382.3 358.7 172.8 187.1 242.0 280.8 308.2 145.4 259.4 153.5 184.0 323.1 236.8 364.3 378.5 326.0 215.5 253.4 149.4 177.8 355.3 239.2 287.1 428.2 372.8 263.9 139.3 136.7 291.9 239.2 346.9 173.5 37.7 323.6 162.6 278.1 41.5 259.6 321.1 261.1 215.7 246.2 483.1 406.6 355.9 164.4 328.4 162.4 227.1 59.5 221.9 131.2 237.9 112.6 251.1 397.8 118.3 358.6 264.9 179.3 45.0 286.5 284.7 382.0 248.2 363.1 147.0 212.3 398.9 338.0 219.6 235.6 207.6 0.0 205.4 211.3 89.1 316.1 318.1 150.9 245.3 286.5 191.7 281.0 166.9 220.6 259.3 199.2 61.6 350.0 447.7 281.7 66.6 230.2 243.3
2068.7 298.6 111.3 221.6 292.5 20.9 191.2 279.4 446.4 132.2 185.6 188.5 222.9 192.3 173.8 280.2 42.1 423.3 537.2 254.0 184.4 296.9 170.5 140.0 245.3 213.6 337.2 532.3 207.2 205.5 209.9 451.4 252.6 219.7 251.5 292.6 227.7 221.0 116.9 229.1 226.5 150.0 152.4 192.1 471.2 168.4 361.1 280.9 86.6 200.1 197.7 261.5 192.1 520.9 437.0 159.7 234.6 119.8 242.0 248.7 174.5 215.6 195.9 445.4 183.7 388.8 170.5 117.1 140.4 113.1 219.2 270.7 582.7 465.0 260.9 193.3 312.6 82.3 196.4 188.5 205.0 206.8 187.1 178.8 168.9 490.5 264.5 186.2 274.4 254.9 174.0 314.0 133.7 506.8 142.0 455.8 149.5 332.3 226.5 448.7 229.1 263.1 164.1 207.8 0.0 225.9 218.1 135.4 339.7 134.0 209.3 143.1 351.2 294.2 77.2 250.9 379.3 140.7 243.0 442.7 540.4 206.3 195.6 239.7 238.1
2028.4 120.5 277.7 39.7 86.9 212.4 208.5 83.6 308.5 298.6 207.3 180.6 178.4 172.1 161.5 126.5 271.5 224.6 349.6 72.8 350.8 70.9 187.8 220.7 339.1 182.9 111.2 394.4 230.2 67.8 376.3 313.5 138.6 33.4 88.3 127.1 372.4 157.1 283.3 165.2 248.2 316.4 320.3 358.5 333.3 334.8 169.9 99.7 210.0 68.9 364.1 83.2 351.3 383.0 308.4 347.4 167.4 220.2 356.1 69.6 340.9 237.7 218.9 220.8 276.8 190.1 175.5 283.5 306.8 344.6 279.9 310.4 395.1 318.6 420.1 259.9 174.7 245.9 304.8 157.5 295.4 142.9 84.2 196.1 334.6 352.6 110.8 352.6 78.6 150.9 172.0 132.8 368.2 294.0 331.7 317.9 211.2 106.3 392.9 250.0 65.9 81.9 291.1 230.8 229.3 0.0 190.0 301.8 125.9 234.4 328.8 370.0 139.6 80.4 250.4 284.8 153.3 282.7 205.5 304.8 402.5 345.9 197.1 76.5 307.5
2159.6 294.5 278.1 213.7 119.9 208.8 134.9 290.2 328.9 290.0 91.9 65.2 107.5 52.7 118.5 123.2 246.6 287.8 412.8 246.8 377.7 152.1 147.5 105.3 223.7 116.3 192.4 414.8 81.0 194.5 357.7 333.9 193.1 207.4 262.3 301.1 257.0 165.7 281.0 173.8 132.8 332.9 237.6 365.1 353.7 335.2 190.7 273.7 169.7 198.1 364.5 166.3 235.9 403.4 348.0 239.3 96.5 164.6 240.7 259.5 322.3 122.3 75.2 298.8 161.4 253.3 57.5 280.8 336.0 270.9 164.5 195.0 458.3 381.8 304.7 144.5 248.4 164.3 189.4 52.0 180.0 151.5 258.2 140.5 226.5 373.0 93.5 334.0 285.2 199.6 54.0 306.8 299.6 357.2 249.0 338.3 95.8 187.5 374.3 313.2 239.9 255.9 217.4 81.6 257.6 231.6 0.0 331.0 245.0 178.8 220.9 261.9 166.9 301.3 168.8 169.4 234.5 208.4 29.9 325.2 422.9 230.5 22.4 250.5 192.1
2143.1 373.0 84.8 296.0 365.4 140.4 260.7 353.8 520.8 153.4 224.1 273.5 340.4 310.4 291.3 354.6 154.1 533.3 611.6 331.1 48.9 371.3 265.8 181.8 166.6 331.1 411.6 606.7 280.5 279.9 131.2 525.8 327.0 294.1 333.2 367.0 146.5 338.5 38.0 346.6 194.8 82.5 114.3 95.1 545.6 106.8 435.5 353.6 161.0 274.5 154.1 338.5 113.4 595.3 513.8 81.0 352.1 149.5 163.3 323.1 64.1 222.4 291.8 519.8 184.4 498.8 244.9 38.4 5.0 97.7 170.7 312.5 657.1 539.4 182.2 201.3 387.0 124.1 147.9 262.9 174.7 324.3 261.5 218.1 90.2 564.9 338.9 75.8 348.8 372.4 248.4 388.4 37.0 581.2 103.9 530.2 191.3 406.7 113.5 558.7 303.5 337.5 148.7 319.6 157.3 300.3 292.5 0.0 414.1 176.0 112.6 64.4 412.4 368.6 121.9 211.8 453.7 151.0 321.6 517.1 614.8 127.6 270.0 314.1 141.4
2047.1 53.6 423.8 133.1 117.2 320.1 307.6 96.5 180.9 406.3 237.6 210.9 208.7 202.4 266.8 156.8 392.3 139.8 264.8 98.6 458.5 119.2 293.1 251.0 369.4 217.5 159.5 266.8 266.8 150.5 503.4 185.9 243.9 139.4 88.1 66.7 402.7 206.1 426.7 200.1 278.5 424.1 383.3 510.8 205.7 480.9 43.9 88.7 315.3 151.6 510.2 138.0 381.6 255.4 200.0 385.0 197.7 325.5 386.4 98.7 468.0 268.0 255.5 186.7 307.1 105.3 205.8 426.5 414.5 416.6 310.2 340.7 310.3 233.8 450.4 290.2 114.3 310.0 335.1 187.8 325.7 216.6 156.9 301.4 372.2 225.0 141.1 479.7 91.5 181.2 202.3 30.0 445.3 209.2 394.7 190.3 241.5 154.6 520.0 165.2 114.4 88.9 363.1 267.4 337.0 125.9 220.3 409.5 0.0 339.7 366.6 407.6 66.9 55.4 314.5 315.1 201.6 354.1 235.8 177.2 274.9 376.2 227.4 99.9 337.8
2171.9 291.2 117.4 210.4 200.7 171.5 84.6 286.9 409.7 178.3 102.6 146.8 164.3 134.3 115.2 228.3 150.3 368.6 493.6 246.2 213.6 232.9 89.7 60.3 171.2 155.0 273.2 500.9 104.4 191.2 230.8 414.7 189.8 204.1 259.0 297.8 148.1 162.4 154.1 170.5 122.5 167.5 85.3 212.8 434.5 174.5 271.5 268.7 139.3 194.8 203.8 258.8 118.0 468.1 426.4 112.4 176.0 45.8 167.9 256.2 195.4 87.1 115.7 379.6 49.1 334.1 129.9 153.9 169.6 109.6 98.4 191.0 539.1 462.6 186.8 66.0 345.4 67.8 75.6 147.9 70.4 148.2 254.9 42.0 99.6 453.8 174.3 207.1 281.9 196.3 133.4 303.5 133.2 430.8 96.7 396.3 69.8 268.3 247.4 394.0 236.6 252.6 56.1 143.5 161.1 228.3 177.5 164.6 335.1 0.0 93.8 135.0 247.7 298.0 69.5 180.9 315.3 47.7 145.5 406.0 509.0 132.2 155.0 247.2 122.6
2194.4 373.9 179.3 293.1 252.7 191.7 167.3 369.6 461.7 198.5 137.5 160.8 247.0 164.6 197.9 311.0 205.4 420.6 545.6 326.2 159.0 284.9 172.4 143.0 134.6 237.7 325.2 583.6 187.1 273.9 194.2 466.7 272.5 286.8 341.7 380.5 117.0 245.1 117.5 253.2 123.2 192.6 84.2 205.2 486.5 216.9 323.5 353.1 212.3 277.5 264.2 338.9 81.4 536.2 480.8 75.8 258.7 100.9 131.3 338.9 158.8 130.2 198.4 431.6 91.0 386.1 212.6 117.3 115.0 120.2 77.3 273.7 591.1 514.6 150.2 107.9 428.1 175.4 54.5 230.6 81.3 230.9 312.8 124.7 63.0 505.8 226.3 170.5 364.6 279.0 216.1 386.2 78.6 490.0 95.6 471.1 152.5 320.3 210.8 446.0 319.3 335.3 87.0 226.2 208.6 311.0 260.2 110.0 417.8 83.0 0.0 98.4 299.7 380.7 170.3 99.1 367.3 109.6 228.2 458.0 591.7 95.6 237.7 329.9 28.8
2127.6 357.5 88.8 280.5 293.5 124.9 212.7 338.3 505.3 131.7 211.9 201.6 281.8 205.4 232.7 339.1 138.6 461.4 596.1 312.9 115.7 355.8 229.4 166.3 102.1 272.5 396.1 591.2 232.5 264.4 95.7 510.3 311.5 278.6 310.4 351.5 84.5 279.9 19.0 288.0 135.2 133.3 75.6 143.9 530.1 155.6 364.3 339.8 145.5 259.0 202.9 320.4 48.9 579.8 495.9 16.5 293.5 146.1 98.8 307.6 60.3 184.9 254.8 504.3 145.7 426.9 229.4 18.8 79.5 53.4 122.7 297.0 641.6 523.9 117.7 162.6 371.5 108.6 99.9 247.4 126.7 265.7 246.0 170.1 25.7 549.4 267.1 72.0 333.3 313.8 232.9 372.9 39.5 565.7 65.2 514.7 175.8 391.2 112.3 486.8 288.0 322.0 104.4 266.7 141.8 284.8 277.0 86.1 398.6 128.4 82.6 0.0 340.5 353.1 103.5 107.7 438.2 98.2 273.6 501.6 599.3 63.1 254.5 298.6 111.4
1969.0 119.4 356.8 121.3 50.2 259.5 240.6 40.8 161.9 345.7 170.6 143.9 141.7 135.4 199.8 89.8 325.3 120.8 245.8 102.7 397.9 52.2 228.8 184.0 302.4 150.5 92.5 247.8 199.8 88.2 436.4 166.9 183.1 123.0 66.7 157.0 335.7 139.1 359.7 133.1 211.5 363.5 316.3 443.8 186.7 413.9 23.7 121.7 251.0 133.2 443.2 71.0 314.6 236.4 181.0 318.0 130.7 261.2 319.4 66.8 401.0 201.0 188.5 167.7 240.1 86.3 138.8 359.5 353.9 349.6 243.2 273.7 291.3 214.8 383.4 223.2 81.4 243.0 268.1 120.8 258.7 149.6 127.1 235.2 305.2 206.0 74.1 412.7 45.0 114.2 135.3 146.4 378.3 190.2 327.7 171.3 174.5 87.6 453.0 146.2 82.5 111.8 296.1 200.4 276.4 89.5 153.3 348.9 115.4 275.4 299.6 340.6 0.0 69.9 247.5 248.1 134.6 287.1 168.8 158.2 255.9 309.2 160.4 78.5 270.8
2043.4 49.4 329.9 91.2 109.4 264.6 271.2 41.0 221.2 350.8 229.8 203.1 200.9 194.6 224.2 149.0 323.7 180.1 305.1 68.6 403.0 116.1 250.5 243.2 361.6 209.7 156.4 307.1 259.0 95.0 428.5 226.2 201.3 97.5 32.6 107.1 394.9 198.3 335.5 192.3 270.7 368.6 375.5 410.7 246.0 387.0 89.4 51.7 272.7 96.1 416.3 110.4 373.8 295.7 240.3 377.2 189.9 282.9 378.6 43.2 393.1 260.2 247.7 207.0 299.3 145.6 198.0 335.7 359.0 407.3 302.4 332.9 350.6 274.1 442.6 282.4 154.7 302.2 327.3 180.0 317.9 205.6 103.5 258.8 364.4 265.3 133.3 404.8 36.0 173.4 194.5 76.4 430.9 249.5 386.9 230.6 233.7 151.5 445.1 205.5 58.9 77.7 353.8 259.6 281.5 70.4 212.5 354.0 45.4 297.1 358.8 399.8 59.1 0.0 306.7 307.3 198.5 345.4 228.0 217.5 315.2 368.4 219.6 44.4 330.0
2084.7 314.6 114.3 237.6 203.1 109.6 105.0 295.4 412.1 127.3 105.0 108.3 184.7 115.0 135.6 248.7 77.9 368.1 496.0 272.7 173.3 232.4 107.2 62.7 228.5 179.1 272.7 500.4 122.2 221.5 198.8 417.1 210.2 235.7 274.8 308.6 205.4 182.8 105.6 190.9 153.7 160.9 142.6 220.6 436.9 171.4 273.9 295.2 105.4 216.1 200.7 280.1 175.3 470.5 428.8 169.7 196.4 27.5 225.2 264.7 163.4 137.1 133.5 379.1 106.4 336.5 186.5 106.0 129.3 103.0 152.8 193.4 538.6 465.0 244.1 116.0 328.6 5.0 132.9 204.5 124.8 168.6 203.1 62.4 154.0 456.2 176.7 177.9 290.4 216.7 192.8 330.0 187.6 440.4 154.0 398.7 72.2 270.7 215.4 396.4 245.1 279.1 100.8 161.3 88.7 241.9 234.1 124.3 355.7 54.3 151.1 192.3 250.1 310.2 0.0 185.8 314.8 64.7 163.3 408.4 511.4 189.5 211.6 255.7 179.9
2216.2 334.9 254.6 299.4 200.1 251.8 227.6 281.7 409.1 258.6 84.9 108.2 209.6 112.0 251.2 203.4 280.0 368.0 493.0 332.5 242.6 232.3 237.6 138.7 88.6 218.4 272.6 495.0 190.5 234.4 222.6 414.1 317.2 293.1 307.6 386.8 121.9 232.0 145.9 226.0 41.8 260.2 165.2 270.8 433.9 282.5 270.9 345.8 272.4 283.8 329.8 246.5 100.8 483.6 428.2 104.2 198.6 187.2 105.6 286.3 187.2 98.8 201.8 379.0 137.9 333.5 190.2 145.7 206.4 180.3 92.1 208.4 538.5 462.0 169.6 121.0 328.6 197.7 117.0 172.2 127.8 242.5 341.1 189.9 91.4 453.2 173.7 198.9 285.9 207.1 186.7 355.3 166.4 437.4 176.6 418.5 129.2 267.7 239.2 393.4 302.0 341.6 165.2 221.3 291.0 289.6 180.1 213.0 325.2 169.3 118.0 126.8 247.1 310.8 202.2 0.0 314.7 184.9 169.6 405.4 503.1 95.4 202.6 319.4 89.2
2012.8 250.9 444.0 206.0 144.9 378.7 374.8 191.9 205.7 464.9 265.3 238.6 236.4 230.1 327.8 184.5 420.2 251.0 309.7 241.8 517.1 94.4 354.1 278.7 397.1 241.7 54.4 291.6 294.5 208.8 531.1 210.7 304.9 199.7 216.2 293.4 419.8 233.8 449.6 227.8 313.6 482.7 411.0 524.8 230.5 501.1 165.5 256.1 376.3 209.9 530.4 162.1 409.3 280.2 178.3 412.7 225.4 315.7 414.1 190.6 495.7 296.9 283.2 90.7 334.8 228.1 233.5 449.8 473.1 444.3 337.9 368.4 380.7 248.4 478.1 317.9 214.5 337.7 362.8 215.5 353.4 244.3 250.5 362.4 399.9 249.8 168.8 507.4 196.1 208.9 230.0 277.9 473.0 217.0 422.4 215.1 269.2 58.7 547.7 193.5 206.3 248.2 390.8 295.1 395.6 166.2 248.0 468.1 246.9 401.2 394.3 435.3 141.7 201.4 339.4 342.8 0.0 381.8 263.5 202.0 299.7 403.9 255.1 228.0 365.5
2126.4 348.3 69.6 267.5 248.6 123.7 141.7 337.1 457.6 136.7 150.5 196.6 221.4 184.1 172.3 285.4 137.4 416.5 541.5 303.3 180.4 280.8 146.8 108.2 187.5 212.1 321.1 548.8 161.5 248.3 186.2 462.6 246.9 261.2 309.2 350.3 164.4 219.5 93.0 227.6 138.8 130.1 101.6 178.8 482.4 126.7 319.4 325.8 144.3 251.9 156.0 315.9 134.3 516.0 474.3 128.7 233.1 75.9 184.2 306.4 184.0 85.4 172.8 427.5 47.4 382.0 187.0 93.4 116.7 76.3 114.7 238.9 587.0 510.5 203.1 64.3 370.3 107.4 91.9 205.0 86.7 205.3 244.8 99.1 115.9 501.7 222.2 195.7 332.1 253.4 190.5 360.6 149.5 485.9 113.0 444.2 117.7 316.2 227.2 441.9 286.8 309.7 72.4 200.6 140.6 283.6 234.6 111.7 392.2 57.0 110.1 151.3 295.6 351.9 105.2 182.5 363.2 0.0 202.6 453.9 556.9 148.5 212.1 297.4 138.9
2182.7 317.6 267.6 236.8 135.4 268.0 109.0 217.0 344.4 279.5 81.4 54.7 123.0 42.2 141.6 138.7 236.1 303.3 428.3 269.9 367.1 167.6 132.1 94.8 213.2 131.8 207.9 430.3 51.0 217.6 347.2 349.4 216.2 230.5 285.4 324.2 246.5 188.8 270.5 196.9 122.3 322.4 227.1 354.6 369.2 324.7 206.2 296.8 181.7 221.2 354.0 181.8 225.4 418.9 363.5 228.8 112.0 138.7 230.2 282.6 311.8 111.8 45.2 314.3 150.9 268.8 84.9 270.3 323.1 260.4 154.0 184.5 473.8 397.3 294.2 134.0 263.9 153.8 178.9 76.7 169.5 174.6 281.3 114.6 216.0 388.5 109.0 323.5 308.3 222.7 88.4 329.9 286.7 372.7 238.5 353.8 85.3 203.0 363.8 328.7 263.0 279.0 206.9 51.6 247.1 254.7 49.9 318.1 260.5 152.9 210.4 251.4 182.4 324.4 158.3 158.9 250.0 197.9 0.0 340.7 438.4 220.0 72.4 273.6 181.6
1886.8 194.9 461.3 258.8 199.7 396.0 390.1 190.3 98.5 488.4 320.1 293.4 291.2 284.9 349.3 239.3 455.3 153.6 100.0 221.1 534.4 242.0 378.3 333.5 451.9 296.5 202.0 184.4 349.3 237.7 559.9 7.6 332.6 265.1 216.2 171.1 477.6 288.6 466.7 282.6 368.4 500.0 465.8 542.1 123.3 518.4 126.4 228.2 400.5 282.7 547.7 216.9 464.1 173.0 93.0 467.5 280.2 370.5 468.9 216.3 524.5 350.5 338.0 128.2 389.6 134.1 288.3 467.1 490.4 499.1 392.7 389.9 199.1 21.2 532.9 372.7 111.2 392.5 417.6 270.3 408.2 299.1 276.6 384.7 454.7 142.6 223.6 536.2 194.5 263.7 284.8 189.6 527.8 62.2 477.2 107.9 324.0 206.3 576.5 108.2 232.0 214.6 445.6 349.9 412.9 239.0 302.8 485.4 159.5 425.4 449.1 490.1 149.4 212.9 394.2 397.6 190.8 436.6 318.3 0.0 192.5 458.7 309.9 228.0 420.3
1814.7 293.4 559.8 357.3 343.0 494.5 488.6 288.8 134.0 580.7 418.6 434.4 389.7 383.4 477.1 337.8 588.2 264.2 197.0 322.8 632.9 375.2 503.4 446.9 550.4 398.5 300.5 53.7 447.8 359.3 658.4 182.0 454.2 363.6 314.7 269.6 583.7 387.1 565.4 381.1 459.5 598.5 564.3 640.6 228.8 616.9 224.9 326.7 525.6 408.7 646.2 319.0 562.6 190.5 191.5 566.0 378.7 498.2 567.4 314.8 623.0 449.0 436.5 226.7 488.1 232.6 386.8 565.6 588.9 597.6 491.2 407.4 175.0 195.6 631.4 471.2 209.7 505.9 516.1 368.8 506.7 397.6 375.1 498.1 553.2 210.3 322.1 634.7 293.0 362.2 383.3 288.1 626.3 229.8 575.7 125.4 437.4 304.8 675.0 206.7 330.5 313.1 544.1 448.4 511.4 337.5 401.3 583.9 258.0 512.4 547.6 588.6 247.9 311.4 510.4 496.1 289.3 535.1 416.8 173.3 0.0 557.2 408.4 326.5 518.8
2213.1 418.8 174.3 338.0 264.4 210.4 212.2 414.5 473.4 217.2 149.2 172.5 291.9 176.3 242.8 267.7 224.1 432.3 557.3 371.1 201.2 296.6 217.3 187.9 73.0 282.6 336.9 559.3 232.0 318.8 181.2 478.4 317.4 331.7 386.6 425.4 26.4 290.0 104.5 298.1 106.1 218.8 129.1 229.4 498.2 241.1 335.2 398.0 231.0 322.4 288.4 383.8 53.2 547.9 492.5 62.8 303.6 145.8 69.7 383.8 145.8 175.1 243.3 443.3 135.9 397.8 257.5 104.3 165.0 138.9 122.2 272.7 602.8 526.3 108.5 152.8 457.0 194.1 99.4 275.5 126.2 275.8 331.5 169.6 50.0 517.5 238.0 157.5 409.5 323.9 261.0 431.1 125.0 501.7 140.5 482.8 197.4 332.0 197.8 457.7 364.2 380.2 131.9 271.1 227.3 355.9 305.1 171.6 462.7 127.9 82.1 85.4 311.4 425.6 189.0 78.6 379.0 154.5 273.1 469.7 567.4 0.0 282.6 374.8 110.9
2137.1 272.0 289.6 191.2 114.7 186.3 145.7 267.7 323.7 272.5 114.4 87.7 120.3 75.2 96.0 118.0 265.4 282.6 407.6 227.0 324.7 146.9 125.0 127.8 246.2 129.1 187.2 409.6 96.0 172.0 380.2 328.7 170.6 184.9 241.6 278.6 271.9 143.2 257.2 151.3 162.7 290.3 257.5 332.4 348.5 346.7 185.5 249.5 147.2 175.6 376.0 239.6 258.4 398.2 340.4 261.8 109.3 161.1 263.2 237.0 344.8 144.8 84.7 293.6 183.9 248.1 35.0 257.4 280.7 281.8 187.0 217.5 453.1 376.6 327.2 167.0 326.2 183.1 211.9 29.5 202.5 129.0 235.7 133.3 249.0 367.8 88.3 356.5 262.7 177.1 31.5 284.3 305.4 352.0 268.9 333.1 118.3 182.3 396.8 308.0 217.4 233.4 228.3 96.6 203.2 209.1 22.4 275.7 315.9 172.1 243.4 284.4 161.7 278.8 184.8 191.9 229.3 219.9 52.4 320.0 417.7 253.0 0.0 228.0 214.6
1998.9 71.8 285.4 46.7 115.7 220.1 227.4 39.6 259.8 306.3 236.1 209.4 207.2 200.9 180.4 155.3 279.2 212.6 337.6 24.1 358.5 132.7 206.7 249.5 367.9 201.8 173.0 345.7 249.1 111.6 384.0 264.8 157.5 53.0 11.7 78.4 401.2 176.0 291.0 184.1 277.0 324.1 339.2 366.2 284.6 342.5 143.9 51.0 228.9 93.2 371.8 127.0 380.1 334.3 293.2 366.3 196.2 239.1 384.9 59.8 348.6 266.5 237.8 205.6 303.0 178.1 204.3 291.2 314.5 363.5 308.7 339.2 383.1 278.4 448.9 288.7 126.0 264.8 329.5 186.3 324.2 161.8 70.5 215.0 353.5 303.9 139.6 360.3 34.6 179.7 200.8 84.1 387.1 282.0 350.6 269.2 240.0 168.1 400.6 238.0 72.2 33.2 310.0 249.7 237.0 87.0 218.8 309.5 99.9 253.3 347.7 388.9 113.6 54.4 269.3 313.6 212.0 301.6 234.3 256.1 353.8 374.7 225.9 0.0 336.3
2223.2 402.7 208.1 321.9 223.9 220.5 196.1 305.5 432.9 227.3 108.7 132.0 275.8 135.8 226.7 227.2 234.2 391.8 516.8 355.0 187.8 256.1 201.2 171.8 124.6 266.5 296.4 518.8 215.9 302.7 223.0 437.9 301.3 315.6 370.5 409.3 157.9 273.9 146.3 282.0 65.6 221.4 113.0 234.0 457.7 245.7 294.7 381.9 241.1 306.3 293.0 270.3 110.2 507.4 452.0 104.6 287.5 129.7 141.6 367.7 187.6 159.0 227.2 402.8 119.8 357.3 241.4 146.1 143.8 149.0 106.1 232.2 562.3 485.8 179.0 136.7 352.4 204.2 83.3 259.4 110.1 259.7 341.6 153.5 91.8 477.0 197.5 199.3 393.4 307.8 244.9 415.0 107.4 461.2 124.4 442.3 181.3 291.5 239.6 417.2 348.1 364.1 115.8 255.0 237.4 339.8 289.0 138.8 349.0 111.8 28.8 127.2 270.9 409.5 199.1 70.3 338.5 138.4 257.0 429.2 526.9 131.4 266.5 358.7 0.0
