Name		1511_BED-Amazon_n153_m242_bt31
Number_of_Customers	153
Number_of_Items		242
Number_of_ItemTypes	31
Number_of_Vehicles	1
TimeWindows		0
Dist_type	manual

VEHICLE
Mass_Capacity	2071
CargoSpace_Length	174
CargoSpace_Width	61
CargoSpace_Height	84

CUSTOMERS
i	x	y	Demand	ReadyTime	DueDate	ServiceTime	DemandedMass	DemandedVolume
0	47.937344	-122.244952	0	0	0	0	0	0
1	47.690266	-122.184902	1	0	0	0	2.5	3978
2	47.689551	-122.184936	1	0	0	0	4.7	1380
3	47.681222	-122.206631	1	0	0	0	0.7	2640
4	47.68541	-122.201649	1	0	0	0	4.7	1380
5	47.69283	-122.201211	2	0	0	0	5.62	11100
6	47.69345	-122.184092	2	0	0	0	5.4	4020
7	47.687487	-122.192776	1	0	0	0	2.91	13520
8	47.681272	-122.185694	1	0	0	0	1.75	4608
9	47.682125	-122.205098	1	0	0	0	0.7	2640
10	47.684004	-122.194141	2	0	0	0	11.96	7990
11	47.695522	-122.186461	2	0	0	0	15.3	9920
12	47.688677	-122.20262	2	0	0	0	6.45	5988
13	47.68237	-122.187788	1	0	0	0	7.3	3640
14	47.681776	-122.208458	1	0	0	0	3.01	5544
15	47.688391	-122.188191	1	0	0	0	4.7	1380
16	47.686672	-122.187999	1	0	0	0	4.8	6200
17	47.691948	-122.184889	2	0	0	0	7.85	28880
18	47.684091	-122.189025	1	0	0	0	3.44	17100
19	47.683509	-122.208503	1	0	0	0	0.7	2640
20	47.681242	-122.204759	1	0	0	0	3.01	5544
21	47.692443	-122.188649	1	0	0	0	0.7	2640
22	47.684983	-122.186934	1	0	0	0	3.82	8580
23	47.691449	-122.203611	2	0	0	0	7.2	5358
24	47.687941	-122.193461	1	0	0	0	7.3	3640
25	47.687482	-122.191953	1	0	0	0	7.3	3640
26	47.690907	-122.186485	3	0	0	0	7.89	11891
27	47.681516	-122.187834	1	0	0	0	12.4	25080
28	47.683047	-122.184696	1	0	0	0	4.7	1380
29	47.689232	-122.204603	1	0	0	0	0.7	2640
30	47.687697	-122.202838	3	0	0	0	8.6	7068
31	47.681493	-122.189599	1	0	0	0	2.6	10400
32	47.694465	-122.189943	3	0	0	0	23.35	5816
33	47.680571	-122.211699	1	0	0	0	4.7	1380
34	47.68492	-122.204935	1	0	0	0	7.8	31200
35	47.693191	-122.188479	2	0	0	0	5.4	4020
36	47.687375	-122.189917	1	0	0	0	4.7	1380
37	47.688673	-122.206452	1	0	0	0	4.7	1380
38	47.680569	-122.213392	1	0	0	0	5.29	8075
39	47.685525	-122.197216	1	0	0	0	7.85	19980
40	47.687862	-122.199136	1	0	0	0	4.7	1380
41	47.684858	-122.19593	1	0	0	0	4.7	1380
42	47.693165	-122.192616	1	0	0	0	7.3	3640
43	47.684869	-122.195199	1	0	0	0	0.7	2640
44	47.687213	-122.205288	1	0	0	0	3.82	7600
45	47.695269	-122.184964	1	0	0	0	0.7	2640
46	47.680878	-122.212175	1	0	0	0	3.44	17100
47	47.68885	-122.183098	2	0	0	0	2.6	3816
48	47.689621	-122.190017	2	0	0	0	2.85	3720
49	47.682398	-122.185505	2	0	0	0	4.5	11576
50	47.68879	-122.184331	1	0	0	0	14.6	7280
51	47.695407	-122.185927	5	0	0	0	30.25	36108
52	47.679315	-122.211412	2	0	0	0	3.7	3696
53	47.684594	-122.204446	2	0	0	0	8.52	9960
54	47.680428	-122.206957	1	0	0	0	3.82	7600
55	47.686871	-122.185322	1	0	0	0	0.7	2640
56	47.678508	-122.208357	1	0	0	0	7.3	3640
57	47.690312	-122.204879	3	0	0	0	5.61	9360
58	47.685284	-122.199306	2	0	0	0	6.5	3900
59	47.693199	-122.203891	1	0	0	0	0.7	2640
60	47.692269	-122.202603	1	0	0	0	4.7	1380
61	47.684128	-122.186746	2	0	0	0	10.1	5400
62	47.692541	-122.198555	1	0	0	0	2.94	14904
63	47.687996	-122.183956	2	0	0	0	7.3	11780
64	47.686681	-122.183631	1	0	0	0	4.7	1380
65	47.682364	-122.188361	1	0	0	0	1.75	4608
66	47.688609	-122.200374	2	0	0	0	8.0	6280
67	47.684914	-122.204458	1	0	0	0	4.7	1380
68	47.6918	-122.185614	1	0	0	0	4.7	1380
69	47.68853	-122.208693	1	0	0	0	0.7	2640
70	47.686379	-122.190369	2	0	0	0	7.71	6924
71	47.69374	-122.1897	1	0	0	0	4.7	1380
72	47.681498	-122.189318	1	0	0	0	4.7	1380
73	47.687274	-122.206128	2	0	0	0	9.36	5730
74	47.681506	-122.188688	1	0	0	0	4.7	1380
75	47.692743	-122.19831	1	0	0	0	0.7	2640
76	47.684882	-122.194143	1	0	0	0	4.8	6200
77	47.684122	-122.187219	2	0	0	0	8.52	8980
78	47.686292	-122.201419	2	0	0	0	6.45	5988
79	47.69269	-122.199035	1	0	0	0	2.5	3978
80	47.684694	-122.206614	3	0	0	0	7.51	17120
81	47.689639	-122.201533	1	0	0	0	1.4	5280
82	47.692621	-122.190629	1	0	0	0	1.77	9425
83	47.69365	-122.182427	1	0	0	0	4.7	1380
84	47.686961	-122.20332	1	0	0	0	2.5	3978
85	47.682154	-122.20295	1	0	0	0	4.7	1380
86	47.685892	-122.183893	4	0	0	0	18.11	49245
87	47.685553	-122.206697	2	0	0	0	6.45	5988
88	47.687041	-122.203864	1	0	0	0	4.7	1380
89	47.68955	-122.184575	2	0	0	0	5.4	4020
90	47.681519	-122.187649	2	0	0	0	17.03	19608
91	47.69542	-122.183561	2	0	0	0	12.45	13524
92	47.689179	-122.196161	1	0	0	0	2.5	3978
93	47.684275	-122.20294	1	0	0	0	4.7	1380
94	47.684271	-122.199273	1	0	0	0	4.7	1380
95	47.692802	-122.185661	3	0	0	0	11.88	25434
96	47.69423	-122.19068	1	0	0	0	5.29	8075
97	47.686206	-122.201187	2	0	0	0	9.8	7618
98	47.683222	-122.188802	1	0	0	0	2.15	1080
99	47.69004	-122.193348	1	0	0	0	0.7	2640
100	47.691877	-122.188025	2	0	0	0	6.32	11578
101	47.685119	-122.198281	2	0	0	0	16.7	6400
102	47.687609	-122.183401	1	0	0	0	1.4	5280
103	47.683641	-122.191324	2	0	0	0	11.2	5280
104	47.692503	-122.199726	2	0	0	0	9.05	8248
105	47.685109	-122.199299	1	0	0	0	5.29	8075
106	47.686638	-122.192961	1	0	0	0	1.4	5280
107	47.679102	-122.208369	1	0	0	0	4.7	1380
108	47.683849	-122.204421	1	0	0	0	4.7	1380
109	47.690679	-122.206475	1	0	0	0	4.7	1380
110	47.685281	-122.200904	1	0	0	0	4.7	1380
111	47.688559	-122.190311	1	0	0	0	1.75	4608
112	47.684729	-122.191201	1	0	0	0	4.7	1380
113	47.68176	-122.211749	1	0	0	0	4.7	1380
114	47.694748	-122.184668	1	0	0	0	4.7	1380
115	47.694701	-122.18808	3	0	0	0	7.56	43520
116	47.69505	-122.18859	3	0	0	0	20.85	8376
117	47.681113	-122.213459	1	0	0	0	0.7	2640
118	47.692527	-122.206236	3	0	0	0	14.94	19924
119	47.679515	-122.210043	1	0	0	0	4.7	1380
120	47.693683	-122.186538	2	0	0	0	6.6	2556
121	47.686281	-122.183777	1	0	0	0	4.7	1380
122	47.69179	-122.183332	1	0	0	0	1.75	4608
123	47.685245	-122.185052	1	0	0	0	1.75	4608
124	47.684963	-122.187941	1	0	0	0	1.9	1176
125	47.691729	-122.206515	1	0	0	0	4.7	1380
126	47.684076	-122.190134	2	0	0	0	6.85	2460
127	47.68777	-122.208662	3	0	0	0	12.8	12480
128	47.68744	-122.184865	1	0	0	0	9.4	2760
129	47.690078	-122.205617	2	0	0	0	3.76	16800
130	47.684401	-122.201354	1	0	0	0	4.7	1380
131	47.688749	-122.208702	1	0	0	0	4.7	1380
132	47.686039	-122.20295	1	0	0	0	4.7	1380
133	47.685237	-122.190309	1	0	0	0	0.7	2640
134	47.68821	-122.198248	3	0	0	0	8.15	13092
135	47.686219	-122.199108	1	0	0	0	4.7	1380
136	47.686408	-122.207215	1	0	0	0	4.7	1380
137	47.68146	-122.211284	1	0	0	0	2.26	6120
138	47.68804	-122.188297	2	0	0	0	7.71	6924
139	47.692676	-122.183629	2	0	0	0	2.45	7248
140	47.682806	-122.186008	3	0	0	0	13.62	15218
141	47.680729	-122.203899	1	0	0	0	2.5	3978
142	47.689551	-122.185374	3	0	0	0	13.75	9628
143	47.680253	-122.212893	1	0	0	0	1.75	4608
144	47.686694	-122.186477	1	0	0	0	9.4	2760
145	47.683249	-122.186754	1	0	0	0	4.7	1380
146	47.695629	-122.186874	2	0	0	0	6.1	6660
147	47.687181	-122.208628	3	0	0	0	8.4	5076
148	47.68888	-122.203887	1	0	0	0	4.7	1380
149	47.685277	-122.204469	1	0	0	0	1.75	4608
150	47.688132	-122.208361	2	0	0	0	5.92	19064
151	47.691252	-122.205596	1	0	0	0	4.7	1380
152	47.683205	-122.190245	1	0	0	0	0.7	2640
153	47.694274	-122.191891	1	0	0	0	5.25	18480

ITEMS
Type	Length	Width	Height	Mass	Fragility	LoadBearingStrength
Bt1	10	10	10	14.15	1	0
Bt2	18	12	5	2.15	1	0
Bt3	21	14	4	1.9	1	0
Bt4	23	15	4	4.7	1	0
Bt5	20	18	7	1.8	1	0
Bt6	15	11	16	0.7	1	0
Bt7	20	14	13	7.3	1	0
Bt8	17	13	18	2.5	1	0
Bt9	29	15	10	4.66	1	0
Bt10	24	12	16	1.75	1	0
Bt11	28	22	9	3.01	1	0
Bt12	30	17	12	2.26	1	0
Bt13	31	20	10	4.8	1	0
Bt14	40	19	10	3.82	1	0
Bt15	25	19	17	5.29	1	0
Bt16	22	15	26	3.816	1	0
Bt17	28	18	18	2.75	1	0
Bt18	29	25	13	1.77	1	0
Bt19	25	21	18	3.5	1	0
Bt20	40	20	13	2.6	1	0
Bt21	26	23	18	3.05	1	0
Bt22	26	20	26	2.91	1	0
Bt23	59	20	12	3.06	1	0
Bt24	27	23	24	2.94	1	0
Bt25	39	27	16	7.63	1	0
Bt26	57	15	20	3.44	1	0
Bt27	33	20	28	5.25	1	0
Bt28	37	20	27	7.85	1	0
Bt29	41	20	29	3.42	1	0
Bt30	38	30	22	12.4	1	0
Bt31	38	37	20	7.568	1	0

DEMANDS PER CUSTOMER
i	Type Quantity
1	Bt8 1	
2	Bt4 1	
3	Bt6 1	
4	Bt4 1	
5	Bt5 1	Bt16 1	
6	Bt4 1	Bt6 1	
7	Bt22 1	
8	Bt10 1	
9	Bt6 1	
10	Bt7 1	Bt9 1	
11	Bt7 2	Bt6 1	
12	Bt4 1	Bt10 1	
13	Bt7 1	
14	Bt11 1	
15	Bt4 1	
16	Bt13 1	
17	Bt20 1	Bt27 1	
18	Bt26 1	
19	Bt6 1	
20	Bt11 1	
21	Bt6 1	
22	Bt16 1	
23	Bt8 1	Bt4 1	
24	Bt7 1	
25	Bt7 1	
26	Bt6 1	Bt3 1	Bt15 1	
27	Bt30 1	
28	Bt4 1	
29	Bt6 1	
30	Bt10 1	Bt4 1	Bt2 1	
31	Bt20 1	
32	Bt7 1	Bt3 1	Bt1 1	
33	Bt4 1	
34	Bt20 3	
35	Bt4 1	Bt6 1	
36	Bt4 1	
37	Bt4 1	
38	Bt15 1	
39	Bt28 1	
40	Bt4 1	
41	Bt4 1	
42	Bt7 1	
43	Bt6 1	
44	Bt14 1	
45	Bt6 1	
46	Bt26 1	
47	Bt3 1	Bt6 1	
48	Bt2 1	Bt6 1	
49	Bt20 1	Bt3 1	
50	Bt7 2	
51	Bt4 2	Bt19 2	Bt13 1	Bt7 1	Bt10 1	
52	Bt5 1	Bt3 1	
53	Bt4 1	Bt16 1	
54	Bt14 1	
55	Bt6 1	
56	Bt7 1	
57	Bt3 1	Bt11 1	Bt6 1	
58	Bt5 1	Bt4 1	
59	Bt6 1	
60	Bt4 1	
61	Bt4 2	Bt6 1	
62	Bt24 1	
63	Bt20 1	Bt4 1	
64	Bt4 1	
65	Bt10 1	
66	Bt7 1	Bt6 1	
67	Bt4 1	
68	Bt4 1	
69	Bt6 1	
70	Bt11 1	Bt4 1	
71	Bt4 1	
72	Bt4 1	
73	Bt4 1	Bt9 1	
74	Bt4 1	
75	Bt6 1	
76	Bt13 1	
77	Bt4 1	Bt14 1	
78	Bt4 1	Bt10 1	
79	Bt8 1	
80	Bt11 1	Bt20 1	Bt3 1	
81	Bt6 2	
82	Bt18 1	
83	Bt4 1	
84	Bt8 1	
85	Bt4 1	
86	Bt8 1	Bt31 1	Bt17 1	Bt15 1	
87	Bt10 1	Bt4 1	
88	Bt4 1	
89	Bt6 1	Bt4 1	
90	Bt4 2	Bt25 1	
91	Bt4 2	Bt21 1	
92	Bt8 1	
93	Bt4 1	
94	Bt4 1	
95	Bt25 1	Bt10 1	Bt8 1	
96	Bt15 1	
97	Bt8 1	Bt7 1	
98	Bt2 1	
99	Bt6 1	
100	Bt14 1	Bt8 1	
101	Bt4 2	Bt7 1	
102	Bt6 2	
103	Bt4 2	Bt5 1	
104	Bt7 1	Bt10 1	
105	Bt15 1	
106	Bt6 2	
107	Bt4 1	
108	Bt4 1	
109	Bt4 1	
110	Bt4 1	
111	Bt10 1	
112	Bt4 1	
113	Bt4 1	
114	Bt4 1	
115	Bt29 1	Bt6 1	Bt26 1	
116	Bt13 1	Bt3 1	Bt1 1	
117	Bt6 1	
118	Bt24 1	Bt7 1	Bt4 1	
119	Bt4 1	
120	Bt3 1	Bt4 1	
121	Bt4 1	
122	Bt10 1	
123	Bt10 1	
124	Bt3 1	
125	Bt4 1	
126	Bt2 1	Bt4 1	
127	Bt13 1	Bt7 1	Bt6 1	
128	Bt4 2	
129	Bt6 1	Bt23 1	
130	Bt4 1	
131	Bt4 1	
132	Bt4 1	
133	Bt6 1	
134	Bt4 1	Bt17 1	Bt6 1	
135	Bt4 1	
136	Bt4 1	
137	Bt12 1	
138	Bt4 1	Bt11 1	
139	Bt6 1	Bt10 1	
140	Bt8 1	Bt7 1	Bt14 1	
141	Bt8 1	
142	Bt4 1	Bt7 1	Bt10 1	
143	Bt10 1	
144	Bt4 2	
145	Bt4 1	
146	Bt4 1	Bt6 2	
147	Bt5 1	Bt3 1	Bt4 1	
148	Bt4 1	
149	Bt10 1	
150	Bt11 1	Bt22 1	
151	Bt4 1	
152	Bt6 1	
153	Bt27 1	

DISTANCE MATRIX
0.0 2350.8 2257.3 2299.5 2332.8 2451.2 2367.5 2271.3 2123.3 2285.5 2271.2 2356.2 2353.0 2174.7 2297.8 2278.5 2228.8 2292.5 2195.5 2327.5 2277.9 2329.7 2190.5 2400.0 2293.3 2262.4 2252.2 2101.5 2185.7 2374.2 2338.7 2127.1 2422.1 2353.2 2335.4 2327.4 2262.7 2388.7 2378.7 2223.9 2290.7 2235.4 2382.3 2245.2 2343.9 2361.3 2365.9 2284.4 2269.0 2138.7 2302.0 2350.4 2398.0 2297.7 2256.4 2225.9 2330.2 2390.8 2287.4 2475.6 2391.3 2171.7 2472.5 2254.6 2254.2 2180.1 2377.4 2301.6 2284.2 2418.4 2205.0 2362.2 2122.6 2351.5 2112.6 2469.4 2259.5 2183.3 2308.0 2456.1 2360.6 2357.8 2388.0 2386.7 2320.4 2259.3 2238.2 2352.9 2327.9 2261.7 2104.3 2396.3 2367.9 2319.0 2263.2 2300.5 2419.9 2303.6 2184.4 2353.3 2305.5 2287.4 2280.3 2184.0 2446.5 2284.1 2307.1 2318.8 2286.7 2435.5 2297.4 2240.5 2213.2 2324.8 2357.8 2368.4 2389.8 2370.5 2471.4 2377.8 2297.6 2245.6 2356.4 2190.0 2205.4 2443.4 2180.5 2403.6 2238.3 2428.3 2278.5 2422.3 2378.4 2197.1 2279.3 2287.0 2397.4 2318.8 2290.1 2315.1 2132.4 2233.3 2268.0 2371.8 2210.8 2163.8 2374.0 2385.8 2384.9 2308.4 2420.4 2454.1 2163.9 2394.8
2410.8 0.0 182.4 527.9 514.7 618.1 199.2 254.8 290.1 528.3 487.1 187.9 519.9 288.8 534.4 212.8 215.1 77.1 273.8 564.1 507.9 143.4 230.2 566.9 276.8 245.9 128.5 295.7 319.8 541.1 505.6 324.4 253.8 589.8 572.0 159.1 247.0 555.6 615.3 390.8 457.6 358.1 214.8 347.7 510.8 193.0 602.5 225.4 189.6 272.8 227.1 182.1 618.8 534.3 493.0 232.2 554.2 557.7 457.3 642.5 558.2 236.0 639.4 248.8 260.5 299.1 544.3 538.2 86.5 585.3 256.5 193.9 319.9 518.4 309.9 636.3 332.7 247.6 474.9 623.0 597.2 524.7 219.7 218.4 487.3 502.1 244.5 554.8 494.8 186.8 292.9 228.0 534.8 524.2 480.2 107.9 251.6 470.5 282.9 278.8 119.2 454.3 274.6 312.5 613.4 460.6 314.9 545.1 523.3 602.4 472.8 227.4 312.3 561.4 189.5 200.1 221.5 607.1 638.3 614.4 129.3 251.9 126.4 237.5 245.1 610.3 288.8 570.5 244.6 595.2 491.5 589.2 550.5 274.5 446.2 453.9 582.5 555.4 224.4 85.1 247.1 469.9 193.1 608.4 197.1 253.9 205.7 571.7 551.8 545.0 587.3 621.0 303.4 245.3
2298.6 143.7 0.0 415.7 402.5 505.9 160.4 142.6 177.9 416.1 374.9 149.1 407.7 176.6 422.2 100.6 102.9 85.4 161.6 451.9 395.7 122.6 118.0 454.7 164.6 133.7 45.1 183.5 207.6 428.9 393.4 212.2 215.0 477.6 459.8 120.3 134.8 443.4 503.1 278.6 345.4 245.9 176.0 235.5 398.6 154.2 490.3 42.9 81.0 160.6 60.1 143.3 506.6 422.1 380.8 95.0 442.0 445.5 345.1 530.3 446.0 123.8 527.2 66.3 148.3 186.9 432.1 426.0 77.1 473.1 144.3 155.1 207.7 406.2 197.7 524.1 220.5 135.4 362.7 510.8 485.0 412.5 180.9 179.6 375.1 389.9 132.3 442.6 382.6 4.4 180.7 189.2 422.6 412.0 368.0 93.4 212.8 358.3 170.7 170.2 98.4 342.1 92.1 200.3 501.2 348.4 202.7 432.9 411.1 490.2 360.6 118.8 200.1 449.2 150.7 161.3 182.7 494.9 526.1 502.2 90.5 139.7 149.3 125.3 132.9 498.1 176.6 458.3 82.6 483.0 379.3 477.0 438.3 162.3 334.0 341.7 470.3 443.2 112.2 108.0 134.9 357.7 26.1 496.2 84.9 141.7 166.9 459.5 439.6 432.8 475.1 508.8 191.2 206.5
2283.1 493.5 400.0 0.0 185.8 316.2 510.2 287.3 266.0 55.5 238.4 498.9 247.7 280.4 38.1 390.2 351.6 435.2 285.5 67.8 21.6 472.4 333.2 234.8 283.6 296.2 394.9 262.2 328.4 177.1 212.8 238.9 564.8 137.7 138.4 470.1 336.8 195.3 163.2 191.1 230.1 202.6 472.3 212.4 167.0 504.0 150.4 427.1 359.0 281.4 444.7 493.1 156.1 100.7 40.9 368.6 88.3 193.7 185.0 278.5 274.0 314.4 341.2 397.3 396.9 270.1 272.0 104.6 426.9 152.4 295.0 504.9 243.4 157.5 253.4 338.1 226.7 326.0 194.0 324.8 107.9 222.5 488.3 529.4 159.9 82.4 380.9 125.4 154.6 404.4 265.0 539.0 317.2 122.0 160.8 443.2 562.6 189.6 274.4 443.3 448.2 213.2 423.0 274.0 315.2 181.7 274.3 79.2 89.7 232.8 150.4 330.5 303.2 109.3 500.5 511.1 532.5 155.0 270.1 162.3 440.3 388.3 499.1 332.7 348.1 242.1 270.5 137.6 381.0 246.0 131.5 156.3 181.4 287.1 246.5 214.0 137.7 103.3 401.8 457.8 275.1 44.8 410.7 156.3 353.5 306.5 516.7 126.1 187.8 111.4 154.4 255.6 253.9 484.8
2356.8 512.3 418.8 182.9 0.0 270.4 529.0 262.3 331.1 152.9 242.4 517.7 201.9 345.5 191.0 365.2 345.7 454.0 350.6 161.3 161.3 491.2 398.3 189.0 258.6 271.2 413.7 327.3 393.5 131.3 167.0 304.0 586.2 275.4 111.4 485.0 311.8 163.8 300.9 135.8 184.3 177.6 464.6 187.4 119.0 522.8 288.1 461.8 351.3 346.5 463.5 511.9 292.9 92.9 195.2 404.1 248.9 147.9 109.0 232.7 228.2 379.5 295.4 432.8 432.4 335.2 226.2 89.0 445.7 172.4 321.3 500.4 308.5 141.1 318.5 292.3 201.7 391.1 113.0 279.0 128.9 176.7 480.6 548.2 114.1 126.7 416.4 92.1 108.8 423.2 330.1 557.8 271.4 94.3 133.2 462.0 584.0 108.6 339.5 435.6 467.0 132.2 458.5 339.1 269.4 112.3 249.3 239.8 103.8 201.6 69.4 322.8 377.1 263.6 519.3 529.9 553.9 271.6 246.4 262.8 459.1 423.8 517.9 397.8 413.2 218.4 335.6 157.6 416.5 196.4 61.6 176.3 87.8 357.6 193.6 133.0 134.7 257.6 376.8 476.6 340.2 156.1 429.5 294.0 368.8 371.6 535.5 146.1 142.0 82.2 174.4 229.1 319.0 477.1
2496.2 594.2 500.7 292.5 237.6 0.0 610.9 344.2 450.1 261.4 324.3 599.6 122.4 464.5 307.0 447.1 427.6 535.9 474.9 277.3 270.9 573.1 502.0 56.1 340.5 353.1 498.6 446.3 512.5 127.7 178.6 423.0 668.1 324.4 221.9 566.9 393.7 178.0 349.9 217.7 195.4 259.5 546.5 269.3 174.4 604.7 337.1 543.3 432.0 465.5 545.4 593.8 341.9 203.4 307.4 486.0 364.9 104.4 225.7 134.8 68.4 504.7 122.2 512.9 514.3 454.2 176.5 199.5 527.6 192.0 403.2 582.3 427.5 182.0 437.5 119.1 283.6 501.9 162.1 105.8 257.4 115.2 562.5 630.1 160.3 279.5 498.3 220.6 167.8 505.1 449.1 633.5 209.9 247.1 248.0 543.9 665.9 166.5 458.5 517.5 548.9 247.0 540.4 459.2 96.2 227.1 338.7 355.8 214.3 170.9 195.7 404.7 459.0 314.0 601.2 611.8 645.9 320.6 129.9 311.8 541.0 505.7 599.8 509.3 495.7 102.5 459.9 207.5 498.4 170.5 214.4 186.7 266.1 439.5 177.6 247.8 246.1 308.0 464.6 558.5 459.2 266.6 494.1 343.0 450.7 490.6 617.4 219.0 160.4 192.7 220.4 113.2 438.0 559.0
2428.2 219.9 199.8 545.3 532.1 635.3 0.0 272.2 307.5 545.7 504.5 131.4 541.3 306.2 551.8 230.2 232.5 161.6 291.2 581.5 525.3 178.8 247.6 581.3 294.2 263.3 141.2 313.1 337.2 558.5 522.8 341.8 229.7 607.2 589.2 134.8 264.4 573.0 632.7 408.2 475.0 375.5 190.7 365.1 528.2 73.3 619.9 242.4 208.2 290.2 244.5 125.4 636.0 548.6 510.4 249.6 571.6 581.4 476.6 659.9 575.6 259.6 656.8 268.0 277.9 316.5 561.7 555.6 153.3 602.7 273.9 169.8 337.3 535.6 327.3 653.7 350.1 264.8 492.3 640.4 614.4 541.9 195.6 44.1 504.7 519.5 261.7 572.2 512.2 205.2 310.1 94.2 552.2 541.6 497.6 141.7 227.5 487.7 300.3 285.5 154.6 471.5 291.8 350.6 634.3 478.0 339.8 562.5 540.7 619.8 490.2 244.8 329.7 578.8 69.8 176.0 207.3 624.5 667.8 631.8 102.1 269.3 225.5 254.9 262.5 627.7 304.5 587.7 261.8 617.4 508.9 606.6 567.9 291.9 467.5 471.3 599.9 572.8 247.7 184.2 260.4 487.3 193.2 625.8 214.3 271.3 149.2 588.9 569.2 562.4 604.7 638.4 320.8 221.2
2289.4 249.9 156.4 307.1 259.8 363.2 266.6 0.0 217.6 277.3 232.2 255.3 265.0 180.7 339.3 102.8 83.3 191.6 130.6 321.3 285.5 228.8 157.7 312.0 21.9 8.8 151.3 192.5 247.3 286.2 250.7 163.8 323.8 415.7 322.4 222.6 49.4 300.7 441.2 135.9 202.7 103.2 202.2 92.8 255.9 260.4 428.4 199.4 88.9 200.3 201.1 249.5 444.7 284.7 318.9 141.7 380.1 302.8 202.4 387.6 303.3 163.5 384.5 170.4 170.0 170.4 289.4 288.6 183.3 330.4 58.9 238.0 168.3 263.5 178.3 381.4 77.8 157.6 220.0 368.1 336.7 269.8 218.2 285.8 232.4 251.1 154.0 299.9 239.9 160.8 195.3 295.4 279.9 269.3 225.3 199.6 321.6 215.6 149.7 173.2 204.6 199.4 196.1 114.9 358.5 205.7 60.0 371.0 273.7 347.5 217.9 60.4 114.7 387.3 256.9 267.5 291.5 412.5 383.4 440.3 196.7 161.4 255.5 165.0 151.4 355.4 115.6 315.6 154.1 340.3 236.6 334.3 295.6 95.2 191.3 199.0 327.6 381.3 114.4 214.2 174.6 295.8 167.1 434.3 106.4 178.7 273.1 316.8 296.9 292.2 332.4 366.1 129.2 214.7
2167.6 254.4 160.9 284.7 326.2 462.6 271.1 222.1 0.0 285.1 282.6 259.8 364.4 78.3 291.2 182.1 132.4 196.1 113.1 320.9 264.7 233.3 94.1 425.2 244.1 213.2 155.8 61.7 89.3 367.5 350.1 90.4 325.7 346.6 328.8 231.0 166.3 400.1 372.1 235.3 302.1 246.8 286.7 256.6 355.3 264.9 359.3 188.0 191.7 42.3 205.6 254.0 375.6 291.1 249.8 129.5 311.0 384.1 279.7 468.9 402.7 75.3 483.9 158.2 157.8 88.6 388.8 295.0 187.8 405.5 174.5 265.8 85.9 362.9 75.9 480.8 270.9 86.9 319.4 467.5 354.0 369.2 291.6 290.3 331.8 258.9 141.8 346.3 339.3 165.3 58.9 299.9 379.3 312.4 255.5 204.1 323.5 315.0 96.4 280.9 209.1 298.8 183.9 155.9 457.9 276.4 282.2 301.9 280.1 446.9 290.8 191.3 182.7 318.2 261.4 272.0 293.4 363.9 482.6 371.2 201.2 149.2 260.0 93.6 109.0 454.6 128.1 390.7 141.9 432.6 271.9 409.4 371.8 166.6 290.7 298.4 390.8 312.2 193.7 218.7 36.0 226.7 171.6 365.2 114.4 67.4 277.6 379.2 378.2 301.8 407.5 465.3 116.9 317.2
2281.6 489.6 396.1 54.2 154.5 286.3 506.3 258.4 262.1 0.0 209.5 495.0 217.8 276.5 61.9 361.3 341.8 431.3 281.6 72.3 45.2 468.5 329.3 204.9 254.7 267.3 391.0 258.3 324.5 147.2 182.9 235.0 560.9 173.3 108.5 466.2 307.9 174.5 198.8 162.2 200.2 173.7 460.7 183.5 146.2 500.1 186.0 423.2 347.4 277.5 440.8 489.2 187.6 70.8 76.5 364.7 119.8 163.8 150.8 248.6 244.1 310.5 311.3 393.4 393.0 266.2 242.1 74.7 423.0 156.9 291.1 496.5 239.5 136.7 249.5 308.2 197.8 322.1 162.7 294.9 87.1 192.6 476.7 525.5 130.0 26.8 377.0 105.7 124.7 400.5 261.1 535.1 287.3 92.1 126.6 439.3 558.7 158.3 270.5 431.7 444.3 181.9 419.1 270.1 285.3 147.5 245.4 110.7 59.8 221.3 119.1 318.9 299.3 144.9 496.6 507.2 528.6 179.0 262.3 197.9 436.4 384.4 495.2 328.8 344.2 234.3 266.6 142.1 377.1 212.3 100.2 160.8 151.5 283.2 217.6 182.7 130.3 138.9 372.9 453.9 271.2 40.9 406.8 191.9 349.6 302.6 512.8 130.6 157.9 81.5 158.9 264.3 250.0 473.2
2273.1 429.1 335.6 225.1 206.8 310.2 445.8 179.1 276.0 195.3 0.0 434.5 216.0 290.4 257.3 282.0 262.5 370.8 309.8 239.3 203.5 408.0 336.9 256.0 175.4 188.0 330.5 272.2 338.4 233.2 197.7 248.9 503.0 324.9 240.4 401.8 228.6 247.7 350.4 82.9 149.7 94.4 381.4 104.2 202.9 439.6 337.6 378.6 266.9 291.4 380.3 428.7 353.9 202.7 228.1 320.9 289.3 256.1 149.4 334.6 250.3 344.0 331.5 347.8 349.2 280.1 236.4 206.6 362.5 277.4 238.1 417.2 253.4 210.5 263.4 328.4 118.5 336.8 167.0 315.1 256.6 216.8 397.4 465.0 179.4 169.1 333.2 246.9 186.9 340.0 275.0 468.4 226.9 216.3 143.3 378.8 500.8 162.6 328.9 352.4 383.8 146.4 375.3 304.3 305.5 152.7 173.6 280.2 191.7 294.5 164.9 239.6 293.9 296.5 436.1 446.7 480.8 330.5 329.8 349.5 375.9 340.6 434.7 344.2 330.6 302.4 296.5 262.6 333.3 292.1 171.7 281.3 242.6 274.4 142.2 146.0 274.6 290.5 299.5 393.4 289.0 205.0 329.0 343.5 285.6 316.5 452.3 263.8 243.9 213.4 279.4 313.1 308.4 393.9
2386.5 178.2 158.1 503.6 490.4 593.8 120.8 230.5 265.8 504.0 462.8 0.0 499.6 264.5 510.1 188.5 190.8 119.9 249.5 539.8 483.6 137.1 205.9 539.6 252.5 221.6 104.2 271.4 295.5 516.8 481.3 300.1 188.0 565.5 547.7 93.3 222.7 531.3 591.0 366.5 433.3 333.8 149.0 323.4 486.5 114.8 578.2 200.7 165.3 248.5 202.8 42.1 594.5 506.9 468.7 207.9 529.9 561.6 433.0 618.2 533.9 216.6 615.1 224.5 236.2 274.8 520.0 513.9 111.6 561.0 232.2 128.1 295.6 494.1 285.6 612.0 308.4 223.3 450.6 598.7 572.9 500.4 153.9 140.2 463.0 477.8 220.2 530.5 470.5 162.5 268.6 143.6 510.5 499.9 455.9 100.0 185.8 446.2 258.6 243.8 112.9 430.0 250.3 288.2 592.6 436.3 290.6 520.8 499.0 578.1 448.5 203.1 288.0 537.1 111.3 134.3 165.8 582.8 626.1 590.1 60.6 227.6 183.8 213.2 220.8 586.0 264.5 546.2 220.3 570.9 467.2 564.9 526.2 250.2 425.8 429.6 558.2 531.1 200.1 142.5 218.7 445.6 151.5 584.1 172.8 229.6 58.7 547.4 527.5 520.7 563.0 596.7 279.1 179.5
2363.0 510.0 416.5 235.7 153.4 162.6 526.5 260.0 365.9 204.6 240.1 521.6 0.0 380.3 248.5 362.9 343.4 457.9 390.7 218.8 214.1 488.9 417.8 102.2 256.3 268.9 416.5 362.1 428.3 129.9 100.6 338.8 590.1 360.6 171.3 488.9 309.5 144.4 386.1 133.5 111.2 175.3 462.3 185.1 99.6 520.5 373.3 459.1 347.8 387.5 467.4 515.8 370.8 149.5 263.8 401.8 306.4 109.3 141.5 180.9 96.5 420.5 177.7 428.7 430.1 370.0 98.5 142.7 443.4 174.1 325.2 498.1 343.3 113.4 353.3 174.6 199.4 417.7 84.1 161.3 200.6 69.2 478.3 545.9 76.1 195.3 420.3 170.0 83.6 421.9 371.1 555.5 157.7 162.9 163.8 465.9 581.7 88.5 374.3 433.3 464.7 169.0 456.2 395.7 155.2 142.9 254.5 297.3 157.5 138.7 111.5 320.5 374.8 332.2 517.0 533.8 561.7 333.9 188.7 334.5 456.8 421.5 515.6 425.1 411.5 148.6 377.4 165.5 420.4 138.3 130.2 178.0 189.2 355.3 131.6 163.6 171.3 326.2 380.4 480.5 378.9 209.8 409.9 379.2 372.7 406.4 539.4 160.5 140.6 135.9 176.1 159.3 353.8 474.8
2195.8 269.9 176.4 289.9 331.4 467.8 286.6 177.7 75.1 290.3 287.8 275.3 369.6 0.0 296.4 193.3 147.9 211.6 101.9 326.1 269.9 248.8 109.6 430.4 199.7 168.8 171.3 80.7 86.8 372.7 355.3 99.9 341.2 351.8 334.0 246.5 181.8 405.3 377.3 240.5 307.3 252.0 288.7 261.8 360.5 280.4 364.5 203.5 175.4 39.8 221.1 269.5 380.8 296.3 255.0 145.0 316.2 389.3 284.9 474.1 407.9 90.8 489.1 173.7 173.3 10.3 394.0 300.2 203.3 410.7 111.4 281.3 104.4 368.1 94.9 486.0 255.6 102.4 324.6 472.7 359.2 374.4 307.1 305.8 337.0 264.1 157.3 351.5 344.5 180.8 77.9 315.4 384.5 317.6 260.7 219.6 339.0 320.2 90.8 259.7 224.6 304.0 199.4 90.4 463.1 281.6 237.8 307.1 285.3 452.1 296.0 146.9 119.6 323.4 276.9 287.5 308.9 369.1 487.8 376.4 216.7 164.7 275.5 109.1 124.5 459.8 86.9 395.9 157.4 437.8 277.1 414.6 377.0 103.5 295.9 303.6 396.0 317.4 204.9 234.2 51.5 231.9 187.1 370.4 129.9 82.9 293.1 384.4 383.4 307.0 412.7 470.5 70.3 301.2
2306.6 519.0 425.5 44.2 183.8 319.5 535.7 312.1 291.5 53.6 263.2 524.4 244.6 305.9 0.0 415.0 377.1 460.7 311.0 29.6 65.9 497.9 358.7 238.1 308.4 321.0 420.4 287.7 353.9 196.5 217.8 264.4 590.3 111.4 151.9 495.6 361.6 174.2 136.9 215.9 235.1 227.4 497.8 237.2 143.4 529.5 124.1 452.6 384.5 306.9 470.2 518.6 125.6 113.8 55.6 394.1 57.8 206.8 199.2 291.6 270.9 339.9 344.5 422.8 422.4 295.6 277.0 129.5 452.4 114.2 320.5 530.4 268.9 133.9 278.9 341.4 251.5 351.5 210.1 328.1 82.2 219.4 513.8 554.9 164.9 80.5 406.4 87.2 159.6 429.9 290.5 564.5 314.1 135.1 175.0 468.7 588.1 205.7 299.9 468.8 473.7 229.3 448.5 299.5 318.5 195.9 299.1 48.7 102.8 202.3 166.5 356.0 328.7 83.0 526.0 536.6 558.0 128.7 251.4 136.0 465.8 413.8 524.6 358.2 373.6 223.4 296.0 99.4 406.5 215.5 147.6 118.1 178.1 312.6 244.4 230.1 99.5 77.0 426.6 483.3 300.6 89.1 436.2 130.0 379.0 332.0 542.2 87.9 200.9 122.7 116.2 236.9 279.4 510.3
2288.8 183.1 89.6 394.6 357.9 461.3 199.8 98.0 168.1 375.4 330.3 188.5 363.1 166.8 401.1 0.0 93.1 124.8 151.8 430.8 374.6 162.0 108.2 410.1 120.0 89.1 84.5 173.7 197.8 384.3 348.8 202.4 254.4 456.5 420.5 159.7 90.2 398.8 482.0 234.0 300.8 201.3 215.4 190.9 354.0 193.6 469.2 132.6 109.7 150.8 134.3 182.7 485.5 382.8 359.7 110.2 420.9 400.9 300.5 485.7 401.4 114.0 482.6 138.9 138.5 177.1 387.5 386.7 116.5 428.5 99.7 194.5 197.9 361.6 187.9 479.5 175.9 125.6 318.1 466.2 434.8 367.9 220.3 219.0 330.5 349.2 122.5 398.0 338.0 94.0 170.9 228.6 378.0 367.4 323.4 132.8 252.2 313.7 160.9 194.0 137.8 297.5 164.6 155.7 456.6 303.8 158.1 411.8 371.8 445.6 316.0 81.2 155.5 428.1 190.1 200.7 222.1 473.8 481.5 481.1 129.9 129.9 188.7 115.5 123.1 453.5 156.4 413.7 122.6 438.4 334.7 432.4 393.7 136.0 289.4 297.1 425.7 422.1 11.6 147.4 125.1 336.6 100.3 475.1 75.1 131.9 206.3 414.9 395.0 390.3 430.5 464.2 170.0 235.5
2254.9 201.2 107.7 351.1 349.5 452.9 217.9 89.6 134.2 351.5 349.0 206.6 354.7 132.9 357.6 105.2 0.0 142.9 117.9 387.3 331.1 180.1 74.3 401.7 111.6 80.7 102.6 139.8 163.9 375.9 340.4 161.1 272.5 413.0 395.2 177.8 33.8 390.4 438.5 225.6 292.4 192.9 200.6 182.5 345.6 211.7 425.7 116.8 87.3 116.9 152.4 200.8 442.0 357.5 316.2 58.3 377.4 392.5 292.1 477.3 393.0 80.1 474.2 87.0 86.6 143.2 379.1 361.4 134.6 420.1 80.4 212.6 164.0 353.2 154.0 471.1 167.5 91.7 309.7 457.8 420.4 359.5 216.6 237.1 322.1 325.3 70.6 389.6 329.6 112.1 137.0 246.7 369.6 359.0 321.9 150.9 270.3 305.3 127.0 171.6 155.9 289.1 112.7 112.2 448.2 295.4 149.7 368.3 346.5 437.2 307.6 58.8 112.0 384.6 208.2 218.8 240.2 430.3 473.1 437.6 148.0 78.0 206.8 81.6 74.5 445.1 112.9 405.3 70.7 430.0 338.3 424.0 385.3 54.4 281.0 288.7 417.3 378.6 116.8 165.5 91.2 293.1 118.4 431.6 23.0 98.0 224.4 406.5 386.6 368.2 422.1 455.8 126.5 213.1
2333.6 58.2 105.2 450.7 437.5 540.9 121.8 177.6 212.9 451.1 409.9 110.7 442.7 211.6 457.2 135.6 137.9 0.0 196.6 486.9 430.7 66.2 153.0 489.7 199.6 168.7 48.6 218.5 242.6 463.9 428.4 247.2 176.6 512.6 494.8 81.9 169.8 478.4 538.1 313.6 380.4 280.9 137.6 270.5 433.6 115.8 525.3 147.8 112.4 195.6 149.9 104.9 541.6 457.1 415.8 155.0 477.0 480.5 380.1 565.3 481.0 163.7 562.2 171.6 183.3 221.9 467.1 461.0 9.3 508.1 179.3 116.7 242.7 441.2 232.7 559.1 255.5 170.4 397.7 545.8 520.0 447.5 142.5 141.2 410.1 424.9 167.3 477.6 417.6 109.6 215.7 144.6 457.6 447.0 403.0 45.3 174.4 393.3 205.7 201.6 42.0 377.1 197.4 256.0 536.2 383.4 245.2 467.9 446.1 525.2 395.6 150.2 235.1 484.2 112.3 122.9 154.4 529.9 560.5 537.2 52.1 174.7 63.8 160.3 167.9 533.1 209.9 493.3 167.4 522.8 414.3 512.0 473.3 197.3 372.9 376.7 505.3 478.2 153.1 22.5 168.8 392.7 98.6 531.2 119.9 176.7 128.5 494.5 474.6 467.8 510.1 543.8 226.2 168.1
2230.6 257.1 163.6 295.0 336.5 472.9 273.8 127.6 112.1 295.4 292.9 262.5 374.7 110.8 301.5 143.2 117.9 198.8 0.0 331.2 275.0 236.0 96.8 435.5 149.6 118.7 158.5 117.7 141.8 377.8 360.4 105.0 328.4 356.9 339.1 233.7 151.8 410.4 382.4 245.6 312.4 230.9 238.6 220.5 365.6 267.6 369.6 190.7 125.3 94.8 208.3 256.7 385.9 301.4 260.1 132.2 321.3 394.4 290.0 479.2 413.0 39.3 494.2 160.9 160.5 111.6 399.1 305.3 190.5 415.8 61.3 268.5 109.5 373.2 119.5 491.1 205.5 26.9 329.7 477.8 364.3 379.5 254.6 293.0 342.1 269.2 144.5 356.6 349.6 168.0 114.9 302.6 389.6 322.7 265.8 206.8 326.2 325.3 46.3 209.6 211.8 309.1 186.6 56.1 468.2 286.7 187.7 312.2 290.4 457.2 301.1 96.8 69.5 328.5 264.1 274.7 296.1 374.2 492.9 381.5 203.9 151.9 262.7 96.3 109.6 464.9 14.9 401.0 144.6 442.9 282.2 419.7 382.1 53.4 301.0 308.7 401.1 322.5 154.8 221.4 69.1 237.0 174.3 375.5 117.1 70.2 280.3 389.5 388.5 312.1 417.8 475.6 66.8 251.1
2336.3 548.7 455.2 73.9 154.1 289.8 565.4 311.9 321.2 84.0 263.0 554.1 214.9 335.6 29.6 414.8 395.3 490.4 340.7 0.0 95.6 527.6 388.4 208.4 308.2 320.8 450.1 317.4 383.6 166.8 188.1 294.1 620.0 141.1 122.2 525.3 361.4 144.5 144.1 217.9 205.4 227.2 514.2 237.0 113.7 559.2 145.7 482.3 400.9 336.6 499.9 548.3 155.3 103.7 85.3 423.8 87.5 178.7 191.1 263.5 241.2 369.6 314.8 452.5 452.1 325.3 247.3 99.8 482.1 84.5 350.2 550.0 298.6 104.2 308.6 311.7 251.3 381.2 186.1 298.4 52.5 189.7 530.2 584.6 135.2 110.9 436.1 57.5 129.9 459.6 320.2 594.2 284.4 134.7 174.6 498.4 617.8 190.5 329.6 485.2 503.4 214.3 478.2 329.2 288.8 194.4 298.9 78.4 114.6 172.6 151.5 372.4 358.4 112.0 555.7 566.3 587.7 118.4 221.7 138.9 495.5 443.5 554.3 387.9 403.3 193.7 325.7 69.7 436.2 185.8 143.7 88.4 148.4 342.3 214.7 215.1 69.8 106.7 426.4 513.0 330.3 115.1 465.9 159.7 408.7 361.7 571.9 58.2 172.8 93.0 86.5 207.2 309.1 526.7
2261.4 471.8 378.3 21.5 164.1 294.5 488.5 265.6 244.3 56.4 216.7 477.2 226.0 258.7 59.7 368.5 329.9 413.5 263.8 89.4 0.0 450.7 311.5 213.1 261.9 274.5 373.2 240.5 306.7 155.4 191.1 217.2 543.1 158.6 116.7 448.4 315.1 196.2 184.1 169.4 208.4 180.9 450.6 190.7 167.9 482.3 171.3 405.4 337.3 259.7 423.0 471.4 177.7 79.0 61.8 346.9 109.9 172.0 163.3 256.8 252.3 292.7 319.5 375.6 375.2 248.4 250.3 82.9 405.2 174.0 273.3 483.2 221.7 158.4 231.7 316.4 205.0 304.3 172.3 303.1 108.8 200.8 466.6 507.7 138.2 53.0 359.2 127.4 132.9 382.7 243.3 517.3 295.5 100.3 139.1 421.5 540.9 167.9 252.7 421.6 426.5 191.5 401.3 252.3 293.5 160.0 252.6 100.8 68.0 225.7 128.7 308.8 281.5 130.2 478.8 489.4 510.8 175.9 270.5 183.2 418.6 366.6 477.4 311.0 326.4 242.5 248.8 159.2 359.3 220.5 109.8 177.9 159.7 265.4 224.8 192.3 152.0 124.2 380.1 436.1 253.4 23.1 389.0 177.2 331.8 284.8 495.0 147.7 166.1 89.7 176.0 253.2 232.2 463.1
2360.3 134.0 131.9 477.4 464.2 567.6 168.7 204.3 239.6 477.8 436.6 157.4 469.4 238.3 483.9 162.3 164.6 75.7 223.3 513.6 457.4 0.0 179.7 516.4 226.3 195.4 78.0 245.2 269.3 490.6 455.1 273.9 223.3 539.3 521.5 128.6 196.5 505.1 564.8 340.3 407.1 307.6 184.3 297.2 460.3 162.5 552.0 174.9 139.1 222.3 176.6 151.6 568.3 483.8 442.5 181.7 503.7 507.2 406.8 592.0 507.7 185.5 588.9 198.3 210.0 248.6 493.8 487.7 67.4 534.8 206.0 163.4 269.4 467.9 259.4 585.8 282.2 197.1 424.4 572.5 546.7 474.2 189.2 187.9 436.8 451.6 194.0 504.3 444.3 136.3 242.4 197.5 484.3 473.7 429.7 101.7 221.1 420.0 232.4 228.3 34.9 403.8 224.1 262.0 562.9 410.1 264.4 494.6 472.8 551.9 422.3 176.9 261.8 510.9 159.0 169.6 191.0 556.6 587.8 563.9 98.8 201.4 139.6 187.0 194.6 559.8 238.3 520.0 194.1 544.7 441.0 538.7 500.0 224.0 395.7 403.4 532.0 504.9 173.9 98.3 196.6 419.4 142.6 557.9 146.6 203.4 175.2 521.2 501.3 494.5 536.8 570.5 252.9 214.8
2212.7 212.4 118.9 329.8 371.3 507.7 229.1 165.4 92.0 330.2 327.7 217.8 409.5 90.7 336.3 140.1 81.5 154.1 75.7 366.0 309.8 191.3 0.0 470.3 187.4 156.5 113.8 97.6 121.7 412.6 395.2 126.3 283.7 391.7 373.9 189.0 115.4 445.2 417.2 280.4 347.2 268.7 244.7 258.3 400.4 222.9 404.4 146.0 149.7 74.7 163.6 212.0 420.7 336.2 294.9 87.5 356.1 429.2 324.8 514.0 447.8 37.9 529.0 116.2 115.8 101.0 433.9 340.1 145.8 450.6 99.1 223.8 121.8 408.0 111.8 525.9 243.3 49.5 364.5 512.6 399.1 414.3 249.6 248.3 376.9 304.0 99.8 391.4 384.4 123.3 94.8 257.9 424.4 357.5 300.6 162.1 281.5 360.1 84.8 238.9 167.1 343.9 141.9 130.9 503.0 321.5 225.5 347.0 325.2 492.0 335.9 134.6 130.7 363.3 219.4 230.0 251.4 409.0 527.7 416.3 159.2 107.2 218.0 51.6 14.8 499.7 90.7 435.8 99.9 477.7 317.0 454.5 416.9 73.1 335.8 343.5 435.9 357.3 151.7 176.7 49.0 271.8 129.6 410.3 72.4 55.8 235.6 424.3 423.3 346.9 452.6 510.4 105.3 275.2
2435.9 547.8 454.3 232.2 191.2 80.2 564.3 297.8 403.7 201.1 274.8 553.2 80.0 418.1 246.7 400.7 381.2 489.5 428.5 217.0 210.6 526.7 455.6 0.0 294.1 306.7 454.3 399.9 466.1 67.4 129.1 376.6 618.6 264.1 161.6 520.5 347.3 131.6 289.6 171.3 149.0 213.1 500.1 222.9 114.1 558.3 276.8 496.9 385.6 416.0 499.0 544.3 281.6 146.0 247.1 439.6 304.6 44.1 179.3 74.5 42.0 458.3 105.2 466.5 467.9 407.8 130.1 139.2 481.2 131.7 353.7 535.9 381.1 121.7 391.1 102.1 237.2 452.4 112.6 88.8 201.2 65.7 516.1 583.7 113.9 233.1 448.8 160.3 121.4 459.7 402.7 584.0 163.5 200.7 201.6 497.5 619.5 120.1 412.1 471.1 499.4 200.6 490.9 433.5 82.7 180.7 292.3 295.5 154.0 124.5 149.3 358.3 412.6 253.7 554.8 562.3 596.4 260.3 82.3 251.5 491.5 459.3 553.4 462.9 449.3 42.2 415.2 147.2 448.9 124.1 168.0 126.4 205.8 393.1 128.1 201.4 185.8 247.7 418.2 512.1 416.7 206.3 444.6 282.7 401.2 444.2 571.0 162.8 100.1 132.4 160.1 52.9 391.6 512.6
2323.5 284.0 190.5 295.5 248.2 351.6 300.7 34.0 251.7 265.7 220.6 289.4 253.4 214.8 327.7 136.9 117.4 225.7 164.7 309.7 273.9 262.9 191.8 300.4 0.0 42.9 185.4 226.6 281.4 274.6 239.1 197.9 357.9 395.3 310.8 256.7 83.5 289.1 420.8 124.3 191.1 91.6 236.3 81.2 244.3 294.5 408.0 233.5 123.0 234.4 235.2 283.6 424.3 273.1 298.5 175.8 359.7 291.2 190.8 376.0 291.7 197.6 372.9 204.5 204.1 204.5 277.8 277.0 217.4 318.8 93.0 272.1 202.4 251.9 212.4 369.8 66.2 191.7 208.4 356.5 325.1 258.2 252.3 319.9 220.8 239.5 188.1 288.3 228.3 194.9 229.4 329.5 268.3 257.7 213.7 233.7 355.7 204.0 183.8 207.3 238.7 187.8 230.2 149.0 346.9 194.1 48.4 350.6 262.1 335.9 206.3 94.5 148.8 366.9 291.0 301.6 325.6 400.9 371.8 419.9 230.8 195.5 289.6 199.1 185.5 343.8 149.7 304.0 188.2 328.7 225.0 322.7 284.0 129.3 179.7 187.4 316.0 360.9 148.5 248.3 208.7 275.4 201.2 413.9 140.5 212.8 307.2 305.2 285.3 280.6 320.8 354.5 163.3 248.8
2280.5 241.0 147.5 316.0 268.7 372.1 257.7 8.8 208.7 286.2 241.1 246.4 273.9 171.8 351.4 93.9 74.4 182.7 121.7 330.2 294.4 219.9 148.8 320.9 30.8 0.0 142.4 183.6 238.4 295.1 259.6 154.9 314.9 406.8 331.3 213.7 40.5 309.6 432.3 144.8 211.6 112.1 193.3 101.7 264.8 251.5 419.5 190.5 80.0 191.4 192.2 240.6 435.8 293.6 310.0 132.8 371.2 311.7 211.3 396.5 312.2 154.6 393.4 161.5 161.1 161.5 298.3 297.5 174.4 339.3 50.0 229.1 159.4 272.4 169.4 390.3 86.7 148.7 228.9 377.0 345.6 278.7 209.3 276.9 241.3 260.0 145.1 308.8 248.8 151.9 186.4 286.5 288.8 278.2 234.2 190.7 312.7 224.5 140.8 164.3 195.7 208.3 187.2 106.0 367.4 214.6 68.9 362.1 282.6 356.4 226.8 51.5 105.8 378.4 248.0 258.6 282.6 424.1 392.3 431.4 187.8 152.5 246.6 156.1 142.5 364.3 106.7 324.5 145.2 349.2 245.5 343.2 304.5 86.3 200.2 207.9 336.5 372.4 105.5 205.3 165.7 286.9 158.2 425.4 97.5 169.8 264.2 325.7 305.8 301.1 341.3 375.0 120.3 205.8
2284.9 95.5 56.5 402.0 388.8 489.5 112.2 128.9 164.2 402.4 361.2 98.8 394.0 162.9 408.5 86.9 89.2 40.2 147.9 438.2 382.0 74.4 104.3 441.0 150.9 120.0 0.0 169.8 193.9 415.2 377.0 198.5 164.7 463.9 448.1 72.1 121.1 429.7 489.4 264.9 331.7 232.2 127.8 221.8 384.9 106.0 476.6 99.5 63.7 144.2 98.5 98.1 490.2 408.4 367.1 106.3 428.3 438.1 331.4 516.6 432.3 113.6 513.5 122.9 134.6 173.2 418.4 412.3 28.9 459.4 130.6 106.9 194.0 392.5 184.0 510.4 206.8 121.7 346.3 497.1 473.3 400.8 132.7 131.4 361.4 376.2 120.6 426.2 368.9 60.9 164.3 132.7 408.9 398.3 354.3 43.1 164.6 344.6 157.0 152.9 48.1 328.4 146.0 196.8 487.5 334.7 189.0 419.2 397.4 476.5 346.9 101.5 186.4 435.5 102.5 111.0 142.5 481.2 513.8 488.5 40.2 126.0 101.1 111.6 119.2 484.4 162.9 441.9 120.7 469.3 365.6 463.3 424.6 148.6 321.5 328.0 456.6 429.5 98.5 57.7 119.1 344.0 47.2 482.5 73.2 128.0 121.7 443.1 425.9 419.1 458.7 495.1 177.5 158.3
2131.0 277.7 184.2 266.1 307.6 444.0 294.4 189.5 59.4 266.5 264.0 283.1 345.8 101.6 272.6 205.1 155.7 219.4 113.7 302.3 246.1 256.6 117.4 406.6 211.5 180.6 179.1 0.0 112.6 348.9 331.5 28.6 349.0 328.0 310.2 254.3 189.6 381.5 353.5 216.7 283.5 228.2 300.5 238.0 336.7 288.2 340.7 211.3 187.2 65.6 228.9 277.3 357.0 272.5 231.2 152.8 292.4 365.5 261.1 450.3 384.1 98.6 465.3 181.5 181.1 98.3 370.2 276.4 211.1 386.9 123.2 289.1 24.1 344.3 14.1 462.2 252.3 110.2 300.8 448.9 335.4 350.6 314.9 313.6 313.2 240.3 165.1 327.7 320.7 188.6 2.7 323.2 360.7 293.8 236.9 227.4 346.8 296.4 102.6 271.5 232.4 280.2 207.2 102.2 439.3 257.8 249.6 283.3 261.5 428.3 272.2 158.7 131.4 299.6 284.7 295.3 316.7 345.3 464.0 352.6 224.5 172.5 283.3 116.9 132.3 436.0 98.7 372.1 165.2 414.0 253.3 390.8 353.2 115.3 272.1 279.8 372.2 293.6 216.7 242.0 59.3 208.1 194.9 346.6 137.7 90.7 300.9 360.6 359.6 283.2 388.9 446.7 82.1 313.0
2214.5 268.6 175.1 331.6 373.1 509.5 285.3 236.3 93.8 332.0 329.5 274.0 411.3 74.5 338.1 196.3 146.6 210.3 127.3 367.8 311.6 247.5 108.3 472.1 258.3 227.4 170.0 99.4 0.0 414.4 397.0 128.1 339.9 393.5 375.7 245.2 180.5 447.0 419.0 282.2 349.0 293.7 300.9 303.5 402.2 279.1 406.2 202.2 205.9 32.4 219.8 268.2 422.5 338.0 296.7 143.7 357.9 431.0 326.6 515.8 449.6 89.5 530.8 172.4 172.0 84.8 435.7 341.9 202.0 452.4 186.0 280.0 123.6 409.8 113.6 527.7 314.2 101.1 366.3 514.4 400.9 416.1 305.8 304.5 378.7 305.8 156.0 393.2 386.2 179.5 96.6 314.1 426.2 359.3 302.4 218.3 337.7 361.9 110.6 295.1 223.3 345.7 198.1 165.0 504.8 323.3 296.4 348.8 327.0 493.8 337.7 205.5 194.2 365.1 275.6 286.2 307.6 410.8 529.5 418.1 215.4 163.4 274.2 107.8 123.2 501.5 142.3 437.6 156.1 479.5 318.8 456.3 418.7 178.1 337.6 345.3 437.7 359.1 207.9 232.9 50.2 273.6 185.8 412.1 128.6 81.6 291.8 426.1 425.1 348.7 454.4 512.2 131.1 331.4
2375.1 530.7 437.2 164.7 144.0 139.0 547.4 280.7 360.0 133.6 260.8 536.1 70.5 374.4 191.7 383.6 364.1 472.4 379.5 162.0 143.1 509.6 427.2 57.6 277.0 289.6 432.1 356.2 422.4 0.0 126.7 332.9 604.6 276.1 94.1 503.4 330.2 91.4 301.6 154.2 131.9 196.0 483.0 205.8 46.6 541.2 288.8 480.2 369.7 375.4 481.9 530.3 293.6 75.6 179.6 422.5 245.7 16.5 171.9 101.3 96.8 408.4 164.0 451.2 450.8 364.1 124.6 71.7 464.1 121.1 339.7 518.8 337.4 54.2 347.4 160.9 220.1 420.0 110.2 147.6 129.6 45.3 499.0 566.6 61.7 142.7 434.8 92.8 56.4 441.6 359.0 576.2 140.0 116.6 196.1 480.4 602.4 114.6 368.4 454.0 485.4 195.1 476.9 368.0 138.0 175.2 267.7 236.6 86.5 70.2 143.8 341.2 395.5 248.0 537.7 548.3 572.3 262.9 115.0 263.5 477.5 442.2 536.3 426.7 442.1 87.0 364.5 106.3 434.9 65.0 133.6 91.3 138.3 376.0 111.6 195.9 118.3 242.0 395.2 495.0 369.1 138.8 447.9 294.7 387.2 400.5 553.9 107.5 32.6 64.9 123.1 97.7 347.9 495.5
2354.2 501.2 407.7 206.4 158.6 218.1 517.7 251.2 357.1 175.3 231.3 506.6 123.9 371.5 219.2 354.1 334.6 442.9 381.9 189.5 184.8 480.1 409.0 162.5 247.5 260.1 402.6 353.3 419.5 100.6 0.0 330.0 575.1 317.8 135.8 473.9 300.7 115.1 343.3 124.7 102.4 166.5 453.5 176.3 70.3 511.7 330.5 450.3 339.0 372.5 452.4 500.8 335.3 120.2 221.3 393.0 277.1 145.4 144.8 202.0 158.2 405.5 264.7 419.9 421.3 361.2 144.3 113.4 434.6 144.8 310.2 489.3 334.5 77.9 344.5 261.6 190.6 408.9 83.1 248.3 171.3 146.0 469.5 537.1 46.8 184.4 405.3 134.5 54.3 412.1 356.1 540.5 200.3 168.1 169.0 450.9 572.9 87.5 365.5 424.5 455.9 168.0 447.4 386.9 242.2 148.1 245.7 268.0 128.2 161.9 116.7 311.7 366.0 289.7 508.2 518.8 552.9 304.6 227.8 305.2 448.0 412.7 506.8 416.3 402.7 187.7 368.6 130.0 405.4 170.5 135.4 148.7 180.0 346.5 115.6 168.8 142.0 283.7 365.7 465.5 366.2 180.5 401.1 336.4 357.7 397.6 524.4 131.2 111.3 106.6 146.8 198.4 345.0 466.0
2136.6 306.4 212.9 248.4 289.9 426.3 323.1 160.8 88.1 248.8 246.3 311.8 328.1 79.9 254.9 176.4 151.1 248.1 85.0 284.6 228.4 285.3 146.1 388.9 182.8 151.9 207.8 28.6 141.3 331.2 313.8 0.0 377.7 310.3 292.5 283.0 185.0 363.8 335.8 199.0 265.8 210.5 271.8 220.3 319.0 316.9 323.0 240.0 158.5 94.3 257.6 306.0 339.3 254.8 213.5 181.5 274.7 347.8 243.4 432.6 366.4 124.4 447.6 210.2 209.8 69.6 352.5 258.7 239.8 369.2 94.5 307.6 4.4 326.6 14.4 444.5 234.6 112.0 283.1 431.2 317.7 332.9 287.8 342.3 295.5 222.6 193.8 310.0 303.0 217.3 31.4 351.9 343.0 276.1 219.2 256.1 375.5 278.7 73.9 242.8 261.1 262.5 235.9 73.5 421.6 240.1 220.9 265.6 243.8 410.6 254.5 130.0 102.7 281.9 313.4 324.0 345.4 327.6 446.3 334.9 253.2 201.2 312.0 145.6 142.8 418.3 70.0 354.4 193.9 396.3 235.6 373.1 335.5 86.6 254.4 262.1 354.5 275.9 188.0 270.7 88.0 190.4 223.6 328.9 159.1 102.9 329.6 342.9 341.9 265.5 371.2 429.0 53.4 284.3
2441.2 232.9 212.8 558.3 545.1 648.5 208.1 285.2 320.5 558.7 517.5 196.8 554.3 319.2 564.8 243.2 245.5 174.6 304.2 594.5 538.3 191.8 260.6 594.3 307.2 276.3 154.2 326.1 350.2 571.5 536.0 354.8 0.0 620.2 602.4 95.5 276.2 586.0 645.7 421.2 488.0 388.5 137.7 378.1 541.2 201.9 632.9 255.4 220.0 303.2 257.5 191.0 649.2 561.6 523.4 262.6 584.6 616.3 489.6 672.9 588.6 266.4 669.8 281.0 290.9 329.5 574.7 568.6 166.3 615.7 285.7 116.8 350.3 548.8 340.3 666.7 363.1 278.0 505.3 653.4 627.6 555.1 142.6 227.3 517.7 532.5 274.9 585.2 525.2 217.2 323.3 230.7 565.2 554.6 510.6 154.7 48.1 500.9 313.3 232.5 167.6 484.7 305.0 362.4 643.8 491.0 352.8 575.5 553.7 632.8 503.2 251.7 341.5 591.8 198.4 172.0 93.3 637.5 668.7 644.8 138.2 282.3 238.5 267.9 275.5 640.7 317.5 600.9 275.0 625.6 521.9 619.6 580.9 304.9 480.5 484.3 612.9 585.8 260.7 197.2 273.4 500.3 206.2 638.8 227.5 284.3 214.6 602.1 582.2 575.4 617.7 651.4 333.8 168.2
2358.6 571.0 477.5 144.6 307.6 384.5 587.7 397.3 343.5 181.7 348.4 576.4 321.4 357.9 128.0 454.4 429.1 512.7 363.0 153.4 166.3 549.9 410.7 303.1 393.6 406.2 472.4 339.7 405.9 296.0 341.6 316.4 642.3 0.0 257.3 547.6 446.8 298.0 52.7 301.1 358.9 312.6 549.8 322.4 267.2 581.5 12.6 504.6 436.5 358.9 522.2 570.6 56.2 219.6 107.6 446.1 127.8 312.6 305.0 397.4 346.3 391.9 409.5 474.8 474.4 347.6 400.8 223.5 504.4 238.0 372.5 582.4 320.9 257.7 330.9 406.4 336.7 403.5 315.9 393.1 206.0 296.2 565.8 606.9 288.7 198.4 458.4 211.0 283.4 481.9 342.5 616.5 390.9 240.9 280.8 520.7 640.1 311.5 351.9 520.8 525.7 335.1 500.5 351.5 383.5 301.7 384.3 118.7 208.6 279.1 272.3 408.0 380.7 66.8 578.0 588.6 610.0 59.0 316.4 35.7 517.8 465.8 576.6 410.2 425.6 288.4 348.0 223.2 458.5 292.3 253.4 241.9 301.9 364.6 356.5 335.9 223.3 66.2 466.0 535.3 352.6 160.0 488.2 45.8 431.0 384.0 594.2 211.7 306.7 230.3 240.0 301.9 331.4 562.3
2330.0 542.4 448.9 119.6 117.7 246.8 558.9 308.0 314.9 88.5 259.6 547.8 178.3 329.3 147.0 410.9 391.4 484.1 334.4 126.6 98.0 521.3 382.1 169.6 304.3 316.9 448.9 311.1 377.3 107.7 143.4 287.8 613.7 231.3 0.0 519.0 357.5 140.2 256.8 181.5 160.7 223.3 510.3 233.1 95.4 552.9 244.0 476.6 395.8 330.3 493.6 542.0 268.4 33.4 134.5 417.5 200.6 152.5 154.7 209.1 204.6 368.2 271.8 444.4 445.8 319.0 202.6 26.6 475.8 166.8 343.9 553.8 292.3 103.0 302.3 268.7 247.4 374.9 141.4 255.4 143.9 153.1 526.3 578.3 90.5 97.6 429.8 86.5 85.2 453.3 313.9 581.7 247.8 71.5 171.2 492.1 611.5 145.8 323.3 481.3 497.1 177.9 471.9 322.9 249.3 158.0 302.5 191.5 41.4 178.0 115.1 368.5 352.1 202.9 549.4 560.0 591.5 217.8 234.9 238.3 489.2 437.2 548.0 381.6 397.0 194.8 321.1 152.0 429.9 177.6 107.3 170.7 112.0 336.0 173.9 178.7 129.1 196.9 428.4 506.7 324.0 93.7 442.3 249.9 402.4 355.4 565.6 140.5 118.4 42.0 168.8 205.5 302.8 522.8
2345.6 137.3 117.2 462.7 449.5 552.9 112.5 189.6 224.9 463.1 421.9 101.2 458.7 223.6 469.2 147.6 149.9 79.0 208.6 498.9 442.7 96.2 165.0 498.7 211.6 180.7 58.6 230.5 254.6 475.9 440.4 259.2 94.6 524.6 506.8 0.0 181.8 490.4 550.1 325.6 392.4 292.9 55.6 282.5 445.6 106.3 537.3 160.2 124.4 207.6 161.9 95.4 553.6 466.0 427.8 167.0 489.0 520.7 392.1 577.3 493.0 177.0 574.2 185.4 195.3 233.9 479.1 473.0 70.7 520.1 191.3 34.7 254.7 453.2 244.7 571.1 267.5 182.4 409.7 557.8 532.0 459.5 60.5 131.7 422.1 436.9 179.3 489.6 429.6 121.6 227.7 135.1 469.6 459.0 415.0 59.1 92.4 405.3 217.7 150.4 72.0 389.1 209.4 257.5 548.2 395.4 249.7 479.9 458.1 537.2 407.6 162.2 247.1 496.2 102.8 76.4 72.4 541.9 585.2 549.2 42.6 186.7 142.9 172.3 179.9 545.1 221.9 505.3 179.4 530.0 426.3 524.0 485.3 209.3 384.9 388.7 517.3 490.2 165.1 101.6 177.8 404.7 110.6 543.2 131.9 188.7 119.0 506.5 486.6 479.8 522.1 555.8 238.2 86.1
2288.8 218.4 124.9 362.9 315.6 419.0 235.1 55.7 168.1 333.1 288.0 223.8 320.8 166.8 391.5 71.3 33.8 160.1 151.8 377.1 341.3 197.3 108.2 367.8 77.7 46.8 119.8 173.7 197.8 342.0 306.5 195.0 288.3 446.9 378.2 187.1 0.0 356.5 472.4 191.7 258.5 159.0 166.7 148.6 311.7 228.9 459.6 150.7 53.4 150.8 169.6 218.0 475.9 340.5 350.1 92.2 411.3 358.6 258.2 443.4 359.1 114.0 440.3 120.9 120.5 177.1 345.2 344.4 151.8 386.2 114.3 202.5 197.9 319.3 187.9 437.2 133.6 125.6 275.8 423.9 392.5 325.6 182.7 254.3 288.2 306.9 104.5 355.7 295.7 129.3 170.9 263.9 335.7 325.1 281.1 168.1 286.1 271.4 160.9 137.7 173.1 255.2 146.6 146.1 414.3 261.5 115.8 402.2 329.5 403.3 273.7 24.9 145.9 418.5 225.4 236.0 256.0 464.2 439.2 471.5 165.2 111.9 224.0 115.5 108.4 411.2 146.8 371.4 104.6 396.1 292.4 390.1 351.4 88.3 247.1 254.8 383.4 412.5 82.9 182.7 125.1 327.0 135.6 465.5 56.9 131.9 241.6 372.6 352.7 348.0 388.2 421.9 160.4 179.2
2454.9 559.6 466.1 188.0 196.3 193.2 576.3 309.6 419.0 192.6 289.7 565.0 107.0 433.4 174.2 412.5 393.0 501.3 438.5 144.5 202.1 538.5 467.4 112.1 305.9 318.5 461.0 415.2 481.4 58.9 163.2 391.9 633.5 276.6 153.1 532.3 359.1 0.0 302.1 183.1 160.8 224.9 511.9 234.7 69.1 570.1 289.3 509.1 398.6 434.4 510.8 559.2 294.1 134.6 210.3 451.4 232.1 71.0 208.4 155.8 133.3 467.4 214.5 480.1 479.7 423.1 161.1 130.7 493.0 65.6 368.6 547.7 396.4 59.6 406.4 211.4 249.0 479.0 146.7 198.1 117.1 81.8 527.9 595.5 90.6 201.7 463.7 98.3 85.3 470.5 418.0 605.1 176.5 175.6 232.6 509.3 631.3 151.1 427.4 482.9 514.3 231.6 505.8 424.6 188.5 211.7 296.6 223.0 145.5 46.7 180.3 370.1 424.4 256.6 566.6 577.2 601.2 263.0 169.5 264.0 506.4 471.1 565.2 485.7 461.1 141.5 423.5 74.7 463.8 77.9 199.0 69.5 190.6 404.9 148.1 232.4 87.4 251.3 424.1 523.9 428.1 197.8 476.8 295.2 416.1 459.5 582.8 86.2 91.6 123.9 47.9 152.2 406.9 524.4
2368.6 591.5 498.0 165.1 279.0 377.6 608.2 401.3 364.0 188.5 352.4 596.9 351.6 378.4 137.0 474.9 449.6 533.2 383.5 136.6 186.8 570.4 431.2 296.2 397.6 410.2 492.9 360.2 426.4 279.2 324.8 336.9 662.8 62.2 240.5 568.1 450.8 281.2 0.0 305.1 342.1 316.6 570.3 326.4 250.4 602.0 49.5 525.1 457.0 379.4 542.7 591.1 27.1 202.8 128.1 466.6 116.8 295.8 288.2 380.6 377.9 412.4 402.6 495.3 494.9 368.1 384.0 206.7 524.9 221.2 393.0 602.9 341.4 240.9 351.4 399.5 340.7 424.0 299.1 386.2 189.2 326.4 586.3 627.4 271.9 215.4 478.9 182.4 266.6 502.4 363.0 637.0 421.1 224.1 264.0 541.2 660.6 294.7 372.4 541.3 546.2 318.3 521.0 372.0 376.6 284.9 388.3 139.2 191.8 309.3 255.5 428.5 401.2 50.0 598.5 609.1 630.5 14.3 309.5 79.0 538.3 486.3 597.1 430.7 446.1 281.5 368.5 206.4 479.0 322.5 236.6 225.1 273.3 385.1 351.4 319.1 206.5 56.0 486.5 555.8 373.1 180.5 508.7 7.3 451.5 404.5 614.7 194.9 289.9 217.9 223.2 295.0 351.9 582.8
2229.4 376.4 282.9 181.4 123.8 227.2 393.1 126.4 232.3 151.6 106.5 381.8 129.0 246.7 213.6 229.3 209.8 318.1 257.1 195.6 159.8 355.3 284.2 176.0 122.7 135.3 277.8 228.5 294.7 150.2 114.7 205.2 450.3 281.2 196.7 349.1 175.9 164.7 306.7 0.0 66.7 41.7 328.7 51.5 119.9 386.9 293.9 325.9 215.4 247.7 327.6 376.0 310.2 159.0 184.4 268.2 245.6 166.8 66.4 251.6 167.3 280.7 248.5 296.9 296.5 236.4 153.4 162.9 309.8 194.4 185.4 364.5 209.7 127.5 219.7 245.4 65.8 284.1 84.0 232.1 212.9 133.8 344.7 412.3 96.4 125.4 280.5 163.9 103.9 287.3 231.3 421.9 143.9 133.3 99.6 326.1 448.1 79.6 240.7 299.7 331.1 63.4 322.6 241.4 222.5 69.7 113.4 236.5 148.0 211.5 81.9 186.9 241.2 252.8 383.4 394.0 418.0 286.8 247.4 305.8 323.2 287.9 382.0 291.5 277.9 219.4 242.1 179.6 280.6 204.3 100.6 198.3 159.6 221.7 55.3 63.0 191.6 246.8 240.9 340.7 241.4 161.3 293.6 299.8 232.9 272.8 399.6 180.8 160.9 169.7 196.4 230.1 220.2 341.2
2300.2 447.2 353.7 217.7 149.4 188.9 463.9 197.2 303.1 186.6 177.3 452.6 90.7 317.5 230.5 300.1 280.6 388.9 327.9 200.8 196.1 426.1 355.0 137.7 193.5 206.1 348.6 299.3 365.5 111.9 76.4 276.0 521.1 329.1 147.1 419.9 246.7 126.4 354.6 70.7 0.0 112.5 399.5 122.3 81.6 457.7 341.8 396.7 286.2 318.5 398.4 446.8 346.6 128.6 232.6 339.0 288.4 128.5 121.1 213.3 129.0 351.5 210.2 367.7 367.3 307.2 115.1 124.7 380.6 156.1 256.2 435.3 280.5 89.2 290.5 207.1 136.6 354.9 73.9 193.8 182.6 95.5 415.5 483.1 58.1 191.3 351.3 145.8 65.6 358.1 302.1 492.7 146.3 158.9 145.3 396.9 518.9 78.3 311.5 370.5 401.9 118.1 393.4 312.2 184.2 124.4 184.2 279.3 139.5 173.2 107.5 257.7 312.0 301.0 454.2 464.8 488.8 315.9 209.1 316.5 394.0 358.7 452.8 362.3 348.7 181.1 312.9 141.3 351.4 166.0 126.2 160.0 185.2 292.5 57.7 117.7 153.3 295.0 311.7 411.5 312.2 191.8 364.4 347.7 303.7 343.6 470.4 142.5 122.6 117.9 158.1 191.8 291.0 412.0
2251.8 334.6 241.1 203.8 156.5 259.9 351.3 84.6 254.7 174.0 128.9 340.0 161.7 265.4 236.0 187.5 168.0 276.3 215.3 218.0 182.2 313.5 242.4 208.7 80.9 93.5 236.0 277.2 332.0 182.9 147.4 248.5 408.5 303.6 219.1 307.3 134.1 197.4 329.1 32.6 99.4 0.0 286.9 9.8 152.6 345.1 316.3 284.1 173.6 285.0 285.8 334.2 332.6 181.4 206.8 226.4 268.0 199.5 99.1 284.3 200.0 248.2 281.2 255.1 254.7 255.1 186.1 185.3 268.0 227.1 143.6 322.7 253.0 160.2 263.0 278.1 24.1 242.3 116.7 264.8 233.4 166.5 302.9 370.5 129.1 147.8 238.7 196.6 136.6 245.5 280.0 380.1 176.6 166.0 122.0 284.3 406.3 112.3 234.4 257.9 289.3 96.1 280.8 199.6 255.2 102.4 71.6 258.9 170.4 244.2 114.6 145.1 199.4 275.2 341.6 352.2 376.2 309.2 280.1 328.2 281.4 246.1 340.2 249.7 236.1 252.1 200.3 212.3 238.8 237.0 133.3 231.0 192.3 179.9 88.0 95.7 224.3 269.2 199.1 298.9 259.3 183.7 251.8 322.2 191.1 263.4 357.8 213.5 193.6 188.9 229.1 262.8 213.9 299.4
2393.3 192.6 172.5 457.7 435.0 538.4 167.8 175.1 280.2 458.1 407.4 156.5 440.2 278.9 464.2 202.9 187.2 134.3 234.5 493.9 437.7 151.5 220.3 487.2 197.1 166.2 118.6 285.8 309.9 461.4 425.9 267.7 156.4 519.6 501.8 55.2 153.3 475.9 545.1 311.1 377.9 278.4 0.0 268.0 431.1 161.6 532.3 215.5 115.9 262.9 217.2 150.7 548.6 464.1 422.8 222.3 484.0 478.0 377.6 562.8 478.5 226.1 559.7 238.9 250.6 274.3 464.6 468.0 126.0 505.6 162.8 70.6 272.2 438.7 282.2 556.6 253.0 237.7 395.2 543.3 511.9 445.0 50.8 187.0 407.6 431.9 234.6 475.1 415.1 176.9 283.0 196.6 455.1 444.5 400.5 114.4 154.2 390.8 253.6 109.6 127.3 374.6 264.7 218.8 533.7 380.9 235.2 474.9 453.1 522.7 393.1 128.8 218.6 491.2 158.1 131.7 124.1 536.9 558.6 544.2 97.9 242.0 198.2 227.6 235.2 530.6 219.5 490.8 234.7 515.5 411.8 509.5 470.8 199.1 366.5 374.2 502.8 485.2 214.5 156.9 237.2 399.7 183.2 538.2 187.2 244.0 174.3 492.0 472.1 474.8 507.6 541.3 233.1 65.3
2262.2 324.8 231.3 214.2 166.9 270.3 341.5 74.8 292.5 184.4 139.3 330.2 172.1 255.6 246.4 177.7 158.2 266.5 205.5 228.4 192.6 303.7 232.6 219.1 71.1 83.7 226.2 267.4 322.2 193.3 157.8 238.7 398.7 314.0 229.5 297.5 124.3 207.8 339.5 43.0 109.8 10.3 277.1 0.0 163.0 335.3 326.7 274.3 163.8 275.2 276.0 324.4 343.0 191.8 217.2 216.6 278.4 209.9 109.5 294.7 210.4 238.4 291.6 245.3 244.9 245.3 196.5 195.7 258.2 237.5 133.8 312.9 243.2 170.6 253.2 288.5 14.2 232.5 127.1 275.2 243.8 176.9 293.1 360.7 139.5 158.2 228.9 207.0 147.0 235.7 270.2 370.3 187.0 176.4 132.4 274.5 396.5 122.7 224.6 248.1 279.5 106.5 271.0 189.8 265.6 112.8 61.8 269.3 180.8 254.6 125.0 135.3 189.6 285.6 331.8 342.4 366.4 319.6 290.5 338.6 271.6 236.3 330.4 239.9 226.3 262.5 190.5 222.7 229.0 247.4 143.7 241.4 202.7 170.1 98.4 106.1 234.7 279.6 189.3 289.1 249.5 194.1 242.0 332.6 181.3 253.6 348.0 223.9 204.0 199.3 239.5 273.2 204.1 289.6
2343.4 490.4 396.9 142.4 121.7 207.3 507.1 240.4 337.7 111.3 220.5 495.8 109.1 352.1 148.8 343.3 323.8 432.1 371.1 119.1 120.8 469.3 398.2 114.3 236.7 249.3 391.8 333.9 400.1 56.6 74.3 310.6 564.3 253.8 71.8 463.1 289.9 44.7 279.3 113.9 91.6 155.7 442.7 165.5 0.0 500.9 266.5 439.9 329.4 353.1 441.6 490.0 271.3 53.3 157.3 382.2 206.7 73.2 134.0 158.0 147.4 386.1 220.7 410.9 410.5 341.8 133.5 49.4 423.8 74.4 299.4 478.5 315.1 7.6 325.1 217.6 179.8 397.7 72.3 204.3 107.3 102.0 458.7 526.3 21.4 120.4 394.5 70.5 16.1 401.3 336.7 535.9 189.5 94.3 158.2 440.1 562.1 76.7 346.1 413.7 445.1 157.2 436.6 355.4 194.7 137.3 227.4 197.6 64.2 91.5 105.9 300.9 355.2 225.7 497.4 508.0 532.0 240.6 171.7 241.2 437.2 401.9 496.0 404.4 391.9 143.7 356.1 59.6 394.6 122.7 124.6 78.3 116.0 335.7 100.9 158.0 71.6 219.7 354.9 454.7 346.8 116.5 407.6 272.4 346.9 378.2 513.6 60.8 67.3 42.6 76.4 154.4 325.6 455.2
2389.5 181.2 161.1 506.6 493.4 596.8 70.8 233.5 268.8 507.0 465.8 92.7 498.6 267.5 513.1 191.5 193.8 122.9 252.5 542.8 486.6 140.1 208.9 545.6 255.5 224.6 107.2 274.4 298.5 519.8 484.3 303.1 191.0 568.5 550.7 96.3 225.7 534.3 594.0 369.5 436.3 336.8 152.0 326.4 489.5 0.0 581.2 204.1 168.3 251.5 205.8 86.9 597.5 513.0 471.7 210.9 532.9 536.4 436.0 621.2 536.9 214.7 618.1 227.5 239.2 277.8 523.0 516.9 114.6 564.0 235.2 131.1 298.6 497.1 288.6 615.0 311.4 226.3 453.6 601.7 575.9 503.4 156.9 90.0 466.0 480.8 223.2 533.5 473.5 165.5 271.6 34.9 513.5 502.9 458.9 103.0 188.8 449.2 261.6 246.8 115.9 433.0 253.3 291.2 592.1 439.3 293.6 523.8 502.0 581.1 451.5 206.1 291.0 540.1 32.3 137.3 158.7 585.8 617.0 593.1 63.6 230.6 186.8 216.2 223.8 589.0 267.5 549.2 223.3 573.9 470.2 567.9 529.2 253.2 424.9 432.6 561.2 534.1 203.1 145.5 225.8 448.6 171.8 587.1 175.8 232.6 110.5 550.4 530.5 523.7 566.0 599.7 282.1 182.5
2371.3 583.7 490.2 157.3 294.9 381.7 600.4 405.4 356.2 192.6 356.5 589.1 355.7 370.6 141.1 467.1 441.8 525.4 375.7 140.7 179.0 562.6 423.4 300.3 401.7 414.3 485.1 352.4 418.6 283.3 328.9 329.1 655.0 12.6 244.6 560.3 454.9 285.3 65.4 309.2 346.2 320.7 562.5 330.5 254.5 594.2 0.0 517.3 449.2 371.6 534.9 583.3 68.9 206.9 120.3 458.8 140.5 299.9 292.3 384.7 382.0 404.6 406.7 487.5 487.1 360.3 388.1 210.8 517.1 225.3 385.2 595.1 333.6 245.0 343.6 403.6 344.8 416.2 303.2 390.3 193.3 330.5 578.5 619.6 276.0 219.5 471.1 198.3 270.7 494.6 355.2 629.2 425.2 228.2 268.1 533.4 652.8 298.8 364.6 533.5 538.4 322.4 513.2 364.2 380.7 289.0 392.4 131.4 195.9 313.4 259.6 420.7 393.4 54.1 590.7 601.3 622.7 46.3 313.6 48.4 530.5 478.5 589.3 422.9 438.3 285.6 360.7 210.5 471.2 326.6 240.7 229.2 289.2 377.3 355.5 323.2 210.6 60.1 478.7 548.0 365.3 172.7 500.9 58.5 443.7 396.7 606.9 199.0 294.0 217.6 227.3 299.1 344.1 575.0
2310.8 201.7 57.9 427.9 446.7 550.5 218.2 186.8 190.1 428.3 425.8 206.5 455.9 188.8 434.4 158.6 97.1 142.8 173.8 464.1 407.9 180.6 130.2 495.9 208.8 177.9 108.2 195.7 219.8 473.1 437.6 224.4 272.4 489.8 472.0 177.7 131.0 487.6 515.3 322.8 389.6 290.1 234.0 279.7 442.8 212.2 502.5 0.0 140.2 172.8 117.5 201.3 518.8 431.2 393.0 52.0 454.2 496.0 391.2 574.5 490.2 142.2 571.4 25.1 124.8 199.1 476.7 438.2 135.1 517.3 182.9 213.1 219.9 450.8 209.9 568.3 264.7 147.6 406.9 555.0 497.2 456.7 238.9 237.6 419.3 402.1 108.8 486.8 426.8 52.5 192.9 240.4 466.8 455.6 398.7 150.8 270.8 402.5 182.9 228.2 155.8 386.3 49.1 235.0 548.9 392.6 254.4 445.1 423.3 534.4 404.8 156.0 214.1 461.4 208.7 218.7 250.8 507.1 582.4 514.4 147.9 116.2 207.3 137.5 145.1 542.3 187.1 502.5 40.0 532.0 415.1 521.2 482.5 156.5 382.5 385.9 514.5 455.4 176.1 165.4 143.0 369.9 64.5 508.4 79.5 153.9 224.9 504.1 483.8 445.0 519.7 553.0 203.4 264.5
2302.2 174.9 85.0 366.6 343.9 446.1 191.4 84.0 192.7 367.0 315.1 180.3 353.1 191.4 373.1 115.4 96.1 116.6 143.4 402.8 346.6 153.8 132.8 393.1 106.0 75.1 81.4 198.3 222.4 370.3 333.6 176.6 238.5 428.5 409.5 137.3 62.2 384.8 454.0 220.0 286.8 187.3 118.1 176.9 340.0 185.4 441.2 127.6 0.0 176.6 129.7 174.5 456.3 369.9 331.7 134.8 392.9 393.2 288.4 471.7 387.4 144.8 468.6 153.2 163.1 183.2 372.3 376.9 108.3 414.5 70.5 153.9 181.1 346.4 191.1 465.5 161.9 150.2 304.1 452.2 419.6 352.7 134.1 210.8 316.5 340.8 147.1 384.0 324.0 90.4 195.5 214.2 364.0 353.4 309.4 124.6 237.5 298.5 162.5 89.1 129.6 282.3 177.2 148.4 446.1 289.8 151.6 383.8 362.0 431.6 302.0 37.7 127.5 400.1 181.9 192.5 216.3 445.8 479.6 453.1 121.7 154.5 180.5 140.1 147.7 439.5 130.1 398.5 147.2 429.2 320.7 418.4 379.7 108.0 278.1 283.1 411.7 394.1 132.9 139.2 145.6 308.6 79.6 447.1 99.7 156.5 198.1 400.9 381.0 383.7 416.5 450.2 142.0 130.6
2182.0 236.1 142.6 299.1 340.6 477.0 252.8 203.8 61.3 299.5 297.0 241.5 378.8 42.0 305.6 163.8 114.1 177.8 94.8 335.3 279.1 215.0 75.8 422.8 225.8 194.9 137.5 66.9 46.9 381.9 364.5 95.6 307.4 361.0 343.2 212.7 148.0 414.5 386.5 249.7 316.5 261.2 268.4 271.0 369.7 246.6 373.7 169.7 173.4 0.0 187.3 235.7 390.0 305.5 264.2 111.2 325.4 426.7 292.2 483.3 417.1 57.0 498.3 138.1 139.5 52.3 403.2 309.4 169.5 419.9 153.5 247.5 91.1 377.3 81.1 495.2 281.7 68.6 333.8 481.9 368.4 383.6 273.3 272.0 346.2 273.3 123.5 360.7 353.7 147.0 64.1 275.4 393.7 326.8 269.9 185.8 305.2 329.4 78.1 262.6 190.8 313.2 165.6 153.2 472.3 290.8 271.4 316.3 294.5 461.3 305.2 173.0 161.7 332.6 243.1 253.7 285.2 378.3 496.4 385.6 182.9 130.9 241.7 75.3 90.7 469.0 108.1 405.1 123.6 451.8 286.3 423.8 386.2 145.6 309.0 312.8 405.2 326.6 181.3 200.4 17.7 241.1 136.0 379.6 96.1 49.1 259.3 393.6 392.6 316.2 421.9 479.7 98.6 298.9
2341.8 186.9 38.6 458.9 445.7 549.1 203.6 185.8 221.1 459.3 418.1 192.3 450.9 219.8 465.4 143.8 146.1 128.6 204.8 495.1 438.9 165.8 161.2 497.9 207.8 176.9 88.3 226.7 250.8 472.1 436.6 255.4 258.2 520.8 503.0 163.5 178.0 486.6 546.3 321.8 388.6 289.1 219.2 278.7 441.8 197.4 533.5 81.2 124.2 203.8 0.0 186.5 549.8 465.3 424.0 133.7 485.2 488.7 388.3 573.5 489.2 171.9 570.4 105.0 191.5 230.1 475.3 469.2 120.3 516.3 187.5 198.3 250.9 449.4 240.9 567.3 263.7 178.6 405.9 554.0 528.2 455.7 224.1 222.8 418.3 433.1 175.5 485.8 425.8 43.0 223.9 226.2 465.8 455.2 411.2 136.6 256.0 401.5 213.9 213.4 141.6 385.3 130.8 264.2 544.4 391.6 253.4 476.1 454.3 533.4 403.8 162.0 243.3 492.4 193.9 204.5 236.0 538.1 568.7 545.4 133.7 182.9 192.5 168.5 176.1 541.3 218.1 501.5 121.3 531.0 422.5 520.2 481.5 205.5 381.1 384.9 513.5 486.4 161.3 151.2 177.0 400.9 49.7 539.4 128.1 184.9 210.1 502.7 482.8 476.0 518.3 552.0 234.4 249.7
2404.9 196.6 176.5 522.0 508.8 612.2 139.4 248.9 284.2 522.4 481.2 36.3 514.0 282.9 528.5 206.9 209.2 138.3 267.9 558.2 502.0 155.5 224.3 561.0 270.9 240.0 117.9 289.8 313.9 535.2 499.7 318.5 206.4 583.9 566.1 111.7 241.1 549.7 609.4 384.9 451.7 352.2 167.4 341.8 504.9 133.2 596.6 219.5 184.9 266.9 221.2 0.0 612.9 528.4 487.1 226.3 548.3 580.0 451.4 636.6 552.3 230.1 633.5 242.9 254.6 293.2 538.4 532.3 130.0 579.4 250.6 146.5 314.0 512.5 304.0 630.4 326.8 241.7 469.0 617.1 591.3 518.8 172.3 158.6 481.4 496.2 238.6 548.9 488.9 180.9 287.0 162.0 528.9 518.3 474.3 118.4 204.2 464.6 277.0 262.2 131.3 448.4 268.7 327.3 611.0 454.7 316.5 539.2 517.4 596.5 466.9 221.5 306.4 555.5 129.7 152.7 184.2 601.2 644.5 608.5 79.0 246.0 202.2 231.6 239.2 604.4 281.2 564.6 238.7 594.1 485.6 583.3 544.6 268.6 444.2 448.0 576.6 549.5 224.4 160.9 237.1 464.0 169.9 602.5 191.2 248.0 77.1 565.8 545.9 539.1 581.4 615.1 297.5 197.9
2341.4 579.8 486.3 153.4 306.2 393.3 596.5 406.1 352.3 190.5 357.2 585.2 330.2 366.7 136.8 463.2 437.9 521.5 371.8 163.8 175.1 558.7 419.5 316.1 402.4 415.0 481.2 348.5 414.7 306.4 352.0 325.2 651.1 56.0 267.7 556.4 455.6 308.4 27.1 309.9 369.3 321.4 558.6 331.2 277.6 590.3 68.7 513.4 444.1 367.7 531.0 579.4 0.0 226.9 116.4 454.9 89.6 329.3 313.5 407.8 355.1 400.7 418.3 481.8 483.2 356.4 411.2 233.9 513.2 248.4 381.3 591.2 329.7 268.1 339.7 415.2 345.5 412.3 326.3 401.9 216.4 305.0 574.6 615.7 299.1 207.2 467.2 209.6 293.8 490.7 351.3 619.1 399.7 251.3 291.2 529.5 648.9 321.9 360.7 529.6 534.5 345.5 509.3 360.3 392.3 312.1 400.6 98.7 219.0 287.9 282.7 416.8 389.5 77.2 586.8 597.4 628.9 41.5 337.3 62.5 526.6 474.6 585.4 419.0 434.4 297.2 356.8 233.6 467.3 305.9 263.8 252.3 300.5 373.4 369.2 346.3 233.7 75.0 480.7 544.1 361.4 168.8 479.7 20.2 439.8 392.8 603.0 222.1 317.1 245.1 250.4 310.7 340.2 571.1
2299.4 511.8 418.3 89.0 86.3 218.5 528.3 276.6 284.3 57.9 226.1 514.3 150.9 298.7 116.4 379.5 360.0 450.6 303.8 96.0 67.4 490.7 351.5 138.2 272.9 285.5 418.3 280.5 346.7 76.3 112.0 257.2 580.2 200.7 40.7 488.4 326.1 108.8 226.2 150.1 129.3 191.9 478.9 201.7 64.0 522.3 213.4 446.0 364.4 296.8 460.1 508.5 234.9 0.0 103.9 386.9 170.0 99.2 125.2 177.7 173.2 338.9 240.4 413.8 415.2 288.4 171.2 3.9 445.2 135.4 313.3 514.7 261.7 74.7 271.7 237.3 216.0 344.3 113.1 224.0 91.9 121.7 494.9 547.7 59.1 67.0 396.3 58.2 53.8 423.7 280.4 548.2 216.4 40.9 147.5 458.6 580.9 114.4 292.7 449.9 466.5 146.5 441.3 313.0 217.9 126.6 271.1 160.9 10.8 146.6 83.7 337.1 321.5 172.3 518.8 529.4 560.9 187.2 203.5 207.7 458.6 406.6 517.4 351.0 366.4 163.4 290.5 120.6 396.4 146.2 75.9 139.3 80.6 305.4 145.6 147.3 97.7 166.3 397.0 473.2 294.4 63.1 408.8 219.3 368.9 324.8 532.1 112.2 87.0 10.6 137.4 174.1 272.2 491.4
2250.9 463.3 369.8 57.9 203.1 334.3 480.0 289.6 235.8 78.0 240.7 468.7 271.2 250.2 41.3 346.7 321.4 405.0 255.3 71.0 62.1 442.2 303.0 252.9 285.9 298.5 364.7 232.0 298.2 193.1 228.8 208.7 534.6 96.7 154.4 439.9 339.1 215.6 122.2 193.4 246.1 204.9 442.1 214.7 184.8 473.8 109.4 396.9 328.8 251.2 414.5 462.9 125.7 116.7 0.0 338.4 61.1 209.7 191.4 294.5 296.1 284.2 359.3 367.1 366.7 239.9 288.0 120.6 396.7 155.6 264.8 474.7 213.2 175.3 223.2 356.2 229.0 295.8 204.5 342.9 123.6 246.0 458.1 499.2 175.9 90.7 350.7 128.6 170.6 374.2 234.8 508.8 340.7 138.0 167.2 413.0 532.4 200.1 244.2 413.1 418.0 223.7 392.8 243.8 333.3 188.1 276.6 52.0 105.7 228.9 160.9 300.3 273.0 68.3 470.3 480.9 502.3 114.0 266.2 121.3 410.1 358.1 468.9 302.5 317.9 238.2 240.3 140.8 350.8 242.1 142.0 159.5 197.4 256.9 248.8 224.5 140.9 62.3 358.3 427.6 244.9 52.3 380.5 115.3 323.3 276.3 486.5 129.3 203.8 127.4 157.6 251.7 223.7 454.6
2258.7 185.0 91.5 375.8 394.6 498.0 201.7 134.7 138.0 376.2 373.7 190.4 399.8 136.7 382.3 112.7 45.0 126.7 121.7 412.0 355.8 163.9 78.1 446.8 156.7 125.8 86.4 143.6 167.7 421.0 385.5 172.3 256.3 437.7 419.9 161.6 78.9 435.5 463.2 270.7 337.5 238.0 217.3 227.6 390.7 195.5 450.4 58.4 122.3 120.7 136.2 184.6 466.7 382.2 340.9 0.0 402.1 437.6 337.2 522.4 438.1 83.9 519.3 28.6 72.7 147.0 424.2 386.1 118.4 465.2 130.4 196.4 167.8 398.3 157.8 516.2 212.6 95.5 354.8 502.9 445.1 404.6 222.2 220.9 367.2 350.0 56.7 434.7 374.7 95.9 140.8 230.5 414.7 403.5 346.6 134.7 254.1 350.4 130.8 211.5 139.7 334.2 54.3 162.2 493.3 340.5 194.8 393.0 371.2 482.3 352.7 103.9 162.0 409.3 192.0 202.6 224.0 455.0 518.2 462.3 131.8 64.1 190.6 85.4 93.0 490.2 136.7 450.4 12.3 475.1 363.0 469.1 430.4 104.4 326.1 333.8 462.4 403.3 124.3 149.3 95.0 317.8 102.2 456.3 27.0 101.8 208.2 451.6 431.7 392.9 467.2 500.9 151.3 247.8
2302.3 519.7 426.2 75.3 242.6 361.9 536.4 346.0 292.2 112.4 297.1 525.1 298.8 306.6 58.7 403.1 377.8 461.4 311.7 88.4 97.0 498.6 359.4 280.5 342.3 354.9 421.1 288.4 354.6 250.7 276.6 265.1 591.0 123.8 210.7 496.3 395.5 233.0 94.9 249.8 293.9 261.3 498.5 271.1 202.2 530.2 136.5 453.3 385.2 307.6 470.9 519.3 67.7 171.9 56.3 394.8 0.0 262.8 258.0 342.2 323.7 340.6 386.9 423.5 423.1 296.3 335.8 188.3 453.1 173.0 321.2 531.1 269.6 192.7 279.6 383.8 285.4 352.2 268.9 370.5 141.0 273.6 514.5 555.6 223.7 139.3 407.1 146.0 218.4 430.6 291.2 565.2 368.3 193.2 233.8 469.4 588.8 264.5 300.6 469.5 474.4 288.1 449.2 300.2 360.9 254.7 333.0 9.0 160.9 256.5 225.3 356.7 329.4 103.7 526.7 537.3 558.7 109.3 293.8 130.3 466.5 414.5 525.3 358.9 374.3 265.8 296.7 158.2 407.2 269.7 206.4 176.9 236.9 313.3 303.2 288.9 158.3 97.7 414.7 484.0 301.3 120.2 436.9 88.0 379.7 332.7 542.9 146.7 283.4 181.5 175.0 279.3 280.1 511.0
2398.4 554.0 460.5 188.0 167.3 116.1 581.5 304.0 383.3 156.9 294.9 553.4 100.1 397.7 215.0 406.9 387.4 489.7 402.8 185.3 166.4 532.9 450.5 59.0 300.3 312.9 458.4 379.5 445.7 23.2 139.5 356.2 621.9 239.6 128.2 520.7 353.5 76.1 265.1 177.5 155.2 219.3 506.3 229.1 69.9 564.5 252.3 514.3 403.8 392.7 505.2 547.6 267.9 109.7 202.9 445.8 269.0 0.0 201.5 84.7 84.2 436.6 147.4 485.3 474.1 387.4 137.4 95.0 487.4 95.4 373.8 542.1 360.7 88.3 370.7 144.3 243.4 443.3 129.0 131.0 152.9 64.1 522.3 589.9 85.0 166.0 458.1 126.9 79.7 475.7 393.1 587.3 158.8 139.9 214.9 514.5 625.7 144.2 391.7 477.3 508.7 224.7 500.2 402.1 139.4 194.0 301.8 259.9 109.8 69.0 162.6 364.5 418.8 271.3 561.0 582.4 616.5 235.8 104.2 227.0 500.8 465.5 559.6 450.0 465.4 70.4 398.6 104.9 458.2 74.6 156.9 90.1 161.6 399.3 137.3 214.7 141.6 265.3 429.3 512.3 393.4 162.1 453.9 258.2 410.5 423.8 577.2 133.2 55.9 88.2 123.8 81.1 371.2 518.8
2280.3 427.3 333.8 175.1 101.4 248.7 443.8 177.3 277.6 141.6 157.4 432.7 154.5 292.0 202.2 280.2 260.7 369.0 308.0 181.8 153.5 406.2 335.1 194.5 173.6 186.2 333.8 273.8 340.0 180.7 140.2 250.5 501.2 280.1 179.8 400.0 226.8 190.2 305.6 50.8 137.0 92.6 379.6 102.4 145.4 437.8 292.8 376.4 265.1 291.1 378.5 426.9 321.7 139.0 183.3 319.1 244.5 203.6 0.0 282.1 188.8 332.2 270.0 346.0 347.4 281.7 176.8 146.0 360.7 221.8 236.3 415.4 255.0 153.0 265.0 266.9 116.7 335.7 61.6 253.6 178.3 155.3 395.6 463.2 121.9 115.4 331.4 141.5 129.4 339.2 274.7 466.6 198.7 110.9 24.1 377.0 499.0 57.2 286.0 350.6 382.0 49.1 373.5 313.0 247.5 3.3 171.8 235.4 134.2 237.0 59.5 237.8 292.1 251.7 434.3 444.9 480.9 273.0 281.0 293.5 376.0 338.8 432.9 342.4 328.8 240.9 294.7 208.9 331.5 230.6 78.2 225.7 137.2 272.6 114.0 48.0 184.1 245.7 297.7 393.5 290.6 160.2 329.1 298.7 283.8 318.1 450.5 197.4 191.4 131.6 225.7 251.6 265.5 392.1
2505.2 649.5 556.0 283.5 262.8 183.5 666.2 399.5 478.8 252.4 379.6 654.9 179.3 493.2 310.5 502.4 482.9 591.2 498.3 280.8 261.9 628.4 546.0 102.1 395.8 408.4 550.9 475.0 541.2 118.7 235.5 451.7 723.4 333.4 212.9 622.2 449.0 171.6 358.9 273.0 250.7 314.8 601.8 324.6 165.4 660.0 346.1 599.0 488.5 494.2 600.7 649.1 350.9 194.4 298.4 541.3 364.5 101.4 280.7 0.0 145.3 527.2 208.5 570.0 569.6 482.9 233.4 190.5 582.9 190.9 458.5 637.6 456.2 173.0 466.2 205.4 338.9 538.8 219.0 192.1 248.4 159.6 617.8 685.4 180.5 261.5 553.6 211.6 175.2 560.4 477.8 695.0 254.3 235.4 304.9 599.2 721.2 223.4 487.2 572.8 604.2 303.9 595.7 486.8 182.5 284.0 386.5 355.4 205.3 164.5 252.6 460.0 514.3 366.8 656.5 667.1 691.1 329.6 139.5 320.8 596.3 561.0 655.1 545.5 560.9 111.5 483.3 206.4 553.7 159.3 252.4 185.6 257.1 494.8 225.9 304.7 237.1 360.8 514.0 613.8 487.9 257.6 566.7 352.0 506.0 519.3 672.7 217.9 151.4 183.7 219.3 122.2 466.7 614.3
2402.4 549.4 455.9 263.1 192.8 59.8 566.1 299.4 405.3 232.0 279.5 554.8 77.6 419.7 267.5 402.3 382.8 491.1 430.1 237.8 241.5 528.3 457.2 32.3 295.7 308.3 450.8 401.5 467.7 98.3 133.8 378.2 623.3 296.7 192.5 522.1 348.9 133.2 322.2 172.9 150.6 214.7 501.7 224.5 139.0 559.9 309.4 498.9 388.4 420.7 500.6 549.0 314.2 174.0 278.0 441.2 325.4 90.4 179.0 108.0 0.0 453.7 124.8 469.9 469.5 409.4 131.7 170.1 482.8 152.5 358.4 537.5 382.7 146.6 392.7 121.7 238.8 457.1 117.3 108.4 228.0 70.4 517.7 585.3 115.5 234.7 453.5 191.2 123.0 460.3 404.3 594.9 165.1 202.3 203.2 499.1 621.1 121.7 413.7 472.7 504.1 202.2 495.6 414.4 98.8 182.3 286.4 316.3 184.9 126.1 150.9 359.9 414.2 286.3 556.4 567.0 591.0 292.9 103.7 284.1 496.2 460.9 555.0 464.5 450.9 75.7 415.1 168.0 453.6 120.9 169.6 147.2 228.6 394.7 136.7 203.0 210.7 280.3 413.9 513.7 414.4 237.2 466.6 315.3 405.9 445.8 572.6 179.5 131.0 163.3 180.9 86.4 393.2 514.2
2198.6 222.9 129.4 315.7 357.2 488.4 239.6 160.5 77.9 316.1 313.6 228.3 395.4 76.6 322.2 150.6 100.9 164.6 32.8 351.9 295.7 201.8 62.6 456.2 182.5 151.6 125.7 83.5 107.6 398.5 375.9 112.2 289.0 377.6 361.2 200.9 134.8 431.1 403.1 266.3 333.1 263.8 255.2 253.4 386.3 233.4 390.3 156.5 158.2 60.6 168.9 217.3 408.0 322.1 280.8 98.0 342.0 421.4 310.7 499.9 433.7 0.0 514.9 126.7 126.3 86.9 419.8 326.0 156.3 436.5 99.1 234.3 107.7 393.9 97.7 511.8 238.4 11.6 345.2 498.5 385.0 400.2 260.1 258.8 362.8 289.9 105.1 377.3 370.3 133.8 75.5 257.0 410.3 343.4 286.5 167.4 292.0 346.0 68.6 242.5 177.6 329.8 152.4 99.2 488.9 307.4 220.6 332.9 311.1 477.9 321.8 129.7 102.4 349.2 229.9 235.3 266.8 394.9 514.4 402.2 169.7 117.7 228.5 62.1 77.5 485.6 47.8 416.5 105.2 463.6 302.9 440.4 402.8 86.3 320.4 329.4 421.8 343.2 162.2 187.2 32.2 257.7 117.6 396.2 82.9 41.7 240.9 405.0 409.2 332.8 433.3 496.3 89.1 282.7
2555.7 653.7 560.2 352.0 297.1 136.7 670.4 403.7 509.6 320.9 383.8 659.1 181.9 524.0 366.5 506.6 487.1 595.4 534.4 336.8 330.4 632.6 561.5 118.6 400.0 412.6 555.1 505.8 572.0 187.2 238.1 482.5 727.6 383.9 281.4 626.4 453.2 237.5 409.4 277.2 254.9 319.0 606.0 328.8 233.9 664.2 396.6 603.2 492.7 525.0 604.9 653.3 401.4 262.9 366.9 545.5 424.4 169.9 283.3 194.3 127.9 558.0 0.0 574.2 573.8 513.7 236.0 259.0 587.1 251.5 462.7 641.8 487.0 241.5 497.0 15.9 343.1 561.4 221.6 26.3 316.9 174.7 622.0 689.6 219.8 339.0 557.8 280.1 227.3 564.6 508.6 699.2 269.4 306.6 307.5 603.4 725.4 226.0 518.0 577.0 608.4 306.5 599.9 518.7 35.9 286.6 390.7 415.3 273.8 230.4 255.2 464.2 518.5 373.5 660.7 671.3 695.3 380.1 190.0 371.3 600.5 565.2 659.3 568.8 555.2 162.0 519.4 267.0 557.9 225.2 273.9 246.2 325.6 499.0 241.0 307.3 305.6 367.5 518.2 618.0 518.7 326.1 570.9 402.5 510.2 550.1 676.9 278.5 219.9 252.2 279.9 172.7 497.5 618.5
2287.4 213.7 87.7 404.5 423.3 524.9 230.2 163.4 166.7 404.9 400.6 217.3 432.5 165.4 411.0 141.4 73.7 153.6 150.4 440.7 384.5 192.6 106.8 472.5 185.4 154.5 120.2 172.3 196.4 449.7 412.4 201.0 283.2 466.4 448.6 188.5 107.6 464.2 491.9 299.4 366.2 266.7 246.0 256.3 419.4 224.2 479.1 30.3 152.2 147.6 147.9 211.5 493.6 407.8 369.6 28.6 430.8 472.6 367.8 551.1 466.8 118.8 548.0 0.0 101.4 175.7 451.1 414.8 147.1 493.9 157.3 225.1 196.5 425.2 186.5 544.9 241.3 122.4 381.7 531.6 472.0 433.3 250.9 249.6 395.9 378.7 83.6 461.6 403.4 82.3 169.5 253.0 443.4 432.2 375.3 161.6 282.8 377.3 159.5 240.2 168.4 361.1 25.6 211.6 525.5 369.2 231.0 421.7 399.9 511.0 381.4 132.6 190.7 438.0 220.7 229.5 261.0 483.7 559.0 491.0 160.5 92.8 219.3 114.1 121.7 518.9 163.7 477.3 16.2 508.6 391.7 497.8 459.1 133.1 356.9 362.5 491.1 432.0 158.9 176.2 119.6 346.5 96.1 485.0 53.9 130.5 235.1 480.3 460.4 421.6 494.1 529.6 180.0 276.5
2286.4 212.7 119.2 403.5 422.3 525.7 229.4 162.4 165.7 403.9 401.4 218.1 427.5 164.4 410.0 140.4 72.7 154.4 149.4 439.7 383.5 191.6 105.8 474.5 184.4 153.5 114.1 171.3 195.4 448.7 413.2 200.0 284.0 465.4 447.6 189.3 106.6 463.2 490.9 298.4 365.2 265.7 245.0 255.3 418.4 223.2 478.1 110.6 150.0 148.4 163.9 212.3 494.4 409.9 368.6 52.1 429.8 465.3 364.9 550.1 465.8 111.6 547.0 80.8 0.0 174.7 451.9 413.8 146.1 492.9 158.1 224.1 195.5 426.0 185.5 543.9 240.3 123.2 382.5 530.6 472.8 432.3 249.9 248.6 394.9 377.7 18.6 462.4 402.4 123.6 168.5 258.2 442.4 431.2 374.3 162.4 281.8 378.1 158.5 239.2 167.4 361.9 106.5 189.9 521.0 368.2 222.5 420.7 398.9 510.0 380.4 131.6 189.7 437.0 219.7 230.3 251.7 482.7 545.9 490.0 159.5 8.2 218.3 113.1 120.7 517.9 164.4 478.1 64.5 502.8 390.7 496.8 458.1 132.1 353.8 361.5 490.1 431.0 152.0 177.0 122.7 345.5 129.9 484.0 54.7 129.5 235.9 479.3 459.4 420.6 494.9 528.6 179.0 275.5
2206.1 280.2 186.7 279.6 321.1 457.5 296.9 167.4 85.4 280.0 277.5 285.6 359.3 10.3 286.1 183.0 157.7 221.9 91.6 315.8 259.6 259.1 119.9 420.1 189.4 158.5 181.6 91.0 97.1 362.4 345.0 89.6 351.5 341.5 323.7 256.8 191.6 395.0 367.0 230.2 297.0 241.7 278.4 251.5 350.2 290.7 354.2 213.8 165.1 50.1 231.4 279.8 370.5 286.0 244.7 155.3 305.9 379.0 274.6 463.8 397.6 101.1 478.8 184.0 183.6 0.0 383.7 289.9 213.6 400.4 101.1 291.6 94.1 357.8 104.1 475.7 245.3 112.7 314.3 462.4 348.9 364.1 294.4 316.1 326.7 253.8 167.6 341.2 334.2 191.1 88.2 325.7 374.2 307.3 250.4 229.9 349.3 309.9 80.5 249.4 234.9 293.7 209.7 80.1 452.8 271.3 227.5 296.8 275.0 441.8 285.7 136.6 109.3 313.1 287.2 297.8 319.2 358.8 477.5 366.1 227.0 175.0 285.8 119.4 134.8 449.5 76.6 385.6 167.7 427.5 266.8 404.3 366.7 93.2 285.6 293.3 385.7 307.1 194.6 244.5 61.8 221.6 197.4 360.1 140.2 93.2 303.4 374.1 373.1 296.7 402.4 460.2 60.0 290.9
2383.9 530.9 437.4 256.6 174.3 167.0 547.4 280.9 386.8 225.5 261.0 536.3 72.8 401.2 269.4 383.8 364.3 472.6 411.6 239.7 235.0 509.8 438.7 112.8 277.2 289.8 432.3 383.0 449.2 121.5 115.3 359.7 604.8 319.9 186.0 503.6 330.4 165.3 345.4 154.4 132.1 196.2 483.2 206.0 120.5 541.4 332.6 480.4 368.7 402.2 482.1 530.5 337.4 170.4 284.7 422.7 327.3 113.6 160.5 191.5 107.1 440.1 188.3 449.6 451.0 390.9 0.0 163.6 464.3 175.7 339.9 519.0 364.2 128.1 374.2 185.2 220.3 438.6 98.8 171.9 221.5 73.6 499.2 566.8 97.0 216.2 435.0 184.7 104.5 441.8 385.8 570.2 168.3 183.8 184.7 480.6 602.6 103.2 395.2 454.2 485.6 183.7 477.1 416.6 162.3 163.8 275.4 318.2 178.4 149.3 132.4 341.4 395.7 353.1 537.9 548.5 582.6 316.1 186.6 307.3 477.7 442.4 536.5 446.0 432.4 159.2 396.6 180.2 435.1 144.1 151.1 170.4 210.1 376.2 136.0 184.5 192.2 347.1 401.3 495.2 395.9 230.7 430.8 338.5 387.4 427.3 554.1 181.4 154.2 156.8 197.0 169.9 374.7 495.7
2303.3 515.7 422.2 92.9 82.4 211.5 532.4 272.7 288.2 61.8 232.9 521.1 143.0 302.6 120.3 375.6 356.1 457.4 307.7 99.9 71.3 494.6 355.4 130.1 269.0 281.6 417.1 284.4 350.6 72.4 108.1 261.1 596.6 204.6 33.7 492.3 322.2 104.9 230.1 146.2 125.4 188.0 475.0 197.8 60.1 526.2 217.3 449.3 361.7 303.6 466.9 515.3 241.7 3.8 107.8 390.8 173.9 89.0 119.4 173.8 169.3 336.6 236.5 419.5 419.1 292.3 167.3 0.0 449.1 131.5 331.7 510.8 265.6 67.7 275.6 233.4 212.1 348.2 106.1 220.1 88.0 117.8 491.0 551.6 55.2 70.9 403.1 51.2 49.9 426.6 287.2 561.2 212.5 44.8 143.6 465.4 594.4 110.5 296.6 446.0 470.4 142.6 445.2 296.2 210.5 122.7 259.7 164.8 14.7 142.7 79.8 333.2 325.4 176.2 522.7 533.3 564.3 191.1 187.5 211.6 462.5 410.5 521.3 354.9 370.3 159.5 292.7 116.7 403.2 137.5 72.0 135.4 76.7 309.3 134.7 143.4 93.8 170.2 387.2 480.0 297.3 67.0 432.9 223.2 375.7 328.7 538.9 105.2 83.1 6.7 133.5 170.2 276.1 487.5
2324.2 66.5 95.8 441.3 428.1 531.5 112.6 168.2 203.5 441.7 400.5 101.3 433.3 202.2 447.8 126.2 128.5 8.2 187.2 477.5 421.3 56.8 143.6 480.3 190.2 159.3 41.9 209.1 233.2 454.5 419.0 237.8 167.2 503.2 485.4 72.5 160.4 469.0 528.7 304.2 371.0 271.5 128.2 261.1 424.2 106.4 515.9 138.8 103.0 186.2 140.5 95.5 532.2 447.7 406.4 145.6 467.6 471.1 370.7 555.9 471.6 149.4 552.8 162.2 173.9 212.5 457.7 451.6 0.0 498.7 169.9 107.3 233.3 431.8 223.3 549.7 246.1 161.0 388.3 536.4 510.6 438.1 133.1 131.8 400.7 415.5 157.9 468.2 408.2 100.2 206.3 141.4 448.2 437.6 393.6 45.6 165.0 383.9 196.3 192.2 32.6 367.7 188.0 225.9 526.8 374.0 228.3 458.5 436.7 515.8 386.2 140.8 225.7 474.8 102.9 113.5 134.9 520.5 551.7 527.8 42.7 165.3 72.1 150.9 158.5 523.7 202.2 483.9 158.0 508.6 404.9 502.6 463.9 187.9 359.6 367.3 495.9 468.8 137.8 30.8 160.5 383.3 106.5 521.8 110.5 167.3 119.1 485.1 465.2 458.4 500.7 534.4 216.8 158.7
2432.7 580.2 486.7 159.2 185.9 205.2 596.9 330.2 406.5 169.3 310.3 585.6 130.3 420.9 114.9 433.1 413.6 521.9 426.0 85.2 180.9 559.1 473.7 123.8 326.5 339.1 481.6 402.7 468.9 82.2 186.5 379.4 654.1 217.3 154.0 552.9 379.7 75.1 242.8 203.7 181.4 245.5 532.5 255.3 89.7 590.7 230.0 529.7 419.2 421.9 531.4 579.8 234.8 135.5 170.6 472.0 172.8 94.3 222.9 179.1 156.6 454.9 230.2 500.7 500.3 410.6 184.4 131.6 513.6 0.0 389.2 568.3 383.9 80.2 393.9 227.1 269.6 466.5 170.0 213.8 112.9 105.1 548.5 616.1 111.2 196.2 484.3 89.3 105.9 491.1 405.5 625.7 199.8 176.5 247.1 529.9 651.9 174.4 414.9 503.5 534.9 246.1 526.4 414.5 204.2 226.2 317.2 163.7 146.4 88.0 183.3 390.7 443.7 197.3 587.2 597.8 621.8 203.7 137.1 204.7 527.0 491.7 585.8 473.2 488.6 109.1 411.0 15.4 484.4 101.2 175.5 3.8 180.2 425.5 171.4 246.9 72.8 192.0 444.7 544.5 415.6 198.7 497.4 235.9 436.7 447.0 603.4 26.9 114.9 124.8 28.3 122.6 394.4 545.0
2230.4 228.9 135.4 294.8 336.3 429.5 245.4 66.2 180.3 295.2 292.7 234.3 331.3 121.7 301.3 81.8 100.7 170.6 71.6 331.0 274.8 207.8 105.9 378.3 88.2 57.3 130.3 133.5 208.6 352.5 317.0 104.8 298.8 356.7 338.9 197.6 134.6 367.0 382.2 202.2 269.0 169.5 177.2 159.1 322.2 239.4 369.4 178.0 62.7 161.6 180.1 228.5 385.7 298.1 259.9 144.0 321.1 369.1 268.7 453.9 369.6 104.4 450.8 170.9 172.3 111.4 355.7 305.1 162.3 396.7 0.0 213.0 109.3 329.8 119.3 447.7 144.1 98.6 286.3 434.4 364.1 336.1 193.2 264.8 298.7 269.0 156.3 356.4 306.2 139.8 136.3 268.2 346.2 322.5 265.6 178.6 296.6 281.9 90.7 148.2 183.6 265.7 198.4 66.1 424.8 286.5 133.8 312.0 290.2 413.8 284.2 35.4 55.7 328.3 235.9 246.5 276.6 374.0 449.7 381.3 175.7 163.7 234.5 157.6 92.4 421.7 56.6 381.9 156.4 411.4 282.0 400.6 381.9 36.2 261.5 265.3 400.9 322.3 99.3 193.2 136.7 236.8 128.8 375.3 108.7 119.7 252.1 389.3 363.2 311.9 398.7 432.4 70.2 189.7
2391.9 183.6 163.5 505.4 482.7 586.1 158.8 222.8 271.2 505.8 455.1 147.5 487.9 269.9 511.9 193.9 196.2 125.3 254.9 541.6 485.4 142.5 211.3 534.9 244.8 213.9 109.6 276.8 300.9 509.1 473.6 305.5 147.4 567.3 549.5 46.2 201.0 523.6 592.8 358.8 425.6 326.1 62.5 315.7 478.8 152.6 580.0 206.5 163.6 253.9 208.2 141.7 596.3 511.8 470.5 213.3 531.7 525.7 425.3 610.5 526.2 217.1 607.4 229.9 241.6 280.2 512.3 515.7 117.0 553.3 210.5 0.0 301.0 486.4 291.0 604.3 300.7 228.7 442.9 591.0 559.6 492.7 67.4 178.0 455.3 479.6 225.6 522.8 462.8 167.9 274.0 187.6 502.8 492.2 448.2 105.4 145.2 438.5 264.0 157.3 118.3 422.3 255.7 266.5 581.4 428.6 282.9 522.6 500.8 570.4 440.8 176.5 266.3 538.9 149.1 122.7 115.1 584.6 606.3 591.9 88.9 233.0 189.2 218.6 226.2 578.3 267.2 538.5 225.7 563.2 459.5 557.2 518.5 246.8 414.2 421.9 550.5 532.9 205.5 147.9 228.2 447.4 174.2 585.9 178.2 235.0 165.3 539.7 519.8 522.5 555.3 589.0 280.8 93.0
2132.1 301.9 208.4 252.9 294.4 430.8 318.6 165.3 83.6 253.3 250.8 307.3 332.6 84.4 259.4 180.9 155.6 243.6 89.5 289.1 232.9 280.8 141.6 393.4 187.3 156.4 203.3 24.1 136.8 335.7 318.3 4.4 373.2 314.8 297.0 278.5 189.5 368.3 340.3 203.5 270.3 215.0 276.3 224.8 323.5 312.4 327.5 235.5 163.0 89.8 253.1 301.5 343.8 259.3 218.0 177.0 279.2 352.3 247.9 437.1 370.9 122.8 452.1 205.7 205.3 74.1 357.0 263.2 235.3 373.7 99.0 312.1 0.0 331.1 10.0 449.0 239.1 116.5 287.6 435.7 322.2 337.4 292.3 337.8 300.0 227.1 189.3 314.5 307.5 212.8 26.9 347.4 347.5 280.6 223.7 251.6 371.0 283.2 78.4 247.3 256.6 267.0 231.4 78.0 426.1 244.6 225.4 270.1 248.3 415.1 259.0 134.5 107.2 286.4 308.9 319.5 340.9 332.1 450.8 339.4 248.7 196.7 307.5 141.1 147.3 422.8 74.5 358.9 189.4 400.8 240.1 377.6 340.0 91.1 258.9 266.6 359.0 280.4 192.5 266.2 83.5 194.9 219.1 333.4 161.9 107.4 325.1 347.4 346.4 270.0 375.7 433.5 57.9 288.8
2352.9 499.9 406.4 151.9 131.2 216.8 516.6 249.9 347.2 120.8 230.0 505.3 144.2 361.6 141.2 352.8 333.3 441.6 380.6 111.5 130.3 478.8 407.7 128.0 246.2 258.8 401.3 343.4 409.6 66.1 83.8 320.1 573.8 243.6 81.3 472.6 299.4 37.1 269.1 123.4 101.1 165.2 452.2 175.0 9.5 510.4 256.3 449.4 337.7 362.6 451.1 499.5 261.1 65.7 166.8 391.7 199.1 89.0 145.4 167.5 156.9 400.5 230.2 418.6 420.0 351.3 143.0 58.9 433.3 66.8 308.9 488.0 324.6 0.0 334.6 227.1 189.3 407.2 81.8 213.8 93.7 119.0 468.2 535.8 30.9 129.9 404.0 80.0 25.6 410.8 346.2 539.2 213.7 103.8 167.7 449.6 571.6 86.2 355.6 423.2 454.6 166.7 446.1 385.6 204.2 146.8 236.9 190.0 73.7 83.9 115.4 310.4 364.7 235.2 506.9 517.5 551.6 230.0 193.3 231.0 446.7 411.4 505.5 413.9 401.4 153.2 365.6 52.0 404.1 115.1 134.1 70.7 125.5 345.2 114.3 167.5 64.0 229.2 370.3 464.2 360.2 126.0 399.8 262.2 356.4 387.7 523.1 53.2 76.8 52.1 68.8 163.9 335.1 464.7
2122.1 291.9 198.4 257.2 298.7 435.1 308.6 175.3 73.6 257.6 255.1 297.3 336.9 94.4 263.7 190.9 165.6 233.6 99.5 293.4 237.2 270.8 131.6 397.7 197.3 166.4 193.3 14.1 126.8 340.0 322.6 14.4 363.2 319.1 301.3 268.5 199.5 372.6 344.6 207.8 274.6 219.3 286.3 229.1 327.8 302.4 331.8 225.5 173.0 79.8 243.1 291.5 348.1 263.6 222.3 167.0 283.5 356.6 252.2 441.4 375.2 112.8 456.4 195.7 195.3 84.1 361.3 267.5 225.3 378.0 109.0 303.3 10.0 335.4 0.0 453.3 243.4 124.4 291.9 440.0 326.5 341.7 302.3 327.8 304.3 231.4 179.3 318.8 311.8 202.8 16.9 337.4 351.8 284.9 228.0 241.6 361.0 287.5 88.4 257.3 246.6 271.3 221.4 88.0 430.4 248.9 235.4 274.4 252.6 419.4 263.3 144.5 117.2 290.7 298.9 309.5 330.9 336.4 455.1 343.7 238.7 186.7 297.5 131.1 146.5 427.1 84.5 363.2 179.4 405.1 244.4 381.9 344.3 101.1 263.2 270.9 363.3 284.7 202.5 256.2 73.5 199.2 209.1 337.7 151.9 104.9 315.1 351.7 350.7 274.3 380.0 437.8 67.9 298.8
2541.0 639.0 545.5 337.3 282.4 122.0 655.7 389.0 494.9 306.2 369.1 644.4 167.2 509.3 351.8 491.9 472.4 580.7 519.7 322.1 315.7 617.9 546.8 103.9 385.3 397.9 540.4 491.1 557.3 172.5 223.4 467.8 712.9 369.2 266.7 611.7 438.5 222.8 394.7 262.5 240.2 304.3 591.3 314.1 219.2 649.5 381.9 588.5 478.0 510.3 590.2 638.6 386.7 248.2 352.2 530.8 409.7 155.2 268.6 179.6 113.2 543.3 24.3 559.5 559.1 499.0 221.3 244.3 572.4 236.8 448.0 627.1 472.3 226.8 482.3 0.0 328.4 546.7 206.9 11.6 302.2 160.0 607.3 674.9 205.1 324.3 543.1 265.4 212.6 549.9 493.9 684.5 254.7 291.9 292.8 588.7 710.7 211.3 503.3 562.3 593.7 291.8 585.2 504.0 21.2 271.9 376.0 400.6 259.1 215.7 240.5 449.5 503.8 358.8 646.0 656.6 680.6 365.4 175.3 356.6 585.8 550.5 644.6 554.1 540.5 147.3 504.7 252.3 543.2 210.5 259.2 231.5 310.9 484.3 226.3 292.6 290.9 352.8 503.5 603.3 504.0 311.4 556.2 387.8 495.5 535.4 662.2 263.8 205.2 237.5 265.2 158.0 482.8 603.8
2277.2 310.5 217.0 229.2 181.9 285.3 327.2 60.5 278.2 199.4 154.3 315.9 187.1 241.3 261.4 163.4 143.9 252.2 191.2 243.4 207.6 289.4 218.3 234.1 56.8 69.4 211.9 253.1 307.9 208.3 172.8 224.4 384.4 329.0 244.5 283.2 110.0 222.8 354.5 58.0 124.8 25.4 262.8 15.0 178.0 321.0 341.7 260.0 149.5 260.9 261.7 310.1 358.0 206.8 232.2 202.3 293.4 224.9 124.5 309.7 225.4 224.1 306.6 231.0 230.6 231.0 211.5 210.7 243.9 252.5 119.5 298.6 228.9 185.6 238.9 303.5 0.0 218.2 142.1 290.2 258.8 191.9 278.8 346.4 154.5 173.2 214.6 222.0 162.0 221.4 255.9 356.0 202.0 191.4 147.4 260.2 382.2 137.7 210.3 233.8 265.2 121.5 256.7 175.5 280.6 127.8 47.5 284.3 195.8 269.6 140.0 121.0 175.3 300.6 317.5 328.1 352.1 334.6 305.5 353.6 257.3 222.0 316.1 225.6 212.0 277.5 176.2 237.7 214.7 262.4 158.7 256.4 217.7 155.8 113.4 121.1 249.7 294.6 175.0 274.8 235.2 209.1 227.7 347.6 167.0 239.3 333.7 238.9 219.0 214.3 254.5 288.2 189.8 275.3
2205.8 230.1 136.6 321.2 362.7 499.1 246.8 153.8 85.1 321.6 319.1 235.5 400.9 83.8 327.7 157.8 108.1 171.8 26.1 357.4 301.2 209.0 69.8 444.9 175.8 144.9 136.6 90.7 114.8 404.0 386.6 119.4 301.4 383.1 365.3 206.7 142.0 436.6 408.6 271.8 338.6 257.1 262.4 246.7 391.8 240.6 395.8 163.7 150.3 67.8 181.3 229.7 412.1 324.5 286.3 105.2 347.5 448.8 314.3 505.4 439.2 12.3 520.4 132.1 133.5 94.1 425.3 331.5 163.5 442.0 87.5 241.5 114.9 399.4 104.9 517.3 231.7 0.0 355.9 504.0 390.5 405.7 267.3 266.0 368.3 295.4 117.5 382.8 375.8 141.0 87.9 269.4 415.8 348.9 292.0 179.8 299.2 351.5 63.2 235.8 184.8 335.3 159.6 82.3 497.9 312.9 221.4 338.4 316.6 483.4 327.3 123.0 95.7 354.7 237.1 247.7 279.2 400.4 531.2 407.7 176.9 124.9 235.7 69.3 84.7 491.1 41.1 427.2 117.6 473.9 308.4 445.9 408.3 79.6 331.1 334.9 427.3 348.7 169.4 194.4 41.0 263.2 130.0 401.7 90.1 48.9 253.3 415.7 414.7 338.3 444.0 501.8 83.7 277.3
2317.9 464.9 371.4 173.5 75.4 187.0 481.6 214.9 320.8 143.5 195.0 470.3 88.8 335.2 201.8 317.8 298.3 406.6 345.6 181.4 151.9 443.8 372.7 132.8 211.2 223.8 369.3 317.0 383.2 114.0 78.5 293.7 538.8 282.6 153.8 437.6 264.4 128.5 308.1 88.4 75.3 130.2 417.2 140.0 83.7 475.4 295.3 414.0 302.7 336.2 416.1 464.5 316.3 113.0 185.8 356.7 259.7 136.9 61.6 215.4 127.1 369.2 208.3 385.4 385.0 324.9 113.2 120.0 398.3 158.2 273.9 453.0 298.2 91.3 308.2 205.2 154.3 372.6 0.0 191.9 152.3 93.6 433.2 500.8 60.2 117.3 369.0 115.5 67.7 376.8 319.8 504.2 173.2 84.9 85.8 414.6 536.6 4.3 329.2 388.2 419.6 84.8 411.1 329.9 185.8 64.9 201.9 250.6 133.8 175.3 33.5 275.4 329.7 254.2 471.9 482.5 516.6 272.6 219.3 286.2 411.7 376.4 470.5 380.0 366.4 179.2 330.6 143.4 369.1 168.9 52.2 162.1 111.2 310.2 88.5 85.6 158.1 248.2 329.4 429.2 329.9 162.7 364.8 301.2 321.4 361.3 488.1 169.5 124.7 105.6 160.2 189.9 308.7 429.7
2529.3 627.3 533.8 325.6 270.7 110.3 644.0 377.3 483.2 294.5 357.4 632.7 155.5 497.6 340.1 480.2 460.7 569.0 508.0 310.4 304.0 606.2 535.1 92.2 373.6 386.2 528.7 479.4 545.6 160.8 211.7 456.1 701.2 357.5 255.0 600.0 426.8 211.1 383.0 250.8 228.5 292.6 579.6 302.4 207.5 637.8 370.2 576.8 466.3 498.6 578.5 626.9 375.0 236.5 340.5 519.1 398.0 143.5 256.9 167.9 101.5 531.6 16.3 547.8 547.4 487.3 209.6 232.6 560.7 225.1 436.3 615.4 460.6 215.1 470.6 13.2 316.7 535.0 195.2 0.0 290.5 148.3 595.6 663.2 193.4 312.6 531.4 253.7 200.9 538.2 482.2 672.8 243.0 280.2 281.1 577.0 699.0 199.6 491.6 550.6 582.0 280.1 573.5 492.3 9.6 260.2 364.3 388.9 247.4 204.0 228.8 437.8 492.1 347.1 634.3 644.9 668.9 353.7 163.6 344.9 574.1 538.8 632.9 542.4 528.8 135.6 493.0 240.6 531.5 198.8 247.5 219.8 299.2 472.6 214.6 280.9 279.2 341.1 491.8 591.6 492.3 299.7 544.5 376.1 483.8 523.7 650.5 252.1 193.5 225.8 253.5 146.3 471.1 592.1
2369.7 568.9 475.4 89.5 135.2 282.3 585.4 320.8 341.4 90.0 271.9 574.3 217.8 355.8 92.7 423.7 404.2 510.6 360.9 63.0 110.5 547.8 408.6 200.9 317.1 329.7 473.3 337.6 403.8 143.2 172.1 314.3 644.7 204.2 103.3 543.5 370.3 126.0 206.8 199.0 189.4 236.1 523.1 245.9 97.7 579.4 208.4 502.5 408.6 356.8 520.1 568.5 218.4 84.8 111.8 444.0 150.6 188.0 172.2 244.6 245.2 394.7 307.3 472.7 472.3 345.5 231.3 80.9 502.3 102.7 379.8 558.9 318.8 88.2 328.8 304.2 260.2 401.4 170.1 290.9 0.0 188.6 539.1 604.8 119.2 116.9 456.3 57.2 113.9 480.8 340.4 608.2 283.3 125.8 183.5 518.6 642.5 171.8 349.8 494.1 523.6 195.4 498.4 370.1 281.3 175.5 315.3 141.5 95.7 172.8 132.6 381.3 378.6 174.7 575.9 586.5 622.5 181.1 237.2 201.6 515.7 463.7 574.5 408.1 423.5 209.8 345.9 87.9 456.4 208.8 124.8 106.6 129.5 362.5 202.6 196.2 81.8 169.8 441.2 533.2 354.4 124.0 468.8 222.8 427.3 381.9 592.1 76.4 153.9 74.1 104.7 223.3 329.3 535.6
2356.4 503.4 409.9 224.5 172.2 123.2 520.1 253.4 359.3 193.4 233.5 508.8 57.0 373.7 228.9 356.3 336.8 445.1 384.1 199.2 202.9 482.3 411.2 72.0 249.7 262.3 409.9 355.5 421.7 59.7 113.2 332.2 577.3 258.1 153.9 476.1 302.9 94.6 283.6 126.9 105.3 168.7 455.7 178.5 106.4 513.9 270.8 452.5 341.2 374.7 454.6 503.0 275.6 138.3 239.4 395.2 286.8 80.0 160.3 136.6 63.3 412.6 144.5 422.1 423.5 363.4 111.1 131.5 436.8 113.9 312.4 491.5 336.7 114.0 346.7 141.4 192.8 411.1 96.7 128.1 189.4 0.0 471.7 539.3 94.9 214.1 407.5 152.6 102.4 414.3 358.3 542.7 93.5 181.7 182.6 453.1 575.1 101.1 367.7 426.7 458.1 174.3 449.6 368.4 122.0 161.7 240.4 277.7 146.3 87.5 130.3 313.9 368.2 247.7 510.4 521.0 555.1 254.3 155.5 245.5 450.2 414.9 509.0 418.5 404.9 115.4 369.1 129.4 407.6 82.3 149.0 108.6 198.1 348.7 61.2 173.9 186.8 241.7 373.8 467.7 368.4 198.6 403.3 276.7 359.9 399.8 526.6 140.9 92.4 124.7 142.3 126.1 347.2 468.2
2401.0 192.7 172.6 508.9 486.2 589.6 167.9 226.3 280.3 509.3 458.6 156.6 491.4 279.0 515.4 203.0 205.3 134.4 264.0 545.1 488.9 151.6 220.4 538.4 248.3 217.4 118.7 285.9 310.0 512.6 477.1 314.6 156.5 570.8 553.0 55.3 204.5 527.1 596.3 362.3 429.1 329.6 66.0 319.2 482.3 161.7 583.5 215.6 167.1 263.0 217.3 150.8 599.8 515.3 474.0 222.4 535.2 529.2 428.8 614.0 529.7 226.2 610.9 239.0 250.7 289.3 515.8 519.2 126.1 556.8 214.0 70.7 310.1 489.9 300.1 607.8 304.2 237.8 446.4 594.5 563.1 496.2 0.0 187.1 458.8 483.1 234.7 526.3 466.3 177.0 283.1 196.7 506.3 495.7 451.7 114.5 154.3 442.0 273.1 160.8 127.4 425.8 264.8 270.0 584.9 432.1 286.4 526.1 504.3 573.9 444.3 180.0 269.8 542.4 158.2 131.8 124.2 588.1 609.8 595.4 98.0 242.1 198.3 227.7 235.3 581.8 270.7 542.0 234.8 566.7 463.0 560.7 522.0 250.3 417.7 425.4 554.0 536.4 214.6 157.0 237.3 450.9 183.3 589.4 187.3 244.1 174.4 543.2 523.3 526.0 558.8 592.5 284.3 96.5
2444.0 235.7 215.6 561.1 547.9 651.3 60.7 288.0 323.3 561.5 520.3 147.2 553.1 322.0 567.6 246.0 248.3 177.4 307.0 597.3 541.1 194.6 263.4 600.1 310.0 279.1 161.7 328.9 353.0 574.3 538.8 357.6 245.5 623.0 605.2 150.8 280.2 588.8 648.5 424.0 490.8 391.3 206.5 380.9 544.0 89.1 635.7 258.6 222.8 306.0 260.3 141.4 652.0 567.5 526.2 265.4 587.4 590.9 490.5 675.7 591.4 269.2 672.6 282.0 293.7 332.3 577.5 571.4 169.1 618.5 289.7 185.6 353.1 551.6 343.1 669.5 365.9 280.8 508.1 656.2 630.4 557.9 211.4 0.0 520.5 535.3 277.7 588.0 528.0 220.0 326.1 49.7 568.0 557.4 513.4 157.5 243.3 503.7 316.1 301.3 170.4 487.5 307.8 345.7 646.6 493.8 348.1 578.3 556.5 635.6 506.0 260.6 345.5 594.6 85.6 191.8 213.2 640.3 671.5 647.6 118.1 285.1 241.3 270.7 278.3 643.5 322.0 603.7 277.8 628.4 524.7 622.4 583.7 307.7 479.4 487.1 615.7 588.6 257.6 200.0 280.3 503.1 226.3 641.6 230.3 287.1 165.0 604.9 585.0 578.2 620.5 654.2 336.6 237.0
2320.8 467.8 374.3 158.4 125.2 184.7 484.5 217.8 323.7 127.3 197.9 473.2 86.5 338.1 171.2 320.7 301.2 409.5 348.5 141.5 136.8 446.7 375.6 110.3 214.1 226.7 369.2 319.9 386.1 52.6 51.7 296.6 541.7 269.8 87.8 440.5 267.3 67.1 295.3 91.3 69.0 133.1 420.1 142.9 22.3 478.3 282.5 417.3 306.8 339.1 419.0 467.4 287.3 69.3 173.3 359.6 229.1 69.2 111.4 154.0 124.8 372.1 216.7 388.3 387.9 327.8 110.9 65.4 401.2 96.8 276.8 455.9 301.1 29.9 311.1 213.6 157.2 375.5 49.7 200.3 123.3 98.0 436.1 503.7 0.0 136.4 371.9 86.5 6.3 378.7 322.7 513.3 166.9 134.7 135.6 417.5 539.5 54.1 332.1 391.1 422.5 134.6 414.0 332.8 190.7 114.7 204.8 220.0 80.2 113.9 83.3 278.3 332.6 241.7 474.8 485.4 509.4 256.6 167.7 257.2 414.6 379.3 473.4 382.9 369.3 139.7 333.5 82.0 372.0 117.7 102.0 100.7 132.0 313.1 78.3 135.4 94.0 235.7 332.3 432.1 332.8 132.5 385.0 288.4 324.3 364.2 491.0 83.2 63.3 58.6 98.8 150.4 311.6 432.6
2254.7 472.2 378.7 80.4 127.6 274.7 488.9 231.5 244.7 26.1 182.6 477.6 206.2 259.1 88.1 334.4 314.9 413.9 264.2 98.5 53.6 451.1 311.9 193.3 227.8 240.4 373.6 240.9 307.1 135.6 171.3 217.6 543.5 199.5 96.9 448.8 281.0 168.1 225.0 135.3 188.6 146.8 433.8 156.6 123.3 482.7 212.2 405.8 320.5 260.1 423.4 471.8 213.8 59.2 102.7 347.3 146.0 152.2 123.9 237.0 232.5 293.1 299.7 376.0 375.6 248.8 230.5 63.1 405.6 183.1 273.7 469.6 222.1 130.9 232.1 296.6 170.9 304.7 135.8 283.3 113.3 181.0 449.8 508.1 118.4 0.0 359.6 114.4 113.1 383.1 243.7 517.7 275.7 80.5 99.7 421.9 541.3 131.4 253.1 404.8 426.9 155.0 401.7 252.7 273.7 120.6 218.5 136.9 48.2 205.9 92.2 292.0 281.9 171.1 479.2 489.8 511.2 205.2 250.7 224.1 419.0 367.0 477.8 311.4 326.8 222.7 249.2 168.3 359.7 200.7 73.3 187.0 139.9 265.8 190.7 155.8 156.5 165.1 346.0 436.5 253.8 49.3 389.4 218.1 332.2 285.2 495.4 156.8 146.3 69.9 185.1 233.4 232.6 446.3
2290.6 216.9 123.4 407.7 426.5 529.9 233.6 166.6 169.9 408.1 405.6 222.3 435.7 168.6 414.2 144.6 76.9 158.6 153.6 443.9 387.7 195.8 110.0 475.7 188.6 157.7 121.3 175.5 199.6 452.9 417.4 204.2 288.2 469.6 451.8 193.5 110.8 467.4 495.1 302.6 369.4 269.9 249.2 259.5 422.6 227.4 482.3 114.8 154.2 152.6 168.1 216.5 498.6 411.0 372.8 56.3 434.0 497.7 369.1 554.3 470.0 120.7 551.2 83.2 18.8 178.9 456.1 418.0 150.3 497.1 162.3 228.3 199.7 430.2 189.7 548.1 244.5 127.4 386.7 534.8 477.0 436.5 254.1 252.8 399.1 381.9 0.0 466.6 406.6 128.8 172.7 256.2 446.6 435.4 378.5 166.6 286.0 382.3 162.7 243.4 171.6 366.1 110.7 194.1 528.7 372.4 226.7 424.9 403.1 514.2 384.6 135.8 193.9 441.2 223.9 234.5 266.0 486.9 562.2 494.2 163.7 10.2 222.5 117.3 124.9 522.1 168.6 482.3 68.7 507.0 394.9 501.0 462.3 136.3 361.9 365.7 494.3 435.2 162.1 181.2 122.8 349.7 116.8 488.2 58.9 133.7 240.1 483.5 463.6 424.8 499.1 532.8 183.2 279.7
2345.6 536.8 443.3 106.2 96.5 243.6 553.5 286.8 330.5 104.1 266.9 542.2 179.1 344.9 98.8 389.7 370.2 478.5 350.0 69.1 113.6 515.7 397.7 162.2 283.1 295.7 441.2 326.7 392.9 104.5 151.4 303.4 610.7 183.2 64.6 509.5 336.3 105.3 208.7 160.3 168.7 202.1 489.1 211.9 77.0 547.3 195.9 485.9 374.6 345.9 488.0 536.4 200.7 49.0 128.5 428.6 156.7 121.1 133.5 205.9 201.4 385.1 268.6 457.3 456.9 334.6 210.6 42.2 470.2 80.2 345.8 524.9 307.9 67.5 317.9 265.5 226.2 390.5 137.5 252.2 35.3 149.9 505.1 572.7 98.5 113.2 440.9 0.0 93.2 448.7 329.5 576.1 244.6 87.1 157.7 486.5 608.5 133.1 338.9 460.1 491.5 156.7 483.0 338.5 242.6 136.8 273.8 147.6 57.0 152.1 93.9 347.3 367.7 172.8 543.8 554.4 588.5 179.4 216.8 170.6 483.6 448.3 542.4 397.2 412.6 189.4 336.7 65.4 441.0 186.3 86.1 84.1 90.8 351.6 181.9 157.5 61.1 166.8 401.3 501.1 339.6 109.3 436.7 201.8 393.3 371.0 560.0 53.9 115.2 35.4 82.2 202.9 318.4 501.6
2327.2 474.2 380.7 152.0 131.6 185.3 490.9 224.2 330.1 120.9 204.3 479.6 116.8 344.5 164.8 327.1 307.6 415.9 354.9 135.1 130.4 453.1 382.0 103.9 220.5 233.1 375.6 326.3 392.5 46.2 58.1 303.0 548.1 263.4 81.4 446.9 273.7 60.7 288.9 97.7 75.4 139.5 426.5 149.3 15.9 484.7 276.1 423.7 313.2 345.5 425.4 473.8 280.9 62.9 166.9 366.0 222.7 62.8 117.8 147.6 131.2 378.5 210.3 394.7 394.3 334.2 117.3 59.0 407.6 90.4 283.2 462.3 307.5 23.5 317.5 207.2 163.6 381.9 56.1 193.9 116.9 91.6 442.5 510.1 5.2 130.0 378.3 80.1 0.0 385.1 329.1 519.7 186.3 103.9 142.0 423.9 545.9 60.5 338.5 397.5 428.9 141.0 420.4 339.2 184.3 121.1 211.2 213.6 73.8 107.5 89.7 284.7 339.0 235.3 481.2 491.8 515.8 250.2 161.3 250.8 421.0 385.7 479.8 389.3 375.7 133.3 339.9 75.6 378.4 111.3 108.4 94.3 125.6 319.5 84.7 141.8 87.6 229.3 338.7 438.5 339.2 126.1 391.4 282.0 330.7 370.6 497.4 76.8 56.9 52.2 92.4 144.0 318.0 439.0
2303.0 148.1 4.4 420.1 406.9 510.3 164.6 147.0 182.3 420.5 379.3 153.5 416.1 181.0 426.6 105.0 107.3 89.8 166.0 456.3 400.1 127.0 122.4 456.1 169.0 138.1 54.6 187.9 212.0 433.3 397.8 216.6 219.4 482.0 464.2 124.7 139.2 447.8 507.5 283.0 349.8 250.3 180.4 239.9 403.0 158.6 494.7 38.1 86.6 165.0 64.5 147.7 512.0 423.4 385.2 90.6 446.4 456.2 351.4 534.7 450.4 134.4 531.6 63.7 152.7 191.3 436.5 430.4 81.5 477.5 148.7 159.5 212.1 410.6 202.1 528.5 224.9 139.8 368.1 515.2 489.4 416.9 185.3 184.0 379.5 394.3 136.7 448.0 387.0 0.0 185.1 187.4 427.0 416.4 372.4 97.8 217.2 362.7 175.1 174.6 102.8 346.5 86.7 225.4 509.1 352.8 214.6 437.3 415.5 494.6 365.0 123.2 204.5 453.6 155.1 165.7 197.2 499.3 542.6 506.6 94.9 144.1 153.7 129.7 137.3 502.5 179.3 462.7 77.2 492.2 383.7 481.4 442.7 166.7 342.3 346.1 474.7 447.6 122.5 112.4 135.2 362.1 10.9 500.6 89.3 146.1 171.3 464.9 444.0 437.2 480.5 513.2 195.6 210.9
2133.8 274.9 181.4 268.9 310.4 446.8 291.4 192.3 56.6 269.3 266.8 280.3 352.6 98.8 275.4 202.6 152.9 216.6 116.5 305.1 248.9 253.8 114.6 392.6 214.3 183.4 176.3 2.7 109.8 351.7 334.3 31.4 346.2 330.8 313.0 251.5 186.8 384.3 356.3 219.5 286.3 231.0 303.3 240.8 339.5 285.4 343.5 208.5 188.8 62.8 226.1 274.5 359.8 272.2 234.0 150.0 295.2 396.5 262.0 453.1 386.9 100.7 468.1 176.9 178.3 101.1 373.0 279.2 208.3 389.7 126.0 286.3 26.9 347.1 16.9 465.0 255.1 107.4 303.6 451.7 338.2 353.4 312.1 310.8 316.0 243.1 162.3 330.5 323.5 185.8 0.0 314.2 363.5 296.6 239.7 224.6 344.0 299.2 105.4 274.3 229.6 283.0 204.4 105.0 442.1 260.6 259.9 286.1 264.3 431.1 275.0 161.5 134.2 302.4 281.9 292.5 324.0 348.1 466.2 355.4 221.7 169.7 280.5 114.1 129.5 438.8 101.5 374.9 162.4 416.8 256.1 393.6 356.0 118.1 278.8 282.6 375.0 296.4 220.1 239.2 56.5 210.9 174.8 349.4 134.9 87.9 298.1 363.4 362.4 286.0 391.7 449.5 84.9 315.8
2428.6 220.3 200.2 545.7 532.5 635.9 85.7 272.6 307.9 546.1 504.9 131.8 537.7 306.6 552.2 230.6 232.9 162.0 291.6 581.9 525.7 179.2 248.0 584.7 294.6 263.7 141.6 313.5 337.6 558.9 523.4 342.2 230.1 607.6 589.8 135.4 264.8 573.4 633.1 408.6 475.4 375.9 191.1 365.5 528.6 39.0 620.3 243.2 208.6 290.6 244.9 126.0 636.6 552.1 510.8 250.0 572.0 581.8 475.1 660.3 576.0 258.7 657.2 266.6 278.3 316.9 562.1 556.0 153.7 603.1 274.3 170.2 337.7 536.2 327.7 654.1 350.5 265.4 492.7 640.8 615.0 542.5 196.0 61.6 505.1 519.9 262.3 572.6 512.6 204.6 310.7 0.0 552.6 542.0 498.0 142.1 227.9 488.3 300.7 285.9 155.0 472.1 292.4 330.3 634.7 478.4 332.7 562.9 541.1 620.2 490.6 245.2 330.1 579.2 71.4 176.4 207.9 624.9 655.5 632.2 102.7 269.7 225.9 255.3 262.9 628.1 304.9 588.3 262.4 617.8 509.3 607.0 568.3 292.3 467.9 471.7 600.3 573.2 248.1 184.6 260.8 487.7 193.6 626.2 214.9 271.7 149.6 589.5 569.6 562.8 605.1 638.8 321.2 221.6
2385.8 532.8 439.3 315.2 262.9 213.9 549.5 282.8 388.7 284.1 262.9 538.2 147.7 403.1 319.6 385.7 366.2 474.5 413.5 289.9 293.6 511.7 440.6 162.7 279.1 291.7 434.2 384.9 451.1 150.4 182.7 361.6 606.7 348.8 244.6 505.5 332.3 185.3 374.3 156.3 134.7 198.1 485.1 207.9 187.9 543.3 361.5 482.3 371.8 404.1 484.0 532.4 366.3 226.1 330.1 424.6 377.5 142.5 206.7 227.3 154.0 437.1 235.2 453.3 452.9 392.8 201.8 222.2 466.2 204.6 341.8 520.9 366.1 195.5 376.1 232.1 222.2 440.5 187.4 218.8 280.1 89.5 501.1 568.7 164.4 281.8 436.9 243.3 171.9 443.7 387.7 578.3 0.0 272.4 230.9 482.5 604.5 191.8 397.1 456.1 487.5 203.7 479.0 397.8 209.2 210.0 269.8 368.4 237.0 178.2 221.0 343.3 397.6 338.4 539.8 550.4 574.4 345.0 234.1 336.2 479.6 444.3 538.4 447.9 434.3 206.1 398.5 220.1 437.0 173.0 239.7 199.3 288.8 378.1 94.5 203.3 259.6 332.4 397.3 497.1 397.8 289.3 450.0 367.4 389.3 429.2 556.0 231.6 183.1 215.4 233.0 216.8 376.6 497.6
2334.1 504.2 410.7 120.5 96.7 246.6 520.9 254.2 308.4 89.4 234.3 509.6 178.1 322.8 147.9 357.1 337.6 445.9 327.9 127.5 98.9 483.1 375.6 165.2 250.5 263.1 405.6 304.6 370.8 107.5 143.2 281.3 578.1 232.2 68.8 476.9 303.7 140.0 257.7 127.7 160.5 169.5 456.5 179.3 95.2 514.7 244.9 453.7 343.2 323.8 455.4 503.8 269.3 31.1 135.4 396.0 201.5 124.1 100.9 208.9 204.4 356.8 271.6 424.7 424.3 312.5 202.4 35.0 437.6 166.6 313.2 492.3 285.8 102.8 295.8 268.5 193.6 368.4 104.9 255.2 123.1 152.9 472.5 540.1 90.3 104.0 408.3 86.3 85.0 415.1 307.4 549.7 247.6 0.0 125.1 453.9 575.9 100.5 316.8 427.5 458.9 124.1 450.4 316.4 245.6 104.2 241.2 192.4 42.3 177.8 61.3 314.7 345.6 203.8 511.2 521.8 545.8 218.7 222.6 239.2 451.0 415.7 509.8 375.1 390.5 194.6 312.9 151.8 408.4 172.6 38.9 170.5 111.8 329.5 169.8 124.9 128.9 197.8 368.7 468.5 317.5 94.6 421.4 250.8 360.7 348.9 527.4 140.3 118.2 41.8 168.6 205.3 296.3 469.0
2258.4 451.5 358.0 150.9 125.6 272.9 468.2 201.5 253.4 117.4 170.0 456.9 174.7 267.8 178.0 304.4 284.9 393.2 272.9 157.6 129.3 430.4 320.6 221.7 197.8 210.4 352.9 249.6 315.8 197.4 164.4 226.3 525.4 255.9 158.7 424.2 251.0 214.4 281.4 75.0 161.2 116.8 403.8 126.6 169.6 462.0 268.6 401.0 290.5 268.8 402.7 451.1 299.4 121.0 159.1 343.3 220.3 214.0 24.1 298.8 213.0 301.8 294.2 372.0 371.6 257.5 199.1 124.9 384.9 242.2 260.5 439.6 230.8 177.2 240.8 291.1 140.9 313.4 85.8 277.8 174.9 179.5 419.8 487.4 146.1 91.2 355.6 165.7 153.6 362.4 252.4 497.0 222.9 135.1 0.0 401.2 523.2 81.4 261.8 374.8 406.2 71.4 397.7 261.4 268.2 20.8 188.5 211.2 110.0 261.2 83.7 262.0 290.6 227.5 458.5 469.1 493.1 248.8 293.1 269.3 398.3 363.0 457.1 320.1 335.5 265.1 257.9 227.4 355.7 262.5 90.0 246.1 161.4 274.5 134.3 72.2 208.3 221.5 316.0 415.8 262.5 136.0 368.7 274.5 308.0 293.9 474.7 215.9 208.1 131.7 244.2 275.8 241.3 416.3
2338.7 100.8 110.3 455.8 442.6 546.0 99.0 182.7 218.0 456.2 415.0 87.9 451.8 216.7 462.3 140.7 143.0 37.1 201.7 492.0 435.8 89.3 158.1 491.8 204.7 173.8 51.7 223.6 247.7 469.0 433.5 252.3 153.8 517.7 499.9 59.1 174.9 483.5 543.2 318.7 385.5 286.0 114.8 275.6 438.7 93.0 530.4 152.9 117.5 200.7 155.0 82.1 546.7 459.1 420.9 160.1 482.1 513.8 385.2 570.4 486.1 163.9 567.3 176.7 188.4 227.0 472.2 466.1 46.5 513.2 184.4 93.9 247.8 446.3 237.8 564.2 260.6 175.5 402.8 550.9 525.1 452.6 119.7 118.4 415.2 430.0 172.4 482.7 422.7 114.7 220.8 121.8 462.7 452.1 408.1 0.0 151.6 398.4 210.8 206.7 65.1 382.2 202.5 261.1 541.3 388.5 242.8 473.0 451.2 530.3 400.7 155.3 240.2 489.3 89.5 100.1 131.6 535.0 578.3 542.3 29.3 179.8 93.0 165.4 173.0 538.2 216.7 498.4 172.5 523.1 419.4 517.1 478.4 202.4 378.0 381.8 510.4 483.3 152.3 51.7 170.9 397.8 103.7 536.3 125.0 181.8 105.7 499.6 479.7 472.9 515.2 548.9 231.3 145.3
2454.7 246.4 226.3 571.8 558.6 662.0 221.6 298.7 334.0 572.2 531.0 210.3 563.8 332.7 578.3 256.7 259.0 188.1 317.7 608.0 551.8 205.3 274.1 610.8 320.7 289.8 172.4 339.6 363.7 585.0 549.5 368.3 33.8 633.7 615.9 109.0 289.7 599.5 659.2 434.7 501.5 402.0 151.2 391.6 554.7 215.4 646.4 269.3 233.5 316.7 271.0 204.5 662.7 578.2 536.9 276.1 598.1 601.6 501.2 686.4 602.1 279.9 683.3 292.7 304.4 343.0 588.2 582.1 179.8 629.2 299.2 130.3 363.8 562.3 353.8 680.2 376.6 291.5 518.8 666.9 641.1 568.6 156.1 240.8 531.2 546.0 288.4 598.7 538.7 230.7 336.8 250.4 578.7 568.1 524.1 168.2 0.0 514.4 326.8 246.0 181.1 498.2 318.5 355.2 657.3 504.5 358.8 589.0 567.2 646.3 516.7 265.2 355.0 605.3 211.9 185.5 96.7 651.0 682.2 658.3 151.7 295.8 252.0 281.4 289.0 654.2 332.7 614.4 288.5 639.1 535.4 633.1 594.4 318.4 490.1 497.8 626.4 599.3 268.3 210.7 291.0 513.8 237.0 652.3 241.0 297.8 228.1 615.6 595.7 588.9 631.2 664.9 347.3 181.7
2313.5 460.5 367.0 169.1 71.0 191.4 477.0 210.5 316.4 139.1 190.6 465.9 97.2 330.8 197.4 313.4 293.9 402.2 341.2 177.0 147.5 439.4 368.3 137.2 206.8 219.4 361.9 312.6 378.8 118.4 82.9 289.3 534.4 278.2 149.4 433.2 260.0 132.9 303.7 84.0 79.7 125.8 412.8 135.6 88.1 471.0 290.9 409.6 298.3 331.8 411.7 460.1 311.9 108.6 181.4 352.3 255.3 163.2 57.2 219.8 131.5 369.7 212.7 379.2 380.6 320.5 117.6 115.6 393.9 162.6 269.5 448.6 293.8 95.7 303.8 209.6 149.9 368.2 4.3 196.3 147.9 98.0 428.8 496.4 64.6 112.9 364.6 111.1 72.1 371.4 315.4 499.8 177.6 80.5 81.4 410.2 532.2 0.0 324.8 383.8 415.2 80.4 406.7 346.2 186.7 60.5 205.0 246.2 129.4 179.7 29.1 271.0 325.3 249.8 467.5 478.1 512.2 268.2 211.6 281.8 407.3 372.0 466.1 375.6 362.0 183.6 326.2 147.8 364.7 168.5 47.8 166.5 106.8 305.8 92.9 81.2 153.7 243.8 330.9 424.8 329.4 158.3 360.4 296.8 317.0 356.9 483.7 165.1 129.1 101.2 164.6 194.3 304.3 425.3
2214.3 264.4 170.9 283.9 325.4 461.8 281.1 146.7 93.6 284.3 281.8 269.8 363.6 92.3 290.4 162.3 137.0 206.1 66.3 320.1 263.9 243.3 104.1 424.4 168.7 137.8 165.8 99.2 123.3 366.7 349.3 93.9 335.7 345.8 328.0 241.0 170.9 399.3 371.3 234.5 301.3 246.0 257.7 239.6 354.5 274.9 358.5 198.0 144.4 76.3 215.6 264.0 374.8 290.3 249.0 139.5 310.2 383.3 278.9 468.1 401.9 76.4 483.1 168.2 167.8 100.5 388.0 294.2 197.8 404.7 80.4 275.8 98.4 362.1 108.4 480.0 224.6 64.0 318.6 466.7 353.2 368.4 273.7 300.3 331.0 258.1 151.8 345.5 338.5 175.3 96.4 309.9 378.5 311.6 254.7 214.1 333.5 314.2 0.0 228.7 219.1 298.0 193.9 59.4 457.1 275.6 206.8 301.1 279.3 446.1 290.0 115.9 88.6 317.4 271.4 282.0 303.4 363.1 481.8 370.4 211.2 159.2 270.0 103.6 119.0 453.8 55.9 389.9 151.9 431.8 271.1 408.6 371.0 72.5 289.9 297.6 390.0 311.4 173.9 228.7 50.6 225.9 181.6 364.4 124.4 28.9 287.6 378.4 377.4 301.0 406.7 464.5 20.5 270.2
2368.3 265.9 176.0 432.7 410.0 513.4 266.6 150.1 283.7 433.1 382.4 255.3 415.2 259.6 439.2 185.7 162.2 207.6 209.5 468.9 412.7 244.8 223.8 462.2 172.1 141.2 167.3 271.4 313.4 436.4 400.9 242.7 255.2 494.6 476.8 154.0 128.3 450.9 520.1 286.1 352.9 253.4 133.6 243.0 406.1 260.4 507.3 219.0 90.9 266.4 220.7 249.5 523.6 439.1 397.8 220.6 459.0 453.0 352.6 537.8 453.5 229.6 534.7 242.4 248.9 249.3 439.6 443.0 199.3 480.6 137.8 169.4 247.2 413.7 257.2 531.6 228.0 236.5 370.2 518.3 486.9 420.0 149.6 285.8 382.6 406.9 232.9 450.1 390.1 180.4 274.2 295.4 430.1 419.5 375.5 213.2 253.0 365.8 228.6 0.0 220.6 349.6 268.2 193.8 508.7 355.9 210.2 449.9 428.1 497.7 368.1 103.8 193.6 466.2 256.9 230.5 222.9 511.9 533.6 519.2 196.7 240.3 271.5 231.1 230.3 505.6 194.5 465.8 233.0 490.5 386.8 484.5 445.8 174.1 341.5 349.2 477.8 460.2 197.3 230.2 240.7 374.7 186.7 513.2 185.3 247.5 273.1 467.0 447.1 449.8 482.6 516.3 208.1 146.1
2325.3 99.0 96.9 442.4 429.2 532.6 133.7 169.3 204.6 442.8 401.6 122.4 434.4 203.3 448.9 127.3 129.6 40.7 188.3 478.6 422.4 24.1 144.7 481.4 191.3 160.4 40.3 210.2 234.3 455.6 420.1 238.9 188.3 504.3 486.5 93.6 161.5 470.1 529.8 305.3 372.1 272.6 149.3 262.2 425.3 127.5 517.0 139.9 104.1 187.3 141.6 116.6 533.3 448.8 407.5 146.7 468.7 472.2 371.8 557.0 472.7 155.4 553.9 163.3 175.0 213.6 458.8 452.7 32.4 499.8 171.0 128.4 234.4 432.9 224.4 550.8 247.2 162.1 389.4 537.5 511.7 439.2 154.2 152.9 401.8 416.6 159.0 469.3 409.3 101.3 207.4 156.3 449.3 438.7 394.7 66.7 186.1 385.0 197.4 193.3 0.0 368.8 189.1 227.0 531.4 375.1 236.9 459.6 437.8 516.9 387.3 141.9 226.8 475.9 124.0 134.6 166.1 521.6 552.8 528.9 63.8 166.4 104.6 152.0 159.6 524.8 201.6 485.0 159.1 514.5 406.0 503.7 465.0 189.0 364.6 368.4 497.0 469.9 144.8 63.3 160.5 384.4 90.3 522.9 111.6 168.4 140.2 486.2 466.3 459.5 501.8 535.5 217.9 179.8
2274.0 421.0 327.5 219.4 121.3 268.6 437.7 171.0 276.9 189.4 151.1 426.4 170.4 291.3 247.7 273.9 254.4 362.7 301.7 227.3 197.8 399.9 328.8 217.4 167.3 179.9 322.4 273.1 339.3 200.6 160.1 249.8 494.9 325.8 199.7 393.7 220.5 210.1 351.3 44.5 115.2 86.3 373.3 96.1 165.3 431.5 338.5 370.5 258.8 292.3 372.2 420.6 362.2 162.0 229.0 312.8 290.2 217.2 65.8 302.0 208.7 330.2 289.9 339.7 341.1 281.0 194.8 165.9 354.4 241.7 230.0 409.1 254.3 172.9 264.3 286.8 110.4 328.7 81.5 273.5 198.2 175.2 389.3 456.9 141.8 163.2 325.1 161.4 149.3 331.9 275.9 460.3 192.4 130.8 88.1 370.7 492.7 77.1 285.3 344.3 375.7 0.0 367.2 296.2 267.4 67.2 165.5 281.1 179.7 256.9 79.4 231.5 285.8 297.4 428.0 438.6 472.7 318.5 288.8 332.1 367.8 332.5 426.6 336.1 322.5 260.8 288.4 226.9 325.2 250.5 98.1 245.6 157.1 266.3 107.7 60.5 204.0 291.4 291.4 385.3 289.9 205.9 320.9 344.4 277.5 317.4 444.2 215.4 211.3 151.5 243.7 271.5 264.8 385.8
2325.8 250.0 106.2 442.9 461.7 565.1 266.7 201.8 205.1 443.3 440.8 255.4 466.9 203.8 449.4 179.8 112.1 191.7 188.8 479.1 422.9 228.9 145.2 513.9 223.8 192.9 154.4 210.7 234.8 488.1 452.6 239.4 321.3 504.8 487.0 226.6 146.0 502.6 530.3 337.8 404.6 305.1 282.3 294.7 457.8 260.5 517.5 48.2 187.3 187.8 166.4 249.6 533.8 449.3 408.0 67.0 469.2 504.7 404.3 589.5 505.2 155.9 586.4 40.1 139.8 214.1 491.3 453.2 183.4 532.3 197.5 261.4 234.9 465.4 224.9 583.3 279.7 162.6 421.9 570.0 512.2 471.7 287.2 285.9 434.3 417.1 123.8 501.8 441.8 100.8 207.9 289.3 481.8 470.6 413.7 199.7 319.1 417.5 197.9 276.5 204.7 401.3 0.0 250.0 560.4 407.6 269.4 460.1 438.3 549.4 419.8 171.0 229.1 476.4 257.0 267.6 299.1 522.1 584.7 529.4 196.8 131.2 255.6 152.5 160.1 557.3 202.1 517.5 54.6 547.0 430.1 536.2 497.5 171.5 397.1 400.9 529.5 470.4 197.3 214.3 161.0 384.9 112.8 523.4 94.1 168.9 273.2 518.7 498.8 460.0 534.3 568.0 218.4 312.8
2207.8 303.3 209.8 272.2 313.7 440.8 320.0 140.6 157.7 272.6 260.8 299.4 351.9 99.1 278.7 156.2 130.9 235.7 64.8 308.4 252.2 282.2 136.1 412.7 162.6 131.7 207.7 110.9 186.0 355.0 328.3 82.2 363.9 334.1 307.0 272.0 164.8 387.6 359.6 222.8 289.6 234.3 251.6 233.5 342.8 313.8 346.8 232.7 138.3 129.7 264.2 293.6 353.8 278.6 237.3 174.2 298.5 381.3 267.2 456.4 390.2 99.0 471.4 202.9 202.5 88.8 376.3 282.5 236.7 393.0 65.0 287.4 86.7 360.1 96.7 468.3 218.5 82.5 297.6 455.0 332.2 347.4 267.6 339.2 319.3 246.4 177.2 324.5 326.8 214.2 104.4 352.3 366.8 299.9 243.0 262.7 371.0 312.2 68.1 222.6 248.7 296.0 219.3 0.0 445.4 263.9 200.7 289.4 267.6 434.4 278.3 109.8 82.5 305.7 310.3 320.9 360.7 351.4 472.9 358.7 240.8 193.9 308.9 161.2 122.6 442.1 49.8 368.9 177.3 420.1 259.4 396.9 359.3 66.4 291.8 285.9 378.3 299.7 167.8 258.3 117.7 214.2 193.9 352.7 129.6 97.1 336.2 357.4 365.7 289.3 385.7 452.8 47.6 264.1
2519.7 617.7 524.2 316.0 261.1 104.2 634.2 367.7 473.6 284.9 347.8 626.6 149.9 488.0 330.5 470.6 451.1 562.9 498.4 300.8 294.4 596.6 525.5 79.6 364.0 376.6 524.2 469.8 536.0 151.2 205.6 446.5 695.1 347.9 248.9 593.9 417.2 201.5 373.4 241.2 218.9 283.0 570.0 292.8 197.9 628.2 360.6 566.8 455.5 489.0 568.9 617.3 368.9 229.8 330.9 509.5 388.4 127.9 249.2 158.3 91.9 528.2 25.9 536.4 537.8 477.7 200.0 223.0 551.1 215.5 426.7 605.8 451.0 209.0 461.0 22.8 307.1 528.9 185.6 9.6 280.9 138.7 586.0 653.6 183.8 303.0 521.8 244.1 191.3 529.6 472.6 657.0 233.4 270.6 271.5 567.4 689.4 193.5 482.0 541.0 572.4 274.0 563.9 503.4 0.0 250.6 362.2 379.3 237.8 194.4 219.2 428.2 482.5 337.5 624.7 635.3 672.9 344.1 166.1 335.3 568.0 529.2 623.3 532.8 519.2 126.0 485.1 234.5 521.9 194.0 237.9 210.2 289.6 463.0 201.1 271.3 269.6 331.5 488.1 585.5 486.6 290.1 521.1 366.5 474.2 514.1 640.9 242.5 183.9 216.2 243.9 136.7 461.5 582.5
2279.3 430.6 337.1 171.8 104.7 252.0 447.3 180.6 274.3 138.3 160.7 436.0 153.8 288.7 198.9 283.5 264.0 372.3 293.8 178.5 150.2 409.5 338.4 200.8 176.9 189.5 332.0 270.5 336.7 184.0 143.5 247.2 504.5 276.8 179.6 403.3 230.1 193.5 302.3 54.1 140.3 95.9 382.9 105.7 148.7 441.1 289.5 380.1 269.6 289.7 381.8 430.2 320.3 141.9 180.0 322.4 241.2 200.6 3.3 285.4 192.1 322.7 273.3 351.1 350.7 278.4 178.2 145.8 364.0 225.1 239.6 418.7 251.7 156.3 261.7 270.2 120.0 334.3 64.9 256.9 181.6 158.6 398.9 466.5 125.2 112.1 334.7 144.8 132.7 341.5 273.3 476.1 202.0 114.2 20.8 380.3 502.3 60.5 282.7 353.9 385.3 50.5 376.8 295.6 247.3 0.0 167.6 232.1 130.9 240.3 62.8 241.1 295.4 248.4 437.6 448.2 472.2 269.7 272.2 290.2 377.4 342.1 436.2 341.0 332.1 244.2 278.8 210.3 334.8 229.1 81.5 229.0 140.5 275.9 113.4 51.3 187.4 242.4 295.1 394.9 283.4 156.9 347.8 295.4 287.1 314.8 453.8 198.8 194.7 134.9 227.1 254.9 262.2 395.4
2328.5 289.0 195.5 293.1 245.8 355.9 305.5 39.0 256.7 263.3 224.9 301.1 255.0 219.8 325.3 141.9 122.4 237.4 169.7 307.3 271.5 267.9 196.8 295.0 35.3 47.9 195.5 231.6 286.4 272.2 243.4 202.9 369.6 392.9 315.1 268.4 88.5 286.7 418.4 121.9 188.7 89.2 241.3 78.8 241.9 299.5 405.6 238.1 126.8 246.1 240.2 288.6 428.6 267.6 296.1 180.8 357.3 295.1 190.3 373.6 289.3 202.5 370.5 207.7 209.1 209.5 282.1 274.6 222.4 316.4 104.7 277.1 207.4 256.2 217.4 367.4 63.8 203.4 212.7 354.1 329.4 262.5 257.3 324.9 218.4 237.1 193.1 292.6 225.9 200.9 241.1 328.3 265.9 255.3 211.3 245.4 360.7 208.3 188.8 212.3 250.4 192.1 241.9 174.7 348.0 191.7 0.0 348.2 259.7 333.5 203.9 99.5 153.8 364.5 296.0 313.3 347.4 398.5 381.5 417.5 242.5 200.5 294.6 204.1 190.5 341.4 156.4 308.3 193.2 331.1 222.6 320.3 281.6 134.3 187.9 185.0 313.6 358.5 159.4 260.0 209.6 273.0 188.9 411.5 152.2 217.8 312.2 309.5 282.9 278.2 325.1 352.1 168.3 253.8
2298.2 510.6 417.1 66.2 233.5 350.5 527.3 336.9 283.1 103.3 288.0 516.0 287.4 297.5 49.6 394.0 368.7 452.3 302.6 79.3 87.9 489.5 350.3 269.1 333.2 345.8 412.0 279.3 345.5 239.3 267.5 256.0 581.9 132.9 201.6 487.2 386.4 223.9 104.0 240.7 284.8 252.2 489.4 262.0 193.1 521.1 145.6 444.2 376.1 298.5 461.8 510.2 76.8 162.8 47.2 385.7 9.0 251.4 248.9 330.8 312.3 331.5 375.5 414.4 414.0 287.2 326.7 179.2 444.0 163.9 312.1 522.0 260.5 183.6 270.5 372.4 276.3 343.1 259.8 359.1 131.9 262.2 505.4 546.5 214.6 130.2 398.0 136.9 209.3 421.5 282.1 556.1 356.9 184.1 224.7 460.3 579.7 255.4 291.5 460.4 465.3 279.0 440.1 291.1 349.5 245.6 323.9 0.0 151.8 245.1 216.2 347.6 320.3 94.6 517.6 528.2 549.6 118.4 282.4 77.7 457.4 405.4 516.2 349.8 365.2 254.4 287.6 149.1 398.1 258.3 197.3 167.8 227.8 304.2 294.1 279.8 149.2 88.6 405.6 474.9 292.2 111.1 427.8 97.1 370.6 323.6 533.8 137.6 272.0 172.4 165.9 267.9 271.0 501.9
2288.5 500.9 407.4 78.1 97.3 226.4 517.6 267.0 273.4 47.0 218.1 506.3 157.9 287.8 105.5 369.9 350.4 442.6 292.9 85.1 56.5 479.8 340.6 145.0 263.3 275.9 402.3 269.6 335.8 87.3 123.0 246.3 572.2 189.8 48.6 477.5 316.5 119.8 215.3 160.0 140.3 182.3 469.3 192.1 75.0 511.4 202.5 434.5 356.0 288.8 452.1 500.5 226.9 10.9 93.0 376.0 159.1 103.9 133.2 188.7 184.2 321.8 251.4 404.7 404.3 277.5 182.2 14.8 434.3 146.4 302.4 512.3 250.8 82.6 260.8 248.3 206.4 333.4 121.0 235.0 102.4 132.7 485.3 536.8 70.1 56.1 388.3 66.1 64.8 411.8 272.4 546.4 227.4 32.2 129.7 450.6 570.0 125.4 281.8 440.3 455.6 156.4 430.4 281.4 225.4 136.5 254.0 150.0 0.0 157.6 93.6 327.5 310.6 161.4 507.9 518.5 539.9 176.3 202.4 196.8 447.7 395.7 506.5 340.1 355.5 174.4 277.9 131.6 388.4 152.4 71.2 150.3 91.6 294.5 149.6 157.2 108.7 155.4 381.5 465.2 282.5 52.2 418.1 208.4 360.9 313.9 524.1 120.1 98.0 21.6 148.4 185.1 261.3 481.8
2448.3 606.9 513.4 235.3 216.4 206.6 623.6 356.9 432.4 206.0 337.0 612.3 120.4 446.8 199.5 459.8 440.3 548.6 451.9 169.8 215.5 585.8 499.6 152.9 353.2 365.8 508.3 428.6 494.8 72.3 176.6 405.3 680.8 228.7 166.5 579.6 406.4 47.2 254.2 230.4 208.1 272.2 559.2 282.0 116.4 617.4 241.4 556.4 445.9 447.8 558.1 606.5 246.2 148.0 252.0 498.7 257.4 84.4 221.8 169.2 146.7 480.8 227.9 527.4 527.0 436.5 174.5 144.1 540.3 84.5 415.9 595.0 409.8 106.9 419.8 224.8 296.3 492.4 160.1 211.5 164.4 95.2 575.2 642.8 137.9 215.1 511.0 145.6 132.6 517.8 431.4 652.4 189.9 189.0 246.0 556.6 678.6 164.5 440.8 530.2 561.6 245.0 553.1 440.4 201.9 225.1 343.9 248.3 158.9 0.0 193.7 417.4 471.7 218.3 613.9 624.5 648.5 224.9 166.2 216.1 553.7 518.4 612.5 499.1 508.4 138.2 436.9 100.0 511.1 91.3 212.4 79.2 210.7 452.2 161.5 245.8 134.7 212.3 471.4 571.2 441.5 211.2 524.1 247.3 463.4 472.9 630.1 111.5 105.0 137.3 95.2 151.7 420.3 571.7
2295.8 442.8 349.3 139.9 41.8 230.6 459.5 192.8 288.1 109.9 172.9 448.2 132.4 302.5 168.2 295.7 276.2 384.5 307.6 147.8 118.3 421.7 350.6 178.8 189.1 201.7 344.2 284.3 350.5 121.1 122.1 261.0 516.7 249.0 120.2 415.5 242.3 153.6 274.5 66.3 118.9 108.1 395.1 117.9 108.8 453.3 261.7 392.3 281.8 303.5 394.0 442.4 282.7 82.5 152.2 334.6 226.1 137.7 39.5 222.5 170.7 336.5 251.9 363.3 362.9 292.2 156.8 86.4 376.2 162.2 251.8 430.9 265.5 130.9 275.5 248.8 132.2 348.1 43.5 235.5 118.7 137.2 411.1 478.7 103.9 83.7 346.9 81.9 98.6 353.7 287.1 488.3 214.2 51.3 63.7 392.5 514.5 39.1 296.5 366.1 397.5 62.7 389.0 307.8 225.9 42.8 179.8 217.0 100.2 191.4 0.0 253.3 307.6 220.6 449.8 460.4 484.4 239.0 236.2 252.6 389.6 354.3 448.4 354.8 344.3 208.2 292.6 147.4 347.0 186.2 18.6 166.1 77.6 288.1 125.6 63.5 124.5 214.6 307.3 407.1 297.2 129.1 360.0 267.6 299.3 328.6 466.0 135.9 131.8 72.0 164.2 218.9 276.0 407.6
2264.4 203.4 113.5 328.8 306.1 409.5 220.1 46.2 192.6 329.2 278.5 208.8 311.3 155.7 335.3 81.8 58.3 145.1 105.6 365.0 308.8 182.3 132.7 358.3 68.2 37.3 104.8 167.5 222.3 332.5 297.0 138.8 263.3 390.7 372.9 162.1 24.4 347.0 416.2 182.2 249.0 149.5 141.7 139.1 302.2 213.9 403.4 156.5 28.4 175.3 158.2 203.0 419.7 335.2 293.9 116.7 355.1 349.1 248.7 433.9 349.6 138.5 430.8 145.4 145.0 145.4 335.7 339.1 136.8 376.7 33.9 177.5 143.3 309.8 153.3 427.7 124.1 132.6 266.3 414.4 383.0 316.1 157.7 239.3 278.7 303.0 129.0 346.2 286.2 117.9 170.3 248.9 326.2 315.6 271.6 153.1 261.1 261.9 124.7 112.7 158.1 245.7 171.1 89.9 404.8 252.0 106.3 346.0 324.2 393.8 264.2 0.0 89.7 362.3 210.4 221.0 231.0 408.0 429.7 415.3 150.2 136.4 209.0 140.0 126.4 401.7 90.6 361.9 129.1 386.6 282.9 380.6 341.9 70.2 237.6 245.3 373.9 356.3 93.4 167.7 149.6 270.8 124.2 409.3 81.4 153.7 226.6 363.1 343.2 345.9 378.7 412.4 104.2 154.2
2247.2 313.3 219.8 311.6 353.1 489.5 330.0 150.6 197.1 312.0 309.5 318.7 391.3 138.5 318.1 166.2 140.9 255.0 88.4 347.8 291.6 292.2 146.1 452.1 172.6 141.7 214.7 150.3 225.4 394.4 377.0 121.6 383.2 373.5 355.7 282.0 174.8 427.0 399.0 262.2 329.0 253.9 261.6 243.5 382.2 323.8 386.2 242.7 148.3 178.4 264.5 312.9 402.5 318.0 276.7 184.2 337.9 411.0 306.6 495.8 429.6 127.8 510.8 212.9 212.5 128.2 415.7 321.9 246.7 432.4 84.3 297.4 126.1 389.8 136.1 507.7 228.5 115.4 346.3 494.4 380.9 396.1 277.6 349.2 358.7 285.8 196.5 373.2 366.2 224.2 153.1 358.8 406.2 339.3 282.4 263.0 381.0 341.9 107.5 232.6 268.0 325.7 238.6 72.7 484.8 303.3 210.7 328.8 307.0 473.8 317.7 119.8 0.0 345.1 320.3 330.9 350.9 390.8 509.5 398.1 260.1 203.9 318.9 184.8 132.6 481.5 73.4 417.6 196.6 459.5 298.8 436.3 398.7 76.4 317.6 325.3 417.7 339.1 177.8 277.6 157.6 253.6 230.5 392.1 148.9 136.5 336.5 406.1 405.1 328.7 434.4 492.2 87.0 274.1
2329.0 541.4 447.9 115.0 260.0 346.8 558.1 367.7 313.9 157.7 318.8 546.8 320.8 328.3 106.2 424.8 399.5 483.1 333.4 105.8 136.7 520.3 381.1 265.4 364.0 376.6 442.8 310.1 376.3 248.4 294.0 286.8 612.7 51.0 209.7 518.0 417.2 250.4 76.5 271.5 311.3 283.0 520.2 292.8 219.6 551.9 63.7 475.0 406.9 329.3 492.6 541.0 80.0 172.0 78.0 416.5 98.2 265.0 257.4 349.8 347.1 362.3 371.8 445.2 444.8 318.0 353.2 175.9 474.8 190.4 342.9 552.8 291.3 210.1 301.3 368.7 307.1 373.9 268.3 355.4 158.4 295.6 536.2 577.3 241.1 168.8 428.8 163.4 235.8 452.3 312.9 586.9 390.3 193.3 233.2 491.1 610.5 263.9 322.3 491.2 496.1 287.5 470.9 321.9 345.8 254.1 354.7 89.1 161.0 278.5 224.7 378.4 351.1 0.0 548.4 559.0 580.4 45.6 278.7 72.7 488.2 436.2 547.0 380.6 396.0 250.7 318.4 175.6 428.9 291.7 205.8 194.3 254.3 335.0 320.6 288.3 175.7 5.9 436.4 505.7 323.0 130.4 458.6 69.6 401.4 354.4 564.6 164.1 259.1 182.7 192.4 264.2 301.8 532.7
2387.3 179.0 158.9 504.4 491.2 594.6 68.6 231.3 266.6 504.8 463.6 90.5 496.4 265.3 510.9 189.3 191.6 120.7 250.3 540.6 484.4 137.9 206.7 543.4 253.3 222.4 105.0 272.2 296.3 517.6 482.1 300.9 188.8 566.3 548.5 94.1 223.5 532.1 591.8 367.3 434.1 334.6 149.8 324.2 487.3 23.6 579.0 201.9 166.1 249.3 203.6 84.7 595.3 510.8 469.5 208.7 530.7 534.2 433.8 619.0 534.7 212.5 615.9 225.3 237.0 275.6 520.8 514.7 112.4 561.8 233.0 128.9 296.4 494.9 286.4 612.8 309.2 224.1 451.4 599.5 573.7 501.2 154.7 87.8 463.8 478.6 221.0 531.3 471.3 163.3 269.4 58.6 511.3 500.7 456.7 100.8 186.6 447.0 259.4 244.6 113.7 430.8 251.1 289.0 589.9 437.1 291.4 521.6 499.8 578.9 449.3 203.9 288.8 537.9 0.0 135.1 156.5 583.6 614.8 590.9 61.4 228.4 184.6 214.0 221.6 586.8 265.3 547.0 221.1 571.7 468.0 565.7 527.0 251.0 422.7 430.4 559.0 531.9 200.9 143.3 223.6 446.4 169.6 584.9 173.6 230.4 108.3 548.2 528.3 521.5 563.8 597.5 279.9 180.3
2397.5 189.2 169.1 514.6 501.4 604.8 164.2 241.5 276.8 515.0 473.8 153.1 506.6 275.5 521.1 199.5 201.8 130.9 260.5 550.8 494.6 148.1 216.9 553.6 263.5 232.6 110.5 282.4 306.5 527.8 492.3 311.1 162.0 576.5 558.7 67.3 233.7 542.3 602.0 377.5 444.3 344.8 123.0 334.4 497.5 158.2 589.2 211.7 176.3 259.5 213.8 147.3 605.5 521.0 479.7 218.9 540.9 544.4 444.0 629.2 544.9 227.6 626.1 235.5 247.2 285.8 531.0 524.9 122.6 572.0 243.2 102.1 306.6 505.1 296.6 623.0 319.4 234.3 461.6 609.7 583.9 511.4 127.9 183.6 474.0 488.8 231.2 541.5 481.5 173.5 279.6 187.0 521.5 510.9 466.9 111.0 159.8 457.2 269.6 217.8 123.9 441.0 261.3 299.2 600.1 447.3 309.1 531.8 510.0 589.1 459.5 214.1 299.0 548.1 154.7 0.0 139.8 593.8 624.4 601.1 94.5 238.6 194.8 224.2 231.8 597.0 273.8 557.2 231.3 586.7 478.2 575.9 537.2 261.2 436.8 440.6 569.2 542.1 217.0 153.5 229.7 456.6 162.5 595.1 183.8 240.6 170.9 558.4 538.5 531.7 574.0 607.7 290.1 153.5
2438.5 230.2 210.1 555.6 542.4 645.8 205.2 282.5 317.8 556.0 514.8 194.1 547.6 316.5 562.1 240.5 242.8 171.9 301.5 591.8 535.6 189.1 257.9 594.6 304.5 273.6 151.5 323.4 347.5 568.8 533.3 352.1 92.8 617.5 599.7 92.8 273.5 583.3 643.0 418.5 485.3 385.8 135.0 375.4 538.5 199.2 630.2 252.7 217.3 300.5 254.8 188.3 646.5 562.0 520.7 259.9 581.9 613.6 485.0 670.2 585.9 263.7 667.1 276.5 288.2 326.8 572.0 565.9 163.6 613.0 283.0 114.1 347.6 546.1 337.6 664.0 360.4 275.3 502.6 650.7 624.9 552.4 139.9 224.6 515.0 529.8 272.2 582.5 522.5 214.5 320.6 228.0 562.5 551.9 507.9 152.0 90.6 498.2 310.6 229.8 164.9 482.0 302.3 359.7 641.1 488.3 350.1 572.8 551.0 630.1 500.5 249.0 338.8 589.1 195.7 169.3 0.0 634.8 678.1 642.1 135.5 279.6 235.8 265.2 272.8 638.0 316.5 598.2 272.3 627.7 519.2 616.9 578.2 302.2 477.8 481.6 610.2 583.1 258.0 194.5 270.7 497.6 203.5 636.1 224.8 281.6 211.9 599.4 579.5 572.7 615.0 648.7 331.1 165.5
2364.7 577.1 483.6 150.7 276.4 363.2 593.8 386.9 349.6 174.1 338.0 582.5 337.2 364.0 122.6 460.5 435.2 518.8 369.1 122.2 172.4 556.0 416.8 281.8 383.2 395.8 478.5 345.8 412.0 264.8 310.4 322.5 648.4 47.8 226.1 553.7 436.4 266.8 25.6 290.7 327.7 302.2 555.9 312.0 236.0 587.6 35.1 510.7 442.6 365.0 528.3 576.7 52.8 188.4 113.7 452.2 133.9 281.4 273.8 366.2 363.5 398.0 388.2 480.9 480.5 353.7 369.6 192.3 510.5 206.8 378.6 588.5 327.0 226.5 337.0 385.1 326.3 409.6 284.7 371.8 174.8 312.0 571.9 613.0 257.5 201.0 464.5 179.8 252.2 488.0 348.6 622.6 406.7 209.7 249.6 526.8 646.2 280.3 358.0 526.9 531.8 303.9 506.6 357.6 362.2 270.5 373.9 124.8 177.4 294.9 241.1 414.1 386.8 35.6 584.1 594.7 616.1 0.0 295.1 83.6 523.9 471.9 582.7 416.3 431.7 267.1 354.1 192.0 464.6 308.1 222.2 210.7 270.7 370.7 337.0 304.7 192.1 41.6 472.1 541.4 358.7 166.1 494.3 33.0 437.1 390.1 600.3 180.5 275.5 199.1 208.8 280.6 337.5 568.4
2450.1 640.1 546.6 290.5 269.8 184.6 656.2 390.1 485.8 259.4 369.6 657.6 167.7 500.2 260.9 493.0 473.5 593.9 505.3 231.2 268.9 619.0 553.0 90.5 386.4 399.0 546.0 482.0 548.2 125.7 224.5 458.7 713.4 278.3 232.0 612.2 439.6 178.6 303.8 263.6 241.3 305.4 592.4 315.2 172.4 650.6 291.0 589.0 478.5 513.3 603.4 651.8 307.9 200.8 305.4 531.9 318.8 114.5 269.1 152.8 134.3 539.8 197.5 560.0 560.2 489.9 234.5 197.5 573.5 145.9 448.5 628.2 463.2 192.1 473.2 194.4 329.5 545.8 208.0 181.1 267.5 160.5 608.4 676.0 187.5 268.5 544.2 218.0 182.2 550.4 484.2 678.8 255.8 242.4 293.9 589.2 711.8 224.5 494.2 563.4 594.8 305.0 585.7 505.9 170.9 273.0 376.5 309.7 212.3 171.5 241.6 450.6 504.9 267.9 647.1 657.7 691.8 274.5 0.0 265.7 586.9 551.6 645.7 552.5 541.6 37.9 489.7 160.8 544.3 165.7 260.3 140.6 264.1 485.4 235.6 293.7 218.8 261.9 504.0 616.5 498.2 264.6 552.1 296.9 496.6 526.3 675.4 172.3 158.4 190.7 186.4 89.9 473.7 604.9
2338.2 580.0 486.5 153.6 319.8 393.5 596.7 406.3 352.5 190.7 357.4 585.4 330.4 366.9 137.0 463.4 438.1 521.7 372.0 166.7 175.3 558.9 419.7 312.1 402.6 415.2 481.4 348.7 414.9 309.8 345.5 325.4 651.3 38.2 271.1 556.6 455.8 275.2 81.7 310.1 362.8 321.6 558.8 331.4 246.6 590.5 50.9 513.6 445.5 367.9 531.2 579.6 59.1 233.4 116.6 455.1 90.4 326.4 308.1 411.2 355.3 400.9 418.5 483.8 483.4 356.6 404.7 237.3 513.4 251.3 381.5 591.4 329.9 237.1 339.9 415.4 345.7 412.5 321.2 402.1 219.3 305.2 574.8 615.9 292.6 207.4 467.4 224.3 287.3 490.9 351.5 625.5 399.9 254.7 283.9 529.7 649.1 316.8 360.9 529.8 534.7 340.4 509.5 360.5 392.5 304.8 393.3 127.7 222.4 288.1 277.6 417.0 389.7 81.2 587.0 597.6 619.0 96.1 325.4 0.0 526.8 474.8 585.6 419.2 434.6 297.4 357.0 236.5 467.5 301.3 258.7 255.2 314.1 373.6 365.5 341.2 236.6 75.2 475.0 544.3 361.6 169.0 497.2 74.8 440.0 393.0 603.2 225.0 320.5 244.1 220.9 310.9 340.4 571.3
2325.8 117.5 97.4 442.9 429.7 533.1 69.6 169.8 205.1 443.3 402.1 58.5 434.9 203.8 449.4 127.8 130.1 59.2 188.8 479.1 422.9 76.4 145.2 481.9 191.8 160.9 40.8 210.7 234.8 456.1 420.6 239.4 127.3 504.8 487.0 32.6 162.0 470.6 530.3 305.8 372.6 273.1 88.3 262.7 425.8 63.6 517.5 140.0 104.6 187.8 142.1 52.7 533.8 449.3 408.0 147.2 469.2 472.7 372.3 557.5 473.2 155.9 554.4 163.8 175.5 214.1 459.3 453.2 50.9 500.3 171.5 67.4 234.9 433.4 224.9 551.3 247.7 162.6 389.9 538.0 512.2 439.7 93.2 89.0 402.3 417.1 159.5 469.8 409.8 101.8 207.9 92.4 449.8 439.2 395.2 39.3 125.1 385.5 197.9 183.1 52.2 369.3 189.6 248.2 528.4 375.6 237.4 460.1 438.3 517.4 387.8 142.4 227.3 476.4 60.1 73.6 105.1 522.1 552.7 529.4 0.0 166.9 123.1 152.5 160.1 525.3 202.1 485.5 159.6 515.0 406.5 504.2 465.5 189.5 365.1 368.9 497.5 470.4 145.3 81.8 161.0 384.9 90.8 523.4 112.1 168.9 76.3 486.7 466.8 460.0 502.3 536.0 218.4 118.8
2278.2 204.5 111.0 395.3 414.1 517.5 221.2 154.2 157.5 395.7 393.2 209.9 419.3 156.2 401.8 132.2 64.5 146.2 141.2 431.5 375.3 183.4 97.6 466.3 176.2 145.3 105.9 163.1 187.2 440.5 405.0 191.8 275.8 457.2 439.4 181.1 98.4 455.0 482.7 290.2 357.0 257.5 236.8 247.1 410.2 215.0 469.9 102.4 141.8 140.2 155.7 204.1 486.2 401.7 360.4 43.9 421.6 457.1 356.7 541.9 457.6 103.4 538.8 72.6 8.6 166.5 443.7 405.6 137.9 484.7 149.9 215.9 187.3 417.8 177.3 535.7 232.1 115.0 374.3 522.4 464.6 424.1 241.7 240.4 386.7 369.5 10.4 454.2 394.2 115.4 160.3 250.0 434.2 423.0 366.1 154.2 273.6 369.9 150.3 231.0 159.2 353.7 98.3 181.7 512.8 360.0 214.3 412.5 390.7 501.8 372.2 123.4 181.5 428.8 211.5 222.1 243.5 474.5 537.7 481.8 151.3 0.0 210.1 104.9 112.5 509.7 156.2 469.9 56.3 494.6 382.5 488.6 449.9 123.9 345.6 353.3 481.9 422.8 143.8 168.8 114.5 337.3 121.7 475.8 46.5 121.3 227.7 471.1 451.2 412.4 486.7 520.4 170.8 267.3
2416.5 146.5 188.1 533.6 520.4 623.8 199.5 260.5 295.8 534.0 492.8 188.2 525.6 294.5 540.1 218.5 220.8 82.8 279.5 569.8 513.6 149.1 235.9 572.6 282.5 251.6 134.2 301.4 325.5 546.8 511.3 330.1 254.1 595.5 577.7 159.4 252.7 561.3 621.0 396.5 463.3 363.8 215.1 353.4 516.5 193.3 608.2 231.1 195.3 278.5 232.8 182.4 624.5 540.0 498.7 237.9 559.9 563.4 463.0 648.2 563.9 241.7 645.1 254.5 266.2 304.8 550.0 543.9 92.2 591.0 262.2 194.2 325.6 524.1 315.6 642.0 338.4 253.3 480.6 628.7 602.9 530.4 220.0 218.7 493.0 507.8 250.2 560.5 500.5 192.5 298.6 228.3 540.5 529.9 485.9 100.2 251.9 476.2 288.6 284.5 124.9 460.0 280.3 318.2 619.1 466.3 320.6 550.8 529.0 608.1 478.5 233.1 318.0 567.1 189.8 200.4 221.8 612.8 644.0 620.1 129.6 257.6 0.0 243.2 250.8 616.0 294.5 576.2 250.3 600.9 497.2 594.9 556.2 280.2 451.9 459.6 588.2 561.1 230.1 56.4 252.8 475.6 198.8 614.1 202.8 259.6 206.0 577.4 557.5 550.7 593.0 626.7 309.1 245.6
2234.7 202.2 108.7 351.8 393.3 529.7 218.9 169.9 114.0 352.2 349.7 207.6 431.5 112.7 358.3 129.9 80.2 143.9 97.7 388.0 331.8 181.1 54.1 492.3 191.9 161.0 103.6 119.6 143.7 434.6 417.2 148.3 273.5 413.7 395.9 178.8 114.1 467.2 439.2 302.4 369.2 273.2 234.5 262.8 422.4 212.7 426.4 135.8 139.5 96.7 153.4 201.8 442.7 358.2 316.9 77.3 378.1 451.2 346.8 536.0 469.8 59.9 551.0 106.0 105.6 123.0 455.9 362.1 135.6 472.6 153.3 213.6 143.8 430.0 133.8 547.9 247.8 71.5 386.5 534.6 421.1 436.3 239.4 238.1 398.9 326.0 89.6 413.4 406.4 113.1 116.8 247.7 446.4 379.5 322.6 151.9 271.3 382.1 106.8 228.7 156.9 365.9 131.7 153.9 525.0 343.5 230.0 369.0 347.2 514.0 357.9 139.1 167.3 385.3 209.2 219.8 241.2 431.0 549.7 438.3 149.0 97.0 207.8 0.0 69.0 521.7 112.7 457.8 89.7 499.7 339.0 476.5 438.9 127.3 357.8 365.5 457.9 379.3 141.5 166.5 71.0 293.8 119.4 432.3 62.2 77.8 225.4 446.3 445.3 368.9 474.6 532.4 127.3 265.0
2226.2 225.9 132.4 343.3 384.8 513.8 242.6 150.5 105.5 343.7 341.2 231.3 415.6 104.2 349.8 153.6 66.6 167.6 89.2 379.5 323.3 204.8 13.4 462.6 172.5 141.6 127.3 111.1 135.2 426.1 401.3 139.8 297.2 405.2 387.4 202.5 100.5 451.3 430.7 286.5 353.3 253.8 258.2 243.4 406.5 236.4 417.9 159.5 148.2 88.2 177.1 225.5 434.2 349.7 308.4 101.0 369.6 442.7 338.3 527.5 453.9 51.4 535.1 129.7 129.3 114.5 440.0 353.6 159.3 464.1 84.2 237.3 135.3 414.1 125.3 532.0 228.4 63.0 370.6 518.7 412.6 420.4 263.1 261.8 383.0 317.5 113.3 404.9 390.5 136.8 108.3 271.4 430.5 371.0 314.1 175.6 295.0 366.2 98.3 232.5 180.6 350.0 155.4 116.0 509.1 335.0 210.6 360.5 338.7 498.1 349.4 119.7 115.8 376.8 232.9 243.5 264.9 422.5 534.0 429.8 172.7 120.7 231.5 65.1 0.0 506.0 104.2 449.3 113.4 490.9 330.5 468.0 430.4 58.2 341.9 349.6 449.4 370.8 165.2 190.2 62.5 285.3 143.1 423.8 74.6 69.3 249.1 437.8 436.8 360.4 466.1 516.7 118.8 274.0
2412.1 602.1 508.6 252.5 231.8 134.5 618.8 352.1 447.8 221.4 332.2 607.5 130.3 462.2 222.9 455.0 435.5 543.8 467.3 193.2 230.9 581.0 515.0 53.1 348.4 361.0 503.5 444.0 510.2 87.7 186.5 420.7 676.0 240.3 181.9 574.8 401.6 140.6 265.8 225.6 203.3 267.4 554.4 277.2 134.4 612.6 253.0 551.6 441.1 463.2 553.3 601.7 257.8 163.4 267.4 493.9 280.8 70.4 231.7 114.8 96.3 496.2 159.5 522.6 522.2 451.9 184.4 159.5 535.5 107.9 411.1 590.2 425.2 142.0 435.2 156.4 291.5 507.8 170.0 143.1 217.4 123.1 570.4 638.0 149.5 230.5 506.2 180.6 144.2 513.0 446.8 647.6 217.8 204.4 255.9 551.8 673.8 174.4 456.2 525.4 556.8 254.9 548.3 455.8 133.5 235.0 339.1 271.7 174.3 133.5 203.6 412.6 466.9 229.9 609.1 619.7 643.7 236.5 27.9 227.7 548.9 513.6 607.7 514.5 503.6 0.0 452.3 123.4 506.3 128.3 222.3 102.6 226.1 447.4 189.4 255.7 180.8 223.9 466.6 566.4 456.9 226.6 519.3 258.9 458.6 488.3 625.3 134.9 120.4 152.7 136.3 51.9 435.7 566.9
2215.6 272.1 178.6 280.0 321.5 457.9 288.6 112.6 127.1 280.4 277.9 275.8 363.7 106.9 286.5 128.2 102.9 212.1 14.9 316.2 260.0 251.0 108.1 403.7 134.6 103.7 178.6 118.7 156.8 362.8 345.4 90.0 345.2 341.9 324.1 244.0 136.8 395.4 367.4 230.6 297.4 215.9 223.6 205.5 350.6 282.6 354.6 205.3 109.1 108.1 221.6 270.0 370.9 283.3 245.1 146.2 306.3 385.7 273.1 464.2 398.0 47.7 479.2 173.1 174.5 96.6 384.1 290.3 205.5 400.8 48.0 259.4 94.5 358.2 104.5 476.1 190.5 40.2 314.7 462.8 349.3 364.5 239.6 308.0 327.1 254.2 157.8 341.6 334.6 184.0 121.5 309.7 374.6 307.7 250.8 220.1 343.0 312.0 61.3 194.6 225.1 294.1 200.6 61.8 456.7 271.7 180.2 297.2 275.4 442.2 286.1 81.8 54.5 313.5 279.1 288.0 323.0 359.2 490.0 366.5 217.2 165.9 277.7 111.3 94.6 449.9 0.0 386.0 157.9 432.7 267.2 404.7 367.1 38.4 289.9 293.7 386.1 307.5 145.7 234.7 80.0 222.0 170.3 360.5 112.6 85.2 293.6 376.2 373.5 297.1 402.8 460.6 55.4 236.1
2441.1 564.7 471.2 143.7 170.4 220.0 581.2 314.7 391.0 153.8 294.8 570.1 145.1 405.4 99.4 417.6 398.1 506.4 410.5 69.7 165.4 543.6 458.2 138.6 311.0 323.6 466.1 387.2 453.4 97.0 148.6 363.9 638.6 201.8 138.5 537.4 364.2 74.7 227.3 188.2 165.9 230.0 517.0 239.8 74.2 575.2 214.5 513.8 402.5 406.4 515.9 564.3 219.3 120.0 155.1 456.5 157.3 137.3 209.3 193.9 171.4 444.3 245.0 483.4 484.8 395.1 199.2 116.1 498.1 14.7 373.7 552.8 368.4 64.7 378.4 241.9 254.1 451.0 146.6 228.6 97.4 119.9 533.0 600.6 95.7 180.7 468.8 73.8 90.4 475.6 390.0 604.0 214.6 161.0 231.6 514.4 636.4 151.0 399.4 488.0 519.4 230.6 510.9 409.2 219.0 210.7 309.2 148.2 130.9 102.8 167.8 375.2 428.2 181.8 571.7 582.3 616.4 188.2 151.3 189.2 511.5 476.2 570.3 457.7 473.1 123.9 395.5 0.0 468.9 120.8 160.0 18.6 164.7 410.0 182.3 231.4 57.3 176.5 435.1 529.0 400.1 183.2 464.6 220.4 421.2 431.5 587.9 11.4 129.7 109.3 16.7 137.4 378.9 529.5
2271.1 197.4 103.9 388.2 407.0 510.4 213.9 147.1 150.4 388.6 386.1 202.8 416.2 149.1 394.7 125.1 57.4 139.1 134.1 424.4 368.2 176.3 90.5 456.2 169.1 138.2 98.8 156.0 180.1 433.4 397.9 184.7 268.7 450.1 432.3 174.0 91.3 447.9 475.6 283.1 349.9 250.4 229.7 240.0 403.1 207.9 462.8 46.6 134.7 133.1 148.6 197.0 479.1 394.6 353.3 12.3 414.5 456.3 349.6 534.8 450.5 96.3 531.7 16.2 85.1 159.4 436.6 398.5 130.8 477.6 142.8 208.8 180.2 410.7 170.2 528.6 225.0 107.9 367.2 515.3 457.5 417.0 234.6 233.3 379.6 362.4 69.1 447.1 387.1 98.6 153.2 236.7 427.1 415.9 359.0 147.1 266.5 362.8 143.2 223.9 152.1 346.6 41.9 184.8 505.7 352.9 214.7 405.4 383.6 494.7 365.1 116.3 174.4 421.7 204.4 215.0 246.5 467.4 530.6 474.7 144.2 76.5 203.0 97.8 105.4 502.6 147.4 462.8 0.0 492.3 375.4 481.5 442.8 116.8 342.4 346.2 474.8 415.7 136.7 161.7 106.3 330.2 97.3 468.7 39.4 114.2 220.6 464.0 444.1 405.3 479.6 513.3 163.7 260.2
2460.2 585.7 492.2 230.6 209.9 200.1 602.2 335.7 425.9 199.5 320.6 595.9 117.9 440.3 211.4 438.6 419.1 532.2 445.4 181.7 209.0 564.6 493.1 123.2 332.0 344.6 492.2 422.1 488.3 65.8 170.1 398.8 664.4 240.6 160.0 563.2 385.2 77.1 266.1 209.2 186.9 251.0 538.0 260.8 112.5 596.2 253.3 534.8 423.5 441.3 536.9 585.3 258.1 144.4 245.5 477.5 269.3 84.2 217.2 162.7 140.2 480.5 221.4 504.4 505.8 430.0 168.0 137.6 519.1 96.4 394.7 573.8 403.3 120.1 413.3 218.3 275.1 490.7 153.6 205.0 200.3 88.7 554.0 621.6 127.6 208.6 489.8 163.5 122.3 497.6 424.9 625.0 183.4 182.5 239.5 540.2 657.4 162.8 434.3 509.0 545.2 243.3 536.7 454.6 198.9 218.6 330.2 260.2 152.4 70.0 187.2 396.2 450.5 230.2 592.7 608.1 642.2 236.8 190.2 228.0 537.3 497.2 591.3 492.6 487.2 150.1 432.1 116.7 489.9 0.0 205.9 91.1 204.2 431.0 155.9 239.3 169.3 224.2 456.1 554.8 438.9 204.7 490.4 259.2 442.2 466.4 608.9 128.2 98.5 130.8 129.6 163.6 413.8 550.5
2295.1 461.7 368.2 121.2 54.2 249.5 478.4 211.7 269.4 91.2 191.8 467.1 151.3 283.8 149.5 314.6 295.1 403.4 288.9 129.1 99.6 440.6 336.6 191.2 208.0 220.6 363.1 265.6 331.8 133.5 141.0 242.3 535.6 230.3 118.0 434.4 261.2 166.0 255.8 85.2 137.8 127.0 414.0 136.8 121.2 472.2 243.0 411.2 300.7 284.8 412.9 461.3 270.9 80.3 133.5 353.5 207.4 150.1 58.4 234.9 189.6 317.8 270.8 382.2 381.8 273.5 175.7 84.2 395.1 174.6 270.7 449.8 246.8 143.3 256.8 267.7 151.1 329.4 62.4 254.4 131.1 156.1 430.0 497.6 116.3 65.0 365.8 94.3 111.0 372.6 268.4 507.2 233.1 49.1 82.6 411.4 533.4 58.0 277.8 385.0 416.4 81.6 407.9 277.4 244.8 61.7 198.7 198.3 81.5 203.8 18.8 272.2 306.6 201.9 468.7 479.3 503.3 220.3 248.6 240.8 408.5 373.2 467.3 336.1 351.5 220.6 273.9 159.8 365.9 198.6 0.0 178.5 90.0 290.5 144.5 82.4 136.9 195.9 326.2 426.0 278.5 110.4 378.9 248.9 318.2 309.9 484.9 148.3 144.2 91.0 176.6 231.3 257.3 426.5
2437.0 584.5 491.0 163.5 190.2 200.2 601.2 334.5 410.8 173.6 314.6 589.9 125.3 425.2 119.2 437.4 417.9 526.2 430.3 89.5 185.2 563.4 478.0 118.8 330.8 343.4 485.9 407.0 473.2 77.2 181.5 383.7 658.4 221.6 158.3 557.2 384.0 70.1 247.1 208.0 185.7 249.8 536.8 259.6 94.0 595.0 234.3 534.0 423.5 426.2 535.7 584.1 239.1 139.8 174.9 476.3 177.1 89.3 226.7 174.1 151.6 459.2 225.2 505.0 504.6 414.9 179.4 135.9 517.9 4.2 393.5 572.6 388.2 84.5 398.2 222.1 273.9 470.8 165.0 208.8 117.2 100.1 552.8 620.4 115.5 200.5 488.6 93.6 110.2 495.4 409.8 630.0 194.8 180.8 250.9 534.2 656.2 169.4 419.2 507.8 539.2 249.9 530.7 418.8 199.2 230.0 321.5 168.0 150.7 83.0 187.6 395.0 448.0 201.6 591.5 602.1 626.1 208.0 132.1 209.0 531.3 496.0 590.1 477.5 492.9 104.1 415.3 19.7 488.7 96.2 179.8 0.0 184.5 429.8 166.4 250.7 77.1 196.3 449.0 548.8 419.9 203.0 501.7 240.2 441.0 451.3 607.7 31.2 109.9 129.1 32.6 117.6 398.7 549.3
2390.9 546.4 452.9 174.6 106.1 263.0 563.1 296.4 365.2 143.5 276.5 551.8 194.5 379.6 183.6 399.3 379.8 488.1 384.7 153.9 153.0 525.3 432.4 181.6 292.7 305.3 447.8 361.4 427.6 123.9 159.6 338.1 620.3 268.0 104.0 519.1 345.9 156.4 293.5 169.9 176.9 211.7 498.7 221.5 111.6 556.9 280.7 495.9 385.4 380.6 497.6 546.0 285.5 85.5 189.5 438.2 241.5 140.5 143.1 225.3 220.8 413.6 288.0 466.9 466.5 369.3 218.8 81.6 479.8 165.0 355.4 534.5 342.6 133.7 352.6 284.9 235.8 425.2 147.1 271.6 121.5 169.3 514.7 582.3 106.7 160.8 450.5 84.7 101.4 457.3 364.2 591.9 264.0 128.4 167.3 496.1 618.1 142.7 373.6 469.7 501.1 166.3 492.6 373.2 262.0 146.4 283.4 232.4 96.4 194.2 103.5 356.9 411.2 257.6 553.4 564.0 588.0 264.2 239.0 255.4 493.2 457.9 552.0 431.9 447.3 211.0 369.7 150.2 450.6 189.0 95.7 168.9 0.0 391.7 186.2 167.1 127.3 251.6 410.9 510.7 374.3 148.7 463.6 286.6 402.9 405.7 569.6 138.7 134.6 74.8 167.0 221.7 353.1 511.2
2232.2 250.6 157.1 296.6 338.1 455.5 267.3 92.2 161.7 297.0 294.5 256.0 357.3 123.5 303.1 107.8 64.4 192.3 73.4 332.8 276.6 229.5 69.6 404.3 114.2 83.3 152.0 135.3 191.4 378.5 343.0 106.6 324.8 358.5 340.7 223.6 98.3 393.0 384.0 228.2 295.0 195.5 203.2 185.1 348.2 261.1 371.2 166.2 89.9 144.4 201.8 250.2 387.5 303.0 261.7 107.7 322.9 395.1 291.6 479.9 395.6 107.6 476.8 136.4 136.0 113.2 381.7 306.9 184.0 417.4 25.9 239.0 111.1 355.8 121.1 473.7 170.1 100.4 312.3 460.4 365.9 362.1 219.2 286.5 324.7 270.8 120.0 358.2 332.2 161.5 138.1 296.1 372.2 324.3 267.4 200.3 322.6 307.9 92.5 174.2 205.3 291.7 162.1 57.7 450.8 288.3 152.3 313.8 292.0 439.8 302.7 61.4 57.5 330.1 257.6 268.2 292.5 375.8 475.7 383.1 197.4 127.4 256.2 121.3 56.1 447.7 58.4 402.6 120.1 432.6 283.8 421.3 383.7 0.0 283.6 291.3 402.7 324.1 119.4 214.9 118.7 238.6 167.8 377.1 72.4 121.5 273.8 391.1 389.2 313.7 419.4 458.4 72.0 215.7
2295.1 442.1 348.6 233.3 165.0 204.5 458.6 192.1 298.0 202.2 172.2 447.5 110.3 312.4 246.1 295.0 275.5 383.8 322.8 216.4 211.7 421.0 349.9 153.3 188.4 201.0 343.5 294.2 360.4 127.5 92.0 270.9 516.0 344.7 162.7 414.8 241.6 142.0 370.2 65.6 44.0 107.4 394.4 117.2 97.2 452.6 357.4 391.2 281.1 313.4 393.3 441.7 362.2 144.2 248.2 333.9 304.0 130.5 116.0 209.0 144.6 352.6 225.8 360.8 362.2 302.1 130.7 140.3 375.5 171.7 251.1 430.2 275.4 104.8 285.4 222.7 131.5 349.8 89.5 209.4 198.2 71.2 410.4 478.0 73.7 191.1 346.2 161.4 81.2 353.0 297.0 481.4 84.6 174.5 140.2 391.8 513.8 93.9 306.4 365.4 396.8 113.0 388.3 327.8 199.8 119.3 186.6 294.9 155.1 159.9 123.1 252.6 306.9 316.6 449.1 459.7 493.8 331.5 224.7 332.1 388.9 353.6 447.7 357.2 343.6 196.7 307.8 156.9 346.3 154.7 141.8 175.6 200.8 287.4 0.0 112.6 168.9 310.6 312.5 406.4 307.1 207.4 342.0 363.3 298.6 338.5 465.3 158.1 138.2 133.5 173.7 207.4 285.9 406.9
2292.4 439.4 345.9 199.0 100.9 248.2 456.1 189.4 295.3 169.0 169.5 444.8 150.0 309.7 227.3 292.3 272.8 381.1 320.1 206.9 177.4 418.3 347.2 197.0 185.7 198.3 340.8 291.5 357.7 180.2 139.7 268.2 513.3 308.1 179.3 412.1 238.9 189.7 333.6 62.9 136.5 104.7 391.7 114.5 144.9 449.9 320.8 388.9 278.4 310.7 390.6 439.0 341.8 141.6 211.3 331.2 285.2 196.8 43.5 281.6 188.3 343.7 269.5 359.9 359.5 299.4 174.4 145.5 372.8 221.3 248.4 427.5 272.7 152.5 282.7 266.4 128.8 347.1 61.1 253.1 177.8 154.8 407.7 475.3 121.4 142.8 343.5 141.0 128.9 350.3 294.3 484.9 210.8 110.4 67.7 389.1 511.1 56.7 303.7 362.7 394.1 59.3 385.6 304.4 243.5 46.8 176.4 276.1 159.3 236.5 59.0 249.9 304.2 279.7 446.4 457.0 481.0 298.1 268.4 311.7 386.2 350.9 445.0 354.5 340.9 240.4 305.1 206.5 343.6 225.3 77.7 225.2 136.7 284.7 122.2 0.0 183.6 273.7 303.9 403.7 304.4 188.2 356.6 326.7 295.9 335.8 462.6 195.0 190.9 131.1 223.3 251.1 283.2 404.2
2390.0 558.4 464.9 132.6 140.9 269.4 575.1 308.4 374.9 133.1 288.5 563.8 194.5 389.3 111.5 411.3 391.8 500.1 394.4 81.8 153.6 537.3 442.1 188.0 304.7 317.3 459.8 371.1 437.3 124.6 142.3 347.8 632.3 213.9 109.0 531.1 357.9 96.2 239.4 181.9 159.6 223.7 510.7 233.5 67.9 568.9 226.6 507.9 397.4 390.3 509.6 558.0 231.4 90.5 154.9 450.2 169.4 141.2 177.9 226.0 215.4 423.3 294.4 478.9 478.5 379.0 201.5 86.6 491.8 64.1 367.4 546.5 352.3 58.4 362.3 291.3 247.8 434.9 140.3 278.0 61.7 169.3 526.7 594.3 89.4 160.0 462.5 42.9 84.1 469.3 373.9 603.9 264.0 131.5 202.1 508.1 630.1 144.7 383.3 481.7 513.1 201.1 504.6 382.9 268.4 181.2 295.4 160.3 101.4 143.0 138.3 368.9 423.2 193.9 565.4 576.0 600.0 200.3 201.3 201.3 505.2 469.9 564.0 441.6 457.0 173.3 379.4 49.3 462.6 165.4 130.5 68.0 135.2 403.7 168.9 201.9 0.0 188.6 422.9 522.7 384.0 153.7 475.6 232.5 414.9 415.4 581.6 37.8 135.3 79.8 66.1 186.8 362.8 523.2
2323.0 535.4 441.9 109.0 266.0 348.9 552.1 361.7 307.9 146.1 312.8 540.8 326.8 322.3 92.4 418.8 393.5 477.1 327.4 111.8 130.7 514.3 375.1 267.5 358.0 370.6 436.8 304.1 370.3 254.4 300.0 280.8 606.7 45.0 215.7 512.0 411.2 256.4 70.5 265.5 317.3 277.0 514.2 286.8 225.6 545.9 57.7 469.0 400.9 323.3 486.6 535.0 74.0 178.0 72.0 410.5 92.2 271.0 263.4 355.8 353.1 356.3 373.9 439.2 438.8 312.0 359.2 181.9 468.8 196.4 336.9 546.8 285.3 216.1 295.3 370.8 301.1 367.9 274.3 357.5 164.4 301.6 530.2 571.3 247.1 162.8 422.8 169.4 241.8 446.3 306.9 580.9 396.3 199.3 239.2 485.1 604.5 269.9 316.3 485.2 490.1 293.5 464.9 315.9 347.9 260.1 348.7 83.1 167.0 284.5 230.7 372.4 345.1 5.9 542.4 553.0 574.4 51.6 280.8 66.7 482.2 430.2 541.0 374.6 390.0 252.8 312.4 181.6 422.9 297.7 211.8 200.3 260.3 329.0 320.9 294.3 181.7 0.0 430.4 499.7 317.0 124.4 452.6 63.6 395.4 348.4 558.6 170.1 265.1 188.7 198.4 266.3 295.8 526.7
2299.5 193.8 100.3 405.3 368.6 472.0 210.3 108.7 178.8 386.1 346.6 204.8 377.8 177.5 411.8 10.7 103.8 141.1 162.5 441.5 385.3 172.7 118.9 417.8 130.7 99.8 100.3 184.4 208.5 395.0 365.1 213.1 265.1 467.2 436.8 176.0 100.9 409.5 492.7 244.7 311.5 212.0 226.1 201.6 364.7 204.3 479.9 142.9 119.2 161.5 145.0 193.4 496.2 390.4 370.4 120.9 431.6 417.9 313.1 496.4 412.1 130.9 493.3 147.8 149.2 187.8 403.8 397.4 127.2 439.2 116.0 205.2 208.6 377.9 198.6 490.2 186.6 136.3 328.8 476.9 451.1 384.2 231.0 229.7 341.2 359.9 138.8 408.7 348.7 105.7 187.2 233.1 388.7 378.1 334.1 149.1 262.9 330.0 171.6 204.7 154.1 313.8 180.9 187.1 470.8 314.5 176.3 422.5 382.5 456.3 326.7 91.9 166.2 438.8 200.8 217.0 248.5 484.5 504.3 491.8 146.2 140.6 199.4 126.2 133.8 464.2 168.8 424.4 138.9 453.9 345.4 443.1 404.4 146.7 304.0 307.8 436.4 432.8 0.0 163.7 131.7 347.3 99.3 485.8 91.4 142.6 217.0 425.6 405.7 401.0 441.2 474.9 180.7 246.2
2355.8 85.8 127.4 472.9 459.7 563.1 138.8 199.8 235.1 473.3 432.1 127.5 464.9 233.8 479.4 157.8 160.1 22.1 218.8 509.1 452.9 88.4 175.2 508.9 221.8 190.9 73.5 240.7 264.8 486.1 450.6 269.4 193.4 534.8 517.0 98.7 192.0 500.6 560.3 335.8 402.6 303.1 154.4 292.7 455.8 132.6 547.5 170.0 134.6 217.8 172.1 121.7 563.8 476.2 438.0 177.2 499.2 530.9 402.3 587.5 503.2 185.9 584.4 193.8 205.5 244.1 489.3 483.2 31.5 530.3 201.5 133.5 264.9 463.4 254.9 581.3 277.7 192.6 419.9 568.0 542.2 469.7 159.3 158.0 432.3 447.1 189.5 499.8 439.8 131.8 237.9 161.4 479.8 469.2 425.2 39.5 191.2 415.5 227.9 223.8 64.2 399.3 219.6 257.5 561.9 405.6 267.4 490.1 468.3 547.4 417.8 172.4 257.3 506.4 129.1 139.7 171.2 552.1 595.4 559.4 68.9 196.9 56.8 182.5 190.1 555.3 232.1 515.5 189.6 545.0 436.5 534.2 495.5 219.5 395.1 398.9 527.5 500.4 169.4 0.0 192.1 414.9 120.8 553.4 142.1 198.9 145.3 516.7 496.8 490.0 532.3 566.0 248.4 184.9
2164.7 217.3 123.8 281.8 323.3 458.6 234.0 185.0 44.0 282.2 282.7 219.8 361.5 42.7 288.3 145.0 95.3 160.0 76.0 318.0 261.8 196.2 57.0 422.3 207.0 176.1 120.9 49.6 73.7 364.6 346.1 78.3 288.6 343.7 328.9 193.9 129.2 397.2 369.2 232.4 299.2 243.9 249.6 253.7 352.4 227.8 356.4 150.9 154.6 25.6 168.5 214.0 371.6 288.2 246.9 92.4 308.1 387.5 276.8 466.0 399.8 41.5 481.0 121.1 120.7 53.0 384.8 292.1 150.7 402.6 137.4 228.7 73.8 360.0 63.8 477.9 262.9 49.8 315.4 464.6 354.1 369.3 254.5 253.2 328.9 256.0 104.7 346.4 336.4 129.2 45.7 256.6 376.4 309.5 252.6 164.1 286.4 312.1 59.3 243.8 169.1 298.9 146.8 129.0 455.0 273.5 245.1 299.0 277.2 444.0 287.9 154.2 145.6 315.3 224.3 232.0 263.5 361.0 482.1 368.3 161.2 112.1 222.9 56.5 71.9 451.7 91.0 386.7 104.8 429.7 269.0 406.5 368.9 129.5 290.6 295.5 387.9 309.3 156.6 178.7 0.0 223.8 114.3 362.3 74.4 30.3 240.5 375.2 375.3 298.9 403.5 462.4 79.8 280.1
2236.2 448.6 355.1 54.3 150.7 279.8 465.3 268.9 221.1 49.2 220.0 454.0 211.3 235.5 82.1 332.0 306.7 390.3 240.6 111.8 32.7 427.5 288.3 198.4 265.2 277.8 350.0 217.3 283.5 140.7 176.4 194.0 519.9 137.5 102.0 425.2 318.4 173.2 163.0 172.7 193.7 184.2 427.4 194.0 128.4 459.1 150.2 382.2 314.1 236.5 399.8 448.2 174.6 64.3 40.7 323.7 106.8 157.3 162.3 242.1 237.6 269.5 304.8 352.4 352.0 225.2 235.6 68.2 382.0 196.4 250.1 460.0 198.5 136.0 208.5 301.7 208.3 281.1 173.4 288.4 144.9 186.1 443.4 484.5 123.5 38.3 336.0 119.5 118.2 359.5 220.1 494.1 280.8 85.6 138.1 398.3 517.7 169.0 229.5 398.4 403.3 192.6 378.1 229.1 278.8 159.0 255.9 97.7 53.3 211.0 129.8 285.6 258.3 109.1 455.6 466.2 487.6 154.8 255.8 162.1 395.4 343.4 454.2 287.8 303.2 227.8 225.6 181.6 336.1 205.8 110.9 200.3 145.0 242.2 203.0 193.4 162.1 103.1 343.6 412.9 230.2 0.0 365.8 156.1 308.6 261.6 471.8 170.1 151.4 75.0 198.4 238.5 209.0 439.9
2292.0 137.1 6.5 409.1 395.9 499.3 153.8 136.0 171.3 409.5 368.3 142.5 401.1 170.0 415.6 94.0 96.3 78.8 155.0 445.3 389.1 116.0 111.4 448.1 158.0 127.1 38.5 176.9 201.0 422.3 386.8 205.6 208.4 471.0 453.2 113.7 128.2 436.8 496.5 272.0 338.8 239.3 169.4 228.9 392.0 147.6 483.7 49.5 75.6 154.0 51.2 136.7 500.0 412.4 374.2 101.6 435.4 467.1 338.5 523.7 439.4 117.2 520.6 74.7 141.7 180.3 425.5 419.4 70.5 466.5 137.7 148.5 201.1 399.6 191.1 517.5 213.9 128.8 356.1 504.2 478.4 405.9 174.3 173.0 368.5 383.3 125.7 436.0 376.0 11.9 174.1 176.4 416.0 405.4 361.4 86.8 206.2 351.7 164.1 163.6 91.8 335.5 98.7 193.7 498.1 341.8 196.1 426.3 404.5 483.6 354.0 112.2 193.5 442.6 144.1 154.7 186.2 488.3 518.9 495.6 83.9 133.1 142.7 118.7 126.3 491.5 170.0 451.7 89.2 481.2 372.7 470.4 431.7 155.7 331.3 335.1 463.7 436.6 105.6 101.4 128.3 351.1 0.0 489.6 78.3 135.1 160.3 452.9 433.0 426.2 468.5 502.2 184.6 199.9
2361.2 598.4 504.9 172.0 285.9 384.5 615.1 408.2 370.9 195.4 359.3 603.8 358.5 385.3 143.9 481.8 456.5 540.1 390.4 143.5 193.7 577.3 438.1 303.1 404.5 417.1 499.8 367.1 433.3 286.1 331.7 343.8 669.7 69.1 247.4 575.0 457.7 288.1 6.8 312.0 349.0 323.5 577.2 333.3 257.3 608.9 56.4 532.0 463.9 386.3 549.6 598.0 19.7 209.7 135.0 473.5 109.4 302.7 295.1 387.5 384.8 419.3 409.5 502.2 501.8 375.0 390.9 213.6 531.8 228.1 399.9 609.8 348.3 247.8 358.3 406.4 347.6 430.9 306.0 393.1 196.1 333.3 593.2 634.3 278.8 222.3 485.8 189.3 273.5 509.3 369.9 643.9 428.0 231.0 270.9 548.1 667.5 301.6 379.3 548.2 553.1 325.2 527.9 378.9 383.5 291.8 395.2 118.5 198.7 316.2 262.4 435.4 408.1 56.9 605.4 616.0 637.4 21.2 316.4 71.6 545.2 493.2 604.0 437.6 453.0 288.4 375.4 213.3 485.9 329.4 243.5 232.0 280.2 392.0 358.3 326.0 213.4 62.9 493.4 562.7 380.0 187.4 515.6 0.0 458.4 411.4 621.6 201.8 296.8 224.8 230.1 301.9 358.8 589.7
2231.8 178.1 84.6 348.9 367.5 470.9 194.6 107.6 111.1 349.3 346.8 183.5 376.7 109.8 355.4 105.8 17.9 119.8 94.8 385.1 328.9 157.0 51.2 416.7 129.6 98.7 82.5 116.7 140.8 393.9 358.4 145.4 249.4 410.8 393.0 154.7 51.8 408.4 436.3 243.6 310.4 210.9 210.4 200.5 363.6 188.6 423.5 93.7 104.1 93.8 129.3 177.7 439.8 352.2 314.0 35.2 375.2 416.8 312.0 495.3 411.0 57.0 492.2 62.1 63.5 120.1 397.1 359.2 111.5 438.1 103.3 189.5 140.9 371.2 130.9 489.1 185.5 68.6 327.7 475.8 418.2 377.5 215.3 214.0 340.1 323.1 47.5 407.6 347.6 89.0 113.9 217.4 387.6 376.6 319.7 127.8 247.2 323.3 103.9 189.6 132.8 307.1 89.6 145.3 466.2 313.4 175.2 366.1 344.3 455.2 325.6 76.8 134.9 382.4 185.1 195.7 227.2 428.1 490.5 435.4 124.9 54.9 183.7 58.5 66.1 463.1 108.1 423.3 47.6 448.0 336.1 442.0 403.3 77.3 302.9 306.7 435.3 376.4 123.3 142.4 64.0 290.9 78.0 429.4 0.0 74.9 201.3 424.5 404.6 366.0 440.1 473.8 124.4 231.1
2185.3 235.4 141.9 302.4 343.9 480.3 252.1 175.7 64.6 302.8 300.3 240.8 382.1 63.3 308.9 163.1 113.4 177.1 70.2 338.6 282.4 214.3 75.1 442.9 197.7 166.8 136.8 70.2 94.3 385.2 367.8 98.9 306.7 364.3 346.5 212.0 147.3 417.8 389.8 253.0 319.8 264.5 267.7 268.6 373.0 245.9 377.0 169.0 172.7 47.3 186.6 235.0 393.3 308.8 267.5 110.5 328.7 401.8 297.4 486.6 420.4 56.3 501.6 139.2 138.8 73.6 406.5 312.7 168.8 423.2 109.4 246.8 94.4 380.6 84.4 498.5 253.6 67.9 337.1 485.2 371.7 386.9 272.6 271.3 349.5 276.6 122.8 364.0 357.0 146.3 67.4 280.9 397.0 330.1 273.2 185.1 304.5 332.7 28.9 257.7 190.1 316.5 164.9 88.4 475.6 294.1 235.8 319.6 297.8 464.6 308.5 144.9 117.6 335.9 242.4 253.0 274.4 381.6 500.3 388.9 182.2 130.2 241.0 74.6 90.0 472.3 84.9 408.4 122.9 450.3 289.6 427.1 389.5 101.5 308.4 316.1 408.5 329.9 174.7 199.7 21.6 244.4 152.6 382.9 95.4 0.0 258.6 396.9 395.9 319.5 425.2 483.0 49.4 298.2
2414.5 206.2 186.1 531.6 518.4 621.8 148.8 258.5 293.8 532.0 490.8 88.9 523.6 292.5 538.1 216.5 218.8 147.9 277.5 567.8 511.6 165.1 233.9 570.6 280.5 249.6 129.5 299.4 323.5 544.8 509.3 328.1 216.0 593.5 575.7 121.3 250.7 559.3 619.0 394.5 461.3 361.8 177.0 351.4 514.5 142.8 606.2 228.7 193.3 276.5 230.8 83.1 622.5 538.0 496.7 235.9 557.9 561.4 461.0 646.2 561.9 244.6 643.1 252.5 264.2 302.8 548.0 541.9 139.6 589.0 260.2 156.1 323.6 522.1 313.6 640.0 336.4 251.3 478.6 626.7 600.9 528.4 181.9 168.2 491.0 505.8 248.2 558.5 498.5 190.5 296.6 171.6 538.5 527.9 483.9 128.0 213.8 474.2 286.6 271.8 140.9 458.0 278.3 336.9 617.1 464.3 326.1 548.8 527.0 606.1 476.5 231.1 316.0 565.1 139.3 162.3 193.8 610.8 641.4 618.1 88.6 255.6 211.8 241.2 248.8 614.0 290.8 574.2 248.3 603.7 495.2 592.9 554.2 278.2 453.8 457.6 586.2 559.1 234.0 170.5 249.7 473.6 179.5 612.1 200.8 257.6 0.0 575.4 555.5 548.7 591.0 624.7 307.1 207.5
2398.9 545.9 452.4 132.2 158.9 231.5 562.6 295.9 379.5 142.3 276.0 551.3 160.6 393.9 87.9 398.8 379.3 487.6 399.0 58.2 153.9 524.8 446.7 154.3 292.2 304.8 450.3 375.7 441.9 108.5 129.8 352.4 619.8 190.3 127.0 518.6 345.4 86.2 215.8 169.4 147.1 211.2 498.2 221.0 55.4 556.4 203.0 495.0 384.9 394.9 497.1 545.5 207.8 108.5 143.6 437.7 145.8 148.8 189.5 205.4 182.9 427.9 256.5 464.6 466.0 383.6 189.0 104.6 479.3 26.2 354.9 534.0 356.9 45.9 366.9 253.4 235.3 439.5 127.8 240.1 85.9 131.4 514.2 581.8 76.9 169.2 450.0 62.3 71.6 456.8 378.5 585.2 226.1 149.5 213.7 495.6 617.6 132.2 387.9 469.2 500.6 212.7 492.1 387.5 234.0 192.8 282.9 136.7 119.4 114.3 156.3 356.4 410.7 170.3 552.9 563.5 597.6 176.7 162.8 177.7 492.7 457.4 551.5 446.2 447.4 135.4 384.0 11.4 450.1 132.3 148.5 30.1 153.2 391.2 160.3 213.5 45.8 165.0 416.3 510.2 388.6 171.7 445.8 208.9 402.4 420.0 569.1 0.0 141.2 97.8 28.2 148.9 367.4 510.7
2403.1 572.3 478.8 192.7 172.0 169.0 589.0 322.3 388.0 161.6 302.4 577.7 100.5 402.4 219.7 425.2 405.7 514.0 407.5 190.0 171.1 551.2 455.2 87.6 318.6 331.2 473.7 384.2 450.4 29.9 156.7 360.9 646.2 304.1 122.1 545.0 371.8 119.4 329.6 195.8 173.5 237.6 524.6 247.4 74.6 582.8 316.8 521.8 411.3 403.4 523.5 571.9 321.6 103.6 207.6 464.1 273.7 46.5 201.9 131.3 126.8 436.4 194.0 492.8 492.4 392.1 154.6 99.7 505.7 126.6 381.3 560.4 365.4 82.2 375.4 190.9 261.7 448.0 140.2 177.6 157.6 75.3 540.6 608.2 89.7 170.7 476.4 120.8 84.4 483.2 387.0 617.8 170.0 144.6 226.1 522.0 644.0 144.6 396.4 495.6 527.0 225.1 518.5 396.0 168.0 205.2 309.3 264.6 114.5 100.2 173.8 382.8 437.1 276.0 579.3 589.9 613.9 290.9 145.0 291.5 519.1 483.8 577.9 454.7 470.1 117.0 392.5 134.3 476.5 95.0 161.6 121.3 166.3 417.6 141.6 225.9 146.3 270.0 436.8 536.6 397.1 166.8 489.5 322.7 428.8 428.5 595.5 135.5 0.0 92.9 151.1 127.7 375.9 537.1
2310.1 515.9 422.4 99.7 75.6 204.7 532.6 265.9 295.0 68.6 246.0 521.3 136.2 309.4 127.1 368.8 349.3 457.6 314.5 106.7 78.1 494.8 362.2 123.3 262.2 274.8 417.3 291.2 357.4 65.6 101.3 267.9 589.8 211.4 29.1 488.6 315.4 98.1 236.9 139.4 118.6 181.2 468.2 191.0 53.3 526.4 224.1 456.1 354.9 310.4 467.1 515.5 248.5 10.6 114.6 397.6 180.7 82.2 112.6 167.0 162.5 343.4 229.7 426.3 425.9 299.1 160.5 6.7 449.3 124.7 324.9 504.0 272.4 60.9 282.4 226.6 205.3 355.0 99.3 213.3 81.2 111.0 484.2 551.8 48.4 77.7 409.9 44.4 43.1 426.8 294.0 561.4 205.7 51.6 136.8 465.6 587.6 103.7 303.4 439.2 470.6 135.8 452.0 303.0 203.7 115.9 252.9 171.6 21.5 135.9 73.0 326.4 332.2 183.0 522.9 533.5 557.5 197.9 180.7 218.4 462.7 417.3 521.5 361.7 377.1 152.7 299.5 109.9 410.0 130.7 65.2 128.6 69.9 316.1 127.9 136.6 87.0 177.0 380.4 480.2 304.1 73.8 433.1 230.0 372.4 335.5 539.1 98.4 76.3 0.0 126.7 163.4 282.9 480.7
2426.0 586.5 493.0 170.5 197.2 222.9 603.0 336.5 417.8 180.6 316.6 591.9 152.0 432.2 126.2 439.4 419.9 528.2 437.3 96.5 192.2 565.4 485.0 145.7 332.8 345.4 490.9 414.0 480.2 99.9 170.4 390.7 660.4 228.6 165.3 559.2 386.0 57.9 254.1 210.0 187.7 251.8 538.8 261.6 96.0 597.0 241.3 536.0 424.3 433.2 537.7 586.1 246.1 146.8 181.9 478.3 184.1 112.0 234.2 196.8 174.3 472.4 247.9 505.2 506.6 421.9 202.1 142.9 519.9 17.6 395.5 574.6 395.2 86.5 405.2 244.8 275.9 477.8 168.4 231.5 124.2 122.8 554.8 622.4 117.5 207.5 490.6 100.6 112.2 497.4 416.8 625.8 217.5 187.8 258.4 536.2 658.2 172.8 426.2 509.8 541.2 257.4 532.7 425.8 225.4 237.5 331.0 175.0 157.7 104.7 194.6 397.0 451.3 208.6 593.5 604.1 638.2 215.0 154.8 216.0 533.3 498.0 592.1 484.5 499.9 126.8 424.0 26.7 490.7 123.7 186.8 21.5 191.5 431.8 185.2 258.2 84.1 203.3 456.9 550.8 426.9 210.0 486.4 247.2 443.0 458.3 609.7 38.2 132.6 136.1 0.0 140.3 405.7 551.3
2440.6 587.8 494.3 238.2 217.5 120.2 604.5 337.8 433.5 207.1 317.9 593.2 116.0 447.9 265.2 440.7 421.2 529.5 453.0 235.5 216.6 566.7 500.7 38.8 334.1 346.7 489.2 429.7 495.9 73.4 172.2 406.4 661.7 268.8 167.6 560.5 387.3 126.3 294.3 211.3 189.0 253.1 540.1 262.9 120.1 598.3 281.5 537.3 426.8 448.9 539.0 587.4 286.3 149.1 253.1 479.6 319.2 56.1 217.4 100.5 82.0 481.9 145.2 508.3 507.9 437.6 170.1 145.2 521.2 145.6 396.8 575.9 410.9 127.7 420.9 142.1 277.2 493.5 155.7 128.8 203.1 108.8 556.1 623.7 135.2 216.2 491.9 166.3 129.9 498.7 432.5 633.3 203.5 190.1 241.6 537.5 659.5 160.1 441.9 511.1 542.5 240.6 534.0 441.5 119.2 220.7 324.8 310.1 160.0 119.2 189.3 398.3 452.6 258.4 594.8 605.4 629.4 265.0 74.9 256.2 534.6 499.3 593.4 500.2 489.3 46.9 438.0 161.1 492.0 114.0 208.0 140.3 211.8 433.1 175.1 241.4 191.8 252.4 452.3 552.1 442.6 212.3 505.0 287.4 444.3 474.0 611.0 172.6 106.1 138.4 174.0 0.0 421.4 552.6
2199.0 284.9 191.4 263.4 304.9 441.3 301.6 126.2 114.1 263.8 261.3 290.3 343.1 90.3 269.9 141.8 116.5 226.6 50.4 299.6 243.4 263.8 121.7 403.9 148.2 117.3 186.3 102.1 143.8 346.2 328.8 73.4 358.8 325.3 307.5 257.6 150.4 378.8 350.8 214.0 280.8 225.5 237.2 219.1 334.0 295.4 338.0 218.3 123.9 96.8 236.1 284.5 354.3 269.8 228.5 159.8 289.7 362.8 258.4 447.6 381.4 89.8 462.6 188.5 188.1 80.0 367.5 273.7 218.3 384.2 59.9 273.0 77.9 341.6 87.9 459.5 204.1 77.4 298.1 446.2 332.7 347.9 253.2 320.8 310.5 237.6 172.1 325.0 318.0 195.8 104.9 330.4 358.0 291.1 234.2 234.6 356.6 293.7 20.5 208.2 239.6 277.5 214.2 38.9 436.6 255.1 186.3 280.6 258.8 425.6 269.5 95.4 68.1 296.9 291.9 302.5 326.5 342.6 461.3 349.9 231.7 179.5 290.5 124.1 108.2 433.3 35.4 369.4 172.2 411.3 250.6 388.1 350.5 52.0 269.4 277.1 369.5 290.9 153.4 249.2 71.1 205.4 202.1 343.9 124.5 49.4 308.1 357.9 356.9 280.5 386.2 444.0 0.0 249.7
2406.3 223.6 203.5 470.7 448.0 551.4 198.8 188.1 311.2 471.1 420.4 187.5 453.2 297.6 477.2 223.7 200.2 165.3 247.5 506.9 450.7 182.5 251.3 500.2 210.1 179.2 149.6 309.4 340.9 474.4 438.9 280.7 187.4 532.6 514.8 86.2 166.3 488.9 558.1 324.1 390.9 291.4 45.8 281.0 444.1 192.6 545.3 246.5 128.9 293.9 248.2 181.7 561.6 477.1 435.8 253.3 497.0 491.0 390.6 575.8 491.5 257.1 572.7 269.9 281.6 287.3 477.6 481.0 157.0 518.6 175.8 101.6 285.2 451.7 295.2 569.6 266.0 268.7 408.2 556.3 524.9 458.0 81.8 218.0 420.6 444.9 265.6 488.1 428.1 207.9 312.2 227.6 468.1 457.5 413.5 145.4 185.2 403.8 266.6 122.6 158.3 387.6 295.7 231.8 546.7 393.9 248.2 487.9 466.1 535.7 406.1 141.8 231.6 504.2 189.1 162.7 155.1 549.9 571.6 557.2 128.9 273.0 229.2 258.6 266.2 543.6 232.5 503.8 265.7 528.5 424.8 522.5 483.8 212.1 379.5 387.2 515.8 498.2 235.3 187.9 268.2 412.7 214.2 551.2 218.2 275.0 205.3 505.0 485.1 487.8 520.6 554.3 246.1 0.0
