Name		1841_BED-Amazon_n128_m259_bt30
Number_of_Customers	128
Number_of_Items		259
Number_of_ItemTypes	30
Number_of_Vehicles	1
TimeWindows		0
Dist_type	manual

VEHICLE
Mass_Capacity	2071
CargoSpace_Length	174
CargoSpace_Width	61
CargoSpace_Height	84

CUSTOMERS
i	x	y	Demand	ReadyTime	DueDate	ServiceTime	DemandedMass	DemandedVolume
0	33.918699	-118.324843	0	0	0	0	0	0
1	34.049058	-118.428107	2	0	0	0	6.01	15048
2	34.044601	-118.418563	1	0	0	0	0.7	2640
3	34.051925	-118.422676	3	0	0	0	17.8	7836
4	34.037961	-118.416508	1	0	0	0	0.7	2640
5	34.04566	-118.423832	2	0	0	0	12.33	18228
6	34.046123	-118.424337	1	0	0	0	4.7	1380
7	34.053796	-118.42804	5	0	0	0	20.86	27358
8	34.039796	-118.41715	2	0	0	0	5.4	4020
9	34.040409	-118.415105	3	0	0	0	17.81	12324
10	34.038739	-118.41577	3	0	0	0	10.21	17200
11	34.047327	-118.426619	3	0	0	0	12.7	7660
12	34.052009	-118.42798	1	0	0	0	2.5	3978
13	34.03905	-118.418378	4	0	0	0	14.29	24413
14	34.047478	-118.424069	1	0	0	0	3.01	5544
15	34.050508	-118.429355	1	0	0	0	4.7	1380
16	34.044485	-118.420225	2	0	0	0	6.6	2556
17	34.04936	-118.427029	1	0	0	0	0.81	5280
18	34.038529	-118.419096	1	0	0	0	4.7	1380
19	34.046854	-118.426207	3	0	0	0	14.5	8998
20	34.055011	-118.424995	2	0	0	0	6.6	2556
21	34.053842	-118.425367	1	0	0	0	2.5	3978
22	34.054614	-118.425988	1	0	0	0	1.75	4608
23	34.048078	-118.428612	1	0	0	0	2.5	3978
24	34.040419	-118.421763	3	0	0	0	18.8	14320
25	34.042021	-118.418988	1	0	0	0	4.8	6200
26	34.043813	-118.421394	3	0	0	0	7.3	5196
27	34.042782	-118.41707	1	0	0	0	0.7	2640
28	34.048657	-118.426431	1	0	0	0	1.75	4608
29	34.041773	-118.423036	2	0	0	0	2.6	3816
30	34.041283	-118.418345	2	0	0	0	6.96	7500
31	34.04231	-118.422082	2	0	0	0	6.56	5526
32	34.045501	-118.420386	1	0	0	0	4.7	1380
33	34.037322	-118.417868	1	0	0	0	9.4	2760
34	34.04008	-118.422363	1	0	0	0	4.7	1380
35	34.050108	-118.421769	2	0	0	0	11.2	5280
36	34.044962	-118.42189	2	0	0	0	5.4	4020
37	34.051353	-118.425065	2	0	0	0	10.8	8040
38	34.04061	-118.419095	1	0	0	0	0.7	2640
39	34.051621	-118.429693	1	0	0	0	0.7	2640
40	34.047477	-118.426749	2	0	0	0	5.19	21708
41	34.051199	-118.422684	1	0	0	0	9.4	2760
42	34.050708	-118.428179	1	0	0	0	0.7	2640
43	34.050238	-118.423233	1	0	0	0	4.7	1380
44	34.050797	-118.425149	3	0	0	0	15.52	27426
45	34.039353	-118.420215	1	0	0	0	4.7	1380
46	34.045794	-118.421695	1	0	0	0	1.9	1176
47	34.051193	-118.426216	1	0	0	0	4.7	1380
48	34.040288	-118.418055	1	0	0	0	1.9	1176
49	34.043788	-118.417913	1	0	0	0	1.9	1176
50	34.05241	-118.426032	2	0	0	0	8.0	6280
51	34.049849	-118.424784	1	0	0	0	4.7	1380
52	34.045318	-118.42069	1	0	0	0	4.8	6200
53	34.041446	-118.418985	3	0	0	0	20.5	17376
54	34.050821	-118.426959	1	0	0	0	0.7	2640
55	34.052476	-118.42972	6	0	0	0	20.03	46079
56	34.05332	-118.427634	1	0	0	0	9.4	2760
57	34.050563	-118.429402	2	0	0	0	5.4	4020
58	34.041521	-118.423492	1	0	0	0	1.9	1176
59	34.047235	-118.427881	1	0	0	0	4.7	1380
60	34.056301	-118.425386	1	0	0	0	3.82	8580
61	34.052191	-118.42953	3	0	0	0	10.65	22500
62	34.049835	-118.430132	2	0	0	0	19.5	8160
63	34.042082	-118.417741	1	0	0	0	0.7	2640
64	34.055608	-118.42551	1	0	0	0	1.59	3400
65	34.041679	-118.423207	1	0	0	0	0.7	2640
66	34.052808	-118.427703	1	0	0	0	4.7	1380
67	34.042088	-118.420681	2	0	0	0	2.85	3720
68	34.046586	-118.423297	1	0	0	0	9.4	2760
69	34.051638	-118.42765	2	0	0	0	4.05	2256
70	34.042045	-118.422547	2	0	0	0	7.64	16284
71	34.046185	-118.422953	1	0	0	0	2.94	14904
72	34.039577	-118.41824	1	0	0	0	3.82	7600
73	34.052947	-118.427323	2	0	0	0	5.4	4020
74	34.045807	-118.425305	1	0	0	0	1.9	1176
75	34.046738	-118.424769	3	0	0	0	5.2	14216
76	34.048567	-118.423264	1	0	0	0	0.7	2640
77	34.054238	-118.427058	2	0	0	0	12.0	5020
78	34.053167	-118.425029	1	0	0	0	0.7	2640
79	34.053154	-118.426198	3	0	0	0	7.87	16085
80	34.053892	-118.426754	4	0	0	0	16.76	31252
81	34.052411	-118.427161	2	0	0	0	5.4	4020
82	34.046712	-118.41835	1	0	0	0	0.7	2640
83	34.050313	-118.42783	1	0	0	0	9.4	2760
84	34.0503	-118.430533	3	0	0	0	4.71	15561
85	34.041692	-118.416176	1	0	0	0	7.3	3640
86	34.054986	-118.426316	4	0	0	0	10.32	24218
87	34.047466	-118.425402	4	0	0	0	8.61	31403
88	34.053792	-118.42904	1	0	0	0	1.4	5280
89	34.037735	-118.416197	1	0	0	0	4.7	1380
90	34.04039	-118.41732	1	0	0	0	4.7	1380
91	34.051256	-118.430017	1	0	0	0	2.85	5320
92	34.046419	-118.418839	1	0	0	0	1.75	4608
93	34.054679	-118.427431	1	0	0	0	0.7	2640
94	34.04637	-118.420734	1	0	0	0	1.9	1176
95	34.048904	-118.423943	2	0	0	0	3.3	13040
96	34.049911	-118.426159	1	0	0	0	9.4	2760
97	34.039986	-118.41601	2	0	0	0	10.1	5400
98	34.051269	-118.428682	1	0	0	0	1.9	1176
99	34.05439	-118.428175	2	0	0	0	9.05	8248
100	34.040817	-118.422881	1	0	0	0	3.01	5544
101	34.052399	-118.424914	6	0	0	0	31.09	52572
102	34.043558	-118.419924	1	0	0	0	4.7	1380
103	34.043396	-118.418399	1	0	0	0	2.6	10400
104	34.047702	-118.428283	4	0	0	0	14.45	12268
105	34.050961	-118.429756	1	0	0	0	3.82	7600
106	34.037823	-118.418723	2	0	0	0	4.05	2256
107	34.039514	-118.419364	1	0	0	0	1.9	1176
108	34.038754	-118.418452	3	0	0	0	13.11	10944
109	34.045864	-118.422677	1	0	0	0	4.7	1380
110	34.046242	-118.42568	1	0	0	0	0.7	2640
111	34.048167	-118.426007	2	0	0	0	15.9	5608
112	34.046015	-118.421323	1	0	0	0	1.9	1176
113	34.047911	-118.425788	2	0	0	0	6.45	5988
114	34.042955	-118.421608	1	0	0	0	1.75	4608
115	34.039313	-118.42189	1	0	0	0	1.9	1176
116	34.053125	-118.428938	2	0	0	0	4.52	11220
117	34.048607	-118.422138	1	0	0	0	4.7	1380
118	34.051512	-118.426166	1	0	0	0	1.75	4608
119	34.048867	-118.425271	2	0	0	0	7.71	6924
120	34.039167	-118.419459	3	0	0	0	8.84	21120
121	34.049204	-118.428234	1	0	0	0	0.7	2640
122	34.045844	-118.423993	1	0	0	0	4.7	1380
123	34.052594	-118.428066	2	0	0	0	14.8	6780
124	34.037932	-118.418028	1	0	0	0	4.7	1380
125	34.045119	-118.424716	2	0	0	0	6.85	2460
126	34.043094	-118.420735	1	0	0	0	4.8	6200
127	34.039936	-118.420808	2	0	0	0	7.2	5358
128	34.05588	-118.425984	4	0	0	0	10.16	14172

ITEMS
Type	Length	Width	Height	Mass	Fragility	LoadBearingStrength
Bt1	10	10	10	14.15	1	0
Bt2	18	12	5	2.15	1	0
Bt3	21	14	4	1.9	1	0
Bt4	23	15	4	4.7	1	0
Bt5	20	18	7	1.8	1	0
Bt6	15	11	16	0.7	1	0
Bt7	34	10	10	1.59	1	0
Bt8	20	14	13	7.3	1	0
Bt9	17	13	18	2.5	1	0
Bt10	29	15	10	4.66	1	0
Bt11	24	12	16	1.75	1	0
Bt12	30	11	16	0.81	1	0
Bt13	28	19	10	2.85	1	0
Bt14	28	22	9	3.01	1	0
Bt15	30	17	12	2.26	1	0
Bt16	31	20	10	4.8	1	0
Bt17	40	19	10	3.82	1	0
Bt18	22	15	26	3.816	1	0
Bt19	29	25	13	1.77	1	0
Bt20	40	20	13	2.6	1	0
Bt21	29	24	15	4.26	1	0
Bt22	29	27	15	2.11	1	0
Bt23	26	20	26	2.91	1	0
Bt24	27	23	24	2.94	1	0
Bt25	39	27	16	7.63	1	0
Bt26	57	15	20	3.44	1	0
Bt27	33	20	28	5.25	1	0
Bt28	58	39	10	4.961	1	0
Bt29	41	20	29	3.42	1	0
Bt30	58	40	11	12.6	1	0

DEMANDS PER CUSTOMER
i	Type Quantity
1	Bt21 1	Bt11 1	
2	Bt6 1	
3	Bt4 3	Bt3 1	Bt5 1	
4	Bt6 1	
5	Bt4 1	Bt25 1	
6	Bt4 1	
7	Bt4 1	Bt6 3	Bt8 1	Bt21 1	Bt9 1	
8	Bt6 1	Bt4 1	
9	Bt4 3	Bt14 1	Bt6 1	
10	Bt7 1	Bt16 1	Bt17 1	
11	Bt8 1	Bt6 1	Bt4 1	
12	Bt9 1	
13	Bt14 2	Bt4 1	Bt19 1	Bt5 1	
14	Bt14 1	
15	Bt4 1	
16	Bt4 1	Bt3 1	
17	Bt12 1	
18	Bt4 1	
19	Bt8 1	Bt4 1	Bt9 1	
20	Bt4 1	Bt3 1	
21	Bt9 1	
22	Bt11 1	
23	Bt9 1	
24	Bt4 2	Bt6 3	Bt8 1	
25	Bt16 1	
26	Bt4 1	Bt3 1	Bt6 1	
27	Bt6 1	
28	Bt11 1	
29	Bt3 1	Bt6 1	
30	Bt4 1	Bt15 1	
31	Bt10 1	Bt3 1	
32	Bt4 1	
33	Bt4 2	
34	Bt4 1	
35	Bt5 1	Bt4 2	
36	Bt6 1	Bt4 1	
37	Bt4 2	Bt6 2	
38	Bt6 1	
39	Bt6 1	
40	Bt11 1	Bt26 1	
41	Bt4 2	
42	Bt6 1	
43	Bt4 1	
44	Bt4 2	Bt3 1	Bt22 2	
45	Bt4 1	
46	Bt3 1	
47	Bt4 1	
48	Bt3 1	
49	Bt3 1	
50	Bt6 1	Bt8 1	
51	Bt4 1	
52	Bt16 1	
53	Bt9 2	Bt6 2	Bt4 3	
54	Bt6 1	
55	Bt6 1	Bt4 2	Bt3 1	Bt9 1	Bt29 1	Bt22 1	
56	Bt4 2	
57	Bt6 1	Bt4 1	
58	Bt3 1	
59	Bt4 1	
60	Bt18 1	
61	Bt4 1	Bt27 1	Bt6 1	
62	Bt4 4	Bt6 1	
63	Bt6 1	
64	Bt7 1	
65	Bt6 1	
66	Bt4 1	
67	Bt6 1	Bt2 1	
68	Bt4 2	
69	Bt3 1	Bt2 1	
70	Bt4 1	Bt24 1	
71	Bt24 1	
72	Bt17 1	
73	Bt6 1	Bt4 1	
74	Bt3 1	
75	Bt20 1	Bt3 1	Bt6 1	
76	Bt6 1	
77	Bt8 1	Bt4 1	
78	Bt6 1	
79	Bt4 1	Bt6 2	Bt19 1	
80	Bt28 1	Bt6 1	Bt3 2	Bt8 1	
81	Bt4 1	Bt6 1	
82	Bt6 1	
83	Bt4 2	
84	Bt22 1	Bt3 1	Bt6 1	
85	Bt8 1	
86	Bt9 1	Bt3 1	Bt14 1	Bt23 1	
87	Bt6 2	Bt20 1	Bt9 1	Bt22 1	
88	Bt6 2	
89	Bt4 1	
90	Bt4 1	
91	Bt13 1	
92	Bt11 1	
93	Bt6 1	
94	Bt3 1	
95	Bt6 1	Bt20 1	
96	Bt4 2	
97	Bt4 2	Bt6 1	
98	Bt3 1	
99	Bt11 1	Bt8 1	
100	Bt14 1	
101	Bt11 1	Bt5 1	Bt24 1	Bt8 1	Bt30 1	Bt4 1	
102	Bt4 1	
103	Bt20 1	
104	Bt6 1	Bt4 1	Bt11 1	Bt8 1	
105	Bt17 1	
106	Bt2 1	Bt3 1	
107	Bt3 1	
108	Bt6 1	Bt4 2	Bt14 1	
109	Bt4 1	
110	Bt6 1	
111	Bt11 1	Bt1 1	
112	Bt3 1	
113	Bt11 1	Bt4 1	
114	Bt11 1	
115	Bt3 1	
116	Bt6 1	Bt18 1	
117	Bt4 1	
118	Bt11 1	
119	Bt14 1	Bt4 1	
120	Bt6 1	Bt4 1	Bt26 1	
121	Bt6 1	
122	Bt4 1	
123	Bt4 3	Bt6 1	
124	Bt4 1	
125	Bt2 1	Bt4 1	
126	Bt16 1	
127	Bt4 1	Bt9 1	
128	Bt14 1	Bt4 1	Bt11 1	Bt6 1	

DISTANCE MATRIX
0.0 1679.7 1644.3 1798.1 1560.1 1649.2 1665.0 1645.8 1599.5 1627.7 1583.4 1695.9 1652.1 1570.1 1689.2 1641.4 1608.1 1686.6 1522.9 1648.8 1697.5 1693.3 1674.4 1679.1 1513.9 1573.4 1588.9 1612.0 1703.9 1537.7 1581.3 1558.3 1685.1 1525.8 1502.9 1727.6 1653.3 1739.3 1557.4 1640.0 1698.9 1756.6 1655.6 1758.9 1736.0 1517.3 1684.1 1725.9 1606.5 1631.9 1702.8 1743.8 1677.7 1565.7 1679.0 1609.3 1652.9 1639.9 1528.1 1677.3 1670.9 1617.5 1640.9 1602.6 1678.0 1534.1 1670.0 1558.3 1672.5 1660.4 1548.0 1663.6 1577.5 1664.5 1651.8 1672.5 1695.0 1658.1 1706.6 1688.7 1668.7 1677.3 1734.9 1665.6 1617.1 1628.4 1665.2 1657.5 1610.1 1566.6 1601.7 1620.7 1723.1 1644.1 1710.3 1775.1 1700.2 1592.5 1642.9 1625.9 1514.9 1720.6 1602.3 1607.1 1672.2 1628.9 1516.5 1547.0 1557.7 1653.9 1662.2 1715.9 1694.2 1671.5 1618.1 1490.3 1623.8 1693.7 1720.0 1724.8 1538.7 1676.1 1654.9 1662.6 1535.7 1632.0 1583.5 1510.2 1659.8
1840.0 0.0 260.4 192.7 341.6 146.2 127.8 123.3 322.4 355.9 364.9 46.3 92.9 313.3 115.1 38.2 224.2 67.7 271.4 59.7 166.3 146.4 167.5 44.4 233.2 281.5 211.1 320.1 56.9 207.6 279.8 208.5 219.2 310.2 244.2 233.8 168.9 94.2 296.9 75.9 42.2 210.0 64.5 170.4 86.0 245.9 191.4 115.1 305.0 307.3 139.5 93.8 211.8 278.1 77.1 111.1 115.3 39.7 218.3 67.7 194.4 102.6 73.2 310.7 201.5 211.6 116.2 236.3 135.0 84.6 195.3 143.9 322.1 102.5 85.3 110.4 162.4 171.4 130.9 136.3 157.2 89.7 269.0 50.2 88.5 336.5 177.8 87.9 137.1 348.1 300.2 58.9 257.2 167.6 217.6 121.2 83.7 363.8 77.2 149.4 227.2 114.7 257.1 290.4 56.2 50.7 298.1 295.5 306.2 151.5 74.7 68.9 201.5 73.4 216.2 263.8 121.2 147.7 121.5 85.3 287.2 3.5 137.9 108.8 290.4 102.2 238.6 240.7 183.3
1793.3 282.3 0.0 236.6 117.3 178.9 194.7 322.4 133.0 71.4 116.0 244.7 274.0 155.4 167.1 320.6 54.0 260.6 180.2 228.9 280.0 306.3 327.4 288.1 125.5 67.4 73.6 35.6 265.6 111.7 105.7 88.6 142.5 175.6 136.5 192.1 110.7 254.1 122.8 324.4 247.7 221.1 291.6 174.9 245.9 155.9 141.5 257.0 130.9 15.8 281.4 253.7 135.1 104.0 246.6 337.1 314.4 322.1 122.4 278.2 322.6 328.9 326.3 75.8 295.5 115.7 302.4 76.0 147.2 265.7 100.2 138.3 148.0 301.6 200.6 219.6 216.4 334.2 290.8 296.3 320.0 288.8 99.6 281.6 350.1 52.0 337.7 234.6 328.5 141.1 126.1 341.3 87.8 352.0 108.7 285.0 225.8 84.9 304.3 344.3 119.2 274.6 43.3 31.7 289.7 333.1 191.1 152.5 167.8 129.9 213.2 253.6 151.6 247.3 124.1 173.1 302.3 186.4 263.4 202.4 162.0 285.9 184.6 295.0 161.9 180.8 61.2 151.3 367.4
1919.1 188.7 238.7 0.0 356.1 196.9 215.3 170.1 358.1 310.2 354.8 146.6 193.1 370.5 144.6 227.0 216.0 170.0 381.5 156.7 73.7 128.4 127.0 190.5 343.3 317.2 244.6 274.4 156.3 317.7 315.5 293.2 197.0 420.3 354.3 55.4 204.6 105.1 332.6 195.0 150.1 17.3 201.0 74.7 113.3 356.0 198.3 184.4 340.7 254.6 165.3 114.5 204.4 313.8 174.0 208.0 162.1 228.5 328.4 168.9 127.2 199.5 237.2 346.4 100.1 321.7 154.7 306.9 185.8 193.1 305.4 176.9 357.8 164.6 182.3 170.8 144.3 159.8 118.5 144.7 145.6 177.4 182.4 189.3 252.5 290.8 137.3 144.0 177.2 379.9 335.9 222.0 191.5 174.0 175.2 137.1 153.2 323.7 213.7 164.9 337.3 102.3 292.8 270.5 180.4 230.2 408.2 362.3 377.6 187.2 171.7 144.3 189.4 138.0 305.5 373.9 190.9 119.1 182.5 128.9 371.8 192.3 205.2 162.1 400.5 216.1 274.3 352.1 131.0
1724.6 340.0 126.4 363.1 0.0 269.7 285.5 439.6 87.7 67.5 23.2 298.4 391.2 84.3 284.3 378.3 219.1 367.1 62.8 282.6 406.5 423.5 444.6 347.9 145.0 136.6 212.4 91.6 356.3 183.4 126.3 157.3 259.7 58.2 170.4 318.6 227.9 371.3 118.3 416.0 301.4 347.6 398.1 301.4 363.1 87.6 258.7 374.2 108.8 110.2 398.6 370.9 252.3 136.0 363.8 444.4 431.6 379.8 195.6 335.2 495.7 436.2 383.4 95.5 422.0 201.6 419.6 160.5 264.4 382.9 171.9 255.5 91.7 418.8 254.3 310.4 333.6 451.4 408.0 413.5 437.2 406.0 226.1 388.1 407.2 75.2 454.9 316.3 445.7 23.7 105.9 399.0 214.3 469.2 284.9 402.2 343.0 32.3 410.8 461.5 182.4 391.8 194.9 133.0 339.7 390.8 73.7 92.1 71.9 247.1 266.9 344.4 268.8 338.1 190.8 157.8 419.5 303.6 380.6 319.6 83.8 343.6 275.4 412.2 44.5 234.5 182.5 122.1 484.6
1806.8 142.9 157.9 212.9 275.6 0.0 15.8 211.7 216.4 249.9 297.1 100.8 181.3 228.8 86.6 181.8 160.4 103.9 205.4 90.0 229.0 200.6 221.7 144.3 164.6 178.1 105.1 216.7 86.6 139.0 176.4 154.1 115.8 241.6 178.2 168.4 65.5 148.4 193.5 186.5 104.3 200.0 134.9 153.1 140.2 179.9 88.0 169.3 201.6 203.9 193.7 148.0 108.4 172.1 158.9 181.5 203.7 182.7 152.3 122.7 272.8 173.0 188.4 207.3 269.0 145.6 196.7 167.8 64.1 173.0 129.3 57.8 218.7 193.5 59.8 28.9 109.8 249.1 185.1 206.1 232.3 178.1 159.3 123.2 203.7 233.1 229.6 58.2 230.0 282.1 196.8 202.5 149.7 260.5 114.2 175.4 137.9 257.8 147.6 242.3 161.2 168.9 153.7 187.0 131.6 194.3 232.1 223.2 235.9 48.1 72.4 73.5 98.1 70.1 150.2 197.8 209.6 87.9 175.7 116.4 232.7 147.2 5.6 189.3 224.4 40.0 135.2 174.7 264.3
1822.6 127.8 173.7 171.1 291.4 15.8 0.0 195.9 234.8 268.3 312.9 119.7 165.5 241.9 88.2 166.0 137.5 88.1 221.2 103.9 237.7 184.8 205.9 133.6 183.0 193.9 123.5 232.5 70.8 157.4 192.2 151.3 131.6 260.0 194.0 126.6 81.3 132.6 209.3 170.7 122.7 155.6 119.1 168.9 124.4 195.7 103.8 153.5 217.4 219.7 177.9 132.2 124.2 190.5 143.1 165.4 187.9 167.5 168.1 138.5 257.0 157.2 171.8 223.1 253.2 161.4 180.9 178.2 82.5 157.2 145.9 73.6 234.5 175.1 75.6 24.8 94.0 230.7 169.3 192.8 216.5 162.3 175.1 109.1 195.6 248.9 216.2 39.8 210.7 297.9 212.6 186.7 165.5 244.7 130.0 163.5 122.3 276.2 131.8 226.5 177.0 153.1 169.5 202.8 145.4 178.5 244.9 239.0 254.3 63.9 88.2 58.8 113.9 52.5 166.0 213.6 193.8 103.7 159.9 118.2 248.5 131.4 10.1 173.5 240.2 55.8 151.0 191.8 245.9
1950.3 131.2 314.0 179.5 445.3 219.6 203.8 0.0 371.5 405.0 449.6 177.6 65.1 383.9 164.2 114.7 329.3 115.6 402.7 191.0 104.5 79.2 81.4 158.4 364.5 330.6 260.2 369.2 132.9 338.2 328.9 306.6 268.3 441.5 375.5 235.0 218.0 125.2 346.0 67.0 173.5 196.8 88.9 196.6 133.4 377.2 240.5 101.1 354.1 356.4 77.7 160.9 260.9 327.2 83.1 80.0 7.0 113.2 348.9 180.0 77.9 71.5 134.8 359.8 85.0 342.2 26.7 320.3 184.1 70.6 325.9 193.0 371.2 18.6 216.6 178.9 211.5 65.1 92.5 65.8 75.7 31.4 286.9 96.3 127.8 385.6 72.2 163.9 46.9 469.1 349.3 94.0 296.0 51.1 266.7 192.2 104.3 412.9 85.8 32.9 358.1 106.5 306.2 339.5 168.5 102.2 426.4 375.7 391.0 200.6 206.0 144.9 250.6 149.4 318.9 395.1 62.9 248.9 94.9 128.9 385.2 127.6 213.9 34.1 421.7 233.5 287.7 372.0 66.8
1764.1 323.6 140.0 355.3 88.9 217.6 236.0 363.7 0.0 100.0 106.5 300.2 315.3 95.9 208.4 361.9 152.2 301.9 80.9 286.8 376.0 347.6 368.7 329.4 134.9 78.8 145.6 103.9 306.9 171.0 50.4 147.9 183.8 81.1 145.9 310.8 152.0 295.4 94.8 365.7 303.7 339.8 332.9 292.9 287.2 105.7 182.8 298.3 66.1 123.8 322.7 295.0 176.4 76.0 287.9 378.7 355.7 363.4 181.7 319.5 419.8 370.2 376.1 65.0 413.5 175.0 343.7 121.1 188.5 307.0 158.7 179.6 83.2 342.9 256.6 249.1 257.7 375.5 332.1 344.4 361.3 330.1 233.6 321.2 391.4 120.3 379.0 275.9 369.8 112.7 30.0 382.6 221.8 393.3 209.0 322.4 266.9 56.5 345.6 385.6 158.9 315.9 119.0 120.3 331.0 374.4 91.8 110.2 90.0 171.2 269.2 293.8 192.9 288.6 172.1 145.1 343.6 227.7 304.7 243.7 101.9 327.2 225.9 336.3 62.6 236.8 120.5 122.0 408.7
1881.0 349.1 72.3 309.0 77.8 243.1 261.5 389.2 113.9 0.0 44.5 310.9 340.8 156.9 233.9 387.4 117.4 327.4 140.7 297.5 352.4 373.1 394.2 354.9 146.1 88.0 146.0 37.5 332.4 185.2 126.3 153.6 171.9 136.1 157.1 264.5 177.5 320.9 143.4 391.2 314.4 293.5 358.4 247.3 312.7 165.5 208.3 323.8 144.9 56.1 348.2 320.5 201.9 124.6 313.4 404.2 381.2 388.9 195.9 345.0 395.0 395.7 401.6 96.4 367.9 189.2 369.2 128.6 214.0 332.5 172.9 205.1 169.6 368.4 267.3 274.6 283.2 401.0 357.6 360.7 386.8 355.6 172.0 346.7 416.9 21.1 404.5 301.4 395.3 88.6 108.8 408.1 160.2 418.8 181.1 347.9 292.6 46.9 371.1 411.1 166.4 341.4 116.8 78.9 356.5 399.9 154.6 170.0 149.8 196.7 279.9 320.4 218.4 314.1 196.5 193.7 369.1 221.0 330.2 269.2 161.7 352.7 251.4 361.8 122.4 247.5 134.7 170.6 398.8
1757.9 373.3 129.3 366.0 33.2 300.4 318.8 447.2 118.6 56.9 0.0 331.2 398.8 112.3 291.9 411.6 226.7 385.4 96.1 317.8 409.4 431.1 452.2 381.2 178.3 144.2 245.7 94.5 389.6 216.7 133.9 197.6 267.3 91.5 203.7 321.5 235.5 378.9 151.6 449.2 334.7 350.5 416.4 304.3 370.7 120.9 266.3 381.8 142.1 113.1 406.2 378.5 259.9 159.5 371.4 462.2 439.2 413.1 228.9 368.5 503.3 453.7 425.2 103.1 424.9 234.9 427.2 193.8 272.0 390.5 204.4 263.1 125.0 426.4 287.6 331.9 341.2 459.0 415.6 418.6 444.8 413.6 229.0 404.7 440.5 78.1 462.5 349.6 456.8 57.0 113.5 432.3 217.2 476.8 292.5 409.8 350.4 39.9 429.1 469.1 215.7 399.4 202.5 135.9 373.0 424.1 107.0 125.4 105.2 254.7 300.2 376.6 276.4 371.4 224.1 191.1 427.1 311.2 388.2 321.7 117.1 376.9 308.7 419.8 77.8 267.8 204.0 154.1 492.2
1793.7 42.0 214.0 194.1 295.2 114.8 81.5 165.4 290.4 304.8 318.5 0.0 133.5 266.9 116.5 80.3 186.8 69.1 225.0 13.3 200.7 147.8 168.9 65.1 186.8 230.4 179.1 269.0 58.3 161.2 247.8 162.1 187.2 263.8 197.8 111.7 136.9 95.6 240.3 118.0 3.5 211.4 100.1 171.8 87.4 199.5 159.4 116.5 273.0 249.3 140.9 95.2 179.8 246.1 106.1 146.7 157.4 81.8 171.9 43.5 220.0 138.2 111.8 259.6 216.2 165.2 158.3 189.9 136.4 125.2 148.9 129.2 290.1 144.6 38.9 64.1 79.1 193.7 132.3 162.6 179.5 131.8 182.1 88.4 127.1 285.4 179.2 41.6 175.7 301.7 268.2 101.0 221.1 209.7 185.6 126.5 85.1 312.8 112.8 191.5 180.8 116.1 199.1 238.7 55.0 92.8 248.7 249.1 259.8 119.5 28.3 70.3 169.5 74.8 169.8 217.4 161.8 101.3 122.9 81.2 240.8 45.6 120.5 150.9 244.0 55.8 180.3 194.3 208.9
1912.0 92.9 257.7 184.6 389.0 174.6 165.5 67.2 315.2 348.7 393.3 128.4 0.0 322.3 107.9 79.5 221.5 77.3 356.6 153.9 116.7 84.3 102.9 119.0 310.4 274.3 203.9 312.9 94.6 281.9 272.6 258.8 212.0 395.4 321.4 240.1 161.7 105.0 289.7 50.3 131.4 201.9 50.6 181.2 96.8 331.1 184.2 73.7 297.8 300.1 82.8 104.6 204.6 270.9 26.8 63.0 59.2 81.0 292.6 141.7 115.2 54.8 88.0 303.5 122.3 285.9 28.3 258.6 127.8 8.3 270.4 136.7 314.9 41.7 177.9 140.6 155.2 97.3 97.6 68.7 83.1 54.5 261.8 56.3 111.1 329.3 109.5 125.6 54.4 412.8 293.0 77.3 250.0 88.4 210.4 135.9 48.0 356.6 63.3 70.2 301.8 111.6 249.9 283.2 130.2 85.5 380.3 319.4 334.7 144.3 167.3 106.6 194.3 112.9 262.6 340.0 28.2 153.9 80.1 72.6 328.9 89.3 175.6 20.9 375.6 191.2 231.4 318.2 104.1
1718.0 308.4 168.0 369.8 95.7 232.1 250.5 378.2 78.0 162.9 119.0 266.3 329.8 0.0 222.9 346.7 157.7 316.4 31.2 252.9 412.5 362.1 383.2 325.2 113.4 93.3 180.8 131.9 321.4 151.8 64.9 132.7 198.3 64.3 124.4 325.3 166.5 309.9 86.7 380.2 269.8 354.3 347.4 307.4 301.7 56.0 197.3 312.8 29.7 151.8 337.2 309.5 190.9 90.5 302.4 393.2 370.2 348.2 162.5 303.6 434.3 384.7 371.9 122.5 428.0 155.8 358.2 122.8 203.0 321.5 139.5 194.1 12.6 357.4 222.7 263.6 272.2 390.0 346.6 352.1 375.8 344.6 248.1 337.4 387.2 148.3 393.5 284.7 384.3 102.2 55.8 367.4 236.3 407.8 223.5 336.9 281.6 119.4 360.1 400.1 139.8 330.4 133.5 134.8 315.1 359.2 52.2 60.5 7.1 185.7 235.3 308.3 207.4 304.9 159.2 112.3 358.1 242.2 319.2 258.2 52.2 312.0 240.4 350.8 44.5 202.9 135.0 89.2 423.2
1829.7 115.1 149.7 126.3 281.0 66.6 82.4 155.2 207.2 240.7 285.3 65.9 106.8 214.3 0.0 153.4 113.5 93.4 248.6 131.3 192.0 139.1 160.2 120.9 202.4 166.3 95.9 204.9 102.6 173.9 164.6 150.8 104.0 287.4 213.4 81.8 53.7 86.9 181.7 157.2 68.9 110.8 124.4 87.5 78.7 223.1 76.2 89.8 189.8 192.1 114.2 86.5 96.6 162.9 79.4 169.9 147.2 154.9 184.6 87.7 211.3 161.7 159.1 195.5 207.5 177.9 135.2 150.6 19.9 98.5 162.4 28.8 206.9 134.4 103.0 107.3 49.2 167.0 123.6 129.1 152.8 121.6 152.2 114.4 182.9 221.3 170.5 122.3 161.3 304.8 185.0 174.1 142.0 184.8 102.4 117.8 58.6 248.6 137.1 177.1 193.8 107.4 141.9 175.2 132.7 165.9 272.3 211.4 226.7 36.3 115.6 63.1 86.3 56.8 154.6 232.0 135.1 71.4 96.2 35.2 220.9 118.7 72.3 127.8 267.6 83.2 123.4 210.2 200.2
1875.3 38.2 298.7 231.0 379.9 181.8 166.0 116.8 360.7 394.2 403.2 84.0 78.0 367.8 153.4 0.0 262.5 77.8 309.7 99.6 166.3 133.9 152.5 82.7 271.5 319.8 249.4 358.4 95.1 245.9 318.1 239.8 257.5 348.5 282.5 272.1 207.2 132.5 335.2 37.6 80.5 248.3 71.1 208.7 124.3 284.2 229.7 130.6 343.3 345.6 132.4 132.1 250.1 316.4 83.7 80.4 108.8 1.5 256.6 105.0 156.1 72.2 51.3 349.0 163.2 249.9 77.9 274.6 173.3 86.3 234.4 182.2 360.4 91.3 123.6 141.1 200.7 143.3 147.2 118.3 132.7 96.3 307.3 56.8 75.1 374.8 150.4 126.1 95.3 386.4 338.5 20.6 295.5 129.3 255.9 163.4 104.9 402.1 66.5 111.1 265.5 153.0 295.4 328.7 93.5 12.5 333.4 333.8 344.5 189.8 113.0 107.1 239.8 113.4 254.5 302.1 95.8 186.0 137.0 118.1 325.5 34.6 176.1 70.5 328.7 140.5 276.9 280.3 145.0
1753.3 205.7 36.1 256.2 153.5 97.6 116.0 264.6 160.2 107.6 152.2 172.6 207.2 187.9 100.3 244.0 0.0 193.8 164.5 150.2 267.9 239.5 260.6 210.3 161.7 103.6 19.5 71.8 186.9 138.9 132.9 116.3 75.7 202.8 172.7 202.7 43.9 196.3 159.0 257.6 176.1 240.7 224.8 184.8 179.1 139.0 74.7 190.2 167.1 52.0 214.6 186.9 68.3 131.2 179.8 270.6 256.6 245.5 111.4 188.7 311.7 262.1 257.0 112.0 305.4 104.7 235.6 117.6 80.4 198.9 88.4 71.5 184.2 234.8 120.0 129.1 149.6 267.4 224.0 227.0 253.2 222.0 125.5 213.1 272.3 88.2 270.9 155.9 265.2 177.3 162.3 264.7 113.7 285.2 100.9 214.3 158.8 112.1 237.5 277.5 155.4 216.8 79.5 67.9 200.2 256.5 191.2 188.7 195.0 63.1 132.6 173.8 84.8 170.4 139.9 156.9 235.5 119.6 196.6 130.1 189.2 209.3 105.9 228.2 198.1 100.2 97.4 133.8 300.6
1849.1 47.7 243.2 171.0 374.5 103.9 88.1 107.7 300.7 334.2 378.8 69.3 77.3 307.8 93.4 77.8 207.0 0.0 298.5 88.4 175.2 124.7 145.8 53.5 260.3 259.8 189.4 298.4 17.2 234.7 258.1 228.6 197.5 337.3 271.3 212.1 147.2 72.5 275.2 82.5 69.3 188.3 30.9 148.7 64.3 273.0 169.7 93.4 283.3 285.6 117.8 72.1 190.1 256.4 61.5 77.2 99.7 79.3 245.4 76.8 183.3 69.0 86.3 289.0 190.4 238.7 92.7 244.1 113.3 69.0 223.2 122.2 300.4 86.9 112.4 63.2 140.7 155.8 109.2 127.2 141.6 74.1 247.3 21.0 110.1 314.8 156.1 48.2 122.5 375.2 278.5 98.5 235.5 156.5 195.9 103.4 62.2 342.1 43.6 138.3 254.3 93.0 235.4 268.7 65.3 90.3 322.2 304.9 320.2 129.8 101.8 29.2 179.8 35.5 243.3 290.9 105.6 125.9 99.8 58.1 314.4 51.3 98.2 85.3 317.5 129.3 216.9 269.1 172.2
1698.8 277.1 180.4 378.9 70.1 206.8 222.6 394.7 83.4 137.7 93.4 235.5 346.3 47.1 239.4 315.4 168.7 304.2 0.0 219.7 421.6 378.6 399.7 293.9 82.1 105.7 149.5 144.3 293.4 120.5 88.7 94.4 214.8 38.7 93.1 334.4 183.0 326.4 55.4 353.1 238.5 363.4 335.2 316.5 318.2 24.7 213.8 329.3 71.6 164.2 353.7 326.0 207.4 73.1 318.9 381.5 386.7 316.9 131.2 272.3 450.8 373.3 332.1 134.9 437.1 124.5 374.7 97.6 219.5 338.0 109.0 210.6 54.5 373.9 191.4 247.5 283.1 406.5 363.1 368.6 392.3 361.1 264.6 325.2 355.9 160.7 410.0 253.4 400.8 76.6 109.1 336.1 252.8 424.3 240.0 357.3 298.1 102.5 347.9 416.6 108.5 346.9 138.4 146.4 283.8 327.9 23.6 29.2 34.7 202.2 204.0 281.5 223.9 275.2 127.9 81.0 374.6 251.3 335.7 274.7 20.9 280.7 212.5 367.3 18.9 171.6 119.6 59.2 439.7
1818.4 55.4 200.6 146.3 281.8 90.0 71.6 178.8 270.7 304.2 305.1 13.3 146.9 253.5 63.4 93.7 188.3 82.5 211.6 0.0 189.6 161.2 182.3 79.2 173.4 229.8 159.4 268.4 71.7 147.8 228.1 148.7 167.5 250.4 184.4 101.8 117.2 109.0 226.9 131.4 16.8 130.8 113.5 107.5 100.8 186.1 139.7 129.9 253.3 235.9 154.3 108.6 160.1 226.4 119.5 160.1 170.8 95.2 158.5 53.6 233.4 151.6 125.9 259.0 229.6 151.8 171.7 170.4 83.3 138.6 136.3 92.2 270.4 158.0 25.6 46.7 69.2 207.1 145.7 166.8 192.9 145.2 172.2 103.5 141.2 284.8 192.6 31.7 192.6 288.3 248.5 114.4 177.6 223.1 147.5 136.0 98.7 312.1 126.2 204.9 167.4 129.5 185.7 238.7 91.0 106.2 235.3 235.7 246.4 99.8 15.0 83.7 149.8 88.2 156.4 204.0 175.2 91.4 136.3 94.6 227.4 59.0 81.7 164.3 230.6 42.4 166.9 180.9 222.3
1990.4 171.9 285.9 100.5 403.3 247.7 247.4 98.1 408.9 357.4 402.0 197.6 121.1 404.3 201.7 170.7 263.2 167.3 432.3 228.1 0.0 56.4 55.0 194.8 394.1 368.0 291.8 321.6 176.5 368.5 349.3 344.0 247.8 457.6 405.1 156.0 238.4 102.4 383.4 123.0 193.5 104.3 154.5 117.6 93.5 406.8 249.1 116.7 391.5 301.8 76.2 126.7 255.2 347.6 148.0 136.0 73.0 152.1 379.2 218.1 42.5 110.4 199.1 397.2 15.4 372.5 82.7 357.7 204.5 112.3 356.2 227.7 408.6 75.5 253.7 234.3 243.0 70.7 69.7 81.6 56.5 88.3 220.8 166.2 166.7 338.0 65.3 190.4 92.5 427.1 386.7 150.0 229.9 89.3 226.0 145.4 150.3 370.9 141.8 80.2 388.1 83.7 343.6 317.7 189.5 158.2 459.0 413.1 411.4 238.0 243.1 189.6 240.2 193.0 356.3 424.7 101.8 169.9 110.5 171.9 405.6 192.6 256.0 73.0 451.3 266.9 325.1 401.6 46.3
1933.9 132.5 292.7 120.7 426.3 206.7 190.9 82.1 352.5 386.0 430.6 157.6 105.1 359.6 145.2 154.7 279.0 110.8 383.3 173.2 52.8 0.0 21.0 138.3 345.1 311.6 241.2 350.2 120.0 319.2 309.9 296.1 249.3 422.1 356.1 176.2 199.0 45.9 327.0 107.0 154.1 138.0 138.5 120.8 54.1 357.8 221.5 100.7 335.1 337.4 77.3 86.0 241.9 308.2 114.8 119.7 74.1 153.2 329.9 161.6 72.1 111.5 176.5 340.8 68.3 323.2 66.7 295.9 165.1 113.4 307.7 174.0 352.2 76.6 197.2 166.0 192.5 71.8 13.3 63.2 57.6 89.4 241.0 131.8 167.8 366.6 31.3 151.0 98.4 450.1 330.3 134.0 250.1 89.6 229.2 117.3 94.0 393.9 125.8 82.6 339.1 27.3 287.2 320.5 150.1 142.2 407.0 356.7 372.0 181.6 186.6 132.0 231.6 138.3 299.9 375.7 102.9 173.1 94.5 109.9 366.2 136.1 201.0 74.1 402.3 214.1 268.7 353.9 61.0
1952.8 151.4 311.6 137.1 445.2 225.6 209.8 78.5 371.4 404.9 449.5 176.5 101.5 378.5 164.1 151.1 297.9 129.7 402.2 192.1 69.2 18.8 0.0 157.2 364.0 330.5 260.1 369.1 138.9 338.1 328.8 315.0 268.2 441.0 375.0 192.6 217.9 64.8 345.9 103.4 173.0 154.4 134.9 139.7 73.0 376.7 240.4 97.1 354.0 356.3 73.7 104.9 260.8 327.1 128.4 116.1 70.5 149.6 348.8 180.5 51.0 107.9 180.7 359.7 58.1 342.1 63.1 314.8 184.0 109.8 326.6 192.9 371.1 73.0 216.1 184.9 211.4 68.2 32.1 59.6 54.0 85.8 257.4 144.9 164.2 385.5 10.2 169.9 77.3 469.0 349.2 130.4 266.5 70.6 248.1 136.2 112.9 412.8 122.2 61.5 358.0 46.1 306.1 339.4 169.0 138.6 425.9 375.6 390.9 200.5 205.5 150.9 250.5 157.2 318.8 394.6 99.3 192.0 90.9 128.8 385.1 155.0 219.9 70.5 421.2 233.0 287.6 372.8 39.9
1811.8 64.4 266.9 198.5 362.7 149.4 133.6 150.5 328.2 361.7 386.0 69.5 120.1 335.3 120.9 83.4 230.7 73.5 292.5 85.1 205.1 152.2 173.3 0.0 254.3 287.3 216.9 325.9 62.7 228.7 285.6 222.6 225.0 331.3 265.3 239.6 174.7 100.0 302.7 112.7 66.0 215.8 91.7 176.2 91.8 267.0 197.2 120.9 310.8 313.1 145.3 99.6 217.6 283.9 104.3 138.0 142.5 84.9 239.4 21.5 224.4 129.8 38.1 316.5 220.6 232.7 148.5 271.6 140.8 111.8 217.2 149.7 327.9 129.7 109.1 108.7 168.2 198.1 136.7 160.2 183.9 116.9 227.5 77.4 61.9 342.3 183.6 93.7 170.1 369.2 306.0 104.1 263.0 201.7 223.4 130.9 89.7 369.6 104.4 183.5 248.3 120.5 262.9 296.2 10.0 95.9 316.2 316.6 327.3 157.3 98.5 74.7 207.3 81.0 237.3 284.9 148.4 146.7 127.3 85.6 308.3 68.0 143.7 141.1 311.5 126.0 244.4 263.1 213.3
1674.7 248.8 134.1 353.9 142.2 175.9 194.3 362.3 118.3 133.8 178.4 206.7 313.9 113.9 207.0 287.1 141.8 277.9 72.0 207.4 396.6 346.2 367.3 240.6 0.0 59.4 121.2 98.0 267.1 97.9 75.7 66.1 182.4 110.8 10.9 309.4 150.6 294.0 92.8 310.7 210.2 338.4 308.9 291.5 285.8 46.5 181.4 296.9 100.9 117.9 321.3 293.6 175.0 74.0 286.5 353.8 354.3 288.6 88.3 237.5 418.4 345.3 284.6 88.6 412.1 94.3 342.3 69.3 187.1 305.6 108.2 178.2 118.0 341.5 163.1 232.7 255.2 374.1 330.7 333.8 359.9 328.7 232.2 297.4 299.9 114.4 377.6 217.7 359.6 148.7 96.1 309.4 220.4 391.9 207.6 321.0 265.7 141.8 321.6 375.4 75.1 314.5 117.6 118.9 232.4 299.6 98.7 96.1 106.8 169.8 175.7 252.1 191.5 246.9 99.6 64.4 342.2 226.3 303.3 236.8 87.8 252.4 184.2 334.9 91.0 143.3 91.3 41.3 407.3
1732.8 264.7 74.6 296.4 114.7 161.3 177.1 304.8 80.8 74.3 118.9 229.4 256.4 87.9 149.5 303.0 84.3 243.0 124.5 213.6 339.1 288.7 309.8 270.5 58.0 0.0 86.7 38.5 248.0 112.1 38.2 88.3 124.9 153.0 69.0 251.9 93.1 236.5 55.3 306.8 232.4 280.9 274.0 234.0 228.3 88.7 123.9 239.4 63.4 58.4 263.8 236.1 117.5 36.5 229.0 319.5 296.8 304.5 122.8 260.6 360.9 311.3 308.7 29.1 354.6 116.1 284.8 56.8 129.6 248.1 100.6 120.7 80.5 284.0 185.3 202.0 198.8 316.6 273.2 278.7 302.4 271.2 174.7 264.0 332.5 54.9 320.1 217.0 310.9 138.5 58.6 323.7 162.9 334.4 150.1 267.4 208.2 82.3 286.7 326.7 100.0 257.0 60.1 61.4 272.1 315.5 137.9 85.0 100.3 112.3 197.9 236.0 134.0 229.7 113.2 105.6 284.7 168.8 245.8 184.8 94.5 268.3 167.0 277.4 143.5 165.5 61.6 83.8 349.8
1733.7 186.1 55.3 270.7 172.7 80.6 96.4 292.4 130.8 126.8 171.4 144.0 248.7 143.2 141.8 224.4 19.1 184.6 174.5 130.6 313.4 281.0 302.1 190.7 126.0 89.9 0.0 91.0 167.3 97.5 88.2 65.9 77.7 207.6 137.0 226.2 45.9 228.8 105.3 262.1 147.5 255.2 215.6 208.3 220.6 119.4 76.7 231.7 113.4 71.2 256.1 228.4 70.3 86.5 221.3 262.2 284.4 225.9 108.2 169.1 353.2 253.7 237.4 119.1 328.9 101.5 277.1 74.2 121.9 240.4 85.2 113.0 130.5 271.6 100.4 121.3 174.9 308.9 265.5 268.5 294.7 258.8 107.2 203.9 252.7 107.4 312.4 136.3 306.7 196.5 108.6 245.1 95.4 326.7 102.9 259.7 200.5 140.3 228.3 319.0 117.4 249.3 65.5 87.1 180.6 236.9 192.5 135.0 150.3 103.3 113.0 154.2 86.8 149.0 78.2 155.6 277.0 143.1 238.1 177.1 144.5 189.7 86.3 269.7 193.5 80.6 47.0 132.5 342.1
1783.3 311.5 34.7 271.4 81.6 208.1 223.9 351.6 116.2 35.7 80.3 273.8 303.2 138.4 196.3 349.8 88.8 289.8 144.5 258.0 314.8 335.5 356.6 317.3 108.5 50.4 108.4 0.0 294.8 147.6 88.7 124.5 134.3 139.9 119.5 226.9 139.9 283.3 105.8 353.6 276.8 255.9 320.8 209.7 275.1 139.2 170.7 286.2 113.9 18.5 310.6 282.9 164.3 87.0 275.8 366.3 343.6 351.3 158.3 307.4 357.4 358.1 355.5 58.8 330.3 151.6 331.6 85.6 176.4 294.9 136.1 167.5 131.0 330.8 229.7 248.8 245.6 363.4 320.0 325.5 349.2 318.0 134.4 310.8 379.3 16.4 366.9 263.8 357.7 105.4 111.1 370.5 122.6 381.2 143.5 314.2 255.0 49.2 333.5 373.5 128.8 303.8 79.2 41.3 318.9 362.3 155.4 135.5 153.6 159.1 242.3 282.8 180.8 276.5 158.9 156.1 331.5 183.4 292.6 231.6 145.0 315.1 213.8 324.2 126.2 209.9 97.1 134.3 361.2
1824.0 56.9 232.4 160.2 363.7 86.6 70.8 125.0 289.9 323.4 368.0 52.0 94.6 297.0 82.6 95.1 196.2 17.2 292.1 97.6 166.8 113.9 135.0 62.7 253.9 249.0 178.6 287.6 0.0 228.3 247.3 233.5 186.7 330.9 264.9 201.3 136.4 61.7 264.4 99.8 55.0 177.5 48.2 137.9 53.5 266.6 158.9 82.6 272.5 274.8 107.0 61.3 179.3 245.6 72.2 94.5 117.0 96.6 239.0 73.8 186.1 86.3 100.9 278.2 182.3 232.3 110.0 233.3 102.5 86.3 216.8 111.4 289.6 104.2 121.6 45.9 129.9 159.8 98.4 121.9 145.6 91.4 189.4 38.2 124.7 304.0 145.3 30.9 139.8 368.8 267.7 115.8 224.7 173.8 185.1 92.6 51.4 331.3 60.9 155.6 247.9 82.2 224.6 257.9 74.5 107.6 315.8 294.1 309.4 119.0 111.0 12.0 169.0 18.3 236.9 284.5 122.9 108.6 89.0 47.3 303.6 60.5 80.9 102.6 311.1 126.7 206.1 262.7 175.0
1698.1 221.2 117.7 318.8 178.6 148.3 166.7 327.2 147.8 170.3 214.9 179.1 278.8 160.2 171.9 259.5 106.7 252.7 108.4 165.7 361.5 311.1 332.2 215.4 70.2 106.9 93.6 134.5 241.9 0.0 105.2 27.5 147.3 147.2 81.2 274.3 115.5 258.9 122.3 285.5 182.6 303.3 283.7 256.4 250.7 82.9 146.3 261.8 130.4 114.7 286.2 258.5 139.9 103.5 251.4 328.6 319.2 261.0 10.7 212.3 383.3 320.1 259.4 136.1 377.0 4.0 307.2 73.3 152.0 270.5 10.2 143.1 147.5 306.4 135.5 184.1 221.2 339.0 295.6 298.7 324.8 293.6 197.1 272.2 274.7 150.9 342.5 192.5 336.8 185.1 125.6 284.2 185.3 356.8 172.5 289.8 230.6 183.8 296.4 349.1 64.2 279.4 64.5 115.8 207.2 272.0 132.1 132.5 143.2 134.7 148.1 224.5 156.4 219.3 72.0 100.8 307.1 191.2 268.2 201.7 124.2 224.8 156.6 299.8 127.4 115.7 45.7 77.7 372.2
1745.4 273.1 103.0 304.8 116.3 169.7 185.5 313.2 42.5 102.7 133.9 249.7 264.8 54.9 157.9 311.4 92.7 251.4 86.2 236.3 347.5 297.1 318.2 278.9 84.4 28.3 95.1 66.9 256.4 120.5 0.0 88.9 133.3 119.3 95.4 260.3 101.5 244.9 44.3 315.2 253.2 289.3 282.4 242.4 236.7 94.7 132.3 247.8 25.1 86.8 272.2 244.5 125.9 25.5 237.4 328.2 305.2 312.9 131.2 269.0 369.3 319.7 325.6 57.5 363.0 124.5 293.2 65.2 138.0 256.5 108.2 129.1 42.2 292.4 206.1 202.9 207.2 325.0 281.6 284.6 310.8 279.6 183.1 272.4 340.9 83.3 328.5 225.4 322.8 140.1 20.3 332.1 171.3 342.8 158.5 275.8 216.6 83.9 295.1 335.1 108.4 265.4 68.5 69.8 280.5 323.9 104.2 74.0 62.0 120.7 218.7 243.3 142.4 238.1 121.6 94.6 293.1 177.2 254.2 193.2 83.5 276.7 175.4 285.8 105.2 186.3 70.0 72.8 358.2
1721.2 197.6 97.1 298.2 195.6 124.7 143.1 299.6 120.2 149.7 194.3 164.0 258.2 139.6 151.3 235.9 95.1 224.7 104.8 150.6 318.9 290.5 311.6 214.4 66.6 86.3 78.5 113.9 213.9 31.5 84.6 0.0 126.7 152.1 77.6 253.7 94.9 231.3 101.7 273.6 167.5 282.7 255.7 235.8 230.1 79.3 125.7 241.2 109.8 94.1 265.6 237.9 119.3 82.9 230.8 302.3 298.6 245.9 33.7 192.8 362.7 293.8 261.1 115.5 356.4 27.0 286.6 76.0 131.4 249.9 10.7 122.5 126.9 285.8 111.9 156.2 200.6 318.4 275.0 278.0 304.2 273.0 176.5 244.0 276.4 130.3 321.9 173.9 316.2 181.5 105.0 256.6 164.7 336.2 151.9 265.3 209.8 163.2 268.4 328.5 60.6 258.8 43.9 95.2 212.8 248.4 131.5 131.4 146.7 114.1 124.5 200.9 135.8 197.5 48.4 97.2 286.5 170.6 247.6 181.1 140.9 201.2 133.0 272.2 123.8 100.6 25.1 74.1 344.6
1817.7 211.8 89.3 204.7 206.7 108.4 124.2 251.9 195.2 160.8 205.4 188.9 203.5 202.3 96.6 250.1 75.6 190.1 238.9 173.1 248.1 235.8 256.9 217.6 190.4 154.3 83.9 125.0 195.1 161.9 152.6 138.8 0.0 272.0 201.4 160.2 40.2 183.6 169.7 253.9 191.9 189.2 221.1 143.0 175.4 218.2 71.0 186.5 177.8 105.2 210.9 183.2 7.3 150.9 176.1 266.6 243.9 251.6 172.6 207.7 290.7 258.4 255.8 183.5 263.6 165.9 231.9 138.6 76.7 195.2 150.4 67.8 194.9 231.1 144.8 149.1 145.9 263.7 220.3 225.8 249.5 218.3 49.7 211.1 279.6 141.4 267.2 164.1 258.0 230.5 173.0 270.8 37.9 281.5 76.8 214.5 155.3 174.3 233.8 273.8 181.8 204.1 129.9 163.2 219.2 262.6 256.9 199.4 214.7 59.4 157.4 183.1 81.1 176.8 142.6 220.0 231.8 115.9 192.9 131.9 208.9 215.4 114.1 224.5 257.9 125.0 111.4 198.2 294.5
1682.9 334.4 182.0 427.7 55.5 253.0 271.4 436.1 73.6 123.1 78.8 283.8 389.0 64.9 282.1 369.0 216.9 343.5 48.7 273.0 450.6 422.2 443.3 306.2 139.7 152.5 198.3 147.2 332.7 163.5 124.1 150.2 257.5 0.0 128.7 383.2 225.7 370.0 104.2 376.3 287.3 412.2 374.5 365.3 361.8 73.5 256.5 372.0 94.7 165.8 396.4 369.6 250.1 121.9 361.6 419.4 428.1 370.5 153.9 303.1 486.0 410.9 350.2 138.7 490.6 159.9 416.6 146.4 262.2 380.7 173.8 253.3 77.6 415.3 240.2 288.8 320.8 449.2 406.7 408.9 435.0 402.5 307.3 362.8 365.5 130.8 453.6 283.3 425.2 62.0 103.7 375.0 295.5 459.2 282.7 400.9 340.8 87.9 387.2 441.0 140.7 390.5 187.2 194.0 298.0 381.5 58.0 78.0 57.8 244.9 252.8 344.7 266.6 324.0 176.7 116.1 417.3 300.1 378.4 317.4 69.7 338.0 261.3 409.2 30.4 220.4 168.4 136.0 474.9
1663.7 257.8 145.1 364.9 153.2 198.4 214.2 359.5 129.3 144.8 189.4 218.2 324.9 136.4 218.0 292.4 152.8 266.9 83.0 198.0 398.5 345.6 366.7 229.6 10.9 70.4 138.1 109.0 256.1 86.9 86.7 77.1 193.4 121.8 0.0 320.4 161.6 293.4 103.8 299.7 221.2 349.4 297.9 302.5 285.2 57.5 192.4 307.9 111.9 128.9 332.3 293.0 186.0 85.0 297.5 342.5 351.5 293.9 77.3 226.5 409.4 334.3 265.1 99.6 414.0 83.3 340.0 80.3 198.1 316.6 97.2 189.2 129.0 338.7 174.1 221.7 244.2 385.1 330.1 347.2 370.9 325.9 243.2 286.4 288.9 125.4 377.0 206.7 348.6 159.7 107.1 298.4 231.4 382.6 218.6 324.3 276.7 152.8 310.6 364.4 64.1 313.9 128.6 129.9 221.4 304.9 106.7 107.1 117.8 180.8 186.7 268.1 202.5 220.7 110.6 75.4 353.2 237.3 314.3 253.3 98.8 261.4 204.1 332.6 102.0 154.3 102.3 53.6 398.3
1871.7 141.3 209.1 44.4 326.5 170.2 136.5 207.0 331.4 280.6 325.2 99.2 158.6 343.8 97.2 179.6 186.4 126.2 354.8 109.3 129.1 172.9 171.5 143.1 316.6 290.5 215.0 244.8 108.9 291.0 288.8 266.5 168.1 393.6 327.6 0.0 177.9 138.7 305.9 208.8 102.7 28.9 157.2 56.3 130.5 329.3 169.4 141.6 314.0 225.0 166.0 132.9 175.5 287.1 131.2 203.8 199.0 181.1 301.7 121.5 171.7 195.3 189.8 319.7 144.6 295.0 187.0 280.2 159.1 150.3 278.7 150.2 331.1 186.2 134.9 111.6 96.9 204.3 157.9 178.4 190.1 173.4 144.0 145.5 205.1 261.2 181.8 96.6 216.6 350.3 309.2 200.3 153.1 218.5 146.3 155.5 110.2 294.1 169.9 209.4 310.6 141.7 266.1 240.9 133.0 192.1 378.5 335.6 350.9 160.5 124.3 96.9 160.5 90.6 278.8 347.2 186.9 100.7 148.0 81.5 345.1 144.9 178.5 179.6 373.8 189.4 247.6 324.1 175.5
1775.9 171.5 95.9 203.2 227.2 65.5 83.9 211.6 153.4 186.9 231.5 148.1 163.2 165.8 56.3 209.8 59.7 149.8 197.1 134.7 245.9 195.5 216.6 177.3 148.6 112.5 42.1 151.1 154.8 120.1 110.8 88.5 50.2 230.2 159.6 158.7 0.0 143.3 127.9 213.6 151.6 187.7 180.8 140.8 135.1 176.4 30.7 146.2 136.0 138.3 170.6 142.9 42.8 109.1 135.8 226.6 203.6 211.3 130.8 167.4 267.7 218.1 224.0 141.7 261.4 124.1 191.6 96.8 36.4 154.9 107.8 27.5 153.1 190.8 104.5 97.0 105.6 223.4 180.0 192.3 209.2 178.0 100.0 169.1 239.3 167.5 226.9 123.8 217.7 251.0 131.2 230.5 88.2 241.2 56.9 170.3 114.8 194.8 193.5 233.5 140.0 163.8 88.1 121.4 178.9 222.3 218.1 157.6 172.9 19.1 117.1 141.7 40.8 136.5 100.8 178.2 191.5 75.6 152.6 91.6 167.1 175.1 73.8 184.2 216.1 84.7 69.6 155.1 256.6
1887.9 86.5 249.0 98.4 380.3 160.7 144.9 134.3 306.5 340.0 384.6 112.2 96.2 318.9 99.2 124.8 227.3 64.8 337.3 125.6 105.0 52.1 73.2 92.3 299.1 265.6 195.2 304.2 74.0 273.2 263.9 241.6 203.3 376.1 310.1 141.5 153.0 0.0 281.0 146.6 108.1 115.7 95.8 78.1 8.2 311.8 175.5 79.2 289.1 291.4 103.6 40.0 195.9 262.2 68.8 142.4 126.3 126.3 283.9 115.6 124.3 133.9 139.0 294.8 120.5 277.2 118.9 249.9 119.1 87.9 260.9 128.0 306.2 123.8 151.2 131.8 146.5 124.0 36.6 108.9 109.8 111.0 228.4 84.1 154.3 320.6 83.5 105.0 147.1 404.1 284.3 145.5 216.6 141.8 186.5 67.4 47.8 347.9 108.5 134.8 293.1 20.4 241.2 274.5 104.1 137.3 361.0 310.7 326.0 135.6 140.6 86.0 185.6 90.5 253.9 329.7 124.5 130.4 85.6 69.4 320.2 90.1 155.0 117.2 356.3 168.1 222.7 307.9 113.2
1730.4 293.7 129.0 330.8 149.6 195.7 211.5 339.2 75.8 128.7 167.2 252.1 290.8 82.9 183.9 332.0 118.7 277.4 71.8 236.3 373.5 323.1 344.2 304.9 110.4 54.3 121.1 92.9 282.4 146.5 33.2 111.0 159.3 110.6 121.4 286.3 127.5 270.9 0.0 341.2 255.1 315.3 308.4 268.4 262.7 71.4 158.3 273.8 58.4 112.8 298.2 270.5 151.9 17.6 263.4 353.9 331.2 333.5 157.2 288.9 395.3 345.7 343.1 83.5 389.0 150.5 319.2 91.2 164.0 282.5 135.0 155.1 75.5 318.4 208.0 236.4 233.2 351.0 307.6 313.1 336.8 305.6 209.1 298.4 366.9 109.3 354.5 251.4 345.3 173.4 53.6 352.7 197.3 368.8 184.5 301.8 242.6 117.2 321.1 361.1 134.4 291.4 94.5 95.8 300.4 344.5 95.5 29.7 95.3 146.7 220.6 270.4 168.4 264.1 147.6 79.6 319.1 203.2 280.2 219.2 39.2 297.3 201.4 311.8 90.8 188.2 96.0 57.8 384.2
1898.4 85.9 298.1 196.5 429.4 176.5 160.7 79.1 355.6 389.1 433.7 131.7 40.3 362.7 148.3 47.6 261.9 72.5 357.4 147.3 128.6 96.2 114.8 122.7 319.2 314.7 244.3 353.3 89.8 293.6 313.0 299.2 252.4 396.2 330.2 252.0 202.1 142.2 330.1 0.0 128.2 213.8 41.5 213.6 136.9 331.9 224.6 114.1 338.2 340.5 94.7 144.7 245.0 311.3 67.2 42.7 71.1 46.1 304.3 144.3 144.7 34.5 84.5 343.9 144.1 297.6 40.2 299.0 168.2 48.6 282.1 177.1 355.3 53.6 171.3 135.8 195.6 109.2 109.5 80.6 95.0 66.4 302.2 51.5 60.7 369.7 125.1 120.8 83.9 434.1 333.4 26.9 290.4 117.9 250.8 176.0 88.4 397.0 28.8 99.7 313.2 123.5 290.3 323.6 132.8 35.1 381.1 359.8 375.1 184.7 160.7 101.8 234.7 108.1 302.2 349.8 58.1 194.3 111.9 113.0 369.3 82.3 170.8 32.8 376.4 188.2 271.8 328.0 133.6
1797.8 38.5 218.1 190.6 299.3 116.3 125.7 161.9 294.5 308.9 322.6 4.0 130.0 271.0 113.0 76.8 181.9 65.6 229.1 17.4 172.7 144.3 165.4 62.3 190.9 234.5 183.2 273.1 54.8 165.3 251.9 166.2 191.3 267.9 201.9 115.8 141.0 92.1 244.4 114.5 0.0 207.9 96.6 168.3 83.9 203.6 163.5 113.0 277.1 253.4 137.4 91.7 183.9 250.2 102.6 143.2 153.9 78.3 176.0 47.6 216.5 134.7 109.0 263.7 212.7 169.3 154.8 194.0 132.9 121.7 153.8 133.3 294.2 141.1 43.0 108.3 83.2 190.2 128.8 152.3 176.0 128.3 186.2 84.9 124.3 289.5 175.7 85.8 172.2 305.8 272.3 97.5 225.2 206.2 189.7 123.0 81.6 316.9 109.3 188.0 184.9 112.6 203.2 242.8 59.1 89.3 252.8 253.2 263.9 123.6 32.4 66.8 173.6 73.1 173.9 221.5 158.3 105.4 119.4 83.2 244.9 42.1 124.6 147.4 248.1 59.9 184.4 198.4 205.4
1901.8 171.4 221.4 15.5 338.8 179.6 198.0 185.6 340.8 292.9 337.5 129.3 188.7 353.2 127.3 209.7 198.7 156.3 364.2 139.4 89.2 143.9 142.5 173.2 326.0 299.9 227.3 257.1 139.0 300.4 298.2 275.9 179.7 403.0 337.0 38.1 187.3 120.6 315.3 210.5 132.8 0.0 187.3 57.4 128.8 338.7 181.0 171.7 323.4 237.3 180.8 130.0 187.1 296.5 161.3 223.5 177.6 211.2 311.1 151.6 142.7 215.0 219.9 329.1 115.6 304.4 170.2 289.6 168.5 180.4 288.9 159.6 340.5 180.1 165.0 153.5 127.0 175.3 134.0 160.2 161.1 192.9 165.1 177.3 235.2 273.5 152.8 126.7 192.7 362.6 318.6 230.4 174.2 189.5 157.9 152.6 140.3 306.4 200.0 180.4 320.0 117.8 275.5 253.2 163.1 222.2 387.9 345.0 360.3 169.9 154.4 125.9 172.1 120.7 288.2 356.6 206.4 101.8 178.1 117.1 354.5 175.0 187.9 177.6 383.2 198.8 257.0 333.5 146.5
1880.1 64.5 274.2 202.0 405.5 134.9 119.1 100.6 331.7 365.2 409.8 100.3 61.8 338.8 124.4 51.1 238.0 30.9 329.5 119.4 150.1 117.7 136.3 84.5 291.3 290.8 220.4 329.4 48.2 265.7 289.1 259.6 228.5 368.3 302.3 243.1 178.2 103.5 306.2 51.5 100.3 219.3 0.0 179.7 95.3 304.0 200.7 101.7 314.3 316.6 116.2 103.1 221.1 287.4 54.8 46.2 92.6 52.6 276.4 107.8 152.3 38.0 59.6 320.0 159.4 269.7 61.7 275.1 144.3 62.3 254.2 153.2 331.4 75.1 143.4 94.2 171.7 130.7 131.0 102.1 116.5 67.4 278.3 9.9 83.4 345.8 146.6 79.2 91.5 406.2 309.5 71.8 266.5 125.5 226.9 134.4 76.0 373.1 12.7 107.3 285.3 124.0 266.4 299.7 96.3 63.6 353.2 335.9 351.2 160.8 132.8 60.2 210.8 66.5 274.3 321.9 79.6 156.9 108.1 89.1 345.4 60.9 129.2 54.3 348.5 160.3 247.9 300.1 141.2
1870.2 139.8 171.8 88.7 289.2 132.6 148.4 190.5 291.2 243.3 287.9 98.2 157.1 298.3 138.8 178.1 158.1 124.7 314.6 109.4 105.0 117.0 138.1 141.6 276.4 250.3 177.7 207.5 107.4 250.8 248.6 234.8 130.1 353.4 287.4 63.3 137.7 88.1 265.7 207.3 101.2 75.2 155.7 0.0 96.3 289.1 131.4 140.1 273.8 187.7 164.5 76.5 137.5 246.9 129.7 202.0 182.5 179.6 261.5 120.0 147.6 193.8 179.8 279.5 120.5 254.8 175.1 234.6 118.9 148.8 239.3 110.0 290.9 184.7 169.0 110.1 125.3 180.2 101.5 171.6 166.0 171.9 150.2 145.7 203.6 223.9 148.4 95.1 201.1 313.0 269.0 198.8 138.4 194.4 108.3 99.1 108.9 256.8 168.4 185.3 270.4 85.3 225.9 203.6 131.5 190.6 338.3 295.4 310.7 120.3 122.8 95.4 122.5 89.1 238.6 307.0 185.4 52.2 146.5 85.5 304.9 143.4 138.3 178.1 333.6 149.2 207.4 285.2 151.4
1879.7 78.3 240.8 106.6 372.1 152.5 136.7 136.4 298.3 331.8 376.4 104.0 88.0 310.7 91.0 116.6 235.5 56.6 329.1 117.4 88.7 60.3 81.4 84.1 290.9 257.4 187.0 296.0 65.8 265.0 255.7 241.9 195.1 367.9 301.9 149.7 144.8 8.2 272.8 138.4 99.9 123.9 87.6 86.3 0.0 303.6 167.3 71.0 280.9 283.2 95.4 31.8 187.7 254.0 60.6 134.2 128.4 118.1 275.7 107.4 132.5 125.7 130.8 286.6 128.7 269.0 116.4 241.7 110.9 79.7 252.7 119.8 298.0 115.6 143.0 111.8 138.3 132.2 44.8 107.8 118.0 102.8 236.6 75.9 146.1 312.4 91.7 96.8 146.0 395.9 276.1 137.3 224.8 150.0 193.5 59.2 39.6 339.7 100.3 143.0 284.9 28.6 233.0 266.3 95.9 129.1 352.8 302.5 317.8 127.4 132.4 77.8 177.4 82.3 245.7 321.5 116.3 138.6 77.4 61.2 312.0 81.9 146.8 109.0 348.1 159.9 214.5 298.4 121.4
1661.8 252.3 155.6 354.1 95.6 182.0 197.8 375.7 108.9 155.3 118.9 210.7 327.9 72.6 221.0 290.6 143.9 279.4 25.4 194.9 396.8 358.1 379.2 269.1 57.3 80.9 124.7 119.5 268.6 95.7 83.0 69.6 196.4 64.2 68.3 309.6 164.6 305.9 59.1 328.3 213.7 338.6 310.4 291.7 297.7 0.0 195.4 310.9 108.2 139.4 335.3 305.5 189.0 67.4 300.5 356.7 367.7 292.1 106.4 247.5 430.3 348.5 307.3 110.1 412.3 99.7 356.3 72.8 201.1 319.6 84.2 192.2 80.0 354.9 166.6 222.7 258.3 388.1 342.6 350.2 373.9 342.1 246.2 300.4 331.1 135.9 389.5 228.6 382.4 102.1 103.4 311.3 234.4 405.9 221.6 336.8 279.7 128.0 323.1 398.2 83.7 326.4 113.6 121.6 259.0 303.1 49.1 49.5 60.2 183.8 179.2 256.7 205.5 250.4 103.1 56.2 356.2 226.5 317.3 256.3 41.2 255.9 187.7 348.9 44.4 146.8 94.8 34.4 419.2
1814.7 182.0 126.5 210.9 266.0 78.6 94.4 222.1 192.2 225.7 270.3 159.1 173.7 199.3 66.8 220.3 112.8 160.3 235.9 143.3 254.3 206.0 227.1 187.8 187.4 151.3 80.9 189.9 165.3 158.9 149.6 135.8 84.8 269.0 198.4 166.4 38.7 153.8 166.7 224.1 162.1 195.4 191.3 149.2 145.6 215.2 0.0 156.7 174.8 177.1 181.1 153.4 81.6 147.9 146.3 236.8 214.1 221.8 169.6 177.9 278.2 228.6 226.0 180.5 269.8 162.9 202.1 135.6 46.9 165.4 147.4 38.0 191.9 201.3 115.0 119.3 116.1 233.9 190.5 196.0 219.7 188.5 104.9 181.3 249.8 206.3 237.4 134.3 228.2 289.8 170.0 241.0 93.1 251.7 26.2 184.7 125.5 233.6 204.0 244.0 178.8 174.3 126.9 160.2 189.4 232.8 253.9 196.4 211.7 29.6 127.6 153.3 10.1 147.0 139.6 217.0 202.0 86.1 163.1 102.1 205.9 185.6 84.3 194.7 254.9 95.2 108.4 195.2 267.1
1907.7 106.3 250.8 182.4 382.1 167.7 164.7 105.4 308.3 341.8 386.4 121.5 63.8 315.4 101.0 120.7 214.6 84.6 349.7 147.0 114.5 82.1 100.7 112.1 303.5 267.4 197.0 306.0 93.8 275.0 265.7 251.9 205.1 388.5 314.5 237.7 154.8 98.1 282.8 114.2 124.5 199.7 91.8 174.3 89.9 324.2 177.3 0.0 290.9 293.2 24.4 97.7 197.7 264.0 36.4 126.9 97.4 122.2 285.7 135.4 139.8 118.7 129.2 296.6 130.0 279.0 90.0 251.7 120.9 55.5 263.5 129.8 308.0 91.4 171.0 139.8 148.3 77.1 95.4 39.3 62.9 78.6 254.9 97.5 153.0 322.4 111.0 124.8 118.3 405.9 286.1 141.2 243.1 94.9 203.5 129.0 41.1 349.7 104.5 123.9 294.9 109.4 243.0 276.3 123.9 133.2 373.4 312.5 327.8 137.4 160.4 105.8 187.4 112.1 255.7 333.1 92.1 147.0 6.4 65.7 322.0 109.9 173.4 84.8 368.7 184.3 224.5 311.3 128.7
1747.8 308.3 138.2 340.0 122.0 204.9 220.7 348.4 48.2 133.1 139.6 285.4 300.0 24.4 193.1 346.6 127.9 286.6 61.0 269.6 382.7 332.3 353.4 314.1 119.6 63.5 130.3 102.1 291.6 155.7 35.1 132.6 168.5 94.1 130.6 295.5 136.7 280.1 79.5 350.4 288.4 324.5 317.6 277.6 271.9 85.8 167.5 283.0 0.0 122.0 307.4 279.7 161.1 60.7 272.6 363.1 340.4 348.1 166.4 304.2 404.5 354.9 352.3 92.7 398.2 159.7 328.4 100.4 173.2 291.7 144.2 164.3 17.0 327.6 241.3 245.6 242.4 360.2 316.8 322.3 346.0 314.8 218.3 307.6 376.1 118.5 363.7 260.6 354.5 145.8 26.0 367.3 206.5 378.0 193.7 311.0 251.8 89.6 330.3 370.3 143.6 300.6 103.7 105.0 315.7 359.1 79.0 90.3 36.8 155.9 253.9 279.6 177.6 273.3 156.8 129.8 328.3 212.4 289.4 228.4 82.0 311.9 210.6 321.0 74.3 221.5 105.2 108.0 393.4
1777.4 286.0 16.1 252.8 101.4 182.6 198.4 326.1 117.1 55.5 100.1 248.3 277.7 139.5 170.8 324.3 105.6 264.3 164.3 232.5 296.2 310.0 331.1 291.8 109.6 51.5 89.8 19.7 269.3 133.4 89.8 107.2 146.2 159.7 120.6 208.3 114.4 257.8 106.9 328.1 251.3 237.3 295.3 191.1 249.6 140.0 145.2 260.7 115.0 0.0 285.1 257.4 138.8 88.1 250.3 340.8 318.1 325.8 144.1 281.9 382.2 332.6 330.0 59.9 311.7 137.4 306.1 60.1 150.9 269.4 121.9 142.0 132.1 305.3 204.2 223.3 220.1 337.9 294.5 300.0 323.7 292.5 115.8 285.3 353.8 36.1 341.4 238.3 332.2 125.2 110.2 345.0 104.0 355.7 124.9 288.7 229.5 69.0 308.0 348.0 103.3 278.3 60.6 15.8 293.4 336.8 175.2 136.6 151.9 133.6 216.8 257.3 155.3 251.0 134.5 157.2 306.0 190.1 267.1 206.1 146.1 289.6 188.3 298.7 146.0 184.4 82.9 135.4 371.1
1931.1 129.7 274.2 158.0 405.5 188.5 188.1 81.0 331.7 365.2 409.8 144.4 87.2 344.1 124.4 144.1 291.1 108.0 373.1 168.8 65.6 57.7 76.3 135.5 326.9 290.8 220.4 329.4 117.2 298.4 289.1 266.8 228.5 411.9 337.9 213.5 178.2 103.7 306.2 105.9 147.9 175.3 115.2 175.1 111.9 347.6 200.7 23.3 314.3 316.6 0.0 121.1 221.1 287.4 59.8 118.9 73.0 145.6 309.1 158.8 115.4 110.4 161.1 320.0 105.6 302.4 65.6 280.5 144.3 78.9 286.9 153.2 331.4 75.5 194.4 170.7 171.7 52.7 71.0 12.3 38.5 88.3 278.3 120.9 166.7 345.8 86.6 148.2 115.3 429.3 309.5 132.9 266.5 70.5 226.9 152.4 64.5 373.1 124.7 99.5 318.3 85.0 266.4 299.7 147.3 141.1 396.8 335.9 351.2 160.8 183.8 129.2 210.8 133.7 279.1 356.5 101.8 170.4 17.2 89.1 345.4 133.3 196.8 73.0 392.1 207.7 247.9 333.4 104.3
1897.5 96.1 248.4 117.8 389.9 170.3 154.5 154.2 316.1 349.6 394.2 121.2 105.8 323.2 108.8 134.4 234.7 74.4 346.9 136.8 134.1 82.2 103.3 101.9 308.7 275.2 204.8 313.8 83.6 282.8 273.5 259.7 206.7 385.7 319.7 139.9 162.6 30.0 290.6 156.2 117.7 135.1 105.4 76.5 21.8 321.4 185.1 88.8 298.7 301.0 113.2 0.0 205.5 271.8 78.4 151.7 146.2 135.9 293.5 125.2 154.4 143.5 140.1 304.4 149.6 286.8 134.2 259.5 128.7 97.5 271.3 137.6 315.8 133.4 160.8 129.6 156.1 154.1 66.7 128.1 139.9 120.6 226.8 95.4 163.9 330.2 113.6 114.6 160.3 413.7 293.9 155.1 215.0 171.9 184.9 31.2 57.6 357.5 118.1 164.9 302.7 50.5 250.8 284.1 113.7 146.9 370.6 320.3 335.6 145.2 150.2 95.6 195.2 101.9 263.5 339.3 134.1 128.8 95.2 73.5 329.8 99.7 164.6 126.8 365.9 177.7 232.3 317.5 143.3
1810.3 204.4 96.7 212.1 214.1 101.0 116.8 244.5 187.8 168.2 212.8 181.5 196.1 194.9 89.2 242.7 83.0 182.7 231.5 165.7 255.5 228.4 249.5 210.2 183.0 146.9 76.5 132.4 187.7 154.5 145.2 131.4 7.3 264.6 194.0 167.6 32.8 176.2 162.3 246.5 184.5 196.6 213.7 150.4 168.0 210.8 63.6 179.1 170.4 112.6 203.5 175.8 0.0 143.5 168.7 259.2 236.5 244.2 165.2 200.3 298.1 251.0 248.4 176.1 271.0 158.5 224.5 131.2 69.3 187.8 143.0 60.4 187.5 223.7 137.4 141.7 138.5 256.3 212.9 218.4 242.1 210.9 57.1 203.7 272.2 148.8 259.8 156.7 250.6 237.9 165.6 263.4 45.3 274.1 84.2 207.1 147.9 181.7 226.4 266.4 174.4 196.7 122.5 155.8 211.8 255.2 249.5 192.0 207.3 52.0 150.0 175.7 73.7 169.4 135.2 212.6 224.4 108.5 185.5 124.5 201.5 208.0 106.7 217.1 250.5 117.6 104.0 190.8 289.5
1719.8 281.4 111.3 313.1 131.9 178.0 193.8 321.5 58.1 111.0 149.5 241.0 273.1 70.5 166.2 319.7 101.0 259.7 101.8 227.6 355.8 305.4 326.5 287.2 92.7 36.6 103.4 75.2 264.7 128.8 15.5 97.2 141.6 129.4 103.7 268.6 109.8 253.2 18.7 323.5 244.5 297.6 290.7 250.7 245.0 69.1 140.6 256.1 40.7 95.1 280.5 252.8 134.2 0.0 245.7 336.5 313.5 321.2 139.5 277.3 377.6 328.0 333.9 65.8 371.3 132.8 301.5 73.5 146.3 264.8 116.5 137.4 57.8 300.7 197.4 218.7 215.5 333.3 289.9 292.9 319.1 287.9 191.4 280.7 349.2 91.6 336.8 233.7 331.1 155.7 35.9 340.4 179.6 351.1 166.8 280.2 224.9 99.5 303.4 343.4 116.7 273.7 76.8 78.1 288.8 332.2 114.3 48.4 77.6 129.0 210.0 251.6 150.7 248.2 129.9 69.0 301.4 185.5 262.5 201.5 57.9 285.0 183.7 294.1 120.8 177.6 78.3 45.9 366.5
1887.7 86.3 230.8 176.6 362.1 147.7 144.7 75.7 288.3 321.8 366.4 101.5 27.3 295.4 81.0 84.2 194.6 64.6 329.7 127.0 143.2 110.8 129.4 92.1 283.5 247.4 177.0 286.0 73.8 255.0 245.7 231.9 185.1 368.5 294.5 217.7 134.8 78.1 262.8 77.7 104.5 193.9 55.3 154.3 69.9 304.2 157.3 46.8 270.9 273.2 71.2 77.7 177.7 244.0 0.0 90.4 67.7 85.7 265.7 115.4 142.6 82.2 92.7 276.6 149.7 259.0 55.7 231.7 100.9 19.0 243.5 109.8 288.0 54.9 151.0 119.8 128.3 123.8 114.8 86.1 109.6 42.1 234.9 61.0 116.5 302.4 136.9 104.8 81.8 385.9 266.1 104.7 223.1 115.8 183.5 109.0 21.1 329.7 68.0 97.6 274.9 98.6 223.0 256.3 103.9 96.7 353.4 292.5 307.8 117.4 140.4 85.8 167.4 92.1 235.7 313.1 55.6 127.0 53.2 45.7 302.0 89.9 153.4 48.3 348.7 164.3 204.5 291.3 131.5
1880.4 111.1 320.8 219.5 452.1 181.5 165.7 80.6 378.3 411.8 456.4 146.4 63.3 390.7 171.0 80.7 337.7 77.5 376.1 164.4 132.3 119.2 109.2 131.1 337.9 337.4 267.0 376.0 94.8 312.3 335.7 306.2 275.1 414.9 348.9 265.2 224.8 150.1 352.8 33.0 146.9 236.8 46.5 226.3 141.9 350.6 247.3 137.1 360.9 363.2 117.7 149.7 267.7 334.0 90.2 0.0 87.7 79.2 323.0 154.4 105.7 8.4 109.1 366.6 112.8 316.3 63.2 321.7 190.9 71.6 300.8 199.8 378.0 76.6 190.0 140.8 218.3 92.9 132.5 97.1 103.5 89.4 300.6 58.2 93.8 392.4 100.0 125.8 44.9 452.8 356.1 60.0 309.7 78.9 273.5 177.1 111.4 419.7 33.8 60.7 331.9 146.5 313.0 346.3 142.9 68.2 402.8 382.5 397.8 207.4 179.4 107.9 257.4 111.3 320.9 368.5 58.6 203.5 134.9 135.7 392.0 107.5 175.8 55.8 395.1 206.9 294.5 346.7 94.6
1943.2 124.1 306.9 172.4 438.2 212.5 196.7 8.0 364.4 397.9 442.5 170.5 58.0 376.8 157.1 107.6 323.8 108.5 395.6 183.9 104.5 72.1 89.4 151.3 357.4 323.5 253.1 362.1 125.8 331.1 321.8 299.5 261.2 434.4 368.4 227.9 210.9 118.1 338.9 59.9 166.4 189.7 81.8 189.5 126.3 370.1 233.4 94.0 347.0 349.3 70.6 153.8 253.8 320.1 76.0 72.9 0.0 106.1 341.8 172.9 85.9 64.4 127.7 352.7 93.0 335.1 19.6 313.2 177.0 63.5 318.8 185.9 364.1 11.5 209.5 171.8 204.4 73.1 85.4 56.5 70.9 24.3 292.7 89.2 120.7 378.5 80.2 156.8 58.4 462.0 342.2 86.9 299.2 59.1 259.6 185.1 97.2 405.8 78.7 40.9 351.0 99.4 299.1 332.4 161.4 95.1 419.3 368.6 383.9 193.5 198.9 137.8 243.5 144.1 311.8 388.0 55.8 241.8 87.8 121.8 378.1 120.5 206.8 27.0 414.6 226.4 280.6 364.9 74.8
1876.8 39.7 300.2 232.5 381.4 185.9 167.5 115.3 362.2 395.7 404.7 86.1 76.5 353.1 154.9 1.5 264.0 79.3 311.2 99.5 140.3 132.4 151.0 84.2 273.0 321.3 250.9 359.9 96.6 247.4 319.6 248.3 259.0 350.0 284.0 273.6 208.7 134.0 336.7 36.1 82.0 249.8 72.6 210.2 125.8 285.7 231.2 132.1 344.8 347.1 130.9 133.6 251.6 317.9 85.2 79.2 107.3 0.0 258.1 106.5 154.6 70.7 61.3 350.5 161.7 251.4 76.4 276.1 174.8 84.8 235.9 183.7 361.9 89.8 125.1 154.4 202.2 141.8 145.7 119.2 131.2 97.8 308.8 58.3 76.6 376.3 148.9 127.6 97.3 387.9 340.0 19.1 297.0 127.8 257.4 161.0 106.4 403.6 65.0 109.6 267.0 154.5 296.9 330.2 95.0 11.0 337.9 335.3 346.0 191.3 114.5 108.6 241.3 113.1 256.0 303.6 94.3 187.5 138.5 125.1 327.0 36.1 177.6 69.0 330.2 142.0 278.4 280.5 143.5
1687.4 232.9 127.3 328.4 188.2 173.5 189.3 334.6 157.4 179.9 224.5 189.2 288.4 164.5 181.5 267.5 116.3 242.0 118.0 173.1 371.1 320.7 341.8 204.7 79.8 116.5 113.2 144.1 231.2 9.5 114.8 30.1 156.9 156.8 90.8 283.9 125.1 268.5 131.9 274.8 192.2 312.9 273.0 266.0 260.3 92.5 155.9 271.4 140.0 124.3 295.8 268.1 149.5 113.1 261.0 317.6 326.6 269.0 0.0 201.6 384.5 309.4 240.2 145.7 386.6 5.9 315.1 82.9 161.6 280.1 19.8 152.7 157.1 313.8 145.1 196.8 219.3 348.6 305.2 310.7 334.4 301.0 206.7 261.5 264.0 160.5 352.1 181.8 323.7 194.7 135.2 273.5 194.9 357.7 182.1 299.4 240.2 193.4 285.7 339.5 73.8 289.0 74.1 125.4 196.5 280.0 141.7 142.1 152.8 144.3 157.7 243.2 166.0 195.8 89.5 110.4 316.7 200.8 277.8 216.8 133.8 236.5 179.2 307.7 137.0 125.3 55.3 88.6 373.4
1792.6 67.7 245.3 201.8 341.1 142.7 136.9 172.1 318.3 351.8 364.4 72.8 141.2 325.4 124.2 105.0 209.1 76.8 270.9 88.4 208.4 155.5 176.6 21.5 232.7 277.4 207.0 316.0 66.0 207.1 275.7 201.0 215.1 309.7 243.7 135.5 164.8 103.3 292.8 134.3 69.3 219.1 107.8 179.5 95.1 245.4 187.3 124.2 300.9 303.2 148.6 102.9 207.7 274.0 113.8 154.1 164.1 106.5 217.8 0.0 227.7 145.9 59.7 306.6 223.9 211.1 169.6 235.8 144.1 132.9 195.6 153.0 318.0 151.3 112.4 112.0 102.9 201.4 140.0 163.5 187.2 138.5 205.9 97.8 83.5 332.4 186.9 97.0 191.7 347.6 296.1 125.7 249.0 219.2 213.5 134.2 93.0 359.7 120.5 205.1 226.7 123.8 253.0 286.3 11.4 117.5 294.6 295.0 305.7 147.4 101.8 78.0 197.4 84.3 215.7 263.3 169.5 125.1 130.6 88.9 286.7 71.3 147.0 162.2 289.9 125.5 234.5 241.5 216.6
1931.7 209.4 274.0 154.4 391.4 283.6 267.8 83.1 429.4 345.5 390.1 234.5 124.4 436.5 222.1 172.3 260.3 187.7 460.2 250.1 53.8 76.8 57.9 215.2 422.0 341.5 279.9 309.7 196.9 396.1 386.8 373.0 252.0 499.0 433.0 173.5 275.9 122.8 403.9 144.3 231.0 171.7 161.7 171.5 131.0 434.7 261.7 136.1 412.0 289.9 112.7 162.9 259.4 385.1 151.3 115.4 90.2 170.8 406.8 238.5 0.0 123.6 199.8 349.9 34.3 400.1 109.9 372.8 242.0 132.7 384.6 250.9 429.1 101.8 274.1 242.9 269.4 68.0 90.1 98.6 78.6 114.6 208.9 171.7 176.0 326.1 48.7 227.9 60.7 415.2 407.2 151.6 218.0 54.0 238.6 194.2 170.9 359.0 149.0 44.9 416.0 104.1 317.4 305.8 227.0 159.8 483.9 433.6 448.9 258.5 263.5 208.9 252.8 215.2 376.8 452.6 96.1 223.8 129.9 186.8 443.1 207.0 277.9 117.3 479.2 291.0 345.6 430.8 11.0
1918.2 102.6 312.3 211.0 443.6 173.0 157.2 89.1 369.8 403.3 447.9 137.9 54.8 382.2 162.5 72.2 329.2 69.0 367.6 155.9 140.8 110.7 117.7 122.6 329.4 328.9 258.5 367.5 86.3 303.8 327.2 304.9 266.6 406.4 340.4 266.5 216.3 141.6 344.3 24.5 138.4 228.3 38.0 217.8 133.4 342.1 238.8 128.6 352.4 354.7 109.2 141.2 259.2 325.5 81.7 8.4 85.6 70.7 314.5 145.9 114.2 0.0 100.6 358.1 121.3 307.8 54.7 313.2 182.4 63.1 291.5 191.3 369.5 68.1 181.5 144.1 209.8 101.4 124.0 88.6 109.5 80.9 309.1 48.0 85.3 383.9 108.5 117.3 56.9 444.3 347.6 51.5 304.6 87.4 265.0 168.6 102.9 411.2 25.3 69.2 323.4 138.0 304.5 337.8 134.4 59.7 394.3 374.0 389.3 198.9 170.9 98.3 248.9 104.6 312.4 360.0 67.1 195.0 126.4 132.7 383.5 99.0 167.3 47.3 386.6 198.4 286.0 336.9 103.1
1856.5 73.2 313.6 245.2 409.4 196.1 180.3 145.2 374.9 408.4 432.7 116.8 106.4 387.3 167.6 79.8 328.0 94.8 339.2 130.2 194.7 162.3 180.9 46.6 301.0 334.0 263.6 372.6 109.4 275.4 332.3 269.3 271.7 378.0 312.0 286.3 221.4 146.7 349.4 66.0 112.7 262.5 88.1 222.9 138.5 313.7 243.9 147.6 357.5 359.8 160.8 146.3 264.3 330.6 100.7 109.1 137.2 81.3 286.1 68.2 184.2 100.6 0.0 363.2 191.3 279.4 106.3 298.0 187.5 108.2 263.9 196.4 374.6 119.7 155.8 162.9 214.9 171.4 175.6 140.2 161.1 113.3 274.2 73.8 15.2 389.0 178.5 140.4 123.4 415.9 352.7 64.7 309.7 157.4 270.1 173.7 121.9 416.3 94.9 139.2 295.0 167.2 309.6 342.9 56.7 72.9 362.9 363.3 374.0 204.0 145.2 121.4 254.0 125.9 284.0 331.6 124.2 193.4 154.0 132.3 355.0 69.6 190.4 98.9 358.2 172.7 291.1 308.5 173.1
1773.9 305.8 74.9 337.5 85.5 202.4 218.2 345.9 57.1 74.6 103.1 270.5 297.5 112.6 190.6 344.1 125.4 284.1 138.1 254.7 380.2 329.8 350.9 311.6 99.1 41.0 127.8 38.8 289.1 153.2 72.4 129.4 166.0 138.3 110.1 293.0 134.2 277.6 96.4 347.9 273.5 322.0 315.1 275.1 269.4 129.8 165.0 280.5 88.1 58.7 304.9 277.2 158.6 77.6 270.1 360.6 337.9 345.6 163.9 301.7 402.0 352.4 349.8 0.0 395.7 157.2 325.9 97.9 170.7 289.2 141.7 161.8 105.2 325.1 226.4 243.1 239.9 357.7 314.3 319.8 343.5 312.3 215.8 305.1 373.6 55.2 361.2 258.1 352.0 109.3 52.0 364.8 204.0 375.5 191.2 308.5 249.3 53.1 327.8 367.8 141.1 298.1 101.2 102.5 313.2 356.6 149.0 126.1 125.0 153.4 239.0 277.1 175.1 270.8 154.3 146.7 325.8 209.9 286.9 225.9 135.6 309.4 208.1 318.5 119.8 206.6 102.7 124.9 390.9
1951.5 208.5 301.1 120.0 418.5 269.8 266.9 102.9 428.4 372.6 417.2 233.6 140.6 435.5 221.2 190.2 287.4 186.8 451.8 249.2 19.5 75.9 74.5 214.3 413.6 387.5 307.0 336.8 196.0 388.0 385.8 372.0 267.3 490.6 424.6 175.5 274.9 121.9 402.9 142.5 230.1 137.3 174.0 137.1 130.1 426.3 268.6 136.2 411.0 317.0 112.8 146.2 274.7 384.1 167.5 135.2 109.6 188.7 398.7 237.6 27.0 143.4 219.6 416.7 0.0 392.0 102.2 371.8 241.1 148.9 376.5 247.2 428.1 112.1 273.2 242.0 262.5 87.8 89.2 98.7 93.1 124.9 236.0 184.0 195.8 353.2 68.5 227.0 80.5 442.3 406.2 169.5 245.1 73.8 245.5 168.8 170.0 386.1 161.3 64.7 407.6 103.2 363.1 332.9 226.1 177.7 475.5 432.6 447.9 257.5 262.6 208.0 259.7 214.3 375.8 444.2 115.9 189.4 130.0 185.9 442.1 212.1 275.5 109.6 470.8 286.4 344.6 422.4 30.8
1694.1 239.6 121.3 322.4 182.2 154.5 170.3 330.8 151.4 173.9 218.5 183.2 282.4 158.5 175.5 274.2 110.3 248.7 112.0 179.8 365.1 314.7 335.8 211.4 73.8 110.5 97.2 138.1 237.9 3.5 108.8 24.1 150.9 150.8 84.8 277.9 119.1 262.5 125.9 281.5 186.2 306.9 279.7 260.0 254.3 86.5 149.9 265.4 134.0 118.3 289.8 262.1 143.5 107.1 255.0 324.3 322.8 275.7 6.6 208.3 386.9 316.1 246.9 139.7 380.6 0.0 310.8 76.9 155.6 274.1 13.8 146.7 151.1 310.0 139.1 203.5 224.8 342.6 299.2 304.7 328.4 297.2 200.7 268.2 270.7 154.5 346.1 188.5 330.4 188.7 129.2 280.2 188.9 360.4 176.1 293.4 234.2 187.4 292.4 346.2 67.8 283.0 68.1 119.4 203.2 286.7 135.7 136.1 146.8 138.3 151.7 229.2 160.0 222.9 75.6 104.4 310.7 194.8 271.8 210.8 127.8 243.2 160.2 303.4 131.0 119.3 49.3 82.6 375.8
1938.7 125.9 296.1 156.2 427.4 206.7 190.9 38.8 353.6 387.1 431.7 166.8 38.3 360.7 146.3 87.9 259.9 102.7 395.0 187.3 88.3 55.9 74.5 153.1 348.8 312.7 242.3 351.3 120.0 320.3 311.0 297.2 250.4 433.8 359.8 211.7 200.1 101.9 328.1 40.2 168.2 173.5 71.7 173.3 110.1 369.5 222.6 77.8 336.2 338.5 54.4 142.0 243.0 309.3 65.2 52.9 30.8 86.4 331.0 174.7 116.8 44.7 121.0 341.9 103.8 324.3 0.0 297.0 166.2 46.6 308.8 175.1 353.3 13.3 211.3 166.0 193.6 68.9 69.2 40.3 54.7 26.1 276.5 81.7 101.0 367.7 84.8 151.0 62.3 451.2 331.4 67.2 285.6 86.7 248.8 173.3 86.4 395.0 59.0 71.8 340.2 83.2 288.3 321.6 163.2 75.4 418.7 357.8 373.1 182.7 200.7 132.0 232.7 138.3 301.0 378.4 36.1 225.6 71.6 111.0 367.3 122.3 201.0 7.3 414.0 228.2 269.8 356.6 105.7
1717.2 224.3 92.0 307.8 164.2 156.8 175.2 310.1 104.8 124.4 169.0 187.6 261.7 117.2 154.8 268.0 98.6 248.3 105.3 168.8 322.4 294.0 315.1 246.5 67.1 57.8 96.7 82.5 246.0 73.1 56.1 54.0 130.2 144.1 78.1 257.2 104.5 241.8 73.2 305.7 185.7 292.3 279.3 239.3 233.6 79.8 129.2 244.7 81.3 75.8 275.2 241.4 122.8 60.5 234.3 325.1 308.2 264.1 83.8 224.9 366.2 320.5 293.2 87.0 359.9 77.1 290.1 0.0 141.0 259.5 60.8 126.0 98.4 289.3 144.0 188.3 204.1 328.0 278.5 281.5 313.8 282.6 180.0 267.6 308.5 98.9 325.4 200.6 319.7 188.0 76.5 288.7 168.2 339.7 155.4 268.8 213.3 137.9 292.0 338.1 43.1 268.4 65.4 48.7 236.4 280.5 132.0 102.9 124.3 117.6 156.6 233.0 139.3 229.6 80.5 97.7 296.1 174.1 251.1 184.6 112.4 233.3 165.1 282.7 124.3 124.2 66.9 74.6 361.2
1809.8 135.0 129.8 146.2 261.1 44.1 62.5 175.1 187.3 220.8 265.4 126.7 126.7 199.7 19.9 173.3 146.7 113.3 228.7 113.3 211.9 159.0 180.1 140.8 182.5 146.4 76.0 185.0 122.5 154.0 144.7 130.9 84.1 267.5 193.5 101.7 33.8 106.8 161.8 177.1 130.2 130.7 144.3 139.4 98.6 203.2 56.3 109.7 169.9 172.2 134.1 106.4 76.7 143.0 99.3 190.1 167.1 174.8 164.7 146.0 231.2 181.6 187.5 175.6 227.4 158.0 155.1 136.1 0.0 118.4 141.7 8.9 187.0 154.3 83.1 75.6 69.1 186.9 143.5 146.6 172.7 141.5 133.9 132.6 202.8 201.4 190.4 102.4 184.7 284.9 165.1 194.0 122.1 204.7 82.5 137.7 78.3 228.7 157.0 197.0 173.9 127.3 122.0 155.3 152.6 185.8 252.4 191.5 206.8 16.4 95.7 120.3 66.4 115.1 134.7 212.1 155.0 74.2 116.1 49.6 201.0 138.6 52.4 147.7 247.7 63.3 103.5 189.0 220.1
1903.7 84.6 249.4 192.9 380.7 163.7 157.2 75.5 306.9 340.4 385.0 119.6 8.3 319.3 99.6 71.2 266.3 69.0 348.3 144.0 100.5 92.6 111.2 110.7 302.1 266.0 195.6 304.6 86.3 273.6 264.3 250.5 203.7 387.1 313.1 236.3 153.4 96.7 281.4 58.6 123.1 210.2 42.3 172.9 88.5 322.8 175.9 65.4 289.5 291.8 89.8 96.3 196.3 262.6 18.5 71.6 67.5 72.7 284.3 133.4 123.5 63.1 88.2 295.2 130.6 277.6 36.6 250.3 119.5 0.0 261.3 128.4 306.6 50.0 169.6 144.1 146.9 105.6 105.9 79.4 91.4 49.1 253.5 48.0 103.5 321.0 117.8 117.3 66.2 404.5 284.7 85.6 241.7 96.7 202.1 123.7 39.9 348.3 55.0 78.5 293.5 117.2 241.6 274.9 121.9 83.7 372.0 311.1 326.4 136.0 159.0 98.3 186.0 104.6 254.3 331.7 36.5 145.6 71.8 64.3 320.6 81.0 167.3 29.2 367.3 182.9 223.1 308.6 112.4
1709.6 210.2 107.4 307.8 168.3 138.0 156.4 316.2 136.8 160.0 203.9 168.8 268.5 149.9 161.6 249.2 105.4 238.0 98.1 154.7 329.2 300.8 321.9 226.9 59.2 96.6 82.6 124.2 227.2 11.4 94.2 17.2 137.0 136.9 70.9 264.0 104.5 247.9 112.0 297.0 171.6 292.3 269.0 246.1 240.4 72.6 136.0 251.5 120.1 104.4 275.2 248.2 129.6 92.5 241.1 314.9 308.9 250.7 22.2 206.1 373.0 306.4 270.9 125.8 366.7 15.5 296.9 56.9 141.7 259.5 0.0 132.8 137.2 296.1 125.2 169.5 210.9 328.7 285.3 288.3 313.8 282.6 186.8 257.3 286.2 140.6 331.5 186.5 326.5 174.8 115.3 269.9 175.0 346.5 162.2 275.6 220.1 172.8 281.7 338.8 53.9 268.4 54.2 105.5 218.7 261.7 124.8 122.2 132.2 124.4 137.8 214.2 146.1 210.8 61.7 90.5 296.8 180.9 257.9 191.4 113.9 214.5 146.3 288.8 117.1 104.7 35.4 67.4 361.9
1800.9 143.9 120.9 192.9 252.2 37.8 53.6 184.0 178.4 211.9 256.5 118.3 135.6 185.5 28.8 182.2 84.7 122.2 219.8 102.5 220.8 167.9 189.0 149.7 173.6 137.5 67.1 176.1 124.5 145.1 135.8 122.0 75.2 258.6 184.6 148.4 24.9 115.7 152.9 186.0 121.3 177.4 153.2 130.5 107.5 194.3 47.4 118.6 161.0 163.3 143.0 115.3 67.8 134.1 108.2 198.7 176.0 183.7 155.8 137.1 240.1 190.5 187.9 166.7 236.3 149.1 164.0 121.8 8.9 127.3 133.6 0.0 178.1 163.2 74.2 78.5 78.0 195.8 152.4 157.9 181.6 150.4 125.0 143.2 211.7 192.5 199.3 93.5 190.1 276.0 156.2 202.9 113.2 213.6 73.6 146.6 87.4 219.8 165.9 205.9 165.0 136.2 113.1 146.4 148.6 194.7 243.5 182.6 197.9 7.5 86.8 112.5 57.5 106.2 125.8 203.2 163.9 65.3 125.0 64.0 192.1 147.5 43.5 156.6 238.8 54.4 94.6 181.4 229.0
1730.7 321.1 155.3 357.1 108.4 222.0 237.8 365.5 65.3 150.2 156.7 279.5 317.1 7.3 210.2 359.4 145.0 303.7 43.9 263.7 399.8 349.4 370.5 331.2 136.7 80.6 147.4 119.2 308.7 172.8 52.2 138.4 185.6 77.0 147.7 312.6 153.8 297.2 96.6 367.5 282.5 341.6 334.7 294.7 289.0 68.7 184.6 300.1 17.0 139.1 324.5 296.8 178.2 77.8 289.7 380.2 357.5 360.9 183.5 316.3 421.6 372.0 369.4 109.8 415.3 176.8 345.5 117.5 190.3 308.8 161.3 181.4 0.0 344.7 235.4 262.7 259.5 377.3 333.9 339.4 363.1 331.9 235.4 324.7 393.2 135.6 380.8 277.7 371.6 114.9 43.1 380.1 223.6 395.1 210.8 328.1 268.9 106.7 347.4 387.4 160.7 317.7 120.8 122.1 327.8 371.9 61.9 73.2 19.7 173.0 248.0 296.7 194.7 290.4 173.9 125.0 345.4 229.5 306.5 245.5 64.9 324.7 227.7 338.1 57.2 215.6 122.3 103.2 410.5
1931.6 112.5 295.3 156.1 426.6 200.9 185.1 20.7 352.8 386.3 430.9 158.9 60.2 365.2 145.5 99.1 312.2 96.9 384.0 172.3 88.2 55.8 74.4 139.7 345.8 311.9 241.5 350.5 114.2 319.5 310.2 296.4 249.6 422.8 356.8 211.6 199.3 101.8 327.3 63.6 154.8 173.4 70.2 173.2 110.0 358.5 221.8 77.7 335.4 337.7 54.3 141.9 242.2 308.5 64.4 76.6 12.7 100.6 330.2 161.3 98.7 68.1 116.1 341.1 103.7 323.5 23.3 296.2 165.4 51.9 307.2 174.3 352.5 0.0 197.9 160.2 192.8 68.8 69.1 40.2 54.6 12.8 276.4 75.9 124.4 366.9 84.7 145.2 67.7 450.4 330.6 90.6 285.5 71.9 248.0 169.3 85.8 394.2 82.4 53.7 339.4 83.1 287.5 320.8 149.8 98.8 410.7 357.0 372.3 181.9 187.3 126.2 231.9 130.7 300.2 376.4 59.5 225.5 71.5 115.7 366.5 108.9 195.2 30.7 403.0 214.8 269.0 353.3 87.6
1792.8 85.6 175.0 176.5 256.2 75.8 91.6 209.0 251.4 265.8 279.5 44.0 177.1 233.2 93.6 123.9 138.8 112.7 186.0 28.2 244.3 191.4 212.5 109.4 147.8 191.4 140.1 230.0 101.9 122.2 208.8 116.1 148.2 224.8 158.8 132.0 97.9 139.2 201.3 161.6 47.0 161.0 143.7 137.7 131.0 160.5 120.4 160.1 234.0 210.3 184.5 138.8 140.8 207.1 149.7 190.0 201.0 125.4 132.9 121.3 263.6 181.8 147.6 220.6 259.8 126.2 201.9 150.9 99.1 168.8 110.7 90.2 251.1 188.2 0.0 76.9 99.4 237.3 175.9 199.4 223.1 175.4 191.7 133.7 171.4 246.4 222.8 61.9 219.3 262.7 229.2 144.6 182.1 253.3 146.6 170.1 128.9 273.8 156.4 235.1 141.8 159.7 160.1 199.7 121.2 136.4 209.7 210.1 220.8 80.5 12.5 113.9 130.5 120.2 130.8 178.4 205.4 120.3 166.5 124.8 201.8 89.2 81.5 194.5 205.0 16.8 141.3 156.6 252.5
1840.0 110.4 191.1 153.7 308.8 33.2 17.4 171.0 259.7 293.2 326.0 66.0 148.1 260.3 70.8 148.6 154.9 70.7 238.6 130.7 220.3 167.4 188.5 116.2 196.1 211.3 136.6 249.9 53.4 170.5 217.1 168.7 149.0 273.1 211.4 101.7 94.4 107.7 226.7 153.3 65.2 130.7 101.7 114.9 99.5 213.1 121.2 136.1 234.8 237.1 160.5 114.8 141.6 207.9 125.7 140.8 170.5 154.4 185.5 84.0 239.6 144.1 162.9 240.5 235.8 178.8 163.5 195.6 90.7 144.1 163.3 91.0 251.9 162.0 93.0 0.0 76.6 213.3 151.9 175.4 199.1 144.9 179.6 91.7 178.2 266.3 198.8 26.7 193.3 315.3 230.0 169.3 178.6 227.3 147.4 146.1 104.9 289.3 114.4 201.6 194.4 128.2 186.9 220.2 128.0 161.1 262.3 256.4 267.4 81.3 105.6 41.4 131.3 35.1 183.4 231.0 168.9 98.8 142.5 100.8 273.4 114.0 27.5 160.4 257.6 80.7 168.4 209.2 228.5
1883.7 139.8 163.9 99.2 281.3 109.5 125.3 179.9 261.2 235.4 280.0 90.6 131.5 268.3 53.9 178.1 150.2 118.1 291.5 174.2 165.5 163.8 184.9 145.6 253.3 220.3 149.9 199.6 127.3 227.7 218.6 204.8 122.2 330.3 264.3 54.7 107.7 111.6 235.7 181.9 93.6 83.7 149.1 60.4 103.4 266.0 123.5 114.5 243.8 179.8 138.9 111.2 129.6 216.9 104.1 194.6 171.9 179.6 238.4 112.4 236.0 186.4 183.8 249.5 181.0 231.7 159.9 204.6 73.8 123.2 216.2 82.7 260.9 159.1 145.9 150.2 0.0 191.7 148.3 153.8 177.5 146.3 125.1 139.1 207.6 216.0 195.2 158.3 186.0 305.1 239.0 198.8 130.5 209.5 100.4 142.5 83.3 248.9 161.8 201.8 247.3 132.1 195.9 229.2 157.4 190.6 315.2 265.4 280.7 90.3 158.5 87.8 114.6 81.5 208.6 283.9 159.8 44.3 120.9 59.9 274.9 143.4 115.2 152.5 310.5 126.1 177.4 262.1 224.9
1933.5 174.4 318.9 164.4 450.2 233.2 232.8 67.4 376.4 409.9 454.5 189.1 90.4 388.8 169.1 140.0 314.0 152.7 417.8 213.5 72.0 64.1 66.1 180.2 371.6 335.5 265.1 374.1 161.9 343.1 333.8 320.0 273.2 456.6 382.6 219.9 222.9 110.1 350.9 92.3 192.6 181.7 123.8 181.5 118.3 392.3 245.4 68.0 359.0 361.3 44.6 150.2 265.8 332.1 104.5 105.3 59.4 138.5 353.8 203.5 62.6 96.8 168.4 364.7 69.7 347.1 52.0 325.2 189.0 98.7 330.8 197.9 376.1 61.9 239.1 215.4 216.4 0.0 77.4 24.0 10.6 74.7 271.6 133.8 153.1 390.5 56.9 192.9 59.0 474.0 354.2 119.3 280.7 17.7 271.6 177.6 109.4 417.8 111.1 46.7 363.0 91.4 311.1 344.4 192.0 127.5 441.5 380.6 395.9 205.5 228.5 173.9 255.5 178.4 323.8 401.2 88.2 233.8 61.8 139.3 390.1 170.9 241.5 59.4 436.8 252.4 292.6 378.1 51.5
1920.6 119.2 279.4 127.8 413.0 193.4 177.6 97.6 339.2 372.7 417.3 144.3 120.6 346.3 131.9 157.5 265.7 97.5 370.0 159.9 68.3 15.4 36.5 125.0 331.8 298.3 227.9 336.9 106.7 305.9 296.6 282.8 236.0 408.8 342.8 170.9 185.7 32.6 313.7 122.5 140.8 145.1 128.5 107.5 40.8 344.5 208.2 111.9 321.8 324.1 92.8 72.7 228.6 294.9 101.5 135.2 89.6 159.0 316.6 148.3 87.6 127.0 163.2 327.5 83.8 309.9 82.2 282.6 151.8 120.6 294.4 160.7 338.9 92.1 183.9 152.7 179.2 87.3 0.0 78.7 73.1 104.9 256.5 118.5 183.3 353.3 46.8 137.7 113.9 436.8 317.0 149.5 246.0 105.1 215.9 104.0 80.7 380.6 141.2 98.1 325.8 13.9 273.9 307.2 136.8 157.7 393.7 343.4 358.7 168.3 173.3 118.7 218.3 125.0 286.6 362.4 118.4 159.8 110.0 96.6 352.9 122.8 187.7 89.6 389.0 200.8 255.4 340.6 76.5
1945.2 141.4 288.3 136.3 419.6 202.6 202.2 66.1 352.3 385.8 421.7 165.0 89.1 355.8 138.5 138.7 305.2 122.1 387.2 180.7 50.7 42.8 61.4 149.6 338.8 304.9 232.3 343.5 131.3 312.5 301.0 280.9 242.6 432.5 352.0 198.6 192.3 91.3 320.3 91.0 168.5 160.4 122.5 160.2 97.0 361.7 214.8 37.4 328.4 330.7 11.7 128.9 235.2 299.1 73.9 97.2 58.1 137.2 323.2 172.9 100.5 88.7 160.3 334.1 90.7 316.5 50.7 294.6 156.2 90.6 300.2 167.3 345.5 63.1 208.5 189.1 185.8 40.2 56.1 0.0 16.8 73.4 263.4 134.2 145.0 359.9 71.7 168.8 96.9 443.4 323.6 118.0 272.5 55.6 241.0 156.3 76.4 384.8 109.8 84.6 332.4 70.1 280.5 313.8 161.4 126.2 413.9 350.0 363.1 174.9 197.9 144.4 224.9 147.8 293.2 370.6 80.1 212.5 31.3 108.7 357.1 147.4 210.9 60.6 406.2 219.6 262.0 347.5 91.9
1965.2 163.8 308.3 153.8 439.6 225.2 222.2 56.8 365.8 399.3 443.9 178.5 79.8 378.2 158.5 129.4 272.1 142.1 407.2 202.9 61.4 53.5 72.1 169.6 361.0 324.9 254.5 363.5 151.3 332.5 323.2 300.9 262.6 446.0 372.0 209.3 212.3 99.5 340.3 81.7 182.0 171.1 113.2 170.9 107.7 381.7 234.8 57.4 348.4 350.7 34.0 139.6 255.2 321.5 93.9 94.7 48.8 127.9 343.2 192.9 76.8 86.2 157.8 354.1 83.9 336.5 41.4 314.6 178.4 88.1 320.2 187.3 365.5 51.3 228.5 209.1 205.8 14.2 66.8 19.9 0.0 64.1 274.1 123.2 142.5 379.9 71.1 182.3 73.2 463.4 343.6 108.7 283.2 31.9 261.0 170.9 98.6 407.2 100.5 60.9 352.4 80.8 300.5 333.8 181.4 116.9 433.9 370.0 385.3 194.9 217.9 163.3 244.9 169.6 313.2 390.6 77.6 223.2 51.2 128.7 379.5 160.3 230.9 48.8 426.2 241.8 282.0 368.8 65.7
1918.8 99.7 282.5 168.9 413.8 188.1 172.3 33.5 340.0 373.5 418.1 146.1 47.4 352.4 132.7 86.3 299.4 84.1 371.2 159.5 76.5 68.6 87.2 126.9 333.0 299.1 228.7 337.7 101.4 306.7 297.4 275.1 236.8 410.0 344.0 224.4 186.5 114.6 314.5 76.4 142.0 186.2 57.4 186.0 121.6 345.7 209.0 90.5 322.6 324.9 67.1 129.4 229.4 295.7 51.6 89.4 25.5 87.8 317.4 148.5 111.5 80.9 103.3 328.3 116.5 310.7 36.1 288.8 152.6 39.1 294.4 161.5 339.7 12.8 185.1 154.9 180.0 81.6 81.9 55.4 67.4 0.0 286.6 64.8 118.6 354.1 97.5 132.4 80.5 437.6 317.8 103.4 274.8 84.7 235.2 160.7 72.8 381.4 70.1 66.5 326.6 95.9 274.7 308.0 137.0 98.8 394.9 344.2 359.5 169.1 174.5 113.4 219.1 117.9 287.4 363.6 72.3 178.7 84.3 97.4 353.7 96.1 182.4 43.5 390.2 202.0 256.2 340.5 100.4
1839.9 254.9 100.2 198.1 217.6 148.7 164.5 295.0 238.3 171.7 216.3 226.8 246.6 245.4 139.7 293.2 86.5 233.2 282.0 213.4 241.5 253.5 274.6 260.7 233.5 197.4 106.1 135.9 235.4 205.0 195.7 181.9 43.0 315.1 244.5 153.6 83.3 224.6 212.8 297.0 229.8 182.6 264.2 136.4 218.5 225.6 93.3 229.6 220.9 116.1 254.0 213.0 50.4 194.0 219.2 309.7 287.0 294.7 215.7 248.0 284.1 301.5 298.9 176.1 257.0 209.0 275.0 181.7 119.8 238.3 193.5 110.9 238.0 274.2 185.1 189.4 183.2 306.8 238.0 268.9 292.6 261.4 0.0 254.2 322.7 152.3 284.9 204.4 301.1 241.4 216.1 313.9 9.0 324.6 70.2 235.6 198.4 185.2 276.9 316.9 224.9 221.8 173.0 132.0 259.5 305.7 300.0 242.5 257.8 102.5 197.7 223.4 84.4 217.1 185.7 263.1 274.9 110.1 236.0 175.0 252.0 258.5 154.4 267.6 301.0 165.3 154.5 241.3 287.9
1870.1 67.0 264.2 192.0 395.5 127.5 109.1 86.7 320.0 355.2 398.1 89.8 56.3 332.4 114.4 56.8 281.1 21.0 319.5 106.1 129.7 121.8 140.4 74.5 279.6 280.8 208.7 319.4 38.2 254.0 277.4 256.8 218.5 356.6 292.3 233.1 168.2 93.5 296.2 61.5 88.6 209.3 9.9 169.7 83.6 294.0 190.7 87.4 304.3 306.6 113.5 93.1 211.1 275.7 40.5 58.2 80.4 58.3 266.4 97.8 162.3 48.0 73.8 310.0 169.4 259.7 71.7 270.5 132.6 48.0 243.4 143.2 321.4 65.9 133.4 96.0 161.7 136.5 130.2 108.6 120.6 53.1 268.3 0.0 89.1 335.8 150.7 67.5 105.0 396.2 299.5 77.5 256.5 135.5 216.9 120.5 61.9 361.4 22.6 117.3 275.3 114.0 256.4 289.7 84.6 69.3 346.2 325.9 339.5 150.8 122.8 51.3 200.8 54.7 264.3 311.9 84.6 146.9 93.8 84.6 333.7 66.6 119.2 64.3 338.5 148.6 237.9 288.8 152.9
1871.8 88.5 328.9 247.3 424.7 211.4 195.6 129.9 390.2 423.7 448.0 132.1 91.1 402.6 182.9 70.1 292.7 110.1 354.5 145.5 154.9 147.0 165.6 61.9 316.3 349.3 278.9 387.9 124.7 290.7 347.6 291.6 287.0 393.3 327.3 301.6 236.7 162.0 364.7 50.7 128.0 264.6 92.3 238.2 153.8 329.0 259.2 162.9 372.8 375.1 145.5 161.6 279.6 345.9 116.0 93.8 121.9 68.6 301.4 83.5 168.9 85.3 15.2 378.5 176.0 294.7 91.0 313.3 202.8 99.4 278.4 211.7 389.9 104.4 171.1 178.2 230.2 156.1 160.3 131.4 145.8 117.2 289.5 89.1 0.0 404.3 163.2 155.7 108.1 431.2 368.0 49.4 325.0 142.1 285.4 192.9 137.2 431.6 79.6 123.9 310.3 174.3 324.9 358.2 72.0 57.6 378.2 378.6 389.3 219.3 160.5 136.7 269.3 141.2 299.3 346.9 108.9 208.7 162.7 153.1 370.3 84.9 205.7 83.6 373.5 188.0 306.4 323.8 157.8
1789.9 327.9 51.1 287.8 65.2 224.5 240.3 368.0 99.8 19.3 63.9 290.2 319.6 149.6 212.7 366.2 105.2 306.2 128.1 274.4 331.2 351.9 373.0 333.7 124.9 66.8 124.8 16.4 311.2 164.0 115.1 140.9 150.7 123.5 135.9 243.3 156.3 299.7 122.2 370.0 293.2 272.3 337.2 226.1 291.5 152.9 187.1 302.6 130.8 34.9 327.0 299.3 180.7 103.4 292.2 382.7 360.0 367.7 174.7 323.8 373.8 374.5 371.9 84.3 346.7 168.0 348.0 102.0 192.8 311.3 152.5 183.9 147.9 347.2 246.1 265.2 262.0 379.8 336.4 341.9 365.6 334.4 150.8 327.2 395.7 0.0 383.3 280.2 374.1 89.0 94.7 386.9 139.0 397.6 159.9 330.6 271.4 32.8 349.9 389.9 145.2 320.2 95.6 57.7 335.3 378.7 139.0 157.4 137.2 175.5 258.7 299.2 197.2 292.9 175.3 172.5 347.9 199.8 309.0 248.0 149.1 331.5 230.2 340.6 109.8 226.3 113.5 150.7 377.6
1962.0 160.6 314.8 146.3 454.4 234.8 219.0 87.7 380.6 414.1 458.7 186.3 110.7 393.0 173.3 160.3 292.1 138.9 411.4 199.7 67.3 28.0 9.2 166.4 373.2 339.7 269.3 378.3 148.1 347.3 338.0 324.2 277.4 450.2 384.2 201.8 227.1 74.0 355.1 112.6 182.2 163.6 144.1 148.9 82.2 385.9 249.6 106.3 363.2 365.5 82.9 114.1 270.0 336.3 137.6 121.4 79.7 158.8 358.0 189.7 40.7 117.1 188.7 368.9 47.8 351.3 72.3 324.0 193.2 119.0 335.8 202.1 380.3 82.2 225.3 194.1 220.6 74.3 41.3 66.7 63.2 95.0 249.7 154.1 173.4 394.7 0.0 179.1 67.0 478.2 358.4 139.6 258.8 60.3 257.3 141.5 121.9 422.0 131.4 51.2 367.2 55.3 315.3 348.6 178.2 147.8 435.1 384.8 400.1 209.7 214.7 160.1 259.7 164.6 328.0 403.8 102.4 201.2 100.1 138.0 394.3 164.2 229.1 79.7 430.4 242.2 296.8 380.7 29.6
1811.7 87.9 195.9 131.2 329.4 58.2 39.8 156.0 255.6 289.1 333.7 39.2 125.6 268.0 48.3 126.1 173.2 48.2 261.1 127.0 197.8 144.9 166.0 93.7 222.9 214.7 144.3 253.3 30.9 197.3 213.0 190.7 152.4 299.9 233.9 86.7 102.1 92.7 230.1 130.8 42.7 115.7 79.2 92.4 84.5 235.6 124.6 113.6 238.2 240.5 138.0 92.3 145.0 211.3 103.2 125.8 148.0 127.6 208.0 61.5 217.1 117.3 140.4 243.9 213.3 201.3 141.0 204.4 68.2 117.3 185.8 77.1 255.3 135.2 115.5 26.7 54.1 190.8 129.4 152.9 176.6 122.4 157.1 67.5 155.7 269.7 176.3 0.0 170.8 337.8 233.4 146.8 162.5 204.8 132.4 123.6 82.4 297.0 91.9 186.6 216.9 113.2 190.3 223.6 105.5 138.6 284.8 259.8 275.1 84.7 128.1 17.8 134.7 12.6 205.9 253.5 153.9 76.3 120.0 83.8 269.3 91.5 49.9 133.6 280.1 95.7 171.8 230.4 206.0
1870.9 153.3 321.4 184.4 452.7 235.7 220.1 32.1 378.9 412.4 457.0 195.1 63.6 394.8 171.6 111.5 312.1 131.9 420.3 209.6 99.5 83.1 64.2 177.2 377.6 338.0 267.6 376.6 149.2 345.6 336.3 314.0 275.7 459.1 385.1 234.3 225.4 129.1 353.4 83.5 192.1 201.7 100.9 204.0 137.3 394.8 247.9 116.0 361.5 363.8 89.1 168.3 268.3 338.1 90.5 54.3 42.7 113.5 356.3 198.8 60.7 66.3 130.5 367.2 67.8 349.6 62.4 327.7 195.0 75.4 333.3 200.4 378.6 50.8 235.2 207.0 218.9 44.4 96.4 80.9 58.5 67.1 269.7 112.6 115.2 393.0 51.5 180.2 0.0 476.5 356.7 90.8 278.8 33.9 274.1 195.7 111.9 420.3 88.2 12.2 365.5 106.9 313.6 346.9 187.3 99.0 447.0 383.1 401.9 208.0 224.6 162.3 258.0 165.7 326.3 403.7 35.3 256.3 109.8 141.8 392.6 146.2 230.2 66.3 439.3 252.1 295.1 380.6 49.6
1741.1 356.5 140.2 376.9 13.7 286.2 302.0 453.4 104.2 81.3 37.0 314.9 405.0 100.8 298.1 394.8 232.9 383.6 79.3 299.1 420.3 437.3 458.4 364.4 161.5 150.4 228.9 105.4 372.8 199.9 140.1 173.8 273.5 74.7 186.9 332.4 241.7 385.1 134.8 432.5 317.9 361.4 414.6 315.2 376.9 104.1 272.5 388.0 125.3 124.0 412.4 384.7 266.1 152.5 377.6 460.9 445.4 396.3 212.1 351.7 509.5 452.7 399.9 109.3 435.8 218.1 433.4 177.0 278.2 396.7 188.4 269.3 108.2 432.6 270.8 326.9 347.4 465.2 421.8 427.3 451.0 419.8 239.9 404.6 423.7 89.0 468.7 332.8 459.5 0.0 119.7 415.5 228.1 483.0 298.7 416.0 356.8 46.1 427.3 475.3 198.9 405.6 208.7 146.8 356.2 407.3 90.2 108.6 88.4 260.9 283.4 360.9 282.6 354.6 207.3 174.3 433.3 317.4 394.4 333.4 100.3 360.1 291.9 426.0 61.0 251.0 199.0 138.6 498.4
1765.8 293.5 123.4 325.2 95.9 190.1 205.9 333.6 22.1 107.0 113.5 270.6 285.2 60.5 178.3 331.8 113.1 271.8 97.1 254.8 367.9 317.5 338.6 299.3 104.8 48.7 115.5 87.3 276.8 140.9 20.3 117.8 153.7 103.3 115.8 280.7 121.9 265.3 64.7 335.6 273.6 309.7 302.8 262.8 257.1 121.9 152.7 268.2 36.0 107.2 292.6 264.9 146.3 45.9 257.8 348.3 325.6 333.3 151.6 289.4 389.7 340.1 337.5 72.0 383.4 144.9 313.6 85.6 158.4 276.9 129.4 149.5 53.1 312.8 226.5 230.8 227.6 345.4 302.0 307.5 331.2 300.0 203.5 292.8 361.3 103.7 348.9 245.8 339.7 119.7 0.0 352.5 191.7 363.2 178.9 296.2 237.0 63.5 315.5 355.5 128.8 285.8 88.9 90.2 300.9 344.3 114.0 94.4 72.9 141.1 239.1 264.8 162.8 258.5 142.0 115.0 313.5 197.6 274.6 213.6 103.9 297.1 195.8 306.2 84.8 206.7 90.4 93.2 378.6
1896.0 58.9 315.1 213.5 400.6 193.5 177.7 96.1 372.6 406.1 423.9 104.7 57.3 379.7 165.3 20.6 278.9 89.5 330.4 120.3 145.6 113.2 131.8 103.4 292.2 331.7 261.3 370.3 106.8 266.6 330.0 260.5 269.4 369.2 303.2 269.0 219.1 153.2 347.1 16.9 101.2 230.8 58.5 229.4 145.0 304.9 241.6 131.1 355.2 357.5 111.7 152.8 262.0 328.3 84.2 59.7 88.1 19.1 277.3 125.7 135.4 51.5 72.0 360.9 142.5 270.6 57.2 295.3 185.2 65.6 255.1 194.1 372.3 70.6 144.3 152.8 212.6 122.6 126.5 97.6 112.0 83.4 319.2 68.5 69.4 386.7 129.7 137.8 74.6 407.1 350.4 0.0 307.4 108.6 267.8 184.1 105.4 414.0 45.8 90.4 286.2 140.5 307.3 340.6 114.2 8.1 354.1 354.5 365.2 201.7 133.7 118.8 251.7 125.1 275.2 322.8 75.1 206.7 128.9 130.0 346.2 55.3 187.8 49.8 349.4 161.2 288.8 301.0 124.3
1833.3 245.8 93.6 189.0 211.0 139.6 155.4 285.9 229.2 165.1 209.7 217.7 237.5 236.3 130.6 284.1 79.9 224.1 272.9 204.3 232.4 244.4 265.5 251.6 224.4 188.3 99.5 129.3 226.3 195.9 186.6 172.8 33.9 306.0 235.4 144.5 74.2 215.5 203.7 287.9 220.7 173.5 255.1 127.3 209.4 219.0 84.2 220.5 211.8 109.5 244.9 203.9 41.3 184.9 210.1 300.6 277.9 285.6 206.6 238.9 275.0 292.4 289.8 169.5 247.9 199.9 265.9 172.6 110.7 229.2 184.4 101.8 228.9 265.1 176.0 180.3 174.1 297.7 228.9 259.8 283.5 252.3 11.7 245.1 313.6 145.7 275.8 195.3 292.0 234.8 207.0 304.8 0.0 315.5 61.1 226.5 189.3 178.6 267.8 307.8 215.8 212.7 163.9 125.4 250.4 296.6 290.9 233.4 248.7 93.4 188.6 214.3 75.3 208.0 176.6 254.0 265.8 101.0 226.9 165.9 242.9 249.4 145.3 258.5 291.9 156.2 145.4 232.2 278.8
1915.7 188.4 318.9 172.0 464.2 249.8 246.8 67.1 390.4 423.9 468.5 203.6 104.4 397.5 183.1 154.0 305.2 166.7 431.8 229.1 71.4 67.2 48.3 194.2 385.6 349.5 279.1 388.1 175.9 357.1 347.8 334.0 287.2 470.6 396.6 218.4 236.9 113.2 364.9 106.3 206.6 189.3 137.8 188.1 121.4 406.3 259.4 82.0 373.0 375.3 58.6 153.3 279.8 346.1 118.5 99.4 73.4 152.5 367.8 217.5 44.8 107.6 183.6 378.7 51.9 361.1 66.0 333.8 203.0 112.7 345.6 211.9 390.1 75.9 253.1 221.9 230.4 13.9 80.5 44.5 24.5 88.7 253.8 147.8 160.0 404.5 39.1 206.9 44.7 488.0 368.2 133.3 262.9 0.0 283.5 184.6 123.2 431.8 125.1 28.9 377.0 94.5 325.1 358.4 206.0 141.5 455.5 394.6 409.9 219.5 242.5 187.9 269.5 194.2 337.8 415.2 80.1 240.4 75.8 147.8 404.1 184.9 255.5 73.4 450.8 266.4 306.6 393.4 33.7
1837.8 205.1 100.3 184.7 217.7 101.7 117.5 245.2 215.3 171.8 216.4 182.2 196.8 222.4 89.9 243.4 86.6 183.4 259.0 166.4 228.1 229.1 250.2 210.9 210.5 174.4 104.0 136.0 188.4 182.0 172.7 158.9 58.6 292.1 221.5 140.2 61.8 176.9 189.8 247.2 185.2 169.2 214.4 123.0 168.7 238.3 23.1 179.8 197.9 116.2 204.2 176.5 66.0 171.0 169.4 259.9 237.2 244.9 192.7 201.0 270.7 251.7 249.1 203.6 243.6 186.0 225.2 158.7 70.0 188.5 170.5 61.1 215.0 224.4 138.1 142.4 139.2 257.0 213.6 219.1 242.8 211.6 78.7 204.4 272.9 152.4 260.5 157.4 251.3 241.5 193.1 264.1 66.9 274.8 0.0 207.8 148.6 185.3 227.1 267.1 201.9 197.4 150.0 132.1 212.5 255.9 277.0 219.5 234.8 52.7 150.7 176.4 14.1 170.1 162.7 240.1 225.1 96.7 186.2 125.2 229.0 208.7 107.4 217.8 278.0 118.3 131.5 218.3 274.5
1930.8 129.4 253.0 122.4 370.4 206.2 187.8 183.2 345.1 320.2 369.1 150.8 139.1 361.8 142.1 167.7 230.3 107.7 380.2 168.5 127.8 115.5 136.6 135.2 337.7 308.5 233.8 288.7 116.9 316.1 306.8 284.5 211.3 419.0 353.0 144.5 195.9 59.0 323.9 189.5 146.7 139.7 138.7 81.1 50.8 354.7 212.6 122.1 332.0 268.9 146.5 33.2 218.7 305.1 111.7 185.3 179.5 169.2 326.8 158.5 181.3 176.8 177.6 337.7 154.2 320.1 167.5 298.2 162.0 130.8 303.8 170.9 349.1 162.4 194.1 170.4 189.4 187.4 100.0 158.9 168.9 153.9 231.4 127.0 192.9 305.1 142.6 147.9 197.1 394.2 327.2 188.4 219.6 205.2 189.5 0.0 90.7 338.0 151.4 193.9 336.0 83.8 284.1 317.4 147.0 180.2 406.9 353.6 368.9 178.5 183.5 130.0 203.7 133.4 296.8 372.6 163.1 133.4 128.5 112.3 363.1 133.0 197.9 160.1 399.2 211.0 265.6 349.5 176.6
1866.5 64.9 209.6 155.4 340.9 123.9 123.5 96.5 266.9 300.6 345.0 79.6 48.1 279.3 59.8 103.4 226.5 43.4 308.5 104.2 121.2 109.1 130.2 70.9 262.3 226.2 155.8 264.8 52.6 233.8 224.5 202.2 163.9 347.1 273.3 196.3 113.6 56.7 241.6 98.5 83.1 172.5 74.4 133.1 48.7 283.0 136.1 31.1 249.7 252.0 55.7 56.5 156.5 222.6 20.7 111.5 88.5 104.9 244.5 94.2 163.4 103.2 117.6 255.4 161.2 237.8 76.5 215.9 79.5 40.0 221.5 88.6 266.8 75.9 129.8 110.4 107.1 108.5 93.6 67.9 94.3 62.9 213.7 62.7 132.7 281.2 140.5 83.4 106.1 364.7 244.9 124.1 201.9 126.1 162.3 83.9 0.0 308.5 87.1 118.6 253.7 77.2 201.8 235.1 82.7 115.9 335.2 271.3 286.6 96.2 119.2 65.7 146.2 69.1 214.5 291.9 76.4 105.8 37.5 30.0 280.8 68.7 132.2 69.3 327.5 142.9 183.3 268.8 152.3
1757.0 367.1 94.0 330.7 32.3 261.1 279.5 407.2 78.6 35.1 49.9 330.3 358.8 111.4 251.9 405.4 186.7 345.4 95.2 316.9 419.5 391.1 412.2 372.9 162.3 104.2 167.7 59.2 350.4 214.5 93.9 189.7 227.3 90.6 173.3 286.2 195.5 338.9 138.3 409.2 333.8 315.2 376.4 269.0 330.7 120.0 226.3 341.8 109.6 77.8 366.2 338.5 219.9 119.5 331.4 422.2 399.2 406.9 225.2 363.0 463.3 413.7 419.6 63.1 389.6 218.5 387.2 164.6 232.0 350.5 202.2 223.1 124.1 386.4 286.7 304.4 301.2 419.0 375.6 378.7 404.8 373.6 193.7 364.7 434.9 42.8 422.5 319.4 416.8 56.1 73.5 426.1 181.9 436.8 252.5 369.8 310.4 0.0 389.1 429.1 202.4 359.4 162.5 100.6 372.1 417.9 106.1 124.5 104.3 214.7 299.3 337.3 236.4 332.1 215.6 188.6 387.1 271.2 348.2 281.7 116.2 370.7 269.4 379.8 76.9 266.9 164.0 165.5 452.2
1892.8 77.2 286.9 205.3 418.2 147.6 131.8 87.9 344.4 377.9 422.5 113.0 49.1 351.5 137.1 63.8 250.7 43.6 342.2 132.1 137.4 105.0 123.6 97.2 304.0 303.5 233.1 342.1 60.9 278.4 301.8 272.3 241.2 381.0 315.0 255.8 190.9 116.2 318.9 38.8 113.0 222.6 12.7 192.4 108.0 316.7 213.4 114.4 327.0 329.3 103.5 115.8 233.8 300.1 67.5 33.5 79.9 65.3 289.1 120.5 139.6 25.3 72.3 332.7 146.7 282.4 49.0 287.8 157.0 57.4 266.9 165.9 344.1 62.4 156.1 106.9 184.4 118.0 118.3 89.4 103.8 75.2 291.0 22.6 96.1 358.5 133.9 91.9 78.8 418.9 322.2 65.8 279.2 112.8 239.6 147.1 88.7 385.8 0.0 94.6 298.0 132.3 279.1 312.4 109.0 74.0 365.9 348.6 363.9 173.5 145.5 72.9 223.5 79.2 287.0 334.6 66.9 169.6 120.7 101.8 358.1 73.6 141.9 41.6 361.2 173.0 260.6 312.8 128.5
1886.7 165.6 319.0 172.1 468.5 251.7 235.9 38.1 394.7 428.2 472.8 207.4 79.4 407.1 187.4 127.3 296.3 147.7 436.1 225.4 83.7 67.3 48.4 193.0 389.9 353.8 283.4 392.4 165.0 361.4 352.1 329.8 291.5 474.9 400.9 218.5 241.2 113.3 369.2 99.3 207.9 189.4 116.7 188.2 121.5 410.6 263.7 100.2 377.3 379.6 76.8 153.4 284.1 350.4 106.3 70.1 45.2 125.8 372.1 214.6 44.9 78.6 146.3 383.0 52.0 365.4 64.9 338.1 207.3 87.7 349.1 216.2 394.4 56.8 251.0 218.5 234.7 32.1 80.6 56.2 42.7 69.6 253.9 128.4 131.0 408.8 39.2 196.0 12.2 492.3 372.5 106.6 263.0 18.1 283.6 184.7 127.7 436.1 104.0 0.0 381.3 94.6 329.4 362.7 203.1 114.8 459.8 398.9 414.2 223.8 240.4 177.0 273.8 181.5 342.1 419.5 51.1 240.5 94.0 152.1 408.4 162.0 246.0 72.3 455.1 267.9 310.9 396.4 33.8
1674.0 244.5 135.4 345.1 166.6 185.1 200.9 346.2 142.1 161.7 189.9 199.2 305.1 149.2 198.2 279.1 133.0 253.6 96.4 184.7 385.2 332.3 353.4 216.3 58.2 101.2 124.8 125.9 242.8 73.6 99.5 58.1 173.6 135.2 69.2 300.6 141.8 280.1 116.6 286.4 202.2 329.6 284.6 282.7 271.9 70.9 172.6 288.1 124.7 119.2 312.5 279.7 166.2 97.8 277.7 329.2 338.2 280.6 64.0 213.2 396.1 321.0 251.8 130.4 400.7 70.0 326.7 43.3 178.3 296.8 83.9 169.4 141.8 325.4 155.1 208.4 230.9 365.3 316.8 327.4 351.1 312.6 223.4 273.1 275.6 142.3 363.7 193.4 335.3 173.1 119.9 285.1 211.6 369.3 198.8 311.0 256.9 175.2 297.3 351.1 0.0 300.6 108.8 92.1 208.1 291.6 120.1 120.5 131.2 161.0 167.7 254.8 182.7 207.4 91.6 88.8 333.4 217.5 294.5 233.5 112.2 248.1 190.8 319.3 115.4 135.3 83.3 67.0 385.0
1906.6 105.2 265.4 113.8 399.0 179.4 163.6 113.8 325.2 358.7 403.3 130.9 114.9 337.6 117.9 143.5 242.7 83.5 356.0 144.3 84.5 31.6 52.7 111.0 317.8 284.3 213.9 322.9 92.7 291.9 282.6 268.8 222.0 394.8 328.8 156.9 171.7 18.6 299.7 138.7 126.8 131.1 114.5 93.5 26.8 330.5 194.2 97.9 307.8 310.1 109.0 58.7 214.6 280.9 87.5 151.7 105.8 145.0 302.6 134.3 103.8 143.2 157.7 313.5 100.0 295.9 98.4 274.0 137.8 106.6 280.4 146.7 324.9 108.3 169.9 138.7 165.2 103.5 16.2 97.1 89.3 121.1 243.8 104.5 173.0 339.3 63.0 123.7 130.1 422.8 303.0 164.2 232.0 121.3 201.9 90.0 66.7 366.6 127.2 114.3 311.8 0.0 259.9 293.2 122.8 156.0 379.7 329.4 344.7 154.3 159.3 104.7 204.3 109.2 272.6 348.4 134.6 145.8 104.3 88.1 338.9 108.8 173.7 105.8 375.0 186.8 241.4 325.3 92.7
1766.5 238.9 53.1 270.6 151.6 135.5 151.3 279.0 119.6 105.7 150.3 201.3 230.6 126.7 123.7 277.2 58.5 217.2 163.3 185.5 313.3 262.9 284.0 244.7 114.8 78.7 60.9 69.9 222.2 68.3 77.0 45.2 99.1 188.9 125.8 226.1 67.3 210.7 94.1 281.0 204.3 255.1 248.2 208.2 202.5 124.6 98.1 213.6 102.2 50.1 238.0 210.3 91.7 75.3 203.2 293.7 271.0 278.7 79.0 234.8 335.1 285.5 282.9 107.9 328.8 72.3 259.0 63.0 103.8 222.3 56.8 94.9 119.3 258.2 157.2 176.2 173.0 290.8 247.4 252.9 276.6 245.4 148.9 238.2 306.7 86.3 294.3 191.2 285.1 175.4 97.4 297.9 137.1 308.6 124.3 241.6 182.4 119.2 260.9 300.9 106.2 231.2 0.0 66.0 246.3 289.7 173.8 123.8 139.1 86.5 169.8 210.2 108.2 203.9 87.4 144.4 258.9 143.0 220.0 159.0 133.3 242.5 141.2 251.6 182.3 137.4 17.8 122.6 324.0
1761.5 270.1 43.2 301.8 115.4 166.7 182.5 310.2 118.8 69.5 114.1 232.4 261.8 125.9 154.9 308.4 89.7 248.4 162.5 216.6 344.5 294.1 315.2 275.9 114.0 65.5 92.1 33.7 253.4 117.5 76.2 91.3 130.3 173.7 125.0 257.3 98.5 241.9 93.3 312.2 235.4 286.3 279.4 239.4 233.7 124.1 129.3 244.8 101.4 27.0 269.2 241.5 122.9 74.5 234.4 324.9 302.2 309.9 128.2 266.0 366.3 316.7 314.1 73.9 360.0 121.5 290.2 44.2 135.0 253.5 106.0 126.1 118.5 289.4 188.3 207.4 204.2 322.0 278.6 284.1 307.8 276.6 180.1 269.4 337.9 50.1 325.5 222.4 316.3 139.2 96.6 329.1 168.3 339.8 155.5 272.8 213.6 83.0 292.1 332.1 87.4 262.4 65.5 0.0 277.5 320.9 173.3 123.0 138.3 117.7 200.9 241.4 139.4 235.1 118.6 143.6 290.1 174.2 251.2 190.2 132.5 273.7 172.4 282.8 160.0 168.5 67.0 121.8 355.2
1823.6 56.2 256.8 190.3 352.6 141.2 125.4 160.6 320.0 353.5 375.9 61.9 129.7 332.4 112.7 93.5 220.6 65.3 282.4 75.3 172.4 144.0 165.1 10.0 244.2 279.1 208.7 317.7 54.5 218.6 277.4 219.5 216.8 321.2 255.2 231.4 166.5 91.8 294.5 122.8 57.8 207.6 96.3 168.0 83.6 256.9 189.0 112.7 302.6 304.9 137.1 91.4 209.4 275.7 102.3 142.9 152.6 95.0 229.3 11.4 216.2 134.4 56.7 308.3 212.4 222.6 158.1 241.2 132.6 121.4 206.3 141.5 319.7 139.8 100.9 100.5 114.4 189.9 128.5 149.6 175.7 127.0 217.4 86.3 72.0 334.1 175.4 85.5 180.2 359.1 297.8 114.2 254.8 207.7 215.2 122.7 81.3 361.4 109.0 193.6 238.2 112.3 254.7 288.0 0.0 106.0 306.1 306.5 317.2 149.1 90.3 66.5 199.1 72.8 227.2 274.8 158.0 136.6 119.1 82.9 298.2 59.8 135.5 150.7 301.4 117.8 236.2 253.0 205.1
1887.8 50.7 311.2 221.7 392.4 194.3 178.5 104.3 373.2 406.7 415.7 96.5 65.5 380.3 165.9 12.5 275.0 90.3 322.2 112.1 153.8 121.4 140.0 95.2 284.0 332.3 261.9 370.9 107.6 258.4 330.6 252.3 270.0 361.0 295.0 277.2 219.7 145.0 347.7 25.1 93.0 239.0 66.7 221.2 136.8 296.7 242.2 139.3 355.8 358.1 119.9 144.6 262.6 328.9 92.4 67.9 96.3 11.0 269.1 117.5 143.6 59.7 63.8 361.5 150.7 262.4 65.4 287.1 185.8 73.8 246.9 194.7 372.9 78.8 136.1 153.6 213.2 130.8 134.7 105.8 120.2 91.6 319.8 69.3 77.6 387.3 137.9 138.6 82.8 398.9 351.0 8.1 308.0 116.8 268.4 175.9 113.6 414.6 54.0 98.6 278.0 148.7 307.9 341.2 106.0 0.0 345.9 346.3 357.0 202.3 125.5 119.6 252.3 125.9 267.0 314.6 83.3 198.5 137.1 130.6 338.0 47.1 188.6 58.0 341.2 153.0 289.4 292.8 132.5
1675.1 323.6 196.8 411.9 70.3 237.2 255.6 425.3 83.6 137.9 96.6 271.0 379.0 49.1 272.1 361.2 210.7 335.7 32.9 265.2 442.8 414.4 435.5 298.4 128.9 138.7 185.5 162.0 324.9 152.7 114.1 134.4 247.5 41.9 120.9 370.4 218.7 359.2 88.4 368.5 274.5 396.4 366.7 349.5 354.0 57.7 246.5 362.0 78.9 180.6 386.4 361.8 240.1 106.1 351.6 408.6 417.3 362.7 146.1 295.3 478.2 400.1 339.4 148.7 482.8 152.1 408.8 124.5 252.2 370.7 166.7 243.3 61.8 404.5 224.4 268.7 313.0 442.2 398.9 398.8 425.0 394.7 297.3 355.0 354.7 145.6 442.8 272.5 420.9 76.8 105.0 367.2 285.5 451.4 272.7 389.2 330.6 105.7 379.4 433.2 132.9 379.7 171.4 179.4 290.2 373.7 0.0 62.2 42.0 234.9 237.0 313.4 256.6 310.0 160.9 108.3 423.2 284.3 368.4 301.9 56.9 313.7 245.5 401.4 19.1 204.6 152.6 90.9 464.1
1703.7 294.1 155.2 357.0 112.3 221.9 237.7 365.4 102.0 154.9 135.6 252.5 317.0 109.1 210.1 332.4 144.9 303.6 42.1 236.7 399.7 349.3 370.4 310.9 99.1 80.5 166.5 119.1 308.6 137.5 59.4 111.4 185.5 80.9 110.1 312.5 153.7 297.1 26.2 367.4 255.5 341.5 334.6 294.6 288.9 41.7 184.5 300.0 84.6 139.0 324.4 296.7 178.1 43.8 289.6 380.1 357.4 333.9 148.2 289.3 421.5 371.9 349.1 109.7 415.2 141.5 345.4 114.6 190.2 308.7 126.0 181.3 101.7 344.6 208.4 262.6 259.4 377.2 333.8 339.3 363.0 331.8 235.3 324.6 372.9 135.5 380.7 270.4 371.5 118.8 79.8 353.1 223.5 395.0 210.7 328.0 268.8 143.4 347.3 387.3 125.5 317.6 120.7 122.0 300.8 344.9 65.8 0.0 76.9 172.9 221.0 296.6 194.6 290.3 144.9 105.8 345.3 229.4 306.4 245.4 9.4 297.7 227.6 338.0 61.1 188.6 122.2 84.0 410.4
1710.9 301.3 175.1 376.9 88.6 228.4 246.8 385.3 85.1 170.0 111.9 259.2 336.9 7.1 230.0 339.6 164.8 323.5 24.1 245.8 419.6 369.2 390.3 318.1 106.3 100.4 173.7 139.0 317.6 144.7 72.0 125.6 205.4 57.2 117.3 332.4 173.6 317.0 79.6 377.3 262.7 361.4 354.5 314.5 308.8 48.9 204.4 319.9 36.8 158.9 344.3 316.6 198.0 97.3 309.5 400.3 377.3 341.1 155.4 296.5 441.4 391.8 364.8 129.6 435.1 148.7 365.3 121.8 210.1 328.6 132.4 201.2 19.7 364.5 215.6 264.2 279.3 397.1 353.7 356.7 382.9 351.7 255.2 344.5 380.1 155.4 400.6 277.6 394.9 95.1 62.9 360.3 243.4 414.9 230.6 344.0 288.7 126.5 367.2 407.2 132.7 337.5 140.6 141.9 308.0 352.1 42.1 53.4 0.0 192.8 228.2 304.6 214.5 299.4 152.1 105.2 365.2 249.3 326.3 265.3 45.1 304.9 236.7 357.9 37.4 195.8 142.1 82.1 430.3
1793.3 152.3 113.3 184.0 244.6 48.9 64.7 192.4 170.8 204.3 248.9 129.4 144.0 177.9 37.1 190.6 77.1 130.6 214.5 113.6 226.7 176.3 197.4 158.1 166.0 129.9 59.5 168.5 135.6 137.5 128.2 114.4 67.6 247.6 177.0 139.5 17.3 124.1 145.3 194.4 132.4 168.5 161.6 121.6 115.9 205.4 39.8 127.0 153.4 155.7 151.4 123.7 60.2 126.5 116.6 207.1 184.4 192.1 148.2 148.2 248.5 198.9 196.3 159.1 242.2 141.5 172.4 114.2 17.2 135.7 126.0 8.3 170.5 171.6 85.3 89.6 86.4 204.2 160.8 166.3 190.0 158.8 117.4 151.6 220.1 184.9 207.7 104.6 198.5 268.4 148.6 211.3 105.6 222.0 66.0 155.0 95.8 212.2 174.3 214.3 157.4 144.6 105.5 138.8 159.7 203.1 232.5 175.0 190.3 0.0 97.9 123.6 49.9 117.3 118.2 195.6 172.3 56.4 133.4 72.4 184.5 155.9 54.6 165.0 233.5 65.5 87.0 173.8 237.4
1803.4 73.0 185.6 163.9 266.8 86.4 89.2 196.4 262.0 276.4 290.1 31.4 164.5 243.8 81.0 111.3 149.4 100.1 196.6 15.7 231.7 178.8 199.9 96.8 158.4 202.0 150.7 240.6 89.3 132.8 219.4 126.7 158.8 235.4 169.4 119.4 108.5 126.6 211.9 149.0 34.4 148.4 131.1 125.1 118.4 171.1 131.0 147.5 244.6 220.9 171.9 126.2 151.4 217.7 137.1 177.4 188.4 112.8 143.5 71.2 251.0 169.2 135.0 231.2 247.2 136.8 189.3 161.5 100.9 156.2 121.3 100.8 261.7 175.6 10.6 64.3 86.8 224.7 163.3 186.8 210.5 162.8 189.8 121.1 158.8 257.0 210.2 49.3 206.7 273.3 239.8 132.0 192.7 240.7 157.2 157.5 116.3 284.4 143.8 222.5 152.4 147.1 170.7 210.3 108.6 123.8 220.3 220.7 231.4 91.1 0.0 101.3 141.1 107.6 141.4 189.0 192.8 109.0 153.9 112.2 212.4 76.6 92.1 181.9 215.6 27.4 151.9 167.2 239.9
1812.0 68.9 232.6 172.2 350.3 77.2 58.8 137.0 292.6 326.1 370.7 38.4 106.6 305.0 94.6 107.1 235.1 29.2 280.1 48.5 154.3 125.9 147.0 74.7 240.8 252.8 181.3 291.4 12.0 216.3 250.0 228.8 190.5 317.8 252.9 105.9 139.1 73.7 268.2 111.8 41.9 189.5 60.2 149.9 65.5 254.6 162.7 94.6 276.3 278.6 120.1 73.3 183.1 248.3 84.2 106.8 129.0 108.6 227.0 61.8 198.1 98.3 121.4 282.0 194.3 220.3 122.0 242.5 114.5 98.3 204.0 123.4 293.4 116.2 75.2 45.7 74.4 171.8 110.4 131.4 157.6 104.5 177.4 48.5 136.7 307.8 157.3 17.8 155.3 356.8 271.5 127.8 224.4 185.8 188.9 100.7 63.2 334.0 72.9 168.7 235.9 95.3 228.4 261.7 72.2 119.6 306.8 297.9 312.1 122.8 64.6 0.0 172.8 4.5 224.9 272.5 136.0 96.6 101.0 64.8 306.3 72.5 68.9 114.6 299.1 113.6 209.9 249.4 187.0
1823.6 190.9 116.4 200.8 274.9 87.5 103.3 231.0 201.1 187.9 232.5 168.0 182.6 208.2 75.7 229.2 102.7 169.2 244.8 152.2 244.2 214.9 236.0 196.7 196.3 160.2 89.8 152.1 174.2 167.8 158.5 144.7 74.7 277.9 207.3 156.3 47.6 162.7 175.6 233.0 171.0 185.3 200.2 139.1 154.5 224.1 8.9 165.6 183.7 132.3 190.0 162.3 82.1 156.8 155.2 245.7 223.0 230.7 178.5 186.8 286.8 237.5 234.9 189.4 259.7 171.8 211.0 144.5 55.8 174.3 156.3 46.9 200.8 210.2 123.9 128.2 125.0 242.8 199.4 204.9 228.6 197.4 94.8 190.2 258.7 168.5 246.3 143.2 237.1 298.7 178.9 249.9 83.0 260.6 16.0 193.6 134.4 242.5 212.9 252.9 187.7 183.2 135.8 169.1 198.3 241.7 262.8 205.3 220.6 38.5 136.5 162.2 0.0 155.9 148.5 225.9 210.9 95.0 172.0 111.0 214.8 194.5 93.2 203.6 263.8 104.1 117.3 204.1 276.0
1805.7 73.4 226.3 176.7 344.0 70.9 52.5 143.3 289.2 320.9 365.5 35.0 112.9 299.8 100.9 113.4 228.8 35.5 273.8 43.3 160.6 132.2 153.3 77.1 235.6 246.5 176.1 285.1 18.3 210.0 244.8 222.5 184.2 312.6 246.6 100.7 133.9 78.2 261.9 118.1 36.7 194.0 66.5 156.2 70.0 248.3 156.4 100.9 270.0 272.3 123.5 79.6 176.8 243.1 90.5 113.1 133.5 113.1 220.7 55.5 204.4 104.6 123.8 275.7 200.6 214.0 128.3 236.2 120.8 104.6 197.7 126.2 287.1 120.7 68.9 39.4 68.1 176.3 116.7 137.7 162.1 107.9 171.1 54.8 139.1 301.5 161.8 12.6 161.6 350.5 265.2 134.1 218.1 192.1 182.6 107.0 69.5 328.8 79.2 172.1 229.6 98.7 222.1 255.4 67.0 125.9 300.5 291.6 306.9 116.5 58.3 5.1 166.5 0.0 218.6 266.2 139.4 90.3 107.3 71.1 301.1 78.8 62.6 120.9 292.8 108.4 203.6 243.1 193.3
1796.4 228.6 108.7 286.3 209.5 151.2 167.0 294.7 135.7 169.2 213.8 187.0 246.3 142.8 139.4 266.9 74.2 232.9 154.6 171.2 329.0 278.6 299.7 245.4 130.9 94.8 101.0 133.4 237.9 102.4 93.1 79.3 114.8 193.4 141.9 241.8 83.0 226.4 110.2 296.7 190.0 270.8 263.9 223.9 218.2 129.1 113.8 229.3 118.3 120.6 253.7 226.0 107.4 91.4 218.9 309.4 286.7 268.4 113.1 223.8 350.8 301.2 283.6 124.0 344.5 106.4 274.7 79.1 119.5 238.0 90.9 110.6 135.4 273.9 142.9 191.9 188.7 306.5 263.1 268.6 292.3 261.1 164.6 253.9 307.4 149.8 310.0 204.9 300.8 233.3 113.5 287.6 152.8 324.3 140.0 257.3 198.1 177.1 276.6 316.6 122.3 246.9 70.4 103.7 235.3 279.4 178.3 139.9 155.2 102.2 155.5 225.9 123.9 219.6 0.0 160.5 274.6 158.7 235.7 174.7 149.4 232.2 156.9 267.3 173.6 123.1 51.9 138.7 339.7
1650.7 267.0 186.7 330.5 139.9 207.6 223.4 368.7 133.5 186.4 163.2 236.6 338.3 116.9 241.6 301.6 166.5 276.1 69.7 207.2 407.7 354.8 375.9 238.8 72.3 112.0 147.3 150.6 265.3 96.1 90.9 95.5 217.0 108.5 61.3 286.0 185.2 302.6 67.0 308.9 239.6 315.0 307.1 317.3 294.4 44.2 216.0 323.5 116.1 170.5 347.9 302.2 209.6 75.3 313.1 351.7 360.7 303.1 86.5 235.7 418.6 343.5 274.3 141.2 423.2 92.5 349.2 98.7 221.7 330.0 106.4 212.8 133.2 347.9 192.5 230.9 253.4 400.7 339.3 362.8 386.5 335.1 266.8 295.6 298.1 167.0 386.2 215.9 357.8 146.4 111.3 307.6 255.0 391.8 242.2 333.5 292.3 174.9 319.8 373.6 73.3 323.1 152.2 153.5 230.6 314.1 93.4 96.7 104.5 204.4 205.1 277.3 226.1 229.9 129.0 0.0 366.6 252.1 329.9 276.9 85.5 270.6 213.3 341.8 88.7 172.7 120.7 19.8 407.5
1895.4 121.2 286.0 202.4 417.3 200.3 193.8 61.8 343.5 377.0 421.6 156.2 28.2 355.9 136.2 95.8 249.8 105.6 384.9 180.6 113.5 102.1 90.4 147.3 338.7 302.6 232.2 341.2 122.9 310.2 300.9 278.6 240.3 423.7 349.7 257.9 190.0 133.3 318.0 48.1 159.7 219.7 78.9 209.5 125.1 359.4 212.5 102.0 326.1 328.4 100.6 132.9 232.9 299.2 55.1 61.1 68.9 94.3 320.9 170.0 86.9 52.6 124.2 331.8 94.0 314.2 46.1 292.3 156.1 36.5 297.9 165.0 343.2 59.5 206.2 168.9 183.5 74.1 115.4 80.0 84.7 72.3 290.1 84.6 108.9 357.6 81.2 153.9 26.1 441.1 321.3 75.1 278.3 60.1 238.7 160.3 76.3 384.9 66.9 41.9 330.1 129.4 278.2 311.5 158.5 83.3 408.6 347.7 363.0 172.6 195.6 136.0 222.6 139.4 290.9 368.3 0.0 182.2 108.4 106.4 357.2 117.6 203.9 38.7 403.9 219.5 259.7 345.2 75.8
1861.4 197.1 138.4 128.0 255.8 80.3 96.1 239.7 238.9 209.9 254.5 155.5 191.3 246.0 86.5 235.4 124.7 177.9 262.3 145.0 170.2 182.2 203.3 198.9 224.1 198.0 127.6 174.1 164.7 198.5 196.3 182.5 96.7 301.1 235.1 100.6 85.4 153.3 213.4 241.7 158.5 112.5 208.9 65.1 161.5 236.8 98.0 174.3 221.5 154.3 198.7 141.7 104.1 194.6 163.9 254.4 231.7 236.9 209.2 177.3 212.8 246.2 237.1 227.2 185.7 202.5 219.7 182.3 66.6 183.0 187.0 57.7 238.6 218.9 116.7 121.0 73.0 245.4 166.7 213.6 231.2 206.1 116.8 198.9 260.9 190.5 213.6 136.0 245.8 279.6 216.7 256.1 105.0 259.6 74.9 164.3 143.1 223.4 221.6 250.5 218.1 150.5 173.6 206.9 188.8 247.9 286.0 243.1 258.4 68.0 129.3 152.7 89.1 146.4 186.3 254.7 219.6 0.0 180.7 119.7 252.6 200.7 86.0 212.3 281.3 96.9 155.1 232.9 216.6
1913.9 112.5 257.0 176.0 388.3 173.9 170.9 99.0 314.5 348.0 392.6 127.7 70.0 321.6 107.2 126.9 220.8 90.8 355.9 153.2 108.1 75.7 94.3 118.3 309.7 273.6 203.2 312.2 100.0 281.2 271.9 258.1 211.3 394.7 320.7 231.5 161.0 104.3 289.0 120.4 130.7 193.3 98.0 180.5 96.1 330.4 183.5 6.1 297.1 299.4 18.0 103.9 203.9 270.2 42.6 133.1 91.0 128.4 291.9 141.6 133.4 124.9 135.4 302.8 123.6 285.2 83.6 257.9 127.1 61.7 269.7 136.0 314.2 93.5 177.2 146.0 154.5 70.7 89.0 32.9 56.5 84.8 261.1 103.7 159.2 328.6 104.6 131.0 124.5 412.1 292.3 147.4 249.3 88.5 209.7 135.2 47.3 355.9 110.7 117.5 301.1 103.0 249.2 282.5 130.1 139.4 379.6 318.7 334.0 143.6 166.6 112.0 193.6 118.3 261.9 339.3 98.3 153.2 0.0 71.9 328.2 116.1 179.6 91.0 374.9 190.5 230.7 317.5 122.3
1827.7 85.3 185.0 155.6 316.3 99.3 117.7 119.9 242.5 276.0 320.6 49.7 71.5 249.4 35.2 118.1 201.9 58.1 283.9 65.3 132.2 103.8 124.9 85.6 232.2 201.6 131.2 240.2 64.9 209.2 194.4 177.6 139.3 322.7 248.7 91.6 89.0 51.6 217.0 121.9 58.7 172.9 89.1 127.8 48.9 258.4 111.5 54.5 225.1 227.4 84.4 51.2 131.9 192.7 44.1 134.9 117.4 125.1 219.9 77.5 176.0 131.9 132.3 230.8 172.2 213.2 99.9 191.3 49.6 68.7 196.9 64.0 242.2 104.6 90.9 79.4 82.5 137.2 88.3 91.3 123.0 91.8 189.1 77.4 153.1 256.6 135.2 52.6 129.5 340.1 220.3 138.8 177.3 149.5 137.7 78.6 23.1 283.9 101.8 147.3 229.1 72.1 177.2 210.5 89.0 130.6 310.6 246.7 256.5 71.6 80.3 51.8 121.6 48.4 189.9 267.3 105.3 81.2 60.9 0.0 256.2 83.4 107.6 98.0 302.9 113.0 158.7 244.2 170.4
1694.2 284.6 163.5 365.3 102.8 211.7 230.1 373.7 110.3 163.2 126.1 242.5 325.3 74.5 218.4 322.9 153.2 311.7 32.6 229.1 408.0 357.6 378.7 301.4 89.6 88.8 157.0 127.4 300.9 128.0 67.7 108.9 193.8 71.4 100.6 320.8 162.0 305.4 34.5 360.6 246.0 349.8 342.7 302.9 297.2 32.2 192.8 308.3 92.9 147.3 332.7 305.0 186.4 52.1 297.9 388.7 365.7 324.4 138.7 279.8 429.8 380.2 348.1 118.0 423.5 132.0 353.7 105.1 198.5 317.0 115.7 189.6 110.0 352.9 198.9 247.5 267.7 385.5 342.1 345.1 371.3 340.1 243.6 331.0 363.4 143.8 389.0 260.9 379.8 109.3 88.1 343.6 231.8 403.3 219.0 336.3 276.9 151.7 355.4 395.6 116.0 325.9 129.0 130.3 291.3 335.4 56.3 8.3 67.4 181.2 211.5 289.0 202.9 282.7 135.4 88.5 353.6 237.7 314.7 248.2 0.0 288.2 220.0 346.3 51.6 179.1 127.1 65.4 418.7
1843.6 3.5 264.0 196.3 345.2 147.2 131.4 119.7 326.0 359.5 368.5 49.3 89.3 333.1 118.7 34.6 227.8 67.6 275.0 64.9 187.2 150.0 171.1 48.0 236.8 285.1 214.7 323.7 60.5 211.2 283.4 205.1 222.8 313.8 247.8 237.4 172.5 97.8 300.5 72.3 45.8 213.6 60.9 174.0 89.6 249.5 195.0 118.7 308.6 310.9 143.1 97.4 215.4 281.7 73.5 107.2 111.7 36.1 221.9 71.3 190.8 99.0 61.1 314.3 197.9 215.2 112.6 239.9 138.6 81.0 199.7 147.5 325.7 98.9 88.9 106.5 166.0 167.8 134.5 139.2 153.6 86.1 272.6 46.6 84.9 340.1 181.4 91.5 130.0 351.7 303.8 55.3 260.8 164.0 221.2 128.7 87.5 367.4 73.6 145.8 230.8 118.3 260.7 294.0 59.8 47.1 298.7 299.1 309.8 155.1 78.3 72.5 205.1 78.8 219.8 267.4 117.6 151.3 125.1 83.4 290.8 0.0 141.5 105.2 294.0 105.8 242.2 245.6 179.7
1812.5 137.9 163.6 221.2 281.3 5.6 10.1 206.0 224.7 258.2 302.8 109.6 175.6 231.8 92.3 176.1 127.4 98.2 211.1 93.8 247.8 194.9 216.0 143.7 172.9 183.8 113.4 222.4 80.9 147.3 182.1 141.2 121.5 249.9 183.9 176.7 71.2 142.7 199.2 180.8 112.6 205.7 129.2 158.8 134.5 185.6 93.7 163.6 207.3 209.6 188.0 142.3 114.1 180.4 153.2 175.5 198.0 177.6 158.0 128.4 267.1 167.3 181.9 213.0 263.3 151.3 191.0 168.1 72.4 167.3 135.8 63.5 224.4 185.2 65.5 35.0 104.1 240.8 179.4 202.9 226.6 172.4 165.0 119.2 205.7 238.8 226.3 49.9 220.8 287.8 202.5 196.8 155.4 254.8 119.9 173.6 132.4 266.1 141.9 236.6 166.9 163.2 159.4 192.7 139.9 188.6 234.8 228.9 244.2 53.8 78.1 68.9 103.8 62.6 155.9 203.5 203.9 93.6 170.0 127.6 238.4 141.5 0.0 183.6 230.1 45.7 140.9 181.7 256.0
1931.3 118.8 288.7 163.6 420.0 201.9 183.5 46.2 346.2 379.7 424.3 158.9 30.9 358.6 138.9 80.5 305.6 95.3 387.6 178.6 71.2 63.3 81.9 148.9 341.4 305.3 234.9 343.9 112.6 312.9 303.6 281.3 243.0 426.4 352.4 219.1 192.7 109.3 320.7 32.8 161.1 180.9 64.3 180.7 117.5 362.1 215.2 85.2 328.8 331.1 61.8 135.6 235.6 301.9 57.8 45.8 38.2 79.0 323.6 172.2 115.7 37.3 108.9 334.5 111.2 316.9 7.3 289.6 158.8 39.2 300.6 167.7 345.9 20.7 204.2 166.1 186.2 76.3 76.6 41.2 62.1 33.5 283.9 74.3 93.6 360.3 92.2 143.6 58.4 443.8 324.0 59.8 281.0 88.9 241.4 163.0 79.2 387.6 51.6 70.7 332.8 90.6 280.9 314.2 160.7 68.0 411.3 350.4 365.7 175.3 193.6 124.6 225.3 129.1 293.6 371.0 28.7 184.9 79.0 109.1 359.9 115.2 193.6 0.0 406.6 221.1 262.4 347.9 104.6
1702.7 295.4 177.6 397.2 51.1 225.1 240.9 412.7 64.4 118.7 74.4 253.8 364.3 39.7 257.4 333.7 187.0 322.5 18.2 238.0 439.9 396.6 417.7 312.2 100.4 124.0 167.8 162.6 311.7 138.8 99.4 112.7 232.8 19.7 111.4 352.7 201.0 344.4 73.7 371.4 256.8 381.7 353.5 334.8 336.2 43.0 231.8 347.3 64.2 161.4 371.7 344.0 225.4 91.4 336.9 399.8 404.7 335.2 149.5 290.6 468.8 391.6 350.4 129.5 455.4 142.8 392.7 115.9 237.5 356.0 127.3 228.6 47.1 391.9 209.7 265.8 301.4 424.5 381.1 386.6 410.3 379.1 282.6 343.5 374.2 126.4 428.0 271.7 418.8 57.6 90.3 354.4 270.8 442.3 258.0 375.3 316.1 83.5 366.2 434.6 126.8 364.9 156.7 164.7 302.1 346.2 29.1 47.5 27.3 220.2 222.3 299.8 241.9 293.5 146.2 99.3 392.6 269.6 353.7 292.7 39.2 299.0 230.8 385.3 0.0 189.9 137.9 77.5 457.7
1775.9 105.4 158.1 231.0 239.3 56.3 74.7 228.8 234.5 248.9 262.6 63.3 196.9 211.0 102.1 143.7 121.9 132.5 169.1 50.0 264.1 211.2 232.3 126.0 130.9 174.5 123.2 213.1 121.7 105.3 191.9 106.2 131.3 207.9 141.9 186.5 81.0 159.0 184.4 181.4 66.8 215.5 163.5 168.6 150.8 143.6 103.5 179.9 217.1 193.4 204.3 158.6 123.9 190.2 169.5 210.1 220.8 145.2 116.0 104.4 283.4 201.6 172.7 203.7 279.6 109.3 221.7 134.0 82.2 188.6 93.0 73.3 234.2 208.0 19.7 96.7 119.2 257.1 195.7 216.8 242.9 195.2 174.8 153.5 188.0 229.5 242.6 81.7 242.6 245.8 212.3 164.4 165.2 273.1 129.7 186.0 148.5 256.9 176.2 254.9 124.9 179.5 143.2 182.8 115.9 156.2 192.8 193.2 203.9 63.6 32.3 132.5 113.6 129.1 113.9 161.5 225.2 103.4 186.3 137.4 184.9 109.0 64.6 214.3 188.1 0.0 124.4 138.4 272.3
1748.6 225.0 71.9 273.0 170.4 137.9 153.7 281.4 102.0 124.5 169.1 183.4 233.0 109.1 126.1 263.3 60.9 219.6 145.7 167.6 315.7 265.3 286.4 241.8 97.2 61.1 97.4 88.7 224.6 50.4 59.4 27.3 101.5 171.0 108.2 228.5 69.7 213.1 76.5 283.4 186.4 257.5 250.6 210.6 204.9 106.7 100.5 216.0 84.6 68.9 240.4 212.7 94.1 57.7 205.6 296.1 273.4 264.8 61.1 220.2 337.5 287.9 280.0 90.3 331.2 54.4 261.4 45.4 106.2 224.7 38.9 97.3 101.7 260.6 139.3 178.6 175.4 293.2 249.8 255.3 279.0 247.8 151.3 240.6 303.8 105.1 296.7 193.6 287.5 194.2 79.8 284.0 139.5 311.0 126.7 244.0 184.8 138.0 263.3 303.3 88.6 233.6 18.7 70.0 231.7 275.8 155.9 106.2 121.5 88.9 151.9 212.6 110.6 206.3 75.8 126.8 261.3 145.4 222.4 161.4 115.7 228.6 143.6 254.0 164.7 119.5 0.0 105.0 326.4
1672.5 257.2 166.8 368.6 120.0 185.4 203.8 375.9 112.5 166.5 142.2 215.1 328.6 90.6 221.7 296.6 165.5 297.9 49.8 201.7 389.3 360.9 382.0 260.6 62.2 92.1 129.6 130.7 287.1 117.9 69.9 82.6 197.1 88.6 83.1 323.0 164.2 307.6 47.1 330.7 218.6 352.0 328.9 306.2 299.4 24.3 196.1 311.6 96.2 150.6 336.0 308.3 189.7 54.3 301.2 373.8 369.0 297.0 108.3 257.5 433.1 365.3 304.6 121.3 426.8 114.3 357.0 72.7 200.7 320.3 89.4 192.9 113.3 355.1 172.6 216.9 271.0 387.7 345.4 348.4 373.5 342.3 246.9 317.2 321.2 147.1 391.2 237.7 383.1 126.5 91.4 329.4 235.1 406.6 222.3 335.7 280.2 153.9 341.6 395.4 95.1 328.1 132.3 133.6 252.4 309.1 76.5 76.8 83.5 184.5 185.2 261.6 206.2 258.2 109.1 21.8 355.8 241.0 318.0 251.5 64.5 261.9 193.7 348.5 68.8 152.8 100.8 0.0 420.9
1920.6 198.3 285.1 138.2 402.5 272.5 256.7 72.0 418.3 356.6 401.2 224.0 113.3 430.7 211.0 161.2 262.4 176.6 449.1 237.4 49.8 65.7 46.8 204.1 410.9 377.4 291.0 320.8 185.8 385.0 375.7 361.9 263.1 487.9 421.9 184.6 264.8 111.7 392.8 133.2 219.9 155.5 150.6 155.3 119.9 423.6 272.8 125.0 400.9 301.0 101.6 151.8 270.5 374.0 140.2 104.0 79.1 159.7 395.7 227.4 11.0 112.5 180.2 361.0 18.1 389.0 98.8 361.7 230.9 121.6 372.7 239.8 418.0 90.7 263.0 231.8 258.3 56.9 79.0 89.9 67.5 103.5 220.0 160.6 164.9 337.2 37.6 216.8 46.1 426.3 396.1 140.5 229.1 42.9 249.7 179.2 159.6 370.1 137.9 33.8 404.9 93.0 353.0 316.9 215.9 148.7 472.8 422.5 437.8 247.4 252.4 197.8 263.9 202.3 365.7 441.5 85.0 207.6 118.8 181.2 432.0 195.9 266.8 106.2 468.1 279.9 334.5 418.4 0.0
