Name		1877_BED-Amazon_n138_m200_bt31
Number_of_Customers	138
Number_of_Items		200
Number_of_ItemTypes	31
Number_of_Vehicles	1
TimeWindows		0
Dist_type	manual

VEHICLE
Mass_Capacity	1208
CargoSpace_Length	174
CargoSpace_Width	97
CargoSpace_Height	105

CUSTOMERS
i	x	y	Demand	ReadyTime	DueDate	ServiceTime	DemandedMass	DemandedVolume
0	42.139891	-71.494346	0	0	0	0	0	0
1	42.449362	-71.194229	1	0	0	0	4.7	1380
2	42.44653	-71.21833	1	0	0	0	4.7	1380
3	42.442597	-71.226665	1	0	0	0	4.7	1380
4	42.435469	-71.231048	1	0	0	0	4.7	1380
5	42.447603	-71.227638	2	0	0	0	7.11	18603
6	42.447395	-71.216645	1	0	0	0	4.7	1380
7	42.456638	-71.22367	1	0	0	0	1.59	3400
8	42.448797	-71.223614	1	0	0	0	4.7	1380
9	42.422758	-71.244163	5	0	0	0	23.04	48550
10	42.43342	-71.23049	2	0	0	0	6.45	5988
11	42.443121	-71.225991	2	0	0	0	8.0	6280
12	42.450583	-71.205094	1	0	0	0	2.6	10400
13	42.447653	-71.222853	1	0	0	0	0.7	2640
14	42.440512	-71.219915	1	0	0	0	0.7	2640
15	42.424398	-71.249341	1	0	0	0	1.75	4608
16	42.436537	-71.234746	2	0	0	0	7.2	5358
17	42.449888	-71.196027	1	0	0	0	3.44	17100
18	42.435247	-71.232657	1	0	0	0	3.82	8580
19	42.454778	-71.2264	1	0	0	0	1.9	1176
20	42.434049	-71.238646	1	0	0	0	2.5	3978
21	42.435406	-71.23756	1	0	0	0	0.7	2640
22	42.448647	-71.222541	1	0	0	0	2.5	3978
23	42.449254	-71.207878	1	0	0	0	4.7	1380
24	42.427399	-71.253119	2	0	0	0	7.71	6924
25	42.428249	-71.22951	1	0	0	0	4.7	1380
26	42.428888	-71.228426	1	0	0	0	7.3	3640
27	42.44173	-71.222338	1	0	0	0	0.7	2640
28	42.436264	-71.232916	2	0	0	0	8.2	10596
29	42.448311	-71.20684	1	0	0	0	1.75	4608
30	42.448272	-71.198523	1	0	0	0	4.7	1380
31	42.449313	-71.198782	1	0	0	0	4.7	1380
32	42.446609	-71.227853	3	0	0	0	8.58	18732
33	42.454628	-71.229521	2	0	0	0	5.4	4020
34	42.445556	-71.220426	1	0	0	0	0.7	2640
35	42.441393	-71.231891	2	0	0	0	7.48	14231
36	42.44556	-71.207133	1	0	0	0	7.3	3640
37	42.446239	-71.223477	1	0	0	0	7.3	3640
38	42.441742	-71.226629	1	0	0	0	2.5	3978
39	42.446594	-71.217578	1	0	0	0	2.5	3978
40	42.443058	-71.224983	1	0	0	0	0.7	2640
41	42.42236	-71.230045	2	0	0	0	3.74	11771
42	42.45423	-71.224301	1	0	0	0	0.7	2640
43	42.448869	-71.199669	1	0	0	0	0.7	2640
44	42.425962	-71.225145	1	0	0	0	4.8	6200
45	42.453914	-71.202189	3	0	0	0	16.11	28798
46	42.447851	-71.205405	1	0	0	0	4.7	1380
47	42.451391	-71.195542	1	0	0	0	1.75	4608
48	42.452783	-71.223632	1	0	0	0	7.63	16848
49	42.447278	-71.208627	2	0	0	0	4.76	10152
50	42.447476	-71.227394	1	0	0	0	2.91	13520
51	42.443096	-71.222912	1	0	0	0	3.01	5544
52	42.437777	-71.227545	1	0	0	0	0.7	2640
53	42.444038	-71.207843	1	0	0	0	1.8	2520
54	42.457662	-71.218589	1	0	0	0	3.82	8580
55	42.442124	-71.239658	1	0	0	0	3.01	5544
56	42.439269	-71.231671	2	0	0	0	10.1	5400
57	42.428669	-71.228348	3	0	0	0	13.73	23508
58	42.457184	-71.219053	1	0	0	0	2.5	3978
59	42.450931	-71.208757	2	0	0	0	10.94	9300
60	42.44668	-71.224423	1	0	0	0	4.7	1380
61	42.448774	-71.220833	1	0	0	0	3.01	5544
62	42.440275	-71.226923	1	0	0	0	1.75	4608
63	42.450094	-71.221618	2	0	0	0	17.01	17660
64	42.447971	-71.228332	1	0	0	0	4.8	6200
65	42.443375	-71.209492	1	0	0	0	1.59	3400
66	42.448127	-71.22028	1	0	0	0	7.3	3640
67	42.453086	-71.22507	1	0	0	0	4.7	1380
68	42.445942	-71.205107	1	0	0	0	4.7	1380
69	42.441478	-71.227637	1	0	0	0	2.75	9072
70	42.452049	-71.215275	1	0	0	0	3.01	5544
71	42.442354	-71.216342	2	0	0	0	9.99	9455
72	42.446967	-71.220828	1	0	0	0	0.7	2640
73	42.449314	-71.195631	1	0	0	0	4.7	1380
74	42.450826	-71.226771	1	0	0	0	4.7	1380
75	42.449884	-71.194733	1	0	0	0	2.75	9072
76	42.445573	-71.228622	1	0	0	0	4.7	1380
77	42.436851	-71.237741	1	0	0	0	7.63	16848
78	42.442179	-71.208502	1	0	0	0	3.01	5544
79	42.44185	-71.224527	2	0	0	0	12.0	5020
80	42.436514	-71.242927	1	0	0	0	0.7	2640
81	42.453706	-71.222456	1	0	0	0	7.3	3640
82	42.439623	-71.236454	1	0	0	0	4.7	1380
83	42.422564	-71.227456	1	0	0	0	4.8	6200
84	42.45142	-71.203857	2	0	0	0	7.2	5358
85	42.439847	-71.232391	4	0	0	0	12.15	33240
86	42.457668	-71.215952	3	0	0	0	16.3	22828
87	42.445533	-71.221691	2	0	0	0	3.2	6618
88	42.451498	-71.199862	1	0	0	0	4.21	5400
89	42.449265	-71.192946	2	0	0	0	4.35	15008
90	42.44859	-71.228229	2	0	0	0	6.75	22178
91	42.424517	-71.225383	1	0	0	0	4.7	1380
92	42.451649	-71.200888	1	0	0	0	2.6	10400
93	42.448643	-71.228329	2	0	0	0	5.41	17498
94	42.442374	-71.223741	2	0	0	0	13.22	10360
95	42.44767	-71.23073	1	0	0	0	3.01	5544
96	42.450764	-71.204216	1	0	0	0	4.7	1380
97	42.438471	-71.216868	3	0	0	0	10.5	10258
98	42.440723	-71.237287	2	0	0	0	10.1	5400
99	42.447252	-71.227245	1	0	0	0	2.5	3978
100	42.422395	-71.22578	1	0	0	0	0.7	2640
101	42.430327	-71.229855	1	0	0	0	1.75	4608
102	42.454547	-71.220496	1	0	0	0	4.7	1380
103	42.44613	-71.231038	2	0	0	0	12.8	21784
104	42.45276	-71.218166	2	0	0	0	5.57	12208
105	42.432586	-71.233645	1	0	0	0	1.9	1176
106	42.44394	-71.207621	2	0	0	0	3.58	8265
107	42.443368	-71.218963	1	0	0	0	4.7	1380
108	42.4499	-71.200609	2	0	0	0	8.08	18040
109	42.451745	-71.222972	2	0	0	0	5.4	4020
110	42.433288	-71.235041	2	0	0	0	8.3	13619
111	42.458181	-71.218569	1	0	0	0	4.8	6200
112	42.453443	-71.226948	2	0	0	0	6.68	15060
113	42.446426	-71.229973	3	0	0	0	19.02	52568
114	42.44254	-71.238983	1	0	0	0	1.75	4608
115	42.43288	-71.240819	1	0	0	0	4.7	1380
116	42.450708	-71.228164	1	0	0	0	1.75	4608
117	42.44063	-71.23436	1	0	0	0	7.3	3640
118	42.431983	-71.241091	1	0	0	0	4.7	1380
119	42.449192	-71.226966	1	0	0	0	4.7	1380
120	42.448977	-71.228768	2	0	0	0	5.4	4020
121	42.454976	-71.214754	1	0	0	0	2.5	3978
122	42.440921	-71.233419	1	0	0	0	2.94	14904
123	42.455128	-71.224471	1	0	0	0	4.7	1380
124	42.455261	-71.223864	2	0	0	0	7.3	11780
125	42.435701	-71.23622	2	0	0	0	4.91	6720
126	42.452995	-71.216822	1	0	0	0	7.3	3640
127	42.451119	-71.228697	2	0	0	0	5.99	10715
128	42.442222	-71.236228	1	0	0	0	4.7	1380
129	42.457693	-71.213564	1	0	0	0	4.7	1380
130	42.440888	-71.238603	1	0	0	0	1.75	4608
131	42.434427	-71.231484	1	0	0	0	4.7	1380
132	42.44706	-71.22939	1	0	0	0	4.7	1380
133	42.449448	-71.220977	1	0	0	0	0.7	2640
134	42.42341	-71.245429	1	0	0	0	1.75	4608
135	42.452421	-71.228977	1	0	0	0	4.7	1380
136	42.446199	-71.227617	1	0	0	0	2.5	3978
137	42.434902	-71.234599	1	0	0	0	0.7	2640
138	42.452586	-71.201512	1	0	0	0	7.3	3640

ITEMS
Type	Length	Width	Height	Mass	Fragility	LoadBearingStrength
Bt1	21	14	4	1.9	1	0
Bt2	23	15	4	4.7	1	0
Bt3	20	18	7	1.8	1	0
Bt4	15	11	16	0.7	1	0
Bt5	34	10	10	1.59	1	0
Bt6	20	14	13	7.3	1	0
Bt7	17	13	18	2.5	1	0
Bt8	29	15	10	4.66	1	0
Bt9	24	12	16	1.75	1	0
Bt10	23	17	13	4.2	1	0
Bt11	40	15	9	4.21	1	0
Bt12	28	22	9	3.01	1	0
Bt13	25	15	15	2.881	1	0
Bt14	27	19	12	2.19	1	0
Bt15	31	20	10	4.8	1	0
Bt16	29	19	13	1.99	1	0
Bt17	40	19	10	3.82	1	0
Bt18	44	15	12	6.24	1	0
Bt19	25	19	17	5.29	1	0
Bt20	22	15	26	3.816	1	0
Bt21	28	18	18	2.75	1	0
Bt22	40	20	13	2.6	1	0
Bt23	29	24	15	4.26	1	0
Bt24	26	20	26	2.91	1	0
Bt25	38	20	18	1.98	1	0
Bt26	27	23	24	2.94	1	0
Bt27	39	30	13	6.5	1	0
Bt28	39	27	16	7.63	1	0
Bt29	57	15	20	3.44	1	0
Bt30	35	20	26	4.25	1	0
Bt31	38	37	20	7.568	1	0

DEMANDS PER CUSTOMER
i	Type Quantity
1	Bt2 1	
2	Bt2 1	
3	Bt2 1	
4	Bt2 1	
5	Bt10 1	Bt24 1	
6	Bt2 1	
7	Bt5 1	
8	Bt2 1	
9	Bt22 2	Bt28 1	Bt7 1	Bt2 1	Bt12 1	
10	Bt9 1	Bt2 1	
11	Bt4 1	Bt6 1	
12	Bt22 1	
13	Bt4 1	
14	Bt4 1	
15	Bt9 1	
16	Bt7 1	Bt2 1	
17	Bt29 1	
18	Bt20 1	
19	Bt1 1	
20	Bt7 1	
21	Bt4 1	
22	Bt7 1	
23	Bt2 1	
24	Bt12 1	Bt2 1	
25	Bt2 1	
26	Bt6 1	
27	Bt4 1	
28	Bt9 2	Bt2 1	
29	Bt9 1	
30	Bt2 1	
31	Bt2 1	
32	Bt20 1	Bt12 1	Bt9 1	
33	Bt4 1	Bt2 1	
34	Bt4 1	
35	Bt14 1	Bt19 1	
36	Bt6 1	
37	Bt6 1	
38	Bt7 1	
39	Bt7 1	
40	Bt4 1	
41	Bt9 1	Bt16 1	
42	Bt4 1	
43	Bt4 1	
44	Bt15 1	
45	Bt28 1	Bt8 1	Bt17 1	
46	Bt2 1	
47	Bt9 1	
48	Bt28 1	
49	Bt12 1	Bt9 1	
50	Bt24 1	
51	Bt12 1	
52	Bt4 1	
53	Bt3 1	
54	Bt20 1	
55	Bt12 1	
56	Bt4 1	Bt2 2	
57	Bt28 1	Bt4 2	Bt2 1	
58	Bt7 1	
59	Bt18 1	Bt2 1	
60	Bt2 1	
61	Bt12 1	
62	Bt9 1	
63	Bt2 3	Bt24 1	
64	Bt15 1	
65	Bt5 1	
66	Bt6 1	
67	Bt2 1	
68	Bt2 1	
69	Bt21 1	
70	Bt12 1	
71	Bt19 1	Bt2 1	
72	Bt4 1	
73	Bt2 1	
74	Bt2 1	
75	Bt21 1	
76	Bt2 1	
77	Bt28 1	
78	Bt12 1	
79	Bt2 1	Bt6 1	
80	Bt4 1	
81	Bt6 1	
82	Bt2 1	
83	Bt15 1	
84	Bt7 1	Bt2 1	
85	Bt7 2	Bt12 1	Bt29 1	Bt4 1	
86	Bt6 1	Bt7 1	Bt27 1	
87	Bt4 1	Bt7 1	
88	Bt11 1	
89	Bt9 1	Bt22 1	
90	Bt30 1	Bt7 1	
91	Bt2 1	
92	Bt22 1	
93	Bt7 1	Bt24 1	
94	Bt2 2	Bt17 1	
95	Bt12 1	
96	Bt2 1	
97	Bt7 1	Bt6 1	Bt4 1	
98	Bt2 2	Bt4 1	
99	Bt7 1	
100	Bt4 1	
101	Bt9 1	
102	Bt2 1	
103	Bt21 2	Bt6 1	
104	Bt9 1	Bt17 1	
105	Bt1 1	
106	Bt13 1	Bt4 1	
107	Bt2 1	
108	Bt17 1	Bt23 1	
109	Bt2 1	Bt4 1	
110	Bt19 1	Bt12 1	
111	Bt15 1	
112	Bt2 1	Bt25 1	
113	Bt17 1	Bt31 1	Bt28 1	
114	Bt9 1	
115	Bt2 1	
116	Bt9 1	
117	Bt6 1	
118	Bt2 1	
119	Bt2 1	
120	Bt2 1	Bt4 1	
121	Bt7 1	
122	Bt26 1	
123	Bt2 1	
124	Bt22 1	Bt2 1	
125	Bt1 1	Bt12 1	
126	Bt6 1	
127	Bt19 1	Bt4 1	
128	Bt2 1	
129	Bt2 1	
130	Bt9 1	
131	Bt2 1	
132	Bt2 1	
133	Bt4 1	
134	Bt9 1	
135	Bt2 1	
136	Bt7 1	
137	Bt4 1	
138	Bt6 1	

DISTANCE MATRIX
0.0 3460.0 3313.3 3130.1 3052.4 3186.1 3366.5 3230.3 3274.7 2848.6 3081.9 3156.6 3528.1 3302.6 3330.4 2851.7 2990.2 3434.2 2987.9 3222.4 2988.1 2928.4 3339.7 3443.1 2909.2 3050.1 3117.6 3272.5 3038.3 3444.8 3365.7 3501.8 3136.9 3220.9 3266.2 3059.6 3483.1 3246.9 3127.1 3319.7 3149.1 3015.1 3248.2 3497.2 3097.4 3382.4 3413.7 3518.2 3275.5 3387.5 3191.7 3256.4 3095.6 3357.4 3389.4 3156.0 3101.8 3126.5 3368.3 3478.6 3283.2 3340.2 3166.8 3297.7 3175.4 3411.9 3372.4 3310.0 3454.7 3117.2 3398.6 3269.9 3325.2 3439.9 3226.4 3546.3 3117.1 3028.9 3303.8 3260.1 2987.9 3294.0 3041.7 3052.0 3483.5 3085.8 3342.2 3221.8 3443.8 3461.8 3230.3 3099.6 3492.8 3233.5 3230.0 3204.9 3525.2 3268.9 3065.3 3157.9 3072.0 3109.2 3329.8 3177.5 3341.6 3010.2 3354.3 3257.9 3436.9 3308.6 3016.6 3408.9 3261.7 3220.2 3146.3 2914.3 3246.5 3119.1 2940.5 3244.8 3188.4 3412.6 3090.6 3222.4 3231.1 2939.7 3366.3 3238.9 3111.1 3370.5 3118.4 3011.8 3203.9 3307.3 2835.8 3213.5 3143.8 3006.9 3395.3
3766.1 0.0 251.2 394.7 542.1 374.4 261.3 481.2 379.8 782.7 628.2 397.5 256.0 342.0 476.9 865.9 542.0 33.3 536.3 534.8 657.6 591.3 366.8 197.3 884.1 711.1 778.6 410.7 602.3 199.0 126.7 120.4 393.1 535.5 365.7 474.4 222.7 310.7 426.1 244.8 375.3 738.6 540.7 144.9 758.4 153.0 151.2 48.9 503.8 177.4 368.8 375.2 515.4 315.9 418.1 616.2 494.9 787.5 416.2 232.8 342.6 387.5 469.5 400.0 385.1 370.4 312.6 538.3 194.3 436.6 461.7 423.4 286.4 63.4 454.7 9.1 413.1 690.7 327.4 413.6 690.1 522.3 658.1 775.5 215.8 539.4 370.9 321.3 148.4 23.2 424.7 760.6 197.4 427.9 383.5 473.5 257.5 460.1 623.2 379.8 795.5 737.5 478.1 450.9 404.7 600.3 312.8 357.4 138.7 484.9 606.7 437.6 574.1 444.2 606.5 729.4 474.8 557.9 758.1 473.1 416.7 475.7 529.4 534.8 543.5 580.7 429.4 486.3 571.3 399.2 630.6 558.1 427.9 354.6 793.9 460.9 401.4 597.0 140.1
3607.5 242.1 0.0 143.4 290.8 123.1 53.1 288.6 128.5 531.4 376.9 146.2 188.4 90.7 225.6 614.6 290.7 235.8 317.2 283.5 406.3 341.2 115.5 129.7 634.0 459.8 527.3 159.4 351.0 131.4 199.7 194.1 141.8 284.2 114.4 223.1 169.7 59.4 174.8 6.3 124.0 490.6 289.4 178.4 507.1 231.0 100.3 204.8 252.5 74.1 117.5 123.9 264.1 234.4 251.5 364.9 243.6 536.2 249.6 165.2 91.3 136.2 218.2 148.7 133.8 273.6 61.3 287.0 141.3 185.3 210.4 172.1 35.1 265.9 203.4 232.9 161.8 440.6 290.8 162.3 440.0 271.0 406.8 527.5 197.5 288.1 208.5 70.0 226.4 265.4 173.4 509.3 275.4 176.6 132.2 222.2 210.3 225.3 371.9 128.5 547.5 486.2 226.8 199.6 153.4 349.0 237.5 106.1 216.7 233.6 355.4 271.0 322.8 192.9 355.2 478.1 223.5 306.6 506.8 221.8 165.4 224.4 278.1 283.5 292.2 330.6 178.1 235.0 320.0 252.6 379.3 306.8 176.6 103.3 542.6 209.6 150.1 345.7 218.1
3502.5 382.3 140.1 0.0 154.8 149.8 193.3 348.5 176.1 394.6 240.9 26.4 328.6 164.5 218.7 477.8 153.9 376.0 181.2 310.2 269.5 236.2 189.3 269.9 529.0 323.0 390.5 160.8 215.0 271.6 339.9 334.3 100.2 310.9 136.0 86.3 309.9 107.0 38.8 146.5 18.9 353.8 316.1 318.6 370.3 371.2 240.5 345.0 279.2 214.3 144.2 144.7 128.1 374.6 341.1 248.8 100.1 399.4 339.2 305.4 138.9 210.0 82.2 200.1 160.5 413.8 178.2 313.7 281.5 49.3 300.0 193.7 152.0 406.1 230.1 373.1 80.4 335.6 431.0 148.4 335.0 297.7 290.7 390.7 337.7 144.6 298.1 91.6 366.6 405.6 200.1 372.5 415.6 203.3 118.3 157.3 350.5 246.9 255.8 121.2 410.7 349.4 316.4 118.0 243.0 212.2 377.7 127.7 356.9 284.0 218.6 360.6 349.5 204.3 239.1 341.3 250.2 190.5 370.0 248.5 192.1 314.0 162.0 310.2 318.9 225.6 267.7 261.7 203.9 342.2 263.2 170.8 241.3 177.1 405.8 236.3 103.4 208.9 358.3
3378.9 539.6 297.4 187.3 0.0 294.7 350.6 493.4 333.4 300.7 117.3 172.1 485.9 321.8 364.4 383.9 98.4 533.3 57.6 455.1 187.4 112.6 346.6 427.2 405.4 229.1 296.6 306.5 60.2 428.9 497.2 491.6 245.1 455.8 293.3 167.8 467.2 323.6 125.9 303.8 176.2 259.9 461.0 475.9 276.4 528.5 397.8 502.3 424.1 371.6 289.1 290.4 94.4 531.9 498.4 270.8 140.1 305.5 496.5 462.7 359.9 367.3 165.6 356.4 305.4 571.1 335.5 458.6 438.8 116.0 457.3 351.0 309.3 563.4 375.0 530.4 225.3 212.0 418.1 294.1 211.4 442.6 265.7 296.8 495.0 194.0 455.4 248.9 523.9 562.9 345.0 278.6 572.9 348.2 264.0 302.2 507.8 404.2 289.3 266.1 316.8 255.5 478.4 262.9 400.3 118.3 535.0 285.0 514.2 457.2 136.5 517.9 494.4 349.2 261.1 209.7 395.1 212.5 235.9 393.4 337.0 471.3 184.0 455.1 463.8 102.0 425.0 406.6 225.9 499.5 285.2 47.2 386.2 334.4 311.9 381.2 252.0 154.5 515.6
3496.2 369.3 127.1 158.0 305.4 0.0 180.3 198.6 88.5 420.1 307.3 160.8 315.6 116.4 240.2 503.3 179.4 363.0 233.4 160.3 295.0 229.9 153.5 256.9 522.7 348.5 416.0 174.0 241.9 258.6 326.9 321.3 28.5 161.0 129.0 111.8 296.9 60.7 189.4 133.5 138.6 379.3 166.2 305.6 395.8 431.9 227.5 332.0 129.3 201.3 5.5 138.5 216.0 361.6 253.5 253.6 193.8 424.9 289.7 297.5 97.0 203.0 232.8 112.5 10.6 400.8 186.2 163.8 268.5 199.9 212.4 186.7 139.0 393.1 80.2 360.1 50.5 329.3 418.0 176.9 328.7 147.8 295.5 416.2 323.3 177.7 208.5 84.6 353.6 392.6 50.2 398.0 402.6 53.4 146.8 127.6 337.5 239.9 272.5 17.2 436.2 374.9 183.6 88.3 155.4 237.7 364.7 120.7 336.3 162.4 244.1 273.0 199.6 69.7 243.9 366.8 100.3 195.3 395.5 98.6 42.2 226.4 166.8 160.3 169.0 218.1 180.1 111.8 208.7 254.6 268.0 257.3 53.4 169.6 431.3 86.4 58.0 234.4 345.3
3645.5 257.0 37.9 181.4 328.8 161.1 0.0 326.6 166.5 569.4 414.9 184.2 203.3 128.7 263.6 652.6 328.7 250.7 355.2 321.5 444.3 379.2 153.5 144.6 672.0 497.8 565.3 197.4 389.0 146.3 214.6 209.0 179.8 322.2 152.4 261.1 184.6 97.4 212.8 31.5 162.0 528.6 327.4 193.3 545.1 245.9 115.2 219.7 290.5 89.0 155.5 161.9 302.1 249.3 289.5 402.9 281.6 574.2 287.6 180.1 129.3 174.2 256.2 186.7 171.8 288.5 99.3 325.0 156.2 223.3 248.4 210.1 73.1 280.8 241.4 247.8 199.8 478.6 305.7 200.3 478.0 309.0 444.8 565.5 212.4 326.1 246.5 108.0 241.3 280.3 211.4 547.3 290.3 214.6 170.2 260.2 225.2 263.3 409.9 166.5 585.5 524.2 264.8 237.6 191.4 387.0 252.4 144.1 231.6 271.6 393.4 309.0 360.8 230.9 393.2 516.1 261.5 344.6 544.8 259.8 203.4 262.4 316.1 321.5 330.2 368.6 216.1 273.0 358.0 290.6 417.3 344.8 214.6 141.3 580.6 247.6 188.1 383.7 233.0
3582.2 448.7 356.8 367.7 486.3 209.6 379.5 0.0 202.0 629.8 517.0 370.5 440.4 231.2 449.9 713.0 389.1 442.4 443.1 88.6 504.7 439.6 204.4 461.9 732.4 558.2 625.7 383.7 453.9 463.6 388.3 414.1 240.2 141.5 338.7 321.5 526.6 270.4 399.1 363.2 348.3 589.0 72.7 409.5 605.5 294.7 415.8 411.4 78.4 431.0 215.2 348.2 441.6 591.3 189.8 433.1 419.4 634.6 157.9 485.8 306.7 296.6 442.5 176.3 198.9 630.5 233.4 113.4 498.2 409.6 192.2 396.4 261.5 472.5 127.5 439.5 260.2 539.0 647.7 386.6 538.4 59.9 475.0 625.9 395.8 403.4 173.3 294.3 356.1 472.0 253.8 607.7 405.1 257.0 356.5 273.0 437.5 449.6 440.1 226.9 645.9 584.6 72.6 273.0 134.5 447.4 594.4 330.4 349.2 135.6 453.8 209.3 127.9 243.7 423.4 576.5 175.9 396.2 605.2 194.2 167.6 210.2 367.7 43.2 34.7 429.0 159.9 193.9 388.2 201.6 447.5 467.0 227.4 216.8 641.0 123.0 267.7 444.1 307.6
3573.5 422.2 180.0 184.0 331.4 89.1 243.7 202.0 0.0 497.4 417.5 186.8 368.5 62.1 266.2 580.6 256.7 415.9 310.7 249.5 372.3 307.2 99.2 309.8 600.0 425.8 493.3 200.0 321.5 311.5 379.8 374.2 107.8 250.2 155.0 189.1 349.8 86.7 215.4 186.4 164.6 456.6 255.4 358.5 473.1 315.9 280.4 384.9 218.5 254.2 83.5 164.5 304.7 414.5 164.9 330.9 284.2 502.2 163.0 345.3 123.0 160.8 258.8 22.9 99.8 453.7 97.6 253.0 321.4 225.9 123.8 212.7 125.7 446.0 169.4 413.0 127.8 406.6 470.9 202.9 406.0 186.0 372.8 493.5 417.0 255.1 121.9 110.6 377.3 445.5 139.4 475.3 426.3 142.6 172.8 188.2 390.4 265.9 337.9 94.5 513.5 452.2 140.2 165.6 66.8 315.0 417.6 146.7 370.4 107.8 321.4 184.4 288.8 158.9 321.2 444.1 189.5 272.6 472.8 187.8 131.4 137.8 244.1 225.2 216.7 296.6 91.5 201.0 286.0 166.0 345.3 347.4 142.6 81.0 508.6 175.6 135.3 311.7 328.8
3102.3 783.8 541.6 401.4 302.2 457.8 594.8 656.5 514.5 0.0 293.5 423.1 730.1 542.4 601.7 83.1 261.5 777.5 287.2 618.2 271.4 227.7 579.5 671.4 179.5 201.4 268.9 543.8 307.3 673.1 725.9 735.8 407.8 618.9 537.5 330.9 711.4 486.7 376.9 548.0 420.4 166.4 624.1 720.1 248.7 801.8 642.0 746.5 587.2 617.3 452.2 527.7 345.4 717.6 679.5 508.8 373.1 277.8 677.6 712.0 523.0 611.5 416.6 537.5 468.5 772.1 612.2 621.7 683.0 367.0 638.4 569.2 553.5 800.1 538.1 774.6 388.4 340.0 664.0 531.4 306.4 605.7 389.3 203.3 737.8 357.0 634.5 493.1 797.2 811.8 508.1 250.9 846.2 511.3 501.3 465.3 752.0 568.2 401.0 429.2 223.3 260.5 641.5 426.0 581.4 202.3 714.5 529.2 779.9 620.3 314.5 699.0 657.5 512.3 499.1 197.6 558.2 394.6 223.8 556.5 500.1 652.4 366.1 618.2 625.7 239.2 606.1 569.7 463.9 680.6 466.0 257.0 549.3 578.6 11.1 544.3 415.1 269.5 788.9
3404.6 581.9 339.7 229.6 93.5 312.3 392.9 511.0 369.0 288.2 0.0 214.4 528.2 364.1 406.7 371.4 116.0 575.6 83.3 472.7 174.9 138.3 388.9 469.5 467.8 216.6 284.1 348.8 161.8 471.2 485.7 533.9 264.9 473.4 335.6 185.4 509.5 341.2 168.2 346.1 218.5 247.4 478.6 518.2 263.9 561.6 440.1 544.6 441.7 413.9 306.7 332.7 136.7 477.4 534.0 313.1 182.4 293.0 532.1 505.0 377.5 409.6 207.9 392.0 323.0 531.9 377.8 476.2 481.1 158.3 492.9 329.0 351.6 559.9 392.6 572.7 242.9 237.7 423.8 336.4 237.1 460.2 291.4 284.3 537.3 211.5 489.0 291.2 557.0 609.9 362.6 266.1 606.0 365.8 306.3 319.8 550.1 328.0 303.1 283.7 304.3 243.0 496.0 280.5 435.9 105.8 474.3 327.3 539.7 474.8 124.0 553.5 512.0 366.8 303.4 246.7 412.7 254.8 275.4 411.0 354.6 506.9 226.3 472.7 480.2 126.5 460.6 424.2 268.2 535.1 327.5 48.3 403.8 376.7 299.4 398.8 269.6 124.0 548.7
3498.4 396.2 154.0 17.5 150.7 151.4 207.2 350.1 190.0 412.2 236.8 0.0 342.5 178.4 192.2 495.4 171.5 389.9 177.1 311.8 287.1 232.1 203.2 283.8 524.9 340.6 408.1 134.3 208.0 285.5 353.8 348.2 104.0 312.5 149.9 103.9 323.8 120.9 34.7 160.4 32.8 371.4 317.7 332.5 387.9 385.1 254.4 358.9 280.8 228.2 145.8 118.2 124.0 388.5 355.0 266.4 117.7 417.0 353.1 324.4 152.8 223.9 78.1 213.0 162.1 427.7 192.1 315.3 295.4 45.2 313.9 207.6 165.9 420.0 231.7 387.0 98.0 331.5 444.9 121.9 330.9 299.3 308.3 408.3 350.2 162.3 310.0 105.5 380.5 424.2 201.7 390.1 429.5 204.9 91.8 174.9 364.4 260.8 285.3 122.8 428.3 367.0 335.1 135.6 256.9 229.8 391.6 141.6 370.8 288.6 236.2 374.5 351.1 221.9 256.7 358.9 251.8 208.1 387.6 250.1 193.7 327.9 179.6 311.8 320.5 220.3 281.6 263.3 221.5 356.1 280.8 166.7 204.9 191.0 423.4 237.9 76.9 274.0 372.2
3815.9 251.4 208.3 351.8 499.2 331.5 218.4 478.9 336.9 739.8 585.3 354.6 0.0 299.1 434.0 823.0 499.1 245.1 525.6 491.9 614.7 549.6 323.9 83.2 842.4 668.2 735.7 367.8 559.4 125.8 202.3 228.1 350.2 492.6 322.8 431.5 214.4 267.8 383.2 201.9 332.4 699.0 497.8 223.5 715.5 207.0 146.1 214.1 460.9 134.5 325.9 332.3 472.5 279.1 415.8 573.3 452.0 744.6 413.9 95.4 299.7 344.6 426.6 357.1 342.2 318.3 269.7 495.4 186.0 393.7 418.8 380.5 243.5 275.2 411.8 242.2 370.2 649.0 335.5 370.7 648.4 479.4 615.2 735.9 39.1 496.5 368.6 278.4 192.9 274.7 381.8 717.7 241.9 385.0 340.6 430.6 51.9 433.7 580.3 336.9 755.9 694.6 435.2 408.0 361.8 557.4 282.2 314.5 132.3 442.0 563.8 435.3 531.2 401.3 563.6 686.5 431.9 515.0 715.2 430.2 373.8 432.8 486.5 491.9 500.6 539.0 386.5 443.4 528.4 396.9 587.7 515.2 385.0 311.7 751.0 418.0 358.5 554.1 219.9
3609.8 360.0 117.8 162.7 310.1 125.4 171.0 249.3 50.5 533.7 396.2 165.5 306.3 0.0 236.5 616.9 293.0 353.7 336.5 285.8 408.6 343.5 37.0 247.6 636.3 462.1 529.6 170.3 370.3 249.3 317.6 312.0 144.1 286.5 125.3 225.4 287.6 79.8 194.1 124.2 143.3 492.9 291.7 296.3 509.4 363.2 218.2 322.7 251.8 192.0 119.8 134.8 283.4 352.3 212.2 367.2 262.9 538.5 210.3 283.1 111.7 103.9 237.5 70.2 136.1 391.5 127.5 289.3 259.2 204.6 171.1 183.0 155.6 383.8 205.7 350.8 164.1 442.9 408.7 178.4 442.3 233.3 409.1 529.8 315.4 307.4 169.2 80.9 344.3 383.3 175.7 511.6 393.3 178.9 151.5 224.5 328.2 236.2 374.2 130.8 549.8 488.5 187.5 201.9 114.1 351.3 355.4 117.0 417.7 155.1 357.7 231.7 325.1 195.2 357.5 480.4 225.8 308.9 509.1 224.1 167.7 185.1 280.4 272.5 264.0 332.9 138.8 237.3 322.3 213.3 381.6 326.1 178.9 71.0 544.9 211.9 169.4 348.0 376.1
3631.1 465.2 223.0 228.4 361.6 253.6 276.2 452.3 259.0 595.3 447.7 210.8 411.5 243.3 0.0 677.7 372.9 458.9 332.1 414.0 470.2 387.1 268.1 352.8 679.9 523.7 591.2 94.5 421.0 354.5 422.8 417.2 214.7 414.7 218.9 295.4 392.8 189.9 245.6 229.4 243.7 603.6 419.9 401.5 571.0 454.1 323.4 427.9 383.0 297.2 248.0 115.0 334.9 457.5 424.0 477.3 328.6 600.1 422.1 388.3 221.8 288.8 289.0 282.0 264.3 496.7 261.1 417.5 364.4 256.1 382.9 142.0 234.9 489.0 333.9 456.0 234.1 486.5 371.7 133.9 485.9 401.5 519.2 640.5 420.6 373.1 381.0 174.5 449.5 488.5 303.9 573.2 498.5 307.1 92.3 311.2 433.4 174.7 484.3 235.7 660.5 550.1 399.3 271.9 325.9 412.9 460.6 142.8 439.8 366.9 419.3 443.5 453.3 358.2 467.6 484.2 354.0 419.0 510.4 352.3 295.9 396.9 390.5 414.0 422.7 376.5 350.6 365.5 432.4 425.1 491.7 377.6 307.1 255.9 606.5 340.1 189.8 409.6 441.2
3118.1 850.4 608.2 468.0 375.2 524.4 661.4 706.0 581.1 72.9 366.5 494.5 796.7 609.0 668.3 0.0 328.1 833.0 325.8 698.1 310.0 266.3 646.1 738.0 192.4 274.4 341.9 610.4 376.2 739.7 764.5 798.1 474.8 696.6 604.1 397.5 778.0 553.3 449.9 614.6 487.0 239.4 690.7 786.7 321.7 858.1 708.6 813.1 653.8 682.4 518.8 594.3 418.4 756.2 746.1 547.4 439.7 350.8 744.2 773.5 589.6 678.1 489.6 604.1 535.1 810.7 678.8 688.3 749.6 440.0 705.0 607.8 620.1 838.7 604.7 841.2 455.0 378.6 702.6 598.0 345.0 672.3 427.9 276.3 805.8 423.7 703.1 559.7 835.8 860.6 574.7 323.9 884.8 577.9 567.9 531.9 818.6 606.8 451.5 495.8 296.3 333.5 708.1 492.6 648.0 275.3 753.1 595.8 912.6 686.9 353.1 765.6 737.4 578.9 537.7 236.2 624.8 461.2 262.4 623.1 566.7 719.0 432.7 698.1 706.8 277.6 672.7 636.3 502.5 747.2 504.6 349.7 679.6 645.2 60.1 610.9 481.7 344.8 871.0
3316.7 522.2 280.0 139.8 124.9 196.2 333.2 394.9 252.9 240.6 127.8 166.3 468.5 280.8 340.1 323.8 0.0 515.9 53.9 356.6 115.5 50.4 317.9 409.8 343.2 169.0 236.5 282.2 64.7 411.5 479.8 474.2 146.6 357.3 275.9 69.3 449.8 225.1 178.7 286.4 158.8 199.8 362.5 458.5 216.3 511.1 380.4 484.9 325.6 354.2 190.6 266.1 133.7 514.5 417.9 191.3 111.5 245.4 416.0 450.4 261.4 349.9 222.1 275.9 206.9 553.7 350.6 360.1 421.4 173.3 376.8 333.6 291.9 546.0 276.5 513.0 126.8 149.8 430.7 269.8 149.2 344.1 203.5 236.7 476.2 95.4 372.9 233.2 506.5 545.5 246.5 218.5 555.5 249.7 239.7 203.7 490.4 386.8 215.2 167.6 256.7 195.4 379.9 164.4 319.8 58.2 517.6 267.6 496.8 368.0 64.6 437.4 395.9 250.7 181.6 187.3 296.6 133.0 216.0 294.9 238.5 390.8 104.5 356.6 364.1 38.6 344.5 308.1 146.4 419.0 205.7 77.8 287.7 317.0 251.8 282.7 153.5 54.9 498.2
3733.2 33.3 244.9 388.4 535.8 368.1 255.0 497.9 373.5 776.4 621.9 391.2 249.7 335.7 470.6 859.6 535.7 0.0 503.4 528.5 651.3 558.4 360.5 191.0 851.2 740.7 808.2 404.4 592.3 192.7 93.8 127.4 386.8 529.2 359.4 468.1 216.4 304.4 419.8 238.5 369.0 705.7 534.4 164.8 788.0 169.7 144.9 42.6 497.5 171.1 362.5 368.9 509.1 283.0 434.8 609.9 488.6 817.1 432.9 226.5 336.3 381.2 463.2 393.7 378.8 337.5 306.3 532.0 188.0 430.3 455.4 428.2 280.1 30.0 448.4 24.1 406.8 657.8 294.5 407.3 657.2 516.0 651.8 742.6 209.5 533.1 387.6 315.0 165.1 56.6 418.4 790.2 214.1 421.6 377.2 467.2 251.2 427.2 616.9 373.5 762.6 731.2 471.8 444.6 398.4 594.0 279.9 351.1 155.4 478.6 600.4 454.3 567.8 437.9 600.2 723.1 468.5 551.6 751.8 466.8 410.4 469.4 523.1 528.5 537.2 547.8 423.1 480.0 565.0 415.9 624.3 551.8 421.6 348.3 787.6 454.6 395.1 590.7 156.8
3321.2 563.0 320.8 180.6 64.4 237.0 374.0 435.7 293.7 263.1 93.9 207.1 509.3 321.6 380.9 345.5 40.7 507.1 0.0 397.4 138.0 54.9 358.7 450.6 347.7 191.5 259.0 323.0 88.8 452.3 438.6 515.0 187.4 398.1 316.7 110.1 490.6 265.9 139.1 327.2 199.6 222.3 403.3 499.3 238.8 514.5 421.2 525.7 366.4 395.0 231.4 306.9 107.6 430.3 458.7 232.1 152.3 267.9 456.8 486.1 302.2 390.7 178.8 316.7 247.7 484.8 391.4 400.9 462.2 129.2 417.6 281.9 332.7 512.8 317.3 553.8 167.6 154.3 376.7 310.6 153.7 384.9 208.0 259.2 518.4 136.3 415.7 272.3 509.9 534.7 287.3 241.0 558.9 290.5 280.5 244.5 531.2 280.9 231.6 208.4 279.2 217.9 420.7 205.2 360.6 80.7 427.2 308.4 500.2 399.5 87.1 478.2 436.7 291.5 222.4 152.0 337.4 173.8 178.2 335.7 279.3 431.6 145.3 397.4 406.1 44.3 385.3 348.9 187.2 459.8 284.7 23.8 328.5 357.8 274.3 323.5 194.3 131.1 501.6
3627.6 572.7 360.9 391.8 510.4 233.7 484.0 146.9 306.5 653.9 541.1 394.6 564.4 335.7 474.0 737.1 413.2 566.4 467.2 0.0 528.8 463.7 308.9 585.9 756.5 582.3 649.8 407.8 478.0 587.6 512.3 538.1 264.3 165.6 362.8 345.6 530.7 294.5 423.2 367.3 372.4 613.1 96.5 533.5 629.6 418.7 461.3 535.4 122.8 435.1 239.3 372.3 465.7 595.4 278.7 457.2 443.5 658.7 246.8 609.8 330.8 401.1 466.6 280.8 223.0 634.6 337.9 78.3 502.3 433.7 296.7 420.5 366.0 596.5 140.4 563.5 284.3 563.1 651.8 410.7 562.5 141.3 499.1 650.0 519.8 427.5 297.3 318.4 480.1 596.0 277.9 631.8 529.1 281.1 380.6 297.1 561.5 473.7 464.2 251.0 670.0 608.7 177.1 297.1 239.0 471.5 598.5 354.5 473.2 155.9 477.9 298.2 39.2 267.8 447.5 600.6 188.8 420.3 629.3 207.1 180.5 314.7 391.8 92.3 101.0 453.1 264.4 218.0 412.3 325.6 471.6 491.1 251.5 321.3 665.1 147.1 291.8 468.2 431.6
3355.3 643.0 400.8 260.6 173.2 317.0 454.0 515.7 373.7 252.9 164.5 287.1 589.3 401.6 460.9 336.1 120.7 636.7 136.4 477.4 0.0 164.9 438.7 530.6 350.5 181.3 248.8 403.0 168.8 532.3 565.4 595.0 267.4 478.1 396.7 190.1 570.6 345.9 247.9 407.2 279.6 212.1 483.3 579.3 228.6 631.9 501.2 605.7 446.4 475.0 311.4 386.9 216.4 557.1 538.7 312.1 232.3 257.7 536.8 566.1 382.2 470.7 287.6 396.7 327.7 611.6 471.4 480.9 542.2 238.0 497.6 454.4 412.7 666.8 397.3 633.8 247.6 277.2 503.5 390.6 243.6 464.9 326.5 249.0 598.4 216.3 495.7 352.3 627.3 666.3 367.3 230.8 676.3 370.5 360.5 324.5 611.2 407.7 350.1 288.4 269.0 207.7 500.7 285.2 440.6 70.5 554.0 388.4 617.6 479.5 43.0 558.2 516.7 371.5 302.4 82.1 417.4 253.8 110.8 415.7 359.3 511.6 225.3 477.4 486.1 176.2 465.3 428.9 267.2 539.8 326.5 128.0 408.5 437.8 264.1 403.5 274.3 128.7 619.0
3266.2 584.0 341.8 201.6 123.9 258.0 395.0 456.7 314.7 264.1 153.4 228.1 530.3 342.6 401.9 290.5 61.7 566.6 59.4 418.4 139.0 0.0 379.7 471.6 292.7 192.5 260.0 344.0 109.8 473.3 498.1 531.7 208.4 419.1 337.7 131.1 511.6 286.9 198.6 348.2 220.6 223.3 424.3 520.3 239.8 574.0 442.2 546.7 387.4 416.0 252.4 327.9 167.1 489.8 479.7 301.1 173.3 268.9 477.8 507.1 323.2 411.7 238.3 337.7 268.7 544.3 412.4 421.9 483.2 188.7 438.6 341.4 353.7 572.3 338.3 574.8 188.6 112.2 436.2 331.6 98.7 405.9 181.6 260.2 539.4 157.3 436.7 293.3 569.4 594.2 308.3 242.0 618.4 311.5 301.5 265.5 552.2 340.4 205.2 229.4 280.2 218.9 441.7 226.2 381.6 81.7 486.7 329.4 559.7 420.5 88.1 499.2 457.7 312.5 291.4 97.0 358.4 194.8 123.2 356.7 300.3 452.6 166.3 418.4 427.1 11.2 406.3 369.9 256.2 480.8 258.3 83.3 349.5 378.8 275.3 344.5 215.3 78.4 561.1
3636.6 394.5 152.3 197.2 344.6 152.2 205.5 212.2 77.3 560.5 430.7 200.0 340.8 26.7 271.0 643.7 319.8 388.2 371.0 287.1 435.4 370.3 0.0 282.1 663.1 488.9 556.4 204.8 404.8 283.8 352.1 346.5 170.9 313.3 159.8 252.2 322.1 114.3 228.6 158.7 177.8 519.7 263.1 330.8 536.2 326.1 252.7 357.2 214.7 226.5 146.6 169.3 317.9 386.8 175.1 394.0 297.4 565.3 173.2 317.6 146.2 138.4 272.0 33.1 162.9 426.0 107.8 260.7 293.7 239.1 134.0 217.5 135.9 418.3 232.5 385.3 190.9 469.7 443.2 212.9 469.1 196.2 435.9 556.6 349.9 341.9 132.1 115.4 387.5 417.8 202.5 538.4 436.5 205.7 186.0 251.3 362.7 270.7 401.0 157.6 576.6 515.3 150.4 228.7 77.0 378.1 389.9 151.5 380.6 118.0 384.5 194.6 305.9 222.0 384.3 507.2 252.6 335.7 535.9 250.9 194.5 148.0 307.2 235.4 226.9 359.7 101.7 264.1 349.1 176.2 408.4 360.6 205.7 91.2 571.7 238.7 203.9 374.8 339.0
3732.6 203.5 125.0 268.5 415.9 248.2 135.1 413.7 253.6 656.5 502.0 271.3 58.6 215.8 350.7 739.7 415.8 197.2 442.3 408.6 531.4 466.3 240.6 0.0 759.1 584.9 652.4 284.5 476.1 42.5 161.1 155.5 266.9 409.3 239.5 348.2 131.1 184.5 299.9 118.6 249.1 615.7 414.5 139.8 632.2 235.6 61.7 166.2 377.6 51.2 242.6 249.0 389.2 195.8 376.6 490.0 368.7 661.3 374.7 35.4 216.4 261.3 343.3 273.8 258.9 235.0 186.4 412.1 102.7 310.4 335.5 297.2 160.2 227.3 328.5 194.3 286.9 565.7 252.2 287.4 565.1 396.1 531.9 652.6 67.7 413.2 333.6 195.1 221.5 226.8 298.5 634.4 270.5 301.7 257.3 347.3 80.5 350.4 497.0 253.6 672.6 611.3 351.9 324.7 278.5 474.1 198.9 231.2 160.9 358.7 480.5 396.1 447.9 318.0 480.3 603.2 348.6 431.7 631.9 346.9 290.5 349.5 403.2 408.6 417.3 455.7 303.2 360.1 445.1 377.7 504.4 431.9 301.7 228.4 667.7 334.7 275.2 470.8 248.5
3234.5 887.2 645.0 504.8 427.1 561.2 698.2 822.4 617.9 189.3 456.6 531.3 833.5 645.8 705.1 192.4 364.9 869.8 362.6 721.6 346.8 303.1 682.9 774.8 0.0 390.8 458.3 647.2 410.7 776.5 801.3 834.9 513.8 813.0 640.9 434.3 814.8 590.1 501.8 651.4 523.8 355.8 727.5 823.5 438.1 877.2 745.4 849.9 690.6 720.7 555.6 631.1 470.3 793.0 782.9 584.2 476.5 467.2 781.0 810.3 626.4 714.9 541.5 640.9 571.9 847.5 715.6 725.1 786.4 491.9 741.8 644.6 656.9 875.5 641.5 878.0 491.8 415.4 739.4 634.8 381.8 709.1 464.7 392.7 841.2 460.4 737.9 596.5 872.6 897.4 611.5 440.3 921.6 614.7 604.7 568.7 855.4 643.6 476.4 532.6 412.7 449.9 744.9 529.4 684.8 384.9 789.9 632.6 862.9 723.7 386.5 802.4 760.9 615.7 574.5 273.0 661.6 498.0 299.2 659.9 603.5 755.8 469.5 721.6 729.1 314.4 709.5 673.1 539.3 784.0 541.4 386.5 652.7 682.0 176.5 647.7 518.5 381.6 864.3
3282.8 671.2 429.0 288.8 189.6 345.2 482.2 543.9 401.9 180.4 180.9 310.5 617.5 429.8 489.1 263.6 148.9 664.9 164.6 505.6 176.0 181.1 466.9 558.8 360.0 0.0 83.0 431.2 197.0 560.5 581.8 623.2 295.6 506.3 424.9 218.3 598.8 374.1 264.3 435.4 307.8 197.8 511.5 607.5 95.3 657.7 529.4 633.9 474.6 503.2 339.6 415.1 232.8 573.5 566.9 340.3 260.5 71.4 565.0 594.3 410.4 498.9 304.0 424.9 355.9 628.0 499.6 509.1 570.4 254.4 525.8 425.1 440.9 695.0 425.5 662.0 275.8 280.5 519.9 418.8 279.9 493.1 334.2 160.6 626.6 244.5 523.9 380.5 653.1 694.5 395.5 97.5 702.1 398.7 388.7 352.7 639.4 424.1 357.8 316.6 162.3 58.0 528.9 313.4 468.8 89.7 570.4 416.6 643.4 507.7 125.1 586.4 544.9 399.7 330.6 247.8 445.6 282.0 276.5 443.9 387.5 539.8 253.5 505.6 514.3 170.5 493.5 457.1 295.4 568.0 354.7 144.4 436.7 466.0 191.6 431.7 302.5 156.9 644.8
3360.3 748.7 506.5 366.3 267.1 422.7 559.7 621.4 479.4 257.9 258.4 388.0 695.0 507.3 566.6 341.1 226.4 742.4 242.1 583.1 253.5 258.6 544.4 636.3 437.5 76.4 0.0 508.7 274.5 638.0 659.3 700.7 373.1 583.8 502.4 295.8 676.3 451.6 341.8 512.9 385.3 275.3 589.0 685.0 172.8 735.2 606.9 711.4 552.1 580.7 417.1 492.6 310.3 651.0 644.4 417.8 338.0 11.5 642.5 671.8 487.9 576.4 381.5 502.4 433.4 705.5 577.1 586.6 647.9 331.9 603.3 502.6 518.4 772.5 503.0 739.5 353.3 358.0 597.4 496.3 357.4 570.6 411.7 238.1 704.1 322.0 601.4 458.0 730.6 772.0 473.0 175.0 779.6 476.2 466.2 430.2 716.9 501.6 435.3 394.1 239.8 99.4 606.4 390.9 546.3 167.2 647.9 494.1 720.9 585.2 202.6 663.9 622.4 477.2 408.1 325.3 523.1 359.5 354.0 521.4 465.0 617.3 331.0 583.1 591.8 248.0 571.0 534.6 372.9 645.5 432.2 221.9 514.2 543.5 269.1 509.2 380.0 234.4 722.3
3619.3 396.3 154.1 170.3 303.5 185.1 207.3 383.8 190.5 545.6 389.6 152.7 342.6 170.5 110.1 628.8 304.9 390.0 320.3 345.5 420.5 375.3 195.3 283.9 668.1 474.0 541.5 0.0 363.7 285.6 353.9 348.3 156.6 346.2 160.8 237.3 323.9 121.4 187.5 160.5 185.6 591.8 351.4 332.6 521.3 385.2 254.5 359.0 314.5 228.3 179.5 56.9 276.8 388.6 355.5 419.2 270.5 550.4 353.6 319.4 153.3 216.0 230.9 213.5 195.8 427.8 192.2 349.0 295.5 198.0 314.4 121.4 166.0 420.1 265.4 387.1 176.0 474.7 359.9 57.8 474.1 333.0 461.1 628.7 351.7 315.0 312.5 116.4 380.6 419.6 235.4 523.5 429.6 238.6 34.2 253.1 364.5 174.6 426.2 177.6 648.7 500.4 330.8 213.8 257.4 363.2 391.7 55.4 370.9 298.4 369.6 375.0 384.8 254.9 409.5 492.3 285.5 360.9 521.0 283.8 227.4 328.4 332.4 345.5 354.2 364.7 282.1 297.0 374.3 356.6 433.6 319.5 238.6 183.1 556.8 271.6 131.7 359.9 372.3
3375.7 577.9 335.7 195.5 60.2 249.6 388.9 450.6 308.6 297.3 177.5 224.9 524.2 336.5 395.8 382.8 58.5 571.6 117.8 412.3 174.5 109.4 373.6 465.5 402.2 228.0 295.5 337.9 0.0 467.2 535.5 529.9 202.3 410.7 331.6 122.7 505.5 280.8 186.1 342.1 214.5 256.5 418.2 514.2 275.3 569.7 436.1 540.6 381.3 412.8 246.3 321.8 154.6 570.2 473.6 247.0 164.9 302.1 471.7 503.9 317.1 405.6 225.8 329.3 262.6 609.4 406.3 415.8 477.1 176.2 432.5 392.2 347.6 601.7 332.2 568.7 182.5 208.8 478.3 328.4 208.2 399.8 262.5 295.7 536.2 154.0 426.3 290.1 562.2 604.1 305.1 277.5 611.2 305.4 298.3 259.4 546.1 440.2 271.9 223.3 315.7 254.4 435.6 217.8 378.4 117.2 576.2 323.3 555.4 417.3 126.5 493.1 449.3 304.1 237.3 246.3 352.3 188.7 275.0 350.6 297.1 446.5 160.2 412.3 423.9 101.7 400.2 361.5 202.1 474.7 261.4 107.4 343.4 372.7 310.8 338.4 209.2 113.9 553.9
3744.3 215.2 136.7 280.2 427.6 259.9 146.8 425.4 265.3 668.2 513.7 283.0 91.2 227.5 362.4 751.4 427.5 208.9 454.0 420.3 543.1 478.0 252.3 32.5 770.8 596.6 664.1 296.2 487.8 0.0 172.8 167.2 278.6 421.0 251.2 359.9 142.8 196.2 311.6 130.3 260.8 627.4 426.2 151.5 643.9 268.2 73.4 177.9 389.3 62.9 254.3 260.7 400.9 207.5 388.3 501.7 380.4 673.0 386.4 68.0 228.1 273.0 355.0 285.5 270.6 246.7 198.1 423.8 114.4 322.1 347.2 308.9 171.9 239.0 340.2 206.0 298.6 577.4 263.9 299.1 576.8 407.8 543.6 664.3 100.3 424.9 345.3 206.8 199.5 238.5 310.2 646.1 248.5 313.4 269.0 359.0 113.1 362.1 508.7 265.3 684.3 623.0 363.6 336.4 290.2 485.8 210.6 242.9 193.5 370.4 492.2 407.8 459.6 329.7 492.0 614.9 360.3 443.4 643.6 358.6 302.2 361.2 414.9 420.3 429.0 467.4 314.9 371.8 456.8 389.4 516.1 443.6 313.4 240.1 679.4 346.4 286.9 482.5 281.1
3653.5 104.9 192.0 335.5 451.9 315.2 202.1 404.0 320.6 661.3 501.4 338.3 194.5 282.8 413.2 744.5 464.5 98.6 423.7 475.6 561.8 478.7 307.6 138.1 771.5 661.0 728.5 351.5 512.6 139.8 0.0 33.5 333.9 464.1 306.5 415.2 163.5 251.5 366.9 185.6 316.1 626.0 481.5 70.9 708.3 75.8 92.0 67.6 444.6 118.2 309.6 316.0 495.1 203.3 340.9 557.0 435.7 737.4 339.0 173.6 283.4 328.3 410.3 340.8 325.9 257.8 253.4 479.1 135.1 377.4 402.5 348.5 227.2 128.7 395.5 95.7 353.9 578.1 214.8 354.4 577.5 463.1 631.8 662.9 149.9 480.2 293.7 262.1 71.2 128.2 365.5 710.5 120.2 368.7 324.3 414.3 191.6 347.5 564.0 320.6 682.9 720.1 412.3 391.7 345.5 504.5 200.2 340.0 61.5 425.7 510.9 360.4 514.9 385.0 547.3 575.8 415.6 498.7 602.0 413.9 357.5 366.4 470.2 447.3 438.8 468.1 370.2 427.1 512.1 322.0 571.4 431.3 368.7 295.4 672.5 401.7 342.2 501.2 62.9
3704.0 85.4 188.2 331.7 479.1 311.4 198.3 418.2 316.8 719.7 565.2 334.5 193.0 279.0 413.9 802.9 479.0 79.1 474.2 471.8 594.6 529.2 303.8 134.3 822.0 648.1 715.6 347.7 539.3 136.0 50.4 0.0 330.1 472.5 302.7 411.4 159.7 247.7 363.1 181.8 312.3 676.5 477.7 81.9 695.4 90.0 88.2 48.1 440.8 114.4 305.8 312.2 452.4 253.8 355.1 553.2 431.9 724.5 353.2 169.8 279.6 324.5 406.5 337.0 322.1 308.3 249.6 475.3 131.3 373.6 398.7 360.4 223.4 109.2 391.7 76.2 350.1 628.6 265.3 350.6 628.0 459.3 595.1 713.4 152.8 476.4 307.9 258.3 85.4 108.7 361.7 697.6 134.4 364.9 320.5 410.5 194.5 398.0 560.2 316.8 733.4 674.5 415.1 387.9 341.7 537.3 250.7 294.4 75.7 421.9 543.7 374.6 511.1 381.2 543.5 666.4 411.8 494.9 695.1 410.1 353.7 412.7 466.4 471.8 480.5 518.6 366.4 423.3 508.3 336.2 567.6 495.1 364.9 291.6 730.9 397.9 338.4 534.0 77.1
3465.6 387.0 144.8 108.3 230.1 49.5 198.0 248.2 106.2 389.5 276.7 99.3 333.3 134.1 257.9 472.7 148.4 380.7 202.8 209.9 264.4 199.3 171.2 274.6 491.7 317.9 385.4 191.7 213.6 276.3 344.6 339.0 0.0 208.4 146.7 80.8 314.6 78.4 134.5 151.2 105.4 348.7 215.8 323.3 365.2 376.3 245.2 349.7 178.9 219.4 43.9 156.2 185.4 379.3 271.2 223.0 162.8 393.9 269.3 310.5 114.7 220.7 177.9 128.0 60.2 418.5 203.9 213.4 286.2 145.0 230.1 202.2 156.7 410.8 129.8 377.8 19.9 298.7 435.7 143.3 298.1 197.4 264.9 385.6 342.8 147.1 224.0 102.7 371.3 410.7 97.6 367.4 420.3 100.8 113.6 97.0 355.2 257.6 241.9 20.9 405.6 344.3 233.2 57.7 170.9 207.1 382.8 138.4 362.0 212.4 213.1 290.7 249.2 144.0 213.3 336.2 149.9 164.7 364.9 148.2 89.6 244.1 136.2 209.9 219.0 188.3 197.8 161.4 178.1 272.3 237.4 226.7 181.0 187.3 400.7 136.0 27.4 203.8 363.0
3492.5 510.2 268.0 298.9 417.5 140.8 321.2 130.3 229.4 561.0 448.2 301.7 509.3 257.3 381.1 644.2 320.3 503.9 374.3 92.0 435.9 370.8 311.0 397.8 663.6 489.4 556.9 314.9 385.1 399.5 457.2 483.0 169.4 0.0 269.9 252.7 437.8 201.6 330.3 274.4 279.5 520.2 117.8 478.4 536.7 363.6 368.4 472.9 155.3 342.2 146.4 279.4 372.8 502.5 278.4 364.3 350.6 565.8 246.5 433.3 237.9 343.9 373.7 282.9 130.1 541.7 340.0 158.5 409.4 340.8 298.8 327.6 279.9 534.0 129.1 501.0 191.4 470.2 558.9 317.8 469.6 166.5 406.2 557.1 464.7 334.5 244.2 225.5 425.0 538.2 185.0 538.9 474.0 188.2 287.7 204.2 506.4 380.8 383.2 158.1 577.1 515.8 179.2 204.2 241.1 378.6 505.6 261.6 418.1 188.4 385.0 297.9 131.3 174.9 354.6 507.7 123.8 327.4 536.4 182.8 169.2 314.9 298.9 92.0 99.5 360.2 266.5 125.1 319.4 270.5 378.7 398.2 158.6 323.4 572.2 54.2 198.9 375.3 376.5
3606.3 333.1 90.9 136.2 283.6 121.9 144.1 320.6 127.3 530.2 369.7 139.0 279.4 107.3 224.5 613.4 289.5 326.8 310.0 282.3 405.1 340.0 132.1 220.7 632.8 458.6 526.1 166.6 343.8 222.4 290.7 285.1 140.6 283.0 0.0 221.9 260.7 58.2 167.6 97.3 116.8 489.4 288.2 269.4 505.9 322.0 191.3 295.8 251.3 165.1 116.3 92.6 256.9 325.4 292.3 363.7 236.4 535.0 290.4 256.2 90.1 152.8 211.0 150.3 132.6 364.6 129.0 285.8 232.3 178.1 251.2 136.0 102.8 356.9 202.2 323.9 160.6 439.4 381.8 136.2 438.8 269.8 405.6 526.3 288.5 280.9 249.3 33.0 317.4 356.4 172.2 508.1 366.4 175.4 124.1 221.0 301.3 189.2 370.7 127.3 546.3 485.0 267.6 198.4 194.2 347.8 328.5 70.0 307.7 235.2 354.2 311.8 321.6 191.7 354.0 476.9 222.3 305.4 505.6 220.6 164.2 265.2 276.9 282.3 291.0 329.4 218.9 233.8 318.8 293.4 378.1 299.6 175.4 119.9 541.4 208.4 142.9 344.5 309.1
3384.3 452.8 210.6 70.4 148.8 126.8 263.8 325.5 183.5 308.2 195.4 96.9 399.1 211.4 270.7 391.4 67.5 446.5 121.5 287.2 183.1 118.0 248.5 340.4 410.8 236.6 304.1 212.8 130.0 342.1 410.4 404.8 76.8 287.9 206.5 0.0 380.4 155.7 109.3 217.0 89.4 267.4 293.1 389.1 283.9 441.7 311.0 415.5 256.2 284.8 121.2 196.7 104.1 445.1 348.5 141.7 81.9 313.0 346.6 381.0 192.0 280.5 152.7 206.5 137.5 484.3 281.2 290.7 352.0 119.8 307.4 264.2 222.5 476.6 207.1 443.6 57.4 217.4 501.5 200.4 216.8 274.7 183.6 304.3 408.2 65.8 303.5 162.1 437.1 480.8 177.1 286.1 486.1 180.3 170.3 134.3 421.0 317.4 160.6 98.2 324.3 263.0 310.5 95.0 250.4 125.8 448.2 198.2 427.4 289.3 132.2 368.0 326.5 181.3 132.0 254.9 227.2 83.4 283.6 225.5 169.1 321.4 54.9 287.2 294.7 106.2 275.1 238.7 96.8 349.6 156.1 145.4 218.3 247.6 319.4 213.3 84.1 122.5 428.8
3719.4 201.1 177.2 320.7 468.1 300.4 187.3 465.9 305.8 708.7 554.2 323.5 182.0 268.0 402.9 791.9 468.0 194.8 489.6 460.8 583.6 544.6 292.8 123.3 837.4 726.9 794.4 336.7 528.3 125.0 158.7 153.1 319.1 461.5 291.7 400.4 0.0 236.7 352.1 170.8 301.3 691.9 466.7 137.4 774.2 190.0 77.2 163.8 429.8 103.4 294.8 301.2 441.4 64.6 428.8 542.2 420.9 803.3 426.9 158.8 268.6 313.5 395.5 326.0 311.1 103.8 238.6 464.3 25.1 362.6 387.7 414.4 212.4 224.9 380.7 191.9 339.1 644.0 121.0 339.6 643.4 448.3 584.1 728.8 180.4 465.4 385.8 247.3 185.4 224.4 350.7 776.4 234.4 353.9 309.5 399.5 203.9 413.4 549.2 305.8 748.8 663.5 404.1 376.9 330.7 526.3 67.7 283.4 175.7 410.9 532.7 448.3 500.1 370.2 532.5 655.4 400.8 483.9 684.1 399.1 342.7 401.7 455.4 460.8 469.5 534.0 355.4 412.3 497.3 429.9 556.6 484.1 353.9 280.6 719.9 386.9 327.4 523.0 177.1
3592.3 308.5 66.3 97.2 244.6 63.6 119.5 262.3 69.0 471.9 330.7 100.0 254.8 96.9 179.4 555.1 231.2 302.2 271.0 224.0 346.8 326.0 134.0 196.1 618.8 400.3 467.8 113.2 304.8 197.8 266.1 260.5 82.3 224.7 68.2 163.6 236.1 0.0 128.6 72.7 77.8 431.1 229.9 244.8 447.6 385.0 166.7 271.2 193.0 140.5 58.0 77.7 217.9 300.8 234.0 346.1 197.4 476.7 232.1 231.6 31.8 142.2 172.0 92.0 74.3 340.0 166.7 227.5 207.7 139.1 192.9 125.9 78.2 332.3 143.9 299.3 102.3 425.4 357.2 116.1 424.8 211.5 388.0 468.0 263.9 241.9 191.0 23.8 292.8 331.8 113.9 449.8 341.8 117.1 86.0 162.7 276.7 179.1 353.1 69.0 488.0 426.7 209.3 140.1 135.9 289.5 303.9 59.9 283.1 176.9 295.9 253.5 263.3 133.4 336.4 418.6 164.0 287.8 447.3 162.3 105.9 206.9 259.3 224.0 232.7 315.4 160.6 175.5 301.2 235.1 360.5 260.6 117.1 150.1 483.1 150.1 103.9 286.2 284.5
3463.6 413.6 171.4 61.3 115.9 197.6 224.6 396.3 207.4 385.4 202.0 46.1 359.9 195.8 238.4 468.6 183.1 407.3 142.3 358.0 272.1 197.3 220.6 301.2 490.1 313.8 381.3 180.5 176.1 302.9 371.2 365.6 148.0 358.7 167.3 141.6 341.2 138.3 0.0 177.8 50.2 344.6 363.9 349.9 361.1 402.5 271.8 376.3 327.0 245.6 192.0 164.4 89.2 405.9 372.4 245.6 114.9 390.2 370.5 336.7 170.2 241.3 66.1 230.4 208.3 445.1 209.5 361.5 312.8 10.5 331.3 225.0 183.3 437.4 277.9 404.4 141.8 296.7 462.3 168.1 296.1 345.5 287.5 381.5 369.0 129.7 329.4 122.9 397.9 436.9 247.9 363.3 446.9 251.1 138.0 218.7 381.8 278.2 252.6 169.0 401.5 340.2 347.7 179.4 274.3 203.0 409.0 159.0 388.2 315.3 221.2 391.9 397.3 265.7 235.9 294.4 298.0 187.3 320.6 296.3 239.9 345.3 158.8 358.0 366.7 186.7 299.0 309.5 200.7 373.5 260.0 131.9 251.1 208.4 396.6 284.1 123.1 239.2 389.6
3613.9 235.7 6.3 149.8 297.2 129.5 46.7 295.0 134.9 537.8 383.3 152.6 182.0 97.1 232.0 621.0 297.1 229.4 323.6 289.9 412.7 347.6 121.9 123.3 640.4 466.2 533.7 165.8 357.4 125.0 193.3 187.7 148.2 290.6 120.8 229.5 163.3 65.8 181.2 0.0 130.4 497.0 295.8 172.0 513.5 224.6 93.9 198.4 258.9 67.7 123.9 130.3 270.5 228.0 257.9 371.3 250.0 542.6 256.0 158.8 97.7 142.6 224.6 155.1 140.2 267.2 67.7 293.4 134.9 191.7 216.8 178.5 41.5 259.5 209.8 226.5 168.2 447.0 284.4 168.7 446.4 277.4 413.2 533.9 191.1 294.5 214.9 76.4 220.0 259.0 179.8 515.7 269.0 183.0 138.6 228.6 203.9 231.7 378.3 134.9 553.9 492.6 233.2 206.0 159.8 355.4 231.1 112.5 210.3 240.0 361.8 277.4 329.2 199.3 361.6 484.5 229.9 313.0 513.2 228.2 171.8 230.8 284.5 289.9 298.6 337.0 184.5 241.4 326.4 259.0 385.7 313.2 183.0 109.7 549.0 216.0 156.5 352.1 211.7
3514.4 363.3 121.1 19.3 166.7 151.7 174.3 350.4 157.1 414.0 252.8 22.1 309.6 145.5 214.4 497.2 173.3 357.0 193.1 312.1 288.9 248.1 170.3 250.9 540.9 342.4 409.9 156.5 226.9 252.6 320.9 315.3 112.8 312.8 117.0 105.7 290.9 88.0 50.7 127.5 0.0 373.2 318.0 299.6 389.7 352.2 221.5 326.0 281.1 195.3 146.1 126.5 140.0 355.6 322.1 268.2 119.5 418.8 320.2 286.4 119.9 191.0 94.1 180.1 162.4 394.8 159.2 315.6 262.5 61.2 281.0 174.7 133.0 387.1 232.0 354.1 99.8 347.5 412.0 144.1 346.9 299.6 310.1 410.1 318.7 164.0 279.1 72.6 347.6 386.6 202.0 391.9 396.6 205.2 114.0 176.7 331.5 227.9 275.2 133.8 430.1 368.8 297.4 137.4 224.0 231.6 358.7 108.7 337.9 265.0 238.0 341.6 351.4 223.7 258.5 360.7 252.1 209.9 389.4 250.4 194.0 295.0 181.4 312.1 320.8 237.5 248.7 263.6 223.3 323.2 282.6 182.7 205.2 158.1 425.2 238.2 87.9 228.3 339.3
3257.6 711.8 469.6 329.4 230.2 385.8 522.8 584.5 442.5 155.2 221.5 351.1 658.1 470.4 529.7 238.4 189.5 705.5 205.2 546.2 216.6 221.7 507.5 599.4 334.8 129.4 196.9 471.8 240.5 601.1 622.4 663.8 336.2 546.9 465.5 258.9 639.4 414.7 304.9 476.0 348.4 0.0 552.1 648.1 156.4 698.3 570.0 674.5 515.2 545.3 380.2 455.7 273.4 614.1 607.5 380.9 301.1 205.8 605.6 640.0 451.0 539.5 344.6 465.5 396.5 668.6 540.2 549.7 611.0 295.0 566.4 465.7 481.5 735.6 466.1 702.6 316.4 321.1 560.5 459.4 320.5 533.7 374.8 36.8 665.8 285.0 562.5 421.1 693.7 739.8 436.1 109.9 742.7 439.3 429.3 393.3 680.0 464.7 386.5 357.2 56.8 188.5 569.5 354.0 509.4 130.3 611.0 457.2 676.4 548.3 168.5 627.0 585.5 440.3 371.2 288.4 486.2 322.6 317.1 484.5 428.1 580.4 294.1 546.2 553.7 209.9 534.1 497.7 336.0 608.6 395.3 185.0 477.3 506.6 166.4 472.3 343.1 197.5 685.4
3602.0 522.1 390.1 366.2 484.8 208.1 412.8 73.3 235.3 628.3 515.5 369.0 513.8 264.5 448.4 711.5 387.6 515.8 441.6 86.7 503.2 438.1 237.7 535.3 730.9 556.7 624.2 382.2 452.4 537.0 461.7 487.5 238.7 140.0 337.2 320.0 559.9 268.9 397.6 396.5 346.8 587.5 0.0 482.9 604.0 368.1 489.2 484.8 68.7 464.3 213.7 346.7 440.1 624.6 205.1 431.6 417.9 633.1 173.2 559.2 305.2 329.9 441.0 209.6 197.4 663.8 266.7 40.6 531.5 408.1 225.5 394.9 294.8 545.9 86.3 512.9 258.7 537.5 681.0 385.1 536.9 87.2 473.5 624.4 469.2 401.9 227.6 292.8 429.5 545.4 252.3 606.2 478.5 255.5 355.0 271.5 510.9 448.1 438.6 225.4 644.4 583.1 105.9 271.5 167.8 445.9 627.7 328.9 422.6 101.8 452.3 224.6 85.8 242.2 421.9 575.0 134.7 394.7 603.7 153.0 126.4 243.5 366.2 35.0 27.4 427.5 193.2 192.4 386.7 271.7 446.0 465.5 225.9 250.1 639.5 121.5 266.2 442.6 381.0
3707.7 126.6 189.2 332.7 480.1 312.4 199.3 429.2 317.8 720.7 566.2 335.5 194.0 280.0 414.9 803.9 480.0 120.3 477.9 472.8 595.6 530.5 304.8 135.3 823.3 649.1 716.6 348.7 540.3 137.0 54.1 79.9 331.1 473.5 303.7 412.4 160.7 248.7 364.1 182.8 313.3 680.2 478.7 0.0 696.4 101.0 89.2 89.3 441.8 115.4 306.8 313.2 453.4 257.5 366.1 554.2 432.9 725.5 364.2 170.8 280.6 325.5 407.5 338.0 323.1 264.6 250.6 476.3 132.3 374.6 399.7 361.4 224.4 150.4 392.7 117.4 351.1 629.9 269.0 351.6 629.3 460.3 596.1 717.1 153.8 477.4 318.9 259.3 96.4 149.9 362.7 698.6 145.4 365.9 321.5 411.5 195.5 401.7 561.2 317.8 737.1 675.5 416.1 388.9 342.7 538.3 254.4 295.4 86.7 422.9 544.7 385.6 512.1 382.2 544.5 667.4 412.8 495.9 696.1 411.1 354.7 413.7 467.4 472.8 481.5 519.9 367.4 424.3 509.3 347.2 568.6 496.1 365.9 292.6 731.9 398.9 339.4 535.0 88.1
3334.1 722.5 480.3 340.1 240.9 396.5 533.5 595.2 453.2 231.7 232.2 361.8 668.8 481.1 540.4 314.9 200.2 716.2 215.9 556.9 227.3 232.4 518.2 610.1 411.3 79.3 146.8 482.5 248.3 611.8 633.1 674.5 346.9 557.6 476.2 269.6 650.1 425.4 315.6 486.7 359.1 159.3 562.8 658.8 0.0 709.0 580.7 685.2 525.9 554.5 390.9 466.4 284.1 624.8 618.2 391.6 311.8 155.7 616.3 645.6 461.7 550.2 355.3 476.2 407.2 679.3 550.9 560.4 621.7 305.7 577.1 476.4 492.2 746.3 476.8 713.3 327.1 331.8 571.2 470.1 331.2 544.4 385.5 122.1 677.9 295.8 575.2 431.8 704.4 745.8 446.8 59.0 753.4 450.0 440.0 404.0 690.7 475.4 409.1 367.9 123.8 138.4 580.2 364.7 520.1 141.0 621.7 467.9 694.7 559.0 176.4 637.7 596.2 451.0 381.9 299.1 496.9 333.3 327.8 495.2 438.8 591.1 304.8 556.9 565.6 221.8 544.8 508.4 346.7 619.3 406.0 195.7 488.0 517.3 242.9 483.0 353.8 208.2 696.1
3698.0 153.9 221.0 364.5 511.9 344.2 231.1 328.1 349.6 752.5 598.0 367.3 187.4 311.8 446.7 835.7 511.8 147.6 538.3 389.7 627.4 562.3 336.6 167.1 855.1 680.9 748.4 380.5 569.2 168.8 93.5 119.3 360.9 388.2 335.5 444.2 192.5 280.5 395.9 214.6 345.1 711.7 400.9 114.7 728.2 0.0 121.0 116.6 400.7 145.7 338.6 345.0 485.2 257.2 265.0 586.0 464.7 757.3 263.1 202.6 312.4 357.3 439.3 369.8 354.9 296.4 282.4 441.6 164.1 406.4 340.0 393.2 256.2 177.7 424.5 144.7 382.9 661.7 308.4 383.4 661.1 382.2 627.9 748.6 144.2 509.3 219.8 291.1 61.3 177.2 394.5 730.4 110.3 397.7 353.3 443.3 184.5 446.4 604.9 349.6 768.6 707.3 336.4 420.7 278.3 570.1 260.3 327.2 46.8 445.4 576.5 284.5 429.0 414.0 576.3 699.2 444.6 527.7 727.9 442.9 386.5 290.5 499.2 371.4 362.9 550.5 307.7 456.1 541.1 246.1 600.4 527.9 397.7 324.4 763.7 369.7 371.2 566.8 12.8
3707.5 141.7 99.9 243.4 390.8 223.1 110.0 388.6 228.5 631.4 476.9 246.2 104.7 190.7 325.6 714.6 390.7 135.4 417.2 383.5 506.3 441.2 215.5 46.0 734.0 559.8 627.3 259.4 451.0 47.7 99.3 93.7 241.8 384.2 214.4 323.1 69.3 159.4 274.8 93.5 224.0 590.6 389.4 78.0 607.1 130.6 0.0 104.4 352.5 26.1 217.5 223.9 364.1 134.0 351.5 464.9 343.6 636.2 349.6 81.5 191.3 236.2 318.2 248.7 233.8 173.2 161.3 387.0 40.9 285.3 310.4 272.1 135.1 165.5 303.4 132.5 261.8 540.6 190.4 262.3 540.0 371.0 506.8 627.5 113.8 388.1 308.5 170.0 126.0 165.0 273.4 609.3 175.0 276.6 232.2 322.2 126.6 325.3 471.9 228.5 647.5 586.2 326.8 299.6 253.4 449.0 137.1 206.1 116.3 333.6 455.4 371.0 422.8 292.9 455.2 578.1 323.5 406.6 606.8 321.8 265.4 324.4 378.1 383.5 392.2 430.6 278.1 335.0 420.0 352.6 479.3 406.8 276.6 203.3 642.6 309.6 250.1 445.7 117.7
3799.1 54.2 199.2 342.7 490.1 322.4 209.3 429.2 327.8 730.7 576.2 345.5 204.0 290.0 424.9 813.9 490.0 47.9 516.5 482.8 605.6 540.5 314.8 145.3 833.3 659.1 726.6 358.7 550.3 147.0 89.7 68.4 341.1 483.5 313.7 422.4 170.7 258.7 374.1 192.8 323.3 689.9 488.7 92.9 706.4 101.0 99.2 0.0 451.8 125.4 316.8 323.2 463.4 235.4 366.1 564.2 442.9 735.5 364.2 180.8 290.6 335.5 417.5 348.0 333.1 274.6 260.6 486.3 142.3 384.6 409.7 371.4 234.4 78.0 402.7 45.0 361.1 639.9 291.8 361.6 639.3 470.3 606.1 726.8 163.8 487.4 318.9 269.3 96.4 77.5 372.7 708.6 145.4 375.9 331.5 421.5 205.5 424.6 571.2 327.8 746.8 685.5 426.1 398.9 352.7 548.3 238.5 305.4 86.7 432.9 554.7 385.6 522.1 392.2 554.5 677.4 422.8 505.9 706.1 421.1 364.7 423.7 477.4 482.8 491.5 529.9 377.4 434.3 519.3 347.2 578.6 506.1 375.9 302.6 741.9 408.9 349.4 545.0 88.1
3539.0 526.3 338.4 306.7 464.0 148.6 361.1 77.5 183.6 568.8 456.0 309.5 518.0 212.8 388.9 652.0 328.1 520.0 382.1 135.1 443.7 378.6 186.0 468.2 671.4 497.2 564.7 322.7 392.9 469.9 465.9 491.7 179.2 155.6 277.7 260.5 508.2 209.4 338.1 344.8 287.3 528.0 48.3 487.1 544.5 372.3 438.8 489.0 0.0 412.6 154.2 287.2 419.3 572.9 192.2 410.8 397.1 573.6 160.3 503.7 245.7 278.2 381.5 157.9 137.9 612.1 215.0 45.9 479.8 348.6 173.8 335.4 243.1 550.1 49.0 517.1 199.2 478.0 629.3 325.6 477.4 18.4 452.7 564.9 473.4 381.1 175.9 233.3 433.7 549.6 192.8 546.7 482.7 196.0 295.5 212.0 515.1 388.6 417.8 165.9 584.9 523.6 54.2 212.0 116.1 386.4 576.0 269.4 426.8 57.1 392.8 211.7 91.1 182.7 401.1 515.5 97.4 373.9 544.2 115.7 89.1 191.8 345.4 83.4 75.8 368.0 141.5 200.5 365.9 220.0 425.2 406.0 166.4 198.4 580.0 100.7 206.7 383.1 385.2
3681.3 167.9 73.7 217.2 364.6 196.9 83.8 362.4 202.3 606.7 450.7 220.0 114.2 164.5 299.4 688.4 364.5 161.6 391.0 357.3 480.1 415.0 189.3 55.5 707.8 533.6 601.1 233.2 427.1 57.2 125.5 119.9 213.6 358.0 188.2 296.9 95.5 133.2 248.6 67.3 197.8 564.4 363.2 104.2 580.9 155.3 26.1 130.6 326.3 0.0 191.3 197.7 337.9 160.2 325.3 438.7 317.4 610.0 323.4 96.1 165.1 210.0 292.0 224.0 207.6 199.4 135.1 360.8 67.1 259.1 284.2 245.9 108.9 191.7 277.2 158.7 235.6 514.4 216.6 236.1 513.8 344.8 480.6 601.3 121.9 362.0 280.3 145.5 152.2 195.9 248.7 583.1 201.2 250.4 206.0 296.0 136.1 299.1 457.6 202.3 621.3 560.0 300.6 273.4 227.2 422.8 161.8 179.9 134.9 298.1 432.0 344.8 396.6 266.7 429.0 551.9 297.3 380.4 580.6 295.6 240.7 298.2 351.9 357.3 364.8 403.2 251.9 308.8 393.8 326.4 453.1 380.6 250.4 177.1 616.4 283.4 223.9 419.5 143.9
3490.6 363.7 121.5 152.4 299.8 5.5 174.7 204.2 82.9 414.5 301.7 155.2 310.0 110.8 234.6 497.7 173.8 357.4 227.8 165.9 289.4 224.3 147.9 251.3 517.1 342.9 410.4 168.4 238.6 253.0 321.3 315.7 24.9 166.6 123.4 106.2 291.3 55.1 183.8 127.9 133.0 373.7 171.8 300.0 390.2 437.5 221.9 326.4 134.9 195.7 0.0 132.9 210.4 356.0 247.9 248.0 188.2 419.3 295.3 286.8 91.4 197.4 227.2 105.9 16.2 395.2 180.6 169.4 262.9 194.3 206.8 181.1 133.4 387.5 85.8 354.5 44.9 323.7 412.4 171.3 323.1 153.4 289.9 410.6 319.1 172.2 204.9 79.0 348.0 387.0 55.8 392.4 397.0 59.0 141.2 122.0 331.9 234.3 255.0 11.6 430.6 369.3 189.2 82.7 149.8 232.1 359.1 115.1 338.3 168.0 238.5 267.4 205.2 75.3 238.3 361.2 105.9 189.7 389.9 104.2 47.8 220.8 161.2 165.9 174.6 213.7 174.5 117.4 203.1 249.0 262.4 251.7 59.0 164.0 425.7 92.0 52.4 228.8 339.7
3632.1 371.3 129.1 151.2 284.4 160.1 182.3 358.8 165.5 526.5 370.5 133.6 317.6 145.5 131.8 609.7 285.8 365.0 310.8 320.5 401.4 365.8 170.3 258.9 658.6 454.9 522.4 73.9 344.6 260.6 328.9 323.3 137.5 321.2 111.9 218.2 298.9 96.4 168.4 135.5 166.5 485.7 326.4 307.6 502.2 360.2 229.5 334.0 289.5 203.3 154.5 0.0 257.7 363.6 330.5 400.1 251.4 531.3 328.6 294.4 128.3 191.0 211.8 188.5 170.8 402.8 167.2 324.0 270.5 178.9 289.4 139.2 141.0 395.1 240.4 362.1 156.9 465.2 420.0 43.5 464.6 308.0 442.0 522.6 326.7 295.9 287.5 97.3 355.6 394.6 210.4 504.4 404.6 213.6 31.4 234.0 339.5 192.4 407.1 158.5 542.6 481.3 305.8 194.7 232.4 344.1 366.7 73.2 345.9 273.4 350.5 350.0 359.8 229.9 390.4 473.2 260.5 341.8 501.9 258.8 202.4 303.4 313.3 320.5 329.2 355.2 257.1 272.0 355.2 331.6 414.5 300.4 213.6 158.1 537.7 246.6 112.6 340.8 347.3
3437.9 488.7 246.5 116.7 90.2 224.8 299.7 423.5 281.5 359.7 176.3 121.2 435.0 270.9 313.5 442.9 157.4 482.4 116.6 385.2 261.3 171.6 295.7 376.3 464.4 288.1 355.6 255.6 150.4 378.0 446.3 440.7 175.2 385.9 242.4 97.9 416.3 253.7 75.0 252.9 125.3 318.9 391.1 425.0 335.4 477.6 346.9 451.4 354.2 320.7 219.2 239.5 0.0 481.0 446.5 201.9 71.2 364.5 444.6 411.8 290.0 316.4 99.2 304.5 235.5 520.2 284.6 388.7 387.9 65.1 405.4 300.1 258.4 512.5 305.1 479.5 155.4 271.0 537.4 243.2 270.4 372.7 243.8 355.8 444.1 86.0 403.5 198.0 473.0 512.0 275.1 337.6 522.0 278.3 213.1 232.3 456.9 353.3 208.9 196.2 375.8 314.5 408.5 193.0 348.4 177.3 484.1 234.1 463.3 387.3 210.4 466.0 424.5 279.3 192.2 268.7 325.2 143.6 294.9 323.5 267.1 419.4 115.1 385.2 393.9 161.0 373.1 336.7 157.0 447.6 216.3 106.2 333.9 283.5 370.9 311.3 182.1 213.5 464.7
3654.7 252.6 228.7 372.2 453.1 351.9 238.8 517.4 357.3 662.5 502.6 375.0 233.5 319.5 414.4 745.7 465.7 246.3 424.9 512.3 563.0 479.9 344.3 174.8 772.7 662.2 729.7 409.2 513.8 176.5 210.2 204.6 370.6 513.0 402.0 451.9 51.4 288.2 403.6 222.3 352.8 627.2 518.2 188.9 709.5 241.5 128.7 215.3 481.3 154.9 346.3 352.7 496.3 0.0 480.3 593.7 472.4 738.6 478.4 210.3 320.1 365.0 447.0 377.5 362.6 54.4 290.1 515.8 76.6 414.1 439.2 349.7 263.9 276.4 432.2 243.4 390.6 579.3 56.3 391.1 578.7 499.8 633.0 664.1 231.9 561.3 437.3 376.7 236.9 275.9 402.2 711.7 285.9 405.4 361.0 451.0 255.4 348.7 656.6 357.3 684.1 721.3 455.6 428.4 382.2 505.7 3.0 341.2 227.2 462.4 512.1 499.8 551.6 421.7 584.0 577.0 452.3 535.4 603.2 450.6 394.2 453.2 506.9 512.3 521.0 469.3 406.9 463.8 548.8 481.4 608.1 432.5 405.4 332.1 673.7 438.4 378.9 502.4 228.6
3720.9 414.8 325.4 354.7 502.1 259.8 348.1 167.5 170.6 668.1 588.2 357.5 406.5 199.8 436.9 751.3 427.4 408.5 481.4 224.4 543.0 477.9 173.0 428.0 770.7 596.5 664.0 370.7 492.2 429.7 354.4 380.2 278.5 277.7 325.7 359.8 495.2 287.4 386.1 331.8 335.3 627.3 202.2 375.6 643.8 260.8 381.9 377.5 187.8 399.6 254.2 335.2 475.4 559.9 0.0 501.6 454.9 672.9 22.3 451.9 319.3 265.2 429.5 144.9 270.5 599.1 202.0 233.8 466.8 396.6 164.8 383.4 230.1 438.6 236.9 405.6 298.5 577.3 616.3 373.6 576.7 169.3 543.5 664.2 361.9 425.8 66.8 281.3 322.2 438.1 310.1 646.0 371.2 313.3 343.5 358.9 403.6 436.6 508.6 265.2 684.2 622.9 123.5 336.3 103.1 485.7 563.0 317.4 315.3 233.7 492.1 19.4 263.7 329.6 491.9 614.8 285.3 443.3 643.5 303.6 277.0 115.3 414.8 172.7 164.2 467.3 132.5 330.1 456.7 110.9 516.0 518.1 313.3 185.4 679.3 259.2 306.0 482.4 273.7
3481.7 609.2 367.0 226.8 228.2 309.2 420.2 448.8 320.7 405.6 314.3 253.3 555.5 348.6 407.9 488.8 164.9 602.9 254.6 410.5 280.5 215.4 385.7 496.8 508.2 334.0 401.5 350.0 229.7 498.5 566.8 561.2 214.4 411.2 362.9 137.1 536.8 292.9 233.0 373.4 245.8 364.8 435.5 545.5 381.3 598.1 467.4 571.9 398.6 441.2 314.8 333.9 183.5 601.5 485.7 0.0 161.3 410.4 483.8 532.3 329.2 436.9 282.8 344.7 298.5 640.7 418.4 433.1 508.4 223.1 444.6 420.6 378.9 633.0 349.5 600.0 194.6 239.5 657.9 337.6 226.1 417.1 130.7 401.7 564.6 145.3 442.7 318.5 593.5 632.5 314.3 383.5 642.5 317.5 307.5 328.0 577.4 473.8 95.8 235.4 421.7 360.4 452.9 300.6 387.6 223.2 604.6 354.6 583.8 431.7 229.6 505.2 449.8 343.3 9.6 352.3 369.6 138.1 381.0 367.9 311.5 458.6 109.6 410.5 419.2 204.8 412.3 362.0 44.8 486.8 58.0 244.2 327.0 404.0 416.8 336.6 221.3 219.9 585.2
3457.4 472.7 230.5 90.3 109.7 222.9 283.7 421.6 266.5 379.2 195.8 116.8 419.0 254.9 309.1 462.4 176.9 466.4 136.1 383.3 265.9 191.1 279.7 360.3 483.9 307.6 375.1 251.2 167.0 362.0 430.3 424.7 172.9 384.0 226.4 89.5 400.3 197.4 129.2 236.9 109.3 338.4 389.2 409.0 354.9 461.6 330.9 435.4 352.3 304.7 217.3 235.1 65.0 465.0 431.5 193.5 0.0 384.0 429.6 400.9 229.3 300.4 164.3 289.5 233.6 504.2 268.6 386.8 371.9 104.6 390.4 284.1 242.4 496.5 303.2 463.5 153.5 290.5 521.4 238.8 289.9 370.8 235.4 375.3 426.7 44.5 386.5 182.0 457.0 496.0 273.2 357.1 506.0 276.4 208.7 230.4 440.9 337.3 212.4 194.3 395.3 334.0 406.6 191.1 333.4 196.8 468.1 218.1 439.7 385.4 217.8 451.0 422.6 277.4 183.8 288.2 323.3 135.2 314.4 321.6 265.2 404.4 106.7 383.3 392.0 179.3 358.1 334.8 148.6 432.6 207.9 125.7 325.5 267.5 390.4 309.4 180.2 233.0 448.7
3369.2 757.6 515.4 375.2 276.0 431.6 568.6 630.3 488.3 266.8 267.3 396.9 703.9 516.2 575.5 350.0 235.3 751.3 251.0 592.0 262.4 267.5 553.3 645.2 446.4 71.4 11.5 517.6 281.1 646.9 668.2 709.6 384.2 592.7 511.3 304.7 685.2 460.5 350.7 521.8 394.2 284.2 597.9 693.9 181.7 744.1 615.8 720.3 561.0 589.6 426.0 501.5 319.2 659.9 653.3 426.7 346.9 0.0 651.4 680.7 496.8 585.3 390.4 512.3 442.3 714.4 586.0 595.5 656.8 340.8 612.2 511.5 527.3 781.4 511.9 748.4 362.2 366.9 606.3 505.2 366.3 579.5 420.6 247.0 713.0 330.8 608.3 466.9 739.5 785.6 481.9 183.9 788.5 485.1 475.1 439.1 725.8 510.5 432.3 403.0 248.7 111.0 615.3 399.8 555.2 176.1 656.8 503.0 729.8 594.1 211.5 672.8 631.3 486.1 417.0 334.2 532.0 368.4 362.9 530.3 473.9 626.2 339.9 592.0 600.7 256.9 579.9 543.5 381.8 654.4 441.1 230.8 523.1 552.4 278.0 518.1 388.9 243.3 731.2
3698.5 402.4 313.0 342.3 489.7 247.4 335.7 145.1 158.2 655.7 575.8 345.1 394.1 187.4 424.5 738.9 415.0 396.1 469.0 202.0 530.6 465.5 160.6 415.6 758.3 584.1 651.6 358.3 479.8 417.3 342.0 367.8 266.1 255.3 313.3 347.4 482.8 275.0 373.7 319.4 322.9 614.9 179.8 363.2 631.4 248.4 369.5 365.1 165.4 387.2 241.8 322.8 463.0 547.5 31.8 489.2 442.5 660.5 0.0 439.5 306.9 252.8 417.1 132.5 258.1 586.7 189.6 211.4 454.4 384.2 152.4 371.0 217.7 426.2 214.5 393.2 286.1 564.9 603.9 361.2 564.3 146.9 531.1 651.8 349.5 413.4 54.4 268.9 309.8 425.7 297.7 633.6 358.8 300.9 331.1 346.5 391.2 424.2 496.2 252.8 671.8 610.5 101.1 323.9 90.7 473.3 550.6 305.0 302.9 222.6 479.7 51.3 241.3 317.2 479.5 602.4 262.9 430.9 631.1 281.2 254.6 102.9 402.4 150.3 141.8 454.9 120.1 307.7 444.3 98.5 503.6 505.7 300.9 173.0 666.9 236.8 293.6 470.0 261.3
3765.5 236.4 157.9 301.4 448.8 281.1 168.0 446.6 286.5 689.4 540.0 304.2 88.2 248.7 383.6 772.6 448.7 230.1 475.2 441.5 564.3 499.2 273.5 32.8 792.0 617.8 685.3 317.4 511.3 75.4 194.0 188.4 297.8 442.2 272.4 386.2 164.0 217.4 332.8 151.5 282.0 648.6 447.4 172.7 665.1 265.2 94.6 199.1 410.5 82.6 275.5 281.9 422.1 228.7 409.5 522.9 401.6 699.3 407.6 0.0 249.3 294.2 376.2 312.8 291.8 267.9 219.3 445.0 135.6 343.3 368.4 330.1 193.1 260.2 361.4 227.2 319.8 598.6 285.1 320.3 598.0 429.0 564.8 685.5 95.9 446.2 369.6 229.7 251.1 264.4 336.5 667.3 300.1 339.7 290.2 380.2 110.1 388.4 546.9 286.5 705.5 644.2 384.8 362.7 316.5 507.0 236.9 264.1 198.8 382.3 516.2 429.0 480.8 356.0 513.2 636.1 381.5 464.6 664.8 379.8 328.5 382.4 436.1 441.5 449.0 487.4 336.1 393.0 478.0 410.6 537.3 464.8 334.6 261.3 700.6 367.6 308.1 503.7 278.1
3548.2 342.2 100.0 130.9 278.3 63.8 153.2 262.5 69.2 472.1 364.4 133.7 288.5 97.1 213.1 555.3 231.4 335.9 304.7 224.2 347.0 281.9 134.2 229.8 574.7 400.5 468.0 146.9 338.5 231.5 299.8 294.2 82.5 224.9 101.9 163.8 269.8 33.6 162.3 106.4 111.5 431.3 230.1 278.5 447.8 385.2 200.4 304.9 193.2 174.2 58.2 111.4 251.6 334.5 234.2 305.6 231.1 476.9 232.3 265.3 0.0 201.1 205.7 92.2 74.5 373.7 166.9 227.7 241.4 172.8 193.1 159.6 195.0 366.0 144.1 333.0 102.5 381.3 390.9 149.8 380.7 211.7 347.5 468.2 297.6 229.8 191.2 57.5 446.6 365.5 114.1 450.0 495.6 117.3 119.7 162.9 310.4 212.8 312.6 69.2 488.2 426.9 209.5 140.3 136.1 289.7 337.6 93.6 439.7 177.1 296.1 253.7 263.5 133.6 295.9 418.8 164.2 247.3 447.5 162.5 106.1 207.1 218.8 224.2 232.9 271.3 160.8 175.7 260.7 235.3 320.0 294.3 117.3 150.3 483.3 150.3 137.6 286.4 398.1
3704.7 436.8 194.6 239.5 386.9 220.3 281.6 298.9 165.8 628.6 473.0 242.3 383.1 115.2 313.3 711.8 387.9 430.5 413.3 380.7 503.5 438.4 140.0 324.4 731.2 557.0 624.5 247.1 447.1 326.1 394.4 388.8 239.0 381.4 202.1 320.3 364.4 156.6 270.9 201.0 220.1 587.8 349.8 373.1 604.3 412.8 295.0 399.5 301.4 268.8 214.7 211.6 360.2 429.1 261.8 462.1 339.7 633.4 259.9 359.9 188.5 0.0 314.3 157.4 231.0 468.3 135.5 347.4 336.0 281.4 220.7 259.8 163.6 460.6 300.6 427.6 259.0 537.8 485.5 255.2 537.2 282.9 504.0 624.7 392.2 384.2 218.8 157.7 474.2 460.1 270.6 606.5 523.2 273.8 228.3 319.4 405.0 313.0 469.1 225.7 644.7 583.4 237.1 296.8 163.7 446.2 432.2 193.8 467.3 258.1 452.6 281.3 392.6 290.1 452.4 575.3 320.7 403.8 604.0 319.0 262.6 234.7 375.3 322.1 313.6 427.8 188.4 332.2 417.2 262.9 476.5 402.9 273.8 79.0 639.8 306.8 246.2 442.9 425.7
3520.2 447.5 205.3 95.2 172.5 231.5 258.5 430.2 241.3 442.0 258.6 80.0 393.8 229.7 272.3 525.2 239.7 441.2 198.9 391.9 328.7 253.9 254.5 335.1 546.7 370.4 437.9 214.4 232.7 336.8 405.1 399.5 181.9 392.6 201.2 188.6 375.1 172.2 76.6 211.7 84.1 401.2 397.8 383.8 417.7 436.4 305.7 410.2 360.9 279.5 225.9 198.3 90.6 439.8 406.3 292.6 161.9 446.8 404.4 370.6 204.1 275.2 0.0 264.3 242.2 479.0 243.4 395.4 346.7 87.1 365.2 258.9 217.2 471.3 311.8 438.3 175.7 353.3 496.2 202.0 352.7 379.4 334.5 438.1 402.9 176.7 363.3 156.8 431.8 470.8 281.8 419.9 480.8 285.0 171.9 252.6 415.7 312.1 299.6 202.9 458.1 396.8 381.6 213.3 308.2 259.6 442.9 192.9 422.1 349.2 277.8 425.8 431.2 299.6 282.9 351.0 331.9 234.3 377.2 330.2 273.8 379.2 205.8 391.9 400.6 243.3 332.9 343.4 247.7 407.4 307.0 188.5 285.0 242.3 453.2 318.0 157.0 295.8 423.5
3598.0 421.4 179.2 208.5 355.9 113.6 219.7 178.0 24.4 523.1 442.0 211.3 368.9 53.6 290.7 605.1 281.2 416.3 336.4 252.9 396.8 331.7 26.8 309.0 624.5 450.3 517.8 224.5 343.7 310.7 379.0 373.4 130.3 274.7 179.5 213.6 349.0 141.2 241.1 185.6 189.1 481.1 228.9 357.7 497.6 291.9 280.8 384.1 180.5 256.1 108.0 189.0 329.2 413.7 140.9 355.4 308.7 526.7 139.0 344.5 173.1 136.8 283.3 0.0 124.3 452.9 73.6 226.5 320.6 250.4 99.8 237.2 101.7 445.2 193.9 412.2 152.3 432.3 470.1 227.4 430.5 162.0 397.3 518.0 393.0 280.7 96.9 136.3 353.3 449.4 163.9 499.8 402.3 168.3 197.3 212.7 434.7 290.4 374.3 120.2 538.0 476.7 116.2 190.1 42.8 339.5 416.8 171.2 346.4 88.7 345.9 160.4 272.7 184.6 345.7 468.6 214.0 297.1 497.3 212.3 155.9 113.8 268.6 201.2 192.7 321.1 67.5 225.5 310.5 142.0 369.8 371.9 168.3 57.0 533.1 200.1 161.0 336.2 304.8
3506.9 380.0 137.8 168.7 316.1 10.6 191.0 187.9 99.2 430.8 318.0 171.5 326.3 127.1 250.9 514.0 190.1 373.7 244.1 149.6 305.7 240.6 164.2 267.6 533.4 359.2 426.7 184.7 254.9 269.3 337.6 332.0 41.2 150.3 139.7 122.5 307.6 71.4 200.1 144.2 149.3 390.0 155.5 316.3 406.5 421.2 238.2 342.7 118.6 212.0 16.2 149.2 226.7 372.3 310.9 264.3 204.5 435.6 279.0 303.1 107.7 213.7 243.5 122.2 0.0 411.5 196.9 153.1 279.2 210.6 223.1 197.4 149.7 403.8 69.5 370.8 61.2 340.0 428.7 187.6 339.4 137.1 306.2 426.9 335.4 188.5 221.2 95.3 364.3 403.3 54.8 408.7 413.3 58.0 157.5 88.3 348.2 250.6 271.3 27.9 446.9 385.6 172.9 99.0 166.1 248.4 375.4 131.4 475.7 151.7 254.8 330.4 188.9 59.0 254.6 377.5 89.6 206.0 406.2 87.9 31.5 237.1 177.5 149.6 158.3 230.0 190.8 101.1 219.4 265.3 278.7 268.0 42.7 180.3 442.0 75.7 68.7 245.1 434.1
3702.9 305.5 281.6 425.1 501.3 404.8 291.7 570.3 410.2 710.7 550.8 427.9 286.4 372.4 462.6 793.9 513.9 299.2 473.1 565.2 611.2 528.1 397.2 227.7 820.9 710.4 777.9 457.4 562.0 229.4 263.1 257.5 423.5 565.9 450.2 504.8 104.3 341.1 456.5 275.2 405.7 675.4 571.1 241.8 757.7 294.4 181.6 268.2 534.2 207.8 399.2 405.6 544.5 48.1 533.2 646.6 525.3 786.8 531.3 263.2 373.0 417.9 499.9 430.4 415.5 0.0 343.0 568.7 129.5 467.0 492.1 397.9 316.8 329.3 485.1 296.3 443.5 627.5 104.5 444.0 626.9 552.7 681.2 712.3 284.8 609.5 490.2 424.9 289.8 328.8 455.1 759.9 338.8 458.3 413.9 503.9 308.3 396.9 704.8 410.2 732.3 769.5 508.5 481.3 435.1 553.9 51.2 389.4 280.1 515.3 560.3 552.7 604.5 474.6 636.9 625.2 505.2 588.3 651.4 503.5 447.1 506.1 559.8 565.2 573.9 517.5 459.8 516.7 601.7 534.3 661.0 480.7 458.3 385.0 721.9 491.3 431.8 550.6 281.5
3641.2 319.1 76.9 177.1 324.5 156.8 146.0 227.2 111.4 565.1 410.6 179.9 265.4 124.4 259.3 648.3 324.4 312.8 350.9 302.1 440.0 374.9 113.8 206.7 667.7 493.5 561.0 193.1 384.7 208.4 276.7 271.1 175.5 317.9 148.1 256.8 246.7 93.1 208.5 83.3 157.7 524.3 278.1 255.4 540.8 341.1 177.3 281.8 229.7 151.1 151.2 157.6 297.8 311.4 190.1 398.6 277.3 569.9 188.2 242.2 125.0 147.0 251.9 85.7 167.5 350.6 0.0 275.7 218.3 219.0 149.0 205.8 28.0 342.9 237.1 309.9 195.5 474.3 367.8 196.0 473.7 211.2 440.5 561.2 274.5 321.8 147.1 103.7 402.5 342.4 207.1 543.0 451.5 210.3 165.9 255.9 287.3 259.0 405.6 162.2 581.2 519.9 165.4 233.3 92.0 382.7 314.5 139.8 395.6 174.5 389.1 209.6 320.9 226.6 388.9 511.8 257.2 340.3 540.5 255.5 199.1 163.0 311.8 250.4 241.9 364.3 116.7 268.7 353.7 191.2 413.0 340.5 210.3 67.2 576.3 243.3 183.8 379.4 354.0
3552.0 570.8 288.8 319.7 477.0 161.6 405.6 122.0 228.1 581.8 469.0 322.5 562.5 257.3 401.9 665.0 341.1 564.5 395.1 135.1 456.7 391.6 230.5 418.6 684.4 510.2 577.7 335.7 405.9 420.3 510.4 536.2 192.2 168.6 290.7 273.5 458.6 222.4 351.1 295.2 300.3 541.0 48.7 531.6 557.5 416.8 389.2 533.5 44.4 363.0 167.2 300.2 432.3 523.3 236.7 423.8 410.1 586.6 204.8 454.1 258.7 322.7 394.5 202.4 150.9 562.5 259.5 0.0 430.2 361.6 218.3 348.4 287.6 594.6 62.0 561.6 212.2 491.0 579.7 338.6 490.4 62.9 465.7 577.9 517.9 394.1 220.4 246.3 478.2 594.1 205.8 559.7 527.2 209.0 308.5 225.0 559.6 401.6 430.8 178.9 597.9 536.6 98.7 225.0 160.6 399.4 526.4 282.4 471.3 77.5 405.8 256.2 45.1 195.7 414.1 528.5 110.4 386.9 557.2 128.7 102.1 236.3 358.4 83.8 76.2 381.0 186.0 213.5 378.9 264.5 438.2 419.0 179.4 242.9 593.0 113.7 219.7 396.1 429.7
3747.8 175.9 152.0 295.5 442.9 275.2 162.1 440.7 280.6 683.5 529.0 298.3 156.8 242.8 377.7 766.7 442.8 169.6 469.3 435.6 558.4 493.3 267.6 98.1 786.1 611.9 679.4 311.5 503.1 99.8 133.5 127.9 293.9 436.3 266.5 375.2 28.3 211.5 326.9 145.6 276.1 720.3 441.5 112.2 659.2 164.8 52.0 138.6 404.6 78.2 269.6 276.0 416.2 93.0 403.6 517.0 395.7 688.3 401.7 133.6 243.4 288.3 370.3 300.8 285.9 132.2 213.4 439.1 0.0 337.4 362.5 324.2 187.2 199.7 355.5 166.7 313.9 592.7 149.4 314.4 592.1 423.1 558.9 757.2 155.2 440.2 360.6 222.1 160.2 199.2 325.5 661.4 209.2 328.7 284.3 374.3 178.7 377.4 524.0 280.6 777.2 638.3 378.9 351.7 305.5 501.1 96.1 258.2 150.5 385.7 507.5 423.1 474.9 345.0 507.3 630.2 375.6 458.7 658.9 373.9 317.5 376.5 430.2 435.6 444.3 482.7 330.2 387.1 472.1 404.7 531.4 458.9 328.7 255.4 694.7 361.7 302.2 497.8 151.9
3453.1 423.5 181.3 71.2 105.4 207.5 234.5 406.2 217.3 374.9 191.5 56.0 369.8 205.7 248.3 458.1 172.6 417.2 131.8 367.9 261.6 186.8 230.5 311.1 479.6 303.3 370.8 190.4 165.6 312.8 381.1 375.5 157.9 368.6 177.2 131.1 351.1 148.2 9.8 187.7 60.1 334.1 373.8 359.8 350.6 412.4 281.7 386.2 336.9 255.5 201.9 174.3 78.7 415.8 382.3 235.1 104.4 379.7 380.4 346.6 180.1 251.2 76.0 240.3 218.2 455.0 219.4 371.4 322.7 0.0 341.2 234.9 193.2 447.3 287.8 414.3 151.7 286.2 472.2 178.0 285.6 355.4 277.0 371.0 378.9 119.2 339.3 132.8 407.8 446.8 257.8 352.8 456.8 261.0 147.9 228.6 391.7 288.1 242.1 178.9 391.0 329.7 357.6 189.3 284.2 192.5 418.9 168.9 398.1 325.2 210.7 401.8 407.2 275.6 225.4 283.9 307.9 176.8 310.1 306.2 249.8 355.2 148.3 367.9 376.6 176.2 308.9 319.4 190.2 383.4 249.5 121.4 261.0 218.3 386.1 294.0 133.0 228.7 399.5
3773.4 465.1 299.6 328.9 476.3 234.0 322.3 183.2 144.8 642.3 562.4 331.7 456.8 174.0 411.1 725.5 401.6 458.8 455.6 258.1 517.2 452.1 147.2 478.3 744.9 570.7 638.2 344.9 466.4 480.0 404.7 430.5 252.7 311.4 299.9 334.0 469.4 261.6 360.3 306.0 309.5 601.5 234.1 425.9 618.0 311.1 400.0 427.8 185.7 373.8 228.4 309.4 449.6 534.1 160.1 475.8 429.1 647.1 158.2 502.2 293.5 239.4 403.7 120.3 244.7 573.3 176.2 231.7 441.0 370.8 0.0 357.6 204.3 488.9 234.8 455.9 272.7 551.5 590.5 347.8 550.9 167.2 517.7 638.4 412.2 400.0 117.1 255.5 372.5 488.4 284.3 620.2 421.5 287.5 317.7 333.1 453.9 410.8 482.8 239.4 658.4 597.1 121.4 310.5 77.3 459.9 537.2 291.6 365.6 207.9 466.3 179.6 276.9 303.8 466.1 589.0 283.2 417.5 617.7 301.5 274.9 111.4 389.0 206.4 197.9 441.5 41.5 345.9 430.9 161.2 490.2 492.3 287.5 159.6 653.5 286.5 280.2 456.6 324.0
3586.2 395.4 153.2 198.5 315.4 184.2 206.4 382.9 189.6 592.5 364.9 201.3 341.7 169.6 141.8 675.7 328.0 389.1 287.2 344.6 467.4 342.2 194.4 283.0 635.0 520.9 588.4 127.8 376.1 284.7 353.0 347.4 200.9 345.3 120.6 284.2 323.0 120.5 229.9 159.6 179.1 558.7 350.5 331.7 568.2 384.3 253.6 358.1 313.6 227.4 178.6 135.1 319.2 387.7 354.6 426.0 298.7 597.3 352.7 323.6 152.4 215.1 273.3 212.6 194.9 426.9 191.3 348.1 294.6 240.4 313.5 0.0 165.1 419.2 264.5 386.2 222.9 441.6 444.1 178.7 441.0 332.1 467.9 595.6 349.4 343.3 309.6 94.6 379.7 418.7 234.5 570.4 428.7 237.7 162.1 283.3 363.6 141.5 444.9 189.6 615.6 547.3 329.9 260.7 256.5 410.1 390.8 59.8 370.0 288.2 416.5 374.1 383.9 254.0 416.3 439.3 284.6 367.7 465.5 282.9 226.5 327.5 339.2 344.6 352.1 330.4 281.2 296.1 381.1 355.7 440.4 294.8 237.7 182.2 603.7 270.7 205.2 406.8 371.4
3613.1 291.0 48.8 149.0 296.4 128.7 117.9 253.4 134.1 537.0 382.5 151.8 237.3 96.3 231.2 620.2 296.3 284.7 322.8 289.1 411.9 346.8 121.1 178.6 639.6 465.4 532.9 165.0 356.6 180.3 248.6 243.0 147.4 289.8 120.0 228.7 218.6 65.0 180.4 55.2 129.6 496.2 295.0 227.3 512.7 367.3 149.2 253.7 258.1 123.0 123.1 129.5 269.7 283.3 216.3 370.5 249.2 541.8 214.4 214.1 96.9 141.8 223.8 113.1 139.4 322.5 26.1 292.6 190.2 190.9 175.2 177.7 0.0 314.8 209.0 281.8 167.4 446.2 339.7 167.9 445.6 237.4 412.4 533.1 246.4 293.7 173.3 75.6 275.3 314.3 179.0 514.9 324.3 182.2 137.8 227.8 259.2 230.9 377.5 134.1 553.1 491.8 191.6 205.2 118.2 354.6 286.4 111.7 265.6 200.7 361.0 235.8 328.4 198.5 360.8 483.7 229.1 312.2 512.4 227.4 171.0 189.2 283.7 289.1 268.1 336.2 142.9 240.6 325.6 217.4 384.9 312.4 182.2 93.4 548.2 215.2 155.7 351.3 267.0
3748.9 53.4 265.0 408.5 555.9 388.2 275.1 513.6 393.6 796.5 596.8 411.3 269.8 355.8 490.7 879.7 555.8 20.0 519.1 548.6 671.4 574.1 380.6 211.1 866.9 756.4 823.9 424.5 608.0 212.8 109.5 143.1 406.9 549.3 379.5 488.2 236.5 324.5 439.9 258.6 389.1 721.4 554.5 180.5 803.7 185.4 165.0 62.7 517.6 191.2 382.6 389.0 529.2 298.7 450.5 630.0 508.7 832.8 448.6 246.6 356.4 401.3 483.3 413.8 398.9 353.2 326.4 552.1 208.1 450.4 475.5 443.9 300.2 0.0 468.5 44.2 426.9 673.5 310.2 427.4 672.9 536.1 671.9 758.3 229.6 553.2 403.3 335.1 180.8 76.7 438.5 805.9 229.8 441.7 397.3 487.3 271.3 442.9 637.0 393.6 778.3 751.3 491.9 464.7 418.5 614.1 295.6 371.2 171.1 498.7 620.5 470.0 587.9 458.0 620.3 743.2 488.6 571.7 771.9 486.9 430.5 489.5 543.2 548.6 557.3 563.5 443.2 500.1 585.1 431.6 644.4 526.7 441.7 368.4 807.7 474.7 415.2 610.8 172.5
3519.9 468.9 226.7 257.6 405.0 99.5 279.9 126.6 232.7 519.7 406.9 260.4 415.2 261.9 339.8 602.9 279.0 462.6 333.0 148.7 394.6 329.5 235.1 356.5 622.3 448.1 515.6 273.6 343.8 358.2 513.9 420.9 130.1 149.4 228.6 211.4 396.5 160.3 289.0 233.1 238.2 478.9 85.9 405.2 495.4 420.3 327.1 431.6 49.0 300.9 105.1 238.1 315.6 461.2 241.3 353.2 293.4 524.5 209.4 392.0 196.6 327.3 332.4 208.2 88.8 500.4 264.1 83.5 368.1 299.5 222.9 286.3 292.2 492.7 0.0 459.7 150.1 428.9 517.6 276.5 428.3 67.5 395.1 515.8 521.4 277.4 225.0 184.2 481.7 492.2 143.7 497.6 530.7 146.9 246.4 162.9 563.1 339.5 360.2 116.8 535.8 474.5 103.3 162.9 165.2 337.3 464.3 220.3 474.8 82.1 343.7 260.8 128.7 133.6 343.5 466.4 48.3 294.9 495.1 66.6 40.0 240.9 266.4 121.0 113.4 318.9 190.6 151.4 308.3 269.1 367.6 356.9 117.3 247.5 530.9 94.5 157.6 334.0 433.2
3757.4 9.1 242.0 385.5 532.9 365.2 252.1 472.0 370.6 773.5 619.0 388.3 246.8 332.8 467.7 856.7 532.8 24.1 527.6 525.6 648.4 582.6 357.6 188.1 875.4 701.9 769.4 401.5 593.1 189.8 118.0 111.2 383.9 526.3 356.5 465.2 213.5 301.5 416.9 235.6 366.1 729.9 531.5 135.7 749.2 143.8 142.0 39.7 494.6 168.2 359.6 366.0 506.2 307.2 408.9 607.0 485.7 778.3 407.0 223.6 333.4 378.3 460.3 390.8 375.9 361.7 303.4 529.1 185.1 427.4 452.5 414.2 277.2 54.2 445.5 0.0 403.9 682.0 318.7 404.4 681.4 513.1 648.9 766.8 206.6 530.2 361.7 312.1 139.2 32.4 415.5 751.4 188.2 418.7 374.3 464.3 248.3 451.4 614.0 370.6 786.8 728.3 468.9 441.7 395.5 591.1 304.1 348.2 129.5 475.7 597.5 428.4 564.9 435.0 597.3 720.2 465.6 548.7 748.9 463.9 407.5 466.5 520.2 525.6 534.3 572.0 420.2 477.1 562.1 390.0 621.4 548.9 418.7 345.4 784.7 451.7 392.2 587.8 130.9
3445.6 406.8 164.6 116.5 249.7 69.3 217.8 268.0 126.0 369.5 256.7 98.9 353.1 153.9 213.2 452.7 128.8 400.5 182.8 229.7 244.4 179.3 191.0 294.4 472.1 297.9 365.4 155.3 193.6 296.1 364.4 358.8 19.7 230.4 166.5 61.2 334.4 98.2 133.7 171.0 104.6 328.7 235.6 343.1 345.2 395.7 265.0 369.5 198.7 238.8 63.7 139.2 165.4 399.1 291.0 203.0 143.2 374.3 289.1 329.9 134.5 240.5 177.1 149.0 80.0 438.3 223.7 233.2 306.0 144.2 249.9 224.2 176.5 430.6 149.6 397.6 0.0 278.7 455.5 142.9 278.1 217.2 244.9 365.6 362.2 127.2 248.0 122.1 391.1 430.1 119.6 347.4 440.1 122.8 112.8 77.0 375.0 277.4 210.0 40.7 385.6 324.3 253.0 37.7 192.9 187.1 402.2 158.2 381.4 231.8 193.5 310.5 269.0 124.0 193.3 316.2 169.7 144.7 344.9 168.0 111.6 263.9 116.2 229.7 238.4 168.7 217.6 181.2 158.1 292.1 217.4 206.7 161.0 207.1 380.7 155.8 26.6 183.8 382.8
3357.6 726.5 484.3 344.1 239.9 426.5 537.5 566.1 438.0 380.1 269.4 370.6 672.8 465.9 525.2 399.4 177.7 720.2 175.4 527.8 255.0 108.8 503.0 614.1 401.6 308.5 376.0 467.3 225.8 615.8 614.1 678.5 331.7 528.5 480.2 254.4 654.1 410.2 350.3 490.7 363.1 339.3 552.8 662.8 355.8 715.4 584.7 689.2 515.9 558.5 432.1 451.2 300.8 605.8 603.0 226.1 278.6 384.9 601.1 649.6 446.5 554.2 400.1 461.0 415.8 660.3 535.7 550.4 625.7 340.4 561.9 537.9 496.2 750.3 466.8 717.3 311.9 0.0 552.2 454.9 119.9 534.4 106.6 376.2 681.9 262.6 560.0 435.8 710.8 749.8 431.6 358.0 759.8 434.8 424.8 445.3 694.7 456.4 130.2 352.7 396.2 334.9 570.2 417.9 504.9 197.7 602.7 471.9 701.1 549.0 204.1 622.5 567.1 460.6 216.4 205.9 486.9 255.4 232.1 485.2 428.8 575.9 226.9 527.8 536.5 127.2 529.6 479.3 181.2 604.1 183.3 199.3 444.3 521.3 391.3 453.9 338.6 194.4 702.5
3599.4 329.0 305.1 424.6 397.8 410.3 315.2 609.0 415.7 607.2 447.3 427.4 309.9 395.7 359.1 690.4 410.4 322.7 369.6 570.7 507.7 424.6 420.5 251.2 717.4 606.9 674.4 353.9 458.5 252.9 286.6 281.0 429.0 571.4 346.7 479.8 127.8 346.6 456.0 298.7 405.2 571.9 576.6 265.3 654.2 317.9 205.1 291.7 539.7 231.3 404.7 361.2 441.0 76.3 580.7 617.4 486.7 683.3 578.8 286.7 378.5 441.2 499.4 438.7 421.0 130.8 366.5 574.2 153.0 462.6 539.6 294.4 340.3 352.8 490.6 319.8 449.0 524.0 0.0 404.8 523.4 558.2 577.7 608.8 308.3 506.0 537.7 321.4 313.3 352.3 460.6 656.4 362.3 463.8 388.2 509.4 331.8 293.4 601.3 415.7 628.8 666.0 556.0 486.8 482.6 450.4 73.2 285.9 303.6 523.6 456.8 600.2 610.0 480.1 607.7 521.7 510.7 559.1 547.9 509.0 452.6 553.6 530.6 570.7 579.4 414.0 507.3 522.2 572.5 581.8 654.4 377.2 463.8 408.3 618.4 496.8 431.3 447.1 305.0
3657.0 412.9 170.7 176.1 309.3 201.3 223.9 400.0 206.7 551.4 395.4 158.5 359.2 190.3 136.7 634.6 310.7 406.6 335.7 361.7 426.3 390.7 215.1 300.5 683.5 479.8 547.3 68.1 369.5 302.2 370.5 364.9 162.0 362.4 156.7 243.1 340.5 137.6 193.3 177.1 191.4 510.6 367.6 349.2 527.1 401.8 271.1 375.6 330.7 244.9 195.7 44.7 282.6 405.2 371.7 425.0 276.3 556.2 369.8 336.0 169.5 235.8 236.7 229.7 212.0 444.4 208.8 365.2 312.1 203.8 330.6 184.0 182.6 436.7 281.6 403.7 181.8 490.1 461.6 0.0 489.5 349.2 466.9 547.5 368.3 320.9 326.7 122.2 397.2 440.9 251.6 529.3 446.2 254.8 36.3 258.9 381.1 235.5 443.9 183.4 567.5 506.2 347.0 219.6 273.6 369.0 408.3 118.0 379.9 305.3 378.2 391.2 401.0 305.9 415.3 498.1 301.7 366.7 526.8 300.0 243.6 344.6 338.2 361.7 369.2 378.9 298.3 313.2 380.1 372.8 439.4 325.3 254.8 202.9 562.6 287.8 137.5 365.7 388.9
3323.2 740.0 497.8 357.6 221.0 416.9 551.0 556.5 451.5 309.1 250.5 384.1 686.3 479.4 538.7 347.5 158.8 733.7 156.5 518.2 236.1 114.1 516.5 627.6 349.7 289.6 357.1 480.8 206.9 629.3 595.2 692.0 345.2 518.9 493.7 267.9 667.6 423.7 363.8 504.2 376.6 320.4 543.2 676.3 336.9 671.1 598.2 702.7 506.3 572.0 422.5 464.7 314.3 586.9 616.5 239.6 292.1 366.0 666.7 663.1 460.0 567.7 413.6 474.5 406.2 641.4 549.2 540.8 639.2 353.9 575.4 438.5 509.7 669.4 457.2 730.8 325.4 125.3 533.3 468.4 0.0 524.8 120.1 357.3 695.4 276.1 573.5 449.3 666.5 763.3 461.1 339.1 715.5 464.3 438.3 435.7 708.2 437.5 143.7 366.2 377.3 316.0 560.6 408.3 518.4 178.8 583.8 485.4 656.8 539.4 185.2 636.0 557.5 451.0 229.9 154.0 477.3 268.9 180.2 475.6 419.2 589.4 240.4 518.2 526.9 108.3 543.1 469.7 194.7 617.6 196.8 180.4 434.7 534.8 296.3 444.3 352.1 175.5 658.2
3557.5 507.8 319.9 325.2 482.5 167.1 342.6 59.0 165.1 587.3 474.5 328.0 499.5 194.3 407.4 670.5 346.6 501.5 400.6 133.9 462.2 397.1 167.5 449.7 689.9 515.7 583.2 341.2 411.4 451.4 447.4 473.2 197.7 174.1 296.2 279.0 489.7 227.9 356.6 326.3 305.8 546.5 66.8 468.6 563.0 353.8 420.3 470.5 18.4 394.1 172.7 305.7 437.8 554.4 173.7 429.3 415.6 592.1 141.8 485.2 264.2 259.7 400.0 139.4 156.4 593.6 196.5 64.4 461.3 367.1 155.3 353.9 224.6 531.6 67.5 498.6 217.7 496.5 610.8 344.1 495.9 0.0 471.2 583.4 454.9 399.6 157.4 251.8 415.2 531.1 211.3 565.2 464.2 214.5 314.0 230.5 496.6 407.1 436.3 184.4 603.4 542.1 35.7 230.5 97.6 404.9 557.5 287.9 408.3 75.6 411.3 193.2 109.6 201.2 419.6 534.0 115.9 392.4 562.7 134.2 107.6 173.3 363.9 82.2 73.7 386.5 123.0 219.0 384.4 201.5 443.7 424.5 184.9 179.9 598.5 119.2 225.2 401.6 366.7
3380.9 629.7 387.5 247.3 248.7 329.7 440.7 469.3 341.2 426.1 334.8 273.8 576.0 369.1 428.4 447.2 185.4 623.4 275.1 431.0 301.0 173.0 406.2 517.3 449.4 354.5 422.0 370.5 250.2 519.0 587.3 581.7 234.9 431.7 383.4 157.6 557.3 313.4 253.5 393.9 266.3 385.3 456.0 566.0 401.8 618.6 487.9 592.4 419.1 461.7 335.3 354.4 204.0 622.0 506.2 129.3 181.8 430.9 504.3 552.8 349.7 457.4 303.3 364.2 319.0 661.2 438.9 453.6 528.9 243.6 465.1 441.1 399.4 653.5 370.0 620.5 215.1 138.6 678.4 358.1 125.2 437.6 0.0 422.2 585.1 165.8 463.2 339.0 614.0 653.0 334.8 404.0 663.0 338.0 328.0 348.5 597.9 494.3 33.4 255.9 442.2 380.9 473.4 321.1 408.1 243.7 625.1 375.1 604.3 452.2 250.1 525.7 470.3 363.8 119.6 253.7 390.1 158.6 279.9 388.4 332.0 479.1 130.1 431.0 439.7 225.3 432.8 382.5 84.4 507.3 86.5 264.7 347.5 424.5 437.3 357.1 241.8 240.4 605.7
3294.8 749.0 506.8 366.6 267.4 423.0 560.0 621.7 479.7 192.4 258.7 388.3 695.3 507.6 566.9 275.6 226.7 742.7 242.4 583.4 253.8 258.9 544.7 636.6 372.0 162.0 229.5 509.0 274.8 638.3 659.6 701.0 373.4 584.1 502.7 296.1 676.6 451.9 342.1 513.2 385.6 37.1 589.3 685.3 119.5 735.5 607.2 711.7 552.4 581.0 417.4 492.9 310.6 651.3 644.7 418.1 338.3 238.4 642.8 672.1 488.2 576.7 381.8 502.7 433.7 705.8 577.4 586.9 648.2 332.2 603.6 502.9 518.7 772.8 503.3 739.8 353.6 358.3 597.7 496.6 357.7 570.9 412.0 0.0 704.4 322.3 601.7 458.3 730.9 772.3 473.3 73.0 779.9 476.5 466.5 430.5 717.2 501.9 435.6 394.4 19.9 221.1 606.7 391.2 546.6 167.5 648.2 494.4 721.2 585.5 202.9 664.2 622.7 477.5 408.4 325.6 523.4 359.8 354.3 521.7 465.3 617.6 331.3 583.4 592.1 248.3 571.3 534.9 373.2 645.8 432.5 222.2 514.5 543.8 203.6 509.5 380.3 234.7 722.6
3810.4 212.2 202.8 346.3 493.7 324.6 212.9 439.7 331.4 732.9 578.4 347.7 44.5 293.6 428.5 817.5 492.2 205.9 520.1 486.4 609.2 544.1 318.4 77.7 835.5 662.7 730.2 362.3 556.2 120.3 163.1 188.9 342.7 485.7 317.3 424.6 178.4 262.3 377.7 196.4 326.9 692.1 492.3 184.3 710.0 169.2 106.9 174.9 455.4 127.5 320.4 326.8 467.0 243.1 376.6 567.8 445.1 737.7 374.7 95.0 294.2 339.1 421.1 352.6 336.7 282.3 264.2 489.9 150.0 388.2 413.3 373.6 238.0 236.0 406.3 203.0 364.7 643.5 299.5 363.8 642.9 473.9 609.7 730.4 0.0 491.1 331.4 274.6 153.7 240.2 376.3 712.2 202.7 378.1 333.7 425.1 41.6 426.8 585.3 331.4 750.4 689.1 429.7 401.1 354.9 551.9 246.2 309.0 101.4 427.2 561.1 396.1 524.3 394.4 558.1 681.0 426.4 509.5 709.7 424.7 368.3 427.3 481.0 486.4 493.9 532.3 381.0 436.5 522.9 357.7 582.2 509.7 379.5 306.2 745.5 412.5 353.0 548.6 180.7
3473.0 517.3 275.1 134.9 125.3 201.2 328.3 399.9 257.9 362.8 211.4 161.4 463.6 299.5 353.7 446.0 122.1 511.0 151.7 361.6 237.7 206.7 324.3 404.9 499.5 291.2 358.7 295.8 185.5 406.6 474.9 469.3 151.6 362.3 271.0 74.3 444.9 230.1 130.1 281.5 153.9 322.0 367.5 453.6 338.5 506.2 375.5 480.0 330.6 350.8 195.6 279.7 80.6 509.6 422.9 178.3 44.5 367.6 421.0 440.4 266.4 345.0 179.9 280.9 211.9 548.8 313.2 365.1 416.5 120.2 381.8 328.7 287.0 541.1 281.5 508.1 131.8 306.1 566.0 283.4 305.5 349.1 220.2 358.9 471.3 0.0 377.9 226.6 501.6 545.3 251.5 340.7 550.6 254.7 253.3 208.7 485.5 381.9 197.2 172.6 378.9 317.6 384.9 169.4 324.8 180.4 512.7 262.7 484.3 363.7 186.8 442.4 400.9 255.7 168.6 309.5 301.6 120.0 338.2 299.9 243.5 395.8 91.5 361.6 370.3 196.1 349.5 313.1 133.4 424.0 192.7 141.3 310.3 312.1 374.0 287.7 158.5 177.1 493.3
3698.8 349.9 280.7 310.0 457.4 215.1 303.4 178.3 125.9 623.4 543.5 312.8 341.6 155.1 392.2 706.6 382.7 343.6 436.7 245.3 498.3 433.2 128.3 363.1 726.0 551.8 619.3 326.0 450.4 364.8 289.5 315.3 233.8 264.9 281.0 315.1 388.5 242.7 341.4 287.1 290.6 582.6 223.1 310.7 599.1 195.9 317.0 312.6 180.8 341.7 209.5 290.5 430.7 453.2 45.1 456.9 410.2 628.2 43.2 392.1 274.6 220.5 384.8 100.2 225.8 492.4 157.3 226.8 360.1 351.9 120.1 338.7 185.4 373.7 229.9 340.7 253.8 532.6 504.4 328.9 532.0 162.3 498.8 619.5 297.0 381.0 0.0 236.6 257.3 377.9 265.4 601.3 306.3 268.6 298.8 314.2 338.7 391.9 475.8 220.5 639.5 578.2 116.5 291.6 58.4 441.0 456.3 272.7 250.4 179.7 450.2 64.6 272.0 284.9 447.2 570.1 278.3 398.6 598.8 296.6 257.4 70.6 370.1 193.6 185.1 421.4 87.8 327.0 412.0 46.0 471.3 473.4 268.6 140.7 634.6 246.4 261.3 437.7 208.8
3598.9 299.0 56.8 102.1 249.5 89.5 110.0 286.5 93.2 496.1 337.3 104.9 245.3 73.2 154.5 579.3 257.1 292.7 299.9 248.2 371.0 305.9 98.0 186.6 600.4 424.5 492.0 88.3 312.0 188.3 256.6 251.0 104.5 248.9 43.3 187.8 226.6 24.1 133.5 63.2 82.7 457.0 254.1 235.3 471.8 289.6 157.2 261.7 217.2 132.5 82.2 52.8 222.8 291.3 258.2 329.6 202.3 500.9 256.3 227.2 56.0 118.7 176.9 117.9 98.5 330.5 94.9 251.7 198.2 144.0 217.1 100.3 68.7 322.8 168.1 289.8 126.5 405.3 347.7 96.4 404.7 235.7 371.5 492.2 253.0 248.6 213.2 0.0 283.3 327.0 138.1 474.0 332.3 141.3 83.6 186.9 267.2 153.5 348.5 93.2 512.2 450.9 233.5 164.3 160.1 313.7 296.1 35.0 266.0 191.8 322.9 277.7 289.2 157.6 319.9 442.8 188.2 271.3 471.5 186.5 130.1 231.1 242.8 248.2 255.7 294.1 184.8 201.4 284.7 259.3 344.0 265.5 141.3 85.8 507.3 174.3 108.8 310.4 275.0
3777.5 198.9 266.0 409.5 556.9 389.2 276.1 407.6 394.6 797.5 643.0 412.3 232.4 356.8 491.7 880.7 556.8 192.6 583.3 469.2 672.4 607.3 381.6 212.1 900.1 725.9 793.4 425.5 617.1 213.8 138.5 164.3 407.9 467.7 380.5 489.2 237.5 325.5 440.9 259.6 390.1 756.7 480.4 159.7 773.2 79.4 166.0 161.6 480.2 192.2 383.6 390.0 530.2 302.2 344.5 631.0 509.7 802.3 342.6 247.6 357.4 402.3 484.3 414.8 399.9 341.4 327.4 521.1 209.1 451.4 419.5 438.2 301.2 222.7 469.5 189.7 427.9 706.7 353.4 428.4 706.1 461.7 672.9 793.6 187.8 554.2 297.3 336.1 0.0 222.2 439.5 775.4 48.9 442.7 398.3 488.3 229.5 491.4 638.0 394.6 813.6 752.3 415.9 465.7 357.8 615.1 305.3 372.2 99.4 499.7 621.5 364.0 508.5 459.0 621.3 744.2 489.6 572.7 772.9 487.9 431.5 370.0 544.2 450.9 442.4 596.7 387.2 501.1 586.1 325.6 645.4 572.9 442.7 369.4 808.7 449.2 416.2 611.8 66.5
3785.3 20.6 271.9 415.4 562.8 395.1 282.0 501.9 400.5 803.4 648.9 418.2 276.7 362.7 497.6 886.6 562.7 54.0 555.5 555.5 678.3 610.5 387.5 218.0 907.3 731.8 799.3 431.4 625.3 219.7 145.9 141.1 411.8 560.2 386.4 499.1 243.4 331.4 446.8 265.5 396.0 761.8 561.4 165.6 779.1 177.7 171.9 69.6 524.5 196.6 389.5 395.9 536.1 335.1 438.8 636.9 515.6 808.2 436.9 258.6 363.3 408.2 490.2 424.7 405.8 389.6 333.3 559.0 215.0 457.3 482.4 448.1 307.1 84.1 475.4 29.8 433.8 709.9 346.6 434.3 709.3 543.0 678.8 794.7 237.9 560.2 393.6 343.7 169.1 0.0 449.4 781.3 218.1 448.6 408.2 494.2 278.2 483.3 659.8 400.5 814.7 758.2 498.8 475.6 425.4 621.0 336.0 378.1 151.8 496.3 630.2 458.3 594.8 464.9 627.2 750.1 495.5 578.6 778.8 493.8 441.4 496.4 550.1 555.5 563.0 598.7 450.1 507.0 592.0 419.9 651.3 578.8 448.6 375.3 814.6 481.6 422.1 617.7 160.8
3487.7 420.7 178.5 209.4 356.8 51.3 231.7 183.9 139.9 471.5 358.7 212.2 367.0 167.8 291.6 554.7 230.8 414.4 284.8 167.7 346.4 281.3 292.4 308.3 574.1 399.9 467.4 225.4 298.5 310.0 378.3 372.7 81.9 168.4 180.4 163.2 348.3 112.1 240.8 184.9 190.0 430.7 143.2 357.0 447.2 439.3 278.9 383.4 106.3 252.7 56.9 189.9 267.4 413.0 298.6 305.0 245.2 476.3 266.7 348.9 148.4 254.4 284.2 162.9 40.6 452.2 237.6 140.8 319.9 251.3 280.2 238.1 190.4 444.5 57.2 411.5 101.9 380.7 469.4 228.3 380.1 124.8 346.9 467.6 376.1 229.1 280.3 136.0 500.7 448.7 0.0 449.4 549.7 2.1 198.2 114.7 388.9 291.3 323.9 68.6 487.6 426.3 160.6 114.7 222.5 289.1 416.1 172.1 493.8 139.4 298.3 318.1 186.0 85.4 295.3 418.2 77.3 246.7 446.9 75.6 19.2 298.2 218.2 167.7 169.5 269.5 247.9 119.2 260.1 326.4 319.4 308.7 69.1 221.0 482.7 93.8 109.4 285.8 452.2
3343.7 732.1 489.9 349.7 250.5 406.1 543.1 604.8 462.8 241.3 241.8 371.4 678.4 490.7 550.0 324.5 209.8 725.8 225.5 566.5 236.9 242.0 527.8 619.7 420.9 88.9 156.4 492.1 257.9 621.4 642.7 684.1 356.5 567.2 485.8 279.2 659.7 435.0 325.2 496.3 368.7 100.2 572.4 668.4 46.4 718.6 590.3 694.8 535.5 564.1 400.5 476.0 293.7 634.4 627.8 401.2 321.4 165.3 625.9 655.2 471.3 559.8 364.9 485.8 416.8 688.9 560.5 570.0 631.3 315.3 586.7 486.0 501.8 755.9 486.4 722.9 336.7 341.4 580.8 479.7 340.8 554.0 395.1 63.0 687.5 305.4 584.8 441.4 714.0 755.4 456.4 0.0 763.0 459.6 449.6 413.6 700.3 485.0 418.7 377.5 64.7 148.0 589.8 374.3 529.7 150.6 631.3 477.5 704.3 568.6 186.0 647.3 605.8 460.6 391.5 308.7 506.5 342.9 337.4 504.8 448.4 600.7 314.4 566.5 575.2 231.4 554.4 518.0 356.3 628.9 415.6 205.3 497.6 526.9 252.5 492.6 363.4 217.8 705.7
3728.5 149.9 217.0 360.5 507.9 340.2 227.1 358.6 345.6 748.5 594.0 363.3 183.4 307.8 442.7 831.7 507.8 143.6 534.3 420.2 623.4 558.3 332.6 163.1 851.1 676.9 744.4 376.5 568.1 164.8 89.5 115.3 358.9 418.7 331.5 440.2 188.5 276.5 391.9 210.6 341.1 707.7 431.4 110.7 724.2 30.4 117.0 112.6 431.2 143.2 334.6 341.0 481.2 253.2 295.5 582.0 460.7 753.3 293.6 198.6 308.4 353.3 435.3 365.8 350.9 292.4 278.4 472.1 160.1 402.4 370.5 389.2 252.2 173.7 420.5 140.7 378.9 657.7 304.4 379.4 657.1 412.7 623.9 744.6 138.8 505.2 248.3 287.1 57.3 173.2 390.5 726.4 0.0 393.7 349.3 439.3 180.5 442.4 589.0 345.6 764.6 703.3 366.9 416.7 308.8 566.1 256.3 323.2 50.4 450.7 572.5 315.0 459.5 410.0 572.3 695.2 440.6 523.7 723.9 438.9 382.5 321.0 495.2 401.9 393.4 547.7 338.2 452.1 537.1 276.6 596.4 523.9 393.7 320.4 759.7 400.2 367.2 562.8 17.5
3503.4 452.4 210.2 241.1 388.5 83.0 263.4 181.7 171.6 503.2 390.4 243.9 398.7 199.5 323.3 586.4 262.5 446.1 316.5 183.4 378.1 313.0 290.2 340.0 605.8 431.6 499.1 257.1 330.2 341.7 410.0 404.4 113.6 184.1 212.1 194.9 380.0 143.8 272.5 216.6 221.7 462.4 141.0 388.7 478.9 455.0 310.6 415.1 104.1 284.4 88.6 221.6 299.1 444.7 296.4 336.7 276.9 508.0 264.5 380.6 180.1 382.4 315.9 262.1 72.3 483.9 319.2 138.6 351.6 283.0 278.0 269.8 347.3 476.2 55.0 443.2 133.6 412.4 501.1 260.0 411.8 122.6 378.6 499.3 406.4 260.8 278.1 169.4 516.4 480.4 127.2 481.1 565.4 0.0 229.9 146.4 420.6 323.0 355.6 100.3 519.3 458.0 158.4 146.4 220.3 320.8 447.8 203.8 501.9 137.2 330.0 315.9 183.8 117.1 327.0 449.9 75.1 278.4 478.6 73.4 17.0 296.0 249.9 176.1 168.5 301.2 245.7 134.9 291.8 324.2 351.1 340.4 100.8 302.6 514.4 109.5 141.1 317.5 467.9
3616.9 372.8 130.6 136.0 269.2 161.2 183.8 359.9 166.6 511.3 355.3 118.4 319.1 155.0 100.3 594.5 270.6 366.5 295.6 321.6 386.2 350.6 179.8 260.4 643.4 439.7 507.2 42.4 329.4 262.1 330.4 324.8 121.9 322.3 126.5 203.0 300.4 97.5 153.2 137.0 151.3 470.5 327.5 309.1 487.0 361.7 231.0 335.5 290.6 204.8 155.6 22.6 242.5 365.1 331.6 384.9 236.2 516.1 329.7 301.0 129.4 200.5 196.6 189.6 171.9 404.3 168.7 325.1 272.0 163.7 290.5 161.9 142.5 396.6 241.5 363.6 141.7 450.0 421.5 46.3 449.4 309.1 426.8 507.4 328.2 280.8 286.6 82.1 357.1 400.8 211.5 489.2 406.1 214.7 0.0 218.8 341.0 199.1 403.8 143.3 527.4 466.1 306.9 179.5 233.5 328.9 368.2 95.9 339.8 265.2 338.1 351.1 360.9 265.8 375.2 458.0 261.6 326.6 486.7 259.9 203.5 304.5 298.1 321.6 329.1 338.8 258.2 273.1 340.0 332.7 399.3 285.2 214.7 167.6 522.5 247.7 97.4 325.6 348.8
3455.4 435.5 193.3 224.2 297.4 66.1 246.5 233.1 154.7 456.8 344.0 227.0 381.8 182.6 306.4 540.0 216.1 429.2 270.1 255.2 331.7 266.6 219.7 323.1 559.4 385.2 452.7 240.2 280.9 324.8 393.1 387.5 96.7 255.9 195.2 148.5 363.1 126.9 255.6 199.7 204.8 416.0 192.4 371.8 432.5 424.4 293.7 398.2 155.5 267.5 71.7 204.7 252.7 427.8 347.8 290.3 230.5 461.6 315.9 358.6 163.2 269.2 299.0 177.7 55.4 467.0 252.4 190.0 334.7 266.1 278.6 252.9 205.2 459.3 106.4 426.3 116.7 366.0 484.2 243.1 365.4 174.0 332.2 452.9 390.9 214.5 276.7 150.8 419.8 458.8 110.3 434.7 468.8 113.5 213.0 0.0 403.7 306.1 297.3 83.4 472.9 411.6 209.8 50.7 221.6 274.4 430.9 186.9 410.1 188.6 280.8 367.3 235.2 70.8 280.6 403.5 126.5 232.0 432.2 124.8 68.4 292.6 203.5 227.5 219.9 256.0 246.3 216.3 245.4 320.8 304.7 294.0 83.9 235.8 468.0 190.9 124.2 271.1 411.5
3830.3 241.0 222.7 366.2 513.6 345.9 232.8 468.5 351.3 754.2 599.7 369.0 64.4 313.5 448.4 837.4 513.5 234.7 540.0 506.3 629.1 564.0 338.3 97.6 856.8 682.6 750.1 382.2 573.8 140.2 191.9 217.7 364.6 507.0 337.2 445.9 207.2 282.2 397.6 216.3 346.8 713.4 512.2 213.1 729.9 196.6 135.7 203.7 475.3 148.9 340.3 346.7 486.9 271.9 405.4 587.7 466.4 759.0 403.5 109.8 314.1 359.0 441.0 371.5 356.6 311.1 284.1 509.8 178.8 408.1 433.2 394.9 257.9 264.8 426.2 231.8 384.6 663.4 328.3 385.1 662.8 493.8 629.6 750.3 28.7 510.9 358.2 292.8 182.5 264.3 396.2 732.1 231.5 399.4 355.0 445.0 0.0 448.1 594.7 351.3 770.3 709.0 449.6 422.4 376.2 571.8 275.0 328.9 121.9 456.4 578.2 424.9 545.6 415.7 578.0 700.9 446.3 529.4 729.6 444.6 388.2 447.2 500.9 506.3 515.0 553.4 400.9 457.8 542.8 386.5 602.1 529.6 399.4 326.1 765.4 432.4 372.9 568.5 209.5
3565.1 468.5 226.3 271.6 294.3 257.3 279.5 456.0 262.7 529.3 343.8 344.9 414.8 242.7 189.9 611.7 306.9 462.2 266.1 417.7 404.2 321.1 267.5 356.1 613.9 457.7 525.2 228.6 352.7 357.8 367.6 420.5 348.8 418.4 193.7 376.3 396.1 193.6 369.0 232.7 252.2 537.6 423.6 404.8 505.0 443.5 326.7 431.2 386.7 300.5 251.7 249.1 337.5 359.3 427.7 513.9 383.2 534.1 425.8 396.7 225.5 288.2 408.7 285.7 268.0 413.8 264.4 421.2 367.7 359.1 386.6 141.4 238.2 441.8 337.6 459.3 296.0 420.5 305.7 268.0 419.9 405.2 474.2 574.5 422.5 402.4 382.7 168.4 438.9 496.5 307.6 507.2 487.9 310.8 226.4 356.4 436.7 0.0 485.9 262.7 594.5 484.1 403.0 333.8 329.6 346.9 356.2 132.9 429.2 361.3 353.3 447.2 457.0 327.1 504.2 418.2 357.7 455.6 444.4 356.0 299.6 400.6 427.1 417.7 425.2 309.3 354.3 369.2 469.0 428.8 550.9 273.7 310.8 255.3 540.5 343.8 323.9 343.6 430.6
3374.0 608.1 365.9 225.7 227.1 308.1 419.1 447.7 319.6 404.5 313.2 252.2 554.4 347.5 406.8 440.3 163.8 601.8 253.5 409.4 279.4 166.1 384.6 495.7 442.5 332.9 400.4 348.9 226.3 497.4 565.7 560.1 212.9 410.1 361.8 136.0 535.7 291.8 231.9 372.3 244.7 363.7 434.4 544.4 380.2 597.0 466.3 570.8 397.5 440.1 313.7 332.8 182.4 600.4 484.6 107.7 160.2 409.3 482.7 536.3 328.1 435.8 281.7 342.6 297.4 639.6 417.3 432.0 507.3 222.0 443.5 419.5 377.8 631.9 348.4 598.9 193.5 131.7 656.8 336.5 118.3 416.0 22.9 400.6 562.1 144.1 439.6 317.4 592.4 636.1 313.2 382.4 641.4 316.4 306.4 326.9 576.3 472.7 0.0 234.3 420.6 359.3 451.8 299.5 386.5 222.1 603.5 353.5 582.7 430.6 228.5 504.1 448.7 342.2 98.0 246.8 368.5 137.0 273.0 366.8 310.4 457.5 108.5 409.4 416.9 202.5 411.2 360.9 62.8 485.7 64.9 243.1 325.9 402.9 415.7 335.5 220.2 218.8 584.1
3478.9 366.0 123.8 154.7 243.4 28.5 177.0 227.2 85.2 402.8 290.0 157.5 312.3 113.1 236.9 486.0 162.1 359.7 216.1 188.9 277.7 212.6 150.2 253.6 505.4 331.2 398.7 170.7 226.9 255.3 323.6 318.0 13.2 189.6 125.7 94.5 293.6 57.4 186.1 130.2 135.3 362.0 194.8 302.3 378.5 354.9 224.2 328.7 157.9 198.0 22.9 135.2 198.7 358.3 250.2 236.3 176.5 407.6 248.3 289.1 93.7 199.7 229.5 108.2 39.2 397.5 182.9 192.4 265.2 196.6 209.1 183.4 135.7 389.8 108.8 356.8 33.2 312.0 414.7 173.6 311.4 176.4 278.2 398.9 321.4 160.5 207.2 81.3 350.3 389.3 78.8 380.7 399.3 82.0 143.5 110.3 334.2 236.6 243.3 0.0 418.9 357.6 212.2 71.0 152.1 220.4 361.4 117.4 340.6 191.0 226.8 269.7 228.2 157.3 226.6 349.5 128.9 178.0 378.2 127.2 70.8 223.1 149.5 188.9 197.6 202.0 176.8 140.4 191.4 251.3 250.7 240.0 82.0 166.3 414.0 115.0 40.7 217.1 342.0
3314.8 769.0 526.8 386.6 287.4 443.0 580.0 641.7 499.7 212.4 278.7 408.3 715.3 527.6 586.9 295.6 246.7 762.7 262.4 603.4 273.8 278.9 564.7 656.6 392.0 143.7 211.2 529.0 294.8 658.3 679.6 721.0 393.4 604.1 522.7 316.1 696.6 471.9 362.1 533.2 405.6 57.1 609.3 705.3 101.2 755.5 627.2 731.7 572.4 601.0 437.4 512.9 330.6 671.3 664.7 438.1 358.3 220.1 662.8 692.1 508.2 596.7 401.8 522.7 453.7 725.8 597.4 606.9 668.2 352.2 623.6 522.9 538.7 792.8 523.3 759.8 373.6 378.3 617.7 516.6 377.7 590.9 432.0 19.9 724.4 342.3 621.7 478.3 750.9 792.3 493.3 54.7 799.9 496.5 486.5 450.5 737.2 521.9 455.6 414.4 0.0 202.8 626.7 411.2 566.6 187.5 668.2 514.4 741.2 605.5 222.9 684.2 642.7 497.5 428.4 345.6 543.4 379.8 374.3 541.7 485.3 637.6 351.3 603.4 612.1 268.3 591.3 554.9 393.2 665.8 452.5 242.2 534.5 563.8 223.6 529.5 400.3 254.7 742.6
3347.5 682.0 439.8 299.6 200.4 356.0 493.0 554.7 412.7 245.1 191.7 321.3 628.3 440.6 499.9 328.3 159.7 675.7 175.4 516.4 186.8 191.9 477.7 569.6 424.7 63.6 115.0 442.0 207.8 571.3 592.6 634.0 306.4 517.1 435.7 229.1 609.6 384.9 275.1 446.2 318.6 262.5 522.3 618.3 160.0 668.5 540.2 644.7 485.4 514.0 350.4 425.9 243.6 584.3 577.7 351.1 271.3 126.6 575.8 605.1 421.2 509.7 314.8 435.7 366.7 638.8 510.4 519.9 581.2 265.2 536.6 435.9 451.7 705.8 436.3 672.8 286.6 291.3 530.7 429.6 290.7 503.9 345.0 225.3 637.4 255.3 534.7 391.3 663.9 705.3 406.3 162.2 712.9 409.5 399.5 363.5 650.2 434.9 368.6 327.4 227.0 0.0 539.7 324.2 479.6 100.5 581.2 427.4 654.2 518.5 135.9 597.2 555.7 410.5 341.4 258.6 456.4 292.8 287.3 454.7 398.3 550.6 264.3 516.4 525.1 181.3 504.3 467.9 306.2 578.8 365.5 155.2 447.5 476.8 256.3 442.5 313.3 167.7 655.6
3651.9 526.3 284.1 313.4 460.8 218.5 306.8 61.7 129.3 626.8 546.9 316.2 461.3 158.5 395.6 710.0 386.1 520.0 440.1 136.6 501.7 436.6 131.7 413.9 729.4 555.2 622.7 329.4 450.9 415.6 409.2 435.0 237.2 189.9 284.4 318.5 453.9 246.1 344.8 290.5 294.0 586.0 112.6 430.4 602.5 315.6 384.5 489.0 64.2 358.3 212.9 293.9 434.1 518.6 137.9 475.1 413.6 631.6 106.0 449.4 278.0 223.9 388.2 104.8 229.2 557.8 160.7 110.2 425.5 355.3 119.5 342.1 188.8 550.1 113.3 517.1 257.2 536.0 575.0 332.3 535.4 45.7 517.0 622.9 416.7 384.5 121.6 240.0 377.0 549.6 268.8 604.7 426.0 272.0 302.2 276.3 458.4 395.3 482.1 223.9 642.9 581.6 0.0 276.3 61.8 444.4 521.7 276.1 370.1 121.4 450.8 157.4 155.4 247.0 465.4 573.5 161.7 402.0 602.2 180.0 153.4 137.5 373.5 84.9 76.4 426.0 87.2 264.8 430.2 165.7 489.5 476.8 230.7 144.1 638.0 165.0 264.7 441.1 328.5
3482.1 474.8 232.6 124.8 246.6 105.4 285.8 272.4 194.0 406.0 293.2 151.3 421.1 221.9 269.9 489.2 165.3 468.5 219.3 245.9 280.9 215.8 259.0 362.4 508.6 334.4 401.9 212.0 233.0 364.1 432.4 426.8 76.4 246.6 234.5 97.7 402.4 166.2 163.7 239.0 143.8 365.2 231.7 411.1 381.7 517.5 333.0 437.5 194.8 306.8 111.0 195.9 201.9 467.1 387.1 239.5 179.7 410.8 355.2 403.0 202.5 308.5 207.1 217.0 94.7 506.3 291.7 229.3 374.0 174.2 317.9 292.2 244.5 498.6 145.7 465.6 56.6 315.2 523.5 199.6 314.6 213.3 281.4 402.1 428.8 163.6 314.0 190.1 459.1 498.1 149.6 383.9 508.1 152.8 169.5 39.2 443.0 345.4 258.4 122.7 422.1 360.8 249.1 0.0 260.9 223.6 470.2 226.2 449.4 227.9 232.8 406.6 274.5 86.2 229.8 352.7 165.8 181.2 381.4 164.1 107.7 331.9 152.7 245.9 253.4 204.0 285.6 197.4 194.6 360.1 253.9 243.2 123.2 275.1 417.2 172.0 83.3 220.3 450.8
3641.0 403.0 222.2 251.5 398.9 156.6 244.9 135.1 67.4 564.9 485.0 254.3 394.7 96.6 333.7 648.1 324.2 396.7 378.2 210.0 439.8 374.7 69.8 352.0 667.5 493.3 560.8 267.5 386.7 353.7 342.6 368.4 175.7 263.3 222.5 256.6 392.0 184.2 282.9 228.6 232.1 524.1 186.0 363.8 540.6 249.0 322.6 365.7 137.6 296.4 151.0 232.0 372.2 456.7 98.0 398.4 351.7 569.7 96.1 392.6 216.1 162.0 326.3 41.7 167.3 495.9 98.8 183.6 363.6 293.4 56.9 280.2 126.9 426.8 186.7 393.8 195.3 474.1 513.1 270.4 473.5 119.1 440.3 561.0 350.1 322.5 53.0 178.1 310.4 426.3 206.9 542.8 359.4 210.1 240.3 255.7 391.8 333.4 417.3 162.0 581.0 519.7 73.3 233.1 0.0 382.5 459.8 214.2 295.9 121.2 388.9 117.5 228.8 226.4 388.7 511.6 235.1 340.1 540.3 255.3 198.9 70.9 311.6 158.3 149.8 362.9 24.6 268.5 353.5 99.1 412.8 414.9 210.1 82.2 576.1 243.1 202.8 379.2 261.9
3284.7 581.4 339.2 199.0 99.8 255.4 392.4 454.1 312.1 182.3 91.1 220.7 527.7 340.0 399.3 265.5 59.1 575.1 74.8 415.8 86.2 91.3 377.1 469.0 361.9 110.7 178.2 341.4 107.2 470.7 492.0 533.4 205.8 416.5 335.1 128.5 509.0 284.3 174.5 345.6 218.0 141.5 421.7 517.7 158.0 567.9 439.6 544.1 384.8 413.4 249.8 325.3 143.0 483.7 477.1 250.5 170.7 187.1 475.2 504.5 320.6 409.1 214.2 336.1 266.1 538.2 409.8 419.3 480.6 164.6 436.0 335.3 351.1 605.2 335.7 572.2 186.0 190.7 430.1 329.0 190.1 403.3 244.4 178.4 536.8 154.7 434.1 290.7 563.3 604.7 305.7 160.2 612.3 308.9 298.9 262.9 549.6 334.3 268.0 226.8 198.4 137.1 439.1 223.6 379.0 0.0 480.6 326.8 553.6 417.9 35.3 496.6 455.1 309.9 240.8 158.0 355.8 192.2 186.7 354.1 297.7 450.0 163.7 415.8 424.5 80.7 403.7 367.3 205.6 478.2 264.9 54.6 346.9 376.2 193.5 341.9 212.7 67.1 555.0
3651.6 255.7 231.8 375.3 450.0 355.0 241.9 520.5 360.4 659.4 499.5 378.1 236.6 322.6 411.3 742.6 462.6 249.4 421.8 515.4 559.9 476.8 347.4 177.9 769.6 659.1 726.6 406.1 513.6 179.6 213.3 207.7 371.7 516.1 398.9 455.0 54.5 291.3 406.7 225.4 355.9 624.1 521.3 192.0 706.4 244.6 131.8 218.4 484.4 156.5 349.4 355.8 493.2 3.0 483.4 596.8 475.5 735.5 481.5 218.5 323.2 368.1 450.1 380.6 365.7 57.5 293.2 518.9 79.7 417.2 442.3 346.6 267.0 279.5 435.3 246.5 393.7 576.2 53.2 394.2 575.6 502.9 629.9 661.0 235.0 558.1 438.4 372.9 240.0 283.7 405.3 708.6 289.0 408.5 364.1 454.1 258.5 345.6 641.6 360.4 681.0 718.2 458.7 431.5 385.3 502.6 0.0 338.1 222.7 456.2 509.0 502.9 554.7 424.8 587.1 573.9 455.4 538.5 600.1 453.7 397.3 456.3 510.0 515.4 522.9 465.0 410.0 466.9 551.9 484.5 611.2 429.4 408.5 335.2 670.6 441.5 382.0 499.3 231.7
3563.8 335.5 93.3 138.6 293.0 124.3 146.5 323.0 129.7 528.0 342.5 141.4 281.8 109.7 119.4 610.4 305.6 329.2 264.8 284.7 402.9 319.8 134.5 223.1 612.6 456.4 523.9 67.9 353.7 224.8 293.1 287.5 143.0 285.4 60.7 224.3 263.1 60.6 170.0 99.7 119.2 536.3 290.6 271.8 503.7 324.4 193.7 298.2 253.7 167.5 118.7 75.2 259.3 327.8 294.7 366.1 238.8 532.8 292.8 258.6 92.5 155.2 213.4 152.7 135.0 367.0 131.4 288.2 234.7 180.5 253.6 65.9 105.2 359.3 204.6 326.3 163.0 419.2 384.2 118.8 418.6 272.2 408.0 573.2 290.9 283.3 251.7 35.4 319.8 358.8 174.6 505.9 368.8 177.8 102.2 223.4 303.7 119.1 373.1 129.7 593.2 482.8 270.0 200.8 196.6 345.6 330.9 0.0 310.1 237.6 352.0 314.2 324.0 194.1 356.4 416.9 224.7 307.8 443.1 223.0 166.6 267.6 279.3 284.7 293.4 309.2 221.3 236.2 321.2 295.8 380.5 272.4 177.8 122.3 539.2 210.8 145.3 342.3 311.5
3763.2 130.3 197.4 340.9 488.3 320.6 207.5 444.2 326.0 728.9 566.1 335.4 132.9 288.2 423.1 812.1 488.2 124.0 514.7 481.0 603.8 538.7 313.0 143.5 823.2 657.3 724.8 356.9 550.8 145.2 69.9 95.7 337.3 481.7 311.9 412.3 168.9 256.9 372.3 191.0 321.5 688.1 486.9 91.1 704.6 56.8 97.4 93.0 450.0 122.1 315.0 321.4 461.6 233.6 381.1 562.4 432.8 725.4 379.2 183.4 288.8 333.7 415.7 337.9 331.3 272.8 258.8 484.5 140.5 382.8 407.9 369.6 232.6 154.1 400.9 121.1 359.3 638.1 284.8 351.5 637.5 468.5 604.3 725.0 89.7 477.4 343.5 269.2 60.5 158.3 370.9 706.8 109.5 365.8 321.4 419.7 130.0 414.5 573.0 326.0 745.0 683.7 424.3 388.8 342.6 546.5 236.7 303.6 0.0 421.8 555.7 400.6 520.3 382.1 552.7 675.6 421.0 504.1 704.3 419.3 362.9 421.9 475.6 481.0 488.5 526.9 375.6 432.5 517.5 362.2 576.8 504.3 374.1 300.8 740.1 407.1 347.6 543.2 52.2
3592.1 508.8 266.6 295.9 443.3 201.0 330.8 131.3 111.8 600.0 520.1 289.4 455.1 141.0 378.1 692.5 368.6 502.5 422.6 188.2 484.2 419.1 114.2 396.4 702.6 537.7 605.2 311.9 431.1 398.1 466.4 460.8 217.7 208.7 266.9 291.7 436.4 228.6 327.3 273.0 276.5 568.5 101.4 445.1 585.0 393.7 367.0 471.5 57.1 342.3 195.4 276.4 416.6 501.1 246.0 463.9 386.8 604.8 214.1 437.0 260.5 252.7 370.7 100.7 211.7 540.3 184.7 99.0 408.0 337.8 210.9 315.3 212.8 532.6 98.4 499.6 239.7 518.5 557.5 305.5 517.9 72.2 505.8 605.4 462.8 357.6 197.7 224.2 464.4 536.8 242.0 587.2 513.4 245.2 275.4 261.4 477.0 368.5 473.8 206.4 625.4 564.1 108.0 252.1 144.6 426.9 504.2 258.6 449.9 0.0 436.1 265.5 144.2 232.1 454.2 556.0 146.8 384.5 584.7 121.4 129.2 224.9 356.0 136.5 127.7 407.3 178.6 240.6 419.0 253.1 478.3 459.3 215.8 168.1 620.5 153.8 247.2 423.6 415.9
3312.2 599.9 357.7 217.5 130.1 273.9 410.9 472.6 330.6 209.8 121.4 244.0 546.2 358.5 417.8 293.0 81.0 593.6 93.3 434.3 50.8 109.8 395.6 487.5 392.8 138.2 205.7 359.9 123.4 489.2 522.3 551.9 226.5 435.0 353.6 147.0 527.5 302.8 204.8 364.1 236.5 169.0 440.2 536.2 185.5 592.2 458.1 562.6 403.3 433.4 268.3 343.8 173.3 514.0 495.6 269.0 192.6 218.0 493.7 528.1 339.1 427.6 244.5 353.6 284.6 568.5 428.3 437.8 499.1 194.9 454.5 411.3 369.6 623.7 354.2 590.7 204.5 209.2 460.4 347.5 208.6 421.8 262.9 205.9 553.9 173.1 450.6 310.9 584.2 627.9 324.2 187.7 633.2 330.8 320.8 281.4 568.1 368.0 274.6 245.3 225.9 164.6 457.6 242.1 400.9 27.4 514.3 345.3 566.9 445.7 0.0 515.1 473.6 328.4 259.3 122.6 374.3 210.7 151.3 372.6 316.2 468.5 182.2 434.3 441.8 98.0 422.2 385.8 224.1 496.7 283.4 84.9 365.4 394.7 221.0 360.4 231.2 85.6 575.9
3747.7 441.6 352.2 381.5 528.9 286.6 374.9 194.3 197.4 694.9 615.0 384.3 433.3 226.6 463.7 778.1 454.2 435.3 508.2 251.2 569.8 504.7 199.8 454.8 797.5 623.3 690.8 397.5 519.0 456.5 381.2 407.0 305.3 304.5 352.5 386.6 522.0 314.2 412.9 358.6 362.1 654.1 229.0 402.4 670.6 287.6 408.7 404.3 214.6 426.4 281.0 362.0 502.2 586.7 26.7 528.4 481.7 699.7 49.1 478.7 346.1 292.0 456.3 171.7 297.3 625.9 228.8 260.6 493.6 423.4 191.6 410.2 256.9 465.4 263.7 432.4 325.3 604.1 643.1 400.4 603.5 196.1 570.3 691.0 388.7 452.6 93.6 308.1 349.0 464.9 336.9 672.8 398.0 340.1 370.3 385.7 430.4 463.4 535.4 292.0 711.0 649.7 150.3 363.1 129.9 512.5 589.8 344.2 342.1 260.5 518.9 0.0 290.5 356.4 518.7 641.6 312.1 470.1 670.3 330.4 303.8 142.1 441.6 199.5 191.0 494.1 159.3 356.9 483.5 137.7 542.8 544.9 340.1 212.2 706.1 286.0 332.8 509.2 300.5
3635.9 581.0 327.9 358.8 516.1 200.7 444.7 155.2 267.2 620.9 508.1 361.6 572.7 296.4 441.0 704.1 380.2 574.7 434.2 89.9 495.8 430.7 269.6 457.7 723.5 549.3 616.8 374.8 442.7 459.4 520.6 546.4 231.7 173.9 329.8 312.6 497.7 261.5 390.2 334.3 339.4 580.1 87.8 541.8 596.6 427.0 428.3 543.7 83.5 402.1 206.3 339.3 471.4 562.4 275.8 462.9 449.2 625.7 243.9 618.1 297.8 361.8 433.6 241.5 190.0 601.6 298.6 39.1 469.3 400.7 257.4 387.5 326.7 604.8 101.1 571.8 251.3 530.1 618.8 377.7 529.5 102.0 504.8 617.0 528.1 433.1 257.5 285.4 488.4 609.0 244.9 598.8 537.4 248.1 347.6 264.1 569.8 440.7 481.8 218.0 637.0 575.7 137.8 264.1 199.7 438.5 565.5 321.5 481.5 116.6 444.9 295.3 0.0 234.8 453.2 567.6 149.5 426.0 596.3 167.8 141.2 275.4 397.5 100.6 108.1 418.9 225.1 252.6 418.0 303.6 477.3 458.1 218.5 282.0 632.1 152.8 258.8 435.2 439.9
3514.1 504.1 261.9 156.8 278.6 134.7 315.1 301.7 223.3 438.0 325.2 183.3 450.4 251.2 288.9 521.2 197.3 497.8 251.3 275.2 312.9 247.8 288.3 391.7 540.6 366.4 433.9 231.0 265.0 393.4 461.7 456.1 97.6 275.9 263.8 129.7 431.7 195.5 195.7 268.3 175.8 397.2 261.0 440.4 413.7 546.8 362.3 466.8 224.1 336.1 140.3 273.3 233.9 496.4 416.4 271.5 211.7 442.8 384.5 432.3 231.8 337.8 239.1 246.3 124.0 535.6 321.0 258.6 403.3 206.2 347.2 321.5 273.8 527.9 175.0 494.9 75.6 347.2 552.8 218.6 346.6 242.6 313.4 434.1 458.1 195.6 343.3 219.4 488.4 532.1 178.9 415.9 537.4 182.1 188.5 68.5 472.3 374.7 290.4 152.0 454.1 392.8 278.4 29.2 290.2 255.6 499.5 255.5 478.7 257.2 264.8 435.9 303.8 0.0 261.8 384.7 195.1 213.2 413.4 193.4 137.0 361.2 184.7 275.2 282.7 236.0 314.9 226.7 226.6 389.4 285.9 275.2 152.5 304.4 449.2 201.3 102.3 252.3 480.1
3472.0 599.5 357.3 217.1 218.5 299.5 410.5 439.1 311.0 395.9 304.6 243.6 545.8 338.9 398.2 479.1 155.2 593.2 244.9 400.8 270.8 205.7 376.0 487.1 498.5 324.3 391.8 340.3 220.0 488.8 557.1 551.5 204.7 401.5 353.2 127.4 527.1 283.2 223.3 363.7 236.1 355.1 425.8 535.8 371.6 588.4 457.7 562.2 388.9 431.5 305.1 324.2 173.8 591.8 476.0 9.6 151.6 400.7 474.1 522.6 319.5 427.2 273.1 334.0 288.8 631.0 408.7 423.4 498.7 213.4 434.9 410.9 369.2 623.3 339.8 590.3 184.9 229.8 648.2 327.9 216.4 407.4 121.0 392.0 554.9 135.6 433.0 308.8 583.8 622.8 304.6 373.8 632.8 307.8 297.8 318.3 567.7 464.1 86.1 225.7 412.0 350.7 443.2 290.9 377.9 213.5 594.9 344.9 574.1 422.0 219.9 495.5 440.1 333.6 0.0 342.6 359.9 128.4 371.3 358.2 301.8 448.9 99.9 400.8 409.5 195.1 402.6 352.3 35.1 477.1 67.7 234.5 317.3 394.3 407.1 326.9 211.6 210.2 575.5
3292.6 666.8 424.6 284.4 206.7 340.8 477.8 539.5 397.5 227.7 236.2 310.9 613.1 425.4 484.7 266.1 144.5 649.4 142.2 501.2 73.7 82.7 462.5 554.4 268.3 255.1 322.6 426.8 192.6 556.1 580.9 614.5 291.2 501.9 420.5 213.9 594.4 369.7 281.4 431.0 303.4 285.9 507.1 603.1 302.4 656.8 525.0 629.5 470.2 498.8 335.2 410.7 249.9 572.6 562.5 363.8 256.1 331.5 560.6 589.9 406.0 494.5 321.1 420.5 351.5 627.1 495.2 504.7 566.0 271.5 521.4 424.2 436.5 655.1 421.1 657.6 271.4 195.0 519.0 414.4 161.4 488.7 244.3 322.8 622.2 240.1 519.5 376.1 652.2 677.0 391.1 304.6 701.2 394.3 384.3 348.3 635.0 423.2 267.9 312.2 342.8 281.5 524.5 309.0 464.4 144.3 569.5 412.2 642.5 503.3 116.8 582.0 540.5 395.3 354.1 0.0 441.2 277.6 26.1 439.5 383.1 535.4 249.1 501.2 509.9 94.0 489.1 452.7 318.9 563.6 321.0 166.1 432.3 461.6 214.9 427.3 298.1 161.2 643.9
3526.4 479.2 237.0 267.9 415.3 109.8 290.2 180.6 198.4 530.0 417.2 270.7 559.6 226.3 350.1 613.2 289.3 472.9 343.3 142.3 404.9 339.8 293.7 366.8 632.6 458.4 525.9 283.9 354.1 368.5 507.5 533.3 140.4 143.0 238.9 221.7 406.8 170.6 299.3 243.4 248.5 489.2 144.5 415.5 505.7 413.9 337.4 441.9 107.6 311.2 115.4 248.4 325.9 471.5 299.9 363.5 303.7 534.8 268.0 402.3 206.9 385.9 342.7 265.6 99.1 510.7 322.7 142.1 378.4 309.8 281.5 296.6 350.8 503.0 58.5 470.0 160.4 439.2 527.9 286.8 438.6 126.1 405.4 526.1 515.0 287.7 292.5 194.5 475.3 502.5 154.0 507.9 524.3 157.2 256.7 173.2 556.7 349.8 370.5 127.1 546.1 484.8 161.9 173.2 223.8 347.6 474.6 230.6 468.4 140.7 354.0 319.4 181.6 143.9 353.8 476.7 0.0 305.2 505.4 58.9 50.3 299.5 276.7 142.3 151.0 329.2 249.2 161.7 318.6 320.8 377.9 367.2 127.6 306.1 541.2 88.1 167.9 344.3 426.8
3422.2 549.7 307.5 167.3 168.7 271.1 360.7 410.7 261.2 346.1 254.8 193.8 496.0 289.1 348.4 429.3 105.4 543.4 195.1 372.4 221.0 155.9 326.2 437.3 448.7 274.5 342.0 290.5 170.2 439.0 507.3 501.7 154.9 373.1 303.4 77.6 477.3 233.4 173.5 313.9 186.3 305.3 397.4 486.0 321.8 538.6 407.9 512.4 360.5 381.7 198.9 274.4 124.0 542.0 426.2 156.9 101.8 350.9 424.3 472.8 269.7 377.4 223.3 284.2 260.4 581.2 358.9 395.0 448.9 163.6 385.1 361.1 319.4 573.5 311.4 540.5 135.1 255.3 598.4 278.1 254.7 379.0 198.8 342.2 505.1 85.8 383.2 259.0 534.0 573.0 254.8 324.0 583.0 258.0 248.0 212.0 517.9 414.3 163.9 175.9 362.2 300.9 414.8 172.7 328.1 163.7 545.1 295.1 524.3 393.6 170.1 445.7 411.7 305.2 147.2 292.8 331.5 0.0 321.5 329.8 273.4 399.1 26.1 372.4 381.1 145.3 352.8 323.9 112.0 427.3 171.3 184.7 288.9 344.5 357.3 298.5 161.8 160.4 525.7
3330.8 705.0 462.8 322.6 244.9 379.0 516.0 577.7 435.7 252.3 274.4 349.1 651.3 463.6 522.9 290.7 182.7 687.6 180.4 539.4 94.4 120.9 500.7 592.6 292.9 275.8 343.3 465.0 230.8 594.3 619.1 652.7 329.4 540.1 458.7 252.1 632.6 407.9 319.6 469.2 341.6 306.6 545.3 641.3 323.1 695.0 563.2 667.7 508.4 537.0 373.4 448.9 288.1 610.8 600.7 402.0 294.3 352.2 598.8 628.1 444.2 532.7 359.3 458.7 389.7 665.3 533.4 542.9 604.2 309.7 559.6 462.4 474.7 693.3 459.3 695.8 309.6 233.2 557.2 452.6 199.6 526.9 282.5 343.5 660.4 278.3 557.7 414.3 690.4 715.2 429.3 325.3 739.4 432.5 422.5 386.5 673.2 461.4 306.1 350.4 363.5 302.2 562.7 347.2 502.6 165.0 607.7 450.4 680.7 541.5 137.5 620.2 578.7 433.5 392.3 38.1 479.4 315.8 0.0 477.7 421.3 573.6 287.3 539.4 548.1 132.2 527.3 490.9 357.1 601.8 359.2 204.3 470.5 499.8 239.5 465.5 336.3 199.4 682.1
3544.6 493.6 251.4 282.3 429.7 124.2 304.6 179.6 285.7 544.4 431.6 285.1 439.9 314.9 364.5 627.6 303.7 487.3 357.7 197.4 419.3 354.2 288.1 381.2 647.0 472.8 540.3 298.3 368.5 382.9 451.2 445.6 154.8 198.1 253.3 236.1 421.2 185.0 313.7 257.8 262.9 503.6 138.9 429.9 520.1 469.0 351.8 456.3 102.0 325.6 129.8 262.8 340.3 485.9 294.3 377.9 318.1 549.2 262.4 416.7 221.3 380.3 357.1 260.0 113.5 525.1 317.1 136.5 392.8 324.2 275.9 311.0 345.2 517.4 52.9 484.4 174.8 453.6 542.3 301.2 453.0 120.5 419.8 540.5 570.1 302.1 278.0 208.9 530.4 516.9 168.4 522.3 579.4 171.6 271.1 187.6 461.8 364.2 384.9 141.5 560.5 499.2 156.3 187.6 218.2 362.0 489.0 245.0 523.5 126.1 368.4 313.8 181.7 158.3 368.2 491.1 55.0 319.6 519.8 0.0 64.7 293.9 291.1 174.0 166.4 343.6 243.6 176.1 333.0 322.1 392.3 381.6 142.0 300.5 555.6 150.7 182.3 358.7 481.9
3479.8 428.8 186.6 217.5 364.9 59.4 239.8 164.6 148.0 479.6 366.8 220.3 375.1 175.9 299.7 562.8 238.9 422.5 292.9 159.8 354.5 289.4 273.1 316.4 582.2 408.0 475.5 233.5 306.6 318.1 386.4 380.8 88.0 160.5 188.5 171.3 356.4 120.2 248.9 193.0 198.1 438.8 123.9 365.1 455.3 431.4 287.0 391.5 87.0 260.8 65.0 198.0 275.5 421.1 279.3 313.1 253.3 484.4 247.4 357.0 156.5 262.5 292.3 245.0 48.7 460.3 302.1 121.5 328.0 259.4 260.9 246.2 198.5 452.6 37.9 419.6 110.0 388.8 477.5 236.4 388.2 105.5 355.0 475.7 384.2 237.2 261.0 144.1 492.8 456.8 103.6 457.5 541.8 106.8 206.3 122.8 397.0 299.4 332.0 76.7 495.7 434.4 141.3 122.8 203.2 297.2 424.2 180.2 485.9 120.1 306.4 298.8 166.7 93.5 303.4 426.3 58.0 254.8 455.0 56.3 0.0 278.9 226.3 159.0 150.2 277.6 228.6 111.3 268.2 307.1 327.5 316.8 77.2 285.5 490.8 85.9 117.5 293.9 444.3
3759.2 410.3 308.3 337.6 485.0 242.7 331.0 200.8 153.5 651.0 571.1 340.4 402.0 182.7 419.8 734.2 410.3 404.0 464.3 275.7 525.9 460.8 155.9 423.5 753.6 579.4 646.9 353.6 475.1 425.2 349.9 375.7 261.4 325.3 308.6 342.7 478.1 270.3 369.0 314.7 318.2 610.2 251.7 371.1 626.7 256.3 377.4 373.0 203.3 382.5 237.1 318.1 458.3 542.8 105.3 484.5 437.8 655.8 103.4 447.4 302.2 248.1 412.4 129.0 253.4 582.0 184.9 249.3 449.7 379.5 111.4 366.3 213.0 434.1 252.4 401.1 281.4 560.2 564.8 356.5 559.6 184.8 526.4 647.1 357.4 408.7 62.3 264.2 317.7 433.6 293.0 628.9 366.7 296.2 326.4 341.8 399.1 419.5 491.5 248.1 667.1 605.8 139.0 319.2 86.0 468.6 545.9 300.3 310.8 216.6 475.0 124.8 294.5 312.5 474.8 597.7 300.8 426.2 626.4 319.1 292.5 0.0 397.7 224.0 215.5 450.2 59.8 354.6 439.6 106.4 498.9 501.0 296.2 168.3 662.2 304.1 288.9 465.3 269.2
3396.0 523.5 281.3 141.1 142.5 244.9 334.5 384.5 235.0 319.9 228.6 167.6 469.8 262.9 322.2 403.1 79.2 517.2 168.9 346.2 194.8 129.7 300.0 411.1 422.5 248.3 315.8 264.3 144.0 412.8 481.1 475.5 128.7 346.9 277.2 51.4 451.1 207.2 147.3 287.7 160.1 279.1 371.2 459.8 295.6 512.4 381.7 486.2 334.3 355.5 172.7 248.2 97.8 515.8 400.0 130.7 75.6 324.7 398.1 446.6 243.5 351.2 197.1 258.0 234.2 555.0 332.7 368.8 422.7 137.4 358.9 334.9 293.2 547.3 285.2 514.3 108.9 229.1 572.2 251.9 228.5 352.8 172.6 316.0 478.9 59.6 357.0 232.8 507.8 546.8 228.6 297.8 556.8 231.8 221.8 185.8 491.7 388.1 137.7 149.7 336.0 274.7 388.6 146.5 301.9 137.5 518.9 268.9 498.1 367.4 143.9 419.5 385.5 279.0 121.0 266.6 305.3 28.4 295.3 303.6 247.2 372.9 0.0 346.2 354.9 119.1 326.6 297.7 85.8 401.1 145.1 158.5 262.7 318.3 331.1 272.3 135.6 134.2 499.5
3566.9 503.3 300.2 331.1 449.7 173.0 394.0 54.5 216.5 593.2 480.4 333.9 495.0 245.7 413.3 676.4 352.5 497.0 406.5 51.6 468.1 403.0 218.9 516.5 695.8 521.6 589.1 347.1 417.3 518.2 442.9 468.7 203.6 104.9 302.1 284.9 470.0 233.8 362.5 306.6 311.7 552.4 25.7 464.1 568.9 349.3 400.6 466.0 92.9 374.4 178.6 311.6 405.0 534.7 186.3 396.5 382.8 598.0 154.4 540.4 270.1 311.1 405.9 192.0 162.3 573.9 247.9 66.4 441.6 373.0 206.7 359.8 276.0 527.1 112.1 494.1 223.6 502.4 591.1 350.0 501.8 74.4 438.4 589.3 450.4 366.8 208.8 257.7 410.7 526.6 217.2 571.1 459.7 220.4 319.9 236.4 492.1 413.0 403.5 190.3 609.3 548.0 87.1 236.4 149.0 410.8 537.8 293.8 403.8 127.6 417.2 205.8 90.9 207.1 386.8 539.9 160.5 359.6 568.6 178.8 152.2 224.7 331.1 0.0 8.6 392.4 174.4 157.3 351.6 252.9 410.9 430.4 190.8 231.3 604.4 86.4 231.1 407.5 362.2
3575.4 494.6 362.6 339.6 458.2 180.3 385.3 45.8 207.8 600.5 488.9 341.2 486.3 237.0 421.8 684.9 361.0 488.3 415.0 60.1 476.6 411.5 210.2 507.8 704.3 530.1 597.6 355.6 423.5 509.5 434.2 460.0 210.1 112.2 310.6 292.2 532.4 242.3 371.0 369.0 320.2 560.9 37.9 455.4 577.4 340.6 461.7 457.3 84.2 438.3 187.1 320.1 413.5 597.1 177.6 405.0 390.1 605.3 145.7 536.8 278.6 302.4 414.4 183.3 170.8 636.3 239.2 78.6 504.0 381.5 198.0 368.3 267.3 518.4 124.3 485.4 232.1 510.9 653.5 357.3 510.3 65.7 446.9 597.8 443.1 375.2 198.1 267.9 402.0 522.6 224.5 579.6 451.0 227.7 328.4 244.9 483.4 420.3 422.7 198.8 617.8 556.5 78.4 243.7 140.3 419.3 600.2 302.3 387.5 149.1 428.5 197.1 98.2 214.4 395.3 548.4 172.7 368.1 577.1 191.0 163.2 216.0 339.6 8.4 0.0 399.7 165.7 164.6 360.1 244.2 419.4 438.9 199.3 222.6 612.9 94.9 239.6 416.0 353.5
3276.8 572.7 330.5 190.3 112.6 245.5 383.7 445.4 303.4 251.6 140.9 216.8 519.0 331.3 390.6 336.0 49.2 555.3 48.1 407.1 127.7 10.5 368.4 460.3 303.5 181.2 248.7 332.7 96.2 462.0 486.8 520.4 199.3 406.6 326.4 118.6 500.3 275.6 187.3 336.9 209.3 210.8 413.0 509.0 228.5 561.5 430.9 535.4 376.1 406.2 241.1 316.6 155.8 478.5 468.4 283.1 162.0 256.4 466.5 500.9 311.9 400.4 227.0 326.2 257.4 533.0 401.1 410.6 471.9 177.4 427.3 328.9 342.4 561.0 327.0 563.5 177.3 109.9 424.9 320.3 109.3 394.6 163.6 248.9 526.7 145.9 422.2 283.7 558.1 587.6 297.0 230.7 607.1 299.0 289.0 254.2 540.9 329.1 175.5 218.1 268.9 207.6 430.4 213.7 369.1 70.4 474.2 318.1 540.8 418.5 79.6 487.9 445.2 300.0 273.4 107.6 347.1 183.5 133.8 345.4 289.0 441.3 155.0 407.1 414.6 0.0 395.0 357.4 238.2 469.5 240.3 72.0 338.2 367.5 264.0 333.2 204.0 67.1 549.8
3731.1 422.8 257.3 286.6 434.0 191.7 280.0 140.9 102.5 600.0 520.1 289.4 414.5 131.7 368.8 683.2 359.3 416.5 413.3 215.8 474.9 409.8 104.9 436.0 702.6 528.4 595.9 302.6 424.1 437.7 362.4 388.2 210.4 269.1 257.6 291.7 427.1 219.3 318.0 263.7 267.2 559.2 191.8 383.6 575.7 268.8 357.7 385.5 143.4 331.5 186.1 267.1 407.3 491.8 117.8 433.5 386.8 604.8 115.9 459.9 251.2 197.1 361.4 76.8 202.4 531.0 133.9 189.4 398.7 328.5 51.5 315.3 162.0 446.6 192.5 413.6 230.4 509.2 548.2 305.5 508.6 124.9 475.4 596.1 369.9 357.7 74.8 213.2 330.2 446.1 242.0 577.9 379.2 245.2 275.4 290.8 411.6 368.5 440.5 197.1 616.1 554.8 79.1 268.2 35.0 417.6 494.9 249.3 323.3 165.6 424.0 137.3 234.6 261.5 423.8 546.7 240.9 375.2 575.4 259.2 232.6 69.8 346.7 164.1 155.6 399.2 0.0 303.6 388.6 118.9 447.9 450.0 245.2 117.3 611.2 244.2 237.9 414.3 281.7
3483.6 501.3 259.1 290.0 408.6 131.9 312.3 183.0 220.5 552.1 439.3 292.8 447.6 248.4 372.2 635.3 311.4 495.0 365.4 144.7 427.0 361.9 285.5 388.9 654.7 480.5 548.0 306.0 376.2 390.6 509.9 535.7 162.9 145.4 261.0 243.8 428.9 192.7 321.4 265.5 270.6 511.3 170.5 437.6 527.8 416.3 359.5 464.0 171.6 333.3 137.5 270.5 363.9 493.6 331.1 355.4 341.7 556.9 299.2 424.4 229.0 335.0 364.8 243.5 121.2 532.8 318.2 206.1 400.5 331.9 345.5 318.7 271.0 525.1 145.4 492.1 182.5 461.3 550.0 308.9 460.7 190.1 397.3 548.2 517.4 325.6 296.9 216.6 477.7 529.3 176.1 530.0 526.7 179.3 278.8 195.3 559.1 371.9 374.3 149.2 568.2 506.9 225.9 195.3 287.8 369.7 496.7 252.7 470.8 204.7 376.1 350.6 184.0 166.0 345.7 498.8 140.1 318.5 527.5 199.1 185.5 363.5 290.0 144.7 152.2 350.1 313.2 0.0 310.5 323.2 369.8 389.3 149.7 301.6 563.3 70.8 190.0 366.4 429.2
3436.8 564.3 322.1 181.9 183.3 264.3 375.3 403.9 275.8 360.7 269.4 208.4 510.6 303.7 363.0 443.9 120.0 558.0 209.7 365.6 235.6 170.5 340.8 451.9 463.3 289.1 356.6 305.1 184.8 453.6 521.9 516.3 169.5 366.3 318.0 92.2 491.9 248.0 188.1 328.5 200.9 319.9 390.6 500.6 336.4 553.2 422.5 527.0 353.7 396.3 269.9 289.0 138.6 556.6 440.8 44.8 116.4 365.5 438.9 487.4 284.3 392.0 237.9 298.8 253.6 595.8 373.5 388.2 463.5 178.2 399.7 375.7 334.0 588.1 304.6 555.1 149.7 194.6 613.0 292.7 181.2 372.2 85.8 356.8 519.7 100.4 397.8 273.6 548.6 587.6 269.4 338.6 597.6 272.6 262.6 283.1 532.5 428.9 50.9 190.5 376.8 315.5 408.0 255.7 342.7 178.3 559.7 309.7 538.9 386.8 184.7 460.3 404.9 298.4 35.1 307.4 324.7 93.2 336.1 323.0 266.6 413.7 64.7 365.6 374.3 159.9 367.4 317.1 0.0 441.9 58.3 199.3 282.1 359.1 371.9 291.7 176.4 175.0 540.3
3715.2 366.3 336.9 366.2 513.6 271.3 359.6 234.5 182.1 679.6 599.7 369.0 358.0 211.3 448.4 762.8 438.9 360.0 492.9 282.8 554.5 489.4 184.5 379.5 782.2 608.0 675.5 382.2 503.7 381.2 305.9 331.7 290.0 281.3 337.2 371.3 404.9 298.9 397.6 343.3 346.8 638.8 279.3 327.1 655.3 212.3 333.4 329.0 237.0 359.6 265.7 346.7 486.9 469.6 101.3 513.1 466.4 684.4 99.4 403.4 330.8 276.7 441.0 156.4 282.0 508.8 213.5 283.0 376.5 408.1 178.7 394.9 241.6 390.1 286.1 357.1 310.0 588.8 520.8 385.1 588.2 218.5 555.0 675.7 313.4 437.3 54.1 292.8 273.7 389.6 321.6 657.5 322.7 324.8 355.0 412.8 355.1 448.1 520.1 276.7 695.7 634.4 172.7 347.8 114.6 497.2 472.7 328.9 266.8 245.2 503.6 120.8 328.2 383.5 503.4 626.3 334.5 454.8 655.0 352.8 313.6 102.5 426.3 249.8 241.3 478.8 127.1 333.7 468.2 0.0 527.5 529.6 367.2 196.9 690.8 262.8 317.5 493.9 225.2
3429.0 613.6 371.4 231.2 232.6 313.6 424.6 453.2 325.1 410.0 318.7 257.7 559.9 353.0 412.3 493.2 169.3 607.3 259.0 414.9 284.9 219.8 390.1 501.2 497.5 338.4 405.9 354.4 234.1 502.9 571.2 565.6 218.8 415.6 367.3 141.5 541.2 297.3 237.4 377.8 250.2 369.2 439.9 549.9 385.7 602.5 471.8 576.3 403.0 445.6 319.2 338.3 187.9 605.9 490.1 58.0 165.7 414.8 488.2 536.7 333.6 441.3 287.2 348.1 302.9 645.1 422.8 437.5 512.8 227.5 449.0 425.0 383.3 637.4 353.9 604.4 199.0 186.7 662.3 342.0 173.3 421.5 77.9 406.1 569.0 149.7 447.1 322.9 597.9 636.9 318.7 387.9 646.9 321.9 311.9 332.4 581.8 478.2 43.0 239.8 426.1 364.8 457.3 305.0 392.0 227.6 609.0 359.0 588.2 436.1 234.0 509.6 454.2 347.7 67.7 356.7 374.0 142.5 385.4 372.3 315.9 463.0 114.0 414.9 423.6 209.2 416.7 366.4 68.3 491.2 0.0 248.6 331.4 408.4 421.2 341.0 225.7 224.3 589.6
3356.2 533.5 291.3 181.2 45.1 295.5 344.5 494.2 327.3 253.4 70.0 166.0 479.8 315.7 358.3 336.6 99.2 527.2 34.9 455.9 140.1 89.9 340.5 421.1 382.7 181.8 249.3 300.4 105.3 422.8 437.3 485.5 245.9 456.6 287.2 168.6 461.1 258.2 119.8 297.7 170.1 212.6 461.8 469.8 229.1 513.2 391.7 496.2 424.9 365.5 289.9 284.3 88.3 429.0 492.3 264.7 134.0 258.2 490.4 456.6 290.1 361.2 159.5 350.3 306.2 483.5 329.4 459.4 432.7 109.9 451.2 280.6 303.2 511.5 375.8 524.3 226.1 189.3 375.4 288.0 188.7 443.4 243.0 249.5 488.9 148.8 449.3 242.8 508.6 556.8 345.8 231.3 557.6 349.0 257.9 303.0 501.7 279.6 271.7 266.9 269.5 208.2 479.2 263.7 394.2 71.0 425.9 278.9 498.9 435.2 89.2 511.8 495.2 350.0 255.0 211.9 395.9 206.4 240.6 394.2 337.8 465.2 177.9 455.9 464.6 79.3 418.9 407.4 219.8 493.4 279.1 0.0 396.7 328.3 264.6 382.0 243.0 107.2 500.3
3530.4 481.1 238.9 173.1 294.9 111.7 292.1 278.7 200.3 454.3 341.5 199.6 427.4 228.2 352.0 537.5 213.6 474.8 267.6 291.5 329.2 264.1 265.3 368.7 556.9 382.7 450.2 285.8 278.4 370.4 438.7 433.1 142.3 292.2 240.8 146.0 408.7 172.5 212.0 245.3 192.1 413.5 238.0 417.4 430.0 470.0 339.3 443.8 201.1 313.1 117.3 250.3 250.2 473.4 393.4 287.8 228.0 459.1 361.5 404.2 208.8 314.8 255.4 224.3 101.0 512.6 298.0 235.6 380.3 222.5 324.2 298.5 250.8 504.9 152.0 471.9 91.9 363.5 529.8 288.7 362.9 219.6 329.7 450.4 436.5 212.0 322.3 196.4 465.4 504.4 155.9 432.2 514.4 159.1 258.6 45.5 449.3 351.7 294.8 129.0 470.4 409.1 255.4 45.5 267.2 271.9 476.5 232.5 455.7 234.2 278.3 412.9 280.8 16.2 278.1 401.0 172.1 229.5 429.7 170.4 114.0 338.2 201.0 273.1 265.5 253.5 291.9 243.0 242.9 366.4 302.2 291.5 0.0 281.4 465.5 217.6 118.6 268.6 457.1
3652.5 384.6 142.4 187.3 334.7 168.1 202.5 219.8 113.6 576.4 420.8 190.1 330.9 63.0 261.1 659.6 335.7 378.3 361.1 294.7 451.3 386.2 87.8 272.2 679.0 504.8 572.3 194.9 394.9 273.9 342.2 336.6 186.8 329.2 149.9 268.1 312.2 104.4 218.7 148.8 167.9 535.6 270.7 320.9 552.1 333.7 242.8 347.3 222.3 216.6 162.5 159.4 308.0 376.9 182.7 409.9 287.5 581.2 180.8 307.7 136.3 79.7 262.1 78.3 178.8 416.1 56.4 268.3 283.8 229.2 141.6 207.6 84.5 408.4 248.4 375.4 206.8 485.6 433.3 203.0 485.0 203.8 451.8 572.5 340.0 332.0 139.7 105.5 395.1 407.9 218.4 554.3 444.1 221.6 176.1 267.2 352.8 260.8 416.9 173.5 592.5 531.2 158.0 244.6 84.6 394.0 380.0 141.6 388.2 167.1 400.4 202.2 313.5 237.9 400.2 523.1 268.5 351.6 551.8 266.8 210.4 155.6 323.1 243.0 234.5 375.6 109.3 280.0 365.0 183.8 424.3 350.7 221.6 0.0 587.6 254.6 194.0 390.7 346.6
3090.1 795.6 553.4 413.2 314.0 469.6 606.6 668.3 526.3 11.7 305.3 434.9 741.9 554.2 613.5 70.9 273.3 782.2 275.0 630.0 259.2 215.5 591.3 683.2 167.3 213.2 280.7 555.6 321.4 684.9 713.7 747.3 420.0 630.7 549.3 342.7 723.2 498.5 388.7 559.8 432.2 178.2 635.9 731.9 260.5 789.6 653.8 758.3 599.0 627.6 464.0 539.5 357.2 705.4 691.3 496.6 384.9 289.6 689.4 718.7 534.8 623.3 428.4 549.3 480.3 759.9 624.0 633.5 694.8 378.8 650.2 557.0 565.3 787.9 549.9 786.4 400.2 327.8 651.8 543.2 294.2 617.5 377.1 215.1 751.0 368.9 648.3 504.9 785.0 809.8 519.9 262.7 834.0 523.1 513.1 477.1 763.8 556.0 400.7 441.0 235.1 272.3 653.3 437.8 593.2 214.1 702.3 541.0 775.3 632.1 302.3 710.8 669.3 524.1 486.9 185.4 570.0 406.4 211.6 568.3 511.9 664.2 377.9 630.0 638.7 226.8 617.9 581.5 451.7 692.4 453.8 298.9 561.1 590.4 0.0 556.1 426.9 294.0 776.7
3438.2 455.9 213.7 244.6 363.2 86.5 266.9 112.1 175.1 506.7 393.9 247.4 491.1 203.0 326.8 589.9 266.0 449.6 320.0 73.8 381.6 316.5 240.1 343.5 609.3 435.1 502.6 260.6 330.8 345.2 439.0 464.8 117.1 74.5 215.6 198.4 383.5 147.3 276.0 220.1 225.2 465.9 99.6 392.2 482.4 345.4 314.1 418.6 100.7 287.9 92.1 225.1 318.5 448.2 260.2 310.0 296.3 511.5 228.3 379.0 183.6 289.6 319.4 198.1 75.8 487.4 272.8 135.2 355.1 286.5 274.6 273.3 225.6 479.7 74.5 446.7 137.1 415.9 504.6 263.5 415.3 119.2 351.9 502.8 446.5 280.3 224.0 171.2 406.8 479.2 130.7 484.6 455.8 133.9 233.4 149.9 488.2 326.5 317.0 103.8 522.8 461.5 155.0 149.9 216.9 324.3 451.3 207.3 399.9 133.8 330.7 279.7 113.1 120.6 300.3 453.4 69.2 273.1 482.1 128.2 114.6 292.6 244.6 73.8 82.5 305.9 242.3 70.8 265.1 252.3 324.4 343.9 104.3 256.2 517.9 0.0 144.6 321.0 358.3
3489.9 399.4 157.2 89.8 223.0 74.4 210.4 273.1 131.1 413.8 309.1 72.2 345.7 159.0 186.5 497.0 173.1 393.1 249.4 234.8 288.7 223.6 196.1 287.0 516.4 342.2 409.7 128.6 283.2 288.7 357.0 351.4 24.8 235.5 153.1 105.5 327.0 103.3 107.0 163.6 77.9 373.0 240.7 335.7 389.5 388.3 257.6 362.1 203.8 231.4 68.8 112.5 196.3 391.7 296.1 247.3 190.0 418.6 294.2 322.5 139.6 227.1 150.4 154.1 85.1 430.9 228.8 238.3 298.6 117.5 255.0 210.8 169.1 423.2 154.7 390.2 44.2 323.0 448.1 116.2 322.4 222.3 289.2 409.9 354.8 234.5 253.1 108.7 383.7 422.7 124.7 391.7 432.7 127.9 86.1 121.3 367.6 264.0 254.3 45.8 429.9 368.6 258.1 82.0 198.0 231.4 394.8 144.8 374.0 236.9 237.8 315.6 274.1 168.3 237.6 360.5 174.8 189.0 389.2 173.1 116.7 269.0 160.5 234.8 243.5 213.0 222.7 186.3 202.4 297.2 261.7 239.0 127.9 194.2 425.0 160.9 0.0 228.1 375.4
3347.9 594.1 351.9 211.7 159.4 268.1 405.1 466.8 324.8 245.5 132.7 238.2 540.4 352.7 412.0 328.7 71.8 587.8 87.5 428.5 120.4 104.0 389.8 481.7 425.1 173.9 241.4 354.1 119.9 483.4 526.2 546.1 218.5 429.2 347.8 141.2 521.7 297.0 234.1 358.3 230.7 204.7 434.4 530.4 221.2 583.0 452.3 556.8 397.5 426.1 262.5 338.0 202.6 517.9 489.8 263.2 183.4 250.3 487.9 517.2 333.3 421.8 273.8 347.8 278.8 572.4 422.5 432.0 493.3 224.2 448.7 405.5 363.8 617.9 348.4 584.9 198.7 203.4 464.3 341.7 202.8 416.0 257.1 241.6 549.5 167.4 446.8 303.4 578.4 617.4 318.4 223.4 627.4 321.6 311.6 275.6 562.3 368.5 280.7 239.5 261.6 200.3 451.8 236.3 391.7 63.1 514.8 339.5 568.7 430.6 69.5 509.3 467.8 322.6 253.5 192.2 368.5 204.9 220.9 366.8 310.4 462.7 176.4 428.5 437.2 93.4 416.4 380.0 218.3 490.9 277.6 111.4 359.6 388.9 256.7 354.6 225.4 0.0 570.1
3710.9 141.0 208.1 351.6 499.0 331.3 218.2 341.0 336.7 739.6 585.1 354.4 174.5 298.9 433.8 822.8 498.9 134.7 525.4 402.6 614.5 549.4 323.7 154.2 842.2 668.0 735.5 367.6 559.2 155.9 80.6 106.4 350.0 401.1 322.6 431.3 179.6 267.6 383.0 201.7 332.2 698.8 413.8 101.8 715.3 12.8 108.1 103.7 460.7 134.3 325.7 332.1 472.3 244.3 277.9 573.1 451.8 744.4 276.0 189.7 299.5 344.4 426.4 356.9 342.0 283.5 269.5 495.2 151.2 393.5 418.6 380.3 243.3 164.8 411.6 131.8 370.0 648.8 295.5 370.5 648.2 395.1 615.0 735.7 129.9 496.3 230.7 278.2 48.4 164.3 381.6 717.5 97.4 384.8 340.4 430.4 171.6 433.5 580.1 336.7 755.7 694.4 349.3 407.8 291.2 557.2 247.4 314.3 41.5 441.8 563.6 297.4 441.9 401.1 563.4 686.3 431.7 514.8 715.0 430.0 373.6 303.4 486.3 384.3 375.8 538.8 386.3 443.2 528.2 259.0 587.5 515.0 384.8 311.5 750.8 417.8 358.3 553.9 0.0
