Name		1890_BED-Amazon_n173_m263_bt31
Number_of_Customers	173
Number_of_Items		263
Number_of_ItemTypes	31
Number_of_Vehicles	1
TimeWindows		0
Dist_type	manual

VEHICLE
Mass_Capacity	1208
CargoSpace_Length	174
CargoSpace_Width	97
CargoSpace_Height	105

CUSTOMERS
i	x	y	Demand	ReadyTime	DueDate	ServiceTime	DemandedMass	DemandedVolume
0	42.139891	-71.494346	0	0	0	0	0	0
1	42.353014	-71.240193	1	0	0	0	7.57	28120
2	42.35274	-71.232515	1	0	0	0	3.25	8120
3	42.349909	-71.200101	2	0	0	0	5.09	15984
4	42.34053	-71.210737	1	0	0	0	4.7	1380
5	42.338308	-71.209424	2	0	0	0	5.4	4020
6	42.351168	-71.236892	1	0	0	0	4.7	1380
7	42.352423	-71.245641	1	0	0	0	4.8	6200
8	42.349963	-71.206151	1	0	0	0	5.29	8075
9	42.352493	-71.237193	2	0	0	0	5.4	4020
10	42.347953	-71.20212	1	0	0	0	4.7	1380
11	42.344208	-71.203516	3	0	0	0	19.7	21658
12	42.351822	-71.199566	1	0	0	0	2.15	1080
13	42.347041	-71.212573	1	0	0	0	4.7	1380
14	42.338982	-71.21366	1	0	0	0	2.5	3978
15	42.343464	-71.204253	2	0	0	0	9.43	11380
16	42.348659	-71.203954	1	0	0	0	4.8	6200
17	42.347929	-71.207546	4	0	0	0	8.21	21864
18	42.349219	-71.204905	1	0	0	0	1.9	1176
19	42.34635	-71.202854	1	0	0	0	5.04	8112
20	42.344698	-71.21309	1	0	0	0	3.01	5544
21	42.346044	-71.224806	1	0	0	0	0.7	2640
22	42.348502	-71.216905	2	0	0	0	2.5	5160
23	42.35029	-71.202015	2	0	0	0	5.4	4020
24	42.352597	-71.250246	1	0	0	0	4.7	1380
25	42.352753	-71.246851	1	0	0	0	4.7	1380
26	42.34876	-71.241741	1	0	0	0	2.5	3978
27	42.351798	-71.245176	1	0	0	0	1.75	4608
28	42.347817	-71.242635	2	0	0	0	7.3	10178
29	42.347126	-71.217897	1	0	0	0	2.5	3978
30	42.339471	-71.209239	1	0	0	0	4.7	1380
31	42.351922	-71.230803	1	0	0	0	0.7	2640
32	42.3473	-71.201714	2	0	0	0	6.55	10808
33	42.33871	-71.21169	1	0	0	0	1.75	4608
34	42.348048	-71.202779	2	0	0	0	7.3	11780
35	42.350362	-71.237578	2	0	0	0	2.45	7248
36	42.345965	-71.201985	1	0	0	0	0.7	2640
37	42.350092	-71.228962	4	0	0	0	16.76	15172
38	42.350777	-71.20391	1	0	0	0	2.5	3978
39	42.350107	-71.211968	1	0	0	0	4.7	1380
40	42.341213	-71.210568	2	0	0	0	7.2	5358
41	42.353817	-71.239849	3	0	0	0	9.61	8100
42	42.342753	-71.207882	1	0	0	0	4.7	1380
43	42.341756	-71.201078	1	0	0	0	4.7	1380
44	42.350886	-71.243788	2	0	0	0	5.06	14600
45	42.353155	-71.234958	1	0	0	0	4.7	1380
46	42.340965	-71.210628	3	0	0	0	10.69	12095
47	42.342769	-71.204917	1	0	0	0	0.7	2640
48	42.350703	-71.241105	1	0	0	0	3.82	8580
49	42.349231	-71.240862	1	0	0	0	3.01	5544
50	42.350163	-71.245693	1	0	0	0	0.7	2640
51	42.340521	-71.207983	1	0	0	0	4.7	1380
52	42.350954	-71.240229	1	0	0	0	3.03	11628
53	42.339361	-71.20796	1	0	0	0	7.63	16848
54	42.353069	-71.231282	1	0	0	0	0.7	2640
55	42.352717	-71.235162	2	0	0	0	4.82	29060
56	42.351722	-71.24718	1	0	0	0	4.7	1380
57	42.349722	-71.23746	1	0	0	0	4.7	1380
58	42.349354	-71.204308	1	0	0	0	2.91	13520
59	42.349509	-71.235944	2	0	0	0	5.92	19064
60	42.347986	-71.203513	5	0	0	0	21.92	44716
61	42.348763	-71.23435	2	0	0	0	4.25	8586
62	42.35062	-71.247507	1	0	0	0	3.01	5544
63	42.348986	-71.246116	1	0	0	0	0.7	2640
64	42.350411	-71.240034	3	0	0	0	5.02	18588
65	42.347718	-71.208744	1	0	0	0	1.9	6496
66	42.34763	-71.2211	1	0	0	0	4.7	1380
67	42.350119	-71.209279	1	0	0	0	1.75	4608
68	42.349981	-71.206915	1	0	0	0	4.8	6200
69	42.352375	-71.248752	1	0	0	0	5.29	8075
70	42.3489	-71.238717	1	0	0	0	7.3	3640
71	42.349188	-71.217512	1	0	0	0	4.7	1380
72	42.349214	-71.203046	2	0	0	0	5.51	9522
73	42.350047	-71.198707	1	0	0	0	7.57	28120
74	42.352825	-71.251528	1	0	0	0	4.7	1380
75	42.34645	-71.213194	1	0	0	0	0.7	2640
76	42.353563	-71.246593	1	0	0	0	2.5	3978
77	42.349343	-71.210488	1	0	0	0	7.3	3640
78	42.350802	-71.20613	1	0	0	0	7.3	3640
79	42.353465	-71.231157	1	0	0	0	4.7	1380
80	42.350835	-71.227779	5	0	0	0	21.53	37655
81	42.341277	-71.207677	1	0	0	0	0.7	2640
82	42.348339	-71.217795	1	0	0	0	2.5	3978
83	42.348819	-71.211599	1	0	0	0	7.3	3640
84	42.347431	-71.210368	1	0	0	0	9.4	2760
85	42.344567	-71.202097	2	0	0	0	4.35	15008
86	42.349067	-71.210411	1	0	0	0	4.7	1380
87	42.350016	-71.204963	3	0	0	0	20.09	14855
88	42.34669	-71.210957	2	0	0	0	5.4	4020
89	42.348933	-71.246398	1	0	0	0	5.29	8075
90	42.347607	-71.209386	1	0	0	0	7.3	3640
91	42.351603	-71.236084	1	0	0	0	1.4	5280
92	42.346871	-71.21703	2	0	0	0	5.76	14616
93	42.347107	-71.208782	1	0	0	0	3.82	7600
94	42.350855	-71.202849	2	0	0	0	8.3	13619
95	42.353083	-71.236453	1	0	0	0	0.7	2640
96	42.351831	-71.229443	1	0	0	0	4.7	1380
97	42.342163	-71.202734	1	0	0	0	0.7	2640
98	42.34568	-71.198889	1	0	0	0	4.7	1380
99	42.352898	-71.231957	1	0	0	0	1.75	4608
100	42.346829	-71.202395	2	0	0	0	5.4	4020
101	42.349424	-71.241789	1	0	0	0	4.7	1380
102	42.34903	-71.236821	1	0	0	0	1.75	4608
103	42.35326	-71.232561	1	0	0	0	1.8	2520
104	42.349091	-71.235829	1	0	0	0	1.75	4608
105	42.345288	-71.220827	1	0	0	0	0.7	2640
106	42.348069	-71.237172	1	0	0	0	0.7	2640
107	42.352439	-71.239265	1	0	0	0	0.7	2640
108	42.352141	-71.201429	3	0	0	0	10.2	10220
109	42.352686	-71.202372	1	0	0	0	4.7	1380
110	42.349116	-71.237737	2	0	0	0	6.1	6660
111	42.346769	-71.218173	1	0	0	0	4.7	1380
112	42.348832	-71.199986	1	0	0	0	3.82	8580
113	42.351999	-71.240951	1	0	0	0	3.82	7600
114	42.349193	-71.216009	1	0	0	0	3.82	7600
115	42.349297	-71.20902	1	0	0	0	1.55	8704
116	42.34414	-71.205783	1	0	0	0	0.7	2640
117	42.341464	-71.20279	2	0	0	0	2.85	3720
118	42.349185	-71.205843	1	0	0	0	0.7	2640
119	42.339075	-71.210518	1	0	0	0	4.7	1380
120	42.34858	-71.216467	1	0	0	0	2.5	3978
121	42.348341	-71.219188	1	0	0	0	2.5	3978
122	42.350785	-71.204636	3	0	0	0	11.89	10631
123	42.350157	-71.238169	1	0	0	0	7.3	3640
124	42.347432	-71.221784	1	0	0	0	7.3	3640
125	42.346013	-71.212176	1	0	0	0	4.7	1380
126	42.343101	-71.202345	4	0	0	0	17.91	17144
127	42.345115	-71.212877	1	0	0	0	2.5	3978
128	42.34731	-71.206556	1	0	0	0	1.75	4608
129	42.352627	-71.244286	1	0	0	0	3.01	5544
130	42.352244	-71.230947	1	0	0	0	3.01	5544
131	42.339938	-71.212846	1	0	0	0	3.8	2352
132	42.350447	-71.227519	1	0	0	0	4.66	4350
133	42.343096	-71.199672	2	0	0	0	5.4	4020
134	42.341159	-71.212581	1	0	0	0	5.29	8075
135	42.34762	-71.212122	1	0	0	0	1.9	6496
136	42.3495	-71.200059	1	0	0	0	0.7	2640
137	42.351676	-71.246079	1	0	0	0	3.01	5544
138	42.345409	-71.219885	1	0	0	0	0.7	2640
139	42.343809	-71.208456	1	0	0	0	2.5	3978
140	42.350296	-71.201371	2	0	0	0	9.5	7580
141	42.350236	-71.246928	1	0	0	0	3.82	8580
142	42.353392	-71.249325	2	0	0	0	10.8	12856
143	42.349327	-71.247338	1	0	0	0	5.29	8075
144	42.34837	-71.213461	1	0	0	0	7.3	3640
145	42.350796	-71.205679	1	0	0	0	1.75	4608
146	42.348441	-71.205785	3	0	0	0	10.2	10220
147	42.350228	-71.234327	1	0	0	0	0.7	2640
148	42.349221	-71.232518	1	0	0	0	4.7	1380
149	42.349115	-71.210063	1	0	0	0	0.7	2640
150	42.351045	-71.245523	3	0	0	0	13.0	14236
151	42.349403	-71.203443	2	0	0	0	6.85	2460
152	42.34765	-71.218152	2	0	0	0	6.8	9300
153	42.350068	-71.241285	1	0	0	0	4.7	1380
154	42.346896	-71.222389	3	0	0	0	19.57	41280
155	42.342041	-71.207582	2	0	0	0	5.44	18882
156	42.346712	-71.199246	1	0	0	0	5.29	8075
157	42.344785	-71.211155	1	0	0	0	4.7	1380
158	42.351458	-71.200541	1	0	0	0	0.7	2640
159	42.347456	-71.222849	1	0	0	0	4.7	1380
160	42.348878	-71.201144	1	0	0	0	4.7	1380
161	42.343252	-71.21141	4	0	0	0	22.79	48591
162	42.339891	-71.205076	1	0	0	0	4.7	1380
163	42.350294	-71.210481	1	0	0	0	1.75	4608
164	42.351981	-71.198525	1	0	0	0	2.5	3978
165	42.351561	-71.203307	2	0	0	0	9.05	8248
166	42.343874	-71.209116	1	0	0	0	2.6	10400
167	42.345845	-71.200669	1	0	0	0	5.29	8075
168	42.35014	-71.200564	2	0	0	0	2.25	11344
169	42.353283	-71.236437	2	0	0	0	5.4	4020
170	42.352844	-71.245392	1	0	0	0	4.73	10000
171	42.349859	-71.243304	2	0	0	0	9.05	8248
172	42.347452	-71.199563	3	0	0	0	7.9	7998
173	42.353307	-71.248401	2	0	0	0	5.4	4020

ITEMS
Type	Length	Width	Height	Mass	Fragility	LoadBearingStrength
Bt1	18	12	5	2.15	1	0
Bt2	21	14	4	1.9	1	0
Bt3	23	15	4	4.7	1	0
Bt4	20	18	7	1.8	1	0
Bt5	15	11	16	0.7	1	0
Bt6	20	14	13	7.3	1	0
Bt7	17	13	18	2.5	1	0
Bt8	29	15	10	4.66	1	0
Bt9	24	12	16	1.75	1	0
Bt10	28	22	9	3.01	1	0
Bt11	31	20	10	4.8	1	0
Bt12	29	16	14	1.9	1	0
Bt13	40	19	10	3.82	1	0
Bt14	25	19	17	5.29	1	0
Bt15	39	26	8	5.04	1	0
Bt16	29	20	14	3.25	1	0
Bt17	22	15	26	3.816	1	0
Bt18	34	16	16	1.55	1	0
Bt19	28	18	18	2.75	1	0
Bt20	50	20	10	4.73	1	0
Bt21	40	20	13	2.6	1	0
Bt22	42	18	15	2.57	1	0
Bt23	34	18	19	3.03	1	0
Bt24	26	20	26	2.91	1	0
Bt25	27	23	24	2.94	1	0
Bt26	39	27	16	7.63	1	0
Bt27	57	15	20	3.44	1	0
Bt28	47	33	13	9.57	1	0
Bt29	40	33	17	6.77	1	0
Bt30	41	20	29	3.42	1	0
Bt31	38	37	20	7.568	1	0

DEMANDS PER CUSTOMER
i	Type Quantity
1	Bt31 1	
2	Bt16 1	
3	Bt25 1	Bt1 1	
4	Bt3 1	
5	Bt3 1	Bt5 1	
6	Bt3 1	
7	Bt11 1	
8	Bt14 1	
9	Bt3 1	Bt5 1	
10	Bt3 1	
11	Bt7 1	Bt6 2	Bt21 1	
12	Bt1 1	
13	Bt3 1	
14	Bt7 1	
15	Bt3 1	Bt20 1	
16	Bt11 1	
17	Bt10 1	Bt5 1	Bt19 1	Bt9 1	
18	Bt2 1	
19	Bt15 1	
20	Bt10 1	
21	Bt5 1	
22	Bt5 1	Bt4 1	
23	Bt3 1	Bt5 1	
24	Bt3 1	
25	Bt3 1	
26	Bt7 1	
27	Bt9 1	
28	Bt7 1	Bt11 1	
29	Bt7 1	
30	Bt3 1	
31	Bt5 1	
32	Bt9 1	Bt11 1	
33	Bt9 1	
34	Bt21 1	Bt3 1	
35	Bt9 1	Bt5 1	
36	Bt5 1	
37	Bt3 1	Bt9 1	Bt6 1	Bt10 1	
38	Bt7 1	
39	Bt3 1	
40	Bt3 1	Bt7 1	
41	Bt3 1	Bt10 1	Bt2 1	
42	Bt3 1	
43	Bt3 1	
44	Bt1 1	Bt24 1	
45	Bt3 1	
46	Bt14 1	Bt3 1	Bt5 1	
47	Bt5 1	
48	Bt17 1	
49	Bt10 1	
50	Bt5 1	
51	Bt3 1	
52	Bt23 1	
53	Bt26 1	
54	Bt5 1	
55	Bt30 1	Bt5 2	
56	Bt3 1	
57	Bt3 1	
58	Bt24 1	
59	Bt24 1	Bt10 1	
60	Bt4 1	Bt26 1	Bt9 1	Bt27 1	Bt6 1	
61	Bt7 1	Bt9 1	
62	Bt10 1	
63	Bt5 1	
64	Bt22 1	Bt5 1	Bt9 1	
65	Bt12 1	
66	Bt3 1	
67	Bt9 1	
68	Bt11 1	
69	Bt14 1	
70	Bt6 1	
71	Bt3 1	
72	Bt10 1	Bt7 1	
73	Bt31 1	
74	Bt3 1	
75	Bt5 1	
76	Bt7 1	
77	Bt6 1	
78	Bt6 1	
79	Bt3 1	
80	Bt14 1	Bt5 1	Bt6 1	Bt27 1	Bt11 1	
81	Bt5 1	
82	Bt7 1	
83	Bt6 1	
84	Bt3 2	
85	Bt21 1	Bt9 1	
86	Bt3 1	
87	Bt3 3	Bt14 1	Bt5 1	
88	Bt3 1	Bt5 1	
89	Bt14 1	
90	Bt6 1	
91	Bt5 2	
92	Bt19 1	Bt10 1	
93	Bt13 1	
94	Bt14 1	Bt10 1	
95	Bt5 1	
96	Bt3 1	
97	Bt5 1	
98	Bt3 1	
99	Bt9 1	
100	Bt5 1	Bt3 1	
101	Bt3 1	
102	Bt9 1	
103	Bt4 1	
104	Bt9 1	
105	Bt5 1	
106	Bt5 1	
107	Bt5 1	
108	Bt5 1	Bt11 1	Bt3 1	
109	Bt3 1	
110	Bt3 1	Bt5 2	
111	Bt3 1	
112	Bt17 1	
113	Bt13 1	
114	Bt13 1	
115	Bt18 1	
116	Bt5 1	
117	Bt5 1	Bt1 1	
118	Bt5 1	
119	Bt3 1	
120	Bt7 1	
121	Bt7 1	
122	Bt3 1	Bt2 1	Bt14 1	
123	Bt6 1	
124	Bt6 1	
125	Bt3 1	
126	Bt5 1	Bt11 1	Bt10 1	Bt3 2	
127	Bt7 1	
128	Bt9 1	
129	Bt10 1	
130	Bt10 1	
131	Bt2 2	
132	Bt8 1	
133	Bt3 1	Bt5 1	
134	Bt14 1	
135	Bt12 1	
136	Bt5 1	
137	Bt10 1	
138	Bt5 1	
139	Bt7 1	
140	Bt3 1	Bt11 1	
141	Bt17 1	
142	Bt6 1	Bt9 2	
143	Bt14 1	
144	Bt6 1	
145	Bt9 1	
146	Bt3 1	Bt11 1	Bt5 1	
147	Bt5 1	
148	Bt3 1	
149	Bt5 1	
150	Bt5 1	Bt7 2	Bt6 1	
151	Bt1 1	Bt3 1	
152	Bt3 1	Bt5 3	
153	Bt3 1	
154	Bt3 2	Bt31 1	Bt21 1	
155	Bt25 1	Bt7 1	
156	Bt14 1	
157	Bt3 1	
158	Bt5 1	
159	Bt3 1	
160	Bt3 1	
161	Bt9 1	Bt28 1	Bt29 1	Bt3 1	
162	Bt3 1	
163	Bt9 1	
164	Bt7 1	
165	Bt6 1	Bt9 1	
166	Bt21 1	
167	Bt14 1	
168	Bt5 1	Bt18 1	
169	Bt5 1	Bt3 1	
170	Bt20 1	
171	Bt9 1	Bt6 1	
172	Bt3 1	Bt7 1	Bt5 1	
173	Bt5 1	Bt3 1	

DISTANCE MATRIX
0.0 2603.2 2615.0 2759.4 2844.3 2815.0 2605.7 2477.7 2806.1 2593.8 2775.9 2875.1 2670.4 2952.6 2790.3 2832.6 2833.8 2847.0 2812.4 2814.5 2938.2 2827.8 2908.9 2742.8 2498.0 2526.5 2481.4 2488.8 2472.6 2955.9 2931.7 2660.6 2817.4 2792.7 2759.2 2577.5 2845.2 2626.9 2723.4 2910.0 2855.9 2639.8 2932.3 2769.6 2528.7 2632.1 2851.7 2807.9 2544.5 2512.9 2462.8 2880.0 2575.2 2856.6 2663.9 2587.8 2506.3 2559.3 2795.3 2573.4 2767.5 2556.0 2514.3 2438.8 2529.2 2862.1 2859.9 2859.3 2827.0 2466.3 2510.4 2846.8 2827.9 2809.3 2547.0 2957.5 2531.1 2905.5 2747.6 2682.0 2674.7 2876.8 2915.6 2927.3 2886.4 2893.4 2882.1 2782.6 2887.8 2436.3 2869.3 2649.0 2934.6 2891.5 2713.1 2609.1 2674.9 2786.8 2786.1 2638.7 2807.2 2518.3 2529.7 2645.7 2562.4 2854.8 2554.0 2600.8 2711.7 2712.9 2516.8 2959.9 2736.7 2625.9 2869.5 2867.1 2839.9 2813.9 2823.5 2819.3 2900.0 2868.5 2730.3 2560.4 2848.0 2915.2 2837.5 2907.1 2832.3 2517.5 2656.7 2807.9 2645.2 2833.9 2848.8 2984.4 2750.8 2468.1 2864.2 2884.5 2732.7 2450.3 2532.6 2436.0 2952.0 2740.3 2855.8 2606.7 2577.0 2877.1 2481.5 2782.4 2919.3 2532.1 2824.0 2943.6 2789.4 2861.5 2682.3 2812.1 2758.1 2844.6 2853.6 2847.1 2679.2 2754.8 2893.9 2813.9 2763.9 2617.1 2483.0 2489.1 2763.5 2482.4
2918.1 0.0 138.0 660.3 639.8 610.5 197.0 115.4 579.2 197.1 688.8 682.9 630.6 535.1 528.7 694.9 642.8 571.5 604.1 679.3 553.7 405.7 486.8 619.4 257.1 202.5 160.2 93.4 186.3 509.2 773.9 160.2 712.3 571.7 672.1 190.8 740.1 218.7 618.0 487.9 651.4 36.5 743.9 718.5 80.4 188.8 647.2 680.2 83.5 137.5 130.5 727.3 166.5 728.6 163.5 164.4 192.4 212.3 671.9 248.8 634.6 247.8 171.0 186.0 120.5 554.5 437.8 526.2 540.7 224.0 181.3 424.7 636.9 686.7 306.1 527.3 186.7 483.4 548.3 181.6 257.4 688.4 493.5 505.2 533.8 701.2 504.8 659.2 520.8 193.9 547.3 240.3 504.4 568.6 607.7 194.6 174.5 701.5 761.1 126.8 702.1 134.7 200.6 117.9 260.3 424.6 224.9 192.1 592.5 543.4 187.7 516.1 683.0 73.9 447.4 541.2 638.4 728.6 592.5 614.8 477.9 446.4 567.9 172.5 425.9 567.6 743.5 574.3 597.7 155.2 156.3 546.3 235.0 886.9 587.2 562.3 668.9 124.1 434.0 679.7 609.3 173.0 243.2 157.4 529.9 556.1 609.8 280.0 227.0 509.1 167.6 659.0 497.2 111.7 401.9 755.2 750.4 545.6 617.5 390.0 634.9 563.1 666.4 491.0 652.5 600.8 689.1 708.8 640.5 202.6 120.7 128.6 724.5 206.5
2982.4 152.1 0.0 545.6 525.1 495.8 115.1 206.0 464.5 59.0 574.1 568.2 515.9 420.4 414.0 580.2 528.1 456.8 489.4 564.6 439.0 291.0 372.1 504.7 312.3 267.8 150.2 184.0 176.3 394.5 659.2 45.5 597.6 457.0 557.4 108.9 625.4 104.0 503.3 373.2 536.7 156.1 629.2 603.8 160.2 50.7 532.5 565.5 113.4 127.5 154.8 612.6 117.1 613.9 48.8 26.3 247.6 150.8 557.2 172.2 519.9 133.1 226.2 206.5 86.4 439.8 323.1 411.5 426.0 298.6 154.8 310.0 522.2 572.0 361.3 412.6 277.3 368.7 433.6 66.9 142.7 573.7 378.8 390.5 419.1 586.5 390.1 544.5 406.1 214.4 432.6 158.4 389.7 453.9 493.0 56.5 59.8 586.8 646.4 23.6 587.4 132.3 159.4 30.6 161.2 309.9 196.4 99.6 477.8 428.7 147.6 401.4 568.3 210.6 332.7 426.5 523.7 613.9 477.8 500.1 363.2 331.7 453.2 111.0 311.2 452.9 628.8 459.6 483.0 245.8 41.6 431.6 120.3 772.2 472.5 447.6 554.2 215.1 319.3 565.0 494.6 197.3 333.8 212.6 415.2 441.4 495.1 165.3 112.3 394.4 191.9 544.3 382.5 109.3 287.2 640.5 635.7 430.9 502.8 275.3 520.2 448.4 551.7 376.3 537.8 486.1 574.4 594.1 525.8 64.5 211.3 126.2 609.8 297.1
3201.0 635.7 526.9 0.0 312.0 286.4 664.8 756.5 136.2 586.0 94.5 234.8 102.4 236.9 380.0 306.9 150.5 164.3 129.1 133.1 300.1 445.0 364.1 72.9 852.3 793.2 606.8 734.5 670.1 316.5 327.1 498.1 150.6 339.1 76.5 617.0 163.8 487.7 109.8 263.0 293.0 637.9 297.1 244.6 713.7 577.7 304.6 282.9 663.9 610.4 698.1 280.5 644.1 281.8 518.5 553.3 773.0 597.5 112.0 567.1 84.8 532.0 751.6 664.1 641.0 180.7 399.1 255.0 157.1 820.6 575.2 311.3 144.6 49.8 901.3 269.0 760.8 248.9 134.0 536.6 457.0 241.6 351.8 264.2 203.7 253.1 245.5 112.7 238.6 672.0 187.9 708.1 308.6 210.1 101.7 583.5 494.1 261.8 125.5 507.2 122.4 632.2 555.0 514.2 556.8 331.9 592.0 626.6 104.2 125.5 564.5 320.5 22.7 709.7 320.6 230.5 191.6 288.9 140.2 316.1 345.0 375.7 116.7 598.6 394.7 287.4 310.0 294.1 150.9 796.3 502.2 346.9 473.9 307.6 389.1 321.3 8.6 746.9 322.5 232.9 63.6 729.1 884.6 714.8 288.9 126.7 173.1 560.9 507.9 240.5 736.5 99.1 326.3 659.8 370.5 307.1 90.0 265.4 89.3 385.2 75.0 281.6 328.6 242.8 124.3 123.2 242.3 132.5 33.7 589.1 761.8 672.7 64.1 853.2
3221.6 647.6 541.8 306.4 0.0 63.3 626.7 561.1 245.1 614.8 238.2 158.8 337.6 182.0 134.2 170.8 275.9 198.4 237.2 226.0 144.6 326.4 319.9 325.7 637.5 597.8 534.0 572.2 462.0 271.0 87.3 465.2 293.1 90.4 219.2 602.2 238.1 454.8 285.2 217.0 11.5 684.2 107.6 168.6 612.1 580.2 7.3 130.3 573.1 519.6 546.2 73.5 609.4 101.1 521.0 608.8 577.6 584.0 345.3 534.9 210.9 495.8 556.2 522.2 550.2 181.4 353.6 235.3 219.4 605.8 535.1 265.3 270.0 353.7 686.5 175.7 613.6 176.0 257.3 539.1 440.9 60.3 306.3 199.7 160.7 177.1 179.3 280.4 140.1 519.7 174.2 670.0 249.7 195.5 297.5 630.1 461.9 151.6 341.3 509.7 247.4 559.4 554.4 516.7 523.9 273.4 578.7 621.8 360.8 311.7 541.5 275.0 283.7 670.3 280.8 215.7 121.6 178.7 225.6 24.9 296.5 330.2 276.9 585.1 331.0 156.1 210.8 161.7 163.6 600.9 469.3 151.8 441.7 238.2 192.7 256.8 297.8 551.5 258.8 166.2 297.0 533.7 672.1 519.4 224.4 265.1 217.5 528.0 475.0 183.6 564.9 332.4 282.1 569.0 308.1 121.4 316.4 113.8 324.5 325.2 271.2 125.3 176.8 200.1 359.5 369.1 175.6 274.3 307.5 638.1 566.4 572.5 290.5 621.9
3202.3 628.3 522.5 288.0 53.3 0.0 607.4 541.8 228.0 595.5 221.1 141.7 320.5 208.1 114.9 153.7 258.8 224.5 220.1 208.9 198.0 307.1 331.5 308.6 618.2 578.5 514.7 552.9 442.7 287.7 140.7 445.9 290.6 71.1 202.1 582.9 221.0 435.5 268.1 243.1 64.9 664.9 124.4 151.5 592.8 560.9 60.7 113.2 553.8 500.3 526.9 64.9 590.1 41.5 501.7 589.5 558.3 564.7 328.2 514.9 193.8 476.5 536.9 502.9 530.9 207.5 333.4 261.4 202.3 586.5 515.8 291.4 252.9 336.6 667.2 229.1 594.3 202.1 240.2 519.8 421.6 92.6 323.0 225.8 186.8 160.0 205.4 263.3 168.8 500.4 200.3 650.7 266.4 221.6 280.4 610.8 442.6 134.5 324.2 490.4 233.7 540.1 535.1 497.4 504.6 257.7 559.4 602.5 386.9 337.8 525.6 291.7 266.6 651.0 306.9 241.8 104.5 161.6 208.5 28.3 322.6 346.9 259.8 565.8 321.5 193.6 192.5 185.5 146.5 581.6 450.0 132.5 422.4 221.1 173.4 282.9 280.7 532.2 249.3 149.1 305.9 514.4 650.5 500.1 250.5 248.0 200.4 508.7 455.7 209.7 545.6 315.3 298.8 549.7 298.6 135.7 299.3 139.9 307.4 305.9 254.1 123.0 159.7 226.2 342.4 317.0 158.5 257.2 290.4 616.4 547.1 553.2 273.4 602.6
2979.6 185.1 101.6 647.3 626.8 597.5 0.0 203.2 566.2 80.4 675.8 669.9 617.6 522.1 515.7 681.9 629.8 558.5 591.1 666.3 540.7 392.7 473.8 606.4 309.5 265.0 151.9 181.2 173.5 496.2 760.9 147.2 699.3 558.7 659.1 49.0 727.1 205.7 605.0 474.9 638.4 221.7 730.9 705.5 157.4 118.7 634.2 667.2 110.6 124.7 152.0 714.3 114.3 715.6 150.5 74.4 244.8 116.3 658.9 152.8 621.6 159.3 223.4 209.2 83.6 541.5 424.8 513.2 527.7 295.8 120.3 411.7 623.9 673.7 358.5 514.3 274.5 470.4 535.3 168.6 244.4 675.4 480.5 492.2 520.8 688.2 491.8 646.2 507.8 217.1 534.3 43.2 491.4 555.6 594.7 95.7 161.5 688.5 748.1 125.3 689.1 129.5 133.0 132.3 164.3 411.6 157.3 96.8 579.5 530.4 113.1 503.1 670.0 207.8 434.4 528.2 625.4 715.6 579.5 601.8 464.9 433.4 554.9 76.5 412.9 554.6 730.5 561.3 584.7 243.0 143.3 533.3 222.0 873.9 574.2 549.3 655.9 212.3 421.0 666.7 596.3 194.5 331.0 259.9 516.9 543.1 596.8 235.0 182.0 496.1 189.1 646.0 484.2 106.5 388.9 742.2 737.4 532.6 604.5 377.0 621.9 550.1 653.4 478.0 639.5 587.8 676.1 695.8 627.5 103.7 208.5 123.4 711.5 294.3
2802.9 145.7 212.9 735.2 602.0 572.7 202.3 0.0 654.1 190.4 763.7 692.3 705.5 610.0 548.0 704.3 717.7 646.4 679.0 754.2 628.6 480.6 561.7 694.3 141.9 97.4 123.4 31.3 175.4 584.1 689.4 235.1 787.2 550.4 747.0 196.1 815.0 293.6 692.9 562.8 613.6 182.3 697.2 700.2 71.2 263.7 609.4 663.8 111.9 142.8 59.4 637.7 171.8 614.3 238.4 184.4 77.2 201.3 746.8 215.4 709.5 198.0 55.8 80.8 125.8 629.4 512.7 601.1 615.6 128.2 152.4 499.6 711.8 761.6 190.9 602.2 113.2 558.3 623.2 256.5 332.3 662.4 568.4 580.1 608.7 710.6 579.7 734.1 595.7 78.3 622.2 245.6 579.3 643.5 682.6 205.7 249.4 683.2 836.0 201.7 777.0 114.9 171.7 192.8 204.4 499.5 196.0 197.4 667.4 618.3 158.8 591.0 757.9 168.4 522.3 616.1 655.1 697.3 667.4 577.0 552.8 521.3 642.8 177.8 500.8 642.5 712.6 649.2 672.6 39.7 231.2 565.6 309.9 769.8 606.5 637.2 743.8 8.9 508.9 754.6 684.2 26.6 127.7 42.2 604.8 631.0 684.7 248.7 219.0 584.0 41.3 733.9 572.1 119.3 476.8 708.5 825.3 620.5 692.4 464.9 709.8 638.0 628.6 565.9 727.4 675.7 764.0 783.7 715.4 213.7 5.2 85.7 799.4 91.0
3204.0 532.8 424.0 144.3 246.1 221.8 561.9 653.6 0.0 483.1 172.8 170.2 139.0 151.7 284.5 182.2 194.4 80.4 173.0 217.5 214.9 319.5 217.6 80.5 749.4 690.3 503.9 631.6 573.9 221.3 261.2 395.2 196.3 251.1 156.1 512.8 224.1 384.8 86.6 126.7 234.5 536.8 231.2 205.8 607.8 474.8 238.7 167.5 561.0 507.5 595.2 214.6 541.2 215.9 415.6 450.4 670.1 494.6 155.9 464.9 164.4 425.8 648.7 561.2 538.1 95.5 285.2 118.7 20.8 717.7 472.3 175.0 188.5 170.7 798.4 183.8 657.9 122.2 58.7 433.7 352.8 175.7 235.7 127.9 119.8 188.5 109.2 35.2 155.4 569.1 102.7 605.2 210.0 124.9 98.9 480.6 391.2 188.8 245.1 404.3 186.1 529.3 452.1 411.3 453.9 246.7 489.1 523.7 153.4 114.4 465.1 225.3 167.0 606.8 184.3 94.2 125.7 215.9 79.8 250.2 208.7 226.4 78.3 495.7 280.3 202.2 230.8 208.9 85.0 693.4 399.3 263.0 371.0 275.4 303.9 185.0 152.9 644.0 237.3 167.0 93.3 626.2 784.0 611.9 152.6 66.5 97.1 458.0 405.0 104.2 632.3 143.0 231.2 556.9 256.3 242.5 234.4 180.2 125.9 244.4 118.9 197.7 232.3 106.5 160.9 135.5 176.4 192.8 124.5 488.6 658.9 568.5 208.5 733.8
2949.5 155.0 67.3 613.0 592.5 563.2 82.2 173.1 531.9 0.0 641.5 635.6 583.3 487.8 481.4 648.3 595.5 524.2 556.8 632.0 506.4 358.4 439.5 572.1 279.4 234.9 117.3 151.1 150.1 461.9 726.6 112.9 665.0 524.4 624.8 76.0 692.8 171.4 570.7 440.6 692.5 189.8 696.6 671.2 130.3 84.4 599.9 632.9 80.5 94.6 121.9 680.0 84.2 681.3 116.2 40.1 214.7 117.9 624.6 154.4 587.3 168.5 193.3 173.6 53.5 507.2 390.5 478.9 493.4 265.7 121.9 377.4 589.6 639.4 328.4 480.0 244.4 436.1 501.0 134.3 210.1 641.1 446.2 457.9 486.5 653.9 457.5 611.9 473.5 181.5 500.0 125.5 457.1 521.3 560.4 61.4 127.2 654.2 713.8 91.0 651.4 99.4 134.6 98.0 165.9 377.3 158.9 66.7 545.2 496.1 125.1 468.8 635.7 177.7 400.1 493.9 591.1 681.3 545.2 567.5 430.6 399.1 520.6 78.1 378.6 520.3 695.0 527.0 550.4 212.9 109.0 499.0 187.7 839.6 539.9 515.0 621.6 182.2 386.7 632.4 562.0 164.4 298.6 179.7 482.6 508.8 562.5 200.7 147.7 461.8 159.0 611.7 449.9 76.4 354.6 707.9 703.1 498.3 570.2 342.7 587.6 515.8 619.1 443.7 605.2 553.5 641.8 661.5 593.2 67.0 178.4 93.3 677.2 264.2
3236.8 640.9 532.1 95.3 264.6 240.3 670.0 759.5 154.6 591.2 0.0 188.7 138.2 189.5 332.6 304.9 130.5 118.2 105.1 85.7 252.7 397.6 318.0 108.7 835.9 796.2 612.0 739.7 660.4 269.1 279.7 503.3 99.4 291.7 30.4 620.9 127.2 492.9 145.6 234.8 253.0 644.9 249.7 241.9 715.9 582.9 257.2 280.2 669.1 615.6 703.3 233.1 649.3 234.4 523.7 558.5 776.0 602.7 134.2 573.0 38.7 533.9 754.6 669.3 646.2 133.3 351.7 226.8 128.9 804.2 580.4 283.1 124.6 142.6 884.9 221.6 766.0 201.5 166.8 541.8 460.9 194.2 304.4 217.9 157.6 207.0 199.2 148.5 193.2 677.2 140.5 713.3 247.8 162.7 135.3 588.7 499.3 259.1 130.2 512.4 89.2 637.4 560.2 519.4 562.0 284.5 597.2 631.8 138.7 161.3 573.2 273.1 72.6 714.9 299.0 184.2 144.2 286.2 116.2 268.7 314.7 328.3 152.5 603.8 347.3 240.0 309.8 246.7 103.5 799.3 507.4 300.8 479.1 306.2 341.7 275.0 86.7 749.9 275.1 185.5 85.9 732.1 870.5 717.8 242.6 174.6 127.0 566.1 513.1 194.2 763.3 121.3 280.2 665.0 324.4 261.0 105.3 218.0 125.1 337.8 60.1 235.5 325.9 214.6 160.1 159.0 194.9 95.9 96.4 596.7 764.8 676.6 79.4 820.3
3315.4 644.2 535.4 217.9 167.5 143.2 673.3 662.4 157.9 594.5 151.0 0.0 250.4 192.8 235.5 42.4 188.7 121.5 150.0 138.8 172.5 387.6 321.3 238.5 738.8 699.1 615.3 673.5 563.3 272.4 182.6 506.6 220.5 194.6 132.0 624.2 150.9 496.2 198.0 238.1 155.9 648.2 152.6 115.4 713.4 586.2 160.1 77.1 674.4 620.9 647.5 136.0 710.7 137.3 527.0 561.8 678.9 606.0 258.1 576.3 123.7 537.2 657.5 623.5 651.5 136.6 355.0 230.1 132.2 707.1 583.7 286.4 182.8 266.5 787.8 203.6 714.9 203.9 170.1 545.1 464.2 97.1 307.7 221.2 160.9 18.2 202.5 193.2 168.0 621.0 143.8 716.6 264.5 166.0 210.3 592.0 502.6 98.4 254.1 515.7 160.2 640.7 563.5 522.7 565.3 287.8 600.5 635.1 274.9 225.8 573.0 276.4 196.5 718.2 302.3 187.5 47.1 125.5 138.4 171.6 318.0 331.6 189.7 607.1 350.6 184.0 89.8 189.6 76.4 702.2 510.7 218.5 482.4 123.7 259.4 278.3 210.6 652.8 278.4 88.4 209.8 635.0 771.1 620.7 245.9 177.9 130.3 569.4 516.4 197.5 666.2 245.2 283.5 670.3 327.7 163.9 229.2 141.7 237.3 341.1 184.0 153.2 137.5 217.9 272.3 246.9 97.8 187.1 220.3 600.0 667.7 673.8 203.3 723.2
3092.6 583.7 474.9 113.2 348.5 324.2 612.8 704.5 135.6 534.0 141.7 272.6 0.0 254.1 376.8 284.6 163.3 182.8 141.9 186.4 317.3 389.6 287.7 72.3 800.3 741.2 554.8 682.5 624.8 323.7 363.6 446.1 165.2 343.4 125.0 563.7 193.0 435.7 52.9 196.8 336.9 587.7 333.6 313.8 658.7 525.7 341.1 269.9 611.9 558.4 646.1 317.0 592.1 318.3 466.5 501.3 721.0 545.5 124.8 515.8 133.3 476.7 699.6 612.1 589.0 197.9 355.3 188.8 156.5 768.6 523.2 245.1 157.4 139.6 849.3 286.2 708.8 224.6 77.1 484.6 403.7 278.1 305.8 230.3 222.2 290.9 211.6 112.1 247.7 620.0 205.1 656.1 312.4 227.3 42.6 531.5 442.1 331.0 202.1 455.2 155.0 580.2 503.0 462.2 504.8 349.1 540.0 574.6 41.2 86.6 516.0 327.7 135.9 657.7 254.4 196.6 228.1 358.1 153.0 352.6 278.8 296.5 59.8 546.6 350.4 294.5 381.7 301.2 187.4 744.3 450.2 355.3 421.9 378.1 396.2 287.4 121.8 694.9 339.7 269.4 62.2 677.1 834.9 662.8 255.0 69.8 221.6 508.9 455.9 206.6 683.2 111.9 333.6 607.8 326.4 344.9 203.3 272.5 11.8 314.5 87.8 290.0 334.7 176.6 21.8 84.3 278.8 161.7 93.4 539.5 709.8 619.4 177.4 784.7
3304.6 502.5 393.7 242.7 271.4 247.1 531.6 644.1 162.1 452.8 174.5 195.5 254.6 0.0 168.3 207.5 192.9 71.9 154.2 191.9 63.1 208.0 128.4 242.7 720.5 680.8 473.6 655.2 545.0 79.5 286.5 364.9 246.8 134.9 155.5 482.5 235.1 354.5 202.2 108.5 259.8 506.5 256.5 231.1 577.5 444.5 264.0 192.8 530.7 477.2 629.2 239.9 510.9 241.2 385.3 420.1 660.6 464.3 295.8 434.6 147.2 395.5 639.2 530.9 507.8 54.9 162.1 126.8 136.4 688.8 442.0 174.2 187.0 304.2 769.5 32.0 696.6 67.5 174.3 403.4 322.5 201.0 114.8 91.2 34.2 213.8 70.8 197.4 39.2 538.8 47.7 574.9 58.2 69.0 214.5 450.3 360.9 214.1 277.6 374.0 206.2 499.0 421.8 381.0 423.6 94.9 458.8 493.4 252.3 203.2 434.8 83.5 220.0 576.5 135.8 107.2 151.0 241.2 142.6 275.5 135.1 138.7 193.9 465.4 157.7 86.0 256.1 73.9 110.3 683.9 369.0 146.8 340.7 300.7 187.7 158.0 234.1 634.5 85.5 192.3 269.1 616.7 755.1 602.4 114.3 182.1 134.5 427.7 374.7 75.1 647.9 282.9 90.6 526.6 134.8 267.8 252.7 64.0 241.5 148.2 207.5 81.5 257.6 91.6 276.5 260.6 201.7 243.3 258.0 458.3 649.4 538.2 226.8 704.9
3185.4 544.9 448.5 419.6 186.2 156.9 538.6 524.9 279.6 495.2 292.0 276.5 389.9 173.0 0.0 288.5 310.4 189.4 271.7 309.4 153.6 233.1 291.4 378.7 601.3 561.6 480.6 536.0 425.8 242.5 273.6 371.9 364.3 58.9 273.0 489.5 352.6 361.5 318.9 208.0 197.8 548.9 281.4 284.4 575.9 486.9 193.6 248.0 536.9 483.4 510.0 221.9 573.2 198.5 427.7 462.5 541.4 471.3 431.2 441.6 264.7 402.5 520.0 486.0 514.0 172.4 259.4 226.3 272.6 569.6 449.0 266.6 304.5 446.0 650.3 182.5 577.4 167.0 291.0 445.8 347.6 246.6 277.8 190.7 151.7 294.8 170.3 314.9 131.1 483.5 165.2 581.9 221.2 186.5 367.0 492.7 368.6 267.4 395.1 416.4 323.7 506.0 428.8 423.4 430.6 183.7 465.8 535.8 351.8 302.7 441.8 246.5 337.5 634.1 289.3 206.7 256.4 281.5 260.1 161.2 298.1 288.3 310.6 472.4 247.5 158.5 296.8 150.4 227.8 564.7 376.0 17.5 348.4 354.0 58.4 247.8 351.6 515.3 175.3 297.7 368.6 497.5 635.9 483.2 215.4 298.8 252.0 434.7 381.7 174.6 528.7 418.3 253.6 532.8 224.6 292.7 370.2 104.8 376.8 231.9 325.0 87.9 212.8 191.1 411.8 360.1 307.1 360.8 399.8 500.7 530.2 536.3 344.3 585.7
3334.7 663.5 554.7 237.2 161.0 136.7 745.2 679.6 177.2 613.1 170.3 42.4 269.7 212.1 252.7 0.0 208.0 140.1 169.3 158.1 182.4 397.5 339.9 257.8 756.0 716.3 652.5 690.7 573.8 291.7 176.1 525.9 239.8 211.8 150.6 642.8 170.2 514.8 217.3 257.4 142.0 665.7 146.1 72.9 727.6 605.5 152.9 34.6 691.6 638.1 664.7 129.5 727.9 130.8 546.3 580.4 696.1 625.3 277.4 594.9 142.3 559.8 674.7 640.7 668.7 155.9 374.3 249.4 151.5 724.3 653.6 305.7 201.4 285.8 805.0 213.5 732.1 213.8 189.4 564.4 482.8 90.6 327.0 240.5 179.5 60.7 217.1 211.8 180.5 638.2 163.1 788.5 283.8 185.3 226.9 611.3 521.9 55.9 273.4 535.0 182.9 677.9 582.8 542.0 584.6 307.1 619.8 740.3 293.5 245.1 592.3 295.7 215.8 788.8 321.6 206.8 53.7 82.3 157.7 201.9 337.3 350.9 209.0 626.4 369.9 193.9 39.0 199.5 95.7 719.4 530.0 270.3 501.7 130.8 311.2 297.6 229.9 670.0 297.7 98.3 255.1 652.2 788.3 637.9 265.2 197.2 148.9 588.7 535.7 216.8 683.4 264.5 302.8 687.5 346.3 156.7 248.5 151.6 256.6 360.4 203.3 162.4 92.5 237.2 291.6 265.5 107.7 206.4 235.2 616.9 684.9 691.0 221.9 756.9
3241.1 675.8 567.0 120.5 305.6 281.3 704.9 800.5 176.3 626.1 104.7 229.7 142.5 230.5 373.6 241.7 0.0 159.2 146.1 126.7 293.7 438.6 359.0 113.0 876.9 837.2 646.9 774.6 701.4 310.1 320.7 538.2 150.2 332.7 88.0 655.8 178.0 527.8 149.9 275.8 294.0 679.8 290.7 310.7 750.8 617.8 298.2 227.0 704.0 650.5 738.2 274.1 684.2 275.4 558.6 593.4 817.0 637.6 138.5 607.9 79.7 568.8 795.6 704.2 681.1 174.3 392.7 267.8 169.9 845.2 615.3 324.1 29.7 146.9 925.9 262.6 800.9 242.5 174.1 576.7 495.8 235.2 345.4 258.9 198.6 248.0 240.2 152.8 234.2 712.1 181.5 748.2 288.8 203.7 139.6 623.6 534.2 248.3 199.0 547.3 140.0 672.3 595.1 554.3 596.9 325.5 632.1 666.7 143.0 165.6 608.1 314.1 143.2 749.8 340.0 225.2 185.2 275.4 157.2 309.7 355.7 369.3 156.8 638.7 388.3 281.0 290.3 287.7 144.5 840.3 542.3 341.8 514.0 375.0 382.7 316.0 129.1 790.9 316.1 226.5 90.2 773.1 911.5 758.8 283.6 166.8 168.0 601.0 548.0 235.2 804.3 125.6 321.2 699.9 365.4 302.0 174.1 259.0 129.4 378.8 72.8 276.5 291.8 255.6 164.4 163.3 235.9 146.7 100.7 631.6 805.8 711.5 148.2 861.3
3247.6 544.1 435.3 169.4 199.4 175.1 573.2 694.3 90.1 494.4 102.5 123.5 182.6 71.2 204.0 136.2 120.9 0.0 82.2 119.9 134.4 279.3 199.7 170.7 770.7 731.0 515.2 705.4 588.5 150.8 214.5 406.5 174.8 170.6 83.5 524.1 163.1 396.1 130.2 124.2 180.4 546.3 184.5 159.1 619.1 486.1 192.0 120.8 572.3 518.8 679.4 167.9 552.5 169.2 426.9 461.7 710.8 505.9 223.8 476.2 75.2 437.1 689.4 572.5 549.4 15.0 233.4 142.5 64.4 739.0 483.6 172.5 115.0 232.2 819.7 103.3 746.8 83.2 102.3 445.0 364.1 129.0 186.1 106.9 39.3 141.8 86.5 125.4 72.9 580.4 22.2 616.5 129.5 44.4 139.8 491.9 402.5 142.1 205.6 415.6 134.2 540.6 463.4 422.6 465.2 166.2 500.4 535.0 207.1 158.0 472.9 154.8 148.0 618.1 188.0 122.9 79.0 169.2 70.6 203.5 206.4 210.0 121.9 507.0 229.0 121.7 182.9 128.4 38.3 734.1 410.6 182.5 382.3 228.7 223.4 164.0 162.1 684.7 156.8 120.3 168.0 666.9 803.0 652.6 131.6 110.1 62.5 469.3 416.3 90.8 698.1 210.9 161.9 568.2 206.1 195.8 180.7 99.7 169.5 219.5 135.5 117.2 185.6 107.3 204.5 179.1 129.7 171.3 181.6 497.5 699.6 579.8 154.8 771.6
3236.2 565.0 456.2 123.5 245.5 221.2 594.1 685.8 78.7 515.3 107.7 169.6 145.5 151.1 283.9 181.6 38.6 79.8 0.0 129.7 214.3 351.7 247.7 116.0 781.6 722.5 536.1 663.8 606.1 230.7 260.6 427.4 153.2 250.5 91.0 545.0 181.0 417.0 118.8 158.9 233.9 569.0 230.6 205.2 640.0 507.0 238.1 166.9 593.2 539.7 627.4 214.0 573.4 215.3 447.8 482.6 702.3 526.8 141.5 497.1 82.7 458.0 680.9 593.4 570.3 94.9 313.3 150.9 53.0 749.9 504.5 207.2 32.7 149.9 830.6 183.2 690.1 136.3 90.9 465.9 385.0 175.1 265.8 142.0 119.2 187.9 123.3 114.0 154.8 601.3 102.1 637.4 209.4 124.3 131.1 512.8 423.4 188.2 202.0 436.5 143.0 561.5 484.3 443.5 486.1 246.1 521.3 555.9 146.0 146.6 497.3 234.7 146.2 639.0 223.1 108.3 125.1 215.3 11.1 249.6 238.8 258.6 110.5 527.9 308.9 201.6 230.2 208.3 84.4 725.6 431.5 262.4 403.2 274.8 303.3 199.1 132.1 676.2 236.7 166.4 93.2 658.4 816.2 644.1 166.7 98.7 171.0 490.2 437.2 118.3 664.5 128.6 241.8 589.1 286.0 241.9 177.1 179.6 132.4 276.6 75.8 197.1 231.7 138.7 167.4 166.3 175.8 149.7 103.7 520.8 691.1 600.7 151.2 766.0
3279.7 658.2 549.4 133.8 258.6 234.3 687.3 753.5 171.9 608.5 65.6 182.7 181.1 206.8 326.6 194.7 147.8 135.5 122.4 0.0 263.6 414.9 335.3 151.6 829.9 790.2 629.3 764.6 654.4 286.4 273.7 520.6 67.0 285.7 46.6 638.2 43.1 510.2 188.5 252.1 247.0 662.2 243.7 280.4 733.2 600.2 251.2 180.0 686.4 632.9 738.6 227.1 666.6 228.4 541.0 575.8 770.0 620.0 177.1 590.3 56.0 551.2 748.6 714.6 663.5 150.6 369.0 244.1 146.2 798.2 597.7 300.4 141.9 185.5 878.9 238.9 806.0 218.8 184.1 559.1 478.2 188.2 321.7 235.2 174.9 201.0 216.5 191.4 210.5 712.1 157.8 730.6 265.1 180.0 178.2 606.0 516.6 201.3 168.7 529.7 21.3 654.7 577.5 536.7 579.3 301.8 614.5 649.1 181.6 204.2 590.5 290.4 111.1 732.2 316.3 201.5 138.2 228.4 133.5 262.7 332.0 345.6 195.4 621.1 364.6 275.1 243.3 280.7 126.0 793.3 524.7 309.6 496.4 344.7 350.5 292.3 125.2 743.9 292.4 179.5 128.8 726.1 864.5 711.8 259.9 191.9 144.3 583.4 530.4 211.5 757.3 164.2 297.5 682.3 341.7 255.0 143.8 232.8 168.0 355.1 103.0 244.3 244.8 231.9 203.0 201.9 188.9 79.3 139.3 614.0 758.8 693.9 117.9 814.3
3289.4 557.3 460.9 297.0 247.0 217.7 551.0 628.9 216.4 507.6 228.8 249.8 308.9 54.2 153.1 261.8 247.2 126.2 208.5 246.2 0.0 245.5 175.5 297.0 705.3 665.6 493.0 640.0 529.8 126.6 340.8 384.3 301.1 119.7 209.8 501.9 289.4 373.9 256.5 160.7 314.1 561.3 310.8 285.4 596.9 499.3 254.4 247.1 550.1 496.6 614.0 294.2 565.7 295.5 440.1 474.9 645.4 483.7 350.1 454.0 201.5 414.9 624.0 590.0 527.2 109.2 209.2 179.0 190.7 673.6 461.4 221.3 241.3 358.5 754.3 31.0 681.4 119.7 228.6 458.2 360.0 255.3 161.9 143.4 88.5 268.1 123.0 251.7 93.5 587.5 102.0 594.3 105.3 123.3 268.8 505.1 381.0 268.4 331.9 428.8 260.5 518.4 441.2 435.8 443.0 142.0 478.2 548.2 304.5 255.4 454.2 130.6 274.3 631.3 182.9 159.4 205.3 295.5 196.9 222.0 182.2 185.8 248.2 484.8 204.8 57.2 310.4 17.0 164.6 668.7 388.4 131.6 360.8 355.0 172.5 205.1 288.4 619.3 132.6 246.6 321.3 601.5 739.9 587.2 161.4 236.4 188.8 447.1 394.1 127.3 632.7 337.2 137.7 546.0 181.9 322.1 307.0 54.4 295.8 195.3 261.8 66.3 273.6 143.8 330.8 312.8 256.0 297.6 312.3 513.1 634.2 557.6 281.1 689.7
3214.1 483.0 386.6 459.6 396.5 367.2 476.7 573.7 333.5 433.3 380.3 401.3 393.7 205.7 243.9 413.3 397.1 277.7 358.4 397.7 241.7 0.0 204.6 418.7 650.1 610.4 418.7 584.8 474.6 209.0 492.3 310.0 452.6 286.9 361.3 427.6 440.9 299.6 341.3 189.9 408.1 487.0 462.3 436.9 522.6 425.0 403.9 398.6 475.8 422.3 510.0 445.7 491.4 447.0 365.8 400.6 590.2 409.4 471.2 379.7 353.0 340.6 568.8 476.0 452.9 260.7 155.6 248.7 295.0 618.4 387.1 142.5 391.2 486.0 699.1 210.6 626.2 223.9 313.4 383.9 223.5 406.8 211.3 235.8 240.0 419.6 251.0 368.8 245.0 483.9 253.5 520.0 187.7 274.8 353.6 430.8 306.7 419.9 483.4 354.5 412.0 444.1 366.9 361.5 368.7 107.9 403.9 473.9 391.8 342.7 379.9 213.0 482.3 557.0 165.2 287.4 356.8 447.0 346.8 371.5 195.7 164.2 333.0 410.5 143.7 256.3 461.9 252.5 316.1 613.5 314.1 261.5 286.5 506.5 302.4 274.6 468.2 564.1 117.3 398.1 408.6 546.3 684.7 532.0 230.9 321.2 340.3 372.8 319.8 255.3 577.5 458.3 215.0 471.7 119.7 473.6 458.5 269.8 380.6 107.8 434.2 287.3 423.1 213.5 415.6 400.1 407.5 449.1 439.8 438.8 579.0 483.3 432.6 634.5
3317.2 482.8 374.0 344.5 397.6 373.3 511.9 603.6 218.0 433.1 300.7 321.7 278.2 152.1 274.9 333.7 281.6 196.5 242.9 318.1 188.1 222.8 0.0 303.6 699.4 640.3 453.9 581.6 523.9 67.5 412.7 345.2 411.1 241.5 281.7 462.8 361.3 334.8 225.8 74.4 386.0 485.0 382.7 357.3 560.8 424.8 390.2 319.0 511.0 457.5 545.2 366.1 491.2 367.4 365.6 400.4 620.1 444.6 356.1 414.2 273.4 379.1 598.7 511.2 488.1 179.5 79.1 133.2 179.5 667.7 422.3 91.2 275.7 370.9 748.4 157.0 607.9 108.4 197.9 383.7 302.8 327.2 18.1 99.9 158.8 340.0 121.0 253.3 145.8 519.1 172.3 555.2 99.1 193.6 235.4 430.6 341.2 340.3 403.8 354.3 332.4 479.3 402.1 361.3 403.9 160.0 439.1 473.7 276.7 227.6 411.6 91.0 367.2 556.8 44.3 157.4 277.2 367.4 231.3 401.7 6.6 55.7 217.5 445.7 91.0 192.6 381.1 198.9 236.5 643.4 349.3 253.4 321.0 426.9 294.3 118.9 353.1 594.0 150.6 318.5 282.2 576.2 731.7 561.9 75.2 205.7 248.6 408.0 355.0 125.3 582.3 343.2 55.5 506.9 123.9 394.0 378.9 170.6 265.1 118.4 319.1 188.1 383.8 98.0 300.1 285.0 327.9 393.0 320.3 436.2 608.9 518.5 353.0 683.8
3170.9 596.1 487.3 65.0 309.4 285.1 625.2 716.9 63.2 546.4 92.2 233.5 72.3 215.0 347.8 245.5 113.8 143.7 92.4 136.9 278.2 382.8 280.9 0.0 812.7 753.6 567.2 694.9 637.2 284.6 324.5 458.5 130.3 314.4 75.5 576.1 143.5 448.1 79.7 190.0 297.8 600.1 294.5 276.2 674.1 538.1 302.0 230.8 624.3 570.8 658.5 277.9 604.5 279.2 478.9 513.7 733.4 557.9 75.3 528.2 83.8 489.1 712.0 624.5 601.4 158.8 348.5 182.0 84.1 781.0 535.6 238.3 107.9 90.1 861.7 247.1 721.2 185.5 103.9 497.0 416.1 239.0 299.0 191.2 183.1 251.8 172.5 39.7 216.7 632.4 166.0 668.5 264.1 188.2 69.4 543.9 454.5 293.4 164.5 467.6 105.5 592.6 515.4 474.6 517.2 310.0 552.4 587.0 72.8 95.4 524.9 288.6 86.4 670.1 247.6 157.5 189.0 320.5 103.5 313.5 272.0 289.7 86.6 559.0 343.6 265.5 342.9 272.2 148.3 756.7 462.6 326.3 434.3 340.5 367.2 248.3 72.3 707.3 300.6 230.3 33.5 689.5 845.0 675.2 215.9 96.6 172.1 521.3 468.3 167.5 695.6 62.4 294.5 620.2 319.6 305.8 153.8 243.5 59.2 307.7 38.3 261.0 295.6 169.8 94.2 93.1 239.7 112.2 43.9 549.5 722.2 631.8 127.9 813.6
2820.5 292.0 303.8 815.2 663.0 633.7 294.5 147.9 734.1 282.6 832.7 753.3 785.5 690.0 609.0 765.3 797.7 726.4 759.0 820.5 708.0 560.6 641.7 774.3 0.0 87.2 209.2 177.6 261.2 664.1 750.4 349.4 867.2 611.4 813.7 288.3 832.6 354.7 772.9 642.8 674.6 328.6 758.2 761.2 217.5 320.9 670.4 724.8 233.3 235.0 151.6 698.7 264.0 675.3 352.7 276.6 67.0 287.1 826.8 301.2 805.4 283.8 75.0 166.6 218.0 709.4 592.7 681.1 695.6 45.0 238.2 579.6 791.8 841.6 48.9 682.2 103.0 638.3 703.2 370.8 402.5 723.4 648.4 660.1 688.7 771.6 659.7 814.1 675.7 164.1 702.2 337.8 659.3 723.5 762.6 297.9 363.7 744.2 924.2 329.1 841.9 207.1 257.5 320.2 290.2 579.5 281.8 289.6 747.4 698.3 244.6 671.0 837.9 314.7 602.3 696.1 716.1 758.3 747.4 638.0 632.8 601.3 722.8 270.0 580.8 722.5 773.6 729.2 752.6 184.3 345.5 626.6 373.0 830.8 667.5 717.2 823.8 156.9 588.9 760.7 764.2 174.6 111.3 128.0 684.8 711.0 764.7 334.5 304.8 664.0 170.3 813.9 652.1 220.9 556.8 769.5 905.3 680.2 772.4 544.9 789.8 663.3 689.6 645.9 807.4 755.7 770.1 863.7 795.4 305.9 143.4 177.9 879.4 61.1
2855.5 218.7 265.3 782.0 654.6 625.3 261.3 72.9 700.9 249.4 824.3 744.9 752.3 656.8 600.6 756.9 764.5 693.2 725.8 812.1 674.8 527.4 608.5 741.1 78.5 0.0 176.0 104.3 228.0 630.9 742.0 287.5 834.0 603.0 793.8 255.1 824.2 321.5 739.7 609.6 666.2 255.3 749.8 752.8 144.2 287.7 662.0 716.4 184.9 201.8 118.4 690.3 230.8 666.9 290.8 243.4 20.1 253.9 793.6 268.0 797.0 250.6 41.8 133.4 184.8 676.2 559.5 647.9 662.4 64.8 205.0 546.4 758.6 808.4 127.5 649.0 15.8 605.1 670.0 308.9 369.3 715.0 615.2 626.9 655.5 763.2 626.5 780.9 642.5 130.9 669.0 304.6 626.1 690.3 729.4 264.7 301.8 735.8 882.8 254.1 823.8 173.9 224.3 245.2 257.0 546.3 248.6 256.4 714.2 665.1 211.4 637.8 804.7 241.4 569.1 662.9 707.7 749.9 714.2 629.6 599.6 568.1 689.6 236.8 547.6 689.3 765.2 696.0 719.4 109.3 283.6 618.2 339.8 822.4 659.1 684.0 790.6 81.9 555.7 752.3 731.0 99.6 111.3 94.8 651.6 677.8 731.5 301.3 271.6 630.8 114.3 780.7 618.9 192.3 523.6 761.1 872.1 667.3 739.2 511.7 756.6 654.9 681.2 612.7 774.2 722.5 761.7 830.5 762.2 272.7 68.4 144.7 846.2 74.6
2858.0 151.3 147.3 605.9 550.4 521.1 138.0 149.6 524.8 126.1 634.4 628.5 576.2 480.7 473.7 640.5 588.4 517.1 549.7 624.9 498.7 351.3 432.4 565.0 273.9 186.3 0.0 160.7 51.9 454.8 637.8 173.8 657.9 516.7 617.7 96.0 685.7 145.4 563.6 433.5 562.0 187.9 689.5 648.6 111.3 164.4 557.8 612.2 76.8 31.4 91.2 586.1 107.5 562.7 196.2 120.1 166.1 77.8 617.5 91.9 580.2 74.5 144.7 57.2 61.5 500.1 383.4 471.8 486.3 242.2 28.9 370.3 582.5 632.3 322.9 472.9 202.1 429.0 493.9 214.3 193.2 634.0 439.1 450.8 479.4 646.8 450.4 604.8 466.4 65.1 492.9 181.3 450.0 514.2 553.3 141.4 207.2 631.6 706.7 171.0 647.7 25.3 48.2 178.0 80.9 370.2 72.5 133.1 538.1 489.0 35.3 461.7 628.6 174.0 393.0 486.8 584.0 645.7 538.1 525.4 423.5 392.0 513.5 78.9 371.5 513.2 661.0 519.9 543.3 189.4 189.0 491.3 163.7 718.2 532.2 507.9 614.5 140.0 379.6 625.3 554.9 122.2 308.5 107.9 475.5 501.7 555.4 125.2 95.5 454.7 128.3 604.6 442.8 64.4 347.5 700.8 696.0 491.2 563.1 335.6 580.5 508.7 577.0 436.6 598.1 546.4 634.7 654.4 586.1 149.4 154.9 64.5 670.1 258.3
2824.6 114.3 203.3 757.2 623.7 594.4 194.0 21.9 676.1 182.1 785.7 714.0 727.5 632.0 625.6 726.0 739.7 668.4 701.0 776.2 650.6 502.6 583.7 716.3 163.6 109.0 157.2 0.0 183.3 606.1 711.1 257.1 809.2 572.1 769.0 187.8 837.0 315.6 714.9 584.8 635.3 150.9 718.9 721.9 39.8 220.4 631.1 685.5 80.5 134.5 89.9 659.4 163.5 636.0 260.4 176.1 98.9 209.3 768.8 245.8 731.5 223.9 77.5 145.4 117.5 651.4 534.7 623.1 637.6 130.5 178.3 521.6 733.8 783.6 212.6 624.2 93.2 580.3 645.2 278.5 354.3 684.1 590.4 602.1 630.7 732.3 601.7 756.1 617.7 153.3 644.2 237.3 601.3 665.5 704.6 197.4 271.4 704.9 858.0 223.7 799.0 117.6 197.6 214.8 257.3 521.5 221.9 189.1 689.4 640.3 184.7 613.0 779.9 137.0 544.3 638.1 735.3 719.0 689.4 598.7 574.8 543.3 664.8 169.5 522.8 664.5 734.3 671.2 694.6 61.7 253.2 643.2 331.9 791.5 684.1 659.2 765.8 30.6 530.9 776.6 706.2 48.3 149.7 63.9 626.8 653.0 706.7 274.6 244.9 606.0 127.0 755.9 594.1 87.9 498.8 730.2 847.3 642.5 714.4 486.9 731.8 660.0 650.3 587.9 749.4 697.7 786.0 805.7 737.4 205.4 27.2 88.4 821.4 113.0
2806.0 185.5 173.9 651.3 498.4 469.1 164.6 145.5 568.9 152.7 678.5 588.7 620.3 524.8 444.4 601.4 632.5 561.2 593.8 655.9 542.8 395.4 483.2 609.1 221.9 182.2 71.9 156.6 0.0 498.9 585.8 219.5 716.6 446.8 668.5 146.8 668.0 196.2 607.7 477.6 521.5 220.3 593.6 596.6 160.8 191.0 505.8 560.2 111.0 57.5 130.6 534.1 147.3 510.7 222.8 153.4 162.0 121.9 661.6 135.3 624.3 140.4 140.6 106.6 88.1 544.2 427.5 515.9 530.4 190.2 73.0 414.4 633.3 676.4 270.9 517.0 198.0 473.1 538.0 240.9 244.0 558.8 483.2 494.9 530.2 600.3 494.5 648.9 508.5 104.1 537.0 214.6 496.1 558.3 599.6 168.0 233.8 579.6 750.8 197.6 688.4 97.3 92.3 204.6 125.0 414.3 116.6 159.7 588.9 533.1 89.5 505.8 672.7 208.2 437.1 530.9 551.5 593.7 582.2 473.4 467.6 436.1 557.6 123.0 415.6 557.3 601.1 564.0 587.4 185.3 215.6 462.0 207.8 666.2 502.9 552.0 658.6 135.9 423.7 669.4 587.7 118.1 254.2 103.8 519.6 545.8 606.2 169.3 139.6 498.8 149.3 648.7 486.9 106.9 398.3 604.9 740.1 535.3 607.2 379.7 624.6 498.7 525.0 480.7 642.2 597.2 678.8 698.5 625.8 173.6 150.8 130.5 720.9 222.8
3300.0 489.4 380.6 335.2 363.9 339.6 518.5 610.2 240.6 439.7 267.0 288.0 327.1 92.4 260.8 300.0 285.4 164.4 246.7 284.4 128.4 213.4 48.8 346.3 706.0 646.9 460.5 588.2 530.5 0.0 379.0 351.8 339.3 227.4 248.0 469.4 327.6 341.4 274.7 123.3 352.3 493.4 349.0 323.6 564.4 431.4 356.5 285.3 517.6 464.1 551.8 332.4 497.8 333.7 372.2 407.0 626.7 451.2 398.8 421.5 239.7 382.4 605.3 517.8 494.7 147.4 82.5 182.1 228.4 674.3 428.9 94.6 279.5 413.6 755.0 97.3 614.5 134.6 246.8 390.3 309.4 293.5 35.2 98.8 126.7 306.3 119.9 275.9 131.7 525.7 140.2 561.8 31.5 161.5 287.0 437.2 347.8 306.6 370.1 360.9 298.7 485.9 408.7 367.9 410.5 100.3 445.7 480.3 319.4 270.3 421.7 23.4 312.5 563.4 93.2 156.3 243.5 333.7 235.1 368.0 55.5 59.1 266.4 452.3 94.4 143.0 348.6 139.2 202.8 650.0 355.9 239.3 327.6 393.2 280.2 117.8 326.6 600.6 90.9 284.8 336.2 582.8 740.6 568.5 74.1 254.6 227.0 414.6 361.6 124.2 588.9 385.9 11.0 513.5 127.3 360.3 345.2 156.5 314.0 121.8 300.0 174.0 350.1 146.9 349.0 327.7 294.2 335.8 367.4 445.2 615.5 525.1 319.3 690.4
3329.0 755.0 640.4 321.5 107.3 149.2 734.1 668.5 260.2 722.2 253.3 173.9 352.7 247.3 241.6 185.9 291.0 263.7 252.3 241.1 209.9 425.0 385.2 340.8 744.9 705.2 641.4 679.6 569.4 336.3 0.0 563.8 308.2 197.8 234.3 709.6 253.2 553.4 300.3 282.3 95.7 740.8 125.2 183.7 719.5 678.8 99.9 145.4 680.5 627.0 653.6 88.6 716.8 116.2 619.6 654.4 685.0 691.4 360.4 633.5 226.0 594.4 663.6 629.6 657.6 246.7 418.9 300.6 234.5 713.2 642.5 330.6 285.1 368.8 793.9 241.0 721.0 241.3 272.4 637.7 522.2 75.4 371.6 265.0 226.0 192.2 244.6 295.5 205.4 627.1 239.5 777.4 315.0 260.8 312.6 684.6 560.6 166.7 356.4 608.3 262.5 666.8 661.8 615.3 622.5 338.7 686.1 729.2 377.2 328.1 648.9 340.3 298.8 777.7 346.1 281.0 136.7 193.8 240.7 132.3 361.8 395.5 292.0 692.5 396.3 221.4 225.9 227.0 178.7 708.3 567.9 259.2 540.4 253.3 300.1 322.1 312.9 658.9 324.1 181.3 312.1 641.1 779.5 626.8 289.7 280.2 232.6 626.6 573.6 248.9 672.3 347.5 347.4 676.4 373.4 136.5 331.5 179.1 339.6 386.8 286.3 190.6 191.9 265.4 374.6 349.2 190.7 289.4 322.6 692.6 673.8 679.9 305.6 729.3
3015.8 172.9 64.1 541.5 561.3 532.0 223.6 270.2 460.4 123.2 570.0 564.1 563.1 416.3 450.2 576.1 524.0 452.7 485.3 560.5 475.2 286.9 368.0 500.6 372.3 313.8 165.6 248.2 209.7 390.4 655.1 0.0 593.5 493.2 553.3 174.5 621.3 66.5 499.2 369.1 572.9 176.9 625.1 662.3 224.4 114.9 568.7 561.4 177.6 169.2 219.0 608.5 181.3 609.8 55.7 90.5 331.8 156.3 553.1 126.6 515.8 87.5 310.4 222.9 150.6 435.7 319.0 407.4 421.9 335.3 134.0 305.9 518.1 567.9 421.3 494.5 298.0 364.6 429.5 73.8 138.6 569.6 374.7 386.4 415.0 582.4 386.0 540.4 402.0 230.8 428.5 266.9 471.6 449.8 488.9 120.7 55.7 582.7 678.8 44.4 583.3 191.0 113.8 51.4 115.6 391.8 150.8 163.8 473.7 424.6 126.8 397.3 564.2 246.9 328.6 422.4 519.6 609.8 473.7 536.3 359.1 327.6 449.1 157.4 307.1 448.8 624.7 455.5 478.9 310.0 4.0 467.8 84.8 726.6 508.7 443.5 550.1 305.7 401.2 560.9 490.5 287.9 354.5 273.6 411.1 437.3 491.0 119.7 66.7 390.3 256.1 540.2 378.4 173.5 283.1 636.4 631.6 426.8 498.7 271.2 516.1 444.3 587.9 372.2 571.9 482.0 570.3 590.0 521.7 128.7 275.5 190.4 605.7 317.8
3276.5 696.2 587.4 157.2 296.6 272.3 725.3 791.5 211.7 659.5 103.6 233.7 177.9 244.8 364.6 233.4 185.8 173.5 160.4 65.0 301.6 452.9 386.3 161.4 867.9 828.2 667.3 802.6 685.7 324.4 311.7 558.6 0.0 323.7 97.6 689.2 108.2 548.2 185.3 290.1 277.6 698.4 281.7 299.6 774.2 638.2 289.2 218.0 724.4 670.9 776.6 265.1 704.6 266.4 579.0 626.8 808.0 658.0 173.9 627.6 107.0 592.5 786.6 752.6 714.5 188.6 407.0 282.1 184.2 836.2 635.7 338.4 192.9 182.3 916.9 276.9 844.0 256.8 209.5 597.1 529.2 226.2 359.7 273.2 225.9 252.0 254.5 201.2 246.5 750.1 195.8 768.6 316.5 218.0 177.2 644.0 554.6 316.8 187.9 567.7 30.2 692.7 615.5 574.7 617.3 339.8 652.5 687.1 178.4 201.0 625.0 328.4 130.3 770.2 354.3 239.5 176.2 266.4 171.5 300.7 370.0 383.6 192.2 659.1 402.6 313.1 366.3 318.7 165.1 831.3 562.7 360.6 534.4 376.9 388.5 330.3 144.4 781.9 330.4 217.5 139.1 764.1 913.2 749.8 297.9 202.2 195.3 621.4 568.4 249.5 808.3 161.0 335.5 720.3 392.7 306.0 163.0 270.8 164.8 393.1 99.8 282.3 282.8 269.9 199.8 211.7 226.9 90.3 131.7 649.6 796.8 744.9 137.1 868.8
3169.6 595.6 489.8 383.5 127.2 97.9 574.7 509.1 243.5 562.8 255.9 217.5 353.8 136.9 56.0 229.5 274.3 153.3 235.6 273.3 117.5 274.4 260.3 342.6 585.5 545.8 482.0 520.2 410.0 216.5 214.6 413.2 328.2 0.0 236.9 550.2 296.8 402.8 282.8 171.9 138.8 632.2 222.4 225.4 560.1 528.2 134.6 189.0 521.1 467.6 494.2 162.9 557.4 139.5 469.0 556.8 525.6 532.0 395.1 482.9 228.6 443.8 504.2 470.2 498.2 136.3 299.1 190.2 236.5 553.8 483.1 220.2 268.4 409.9 634.5 146.4 561.6 130.9 254.9 487.1 388.9 187.6 251.8 154.6 115.6 235.8 134.2 278.8 95.0 467.7 129.1 618.0 195.2 150.4 330.9 578.1 409.9 208.4 359.0 457.7 287.6 507.4 502.4 464.7 471.9 225.0 526.7 569.8 315.7 266.6 489.5 220.5 301.4 618.3 235.7 170.6 220.3 222.5 224.0 102.2 251.4 275.7 274.5 533.1 288.8 122.4 237.8 114.3 191.7 548.9 417.3 54.7 389.7 295.0 95.6 211.7 315.5 499.5 216.6 261.6 332.5 481.7 620.1 467.4 179.3 262.7 215.9 476.0 423.0 138.5 512.9 382.2 227.6 517.0 265.9 233.7 334.1 68.7 340.7 273.2 288.9 51.8 153.8 155.0 375.7 324.0 271.0 324.7 363.7 586.1 514.4 520.5 308.2 569.9
3228.6 610.4 501.6 85.8 234.1 209.8 639.5 729.0 124.1 560.7 18.9 158.2 130.0 159.0 302.1 170.9 100.0 87.7 74.6 55.2 222.2 367.1 287.5 100.5 805.4 765.7 581.5 709.2 629.9 238.6 249.2 472.8 105.8 261.2 0.0 590.4 98.4 462.4 164.2 204.3 222.5 612.6 219.2 233.7 688.4 552.4 226.7 155.5 638.6 585.1 672.8 202.6 618.8 203.9 493.2 528.0 745.5 572.2 126.0 541.8 8.2 506.7 724.1 638.8 615.7 102.8 321.2 196.3 98.4 773.7 549.9 252.6 94.1 134.4 854.4 191.1 735.5 171.0 136.3 511.3 430.4 163.7 273.9 187.4 127.1 176.5 168.7 140.3 160.7 646.7 110.0 682.8 217.3 132.2 129.3 558.2 468.8 250.9 122.0 481.9 81.0 606.9 529.7 488.9 531.5 254.0 566.7 601.3 130.5 192.0 539.2 242.6 64.4 684.4 268.5 153.7 113.7 278.0 85.7 238.2 284.2 297.8 155.9 573.3 316.8 209.5 300.4 216.2 73.0 768.8 476.9 270.3 448.6 298.0 311.2 244.5 78.5 719.4 244.6 155.0 91.2 701.6 837.7 687.3 212.1 144.1 96.5 535.6 482.6 163.7 732.8 113.1 249.7 634.5 293.9 230.5 97.1 187.5 116.9 307.3 51.9 205.0 220.3 184.1 151.9 150.8 164.4 87.7 88.2 563.8 734.3 646.1 71.2 789.8
2953.0 173.4 110.3 656.0 645.4 616.1 49.0 191.5 574.9 89.1 684.5 678.6 626.3 530.8 509.4 690.6 638.5 567.2 599.8 675.0 534.4 401.4 482.5 615.1 297.8 253.3 102.8 169.5 153.6 504.9 769.6 155.9 722.6 552.4 667.8 0.0 735.8 181.1 613.7 483.6 657.0 208.2 739.6 714.2 145.7 127.4 652.8 675.9 98.9 106.4 140.3 723.0 102.6 657.7 159.2 83.1 233.1 67.2 667.6 104.4 630.3 132.0 211.7 160.1 71.9 550.2 433.5 521.9 536.4 284.1 71.2 420.4 632.6 682.4 346.8 523.0 262.8 479.1 544.0 177.3 253.1 684.1 489.2 500.9 529.5 696.9 500.5 654.9 514.5 168.0 543.0 92.3 500.1 564.3 603.4 104.4 170.2 697.2 756.8 134.0 697.8 128.2 83.9 141.0 115.2 420.3 108.2 96.1 588.2 539.1 74.4 511.8 678.7 196.1 443.1 536.9 634.1 724.3 588.2 620.4 473.6 442.1 563.6 27.4 421.6 563.3 738.0 570.0 593.4 231.3 152.0 527.0 199.4 859.2 567.9 558.0 664.6 200.6 429.7 675.4 593.7 182.8 317.0 210.8 525.6 551.8 605.5 160.9 131.2 504.8 177.4 654.7 492.9 94.8 397.6 750.9 746.1 541.3 613.2 385.7 630.6 558.8 672.0 486.7 648.2 596.5 684.8 704.5 636.2 112.4 196.8 111.7 720.2 265.9
3301.9 691.4 582.6 181.3 291.8 267.5 720.5 786.7 205.1 641.7 98.8 215.9 203.3 240.0 359.8 227.9 181.0 168.7 155.6 33.1 296.8 448.1 368.5 173.8 863.1 823.4 662.5 797.8 687.6 319.6 306.9 553.8 100.2 318.9 79.8 671.4 0.0 543.4 210.7 285.3 280.2 695.4 276.9 313.6 766.4 633.4 284.4 213.2 719.6 666.1 771.8 260.3 699.8 261.6 574.2 609.0 803.2 653.2 199.3 623.5 89.2 584.4 781.8 747.8 696.7 183.8 402.2 277.3 179.4 831.4 630.9 333.6 175.1 207.7 912.1 272.1 839.2 252.0 217.3 592.3 511.4 221.4 354.9 268.4 208.1 234.2 249.7 213.6 243.7 745.3 191.0 763.8 298.3 213.2 200.4 639.2 549.8 234.5 201.9 562.9 54.5 687.9 610.7 569.9 612.5 335.0 647.7 682.3 203.8 226.4 623.7 323.6 144.3 765.4 349.5 234.7 171.4 261.6 166.7 295.9 365.2 378.8 217.6 654.3 397.8 308.3 276.5 313.9 148.1 826.5 557.9 342.8 529.6 377.9 383.7 325.5 158.4 777.1 325.6 212.7 151.0 759.3 897.7 745.0 293.1 225.1 177.5 616.6 563.6 244.7 790.5 186.4 330.7 715.5 374.9 288.2 177.0 266.0 190.2 388.3 125.2 277.5 278.0 265.1 225.2 224.1 222.1 36.1 161.5 647.2 792.0 727.1 151.1 847.5
2993.7 225.8 111.4 460.4 439.3 410.0 201.5 293.2 379.3 172.0 488.9 483.0 430.7 335.2 328.2 495.0 442.9 371.6 404.2 479.4 353.2 205.8 286.9 419.5 374.4 329.9 143.5 271.2 194.3 309.3 574.0 52.8 512.4 371.2 472.2 152.4 540.2 0.0 418.1 288.0 450.9 228.8 544.0 518.6 250.4 163.7 446.7 480.3 200.6 147.1 234.8 527.4 236.9 528.7 108.6 139.3 309.7 134.2 472.0 103.8 434.7 65.4 288.3 200.8 177.7 354.6 237.9 326.3 340.8 377.9 111.9 224.8 437.0 486.8 423.4 327.4 345.7 283.5 348.4 126.7 47.7 488.5 293.6 305.3 333.9 501.3 304.9 459.3 320.9 208.7 347.4 244.8 304.5 368.7 407.8 169.5 56.4 501.6 561.2 97.3 498.8 168.9 91.7 104.3 93.5 224.7 128.7 212.6 392.6 343.5 101.2 316.2 483.1 297.8 247.5 341.3 438.5 528.7 392.6 414.3 278.0 246.5 368.0 135.3 226.0 367.7 542.4 374.4 397.8 333.0 56.9 345.8 18.2 588.2 386.7 362.4 469.0 283.6 234.1 479.8 398.1 265.8 441.9 251.5 330.0 356.2 409.9 97.6 44.6 309.2 271.9 459.1 297.3 196.5 202.0 555.3 550.5 345.7 417.6 190.1 435.0 363.2 465.9 291.1 452.6 400.9 489.2 508.9 436.2 175.1 298.5 208.1 524.6 394.0
3145.0 530.7 421.9 100.0 295.5 271.2 559.8 651.5 122.4 481.0 128.5 219.6 52.3 201.1 323.8 231.6 150.1 129.8 128.7 173.2 264.3 336.6 234.7 59.1 747.3 688.2 501.8 629.5 571.8 270.7 310.6 393.1 152.0 290.4 111.8 510.7 179.8 382.7 0.0 143.8 283.9 534.7 280.6 312.5 605.7 472.7 288.1 216.9 558.9 505.4 593.1 264.0 539.1 265.3 413.5 448.3 668.0 492.5 111.6 462.8 120.1 423.7 646.6 559.1 536.0 144.9 302.3 135.8 77.4 715.6 470.2 192.1 144.2 126.4 796.3 233.2 655.8 171.6 24.1 431.6 350.7 225.1 252.8 177.3 169.2 237.9 158.6 98.9 194.7 567.0 152.1 603.1 259.4 174.3 12.2 478.5 389.1 238.2 200.8 402.2 141.8 527.2 450.0 409.2 451.8 296.1 487.0 521.6 70.8 112.3 463.0 274.7 122.7 604.7 201.4 143.6 175.1 265.3 139.8 299.6 225.8 243.5 6.9 493.6 297.4 241.5 280.2 248.2 134.4 691.3 397.2 302.3 368.9 376.8 343.2 234.4 108.6 641.9 286.7 216.4 49.0 624.1 781.9 609.8 202.0 16.9 208.4 455.9 402.9 153.6 630.2 98.7 280.6 554.8 273.4 291.9 190.1 219.5 39.2 261.5 74.6 237.0 281.7 123.6 74.2 84.6 225.8 148.5 80.2 486.5 656.8 566.4 164.2 731.7
3242.7 452.7 343.9 270.0 323.1 298.8 481.8 573.5 143.5 403.0 226.2 247.2 203.7 85.6 200.4 259.2 207.1 122.0 168.4 243.6 150.9 192.7 90.8 229.1 669.3 610.2 423.8 551.5 493.8 139.2 338.2 315.1 322.0 167.0 207.2 432.7 286.8 304.7 151.3 0.0 311.5 456.7 308.2 282.8 527.7 394.7 315.7 244.5 480.9 427.4 515.1 291.6 461.1 292.9 335.5 370.3 590.0 414.5 281.6 384.8 198.9 345.7 568.6 481.1 458.0 105.0 158.4 58.7 105.0 637.6 392.2 48.2 201.2 296.4 718.3 127.5 577.8 33.9 123.4 353.6 272.7 252.7 108.9 45.8 84.3 265.5 61.0 178.8 71.3 489.0 97.8 525.1 143.9 119.1 163.6 400.5 311.1 265.8 329.3 324.2 257.9 449.2 372.0 331.2 373.8 180.6 409.0 443.6 202.2 153.1 385.0 143.2 292.7 526.7 57.5 97.4 202.7 292.9 156.8 327.2 81.9 99.6 143.0 415.6 153.5 118.1 307.8 124.8 162.0 613.3 319.2 178.9 290.9 352.4 219.8 102.9 278.6 563.9 171.2 244.0 219.0 546.1 703.9 531.8 70.5 131.2 174.1 377.9 324.9 65.3 552.2 268.7 149.1 476.8 129.5 319.5 304.4 96.1 190.6 117.6 244.6 113.6 309.3 23.5 225.6 210.5 253.4 318.5 250.2 408.5 578.8 488.4 278.5 653.7
3233.2 659.2 553.4 293.5 11.5 74.9 638.3 572.7 233.5 626.4 226.6 147.2 326.0 170.4 145.8 159.9 264.3 175.3 225.6 214.4 133.0 338.0 296.8 314.1 649.1 609.4 545.6 583.8 466.9 259.4 75.7 476.8 296.1 102.0 220.2 593.0 226.5 465.0 273.6 205.4 0.0 694.0 96.0 157.0 620.7 591.8 4.1 118.7 584.7 531.2 557.8 61.9 621.0 89.5 532.6 620.4 589.2 595.6 333.7 545.8 211.9 510.7 567.8 533.8 561.8 169.8 342.0 223.7 207.8 617.4 546.7 253.7 258.4 342.1 698.1 164.1 625.2 164.4 245.7 550.7 433.8 48.7 294.7 188.1 137.6 178.1 167.7 281.4 131.1 531.3 162.6 681.6 251.5 183.9 283.2 641.7 483.7 140.0 329.7 521.3 239.2 571.0 566.0 528.3 535.5 261.8 590.3 633.4 337.7 300.1 568.0 263.4 272.1 681.9 269.2 204.1 110.0 179.7 214.0 36.5 284.9 318.6 265.3 596.7 319.4 144.5 198.0 150.1 152.0 612.5 480.9 163.4 463.5 226.6 204.3 245.2 286.2 563.1 247.2 154.6 354.7 545.3 681.4 531.0 212.8 253.5 218.5 539.6 486.6 172.0 576.5 320.8 259.0 580.6 296.5 122.4 304.8 102.2 312.9 309.9 259.6 113.7 165.2 188.5 347.9 346.0 164.0 262.7 291.5 647.3 578.0 584.1 291.5 650.0
2944.8 26.6 152.1 674.4 653.9 624.6 223.7 142.1 593.3 210.3 702.9 696.1 644.7 549.2 542.8 709.0 656.9 584.7 618.2 693.4 567.8 419.8 500.9 632.6 283.8 229.2 186.9 120.1 213.0 523.3 788.0 174.3 726.4 585.8 685.3 216.6 754.2 231.9 632.1 502.0 665.5 0.0 758.0 732.6 107.1 202.9 660.4 694.3 110.2 164.2 157.2 741.4 193.2 742.7 177.6 178.5 219.1 239.0 686.0 275.5 647.8 261.9 197.7 212.7 146.3 568.6 451.9 540.3 554.8 250.7 208.0 438.8 650.1 700.8 332.8 541.4 213.4 497.5 562.4 195.7 270.6 702.5 507.6 519.3 547.0 714.4 518.9 672.4 534.0 220.6 561.4 266.1 519.6 582.7 621.8 208.7 188.6 715.6 775.2 140.9 716.2 161.4 227.3 132.0 290.0 438.7 251.6 218.8 605.7 557.5 216.9 530.2 697.1 100.6 461.5 555.3 652.5 741.8 606.6 628.9 492.0 460.5 581.1 199.2 440.0 581.7 755.5 588.4 611.8 181.9 170.4 560.4 249.1 900.1 601.3 576.4 683.0 150.8 448.1 693.8 623.4 199.7 266.7 184.1 544.0 570.2 623.0 294.1 241.1 523.2 193.4 672.2 512.4 138.4 416.0 768.4 764.5 559.7 631.6 404.1 649.0 576.3 680.5 505.1 666.6 616.0 703.2 722.9 654.6 216.7 147.4 154.4 737.7 233.2
3324.5 687.1 590.7 312.4 111.0 122.1 680.8 664.0 251.1 637.4 244.2 164.8 343.6 197.6 237.1 176.8 281.9 214.0 243.2 232.0 160.2 375.3 335.5 331.7 740.4 700.7 636.9 675.1 564.9 286.6 126.1 514.1 299.1 193.3 225.2 631.7 244.1 503.7 291.2 232.6 99.4 691.1 0.0 174.6 715.0 629.1 103.6 136.3 676.0 622.5 649.1 61.5 712.3 89.1 569.9 604.7 680.5 613.5 351.3 583.8 216.9 544.7 659.1 625.1 653.1 197.0 369.2 250.9 225.4 708.7 591.2 280.9 276.0 359.7 789.4 191.3 716.5 191.6 263.3 588.0 472.5 66.3 321.9 215.3 176.3 183.1 194.9 286.4 155.7 622.6 189.8 724.1 265.3 211.1 303.5 634.9 510.9 157.6 347.3 558.6 253.4 662.3 571.0 565.6 572.8 289.0 608.0 678.0 376.4 327.3 584.0 290.6 289.7 773.2 296.4 231.3 127.6 184.7 231.6 136.0 312.1 345.8 282.9 614.6 346.6 171.7 216.8 177.3 169.6 703.8 518.2 206.2 490.7 244.2 247.1 272.4 303.8 654.4 274.4 172.2 303.0 636.6 775.0 622.3 240.0 271.1 223.5 576.9 523.9 199.2 667.8 338.4 297.7 671.9 323.7 58.7 322.4 129.4 330.5 337.1 277.2 140.9 182.8 215.7 365.5 384.7 181.6 280.3 313.5 642.9 669.3 675.4 296.5 724.8
3213.8 680.0 571.2 255.0 177.5 153.2 736.6 671.0 193.7 630.3 186.8 105.4 286.2 228.6 244.1 62.9 224.5 157.3 185.8 174.6 198.9 436.3 357.1 274.3 747.4 707.7 643.9 682.1 571.9 308.2 192.6 542.4 241.7 203.2 167.8 660.0 186.7 532.0 233.8 273.9 165.9 684.0 162.6 0.0 722.0 622.0 170.1 38.2 683.0 629.5 656.1 146.0 719.3 147.3 562.8 597.6 687.5 641.8 293.9 612.1 159.5 573.0 666.1 632.1 660.1 172.4 390.8 265.9 168.0 715.7 645.0 322.2 218.6 302.3 796.4 230.0 723.5 230.3 205.9 580.9 500.0 107.1 343.5 257.0 196.7 123.7 233.6 229.0 194.4 629.6 179.6 779.9 286.9 201.8 246.1 627.8 538.4 17.1 190.7 551.5 196.0 669.3 599.3 558.5 601.1 323.6 688.6 731.7 310.7 261.6 651.4 312.2 232.3 780.2 338.1 223.3 70.2 44.2 174.2 193.3 353.8 367.4 225.5 642.9 386.4 210.4 67.8 216.0 112.2 710.8 546.5 261.7 518.2 64.2 302.6 314.1 246.4 661.4 314.2 114.8 245.6 643.6 782.0 629.3 281.7 213.7 166.1 605.2 552.2 233.3 674.8 281.0 319.3 678.9 363.5 173.9 213.1 168.1 273.1 376.9 219.8 179.6 83.9 253.7 308.1 282.7 124.2 222.9 256.1 635.8 676.3 682.4 229.5 731.8
2868.5 91.3 166.8 713.8 645.3 616.0 157.5 71.8 631.4 145.6 741.0 738.1 682.8 587.3 580.9 747.8 695.0 623.7 656.3 731.5 605.9 457.9 539.0 674.6 207.5 158.9 120.7 49.8 153.5 561.4 732.7 212.4 779.1 593.7 724.3 154.3 792.3 270.9 670.2 540.1 668.4 126.1 740.5 743.5 0.0 183.9 652.7 707.1 57.5 98.0 50.0 681.0 127.0 657.6 215.7 139.6 142.8 172.8 724.1 210.0 689.8 209.2 121.4 105.5 81.0 606.7 490.0 578.4 592.9 180.4 141.8 476.9 689.1 738.9 256.5 579.5 143.1 535.6 600.5 233.8 312.6 740.6 545.7 557.4 586.0 753.4 557.0 714.4 571.0 113.4 599.5 200.8 558.6 620.8 662.1 160.9 226.7 726.5 813.3 218.2 750.9 77.7 161.1 209.3 220.8 476.8 185.4 152.6 647.7 595.6 154.6 568.3 735.2 114.0 499.6 593.4 690.6 740.6 644.7 620.3 530.1 498.6 620.1 133.0 478.1 619.8 754.7 626.5 649.9 111.6 208.5 601.5 287.2 816.1 639.4 614.5 721.1 110.3 486.2 731.9 650.2 92.5 194.3 107.8 582.1 608.3 665.0 238.1 208.4 561.3 90.1 714.2 549.4 48.0 457.1 754.8 802.6 597.8 669.7 442.2 687.1 618.3 671.9 543.2 704.7 656.0 741.3 761.0 688.3 166.5 77.1 48.5 776.7 146.2
2997.8 203.3 69.0 614.7 594.2 564.9 130.5 221.4 533.6 74.4 643.2 637.3 585.0 489.5 483.1 649.3 597.2 525.9 558.5 633.7 508.1 360.1 441.2 573.8 327.7 283.2 165.6 199.4 191.7 463.6 728.3 114.6 666.7 526.1 626.5 124.3 694.5 173.1 572.4 442.3 605.8 239.9 698.3 672.9 175.6 0.0 601.6 634.6 128.8 142.9 170.2 681.7 132.5 683.0 117.9 41.7 263.0 166.2 626.3 202.7 589.0 170.2 241.6 221.9 101.8 508.9 392.2 480.6 495.1 314.0 170.2 379.1 591.3 641.1 376.7 481.7 292.7 437.8 502.7 136.0 211.8 642.8 447.9 459.6 488.2 655.6 459.2 613.6 475.2 229.8 501.7 173.8 458.8 523.0 562.1 71.9 128.9 655.9 715.5 92.7 656.5 147.7 196.5 99.7 198.3 379.0 207.2 115.0 546.9 497.8 163.0 470.5 637.4 226.0 401.8 495.6 592.8 683.0 546.9 569.2 432.3 400.8 522.3 126.4 380.3 522.0 697.9 528.7 552.1 261.2 110.7 500.7 189.4 841.3 541.6 516.7 623.3 230.5 388.4 634.1 563.7 212.7 349.2 228.0 484.3 510.5 564.2 202.4 149.4 463.5 207.3 613.4 451.6 124.7 356.3 709.6 704.8 500.0 571.9 344.4 589.3 517.5 620.8 445.4 606.9 555.2 643.5 663.2 594.9 79.9 226.7 141.6 678.9 312.5
3229.0 655.0 549.2 297.7 7.3 70.7 634.1 568.5 237.7 622.2 230.8 151.4 330.2 174.6 141.6 163.4 268.5 191.0 229.8 218.6 137.2 333.8 312.5 318.3 644.9 605.2 541.4 579.6 469.4 263.6 79.9 472.6 300.3 97.8 211.8 609.6 230.7 462.2 277.8 209.6 4.1 689.8 100.2 161.2 616.5 587.6 0.0 122.9 580.5 527.0 553.6 66.1 616.8 93.7 528.4 616.2 585.0 591.4 337.9 541.6 203.5 506.5 563.6 529.6 557.6 174.0 346.2 227.9 212.0 613.2 542.5 257.9 262.6 346.3 693.9 168.3 621.0 168.6 249.9 546.5 448.3 52.9 298.9 192.3 153.3 169.7 171.9 273.0 132.7 527.1 166.8 677.4 242.3 188.1 290.1 637.5 469.3 144.2 333.9 517.1 240.0 566.8 561.8 524.1 531.3 266.0 586.1 629.2 353.4 304.3 552.3 267.6 276.3 677.7 273.4 208.3 114.2 171.3 218.2 32.3 289.1 322.8 269.5 592.5 323.6 148.7 202.2 154.3 156.2 608.3 476.7 159.2 449.1 230.8 200.1 249.4 290.4 558.9 251.4 158.8 289.6 541.1 677.2 526.8 217.0 257.7 210.1 535.4 482.4 176.2 572.3 325.0 274.7 576.4 300.7 114.0 309.0 106.4 317.1 314.1 263.8 117.9 169.4 192.7 352.1 361.7 168.2 266.9 300.1 643.1 573.8 579.9 283.1 629.3
3252.1 641.7 532.9 216.7 139.2 114.9 717.4 651.8 155.4 592.0 148.5 67.1 247.9 190.3 224.9 24.6 186.2 119.0 147.5 136.3 160.6 417.1 318.8 236.0 728.2 688.5 624.7 662.9 552.7 269.9 154.3 504.1 203.4 184.0 129.5 621.7 148.4 493.7 195.5 235.6 127.6 645.7 124.3 38.2 702.8 583.7 131.8 0.0 663.8 610.3 636.9 107.7 700.1 109.0 524.5 559.3 668.3 603.5 255.6 573.8 121.2 534.7 646.9 612.9 640.9 134.1 352.5 227.6 129.7 696.5 625.8 283.9 180.3 264.0 777.2 191.7 704.3 192.0 167.6 542.6 461.7 68.8 305.2 218.7 158.4 85.4 195.3 190.7 156.1 610.4 141.3 760.7 248.6 163.5 207.8 589.5 500.1 21.2 229.0 513.2 157.7 650.1 561.0 520.2 562.8 285.3 669.4 712.5 272.4 223.3 632.2 273.9 194.0 761.0 299.8 185.0 31.9 48.3 135.9 174.1 315.5 329.1 187.2 604.6 348.1 172.1 64.9 177.7 73.9 691.6 508.2 242.5 479.9 107.8 283.4 275.8 208.1 642.2 275.9 76.5 207.3 624.4 762.8 610.1 243.4 175.4 127.8 566.9 513.9 195.0 655.6 242.7 281.0 659.7 325.2 135.6 226.7 129.8 234.8 338.6 181.5 141.3 64.7 215.4 269.8 244.4 85.9 184.6 217.8 597.5 657.1 663.2 200.8 712.6
2908.8 74.4 122.7 668.4 601.2 571.9 113.4 92.5 587.3 101.5 696.9 691.0 638.7 543.2 536.8 703.0 650.9 579.6 612.2 687.4 561.8 413.8 494.9 627.5 231.1 179.6 76.6 70.5 102.7 517.3 688.6 168.3 720.4 549.6 680.2 107.2 748.2 226.8 626.1 496.0 612.8 111.0 696.4 699.4 57.5 139.8 608.6 663.0 0.0 53.9 73.6 636.9 82.9 613.5 171.6 95.5 166.4 128.7 680.0 165.2 642.7 143.3 145.0 125.3 36.9 562.6 445.9 534.3 548.8 201.1 97.7 432.8 645.0 694.8 280.1 535.4 163.8 491.5 556.4 189.7 265.5 696.5 501.6 513.3 541.9 709.3 512.9 667.3 528.9 133.2 555.4 156.7 512.5 576.7 615.8 116.8 182.6 682.4 769.2 146.4 710.2 51.1 117.0 153.4 176.7 432.7 141.3 108.5 600.6 551.5 104.1 524.2 691.1 97.1 455.5 549.3 646.5 696.5 600.6 576.2 486.0 454.5 576.0 88.9 434.0 575.7 711.8 582.4 605.8 132.3 164.4 554.4 243.1 769.0 595.3 570.4 677.0 133.9 442.1 687.8 617.4 116.1 220.3 131.4 538.0 564.2 617.9 194.0 164.3 517.2 110.7 667.1 505.3 28.1 410.0 707.7 758.5 553.7 625.6 398.1 643.0 571.2 627.8 499.1 660.6 608.9 697.2 716.9 648.6 124.8 97.8 45.0 732.6 183.6
2854.8 127.9 116.3 620.7 547.2 517.9 107.0 146.0 539.6 95.1 649.2 637.5 591.0 495.5 488.5 649.5 603.2 531.9 564.5 639.7 513.5 366.1 447.2 579.8 270.7 209.0 22.6 124.0 48.7 469.6 634.6 161.9 672.7 495.6 632.5 100.8 700.5 160.2 578.4 448.3 558.8 164.5 642.4 645.4 100.2 133.4 554.6 609.0 53.4 0.0 94.8 582.9 89.7 559.5 165.2 89.1 188.8 122.3 632.3 106.7 595.0 89.3 167.4 79.9 30.5 514.9 398.2 486.6 501.1 239.0 43.7 385.1 597.3 647.1 319.7 487.7 224.8 443.8 508.7 183.3 208.0 607.6 453.9 465.6 494.2 655.8 465.2 619.6 481.2 87.8 507.7 150.3 464.8 529.0 568.1 110.4 176.2 628.4 721.5 140.0 662.5 48.0 63.0 147.0 95.7 385.0 87.3 102.1 552.9 503.8 50.1 476.5 643.4 150.6 407.8 501.6 598.8 642.5 552.9 522.2 438.3 406.8 528.3 82.5 386.3 528.0 657.8 534.7 558.1 185.8 158.0 506.1 178.5 715.0 547.0 522.7 629.3 162.7 394.4 640.1 569.7 144.9 305.3 130.6 490.3 516.5 570.2 140.0 110.3 469.5 131.9 619.4 457.6 49.3 362.3 653.7 710.8 506.0 577.9 350.4 595.3 523.5 573.8 451.4 612.9 561.2 649.5 669.2 600.9 118.4 151.3 66.2 684.9 255.1
2818.4 156.1 152.1 697.8 630.6 601.3 142.8 69.8 616.7 130.9 726.3 720.4 668.1 572.6 566.2 732.4 680.3 609.0 641.6 716.8 591.2 443.2 524.3 656.9 157.4 112.9 86.3 80.9 132.1 546.7 718.0 197.7 749.8 579.0 709.6 136.6 777.6 231.8 655.5 525.4 642.2 192.7 725.8 728.8 65.9 169.2 638.0 692.4 81.6 83.3 0.0 666.3 112.3 642.9 201.0 124.9 92.7 158.1 709.4 194.6 672.1 160.9 71.3 71.1 66.3 592.0 475.3 563.7 578.2 143.7 115.3 462.2 674.4 724.2 206.4 564.8 128.7 520.9 585.8 219.1 294.9 725.9 531.0 542.7 571.3 738.7 542.3 696.7 558.3 79.0 584.8 186.1 541.9 606.1 645.2 146.2 212.0 711.8 798.6 175.8 739.6 55.4 134.6 182.8 167.3 462.1 158.9 137.9 630.0 580.9 121.7 553.6 720.5 178.8 484.9 578.7 675.9 725.9 630.0 605.6 515.4 483.9 605.4 118.3 463.4 605.1 741.2 611.8 635.2 109.6 193.8 583.8 250.1 798.4 624.7 599.8 706.4 60.2 471.5 717.2 646.8 42.4 197.6 57.7 567.4 593.6 647.3 211.6 181.9 546.6 54.6 696.5 534.7 69.2 439.4 737.1 787.9 583.1 655.0 427.5 672.4 600.6 657.2 528.5 690.0 638.3 726.6 746.3 678.0 154.2 75.1 26.2 762.0 159.8
3262.9 688.9 583.1 273.7 92.3 60.5 668.0 602.4 212.4 656.1 205.5 126.1 304.9 232.3 175.5 138.1 243.2 248.7 204.5 193.3 194.9 367.7 370.2 293.0 678.8 639.1 575.3 613.5 503.3 321.3 107.4 506.5 260.4 131.7 186.5 643.5 205.4 496.1 252.5 267.3 80.7 725.5 59.4 135.9 653.4 621.5 84.9 97.6 614.4 560.9 587.5 0.0 650.7 27.5 562.3 650.1 618.9 625.3 312.6 576.2 178.2 537.1 597.5 563.5 591.5 231.7 403.9 285.6 186.7 647.1 576.4 315.6 237.3 321.0 727.8 226.0 654.9 226.3 224.6 580.4 482.2 27.6 356.6 250.0 211.0 144.4 229.6 247.7 190.4 561.0 224.5 711.3 300.0 245.8 264.8 671.4 503.2 118.9 308.6 551.0 214.7 600.7 595.7 558.0 565.2 318.3 620.0 663.1 329.4 280.3 582.8 325.3 251.0 711.6 331.1 266.0 88.9 146.0 192.9 88.9 346.8 380.5 244.2 626.4 381.3 206.4 178.1 212.0 130.9 642.2 510.6 193.1 483.0 205.5 234.0 307.1 265.1 592.8 309.1 133.5 264.3 575.0 713.4 560.7 274.7 232.4 184.8 569.3 516.3 233.9 606.2 299.7 332.4 610.3 358.4 70.7 283.7 164.1 291.8 366.5 238.5 183.6 144.1 250.4 326.8 301.4 142.9 241.6 274.8 679.4 607.7 613.8 257.8 663.2
2928.2 133.7 122.7 668.4 620.6 591.3 113.4 151.8 587.3 101.5 696.9 691.0 638.7 543.2 536.8 703.0 650.9 579.6 612.2 687.4 561.8 413.8 494.9 627.5 258.1 213.6 96.0 129.8 122.1 517.3 708.0 168.3 720.4 579.8 680.2 107.2 748.2 226.8 626.1 496.0 632.2 170.3 752.0 718.8 106.0 139.8 628.0 682.4 59.2 73.3 100.6 656.3 0.0 632.9 171.6 95.5 193.4 128.7 680.0 165.2 642.7 162.7 172.0 152.3 32.2 562.6 445.9 534.3 548.8 244.4 117.1 432.8 645.0 694.8 307.1 535.4 223.1 491.5 556.4 189.7 265.5 696.5 501.6 513.3 541.9 709.3 512.9 667.3 528.9 160.2 555.4 156.7 512.5 576.7 615.8 116.8 182.6 701.8 769.2 146.4 710.2 78.1 136.4 153.4 176.7 432.7 160.7 108.5 600.6 551.5 125.5 524.2 691.1 156.4 455.5 549.3 646.5 715.9 600.6 595.6 486.0 454.5 576.0 88.9 434.0 575.7 731.2 582.4 605.8 191.6 164.4 554.4 243.1 788.4 595.3 570.4 677.0 160.9 442.1 687.8 617.4 143.1 279.6 158.4 538.0 564.2 617.9 213.4 183.7 517.2 137.7 667.1 505.3 55.1 410.0 763.3 758.5 553.7 625.6 398.1 643.0 571.2 647.2 499.1 660.6 608.9 697.2 716.9 648.6 124.8 157.1 72.0 732.6 242.9
3235.3 661.3 555.5 294.8 86.3 32.9 640.4 574.8 233.5 628.5 226.6 147.2 326.0 241.1 147.9 159.2 264.3 257.5 225.6 214.4 218.3 340.1 364.5 314.1 651.2 611.5 547.7 585.9 475.7 320.7 130.8 478.9 281.5 104.1 207.6 615.9 226.5 468.5 273.6 276.1 97.9 697.9 82.8 157.0 625.8 593.9 93.7 118.7 586.8 533.3 559.9 23.4 623.1 0.0 534.7 622.5 591.3 597.7 333.7 548.6 199.3 509.5 569.9 535.9 563.9 240.5 366.4 294.4 207.8 619.5 548.8 324.4 258.4 342.1 700.2 249.4 627.3 235.1 245.7 552.8 454.6 51.0 356.0 258.8 219.8 165.5 238.4 268.8 199.2 533.4 233.3 683.7 299.4 254.6 285.9 643.8 475.6 140.0 329.7 523.4 235.8 573.1 568.1 530.4 537.6 290.7 592.4 635.5 350.5 301.4 555.2 324.7 272.1 684.0 339.9 274.8 110.0 167.1 214.0 61.3 355.6 379.9 265.3 598.8 354.5 229.8 199.2 218.5 152.0 614.6 483.0 165.5 455.4 226.6 206.4 315.9 286.2 565.2 282.3 154.6 285.4 547.4 685.8 533.1 283.5 253.5 205.9 541.7 488.7 242.7 578.6 320.8 331.8 582.7 331.6 94.1 304.8 172.9 312.9 338.9 259.6 156.0 165.2 259.2 347.9 322.5 164.0 262.7 295.9 651.8 580.1 586.2 278.9 635.6
3029.7 156.0 47.2 555.6 535.1 505.8 162.4 253.3 474.5 106.3 584.1 578.2 525.9 430.4 424.0 590.2 538.1 466.8 499.4 574.6 449.0 301.0 382.1 514.7 355.4 296.9 197.5 231.3 223.6 404.5 669.2 55.5 607.6 467.0 567.4 156.2 635.4 114.0 513.3 383.2 546.7 160.0 639.2 613.8 207.5 98.0 542.5 575.5 160.7 174.8 202.1 622.6 164.4 623.9 0.0 73.6 294.9 211.9 567.2 182.2 529.9 143.1 273.5 253.8 133.7 449.8 333.1 421.5 436.0 318.4 189.6 320.0 532.2 582.0 404.4 422.6 281.1 378.7 443.6 18.0 152.7 583.7 388.8 400.5 429.1 596.5 400.1 554.5 416.1 261.7 442.6 205.7 399.7 463.9 503.0 103.8 69.8 596.8 656.4 27.5 597.4 179.6 169.4 34.5 171.2 319.9 206.4 146.9 487.8 438.7 182.4 411.4 578.3 230.0 342.7 436.5 533.7 623.9 487.8 510.1 373.2 341.7 463.2 158.3 321.2 462.9 638.8 469.6 493.0 293.1 51.6 441.6 130.3 782.2 482.5 457.6 564.2 262.4 329.3 575.0 504.6 244.6 337.6 259.9 425.2 451.4 505.1 175.3 122.3 404.4 239.2 554.3 392.5 156.6 297.2 650.5 645.7 440.9 512.8 285.3 530.2 458.4 561.7 386.3 547.8 496.1 584.4 604.1 535.8 111.8 258.6 173.5 619.8 300.9
2956.0 161.5 27.1 572.8 552.3 523.0 88.7 179.6 491.7 32.6 601.3 595.4 543.1 447.6 441.2 608.1 555.3 484.0 516.6 591.8 466.2 318.2 399.3 531.9 285.9 241.4 123.8 157.6 156.6 421.7 686.4 72.7 624.8 484.2 584.6 82.5 652.6 131.2 530.5 400.4 563.9 196.3 656.4 631.0 136.8 44.2 559.7 592.7 87.0 101.1 128.4 639.8 90.7 641.1 76.0 0.0 221.2 124.4 584.4 166.7 547.1 128.3 199.8 180.1 60.0 467.0 350.3 438.7 453.2 272.2 128.4 337.2 549.4 599.2 334.9 439.8 250.9 395.9 460.8 94.1 169.9 600.9 406.0 417.7 446.3 613.7 417.3 571.7 433.3 188.0 459.8 132.0 416.9 481.1 520.2 30.1 87.0 614.0 673.6 50.8 611.2 105.9 154.6 57.8 156.4 337.1 165.4 73.2 505.0 455.9 131.6 428.6 595.5 184.2 359.9 453.7 550.9 641.1 505.0 527.3 390.4 358.9 480.4 84.6 338.4 480.1 654.8 486.8 510.2 219.4 68.8 458.8 147.5 799.4 499.7 474.8 581.4 188.7 346.5 592.2 521.8 170.9 305.1 186.2 442.4 468.6 522.3 160.5 107.5 421.6 165.5 571.5 409.7 82.9 314.4 667.7 662.9 458.1 530.0 302.5 547.4 475.6 578.9 403.5 565.0 513.3 601.6 621.3 553.0 35.7 184.9 99.8 637.0 270.7
2835.3 238.6 250.4 761.8 634.4 605.1 241.1 93.1 680.7 229.2 804.1 724.7 732.1 636.6 580.4 736.7 744.3 673.0 705.6 791.9 654.6 507.2 588.3 720.9 58.3 20.1 155.8 124.2 207.8 610.7 721.8 296.0 813.8 582.8 773.6 234.9 804.0 301.3 719.5 589.4 646.0 275.2 729.6 732.6 164.1 267.5 641.8 696.2 179.9 181.6 98.2 670.1 210.6 646.7 299.3 223.2 0.0 233.7 773.4 247.8 776.8 230.4 21.6 113.2 164.6 656.0 539.3 627.7 642.2 44.6 184.8 526.2 738.4 788.2 107.3 628.8 35.9 584.9 649.8 317.4 349.1 694.8 595.0 606.7 635.3 743.0 606.3 760.7 622.3 110.7 648.8 284.4 605.9 670.1 709.2 244.5 310.3 715.6 862.6 274.3 803.6 153.7 204.1 265.4 236.8 526.1 228.4 236.2 694.0 644.9 191.2 617.6 784.5 261.3 548.9 642.7 687.5 729.7 694.0 609.4 579.4 547.9 669.4 216.6 527.4 669.1 745.0 675.8 699.2 129.5 292.1 598.0 319.6 802.2 638.9 663.8 770.4 102.1 535.5 732.1 710.8 119.8 110.9 74.6 631.4 657.6 711.3 281.1 251.4 610.6 116.9 760.5 598.7 167.5 503.4 740.9 851.9 647.1 719.0 491.5 736.4 634.7 661.0 592.5 754.0 702.3 741.5 810.3 742.0 252.5 88.6 124.5 826.0 60.7
2934.6 192.6 129.5 619.1 627.0 597.7 96.1 210.7 538.0 108.3 647.6 641.7 589.4 493.9 486.9 653.7 601.6 530.3 562.9 638.1 511.9 364.5 445.6 578.2 315.3 270.8 84.4 188.7 128.5 468.0 732.7 175.1 671.1 529.9 630.9 47.0 698.9 158.6 576.8 446.7 638.6 229.2 702.7 677.3 164.9 146.6 634.4 639.0 118.1 88.0 159.5 686.1 121.8 639.3 178.4 102.3 250.6 0.0 630.7 36.4 593.4 87.7 229.2 141.7 91.1 513.3 396.6 485.0 499.5 318.8 52.8 383.5 595.7 645.5 364.3 486.1 286.6 442.2 507.1 196.5 206.4 647.2 452.3 464.0 492.6 660.0 463.6 618.0 479.6 149.6 506.1 139.4 463.2 527.4 566.5 123.6 189.4 660.3 719.9 153.2 660.9 109.8 72.3 160.2 47.9 383.4 89.8 115.3 551.3 502.2 45.6 474.9 641.8 215.3 406.2 500.0 597.2 687.4 551.3 602.0 436.7 405.2 526.7 29.9 384.7 526.4 702.3 533.1 556.5 250.5 171.2 504.5 176.9 836.7 545.4 521.1 627.7 224.5 392.8 638.5 568.1 206.7 385.1 192.4 488.7 514.9 568.6 138.4 108.7 467.9 196.6 617.8 456.0 114.0 360.7 714.0 709.2 504.4 576.3 348.8 593.7 521.9 653.6 449.8 611.3 559.6 647.9 667.6 599.3 131.6 216.0 130.9 683.3 334.9
3243.9 582.1 473.3 123.3 262.6 238.3 611.2 702.9 95.8 532.4 107.5 186.7 145.3 168.2 301.0 198.7 38.4 96.9 17.0 129.5 231.4 368.8 264.8 115.8 798.7 739.6 553.2 680.9 623.2 247.8 277.7 444.5 153.0 267.6 90.8 562.1 180.8 434.1 135.9 176.0 251.0 586.1 247.7 222.3 657.1 524.1 255.2 184.0 610.3 556.8 644.5 231.1 590.5 232.4 464.9 499.7 719.4 543.9 0.0 514.2 82.5 475.1 698.0 610.5 587.4 112.0 330.4 168.0 70.1 767.0 521.6 224.3 32.5 149.7 847.7 200.3 707.2 153.4 108.0 483.0 402.1 192.2 282.9 159.1 136.3 205.0 140.4 131.1 171.9 618.4 119.2 654.5 226.5 141.4 148.2 529.9 440.5 205.3 201.8 453.6 142.8 578.6 501.4 460.6 503.2 263.2 538.4 573.0 145.8 163.7 514.4 251.8 146.0 656.1 240.2 125.4 142.2 232.4 28.1 266.7 255.9 275.7 127.6 545.0 326.0 218.7 247.3 225.4 101.5 742.7 448.6 279.5 420.3 377.8 320.4 216.2 131.9 693.3 253.8 183.5 93.0 675.5 833.3 661.2 183.8 115.8 170.8 507.3 454.3 135.4 681.6 128.4 258.9 606.2 303.1 259.0 176.9 196.7 132.2 293.7 75.6 214.2 248.8 155.8 167.2 166.1 192.9 149.5 103.5 537.9 708.2 617.8 151.0 783.1
2937.8 219.2 176.0 583.9 561.5 531.5 142.6 237.3 501.5 154.8 611.1 604.5 552.9 457.4 450.4 617.2 565.1 493.1 526.4 601.6 475.4 328.0 408.4 541.0 318.5 274.0 87.6 215.3 138.4 431.5 696.2 150.5 649.2 493.4 593.7 93.5 662.4 121.4 540.3 410.2 662.1 254.0 666.2 640.8 194.5 193.1 568.9 602.5 144.7 91.2 178.9 649.6 181.0 650.9 224.9 148.8 253.8 46.4 594.2 0.0 556.9 73.0 232.4 144.9 121.8 476.8 360.1 448.5 463.0 322.0 56.0 347.0 558.5 609.0 367.5 449.6 289.8 405.7 470.6 243.0 169.9 610.7 415.8 427.5 456.1 622.8 427.1 581.5 441.1 152.8 469.6 185.9 428.7 490.9 532.2 170.1 178.6 623.8 683.4 199.7 621.0 113.0 35.8 206.7 11.4 346.9 72.8 161.8 514.8 465.7 44.6 438.4 605.3 241.9 369.7 463.5 560.7 650.9 514.8 536.5 400.2 368.7 490.2 76.4 348.2 489.9 663.9 496.6 520.0 277.1 154.6 467.3 140.4 800.2 508.9 484.6 591.2 227.7 356.3 602.0 520.3 209.9 385.3 195.6 452.2 478.4 531.4 101.9 72.2 431.4 216.0 580.6 418.8 140.6 323.5 676.8 672.7 467.9 539.8 312.3 557.2 484.7 588.1 413.3 574.8 522.4 611.4 631.1 558.4 175.7 242.6 152.2 646.1 311.7
3236.9 602.1 493.3 94.1 225.8 201.5 631.2 720.7 115.8 552.4 27.2 149.9 138.3 150.7 293.8 161.9 91.7 79.4 66.3 44.6 213.9 358.8 279.2 108.8 797.1 757.4 573.2 700.9 621.6 230.3 240.9 464.5 114.1 252.9 8.2 582.1 87.8 454.1 155.9 196.0 206.8 606.1 210.9 242.0 680.1 544.1 218.4 147.2 630.3 576.8 664.5 194.3 610.5 195.6 484.9 519.7 737.2 563.9 134.3 533.5 0.0 498.4 715.8 630.5 607.4 94.5 312.9 188.0 90.1 765.4 541.6 244.3 85.8 142.7 846.1 182.8 727.2 162.7 128.0 503.0 422.1 155.4 265.6 179.1 118.8 168.2 160.4 151.1 152.4 638.4 101.7 674.5 209.0 123.9 165.5 549.9 460.5 168.5 130.3 473.6 58.9 598.6 521.4 480.6 523.2 245.7 558.4 593.0 138.8 183.7 530.9 234.3 72.7 676.1 260.2 145.4 105.4 195.6 77.4 229.9 275.9 289.5 147.6 565.0 308.5 201.2 209.3 207.9 64.7 760.5 468.6 262.0 440.3 306.3 302.9 236.2 86.8 711.1 236.3 146.7 99.5 693.3 829.4 679.0 203.8 135.8 88.2 527.3 474.3 155.4 724.5 121.4 241.4 626.2 285.6 222.2 105.4 179.2 125.2 299.0 60.2 196.7 212.0 175.8 160.2 159.1 156.1 96.0 96.5 555.5 726.0 637.8 79.5 781.5
2928.2 209.6 121.2 532.6 510.2 480.9 136.0 227.7 450.2 160.3 559.8 553.9 501.6 406.1 399.1 566.6 513.8 456.1 475.1 550.3 424.1 276.7 371.4 504.0 308.9 264.4 78.0 205.7 128.8 380.2 644.9 99.2 597.9 442.1 556.7 99.0 611.1 70.8 489.0 358.9 610.8 244.4 614.9 589.5 184.9 186.5 531.2 551.2 135.1 81.6 169.3 598.3 171.4 599.6 155.0 154.3 244.2 68.7 542.9 38.3 505.6 0.0 222.8 135.3 112.2 425.5 308.8 397.2 411.7 312.4 46.4 295.7 521.5 557.7 357.9 398.3 280.2 354.4 419.3 173.1 132.2 559.4 364.5 376.2 418.4 585.8 375.8 530.2 389.8 143.2 418.3 179.3 377.4 439.6 480.9 163.5 127.3 572.5 632.1 143.7 569.7 103.4 26.2 150.7 28.0 295.6 63.2 155.2 477.1 414.4 35.7 387.1 554.0 232.3 318.4 412.2 509.4 613.2 463.5 485.2 348.9 317.4 452.5 69.8 296.9 438.6 613.3 445.3 468.7 267.5 103.3 416.7 89.1 762.5 457.6 433.3 539.9 218.1 305.0 550.7 469.0 200.3 376.4 186.0 400.9 427.1 480.8 50.6 20.9 380.1 218.5 530.0 368.2 131.0 272.9 626.2 621.4 416.6 488.5 261.0 505.9 434.1 536.8 362.0 523.5 485.4 560.1 579.8 507.1 169.1 233.0 154.7 609.1 302.1
2813.6 216.9 228.7 740.1 612.7 583.4 219.4 114.5 659.0 207.5 782.4 703.0 710.4 614.9 558.7 715.0 722.6 651.3 683.9 770.2 632.9 485.5 566.6 699.2 86.0 41.5 134.1 102.5 186.1 589.0 700.1 274.3 792.1 561.1 751.9 213.2 782.3 279.6 697.8 567.7 624.3 253.5 707.9 710.9 142.4 245.8 620.1 674.5 158.2 159.9 76.5 648.4 188.9 625.0 277.6 201.5 21.3 212.0 751.7 226.1 755.1 208.7 0.0 91.5 142.9 634.3 517.6 606.0 620.5 72.3 163.1 504.5 716.7 766.5 135.0 607.1 57.3 563.2 628.1 295.7 327.4 673.1 573.3 585.0 613.6 721.3 584.6 739.0 600.6 89.0 627.1 262.7 584.2 648.4 687.5 222.8 288.6 693.9 840.9 252.4 781.9 132.0 182.4 259.4 215.1 504.4 206.7 214.5 672.3 623.2 169.5 595.9 762.8 239.6 527.2 621.0 665.8 708.0 672.3 587.7 557.7 526.2 647.7 194.9 505.7 647.4 723.3 654.1 677.5 131.2 270.4 576.3 297.9 780.5 617.2 642.1 748.7 123.5 513.8 710.4 689.1 64.0 138.6 52.9 609.7 635.9 689.6 259.4 229.7 588.9 95.2 738.8 577.0 145.8 481.7 719.2 830.2 625.4 697.3 469.8 714.7 613.0 639.3 570.8 732.3 680.6 719.8 788.6 720.3 230.8 110.0 102.8 804.3 88.4
2795.5 217.8 190.4 648.5 593.0 563.7 181.1 92.3 567.4 169.2 677.0 671.1 618.8 523.3 516.3 683.1 631.0 559.7 592.3 667.5 541.3 393.9 475.0 607.6 173.5 129.0 42.5 103.4 94.5 497.4 680.4 216.4 700.5 559.3 660.3 138.6 728.3 188.0 606.2 476.1 604.6 254.4 732.1 691.2 111.6 207.5 600.4 654.8 120.9 74.0 77.4 628.7 163.8 605.3 239.3 163.2 108.8 120.4 660.1 134.5 622.8 117.1 87.4 0.0 104.6 542.7 426.0 514.4 528.9 159.8 71.5 412.9 625.1 674.9 222.5 515.5 144.8 471.6 536.5 257.4 235.8 676.6 481.7 493.4 522.0 689.4 493.0 647.4 509.0 7.8 535.5 224.4 492.6 556.8 595.9 184.5 244.5 674.2 749.3 214.1 690.3 69.4 90.8 221.1 123.5 412.8 115.1 176.2 580.7 531.6 77.9 504.3 671.2 240.5 435.6 529.4 626.6 688.3 580.7 568.0 466.1 434.6 556.1 121.5 414.1 555.8 703.6 562.5 585.9 132.1 220.5 533.9 206.3 760.8 574.8 550.5 657.1 82.7 422.2 667.9 597.5 64.9 226.1 50.6 518.1 544.3 598.0 167.8 138.1 497.3 96.1 647.2 485.4 108.5 390.1 743.4 738.6 533.8 605.7 378.2 623.1 551.3 619.6 479.2 640.7 589.0 677.3 697.0 628.7 192.5 97.6 71.9 712.7 175.9
2895.9 101.4 85.7 632.7 588.3 559.0 76.4 119.5 550.3 64.5 659.9 654.0 601.7 506.2 499.8 666.0 613.9 542.6 575.2 650.4 524.8 376.8 457.9 590.5 225.8 181.3 63.7 97.5 96.5 480.3 675.7 131.3 698.0 542.8 643.2 70.2 711.2 189.8 589.1 459.0 611.4 136.2 715.0 689.6 73.7 102.8 595.7 651.3 26.9 41.0 68.3 624.0 45.9 600.6 134.6 58.5 161.1 91.7 643.0 128.2 605.7 156.5 139.7 120.0 0.0 525.6 408.9 497.3 511.8 212.1 95.7 395.8 608.0 657.8 274.8 498.4 190.8 454.5 519.4 152.7 228.5 659.5 464.6 476.3 504.9 672.3 475.9 630.3 489.9 127.9 518.4 119.7 475.5 539.7 578.8 79.8 145.6 672.6 732.2 109.4 673.2 45.8 108.4 116.4 139.7 395.7 132.7 71.5 563.6 514.5 98.9 487.2 654.1 124.1 418.5 512.3 609.5 683.6 563.6 563.3 449.0 417.5 539.0 51.9 397.0 538.7 697.7 545.4 568.8 159.3 127.4 517.4 206.1 858.0 558.3 533.4 640.0 128.6 405.1 650.8 569.1 110.8 245.0 126.1 501.0 527.2 580.9 185.4 166.1 480.2 105.4 630.1 468.3 22.8 373.0 726.3 721.5 516.7 588.6 361.1 606.0 534.2 614.9 462.1 623.6 571.9 660.2 679.9 611.6 85.4 124.8 39.7 695.6 193.9
3293.4 529.0 420.2 187.7 216.4 192.1 558.1 664.7 107.1 479.3 119.5 140.5 199.6 56.1 188.9 152.5 137.9 16.9 99.2 136.9 119.3 264.2 184.6 187.7 741.1 701.4 500.1 675.8 565.6 135.7 231.5 391.4 191.8 155.5 100.5 509.0 180.1 381.0 147.2 109.1 204.8 533.0 201.5 176.1 604.0 471.0 209.0 137.8 557.2 503.7 649.8 184.9 537.4 186.2 411.8 446.6 681.2 490.8 240.8 461.1 92.2 422.0 659.8 557.4 534.3 0.0 218.3 127.4 81.4 709.4 468.5 157.4 132.0 249.2 790.1 88.2 717.2 68.1 119.3 429.9 349.0 146.0 171.0 91.8 24.2 158.8 71.4 142.4 59.8 565.3 7.1 601.4 114.4 29.3 159.5 476.8 387.4 159.1 222.6 400.5 151.2 525.5 448.3 407.5 450.1 151.1 485.3 519.9 252.9 203.8 461.3 139.7 165.0 603.0 172.9 107.8 96.0 186.2 87.6 220.5 191.3 194.9 138.9 491.9 213.9 106.6 201.1 113.3 55.3 704.5 395.5 167.4 367.2 245.7 208.3 148.9 179.1 655.1 141.7 137.3 192.5 637.3 775.7 623.0 116.5 127.1 79.5 454.2 401.2 75.7 668.5 227.9 146.8 553.1 191.0 212.8 197.7 84.6 186.5 204.4 152.5 102.1 202.6 92.2 221.5 196.1 146.7 188.3 203.0 484.8 670.0 564.7 171.8 725.5
3220.4 419.7 310.9 415.9 438.4 414.1 448.8 540.5 289.4 370.0 341.5 362.5 349.6 166.9 335.3 374.5 353.0 238.9 314.3 358.9 202.9 159.7 71.3 375.0 636.3 577.2 390.8 518.5 460.8 73.4 453.5 282.1 413.8 301.9 322.5 399.7 402.1 271.7 297.2 145.8 426.8 423.7 423.5 398.1 494.7 361.7 431.0 359.8 447.9 394.4 482.1 406.9 428.1 408.2 302.5 337.3 557.0 381.5 427.5 351.8 314.2 312.7 535.6 448.1 425.0 221.9 0.0 204.6 250.9 604.6 359.2 99.3 347.1 442.3 685.3 171.8 544.8 179.8 269.3 320.6 239.7 368.0 57.7 171.3 201.2 380.8 192.4 324.7 206.2 456.0 214.7 492.1 105.0 236.0 309.5 367.5 278.1 381.1 444.6 291.2 373.2 416.2 339.0 298.2 340.8 97.0 376.0 410.6 348.1 299.0 352.0 96.9 387.0 493.7 115.7 228.8 318.0 408.2 302.7 442.5 78.0 66.0 288.9 382.6 11.9 217.5 423.1 213.7 277.3 580.3 286.2 313.8 257.9 467.7 354.7 190.3 424.5 530.9 106.4 359.3 364.9 513.1 670.9 498.8 146.6 277.1 301.5 344.9 291.9 196.7 519.2 414.6 61.4 443.8 44.7 434.8 419.7 231.0 336.5 39.2 390.5 248.5 424.6 169.4 371.5 356.4 368.7 410.3 396.1 375.5 545.8 455.4 393.8 620.7
3267.9 503.5 394.7 230.3 302.0 277.7 532.6 624.3 122.4 453.8 205.1 226.1 182.6 130.8 245.6 238.1 186.0 136.3 147.3 222.5 196.1 258.4 156.5 189.4 720.1 661.0 474.6 602.3 544.6 194.3 317.1 365.9 277.4 212.2 186.1 483.5 265.7 355.5 130.2 65.6 290.4 507.5 287.1 261.7 578.5 445.5 294.6 223.4 531.7 478.2 565.9 270.5 511.9 271.8 386.3 421.1 640.8 465.3 241.9 435.6 177.8 396.5 619.4 531.9 508.8 151.4 224.1 0.0 83.9 688.4 443.0 113.9 180.1 256.7 769.1 172.7 628.6 79.1 102.3 404.4 323.5 231.6 174.6 100.9 129.5 244.4 100.5 157.7 116.5 539.8 158.6 575.9 189.1 180.8 142.5 451.3 361.9 244.7 308.2 375.0 236.8 500.0 422.8 382.0 424.6 225.8 459.8 494.4 227.4 178.3 435.8 198.3 253.0 577.5 123.2 150.1 181.6 271.8 135.7 306.1 147.6 165.3 121.9 466.4 219.2 163.3 286.7 170.0 140.9 664.1 370.0 224.1 341.7 331.3 265.0 158.0 238.9 614.7 216.4 222.9 179.3 596.9 754.7 582.6 125.6 110.1 153.0 428.7 375.7 104.8 603.0 229.0 204.2 527.6 195.2 298.4 283.3 141.3 169.5 183.3 204.9 158.8 288.2 45.4 204.5 179.1 232.3 273.9 210.5 459.3 629.6 539.2 257.4 704.5
3183.1 511.9 403.1 165.8 218.0 193.7 541.0 632.7 38.4 462.2 121.1 142.1 118.1 123.6 256.4 154.1 102.0 52.3 63.3 138.5 186.8 331.7 205.5 124.9 728.5 669.4 483.0 610.7 553.0 193.2 233.1 374.3 217.8 223.0 102.1 491.9 181.7 363.9 65.7 135.1 206.4 515.9 203.1 177.7 586.9 453.9 210.6 139.4 540.1 486.6 574.3 186.5 520.3 187.8 394.7 429.5 649.2 473.7 177.4 444.0 93.8 404.9 627.8 540.3 517.2 67.4 274.6 97.8 0.0 696.8 451.4 183.4 96.1 192.2 777.5 155.7 637.0 94.1 37.8 412.8 331.9 147.6 223.6 99.8 91.7 160.4 81.1 73.7 127.3 548.2 74.6 584.3 181.9 96.8 78.0 459.7 370.3 160.7 224.2 383.4 152.8 508.4 431.2 390.4 433.0 218.6 468.2 502.8 142.6 93.5 444.2 197.2 188.5 585.9 180.9 66.1 97.6 187.8 51.7 222.1 196.6 251.2 57.4 474.8 281.4 174.1 202.7 180.8 56.9 672.5 378.4 234.9 350.1 247.3 275.8 156.9 174.4 623.1 209.2 138.9 114.8 605.3 763.1 591.0 124.5 45.6 69.0 437.1 384.1 76.1 611.4 164.5 203.1 536.0 258.5 214.4 199.3 152.1 105.0 271.9 140.4 169.6 204.2 118.2 140.0 114.6 148.3 214.3 146.0 467.7 638.0 547.6 173.4 712.9
2800.7 248.6 295.2 813.4 643.2 613.9 292.7 102.8 732.3 280.8 812.9 733.5 783.7 688.2 589.2 745.5 795.9 724.6 757.2 800.7 706.2 558.8 639.9 772.5 36.9 80.5 207.4 134.2 211.2 662.3 730.6 317.4 865.4 591.6 793.9 286.5 812.8 352.9 771.1 641.0 654.8 285.2 738.4 741.4 174.1 319.1 650.6 705.0 214.8 233.2 149.8 678.9 262.2 655.5 320.7 274.8 65.2 285.3 825.0 299.4 785.6 282.0 73.2 164.8 216.2 707.6 590.9 679.3 693.8 0.0 236.4 577.8 790.0 839.8 85.9 680.4 64.7 636.5 701.4 338.8 414.6 703.6 646.6 658.3 686.9 751.8 657.9 812.3 673.9 162.3 700.4 336.0 657.5 721.7 760.8 296.1 331.7 724.4 904.4 284.0 822.1 205.3 255.7 275.1 288.4 577.7 280.0 287.8 745.6 696.5 242.8 669.2 836.1 271.3 600.5 694.3 696.3 738.5 745.6 618.2 631.0 599.5 721.0 268.2 579.0 720.7 753.8 706.0 738.3 139.2 313.5 606.8 371.2 811.0 647.7 715.4 822.0 111.8 587.1 740.9 762.4 129.5 66.2 126.2 683.0 709.2 792.2 332.7 303.0 662.2 144.2 812.1 650.3 222.2 555.0 749.7 891.1 660.4 770.6 543.1 788.0 643.5 669.8 644.1 805.6 753.9 750.3 849.0 793.6 304.1 98.3 176.1 865.2 16.0
2881.7 163.1 151.5 576.9 574.1 544.8 116.1 181.2 495.8 130.3 605.4 599.5 547.2 451.7 444.7 611.5 559.4 488.1 520.7 595.9 469.7 322.3 403.4 536.0 262.4 217.9 31.5 159.2 75.6 425.8 690.5 144.8 628.9 487.7 588.7 67.0 656.7 116.4 534.6 404.5 585.7 199.7 660.5 635.1 135.4 168.6 581.5 596.8 88.6 35.1 122.8 643.9 124.9 645.2 200.4 124.3 197.7 48.8 588.5 62.9 551.2 45.5 176.3 88.8 65.7 471.1 354.4 442.8 457.3 265.9 0.0 341.3 553.5 603.3 311.4 443.9 233.7 400.0 464.9 218.5 164.2 605.0 410.1 421.8 450.4 617.8 421.4 575.8 437.4 96.7 463.9 159.4 421.0 485.2 524.3 145.6 172.9 618.1 677.7 175.2 618.7 56.9 19.2 182.2 51.9 341.2 43.5 137.3 509.1 460.0 6.3 432.7 599.6 185.8 364.0 457.8 555.0 645.2 509.1 549.1 394.5 363.0 484.5 49.9 342.5 484.2 660.1 490.9 514.3 221.0 148.9 462.3 134.7 794.5 503.2 478.9 585.5 171.6 350.6 596.3 525.9 153.8 332.2 139.5 446.5 472.7 526.4 96.2 66.5 425.7 159.9 575.6 413.8 84.5 318.5 671.8 667.0 462.2 534.1 306.6 551.5 479.7 600.7 407.6 569.1 517.4 605.7 625.4 557.1 153.6 186.5 96.1 641.1 282.0
3205.1 404.4 295.6 317.4 370.5 346.2 433.5 525.2 190.9 354.7 273.6 294.6 251.1 133.0 247.8 306.6 254.5 169.4 215.8 291.0 198.3 144.4 62.0 276.5 621.0 561.9 375.5 503.2 445.5 102.1 385.6 266.8 369.4 214.4 254.6 384.4 334.2 256.4 198.7 47.3 358.9 408.4 355.6 330.2 479.4 346.4 363.1 291.9 432.6 379.1 466.8 339.0 412.8 340.3 287.2 322.0 541.7 366.2 329.0 336.5 246.3 297.4 520.3 432.8 409.7 152.4 110.1 106.1 152.4 589.3 343.9 0.0 248.6 343.8 670.0 170.1 529.5 81.3 170.8 305.3 224.4 300.1 80.1 93.2 131.7 312.9 108.4 226.2 118.7 440.7 145.2 476.8 150.3 166.5 211.0 352.2 262.8 313.2 376.7 275.9 305.3 400.9 323.7 282.9 325.5 133.5 360.7 395.3 249.6 200.5 336.7 106.1 340.1 478.4 22.6 144.8 250.1 340.3 204.2 374.6 53.1 51.3 190.4 367.3 105.2 165.5 355.2 172.2 209.4 565.0 270.9 226.3 242.6 399.8 267.2 132.0 326.0 515.6 163.7 291.4 266.4 497.8 655.6 483.5 88.3 178.6 221.5 329.6 276.6 112.7 503.9 316.1 112.0 428.5 81.2 366.9 351.8 143.5 238.0 69.3 292.0 161.0 356.7 70.9 273.0 257.9 300.8 365.9 297.6 360.2 530.5 440.1 325.9 605.4
3211.3 646.0 537.2 90.7 275.8 251.5 675.1 770.7 146.5 596.3 74.9 199.9 112.7 200.7 343.8 211.9 141.7 129.4 116.3 96.9 263.9 408.8 329.2 83.2 847.1 807.4 617.1 744.8 664.9 280.3 290.9 508.4 120.4 302.9 58.2 626.0 148.2 498.0 120.1 246.0 264.2 648.2 260.9 280.9 721.0 588.0 268.4 197.2 674.2 620.7 708.4 244.3 654.4 245.6 528.8 563.6 787.2 607.8 108.7 577.4 49.9 539.0 765.8 674.4 651.3 144.5 362.9 238.0 140.1 815.4 585.5 294.3 0.0 117.1 896.1 232.8 771.1 212.7 144.3 546.9 466.0 205.4 315.6 229.1 168.8 218.2 210.4 123.0 202.4 682.3 151.7 718.4 272.4 173.9 112.0 593.8 504.4 218.5 169.2 517.5 106.8 642.5 565.3 524.5 567.1 295.7 602.3 636.9 113.2 135.8 574.8 284.3 113.4 720.0 310.2 195.4 155.4 245.6 127.4 279.9 325.9 339.5 127.0 608.9 358.5 251.2 259.3 257.9 114.7 810.5 512.5 312.0 484.2 345.2 352.9 286.2 99.3 761.1 286.3 196.7 73.9 743.3 879.4 729.0 253.8 137.0 138.2 571.2 518.2 205.4 774.5 95.8 291.4 670.1 335.6 272.2 144.3 229.2 99.6 349.0 43.0 246.7 262.0 225.8 134.6 133.5 206.1 116.9 66.5 601.8 776.0 681.7 118.4 848.0
3262.8 697.5 588.7 87.4 321.4 297.1 726.6 816.3 198.0 647.8 103.9 245.5 164.2 246.3 389.4 305.6 187.3 175.0 161.9 142.5 309.5 454.4 374.8 134.7 892.7 853.0 668.6 796.3 717.2 325.9 336.5 559.9 145.4 348.5 87.2 677.5 173.2 549.5 171.6 291.6 309.8 701.5 306.5 242.6 772.5 639.5 314.0 280.9 725.7 672.2 759.9 289.9 705.9 291.2 580.3 615.1 832.8 659.3 160.2 629.6 95.5 590.5 811.4 725.9 702.8 190.1 408.5 283.6 185.7 861.0 637.0 339.9 181.4 0.0 941.7 278.4 822.6 258.3 195.8 598.4 517.5 251.0 361.2 274.7 214.4 263.8 256.0 174.5 250.0 733.8 197.3 769.9 304.6 219.5 161.3 645.3 555.9 259.8 130.9 569.0 135.2 694.0 616.8 576.0 618.6 341.3 653.8 688.4 164.7 187.3 629.8 329.9 64.7 771.5 355.8 241.0 201.0 286.9 173.0 325.5 371.5 385.1 178.5 660.4 404.1 296.8 310.5 303.5 160.3 856.1 564.0 357.6 535.7 306.9 398.5 331.8 78.8 806.7 331.9 242.3 111.9 788.9 927.3 774.6 299.4 188.5 183.8 622.7 569.7 251.0 820.1 147.3 337.0 721.6 381.2 317.8 117.4 274.8 151.1 394.6 86.1 292.3 326.6 271.4 186.1 185.0 251.7 141.9 117.0 653.3 821.6 733.2 91.5 877.1
2863.9 335.4 347.2 858.6 706.4 677.1 337.9 191.3 777.5 326.0 876.1 796.7 828.9 733.4 652.4 808.7 841.1 769.8 802.4 863.9 751.4 604.0 685.1 817.7 43.3 130.6 252.6 221.0 304.6 707.5 793.8 392.8 910.6 654.8 857.1 331.7 876.0 398.1 816.3 686.2 718.0 372.0 801.6 804.6 260.9 364.3 713.8 768.2 276.7 278.4 195.0 742.1 307.4 718.7 396.1 320.0 110.4 330.5 870.2 344.6 848.8 327.2 118.4 210.0 261.4 752.8 636.1 724.5 739.0 88.4 281.6 623.0 835.2 885.0 0.0 725.6 146.4 681.7 746.6 414.2 445.9 766.8 691.8 703.5 732.1 815.0 703.1 857.5 719.1 207.5 745.6 381.2 702.7 766.9 806.0 341.3 407.1 787.6 967.6 372.5 885.3 250.5 300.9 363.6 333.6 622.9 325.2 333.0 790.8 741.7 288.0 714.4 881.3 358.1 645.7 739.5 759.5 801.7 790.8 681.4 676.2 644.7 766.2 313.4 624.2 765.9 817.0 772.6 796.0 227.7 388.9 670.0 416.4 874.2 710.9 760.6 867.2 200.3 632.3 804.1 807.6 218.0 154.7 171.4 728.2 754.4 808.1 377.9 348.2 707.4 213.7 857.3 695.5 264.3 600.2 812.9 948.7 723.6 815.8 588.3 833.2 706.7 733.0 689.3 850.8 799.1 813.5 907.1 838.8 349.3 186.8 221.3 922.8 104.5
3319.8 518.5 409.7 265.9 294.6 270.3 547.6 659.3 185.3 468.8 197.7 218.7 277.8 23.1 183.5 230.7 216.1 95.1 177.4 215.1 31.0 224.0 144.4 265.9 735.7 696.0 489.6 670.4 560.2 95.5 309.7 380.9 270.0 150.1 178.7 498.5 258.3 370.5 225.4 131.7 283.0 522.5 279.7 254.3 593.5 460.5 287.2 216.0 546.7 493.2 644.4 263.1 526.9 264.4 401.3 436.1 675.8 480.3 319.0 450.6 170.4 411.5 654.4 620.4 523.8 78.1 178.1 150.0 159.6 704.0 458.0 190.2 210.2 327.4 784.7 0.0 711.8 90.7 197.5 419.4 338.5 224.2 130.8 114.4 57.4 237.0 94.0 220.6 62.4 617.9 70.9 590.9 74.2 92.2 237.7 466.3 376.9 237.3 300.8 390.0 229.4 515.0 437.8 397.0 439.6 110.9 474.8 509.4 275.5 226.4 450.8 99.5 243.2 592.5 151.8 130.4 174.2 264.4 165.8 298.7 151.1 154.7 217.1 481.4 173.7 45.6 279.3 41.8 133.5 699.1 385.0 162.0 356.7 323.9 202.9 174.0 257.3 649.7 101.5 215.5 292.3 631.9 770.3 617.6 130.3 205.3 157.7 443.7 390.7 98.3 663.1 306.1 106.6 542.6 150.8 291.0 275.9 79.2 264.7 164.2 230.7 96.7 280.8 114.8 299.7 283.8 224.9 266.5 281.2 474.3 664.6 554.2 250.0 720.1
2860.1 202.9 249.5 771.8 659.2 629.9 259.5 57.1 690.7 247.6 800.3 749.5 742.1 646.6 605.2 761.5 754.3 683.0 715.6 816.7 665.2 517.2 598.3 730.9 94.3 15.8 180.6 88.5 232.6 620.7 746.6 271.7 823.8 607.6 783.6 253.3 828.8 326.1 729.5 599.4 670.8 239.5 754.4 757.4 128.4 300.3 666.6 721.0 169.1 200.0 116.6 694.9 229.0 671.5 275.0 241.6 35.9 258.5 783.4 272.6 746.1 255.2 57.6 138.0 183.0 666.0 549.3 637.7 652.2 76.3 209.6 536.2 748.4 798.2 143.3 638.8 0.0 594.9 659.8 293.1 368.9 719.6 605.0 616.7 645.3 767.8 616.3 770.7 632.3 135.5 658.8 302.8 615.9 680.1 719.2 262.9 286.0 740.4 872.6 238.3 813.6 172.1 228.9 229.4 261.6 536.1 253.2 254.6 704.0 654.9 216.0 627.6 794.5 225.6 558.9 652.7 712.3 754.5 704.0 634.2 589.4 557.9 679.4 235.0 537.4 679.1 769.8 685.8 709.2 93.5 267.8 622.8 344.4 827.0 663.7 673.8 780.4 66.1 545.5 791.2 720.8 83.8 95.5 99.4 641.4 667.6 721.3 305.9 276.2 620.6 98.5 770.5 608.7 176.5 513.4 765.7 861.9 657.1 729.0 501.5 746.4 659.5 685.8 602.5 764.0 712.3 800.6 820.3 752.0 270.9 52.6 142.9 836.0 58.8
3225.2 460.8 352.0 252.5 287.5 263.2 489.9 581.6 144.0 411.1 190.6 211.6 222.8 51.6 166.4 223.6 187.5 88.0 148.8 208.0 116.9 233.7 127.4 211.6 718.6 618.3 431.9 559.6 543.1 115.1 302.6 323.2 304.5 133.0 171.6 440.8 251.2 312.8 151.8 40.9 275.9 464.8 272.6 247.2 535.8 402.8 280.1 208.9 489.0 435.5 523.2 256.0 469.2 257.3 343.6 378.4 598.1 422.6 264.1 392.9 163.3 353.8 576.7 489.2 466.1 71.0 196.5 59.2 105.5 686.9 400.3 89.2 181.6 278.9 767.6 93.5 585.9 0.0 123.9 361.7 280.8 217.1 145.5 21.7 50.3 229.9 21.3 179.3 37.3 497.1 63.8 533.2 109.9 85.1 199.9 408.6 319.2 230.2 293.7 332.3 222.3 457.3 380.1 339.3 381.9 146.6 417.1 451.7 184.7 135.6 393.1 119.1 275.2 534.8 102.8 57.7 167.1 257.3 137.2 235.3 118.5 140.6 143.5 423.7 208.4 84.1 272.2 90.8 126.4 621.4 327.3 144.9 299.0 316.8 185.8 78.8 261.1 572.0 137.2 208.4 201.5 554.2 753.2 539.9 46.4 131.7 150.6 386.0 333.0 25.6 560.3 251.2 125.0 484.9 186.5 283.9 268.8 62.1 209.7 158.6 227.1 79.6 273.7 24.0 244.7 193.0 217.8 301.0 232.7 416.6 586.9 496.5 242.9 703.0
3177.7 506.5 397.7 127.9 271.3 247.0 535.6 627.3 150.3 456.8 156.4 195.4 80.2 176.9 299.6 207.4 178.0 105.6 156.6 201.1 240.1 312.4 210.5 87.0 723.1 664.0 477.6 605.3 547.6 246.5 286.4 368.9 179.9 266.2 139.7 486.5 207.7 358.5 27.8 119.6 259.7 510.5 256.4 231.0 581.5 448.5 263.9 192.7 534.7 481.2 568.9 239.8 514.9 241.1 389.3 424.1 643.8 468.3 139.5 438.6 148.0 399.5 622.4 534.9 511.8 120.7 278.1 111.6 53.2 691.4 446.0 167.9 172.1 154.3 772.1 209.0 631.6 147.4 0.0 407.4 326.5 200.9 228.6 153.1 145.0 213.7 134.4 126.8 170.5 542.8 127.9 578.9 235.2 150.1 40.1 454.3 364.9 214.0 228.7 378.0 169.7 503.0 425.8 385.0 427.6 271.9 462.8 497.4 98.7 88.1 438.8 250.5 150.6 580.5 177.2 119.4 150.9 241.1 167.7 275.4 201.6 219.3 19.5 469.4 273.2 217.3 256.0 224.0 110.2 667.1 373.0 278.1 344.7 300.6 319.0 210.2 136.5 617.7 262.5 192.2 76.9 599.9 757.7 585.6 177.8 7.7 122.3 431.7 378.7 129.4 606.0 126.6 256.4 530.6 249.2 267.7 218.0 195.3 67.1 237.3 102.5 212.8 257.5 99.4 102.1 76.7 201.6 176.4 108.1 462.3 632.6 542.2 192.1 707.5
3047.8 174.1 65.3 573.7 553.2 523.9 180.5 271.4 492.6 124.4 602.2 596.3 544.0 448.5 442.1 608.3 556.2 484.9 517.5 592.7 467.1 319.1 400.2 532.8 373.5 315.0 215.6 249.4 241.7 422.6 687.3 73.6 625.7 485.1 585.5 174.3 653.5 132.1 531.4 401.3 564.8 178.1 657.3 631.9 225.6 116.1 560.6 593.6 178.8 192.9 220.2 640.7 182.5 642.0 18.0 91.7 313.0 230.0 585.3 200.3 548.0 161.2 291.6 271.9 151.8 467.9 351.2 439.6 454.1 336.5 207.7 338.1 550.3 600.1 422.5 440.7 299.2 396.8 461.7 0.0 170.8 601.8 406.9 418.6 447.2 614.6 418.2 572.6 434.2 279.8 460.7 223.8 417.8 482.0 521.1 121.9 87.9 614.9 674.5 45.6 615.5 197.7 187.5 52.6 189.3 338.0 224.5 165.0 505.9 456.8 200.5 429.5 596.4 248.1 360.8 454.6 551.8 642.0 505.9 528.2 391.3 359.8 481.3 176.4 339.3 481.0 656.9 487.7 511.1 311.2 69.7 459.7 148.4 800.3 500.6 475.7 582.3 280.5 347.4 593.1 522.7 262.7 355.7 278.0 443.3 469.5 523.2 193.4 140.4 422.5 257.3 572.4 410.6 174.7 315.3 668.6 663.8 459.0 530.9 303.4 548.3 476.5 579.8 404.4 565.9 514.2 602.5 622.2 553.9 129.9 276.7 191.6 637.9 319.0
3037.1 263.8 154.8 500.2 482.4 453.1 244.9 336.6 419.1 215.4 528.7 522.8 470.5 375.0 371.3 534.8 482.7 411.4 444.0 519.2 396.3 245.6 326.7 459.3 417.8 373.3 186.9 314.6 237.7 349.1 613.8 96.2 552.2 414.3 512.0 195.8 580.0 43.3 457.9 327.8 579.7 266.0 583.8 558.4 290.8 207.1 489.8 520.1 244.0 190.5 278.2 567.2 280.3 568.5 146.6 182.7 353.1 177.6 511.8 147.9 474.5 112.1 331.7 244.2 221.1 394.4 277.7 366.1 380.6 421.3 155.3 264.6 476.8 526.6 466.8 367.2 389.1 323.3 388.2 164.7 0.0 528.3 333.4 345.1 373.7 541.1 344.7 499.1 360.7 252.1 387.2 288.2 344.3 408.5 449.8 212.9 79.5 541.4 601.0 135.3 538.6 212.3 135.1 142.3 136.9 264.5 172.1 256.0 432.4 383.3 144.6 356.0 522.9 341.2 287.3 381.1 478.3 568.5 432.4 457.4 317.8 286.3 407.8 178.7 265.8 407.5 582.2 414.2 437.6 376.4 100.3 388.9 29.5 628.0 429.8 402.2 508.8 327.0 273.9 519.6 449.2 309.2 485.3 294.9 369.8 396.0 449.7 141.0 88.0 349.0 315.3 498.9 337.1 239.9 241.8 595.1 590.3 385.5 457.4 229.9 474.8 403.0 509.0 330.9 492.4 440.7 529.0 548.7 480.4 218.5 341.9 251.5 564.4 392.0
3265.8 691.8 586.0 246.0 70.3 86.1 670.9 605.3 184.7 659.0 177.8 98.4 277.2 210.3 178.4 110.4 215.5 226.7 176.8 165.6 172.9 370.6 348.2 265.3 681.7 642.0 578.2 616.4 506.2 299.3 85.4 509.4 232.7 137.5 158.8 646.4 177.7 499.0 224.8 245.3 58.7 728.4 55.4 108.2 656.3 624.4 62.9 69.9 617.3 563.8 590.4 38.8 653.6 66.4 565.2 653.0 621.8 628.2 284.9 579.1 150.5 540.0 600.4 566.4 594.4 209.7 381.9 263.6 159.0 650.0 579.3 293.6 209.6 293.3 730.7 204.0 657.8 204.3 196.9 583.3 485.1 0.0 334.6 228.0 189.0 116.7 207.6 220.0 168.4 563.9 202.5 714.2 278.0 223.8 237.1 674.3 506.1 91.2 280.9 553.9 187.0 603.6 598.6 560.9 568.1 301.7 622.9 666.0 301.7 252.6 585.7 303.3 223.3 714.5 309.1 244.0 61.2 118.3 165.2 95.3 324.8 358.5 216.5 629.3 359.3 184.4 150.4 190.0 103.2 645.1 513.5 196.0 485.9 177.8 236.9 285.1 237.4 595.7 287.1 105.8 236.6 577.9 716.3 563.6 252.7 204.7 157.1 572.2 519.2 211.9 609.1 272.0 310.4 613.2 336.4 66.7 256.0 142.1 264.1 349.8 210.8 153.6 116.4 228.4 299.1 273.7 115.2 213.9 247.1 682.3 610.6 616.7 230.1 666.1
3268.6 467.9 359.1 358.1 411.2 386.9 497.0 588.7 231.6 418.2 314.3 335.3 291.8 142.9 288.5 347.3 295.2 214.9 256.5 331.7 178.9 207.9 13.5 317.2 684.5 625.4 439.0 566.7 509.0 49.4 426.3 330.3 410.1 255.1 295.3 447.9 374.9 319.9 239.4 88.0 399.6 471.9 396.3 370.9 542.9 409.9 403.8 332.6 496.1 442.6 530.3 379.7 476.3 381.0 350.7 385.5 605.2 429.7 369.7 400.0 287.0 360.9 583.8 496.3 473.2 197.9 61.0 146.8 193.1 652.8 407.4 73.1 289.3 384.5 733.5 147.8 593.0 122.0 211.5 368.8 287.9 340.8 0.0 113.5 177.2 353.6 134.6 266.9 159.4 504.2 190.7 540.3 81.0 212.0 251.7 415.7 326.3 353.9 417.4 339.4 346.0 464.4 387.2 346.4 389.0 150.8 424.2 458.8 290.3 241.2 400.2 72.9 380.8 541.9 57.9 171.0 290.8 381.0 244.9 415.3 20.2 37.6 231.1 430.8 72.9 193.5 395.9 189.7 250.1 628.5 334.4 267.0 306.1 440.5 307.9 132.5 366.7 579.1 141.4 332.1 307.1 561.3 719.1 547.0 88.8 219.3 262.2 393.1 340.1 138.9 567.4 356.8 37.4 492.0 105.8 407.6 392.5 184.2 278.7 100.3 332.7 201.7 397.4 111.6 313.7 298.6 341.5 406.6 338.3 423.7 594.0 503.6 366.6 668.9
3261.0 496.6 387.8 288.3 303.2 278.9 525.7 659.9 141.7 446.9 206.3 227.3 234.2 69.3 184.1 239.3 187.2 105.7 148.5 223.7 134.6 258.6 105.6 247.4 736.3 696.6 467.7 671.0 560.8 93.3 318.3 359.0 278.6 150.7 187.3 476.6 266.9 348.6 181.8 65.8 291.6 500.6 288.3 262.9 571.6 438.6 295.8 224.6 524.8 471.3 645.0 271.7 505.0 273.0 379.4 414.2 676.4 458.4 299.9 428.7 179.0 389.6 655.0 525.0 501.9 88.7 174.7 104.3 150.6 704.6 436.1 114.1 181.3 314.7 785.3 111.2 712.4 35.7 153.9 397.5 316.6 232.8 123.7 0.0 68.0 245.6 21.0 177.0 55.0 532.9 81.5 569.0 127.6 102.8 194.1 444.4 355.0 245.9 309.4 368.1 238.0 493.1 415.9 375.1 417.7 164.3 452.9 487.5 220.5 171.4 428.9 97.3 251.8 570.6 81.0 57.4 182.8 273.0 136.9 307.3 96.7 151.3 173.5 459.5 186.6 101.8 287.9 108.5 142.1 699.7 363.1 162.6 334.8 332.5 203.5 57.0 296.9 650.3 154.9 224.1 237.3 632.5 770.9 618.2 24.6 161.7 154.2 421.8 368.8 25.3 663.7 287.0 103.2 520.7 204.2 299.6 284.5 79.8 221.1 183.5 224.4 97.3 289.4 69.1 256.1 228.8 233.5 275.1 268.5 452.4 665.2 532.3 258.6 720.7
3269.1 504.7 395.9 208.4 237.1 212.8 533.8 640.4 127.8 455.0 140.2 161.2 220.3 31.8 164.6 173.2 158.6 37.6 119.9 157.6 95.0 239.9 160.3 208.4 716.8 677.1 475.8 651.5 541.3 111.4 252.2 367.1 227.1 131.2 121.2 484.7 200.8 356.7 167.9 84.8 225.5 506.9 222.2 196.8 579.7 446.7 229.7 158.5 532.9 479.4 625.5 205.6 513.1 206.9 387.5 422.3 656.9 466.5 261.5 436.1 112.9 401.0 635.5 533.1 510.0 20.6 194.0 103.1 102.1 685.1 444.2 133.1 152.7 269.9 765.8 63.9 692.9 43.8 140.0 405.6 324.7 166.7 146.7 67.5 0.0 179.5 47.1 163.1 33.5 541.0 13.4 577.1 90.1 34.7 177.5 452.5 363.1 179.8 243.3 376.2 171.9 501.2 424.0 383.2 425.8 126.8 461.0 495.6 228.6 179.5 433.5 115.4 185.7 578.7 148.6 83.5 116.7 206.9 108.3 241.2 167.0 170.6 159.6 467.6 189.6 82.3 220.6 89.0 76.0 680.2 371.2 143.1 342.9 266.4 184.0 124.6 199.8 630.8 117.4 158.0 234.1 613.0 749.1 598.7 92.2 147.8 100.2 429.9 376.9 51.4 644.2 248.6 122.5 528.8 166.7 233.5 218.4 60.3 207.2 180.1 173.2 77.8 223.3 67.9 242.2 236.9 167.4 209.0 219.3 458.1 645.7 540.4 192.5 717.7
3333.7 662.5 553.7 236.2 185.8 161.5 691.6 706.3 176.2 612.8 169.3 18.2 268.7 211.1 279.4 60.7 207.0 139.8 168.3 157.1 190.8 405.9 339.6 256.8 782.7 743.0 633.6 717.4 600.5 290.7 200.9 524.9 224.2 238.5 150.3 642.5 169.2 514.5 216.3 256.4 166.8 664.7 170.9 110.7 754.3 604.5 178.4 91.5 718.3 664.8 691.4 154.3 754.6 155.6 545.3 580.1 722.8 624.3 276.4 593.9 142.0 555.5 701.4 667.4 695.4 154.9 373.3 248.4 150.5 751.0 602.0 304.7 201.1 284.8 831.7 221.9 758.8 222.2 188.4 563.4 482.5 115.4 326.0 239.5 179.2 0.0 220.8 211.5 186.3 664.9 162.1 734.9 282.8 184.3 225.9 610.3 520.9 93.7 272.4 534.0 178.5 659.0 581.8 541.0 583.6 306.1 618.8 653.4 293.2 244.1 591.3 294.7 214.8 815.5 320.6 205.8 65.4 120.8 156.7 228.6 336.3 349.9 208.0 625.4 368.9 202.3 83.7 207.9 94.7 746.1 529.0 236.8 500.7 105.4 277.7 296.6 228.9 696.7 296.7 106.7 228.1 678.9 815.0 664.6 264.2 196.2 148.6 587.7 534.7 215.8 710.1 263.5 301.8 714.2 346.0 182.2 247.5 160.0 255.6 359.4 202.3 171.5 119.2 236.2 290.6 265.2 116.1 205.4 234.2 618.3 711.6 717.7 221.6 783.6
3238.2 473.8 365.0 265.5 282.1 257.8 502.9 594.6 120.6 424.1 185.2 206.2 235.8 66.5 181.3 218.2 166.1 116.4 127.4 202.6 131.8 246.7 124.3 224.6 690.4 631.3 444.9 572.6 514.9 112.0 297.2 336.2 257.5 147.9 166.2 453.8 245.8 325.8 160.7 53.9 270.5 477.8 267.2 241.8 548.8 415.8 274.7 203.5 502.0 448.5 536.2 250.6 482.2 251.9 356.6 391.4 611.1 435.6 277.1 405.9 157.9 366.8 589.7 502.2 479.1 85.9 193.4 72.2 118.5 658.7 413.3 102.2 160.2 291.9 739.4 108.4 598.9 12.9 132.8 374.7 293.8 211.7 142.4 18.6 65.2 224.5 0.0 155.9 52.2 510.1 78.7 546.2 124.8 100.0 212.9 421.6 332.2 224.8 288.3 345.3 216.9 470.3 393.1 352.3 394.9 161.5 430.1 464.7 197.7 148.6 406.1 116.0 288.2 547.8 99.7 36.3 161.7 251.9 115.8 286.2 115.4 170.0 152.4 436.7 205.3 99.0 266.8 105.7 121.0 634.4 340.3 159.8 312.0 311.4 200.7 75.7 274.1 585.0 152.1 203.0 214.5 567.2 725.0 552.9 43.3 140.6 133.1 399.0 346.0 4.3 573.3 264.2 121.9 497.9 183.5 278.5 263.4 77.0 222.7 171.6 240.1 94.5 268.3 37.0 257.7 206.0 212.4 254.0 245.7 429.6 599.9 509.5 237.5 674.8
3216.2 556.3 447.5 109.0 269.6 245.3 585.4 677.1 23.4 506.6 137.5 193.7 117.6 175.2 308.0 205.7 159.1 103.9 137.7 182.2 238.4 343.0 241.1 45.2 772.9 713.8 527.4 655.1 597.4 244.8 284.7 418.7 161.0 274.6 120.8 536.3 188.8 408.3 110.1 150.2 258.0 558.5 254.7 229.3 634.3 498.3 262.2 191.0 584.5 531.0 618.7 238.1 564.7 239.4 439.1 473.9 693.6 518.1 120.6 488.4 129.1 449.3 672.2 584.7 561.6 119.0 308.7 142.2 44.3 741.2 495.8 198.5 153.2 135.4 821.9 207.3 681.4 145.7 82.2 457.2 376.3 199.2 259.2 151.4 143.3 212.0 132.7 0.0 176.9 592.6 126.2 628.7 224.3 148.4 122.4 504.1 414.7 212.3 209.8 427.8 147.4 552.8 475.6 434.8 477.4 270.2 512.6 547.2 118.1 137.9 485.1 248.8 131.7 630.3 207.8 117.7 149.2 239.4 148.8 273.7 232.2 249.9 101.8 519.2 303.8 225.7 253.1 232.4 108.5 716.9 422.8 286.5 394.5 385.8 327.4 208.5 117.6 667.5 260.8 190.5 58.0 649.7 805.2 635.4 176.1 90.0 120.6 481.5 428.5 127.7 655.8 107.7 254.7 580.4 279.8 266.0 199.1 203.7 104.5 267.9 83.6 221.2 255.8 130.0 139.5 138.4 199.9 157.5 89.2 512.1 682.4 592.0 173.2 773.8
3261.1 496.7 387.9 227.7 257.7 233.4 525.8 604.8 148.4 444.4 160.8 179.2 258.7 41.8 129.0 194.5 179.2 55.6 140.5 178.2 79.5 249.9 162.6 244.9 681.2 641.5 467.8 615.9 499.0 121.4 272.8 359.1 247.7 95.6 139.2 474.1 221.4 346.1 187.7 76.8 238.7 498.9 242.8 217.4 574.7 438.7 250.3 179.1 524.9 471.4 589.9 226.2 505.1 227.5 379.5 411.7 621.3 458.5 300.0 428.1 130.9 393.0 599.9 565.9 499.4 41.2 204.0 95.1 141.4 649.5 436.2 125.1 170.7 314.8 730.2 56.1 657.3 35.8 159.8 397.6 314.1 187.3 156.7 59.5 17.9 200.1 39.1 181.1 0.0 563.4 34.0 569.1 113.5 55.3 238.0 444.5 355.1 200.4 263.9 368.2 195.9 493.2 416.0 375.2 417.8 136.8 453.0 487.6 218.0 171.5 425.5 125.4 206.3 570.7 140.6 75.5 137.3 224.9 128.9 197.9 156.3 180.6 176.8 459.6 199.6 46.7 238.6 53.4 96.6 644.6 363.2 107.5 334.9 284.4 148.4 116.6 220.4 595.2 127.4 178.6 226.1 577.4 713.5 563.1 84.2 167.6 120.8 421.9 368.9 43.4 608.6 284.5 129.9 520.8 176.7 251.5 239.0 24.7 245.6 190.1 193.8 42.2 243.9 59.9 280.6 226.3 188.0 229.6 264.2 450.1 610.1 529.8 210.5 682.1
2787.6 209.9 192.9 651.0 595.5 566.2 183.6 84.4 569.9 171.7 679.5 673.6 621.3 525.8 518.8 685.6 633.5 562.2 594.8 670.0 543.8 396.4 477.5 610.1 165.6 121.1 45.0 95.5 97.0 499.9 682.9 218.9 703.0 561.8 662.8 141.1 730.8 190.5 608.7 478.6 607.1 246.5 734.6 693.7 135.4 210.0 602.9 657.3 123.4 76.5 69.5 631.2 166.3 607.8 241.8 165.7 100.9 122.9 662.6 137.0 625.3 119.6 79.5 2.5 107.1 545.2 428.5 516.9 531.4 151.9 74.0 415.4 627.6 677.4 214.6 518.0 136.9 474.1 539.0 259.9 238.3 679.1 484.2 495.9 524.5 691.9 495.5 649.9 511.5 0.0 538.0 226.9 495.1 559.3 598.4 187.0 247.0 676.7 751.8 216.6 692.8 71.9 93.3 223.6 126.0 415.3 117.6 178.7 583.2 534.1 80.4 506.8 673.7 232.6 438.1 531.9 629.1 690.8 583.2 570.5 468.6 437.1 558.6 124.0 416.6 558.3 706.1 565.0 588.4 124.2 223.0 536.4 208.8 763.3 577.3 553.0 659.6 74.8 424.7 670.4 600.0 57.0 218.2 42.7 520.6 546.8 600.5 170.3 140.6 499.8 88.2 649.7 487.9 111.0 392.6 745.9 741.1 536.3 608.2 380.7 625.6 553.8 622.1 481.7 643.2 591.5 679.8 699.5 631.2 195.0 89.7 74.4 715.2 168.0
3286.2 521.8 413.0 194.9 223.6 199.3 550.9 657.5 114.3 472.1 126.7 147.7 206.8 48.9 181.7 159.7 145.1 24.1 106.4 144.1 112.1 257.0 177.4 194.9 733.9 694.2 492.9 668.6 558.4 128.5 238.7 384.2 199.0 148.3 107.7 501.8 187.3 373.8 154.4 101.9 212.0 525.8 208.7 183.3 596.8 463.8 216.2 145.0 550.0 496.5 642.6 192.1 530.2 193.4 404.6 439.4 674.0 483.6 248.0 453.9 99.4 414.8 652.6 550.2 527.1 7.1 211.1 120.2 88.6 702.2 461.3 150.2 139.2 256.4 782.9 81.0 710.0 60.9 126.5 422.7 341.8 153.2 163.8 84.6 17.0 166.0 64.2 149.6 52.6 558.1 0.0 594.2 107.2 21.2 166.7 469.6 380.2 166.3 229.8 393.3 158.4 518.3 441.1 400.3 442.9 143.9 478.1 512.7 245.7 196.6 454.1 132.5 172.2 595.8 165.7 100.6 103.2 193.4 94.8 227.7 184.1 187.7 146.1 484.7 206.7 99.4 208.3 106.1 62.5 697.3 388.3 160.2 360.0 252.9 201.1 141.7 186.3 647.9 134.5 144.5 199.7 630.1 768.5 615.8 109.3 134.3 86.7 447.0 394.0 68.5 661.3 235.1 139.6 545.9 183.8 220.0 204.9 77.4 193.7 197.2 159.7 94.9 209.8 85.0 228.7 254.0 153.9 195.5 210.2 477.6 662.8 557.5 179.0 718.3
3032.9 238.4 154.9 700.6 680.1 650.8 53.2 256.5 619.5 133.7 729.1 723.2 670.9 575.4 569.0 735.9 683.1 611.8 644.4 719.6 594.0 446.0 527.1 659.7 362.8 318.3 205.2 234.5 233.5 549.5 814.2 200.5 752.6 612.0 712.4 102.3 780.4 259.0 658.3 528.2 691.7 273.2 784.2 758.8 210.7 172.0 687.5 720.5 163.9 178.0 205.3 767.6 167.6 768.9 203.8 127.7 298.1 169.6 712.2 206.8 674.9 259.4 276.7 262.5 136.9 594.8 478.1 566.5 581.0 349.1 173.6 465.0 677.2 727.0 411.8 567.6 327.8 523.7 588.6 221.9 297.7 728.7 533.8 545.5 574.1 741.5 545.1 699.5 561.1 270.4 587.6 0.0 544.7 608.9 648.0 149.0 214.8 741.8 801.4 178.6 739.0 182.8 186.3 185.6 217.6 464.9 210.6 150.1 632.8 583.7 176.8 556.4 723.3 261.1 487.7 581.5 678.7 768.9 632.8 655.1 518.2 486.7 608.2 129.8 466.2 607.9 782.6 614.6 638.0 296.3 196.6 586.6 275.3 927.2 627.5 602.6 709.2 265.6 474.3 720.0 649.6 247.8 382.0 313.2 570.2 596.4 650.1 288.3 235.3 549.4 242.4 699.3 537.5 159.8 442.2 795.5 790.7 585.9 657.8 430.3 675.2 603.4 706.7 531.3 692.8 641.1 729.4 749.1 680.8 154.6 261.8 176.7 764.8 330.9
3269.4 477.3 368.5 303.3 333.3 330.7 506.4 598.1 224.0 449.3 236.4 257.4 316.5 61.8 230.2 270.1 254.8 133.8 216.1 253.8 97.8 182.8 68.1 304.6 693.9 634.8 448.4 576.1 511.7 21.2 348.4 339.7 323.3 196.8 217.4 457.3 297.0 329.3 264.1 144.6 314.3 479.5 318.4 293.0 555.3 419.3 347.6 254.7 505.5 452.0 539.7 301.8 485.7 303.1 360.1 416.6 614.6 439.1 357.7 408.7 209.1 373.6 593.2 505.7 504.3 116.8 103.8 203.4 198.3 662.2 416.8 115.9 248.9 366.1 742.9 66.7 602.4 129.4 236.2 378.2 297.3 262.9 56.5 126.0 96.1 297.4 147.1 259.3 99.1 513.6 109.6 571.4 0.0 130.9 273.7 425.1 335.7 276.0 339.5 348.8 271.5 473.8 396.6 355.8 398.4 69.7 433.6 468.2 314.2 265.1 427.8 25.2 281.9 551.3 114.5 183.5 212.9 324.8 204.5 337.4 76.8 80.4 240.9 440.2 115.7 112.4 338.5 108.6 172.2 637.9 343.8 208.7 315.5 384.3 249.6 145.0 296.0 588.5 60.3 254.2 319.7 570.7 747.9 556.4 101.3 244.0 218.1 402.5 349.5 151.4 576.8 344.8 32.3 501.4 131.3 329.7 314.6 125.9 303.4 123.0 269.4 164.7 319.5 168.2 338.4 296.2 263.6 305.2 315.5 430.7 603.4 513.0 288.7 694.8
3283.5 552.6 443.8 206.6 235.3 211.0 581.7 688.3 126.0 502.9 138.4 159.4 218.5 79.7 212.5 171.4 156.8 35.8 118.1 155.8 142.9 287.8 208.2 206.6 764.7 725.0 523.7 699.4 589.2 159.3 250.4 415.0 210.7 179.1 119.4 532.6 199.0 404.6 166.1 132.7 223.7 556.6 220.4 195.0 627.6 494.6 227.9 156.7 580.8 527.3 673.4 203.8 561.0 205.1 435.4 470.2 704.8 514.4 259.7 484.7 111.1 445.6 683.4 581.0 557.9 18.8 241.9 151.0 100.3 733.0 492.1 181.0 150.9 268.1 813.7 111.8 740.8 91.7 138.2 453.5 372.6 164.9 194.6 115.4 47.8 177.7 95.0 161.3 83.4 588.9 30.7 625.0 138.0 0.0 178.4 500.4 411.0 178.0 241.5 424.1 170.1 549.1 471.9 431.1 473.7 174.7 508.9 543.5 243.0 193.9 484.9 163.3 183.9 626.6 196.5 131.4 114.9 205.1 106.5 239.4 214.9 218.5 157.8 515.5 237.5 130.2 220.0 136.9 74.2 728.1 419.1 191.0 390.8 264.6 231.9 172.5 198.0 678.7 165.3 156.2 211.4 660.9 799.3 646.6 140.1 146.0 98.4 477.8 424.8 99.3 692.1 246.8 170.4 576.7 214.6 231.7 216.6 108.2 205.4 228.0 171.4 125.7 221.5 115.8 240.4 215.0 165.6 207.2 221.9 508.4 693.6 588.3 190.7 749.1
3132.7 541.0 432.2 89.0 305.8 281.5 570.1 661.8 110.1 489.1 116.2 227.7 40.0 211.4 334.1 242.6 137.8 137.9 116.4 160.9 274.6 346.9 242.8 49.5 757.6 698.5 512.1 639.8 575.4 281.0 320.9 403.4 154.3 300.7 99.5 521.0 167.5 390.8 10.2 154.1 286.8 543.2 290.9 300.2 619.0 483.0 296.2 227.2 569.2 515.7 603.4 274.3 549.4 275.6 423.8 456.4 678.3 502.8 99.3 472.4 107.8 437.3 656.9 569.4 544.1 155.2 312.6 146.1 131.0 725.9 480.5 202.4 131.9 114.1 806.6 243.5 666.1 181.9 34.4 441.9 361.0 235.4 263.1 187.6 177.3 248.2 168.9 89.3 203.0 577.3 162.4 611.2 260.5 184.6 0.0 488.8 399.4 317.4 188.5 412.5 126.1 537.5 460.3 419.5 462.1 306.4 497.3 531.9 58.5 122.6 467.6 285.0 110.4 615.0 211.7 153.9 185.4 273.4 127.5 309.9 236.1 253.8 17.1 503.9 307.7 251.8 289.3 258.5 144.7 701.6 407.5 312.6 379.2 364.5 353.5 244.7 96.3 652.2 297.0 226.7 25.4 634.4 787.7 620.1 212.3 27.1 196.1 466.2 413.2 163.9 640.5 89.1 288.7 565.1 281.5 300.0 177.8 229.8 26.9 271.8 62.3 245.1 292.0 133.9 61.9 92.7 236.1 136.2 63.5 494.4 667.1 576.7 154.6 758.5
2965.7 171.2 65.7 611.4 590.9 561.6 98.4 189.3 530.3 42.3 639.9 634.0 581.7 486.2 479.8 646.0 593.9 522.6 555.2 630.4 504.8 356.8 437.9 570.5 295.6 251.1 133.5 167.3 159.6 460.3 725.0 111.3 663.4 522.8 623.2 92.2 691.2 169.8 569.1 439.0 602.5 207.8 695.0 669.6 143.5 82.8 598.3 631.3 96.7 110.8 138.1 678.4 100.4 679.7 114.6 38.5 230.9 134.1 623.0 170.6 585.7 166.9 209.5 189.8 69.7 505.6 388.9 477.3 491.8 281.9 138.1 375.8 588.0 637.8 344.6 478.4 260.6 434.5 499.4 132.7 208.5 639.5 444.6 456.3 484.9 652.3 455.9 610.3 471.9 197.7 498.4 141.7 455.5 519.7 558.8 0.0 125.6 652.6 712.2 89.4 653.2 115.6 150.8 96.4 182.1 375.7 175.1 82.9 543.6 494.5 130.9 467.2 634.1 193.9 398.5 492.3 589.5 679.7 543.6 565.9 429.0 397.5 519.0 94.3 377.0 518.7 694.6 525.4 548.8 229.1 107.4 497.4 186.1 838.0 538.3 513.4 620.0 198.4 385.1 630.8 560.4 180.6 317.1 195.9 481.0 507.2 560.9 199.1 146.1 460.2 175.2 610.1 448.3 92.6 353.0 706.3 701.5 496.7 568.6 341.1 586.0 514.2 617.5 442.1 603.6 551.9 640.2 659.9 591.6 7.9 194.6 109.5 675.6 280.4
3037.9 184.2 75.4 486.3 465.2 435.9 190.6 281.5 405.2 134.5 514.8 508.9 456.6 361.1 354.1 520.9 468.8 397.5 430.1 505.3 379.1 231.7 312.8 445.4 383.6 325.1 187.7 259.5 231.8 335.2 599.9 97.0 538.3 397.1 498.1 196.6 566.1 44.1 444.0 313.9 476.8 188.2 569.9 544.5 235.7 126.2 472.6 506.2 188.9 191.3 230.3 553.3 192.6 554.6 67.0 101.8 323.1 178.4 497.9 148.7 460.6 109.6 301.7 245.0 161.9 380.5 263.8 352.2 366.7 346.6 156.1 250.7 462.9 512.7 432.6 353.3 309.3 309.4 374.3 85.1 106.2 514.4 319.5 331.2 359.8 527.2 330.8 485.2 346.8 252.9 373.3 233.9 330.4 394.6 433.7 132.0 0.0 527.5 587.1 55.7 528.1 213.1 135.9 62.7 137.7 250.6 172.9 175.1 418.5 369.4 148.9 342.1 509.0 258.2 273.4 367.2 464.4 554.6 418.5 440.2 303.9 272.4 393.9 179.5 251.9 393.6 569.5 400.3 423.7 321.3 68.8 371.7 62.1 614.1 412.6 388.3 494.9 290.6 260.0 505.7 435.3 272.8 365.8 295.7 355.9 382.1 435.8 141.8 88.8 335.1 267.4 485.0 323.2 184.8 227.9 581.2 576.4 371.6 443.5 216.0 460.9 389.1 491.8 317.0 478.5 426.8 515.1 534.8 466.5 140.0 286.8 201.7 550.5 329.1
3230.8 662.8 554.0 237.8 160.3 136.0 719.4 653.8 176.5 613.1 169.6 88.2 269.0 211.4 226.9 45.7 207.3 140.1 168.6 157.4 181.7 419.1 339.9 257.1 730.2 690.5 626.7 664.9 554.7 291.0 175.4 525.2 224.5 186.0 150.6 642.8 169.5 514.8 216.6 256.7 148.7 666.8 145.4 16.9 704.8 604.8 152.9 21.0 665.8 612.3 638.9 128.8 702.1 130.1 545.6 580.4 670.3 624.6 276.7 594.9 142.3 555.8 648.9 614.9 642.9 155.2 373.6 248.7 150.8 698.5 627.8 305.0 201.4 285.1 779.2 212.8 706.3 213.1 188.7 563.7 482.8 89.9 326.3 239.8 179.5 106.5 216.4 211.8 177.2 612.4 162.4 762.7 269.7 184.6 228.9 610.6 521.2 0.0 207.7 534.3 178.8 652.1 582.1 541.3 583.9 306.4 671.4 714.5 293.5 244.4 634.2 295.0 215.1 763.0 320.9 206.1 53.0 27.0 157.0 176.1 336.6 350.2 208.3 625.7 369.2 193.2 50.6 198.8 95.0 693.6 529.3 244.5 501.0 86.5 285.4 296.9 229.2 644.2 297.0 97.6 228.4 626.4 764.8 612.1 264.5 196.5 148.9 588.0 535.0 216.1 657.6 263.8 302.1 661.7 346.3 156.7 230.1 150.9 255.9 359.7 202.6 162.4 66.7 236.5 290.9 265.5 107.0 205.7 238.9 618.6 659.1 665.2 221.9 714.6
3241.6 728.1 619.3 92.3 345.6 316.3 757.2 798.3 228.6 678.4 126.8 259.8 194.8 269.2 371.4 217.3 210.2 197.9 184.8 165.4 353.3 477.3 397.7 165.3 874.7 835.0 699.2 809.4 699.2 348.8 347.0 590.5 168.3 330.5 110.1 708.1 196.1 580.1 202.2 314.5 357.2 732.1 317.0 154.3 849.3 670.1 353.0 192.6 810.3 756.8 783.4 300.4 736.5 301.7 610.9 645.7 814.8 689.9 183.1 660.2 118.4 621.1 793.4 759.4 787.4 213.0 431.4 306.5 208.6 843.0 667.6 362.8 204.3 142.2 923.7 301.3 850.8 281.2 226.4 629.0 548.1 261.5 384.1 297.6 237.3 278.1 278.9 205.1 272.9 756.9 220.2 800.5 327.5 242.4 191.9 675.9 586.5 171.5 0.0 599.6 158.1 724.6 647.4 606.6 649.2 364.2 684.4 719.0 195.3 217.9 660.4 352.8 69.6 802.1 378.7 263.9 224.6 198.6 195.9 320.6 394.4 408.0 209.1 691.0 427.0 319.7 222.2 326.4 183.2 838.1 594.6 389.0 566.3 218.6 429.9 354.7 83.7 788.7 354.8 269.2 142.5 770.9 909.3 756.6 322.3 219.1 206.7 653.3 600.3 273.9 802.1 170.2 359.9 806.2 404.1 328.3 22.4 322.5 181.7 417.5 109.0 382.4 238.3 294.3 216.7 215.6 278.6 164.8 121.9 683.9 803.6 809.7 38.7 859.1
2993.6 128.4 11.1 533.4 512.9 483.6 126.3 217.2 452.3 70.2 561.9 556.0 503.7 408.2 401.8 568.0 515.9 444.6 477.2 552.4 426.8 278.8 359.9 492.5 323.5 269.3 161.4 195.2 187.5 382.3 647.0 33.3 585.4 444.8 545.2 120.1 613.2 91.8 491.1 361.0 524.5 132.4 617.0 591.6 171.4 61.9 520.3 553.3 124.6 138.7 166.0 600.4 128.3 601.7 36.6 37.5 258.8 162.0 545.0 160.0 507.7 120.9 237.4 217.7 97.6 427.6 310.9 399.3 413.8 290.8 167.4 297.8 510.0 559.8 372.5 400.4 253.5 356.5 421.4 54.7 130.5 561.5 366.6 378.3 406.9 574.3 377.9 532.3 393.9 225.6 420.4 169.6 377.5 441.7 480.8 67.7 47.6 574.6 634.2 0.0 575.2 143.5 147.2 7.0 149.0 297.7 184.2 110.8 465.6 416.5 160.2 389.2 556.1 202.4 320.5 414.3 511.5 601.7 465.6 487.9 351.0 319.5 441.0 122.2 299.0 440.7 616.6 447.4 470.8 257.0 29.4 419.4 108.1 760.0 460.3 435.4 542.0 226.3 307.1 552.8 482.4 208.5 310.0 223.8 403.0 429.2 482.9 153.1 100.1 382.2 203.1 532.1 370.3 120.5 275.0 628.3 623.5 418.7 490.6 263.1 508.0 436.2 539.5 364.1 525.6 473.9 562.2 581.9 513.6 75.7 222.5 137.4 597.6 273.3
3258.3 662.5 553.7 139.0 262.9 242.0 691.6 757.8 176.2 616.2 69.9 187.0 159.7 211.1 330.9 199.7 152.1 139.8 126.7 31.3 267.9 419.2 339.6 130.2 834.2 794.5 633.6 768.9 652.0 290.7 278.0 524.9 60.2 290.0 50.9 642.5 74.5 514.5 167.1 256.4 243.9 664.7 248.0 281.4 740.5 604.5 258.9 184.3 690.7 637.2 742.9 231.4 670.9 232.7 545.3 580.1 774.3 624.3 155.7 593.9 60.3 558.8 752.9 718.9 667.8 154.9 373.3 248.4 150.5 802.5 602.0 304.7 146.2 164.1 883.2 243.2 810.3 223.1 188.4 563.4 482.5 192.5 326.0 239.5 179.2 208.7 220.8 170.0 212.8 716.4 162.1 738.3 282.8 184.3 159.0 610.3 520.9 205.6 169.7 534.0 0.0 659.0 581.8 541.0 583.6 306.1 618.8 653.4 160.2 182.8 594.7 294.7 112.1 736.5 320.6 205.8 142.5 232.7 137.8 267.0 336.3 349.9 170.6 625.4 368.9 279.4 260.8 285.0 131.4 797.6 529.0 313.9 500.7 345.7 354.8 296.6 126.2 748.2 296.7 183.8 120.9 730.4 866.5 716.1 264.2 184.0 148.6 587.7 534.7 215.8 761.6 139.4 301.8 686.6 346.0 259.3 144.8 237.1 146.6 359.4 81.6 248.6 249.1 236.2 181.6 177.1 193.2 72.1 113.5 615.9 763.1 698.2 115.5 835.1
2908.0 125.9 121.9 641.3 600.4 571.1 112.6 137.6 560.2 100.7 669.8 663.9 611.6 516.1 509.1 675.9 623.8 552.5 585.1 660.3 534.1 386.7 467.8 600.4 225.2 180.7 35.3 122.0 101.9 490.2 687.8 167.5 693.3 552.1 653.1 106.4 721.1 180.8 599.0 468.9 612.0 162.5 724.9 698.6 85.9 139.0 607.8 662.2 51.4 53.1 67.7 636.1 82.1 612.7 170.8 94.7 160.5 127.9 652.9 127.3 615.6 109.9 139.1 74.1 36.1 535.5 418.8 507.2 521.7 211.5 64.3 405.7 617.9 667.7 274.2 508.3 196.5 464.4 529.3 188.9 228.6 669.4 474.5 486.2 514.8 682.2 485.8 640.2 501.8 82.0 528.3 155.9 485.4 549.6 588.7 116.0 181.8 681.6 742.1 145.6 683.1 0.0 83.6 152.6 116.3 405.6 107.9 107.7 573.5 524.4 70.7 497.1 664.0 148.6 428.4 522.2 619.4 695.7 573.5 575.4 458.9 427.4 548.9 88.1 406.9 548.6 711.0 555.3 578.7 177.4 163.6 526.7 199.1 768.2 567.6 543.3 649.9 128.0 415.0 660.7 590.3 110.2 265.4 124.8 510.9 537.1 590.8 160.6 130.9 490.1 104.8 640.0 478.2 39.0 382.9 736.2 731.4 526.6 598.5 371.0 615.9 544.1 627.0 472.0 633.5 581.8 670.1 689.8 621.5 124.0 142.9 39.1 705.5 227.6
2901.9 183.3 143.1 557.6 536.5 507.2 109.7 201.4 476.5 121.9 586.1 580.2 527.9 432.4 425.4 592.2 540.1 468.8 501.4 576.6 450.4 303.0 384.1 516.7 282.6 238.1 51.7 179.4 95.8 406.5 671.2 125.5 609.6 468.4 569.4 60.6 637.4 97.1 515.3 385.2 548.1 219.9 641.2 615.8 155.6 160.2 543.9 577.5 108.8 55.3 143.0 624.6 145.1 625.9 192.0 115.9 217.9 42.4 569.2 43.6 531.9 26.2 196.5 109.0 85.9 451.8 335.1 423.5 438.0 286.1 20.1 322.0 534.2 584.0 331.6 424.6 253.9 380.7 445.6 210.1 144.9 585.7 390.8 402.5 431.1 598.5 402.1 556.5 418.1 116.9 444.6 153.0 401.7 465.9 505.0 137.2 153.6 598.8 658.4 166.8 599.4 77.1 0.0 173.8 32.6 321.9 36.9 128.9 489.8 440.7 12.9 413.4 580.3 206.0 344.7 438.5 535.7 625.9 489.8 511.5 375.2 343.7 465.2 43.5 323.2 464.9 640.8 471.6 495.0 241.2 129.6 443.0 115.4 775.2 483.9 459.6 566.2 191.8 331.3 577.0 506.6 174.0 352.4 159.7 427.2 453.4 507.1 76.9 47.2 406.4 180.1 556.3 394.5 104.7 299.2 652.5 647.7 442.9 514.8 287.3 532.2 460.4 563.1 388.3 549.8 498.1 586.4 606.1 537.8 145.2 206.7 116.3 621.8 302.2
3002.5 121.4 20.0 542.3 521.8 492.5 135.2 226.1 461.2 79.1 570.8 564.9 512.6 417.1 410.7 576.9 524.8 453.5 486.1 561.3 435.7 287.7 368.8 501.4 320.8 262.3 170.3 204.1 196.4 391.2 655.9 42.2 594.3 453.7 554.1 129.0 622.1 100.7 500.0 369.9 533.4 125.4 625.9 600.5 180.3 70.8 529.2 562.2 133.5 147.6 174.9 609.3 137.2 610.6 45.5 46.4 267.7 170.9 553.9 168.9 516.6 129.8 246.3 226.6 106.5 436.5 319.8 408.2 422.7 283.8 176.3 306.7 518.9 568.7 369.8 409.3 246.5 365.4 430.3 63.6 139.4 570.4 375.5 387.2 415.8 583.2 386.8 541.2 402.8 234.5 429.3 178.5 386.4 450.6 489.7 76.6 56.5 583.5 643.1 8.8 584.1 152.4 156.1 0.0 157.9 306.6 193.1 119.7 474.5 425.4 169.1 398.1 565.0 195.4 329.4 423.2 520.4 610.6 474.5 496.8 359.9 328.4 449.9 131.1 307.9 449.6 625.5 456.3 479.7 265.9 38.3 428.3 117.0 768.9 469.2 444.3 550.9 235.2 316.0 561.7 491.3 217.4 303.0 232.7 411.9 438.1 491.8 162.0 109.0 391.1 212.0 541.0 379.2 129.4 283.9 637.2 632.4 427.6 499.5 272.0 516.9 445.1 548.4 373.0 534.5 482.8 571.1 590.8 522.5 84.6 231.4 146.3 606.5 266.3
2926.3 207.7 167.5 571.1 550.0 520.7 134.1 225.8 490.0 146.3 599.6 593.7 541.4 445.9 438.9 605.7 553.6 482.3 514.9 590.1 463.9 316.5 397.6 530.2 307.0 262.5 76.1 203.8 120.2 420.0 684.7 139.0 623.1 481.9 582.9 85.0 650.9 110.6 528.8 398.7 561.6 244.3 654.7 629.3 180.0 184.6 557.4 591.0 133.2 79.7 167.4 638.1 169.5 639.4 216.4 140.3 242.3 57.4 582.7 10.9 545.4 39.7 220.9 133.4 110.3 465.3 348.6 437.0 451.5 310.5 44.5 335.5 547.7 597.5 356.0 438.1 278.3 394.2 459.1 234.5 158.4 599.2 404.3 416.0 444.6 612.0 415.6 570.0 431.6 141.3 458.1 177.4 415.2 479.4 518.5 161.6 167.1 612.3 671.9 191.2 612.9 101.5 24.3 198.2 0.0 335.4 61.3 153.3 503.3 454.2 37.3 426.9 593.8 230.4 358.2 452.0 549.2 639.4 503.3 525.0 388.7 357.2 478.7 67.9 336.7 478.4 654.3 485.1 508.5 265.6 143.1 456.5 128.9 788.7 497.4 473.1 579.7 216.2 344.8 590.5 520.1 198.4 376.8 184.1 440.7 466.9 520.6 90.4 60.7 419.9 204.5 569.8 408.0 129.1 312.7 666.0 661.2 456.4 528.3 300.8 545.7 473.9 576.6 401.8 563.3 511.6 599.9 619.6 551.3 169.6 231.1 140.7 635.3 326.6
3199.6 407.5 298.7 340.5 369.2 344.9 436.6 528.3 259.9 357.8 272.3 293.3 352.4 97.7 194.5 305.3 290.7 169.7 252.0 289.7 133.7 113.0 146.0 340.5 624.1 565.0 378.6 506.3 448.6 101.0 384.3 269.9 344.6 232.7 253.3 387.5 332.9 259.5 300.0 160.7 357.6 411.5 354.3 328.9 482.5 349.5 361.8 290.6 435.7 382.2 469.9 337.7 415.9 339.0 290.3 325.1 544.8 369.3 393.6 339.6 245.0 300.5 523.4 435.9 412.8 152.7 74.6 219.5 265.8 592.4 347.0 113.3 284.8 402.0 673.1 102.6 532.6 165.3 272.1 308.4 227.5 298.8 132.4 160.5 132.0 311.6 168.6 295.2 137.0 443.8 145.5 479.9 79.7 166.8 312.3 355.3 265.9 311.9 375.4 279.0 304.0 404.0 326.8 286.0 328.6 0.0 363.8 398.4 350.1 301.0 339.8 116.5 317.8 481.5 136.0 205.0 248.8 339.0 240.4 373.3 152.7 135.0 291.7 370.4 62.7 148.3 353.9 144.5 208.1 568.1 274.0 212.1 245.7 398.5 253.0 179.5 331.9 518.7 9.4 290.1 366.9 500.9 658.7 486.6 135.8 279.9 232.3 332.7 279.7 172.9 507.0 380.7 112.1 431.6 39.8 365.6 350.5 161.8 339.3 53.2 305.3 179.3 355.4 184.3 374.3 358.4 299.5 341.1 355.8 363.3 533.6 443.2 324.6 608.5
2893.4 231.2 219.6 695.7 585.8 556.5 210.3 232.9 614.6 198.4 724.2 676.1 666.0 570.5 531.8 688.1 678.2 606.9 639.5 714.7 588.5 441.1 522.2 654.8 309.3 269.6 117.6 227.3 87.3 544.6 673.2 265.2 747.7 534.2 707.5 185.8 775.5 235.2 653.4 523.3 597.4 267.8 681.0 684.0 203.5 236.7 593.2 647.6 156.7 103.2 198.1 621.5 193.0 598.1 268.5 192.4 249.4 167.6 707.3 181.7 670.0 164.3 228.0 174.9 133.8 589.9 473.2 561.6 576.1 277.6 118.7 460.1 672.3 722.1 358.3 562.7 285.4 518.8 583.7 286.6 283.0 646.2 528.9 540.6 569.2 694.4 540.2 694.6 556.2 191.5 582.7 253.6 539.8 604.0 643.1 213.7 279.5 667.0 796.5 243.3 737.5 143.0 138.0 250.3 170.7 460.0 0.0 205.4 627.9 578.8 125.1 551.5 718.4 253.9 482.8 576.6 673.8 681.1 627.9 560.8 513.3 481.8 603.3 168.7 461.3 603.0 696.4 609.7 633.1 272.7 261.3 549.4 253.5 753.6 590.3 597.7 704.3 223.3 469.4 715.1 644.7 205.5 343.9 191.2 565.3 591.5 645.2 215.0 185.3 544.5 236.7 694.4 532.6 152.6 437.3 692.3 785.8 581.0 652.9 425.4 670.3 598.5 612.4 526.4 687.9 636.2 724.5 744.2 675.9 221.7 238.2 169.5 759.9 293.7
2958.4 163.9 109.8 655.5 650.8 621.5 100.5 182.0 574.4 88.6 684.0 678.1 625.8 530.3 523.9 690.1 638.0 566.7 599.3 674.5 548.9 400.9 482.0 614.6 288.3 243.8 126.2 160.0 152.3 504.4 769.1 155.4 707.5 566.9 667.3 94.3 735.3 213.9 613.2 483.1 662.4 200.5 739.1 713.7 136.2 126.9 658.2 675.4 89.4 103.5 130.8 722.5 93.1 663.1 158.7 82.6 223.6 126.8 667.1 163.3 629.8 169.8 202.2 182.5 62.4 549.7 433.0 521.4 535.9 274.6 130.8 419.9 632.1 681.9 337.3 522.5 253.3 478.6 543.5 176.8 252.6 683.6 488.7 500.4 529.0 696.4 500.0 654.4 516.0 190.4 542.5 143.8 499.6 563.8 602.9 103.9 169.7 696.7 756.3 133.5 697.3 108.3 143.5 140.5 174.8 419.8 167.8 0.0 587.7 538.6 123.6 511.3 678.2 186.6 442.6 536.4 633.6 723.8 587.7 625.8 473.1 441.6 563.1 87.0 421.1 562.8 738.7 569.5 592.9 221.8 151.5 541.5 230.2 882.1 582.4 557.5 664.1 191.1 429.2 674.9 604.5 173.3 309.8 188.6 525.1 551.3 605.0 243.2 190.2 504.3 167.9 654.2 492.4 85.3 397.1 750.4 745.6 540.8 612.7 385.2 630.1 558.3 677.4 486.2 647.7 596.0 684.3 704.0 635.7 111.9 187.3 102.2 719.7 273.1
3124.9 559.6 450.8 114.6 360.6 336.3 588.7 680.4 137.0 509.9 143.1 284.7 56.4 273.5 360.9 296.7 164.7 202.2 143.3 187.8 336.7 385.1 307.1 73.7 776.2 717.1 530.7 658.4 600.7 343.1 375.7 422.0 181.2 327.5 126.4 539.6 194.4 411.6 72.3 216.2 341.6 561.8 345.7 327.1 634.6 501.6 353.2 282.0 587.8 534.3 622.0 329.1 568.0 330.4 442.4 477.2 696.9 521.4 126.2 491.7 134.7 452.6 675.5 588.0 564.9 217.3 374.7 208.2 157.9 744.5 499.1 264.5 158.8 141.0 825.2 305.6 684.7 194.4 96.5 460.5 379.6 290.2 325.2 249.7 241.6 303.0 231.0 113.5 229.8 595.9 224.5 632.0 322.6 246.7 64.2 507.4 418.0 344.3 215.4 431.1 153.0 556.1 478.9 438.1 480.7 368.5 515.9 550.5 0.0 49.4 488.4 347.1 137.3 633.6 273.8 216.0 240.2 371.4 154.4 364.7 298.2 315.9 79.2 522.5 369.8 278.6 393.8 285.3 199.5 720.2 426.1 339.4 397.8 391.4 380.3 306.8 123.2 670.8 359.1 281.5 52.3 653.0 808.5 638.7 274.4 89.2 223.0 484.8 431.8 226.0 659.1 113.3 353.0 583.7 345.8 357.0 204.7 256.6 43.2 333.9 89.2 274.1 346.8 196.0 78.3 55.1 290.9 163.1 90.4 513.0 685.7 595.3 178.8 760.6
3089.5 510.1 401.3 116.8 327.1 302.8 539.2 630.9 139.2 460.4 145.3 251.2 87.1 196.6 311.4 263.2 166.9 161.4 145.5 190.0 261.9 335.6 240.3 75.9 726.7 667.6 481.2 608.9 551.2 260.1 342.2 372.5 168.8 278.0 128.6 490.1 196.6 362.1 74.5 149.4 315.5 514.1 312.2 329.3 585.1 452.1 319.7 248.5 538.3 484.8 572.5 295.6 518.5 296.9 392.9 427.7 647.4 471.9 128.4 442.2 136.9 403.1 626.0 538.5 515.4 176.5 307.9 167.4 109.0 695.0 449.6 197.7 161.0 143.2 775.7 238.5 635.2 144.9 98.7 411.0 330.1 256.7 258.4 166.7 200.8 269.5 166.3 115.7 182.3 546.4 183.7 582.5 254.9 205.9 64.2 457.9 368.5 269.8 217.6 381.6 158.6 506.6 429.4 388.6 431.2 291.6 466.4 501.0 49.0 0.0 442.4 264.1 139.5 584.1 207.0 175.2 206.7 296.9 156.6 331.2 231.4 249.1 81.4 473.0 303.0 229.1 311.8 235.8 166.0 670.7 376.6 289.9 348.3 393.6 330.8 223.8 125.4 621.3 282.2 248.0 65.8 603.5 761.3 589.2 191.4 91.4 225.2 435.3 382.3 185.2 609.6 115.5 270.0 534.2 279.0 323.5 206.9 207.1 74.0 267.1 91.4 224.6 313.3 155.2 109.0 57.3 257.4 165.3 97.0 465.9 636.2 545.8 181.0 711.1
2892.4 173.8 133.6 568.4 546.0 516.7 100.2 191.9 486.0 112.4 595.6 589.7 537.4 441.9 434.9 601.7 549.6 478.3 510.9 586.1 459.9 312.5 393.6 526.2 273.1 228.6 42.2 169.9 93.0 416.0 680.7 135.0 633.7 477.9 578.9 51.1 646.9 106.6 524.8 394.7 557.6 208.6 650.7 625.3 146.1 150.7 553.4 587.0 99.3 45.8 133.5 634.1 135.6 635.4 182.5 106.4 208.4 32.9 578.7 52.4 541.4 57.5 187.0 99.5 76.4 461.3 344.6 433.0 447.5 276.6 10.6 331.5 543.7 593.5 322.1 434.1 244.4 390.2 455.1 200.6 154.4 595.2 400.3 412.0 440.6 608.0 411.6 566.0 425.6 107.4 454.1 143.5 411.2 475.4 514.5 127.7 163.1 608.3 667.9 157.3 608.9 67.6 9.4 164.3 42.1 331.4 33.7 119.4 499.3 450.2 0.0 422.9 589.8 196.5 354.2 448.0 545.2 635.4 499.3 521.0 384.7 353.2 474.7 34.0 332.7 474.4 649.1 481.1 504.5 231.7 139.1 452.5 124.9 784.7 493.4 469.1 575.7 182.3 340.8 586.5 504.8 164.5 340.6 150.2 436.7 462.9 516.6 86.4 56.7 415.9 170.6 565.8 404.0 95.2 308.7 662.0 657.2 452.4 524.3 296.8 541.7 469.9 572.6 397.8 559.3 507.6 595.9 615.6 547.3 133.3 197.2 106.8 631.3 266.3
3290.7 498.6 389.8 325.9 354.6 330.3 527.7 619.4 230.3 448.9 257.7 278.7 322.8 83.1 251.5 290.7 275.8 155.1 237.1 275.1 119.1 204.1 78.0 336.0 715.2 656.1 469.7 597.4 539.7 29.1 369.7 361.0 330.0 218.1 238.7 478.6 318.3 350.6 270.4 133.3 343.0 502.6 339.7 314.3 573.6 440.6 347.2 276.0 526.8 473.3 561.0 323.1 507.0 324.4 381.4 416.2 635.9 460.4 388.5 430.7 230.4 391.6 614.5 527.0 503.9 138.1 111.7 192.1 238.4 683.5 438.1 123.8 269.9 403.3 764.2 88.0 623.7 124.3 242.5 399.5 318.6 284.2 64.4 88.5 117.4 297.0 109.6 265.6 122.4 534.9 130.9 571.0 21.2 152.2 282.7 446.4 357.0 297.3 360.8 370.1 289.4 495.1 417.9 377.1 419.7 91.0 454.9 489.5 309.1 260.0 430.9 0.0 303.2 572.6 85.3 146.0 234.2 324.4 225.5 358.7 84.7 88.3 262.1 461.5 123.6 133.7 339.3 129.9 193.5 659.2 365.1 230.0 336.8 383.9 270.9 107.5 317.3 609.8 81.6 275.5 325.9 592.0 749.8 577.7 63.8 250.3 217.7 423.8 370.8 113.9 598.1 375.6 40.2 522.7 129.9 351.0 335.9 147.2 309.7 143.3 290.7 164.7 340.8 156.9 344.7 317.4 284.9 326.5 357.1 454.4 624.7 534.3 310.0 699.6
3223.7 658.4 549.6 22.7 289.3 265.0 687.5 784.2 158.9 608.7 71.8 213.4 125.1 214.2 357.3 284.9 155.2 142.9 129.8 110.4 277.4 422.3 342.7 95.6 860.6 820.9 629.5 757.2 685.1 293.8 304.4 520.8 113.3 316.4 55.1 638.4 141.1 510.4 132.5 259.5 277.7 662.4 274.4 221.9 733.4 600.4 281.9 260.2 686.6 633.1 720.8 257.8 666.8 259.1 541.2 576.0 800.7 620.2 128.1 590.5 63.4 551.4 779.3 686.8 663.7 158.0 376.4 251.5 153.6 828.9 597.9 307.8 149.3 72.5 909.6 246.3 783.5 226.2 156.7 559.3 478.4 218.9 329.1 242.6 182.3 231.7 223.9 135.4 217.9 694.7 165.2 730.8 272.5 187.4 122.2 606.2 516.8 239.1 102.8 529.9 103.1 654.9 577.7 536.9 579.5 309.2 614.7 649.3 125.6 148.2 590.7 297.8 0.0 732.4 323.7 208.9 168.9 266.2 140.9 293.4 339.4 353.0 139.4 621.3 372.0 264.7 289.8 271.4 128.2 824.0 524.9 325.5 496.6 286.2 366.4 299.7 14.0 774.6 299.8 210.2 72.8 756.8 895.2 742.5 267.3 149.4 151.7 583.6 530.6 218.9 757.9 115.2 304.9 682.5 349.1 285.7 67.3 242.7 112.0 362.5 54.0 260.2 305.9 239.3 147.0 145.9 219.6 109.8 52.2 614.2 789.5 694.1 41.4 845.0
2941.2 54.3 192.4 714.7 707.9 678.6 220.1 138.5 633.6 208.2 743.2 737.3 685.0 589.5 583.1 749.3 697.2 625.9 658.5 733.7 608.1 460.1 541.2 673.8 280.2 225.6 183.3 116.5 209.4 563.6 828.3 214.6 766.7 626.1 726.5 213.9 794.5 273.1 672.4 542.3 719.5 90.9 798.3 772.9 103.5 243.2 715.3 734.6 106.6 160.6 153.6 781.7 189.6 720.2 217.9 202.2 215.5 235.4 726.3 271.9 689.0 250.0 194.1 209.1 143.6 608.9 492.2 580.6 595.1 247.1 204.4 479.1 691.3 741.1 329.2 581.7 209.8 537.8 602.7 236.0 311.8 742.8 547.9 559.6 588.2 755.6 559.2 713.6 575.2 217.0 601.7 263.4 558.8 623.0 662.1 249.0 228.9 755.9 815.5 181.2 756.5 157.8 223.7 172.3 283.4 479.0 248.0 215.2 646.9 597.8 210.8 570.5 737.4 0.0 501.8 595.6 692.8 783.0 646.9 682.9 532.3 500.8 622.3 195.6 480.3 622.0 797.9 628.7 652.1 178.3 210.7 600.7 289.4 941.3 641.6 616.7 723.3 147.2 488.4 734.1 663.7 196.1 266.3 180.5 584.3 610.5 664.2 334.4 281.4 563.5 190.7 713.4 551.6 134.8 456.3 809.6 804.8 600.0 671.9 444.4 689.3 617.5 734.5 545.4 706.9 655.2 743.5 763.2 694.9 257.0 143.8 151.7 778.9 229.6
3239.1 438.4 329.6 318.0 371.1 346.8 467.5 559.2 191.5 388.7 274.2 295.2 251.7 133.6 248.4 307.2 255.1 170.0 216.4 291.6 178.5 178.4 39.3 277.1 655.0 595.9 409.5 537.2 479.5 79.4 386.2 300.8 370.0 215.0 255.2 418.4 334.8 290.4 199.3 47.9 359.5 442.4 356.2 330.8 513.4 380.4 363.7 292.5 466.6 413.1 500.8 339.6 446.8 340.9 321.2 356.0 575.7 400.2 329.6 370.5 246.9 331.4 554.3 466.8 443.7 153.0 118.5 106.7 153.0 623.3 377.9 33.9 249.2 344.4 704.0 147.4 563.5 81.9 171.4 339.3 258.4 300.7 57.4 90.3 132.3 313.5 109.0 226.8 119.3 474.7 145.8 510.8 127.6 167.1 211.6 386.2 296.8 313.8 377.3 309.9 305.9 434.9 357.7 316.9 359.5 150.4 394.7 429.3 250.2 201.1 370.7 83.4 340.7 512.4 0.0 145.4 250.7 340.9 204.8 375.2 30.4 95.1 191.0 401.3 130.4 166.1 355.8 172.8 210.0 599.0 304.9 226.9 276.6 400.4 267.8 109.3 326.6 549.6 141.0 292.0 267.0 531.8 689.6 517.5 65.6 179.2 222.1 363.6 310.6 113.3 537.9 316.7 89.3 462.5 115.2 367.5 352.4 144.1 238.6 103.3 292.6 161.6 357.3 71.5 273.6 258.5 301.4 366.5 298.2 394.2 564.5 474.1 326.5 639.4
3266.6 502.2 393.4 248.0 279.1 254.8 531.3 623.0 117.6 452.5 182.2 203.2 210.1 94.9 209.7 215.2 163.1 113.4 124.4 199.6 160.2 275.1 152.7 198.2 718.8 659.7 473.3 601.0 543.3 140.4 294.2 364.6 254.5 176.3 163.2 482.2 242.8 354.2 157.7 82.3 267.5 506.2 264.2 238.8 577.2 444.2 271.7 200.5 530.4 476.9 564.6 247.6 510.6 248.9 385.0 419.8 639.5 464.0 305.5 434.3 154.9 395.2 618.1 530.6 507.5 128.5 221.8 100.6 91.9 687.1 441.7 130.6 157.2 274.4 767.8 136.8 627.3 41.3 129.8 403.1 322.2 208.7 170.8 47.0 93.6 221.5 28.3 152.9 80.6 538.5 135.7 574.6 153.2 128.4 170.0 450.0 360.6 221.8 285.3 373.7 213.9 498.7 421.5 380.7 423.3 189.9 458.5 493.1 226.1 177.0 434.5 144.4 227.7 576.2 128.1 0.0 158.7 248.9 112.8 283.2 143.8 198.4 149.4 465.1 233.7 127.4 263.8 134.1 118.0 662.8 368.7 188.2 340.4 308.4 229.1 104.1 256.6 613.4 180.5 200.0 242.9 595.6 753.4 581.3 71.7 137.6 130.1 427.4 374.4 23.3 601.7 292.6 150.3 526.3 211.9 275.5 260.4 105.4 197.0 200.0 200.3 122.9 265.3 65.4 232.0 234.4 209.4 251.0 228.2 458.0 628.3 537.9 234.5 703.2
3275.7 652.2 555.8 184.7 120.3 96.0 680.8 615.2 123.4 602.5 116.5 37.1 215.9 162.7 188.3 49.1 154.2 87.0 115.5 104.3 125.3 340.4 300.6 204.0 691.6 651.9 588.1 626.3 516.1 251.7 135.4 479.2 171.4 147.4 97.5 596.8 116.4 468.8 163.5 197.7 108.7 656.2 105.4 80.0 666.2 594.2 112.9 41.7 627.2 573.7 600.3 88.8 663.5 90.1 535.0 569.8 631.7 578.6 223.6 548.9 89.2 509.8 610.3 576.3 604.3 102.1 334.3 216.0 97.7 659.9 589.2 246.0 148.3 232.0 740.6 156.4 667.7 156.7 135.6 553.1 429.7 49.9 287.0 180.4 141.4 55.4 160.0 158.7 120.8 573.8 109.3 724.1 230.4 176.2 175.8 600.0 468.1 63.0 219.6 523.7 125.7 613.5 536.1 530.7 537.9 254.1 632.8 675.9 240.4 191.3 549.1 255.7 162.0 724.4 261.5 196.4 0.0 90.1 103.9 124.4 277.2 310.9 155.2 579.7 311.7 136.8 97.7 142.4 41.9 655.0 483.3 171.3 447.9 160.9 212.2 237.5 176.1 605.6 239.5 41.2 175.3 587.8 726.2 573.5 205.1 143.4 95.8 542.0 489.0 164.3 619.0 210.7 262.8 623.1 288.8 116.7 194.7 94.5 202.8 302.2 149.5 106.0 150.0 180.8 237.8 212.4 50.6 152.6 185.8 608.0 620.5 626.6 168.8 676.0
3248.6 744.7 638.9 274.3 205.5 176.2 723.8 658.2 214.3 711.9 207.4 126.0 306.8 249.2 231.3 82.8 245.1 177.9 206.4 195.2 219.5 423.5 377.7 294.9 734.6 694.9 631.1 669.3 552.4 328.8 213.2 562.3 276.9 190.4 188.4 699.3 207.3 551.9 254.4 294.5 217.1 779.5 183.2 34.7 706.2 677.3 212.9 58.8 670.2 616.7 643.3 166.6 706.5 217.8 618.1 705.9 674.7 681.1 314.5 632.0 180.1 592.9 653.3 619.3 647.3 193.0 449.8 286.5 188.6 702.9 632.2 342.8 239.2 322.9 783.6 250.6 710.7 250.9 226.5 636.2 520.6 127.7 364.1 277.6 217.3 144.3 254.2 249.6 217.6 616.8 200.2 767.1 320.9 222.4 264.0 727.2 559.0 37.7 225.5 606.8 216.6 656.5 651.5 613.8 621.0 374.1 675.8 718.9 331.3 282.2 642.0 332.8 252.9 767.4 358.7 243.9 90.8 0.0 194.8 180.5 374.4 388.0 246.1 682.2 437.9 231.0 87.2 236.6 132.8 698.0 566.4 248.9 538.8 104.3 289.8 334.7 267.0 648.6 365.7 135.4 266.2 630.8 766.9 616.5 302.3 234.3 186.7 625.1 572.1 253.9 662.0 301.6 339.9 666.1 415.0 194.5 247.9 188.7 293.7 422.3 240.4 242.3 71.1 274.3 328.7 303.3 144.8 243.5 272.3 732.8 663.5 669.6 264.3 735.5
3225.1 553.9 445.1 135.1 234.4 210.1 583.0 674.7 67.6 504.2 119.3 158.5 157.1 140.0 272.8 170.5 50.2 68.7 11.5 141.3 203.2 340.6 236.6 127.6 770.5 711.4 525.0 652.7 595.0 219.6 249.5 416.3 164.8 239.4 102.6 533.9 192.6 405.9 107.7 147.8 222.8 557.9 219.5 194.1 628.9 495.9 227.0 155.8 582.1 528.6 616.3 202.9 562.3 204.2 436.7 471.5 691.2 515.7 153.1 486.0 94.3 446.9 669.8 582.3 559.2 83.8 302.2 139.8 41.9 738.8 493.4 196.1 44.3 161.5 819.5 172.1 679.0 125.2 79.8 454.8 373.9 164.0 254.7 130.9 108.1 176.8 112.2 102.9 143.7 590.2 91.0 626.3 198.3 113.2 120.0 501.7 412.3 177.1 213.6 425.4 154.6 550.4 473.2 432.4 475.0 235.0 510.2 544.8 157.6 135.5 486.2 223.6 157.8 627.9 212.0 97.2 114.0 204.2 0.0 238.5 227.7 247.5 99.4 516.8 297.8 190.5 219.1 197.2 73.3 714.5 420.4 251.3 392.1 263.7 292.2 188.0 143.7 665.1 225.6 155.3 104.8 647.3 805.1 633.0 155.6 87.6 85.4 479.1 426.1 107.2 653.4 140.2 230.7 578.0 274.9 230.8 188.7 168.5 144.0 265.5 87.4 186.0 220.6 127.6 179.0 156.6 164.7 161.3 115.3 509.7 680.0 589.6 162.8 754.9
3196.6 622.6 516.8 327.7 24.9 38.3 601.7 536.1 266.4 589.8 259.5 180.1 358.9 202.4 109.2 192.1 297.2 218.8 258.5 247.3 169.6 301.4 325.8 347.0 612.5 572.8 509.0 547.2 437.0 296.0 112.3 440.2 314.4 65.4 240.5 577.2 259.4 429.8 306.5 237.4 36.5 659.2 132.6 189.9 587.1 555.2 32.3 151.6 548.1 494.6 521.2 98.5 584.4 79.9 496.0 583.8 552.6 559.0 366.6 509.9 232.2 470.8 531.2 497.2 525.2 201.8 327.7 255.7 240.7 580.8 510.1 285.7 291.3 375.0 661.5 200.7 588.6 196.4 278.6 514.1 415.9 85.3 331.3 220.1 181.1 198.4 199.7 301.7 160.5 494.7 194.6 645.0 274.7 215.9 318.8 605.1 436.9 172.9 362.6 484.7 268.7 534.4 529.4 491.7 498.9 252.0 553.7 596.8 381.2 332.1 516.5 300.0 305.0 645.3 301.2 236.1 142.9 200.0 246.9 0.0 316.9 355.2 298.2 560.1 315.8 181.1 232.1 186.7 184.9 575.9 444.3 126.8 416.7 259.5 167.7 277.2 319.1 526.5 243.6 187.5 318.3 508.7 647.1 494.4 244.8 286.4 238.8 503.0 450.0 204.0 539.9 353.7 307.1 544.0 292.9 146.4 337.7 134.2 345.8 300.2 292.5 117.3 130.0 220.5 380.8 389.5 196.9 295.6 328.8 613.1 541.4 547.5 311.8 596.9
3310.5 476.1 367.3 337.8 390.9 366.6 505.2 596.9 211.3 426.4 294.0 315.0 271.5 145.4 268.2 327.0 274.9 189.8 236.2 311.4 181.4 216.1 8.9 296.9 692.7 633.6 447.2 574.9 517.2 76.4 406.0 338.5 389.8 234.8 275.0 456.1 354.6 328.1 219.1 67.7 379.3 480.1 376.0 350.6 551.1 418.1 383.5 312.3 504.3 450.8 538.5 359.4 484.5 360.7 358.9 393.7 613.4 437.9 349.4 408.2 266.7 369.1 592.0 504.5 481.4 172.8 88.0 126.5 172.8 661.0 415.6 71.6 269.0 364.2 741.7 150.3 601.2 101.7 191.2 377.0 296.1 320.5 27.0 93.2 152.1 333.3 114.3 246.6 139.1 512.4 165.6 548.5 108.0 186.9 231.4 423.9 334.5 333.6 397.1 347.6 325.7 472.6 395.4 354.6 397.2 153.3 432.4 467.0 270.0 220.9 408.4 86.3 360.5 550.1 37.6 150.7 270.5 360.7 224.6 395.0 0.0 64.6 210.8 439.0 99.9 185.9 375.6 192.2 229.8 636.7 342.6 246.7 314.3 420.2 287.6 112.2 346.4 587.3 143.9 311.8 286.8 569.5 727.3 555.2 68.5 199.0 241.9 401.3 348.3 118.6 575.6 336.5 64.4 500.2 132.8 387.3 372.2 163.9 258.4 127.3 312.4 181.4 377.1 91.3 293.4 278.3 321.2 386.3 318.0 431.9 602.2 511.8 346.3 677.1
3230.9 430.2 321.4 352.9 406.0 381.7 459.3 551.0 226.4 380.5 309.1 330.1 286.6 156.2 283.3 342.1 290.0 204.9 251.3 326.5 192.2 170.2 60.6 312.0 646.8 587.7 401.3 529.0 471.3 62.7 421.1 292.6 404.9 249.9 290.1 410.2 369.7 282.2 234.2 82.8 394.4 434.2 391.1 365.7 505.2 372.2 398.6 327.4 458.4 404.9 492.6 374.5 438.6 375.8 313.0 347.8 567.5 392.0 364.5 362.3 281.8 323.2 546.1 458.6 435.5 187.9 58.7 141.6 187.9 615.1 369.7 35.4 284.1 379.3 695.8 161.1 555.3 116.8 206.3 331.1 250.2 335.6 47.0 128.7 167.2 348.4 143.9 261.7 154.2 466.5 180.7 502.6 94.3 202.0 246.5 378.0 288.6 348.7 412.2 301.7 340.8 426.7 349.5 308.7 351.3 164.1 386.5 421.1 285.1 236.0 362.5 86.2 375.6 504.2 58.1 180.3 285.6 375.8 239.7 410.1 67.3 0.0 225.9 393.1 70.6 201.0 390.7 203.0 244.9 590.8 296.7 261.8 268.4 435.3 302.7 167.5 361.5 541.4 154.7 326.9 301.9 523.6 681.4 509.3 123.8 214.1 257.0 355.4 302.4 148.2 529.7 351.6 50.7 454.3 103.5 402.4 387.3 179.0 273.5 98.0 327.5 196.5 392.2 106.4 308.5 293.4 336.3 401.4 333.1 386.0 556.3 465.9 361.4 631.2
3153.3 523.8 415.0 108.3 288.6 264.3 552.9 644.6 130.7 474.1 136.8 212.7 60.6 194.2 316.9 224.7 158.4 122.9 137.0 181.5 257.4 329.7 227.8 67.4 740.4 681.3 494.9 622.6 564.9 263.8 303.7 386.2 160.3 283.5 120.1 503.8 188.1 375.8 8.2 136.9 269.6 526.0 273.7 320.8 601.8 465.8 281.2 210.0 552.0 498.5 586.2 257.1 532.2 258.4 406.6 441.4 661.1 485.6 119.9 455.2 128.4 416.8 639.7 552.2 529.1 138.0 295.4 128.9 70.5 708.7 463.3 185.2 152.5 134.7 789.4 226.3 648.9 164.7 17.2 424.7 343.8 218.2 245.9 170.4 162.3 231.0 151.7 107.2 185.8 560.1 145.2 596.2 243.3 167.4 17.8 471.6 382.2 231.3 209.1 395.3 146.7 520.3 443.1 402.3 444.9 289.2 480.1 514.7 79.1 105.4 452.6 267.8 131.0 597.8 194.5 136.7 168.2 258.4 148.1 292.7 218.9 236.6 0.0 486.7 290.5 234.6 272.1 241.3 127.5 684.4 390.3 295.4 362.0 385.1 336.3 227.5 116.9 635.0 279.8 209.5 57.3 617.2 772.7 602.9 195.1 9.9 216.7 449.0 396.0 146.7 623.3 107.0 273.7 547.9 266.5 285.0 198.4 212.6 47.5 254.6 82.9 230.1 274.8 116.7 82.5 77.7 218.9 156.8 88.5 477.2 649.9 559.5 172.5 724.8
2925.5 162.6 99.5 614.1 617.9 588.6 66.1 180.7 533.0 78.3 642.6 636.7 584.4 488.9 481.9 648.7 596.6 525.3 557.9 633.1 506.9 359.5 440.6 573.2 287.0 242.5 75.3 158.7 119.4 463.0 727.7 145.1 666.1 524.9 625.9 17.0 693.9 153.6 571.8 441.7 629.5 199.2 697.7 672.3 134.9 116.6 625.3 634.0 88.1 78.9 129.5 681.1 91.8 630.2 148.4 72.3 222.3 39.7 625.7 76.2 588.4 82.7 200.9 132.6 61.1 508.3 391.6 480.0 494.5 309.7 43.7 378.5 590.7 640.5 336.0 481.1 252.0 437.2 502.1 166.5 201.4 642.2 447.3 459.0 487.6 655.0 458.6 613.0 474.6 140.5 501.1 109.4 458.2 522.4 561.5 93.6 159.4 655.3 714.9 123.2 655.9 100.7 56.4 130.2 87.7 378.4 80.7 85.3 546.3 497.2 36.5 469.9 636.8 185.3 401.2 495.0 592.2 682.4 546.3 592.9 431.7 400.2 521.7 0.0 379.7 521.4 697.3 528.1 551.5 220.5 141.2 499.5 171.9 831.7 540.4 516.1 622.7 189.8 387.8 633.5 563.1 172.0 308.5 183.3 483.7 509.9 563.6 133.4 103.7 462.9 166.6 612.8 451.0 84.0 355.7 709.0 704.2 499.4 571.3 343.8 588.7 516.9 644.5 444.8 606.3 554.6 642.9 662.6 594.3 101.6 186.0 100.9 678.3 271.8
3208.5 407.8 299.0 404.9 450.3 426.0 436.9 528.6 278.4 358.1 353.4 374.4 338.6 178.8 279.7 386.4 342.0 250.8 303.3 370.8 214.8 147.8 83.2 364.0 624.4 565.3 378.9 506.6 448.9 85.3 465.4 270.2 425.7 301.9 334.4 387.8 414.0 259.8 286.2 134.8 438.7 411.8 435.4 410.0 482.8 349.8 442.9 371.7 436.0 382.5 470.2 418.8 416.2 420.1 290.6 325.4 545.1 369.6 416.5 339.9 326.1 300.8 523.7 436.2 413.1 233.8 11.9 193.6 239.9 592.7 347.3 87.4 336.1 431.3 673.4 183.7 532.9 168.8 258.3 308.7 227.8 379.9 69.6 180.7 213.1 392.7 195.9 313.7 206.2 444.1 226.6 480.2 116.9 247.9 298.5 355.6 266.2 393.0 456.5 279.3 385.1 404.3 327.1 286.3 328.9 85.1 364.1 398.7 337.1 288.0 340.1 108.8 427.6 481.8 110.1 232.3 329.9 420.1 291.7 454.4 89.9 77.9 277.9 370.7 0.0 229.4 435.0 225.6 289.2 568.4 274.3 313.8 246.0 479.6 354.7 202.2 413.5 519.0 94.5 371.2 353.9 501.2 659.0 486.9 158.5 266.1 309.0 333.0 280.0 200.2 507.3 403.6 73.3 431.9 32.8 446.7 431.6 231.0 325.5 27.3 379.5 248.5 436.5 158.4 360.5 345.4 380.6 422.2 385.1 363.6 533.9 443.5 405.7 608.8
3291.1 592.3 495.9 336.1 248.7 219.4 586.0 630.6 196.1 542.6 208.5 223.2 306.4 68.5 154.8 235.2 226.9 105.9 188.2 225.9 59.5 280.5 189.8 295.2 707.0 667.3 528.0 641.7 531.5 140.9 314.2 419.3 280.8 121.4 189.5 536.9 269.1 408.9 235.4 124.5 287.5 596.3 284.2 258.8 681.6 534.3 291.7 220.5 585.1 531.6 615.7 267.6 600.7 268.9 475.1 509.9 647.1 518.7 347.7 489.0 181.2 449.9 625.7 591.7 562.2 88.9 223.5 142.8 189.1 675.3 496.4 172.8 221.0 362.5 756.0 45.3 683.1 83.5 207.5 493.2 364.4 228.7 176.2 107.2 68.2 241.5 86.8 231.4 47.6 589.2 81.7 629.3 119.6 103.0 283.5 540.1 402.8 241.8 311.6 463.8 240.2 553.4 476.2 470.8 478.0 156.3 513.2 583.2 268.3 219.2 489.2 144.9 254.0 666.3 197.2 123.2 178.7 268.9 176.6 223.7 196.5 200.1 227.1 519.8 219.1 0.0 283.8 32.2 144.3 670.4 423.4 133.3 382.6 328.4 174.2 164.3 268.1 621.0 146.9 220.0 285.1 603.2 741.6 588.9 131.9 215.3 168.5 482.1 429.1 91.1 634.4 334.8 152.0 581.0 196.2 295.5 286.7 50.5 293.3 209.6 241.5 68.0 275.3 107.6 328.3 276.6 229.4 277.3 316.3 548.1 635.9 642.0 260.8 691.4
3337.5 763.5 589.8 272.3 224.3 195.0 742.6 677.0 212.3 730.7 205.4 65.8 304.8 247.2 250.1 35.0 243.1 175.9 204.4 193.2 217.5 442.3 375.7 292.9 753.4 713.7 649.9 688.1 577.9 326.8 211.2 561.0 260.3 209.2 186.4 718.1 205.3 550.6 252.4 292.5 177.1 701.6 181.2 81.4 728.0 640.6 231.7 62.2 689.0 635.5 662.1 164.6 725.3 165.9 581.4 616.2 693.5 699.9 312.5 630.7 178.1 591.6 672.1 638.1 666.1 191.0 409.4 284.5 186.6 721.7 651.0 340.8 237.2 320.9 802.4 248.6 729.5 248.9 224.5 599.5 518.6 125.7 362.1 275.6 215.3 84.1 252.2 247.6 213.0 635.6 198.2 785.9 305.5 220.4 262.0 646.4 557.0 64.4 272.2 570.1 214.6 675.3 670.3 577.1 619.7 342.2 694.6 737.7 329.3 280.2 660.8 330.8 250.9 786.2 356.7 241.9 88.8 91.5 192.8 199.3 372.4 386.0 244.1 701.0 405.0 229.0 0.0 234.6 130.8 716.8 565.1 267.7 536.8 108.2 308.6 332.7 265.0 667.4 332.8 133.4 290.2 649.6 785.7 635.3 300.3 232.3 184.7 623.8 570.8 251.9 680.8 299.6 337.9 684.9 382.1 192.5 283.6 186.7 291.7 395.5 238.4 198.2 89.9 272.3 326.7 301.3 142.8 241.5 270.3 652.0 682.3 688.4 257.7 737.8
3277.9 584.6 488.2 298.0 235.5 206.2 578.3 617.4 217.4 534.9 229.8 250.8 309.9 55.2 141.6 262.8 248.2 127.2 209.5 247.2 27.2 256.1 176.5 314.3 693.8 654.1 520.3 628.5 518.3 127.6 341.8 411.6 302.1 108.2 210.8 529.2 290.4 401.2 257.5 143.6 247.1 588.6 311.8 286.4 668.4 526.6 242.9 248.1 577.4 523.9 602.5 295.2 593.0 296.5 467.4 502.2 633.9 511.0 366.8 481.3 202.5 442.2 612.5 578.5 554.5 110.2 210.2 161.9 208.2 662.1 488.7 191.9 242.3 381.6 742.8 32.0 669.9 102.6 229.6 485.5 370.6 256.3 162.9 126.3 89.5 269.1 105.9 252.7 66.7 576.0 103.0 621.6 106.3 124.3 269.8 532.4 408.3 269.4 332.9 456.1 261.5 545.7 468.5 463.1 470.3 143.0 505.5 575.5 287.4 238.3 481.5 131.6 275.3 658.6 183.9 142.3 206.3 296.5 197.9 210.5 183.2 186.8 249.2 512.1 205.8 40.1 311.4 0.0 165.6 657.2 415.7 120.1 388.1 356.0 161.0 183.4 289.4 607.8 133.6 247.6 304.2 590.0 728.4 575.7 162.4 237.4 189.8 474.4 421.4 110.2 621.2 353.9 138.7 573.3 182.9 323.1 308.0 37.3 296.8 196.3 262.8 54.8 262.1 126.7 331.8 295.7 257.0 298.6 335.4 540.4 622.7 628.8 282.1 678.2
3238.9 567.7 458.9 142.7 161.0 136.7 596.8 655.9 81.4 518.0 74.5 85.1 173.9 116.3 229.0 97.1 112.2 45.0 73.5 91.9 166.0 324.4 244.8 162.0 732.3 692.6 538.8 667.0 556.8 195.9 176.1 430.1 146.8 188.1 55.5 547.7 135.1 419.7 121.5 161.6 149.4 571.7 146.1 120.7 706.9 509.7 153.6 82.4 595.9 542.4 641.0 129.5 576.1 130.8 450.5 485.3 672.4 529.5 181.6 499.8 47.2 460.7 651.0 617.0 573.0 60.1 278.5 153.6 55.7 700.6 507.2 209.9 106.3 190.0 781.3 197.1 708.4 128.3 93.6 468.6 387.7 90.6 231.2 144.7 84.4 103.4 126.0 116.7 161.5 614.5 67.3 640.1 174.6 89.5 133.8 515.5 426.1 103.7 177.6 439.2 106.2 564.2 487.0 446.2 488.8 211.3 524.0 558.6 198.4 149.3 500.0 199.9 120.0 641.7 225.8 111.0 40.6 130.8 61.9 165.1 241.5 255.1 113.2 530.6 274.1 177.5 145.7 183.1 0.0 695.7 434.2 212.0 405.9 190.3 252.9 201.8 134.1 646.3 201.9 81.9 133.3 628.5 766.9 614.2 169.4 101.4 53.8 492.9 439.9 121.0 659.7 168.7 207.0 591.8 251.2 157.4 152.7 135.2 160.8 264.6 107.5 146.7 147.2 141.4 195.8 170.4 91.3 143.3 143.8 523.5 661.2 667.3 126.8 716.7
2861.3 275.6 247.9 770.2 660.4 631.1 260.7 58.3 689.1 307.0 798.7 792.8 740.5 645.0 638.6 804.8 752.7 681.4 714.0 789.2 663.6 515.6 596.7 729.3 180.5 122.0 181.8 89.7 233.8 619.1 747.8 270.1 822.2 681.6 782.0 254.5 850.0 328.6 727.9 597.8 672.0 279.6 755.6 758.6 129.6 298.7 667.8 722.2 170.3 201.2 117.8 696.1 230.2 672.7 273.4 274.3 135.6 259.7 781.8 273.8 744.5 256.4 114.2 139.2 184.2 664.4 547.7 636.1 650.6 143.5 210.8 534.6 746.8 796.6 229.5 637.2 106.2 593.3 658.2 291.5 367.3 798.3 603.4 615.1 643.7 811.1 614.7 769.1 630.7 136.7 657.2 304.0 614.3 678.5 717.6 304.5 284.4 741.6 871.0 236.7 812.0 173.3 230.1 227.8 262.8 534.5 254.4 347.6 702.4 653.3 217.2 626.0 792.9 226.8 557.3 651.1 748.3 755.7 702.4 635.4 587.8 556.3 677.8 236.2 535.8 677.5 771.0 684.2 707.6 0.0 266.2 656.2 344.9 828.2 697.1 672.2 778.8 67.3 543.9 789.6 719.2 85.0 162.7 100.6 639.8 666.0 719.7 389.9 336.9 619.0 99.7 768.9 607.1 177.7 511.8 766.9 860.3 655.5 727.4 499.9 744.8 673.0 687.0 600.9 762.4 710.7 799.0 818.7 750.4 312.5 53.8 144.1 834.4 126.0
3019.7 168.8 60.0 537.4 516.9 487.6 175.2 266.1 456.3 119.1 565.9 560.0 567.0 412.2 405.8 572.0 519.9 448.6 481.2 556.4 430.8 282.8 363.9 496.5 368.2 309.7 169.5 244.1 213.6 386.3 651.0 3.9 589.4 448.8 549.2 178.4 617.2 70.4 495.1 365.0 528.5 172.8 621.0 666.2 220.3 110.8 524.3 557.3 173.5 173.1 214.9 604.4 177.2 605.7 51.6 86.4 335.7 160.2 549.0 130.5 511.7 91.4 314.3 226.8 146.5 431.6 314.9 403.3 417.8 331.2 137.9 301.8 514.0 563.8 417.2 404.4 293.9 360.5 425.4 69.7 134.5 565.5 370.6 382.3 410.9 578.3 381.9 536.3 397.9 234.7 424.4 218.5 381.5 445.7 484.8 116.6 51.6 578.6 682.7 40.3 579.2 194.9 117.7 47.3 119.5 301.7 154.7 159.7 469.6 420.5 130.7 393.2 560.1 242.8 324.5 418.3 515.5 605.7 469.6 491.9 355.0 323.5 445.0 161.3 303.0 444.7 620.6 451.4 474.8 305.9 0.0 423.4 88.7 730.5 464.3 439.4 546.0 275.2 311.1 556.8 486.4 257.4 350.4 277.5 407.0 433.2 486.9 123.6 70.6 386.2 252.0 536.1 374.3 169.4 279.0 632.3 627.5 422.7 494.6 267.1 512.0 440.2 543.5 368.1 529.6 477.9 566.2 585.9 517.6 124.6 271.4 186.3 601.6 313.7
3203.0 562.5 466.1 418.1 184.7 155.4 556.2 542.5 278.1 512.8 290.5 275.0 388.4 171.5 17.5 287.7 308.9 187.9 270.2 307.9 152.1 250.7 309.0 377.2 618.9 579.2 498.2 553.6 443.4 260.1 272.1 389.5 377.4 57.4 271.5 507.1 351.1 379.1 317.4 206.5 196.3 564.7 279.9 282.9 593.5 504.5 192.1 246.5 554.5 501.0 527.6 220.4 590.8 197.0 445.3 480.1 559.0 488.9 429.7 458.5 263.2 420.1 537.6 503.6 531.6 170.9 277.0 224.8 271.1 587.2 466.6 284.2 303.0 444.5 667.9 181.0 595.0 165.5 289.5 463.4 365.2 245.1 295.4 189.2 150.2 293.3 168.8 313.4 129.6 501.1 163.7 599.5 252.2 185.0 365.5 510.3 386.2 265.9 393.6 434.0 322.2 523.6 446.4 441.0 448.2 201.3 483.4 553.4 350.3 301.2 455.9 264.1 336.0 651.7 270.3 205.2 254.9 280.0 258.6 159.7 286.0 305.9 309.1 490.0 265.1 157.0 294.1 148.9 226.3 582.3 393.6 0.0 366.0 352.5 40.8 246.3 350.1 532.9 192.9 296.2 355.8 515.1 651.2 500.8 213.9 297.3 250.5 452.3 399.3 173.1 546.3 416.8 271.2 550.4 242.2 291.2 368.7 103.3 375.3 249.5 323.5 86.4 211.3 189.6 410.3 358.6 305.6 359.3 393.9 515.9 547.8 553.9 342.8 619.8
3020.4 247.1 138.1 470.6 472.4 443.1 228.2 319.9 389.5 198.7 499.1 493.2 440.9 345.4 361.3 505.2 453.1 381.8 414.4 489.6 386.3 216.0 297.1 429.7 401.1 356.6 170.2 297.9 214.3 319.5 584.2 79.5 522.6 404.3 482.4 179.1 550.4 26.6 428.3 298.2 557.5 251.1 554.2 528.8 274.1 190.4 561.7 490.5 227.3 173.8 261.5 537.6 263.6 538.9 129.9 166.0 336.4 160.9 482.2 131.2 444.9 92.1 315.0 227.5 204.4 364.8 248.1 336.5 351.0 404.6 138.6 235.0 447.2 497.0 450.1 337.6 372.4 293.7 358.6 148.0 22.3 498.7 303.8 315.5 344.1 511.5 315.1 469.5 331.1 235.4 357.6 271.5 314.7 378.9 418.0 196.2 62.8 511.8 571.4 118.6 512.4 195.6 118.4 125.6 120.2 234.9 155.4 239.3 402.8 353.7 131.4 326.4 493.3 324.5 257.7 351.5 448.7 538.9 402.8 447.4 288.2 256.7 378.2 162.0 236.2 377.9 553.8 384.6 408.0 359.7 83.6 378.9 0.0 598.4 419.8 372.6 479.2 310.3 244.3 490.0 419.6 292.5 470.9 278.2 340.2 366.4 420.1 124.3 71.3 319.4 298.6 469.3 307.5 223.2 212.2 565.5 560.7 355.9 427.8 200.3 445.2 373.4 499.0 301.3 462.8 411.1 499.4 519.1 450.8 204.2 325.2 234.8 534.8 420.7
3300.6 833.3 643.3 325.8 294.1 264.8 812.4 746.8 265.8 702.4 258.9 130.6 358.3 300.7 319.9 122.8 296.6 229.4 257.9 246.7 271.0 512.1 429.2 346.4 823.2 783.5 719.7 757.9 641.0 380.3 264.7 614.5 328.4 279.0 239.9 732.1 258.8 604.1 305.9 346.0 238.0 754.3 234.7 86.7 794.8 694.1 242.2 110.3 758.8 705.3 731.9 218.1 795.1 219.4 634.9 669.7 763.3 713.9 366.0 683.5 231.6 648.4 741.9 707.9 735.9 244.5 462.9 338.0 240.1 791.5 720.8 394.3 290.7 374.4 872.2 302.1 799.3 302.4 278.0 653.0 572.1 179.2 415.6 329.1 268.8 112.3 305.7 301.1 266.5 705.4 251.7 855.7 372.4 273.9 315.5 699.9 610.5 89.2 277.5 623.6 268.1 745.1 671.4 630.6 673.2 395.7 764.4 807.5 382.8 333.7 730.6 384.3 304.4 856.0 410.2 295.4 142.3 116.3 246.3 269.1 425.9 439.5 297.6 715.0 458.5 282.5 124.2 288.1 184.3 786.6 618.6 337.5 590.3 0.0 378.4 386.2 318.5 737.2 386.3 186.9 317.7 719.4 855.5 705.1 353.8 285.8 238.2 677.3 624.3 305.4 750.6 353.1 391.4 754.7 435.6 246.0 299.9 240.2 345.2 449.0 291.9 251.7 159.7 325.8 380.2 354.8 196.3 295.0 328.2 705.5 752.1 758.2 311.2 824.1
3234.8 594.3 497.9 449.9 216.5 187.2 588.0 574.3 309.9 544.6 322.3 306.8 420.2 203.3 49.3 318.8 340.7 219.7 302.0 339.7 183.9 282.5 340.8 409.0 650.7 611.0 530.0 585.4 475.2 291.9 303.9 421.3 394.6 89.2 303.3 538.9 382.9 410.9 349.2 238.3 228.1 598.3 311.7 314.7 625.3 536.3 223.9 278.3 586.3 532.8 559.4 252.2 622.6 228.8 477.1 511.9 590.8 520.7 461.5 491.0 295.0 451.9 569.4 535.4 563.4 202.7 308.8 256.6 302.9 619.0 498.4 316.0 334.8 476.3 699.7 212.8 626.8 197.3 321.3 495.2 397.0 276.9 327.2 221.0 182.0 325.1 200.6 345.2 161.4 532.9 195.5 631.3 270.6 216.8 397.3 542.1 418.0 297.7 425.4 465.8 354.0 555.4 478.2 472.8 480.0 233.1 515.2 585.2 382.1 333.0 491.2 295.9 367.8 683.5 302.1 237.0 286.7 311.8 290.4 191.5 317.8 337.7 340.9 521.8 296.9 188.8 327.1 180.7 258.1 614.1 425.4 31.7 397.8 384.3 0.0 278.1 381.9 564.7 224.7 328.0 398.9 546.9 685.3 532.6 245.7 329.1 282.3 484.1 431.1 204.9 578.1 448.6 303.0 582.2 274.0 323.0 400.5 135.1 407.1 281.3 355.3 118.2 243.1 221.4 442.1 390.4 337.4 391.1 430.1 550.1 579.6 585.7 374.6 635.1
3308.1 543.7 434.9 335.4 350.3 326.0 572.8 707.0 188.8 494.0 253.4 274.4 281.3 116.4 231.2 286.4 234.3 152.8 195.6 270.8 181.7 288.5 134.6 294.5 783.4 743.7 514.8 718.1 607.9 122.3 365.4 406.1 325.7 197.8 234.4 523.7 314.0 395.7 228.9 112.9 338.7 547.7 335.4 310.0 618.7 485.7 342.9 271.7 571.9 518.4 692.1 318.8 552.1 320.1 426.5 461.3 723.5 505.5 347.0 475.8 226.1 436.7 702.1 572.1 549.0 135.8 203.7 151.4 197.7 751.7 483.2 144.0 228.4 361.8 832.4 158.3 759.5 82.8 201.0 444.6 363.7 279.9 152.7 47.0 115.1 292.7 68.1 224.1 102.1 580.0 128.6 616.1 170.5 149.9 241.2 491.5 402.1 293.0 356.5 415.2 285.1 540.2 463.0 422.2 464.8 193.3 500.0 534.6 267.6 218.5 476.0 126.3 298.9 617.7 110.0 104.5 229.9 320.1 184.0 354.4 125.7 180.3 220.6 506.6 215.6 148.9 335.0 155.6 189.2 746.8 410.2 209.7 381.9 379.6 250.6 0.0 344.0 697.4 183.9 271.2 284.4 679.6 818.0 665.3 53.6 208.8 201.3 468.9 415.9 72.4 710.8 334.1 132.2 567.8 233.2 346.7 331.6 126.9 268.2 243.0 271.5 144.4 336.5 116.2 303.2 275.9 280.6 322.2 315.6 499.5 712.3 579.4 305.7 767.8
3209.6 644.3 535.5 8.6 303.4 279.1 673.4 765.1 144.8 594.6 85.9 227.5 111.0 228.3 371.4 299.0 159.1 157.0 137.7 124.5 291.5 436.4 356.8 81.5 860.9 801.8 615.4 743.1 685.4 307.9 318.5 506.7 127.4 330.5 69.2 624.3 155.2 496.3 118.4 271.6 291.8 648.3 288.5 236.0 719.3 586.3 296.0 274.3 672.5 619.0 706.7 271.9 652.7 273.2 527.1 561.9 781.6 606.1 120.6 576.4 77.5 537.3 760.2 672.7 649.6 172.1 390.5 263.6 165.7 829.2 583.8 319.9 153.2 58.4 909.9 260.4 769.4 240.3 142.6 545.2 464.3 233.0 343.2 256.7 196.4 245.8 238.0 121.3 232.0 680.6 179.3 716.7 286.6 201.5 108.1 592.1 502.7 253.2 116.9 515.8 117.2 640.8 563.6 522.8 565.4 323.3 600.6 635.2 111.5 134.1 576.6 311.9 14.0 718.3 337.8 223.0 183.0 280.3 148.8 307.5 353.5 367.1 125.3 607.2 386.1 278.8 303.9 285.5 142.3 804.9 510.8 339.6 482.5 300.3 380.5 313.8 0.0 755.5 313.9 224.3 58.7 737.7 895.5 723.4 281.4 135.3 165.8 569.5 516.5 233.0 743.8 107.7 319.0 668.4 363.2 299.8 81.4 256.8 97.9 376.6 68.1 274.3 320.0 251.4 132.9 131.8 233.7 123.9 38.1 600.1 770.4 680.0 55.5 845.3
2793.9 135.0 222.5 744.8 593.0 563.7 214.7 9.5 663.7 202.8 773.3 683.3 715.1 619.6 539.0 695.3 727.3 656.0 688.6 750.5 638.2 490.2 571.3 703.9 132.9 88.4 114.4 20.6 166.4 593.7 680.4 244.7 796.8 541.4 756.6 208.5 762.6 303.2 702.5 572.4 604.6 171.6 688.2 691.2 60.5 241.1 600.4 654.8 101.2 155.2 50.4 628.7 184.2 605.3 248.0 196.8 68.2 230.0 756.4 206.4 719.1 189.0 46.8 71.8 138.2 639.0 522.3 610.7 625.2 119.2 143.4 509.2 721.4 771.2 181.9 611.8 104.2 567.9 632.8 266.1 341.9 653.4 578.0 589.7 618.3 701.6 589.3 743.7 605.3 69.3 631.8 258.0 588.9 653.1 692.2 218.1 259.0 674.2 845.6 211.3 786.6 105.9 162.7 202.4 195.4 509.1 187.0 209.8 677.0 627.9 149.8 600.6 767.5 157.7 531.9 625.7 646.1 688.3 677.0 568.0 562.4 530.9 652.4 190.2 510.4 652.1 703.6 658.8 682.2 49.3 240.8 556.6 319.5 760.8 597.5 646.8 753.4 0.0 518.5 764.2 693.8 17.6 185.5 33.2 614.4 640.6 694.3 239.7 210.0 593.6 32.3 743.5 581.7 108.6 486.4 699.5 834.9 630.1 702.0 474.5 719.4 593.3 619.6 575.5 737.0 685.3 773.6 793.3 725.0 226.1 14.8 76.7 809.0 135.3
3209.0 416.9 308.1 331.1 359.8 335.5 446.0 537.7 250.5 367.2 262.9 283.9 343.0 88.3 185.1 295.9 281.3 160.3 242.6 280.3 124.3 122.4 155.4 331.1 633.5 574.4 388.0 515.7 458.0 91.6 374.9 279.3 335.2 223.3 243.9 396.9 323.5 268.9 290.6 170.1 348.2 420.9 344.9 319.5 491.9 358.9 352.4 281.2 445.1 391.6 479.3 328.3 425.3 329.6 299.7 334.5 554.2 378.7 384.2 349.0 235.6 309.9 532.8 445.3 422.2 143.3 84.0 228.9 224.8 601.8 356.4 122.7 275.4 392.6 682.5 93.2 542.0 155.9 262.7 317.8 236.9 289.4 141.8 151.1 122.6 302.2 159.2 285.8 127.6 453.2 136.1 489.3 70.3 157.4 302.9 364.7 275.3 302.5 366.0 288.4 294.6 413.4 336.2 295.4 338.0 9.4 373.2 407.8 340.7 291.6 349.2 95.6 308.4 490.9 145.4 195.6 239.4 329.6 231.0 363.9 162.1 144.4 282.3 379.8 72.1 138.9 344.5 135.1 198.7 577.5 283.4 202.7 255.1 389.1 243.6 170.1 322.5 528.1 0.0 280.7 357.5 510.3 668.1 496.0 126.4 270.5 222.9 342.1 289.1 163.5 516.4 371.3 102.7 441.0 49.2 356.2 341.1 152.4 329.9 62.6 295.9 169.9 346.0 193.7 364.9 349.0 290.1 331.7 346.4 372.7 543.0 452.6 315.2 617.9
3287.8 610.9 514.5 368.0 99.2 162.6 604.6 627.3 228.0 561.2 240.4 236.0 338.3 121.4 151.5 248.0 258.8 137.8 220.1 257.8 84.0 299.1 259.3 327.1 703.7 664.0 546.6 638.4 528.2 210.4 164.5 437.9 312.7 118.1 221.4 555.5 301.0 427.5 267.3 156.4 87.6 614.9 124.8 245.8 678.3 552.9 91.8 207.5 603.7 550.2 612.4 150.7 619.3 178.3 493.7 528.5 643.8 537.3 379.6 507.6 213.1 468.5 622.4 588.4 580.8 120.8 293.0 174.7 221.0 672.0 515.0 204.7 252.9 394.4 752.7 115.1 679.8 115.4 239.4 511.8 396.3 137.5 245.7 139.1 100.1 254.3 118.7 263.3 79.5 585.9 113.6 647.9 189.1 134.9 315.4 558.7 434.7 228.8 343.5 482.4 272.1 572.0 494.8 489.4 496.6 212.8 531.8 601.8 300.2 251.1 507.8 214.4 285.9 684.9 220.2 155.1 204.8 255.9 208.5 124.2 235.9 269.6 259.0 538.4 270.4 95.5 288.0 101.1 176.2 667.1 442.0 130.0 414.5 315.4 170.9 196.2 300.0 617.7 198.2 0.0 317.0 599.9 738.3 585.6 163.8 247.2 200.4 500.7 447.7 123.0 631.1 366.7 221.5 599.6 247.5 183.6 318.6 53.2 325.2 260.9 273.4 64.7 254.0 139.5 360.2 308.5 9.3 309.2 348.2 566.7 632.6 638.7 292.7 688.1
3150.8 585.5 476.7 52.2 296.9 272.6 614.6 706.3 86.0 522.3 79.4 232.3 52.2 221.8 364.9 233.7 101.0 161.8 79.6 124.1 285.0 405.6 280.9 21.3 802.1 743.0 556.6 684.3 619.9 301.4 312.0 447.9 117.5 324.0 74.0 552.0 130.7 424.0 59.6 212.8 277.9 587.7 282.0 263.4 663.5 527.5 289.5 218.3 613.7 560.2 647.9 265.4 593.9 266.7 468.3 489.6 722.8 547.3 62.5 516.9 82.3 481.8 701.4 613.9 577.3 165.6 384.0 204.8 106.9 770.4 525.0 261.1 106.4 77.3 851.1 253.9 710.6 208.3 83.8 486.4 392.0 226.5 336.7 214.0 201.2 250.6 195.3 61.1 223.5 621.8 172.8 657.9 286.9 195.0 51.5 533.3 443.9 280.6 151.7 457.0 89.3 582.0 504.8 464.0 506.6 316.8 541.8 576.4 52.7 75.3 514.3 305.4 73.6 659.5 270.4 180.3 176.5 307.7 90.7 301.0 294.8 312.5 66.5 548.4 379.6 272.3 330.1 279.0 135.8 746.1 452.0 344.4 423.7 339.0 374.0 271.1 59.5 696.7 307.4 217.8 0.0 678.9 834.4 664.6 238.7 76.5 170.6 510.7 457.7 190.3 685.0 49.6 312.5 609.6 356.7 304.6 141.0 250.3 39.1 330.5 25.5 267.8 283.1 192.6 74.1 73.0 227.2 99.4 26.7 538.9 711.6 621.2 115.1 803.0
2776.2 152.8 184.9 702.7 575.3 546.0 175.6 27.3 621.6 163.7 745.0 665.6 673.0 577.5 521.3 677.6 685.2 613.9 646.5 732.8 595.5 448.1 529.2 661.8 115.2 70.7 96.7 38.4 148.7 551.6 662.7 262.5 754.7 523.7 714.5 169.4 744.9 242.2 660.4 530.3 586.9 189.4 670.5 673.5 78.3 202.0 582.7 637.1 119.0 116.1 70.2 611.0 145.1 587.6 265.8 157.7 50.5 174.6 714.3 188.7 717.7 171.3 29.1 54.1 99.1 596.9 480.2 568.6 583.1 101.5 125.7 467.1 679.3 729.1 164.2 569.7 86.5 525.8 590.7 283.9 290.0 635.7 535.9 547.6 576.2 683.9 547.2 701.6 563.2 51.6 589.7 218.9 546.8 611.0 650.1 179.0 276.8 656.5 803.5 229.1 744.5 88.2 145.0 220.2 177.7 467.0 169.3 170.7 634.9 585.8 132.1 558.5 725.4 175.5 489.8 583.6 628.4 670.6 634.9 550.3 520.3 488.8 610.3 151.1 468.3 610.0 685.9 616.7 640.1 67.1 258.6 538.9 260.5 743.1 579.8 604.7 711.3 17.7 476.4 673.0 651.7 0.0 167.8 15.5 572.3 598.5 652.2 222.0 192.3 551.5 31.1 701.4 539.6 126.4 444.3 681.8 792.8 588.0 659.9 432.4 677.3 575.6 601.9 533.4 694.9 643.2 682.4 751.2 682.9 187.0 32.6 59.0 766.9 117.6
2848.3 269.1 315.7 839.3 690.8 661.5 325.7 123.3 756.9 313.8 860.5 781.1 808.3 712.8 636.8 793.1 820.5 749.2 781.8 848.3 731.4 583.4 664.5 797.1 84.5 101.0 246.8 154.7 252.1 686.9 778.2 337.9 904.6 639.2 841.5 319.5 860.4 392.3 795.7 665.6 713.9 305.7 786.0 789.0 194.6 366.5 698.2 752.6 235.3 266.2 182.8 726.5 295.2 703.1 341.2 307.8 112.8 324.7 849.6 338.8 833.2 321.4 120.8 204.2 249.2 732.2 615.5 703.9 718.4 47.5 275.8 602.4 814.6 864.4 133.5 705.0 85.2 661.1 726.0 359.3 435.1 751.2 671.2 682.9 711.5 799.4 682.5 836.9 698.5 201.7 725.0 369.0 682.1 746.3 787.6 329.1 352.2 772.0 952.0 304.5 873.1 238.3 295.1 295.6 327.8 602.3 319.4 320.8 770.2 721.1 285.6 693.8 860.7 291.8 625.1 718.9 743.9 786.1 770.2 665.8 655.6 624.1 745.6 301.2 603.6 745.3 800.2 752.0 775.4 159.7 334.0 654.4 410.6 858.6 695.3 740.0 846.6 132.3 611.7 788.5 787.0 150.0 0.0 165.6 707.6 733.8 787.5 372.1 342.4 686.8 164.7 836.7 674.9 242.7 579.6 797.3 928.1 708.0 795.2 567.7 812.6 691.1 717.4 668.7 830.2 778.5 797.9 886.5 818.2 337.1 118.8 209.1 902.2 30.0
2760.6 167.1 178.9 724.6 559.7 530.4 169.6 41.6 643.5 157.7 753.1 650.0 694.9 599.4 505.7 662.0 707.1 635.8 668.4 717.2 618.0 470.0 551.1 683.7 122.8 78.3 81.1 52.7 158.9 573.5 647.1 224.5 776.6 508.1 736.4 163.4 729.3 226.6 682.3 552.2 571.3 203.7 654.9 657.9 92.6 196.0 567.1 621.5 108.4 110.1 26.7 595.4 139.1 572.0 227.8 151.7 58.1 184.9 736.2 221.4 698.9 155.7 36.7 38.5 93.1 618.8 502.1 590.5 605.0 144.8 110.1 489.0 701.2 751.0 171.8 591.6 94.1 547.7 612.6 245.9 321.7 620.1 557.8 569.5 598.1 668.3 569.1 723.5 585.1 36.0 611.6 212.9 568.7 632.9 672.0 173.0 238.8 640.9 825.4 202.6 766.4 82.2 129.4 209.6 162.1 488.9 153.7 164.7 656.8 607.7 116.5 580.4 747.3 189.8 511.7 605.5 612.8 655.0 656.8 534.7 542.2 510.7 632.2 145.1 490.2 631.9 670.3 638.6 662.0 81.4 220.6 523.3 244.9 727.5 564.2 626.6 733.2 32.0 498.3 744.0 673.6 14.2 211.1 0.0 594.2 620.4 674.1 206.4 176.7 573.4 45.4 723.3 561.5 96.0 466.2 666.2 814.7 609.9 681.8 454.3 699.2 560.0 586.3 555.3 716.8 665.1 753.4 773.1 704.8 181.0 46.9 53.0 788.8 160.9
3285.7 494.8 386.0 313.0 327.9 303.6 523.9 684.6 166.4 445.1 231.0 252.0 258.9 94.0 208.8 264.0 211.9 130.4 173.2 248.4 159.3 234.8 80.9 272.1 761.0 721.3 465.9 593.6 585.5 68.6 343.0 357.2 303.3 175.4 212.0 474.8 291.6 346.8 206.5 104.3 316.3 498.8 313.0 287.6 569.8 436.8 320.5 249.3 523.0 469.5 557.2 296.4 503.2 297.7 377.6 412.4 701.1 456.6 324.6 426.9 203.7 387.8 679.7 523.2 500.1 113.4 150.0 129.0 175.3 729.3 434.3 90.3 206.0 339.4 810.0 135.9 619.9 60.4 178.6 395.7 314.8 257.5 99.0 24.6 92.7 270.3 45.7 201.7 79.7 531.1 106.2 567.2 116.8 127.5 218.8 442.6 353.2 270.6 334.1 366.3 262.7 491.3 414.1 373.3 415.9 139.6 451.1 485.7 245.2 196.1 427.1 72.6 276.5 568.8 56.3 82.1 207.5 297.7 161.6 332.0 72.0 126.6 198.2 457.7 161.9 126.5 312.6 133.2 166.8 724.4 361.3 187.3 333.0 357.2 228.2 43.6 321.6 675.0 130.2 248.8 262.0 657.2 795.6 642.9 0.0 186.4 178.9 420.0 367.0 50.0 594.3 311.7 78.5 518.9 179.5 324.3 309.2 104.5 245.8 189.3 249.1 122.0 314.1 93.8 280.8 253.5 258.2 299.8 293.2 450.6 689.9 530.5 283.3 745.4
3165.1 513.8 405.0 120.1 278.6 254.3 542.9 634.6 142.5 464.1 148.6 202.7 72.4 184.2 306.9 214.7 170.2 112.9 148.8 193.3 247.4 319.7 217.8 79.2 730.4 671.3 484.9 612.6 554.9 253.8 293.7 376.2 172.1 273.5 131.9 493.8 199.9 365.8 20.1 126.9 267.0 517.8 263.7 238.3 588.8 455.8 271.2 200.0 542.0 488.5 576.2 247.1 522.2 248.4 396.6 431.4 651.1 475.6 131.7 445.9 140.2 406.8 629.7 542.2 519.1 128.0 285.4 118.9 60.5 698.7 453.3 175.2 164.3 146.5 779.4 216.3 638.9 154.7 7.2 414.7 333.8 208.2 235.9 160.4 152.3 221.0 141.7 119.0 177.8 550.1 135.2 586.2 242.5 157.4 32.4 461.6 372.2 221.3 220.9 385.3 161.9 510.3 433.1 392.3 434.9 279.2 470.1 504.7 90.9 95.4 446.1 257.8 142.8 587.8 184.5 126.7 158.2 248.4 159.9 282.7 208.9 226.6 11.8 476.7 280.5 224.6 263.3 231.3 117.5 674.4 380.3 285.4 352.0 396.9 326.3 217.5 128.7 625.0 269.8 199.5 69.1 607.2 765.0 592.9 185.1 0.0 129.6 439.0 386.0 136.7 613.3 118.8 263.7 537.9 256.5 275.0 210.2 202.6 59.3 244.6 94.7 220.1 264.8 106.7 94.3 67.7 208.9 168.6 100.3 469.6 639.9 549.5 184.3 714.8
3242.5 571.3 462.5 200.7 226.4 202.1 600.4 692.1 85.0 521.6 184.9 150.5 177.5 132.0 264.8 162.5 115.8 60.7 77.1 206.9 195.2 340.1 254.0 165.6 787.9 728.8 542.4 670.1 612.4 211.6 241.5 433.7 245.0 231.4 168.2 551.3 258.2 423.3 125.1 165.2 214.8 573.5 211.5 186.1 649.3 513.3 219.0 147.8 599.5 546.0 633.7 194.9 579.7 196.2 454.1 488.9 708.6 533.1 218.7 502.7 159.9 464.3 687.2 599.7 576.6 75.8 294.2 157.2 59.3 756.2 510.8 213.5 109.9 227.1 836.9 164.1 696.4 142.6 97.2 472.2 391.3 156.0 246.9 148.3 100.1 168.8 129.6 120.3 133.7 607.6 83.0 643.7 203.7 105.2 137.4 519.1 429.7 169.1 279.2 442.8 216.8 567.8 490.6 449.8 492.4 227.0 527.6 562.2 202.0 152.9 500.1 215.6 223.4 645.3 229.4 114.6 106.0 196.2 65.5 230.5 245.1 270.8 116.8 534.2 289.8 182.5 209.9 189.2 65.3 731.9 437.8 243.3 409.5 255.7 284.2 205.4 209.3 682.5 217.6 147.3 162.9 664.7 820.2 650.4 173.0 105.0 0.0 496.5 443.5 124.6 670.8 205.8 222.7 595.4 266.9 222.8 254.3 160.5 164.4 280.3 153.0 178.0 212.6 145.0 199.4 174.0 156.7 226.9 176.5 524.7 697.4 607.0 228.4 772.3
2970.3 251.7 164.8 574.9 553.8 524.5 178.1 269.8 493.8 190.3 603.4 597.5 545.2 449.7 442.7 609.5 557.4 486.1 518.7 593.9 467.7 320.3 401.4 534.0 351.0 306.5 120.1 247.8 164.2 423.8 688.5 142.8 626.9 485.7 586.7 129.0 654.7 114.4 532.6 402.5 565.4 288.3 658.5 633.1 224.0 228.6 561.2 594.8 177.2 123.7 211.4 641.9 213.5 643.2 198.6 184.3 286.3 110.8 586.5 81.1 549.2 42.0 264.9 177.4 154.3 469.1 352.4 440.8 455.3 354.5 88.5 339.3 551.5 601.3 400.0 441.9 322.3 398.0 462.9 216.7 162.2 603.0 408.1 419.8 448.4 615.8 419.4 573.8 435.4 185.3 461.9 221.4 419.0 483.2 522.3 205.6 170.9 616.1 675.7 187.3 616.7 145.5 68.3 194.3 70.1 339.2 105.3 197.3 507.1 458.0 81.3 430.7 597.6 274.4 362.0 455.8 553.0 643.2 507.1 528.8 392.5 361.0 482.5 111.9 340.5 482.2 658.1 488.9 512.3 309.6 146.9 460.3 132.7 792.5 501.2 476.9 583.5 260.2 348.6 594.3 523.9 242.4 420.8 228.1 444.5 470.7 524.4 0.0 64.5 423.7 248.5 573.6 411.8 173.1 316.5 669.8 665.0 460.2 532.1 304.6 549.5 477.7 580.4 405.6 567.1 515.4 603.7 623.4 555.1 213.6 275.1 184.7 639.1 370.6
2949.0 230.4 100.2 510.3 489.2 459.9 156.8 248.5 429.2 169.0 538.8 532.9 480.6 385.1 378.1 544.9 492.8 421.5 454.1 529.3 403.1 255.7 336.8 469.4 329.7 285.2 98.8 226.5 142.9 359.2 623.9 78.2 562.3 421.1 522.1 107.7 590.1 49.8 468.0 337.9 500.8 267.0 593.9 568.5 202.7 152.5 496.6 530.2 155.9 102.4 190.1 577.3 192.2 578.6 134.0 128.1 265.0 89.5 521.9 59.8 484.6 20.7 243.6 156.1 133.0 404.5 287.8 376.2 390.7 333.2 67.2 274.7 486.9 536.7 378.7 377.3 301.0 333.4 398.3 152.1 97.6 538.4 343.5 355.2 383.8 551.2 354.8 509.2 370.8 164.0 397.3 200.1 354.4 418.6 457.7 158.3 106.3 551.5 611.1 122.7 552.1 124.2 47.0 129.7 48.8 274.6 84.0 176.0 442.5 393.4 60.0 366.1 533.0 253.1 297.4 391.2 488.4 578.6 442.5 464.2 327.9 296.4 417.9 90.6 275.9 417.6 593.5 424.3 447.7 288.3 82.3 395.7 68.1 727.9 436.6 412.3 518.9 238.9 284.0 529.7 459.3 221.1 399.5 206.8 379.9 406.1 459.8 52.9 0.0 359.1 227.2 509.0 347.2 151.8 251.9 605.2 600.4 395.6 467.5 240.0 484.9 413.1 515.8 341.0 502.5 450.8 539.1 558.8 490.5 166.3 253.8 163.4 574.5 349.3
3243.2 478.8 370.0 270.5 277.8 253.5 507.9 599.6 116.3 429.1 180.9 201.9 208.8 71.5 186.3 213.9 161.8 112.1 123.1 198.3 136.8 251.7 129.3 229.6 695.4 636.3 449.9 577.6 519.9 117.0 292.9 341.2 253.2 152.9 161.9 458.8 241.5 330.8 156.4 58.9 266.2 482.8 262.9 237.5 553.8 420.8 270.4 199.2 507.0 453.5 541.2 246.3 487.2 247.6 361.6 396.4 616.1 440.6 282.1 410.9 153.6 371.8 594.7 507.2 484.1 90.9 198.4 77.2 123.5 663.7 418.3 107.2 155.9 296.9 744.4 113.4 603.9 17.9 128.5 379.7 298.8 207.4 147.4 23.6 70.2 220.2 4.9 151.6 57.2 515.1 83.7 551.2 129.8 105.0 168.7 426.6 337.2 220.5 284.0 350.3 212.6 475.3 398.1 357.3 399.9 166.5 435.1 469.7 202.7 153.6 411.1 121.0 226.4 552.8 104.7 32.0 157.4 247.6 111.5 281.9 120.4 175.0 148.1 441.7 210.3 104.0 262.5 110.7 116.7 639.4 345.3 164.8 317.0 307.1 205.7 80.7 279.1 590.0 157.1 198.7 219.5 572.2 730.0 557.9 48.3 136.3 128.8 404.0 351.0 0.0 578.3 269.2 126.9 502.9 188.5 274.2 259.1 82.0 195.7 176.6 199.0 99.5 264.0 42.0 230.7 211.0 208.1 249.7 250.7 434.6 604.9 514.5 233.2 679.8
2819.9 160.0 193.6 739.3 619.0 589.7 184.3 34.5 658.2 172.4 767.8 709.3 709.6 614.1 607.7 721.3 721.8 650.5 683.1 758.3 632.7 484.7 565.8 698.4 158.9 114.4 127.8 45.6 180.3 588.2 706.4 239.2 805.9 567.4 751.1 178.1 819.1 273.3 697.0 566.9 642.1 194.8 714.2 717.2 82.5 210.7 626.4 680.8 126.2 124.8 39.0 654.7 153.8 631.3 242.5 166.4 94.2 199.6 750.9 236.1 713.6 224.2 72.8 112.6 107.8 633.5 516.8 605.2 619.7 143.1 156.8 503.7 715.9 765.7 207.9 606.3 105.8 562.4 627.3 260.6 336.4 679.4 572.5 584.2 612.8 727.6 583.8 738.2 597.8 120.5 626.3 227.6 585.4 647.6 688.9 187.7 253.5 700.2 840.1 236.3 777.7 96.9 176.1 227.4 208.8 503.6 200.4 179.4 671.5 622.4 166.6 595.1 762.0 182.7 526.4 620.2 717.4 714.3 671.5 594.0 556.9 525.4 646.9 159.8 504.9 646.6 728.4 653.3 676.7 74.3 235.3 625.3 291.6 786.8 666.2 641.3 747.9 24.9 513.0 758.7 688.3 81.5 160.0 59.2 608.9 635.1 688.8 253.1 223.4 588.1 0.0 738.0 576.2 133.6 480.9 725.5 829.4 624.6 696.5 469.0 713.9 642.1 645.6 570.0 731.5 679.8 768.1 787.8 715.1 193.3 39.8 67.7 803.5 108.9
3256.8 595.0 486.2 136.2 275.5 251.2 624.1 715.8 108.7 545.3 120.4 199.6 158.2 181.1 313.9 211.6 51.3 109.8 29.9 142.4 244.3 381.7 277.7 128.7 811.6 752.5 566.1 693.8 636.1 260.7 290.6 457.4 180.5 280.5 103.7 575.0 193.7 447.0 148.8 188.9 256.5 597.2 260.6 235.2 673.0 537.0 268.1 196.9 623.2 569.7 657.4 244.0 603.4 245.3 477.8 512.6 732.3 556.8 12.8 526.4 95.4 488.0 710.9 623.4 600.3 124.9 343.3 180.9 83.0 779.9 534.5 237.2 45.4 162.6 860.6 213.2 720.1 166.3 120.9 495.9 415.0 205.1 295.8 172.0 149.2 217.9 153.3 144.0 184.8 631.3 132.1 667.4 244.9 154.3 161.1 542.8 453.4 218.2 214.7 466.5 152.3 591.5 514.3 473.5 516.1 276.1 551.3 585.9 158.7 176.6 523.8 264.7 158.9 669.0 253.1 138.3 155.1 245.3 41.0 279.6 268.8 288.6 140.5 557.9 338.9 231.6 259.0 238.3 114.4 755.6 461.5 292.4 433.2 390.7 333.3 229.1 144.8 706.2 266.7 196.4 105.9 688.4 843.9 674.1 196.7 128.7 183.7 520.2 467.2 148.3 694.5 0.0 271.8 619.1 316.0 271.9 189.8 209.6 145.1 306.6 88.5 227.1 261.7 168.7 180.1 179.0 205.8 162.4 112.0 548.4 721.1 630.7 163.9 796.0
3279.0 478.3 369.5 382.3 376.9 352.6 507.4 599.1 252.6 428.6 280.0 301.0 316.0 105.4 273.8 313.7 298.1 177.4 259.4 297.4 141.4 226.4 37.7 341.4 694.9 635.8 449.4 577.1 512.7 11.9 392.0 340.7 352.3 240.4 261.0 458.3 340.6 330.3 263.6 112.2 357.9 480.5 362.0 336.6 553.3 420.3 369.5 298.3 506.5 453.0 540.7 345.4 486.7 346.7 361.1 395.9 615.6 440.1 393.9 409.7 252.7 371.3 594.2 506.7 483.6 160.4 71.4 171.0 217.3 663.2 417.8 83.5 292.2 408.7 743.9 110.3 603.4 146.2 235.7 379.2 298.3 306.5 24.1 110.8 139.7 319.3 131.9 287.9 142.7 514.6 153.2 550.7 43.4 174.5 273.2 426.1 336.7 319.6 383.1 349.8 311.7 474.8 397.6 356.8 399.4 113.3 434.6 469.2 314.5 265.4 407.1 35.4 325.5 552.3 82.1 168.3 256.5 346.7 247.8 381.0 44.4 48.0 255.3 441.2 83.3 156.0 360.4 152.2 215.8 638.9 344.8 252.3 316.5 406.2 293.2 129.8 339.6 589.5 103.9 297.8 320.0 571.7 727.2 557.4 86.1 243.5 240.0 403.5 350.5 136.2 577.8 381.0 0.0 502.4 116.2 373.3 358.2 169.5 302.9 110.7 356.9 187.0 363.1 135.8 337.9 322.8 307.2 348.8 358.1 431.7 604.4 514.0 332.3 679.3
2904.8 142.2 118.7 664.4 597.2 567.9 109.4 122.7 583.3 97.5 692.9 687.0 634.7 539.2 532.8 699.0 646.9 575.6 608.2 683.4 557.8 409.8 490.9 623.5 218.8 174.3 72.6 100.7 98.7 513.3 684.6 164.3 716.4 545.6 676.2 103.2 744.2 222.8 622.1 492.0 608.8 178.8 692.4 695.4 50.8 135.8 604.6 659.0 48.2 49.9 61.3 632.9 78.9 609.5 167.6 91.5 154.1 124.7 676.0 161.2 638.7 139.3 132.7 113.0 32.9 558.6 441.9 530.3 544.8 205.1 93.7 428.8 641.0 690.8 267.8 531.4 190.1 487.5 552.4 185.7 261.5 692.5 497.6 509.3 537.9 705.3 508.9 663.3 524.9 120.9 551.4 152.7 508.5 572.7 611.8 112.8 178.6 678.4 765.2 142.4 706.2 38.8 113.0 149.4 172.7 428.7 137.3 104.5 596.6 547.5 100.1 520.2 687.1 164.9 451.5 545.3 642.5 692.5 596.6 572.2 482.0 450.5 572.0 84.9 430.0 571.7 707.8 578.4 601.8 162.5 160.4 550.4 239.1 765.0 591.3 566.4 673.0 121.6 438.1 683.8 613.4 103.8 250.5 119.1 534.0 560.2 613.9 190.0 160.3 513.2 98.4 663.1 501.3 0.0 406.0 703.7 754.5 549.7 621.6 394.1 639.0 567.2 623.8 495.1 656.6 604.9 693.2 712.9 644.6 120.8 128.0 32.7 728.6 213.8
3194.5 393.8 285.0 392.2 421.5 397.2 422.9 514.6 264.4 344.1 324.6 345.6 324.6 150.0 246.8 357.6 328.0 222.0 289.3 342.0 186.0 146.6 106.1 350.0 610.4 551.3 364.9 492.6 434.9 108.2 436.6 256.2 411.5 287.9 305.6 373.8 385.2 245.8 272.2 120.8 409.9 396.0 406.6 381.2 468.8 335.8 414.1 342.9 422.0 368.5 456.2 390.0 402.2 391.3 276.6 311.4 531.1 355.6 402.5 325.2 297.3 290.1 509.7 422.2 399.1 205.0 34.7 179.6 225.9 578.7 333.3 73.4 322.1 417.3 659.4 154.9 518.9 154.8 244.3 294.7 213.8 351.1 92.5 166.7 184.3 363.9 181.9 299.7 192.2 430.1 197.8 466.2 135.3 219.1 281.8 341.6 252.2 364.2 427.7 265.3 356.3 390.3 313.1 272.3 314.9 52.2 350.1 384.7 323.1 274.0 322.6 114.1 413.6 467.8 96.1 218.3 301.1 391.3 277.7 425.6 112.8 95.1 263.9 356.7 22.8 200.6 405.0 196.8 260.4 554.4 260.3 299.8 232.0 450.8 340.7 205.5 399.5 505.0 61.6 342.4 328.6 487.2 642.7 472.9 161.8 252.1 295.0 319.0 266.0 186.2 493.3 389.6 96.2 417.9 0.0 417.9 402.8 217.0 311.5 13.3 365.5 234.5 407.7 144.4 346.5 331.4 351.8 393.4 371.1 347.2 519.9 429.5 376.9 594.8
3339.4 765.4 633.1 326.0 125.9 137.0 744.5 678.9 266.0 679.8 259.1 179.7 358.5 240.0 252.0 192.4 296.8 256.4 258.1 246.9 202.6 417.7 377.9 346.6 755.3 715.6 651.8 690.0 579.8 329.0 141.0 556.5 328.6 208.2 240.1 674.1 259.0 546.1 306.1 275.0 114.3 731.7 42.3 189.5 729.9 671.5 118.5 151.2 690.9 637.4 664.0 76.4 727.2 104.0 612.3 647.1 695.4 655.9 366.2 625.5 231.8 587.1 674.0 640.0 668.0 239.4 411.6 293.3 240.3 723.6 652.9 323.3 290.9 374.6 804.3 233.7 731.4 234.0 278.2 630.4 514.9 81.2 364.3 257.7 218.7 198.0 237.3 301.3 200.7 637.5 232.2 787.8 321.1 253.5 315.7 677.3 553.3 172.5 362.2 601.0 268.3 677.2 613.4 608.0 615.2 331.4 696.5 739.6 418.8 369.7 662.7 333.0 304.6 788.1 338.8 273.7 142.5 199.6 246.5 150.9 354.5 388.2 297.8 657.0 389.0 214.1 230.5 219.7 184.5 718.7 560.6 248.6 533.1 259.1 289.5 314.8 318.7 669.3 316.8 187.1 317.9 651.5 787.6 637.2 282.4 286.0 238.4 619.3 566.3 241.6 682.7 353.3 340.1 686.8 366.1 0.0 337.3 171.8 345.4 379.5 292.1 183.3 197.7 258.1 380.4 355.0 196.5 295.2 328.4 682.9 684.2 690.3 311.4 739.7
3219.2 705.7 596.9 69.9 381.1 351.8 734.8 833.8 206.2 656.0 104.4 295.3 172.4 246.8 406.9 252.8 187.8 175.5 162.4 143.0 310.0 454.9 375.3 142.9 910.2 870.5 676.8 844.9 734.7 326.4 337.0 568.1 145.9 366.0 87.7 685.7 173.7 557.7 179.8 292.1 310.3 709.7 307.0 189.8 780.7 647.7 314.5 228.1 733.9 680.4 818.9 290.4 714.1 291.7 588.5 623.3 850.3 667.5 160.7 637.8 96.0 598.7 828.9 734.1 711.0 190.6 409.0 284.1 186.2 878.5 645.2 340.4 181.9 119.8 959.2 278.9 886.3 258.8 204.0 606.6 525.7 251.5 361.7 275.2 214.9 313.6 256.5 182.7 250.5 792.4 197.8 778.1 305.1 220.0 169.5 653.5 564.1 207.0 35.5 577.2 135.7 702.2 625.0 584.2 626.8 341.8 662.0 696.6 172.9 195.5 638.0 330.4 47.2 779.7 356.3 241.5 260.1 234.1 173.5 356.1 372.0 385.6 186.7 668.6 404.6 297.3 257.7 304.0 160.8 873.6 572.2 424.5 543.9 254.1 465.4 332.3 61.3 824.2 332.4 242.8 120.1 806.4 944.8 792.1 299.9 196.7 184.3 630.9 577.9 251.5 837.6 147.8 337.5 729.8 381.7 318.3 0.0 275.3 159.3 395.1 86.6 292.8 273.8 271.9 194.3 193.2 252.2 142.4 99.5 661.5 839.1 741.4 16.3 894.6
3240.5 523.0 414.2 314.7 198.1 168.8 552.1 580.0 174.7 473.3 187.1 196.0 285.0 68.1 104.2 208.0 205.5 84.5 166.8 204.5 54.7 269.8 191.5 273.8 656.4 616.7 494.1 591.1 480.9 147.7 287.0 385.4 259.4 70.8 168.1 503.0 247.7 375.0 214.0 103.1 260.3 527.0 257.0 231.6 631.0 465.0 264.5 193.3 592.0 538.5 565.1 240.4 628.3 241.7 405.8 440.6 596.5 484.8 326.3 455.1 159.8 416.0 575.1 541.1 569.1 67.5 230.3 121.4 167.7 624.7 462.5 151.4 199.6 341.1 705.4 85.8 632.5 62.1 186.1 423.9 343.0 201.5 183.0 85.8 46.8 214.3 65.4 210.0 26.2 538.6 60.3 595.4 126.4 81.6 262.1 470.8 381.4 214.6 290.2 394.5 218.8 519.5 442.3 401.5 444.1 163.1 479.3 513.9 246.9 197.8 455.3 151.7 232.6 597.0 166.9 101.8 151.5 241.7 155.2 173.1 182.6 206.9 205.7 485.9 225.9 66.2 256.6 45.5 122.9 619.8 389.5 82.7 361.2 301.2 123.6 142.9 246.7 570.4 153.7 192.8 263.7 552.6 691.0 538.3 110.5 193.9 147.1 448.2 395.2 69.7 583.8 313.4 158.8 587.9 203.0 268.3 265.3 0.0 271.9 216.4 220.1 17.4 224.7 86.2 306.9 255.2 202.2 255.9 294.9 478.8 585.3 591.4 239.4 640.8
3104.7 570.8 462.0 100.3 335.6 311.3 599.9 691.6 122.7 521.1 128.8 259.7 12.0 241.2 363.9 271.7 150.4 169.9 129.0 173.5 304.4 376.7 274.8 59.4 787.4 728.3 541.9 669.6 611.9 310.8 350.7 433.2 152.3 330.5 112.1 550.8 180.1 422.8 40.0 183.9 324.0 574.8 320.7 325.9 645.8 512.8 328.2 257.0 599.0 545.5 633.2 304.1 579.2 305.4 453.6 488.4 708.1 532.6 111.9 502.9 120.4 463.8 686.7 599.2 576.1 185.0 342.4 175.9 143.6 755.7 510.3 232.2 144.5 126.7 836.4 273.3 695.9 211.7 64.2 471.7 390.8 265.2 292.9 217.4 209.3 278.0 198.7 99.2 234.8 607.1 192.2 643.2 299.5 214.4 29.7 518.6 429.2 343.1 214.2 442.3 142.1 567.3 490.1 449.3 491.9 336.2 527.1 561.7 51.1 73.7 503.1 314.8 123.0 644.8 241.5 183.7 215.2 305.4 140.1 339.7 265.9 283.6 46.9 533.7 337.5 281.6 393.8 288.3 174.5 731.4 437.3 342.4 409.0 390.2 383.3 274.5 108.9 682.0 326.8 256.5 49.3 664.2 822.0 649.9 242.1 56.9 208.7 496.0 443.0 193.7 670.3 99.0 320.7 594.9 313.5 332.0 190.4 259.6 0.0 301.6 74.9 277.1 321.8 163.7 33.9 71.4 265.9 148.8 80.5 526.6 696.9 606.5 164.5 771.8
3181.1 380.4 271.6 377.5 430.6 406.3 409.5 501.2 251.0 330.7 333.7 354.7 311.2 161.9 258.7 366.7 314.6 229.5 275.9 351.1 197.9 120.4 119.1 336.6 597.0 537.9 351.5 479.2 421.5 121.2 445.7 242.8 429.5 274.5 314.7 360.4 394.3 232.4 258.8 107.4 419.0 384.4 415.7 390.3 455.4 322.4 423.2 352.0 408.6 355.1 442.8 399.1 388.8 400.4 263.2 298.0 517.7 342.2 389.1 312.5 306.4 273.4 496.3 408.8 385.7 212.5 47.7 166.2 212.5 565.3 319.9 60.0 308.7 403.9 646.0 166.8 505.5 141.4 230.9 281.3 200.4 360.2 105.5 153.3 191.8 373.0 168.5 286.3 178.8 416.7 205.3 452.8 147.3 226.6 271.1 328.2 238.8 373.3 436.8 251.9 365.4 376.9 299.7 258.9 301.5 64.1 336.7 371.3 309.7 260.6 312.7 126.0 400.2 454.4 82.7 204.9 310.2 400.4 264.3 434.7 113.2 81.7 250.5 343.3 35.8 225.6 415.3 208.7 269.5 541.0 246.9 286.4 218.6 459.9 327.3 192.1 386.1 491.6 73.5 351.5 326.5 473.8 631.6 459.5 148.4 238.7 281.6 305.6 252.6 172.8 479.9 376.2 109.2 404.5 11.8 427.0 411.9 203.6 298.1 0.0 352.1 221.1 416.8 131.0 333.1 318.0 360.9 426.0 357.7 336.2 506.5 416.1 386.0 581.4
3176.6 611.3 502.5 56.0 271.3 247.0 640.4 732.1 111.8 561.6 53.8 195.4 78.0 196.2 339.3 207.4 112.5 124.9 91.1 98.5 259.4 404.3 324.7 48.5 827.9 768.8 582.4 710.1 652.4 275.8 286.4 473.7 77.3 298.4 37.1 591.3 105.1 463.3 85.4 238.6 259.7 615.3 256.4 237.8 686.3 553.3 263.9 192.7 639.5 586.0 673.7 239.8 619.7 241.1 494.1 528.9 748.6 573.1 74.0 543.4 45.4 504.3 727.2 639.7 616.6 140.0 358.4 230.6 132.7 796.2 550.8 286.9 106.6 82.4 876.9 228.3 736.4 208.2 109.6 512.2 431.3 200.9 311.1 224.6 164.3 213.7 205.9 88.3 199.9 647.6 147.2 683.7 254.5 169.4 75.1 559.1 469.7 255.0 126.1 482.8 67.1 607.8 530.6 489.8 532.4 291.2 567.6 602.2 78.5 101.1 543.6 279.8 78.7 685.3 305.7 190.9 150.9 282.1 102.2 275.4 321.4 335.0 92.3 574.2 354.0 246.7 305.7 253.4 110.2 771.9 477.8 307.5 449.5 302.1 348.4 281.7 64.6 722.5 281.8 192.2 25.7 704.7 862.5 690.4 249.3 102.3 133.7 536.5 483.5 200.9 710.8 61.1 286.9 635.4 331.1 267.7 101.2 224.7 64.9 344.5 0.0 242.2 257.5 218.4 99.9 98.8 201.6 73.8 36.2 567.1 737.4 647.0 75.3 812.3
3223.0 539.9 431.1 331.6 180.6 151.3 628.1 562.5 191.6 490.2 204.0 212.9 301.9 85.0 86.7 224.9 222.4 101.4 183.7 221.4 65.6 280.7 208.4 290.7 638.9 599.2 535.4 573.6 456.7 164.6 303.9 402.3 290.9 53.3 185.0 519.9 264.6 391.9 230.9 120.0 192.2 542.9 273.9 248.5 610.5 481.9 188.0 210.2 574.5 521.0 547.6 257.3 610.8 192.9 422.7 457.5 579.0 501.7 343.2 472.0 176.7 432.9 557.6 523.6 551.6 84.4 247.2 138.3 184.6 607.2 536.5 168.3 216.5 358.0 687.9 94.5 615.0 79.0 203.0 440.8 359.9 218.4 199.9 102.7 63.7 231.2 82.3 226.9 43.1 521.1 77.2 671.4 156.7 98.5 281.2 487.7 398.3 231.5 307.1 411.4 235.7 560.8 459.2 418.4 461.0 180.0 496.2 530.8 263.8 214.7 468.7 168.6 249.5 671.7 183.8 118.7 168.4 258.6 172.1 155.6 199.5 223.8 222.6 502.8 242.8 70.5 272.3 62.4 139.8 602.3 406.4 65.2 378.1 318.1 106.1 159.8 263.6 552.9 170.6 209.7 280.6 535.1 671.2 520.8 127.4 210.8 164.0 465.1 412.1 86.6 566.3 330.3 175.7 570.4 219.9 285.2 282.2 16.8 288.8 233.3 237.0 0.0 207.2 103.1 323.8 272.1 219.1 272.8 307.4 493.3 567.8 573.9 256.3 639.8
3247.5 673.5 567.7 291.1 134.3 105.0 652.6 587.0 229.8 640.7 222.9 132.1 322.3 256.2 160.1 101.3 260.6 193.4 221.9 210.7 245.5 352.3 379.6 310.4 663.4 623.7 559.9 598.1 487.9 335.8 221.7 491.1 277.8 119.2 203.9 628.1 222.8 480.7 269.9 291.2 145.9 710.1 175.0 71.5 638.0 606.1 141.7 72.3 599.0 545.5 572.1 170.0 635.3 146.6 546.9 634.7 603.5 609.9 330.0 560.8 195.6 521.7 582.1 548.1 576.1 208.5 378.6 309.5 204.1 631.7 561.0 339.5 254.7 338.4 712.4 276.6 639.5 250.2 242.0 565.0 466.8 119.5 371.1 273.9 234.9 142.9 253.5 265.1 214.3 545.6 248.4 695.9 314.5 269.7 282.2 656.0 487.8 54.5 262.3 535.6 232.1 585.3 580.3 542.6 549.8 302.9 604.6 647.7 346.8 297.7 567.4 339.8 268.4 696.2 355.0 289.9 106.3 68.6 210.3 109.3 370.7 407.5 261.6 611.0 366.7 241.7 83.9 233.6 148.3 626.8 495.2 177.7 467.6 141.1 218.6 331.0 282.5 577.4 294.5 161.4 281.7 559.6 698.0 545.3 298.6 249.8 202.2 553.9 500.9 257.8 590.8 317.1 346.9 594.9 343.8 186.3 284.7 188.0 309.2 351.1 255.9 171.1 0.0 274.3 344.2 318.8 170.8 259.0 292.2 664.0 592.3 598.4 275.2 647.8
3222.4 458.0 349.2 249.7 299.5 275.2 487.1 578.8 119.9 408.3 202.6 223.6 180.1 85.3 200.1 235.6 183.5 133.8 144.8 220.0 150.6 212.9 111.0 208.8 674.6 615.5 429.1 556.8 499.1 148.8 314.6 320.4 301.7 166.7 183.6 438.0 263.2 310.0 127.7 20.1 287.9 462.0 284.6 259.2 533.0 400.0 292.1 220.9 486.2 432.7 520.4 268.0 466.4 269.3 340.8 375.6 595.3 419.8 261.3 390.1 175.3 351.0 573.9 486.4 463.3 104.7 178.6 35.1 81.4 642.9 397.5 68.4 177.6 276.1 723.6 127.2 583.1 33.6 99.8 358.9 278.0 229.1 129.1 55.4 84.0 241.9 55.0 155.2 71.0 494.3 97.5 530.4 143.6 118.8 140.0 405.8 316.4 242.2 305.7 329.5 234.3 454.5 377.3 336.5 379.1 180.3 414.3 448.9 181.9 132.8 390.3 152.8 272.4 532.0 77.7 91.4 179.1 269.3 133.2 303.6 102.1 119.8 119.4 420.9 173.7 117.8 284.2 124.5 138.4 618.6 324.5 178.6 296.2 328.8 219.5 112.5 258.3 569.2 170.9 220.4 198.7 551.4 709.2 537.1 80.1 107.6 150.5 383.2 330.2 59.3 557.5 248.4 158.7 482.1 149.7 295.9 280.8 95.8 167.0 137.8 224.3 113.3 285.7 0.0 202.0 190.2 229.8 298.2 229.9 413.8 584.1 493.7 254.9 659.0
3092.1 616.3 507.5 174.9 381.1 356.8 645.4 737.1 168.2 566.6 191.4 305.2 32.5 286.7 409.4 376.3 195.9 215.4 174.5 230.0 349.9 422.2 320.3 104.9 832.9 773.8 587.4 715.1 657.4 356.3 396.2 478.7 197.8 376.0 174.7 596.3 225.6 468.3 85.5 229.4 369.5 620.3 366.2 313.3 691.3 558.3 373.7 351.6 644.5 591.0 678.7 349.6 624.7 350.9 499.1 533.9 753.6 578.1 157.4 548.4 183.0 509.3 732.2 644.7 621.6 230.5 387.9 221.4 189.1 801.2 555.8 277.7 190.0 172.2 881.9 318.8 741.4 257.2 109.7 517.2 436.3 310.7 338.4 262.9 254.8 323.5 244.2 144.7 280.3 652.6 237.7 688.7 345.0 259.9 75.2 564.1 474.7 330.5 201.6 487.8 187.6 612.8 535.6 494.8 537.4 381.7 572.6 607.2 73.8 119.2 548.6 360.3 152.2 690.3 287.0 229.2 260.7 357.6 185.6 385.2 311.4 329.1 92.4 579.2 383.0 327.1 381.2 333.8 220.0 776.9 482.8 387.9 454.5 377.6 428.8 320.0 166.3 727.5 372.3 302.0 94.8 709.7 867.5 695.4 287.6 102.4 271.3 541.5 488.5 239.2 715.8 144.5 366.2 640.4 359.0 377.5 204.9 305.1 44.4 347.1 120.4 322.6 397.3 209.2 0.0 116.9 311.4 194.3 126.0 572.1 742.4 652.0 179.0 817.3
3157.6 566.8 458.0 120.6 331.6 307.3 595.9 687.6 141.7 517.1 147.8 255.7 89.6 237.2 359.9 267.7 169.4 165.9 148.0 192.5 300.4 372.7 270.8 78.4 783.4 724.3 537.9 665.6 601.2 306.8 346.7 429.2 185.9 326.5 131.1 546.8 199.1 418.8 77.0 179.9 320.0 569.8 316.7 331.8 641.8 508.8 324.2 253.0 595.0 541.5 629.2 300.1 575.2 301.4 449.6 484.4 704.1 528.6 130.9 498.9 139.4 459.8 682.7 595.2 572.1 181.0 338.4 171.9 113.5 751.7 506.3 228.2 163.5 145.7 832.4 269.3 691.9 207.7 60.2 467.7 386.8 261.2 288.9 213.4 205.3 274.0 194.7 118.2 228.8 603.1 188.2 639.2 286.3 210.4 66.7 514.6 425.2 349.0 220.1 438.3 161.1 563.3 486.1 445.3 487.9 332.2 523.1 557.7 59.5 82.1 495.6 310.8 142.0 640.8 237.5 179.7 211.2 301.4 159.1 335.7 261.9 279.6 83.9 529.7 333.5 277.6 315.1 284.3 170.5 727.4 433.3 338.4 405.0 396.1 379.3 270.5 127.9 678.0 322.8 252.5 57.0 660.2 815.7 645.9 238.1 71.7 227.7 492.0 439.0 189.7 666.3 118.0 316.7 590.9 309.5 328.0 209.4 255.6 76.5 297.6 93.9 273.1 317.8 159.7 111.5 0.0 261.9 167.8 99.5 520.2 692.9 602.5 183.5 784.3
3278.4 601.5 505.1 358.6 89.8 153.2 595.2 617.9 218.6 551.8 231.0 226.6 328.9 112.0 142.1 238.6 249.4 128.4 210.7 248.4 74.6 289.7 249.9 317.7 694.3 654.6 537.2 629.0 518.8 201.0 155.1 428.5 303.3 108.7 212.0 546.1 291.6 418.1 257.9 147.0 78.2 605.5 115.4 236.4 668.9 543.5 82.4 198.1 594.3 540.8 603.0 141.3 609.9 168.9 484.3 519.1 634.4 527.9 370.2 498.2 203.7 459.1 613.0 579.0 571.4 111.4 283.6 165.3 211.6 662.6 505.6 195.3 243.5 385.0 743.3 105.7 670.4 106.0 230.0 502.4 386.9 128.1 236.3 129.7 90.7 244.9 109.3 253.9 70.1 576.5 104.2 638.5 179.7 125.5 306.0 549.3 425.3 219.4 334.1 473.0 262.7 562.6 485.4 480.0 487.2 203.4 522.4 592.4 290.8 241.7 498.4 205.0 276.5 675.5 210.8 145.7 195.4 246.5 199.1 114.8 226.5 260.2 249.6 529.0 261.0 86.1 278.6 91.7 166.8 657.7 432.6 120.6 405.1 306.0 161.5 186.8 290.6 608.3 188.8 236.7 307.6 590.5 728.9 576.2 154.4 237.8 191.0 491.3 438.3 113.6 621.7 357.3 212.1 590.2 238.1 174.2 309.2 43.8 315.8 251.5 264.0 55.3 244.6 130.1 350.8 299.1 0.0 299.8 338.8 557.3 623.2 629.3 283.3 678.7
3265.0 699.7 590.9 144.4 338.0 313.7 728.8 832.9 200.2 650.0 145.0 262.1 166.4 266.5 406.0 351.1 200.9 195.2 179.5 79.3 343.0 474.6 395.0 136.9 909.3 869.6 670.8 798.5 733.8 346.1 353.1 562.1 102.3 365.1 107.4 679.7 46.1 551.7 173.8 311.8 326.4 703.7 323.1 288.1 774.7 641.7 330.6 326.4 727.9 674.4 762.1 306.5 708.1 307.8 582.5 617.3 849.4 661.5 162.4 631.8 115.7 592.7 828.0 728.1 705.0 210.3 428.7 303.8 205.9 877.6 639.2 360.1 195.0 170.8 958.3 298.6 824.8 278.5 198.0 600.6 519.7 267.6 381.4 294.9 234.6 280.4 276.2 176.7 270.2 736.0 217.5 772.1 324.8 239.7 163.5 647.5 558.1 305.3 176.4 571.2 92.1 696.2 619.0 578.2 620.8 361.5 656.0 690.6 166.9 189.5 632.0 350.1 118.8 773.7 376.0 261.2 217.6 332.4 190.6 342.1 391.7 405.3 180.7 662.6 424.3 317.0 356.0 323.7 194.3 872.7 566.2 389.0 537.9 352.4 429.9 352.0 132.9 823.3 352.1 258.9 114.1 805.5 943.9 791.2 319.6 190.7 204.0 624.9 571.9 271.2 799.2 149.5 357.2 723.8 401.4 334.4 151.5 312.2 153.3 414.8 88.3 323.7 372.1 291.6 188.3 187.2 268.3 0.0 124.6 655.5 838.2 735.4 125.6 893.7
3171.4 606.1 497.3 21.0 316.8 288.3 635.2 726.9 106.6 552.2 99.3 240.9 72.8 241.7 384.8 326.7 120.9 166.2 99.5 144.0 304.9 426.2 320.1 43.3 822.7 763.6 577.2 704.9 640.5 321.3 331.9 468.5 137.4 343.9 82.6 586.1 150.6 453.9 80.2 233.4 297.8 608.3 301.9 264.4 684.1 548.1 305.2 302.7 634.3 580.8 668.5 285.3 614.5 286.6 488.9 523.7 743.4 567.9 82.4 537.5 90.9 502.4 722.0 634.5 611.4 185.5 403.9 225.4 127.5 791.0 545.6 281.7 115.0 46.1 871.7 273.8 731.2 228.9 104.4 507.0 426.1 246.4 356.6 234.6 209.8 259.2 215.9 83.1 243.4 642.4 192.7 674.3 307.5 214.9 72.1 553.9 464.5 281.6 145.3 477.6 109.2 602.6 525.4 484.6 527.2 336.7 562.4 597.0 73.3 95.9 530.7 325.3 42.4 680.1 291.0 200.9 196.4 313.1 110.6 320.9 315.4 333.1 82.9 569.0 399.5 292.2 331.1 298.9 155.7 766.7 472.6 353.0 444.3 328.7 393.9 291.7 28.3 717.3 327.3 237.7 34.0 699.5 850.8 685.2 259.3 97.1 179.2 531.3 478.3 210.9 705.6 65.3 328.2 630.2 376.6 313.2 109.8 270.2 59.7 351.1 45.4 283.5 348.4 213.2 94.7 89.4 247.1 119.3 0.0 559.5 732.2 641.8 88.3 823.6
2973.0 178.5 73.0 620.0 598.2 568.9 105.7 196.6 537.6 49.6 647.2 641.3 589.0 493.5 487.1 654.0 601.2 527.7 562.5 637.7 512.1 364.1 443.0 577.8 302.9 258.4 140.8 174.6 173.6 467.6 732.3 118.6 685.3 530.1 628.3 97.3 698.5 174.9 576.4 446.3 698.2 213.3 702.3 676.9 153.8 90.1 603.4 638.6 104.0 118.1 145.4 685.7 107.7 687.0 121.9 43.6 238.2 141.4 630.3 178.6 593.0 177.5 216.8 197.1 74.8 512.9 396.2 484.6 499.1 289.2 145.4 383.1 593.1 645.1 351.9 485.7 267.9 441.8 506.7 140.0 213.6 646.8 451.9 463.6 490.0 657.4 463.2 617.6 477.2 205.0 505.7 146.8 464.8 527.0 566.1 7.2 132.9 659.9 719.5 96.7 657.1 122.9 158.1 103.7 189.4 383.0 182.4 90.2 548.7 501.8 148.6 474.5 641.4 201.2 405.8 499.6 596.8 684.8 550.9 573.2 436.3 404.8 524.1 101.6 384.3 526.0 698.5 532.7 556.1 236.4 114.7 504.7 193.4 843.1 545.6 520.7 627.3 205.7 392.4 638.1 556.4 187.9 322.1 203.2 488.3 514.5 568.2 206.4 153.4 467.5 180.3 617.4 453.4 99.9 360.3 713.6 708.8 504.0 575.9 348.4 593.3 521.5 624.8 449.4 610.9 557.0 647.5 667.2 594.5 0.0 201.9 114.6 680.7 271.0
2807.4 150.2 207.6 729.9 606.5 577.2 206.8 4.5 648.8 194.9 758.4 696.8 700.2 604.7 552.5 708.8 712.4 641.1 673.7 748.9 623.3 475.3 556.4 689.0 146.4 101.9 127.9 35.8 179.9 578.8 693.9 229.8 781.9 554.9 741.7 200.6 809.7 288.3 687.6 557.5 618.1 186.8 701.7 704.7 75.7 258.4 613.9 668.3 116.4 147.3 63.9 642.2 176.3 618.8 233.1 188.9 81.7 205.8 741.5 219.9 704.2 202.5 60.3 85.3 130.3 624.1 507.4 595.8 610.3 132.7 156.9 494.3 706.5 756.3 195.4 596.9 65.9 553.0 617.9 251.2 327.0 666.9 563.1 574.8 603.4 715.1 574.4 728.8 590.4 82.8 616.9 250.1 574.0 638.2 677.3 264.2 244.1 687.7 830.7 196.4 771.7 119.4 176.2 187.5 208.9 494.2 200.5 201.9 662.1 613.0 163.3 585.7 752.6 172.9 517.0 610.8 659.6 701.8 662.1 581.5 547.5 516.0 637.5 182.3 495.5 637.2 717.1 643.9 667.3 34.4 225.9 570.1 304.6 774.3 611.0 631.9 738.5 13.4 503.6 749.3 678.9 31.1 122.4 46.7 599.5 625.7 679.4 253.2 223.5 578.7 45.8 728.6 566.8 123.8 471.5 713.0 820.0 615.2 687.1 459.6 704.5 632.7 633.1 560.6 722.1 670.4 758.7 778.4 710.1 272.2 0.0 90.2 794.1 85.7
2847.0 138.1 125.8 672.8 604.3 575.0 116.5 98.4 590.4 104.6 700.0 694.1 641.8 546.3 539.9 706.8 654.0 582.7 615.3 690.5 564.9 416.9 498.0 630.6 186.0 141.5 64.5 96.6 112.5 520.4 691.7 171.4 738.1 552.7 683.3 110.3 751.3 210.0 629.2 499.1 627.4 172.9 699.5 702.5 49.7 142.9 611.7 666.1 55.3 57.0 28.5 640.0 86.0 616.6 174.7 98.6 121.3 131.8 683.1 168.3 645.8 160.9 99.9 84.0 40.0 565.7 449.0 537.4 551.9 172.3 93.5 435.9 648.1 697.9 235.0 538.5 157.3 494.6 559.5 192.8 268.6 699.6 504.7 516.4 545.0 712.4 516.0 670.4 530.0 91.9 558.5 159.8 515.6 579.8 618.9 119.9 185.7 685.5 772.3 149.5 713.3 29.1 112.8 156.5 145.5 435.8 137.1 111.6 603.7 554.6 103.3 527.3 694.2 160.8 458.6 552.4 649.6 699.6 603.7 579.3 489.1 457.6 579.1 92.0 437.1 578.8 713.7 585.5 608.9 138.2 167.5 557.5 228.3 772.1 598.4 573.5 680.1 88.8 445.2 690.9 609.2 71.0 223.9 86.3 541.1 567.3 621.0 189.8 160.1 520.3 65.6 670.2 508.4 42.9 413.1 710.8 761.6 556.8 628.7 401.2 646.1 574.3 630.9 502.2 663.7 612.0 700.3 720.0 651.7 125.5 103.7 0.0 735.7 172.8
3202.8 689.3 580.5 52.2 305.5 281.2 718.4 859.7 189.8 639.6 88.0 321.2 156.0 230.4 432.8 278.7 171.4 159.1 146.0 126.6 293.6 438.5 358.9 126.5 936.1 896.4 660.4 788.1 760.6 310.0 320.6 551.7 144.1 391.9 71.3 669.3 157.3 541.3 163.4 275.7 293.9 691.5 290.6 215.7 764.3 631.3 298.1 254.0 717.5 664.0 751.7 274.0 697.7 275.3 572.1 606.9 876.2 651.1 144.3 620.7 79.6 585.6 854.8 717.7 694.6 174.2 392.6 267.7 169.8 904.4 628.8 324.0 165.5 103.4 985.1 262.5 814.4 242.4 187.6 590.2 509.3 235.1 345.3 258.8 198.5 339.5 240.1 166.3 232.1 725.6 181.4 761.7 288.7 203.6 153.1 637.1 547.7 232.9 61.3 560.8 115.9 685.8 608.6 567.8 610.4 325.4 645.6 680.2 156.5 179.1 618.1 314.0 30.8 763.3 339.9 225.1 185.1 260.0 157.1 309.6 355.6 369.2 170.3 652.2 388.2 280.9 282.4 287.6 144.4 899.5 555.8 341.7 527.5 280.0 382.6 315.9 44.9 850.1 316.0 226.4 117.2 832.3 968.4 818.0 283.5 180.3 167.9 614.5 561.5 235.1 863.5 131.4 321.1 713.4 365.3 301.9 25.8 258.9 142.9 378.7 70.2 276.4 299.7 255.5 177.9 176.8 235.8 126.0 83.1 642.7 865.0 725.0 0.0 920.5
2818.2 232.5 279.1 802.7 660.7 643.0 289.1 86.7 720.3 260.7 830.4 762.6 771.7 676.2 606.7 763.7 783.9 712.6 745.2 818.2 694.8 546.8 611.4 760.5 54.4 64.4 210.2 118.1 222.0 650.3 748.1 301.3 868.0 609.1 811.4 282.9 830.3 355.7 759.1 629.0 683.8 267.3 755.9 758.9 155.0 329.9 668.1 722.5 198.7 229.6 146.2 696.4 258.6 673.0 304.6 254.7 82.7 288.1 813.0 301.5 803.1 306.6 90.7 167.6 196.1 695.6 578.9 667.3 681.8 17.5 239.2 565.8 761.5 827.8 103.4 668.4 48.6 624.5 689.4 322.7 382.0 721.1 634.6 646.3 674.9 769.3 645.9 800.3 659.9 165.1 688.4 315.9 647.5 709.7 751.0 292.5 315.6 741.9 902.2 267.9 839.8 201.7 258.5 259.0 291.2 565.7 282.8 284.2 717.1 684.5 232.5 657.2 824.1 255.2 588.5 682.3 713.8 756.0 733.6 635.7 619.0 587.5 692.5 264.6 567.0 708.7 770.1 715.4 738.8 123.1 297.4 624.3 374.0 840.1 665.2 703.4 810.0 95.7 575.1 758.4 739.1 113.4 51.0 129.0 671.0 697.2 734.4 335.5 305.8 650.2 128.1 800.1 621.8 206.1 526.5 778.8 891.5 677.9 758.6 531.1 776.0 661.0 687.3 632.1 793.6 725.4 767.8 849.9 777.2 298.1 82.2 156.0 849.1 0.0
