Name		1985_BED-Amazon_n174_m299_bt30
Number_of_Customers	174
Number_of_Items		299
Number_of_ItemTypes	30
Number_of_Vehicles	1
TimeWindows		0
Dist_type	manual

VEHICLE
Mass_Capacity	2071
CargoSpace_Length	174
CargoSpace_Width	61
CargoSpace_Height	84

CUSTOMERS
i	x	y	Demand	ReadyTime	DueDate	ServiceTime	DemandedMass	DemandedVolume
0	34.23485	-118.58421	0	0	0	0	0	0
1	34.250107	-118.802763	1	0	0	0	2.11	11745
2	34.224934	-118.84552	1	0	0	0	3.82	7600
3	34.256753	-118.804437	1	0	0	0	0.7	2640
4	34.210514	-118.841533	1	0	0	0	4.8	6200
5	34.222226	-118.844173	1	0	0	0	3.82	8580
6	34.226531	-118.840452	1	0	0	0	4.8	6200
7	34.254924	-118.815011	1	0	0	0	1.9	1176
8	34.213196	-118.84331	2	0	0	0	3.2	6618
9	34.217017	-118.847778	3	0	0	0	16.8	11220
10	34.230165	-118.843563	1	0	0	0	1.9	1176
11	34.255036	-118.801981	2	0	0	0	11.3	3936
12	34.251453	-118.81429	2	0	0	0	2.45	7248
13	34.227275	-118.842233	1	0	0	0	1.9	1176
14	34.219806	-118.842243	2	0	0	0	5.4	10392
15	34.24551	-118.821304	3	0	0	0	7.9	7998
16	34.225512	-118.84439	1	0	0	0	0.7	2640
17	34.250424	-118.813766	1	0	0	0	4.7	1380
18	34.215066	-118.838589	1	0	0	0	4.7	1380
19	34.216655	-118.841992	1	0	0	0	2.5	3978
20	34.210041	-118.840128	3	0	0	0	7.55	5100
21	34.24792	-118.803682	1	0	0	0	0.7	2640
22	34.219224	-118.844414	1	0	0	0	7.3	3640
23	34.218561	-118.846141	1	0	0	0	4.8	6200
24	34.258323	-118.798461	1	0	0	0	7.3	3640
25	34.225077	-118.837608	1	0	0	0	1.75	4608
26	34.252311	-118.819054	1	0	0	0	4.7	1380
27	34.213268	-118.844157	1	0	0	0	1.9	1176
28	34.224507	-118.844246	2	0	0	0	9.53	18024
29	34.252976	-118.809717	1	0	0	0	0.7	2640
30	34.218662	-118.846551	2	0	0	0	4.26	12978
31	34.254896	-118.800304	2	0	0	0	5.4	4020
32	34.216732	-118.846892	1	0	0	0	4.7	1380
33	34.244759	-118.822367	2	0	0	0	2.85	3720
34	34.21495	-118.848347	2	0	0	0	5.4	4020
35	34.256606	-118.799885	1	0	0	0	4.7	1380
36	34.229596	-118.844508	1	0	0	0	9.4	2760
37	34.221177	-118.844752	2	0	0	0	4.78	14969
38	34.248234	-118.799787	1	0	0	0	1.9	1176
39	34.244994	-118.821998	1	0	0	0	4.7	1380
40	34.265921	-118.794494	1	0	0	0	1.9	1176
41	34.246595	-118.82347	1	0	0	0	2.33	7540
42	34.24868	-118.820386	1	0	0	0	0.7	2640
43	34.255258	-118.804981	1	0	0	0	4.7	1380
44	34.225005	-118.846255	2	0	0	0	8.0	6280
45	34.222152	-118.841297	1	0	0	0	7.3	3640
46	34.25254	-118.813762	2	0	0	0	6.1	6660
47	34.254716	-118.800807	1	0	0	0	4.7	1380
48	34.227255	-118.835237	1	0	0	0	4.8	6200
49	34.256301	-118.799885	1	0	0	0	4.7	1380
50	34.218811	-118.842624	1	0	0	0	1.75	4608
51	34.214829	-118.839508	1	0	0	0	4.7	1380
52	34.253311	-118.803208	1	0	0	0	4.7	1380
53	34.255405	-118.813741	1	0	0	0	4.7	1380
54	34.248407	-118.802411	2	0	0	0	6.45	5988
55	34.251991	-118.81252	1	0	0	0	1.75	4608
56	34.216264	-118.84596	1	0	0	0	2.15	1080
57	34.21018	-118.845321	2	0	0	0	5.4	4020
58	34.246124	-118.821288	2	0	0	0	12.41	8304
59	34.255095	-118.811548	1	0	0	0	0.7	2640
60	34.254306	-118.807429	4	0	0	0	15.15	14908
61	34.253062	-118.809848	7	0	0	0	34.09	38466
62	34.213918	-118.842483	1	0	0	0	1.4	5280
63	34.222144	-118.837543	3	0	0	0	14.59	24468
64	34.231195	-118.842538	2	0	0	0	10.8	8040
65	34.225093	-118.838501	1	0	0	0	2.5	3978
66	34.212071	-118.846552	4	0	0	0	14.6	8836
67	34.255355	-118.810475	1	0	0	0	9.4	2760
68	34.251034	-118.816209	2	0	0	0	2.6	3816
69	34.251696	-118.809324	2	0	0	0	7.2	5358
70	34.218633	-118.841289	1	0	0	0	7.3	3640
71	34.250306	-118.812721	1	0	0	0	3.01	5544
72	34.224743	-118.83714	1	0	0	0	4.7	1380
73	34.230337	-118.835964	1	0	0	0	7.3	3640
74	34.254895	-118.804235	4	0	0	0	16.51	14370
75	34.219279	-118.848328	1	0	0	0	4.8	6200
76	34.252482	-118.810235	1	0	0	0	1.9	1176
77	34.257841	-118.801425	1	0	0	0	4.7	1380
78	34.218955	-118.841154	1	0	0	0	4.7	1380
79	34.249251	-118.8205	1	0	0	0	0.7	2640
80	34.252539	-118.807905	1	0	0	0	1.9	8526
81	34.214666	-118.845664	1	0	0	0	0.7	2640
82	34.255667	-118.807984	1	0	0	0	2.5	3978
83	34.256604	-118.802186	1	0	0	0	2.15	1080
84	34.216083	-118.840211	2	0	0	0	6.1	6660
85	34.248106	-118.805646	1	0	0	0	4.7	1380
86	34.250616	-118.81723	2	0	0	0	7.65	11520
87	34.247659	-118.802389	2	0	0	0	12.0	5020
88	34.244961	-118.82102	1	0	0	0	1.9	1176
89	34.221598	-118.844623	2	0	0	0	5.51	9522
90	34.229812	-118.836386	1	0	0	0	4.7	1380
91	34.221306	-118.84807	3	0	0	0	15.75	42008
92	34.217345	-118.84867	1	0	0	0	4.7	1380
93	34.212436	-118.84573	1	0	0	0	3.01	5544
94	34.258628	-118.799823	1	0	0	0	4.7	1380
95	34.213864	-118.846008	1	0	0	0	4.7	1380
96	34.255037	-118.803593	2	0	0	0	17.11	9684
97	34.251658	-118.812716	1	0	0	0	1.75	4608
98	34.245384	-118.799925	4	0	0	0	15.83	44880
99	34.214221	-118.848306	1	0	0	0	3.82	8580
100	34.223175	-118.839918	2	0	0	0	11.3	3936
101	34.226517	-118.835717	1	0	0	0	3.01	5544
102	34.222919	-118.840835	1	0	0	0	1.4	5280
103	34.254791	-118.807212	1	0	0	0	1.75	4608
104	34.212642	-118.837009	1	0	0	0	4.7	1380
105	34.215871	-118.838277	1	0	0	0	1.9	1176
106	34.21462	-118.843757	1	0	0	0	0.7	2640
107	34.252334	-118.809623	2	0	0	0	5.43	11050
108	34.221682	-118.841233	1	0	0	0	4.7	1380
109	34.216676	-118.839368	2	0	0	0	6.45	5988
110	34.250142	-118.802153	1	0	0	0	4.7	1380
111	34.211783	-118.842995	1	0	0	0	4.7	1380
112	34.221631	-118.843979	3	0	0	0	9.2	6372
113	34.251211	-118.813561	1	0	0	0	9.4	2760
114	34.228783	-118.844668	1	0	0	0	4.7	1380
115	34.212632	-118.838794	1	0	0	0	0.7	2640
116	34.21699	-118.848629	1	0	0	0	7.63	16848
117	34.218516	-118.845609	1	0	0	0	4.3	2160
118	34.249816	-118.817041	1	0	0	0	9.4	2760
119	34.220383	-118.843366	1	0	0	0	4.7	1380
120	34.221881	-118.839074	1	0	0	0	1.75	4608
121	34.226896	-118.84197	1	0	0	0	4.7	1380
122	34.223895	-118.845223	2	0	0	0	8.0	6280
123	34.216277	-118.841986	1	0	0	0	1.75	4608
124	34.247909	-118.817939	3	0	0	0	10.11	18025
125	34.230272	-118.842864	2	0	0	0	9.5	7580
126	34.253065	-118.80984	1	0	0	0	4.7	1380
127	34.254426	-118.805174	4	0	0	0	10.09	23532
128	34.227124	-118.833811	1	0	0	0	4.7	1380
129	34.217628	-118.844795	2	0	0	0	4.25	8586
130	34.225443	-118.835465	2	0	0	0	6.81	13125
131	34.220261	-118.840946	3	0	0	0	12.7	15800
132	34.227155	-118.834474	1	0	0	0	0.7	2640
133	34.252532	-118.805678	1	0	0	0	0.7	2640
134	34.24803	-118.802783	1	0	0	0	4.7	1380
135	34.220373	-118.846419	1	0	0	0	1.77	9425
136	34.221091	-118.84371	1	0	0	0	4.7	1380
137	34.258202	-118.798654	1	0	0	0	4.7	1380
138	34.262773	-118.795217	1	0	0	0	1.9	1176
139	34.249877	-118.814395	1	0	0	0	7.63	16848
140	34.24789	-118.800333	2	0	0	0	10.1	5400
141	34.215937	-118.838861	2	0	0	0	7.2	5358
142	34.250487	-118.815364	1	0	0	0	4.7	1380
143	34.249969	-118.821576	1	0	0	0	4.7	1380
144	34.223495	-118.838985	2	0	0	0	3.2	6618
145	34.220768	-118.841033	2	0	0	0	4.91	6720
146	34.223799	-118.844801	1	0	0	0	0.7	2640
147	34.251966	-118.808681	4	0	0	0	9.15	14624
148	34.244891	-118.79982	3	0	0	0	7.67	32366
149	34.231229	-118.842626	1	0	0	0	4.7	1380
150	34.249598	-118.81829	1	0	0	0	0.7	2640
151	34.22269	-118.844983	1	0	0	0	4.7	1380
152	34.222926	-118.846995	1	0	0	0	7.3	3640
153	34.253753	-118.805703	2	0	0	0	9.05	8248
154	34.253432	-118.813577	3	0	0	0	21.3	10680
155	34.245418	-118.821177	1	0	0	0	4.7	1380
156	34.246927	-118.823856	4	0	0	0	18.64	14435
157	34.212288	-118.841097	1	0	0	0	9.4	2760
158	34.25708	-118.819382	1	0	0	0	4.7	1380
159	34.249242	-118.802414	1	0	0	0	4.7	1380
160	34.226361	-118.836096	2	0	0	0	6.6	2556
161	34.219019	-118.847631	3	0	0	0	14.6	13818
162	34.213272	-118.844481	1	0	0	0	1.75	4608
163	34.257565	-118.801226	3	0	0	0	8.41	9564
164	34.212514	-118.843007	1	0	0	0	4.8	6200
165	34.217565	-118.843605	1	0	0	0	9.4	2760
166	34.251526	-118.812311	2	0	0	0	5.4	4020
167	34.256374	-118.798948	1	0	0	0	4.7	1380
168	34.212625	-118.844939	2	0	0	0	5.4	4020
169	34.248054	-118.819976	2	0	0	0	3.2	6618
170	34.251362	-118.818938	1	0	0	0	0.7	2640
171	34.223914	-118.834559	2	0	0	0	3.71	8184
172	34.216239	-118.83941	1	0	0	0	0.7	2640
173	34.255185	-118.801044	2	0	0	0	8.52	8980
174	34.251055	-118.818386	1	0	0	0	1.8	2520

ITEMS
Type	Length	Width	Height	Mass	Fragility	LoadBearingStrength
Bt1	18	12	5	2.15	1	0
Bt2	21	14	4	1.9	1	0
Bt3	23	15	4	4.7	1	0
Bt4	20	18	7	1.8	1	0
Bt5	15	11	16	0.7	1	0
Bt6	20	14	13	7.3	1	0
Bt7	17	13	18	2.5	1	0
Bt8	29	15	10	4.66	1	0
Bt9	24	12	16	1.75	1	0
Bt10	30	11	16	0.81	1	0
Bt11	28	19	10	2.85	1	0
Bt12	28	22	9	3.01	1	0
Bt13	31	20	10	4.8	1	0
Bt14	30	24	10	2.155	1	0
Bt15	29	20	13	2.33	1	0
Bt16	40	19	10	3.82	1	0
Bt17	25	19	17	5.29	1	0
Bt18	29	29	10	4.73	1	0
Bt19	29	21	14	1.9	1	0
Bt20	22	15	26	3.816	1	0
Bt21	30	20	15	1.76	1	0
Bt22	29	25	13	1.77	1	0
Bt23	40	20	13	2.6	1	0
Bt24	29	27	15	2.11	1	0
Bt25	27	22	22	3.88	1	0
Bt26	26	20	26	2.91	1	0
Bt27	27	23	24	2.94	1	0
Bt28	39	27	16	7.63	1	0
Bt29	57	15	20	3.44	1	0
Bt30	41	20	29	3.42	1	0

DEMANDS PER CUSTOMER
i	Type Quantity
1	Bt24 1	
2	Bt16 1	
3	Bt5 1	
4	Bt13 1	
5	Bt20 1	
6	Bt13 1	
7	Bt2 1	
8	Bt7 1	Bt5 1	
9	Bt6 1	Bt13 1	Bt3 1	
10	Bt2 1	
11	Bt2 1	Bt3 2	
12	Bt9 1	Bt5 1	
13	Bt2 1	
14	Bt9 2	Bt2 1	
15	Bt7 1	Bt3 1	Bt5 1	
16	Bt5 1	
17	Bt3 1	
18	Bt3 1	
19	Bt7 1	
20	Bt1 1	Bt5 1	Bt3 1	
21	Bt5 1	
22	Bt6 1	
23	Bt13 1	
24	Bt6 1	
25	Bt9 1	
26	Bt3 1	
27	Bt2 1	
28	Bt2 1	Bt28 1	
29	Bt5 1	
30	Bt21 1	Bt7 1	
31	Bt3 1	Bt5 1	
32	Bt3 1	
33	Bt1 1	Bt5 1	
34	Bt5 1	Bt3 1	
35	Bt3 1	
36	Bt3 2	
37	Bt12 1	Bt22 1	
38	Bt2 1	
39	Bt3 1	
40	Bt2 1	
41	Bt15 1	
42	Bt5 1	
43	Bt3 1	
44	Bt5 1	Bt6 1	
45	Bt6 1	
46	Bt5 2	Bt3 1	
47	Bt3 1	
48	Bt13 1	
49	Bt3 1	
50	Bt9 1	
51	Bt3 1	
52	Bt3 1	
53	Bt3 1	
54	Bt3 1	Bt9 1	
55	Bt9 1	
56	Bt1 1	
57	Bt3 1	Bt5 1	
58	Bt3 2	Bt12 1	
59	Bt5 1	
60	Bt3 1	Bt5 2	Bt9 1	Bt6 1	
61	Bt3 4	Bt14 1	Bt5 1	Bt8 1	Bt25 1	Bt9 1	Bt1 1	
62	Bt5 2	
63	Bt3 2	Bt29 1	Bt9 1	
64	Bt5 2	Bt3 2	
65	Bt7 1	
66	Bt6 1	Bt2 1	Bt3 1	Bt5 1	
67	Bt3 2	
68	Bt5 1	Bt2 1	
69	Bt7 1	Bt3 1	
70	Bt6 1	
71	Bt12 1	
72	Bt3 1	
73	Bt6 1	
74	Bt2 2	Bt3 2	Bt10 1	Bt7 1	
75	Bt13 1	
76	Bt2 1	
77	Bt3 1	
78	Bt3 1	
79	Bt5 1	
80	Bt19 1	
81	Bt5 1	
82	Bt7 1	
83	Bt1 1	
84	Bt5 2	Bt3 1	
85	Bt3 1	
86	Bt13 1	Bt11 1	
87	Bt6 1	Bt3 1	
88	Bt2 1	
89	Bt7 1	Bt12 1	
90	Bt3 1	
91	Bt30 1	Bt28 1	Bt3 1	
92	Bt3 1	
93	Bt12 1	
94	Bt3 1	
95	Bt3 1	
96	Bt3 3	Bt12 1	
97	Bt9 1	
98	Bt13 1	Bt26 1	Bt30 1	Bt3 1	
99	Bt20 1	
100	Bt2 1	Bt3 2	
101	Bt12 1	
102	Bt5 2	
103	Bt9 1	
104	Bt3 1	
105	Bt2 1	
106	Bt5 1	
107	Bt18 1	Bt5 1	
108	Bt3 1	
109	Bt9 1	Bt3 1	
110	Bt3 1	
111	Bt3 1	
112	Bt5 1	Bt3 1	Bt2 2	
113	Bt3 2	
114	Bt3 1	
115	Bt5 1	
116	Bt28 1	
117	Bt1 2	
118	Bt3 2	
119	Bt3 1	
120	Bt9 1	
121	Bt3 1	
122	Bt6 1	Bt5 1	
123	Bt9 1	
124	Bt6 1	Bt24 1	Bt5 1	
125	Bt13 1	Bt3 1	
126	Bt3 1	
127	Bt9 1	Bt3 1	Bt27 1	Bt5 1	
128	Bt3 1	
129	Bt7 1	Bt9 1	
130	Bt3 1	Bt24 1	
131	Bt5 1	Bt3 2	Bt23 1	
132	Bt5 1	
133	Bt5 1	
134	Bt3 1	
135	Bt22 1	
136	Bt3 1	
137	Bt3 1	
138	Bt2 1	
139	Bt28 1	
140	Bt3 2	Bt5 1	
141	Bt7 1	Bt3 1	
142	Bt3 1	
143	Bt3 1	
144	Bt5 1	Bt7 1	
145	Bt2 1	Bt12 1	
146	Bt5 1	
147	Bt9 1	Bt5 1	Bt2 1	Bt13 1	
148	Bt7 1	Bt9 1	Bt30 1	
149	Bt3 1	
150	Bt5 1	
151	Bt3 1	
152	Bt6 1	
153	Bt9 1	Bt6 1	
154	Bt3 4	Bt5 1	Bt4 1	
155	Bt3 1	
156	Bt3 2	Bt1 1	Bt4 1	Bt17 1	
157	Bt3 2	
158	Bt3 1	
159	Bt3 1	
160	Bt3 1	Bt2 1	
161	Bt7 1	Bt13 1	Bt6 1	
162	Bt9 1	
163	Bt5 1	Bt3 1	Bt12 1	
164	Bt13 1	
165	Bt3 2	
166	Bt3 1	Bt5 1	
167	Bt3 1	
168	Bt3 1	Bt5 1	
169	Bt5 1	Bt7 1	
170	Bt5 1	
171	Bt12 1	Bt5 1	
172	Bt5 1	
173	Bt3 1	Bt16 1	
174	Bt4 1	

DISTANCE MATRIX
0.0 2165.1 2183.7 1936.3 2282.2 2253.7 2213.8 1984.6 2243.5 2298.4 2184.8 1958.9 2039.3 2186.8 2166.2 2120.3 2195.4 2069.0 2262.7 2205.4 2280.4 2121.8 2220.8 2325.3 1859.4 2177.0 2132.7 2262.2 2164.6 1942.5 2311.0 1965.5 2279.1 2124.4 2290.4 1907.3 2192.1 2234.6 2243.8 2107.9 1857.0 2109.8 2041.1 1935.3 2210.9 2214.3 1998.0 1953.3 2271.5 1916.7 2187.1 2247.9 1949.5 1978.9 2145.5 2027.6 2238.0 2220.5 2087.3 1944.1 1999.8 1951.1 2247.5 2283.9 2230.0 2142.9 2331.9 1972.8 2037.1 1994.3 2187.9 2014.0 2192.9 2186.5 1954.9 2306.6 2012.2 1904.6 2183.5 2032.7 2031.7 2297.3 1902.4 1912.9 2259.5 2096.1 2055.2 2157.8 2128.1 2247.1 2194.2 2291.8 2316.6 2333.0 1927.3 2296.2 1890.4 2065.4 2179.7 2301.6 2239.7 2204.4 2185.0 1972.7 2279.8 2283.6 2275.5 1992.5 2211.1 2295.3 2181.8 2277.4 2239.3 2073.4 2203.4 2261.3 2309.5 2343.1 2091.9 2210.5 2252.3 2197.6 2236.9 2210.9 2129.7 2198.6 1951.1 1926.1 2315.3 2234.8 2237.6 2200.2 2294.8 1973.1 2130.8 2255.2 2218.4 1864.7 1835.7 2094.3 2229.1 2276.6 2041.8 2016.4 2213.3 2206.4 2246.0 2000.0 2191.1 2228.2 2068.7 2274.9 2251.4 1901.9 2094.1 2114.1 2122.8 2247.9 2121.2 2199.2 2210.0 2296.5 2254.9 1886.4 2283.5 2221.2 2061.4 1839.6 2233.5 2073.9 2100.3 2235.0 2286.3 1979.2 2056.1
2041.5 0.0 694.0 371.2 792.5 764.0 724.1 318.8 753.8 808.7 690.2 345.4 287.0 697.1 676.5 398.2 705.7 277.0 773.0 715.7 790.7 61.8 731.1 835.6 388.6 687.3 380.4 772.5 674.9 208.0 821.3 352.0 789.4 390.7 800.7 391.3 702.4 744.9 204.9 374.2 477.2 393.1 307.4 341.8 721.2 724.6 245.7 339.8 781.8 400.7 697.4 758.2 317.9 304.2 103.5 275.3 748.3 730.8 353.6 269.4 337.3 223.2 757.8 794.2 735.4 653.2 842.2 298.1 284.8 274.3 698.2 222.0 703.2 650.6 361.4 816.9 260.2 406.6 693.8 299.0 311.7 807.6 295.3 347.8 769.8 96.4 302.9 115.8 406.0 757.4 658.3 802.1 826.9 843.3 411.3 806.5 296.9 313.1 164.0 811.9 750.0 714.7 695.3 306.2 790.1 793.9 785.8 240.5 721.4 805.6 16.6 787.7 749.6 301.4 713.7 771.6 819.8 853.4 339.6 720.8 762.6 707.9 747.2 721.2 377.4 704.0 223.2 295.9 825.6 745.1 747.9 710.5 805.1 322.9 88.8 765.5 728.7 393.9 419.3 342.0 190.2 786.9 289.5 299.7 723.6 716.7 756.3 280.0 175.4 733.6 316.4 785.2 761.7 244.9 341.8 392.0 406.1 758.2 507.6 55.5 720.3 806.8 765.2 388.4 793.8 731.5 309.1 342.9 743.8 340.2 348.0 745.3 796.6 365.7 303.8
2159.3 699.0 0.0 605.9 316.8 128.6 234.5 499.8 213.9 268.8 201.7 599.1 543.5 203.7 117.1 535.1 49.3 597.7 233.1 204.8 250.8 655.7 186.3 268.8 605.3 211.9 589.9 331.5 19.2 519.9 254.5 605.7 249.5 539.2 260.8 626.0 209.0 109.5 777.7 522.7 693.9 524.6 455.9 575.5 27.1 166.7 531.9 593.5 306.4 635.4 134.6 218.3 589.7 538.7 679.4 531.8 208.4 343.6 502.1 503.9 649.2 535.1 217.9 236.3 246.9 177.8 302.3 532.6 505.1 586.2 176.8 547.9 227.8 237.2 595.1 230.1 572.1 641.3 172.4 447.5 623.6 366.6 511.8 582.5 258.9 630.0 499.8 691.7 542.9 122.0 244.9 203.4 287.0 303.4 646.0 365.5 530.6 569.6 713.6 272.0 192.1 239.3 137.4 618.1 250.2 283.0 245.9 552.4 163.5 294.7 715.7 247.8 114.2 577.6 220.3 231.7 279.9 286.6 556.0 122.1 204.7 214.5 52.0 210.3 581.0 215.5 535.1 566.3 350.2 182.3 272.5 181.6 329.7 613.3 664.7 166.8 93.3 610.6 636.0 562.3 763.0 276.0 509.8 431.2 165.7 175.4 61.1 591.9 725.0 245.1 505.9 149.8 67.6 542.1 628.0 528.9 537.6 218.3 636.4 733.1 244.9 220.0 324.2 623.1 253.9 168.7 565.6 559.6 302.8 488.7 557.5 269.9 285.7 619.4 513.3
1852.5 419.5 581.2 0.0 679.7 651.2 611.3 215.1 641.0 695.9 577.4 175.4 275.7 584.3 563.7 350.8 592.9 323.4 660.2 602.9 677.9 376.2 618.3 722.8 199.6 574.5 369.1 659.7 562.1 159.0 708.5 182.0 676.6 379.4 687.9 145.6 589.6 632.1 498.2 362.9 288.2 340.3 296.1 151.8 608.4 611.8 234.4 169.8 669.0 155.0 584.6 645.4 166.0 209.4 399.9 264.0 635.5 618.0 342.3 174.6 216.3 167.6 645.0 681.4 622.6 540.4 729.4 203.3 273.5 210.8 585.4 268.4 590.4 537.8 171.4 704.1 228.7 160.9 581.0 287.7 248.2 694.8 132.9 102.1 657.0 350.5 291.6 412.2 358.6 644.6 545.5 689.3 714.1 730.5 165.6 693.7 106.9 301.8 434.1 699.1 637.2 601.9 582.5 189.2 677.3 681.1 673.0 209.0 608.6 692.8 436.2 674.9 636.8 309.8 600.9 658.8 707.0 740.6 328.3 608.0 649.8 595.1 634.4 608.4 366.1 591.2 167.6 142.6 712.8 632.3 635.1 597.7 692.3 189.6 385.2 652.7 615.9 204.9 230.3 330.7 483.5 674.1 278.2 246.9 610.8 603.9 643.5 216.5 445.5 620.8 305.1 672.4 648.9 118.4 330.5 344.6 353.3 645.4 351.7 453.6 607.5 694.0 652.4 142.7 681.0 618.7 297.8 153.9 631.0 328.9 336.7 632.5 683.8 195.7 292.5
2204.4 744.1 302.7 651.0 0.0 333.6 356.5 544.9 186.0 322.5 323.7 644.2 588.6 325.7 218.6 580.2 314.4 642.8 178.6 181.8 65.4 700.8 273.2 327.3 650.4 333.9 635.0 208.5 283.6 565.0 313.0 650.8 324.8 584.3 260.2 671.1 331.0 314.5 822.8 567.8 739.0 569.7 501.0 620.6 329.9 268.2 577.0 638.6 428.4 680.5 239.5 163.8 634.8 583.8 724.5 576.9 324.4 145.8 547.2 549.0 694.3 580.2 269.4 339.0 368.9 299.8 197.3 577.7 550.2 631.3 214.3 593.0 349.8 359.2 640.2 308.6 617.2 686.4 209.9 492.6 668.7 243.6 556.9 627.6 204.7 675.1 544.9 736.8 588.0 327.0 366.9 328.0 321.9 198.4 691.1 242.5 575.7 614.7 758.7 249.0 293.2 361.3 277.4 663.2 175.6 228.8 297.4 597.5 244.7 240.5 760.8 190.7 319.2 622.7 342.3 177.2 314.8 345.1 601.1 262.9 307.4 336.5 355.9 187.3 626.1 337.5 580.2 611.4 472.2 247.2 394.5 226.6 451.7 658.4 709.8 307.6 298.3 655.7 681.1 607.4 808.1 221.8 554.9 476.3 305.7 232.8 365.0 637.0 770.1 367.1 551.0 354.8 370.4 587.2 673.1 574.0 582.7 218.2 681.5 778.2 366.9 298.5 201.2 668.2 278.9 264.4 610.7 604.7 179.8 533.8 602.6 391.9 231.5 664.5 558.4
2213.4 753.1 139.1 660.0 341.0 0.0 288.6 553.9 238.1 285.6 255.8 653.2 597.6 257.8 104.8 589.2 150.8 651.8 287.0 192.5 275.0 709.8 174.0 256.5 659.4 266.0 644.0 355.7 120.0 574.0 242.2 659.8 266.3 593.3 277.6 680.1 263.1 38.6 831.8 576.8 748.0 578.7 510.0 629.6 166.3 218.4 586.0 647.6 360.5 689.5 122.3 272.2 643.8 592.8 733.5 585.9 225.2 367.8 556.2 558.0 703.3 589.2 242.1 289.2 301.0 231.9 326.5 586.7 559.2 640.3 164.5 602.0 281.9 291.3 649.2 217.8 626.2 695.4 160.1 501.6 677.7 377.9 565.9 636.6 246.6 684.1 553.9 745.8 597.0 51.1 299.0 191.1 303.8 327.6 700.1 376.8 584.7 623.7 767.7 288.8 243.4 293.4 191.5 672.2 286.1 270.7 270.1 606.5 194.9 282.4 769.8 272.0 10.2 631.7 274.4 267.6 296.7 274.3 610.1 109.8 257.6 268.6 192.3 198.0 635.1 269.6 589.2 620.4 404.3 170.0 326.6 176.8 383.8 667.4 718.8 154.5 36.9 664.7 690.1 616.4 817.1 263.7 563.9 485.3 219.8 183.0 201.4 646.0 779.1 299.2 560.0 78.9 206.8 596.2 682.1 583.0 591.7 242.5 690.5 787.2 299.0 207.7 348.4 677.2 278.1 156.4 619.7 613.7 327.0 542.8 611.6 324.0 273.4 673.5 567.4
2114.6 654.3 231.1 561.2 393.8 301.1 0.0 455.1 290.9 345.8 121.4 554.4 498.8 118.2 213.6 490.4 242.8 553.0 310.1 252.8 327.8 611.0 268.2 372.7 560.6 64.6 545.2 408.5 212.0 475.2 358.4 561.0 326.5 494.5 337.8 581.3 155.1 282.0 733.0 478.0 649.2 479.9 411.2 530.8 258.3 261.7 487.2 548.8 164.6 590.7 234.5 295.3 545.0 494.0 634.7 487.1 285.4 364.1 457.4 459.2 604.5 490.4 294.9 331.3 166.6 51.2 379.3 487.9 460.4 541.5 235.3 503.2 80.5 174.9 550.4 354.0 527.4 596.6 230.9 402.8 578.9 443.6 467.1 537.8 306.9 585.3 455.1 647.0 498.2 294.5 182.6 339.2 364.0 380.4 601.3 442.5 485.9 524.9 668.9 349.0 287.1 97.5 232.4 573.4 327.2 331.0 322.9 507.7 258.5 342.7 671.0 324.8 286.7 532.9 176.7 308.7 356.9 390.5 511.3 257.9 299.7 129.0 284.3 258.3 536.3 135.2 490.4 521.6 208.4 282.2 130.7 247.6 187.9 568.6 620.0 302.6 265.8 565.9 591.3 517.6 718.3 324.0 465.1 386.5 260.7 253.8 293.4 547.2 680.3 164.8 461.2 322.3 298.8 497.4 583.3 484.2 492.9 295.3 591.7 688.4 103.1 343.9 401.2 578.4 330.9 268.6 520.9 514.9 379.8 444.0 512.8 187.7 333.7 574.7 468.6
1923.3 346.1 506.9 330.3 605.4 576.9 537.0 0.0 566.7 621.6 503.1 304.5 220.3 510.0 489.4 276.5 518.6 250.0 585.9 528.6 603.6 302.8 544.0 648.5 270.4 500.2 313.7 585.4 487.8 167.1 634.2 311.1 602.3 324.0 613.6 350.4 515.3 557.8 424.8 307.5 359.0 266.0 240.7 240.6 534.1 537.5 179.0 298.9 594.7 359.8 510.3 571.1 277.0 44.8 326.5 208.6 561.2 543.7 286.9 90.8 296.4 182.3 570.7 607.1 548.3 466.1 655.1 119.5 218.1 233.4 511.1 195.0 516.1 463.5 260.2 629.8 219.3 365.7 506.7 232.3 270.8 620.5 176.9 306.9 582.7 277.1 236.2 338.8 284.3 570.3 471.2 615.0 639.8 656.2 370.4 619.4 195.7 246.4 360.7 624.8 562.9 527.6 508.2 265.3 603.0 606.8 598.7 199.6 534.3 618.5 362.8 600.6 562.5 254.4 526.6 584.5 632.7 666.3 272.9 533.7 575.5 520.8 560.1 534.1 310.7 516.9 182.3 255.0 638.5 558.0 560.8 523.4 618.0 282.0 311.8 578.4 541.6 275.7 301.1 275.3 410.1 599.8 222.8 172.6 536.5 529.6 569.2 239.1 372.1 546.5 249.7 598.1 574.6 204.0 275.1 270.3 279.0 571.1 216.4 380.2 533.2 619.7 578.1 347.5 606.7 544.4 242.4 224.7 556.7 273.5 281.3 558.2 609.5 324.8 237.1
2242.3 782.0 234.5 688.9 194.1 324.0 288.3 582.8 0.0 281.4 255.5 681.4 626.5 257.5 209.0 607.5 246.2 680.7 92.4 114.9 127.8 738.7 263.6 300.4 688.3 265.7 672.9 167.4 216.1 602.9 273.0 688.7 283.7 622.2 219.1 709.0 262.8 304.9 860.7 605.7 776.9 607.6 538.9 658.5 264.8 214.1 614.9 676.5 360.2 718.4 229.9 77.6 672.7 621.7 762.4 614.8 213.1 179.5 585.1 586.9 685.1 618.1 73.8 284.9 300.7 231.6 138.2 609.4 588.1 669.2 145.7 630.9 281.6 291.0 678.1 281.7 655.1 724.3 150.6 530.5 706.6 202.5 594.8 665.5 118.5 713.0 582.8 774.7 625.9 317.4 298.7 301.1 280.8 139.3 729.0 201.4 613.6 652.6 796.6 207.9 239.1 293.1 226.7 701.1 109.5 142.6 101.8 635.4 190.6 154.3 798.7 83.7 309.6 650.4 274.1 91.0 273.7 318.2 639.0 253.3 253.3 268.3 285.8 108.9 664.0 269.3 618.1 649.3 404.0 220.3 326.3 172.5 383.5 696.3 747.7 298.0 288.7 693.6 719.0 645.3 846.0 135.6 592.8 514.2 256.0 177.0 296.8 674.9 808.0 298.9 588.9 345.2 302.2 625.1 711.0 611.9 621.0 54.1 719.4 816.1 298.7 271.6 160.1 706.1 89.8 236.6 648.6 642.6 138.7 571.7 640.5 323.7 145.3 702.7 596.3
2257.2 796.9 321.4 703.8 299.1 318.6 353.2 597.7 216.6 0.0 320.4 696.3 641.4 322.4 203.6 622.4 333.1 695.6 255.0 160.5 253.2 753.6 276.2 208.3 703.2 330.6 687.8 136.3 302.3 617.8 194.0 703.6 79.8 637.1 49.5 723.9 327.7 299.5 875.6 620.6 791.8 622.5 553.8 673.4 348.6 263.0 629.8 691.4 425.1 733.3 187.1 240.2 687.6 636.6 777.3 629.7 79.4 192.3 600.0 601.8 700.0 633.0 220.6 333.8 365.6 296.5 169.0 624.3 603.0 684.1 194.6 645.8 346.5 355.9 693.0 189.6 670.0 739.2 199.5 545.4 721.5 149.8 609.7 680.4 214.6 727.9 597.7 789.6 640.8 312.0 363.6 209.0 75.7 170.1 743.9 148.7 628.5 667.5 811.5 60.7 288.0 358.0 275.6 716.0 254.1 238.7 248.6 650.3 239.5 250.4 813.6 182.4 304.2 665.3 339.0 235.6 68.6 226.1 653.9 241.0 302.2 333.2 372.7 166.0 678.9 334.2 633.0 664.2 468.9 128.2 391.2 221.4 448.4 711.2 762.6 196.3 283.3 708.5 733.9 660.2 860.9 231.7 607.7 529.1 304.9 225.9 383.7 689.8 822.9 363.8 603.8 339.8 389.1 640.0 725.9 626.8 635.9 209.9 734.3 831.0 363.6 179.5 129.0 721.0 256.6 144.5 663.5 657.5 150.0 586.6 655.4 388.6 241.4 717.6 611.2
2091.0 630.7 162.1 537.6 324.8 232.1 105.2 431.5 221.9 276.8 0.0 530.8 475.2 74.4 144.6 466.8 173.8 529.4 241.1 183.8 258.8 587.4 199.2 303.7 537.0 147.6 521.6 339.5 143.0 451.6 289.4 537.4 257.5 470.9 268.8 557.7 33.6 213.0 709.4 454.4 625.6 456.3 387.6 507.2 189.3 192.7 463.6 525.2 200.6 567.1 165.5 226.3 521.4 470.4 611.1 463.5 216.4 351.6 433.8 435.6 580.9 466.8 225.9 262.3 45.1 133.0 310.3 464.3 436.8 517.9 166.3 479.6 163.5 125.9 526.8 285.0 503.8 573.0 161.9 379.2 555.3 374.6 443.5 514.2 237.9 561.7 431.5 623.4 474.6 225.5 133.6 270.2 295.0 311.4 577.7 373.5 462.3 501.3 645.3 280.0 218.1 133.5 163.4 549.8 258.2 262.0 253.9 484.1 189.5 273.7 647.4 255.8 217.7 509.3 55.2 239.7 287.9 321.5 487.7 188.9 230.7 85.2 215.3 189.3 512.7 29.6 466.8 498.0 244.4 213.2 166.7 178.6 223.9 545.0 596.4 233.6 196.8 542.3 567.7 494.0 694.7 255.0 441.5 362.9 191.7 184.8 224.4 523.6 656.7 43.3 437.6 253.3 229.8 473.8 559.7 460.6 469.3 226.3 568.1 664.8 139.1 274.9 332.2 554.8 261.9 199.6 497.3 491.3 310.8 420.4 489.2 231.4 264.7 551.1 445.0
1834.0 402.0 639.4 163.7 737.9 709.4 669.5 273.3 699.8 754.7 635.6 0.0 258.8 642.5 615.4 352.3 651.1 305.9 718.4 661.1 736.4 358.7 676.5 781.0 181.1 632.7 351.6 717.9 620.3 141.5 766.7 58.7 734.8 361.9 746.7 183.8 648.4 690.3 480.7 345.4 269.7 364.3 278.6 116.3 666.6 670.0 216.9 45.9 727.2 193.2 642.8 703.6 148.5 267.6 382.4 246.5 693.7 676.2 324.8 232.8 149.2 150.1 696.7 739.6 680.8 598.6 787.6 261.5 256.0 193.3 643.6 250.9 648.6 596.0 129.4 762.3 211.2 199.1 639.2 270.2 230.7 753.0 191.1 140.3 715.8 333.0 267.6 394.7 377.2 696.3 603.7 747.5 772.3 788.7 203.8 751.9 64.9 284.3 416.6 757.3 688.9 660.1 640.7 167.0 735.5 739.3 731.2 191.5 666.8 744.5 418.7 733.1 688.5 292.3 659.1 717.0 765.2 792.3 304.3 666.2 708.0 653.3 692.6 666.6 342.1 649.4 150.1 125.1 771.0 690.5 693.9 649.4 750.5 172.1 367.7 710.9 674.1 186.4 211.8 313.2 459.5 732.3 260.7 270.9 669.0 662.1 701.7 192.5 428.0 679.0 287.6 730.6 707.1 100.9 313.0 363.2 377.7 703.6 409.9 436.1 665.7 752.8 710.6 180.9 739.2 676.9 280.9 135.4 689.8 312.0 319.2 690.7 742.0 71.8 275.0
1940.6 304.1 583.7 270.3 682.2 653.7 613.8 235.9 643.5 698.4 579.9 243.8 0.0 586.8 566.2 251.3 595.4 54.1 662.7 605.4 680.1 260.8 620.8 725.3 287.7 577.0 244.1 662.2 564.6 107.1 697.9 251.1 679.1 254.4 690.4 290.4 592.1 634.6 382.8 237.9 376.3 256.8 171.1 240.9 610.9 614.3 91.4 238.9 671.5 299.8 587.1 647.9 217.0 221.3 284.5 77.9 638.0 620.5 217.3 186.5 189.3 122.3 647.5 683.9 625.1 542.9 731.9 209.0 144.2 173.4 587.9 88.9 592.9 540.3 260.5 706.6 159.3 305.7 583.5 162.7 210.8 697.3 212.4 246.9 659.5 235.1 166.6 296.8 269.7 647.1 548.0 691.8 716.6 733.0 310.4 696.2 196.0 83.0 318.7 701.6 639.7 604.4 585.0 205.3 679.8 683.6 675.5 139.6 611.1 695.3 320.8 677.4 639.3 40.7 603.4 661.3 709.5 743.1 203.3 610.5 652.3 597.6 635.0 610.9 241.1 593.7 122.3 195.0 715.3 634.8 637.6 600.2 694.8 222.0 269.8 655.2 618.4 293.0 318.4 205.7 368.1 676.6 153.2 163.4 610.5 604.7 646.0 179.1 330.1 623.3 180.1 674.9 651.4 144.0 187.5 255.7 270.2 647.8 424.7 338.2 610.0 696.5 654.9 287.5 683.5 621.9 72.6 242.0 633.5 203.9 211.7 635.0 686.3 264.8 167.5
2112.6 652.3 183.7 559.2 346.4 253.7 81.6 453.1 243.5 298.4 74.0 552.4 496.8 0.0 166.2 488.4 195.4 551.0 262.7 205.4 280.4 609.0 220.8 325.3 558.6 124.0 543.2 361.1 164.6 473.2 311.0 559.0 279.1 492.5 290.4 579.3 107.7 234.6 731.0 476.0 647.2 477.9 409.2 528.8 210.9 214.3 485.2 546.8 177.0 588.7 187.1 247.9 543.0 492.0 632.7 485.1 238.0 373.2 455.4 457.2 602.5 488.4 247.5 283.9 119.2 109.4 331.9 485.9 458.4 539.5 187.9 501.2 139.9 127.5 548.4 306.6 525.4 594.6 183.5 400.8 576.9 396.2 465.1 535.8 259.5 583.3 453.1 645.0 496.2 247.1 135.2 291.8 316.6 333.0 599.3 395.1 483.9 522.9 666.9 301.6 239.7 109.9 185.0 571.4 279.8 283.6 275.5 505.7 211.1 295.3 669.0 277.4 239.3 530.9 129.3 261.3 309.5 343.1 509.3 210.5 252.3 10.8 236.9 210.9 534.3 87.8 488.4 519.6 220.8 234.8 143.1 200.2 200.3 566.6 618.0 255.2 218.4 563.9 589.3 515.6 716.3 276.6 463.1 384.5 213.3 206.4 246.0 545.2 678.3 117.4 459.2 274.9 251.4 495.4 581.3 482.2 490.9 247.9 589.7 686.4 115.5 296.5 353.8 576.4 283.5 221.2 518.9 512.9 332.4 442.0 510.8 245.9 286.3 572.7 466.6
2144.6 684.3 117.7 591.2 236.1 114.9 219.8 485.1 133.2 180.7 187.0 576.2 528.8 189.0 0.0 509.8 129.4 583.0 182.1 87.6 169.8 641.0 69.1 163.5 590.6 197.2 575.2 250.8 98.6 505.2 136.1 591.0 161.4 524.5 172.7 611.3 194.3 95.8 763.0 508.0 679.2 509.9 441.2 560.8 144.9 113.5 517.2 578.8 291.7 620.7 17.4 167.3 575.0 524.0 664.7 517.1 120.3 262.9 487.4 489.2 587.4 520.4 137.2 184.3 232.2 163.1 221.6 517.9 490.4 571.5 59.6 533.2 213.1 222.5 580.4 144.8 557.4 626.6 55.2 432.8 608.9 273.0 497.1 567.8 141.7 615.3 485.1 677.0 528.2 108.3 230.2 125.5 198.9 222.7 631.3 271.9 515.9 554.9 698.9 183.9 138.5 224.6 126.1 603.4 181.2 165.8 165.2 537.7 90.0 177.5 701.0 167.1 100.5 552.7 205.6 162.7 191.8 181.3 541.3 44.2 152.7 199.8 169.0 93.1 566.3 200.8 520.4 551.6 335.5 65.1 257.8 71.9 315.0 598.6 650.0 88.9 79.6 595.9 621.3 547.6 748.3 158.8 495.1 416.5 155.4 76.4 180.0 577.2 710.3 230.4 491.2 136.1 185.4 620.5 613.3 514.2 523.3 137.6 621.7 718.4 230.2 134.7 243.5 608.4 173.2 51.5 550.9 544.9 222.1 474.0 542.8 255.2 168.5 604.7 498.6
2025.1 388.6 552.8 354.8 651.3 622.8 582.9 257.5 612.6 667.5 549.0 320.8 215.2 555.9 535.3 0.0 564.5 269.4 631.8 574.5 649.2 345.3 589.9 694.4 372.2 546.1 261.6 631.3 533.7 191.6 680.1 335.6 648.2 50.9 659.5 374.9 561.2 603.7 467.3 34.4 460.8 55.7 72.3 325.4 580.0 583.4 193.9 323.4 640.6 384.3 556.2 617.0 301.5 305.8 369.0 203.5 607.1 589.6 22.0 271.0 273.8 206.8 616.6 653.0 594.2 512.0 701.0 293.5 172.5 275.4 557.0 237.5 562.0 509.4 345.0 675.7 243.8 390.2 552.6 80.7 295.3 666.4 269.5 331.4 628.6 319.6 171.5 381.3 18.3 616.2 517.1 660.9 685.7 702.1 394.9 665.3 280.5 241.3 403.2 670.7 608.8 573.5 554.1 289.8 648.9 652.7 644.6 224.1 580.2 664.4 405.3 646.5 608.4 249.3 572.5 630.4 678.6 712.2 227.7 579.6 621.4 566.7 604.1 580.0 252.7 562.8 206.8 279.5 684.4 603.9 606.7 569.3 663.9 306.5 354.3 624.3 587.5 377.5 402.9 234.0 452.6 645.7 181.5 89.6 582.4 575.5 615.1 263.6 414.6 592.4 177.6 644.0 620.5 306.9 290.0 4.3 69.1 617.0 394.1 422.7 579.1 665.6 624.0 372.0 652.6 590.3 237.3 326.5 602.6 69.4 229.2 604.1 655.4 349.6 185.0
2179.0 718.7 37.3 625.6 336.5 148.3 254.2 519.5 233.6 288.5 221.4 618.8 563.2 223.4 136.8 554.8 0.0 617.4 252.8 224.5 270.5 675.4 206.0 288.5 625.0 231.6 609.6 351.2 38.9 539.6 274.2 625.4 269.2 558.9 280.5 645.7 228.7 129.2 797.4 542.4 713.6 544.3 475.6 595.2 64.5 186.4 551.6 613.2 326.1 655.1 154.3 238.0 609.4 558.4 699.1 551.5 228.1 363.3 521.8 523.6 668.9 554.8 237.6 256.0 266.6 197.5 322.0 552.3 524.8 605.9 196.5 567.6 247.5 256.9 614.8 249.8 591.8 661.0 192.1 467.2 643.3 386.3 531.5 602.2 278.6 649.7 519.5 711.4 562.6 141.7 264.6 223.1 306.7 323.1 665.7 385.2 550.3 589.3 733.3 291.7 211.8 259.0 157.1 637.8 269.9 302.7 265.6 572.1 183.2 314.4 735.4 267.5 133.9 597.3 240.0 251.4 299.6 306.3 575.7 141.8 224.4 234.2 90.5 230.0 600.7 235.2 554.8 586.0 369.9 202.0 292.2 201.3 349.4 633.0 684.4 186.5 113.0 630.3 655.7 582.0 782.7 295.7 529.5 450.9 185.4 195.1 99.6 611.6 744.7 264.8 525.6 169.5 105.0 561.8 647.7 548.6 557.3 238.0 656.1 752.8 264.6 239.7 343.9 642.8 273.6 188.4 585.3 579.3 322.5 508.4 577.2 289.6 305.4 639.1 533.0
1996.0 293.6 639.1 325.7 737.6 709.1 669.2 266.6 698.9 753.8 635.3 299.9 55.3 642.2 621.6 317.3 650.8 0.0 718.1 660.8 735.8 250.3 676.2 780.7 343.1 632.4 299.5 717.6 620.0 162.5 766.4 306.5 734.5 309.8 745.8 345.8 647.5 690.0 372.3 293.3 431.7 312.2 226.5 296.3 666.3 669.7 146.8 294.3 726.9 355.2 642.5 703.3 272.4 252.0 274.0 99.8 693.4 675.9 272.7 217.2 291.8 177.7 702.9 739.3 680.5 598.3 787.3 245.9 203.9 228.8 643.3 51.8 648.3 595.7 315.9 762.0 214.7 361.1 638.9 218.1 266.2 752.7 243.1 302.3 714.9 224.6 222.0 286.3 325.1 702.5 603.4 747.2 772.0 788.4 365.8 751.6 251.4 86.3 308.2 757.0 695.1 659.8 640.4 260.7 735.2 739.0 730.9 195.0 666.5 750.7 310.3 732.8 694.7 44.0 658.8 716.7 764.9 798.5 258.7 665.9 707.7 653.0 692.3 666.3 296.5 649.1 177.7 250.4 770.7 690.2 693.0 655.6 750.2 277.4 259.3 710.6 673.8 348.4 373.8 261.1 357.6 732.0 208.6 218.8 668.7 661.8 701.4 234.5 319.6 678.7 235.5 730.3 706.8 199.4 242.9 311.1 325.2 703.3 455.4 327.7 665.4 751.9 710.3 342.9 738.9 676.6 75.9 297.4 688.9 259.3 267.1 690.4 741.7 320.2 222.9
2208.8 748.5 230.2 655.4 216.4 293.4 284.0 549.3 95.5 242.9 251.2 648.6 593.0 253.2 178.4 584.6 241.9 647.2 0.0 84.3 150.4 705.2 233.0 269.8 654.8 261.4 639.4 213.1 211.1 569.4 255.5 655.2 223.6 588.7 264.8 675.5 258.5 274.3 827.2 572.2 743.4 574.1 505.4 625.0 257.4 183.5 581.4 643.0 355.9 684.9 199.3 16.3 639.2 588.2 728.9 581.3 182.5 225.2 551.6 553.4 698.7 584.6 99.5 254.3 296.4 227.3 183.9 582.1 554.6 635.7 115.1 597.4 277.3 286.7 644.6 251.1 621.6 690.8 120.0 497.0 673.1 248.2 561.3 632.0 87.9 679.5 549.3 741.2 592.4 286.8 294.4 270.5 261.1 185.0 695.5 247.1 580.1 619.1 763.1 253.6 208.5 288.8 196.1 667.6 98.9 112.0 127.5 601.9 160.0 123.7 765.2 129.4 279.0 627.1 269.8 80.4 254.0 287.6 605.5 222.7 222.7 264.0 283.4 78.3 630.5 265.0 584.6 615.8 399.7 189.7 322.0 141.9 379.2 662.8 714.2 267.4 258.1 660.1 685.5 611.8 812.5 105.0 559.3 480.7 225.4 148.1 292.5 641.4 774.5 294.6 555.4 314.6 297.9 591.6 677.5 578.4 587.1 99.9 685.9 782.6 294.4 241.0 205.8 672.6 135.5 206.9 615.1 609.1 184.4 538.2 607.0 319.4 114.7 668.9 562.8
2157.4 697.1 211.8 604.0 229.0 209.0 232.6 497.9 108.1 158.5 199.8 597.2 541.6 201.8 94.0 533.2 223.5 595.8 94.4 0.0 163.0 653.8 148.6 185.4 603.4 210.0 588.0 225.7 192.7 518.0 171.1 603.8 139.2 537.3 150.5 624.1 207.1 189.9 775.8 520.8 692.0 522.7 454.0 573.6 239.0 99.1 530.0 591.6 304.5 633.5 114.9 79.6 587.8 536.8 677.5 529.9 98.1 237.8 500.2 502.0 647.3 533.2 112.1 169.9 245.0 175.9 196.5 530.7 503.2 584.3 30.7 546.0 225.9 235.3 593.2 166.7 570.2 639.4 35.6 445.6 621.7 260.8 509.9 580.6 54.0 628.1 497.9 689.8 541.0 202.4 243.0 186.1 176.7 197.6 644.1 259.7 528.7 567.7 711.7 161.7 124.1 237.4 111.7 616.2 93.5 78.1 140.1 550.5 75.6 89.8 713.8 142.0 194.6 575.7 218.4 75.0 169.6 203.2 554.1 138.3 138.3 212.6 265.0 5.5 579.1 213.6 533.2 564.4 348.3 105.3 270.6 57.5 327.8 611.4 662.8 183.0 173.7 608.7 634.1 560.4 761.1 71.1 507.9 429.3 141.0 63.7 274.1 590.0 723.1 243.2 504.0 230.2 279.5 540.2 626.1 527.0 535.7 112.5 634.5 731.2 243.0 156.6 218.4 621.2 148.1 122.5 563.7 557.7 197.0 486.8 555.6 268.0 80.8 617.5 511.4
2269.4 809.1 311.2 716.0 64.9 342.1 365.0 609.9 194.5 387.5 332.2 708.5 653.6 334.2 227.1 634.6 322.9 707.8 187.1 190.3 0.0 765.8 281.7 335.8 715.4 342.4 700.0 273.5 292.1 630.0 321.5 715.8 389.8 649.3 325.2 736.1 339.5 323.0 887.8 632.8 804.0 634.7 566.0 685.6 338.4 276.7 642.0 703.6 436.9 745.5 248.0 172.3 699.8 648.8 789.5 641.9 248.5 210.1 612.2 614.0 712.2 645.2 198.5 347.5 377.4 308.3 262.3 642.7 610.9 696.3 222.8 658.0 358.3 367.7 705.2 317.1 682.2 751.4 218.4 557.6 733.7 308.6 621.9 692.6 213.2 740.1 609.9 801.8 653.0 335.5 375.4 336.5 386.9 263.4 756.1 307.5 640.7 679.7 823.7 314.0 301.7 369.8 285.9 728.2 204.2 237.3 226.5 665.1 253.2 249.0 825.8 255.7 327.7 677.5 350.8 185.7 379.8 353.6 666.1 271.4 315.9 345.0 364.4 195.8 691.1 346.0 645.2 676.4 480.7 255.7 403.0 235.1 460.2 723.4 774.8 316.1 306.8 720.7 746.1 672.4 873.1 230.3 619.9 541.3 314.2 239.6 373.5 702.0 835.1 375.6 616.0 363.3 378.9 745.3 738.1 639.0 648.1 283.3 746.5 843.2 375.4 307.0 266.2 733.2 234.5 272.9 675.7 669.7 244.8 598.8 667.6 400.4 240.0 729.5 623.4
2030.4 74.0 682.9 360.1 781.4 752.9 713.0 307.7 742.7 797.6 679.1 334.3 275.9 686.0 665.4 387.1 694.6 265.9 761.9 704.6 779.6 0.0 720.0 824.5 377.5 676.2 369.3 761.4 663.8 196.9 810.2 340.9 778.3 379.6 789.6 380.2 691.3 733.8 173.8 363.1 466.1 382.0 296.3 330.7 710.1 713.5 234.6 328.7 770.7 389.6 686.3 747.1 306.8 293.1 72.4 264.2 737.2 719.7 342.5 258.3 326.2 212.1 746.7 783.1 724.3 642.1 831.1 287.0 273.7 263.2 687.1 210.9 692.1 639.5 350.3 805.8 249.1 395.5 682.7 287.9 300.6 796.5 284.2 336.7 758.7 85.3 291.8 84.7 394.9 746.3 647.2 791.0 815.8 832.2 400.2 795.4 285.8 302.0 132.9 800.8 738.9 703.6 684.2 295.1 779.0 782.8 774.7 229.4 710.3 794.5 90.7 776.6 738.5 290.3 702.6 760.5 808.7 842.3 328.5 709.7 751.5 696.8 736.1 710.1 366.3 692.9 212.1 284.8 814.5 734.0 736.8 699.4 794.0 311.8 57.7 754.4 717.6 382.8 408.2 330.9 159.1 775.8 278.4 288.6 712.5 705.6 745.2 268.9 144.3 722.5 305.3 774.1 750.6 233.8 330.7 380.9 395.0 747.1 496.5 126.1 709.2 795.7 754.1 377.3 782.7 720.4 298.0 331.8 732.7 329.1 336.9 734.2 785.5 354.6 292.7
2162.5 702.2 170.2 609.1 254.0 167.4 237.7 503.0 151.1 216.6 204.9 602.3 546.7 206.9 52.4 538.3 181.9 600.9 200.0 105.5 188.0 658.9 0.0 199.4 608.5 215.1 593.1 268.7 151.1 523.1 185.1 608.9 197.3 542.4 208.6 629.2 212.2 148.3 780.9 525.9 697.1 527.8 459.1 578.7 197.4 131.4 535.1 596.7 309.6 638.6 53.3 185.2 592.9 541.9 682.6 535.0 156.2 280.8 505.3 507.1 652.4 538.3 155.1 202.2 250.1 181.0 239.5 535.8 508.3 589.4 77.5 551.1 231.0 240.4 598.3 180.7 575.3 644.5 73.1 450.7 626.8 303.8 515.0 585.7 159.6 633.2 503.0 694.9 546.1 160.8 248.1 178.0 234.8 240.6 649.2 302.7 533.8 572.8 716.8 219.8 156.4 242.5 144.0 621.3 199.1 183.7 183.1 555.6 107.9 195.4 718.9 185.0 153.0 580.8 223.5 180.6 227.7 217.2 559.2 96.7 170.6 217.7 223.4 111.0 584.2 218.7 538.3 569.5 353.4 101.0 275.7 89.8 332.9 616.5 667.9 141.4 132.1 613.8 639.2 565.5 766.2 176.7 513.0 434.4 173.3 96.0 232.5 595.1 728.2 248.3 509.1 188.6 237.9 545.3 631.2 532.1 540.8 155.5 639.6 736.3 248.1 170.6 261.4 626.3 191.1 87.4 568.8 562.8 240.0 491.9 560.7 273.1 186.4 622.6 516.5
2283.5 823.2 237.3 730.1 334.0 234.5 358.7 624.0 231.1 175.9 325.9 723.3 667.7 327.9 138.8 659.3 249.0 721.9 269.5 175.0 268.0 779.9 208.0 0.0 729.5 336.1 714.1 254.7 218.2 644.1 6.4 729.9 156.6 663.4 167.9 750.2 333.2 215.4 901.9 646.9 818.1 648.8 580.1 699.7 264.5 252.4 656.1 717.7 430.6 759.6 156.3 254.7 713.9 662.9 803.6 656.0 115.5 310.7 626.3 628.1 773.4 659.3 235.1 323.2 371.1 302.0 287.4 656.8 629.3 710.4 198.5 672.1 352.0 361.4 719.3 34.5 696.3 765.5 194.1 571.7 747.8 268.2 636.0 706.7 229.1 754.2 624.0 815.9 667.1 227.9 369.1 71.9 194.1 288.5 770.2 267.1 654.8 693.8 837.8 179.1 277.4 363.5 265.0 742.3 268.6 253.2 263.1 676.6 228.9 264.9 839.9 265.0 220.1 701.8 344.5 250.1 187.0 17.8 680.2 103.9 291.6 338.7 290.5 180.5 705.2 339.7 659.3 690.5 474.4 98.6 396.7 210.8 453.9 737.5 788.9 59.2 199.2 734.8 760.2 686.5 887.2 246.2 634.0 555.4 294.3 217.0 299.6 716.1 849.2 369.3 630.1 255.7 305.0 666.3 752.2 653.1 661.8 235.5 760.6 857.3 369.1 24.4 247.4 747.3 271.1 115.8 689.8 683.8 268.4 612.9 681.7 394.1 255.9 743.6 637.5
1793.7 420.1 605.7 191.3 704.2 675.7 635.8 239.6 665.5 720.4 601.9 213.9 294.3 608.8 588.2 375.3 617.4 324.0 684.7 627.4 702.4 376.8 642.8 747.3 0.0 599.0 387.7 684.2 586.6 197.5 733.0 220.5 701.1 379.4 712.4 162.3 614.1 656.6 498.8 362.9 229.4 364.8 296.1 190.3 632.9 636.3 253.0 208.3 693.5 171.7 609.1 669.9 204.5 233.9 400.5 282.6 660.0 642.5 342.3 199.1 254.8 206.1 669.5 705.9 647.1 564.9 753.9 227.8 292.1 249.3 609.9 269.0 614.9 562.3 209.9 728.6 267.2 159.6 605.5 287.7 286.7 719.3 157.4 167.9 681.5 351.1 310.2 412.8 383.1 669.1 570.0 713.8 738.6 755.0 182.3 718.2 145.4 320.4 434.7 723.6 661.7 626.4 607.0 227.7 701.8 705.6 697.5 247.5 633.1 717.3 436.8 699.4 661.3 328.4 625.4 683.3 731.5 765.1 346.9 632.5 674.3 619.6 658.9 632.9 384.7 615.7 206.1 181.1 737.3 656.8 659.6 622.2 716.8 228.1 385.8 677.2 640.4 5.2 171.5 349.3 484.1 698.6 296.8 271.4 635.3 628.4 668.0 255.0 446.1 645.3 323.7 696.9 673.4 156.9 349.1 369.1 377.8 669.9 376.2 454.2 632.0 718.5 676.9 141.4 705.5 643.2 316.4 94.6 655.5 328.9 355.3 657.0 708.3 234.2 311.1
2096.8 636.5 185.9 543.4 348.6 255.9 63.6 437.3 245.7 300.6 142.8 536.6 481.0 139.6 168.4 472.6 197.6 535.2 264.9 207.6 282.6 593.2 223.0 327.5 542.8 0.0 527.4 363.3 166.8 457.4 313.2 543.2 281.3 476.7 292.6 563.5 176.5 236.8 715.2 460.2 631.4 462.1 393.4 513.0 213.1 216.5 469.4 531.0 139.3 572.9 189.3 250.1 527.2 476.2 616.9 469.3 240.2 346.3 439.6 441.4 586.7 472.6 249.7 286.1 188.0 33.4 334.1 470.1 442.6 523.7 190.1 485.4 15.9 192.7 532.6 308.8 509.6 578.8 185.7 385.0 561.1 398.4 449.3 520.0 261.7 567.5 437.3 629.2 480.4 249.3 200.4 294.0 318.8 335.2 583.5 397.3 468.1 507.1 651.1 303.8 241.9 72.2 187.2 555.6 282.0 285.8 277.7 489.9 213.3 297.5 653.2 279.6 241.5 515.1 175.8 263.5 311.7 345.3 493.5 212.7 254.5 150.4 239.1 213.1 518.5 156.6 472.6 503.8 183.1 237.0 105.4 202.4 162.6 550.8 602.2 257.4 220.6 548.1 573.5 499.8 700.5 278.8 447.3 368.7 215.5 208.6 248.2 529.4 662.5 186.2 443.4 277.1 253.6 479.6 565.5 466.4 475.1 250.1 573.9 670.6 77.8 298.7 356.0 560.6 285.7 223.4 503.1 497.1 334.6 426.2 495.0 169.9 288.5 556.9 450.8
2051.8 415.3 607.9 381.5 706.4 677.9 638.0 312.6 667.7 722.6 604.1 355.7 241.9 611.0 590.4 286.1 619.6 296.1 686.9 629.6 704.6 372.0 645.0 749.5 398.9 601.2 0.0 686.4 588.8 218.3 735.2 362.3 703.3 278.6 714.6 401.6 616.3 658.8 494.0 262.1 487.5 281.0 195.3 352.1 635.1 638.5 220.6 350.1 695.7 411.0 611.3 672.1 328.2 332.5 395.7 230.2 662.2 644.7 241.5 297.7 347.6 233.5 671.7 708.1 649.3 567.1 756.1 326.4 202.4 284.6 612.1 264.2 617.1 564.5 371.7 730.8 270.5 416.9 607.7 186.9 322.0 721.5 324.6 358.1 683.7 346.3 184.2 408.0 293.9 671.3 572.2 716.0 740.8 757.2 421.6 720.4 307.2 268.0 429.9 725.8 663.9 628.6 609.2 316.5 704.0 707.8 699.7 250.8 635.3 719.5 432.0 701.6 663.5 276.0 627.6 685.5 733.7 767.3 240.4 634.7 676.5 621.8 661.1 635.1 265.4 617.9 233.5 306.2 739.5 659.0 661.8 624.4 719.0 333.2 381.0 679.4 642.6 404.2 429.6 273.6 479.3 700.8 235.1 187.6 637.5 630.6 670.2 290.3 441.3 647.5 190.3 699.1 675.6 255.2 316.7 279.9 294.0 672.1 449.2 449.4 634.2 720.7 679.1 398.7 707.7 645.4 264.0 353.2 657.7 228.1 78.2 659.2 710.5 376.0 122.4
2171.2 710.9 324.3 617.8 213.1 385.4 354.4 511.7 189.1 144.3 325.4 611.0 555.4 327.4 270.4 547.0 336.0 609.6 211.7 227.3 188.4 667.6 343.0 275.1 617.2 317.6 601.8 0.0 305.2 531.8 260.8 617.6 146.6 551.1 82.0 637.9 332.7 366.3 789.6 534.6 705.8 536.5 467.8 587.4 351.5 333.4 543.8 605.4 412.1 647.3 253.9 196.9 601.6 550.6 691.3 543.7 146.2 106.3 514.0 515.8 661.1 547.0 175.1 404.2 370.6 283.5 83.0 544.5 517.0 598.1 265.0 559.8 333.5 360.9 607.0 256.4 584.0 653.2 269.9 459.4 635.5 65.4 523.7 594.4 237.8 641.9 511.7 703.6 554.8 378.8 368.6 275.8 143.7 84.1 657.9 64.3 542.5 581.5 725.5 70.8 358.4 345.0 346.0 630.0 228.8 261.9 203.1 564.3 309.9 273.6 727.6 96.4 371.0 589.5 344.0 210.3 136.6 292.9 567.9 307.8 372.6 338.2 377.5 228.2 592.9 339.2 547.0 578.2 455.9 195.0 378.2 291.8 435.4 625.2 676.6 263.1 350.1 622.5 647.9 574.2 774.9 254.9 521.7 443.1 375.3 298.0 386.6 603.8 736.9 368.8 517.8 406.6 392.0 554.0 639.9 540.8 549.5 123.9 648.3 745.0 350.6 246.3 5.7 635.0 184.6 212.2 577.5 571.5 64.0 500.6 569.4 375.6 264.6 631.3 525.2
2140.0 679.7 19.0 586.6 297.5 109.3 215.2 480.5 194.6 249.5 182.4 579.8 524.2 184.4 97.8 505.2 30.7 578.4 213.8 185.5 231.2 636.4 167.0 249.5 586.0 192.6 570.6 312.2 0.0 500.6 222.1 586.4 230.2 520.6 241.5 606.7 189.7 90.2 758.4 503.4 674.6 505.3 436.6 556.2 49.3 147.4 512.6 574.2 287.1 616.1 115.3 199.0 570.4 519.4 662.3 512.5 189.1 324.3 482.8 484.6 582.8 515.8 198.6 217.0 227.6 158.5 283.7 507.1 481.5 584.4 157.5 528.6 208.5 217.9 576.5 210.8 552.8 622.0 153.1 428.2 604.3 347.3 492.5 563.2 240.3 610.7 480.5 672.4 523.6 102.7 225.6 184.1 267.7 284.1 626.7 346.2 512.0 550.3 694.3 252.7 172.8 220.0 118.8 598.8 230.9 263.7 226.6 535.7 144.2 275.4 696.4 228.5 94.9 548.1 201.0 212.4 260.6 267.3 536.7 102.8 185.4 195.2 70.3 191.0 561.7 196.9 515.8 547.0 330.9 163.0 253.9 162.3 310.4 594.0 645.4 147.5 74.0 591.3 616.7 543.0 744.4 256.7 490.5 411.9 143.6 157.8 81.3 572.6 705.7 225.8 486.6 130.5 86.7 615.9 608.7 509.6 519.4 198.9 617.1 713.8 225.6 200.7 304.9 603.8 234.6 150.1 546.3 540.3 283.5 469.4 538.2 250.6 266.4 600.4 494.0
1833.4 260.4 541.6 163.1 640.1 611.6 571.7 166.4 601.4 656.3 537.8 137.3 116.6 544.7 524.1 227.8 553.3 164.3 620.6 563.3 638.3 217.1 578.7 683.2 180.5 534.9 210.0 620.1 522.5 0.0 668.9 143.9 637.0 220.3 648.3 183.2 550.0 592.5 339.1 203.8 269.1 222.7 137.0 133.7 568.8 572.2 75.3 131.7 629.4 192.6 545.0 605.8 109.8 151.8 240.8 104.9 595.9 578.4 183.2 117.0 129.2 8.5 605.4 641.8 583.0 500.8 689.8 145.7 114.4 66.2 545.8 109.3 550.8 498.2 153.3 664.5 69.6 198.5 541.4 128.6 103.6 655.2 142.9 139.7 617.4 191.4 132.5 253.1 235.6 605.0 505.9 649.7 674.5 690.9 203.2 654.1 88.8 142.7 275.0 659.5 597.6 562.3 542.9 98.1 637.7 641.5 633.4 49.9 569.0 653.2 277.1 635.3 597.2 150.7 561.3 619.2 667.4 701.0 169.2 568.4 610.2 555.5 594.8 568.8 207.0 551.6 8.5 87.8 673.2 592.7 595.5 558.1 652.7 114.8 226.1 613.1 576.3 185.8 211.2 171.6 324.4 634.5 119.1 129.3 571.2 564.3 603.9 71.9 286.4 581.2 146.0 632.8 609.3 36.8 171.4 221.6 235.7 605.8 355.2 294.5 567.9 654.4 612.8 180.3 641.4 579.1 138.7 134.8 591.4 169.8 177.6 592.9 644.2 157.6 133.4
2277.0 816.7 230.8 723.6 327.5 228.0 352.2 617.5 224.6 169.4 319.4 708.6 661.2 321.4 132.3 636.3 242.5 715.4 263.0 168.5 261.2 773.4 201.5 14.2 723.0 329.6 707.6 248.2 212.4 637.6 0.0 723.4 150.1 656.9 161.4 743.7 320.8 208.9 895.4 640.4 811.6 642.3 573.6 693.2 261.1 245.9 649.6 711.2 424.1 753.1 149.8 248.2 707.4 656.4 799.3 649.5 109.0 304.2 619.8 621.6 713.9 652.8 228.6 316.7 364.6 295.5 280.9 644.1 618.5 721.4 192.0 665.6 345.5 354.9 706.9 28.0 689.8 759.0 187.6 565.2 741.3 261.7 629.5 700.2 216.7 747.7 617.5 809.4 660.6 221.4 362.6 65.4 187.6 282.0 763.7 260.6 648.3 687.3 825.4 172.6 265.0 357.0 258.5 735.8 262.1 246.7 256.6 672.7 222.4 258.4 833.4 258.5 213.6 685.1 338.0 243.6 180.5 32.0 673.7 97.4 285.1 332.2 282.1 174.0 698.7 333.2 652.8 678.1 467.9 92.1 384.3 204.3 447.4 731.0 782.4 52.7 192.7 728.3 753.7 680.0 880.7 233.8 627.5 548.9 289.9 208.8 293.1 709.6 842.7 362.8 623.6 249.2 298.5 752.9 739.8 646.6 649.8 228.9 754.1 850.8 362.6 17.9 240.9 740.8 264.6 108.4 683.3 677.3 256.0 600.5 675.2 387.6 249.4 737.4 631.0
1851.8 419.8 657.2 181.5 755.7 727.2 687.3 291.1 717.0 771.9 653.4 48.6 276.0 660.3 639.7 376.6 668.9 323.7 736.2 678.9 753.6 376.5 694.3 798.8 198.9 650.5 369.4 735.7 638.8 159.3 784.5 0.0 752.6 379.7 763.9 201.6 665.6 708.1 498.5 363.2 287.5 382.1 296.4 134.1 684.4 687.8 234.7 11.3 745.0 211.0 660.6 721.4 166.3 285.4 400.2 264.3 711.5 694.0 342.6 250.6 173.5 167.9 721.0 757.4 698.6 616.4 805.4 273.1 273.8 211.1 661.4 268.7 666.4 613.8 153.7 780.1 229.0 216.9 657.0 288.0 248.5 770.8 208.9 158.1 733.0 350.8 291.9 412.5 395.0 720.6 621.5 765.3 790.1 806.5 221.6 769.7 89.2 302.1 434.4 775.1 713.2 677.9 658.5 184.8 753.3 757.1 749.0 209.3 684.6 768.8 436.5 750.9 712.8 299.9 676.9 734.8 783.0 816.6 328.6 684.0 725.8 671.1 708.5 684.4 366.4 667.2 167.9 142.9 788.8 708.3 711.1 673.7 768.3 189.9 385.5 728.7 691.9 204.2 229.6 331.0 483.8 750.1 278.5 288.7 684.0 678.2 719.5 216.8 445.8 696.8 305.4 748.4 724.9 206.6 330.8 381.0 396.6 721.4 427.7 453.9 683.5 770.0 728.4 198.7 757.0 694.7 298.1 153.2 707.0 329.2 337.0 708.5 759.8 39.9 292.8
2262.2 801.9 304.8 708.8 302.9 302.0 336.6 602.7 200.0 62.5 303.8 702.0 646.4 305.8 187.0 638.0 316.5 700.6 238.4 143.9 236.9 758.6 259.6 191.7 708.2 314.0 692.8 141.3 285.7 622.8 177.4 708.6 0.0 642.1 54.5 728.9 311.1 282.9 880.6 625.6 796.8 627.5 558.8 678.4 332.0 246.4 634.8 696.4 408.5 738.3 170.5 223.6 692.6 641.6 782.3 634.7 62.8 197.3 605.0 606.8 752.1 638.0 204.0 317.2 349.0 279.9 174.0 635.5 608.0 689.1 178.0 650.8 329.9 339.3 698.0 173.0 675.0 744.2 182.9 550.4 726.5 154.8 614.7 685.4 198.0 732.9 602.7 794.6 645.8 295.4 347.0 192.4 80.7 175.1 748.9 153.7 633.5 672.5 816.5 65.7 271.4 341.4 259.0 721.0 237.5 222.1 232.0 655.3 222.9 233.8 818.6 187.4 287.6 680.5 322.4 219.0 73.6 209.5 658.9 224.4 285.6 316.6 358.0 149.4 683.9 317.6 638.0 669.2 452.3 111.6 374.6 204.8 431.8 716.2 767.6 179.7 266.7 713.5 738.9 665.2 865.9 215.1 612.7 534.1 288.3 211.0 367.1 694.8 827.9 347.2 608.8 323.2 372.5 645.0 730.9 631.8 640.5 204.4 739.3 836.0 347.0 162.9 134.0 726.0 240.0 128.8 668.5 662.5 155.0 591.6 660.4 372.0 224.8 722.3 616.2
2049.6 413.1 584.7 379.3 683.2 654.7 614.8 289.4 644.5 699.4 580.9 352.8 239.7 587.8 567.2 52.3 596.4 293.9 663.7 606.4 681.1 369.8 621.8 726.3 396.7 578.0 286.1 663.2 565.6 216.1 712.0 360.1 680.1 0.0 691.4 399.4 593.1 635.6 491.8 24.4 485.3 98.2 96.8 349.9 611.9 615.3 218.4 347.9 672.5 408.8 588.1 648.9 326.0 330.3 393.5 228.0 639.0 621.5 46.5 295.5 298.3 231.3 648.5 684.9 626.1 543.9 732.9 324.2 201.3 282.4 588.9 262.0 593.9 541.3 369.5 707.6 268.3 414.7 584.5 105.2 319.8 698.3 301.4 355.9 660.5 344.1 196.0 405.8 70.7 648.1 549.0 692.8 717.6 734.0 419.4 697.2 305.0 265.8 427.7 702.6 640.7 605.4 586.0 314.3 680.8 684.6 676.5 248.6 612.1 696.3 429.8 678.4 640.3 273.8 604.4 662.3 710.5 744.1 252.2 611.5 653.3 598.6 636.0 611.9 277.2 594.7 231.3 304.0 716.3 635.8 638.6 601.2 695.8 331.0 378.8 656.2 619.4 402.0 427.4 258.5 477.1 677.6 206.0 132.1 611.5 605.7 647.0 288.1 439.1 624.3 202.1 675.9 652.4 331.4 314.5 56.7 112.7 648.9 426.0 447.2 611.0 697.5 655.9 396.5 684.5 622.9 261.8 351.0 634.5 93.9 253.7 636.0 687.3 373.8 209.5
2207.6 747.3 306.1 654.2 249.5 303.3 337.9 548.1 201.3 62.2 305.1 639.2 591.8 307.1 188.3 572.8 317.8 646.0 239.7 145.2 237.9 704.0 260.9 193.0 653.6 354.0 638.2 86.7 287.7 568.2 178.7 654.0 64.5 587.5 0.0 674.3 312.4 284.2 826.0 571.0 742.2 572.9 504.2 623.8 336.4 247.7 580.2 641.8 448.5 683.7 171.8 224.9 638.0 587.0 729.9 580.1 64.1 142.7 550.4 552.2 650.4 583.4 205.3 318.5 350.3 319.9 119.4 580.9 553.4 634.5 179.3 596.2 369.9 340.6 643.4 174.3 620.4 689.6 184.2 495.8 671.9 100.2 560.1 630.8 199.3 678.3 548.1 740.0 591.2 296.7 348.3 193.7 61.6 120.5 694.3 99.1 578.9 617.9 761.9 11.2 272.7 381.4 260.3 666.4 238.8 223.4 233.3 600.7 224.2 235.1 764.0 132.8 288.9 625.9 323.7 220.3 54.5 210.8 604.3 225.7 286.9 317.9 357.4 150.7 629.3 318.9 583.4 614.6 492.3 112.9 414.6 206.1 471.8 661.6 713.0 181.0 268.0 658.9 684.3 610.6 811.3 216.4 558.1 479.5 289.6 210.6 368.4 640.2 773.3 348.5 554.2 324.5 373.8 683.5 676.3 577.2 586.3 160.3 684.7 781.4 387.0 164.2 79.4 671.4 221.0 129.2 613.9 607.9 100.4 537.0 605.8 412.0 226.1 667.7 561.6
1897.8 425.8 611.4 150.8 709.9 681.4 641.5 245.3 671.2 726.1 607.6 220.7 321.0 614.5 593.9 381.0 623.1 329.7 690.4 633.1 708.1 382.5 648.5 753.0 244.9 604.7 414.4 689.9 592.3 204.3 738.7 227.3 706.8 385.1 718.1 0.0 619.8 662.3 504.5 368.6 333.5 370.5 301.8 197.1 638.6 642.0 279.7 215.1 699.2 9.3 614.8 675.6 211.3 239.6 406.2 309.3 665.7 648.2 348.0 204.8 261.6 212.9 675.2 711.6 652.8 570.6 759.6 233.5 318.8 256.1 615.6 274.7 620.6 568.0 216.7 734.3 274.0 92.9 611.2 293.4 293.5 725.0 163.1 84.9 687.2 356.8 336.9 418.5 388.8 674.8 575.7 719.5 744.3 760.7 69.3 723.9 152.2 347.1 440.4 729.3 667.4 632.1 612.7 234.5 707.5 711.3 703.2 254.3 638.8 723.0 442.5 705.1 667.0 355.1 631.1 689.0 737.2 770.8 373.6 638.2 680.0 625.3 664.6 638.6 411.4 621.4 212.9 187.9 743.0 662.5 665.3 627.9 722.5 234.9 391.5 682.9 646.1 250.2 275.6 376.0 489.8 704.3 323.5 277.1 641.0 634.1 673.7 261.8 451.8 651.0 350.4 702.6 679.1 163.7 375.8 374.8 383.5 675.6 381.9 459.9 637.7 724.2 682.6 74.7 711.2 648.9 343.1 199.2 661.2 334.6 382.0 662.7 714.0 241.0 337.8
2113.5 653.2 184.6 560.1 347.3 254.6 128.9 454.0 244.4 299.3 23.6 552.6 497.7 98.1 167.1 478.7 196.3 551.9 263.6 206.3 281.0 609.9 221.7 326.2 559.5 171.3 544.1 362.0 165.5 474.1 298.8 559.9 280.0 493.4 291.3 580.2 0.0 235.5 731.9 476.9 648.1 478.8 410.1 529.7 211.8 215.2 486.1 547.7 224.3 589.6 188.0 248.8 543.9 492.9 633.6 486.0 238.9 374.1 456.3 458.1 556.3 489.3 248.4 284.8 47.7 156.7 332.8 480.6 459.3 540.4 188.8 502.1 187.2 149.6 549.3 307.5 526.3 595.5 184.4 401.7 577.8 397.1 466.0 536.7 260.4 584.2 454.0 645.9 497.1 248.0 157.3 292.7 317.5 333.9 600.2 396.0 484.8 523.8 667.8 302.5 240.6 157.2 185.9 572.3 280.7 284.5 276.4 506.6 212.0 296.2 669.9 278.3 240.2 521.6 21.5 262.2 310.4 344.0 510.2 211.4 253.2 108.9 235.9 211.8 535.2 53.3 489.3 520.5 268.1 235.7 190.4 201.1 247.6 567.5 618.9 256.1 219.3 564.8 590.2 516.5 717.2 277.5 464.0 385.4 211.4 205.6 246.9 546.1 679.2 45.9 460.1 275.8 252.3 496.3 582.2 483.1 492.2 248.8 590.6 687.3 162.8 297.4 354.7 577.3 284.4 222.8 519.8 513.8 333.3 442.9 511.7 253.9 287.2 573.9 467.5
2191.5 731.2 117.2 638.1 319.1 55.8 266.7 532.0 216.2 263.7 233.9 623.1 575.7 235.9 82.9 556.7 128.9 629.9 265.1 170.6 252.8 687.9 152.1 234.6 637.5 244.1 622.1 333.8 98.1 552.1 220.3 637.9 244.4 571.4 255.7 658.2 241.2 0.0 809.9 554.9 726.1 556.8 488.1 607.7 144.4 196.5 564.1 625.7 338.6 667.6 100.4 250.3 621.9 570.9 713.8 564.0 203.3 345.9 534.3 536.1 634.3 567.3 220.2 267.3 279.1 210.0 304.6 564.8 537.3 618.4 142.6 580.1 260.0 269.4 627.3 195.9 604.3 673.5 138.2 479.7 655.8 356.0 544.0 614.7 224.7 662.2 532.0 723.9 575.1 28.6 277.1 169.2 281.9 305.7 678.2 354.9 562.8 601.8 745.8 266.9 221.5 271.5 169.6 650.3 264.2 248.8 248.2 584.6 173.0 260.5 747.9 250.1 41.4 609.8 252.5 245.7 274.8 252.4 588.2 87.9 235.7 246.7 168.5 176.1 613.2 247.7 567.3 598.5 382.4 148.1 304.7 154.9 361.9 645.5 696.9 132.6 15.0 642.8 668.2 594.5 795.2 241.8 542.0 463.4 195.1 161.1 179.5 624.1 757.2 277.3 538.1 56.4 184.9 667.4 660.2 561.1 570.2 220.5 668.6 765.3 277.1 185.8 326.5 655.3 256.2 134.5 597.8 591.8 305.1 520.9 589.7 302.1 251.5 651.6 545.5
2122.6 184.2 775.1 452.3 873.6 845.1 805.2 399.9 834.9 889.8 771.3 426.5 368.1 778.2 757.6 479.3 786.8 358.1 854.1 796.8 871.8 160.9 812.2 916.7 469.7 768.4 461.5 853.6 756.0 289.1 902.4 433.1 870.5 471.8 881.8 472.4 783.5 826.0 0.0 455.3 558.3 474.2 388.5 422.9 802.3 805.7 326.8 420.9 862.9 481.8 778.5 839.3 399.0 385.3 162.1 356.4 829.4 811.9 434.7 350.5 418.4 304.3 838.9 875.3 816.5 734.3 923.3 379.2 365.9 355.4 779.3 303.1 784.3 731.7 442.5 898.0 341.3 487.7 774.9 380.1 392.8 888.7 376.4 428.9 850.9 177.5 384.0 174.4 487.1 838.5 739.4 883.2 908.0 924.4 492.4 887.6 378.0 394.2 144.6 893.0 831.1 795.8 776.4 387.3 871.2 875.0 866.9 321.6 802.5 886.7 189.4 868.8 830.7 382.5 794.8 852.7 900.9 934.5 420.7 801.9 843.7 789.0 828.3 802.3 458.5 785.1 304.3 377.0 906.7 826.2 829.0 791.6 886.2 404.0 147.4 846.6 809.8 475.0 500.4 423.1 13.9 868.0 370.6 380.8 804.7 797.8 837.4 361.1 156.0 814.7 397.5 866.3 842.8 326.0 422.9 473.1 487.2 839.3 588.7 170.6 801.4 887.9 846.3 469.5 874.9 812.6 390.2 424.0 824.9 421.3 429.1 826.4 877.7 446.8 384.9
2025.1 388.6 560.2 354.8 658.7 630.2 590.3 264.9 620.0 674.9 556.4 329.0 215.2 563.3 542.7 38.4 571.9 269.4 639.2 581.9 656.9 345.3 597.3 701.8 372.2 553.5 261.6 638.7 541.1 191.6 687.5 335.6 655.6 16.4 666.9 374.9 568.6 611.1 467.3 0.0 460.8 73.7 72.3 325.4 587.4 590.8 193.9 323.4 648.0 384.3 563.6 624.4 301.5 305.8 369.0 203.5 614.5 597.0 22.0 271.0 320.9 206.8 624.0 660.4 601.6 519.4 708.4 299.7 176.8 257.9 564.4 237.5 569.4 516.8 345.0 683.1 243.8 390.2 560.0 80.7 295.3 673.8 276.9 331.4 636.0 319.6 171.5 381.3 46.2 623.6 524.5 668.3 693.1 709.5 394.9 672.7 280.5 241.3 403.2 678.1 616.2 580.9 561.5 289.8 656.3 660.1 652.0 224.1 587.6 671.8 405.3 653.9 615.8 249.3 579.9 637.8 686.0 719.6 227.7 587.0 628.8 574.1 613.4 587.4 252.7 570.2 206.8 279.5 691.8 611.3 614.1 576.7 671.3 306.5 354.3 631.7 594.9 377.5 402.9 234.0 452.6 653.1 181.5 107.6 589.8 582.9 622.5 263.6 414.6 599.8 177.6 651.4 627.9 228.5 290.0 32.2 86.7 624.4 401.5 422.7 586.5 673.0 631.4 372.0 660.0 597.7 237.3 326.5 610.0 69.4 229.2 611.5 662.8 349.3 185.0
1737.9 521.5 707.1 292.7 805.6 777.1 737.2 341.0 766.9 821.8 703.3 315.3 395.7 710.2 689.6 476.7 718.8 425.4 786.1 728.8 803.8 478.2 744.2 848.7 215.8 700.4 489.1 785.6 688.0 298.9 834.4 321.9 802.5 480.8 813.8 263.7 715.5 758.0 600.2 464.3 0.0 466.2 397.5 291.7 734.3 737.7 354.4 309.7 794.9 273.1 710.5 771.3 305.9 335.3 501.9 384.0 761.4 743.9 443.7 300.5 356.2 307.5 770.9 807.3 748.5 666.3 855.3 329.2 393.5 350.7 711.3 370.4 716.3 663.7 311.3 830.0 368.6 261.0 706.9 389.1 388.1 820.7 258.8 269.3 782.9 452.5 411.6 514.2 484.5 770.5 671.4 815.2 840.0 856.4 283.7 819.6 246.8 421.8 536.1 825.0 763.1 727.8 708.4 329.1 803.2 807.0 798.9 348.9 734.5 818.7 538.2 800.8 762.7 429.8 726.8 784.7 832.9 866.5 448.3 733.9 775.7 721.0 760.3 734.3 486.1 717.1 307.5 282.5 838.7 758.2 761.0 723.6 818.2 329.5 487.2 778.6 741.8 221.1 162.1 450.7 585.5 800.0 398.2 372.8 736.7 729.8 769.4 356.4 547.5 746.7 425.1 798.3 774.8 258.3 450.5 470.5 479.2 771.3 477.6 555.6 733.4 819.9 778.3 242.8 806.9 744.6 417.8 196.0 756.9 430.3 456.7 758.4 809.7 335.6 412.5
2029.6 411.9 566.5 378.1 665.0 636.5 596.6 271.2 626.3 681.2 562.7 352.3 238.5 569.6 549.0 59.9 578.2 292.7 645.5 588.2 663.2 368.6 603.6 708.1 376.7 559.8 284.9 645.0 547.4 214.9 693.8 358.9 661.9 70.4 673.2 398.2 574.9 617.4 490.6 53.9 465.3 0.0 111.8 348.7 593.7 597.1 217.2 346.7 654.3 407.6 569.9 630.7 324.8 329.1 392.3 226.8 620.8 603.3 61.5 294.3 344.2 230.1 630.3 666.7 607.9 525.7 714.7 323.0 200.1 281.2 570.7 260.8 575.7 523.1 368.3 689.4 267.1 413.5 566.3 120.2 318.6 680.1 283.2 354.7 642.3 342.9 194.8 404.6 67.7 629.9 530.8 674.6 699.4 715.8 418.2 679.0 303.8 264.6 426.5 684.4 622.5 587.2 567.8 313.1 662.6 666.4 658.3 247.4 593.9 678.1 428.6 660.2 622.1 272.6 586.2 644.1 692.3 725.9 251.0 593.3 635.1 580.4 619.7 593.7 276.0 576.5 230.1 302.8 698.1 617.6 620.4 583.0 677.6 329.8 377.6 638.0 601.2 382.0 407.4 257.3 475.9 659.4 204.8 103.3 596.1 589.2 628.8 286.9 437.9 606.1 200.9 657.7 634.2 251.8 313.3 53.7 12.9 630.7 407.8 446.0 592.8 679.3 637.7 395.3 666.3 604.0 260.6 331.0 616.3 108.9 252.5 617.8 669.1 372.6 208.3
1952.7 316.2 487.8 282.4 586.3 557.8 517.9 192.5 547.6 602.5 484.0 256.6 142.8 490.9 470.3 90.7 499.5 197.0 566.8 509.5 584.5 272.9 524.9 629.4 299.8 481.1 189.2 566.3 468.7 119.2 615.1 263.2 583.2 83.2 594.5 302.5 496.2 538.7 394.9 66.7 388.4 102.7 0.0 253.0 515.0 518.4 121.5 251.0 575.6 311.9 491.2 552.0 229.1 233.4 296.6 131.1 542.1 524.6 46.1 198.6 248.5 134.4 551.6 588.0 529.2 447.0 636.0 227.3 104.4 185.5 492.0 165.1 497.0 444.4 272.6 610.7 171.4 317.8 487.6 8.4 222.9 601.4 204.5 259.0 563.6 247.2 99.1 308.9 98.5 551.2 452.1 595.9 620.7 637.1 322.5 600.3 208.1 168.9 330.8 605.7 543.8 508.5 489.1 217.4 583.9 587.7 579.6 151.7 515.2 599.4 332.9 581.5 543.4 176.9 507.5 565.4 613.6 647.2 155.3 514.6 556.4 501.7 541.0 515.0 180.3 497.8 134.4 207.1 619.4 538.9 541.7 504.3 598.9 234.1 281.9 559.3 522.5 305.1 330.5 161.6 380.2 580.7 109.1 61.4 517.4 510.5 550.1 191.2 342.2 527.4 105.2 579.0 555.5 156.1 217.6 84.5 115.7 552.0 329.1 350.3 514.1 600.6 559.0 299.6 587.6 525.3 164.9 254.1 537.6 32.7 156.8 539.1 590.4 276.9 112.6
1843.7 391.7 649.1 173.4 747.6 719.1 679.2 297.7 708.9 763.8 645.3 129.6 247.9 652.2 631.6 359.1 660.8 295.6 728.1 670.8 745.8 348.4 686.2 790.7 190.8 642.4 341.3 727.6 630.0 131.2 776.4 136.2 744.5 351.6 755.8 193.5 657.5 700.0 470.4 335.1 279.4 354.0 268.3 0.0 676.3 679.7 206.6 124.0 736.9 202.9 652.5 713.3 138.2 283.1 372.1 236.2 703.4 685.9 314.5 248.3 64.4 139.8 712.9 749.3 690.5 608.3 797.3 277.0 245.7 183.0 653.3 240.6 658.3 605.7 39.4 772.0 200.9 208.8 648.9 259.9 220.4 762.7 200.8 150.0 724.9 322.7 263.8 384.4 366.9 712.5 613.4 757.2 782.0 798.4 213.5 761.6 47.3 274.0 406.3 767.0 705.1 669.8 650.4 50.6 745.2 749.0 740.9 181.2 676.5 760.7 408.4 742.8 704.7 282.0 668.8 726.7 774.9 808.5 300.5 675.9 717.7 663.0 702.3 676.3 338.3 659.1 139.8 114.8 780.7 700.2 703.0 665.6 760.2 161.8 357.4 720.6 683.8 196.1 221.5 302.9 455.7 742.0 250.4 260.6 678.7 671.8 711.4 188.7 417.7 688.7 277.3 740.3 716.8 90.6 302.7 352.9 367.0 713.3 419.6 425.8 675.4 761.9 720.3 190.6 748.9 686.6 270.0 145.1 698.9 301.1 308.9 700.4 751.7 149.9 264.7
2176.5 716.2 17.1 623.1 334.0 145.8 251.7 517.0 234.2 289.1 218.9 608.1 560.7 220.9 137.4 544.8 66.5 614.9 250.3 222.0 267.7 672.9 203.5 286.0 622.5 229.1 607.1 348.7 35.7 537.1 258.6 626.0 266.7 556.4 281.1 643.2 226.2 129.8 794.9 539.9 711.1 541.8 473.1 592.7 0.0 183.9 552.2 610.7 323.6 652.6 151.8 235.5 606.9 555.9 698.8 549.0 225.6 360.8 522.4 521.1 619.3 552.3 235.1 256.6 264.1 195.0 322.6 543.6 518.0 620.9 194.0 565.1 245.0 254.4 612.3 247.3 589.3 658.5 189.6 464.7 640.8 383.8 529.0 599.7 276.1 647.2 520.1 712.0 560.1 139.2 262.1 220.6 304.2 320.6 663.2 382.7 547.8 586.8 730.8 289.2 209.3 256.5 154.6 635.3 267.4 300.2 263.1 572.2 180.7 315.0 732.9 265.0 131.4 584.6 237.5 248.9 297.1 306.9 576.3 139.3 221.9 231.7 67.3 227.5 601.3 232.7 552.3 583.5 367.4 202.6 289.7 201.9 346.9 630.5 681.9 184.0 110.5 627.8 653.2 579.5 780.2 296.3 527.0 448.4 180.1 194.3 78.3 609.1 745.3 262.3 523.1 167.0 40.4 652.4 645.2 546.1 555.2 235.4 653.6 750.3 265.2 240.3 341.4 640.3 271.1 186.6 585.9 576.8 320.0 505.9 574.7 290.2 302.9 636.9 530.5
2168.2 707.9 183.2 614.8 285.7 202.5 243.4 508.7 194.9 228.6 210.6 608.0 552.4 212.6 87.5 544.0 194.9 606.6 181.2 86.7 219.7 664.6 142.1 254.5 614.2 220.8 598.8 312.5 164.1 528.8 240.2 614.6 209.3 548.1 220.6 634.9 217.9 183.4 786.6 531.6 702.8 533.5 464.8 584.4 210.4 0.0 540.8 602.4 315.3 644.3 108.4 166.4 598.6 547.6 688.3 540.7 168.2 324.6 511.0 512.8 658.1 544.0 198.9 106.8 255.8 186.7 283.3 541.5 514.0 595.1 58.7 556.8 236.7 246.1 604.0 235.8 581.0 650.2 54.3 456.4 632.5 320.9 520.7 591.4 140.8 638.9 508.7 700.6 551.8 195.9 253.8 213.1 246.8 284.4 654.9 319.8 539.5 578.5 722.5 231.8 61.0 248.2 48.6 627.0 180.3 164.9 226.9 561.3 12.8 176.6 724.6 228.8 188.1 586.5 229.2 161.8 239.7 272.3 564.9 131.8 75.2 223.4 236.4 92.2 589.9 224.4 544.0 575.2 359.1 156.1 281.4 30.9 338.6 622.2 673.6 176.5 167.2 619.5 644.9 571.2 771.9 157.9 518.7 440.1 77.9 24.7 245.5 600.8 733.9 254.0 514.8 223.7 250.9 551.0 636.9 537.8 546.5 199.3 645.3 742.0 253.8 225.7 305.2 632.0 234.9 142.5 574.5 568.5 283.8 497.6 566.4 278.8 167.6 628.3 522.2
1909.0 272.5 532.1 238.7 630.6 602.1 562.2 204.3 591.9 646.8 528.3 204.7 81.1 535.2 514.6 199.7 543.8 135.3 611.1 553.8 628.5 229.2 569.2 673.7 256.1 525.4 192.5 610.6 513.0 75.5 659.4 219.5 627.5 202.8 638.8 258.8 540.5 583.0 351.2 186.3 344.7 205.2 119.5 209.3 562.4 562.7 0.0 207.3 619.9 268.2 535.5 596.3 185.4 189.7 252.9 69.4 586.4 568.9 165.7 154.9 157.7 90.7 595.9 632.3 573.5 491.3 680.3 177.4 96.9 141.8 536.3 121.4 541.3 488.7 228.9 655.0 127.7 274.1 531.9 111.1 179.2 645.7 180.8 215.3 607.9 203.5 115.0 265.2 218.1 595.5 496.4 640.2 665.0 681.4 278.8 644.6 164.4 107.2 287.1 650.0 588.1 552.8 533.4 173.7 628.2 632.0 623.9 108.0 559.5 643.7 289.2 625.8 587.7 105.0 551.8 609.7 657.9 691.5 151.7 558.9 600.7 546.0 585.3 559.3 189.5 542.1 90.7 163.4 663.7 583.2 586.0 548.6 643.2 190.4 238.2 603.6 566.8 261.4 286.8 154.1 336.5 625.0 101.6 111.8 561.7 553.1 594.4 147.5 298.5 571.7 128.5 623.3 599.8 112.4 119.7 204.1 218.6 596.3 373.4 306.6 558.4 644.9 603.3 255.9 631.9 569.6 103.2 210.4 581.9 152.3 160.1 583.4 634.7 233.2 115.9
1840.4 408.4 645.8 170.1 744.3 715.8 675.9 279.7 705.6 760.5 642.0 37.9 264.6 648.9 628.3 375.8 657.5 312.3 724.8 667.5 742.5 365.1 682.9 787.4 187.5 639.1 358.0 724.3 626.7 147.9 773.1 12.1 741.2 368.3 752.5 190.2 654.2 696.7 487.1 351.8 276.1 370.7 285.0 122.7 673.0 676.4 223.3 0.0 733.6 199.6 649.2 710.0 154.9 274.0 388.8 252.9 700.1 682.6 331.2 239.2 187.2 156.5 709.6 746.0 687.2 605.0 794.0 267.9 262.4 199.7 650.0 257.3 655.0 602.4 142.3 768.7 217.6 205.5 645.6 276.6 237.1 759.4 197.5 146.7 721.6 339.4 280.5 401.1 383.6 709.2 610.1 753.9 778.7 795.1 210.2 758.3 77.8 290.7 423.0 763.7 701.8 666.5 647.1 173.4 741.9 745.7 737.6 197.9 673.2 757.4 425.1 739.5 701.4 298.7 665.5 723.4 771.6 805.2 317.2 672.6 714.4 659.7 699.0 673.0 355.0 655.8 156.5 131.5 777.4 696.9 699.7 662.3 756.9 178.5 374.1 717.3 680.5 192.8 218.2 319.6 472.4 738.7 267.1 277.3 675.4 668.5 708.1 205.4 434.4 685.4 294.0 737.0 713.5 107.3 319.4 369.6 383.7 710.0 416.3 442.5 672.1 758.6 717.0 187.3 745.6 683.3 286.7 141.8 695.6 317.8 325.6 697.1 748.4 28.2 281.4
2156.2 695.9 256.4 602.8 419.1 326.4 114.5 496.7 316.2 371.1 146.7 596.0 540.4 143.5 238.9 532.0 268.1 594.6 335.4 278.1 353.1 652.6 293.5 398.0 602.2 124.2 586.8 433.8 237.3 516.8 383.7 602.6 351.8 536.1 363.1 622.9 180.4 307.3 774.6 519.6 690.8 521.5 452.8 572.4 283.6 287.0 528.8 590.4 0.0 632.3 259.8 320.6 586.6 535.6 676.3 528.7 310.7 405.7 499.0 500.8 646.1 532.0 320.2 356.6 191.9 92.8 404.6 529.5 502.0 583.1 260.6 544.8 140.1 200.2 592.0 379.3 569.0 638.2 256.2 444.4 620.5 468.9 508.7 579.4 332.2 626.9 496.7 688.6 539.8 319.8 207.9 364.5 389.3 405.7 642.9 467.8 527.5 566.5 710.5 374.3 312.4 62.1 257.7 615.0 352.5 356.3 348.2 549.3 283.8 368.0 712.6 350.1 312.0 574.5 202.0 334.0 382.2 415.8 552.9 283.2 325.0 154.3 309.6 283.6 577.9 160.5 532.0 563.2 43.7 307.5 77.3 272.9 23.2 610.2 661.6 327.9 291.1 607.5 632.9 559.2 759.9 349.3 506.7 428.1 286.0 279.1 318.7 588.8 721.9 190.1 502.8 347.6 324.1 539.0 624.9 525.8 534.5 320.6 633.3 730.0 67.7 369.2 426.5 620.0 356.2 293.9 562.5 556.5 405.1 485.6 554.4 229.3 359.0 616.3 510.2
1904.6 432.6 618.2 157.6 716.7 688.2 648.3 252.1 678.0 732.9 614.4 227.5 327.8 621.3 600.7 387.8 629.9 336.5 697.2 639.9 714.9 389.3 655.3 759.8 251.7 611.5 421.2 696.7 599.1 211.1 745.5 234.1 713.6 391.9 724.9 6.7 626.6 669.1 511.3 375.4 340.3 377.3 308.6 203.9 645.4 648.8 286.5 221.9 706.0 0.0 621.6 682.4 218.1 246.4 413.0 316.1 672.5 655.0 354.8 211.6 268.4 219.7 682.0 718.4 659.6 577.4 766.4 240.3 325.6 262.9 622.4 281.5 627.4 574.8 223.5 741.1 280.8 99.7 618.0 300.2 300.3 731.8 169.9 91.7 694.0 363.6 343.7 425.3 395.6 681.6 582.5 726.3 751.1 767.5 76.1 730.7 159.0 353.9 447.2 736.1 674.2 638.9 619.5 241.3 714.3 718.1 710.0 261.1 645.6 729.8 449.3 711.9 673.8 361.9 637.9 695.8 744.0 777.6 380.4 645.0 686.8 632.1 671.4 645.4 418.2 628.2 219.7 194.7 749.8 669.3 672.1 634.7 729.3 241.7 398.3 689.7 652.9 257.0 282.4 382.8 496.6 711.1 330.3 283.9 647.8 640.9 680.5 268.6 458.6 657.8 357.2 709.4 685.9 170.5 382.6 381.6 390.3 682.4 388.7 466.7 644.5 731.0 689.4 81.5 718.0 655.7 349.9 206.0 668.0 341.4 388.8 669.5 720.8 247.8 344.6
2144.5 684.2 134.2 591.1 236.0 131.4 219.7 485.0 133.1 163.2 186.9 584.3 528.7 188.9 16.4 520.3 145.9 582.9 182.0 87.5 170.0 640.9 89.0 146.0 590.5 197.1 575.1 242.0 115.1 505.1 131.7 590.9 143.9 524.4 155.2 611.2 194.2 112.3 762.9 507.9 679.1 509.8 441.1 560.7 161.4 113.4 517.1 578.7 291.6 620.6 0.0 167.2 574.9 523.9 664.6 517.0 102.8 262.8 487.3 489.1 634.4 520.3 137.1 184.2 232.1 163.0 221.5 517.8 490.3 571.4 59.5 533.1 213.0 222.4 580.3 127.3 557.3 626.5 55.1 432.7 608.8 255.5 497.0 567.7 141.6 615.2 485.0 676.9 528.1 124.8 230.1 142.0 181.4 222.6 631.2 254.4 515.8 554.8 698.8 166.4 138.4 224.5 126.0 603.3 181.1 165.7 165.1 537.6 89.9 177.4 700.9 167.0 117.0 562.8 205.5 162.6 174.3 163.8 541.2 60.7 152.6 199.7 187.4 93.0 566.2 200.7 520.3 551.5 335.4 47.6 257.7 71.8 314.9 598.5 649.9 105.4 96.1 595.8 621.2 547.5 748.2 158.7 495.0 416.4 155.3 78.0 196.5 577.1 710.2 230.3 491.1 152.6 201.9 527.3 613.2 514.1 522.8 137.5 621.6 718.3 230.1 117.2 234.7 608.3 173.1 34.0 550.8 544.8 222.0 473.9 542.7 255.1 168.4 604.6 498.5
2192.5 732.2 213.9 639.1 200.1 277.1 267.7 533.0 79.2 226.6 234.9 632.3 576.7 236.9 162.1 568.3 225.6 630.9 14.8 68.0 134.1 688.9 216.7 253.5 638.5 245.1 623.1 196.8 194.8 553.1 239.2 638.9 207.3 572.4 248.5 659.2 242.2 258.0 810.9 555.9 727.1 557.8 489.1 608.7 241.1 167.2 565.1 626.7 339.6 668.6 183.0 0.0 622.9 571.9 712.6 565.0 166.2 208.9 535.3 537.1 682.4 568.3 83.2 238.0 280.1 211.0 167.6 565.8 538.3 619.4 98.8 581.1 261.0 270.4 628.3 234.8 605.3 674.5 103.7 480.7 656.8 231.9 545.0 615.7 71.6 663.2 533.0 724.9 576.1 270.5 278.1 254.2 244.8 168.7 679.2 230.8 563.8 602.8 746.8 237.3 192.2 272.5 179.8 651.3 82.6 95.7 111.2 585.6 143.7 107.4 748.9 113.1 262.7 610.8 253.5 64.1 237.7 271.3 589.2 206.4 206.4 247.7 267.1 62.0 614.2 248.7 568.3 599.5 383.4 173.4 305.7 125.6 362.9 646.5 697.9 251.1 241.8 643.8 669.2 595.5 796.2 88.7 543.0 464.4 209.1 131.8 276.2 625.1 758.2 278.3 539.1 298.3 281.6 575.3 661.2 562.1 570.8 83.6 669.6 766.3 278.1 224.7 189.5 656.3 119.2 190.6 598.8 592.8 168.1 521.9 590.7 303.1 98.4 652.6 546.5
1827.3 377.2 632.7 157.0 731.2 702.7 662.8 266.6 692.5 747.4 628.9 131.2 233.4 635.8 615.2 344.6 644.4 281.1 711.7 654.4 729.4 333.9 669.8 774.3 174.4 626.0 326.8 711.2 613.6 116.7 760.0 137.8 728.1 337.1 739.4 177.1 641.1 683.6 455.9 320.6 263.0 339.5 253.8 127.6 659.9 663.3 192.1 125.6 720.5 186.5 636.1 696.9 0.0 260.9 357.6 221.7 687.0 669.5 300.0 226.1 192.1 125.3 696.5 732.9 674.1 591.9 780.9 254.8 231.2 168.5 636.9 226.1 641.9 589.3 147.2 755.6 186.4 192.4 632.5 245.4 205.9 746.3 184.4 133.6 708.5 308.2 249.3 369.9 352.4 696.1 597.0 740.8 765.6 782.0 197.1 745.2 82.7 259.5 391.8 750.6 688.7 653.4 634.0 146.9 728.8 732.6 724.5 166.7 660.1 744.3 393.9 726.4 688.3 267.5 652.4 710.3 758.5 792.1 286.0 659.5 701.3 646.6 685.9 659.9 323.8 642.7 125.3 90.8 764.3 683.8 686.6 649.2 743.8 66.0 342.9 704.2 667.4 179.7 205.1 288.4 441.2 725.6 235.9 246.1 662.3 655.4 695.0 174.2 403.2 672.3 262.8 723.9 700.4 76.1 288.2 338.4 352.5 696.9 403.2 411.3 659.0 745.5 703.9 174.2 732.5 670.2 255.5 128.7 682.5 286.6 294.4 684.0 735.3 151.5 250.2
1900.4 323.2 526.8 307.4 625.3 596.8 556.9 54.8 586.6 641.5 523.0 281.6 197.4 529.9 509.3 308.6 538.5 227.1 605.8 548.5 623.5 279.9 563.9 668.4 247.5 520.1 290.8 605.3 507.7 144.2 654.1 288.2 622.2 301.1 633.5 327.5 535.2 577.7 401.9 284.6 336.1 303.5 217.8 217.7 554.0 557.4 156.1 276.0 614.6 336.9 530.2 591.0 254.1 0.0 303.6 185.7 581.1 563.6 264.0 85.9 273.5 159.4 590.6 627.0 568.2 486.0 675.0 114.6 195.2 210.5 531.0 172.1 536.0 483.4 237.3 649.7 196.4 342.8 526.6 209.4 247.9 640.4 154.0 284.0 602.6 254.2 213.3 315.9 316.4 590.2 491.1 634.9 659.7 676.1 347.5 639.3 172.8 223.5 337.8 644.7 582.8 547.5 528.1 242.4 622.9 626.7 618.6 176.7 554.2 638.4 339.9 620.5 582.4 231.5 546.5 604.4 652.6 686.2 250.0 553.6 595.4 540.7 580.0 554.0 287.8 536.8 159.4 232.1 658.4 577.9 580.7 543.3 637.9 259.1 288.9 598.3 561.5 252.8 278.2 252.4 387.2 619.7 199.9 210.1 556.4 549.5 589.1 216.2 349.2 566.4 226.8 618.0 594.5 181.1 252.2 302.4 316.5 591.0 271.3 357.3 553.1 639.6 598.0 324.6 626.6 564.3 219.5 201.8 576.6 250.6 258.4 578.1 629.4 301.9 214.2
2043.1 104.7 695.6 372.8 794.1 765.6 725.7 320.4 755.4 810.3 691.8 338.8 288.6 698.7 680.4 391.5 707.3 278.6 774.6 717.3 792.0 81.4 732.7 837.2 390.2 688.9 382.0 774.1 677.2 209.6 809.8 353.6 791.0 392.3 802.3 392.9 704.0 746.5 164.0 375.8 478.8 394.7 309.0 343.4 725.9 726.2 249.6 341.4 783.4 402.3 699.0 759.8 319.5 305.8 0.0 276.9 749.9 732.4 357.5 271.0 291.8 224.8 761.7 795.8 737.0 654.8 843.8 293.5 282.1 293.4 699.8 223.6 704.8 652.2 363.0 818.5 261.8 408.2 695.4 300.6 313.3 809.2 296.9 349.4 771.4 98.0 304.5 56.6 407.6 761.3 659.9 803.7 828.5 844.9 412.9 808.1 298.5 314.7 123.1 813.5 753.9 716.3 696.9 307.8 791.7 795.5 787.4 244.7 723.0 809.5 121.4 789.3 753.5 313.2 715.3 773.2 821.4 857.3 341.2 722.4 764.2 709.5 746.9 722.8 379.0 705.6 224.8 297.5 827.2 746.7 749.5 712.1 806.7 324.5 27.3 767.1 730.3 395.5 420.9 343.6 149.3 788.5 291.1 301.3 722.4 716.6 757.9 281.6 136.8 735.2 318.0 786.8 763.3 324.9 343.4 393.6 410.4 759.7 509.2 116.3 721.9 808.4 766.8 392.3 795.4 733.8 313.0 344.5 745.4 344.1 349.6 746.9 798.2 367.6 305.4
1918.9 282.4 562.0 248.6 660.5 632.0 592.1 214.2 621.8 676.7 558.2 222.8 76.5 565.1 544.5 240.2 573.7 98.6 641.0 583.7 658.7 239.1 599.1 703.6 266.0 555.3 222.4 640.5 542.9 85.4 689.3 229.4 657.4 232.7 668.7 268.7 570.4 612.9 361.1 216.2 354.6 235.1 149.4 219.2 589.2 592.6 69.7 217.2 649.8 278.1 565.4 626.2 195.3 199.6 262.8 0.0 616.3 598.8 195.6 164.8 214.7 100.6 625.8 662.2 603.4 521.2 710.2 193.5 126.8 151.7 566.2 131.3 571.2 518.6 238.8 684.9 137.6 284.0 561.8 141.0 189.1 675.6 190.7 225.2 637.8 213.4 144.9 275.1 248.0 625.4 526.3 670.1 694.9 711.3 288.7 674.5 174.3 37.7 297.0 679.9 618.0 582.7 563.3 183.6 658.1 661.9 653.8 117.9 589.4 673.6 299.1 655.7 617.6 45.7 581.7 639.6 687.8 721.4 181.6 588.8 630.6 575.9 615.2 589.2 219.4 572.0 100.6 173.3 693.6 613.1 615.9 578.5 673.1 200.3 248.1 633.5 596.7 271.3 296.7 184.0 346.4 654.9 131.5 141.7 591.6 584.7 624.3 157.4 308.4 601.6 158.4 653.2 629.7 122.3 165.8 234.0 248.1 626.2 403.0 316.5 588.3 674.8 633.2 265.8 661.8 599.5 33.7 220.3 611.8 182.2 190.0 613.3 664.6 243.1 145.8
2260.0 799.7 241.9 706.6 240.0 239.1 273.7 600.5 137.1 60.3 240.9 699.8 644.2 242.9 124.1 635.8 253.6 698.4 175.5 81.0 174.0 756.4 196.7 128.8 706.0 251.1 690.6 139.1 222.8 620.6 114.5 706.4 41.0 639.9 52.3 726.7 248.2 220.0 878.4 623.4 794.6 625.3 556.6 676.2 269.1 183.5 632.6 694.2 345.6 736.1 107.6 160.7 690.4 639.4 780.1 632.5 0.0 195.1 602.8 604.6 749.9 635.8 141.1 254.3 286.1 217.0 171.8 633.3 605.8 686.9 115.1 648.6 267.0 276.4 695.8 110.1 672.8 742.0 120.0 548.2 724.3 152.6 612.5 683.2 135.1 730.7 600.5 792.4 643.6 232.5 284.1 129.5 78.5 172.9 746.7 151.5 631.3 670.3 814.3 63.5 208.5 278.5 196.1 718.8 174.6 159.2 169.1 653.1 160.0 170.9 816.4 171.0 224.7 678.3 259.5 156.1 71.4 146.6 656.7 161.5 222.7 253.7 295.1 86.5 681.7 254.7 635.8 667.0 389.4 48.7 311.7 141.9 368.9 714.0 765.4 116.8 203.8 711.3 736.7 663.0 863.7 152.2 610.5 531.9 225.4 148.1 304.2 692.6 825.7 284.3 606.6 260.3 309.6 642.8 728.7 629.6 638.3 141.5 737.1 833.8 284.1 100.0 131.8 723.8 177.1 65.9 666.3 660.3 152.8 589.4 658.2 309.1 161.9 720.1 614.0
2149.7 689.4 302.8 596.3 123.8 372.8 332.9 490.2 174.6 213.7 339.6 581.3 533.9 341.6 313.8 514.9 314.5 588.1 197.2 219.7 189.3 646.1 368.4 344.5 595.7 296.1 580.3 99.7 283.7 510.3 330.2 596.1 216.0 529.6 151.4 616.4 346.9 353.7 768.1 513.1 684.3 515.0 446.3 565.9 330.0 318.9 522.3 583.9 390.6 625.8 323.3 182.4 580.1 529.1 672.0 522.2 215.6 0.0 492.5 494.3 592.5 525.5 160.6 389.7 384.8 262.0 88.5 523.0 491.2 576.6 250.5 538.3 312.0 375.1 585.5 325.8 562.5 631.7 255.4 437.9 614.0 134.8 502.2 572.9 223.3 620.4 490.2 682.1 533.3 366.2 382.8 345.2 213.1 89.6 636.4 133.7 521.0 560.0 704.0 140.2 343.9 323.5 331.5 608.5 214.3 247.4 188.6 545.4 295.4 259.1 706.1 81.9 358.4 568.0 358.2 195.8 206.0 362.3 546.4 358.1 358.1 352.4 354.1 213.7 571.4 353.4 525.5 556.7 434.4 264.4 356.7 277.3 413.9 603.7 655.1 332.5 337.5 601.0 626.4 552.7 753.4 240.4 500.2 421.6 360.8 281.8 365.1 582.3 715.4 383.0 496.3 394.0 370.5 625.6 618.4 519.3 528.4 109.5 626.8 723.5 329.1 315.7 92.4 613.5 170.1 280.7 556.0 550.0 71.0 479.1 547.9 354.1 250.1 609.8 503.7
2003.0 366.5 538.1 332.7 636.6 608.1 568.2 242.8 597.9 652.8 534.3 298.7 193.1 541.2 520.6 33.9 549.8 247.3 617.1 559.8 634.5 323.2 575.2 679.7 350.1 531.4 239.5 616.6 519.7 169.5 665.4 313.5 633.5 37.0 644.8 352.8 546.5 589.0 445.2 20.5 438.7 59.8 50.2 303.3 568.4 568.7 171.8 301.3 625.9 362.2 541.5 602.3 279.4 283.7 346.9 181.4 592.4 574.9 0.0 248.9 251.7 184.7 601.9 638.3 579.5 497.3 686.3 277.6 154.7 235.8 542.3 215.4 547.3 494.7 322.9 661.0 221.7 368.1 537.9 58.6 273.2 651.7 254.8 309.3 613.9 297.5 149.4 359.2 52.3 601.5 502.4 646.2 671.0 687.4 372.8 650.6 258.4 219.2 381.1 656.0 594.1 558.8 539.4 267.7 634.2 638.0 629.9 202.0 565.5 649.7 383.2 631.8 593.7 217.0 557.8 615.7 663.9 697.5 205.6 564.9 606.7 552.0 589.4 565.3 230.6 548.1 184.7 257.4 669.7 589.2 592.0 554.6 649.2 284.4 332.2 609.6 572.8 355.4 380.8 211.9 430.5 631.0 159.4 93.7 564.9 560.8 600.4 241.5 392.5 577.7 155.5 629.3 605.8 284.8 267.9 38.3 73.2 602.3 379.4 400.6 564.4 650.9 609.3 349.9 637.9 576.3 215.2 304.4 587.9 47.3 207.1 589.4 640.7 327.5 162.9
1879.8 302.6 506.2 286.8 604.7 576.2 536.3 82.1 566.0 620.9 502.4 261.0 176.8 509.3 488.7 288.0 517.9 206.5 585.2 527.9 602.9 259.3 543.3 647.8 226.9 499.5 270.2 584.7 487.1 123.6 633.5 267.6 601.6 280.5 612.9 306.9 514.6 557.1 381.3 264.0 315.5 282.9 197.2 197.1 533.4 536.8 135.5 255.4 594.0 316.3 509.6 570.4 233.5 80.1 283.0 165.1 560.5 543.0 243.4 0.0 252.9 138.8 570.0 606.4 547.6 465.4 654.4 28.7 174.6 189.9 510.4 151.5 515.4 462.8 216.7 629.1 175.8 322.2 506.0 188.8 227.3 619.8 133.4 263.4 582.0 233.6 192.7 295.3 295.8 569.6 470.5 614.3 639.1 655.5 326.9 618.7 152.2 202.9 317.2 624.1 562.2 526.9 507.5 221.8 602.3 606.1 598.0 156.1 533.6 617.8 319.3 599.9 561.8 210.9 525.9 583.8 632.0 665.6 229.4 533.0 574.8 520.1 559.4 533.4 267.2 516.2 138.8 211.5 637.8 557.3 560.1 522.7 617.3 238.5 268.3 577.7 540.9 232.2 257.6 231.8 366.6 599.1 179.3 189.5 535.8 528.9 568.5 195.6 328.6 545.8 206.2 597.4 573.9 160.5 231.6 281.8 295.9 570.4 265.5 336.7 532.5 619.0 577.4 304.0 606.0 543.7 198.9 181.2 556.0 230.0 237.8 557.5 608.8 281.3 193.6
1858.8 333.8 615.0 188.5 713.5 685.0 645.1 239.8 674.8 729.7 611.2 162.7 190.0 618.1 597.5 290.6 626.7 237.7 694.0 636.7 711.4 290.5 652.1 756.6 205.9 608.3 283.4 693.5 595.9 73.3 729.2 169.3 710.4 293.7 721.7 208.6 623.4 665.9 412.5 277.2 294.5 296.1 210.4 66.6 642.2 645.6 148.7 157.1 702.8 218.0 618.4 679.2 135.2 225.2 314.2 178.3 669.3 651.8 256.6 190.4 0.0 81.9 678.8 715.2 656.4 574.2 763.2 219.1 187.8 125.1 619.2 182.7 624.2 571.6 106.1 737.9 143.0 223.9 614.8 202.0 162.5 728.6 215.9 165.1 690.8 264.8 205.9 326.5 309.0 678.4 579.3 723.1 747.9 764.3 228.6 727.5 114.0 216.1 348.4 732.9 671.0 635.7 616.3 16.0 711.1 714.9 706.8 123.3 642.4 726.6 350.5 708.7 670.6 224.1 634.7 692.6 740.8 774.4 242.6 641.8 683.6 628.9 666.3 642.2 280.4 625.0 81.9 113.2 746.6 666.1 668.9 631.5 726.1 140.2 299.5 686.5 649.7 211.2 236.6 245.0 397.8 707.9 192.5 202.7 641.8 636.0 677.3 130.8 359.8 654.6 219.4 706.2 682.7 64.5 244.8 295.0 309.5 679.1 428.6 367.9 641.3 727.8 686.2 205.7 714.8 652.5 212.1 160.2 664.8 243.2 251.0 666.3 717.6 183.3 206.8
1921.0 327.5 608.7 250.7 707.2 678.7 638.8 233.5 668.5 723.4 604.9 224.9 183.7 611.8 591.2 284.3 620.4 231.4 687.7 630.4 705.1 284.2 645.8 750.3 268.1 602.0 277.1 687.2 589.6 87.5 736.0 231.5 704.1 287.4 715.4 270.8 617.1 659.6 406.2 270.9 356.7 289.8 204.1 221.3 635.9 639.3 142.4 219.3 696.5 280.2 612.1 672.9 197.4 218.9 307.9 172.0 663.0 645.5 250.3 184.1 169.7 0.0 672.5 708.9 650.1 567.9 756.9 212.8 177.2 153.8 612.9 176.4 617.9 565.3 240.9 731.6 139.7 286.1 608.5 195.7 191.2 722.3 210.0 227.3 684.5 258.5 199.6 320.2 302.7 672.1 573.0 716.8 741.6 758.0 290.8 721.2 176.4 209.8 342.1 726.6 664.7 629.4 610.0 185.7 704.8 708.6 700.5 120.0 636.1 720.3 344.2 702.4 664.3 217.8 628.4 686.3 734.5 768.1 236.3 635.5 677.3 622.6 660.0 635.9 274.1 618.7 0.0 175.4 740.3 659.8 662.6 625.2 719.8 202.4 293.2 680.2 643.4 273.4 298.8 238.7 391.5 701.6 186.2 196.4 635.5 629.7 671.0 159.5 353.5 648.3 213.1 699.9 676.4 202.8 238.5 288.7 304.3 672.9 422.3 361.6 635.0 721.5 679.9 267.9 708.5 646.9 205.8 222.4 658.5 236.9 244.7 660.0 711.3 245.5 200.5
2233.0 772.7 241.1 679.6 200.7 330.6 294.9 573.5 56.4 270.0 262.1 672.8 617.2 264.1 215.6 598.2 252.8 671.4 99.0 121.5 134.4 729.4 270.2 307.0 679.0 272.3 663.6 156.0 222.7 593.6 292.7 679.4 272.3 612.9 207.7 699.7 269.4 311.5 851.4 596.4 767.6 598.3 529.6 649.2 268.3 220.7 605.6 667.2 366.8 709.1 236.5 84.2 663.4 612.4 753.1 605.5 219.7 168.1 575.8 577.6 675.8 608.8 0.0 291.5 307.3 238.2 126.8 600.1 578.8 659.9 152.3 621.6 288.2 297.6 668.8 288.3 645.8 715.0 157.2 521.2 697.3 191.1 585.5 656.2 125.1 703.7 573.5 765.4 616.6 324.0 305.3 307.7 269.4 127.9 719.7 190.0 604.3 643.3 787.3 196.5 245.7 299.7 233.3 691.8 116.1 149.2 66.6 626.1 197.2 160.9 789.4 72.3 316.2 641.1 280.7 97.6 262.3 324.8 629.7 259.9 259.9 274.9 292.4 115.5 654.7 275.9 608.8 640.0 410.6 226.9 332.9 179.1 390.1 687.0 738.4 304.6 295.3 684.3 709.7 636.0 836.7 142.2 583.5 504.9 264.7 185.3 303.4 665.6 798.7 305.5 579.6 351.8 308.8 708.9 701.7 602.6 611.7 42.8 710.1 806.8 305.3 278.2 148.7 696.8 78.4 243.2 639.3 633.3 127.3 562.4 631.2 330.3 151.9 693.1 587.0
2187.9 727.6 191.3 634.5 361.8 261.3 263.1 528.4 271.0 304.7 230.3 619.5 572.1 232.3 163.6 553.1 203.0 626.3 257.3 162.8 295.5 684.3 218.2 330.6 633.9 240.5 618.5 388.6 172.9 548.5 316.3 634.3 285.4 567.8 296.7 654.6 237.6 242.2 806.3 551.3 722.5 553.2 484.5 604.1 218.5 92.1 560.5 622.1 335.0 664.0 184.5 242.5 618.3 567.3 708.0 560.4 244.3 400.7 530.7 532.5 630.7 563.7 275.0 0.0 275.5 206.4 359.4 561.2 533.7 632.3 134.8 576.5 256.4 265.8 623.7 311.9 600.7 669.9 130.4 476.1 652.2 397.0 540.4 611.1 216.9 658.6 528.4 720.3 571.5 254.7 273.5 289.2 322.9 360.5 674.6 395.9 559.2 598.2 742.2 307.9 78.3 267.9 85.1 646.7 256.4 241.0 303.0 581.0 88.9 252.7 744.3 304.9 246.9 596.0 248.9 237.9 315.8 348.4 584.6 207.9 21.1 243.1 242.6 168.3 609.6 244.1 563.7 594.9 378.8 232.2 301.1 107.0 358.3 641.9 693.3 252.6 226.0 639.2 664.6 590.9 791.6 234.0 538.4 459.8 50.8 100.8 253.6 620.5 753.6 273.7 534.5 282.5 259.0 570.7 656.6 557.5 567.7 275.3 665.0 761.7 273.5 301.8 381.3 651.7 311.0 218.6 594.2 588.2 359.9 517.3 586.1 298.5 243.7 648.0 541.9
2156.2 695.9 227.3 602.8 390.0 297.3 170.4 496.7 287.1 342.0 65.1 587.8 540.4 139.6 209.8 521.4 239.0 594.6 306.3 249.0 323.7 652.6 264.4 368.9 602.2 212.8 586.8 404.7 208.2 516.8 354.6 602.6 322.7 536.1 334.0 622.9 57.7 278.2 774.6 519.6 690.8 521.5 452.8 572.4 257.6 257.9 528.8 590.4 265.8 632.3 230.7 291.5 586.6 535.6 676.3 528.7 281.6 416.8 499.0 500.8 599.0 532.0 291.1 327.5 0.0 198.2 375.5 529.5 497.7 600.6 231.5 544.8 228.7 191.1 592.0 350.2 569.0 638.2 227.1 444.4 620.5 439.8 508.7 579.4 303.1 626.9 496.7 688.6 539.8 290.7 198.8 335.4 360.2 376.6 642.9 438.7 527.5 566.5 710.5 345.2 283.3 198.7 228.6 615.0 323.4 327.2 319.1 549.3 254.7 338.9 712.6 321.0 282.9 564.3 79.3 304.9 353.1 386.7 552.9 254.1 295.9 150.4 280.5 254.5 577.9 94.8 532.0 563.2 309.6 278.4 231.9 243.8 289.1 610.2 661.6 298.8 262.0 607.5 632.9 559.2 759.9 320.2 506.7 428.1 256.9 248.3 289.6 588.8 721.9 1.7 502.8 318.5 295.0 632.1 624.9 525.8 536.0 291.4 633.3 730.0 204.3 340.1 397.4 620.0 327.1 264.8 562.5 556.5 376.0 485.6 554.4 296.6 329.9 616.3 510.2
2063.3 603.0 152.4 509.9 315.1 222.4 70.8 403.8 212.2 267.1 134.8 503.1 447.5 125.7 134.9 439.1 164.1 501.7 231.4 174.1 249.1 559.7 189.5 294.0 509.3 34.0 493.9 329.8 133.3 423.9 279.7 509.7 247.8 443.2 259.1 530.0 131.0 203.3 681.7 426.7 597.9 428.6 359.9 479.5 179.6 183.0 435.9 497.5 128.5 539.4 155.8 216.6 493.7 442.7 583.4 435.8 206.7 312.8 406.1 407.9 553.2 439.1 216.2 252.6 180.0 0.0 300.6 436.6 409.1 490.2 156.6 451.9 49.9 159.2 499.1 275.3 476.1 545.3 152.2 351.5 527.6 364.9 415.8 486.5 228.2 534.0 403.8 595.7 446.9 215.8 166.9 260.5 285.3 301.7 550.0 363.8 434.6 473.6 617.6 270.3 208.4 61.4 153.7 522.1 248.5 252.3 244.2 456.4 179.8 264.0 619.7 246.1 208.0 481.6 142.3 230.0 278.2 311.8 460.0 179.2 221.0 136.5 205.6 179.6 485.0 148.6 439.1 470.3 172.3 203.5 94.6 168.9 151.8 517.3 568.7 223.9 187.1 514.6 540.0 466.3 667.0 245.3 413.8 335.2 182.0 175.1 214.7 495.9 629.0 178.2 409.9 243.6 220.1 446.1 532.0 432.9 441.6 216.6 540.4 637.1 67.0 265.2 322.5 527.1 252.2 189.9 469.6 463.6 301.1 392.7 461.5 136.4 255.0 523.4 417.3
2145.7 685.4 298.8 592.3 187.6 368.8 328.9 486.2 145.6 202.7 299.9 584.8 529.9 301.9 281.3 510.9 310.5 584.1 168.2 190.7 203.6 642.1 335.9 333.5 591.7 292.1 576.3 88.7 280.4 506.3 306.1 592.1 205.0 525.6 140.4 612.4 307.2 349.7 764.1 509.1 680.3 511.0 442.3 561.9 329.1 289.9 518.3 579.9 386.6 621.8 302.2 153.4 576.1 525.1 665.8 518.2 204.6 80.8 488.5 490.3 588.5 521.5 131.6 360.7 345.1 258.0 0.0 512.8 491.5 572.6 221.5 534.3 308.0 335.4 581.5 314.8 558.5 627.7 226.4 433.9 610.0 123.8 498.2 568.9 194.3 616.4 486.2 678.1 529.3 362.2 343.1 334.2 202.1 34.8 632.4 122.7 517.0 556.0 700.0 129.2 314.9 319.5 302.5 604.5 185.3 218.4 159.6 538.8 266.4 230.1 702.1 52.9 354.4 553.8 318.5 166.8 195.0 351.3 542.4 325.6 329.1 312.7 352.0 184.7 567.4 313.7 521.5 552.7 430.4 253.4 352.7 248.3 409.9 599.7 651.1 321.5 333.5 597.0 622.4 548.7 749.4 211.4 496.2 417.6 331.8 252.8 361.1 578.3 711.4 343.3 492.3 390.0 366.5 528.5 614.4 515.3 525.5 80.4 622.8 719.5 325.1 304.7 81.4 609.5 141.1 269.7 552.0 546.0 60.0 475.1 543.9 350.1 221.1 605.8 499.7
1899.5 322.3 525.9 306.5 624.4 595.9 556.0 101.8 585.7 640.6 522.1 272.5 192.3 529.0 504.2 297.1 537.6 226.2 604.9 547.6 622.3 279.0 563.0 667.5 246.6 519.2 289.9 604.4 507.5 143.3 640.1 283.1 621.3 296.0 632.6 326.6 530.1 576.8 401.0 283.7 335.2 302.6 216.9 216.8 556.2 556.5 155.2 275.1 613.7 336.0 529.3 590.1 253.2 99.8 304.9 184.8 580.2 562.7 258.9 19.6 225.5 154.3 585.5 626.1 563.1 485.1 674.1 0.0 190.0 227.1 530.1 171.2 535.1 482.5 232.2 648.8 195.5 341.9 525.7 208.5 247.0 639.5 153.1 283.1 601.7 253.3 208.2 315.0 315.5 585.1 490.2 634.0 658.8 675.2 346.6 638.4 171.9 222.6 336.9 643.8 577.7 546.6 523.0 241.5 622.0 625.8 617.7 178.4 553.3 633.3 339.0 619.6 577.3 220.4 545.6 603.5 651.7 681.1 249.1 552.7 594.5 539.8 577.2 553.1 282.7 531.7 158.5 227.0 657.5 577.0 579.8 538.2 637.0 258.2 288.0 597.4 560.6 251.9 277.3 251.5 386.3 618.8 199.0 209.2 552.7 546.9 588.2 211.1 344.1 565.5 225.9 617.1 593.6 258.6 247.1 301.5 311.8 590.0 285.2 356.4 552.2 634.5 597.1 323.7 625.7 564.1 218.6 200.9 571.5 249.7 257.5 577.2 628.5 301.3 213.3
1942.8 306.3 533.0 272.5 631.5 603.0 563.1 238.1 592.8 652.0 529.2 238.5 128.3 536.1 515.5 200.6 544.7 187.1 612.0 554.7 633.7 263.0 570.1 674.6 289.9 526.3 179.4 611.5 514.6 109.3 647.2 248.7 628.4 208.0 644.0 292.6 545.7 588.2 385.0 187.2 378.5 206.1 120.4 243.1 563.3 563.6 107.0 241.1 620.8 302.0 536.4 597.2 219.2 223.5 288.9 121.2 587.3 569.8 170.9 188.7 186.9 124.5 601.1 633.2 578.7 492.2 681.2 211.2 0.0 193.1 537.2 155.2 542.2 489.6 258.1 655.9 161.5 307.9 532.8 112.0 213.0 646.6 214.6 249.1 608.8 237.3 18.0 299.0 219.0 600.7 497.3 641.1 665.9 682.3 312.6 645.5 193.6 159.0 320.9 650.9 593.3 553.7 538.6 207.5 629.1 632.9 624.8 144.4 560.4 648.9 323.0 626.7 592.9 156.8 552.7 610.6 658.8 696.7 59.0 559.8 601.6 546.9 584.3 560.2 92.5 547.3 124.5 192.6 664.6 584.1 586.9 549.5 644.1 224.2 272.0 604.5 567.7 295.2 320.6 71.1 370.3 625.9 32.6 112.7 559.8 554.0 595.3 176.7 332.3 572.6 46.7 624.2 600.7 224.6 203.1 205.0 224.9 597.1 374.3 340.4 563.6 650.1 604.2 289.7 632.8 571.2 155.0 244.2 587.1 153.2 147.0 584.3 635.6 267.3 102.8
1894.2 355.7 636.9 223.9 735.4 706.9 667.0 261.7 696.7 773.4 633.1 189.9 233.7 640.0 641.2 312.5 648.6 259.6 715.9 658.6 733.3 312.4 674.0 778.5 241.3 630.2 305.3 715.4 618.5 95.2 751.1 226.5 732.3 337.4 765.4 244.0 667.1 709.6 434.4 299.1 329.9 318.0 232.3 194.5 667.2 667.5 192.4 192.5 724.7 253.4 640.3 701.1 170.6 247.1 338.3 200.2 691.2 673.7 300.3 212.3 142.9 125.6 722.5 737.1 700.1 596.1 785.1 234.8 205.4 0.0 641.1 204.6 646.1 593.5 235.9 759.8 164.9 259.3 636.7 223.9 62.7 750.5 251.3 200.5 712.7 286.7 249.6 370.2 330.9 722.1 601.2 745.0 769.8 786.2 264.0 749.4 171.4 238.0 392.1 754.8 714.7 657.6 660.0 158.9 733.0 736.8 728.7 147.8 664.3 770.3 372.4 730.6 714.3 235.8 656.6 714.5 762.7 818.1 264.5 663.7 705.5 650.8 688.2 664.1 324.1 668.7 103.8 170.4 768.5 688.0 712.6 675.2 748.0 175.6 321.4 708.4 671.6 246.6 272.0 266.9 441.5 729.8 214.4 224.6 663.7 657.9 699.2 43.9 403.5 676.5 241.3 728.1 704.6 176.0 288.5 316.9 353.2 701.0 450.5 389.8 685.0 771.5 708.1 241.1 736.7 675.1 234.0 195.6 708.5 265.1 272.9 688.2 739.5 218.7 228.7
2143.9 683.6 181.0 590.5 235.8 178.2 219.1 484.4 136.1 169.8 186.3 583.7 528.1 188.3 63.2 519.7 192.7 582.3 122.4 27.9 169.8 640.3 117.8 196.7 589.9 196.5 574.5 253.7 161.9 504.5 182.4 590.3 150.5 523.8 161.8 610.6 193.6 159.1 762.3 507.3 678.5 509.2 440.5 560.1 208.2 68.3 516.5 578.1 291.0 620.0 84.1 107.6 574.3 523.3 664.0 516.4 109.4 265.8 486.7 488.5 633.8 519.7 140.1 139.1 231.5 162.4 224.5 517.2 489.7 570.8 0.0 532.5 212.4 221.8 579.7 178.0 556.7 625.9 4.8 432.1 608.2 262.1 496.4 567.1 82.0 614.6 484.4 676.3 527.5 171.6 229.5 188.8 188.0 225.6 630.6 261.0 515.2 554.2 698.2 173.0 93.3 223.9 80.9 602.7 121.5 106.1 168.1 537.0 44.8 117.8 700.3 170.0 163.8 562.2 204.9 103.0 180.9 214.5 540.6 107.5 107.5 199.1 234.2 33.4 565.6 200.1 519.7 550.9 334.8 116.6 257.1 26.7 314.3 597.9 649.3 152.2 142.9 595.2 620.6 546.9 747.6 99.1 494.4 415.8 110.2 32.9 243.3 576.5 709.6 229.7 490.5 199.4 248.7 526.7 612.6 513.5 522.2 140.5 621.0 717.7 229.5 167.9 246.4 607.7 176.1 118.2 550.2 544.2 225.0 473.3 542.1 254.5 108.8 604.0 497.9
1937.4 241.7 589.9 267.1 688.4 659.9 620.0 214.7 649.7 704.6 586.1 241.3 90.6 593.0 572.4 294.1 601.6 54.9 668.9 611.6 686.6 198.4 627.0 731.5 284.5 583.2 276.3 668.4 570.8 103.9 717.2 247.9 685.3 286.6 696.6 287.2 598.3 640.8 320.4 270.1 373.1 289.0 203.3 237.7 617.1 620.5 141.6 235.7 677.7 296.6 593.3 654.1 213.8 200.1 222.1 135.1 644.2 626.7 249.5 165.3 233.2 119.1 653.7 690.1 631.3 549.1 738.1 194.0 180.7 170.2 594.1 0.0 599.1 546.5 257.3 712.8 156.1 302.5 589.7 194.9 207.6 703.5 191.2 243.7 665.7 172.7 198.8 234.4 301.9 653.3 554.2 698.0 722.8 739.2 307.2 702.4 192.8 121.6 256.3 707.8 645.9 610.6 591.2 202.1 686.0 689.8 681.7 136.4 617.3 701.5 258.4 683.6 645.5 79.3 609.6 667.5 715.7 749.3 235.5 616.7 658.5 603.8 643.1 617.1 273.3 599.9 119.1 191.8 721.5 641.0 643.8 606.4 701.0 218.8 207.4 661.4 624.6 289.8 315.2 237.9 305.7 682.8 185.4 195.6 619.5 612.6 652.2 175.9 267.7 629.5 212.3 681.1 657.6 140.8 237.7 287.9 302.0 654.1 403.5 275.8 616.2 702.7 661.1 284.3 689.7 627.4 111.2 238.8 639.7 236.1 243.9 641.2 692.5 261.6 199.7
2104.8 644.5 193.9 551.4 356.6 263.9 71.6 445.3 253.7 308.6 150.8 544.6 489.0 147.6 176.4 480.6 205.6 543.2 272.9 215.6 290.6 601.2 231.0 335.5 550.8 7.9 535.4 371.3 174.8 465.4 321.2 551.2 289.3 484.7 300.6 571.5 184.5 244.8 723.2 468.2 639.4 470.1 401.4 521.0 221.1 224.5 477.4 539.0 147.3 580.9 197.3 258.1 535.2 484.2 624.9 477.3 248.2 354.3 447.6 449.4 594.7 480.6 257.7 294.1 196.0 41.4 342.1 478.1 450.6 531.7 198.1 493.4 0.0 200.7 540.6 316.8 517.6 586.8 193.7 393.0 569.1 406.4 457.3 528.0 269.7 575.5 445.3 637.2 488.4 257.3 208.4 302.0 326.8 343.2 591.5 405.3 476.1 515.1 659.1 311.8 249.9 80.2 195.2 563.6 290.0 293.8 285.7 497.9 221.3 305.5 661.2 287.6 249.5 523.1 183.8 271.5 319.7 353.3 501.5 220.7 262.5 158.4 247.1 221.1 526.5 164.6 480.6 511.8 191.1 245.0 113.4 210.4 170.6 558.8 610.2 265.4 228.6 556.1 581.5 507.8 708.5 286.8 455.3 376.7 223.5 216.6 256.2 537.4 670.5 194.2 451.4 285.1 261.6 487.6 573.5 474.4 483.1 258.1 581.9 678.6 85.8 306.7 364.0 568.6 293.7 231.4 511.1 505.1 342.6 434.2 503.0 177.9 296.5 564.9 458.8
2155.6 643.9 217.4 550.8 380.1 287.4 178.5 444.7 277.2 332.1 125.7 544.0 488.4 147.7 199.9 480.0 229.1 542.6 296.4 239.1 314.1 600.6 254.5 359.0 550.2 220.9 534.8 394.8 198.3 464.8 344.7 550.6 312.8 484.1 324.1 570.9 159.4 268.3 722.6 467.6 638.8 469.5 400.8 520.4 244.6 248.0 476.8 538.4 273.9 580.3 220.8 281.6 534.6 483.6 624.3 476.7 271.7 406.9 447.0 448.8 594.1 480.0 281.2 317.6 170.9 206.3 365.6 477.5 450.0 531.1 221.6 492.8 236.8 0.0 540.0 340.3 517.0 586.2 217.2 392.4 568.5 429.9 456.7 527.4 293.2 574.9 444.7 636.6 487.8 280.8 36.9 325.5 350.3 366.7 590.9 428.8 475.5 514.5 658.5 335.3 273.4 206.8 218.7 563.0 313.5 317.3 309.2 497.3 244.8 329.0 660.6 311.1 273.0 522.5 175.8 295.0 343.2 376.8 500.9 244.2 286.0 158.5 270.6 244.6 525.9 139.5 480.0 511.2 317.7 268.5 240.0 233.9 297.2 558.2 609.6 288.9 252.1 555.5 580.9 507.2 707.9 310.3 454.7 376.1 247.0 240.1 279.7 536.8 669.9 169.1 450.8 308.6 285.1 487.0 572.9 473.8 482.5 281.6 581.3 678.0 212.4 330.2 387.5 568.0 317.2 254.9 510.5 504.5 366.1 433.6 502.4 286.7 320.0 564.3 458.2
1853.3 401.3 658.7 183.0 757.2 728.7 688.8 307.3 718.5 773.4 654.9 131.0 257.5 661.8 641.2 358.1 670.4 305.2 737.7 680.4 755.1 358.0 695.8 800.3 200.4 652.0 350.9 737.2 640.3 140.8 772.9 145.8 754.1 361.2 765.4 203.1 667.1 709.6 480.0 344.7 289.0 363.6 277.9 49.4 685.9 689.3 216.2 133.6 746.5 212.5 662.1 722.9 147.8 292.7 381.7 245.8 713.0 695.5 324.1 257.9 116.1 149.4 722.5 758.9 700.1 617.9 806.9 280.4 251.0 192.6 662.9 250.2 667.9 615.3 0.0 781.6 210.5 218.4 658.5 269.5 230.0 772.3 210.4 159.6 734.5 332.3 273.4 394.0 376.5 722.1 623.0 766.8 791.6 808.0 223.1 771.2 56.9 283.6 415.9 776.6 714.7 679.4 660.0 100.1 754.8 758.6 750.5 193.4 686.1 770.3 418.0 752.4 714.3 291.6 678.4 736.3 784.5 818.1 310.1 685.5 727.3 672.6 710.0 685.9 347.9 668.7 149.4 124.4 790.3 709.8 712.6 675.2 769.8 171.4 367.0 730.2 693.4 205.7 231.1 312.5 465.3 751.6 260.0 270.2 685.5 679.7 721.0 198.3 427.3 698.3 286.9 749.9 726.4 100.2 312.3 362.5 377.0 722.9 429.2 435.4 685.0 771.5 729.9 200.2 758.5 696.9 279.6 154.7 708.5 310.7 318.5 710.0 761.3 159.8 274.3
2361.6 901.3 243.3 808.2 320.0 240.5 363.3 702.1 217.1 161.9 330.5 801.4 745.8 332.5 144.8 737.4 255.0 800.0 255.5 161.0 254.0 858.0 214.0 59.2 807.6 340.7 792.2 240.7 224.2 722.2 44.9 808.0 142.6 741.5 153.9 828.3 337.8 221.4 980.0 725.0 896.2 726.9 658.2 777.8 270.5 257.0 734.2 795.8 435.2 837.7 143.5 240.7 792.0 741.0 881.7 734.1 101.5 296.7 704.4 706.2 851.5 737.4 221.1 327.8 375.7 306.6 273.4 734.9 707.4 788.5 203.1 750.2 356.6 366.0 797.4 0.0 774.4 843.6 198.7 649.8 825.9 254.2 714.1 784.8 215.1 832.3 702.1 894.0 745.2 233.9 373.7 77.9 180.1 274.5 848.3 253.1 732.9 771.9 915.9 165.1 282.0 368.1 269.6 820.4 254.6 239.2 249.1 754.7 233.5 250.9 918.0 251.0 226.1 779.9 349.1 236.1 173.0 77.0 758.3 109.9 296.2 343.3 296.5 166.5 783.3 344.3 737.4 768.6 479.0 84.6 401.3 215.4 458.5 815.6 867.0 65.2 205.2 812.9 838.3 764.6 965.3 232.2 712.1 633.5 298.9 221.6 305.6 794.2 927.3 373.9 708.2 261.7 311.0 744.4 830.3 731.2 739.9 221.5 838.7 935.4 373.7 11.0 233.4 825.4 257.1 101.8 767.9 761.9 254.4 691.0 759.8 398.7 241.9 821.7 715.6
1915.4 344.9 626.1 245.1 724.6 696.1 656.2 250.9 685.9 740.8 622.3 219.3 201.1 629.2 608.6 312.3 637.8 248.8 705.1 647.8 722.8 301.6 663.2 767.7 262.5 619.4 294.5 704.6 607.0 81.9 753.4 225.9 721.5 304.8 732.8 265.2 634.5 677.0 423.6 288.3 351.1 307.2 221.5 215.7 653.3 656.7 159.8 213.7 713.9 274.6 629.5 690.3 191.8 236.3 325.3 189.4 680.4 662.9 267.7 201.5 211.2 97.1 689.9 726.3 667.5 585.3 774.3 230.2 198.9 148.2 630.3 193.8 635.3 582.7 235.3 749.0 0.0 280.5 625.9 213.1 185.6 739.7 272.5 221.7 701.9 275.9 217.0 337.6 320.1 689.5 590.4 734.2 759.0 775.4 285.2 738.6 170.8 227.2 359.5 744.0 682.1 646.8 627.4 180.1 722.2 726.0 717.9 42.3 653.5 737.7 361.6 719.8 681.7 235.2 645.8 703.7 751.9 785.5 253.7 652.9 694.7 640.0 679.3 653.3 291.5 636.1 97.1 169.8 757.7 677.2 680.0 642.6 737.2 196.8 310.6 697.6 660.8 267.8 293.2 256.1 408.9 719.0 203.6 213.8 655.7 648.8 688.4 153.9 370.9 665.7 230.5 717.3 693.8 118.8 255.9 306.1 320.2 690.3 439.7 379.0 652.4 738.9 697.3 262.3 725.9 663.6 223.2 216.8 675.9 254.3 262.1 677.4 728.7 239.6 217.9
1877.5 387.5 573.1 130.5 671.6 643.1 603.2 207.0 632.9 687.8 569.3 200.4 300.7 576.2 555.6 342.7 584.8 291.4 652.1 594.8 669.8 344.2 610.2 714.7 224.6 566.4 394.1 651.6 554.0 184.0 700.4 207.0 668.5 346.8 679.8 77.3 581.5 624.0 466.2 330.3 313.2 332.2 263.5 176.8 600.3 603.7 259.4 194.8 660.9 86.7 576.5 637.3 191.0 201.3 367.9 289.0 627.4 609.9 309.7 166.5 241.3 192.6 636.9 673.3 614.5 532.3 721.3 195.2 298.5 235.8 577.3 236.4 582.3 529.7 196.4 696.0 253.7 0.0 572.9 255.1 273.2 686.7 124.8 64.6 648.9 318.5 316.6 380.2 350.5 636.5 537.4 681.2 706.0 722.4 97.3 685.6 131.9 326.8 402.1 691.0 629.1 593.8 574.4 214.2 669.2 673.0 664.9 234.0 600.5 684.7 404.2 666.8 628.7 334.8 592.8 650.7 698.9 732.5 353.3 599.9 641.7 587.0 626.3 600.3 391.1 583.1 192.6 167.6 704.7 624.2 627.0 589.6 684.2 214.6 353.2 644.6 607.8 229.9 255.3 355.7 451.5 666.0 303.2 238.8 602.7 595.8 635.4 241.5 413.5 612.7 330.1 664.3 640.8 143.4 355.5 336.5 345.2 637.3 343.6 421.6 599.4 685.9 644.3 8.4 672.9 610.6 322.8 178.9 622.9 296.3 361.7 624.4 675.7 220.7 317.5
2139.0 678.7 176.1 585.6 240.2 173.3 214.2 479.5 140.5 174.2 181.4 578.8 523.2 183.4 58.3 514.8 187.8 577.4 126.8 32.3 174.2 635.4 112.9 201.1 585.0 191.6 569.6 258.1 157.0 499.6 186.8 585.4 154.9 518.9 166.2 605.7 188.7 154.2 757.4 502.4 673.6 504.3 435.6 555.2 203.3 63.4 511.6 573.2 286.1 615.1 79.2 112.0 569.4 518.4 659.1 511.5 113.8 270.2 481.8 483.6 628.9 514.8 144.5 134.2 226.6 157.5 228.9 512.3 484.8 565.9 4.4 527.6 207.5 216.9 574.8 182.4 551.8 621.0 0.0 427.2 603.3 266.5 491.5 562.2 86.4 609.7 479.5 671.4 522.6 166.7 224.6 183.9 192.4 230.0 625.7 265.4 510.3 549.3 693.3 177.4 88.4 219.0 76.0 597.8 125.9 110.5 172.5 532.1 39.9 122.2 695.4 174.4 158.9 557.3 200.0 107.4 185.3 218.9 535.7 102.6 102.6 194.2 229.3 37.8 560.7 195.2 514.8 546.0 329.9 121.0 252.2 21.8 309.4 593.0 644.4 147.3 138.0 590.3 615.7 542.0 742.7 103.5 489.5 410.9 105.3 28.0 238.4 571.6 704.7 224.8 485.6 194.5 243.8 521.8 607.7 508.6 517.3 144.9 616.1 712.8 224.6 172.3 250.8 602.8 180.5 113.3 545.3 539.3 229.4 468.4 537.2 249.6 113.2 599.1 493.0
1944.3 307.8 479.4 274.0 577.9 549.4 509.5 184.1 539.2 594.1 475.6 248.2 134.4 482.5 461.9 99.1 491.1 188.6 558.4 501.1 576.1 264.5 516.5 621.0 291.4 472.7 180.8 557.9 460.3 110.8 606.7 254.8 574.8 91.6 586.1 294.1 487.8 530.3 386.5 75.1 380.0 111.1 8.4 244.6 506.6 510.0 113.1 242.6 567.2 303.5 482.8 543.6 220.7 225.0 288.2 122.7 533.7 516.2 54.5 190.2 240.1 126.0 543.2 579.6 520.8 438.6 627.6 218.9 96.0 177.1 483.6 156.7 488.6 436.0 264.2 602.3 163.0 309.4 479.2 0.0 214.5 593.0 196.1 250.6 555.2 238.8 90.7 300.5 106.9 542.8 443.7 587.5 612.3 628.7 314.1 591.9 199.7 160.5 322.4 597.3 535.4 500.1 480.7 209.0 575.5 579.3 571.2 143.3 506.8 591.0 324.5 573.1 535.0 168.5 499.1 557.0 605.2 638.8 146.9 506.2 548.0 493.3 532.6 506.6 171.9 489.4 126.0 198.7 611.0 530.5 533.3 495.9 590.5 225.7 273.5 550.9 514.1 296.7 322.1 153.2 371.8 572.3 100.7 69.8 509.0 502.1 541.7 182.8 333.8 519.0 96.8 570.6 547.1 147.7 209.2 92.9 124.1 543.6 320.7 341.9 505.7 592.2 550.6 291.2 579.2 516.9 156.5 245.7 529.2 41.1 148.4 530.7 582.0 268.5 104.2
1911.1 372.6 653.8 240.8 752.3 723.8 683.9 278.6 713.6 768.5 650.0 215.0 228.8 656.9 636.3 340.0 665.5 276.5 732.8 675.5 750.5 329.3 690.9 795.4 258.2 647.1 322.2 732.3 634.7 112.1 781.1 221.6 749.2 332.5 760.5 260.9 662.2 704.7 451.3 316.0 346.8 334.9 249.2 211.4 681.0 684.4 187.5 209.4 741.6 270.3 657.2 718.0 187.5 264.0 353.0 217.1 708.1 690.6 295.4 229.2 206.9 120.7 717.6 754.0 695.2 613.0 802.0 257.9 226.6 72.2 658.0 221.5 663.0 610.4 231.0 776.7 181.8 276.2 653.6 240.8 0.0 767.4 268.2 217.4 729.6 303.6 244.7 365.3 347.8 717.2 618.1 761.9 786.7 803.1 280.9 766.3 166.5 254.9 387.2 771.7 709.8 674.5 655.1 175.8 749.9 753.7 745.6 162.1 681.2 765.4 389.3 747.5 709.4 262.9 673.5 731.4 779.6 813.2 281.4 680.6 722.4 667.7 707.0 681.0 319.2 663.8 120.7 165.5 785.4 704.9 707.7 670.3 764.9 192.5 338.3 725.3 688.5 263.5 288.9 283.8 436.6 746.7 231.3 241.5 683.4 676.5 716.1 52.7 398.6 693.4 258.2 745.0 721.5 114.5 283.6 333.8 347.9 718.0 467.4 406.7 680.1 766.6 725.0 258.0 753.6 691.3 250.9 212.5 703.6 282.0 289.8 705.1 756.4 235.3 245.6
2197.7 737.4 350.8 644.3 239.6 390.3 380.9 538.2 215.6 149.2 351.9 637.5 581.9 353.9 275.3 573.5 362.5 636.1 238.2 232.2 214.9 694.1 347.9 280.0 643.7 344.1 628.3 76.8 331.7 558.3 265.7 644.1 151.5 577.6 86.9 664.4 359.2 371.2 816.1 561.1 732.3 563.0 494.3 613.9 378.0 334.7 570.3 631.9 438.6 673.8 258.8 223.4 628.1 577.1 717.8 570.2 151.1 132.8 540.5 542.3 687.6 573.5 201.6 405.5 397.1 310.0 109.5 571.0 543.5 624.6 266.3 586.3 360.0 387.4 633.5 261.3 610.5 679.7 271.2 485.9 662.0 0.0 550.2 620.9 264.3 668.4 538.2 730.1 581.3 383.7 395.1 280.7 148.6 110.6 684.4 23.0 569.0 608.0 752.0 75.7 359.7 371.5 347.3 656.5 255.3 288.4 229.6 590.8 311.2 300.1 754.1 122.9 375.9 616.0 370.5 236.8 141.5 297.8 594.4 312.7 373.9 364.7 404.0 237.7 619.4 365.7 573.5 604.7 482.4 199.9 404.7 293.1 461.9 651.7 703.1 268.0 355.0 649.0 674.4 600.7 801.4 281.4 548.2 469.6 376.6 299.3 413.1 630.3 763.4 395.3 544.3 411.5 418.5 580.5 666.4 567.3 576.0 150.4 674.8 771.5 377.1 251.2 69.5 661.5 211.1 217.1 604.0 598.0 90.5 527.1 595.9 402.1 291.1 657.8 551.7
1833.6 323.5 509.1 181.3 607.6 579.1 539.2 143.0 568.9 623.8 505.3 174.5 197.7 512.2 491.6 278.7 520.8 227.4 588.1 530.8 605.8 280.2 546.2 650.7 180.7 502.4 291.1 587.6 490.0 158.1 636.4 181.1 604.5 282.8 615.8 201.4 517.5 560.0 402.2 266.3 269.3 268.2 199.5 150.9 536.3 539.7 156.4 168.9 596.9 210.8 512.5 573.3 165.1 137.3 303.9 186.0 563.4 545.9 245.7 102.5 215.4 159.7 572.9 609.3 550.5 468.3 657.3 131.2 195.5 209.9 513.3 172.4 518.3 465.7 170.5 632.0 196.7 216.7 508.9 191.1 247.3 622.7 0.0 157.9 584.9 254.5 213.6 316.2 286.5 572.5 473.4 617.2 642.0 658.4 221.4 621.6 106.0 223.8 338.1 627.0 565.1 529.8 510.4 188.3 605.2 609.0 600.9 177.0 536.5 620.7 340.2 602.8 564.7 231.8 528.8 586.7 634.9 668.5 250.3 535.9 577.7 523.0 562.3 536.3 288.1 519.1 159.7 141.7 640.7 560.2 563.0 525.6 620.2 188.7 289.2 580.6 543.8 186.0 211.4 252.7 387.5 602.0 200.2 174.8 538.7 531.8 571.4 215.6 349.5 548.7 227.1 600.3 576.8 117.5 252.5 272.5 281.2 573.3 279.6 357.6 535.4 621.9 580.3 198.5 608.9 546.6 219.8 135.0 558.9 232.3 258.7 560.4 611.7 194.8 214.5
1861.9 428.9 586.3 114.9 684.8 656.3 616.4 220.2 646.1 701.0 582.5 184.8 285.1 589.4 568.8 355.9 598.0 332.8 665.3 608.0 683.0 385.6 623.4 727.9 209.0 579.6 378.5 664.8 567.2 168.4 713.6 191.4 681.7 388.8 693.0 72.5 594.7 637.2 507.6 372.3 297.6 345.4 305.5 161.2 613.5 616.9 243.8 179.2 674.1 81.9 589.7 650.5 175.4 214.5 409.3 273.4 640.6 623.1 351.7 179.7 225.7 177.0 650.1 686.5 627.7 545.5 734.5 208.4 282.9 220.2 590.5 277.8 595.5 542.9 180.8 709.2 238.1 87.8 586.1 297.1 257.6 699.9 138.0 0.0 662.1 359.9 301.0 421.6 363.7 649.7 550.6 694.4 719.2 735.6 92.5 698.8 116.3 311.2 443.5 704.2 642.3 607.0 587.6 198.6 682.4 686.2 678.1 218.4 613.7 697.9 445.6 680.0 641.9 319.2 606.0 663.9 712.1 745.7 337.7 613.1 654.9 600.2 639.5 613.5 375.5 596.3 177.0 152.0 717.9 637.4 640.2 602.8 697.4 199.0 394.6 657.8 621.0 214.3 239.7 340.1 492.9 679.2 287.6 252.0 615.9 609.0 648.6 225.9 454.9 625.9 314.5 677.5 654.0 127.8 339.9 349.7 358.4 650.5 356.8 463.0 612.6 699.1 657.5 69.6 686.1 623.8 307.2 163.3 636.1 338.3 346.1 637.6 688.9 205.1 301.9
2203.1 742.8 257.5 649.7 244.2 254.7 278.3 543.6 123.3 204.2 245.5 642.9 587.3 247.5 139.7 568.3 269.2 641.5 109.6 45.6 177.9 699.5 194.3 231.1 649.1 255.7 633.7 240.9 238.4 563.7 216.8 649.5 184.9 583.0 196.2 669.8 252.8 235.6 821.5 566.5 737.7 568.4 499.7 619.3 284.7 144.8 575.7 637.3 350.2 679.2 160.6 94.8 633.5 582.5 723.2 575.6 143.8 253.0 545.9 547.7 645.9 578.9 127.3 215.6 290.7 221.6 211.7 576.4 544.6 630.0 76.4 591.7 271.6 281.0 638.9 212.4 615.9 685.1 81.3 491.3 667.4 276.0 555.6 626.3 0.0 673.8 543.6 735.5 586.7 248.1 288.7 231.8 222.4 212.8 689.8 274.9 574.4 613.4 757.4 207.4 169.8 283.1 157.4 661.9 108.7 24.0 155.3 596.2 121.3 35.7 759.5 157.2 240.3 611.2 264.1 90.2 215.3 248.9 599.8 184.0 184.0 258.3 308.8 39.6 624.8 259.3 578.9 610.1 394.0 151.0 316.3 103.2 373.5 657.1 708.5 228.7 219.4 654.4 679.8 606.1 806.8 17.0 553.6 475.0 186.7 107.7 319.8 635.7 768.8 288.9 549.7 275.9 325.2 585.9 671.8 572.7 581.8 127.6 680.2 776.9 288.7 202.3 233.6 666.9 163.3 168.2 609.4 603.4 212.2 532.5 601.3 313.7 26.7 663.5 557.1
2004.7 108.6 657.2 334.4 755.7 727.2 687.3 282.0 717.0 771.9 653.4 308.6 250.2 660.3 639.7 361.4 668.9 240.2 736.2 678.9 753.9 65.3 694.3 798.8 351.8 650.5 343.6 735.7 638.1 171.2 784.5 315.2 752.6 353.9 763.9 354.5 665.6 708.1 190.4 337.4 440.4 356.3 270.6 305.0 684.4 687.8 208.9 303.0 745.0 363.9 660.6 721.4 281.1 267.4 89.0 238.5 711.5 694.0 316.8 232.6 300.5 186.4 721.0 757.4 698.6 616.4 805.4 261.3 248.0 237.5 661.4 185.2 666.4 613.8 324.6 780.1 223.4 369.8 657.0 262.2 274.9 770.8 258.5 311.0 733.0 0.0 266.1 101.3 369.2 720.6 621.5 765.3 790.1 806.5 374.5 769.7 260.1 276.3 149.5 775.1 713.2 677.9 658.5 269.4 753.3 757.1 749.0 203.7 684.6 768.8 125.3 750.9 712.8 264.6 676.9 734.8 783.0 816.6 302.8 684.0 725.8 671.1 710.4 684.4 340.6 667.2 186.4 259.1 788.8 708.3 711.1 673.7 768.3 286.1 74.3 728.7 691.9 357.1 382.5 305.2 175.7 750.1 252.7 262.9 686.8 679.9 719.5 243.2 160.9 696.8 279.6 748.4 724.9 208.1 305.0 355.2 369.3 721.4 470.8 142.7 683.5 770.0 728.4 351.6 757.0 694.7 272.3 306.1 707.0 303.4 311.2 708.5 759.8 328.9 267.0
1938.8 302.3 514.9 268.5 613.4 584.9 545.0 234.1 574.7 629.6 511.1 234.5 128.9 518.0 497.4 182.5 526.6 183.1 593.9 536.6 611.3 259.0 552.0 656.5 285.9 508.2 161.3 593.4 496.5 105.3 642.2 249.3 610.3 185.6 621.6 288.6 523.3 565.8 381.0 169.1 374.5 188.0 102.3 239.1 545.2 545.5 107.6 237.1 602.7 298.0 518.3 579.1 215.2 219.5 282.7 117.2 569.2 551.7 148.5 184.7 187.5 120.5 578.7 615.1 556.3 474.1 663.1 213.4 18.1 171.6 519.1 151.2 524.1 471.5 258.7 637.8 157.5 303.9 514.7 93.9 209.0 628.5 210.6 245.1 590.7 233.3 0.0 295.0 200.9 578.3 479.2 623.0 647.8 664.2 308.6 627.4 194.2 155.0 316.9 632.8 570.9 535.6 516.2 203.5 611.0 614.8 606.7 137.8 542.3 626.5 319.0 608.6 570.5 152.8 534.6 592.5 640.7 674.3 56.1 541.7 583.5 528.8 568.1 542.1 93.9 524.9 120.5 193.2 646.5 566.0 568.8 531.4 626.0 220.2 268.0 586.4 549.6 291.2 316.6 89.3 366.3 607.8 50.8 94.6 544.5 537.6 577.2 177.3 328.3 554.5 28.6 606.1 582.6 220.6 203.7 186.9 202.5 579.0 356.2 336.4 541.2 627.7 586.1 285.7 614.7 552.4 151.0 240.2 564.7 135.1 128.9 566.2 617.5 263.3 84.7
2055.0 116.6 707.5 384.7 806.0 777.5 737.6 332.3 767.3 822.2 703.7 350.7 300.5 710.6 690.0 401.1 719.2 290.5 786.5 729.2 803.9 93.3 744.6 849.1 402.1 700.8 393.9 786.0 688.4 221.5 834.8 365.5 802.9 404.2 814.2 404.8 715.9 758.4 175.9 387.7 490.7 406.6 320.9 355.3 737.8 738.1 259.2 353.3 795.3 414.2 710.9 771.7 331.4 317.7 33.9 288.8 761.8 744.3 367.1 282.9 303.7 236.7 771.3 807.7 748.9 666.7 855.7 305.4 298.3 305.3 711.7 235.5 716.7 664.1 374.9 830.4 273.7 420.1 707.3 312.5 325.2 821.1 308.8 361.3 783.3 109.9 316.4 0.0 419.5 770.9 671.8 815.6 840.4 856.8 424.8 820.0 310.4 326.6 135.0 825.4 763.5 728.2 708.8 319.7 803.6 807.4 799.3 256.6 734.9 819.1 133.3 801.2 763.1 314.9 727.2 785.1 833.3 866.9 353.1 734.3 776.1 721.4 760.7 734.7 390.9 717.5 236.7 309.4 839.1 758.6 761.4 724.0 818.6 336.4 16.9 779.0 742.2 407.4 432.8 355.5 161.2 800.4 303.0 313.2 737.1 728.5 769.8 293.5 146.4 747.1 329.9 798.7 775.2 336.8 355.3 405.5 420.0 771.6 521.1 128.2 733.8 820.3 778.7 401.9 807.3 745.0 322.6 356.4 757.3 353.7 361.5 758.8 810.1 379.5 317.3
2038.4 401.9 566.1 368.1 664.6 636.1 596.2 270.8 625.9 680.8 562.3 342.3 228.5 569.2 548.6 5.6 577.8 282.7 645.1 587.8 662.8 358.6 603.2 707.7 385.5 559.4 274.9 644.6 547.0 204.9 693.4 348.9 661.5 64.2 672.8 388.2 574.5 617.0 480.6 47.7 474.1 69.0 85.6 338.7 593.3 596.7 207.2 336.7 653.9 397.6 569.5 630.3 314.8 319.1 382.3 216.8 620.4 602.9 35.3 284.3 334.2 220.1 629.9 666.3 607.5 525.3 714.3 313.0 190.1 271.2 570.3 250.8 575.3 522.7 358.3 689.0 257.1 403.5 565.9 94.0 308.6 679.7 282.8 344.7 641.9 332.9 184.8 394.6 0.0 629.5 530.4 674.2 699.0 715.4 408.2 678.6 293.8 254.6 416.5 684.0 622.1 586.8 567.4 303.1 662.2 666.0 657.9 237.4 593.5 677.7 418.6 659.8 621.7 262.6 585.8 643.7 691.9 725.5 241.0 592.9 634.7 580.0 619.3 593.3 266.0 576.1 220.1 292.8 697.7 617.2 620.0 582.6 677.2 319.8 367.6 637.6 600.8 390.8 416.2 247.3 465.9 659.0 194.8 102.9 595.7 588.8 628.4 276.9 427.9 605.7 190.9 657.3 633.8 241.8 303.3 10.1 82.0 630.3 407.4 436.0 592.4 678.9 637.3 385.3 665.9 603.6 250.6 339.8 615.9 82.7 242.5 617.4 668.7 362.6 198.3
2211.4 751.1 137.1 658.0 339.0 75.7 286.6 551.9 236.1 283.6 253.8 650.5 595.6 255.8 102.8 576.6 148.8 649.8 285.0 190.5 272.7 707.8 172.0 254.5 657.4 264.0 642.0 353.7 118.7 572.0 240.2 657.8 264.3 591.3 275.6 678.1 261.1 16.0 829.8 574.8 746.0 576.7 508.0 627.6 164.3 216.4 584.0 645.6 358.5 687.5 120.3 270.2 641.8 590.8 731.5 583.9 223.2 365.8 554.2 556.0 654.2 587.2 240.1 287.2 299.0 229.9 324.5 584.7 552.9 638.3 162.5 600.0 279.9 289.3 647.2 215.8 624.2 693.4 158.1 499.6 675.7 375.9 563.9 634.6 244.6 682.1 551.9 743.8 595.0 0.0 297.0 189.1 301.8 325.6 698.1 374.8 582.7 621.7 765.7 286.8 241.4 291.4 189.5 670.2 284.1 268.7 268.1 604.5 192.9 280.4 767.8 270.0 61.3 619.5 272.4 265.6 294.7 272.3 608.1 107.8 255.6 266.6 188.4 196.0 633.1 267.6 587.2 618.4 402.3 168.0 324.6 174.8 381.8 665.4 716.8 152.5 34.9 662.7 688.1 614.4 815.1 261.7 561.9 483.3 217.8 179.3 199.4 644.0 777.1 297.2 558.0 27.7 204.8 594.2 680.1 581.0 590.1 240.5 688.5 785.2 297.0 205.7 346.4 675.2 276.1 154.4 617.7 611.7 325.0 540.8 609.6 322.0 271.4 671.8 565.4
2171.6 659.9 233.4 566.8 396.1 303.4 194.5 460.7 293.2 348.1 141.7 560.0 504.4 163.7 215.9 496.0 245.1 558.6 312.4 255.1 330.1 616.6 270.5 375.0 566.2 236.9 550.8 410.8 214.3 480.8 360.7 566.6 328.8 500.1 340.1 586.9 175.4 284.3 738.6 483.6 654.8 485.5 416.8 536.4 260.6 264.0 492.8 554.4 289.9 596.3 236.8 297.6 550.6 499.6 640.3 492.7 287.7 422.9 463.0 464.8 610.1 496.0 297.2 333.6 186.9 222.3 381.6 493.5 466.0 547.1 237.6 508.8 252.8 25.2 556.0 356.3 533.0 602.2 233.2 408.4 584.5 445.9 472.7 543.4 309.2 590.9 460.7 652.6 503.8 296.8 0.0 341.5 366.3 382.7 606.9 444.8 491.5 530.5 674.5 351.3 289.4 222.8 234.7 579.0 329.5 333.3 325.2 513.3 260.8 345.0 676.6 327.1 289.0 538.5 191.8 311.0 359.2 392.8 516.9 260.2 302.0 174.5 286.6 260.6 541.9 155.5 496.0 527.2 333.7 284.5 256.0 249.9 313.2 574.2 625.6 304.9 268.1 571.5 596.9 523.2 723.9 326.3 470.7 392.1 263.0 256.1 295.7 552.8 685.9 185.1 466.8 324.6 301.1 503.0 588.9 489.8 498.5 297.6 597.3 694.0 228.4 346.2 403.5 584.0 333.2 270.9 526.5 520.5 382.1 449.6 518.4 302.7 336.0 580.3 474.2
2267.2 806.9 221.0 713.8 358.7 218.2 342.4 607.7 255.8 185.7 309.6 698.8 651.4 311.6 122.5 632.4 232.7 705.6 279.3 184.8 292.4 763.6 191.7 101.0 713.2 319.8 697.8 264.5 201.9 627.8 73.6 713.6 166.4 647.1 177.7 733.9 316.9 199.1 885.6 630.6 801.8 632.5 563.8 683.4 248.2 236.1 639.8 701.4 414.3 743.3 140.0 264.5 697.6 646.6 787.3 639.7 125.3 320.5 610.0 611.8 710.0 643.0 259.8 306.9 354.8 285.7 297.2 640.5 608.7 694.1 182.2 655.8 335.7 345.1 703.0 62.3 680.0 749.2 177.8 555.4 731.5 278.0 619.7 690.4 238.9 737.9 607.7 799.6 650.8 211.6 352.8 0.0 203.9 298.3 753.9 276.9 638.5 677.5 821.5 188.9 261.1 347.2 248.7 726.0 278.4 263.0 287.8 660.3 212.6 274.7 823.6 289.7 203.8 675.3 328.2 259.9 196.8 118.8 663.9 87.6 275.3 322.4 272.3 190.3 688.9 323.4 643.0 674.2 458.1 108.4 380.4 194.5 437.6 721.2 772.6 42.9 182.9 718.5 743.9 670.2 870.9 256.0 617.7 539.1 280.1 200.7 283.3 699.8 832.9 353.0 613.8 239.4 288.7 650.0 735.9 636.8 645.9 260.2 744.3 841.0 352.8 52.2 257.2 731.0 295.8 124.7 673.5 667.5 278.2 596.6 665.4 377.8 265.7 727.6 621.2
2253.5 793.2 336.5 700.1 295.4 333.7 368.3 594.0 231.7 92.6 335.5 693.3 637.7 337.5 218.7 629.3 348.2 691.9 270.1 175.6 268.6 749.9 291.3 223.4 699.5 345.7 684.1 132.6 317.4 614.1 209.1 699.9 94.9 633.4 45.8 720.2 342.8 314.6 871.9 616.9 788.1 618.8 550.1 669.7 363.7 278.1 626.1 687.7 440.2 729.6 202.2 255.3 683.9 632.9 773.6 626.0 94.5 188.6 596.3 598.1 743.4 629.3 235.7 348.9 380.7 311.6 165.3 626.8 599.3 680.4 209.7 642.1 361.6 371.0 689.3 204.7 666.3 735.5 214.6 541.7 717.8 146.1 606.0 676.7 229.7 724.2 594.0 785.9 637.1 327.1 378.7 224.1 0.0 166.4 740.2 145.0 624.8 663.8 807.8 57.0 303.1 373.1 290.7 712.3 269.2 253.8 263.7 646.6 254.6 265.5 809.9 178.7 319.3 671.8 354.1 250.7 5.8 241.2 650.2 256.1 317.3 348.3 389.7 181.1 675.2 349.3 629.3 660.5 484.0 143.3 406.3 236.5 463.5 707.5 758.9 211.4 298.4 704.8 730.2 656.5 857.2 246.8 604.0 525.4 320.0 242.7 398.8 686.1 819.2 378.9 600.1 354.9 404.2 636.3 722.2 623.1 631.8 206.2 730.6 827.3 378.7 194.6 125.3 717.3 266.9 160.5 659.8 653.8 146.3 582.9 651.7 403.7 256.5 713.6 607.5
2156.3 696.0 309.4 602.9 198.2 379.4 339.5 496.8 156.2 213.3 310.5 596.1 540.5 312.5 291.9 532.1 321.1 594.7 178.8 201.3 214.5 652.7 346.5 344.1 602.3 302.7 586.9 99.3 290.3 516.9 329.8 602.7 215.6 536.2 151.0 623.0 317.8 360.3 774.7 519.7 690.9 521.6 452.9 572.5 336.6 300.5 528.9 590.5 397.2 632.4 312.8 164.0 586.7 535.7 676.4 528.8 215.2 91.4 499.1 500.9 646.2 532.1 142.2 371.3 355.7 268.6 24.3 529.6 502.1 583.2 232.1 544.9 318.6 346.0 592.1 325.4 569.1 638.3 237.0 444.5 620.6 134.4 508.8 579.5 204.9 627.0 496.8 688.7 539.9 372.8 353.7 344.8 212.7 0.0 643.0 133.3 527.6 566.6 710.6 139.8 325.5 330.1 313.1 615.1 195.9 229.0 170.2 549.4 277.0 240.7 712.7 63.5 365.0 574.6 329.1 177.4 205.6 361.9 553.0 336.2 339.7 323.3 362.6 195.3 578.0 324.3 532.1 563.3 441.0 264.0 363.3 258.9 420.5 610.3 661.7 332.1 344.1 607.6 633.0 559.3 760.0 222.0 506.8 428.2 342.4 265.1 371.7 588.9 722.0 353.9 502.9 400.6 377.1 539.1 625.0 525.9 534.6 91.0 633.4 730.1 335.7 315.3 92.0 620.1 151.7 281.2 562.6 556.6 70.6 485.7 554.5 360.7 231.7 616.4 510.3
1901.2 429.2 614.8 154.2 713.3 684.8 644.9 248.7 674.6 729.5 611.0 224.1 324.4 617.9 597.3 384.4 626.5 333.1 693.8 636.5 711.5 385.9 651.9 756.4 248.3 608.1 417.8 693.3 595.7 207.7 742.1 230.7 710.2 388.5 721.5 72.7 623.2 665.7 507.9 372.0 336.9 373.9 305.2 200.5 642.0 645.4 283.1 218.5 702.6 82.1 618.2 679.0 214.7 243.0 409.6 312.7 669.1 651.6 351.4 208.2 265.0 216.3 678.6 715.0 656.2 574.0 763.0 236.9 322.2 259.5 619.0 278.1 624.0 571.4 220.1 737.7 277.4 96.3 614.6 296.8 296.9 728.4 166.5 88.3 690.6 360.2 340.3 421.9 392.2 678.2 579.1 722.9 747.7 764.1 0.0 727.3 155.6 350.5 443.8 732.7 670.8 635.5 616.1 237.9 710.9 714.7 706.6 257.7 642.2 726.4 445.9 708.5 670.4 358.5 634.5 692.4 740.6 774.2 377.0 641.6 683.4 628.7 668.0 642.0 414.8 624.8 216.3 191.3 746.4 665.9 668.7 631.3 725.9 238.3 394.9 686.3 649.5 253.6 279.0 379.4 493.2 707.7 326.9 280.5 644.4 637.5 677.1 265.2 455.2 654.4 353.8 706.0 682.5 167.1 379.2 378.2 386.9 679.0 385.3 463.3 641.1 727.6 686.0 78.1 714.6 652.3 346.5 202.6 664.6 338.0 385.4 666.1 717.4 244.4 341.2
2190.9 730.6 344.0 637.5 232.8 383.5 374.1 531.4 208.8 142.4 345.1 630.7 575.1 347.1 268.5 566.7 355.7 629.3 231.4 225.4 208.1 687.3 341.1 273.2 636.9 337.3 621.5 70.0 324.9 551.5 258.9 637.3 144.7 570.8 80.1 657.6 352.4 364.4 809.3 554.3 725.5 556.2 487.5 607.1 371.2 327.9 563.5 625.1 431.8 667.0 252.0 216.6 621.3 570.3 711.0 563.4 144.3 126.0 533.7 535.5 680.8 566.7 194.8 398.7 390.3 303.2 102.7 564.2 536.7 617.8 259.5 579.5 353.2 380.6 626.7 254.5 603.7 672.9 264.4 479.1 655.2 37.3 543.4 614.1 257.5 661.6 531.4 723.3 574.5 376.9 388.3 273.9 141.8 103.8 677.6 0.0 562.2 601.2 745.2 68.9 352.9 364.7 340.5 649.7 248.5 281.6 222.8 584.0 304.4 293.3 747.3 116.1 369.1 609.2 363.7 230.0 134.7 291.0 587.6 305.9 367.1 357.9 397.2 230.9 612.6 358.9 566.7 597.9 475.6 193.1 397.9 286.3 455.1 644.9 696.3 261.2 348.2 642.2 667.6 593.9 794.6 274.6 541.4 462.8 369.8 292.5 406.3 623.5 756.6 388.5 537.5 404.7 411.7 573.7 659.6 560.5 569.2 143.6 668.0 764.7 370.3 244.4 62.7 654.7 204.3 210.3 597.2 591.2 83.7 520.3 589.1 395.3 284.3 651.0 544.9
1796.3 344.3 601.7 126.0 700.2 671.7 631.8 250.3 661.5 716.4 597.9 74.0 200.5 604.8 584.2 301.1 613.4 248.2 680.7 623.4 698.1 301.0 638.8 743.3 143.4 595.0 293.9 680.2 582.6 83.8 729.0 88.8 697.1 304.2 708.4 146.1 610.1 652.6 423.0 287.7 232.0 306.6 220.9 44.8 632.0 632.3 159.2 76.6 689.5 155.5 605.1 665.9 90.8 235.7 324.7 188.8 656.0 638.5 267.1 200.9 111.5 92.4 665.5 701.9 643.1 560.9 749.9 229.6 194.0 153.1 605.9 193.2 610.9 558.3 64.4 724.6 153.5 161.4 601.5 212.5 173.0 715.3 153.4 102.6 677.5 275.3 216.4 337.0 319.5 665.1 566.0 709.8 734.6 751.0 166.1 714.2 0.0 226.6 358.9 719.6 657.7 622.4 603.0 95.5 697.8 701.6 693.5 136.4 629.1 713.3 361.0 695.4 657.3 224.4 621.4 679.3 727.5 761.1 253.1 628.5 670.3 615.6 653.0 628.9 290.9 611.7 92.4 67.4 733.3 652.8 655.6 618.2 712.8 114.4 310.0 673.2 636.4 148.7 174.1 255.5 408.3 694.6 203.0 213.2 628.5 624.4 664.0 141.3 370.3 641.3 229.9 692.9 669.4 176.1 255.3 305.5 320.0 665.9 372.2 378.4 628.0 714.5 672.9 143.2 701.5 639.9 222.6 97.7 651.5 253.7 261.5 653.0 704.3 102.5 217.3
1976.7 340.2 619.8 306.4 718.3 689.8 649.9 272.0 679.6 734.5 616.0 280.6 63.0 622.9 602.3 298.0 631.5 85.1 698.8 641.5 716.5 296.9 656.9 761.4 323.8 613.1 280.2 698.3 600.7 143.2 747.1 287.2 715.2 290.5 726.5 326.5 628.2 670.7 418.9 274.0 412.4 292.9 207.2 277.0 647.0 650.4 127.5 275.0 707.6 335.9 623.2 684.0 253.1 257.4 320.6 57.7 674.1 656.6 253.4 222.6 272.5 158.4 683.6 720.0 661.2 579.0 768.0 251.3 184.6 209.5 624.0 119.9 629.0 576.4 296.6 742.7 195.4 341.8 619.6 198.8 246.9 733.4 248.5 283.0 695.6 271.2 202.7 332.9 305.8 683.2 584.1 727.9 752.7 769.1 346.5 732.3 232.1 0.0 354.8 737.7 675.8 640.5 621.1 241.4 715.9 719.7 711.6 175.7 647.2 731.4 356.9 713.5 675.4 32.2 639.5 697.4 745.6 779.2 239.4 646.6 688.4 633.7 673.0 647.0 277.2 629.8 158.4 231.1 751.4 670.9 673.7 636.3 730.9 258.1 305.9 691.3 654.5 329.1 354.5 241.8 404.2 712.7 189.3 199.5 649.4 642.5 682.1 215.2 366.2 659.4 216.2 711.0 687.5 180.1 223.6 291.8 305.9 684.0 460.8 374.3 646.1 732.6 691.0 323.6 719.6 657.3 33.8 278.1 669.6 240.0 247.8 671.1 722.4 300.9 203.6
2085.3 146.9 737.8 415.0 836.3 807.8 767.9 362.6 797.6 852.5 734.0 381.0 330.8 740.9 720.3 431.4 749.5 320.8 816.8 759.5 834.2 123.6 774.9 879.4 432.4 731.1 424.2 816.3 718.7 251.8 865.1 395.8 833.2 434.5 844.5 435.1 746.2 788.7 128.2 418.0 521.0 436.9 351.2 385.6 768.1 768.4 289.5 383.6 825.6 444.5 741.2 802.0 361.7 348.0 124.8 319.1 792.1 774.6 397.4 313.2 334.0 267.0 801.6 838.0 779.2 697.0 886.0 341.9 328.6 318.1 742.0 265.8 747.0 694.4 405.2 860.7 304.0 450.4 737.6 342.8 355.5 851.4 339.1 391.6 813.6 140.2 346.7 137.1 449.8 801.2 702.1 845.9 870.7 887.1 455.1 850.3 340.7 356.9 0.0 855.7 793.8 758.5 739.1 350.0 833.9 837.7 829.6 284.3 765.2 849.4 152.1 831.5 793.4 345.2 757.5 815.4 863.6 897.2 383.4 764.6 806.4 751.7 789.1 765.0 421.2 747.8 267.0 339.7 869.4 788.9 791.7 754.3 848.9 366.7 110.1 809.3 772.5 437.7 463.1 385.8 113.5 830.7 333.3 343.5 764.6 760.5 800.1 323.8 11.3 777.4 360.2 829.0 805.5 288.7 385.6 435.8 450.3 801.9 551.4 133.3 764.1 850.6 809.0 432.2 837.6 776.0 352.9 386.7 787.6 384.0 391.8 789.1 840.4 409.5 347.6
2196.4 736.1 317.3 643.0 238.3 314.5 349.1 536.9 212.5 73.4 316.3 636.2 580.6 318.3 199.5 572.2 329.0 634.8 236.9 156.4 249.4 692.8 272.1 204.2 642.4 342.8 627.0 75.5 298.2 557.0 189.9 642.8 75.7 576.3 11.2 663.1 323.6 295.4 814.8 559.8 731.0 561.7 493.0 612.6 344.5 258.9 569.0 630.6 437.3 672.5 183.0 222.1 626.8 575.8 716.5 568.9 75.3 131.5 539.2 541.0 686.3 572.2 200.3 329.7 361.5 308.7 108.2 569.7 542.2 623.3 190.5 585.0 358.7 351.8 632.2 185.5 609.2 678.4 195.4 484.6 660.7 89.0 548.9 619.6 210.5 667.1 536.9 728.8 580.0 307.9 359.5 204.9 72.8 109.3 683.1 87.9 567.7 606.7 750.7 0.0 283.9 370.2 271.5 655.2 250.0 234.6 228.3 589.5 235.4 246.3 752.8 121.6 300.1 614.7 334.9 231.5 65.7 222.0 593.1 236.9 298.1 329.1 370.5 161.9 618.1 330.1 572.2 603.4 481.1 124.1 403.4 217.3 460.6 650.4 701.8 192.2 279.2 647.7 673.1 599.4 800.1 227.6 546.9 468.3 300.8 223.5 379.6 629.0 762.1 359.7 543.0 335.7 385.0 579.2 665.1 566.0 574.7 149.1 673.5 770.2 375.8 175.4 68.2 660.2 209.8 141.3 602.7 596.7 89.2 525.8 594.6 400.8 237.3 656.5 550.4
2165.8 705.5 169.2 612.4 311.3 228.1 241.0 506.3 220.5 254.2 208.2 597.4 550.0 210.2 113.1 531.0 180.9 604.2 206.8 112.3 245.0 662.2 167.7 280.1 611.8 218.4 596.4 338.1 150.8 526.4 265.8 612.2 234.9 545.7 246.2 632.5 215.5 209.0 784.2 529.2 700.4 531.1 462.4 582.0 196.4 41.6 538.4 600.0 312.9 641.9 134.0 192.0 596.2 545.2 688.1 538.3 193.8 350.2 508.6 510.4 608.6 541.6 224.5 93.6 253.4 184.3 308.9 539.1 507.3 592.7 84.3 554.4 234.3 243.7 601.6 261.4 578.6 647.8 79.9 454.0 630.1 346.5 518.3 589.0 166.4 636.5 506.3 698.2 549.4 221.5 251.4 238.7 272.4 310.0 652.5 345.4 537.1 576.1 720.1 257.4 0.0 245.8 34.6 624.6 205.9 190.5 252.5 561.5 38.4 202.2 722.2 254.4 213.7 584.1 226.8 187.4 265.3 297.9 562.5 157.4 62.0 221.0 220.5 117.8 587.5 222.0 541.6 572.8 356.7 181.7 279.0 56.5 336.2 619.8 671.2 202.1 192.8 617.1 642.5 568.8 769.5 183.5 516.3 437.7 64.7 50.3 231.5 598.4 731.5 251.6 512.4 249.3 236.9 641.7 634.5 535.4 545.6 224.9 642.9 739.6 251.4 251.3 330.8 629.6 260.5 168.1 572.1 566.1 309.4 495.2 564.0 276.4 193.2 625.9 519.8
2136.3 676.0 236.5 582.9 399.2 306.5 94.6 476.8 296.3 351.2 126.8 576.1 520.5 123.6 219.0 512.1 248.2 574.7 315.5 258.2 333.2 632.7 273.6 378.1 582.3 104.3 566.9 413.9 217.4 496.9 363.8 582.7 331.9 516.2 343.2 603.0 160.5 287.4 754.7 499.7 670.9 501.6 432.9 552.5 263.7 267.1 508.9 570.5 89.3 612.4 239.9 300.7 566.7 515.7 656.4 508.8 290.8 385.8 479.1 480.9 626.2 512.1 300.3 336.7 172.0 72.9 384.7 509.6 482.1 563.2 240.7 524.9 120.2 180.3 572.1 359.4 549.1 618.3 236.3 424.5 600.6 449.0 488.8 559.5 312.3 607.0 476.8 668.7 519.9 299.9 188.0 344.6 369.4 385.8 623.0 447.9 507.6 546.6 690.6 354.4 292.5 0.0 237.8 595.1 332.6 336.4 328.3 529.4 263.9 348.1 692.7 330.2 292.1 554.6 182.1 314.1 362.3 395.9 533.0 263.3 305.1 134.4 289.7 263.7 558.0 140.6 512.1 543.3 133.1 287.6 57.8 253.0 112.6 590.3 641.7 308.0 271.2 587.6 613.0 539.3 740.0 329.4 486.8 408.2 266.1 259.2 298.8 568.9 702.0 170.2 482.9 327.7 304.2 519.1 605.0 505.9 514.6 300.7 613.4 710.1 22.8 349.3 406.6 600.1 336.3 274.0 542.6 536.6 385.2 465.7 534.5 209.4 339.1 596.4 490.3
2131.1 670.8 134.5 577.7 298.9 204.5 206.3 471.6 208.1 241.8 173.5 570.9 515.3 175.5 100.7 496.3 146.2 569.5 194.4 99.9 232.6 627.5 155.3 267.7 577.1 183.7 561.7 325.7 115.4 491.7 240.3 577.5 222.5 511.0 233.8 597.8 180.8 185.4 749.5 494.5 665.7 496.4 427.7 547.3 161.7 29.2 503.7 565.3 278.2 607.2 121.6 179.6 561.5 510.5 651.2 503.6 181.4 337.8 473.9 475.7 573.9 506.9 212.1 100.4 218.7 149.6 296.5 504.4 472.6 558.0 71.9 519.7 199.6 209.0 566.9 249.0 543.9 613.1 67.5 419.3 595.4 334.1 483.6 554.3 154.0 601.8 471.6 663.5 514.7 197.9 216.7 226.3 260.0 297.6 617.8 333.0 502.4 541.4 685.4 245.0 54.6 211.1 0.0 589.9 193.5 178.1 240.1 524.2 26.0 189.8 687.5 242.0 190.1 539.2 192.1 175.0 252.9 285.5 527.8 145.0 68.8 186.3 185.8 105.4 552.8 187.3 506.9 538.1 322.0 169.3 244.3 44.1 301.5 585.1 636.5 189.7 169.2 582.4 607.8 534.1 734.8 171.1 481.6 403.0 73.6 37.9 196.8 563.7 696.8 216.9 477.7 225.7 202.2 513.9 599.8 500.7 509.8 212.4 608.2 704.9 216.7 238.9 318.4 594.9 248.1 155.7 537.4 531.4 297.0 460.5 529.3 241.7 180.8 591.5 485.1
1874.8 349.8 631.0 204.5 729.5 701.0 661.1 255.8 690.8 745.7 627.2 180.3 206.0 634.1 613.5 317.2 642.7 253.7 710.0 652.7 727.7 306.5 668.1 772.6 221.9 624.3 299.4 709.5 611.9 89.3 758.3 186.9 726.4 309.7 737.7 224.6 639.4 681.9 428.5 293.2 310.5 312.1 226.4 50.6 658.2 661.6 164.7 174.7 718.8 234.0 634.4 695.2 151.2 241.2 330.2 194.3 685.3 667.8 272.6 206.4 31.0 97.9 694.8 731.2 672.4 590.2 779.2 235.1 203.8 141.1 635.2 198.7 640.2 587.6 90.1 753.9 159.0 239.9 630.8 218.0 178.5 744.6 231.9 181.1 706.8 280.8 221.9 342.5 325.0 694.4 595.3 739.1 763.9 780.3 244.6 743.5 98.0 232.1 364.4 748.9 687.0 651.7 632.3 0.0 727.1 730.9 722.8 139.3 658.4 742.6 366.5 724.7 686.6 240.1 650.7 708.6 756.8 790.4 258.6 657.8 699.6 644.9 684.2 658.2 296.4 641.0 97.9 129.2 762.6 682.1 684.9 647.5 742.1 156.2 315.5 702.5 665.7 227.2 252.6 261.0 413.8 723.9 208.5 218.7 660.6 653.7 693.3 146.8 375.8 670.6 235.4 722.2 698.7 78.2 260.8 311.0 325.1 695.2 444.6 383.9 657.3 743.8 702.2 221.7 730.8 668.5 228.1 176.2 680.8 259.2 267.0 682.3 733.6 200.6 222.8
2239.4 779.1 258.3 686.0 202.8 303.5 312.1 579.9 123.6 253.0 279.3 679.2 623.6 281.3 188.5 615.2 270.0 677.8 89.9 94.4 143.2 735.8 243.1 279.9 685.4 289.5 670.0 207.4 239.2 600.0 265.6 685.8 233.7 619.3 259.1 706.1 286.6 284.4 857.8 602.8 774.0 604.7 536.0 655.6 285.5 193.6 612.0 673.6 384.0 715.5 209.4 75.1 669.8 618.8 759.5 611.9 192.6 192.5 582.2 584.0 729.3 615.2 127.6 264.4 324.5 255.4 196.2 612.7 585.2 666.3 125.2 628.0 305.4 314.8 675.2 261.2 652.2 721.4 130.1 527.6 703.7 242.5 591.9 662.6 98.0 710.1 579.9 771.8 623.0 296.9 322.5 280.6 271.2 197.3 726.1 241.4 610.7 649.7 793.7 247.9 218.6 316.9 206.2 698.2 0.0 88.3 155.6 632.5 170.1 119.7 795.8 157.5 289.1 657.7 297.9 18.5 264.1 297.7 636.1 232.8 232.8 292.1 311.5 88.4 661.1 293.1 615.2 646.4 427.8 199.8 350.1 152.0 407.3 693.4 744.8 277.5 268.2 690.7 716.1 642.4 843.1 95.3 589.9 511.3 235.5 158.2 320.6 672.0 805.1 322.7 586.0 324.7 326.0 622.2 708.1 609.0 617.7 128.0 716.5 813.2 322.5 251.1 200.1 703.2 163.6 217.0 645.7 639.7 178.7 568.8 637.6 347.5 110.7 699.5 593.4
2227.2 766.9 281.6 673.8 300.2 278.8 302.4 567.7 147.4 228.3 269.6 667.0 611.4 271.6 163.8 603.0 293.3 665.6 101.7 69.7 202.3 723.6 218.4 255.2 673.2 279.8 657.8 265.0 262.5 587.8 240.9 673.6 209.0 607.1 220.3 693.9 276.9 259.7 845.6 590.6 761.8 592.5 523.8 643.4 308.8 168.9 599.8 661.4 374.3 703.3 184.7 86.9 657.6 606.6 747.3 599.7 167.9 277.1 570.0 571.8 717.1 603.0 151.4 239.7 314.8 245.7 235.8 600.5 573.0 654.1 100.5 615.8 295.7 305.1 663.0 236.5 640.0 709.2 105.4 515.4 691.5 300.1 579.7 650.4 24.0 697.9 567.7 759.6 610.8 272.2 312.8 255.9 246.5 236.9 713.9 299.0 598.5 637.5 781.5 231.5 193.9 307.2 181.5 686.0 97.3 0.0 179.4 620.3 145.4 31.3 783.6 181.3 264.4 645.5 288.2 78.8 239.4 273.0 623.9 208.1 208.1 282.4 334.8 63.7 648.9 283.4 603.0 634.2 418.1 175.1 340.4 127.3 397.6 681.2 732.6 252.8 243.5 678.5 703.9 630.2 830.9 6.9 577.7 499.1 210.8 133.5 343.9 659.8 792.9 313.0 573.8 300.0 349.3 610.0 695.9 596.8 605.5 151.8 704.3 801.0 312.8 226.4 257.7 691.0 187.4 192.3 633.5 627.5 236.3 556.6 625.4 337.8 22.3 687.3 581.2
2258.1 797.8 266.2 704.7 225.8 355.7 320.0 598.6 81.5 295.1 287.2 697.9 642.3 289.2 240.7 633.9 277.9 696.5 124.1 146.6 159.8 754.5 295.3 332.1 704.1 297.4 688.7 181.1 247.1 618.7 317.8 704.5 297.4 638.0 232.8 724.8 294.5 336.6 876.5 621.5 792.7 623.4 554.7 674.3 293.4 245.8 630.7 692.3 391.9 734.2 261.6 109.3 688.5 637.5 778.2 630.6 244.8 193.2 600.9 602.7 748.0 633.9 43.7 316.6 332.4 263.3 151.9 631.4 603.9 685.0 177.4 646.7 313.3 322.7 693.9 313.4 670.9 740.1 182.3 546.3 722.4 216.2 610.6 681.3 150.2 728.8 598.6 790.5 641.7 349.1 330.4 332.8 294.5 153.0 744.8 215.1 629.4 668.4 812.4 221.6 270.8 324.8 258.4 716.9 141.2 174.3 0.0 651.2 222.3 186.0 814.5 97.4 341.3 676.4 305.8 122.7 287.4 349.9 654.8 285.0 285.0 300.0 319.4 140.6 679.8 301.0 633.9 665.1 435.7 252.0 358.0 204.2 415.2 712.1 763.5 329.7 320.4 709.4 734.8 661.1 861.8 167.3 608.6 530.0 287.7 210.4 328.5 690.7 823.8 330.6 604.7 376.9 333.9 640.9 726.8 627.7 636.4 67.9 735.2 831.9 330.4 303.3 173.8 721.9 103.5 269.2 664.4 658.4 152.4 587.5 656.3 355.4 177.0 718.2 612.1
1890.7 320.2 601.4 220.4 699.9 671.4 631.5 226.2 664.4 716.1 597.6 186.4 176.4 604.5 587.1 280.2 613.1 224.1 680.4 623.1 697.8 276.9 638.5 743.0 237.8 594.7 269.8 679.9 583.0 57.2 715.6 201.2 696.8 280.1 708.1 240.5 609.8 652.3 398.9 263.6 326.4 282.5 196.8 191.0 631.7 632.0 138.3 189.0 689.2 249.9 604.8 665.6 167.1 211.6 302.8 164.7 655.7 641.4 243.0 176.8 139.4 72.4 665.2 701.6 642.8 560.6 752.8 199.3 169.9 141.0 605.6 169.1 610.6 558.0 210.6 724.3 63.3 255.8 601.2 188.4 160.9 715.0 247.8 197.0 680.4 251.2 192.3 312.9 295.4 664.8 565.7 712.7 734.3 750.7 260.5 713.9 146.1 202.5 338.0 719.3 657.4 622.1 602.7 155.4 697.5 701.3 693.2 0.0 628.8 713.0 336.9 695.1 657.0 200.3 621.1 679.0 727.2 760.8 232.2 628.2 670.0 615.3 652.7 628.6 266.8 611.4 72.4 145.1 733.0 652.5 658.5 617.9 712.5 172.1 285.9 672.9 636.1 243.1 268.5 231.4 384.2 697.5 178.9 189.1 628.2 622.4 663.7 129.2 346.2 641.0 205.8 692.6 669.1 172.5 231.2 281.4 295.9 665.5 415.0 354.3 627.7 714.2 672.6 240.8 701.2 639.6 201.7 192.1 651.2 232.8 237.4 652.7 704.0 215.2 193.2
2155.3 695.0 170.6 601.9 272.8 189.6 230.5 495.8 182.0 215.7 197.7 595.1 539.5 199.7 74.6 531.1 182.3 593.7 168.3 73.8 206.8 651.7 129.2 241.6 601.3 207.9 585.9 299.6 151.5 515.9 227.3 601.7 196.4 535.2 207.7 622.0 205.0 170.5 773.7 518.7 689.9 520.6 451.9 571.5 197.8 23.4 527.9 589.5 302.4 631.4 95.5 153.5 585.7 534.7 675.4 527.8 155.3 311.7 498.1 499.9 645.2 531.1 186.0 94.2 242.9 173.8 270.4 528.6 501.1 582.2 45.8 543.9 223.8 233.2 591.1 222.9 568.1 637.3 41.4 443.5 619.6 308.0 507.8 578.5 127.9 626.0 495.8 687.7 538.9 183.0 240.9 200.2 233.9 271.5 642.0 306.9 526.6 565.6 709.6 218.9 48.4 235.3 36.0 614.1 167.4 152.0 214.0 548.4 0.0 163.7 711.7 215.9 175.2 573.6 216.3 148.9 226.8 259.4 552.0 118.9 62.6 210.5 223.8 79.3 577.0 211.5 531.1 562.3 346.2 143.2 268.5 18.0 325.7 609.3 660.7 163.6 154.3 606.6 632.0 558.3 759.0 145.0 505.8 427.2 65.3 11.8 232.9 587.9 721.0 241.1 501.9 210.8 238.3 538.1 624.0 524.9 533.6 186.4 632.4 729.1 240.9 212.8 292.3 619.1 222.0 129.6 561.6 555.6 270.9 484.7 553.5 265.9 154.7 615.4 509.3
2229.5 769.2 283.9 676.1 270.6 281.1 304.7 570.0 149.7 230.6 271.9 668.6 613.7 273.9 166.1 594.7 295.6 667.9 136.0 72.0 204.3 725.9 220.7 257.5 675.5 282.1 660.1 267.3 264.8 590.1 243.2 675.9 211.3 609.4 222.6 696.2 279.2 262.0 847.9 592.9 764.1 594.8 526.1 645.7 314.2 171.2 602.1 663.7 376.6 705.6 187.0 121.2 659.9 608.9 749.6 602.0 170.2 279.4 572.3 574.1 672.3 605.3 153.7 242.0 317.1 248.0 238.1 602.8 571.0 656.4 102.8 618.1 298.0 307.4 665.3 238.8 642.3 711.5 107.7 517.7 693.8 302.4 582.0 652.7 26.3 700.2 570.0 761.9 613.1 274.5 315.1 258.2 248.8 239.2 716.2 301.3 600.8 639.8 783.8 233.8 196.2 309.5 183.8 688.3 135.1 41.9 181.7 625.2 147.7 0.0 785.9 183.6 266.7 637.6 290.5 116.6 241.7 275.3 626.2 210.4 210.4 284.7 337.1 66.0 651.2 285.7 605.3 636.5 420.4 177.4 342.7 129.6 399.9 683.5 734.9 255.1 245.8 680.8 706.2 632.5 833.2 34.9 580.0 501.4 213.1 134.1 346.2 662.1 795.2 315.3 576.1 302.3 351.6 705.4 698.2 599.1 608.2 154.1 706.6 803.3 315.1 228.7 260.0 693.3 189.7 193.7 635.8 629.8 238.6 558.9 627.7 340.1 9.3 689.6 583.5
2055.0 13.5 707.5 384.7 806.0 777.5 737.6 332.3 767.3 822.2 703.7 358.9 300.5 710.6 690.0 411.7 719.2 290.5 786.5 729.2 804.2 75.3 744.6 849.1 402.1 700.8 393.9 786.0 688.4 221.5 834.8 365.5 802.9 404.2 814.2 404.8 715.9 758.4 218.4 387.7 490.7 406.6 320.9 355.3 734.7 738.1 259.2 353.3 795.3 414.2 710.9 771.7 331.4 317.7 117.0 288.8 761.8 744.3 367.1 282.9 350.8 236.7 771.3 807.7 748.9 666.7 855.7 311.6 298.3 287.8 711.7 235.5 716.7 664.1 374.9 830.4 273.7 420.1 707.3 312.5 325.2 821.1 308.8 361.3 783.3 109.9 316.4 129.3 419.5 770.9 671.8 815.6 840.4 856.8 424.8 820.0 310.4 326.6 177.5 825.4 763.5 728.2 708.8 319.7 803.6 807.4 799.3 254.0 734.9 819.1 0.0 801.2 763.1 314.9 727.2 785.1 833.3 866.9 353.1 734.3 776.1 721.4 760.7 734.7 390.9 717.5 236.7 309.4 839.1 758.6 761.4 724.0 818.6 336.4 102.3 779.0 742.2 407.4 432.8 355.5 203.7 800.4 303.0 313.2 737.1 730.2 769.8 293.5 188.9 747.1 329.9 798.7 775.2 258.4 355.3 405.5 419.6 771.7 521.1 38.8 733.8 820.3 778.7 401.9 807.3 745.0 322.6 356.4 757.3 353.7 361.5 758.8 810.1 379.2 317.3
2160.6 700.3 313.7 607.2 202.5 346.8 311.1 501.1 92.6 197.6 278.3 600.4 544.8 280.3 231.8 536.4 325.4 599.0 115.2 137.7 150.9 657.0 286.4 328.4 606.6 307.0 591.2 83.6 294.6 521.2 314.1 607.0 199.9 540.5 135.3 627.3 285.6 327.7 779.0 524.0 695.2 525.9 457.2 576.8 340.9 236.9 533.2 594.8 401.5 636.7 252.7 100.4 591.0 540.0 680.7 533.1 199.5 95.7 503.4 505.2 650.5 536.4 78.6 307.7 323.5 272.9 54.4 533.9 506.4 587.5 168.5 549.2 322.9 313.8 596.4 309.7 573.4 642.6 173.4 448.8 624.9 118.7 513.1 583.8 141.3 631.3 501.1 693.0 544.2 340.2 321.5 329.1 197.0 55.5 647.3 117.6 531.9 570.9 714.9 124.1 261.9 334.4 249.5 619.4 132.3 165.4 106.6 553.7 213.4 177.1 717.0 0.0 332.4 578.9 296.9 113.8 189.9 346.2 557.3 276.1 276.1 291.1 366.9 131.7 582.3 292.1 536.4 567.6 445.3 248.3 367.6 195.3 424.8 614.6 666.0 316.4 311.5 611.9 637.3 563.6 764.3 158.4 511.1 432.5 278.8 201.5 376.0 593.2 726.3 321.7 507.2 368.0 381.4 543.4 629.3 530.2 538.9 27.4 637.7 734.4 340.0 299.6 76.3 624.4 88.1 265.5 566.9 560.9 54.9 490.0 558.8 365.0 168.1 620.7 514.6
2203.1 742.8 128.8 649.7 330.7 14.4 278.3 543.6 227.8 275.3 245.5 642.9 587.3 247.5 94.5 568.3 140.5 641.5 276.7 182.2 264.4 699.5 163.7 246.2 649.1 255.7 633.7 345.4 109.7 563.7 218.8 649.5 256.0 583.0 267.3 669.8 252.8 28.3 821.5 566.5 737.7 568.4 499.7 619.3 156.0 208.1 575.7 637.3 350.2 679.2 112.0 261.9 633.5 582.5 723.2 575.6 214.9 357.5 545.9 547.7 645.9 578.9 231.8 278.9 290.7 221.6 316.2 576.4 544.6 630.0 154.2 591.7 271.6 281.0 638.9 207.5 615.9 685.1 149.8 491.3 667.4 367.6 555.6 626.3 236.3 673.8 543.6 735.5 586.7 40.8 288.7 180.8 293.5 317.3 689.8 366.5 574.4 613.4 757.4 278.5 233.1 283.1 181.2 661.9 275.8 260.4 259.8 596.2 184.6 272.1 759.5 261.7 0.0 611.2 264.1 257.3 286.4 264.0 599.8 99.5 247.3 258.3 180.1 187.7 624.8 259.3 578.9 610.1 394.0 159.7 316.3 166.5 373.5 657.1 708.5 144.2 26.6 654.4 679.8 606.1 806.8 253.4 553.6 475.0 209.5 171.0 191.1 635.7 768.8 288.9 549.7 68.6 196.5 585.9 671.8 572.7 581.8 232.2 680.2 776.9 288.7 197.4 338.1 666.9 267.8 146.1 609.4 603.4 316.7 532.5 601.3 313.7 263.1 663.5 557.1
1971.4 329.4 614.5 301.1 713.0 684.5 644.6 266.7 674.3 729.2 610.7 267.1 40.9 617.6 590.1 282.1 626.2 52.8 693.5 636.2 704.0 286.1 651.6 756.1 318.5 607.8 274.9 693.0 596.1 137.9 728.7 281.9 709.9 285.2 721.2 321.2 616.0 665.4 408.1 268.7 407.1 287.6 201.9 271.7 644.8 645.1 122.2 269.7 702.3 330.6 617.9 678.7 247.8 252.1 312.0 55.7 668.8 651.3 248.1 217.3 213.2 153.1 678.3 714.7 649.0 573.7 762.7 239.8 175.0 221.7 618.7 87.6 623.7 571.1 291.3 737.4 190.1 336.5 614.3 193.5 241.6 728.1 243.2 277.7 690.3 260.4 197.4 320.7 300.5 677.9 578.8 722.6 747.4 763.8 341.2 727.0 226.8 42.2 344.0 732.4 670.5 635.2 608.9 236.1 710.6 714.4 706.3 173.0 641.9 726.1 346.1 708.2 670.1 0.0 634.2 692.1 740.3 773.9 234.1 641.3 683.1 628.4 665.8 641.7 265.0 624.5 153.1 225.8 746.1 665.6 668.4 624.1 725.6 252.8 295.1 686.0 649.2 323.8 349.2 236.5 392.0 707.4 184.0 194.2 641.3 635.5 676.8 209.9 354.0 654.1 210.9 705.7 682.2 253.2 211.4 286.5 294.1 678.6 455.5 363.5 640.8 720.4 685.7 318.3 714.3 652.7 21.6 272.8 664.3 234.7 242.5 665.8 717.1 295.9 198.3
2111.8 651.5 182.9 558.4 345.6 252.9 157.5 452.3 242.7 297.6 52.2 551.6 496.0 126.7 165.4 487.6 194.6 550.2 261.9 204.6 279.6 608.2 220.0 324.5 557.8 199.9 542.4 360.3 163.8 472.4 310.2 558.2 278.3 491.7 289.6 578.5 28.5 233.8 730.2 475.2 646.4 477.1 408.4 528.0 210.1 213.5 484.4 546.0 252.9 587.9 186.3 247.1 542.2 491.2 631.9 484.3 237.2 372.4 454.6 456.4 601.7 487.6 246.7 283.1 76.3 185.3 331.1 485.1 457.6 538.7 187.1 500.4 215.8 178.2 547.6 305.8 524.6 593.8 182.7 400.0 576.1 395.4 464.3 535.0 258.7 582.5 452.3 644.2 495.4 246.3 185.9 291.0 315.8 332.2 598.5 394.3 483.1 522.1 666.1 300.8 238.9 185.8 184.2 570.6 279.0 282.8 274.7 504.9 210.3 294.5 668.2 276.6 238.5 530.1 0.0 260.5 308.7 342.3 508.5 209.7 251.5 137.5 236.1 210.1 533.5 81.9 487.6 518.8 296.7 234.0 219.0 199.4 276.2 565.8 617.2 254.4 217.6 563.1 588.5 514.8 715.5 275.8 462.3 383.7 212.5 205.6 245.2 544.4 677.5 74.5 458.4 274.1 250.6 494.6 580.5 481.4 490.1 247.1 588.9 685.6 191.4 295.7 353.0 575.6 282.7 220.4 518.1 512.1 331.6 441.2 510.0 252.2 285.5 571.9 465.8
2257.9 797.6 239.8 704.5 221.3 285.0 293.6 598.4 105.1 234.5 260.8 697.7 642.1 262.8 170.0 633.7 251.5 696.3 71.4 75.9 160.0 754.3 224.6 261.4 703.9 271.0 688.5 222.7 220.7 618.5 247.1 704.3 215.2 637.8 226.5 724.6 268.1 265.9 876.3 621.3 792.5 623.2 554.5 674.1 267.0 175.1 630.5 692.1 365.5 734.0 190.9 56.6 688.3 637.3 778.0 630.4 174.1 234.8 600.7 602.5 747.8 633.7 109.1 245.9 306.0 236.9 193.5 631.2 603.7 684.8 106.7 646.5 286.9 296.3 693.7 242.7 670.7 739.9 111.6 546.1 722.2 257.8 610.4 681.1 79.5 728.6 598.4 790.3 641.5 278.4 304.0 262.1 252.7 194.6 744.6 256.7 629.2 668.2 812.2 263.2 200.1 298.4 187.7 716.7 18.5 69.8 137.1 651.0 151.6 101.2 814.3 139.0 270.6 676.2 279.4 0.0 245.6 279.2 654.6 214.3 214.3 273.6 293.0 69.9 679.6 274.6 633.7 664.9 409.3 181.3 331.6 133.5 388.8 711.9 763.3 259.0 249.7 709.2 734.6 660.9 861.6 76.8 608.4 529.8 217.0 139.7 302.1 690.5 823.6 304.2 604.5 306.2 307.5 640.7 726.6 627.5 636.2 109.5 735.0 831.7 304.0 232.6 215.4 721.7 145.1 198.5 664.2 658.2 194.0 587.3 656.1 329.0 92.2 718.0 611.9
2247.7 787.4 330.7 694.3 289.6 327.9 362.5 588.2 225.9 86.8 329.7 687.5 631.9 331.7 212.9 623.5 342.4 686.1 264.3 169.8 262.8 744.1 285.5 217.6 693.7 339.9 678.3 126.8 311.6 608.3 203.3 694.1 89.1 627.6 40.0 714.4 337.0 308.8 866.1 611.1 782.3 613.0 544.3 663.9 357.9 272.3 620.3 681.9 434.4 723.8 196.4 249.5 678.1 627.1 767.8 620.2 88.7 182.8 590.5 592.3 737.6 623.5 229.9 343.1 374.9 305.8 159.5 621.0 593.5 674.6 203.9 636.3 355.8 365.2 683.5 198.9 660.5 729.7 208.8 535.9 712.0 140.3 600.2 670.9 223.9 718.4 588.2 780.1 631.3 321.3 372.9 218.3 7.0 160.6 734.4 139.2 619.0 658.0 802.0 51.2 297.3 367.3 284.9 706.5 263.4 248.0 257.9 640.8 248.8 259.7 804.1 172.9 313.5 666.0 348.3 244.9 0.0 235.4 644.4 250.3 311.5 342.5 383.9 175.3 669.4 343.5 623.5 654.7 478.2 137.5 400.5 230.7 457.7 701.7 753.1 205.6 292.6 699.0 724.4 650.7 851.4 241.0 598.2 519.6 314.2 236.9 393.0 680.3 813.4 373.1 594.3 349.1 398.4 630.5 716.4 617.3 626.0 200.4 724.8 821.5 372.9 188.8 119.5 711.5 261.1 154.7 654.0 648.0 140.5 577.1 645.9 397.9 250.7 707.8 601.7
2291.6 831.3 245.4 738.2 342.1 242.6 366.8 632.1 239.2 184.0 334.0 730.7 675.8 336.0 146.9 656.8 257.1 730.0 277.6 183.1 275.8 788.0 216.1 8.0 737.6 344.2 722.2 262.8 226.3 652.2 20.5 738.0 164.7 671.5 176.0 758.3 341.3 223.5 910.0 655.0 826.2 656.9 588.2 707.8 272.6 260.5 664.2 725.8 438.7 767.7 164.4 262.8 722.0 671.0 811.7 664.1 123.6 318.8 634.4 636.2 734.4 667.4 243.2 331.3 379.2 310.1 295.5 664.9 633.1 736.0 206.6 680.2 360.1 369.5 727.4 42.6 704.4 773.6 202.2 579.8 755.9 276.3 644.1 714.8 237.2 762.3 632.1 824.0 675.2 236.0 377.2 80.0 202.2 296.6 778.3 275.2 662.9 701.9 845.9 187.2 285.5 371.6 273.1 750.4 276.7 261.3 271.2 684.7 237.0 273.0 848.0 273.1 228.2 699.7 352.6 258.2 195.1 0.0 688.3 112.0 299.7 346.8 296.7 188.6 713.3 347.8 667.4 698.6 482.5 106.7 404.8 218.9 462.0 745.6 797.0 67.3 207.3 742.9 768.3 694.6 895.3 254.3 642.1 563.5 304.5 225.1 307.7 724.2 857.3 377.4 638.2 263.8 313.1 674.4 760.3 661.2 670.3 243.6 768.7 865.4 377.2 32.5 255.5 755.4 279.2 123.0 697.9 691.9 276.5 621.0 689.8 402.2 264.0 752.0 645.6
1997.7 361.2 591.1 327.4 689.6 661.1 621.2 293.0 650.9 705.8 587.3 293.4 187.8 594.2 573.6 258.7 602.8 242.0 670.1 612.8 687.5 317.9 628.2 732.7 344.8 584.4 237.5 669.6 572.0 164.2 705.3 308.2 686.5 261.8 697.8 347.5 599.5 642.0 439.9 245.3 433.4 264.2 178.5 298.0 618.3 621.7 166.5 296.0 678.9 356.9 594.5 655.3 274.1 278.4 341.6 176.1 645.4 627.9 224.7 243.6 246.4 179.4 654.9 691.3 632.5 550.3 739.3 272.3 59.4 248.0 595.3 210.1 600.3 547.7 317.6 714.0 216.4 362.8 590.9 170.1 267.9 704.7 269.5 304.0 666.9 292.2 76.1 353.9 277.1 654.5 555.4 699.2 724.0 740.4 367.5 703.6 253.1 213.9 375.8 709.0 647.1 611.8 592.4 262.4 687.2 691.0 682.9 196.7 618.5 702.7 377.9 684.8 646.7 211.7 610.8 668.7 716.9 750.5 0.0 617.9 659.7 605.0 642.4 618.3 37.7 601.1 179.4 252.1 722.7 642.2 645.0 607.6 702.2 279.1 326.9 662.6 625.8 350.1 375.5 92.7 425.2 684.0 87.5 170.8 617.9 612.1 653.4 236.2 387.2 630.7 102.8 682.3 658.8 201.1 262.6 263.1 277.6 655.2 432.4 395.3 617.4 703.9 662.3 344.6 690.9 628.6 209.9 299.1 640.9 211.3 205.1 642.4 693.7 321.9 160.9
2179.5 719.2 133.3 626.1 271.0 130.5 254.7 520.0 168.1 215.6 221.9 619.3 563.7 223.9 34.8 555.3 145.0 617.9 217.0 122.5 205.0 675.9 104.0 146.6 625.5 232.1 610.1 285.7 114.2 540.1 132.3 625.9 196.3 559.4 207.6 646.2 229.2 111.4 797.9 542.9 714.1 544.8 476.1 595.7 160.5 148.4 552.1 613.7 326.6 655.6 52.3 202.2 609.9 558.9 699.6 552.0 155.2 297.8 522.3 524.1 669.4 555.3 172.1 219.2 267.1 198.0 256.5 552.8 525.3 606.4 94.5 568.1 248.0 257.4 615.3 107.9 592.3 661.5 90.1 467.7 643.8 307.9 532.0 602.7 176.6 650.2 520.0 711.9 563.1 123.9 265.1 81.2 233.8 257.6 666.2 306.8 550.8 589.8 733.8 218.8 173.4 259.5 161.0 638.3 216.1 200.7 200.1 572.6 124.9 212.4 735.9 202.0 116.1 597.8 240.5 197.6 226.7 164.4 576.2 0.0 187.6 234.7 186.5 128.0 601.2 235.7 555.3 586.5 370.4 100.0 292.7 106.8 349.9 633.5 684.9 44.6 95.2 630.8 656.2 582.5 783.2 193.7 530.0 451.4 190.3 113.0 195.6 612.1 745.2 265.3 526.1 151.7 201.0 562.3 648.2 549.1 557.8 172.5 656.6 753.3 265.1 97.8 278.4 643.3 208.1 86.4 585.8 579.8 257.0 508.9 577.7 290.1 203.4 639.6 533.5
2182.3 722.0 185.7 628.9 356.2 255.7 257.5 522.8 265.4 299.1 224.7 622.1 566.5 226.7 158.0 558.1 197.4 620.7 251.7 157.2 290.2 678.7 212.6 325.0 628.3 234.9 612.9 383.0 166.6 542.9 310.7 628.7 279.8 562.2 291.1 649.0 232.0 236.6 800.7 545.7 716.9 547.6 478.9 598.5 212.9 86.5 554.9 616.5 329.4 658.4 178.9 236.9 612.7 561.7 702.4 554.8 238.7 395.1 525.1 526.9 672.2 558.1 269.4 27.1 269.9 200.8 353.8 555.6 528.1 609.2 129.2 570.9 250.8 260.2 618.1 306.3 595.1 664.3 124.8 470.5 646.6 391.4 534.8 605.5 211.3 653.0 522.8 714.7 565.9 249.1 267.9 283.6 317.3 354.9 669.0 390.3 553.6 592.6 736.6 302.3 72.7 262.3 79.5 641.1 250.8 235.4 297.4 575.4 83.3 247.1 738.7 299.3 241.3 600.6 243.3 232.3 310.2 342.8 579.0 202.3 0.0 237.5 238.9 162.7 604.0 238.5 558.1 589.3 373.2 226.6 295.5 101.4 352.7 636.3 687.7 247.0 220.4 633.6 659.0 585.3 786.0 228.4 532.8 454.2 45.2 95.2 248.0 614.9 748.0 268.1 528.9 276.9 253.4 565.1 651.0 551.9 560.6 269.8 659.4 756.1 267.9 296.2 375.7 646.1 305.4 213.0 588.6 582.6 354.3 511.7 580.5 292.9 238.1 642.4 536.3
2120.2 659.9 191.3 566.8 354.0 261.3 89.2 460.7 251.1 306.0 81.6 560.0 504.4 7.5 173.8 496.0 203.0 558.6 270.3 213.0 288.0 616.6 228.4 332.9 566.2 131.6 550.8 368.7 172.2 480.8 318.6 566.6 286.7 500.1 298.0 586.9 115.3 242.2 738.6 483.6 654.8 485.5 416.8 536.4 218.5 221.9 492.8 554.4 184.6 596.3 194.7 255.5 550.6 499.6 640.3 492.7 245.6 380.8 463.0 464.8 610.1 496.0 255.1 291.5 126.8 117.0 339.5 493.5 466.0 547.1 195.5 508.8 147.5 135.1 556.0 314.2 533.0 602.2 191.1 408.4 584.5 403.8 472.7 543.4 267.1 590.9 460.7 652.6 503.8 254.7 142.8 299.4 324.2 340.6 606.9 402.7 491.5 530.5 674.5 309.2 247.3 117.5 192.6 579.0 287.4 291.2 283.1 513.3 218.7 302.9 676.6 285.0 246.9 538.5 136.9 268.9 317.1 350.7 516.9 218.1 259.9 0.0 244.5 218.5 541.9 95.4 496.0 527.2 228.4 242.4 150.7 207.8 207.9 574.2 625.6 262.8 226.0 571.5 596.9 523.2 723.9 284.2 470.7 392.1 220.9 214.0 253.6 552.8 685.9 125.0 466.8 282.5 259.0 503.0 588.9 489.8 498.5 255.5 597.3 694.0 123.1 304.1 361.4 584.0 291.1 228.8 526.5 520.5 340.0 449.6 518.4 253.5 293.9 580.3 474.2
2190.3 730.0 49.8 636.9 347.8 159.6 265.5 530.8 243.3 298.2 232.7 621.9 572.9 234.7 146.5 553.9 80.3 628.7 264.1 235.8 281.5 686.7 217.3 299.8 636.3 242.9 620.9 362.5 49.5 550.9 272.4 635.1 280.5 568.6 290.2 657.0 240.0 138.9 808.7 553.7 724.9 555.6 486.9 606.5 80.1 197.7 561.3 624.5 337.4 666.4 165.6 249.3 620.7 569.7 712.6 562.8 239.4 373.0 531.5 534.9 633.1 564.5 248.9 265.7 276.3 208.8 331.7 557.4 531.8 634.7 207.8 578.9 258.8 268.2 624.5 261.1 603.1 672.3 203.4 478.5 654.6 397.6 542.8 613.5 288.3 661.0 529.2 721.1 573.9 153.0 275.9 232.8 318.0 334.4 677.0 396.5 560.0 600.6 744.6 303.0 221.5 270.3 168.4 649.1 281.2 314.0 276.9 586.0 194.5 324.1 746.7 278.8 145.2 598.4 251.3 262.7 310.9 316.0 585.4 153.1 235.7 245.5 0.0 241.3 610.4 244.9 566.1 595.7 381.2 211.7 301.9 211.0 360.7 644.3 695.7 197.8 124.3 641.6 667.0 593.3 792.4 305.4 540.8 462.2 193.9 208.1 9.0 621.3 754.4 276.1 536.9 180.8 88.3 666.2 657.4 559.9 568.5 249.2 667.4 764.1 274.3 249.4 355.2 652.5 284.9 200.4 595.0 590.6 332.2 518.1 588.5 299.3 316.7 650.7 544.3
2163.4 703.1 217.8 610.0 223.5 215.0 238.6 503.9 102.6 164.5 205.8 603.2 547.6 207.8 100.0 539.2 229.5 601.8 88.9 6.0 157.5 659.8 154.6 191.4 609.4 216.0 594.0 220.2 198.7 524.0 177.1 609.8 145.2 543.3 156.5 630.1 213.1 195.9 781.8 526.8 698.0 528.7 460.0 579.6 245.0 105.1 536.0 597.6 310.5 639.5 120.9 74.1 593.8 542.8 683.5 535.9 104.1 232.3 506.2 508.0 653.3 539.2 106.6 175.9 251.0 181.9 191.0 536.7 509.2 590.3 36.7 552.0 231.9 241.3 599.2 172.7 576.2 645.4 41.6 451.6 627.7 255.3 515.9 586.6 48.5 634.1 503.9 695.8 547.0 208.4 249.0 192.1 182.7 192.1 650.1 254.2 534.7 573.7 717.7 167.7 130.1 243.4 117.7 622.2 88.0 72.6 134.6 556.5 81.6 84.3 719.8 136.5 200.6 581.7 224.4 69.5 175.6 209.2 560.1 144.3 144.3 218.6 271.0 0.0 585.1 219.6 539.2 570.4 354.3 111.3 276.6 63.5 333.8 617.4 668.8 189.0 179.7 614.7 640.1 566.4 767.1 65.6 513.9 435.3 147.0 69.7 280.1 596.0 729.1 249.2 510.0 236.2 285.5 546.2 632.1 533.0 541.7 107.0 640.5 737.2 249.0 162.6 212.9 627.2 142.6 128.5 569.7 563.7 191.5 492.8 561.6 274.0 75.3 623.5 517.4
2035.5 399.0 625.2 365.2 723.7 695.2 655.3 330.8 685.0 739.9 621.4 331.2 225.6 628.3 607.7 292.8 636.9 279.8 704.2 646.9 721.6 355.7 662.3 766.8 382.6 618.5 271.6 703.7 606.8 202.0 752.5 346.0 720.6 295.9 731.9 385.3 633.6 676.1 477.7 279.4 471.2 298.3 212.6 335.8 652.4 655.8 204.3 333.8 713.0 394.7 628.6 689.4 311.9 316.2 379.4 213.9 679.5 662.0 258.8 281.4 284.2 217.2 689.0 725.4 666.6 584.4 773.4 310.1 97.2 268.3 629.4 247.9 634.4 581.8 355.4 748.1 254.2 400.6 625.0 204.2 305.7 738.8 307.3 341.8 701.0 330.0 103.1 391.7 311.2 688.6 589.5 733.3 758.1 774.5 405.3 737.7 290.9 251.7 413.6 743.1 681.2 645.9 626.5 300.2 721.3 725.1 717.0 234.5 652.6 736.8 415.7 718.9 680.8 249.5 644.9 702.8 751.0 784.6 37.7 652.0 693.8 639.1 676.5 652.4 0.0 635.2 217.2 289.9 756.8 676.3 679.1 641.7 736.3 316.9 364.7 696.7 659.9 387.9 413.3 130.5 463.0 718.1 125.3 204.9 652.0 646.2 687.5 274.0 425.0 664.8 65.0 716.4 692.9 317.3 300.4 297.2 311.7 689.4 466.5 433.1 651.5 738.0 696.4 382.4 725.0 662.7 247.7 336.9 675.0 245.4 239.2 676.5 727.8 360.0 195.0
2114.8 654.5 185.9 561.4 348.6 255.9 129.0 455.3 245.7 300.6 19.6 553.9 499.0 98.2 168.4 480.0 197.6 553.2 264.9 207.6 282.3 611.2 223.0 327.5 560.8 171.4 545.4 363.3 166.8 475.4 313.2 561.2 281.3 494.7 292.6 581.5 53.3 236.8 733.2 478.2 649.4 480.1 411.4 531.0 216.2 216.5 487.4 549.0 224.4 590.9 189.3 250.1 545.2 494.2 634.9 487.3 240.2 375.4 457.6 459.4 557.6 490.6 249.7 286.1 64.8 156.8 334.1 488.1 456.3 541.7 190.1 503.4 187.3 149.7 550.6 308.8 527.6 596.8 185.7 403.0 579.1 398.4 467.3 538.0 261.7 585.5 455.3 647.2 498.4 249.3 157.4 294.0 318.8 335.2 601.5 397.3 486.1 525.1 669.1 303.8 241.9 157.3 187.2 573.6 282.0 285.8 277.7 507.9 213.3 297.5 671.2 279.6 241.5 522.9 74.9 263.5 311.7 345.3 511.5 212.7 254.5 109.0 237.2 213.1 536.5 0.0 490.6 521.8 268.2 237.0 190.5 202.4 247.7 568.8 620.2 257.4 220.6 566.1 591.5 517.8 718.5 278.8 465.3 386.7 212.7 208.6 248.2 547.4 680.5 63.0 461.4 277.1 253.6 497.6 583.5 484.4 493.5 250.1 591.9 688.6 162.9 298.7 356.0 578.6 285.7 224.1 521.1 515.1 334.6 444.2 513.0 255.2 288.5 574.9 468.8
1921.0 327.5 608.7 250.7 707.2 678.7 638.8 233.5 668.5 723.4 604.9 224.9 183.7 611.8 591.2 294.9 620.4 231.4 687.7 630.4 705.4 284.2 645.8 750.3 268.1 602.0 277.1 687.2 589.6 87.5 736.0 231.5 704.1 287.4 715.4 270.8 617.1 659.6 406.2 270.9 356.7 289.8 204.1 221.3 635.9 639.3 142.4 219.3 696.5 280.2 612.1 672.9 197.4 218.9 307.9 172.0 663.0 645.5 250.3 184.1 216.8 102.7 672.5 708.9 650.1 567.9 756.9 212.8 181.5 153.8 612.9 176.4 617.9 565.3 240.9 731.6 139.7 286.1 608.5 195.7 191.2 722.3 210.0 227.3 684.5 258.5 199.6 320.2 302.7 672.1 573.0 716.8 741.6 758.0 290.8 721.2 176.4 209.8 342.1 726.6 664.7 629.4 610.0 185.7 704.8 708.6 700.5 120.0 636.1 720.3 344.2 702.4 664.3 217.8 628.4 686.3 734.5 768.1 236.3 635.5 677.3 622.6 661.9 635.9 274.1 618.7 0.0 175.4 740.3 659.8 662.6 625.2 719.8 202.4 293.2 680.2 643.4 273.4 298.8 238.7 391.5 701.6 186.2 196.4 638.3 631.4 671.0 159.5 353.5 648.3 213.1 699.9 676.4 124.4 238.5 288.7 302.8 672.9 422.3 361.6 635.0 721.5 679.9 267.9 708.5 646.2 205.8 222.4 658.5 236.9 244.7 660.0 711.3 245.2 200.5
1835.2 346.5 640.6 164.9 739.1 710.6 670.7 252.5 700.4 755.3 636.8 130.9 202.7 643.7 623.1 303.3 652.3 250.4 719.6 662.3 737.0 303.2 677.7 782.2 182.3 633.9 296.1 719.1 621.5 86.0 754.8 145.7 736.0 306.4 747.3 185.0 649.0 691.5 425.2 289.9 270.9 308.8 223.1 135.5 667.8 671.2 161.4 133.5 728.4 194.4 644.0 704.8 99.9 237.9 326.9 191.0 694.9 677.4 269.3 203.1 100.2 94.6 704.4 740.8 682.0 599.8 788.8 225.6 196.2 137.8 644.8 195.4 649.8 597.2 155.1 763.5 155.7 200.3 640.4 214.7 175.2 754.2 192.3 141.5 716.4 277.5 218.6 339.2 321.7 704.0 604.9 748.7 773.5 789.9 205.0 753.1 90.6 228.8 361.1 758.5 696.6 661.3 641.9 116.2 736.7 740.5 732.4 136.0 668.0 752.2 363.2 734.3 696.2 226.6 660.3 718.2 766.4 800.0 255.3 667.4 709.2 654.5 691.9 667.8 293.1 650.6 94.6 0.0 772.2 691.7 694.5 657.1 751.7 98.6 312.2 712.1 675.3 187.6 213.0 257.7 410.5 733.5 205.2 215.4 667.4 661.6 702.9 143.5 372.5 680.2 232.1 731.8 708.3 133.3 257.5 307.7 322.2 704.8 411.1 380.6 666.9 753.4 711.8 182.1 740.4 678.1 224.8 136.6 690.4 255.9 263.7 691.9 743.2 159.7 219.5
2176.2 715.9 276.4 622.8 439.1 346.4 134.5 516.7 336.2 391.1 166.7 616.0 560.4 163.5 258.9 552.0 288.1 614.6 355.4 298.1 373.1 672.6 313.5 418.0 622.2 144.2 606.8 453.8 257.3 536.8 403.7 622.6 371.8 556.1 383.1 642.9 200.4 327.3 794.6 539.6 710.8 541.5 472.8 592.4 303.6 307.0 548.8 610.4 20.0 652.3 279.8 340.6 606.6 555.6 696.3 548.7 330.7 425.7 519.0 520.8 666.1 552.0 340.2 376.6 211.9 112.8 424.6 549.5 522.0 603.1 280.6 564.8 160.1 220.2 612.0 399.3 589.0 658.2 276.2 464.4 640.5 488.9 528.7 599.4 352.2 646.9 516.7 708.6 559.8 339.8 227.9 384.5 409.3 425.7 662.9 487.8 547.5 586.5 730.5 394.3 332.4 82.1 277.7 635.0 372.5 376.3 368.2 569.3 303.8 388.0 732.6 370.1 332.0 594.5 222.0 354.0 402.2 435.8 572.9 303.2 345.0 174.3 329.6 303.6 597.9 180.5 552.0 583.2 0.0 327.5 97.3 292.9 9.4 630.2 681.6 347.9 311.1 627.5 652.9 579.2 779.9 369.3 526.7 448.1 306.0 299.1 338.7 608.8 741.9 210.1 522.8 367.6 344.1 559.0 644.9 545.8 554.5 340.6 653.3 750.0 87.7 389.2 446.5 640.0 376.2 313.9 582.5 576.5 425.1 505.6 574.4 249.3 379.0 636.3 530.2
2203.4 743.1 193.1 650.0 273.6 190.3 278.6 543.9 170.7 115.5 245.8 635.0 587.6 247.8 75.3 568.6 204.8 641.8 209.1 114.6 207.3 699.8 147.9 98.3 649.4 256.0 634.0 194.3 174.7 564.0 84.0 649.8 96.2 583.3 107.5 670.1 253.1 171.2 821.8 566.8 738.0 568.7 500.0 619.6 220.3 172.3 576.0 637.6 350.5 679.5 58.8 194.3 633.8 582.8 723.5 575.9 55.1 250.3 546.2 548.0 646.2 579.2 174.7 243.1 291.0 221.9 227.0 576.7 544.9 630.3 118.4 592.0 271.9 281.3 639.2 79.6 616.2 685.4 114.0 491.6 667.7 207.8 555.9 626.6 168.7 674.1 543.9 735.8 587.0 183.7 289.0 99.0 133.7 228.1 690.1 206.7 574.7 613.7 757.7 118.7 197.3 283.4 184.9 662.2 208.2 192.8 202.7 596.5 148.8 204.5 759.8 204.6 175.9 611.5 264.4 189.7 126.6 116.1 600.1 119.6 211.5 258.6 244.4 120.1 625.1 259.6 579.2 610.4 394.3 0.0 316.6 130.7 373.8 657.4 708.8 86.3 155.0 654.7 680.1 606.4 807.1 185.8 553.9 475.3 216.3 136.9 255.4 636.0 769.1 289.2 550.0 211.5 260.8 586.2 672.1 573.0 582.1 175.0 680.5 777.2 289.0 69.5 187.0 667.2 210.7 16.2 609.7 603.7 208.0 532.8 601.6 314.0 195.5 663.8 557.4
2190.9 730.6 291.1 637.5 453.8 361.1 149.2 531.4 350.9 405.8 181.4 630.0 575.1 178.2 273.6 556.1 302.8 629.3 370.1 312.8 387.5 687.3 328.2 432.7 636.9 158.9 621.5 468.5 272.0 551.5 418.4 637.3 386.5 570.8 397.8 657.6 215.1 342.0 809.3 554.3 725.5 556.2 487.5 607.1 321.4 321.7 563.5 625.1 136.9 667.0 294.5 355.3 621.3 570.3 713.2 563.4 345.4 440.4 533.7 535.5 633.7 566.7 354.9 391.3 226.6 127.5 439.3 564.2 536.7 617.8 295.3 579.5 174.8 234.9 626.7 414.0 603.7 672.9 290.9 479.1 655.2 503.6 543.4 614.1 366.9 661.6 531.4 723.3 574.5 354.5 242.6 399.2 424.0 440.4 677.6 502.5 562.2 601.2 745.2 409.0 347.1 54.5 292.4 649.7 387.2 391.0 382.9 584.0 318.5 402.7 747.3 384.8 346.7 609.2 236.7 368.7 416.9 450.5 587.6 317.9 359.7 189.0 344.3 318.3 612.6 195.2 566.7 597.9 180.7 342.2 0.0 307.6 160.2 644.9 696.3 362.6 325.8 642.2 667.6 593.9 794.6 384.0 541.4 462.8 320.7 312.1 353.4 623.5 756.6 224.8 537.5 382.3 358.8 666.8 659.6 560.5 570.7 355.2 668.0 764.7 77.4 403.9 461.2 654.7 390.9 328.6 597.2 591.2 439.8 520.3 589.1 264.0 393.7 651.0 544.9
2137.2 676.9 174.3 583.8 254.7 171.5 212.4 477.7 163.9 197.6 179.6 576.3 521.4 181.6 56.5 502.4 186.0 575.6 150.2 55.7 188.4 633.6 111.1 223.5 583.2 189.8 567.8 281.5 155.2 497.8 209.2 583.6 178.3 517.1 189.6 603.9 186.9 152.4 755.6 500.6 671.8 502.5 433.8 553.4 201.5 41.5 509.8 571.4 284.3 613.3 77.4 135.4 567.6 516.6 657.3 509.7 137.2 293.6 480.0 481.8 580.0 513.0 167.9 112.3 224.8 155.7 252.3 504.3 483.0 564.1 27.7 525.8 205.7 215.1 573.0 204.8 550.0 619.2 23.3 425.4 601.5 289.9 489.7 560.4 109.8 607.9 477.7 669.6 520.8 164.9 222.8 182.1 215.8 253.4 623.9 288.8 508.5 547.5 691.5 200.8 66.5 217.2 54.1 596.0 149.3 133.9 195.9 530.3 18.0 145.6 693.6 197.8 157.1 545.3 198.2 130.8 208.7 241.3 533.9 100.8 80.7 192.4 225.6 61.2 558.9 193.4 513.0 544.2 328.1 125.1 250.4 0.0 307.6 591.2 642.6 145.5 136.2 588.5 613.9 540.2 740.9 126.9 487.7 409.1 83.4 4.4 236.6 569.8 702.9 223.0 483.8 192.7 242.0 520.0 605.9 506.8 515.9 168.3 614.3 711.0 222.8 194.7 274.2 601.0 203.9 112.2 543.5 537.5 252.8 466.6 535.4 247.8 136.6 597.6 491.2
2166.8 706.5 267.0 613.4 429.7 337.0 125.1 507.3 326.8 381.7 157.3 606.6 551.0 154.1 249.5 542.6 278.7 605.2 346.0 288.7 363.7 663.2 304.1 408.6 612.8 134.8 597.4 444.4 247.9 527.4 394.3 613.2 362.4 546.7 373.7 633.5 191.0 317.9 785.2 530.2 701.4 532.1 463.4 583.0 294.2 297.6 539.4 601.0 10.6 642.9 270.4 331.2 597.2 546.2 686.9 539.3 321.3 416.3 509.6 511.4 656.7 542.6 330.8 367.2 202.5 103.4 415.2 540.1 512.6 593.7 271.2 555.4 150.7 210.8 602.6 389.9 579.6 648.8 266.8 455.0 631.1 479.5 519.3 590.0 342.8 637.5 507.3 699.2 550.4 330.4 218.5 375.1 399.9 416.3 653.5 478.4 538.1 577.1 721.1 384.9 323.0 72.7 268.3 625.6 363.1 366.9 358.8 559.9 294.4 378.6 723.2 360.7 322.6 585.1 212.6 344.6 392.8 426.4 563.5 293.8 335.6 164.9 320.2 294.2 588.5 171.1 542.6 573.8 20.5 318.1 87.9 283.5 0.0 620.8 672.2 338.5 301.7 618.1 643.5 569.8 770.5 359.9 517.3 438.7 296.6 289.7 329.3 599.4 732.5 200.7 513.4 358.2 334.7 549.6 635.5 536.4 545.1 331.2 643.9 740.6 78.3 379.8 437.1 630.6 366.8 304.5 573.1 567.1 415.7 496.2 565.0 239.9 369.6 626.9 520.8
1866.1 397.4 671.5 195.8 770.0 741.5 701.6 305.4 731.3 786.2 667.7 170.0 253.6 674.6 654.0 364.8 683.2 301.3 750.5 693.2 768.2 354.1 708.6 813.1 213.2 664.8 347.0 750.0 652.4 136.9 798.8 176.6 766.9 357.3 778.2 215.9 679.9 722.4 476.1 340.8 301.8 359.7 274.0 166.4 698.7 702.1 212.3 164.4 759.3 225.3 674.9 735.7 59.0 299.7 377.8 241.9 725.8 708.3 320.2 264.9 198.2 145.5 735.3 771.7 712.9 630.7 819.7 293.6 251.4 188.7 675.7 246.3 680.7 628.1 186.0 794.4 206.6 231.2 671.3 265.6 226.1 785.1 223.2 172.4 747.3 328.4 269.5 390.1 372.6 734.9 635.8 779.6 804.4 820.8 235.9 784.0 121.5 279.7 412.0 789.4 727.5 692.2 672.8 167.1 767.6 771.4 763.3 186.9 698.9 783.1 414.1 765.2 727.1 287.7 691.2 749.1 797.3 830.9 306.2 698.3 740.1 685.4 724.7 698.7 344.0 681.5 145.5 102.5 803.1 722.6 725.4 688.0 782.6 0.0 363.1 743.0 706.2 218.5 243.9 308.6 461.4 764.4 256.1 266.3 701.1 694.2 733.8 194.4 423.4 711.1 283.0 762.7 739.2 96.3 308.4 358.6 372.7 735.7 442.0 431.5 697.8 784.3 742.7 213.0 771.3 709.0 275.7 167.5 721.3 306.8 314.6 722.8 774.1 190.3 270.4
2038.0 99.6 690.5 367.7 789.0 760.5 720.6 315.3 750.3 805.2 686.7 341.9 283.5 693.6 673.0 394.7 702.2 273.5 769.5 712.2 787.2 76.3 727.6 832.1 385.1 683.8 376.9 769.0 671.4 204.5 817.8 348.5 785.9 387.2 797.2 387.8 698.9 741.4 158.9 370.7 473.7 389.6 303.9 338.3 717.7 721.1 242.2 336.3 778.3 397.2 693.9 754.7 314.4 300.7 16.9 271.8 744.8 727.3 350.1 265.9 333.8 219.7 754.3 790.7 731.9 649.7 838.7 294.6 281.3 270.8 694.7 218.5 699.7 647.1 357.9 813.4 256.7 403.1 690.3 295.5 308.2 804.1 291.8 344.3 766.3 92.9 299.4 26.9 402.5 753.9 654.8 798.6 823.4 839.8 407.8 803.0 293.4 309.6 118.0 808.4 746.5 711.2 691.8 302.7 786.6 790.4 782.3 237.0 717.9 802.1 116.3 784.2 746.1 297.9 710.2 768.1 816.3 849.9 336.1 717.3 759.1 704.4 743.7 717.7 373.9 700.5 219.7 292.4 822.1 741.6 744.4 707.0 801.6 319.4 0.0 762.0 725.2 390.4 415.8 338.5 144.2 783.4 286.0 296.2 720.1 713.2 752.8 276.5 129.4 730.1 312.9 781.7 758.2 241.4 338.3 388.5 402.6 754.7 504.1 111.2 716.8 803.3 761.7 384.9 790.3 728.0 305.6 339.4 740.3 336.7 344.5 741.8 793.1 362.2 300.3
2224.2 763.9 178.0 670.8 315.7 175.2 299.4 564.7 212.8 186.6 266.6 664.0 608.4 268.6 79.5 600.0 189.7 662.6 261.7 167.2 249.7 720.6 148.7 101.9 670.2 276.8 654.8 265.4 158.9 584.8 87.6 670.6 167.3 604.1 178.6 690.9 273.9 156.1 842.6 587.6 758.8 589.5 520.8 640.4 205.2 193.1 596.8 658.4 371.3 700.3 97.0 246.9 654.6 603.6 744.3 596.7 126.2 321.4 567.0 568.8 714.1 600.0 216.8 263.9 311.8 242.7 298.1 597.5 570.0 651.1 139.2 612.8 292.7 302.1 660.0 63.2 637.0 706.2 134.8 512.4 688.5 278.9 576.7 647.4 221.3 694.9 564.7 756.6 607.8 168.6 309.8 36.5 204.8 299.2 710.9 277.8 595.5 634.5 778.5 189.8 218.1 304.2 205.7 683.0 260.8 245.4 244.8 617.3 169.6 257.1 780.6 246.7 160.8 642.5 285.2 242.3 197.7 119.7 620.9 44.6 232.3 279.4 231.2 172.7 645.9 280.4 600.0 631.2 415.1 109.3 337.4 151.5 394.6 678.2 729.6 0.0 139.9 675.5 700.9 627.2 827.9 238.4 574.7 496.1 235.0 157.7 240.3 656.8 789.9 310.0 570.8 196.4 245.7 607.0 692.9 593.8 602.5 217.2 701.3 798.0 309.8 53.1 258.1 688.0 252.8 126.5 630.5 624.5 279.1 553.6 622.4 334.8 248.1 684.3 578.2
2176.4 716.1 102.1 623.0 304.0 35.2 251.6 516.9 201.1 248.6 218.8 616.2 560.6 220.8 67.8 552.2 113.8 614.8 250.0 155.5 238.0 672.8 137.0 219.5 622.4 229.0 607.0 318.7 83.0 537.0 205.2 622.8 229.3 556.3 240.6 643.1 226.1 16.1 794.8 539.8 711.0 541.7 473.0 592.6 129.3 181.4 549.0 610.6 323.5 652.5 85.3 235.2 606.8 555.8 696.5 548.9 188.2 330.8 519.2 521.0 666.3 552.2 205.1 252.2 264.0 194.9 289.5 549.7 522.2 603.3 127.5 565.0 244.9 254.3 612.2 180.8 589.2 658.4 123.1 464.6 640.7 340.9 528.9 599.6 209.6 647.1 516.9 708.8 560.0 28.6 262.0 154.1 266.8 290.6 663.1 339.8 547.7 586.7 730.7 251.8 206.4 256.4 154.5 635.2 249.1 233.7 233.1 569.5 157.9 245.4 732.8 235.0 20.8 594.7 237.4 230.6 259.7 237.3 573.1 72.8 220.6 231.6 155.3 161.0 598.1 232.6 552.2 583.4 367.3 133.0 289.6 139.8 346.8 630.4 681.8 117.5 0.0 627.7 653.1 579.4 780.1 226.7 526.9 448.3 182.8 146.0 164.4 609.0 742.1 262.2 523.0 56.4 169.8 559.2 645.1 546.0 554.7 205.5 653.5 750.2 262.0 170.7 311.4 640.2 241.1 119.4 582.7 576.7 290.0 505.8 574.6 287.0 236.4 636.5 530.4
1799.7 426.1 611.7 197.3 710.2 681.7 641.8 245.6 671.5 726.4 607.9 219.9 300.3 614.8 594.2 381.3 623.4 330.0 690.7 633.4 708.4 382.8 648.8 753.3 6.0 605.0 393.7 690.2 592.6 203.5 739.0 226.5 707.1 385.4 718.4 168.3 620.1 662.6 504.8 368.9 235.4 370.8 302.1 196.3 638.9 642.3 259.0 214.3 699.5 177.7 615.1 675.9 210.5 239.9 406.5 288.6 666.0 648.5 348.3 205.1 260.8 212.1 675.5 711.9 653.1 570.9 759.9 233.8 298.1 255.3 615.9 275.0 620.9 568.3 215.9 734.6 273.2 165.6 611.5 293.7 292.7 725.3 163.4 173.9 687.5 357.1 316.2 418.8 389.1 675.1 576.0 719.8 744.6 761.0 188.3 724.2 151.4 326.4 440.7 729.6 667.7 632.4 613.0 233.7 707.8 711.6 703.5 253.5 639.1 723.3 442.8 705.4 667.3 334.4 631.4 689.3 737.5 771.1 352.9 638.5 680.3 625.6 664.9 638.9 390.7 621.7 212.1 187.1 743.3 662.8 665.6 628.2 722.8 234.1 391.8 683.2 646.4 0.0 177.5 355.3 490.1 704.6 302.8 277.4 641.3 634.4 674.0 261.0 452.1 651.3 329.7 702.9 679.4 162.9 355.1 375.1 383.8 675.9 382.2 460.2 638.0 724.5 682.9 147.4 711.5 649.2 322.4 100.6 661.5 334.9 361.3 663.0 714.3 240.2 317.1
1717.5 541.5 727.1 312.7 825.6 797.1 757.2 361.0 786.9 841.8 723.3 335.3 415.7 730.2 709.6 496.7 738.8 445.4 806.1 748.8 823.8 498.2 764.2 868.7 235.8 720.4 509.1 805.6 708.0 318.9 854.4 341.9 822.5 500.8 833.8 283.7 735.5 778.0 620.2 484.3 136.4 486.2 417.5 311.7 754.3 757.7 374.4 329.7 814.9 293.1 730.5 791.3 325.9 355.3 521.9 404.0 781.4 763.9 463.7 320.5 376.2 327.5 790.9 827.3 768.5 686.3 875.3 349.2 413.5 370.7 731.3 390.4 736.3 683.7 331.3 850.0 388.6 281.0 726.9 409.1 408.1 840.7 278.8 289.3 802.9 472.5 431.6 534.2 504.5 790.5 691.4 835.2 860.0 876.4 303.7 839.6 266.8 441.8 556.1 845.0 783.1 747.8 728.4 349.1 823.2 827.0 818.9 368.9 754.5 838.7 558.2 820.8 782.7 449.8 746.8 804.7 852.9 886.5 468.3 753.9 795.7 741.0 780.3 754.3 506.1 737.1 327.5 302.5 858.7 778.2 781.0 743.6 838.2 349.5 507.2 798.6 761.8 241.1 0.0 470.7 605.5 820.0 418.2 392.8 756.7 749.8 789.4 376.4 567.5 766.7 445.1 818.3 794.8 278.3 470.5 490.5 499.2 791.3 497.6 575.6 753.4 839.9 798.3 262.8 826.9 764.6 437.8 216.0 776.9 450.3 476.7 778.4 829.7 355.6 432.5
1972.2 335.7 579.1 301.9 677.6 649.1 609.2 267.5 638.9 693.8 575.3 276.1 162.3 582.2 561.6 257.3 590.8 216.5 658.1 600.8 675.8 292.4 616.2 720.7 319.3 572.4 259.0 657.6 560.0 138.7 706.4 282.7 674.5 249.8 685.8 322.0 587.5 630.0 414.4 233.3 407.9 252.2 166.5 272.5 606.3 609.7 141.0 270.5 666.9 331.4 582.5 643.3 248.6 252.9 316.1 150.6 633.4 615.9 212.7 218.1 268.0 153.9 642.9 679.3 620.5 538.3 727.3 246.8 76.3 205.0 583.3 184.6 588.3 535.7 292.1 702.0 190.9 337.3 578.9 158.1 242.4 692.7 244.0 278.5 654.9 266.7 97.6 328.4 265.1 642.5 543.4 687.2 712.0 728.4 342.0 691.6 227.6 188.4 350.3 697.0 635.1 599.8 580.4 236.9 675.2 679.0 670.9 171.2 606.5 690.7 352.4 672.8 634.7 196.4 598.8 656.7 704.9 738.5 82.7 605.9 647.7 593.0 632.3 606.3 120.5 589.1 153.9 226.6 710.7 630.2 633.0 595.6 690.2 253.6 301.4 650.6 613.8 324.6 350.0 0.0 399.7 672.0 42.4 158.8 608.7 601.8 641.4 210.7 361.7 618.7 126.3 670.3 646.8 175.6 237.1 251.1 265.2 643.3 456.3 369.8 605.4 691.9 650.3 319.1 678.9 616.6 184.4 273.6 628.9 199.3 226.6 630.4 681.7 296.4 182.4
2108.7 170.3 761.2 438.4 859.7 831.2 791.3 386.0 821.0 875.9 757.4 404.4 354.2 764.3 743.7 454.8 772.9 344.2 840.2 782.9 857.6 147.0 798.3 902.8 455.8 754.5 447.6 839.7 742.1 275.2 888.5 419.2 856.6 457.9 867.9 458.5 769.6 812.1 14.7 441.4 544.4 460.3 374.6 409.0 788.4 791.8 312.9 407.0 849.0 467.9 764.6 825.4 385.1 371.4 148.2 342.5 815.5 798.0 420.8 336.6 357.4 290.4 825.0 861.4 802.6 720.4 909.4 365.3 352.0 341.5 765.4 289.2 770.4 717.8 428.6 884.1 327.4 473.8 761.0 366.2 378.9 874.8 362.5 415.0 837.0 163.6 370.1 160.5 473.2 824.6 725.5 869.3 894.1 910.5 478.5 873.7 364.1 380.3 130.7 879.1 817.2 781.9 762.5 373.4 857.3 861.1 853.0 307.7 788.6 872.8 175.5 854.9 816.8 368.6 780.9 838.8 887.0 920.6 406.8 788.0 829.8 775.1 812.5 788.4 444.6 771.2 290.4 363.1 892.8 812.3 815.1 777.7 872.3 390.1 133.5 832.7 795.9 461.1 486.5 409.2 0.0 854.1 356.7 366.9 788.0 782.2 823.5 347.2 142.1 800.8 383.6 852.4 828.9 312.1 409.0 459.2 473.7 825.4 574.8 156.7 787.5 874.0 832.4 455.6 861.0 798.7 376.3 410.1 811.0 407.4 415.2 812.5 863.8 432.9 371.0
2220.2 759.9 274.6 666.8 307.2 271.8 295.4 560.7 140.4 221.3 262.6 659.3 604.4 264.6 156.8 585.4 286.3 658.6 108.7 62.7 195.0 716.6 211.4 248.2 666.2 272.8 650.8 258.0 256.2 580.8 233.9 666.6 202.0 600.1 213.3 686.9 269.9 252.7 838.6 583.6 754.8 585.5 516.8 636.4 304.9 161.9 592.8 654.4 367.3 696.3 177.7 93.9 650.6 599.6 740.3 592.7 160.9 270.1 563.0 564.8 663.0 596.0 144.4 232.7 307.8 238.7 228.8 593.5 561.7 664.6 93.5 608.8 288.7 298.1 656.0 229.5 633.0 702.2 98.4 508.4 684.5 293.1 572.7 643.4 17.0 690.9 560.7 752.6 603.8 265.2 305.8 248.9 239.5 229.9 706.9 292.0 591.5 630.5 774.5 224.5 186.9 300.2 174.5 679.0 104.3 6.9 172.4 613.3 138.4 24.3 776.6 174.3 257.4 628.3 281.2 85.8 232.4 266.0 616.9 201.1 201.1 275.4 325.9 56.7 641.9 276.4 596.0 627.2 411.1 168.1 333.4 120.3 390.6 674.2 725.6 245.8 236.5 671.5 696.9 623.2 823.9 0.0 570.7 492.1 203.8 124.8 336.9 652.8 785.9 306.0 566.8 293.0 342.3 696.1 688.9 589.8 600.0 144.8 697.3 794.0 305.8 219.4 250.7 684.0 180.4 184.4 626.5 620.5 229.3 549.6 618.4 330.8 15.3 680.3 574.2
1929.7 293.2 536.6 259.4 635.1 606.6 566.7 225.0 596.4 651.3 532.8 233.6 119.8 539.7 519.1 214.8 548.3 174.0 615.6 558.3 633.3 249.9 573.7 678.2 276.8 529.9 218.3 615.1 517.5 96.2 663.9 240.2 632.0 207.3 643.3 279.5 545.0 587.5 371.9 190.8 365.4 209.7 124.0 230.0 563.8 567.2 98.5 228.0 624.4 288.9 540.0 600.8 206.1 210.4 273.6 108.1 590.9 573.4 170.2 175.6 225.5 111.4 600.4 636.8 578.0 495.8 684.8 204.3 38.8 162.5 540.8 142.1 545.8 493.2 249.6 659.5 148.4 294.8 536.4 115.6 199.9 650.2 201.5 236.0 612.4 224.2 56.9 285.9 222.6 600.0 500.9 644.7 669.5 685.9 299.5 649.1 185.1 145.9 307.8 654.5 592.6 557.3 537.9 194.4 632.7 636.5 628.4 128.7 564.0 648.2 309.9 630.3 592.2 153.9 556.3 614.2 662.4 696.0 86.4 563.4 605.2 550.5 589.8 563.8 124.2 546.6 111.4 184.1 668.2 587.7 590.5 553.1 647.7 211.1 258.9 608.1 571.3 282.1 307.5 66.3 357.2 629.5 0.0 116.3 566.2 559.3 598.9 168.2 319.2 576.2 85.6 627.8 604.3 133.1 194.6 208.6 222.7 600.8 413.8 327.3 562.9 649.4 607.8 276.6 636.4 574.1 141.9 231.1 586.4 156.8 185.9 587.9 639.2 253.9 141.7
1926.2 308.5 463.1 274.7 561.6 533.1 493.2 167.8 522.9 577.8 459.3 248.9 135.1 466.2 445.6 103.8 474.8 189.3 542.1 484.8 559.8 265.2 500.2 604.7 273.3 456.4 181.5 541.6 444.0 111.5 590.4 255.5 558.5 114.3 569.8 294.8 471.5 514.0 387.2 97.8 361.9 93.3 47.5 245.3 490.3 493.7 113.8 243.3 550.9 304.2 466.5 527.3 221.4 225.7 288.9 123.4 517.4 499.9 93.7 190.9 240.8 126.7 526.9 563.3 504.5 422.3 611.3 219.6 96.7 177.8 467.3 157.4 472.3 419.7 264.9 586.0 163.7 310.1 462.9 39.1 215.2 576.7 179.8 251.3 538.9 239.5 91.4 301.2 111.6 526.5 427.4 571.2 596.0 612.4 314.8 575.6 200.4 161.2 323.1 581.0 519.1 483.8 464.4 209.7 559.2 563.0 554.9 144.0 490.5 574.7 325.2 556.8 518.7 169.2 482.8 540.7 588.9 622.5 147.6 489.9 531.7 477.0 516.3 490.3 172.6 473.1 126.7 199.4 594.7 514.2 517.0 479.6 574.2 226.4 274.2 534.6 497.8 278.6 304.0 153.9 372.5 556.0 101.4 0.0 492.7 485.8 525.4 183.5 334.5 502.7 97.5 554.3 530.8 148.4 209.9 97.6 106.3 527.3 304.4 342.6 489.4 575.9 534.3 291.9 562.9 500.6 157.2 227.6 512.9 80.3 149.1 514.4 565.7 269.2 104.9
2137.0 676.7 140.4 583.6 321.1 210.4 212.2 477.5 241.8 275.5 179.4 568.6 521.2 181.4 137.2 500.1 152.1 575.4 228.1 133.6 252.7 633.4 189.0 301.4 583.0 189.6 567.6 359.4 122.0 497.6 274.0 581.3 256.2 514.8 267.5 603.7 184.6 189.2 755.4 500.4 671.6 502.3 433.6 553.2 170.7 62.9 507.5 571.2 284.1 613.1 155.3 213.3 567.4 516.4 659.3 509.5 215.1 371.5 477.7 481.6 577.7 512.8 248.6 73.3 224.6 155.5 330.2 504.1 478.5 581.4 105.6 525.6 205.5 214.9 570.7 282.7 549.8 619.0 101.2 425.2 601.3 367.8 489.5 560.2 187.7 607.7 475.4 667.3 520.6 201.7 222.6 260.0 293.7 331.3 623.7 366.7 506.2 547.3 689.2 278.7 49.1 217.0 58.7 595.8 227.2 211.8 273.8 532.7 59.7 226.3 693.4 275.7 193.9 545.1 198.0 208.7 286.6 322.0 531.6 178.7 38.9 192.2 191.7 139.1 556.6 193.2 512.8 544.0 327.9 203.0 248.1 80.6 307.4 591.0 642.4 223.4 175.1 588.3 613.7 540.0 738.6 204.8 487.5 408.9 0.0 73.3 202.7 569.6 700.6 222.8 483.6 231.6 208.1 612.9 603.6 506.6 513.6 246.1 614.1 710.8 220.5 272.6 352.1 600.8 281.8 190.1 541.2 537.3 330.7 464.3 535.2 245.5 214.5 597.4 491.0
2143.4 683.1 180.5 590.0 260.9 177.7 218.6 483.9 168.4 202.1 185.8 575.0 525.9 187.8 61.0 506.9 192.2 581.8 156.4 61.9 192.9 639.8 117.3 229.7 589.4 196.0 574.0 287.7 162.1 504.0 202.3 588.1 184.5 521.6 194.1 610.1 193.1 156.9 761.8 506.8 678.0 508.7 440.0 559.6 210.8 35.3 514.3 577.6 290.5 619.5 83.6 141.6 573.8 522.8 665.7 515.9 143.4 298.1 484.5 488.0 584.5 517.5 172.4 106.1 229.3 161.9 256.8 510.5 484.9 587.8 33.9 532.0 211.9 221.3 577.5 211.0 556.2 625.4 29.5 431.6 607.7 296.1 495.9 566.6 114.3 614.1 482.2 674.1 527.0 169.4 229.0 186.6 222.0 259.6 630.1 295.0 513.0 553.7 696.0 207.0 60.3 223.4 49.6 602.2 155.5 140.1 202.1 539.1 11.8 150.1 699.8 204.0 161.6 551.5 204.4 137.0 214.9 245.8 538.4 107.0 74.5 198.6 231.8 67.4 563.4 197.9 519.2 548.7 334.3 129.6 256.6 4.4 313.8 597.4 648.8 151.7 142.4 594.7 620.1 546.4 745.4 131.4 493.9 415.3 79.3 0.0 242.8 576.0 707.4 229.2 490.0 198.9 248.2 619.3 610.4 513.0 522.1 174.4 620.5 717.2 227.3 200.9 280.4 605.5 210.1 118.4 548.0 543.7 257.3 472.8 541.6 252.3 142.8 603.8 497.4
2197.9 737.6 57.4 644.5 355.4 167.2 273.1 538.4 252.5 307.4 240.3 637.7 582.1 242.3 155.7 573.7 87.9 636.3 271.7 243.4 289.4 694.3 224.9 307.4 643.9 250.5 628.5 370.1 57.8 558.5 293.1 644.3 288.1 577.8 299.4 664.6 247.6 148.1 816.3 561.3 732.5 563.2 494.5 614.1 84.6 205.3 570.5 632.1 345.0 674.0 173.2 256.9 628.3 577.3 718.0 570.4 247.0 382.2 540.7 542.5 687.8 573.7 256.5 274.9 285.5 216.4 340.9 571.2 543.7 624.8 215.4 586.5 266.4 275.8 633.7 268.7 610.7 679.9 211.0 486.1 662.2 405.2 550.4 621.1 297.5 668.6 538.4 730.3 581.5 160.6 283.5 242.0 325.6 342.0 684.6 404.1 569.2 608.2 752.2 310.6 230.7 277.9 176.0 656.7 288.8 321.6 284.5 591.0 202.1 333.3 754.3 286.4 152.8 616.2 258.9 270.3 318.5 325.2 594.6 160.7 243.3 253.1 7.6 248.9 619.6 254.1 573.7 604.9 388.8 220.9 311.1 220.2 368.3 651.9 703.3 205.4 131.9 649.2 674.6 600.9 801.6 314.6 548.4 469.8 204.3 214.0 0.0 630.5 763.6 283.7 544.5 188.4 95.9 580.7 666.6 567.5 576.2 256.9 675.0 771.7 283.5 258.6 362.8 661.7 292.5 207.3 604.2 598.2 341.4 527.3 596.1 308.5 324.3 658.0 551.9
1878.3 339.8 621.0 208.0 719.5 691.0 651.1 245.8 680.8 735.7 617.2 174.0 196.0 624.1 603.5 296.6 632.7 243.7 700.0 642.7 717.4 296.5 658.1 762.6 225.4 614.3 289.4 699.5 601.9 79.3 748.3 188.8 716.4 299.7 727.7 228.1 629.4 671.9 418.5 283.2 314.0 302.1 216.4 178.6 648.2 651.6 154.7 176.6 708.8 237.5 624.4 685.2 154.7 231.2 320.2 184.3 675.3 657.8 262.6 196.4 127.0 87.9 684.8 721.2 662.4 580.2 769.2 225.1 193.8 19.4 625.2 188.7 630.2 577.6 198.2 743.9 149.0 243.4 620.8 208.0 40.5 734.6 235.4 184.6 696.8 270.8 211.9 332.5 315.0 684.4 585.3 729.1 753.9 770.3 248.1 733.5 133.7 222.1 354.4 738.9 677.0 641.7 622.3 143.0 717.1 720.9 712.8 129.3 648.4 732.6 356.5 714.7 676.6 219.9 640.7 698.6 746.8 780.4 248.6 647.8 689.6 634.9 672.3 648.2 286.4 631.0 87.9 132.7 752.6 672.1 674.9 637.5 732.1 159.7 305.5 692.5 655.7 230.7 256.1 251.0 403.8 713.9 198.5 208.7 650.6 642.0 683.3 0.0 365.8 660.6 225.4 712.2 688.7 160.1 250.8 301.0 315.5 685.2 434.6 373.9 647.3 733.8 692.2 225.2 720.8 658.5 218.1 179.7 670.8 249.2 257.0 672.3 723.6 202.8 212.8
2093.8 155.4 746.3 423.5 844.8 816.3 776.4 371.1 806.1 861.0 742.5 397.7 339.3 749.4 728.8 439.9 758.0 329.3 825.3 768.0 842.7 132.1 783.4 887.9 440.9 739.6 432.7 824.8 727.9 260.3 873.6 404.3 841.7 443.0 853.0 443.6 754.7 797.2 136.7 426.5 529.5 445.4 359.7 394.1 776.6 776.9 298.0 392.1 834.1 453.0 749.7 810.5 370.2 356.5 133.3 327.6 800.6 783.1 405.9 321.7 342.5 275.5 810.1 846.5 787.7 705.5 894.5 344.2 337.1 344.1 750.5 274.3 755.5 702.9 413.7 869.2 312.5 458.9 746.1 351.3 364.0 859.9 347.6 400.1 822.1 148.7 355.2 145.6 458.3 809.7 710.6 854.4 879.2 895.6 463.6 858.8 349.2 365.4 8.5 864.2 802.3 767.0 747.6 358.5 842.4 846.2 838.1 292.8 773.7 857.9 160.6 840.0 801.9 353.7 766.0 823.9 872.1 905.7 391.9 773.1 814.9 760.2 797.6 773.5 429.7 756.3 275.5 348.2 877.9 797.4 800.2 762.8 857.4 375.2 118.6 817.8 781.0 446.2 471.6 394.3 122.0 839.2 341.8 352.0 773.1 769.0 808.6 332.3 0.0 785.9 368.7 837.5 814.0 297.2 394.1 444.3 458.8 810.5 559.9 141.8 772.6 859.1 817.5 440.7 846.1 784.5 361.4 395.2 796.1 392.5 400.3 797.6 848.9 418.3 356.1
2154.4 694.1 225.5 601.0 388.2 295.5 168.6 494.9 285.3 340.2 63.3 594.2 538.6 137.8 208.0 530.2 237.2 592.8 304.5 247.2 322.2 650.8 262.6 367.1 600.4 211.0 585.0 402.9 206.4 515.0 352.8 600.8 320.9 534.3 332.2 621.1 55.9 276.4 772.8 517.8 689.0 519.7 451.0 570.6 252.7 256.1 527.0 588.6 264.0 630.5 228.9 289.7 584.8 533.8 674.5 526.9 279.8 415.0 497.2 499.0 644.3 530.2 289.3 325.7 1.7 196.4 373.7 527.7 500.2 581.3 229.7 543.0 226.9 189.3 590.2 348.4 567.2 636.4 225.3 442.6 618.7 438.0 506.9 577.6 301.3 625.1 494.9 686.8 538.0 288.9 197.0 333.6 358.4 374.8 641.1 436.9 525.7 564.7 708.7 343.4 281.5 196.9 226.8 613.2 321.6 325.4 317.3 547.5 252.9 337.1 710.8 319.2 281.1 572.7 77.5 303.1 351.3 384.9 551.1 252.3 294.1 148.6 278.7 252.7 576.1 93.0 530.2 561.4 307.8 276.6 230.1 242.0 287.3 608.4 659.8 297.0 260.2 605.7 631.1 557.4 758.1 318.4 504.9 426.3 255.1 248.2 287.8 587.0 720.1 0.0 501.0 316.7 293.2 537.2 623.1 524.0 532.7 289.7 631.5 728.2 202.5 338.3 395.6 618.2 325.3 263.0 560.7 554.7 374.2 483.8 552.6 294.8 328.1 614.5 508.4
1984.0 347.5 560.1 313.7 658.6 630.1 590.2 279.3 619.9 674.8 556.3 287.9 174.1 563.2 542.6 238.3 571.8 228.3 639.1 581.8 656.8 304.2 597.2 701.7 331.1 553.4 206.5 638.6 541.0 150.5 687.4 294.5 655.5 230.8 666.8 333.8 568.5 611.0 426.2 214.3 419.7 233.2 147.5 284.3 587.3 590.7 152.8 282.3 647.9 343.2 563.5 624.3 260.4 264.7 327.9 162.4 614.4 596.9 193.7 229.9 279.8 165.7 623.9 660.3 601.5 519.3 708.3 258.6 56.2 216.8 564.3 196.4 569.3 516.7 303.9 683.0 202.7 349.1 559.9 139.1 254.2 673.7 255.8 290.3 635.9 278.5 38.0 340.2 246.1 623.5 524.4 668.2 693.0 709.4 353.8 672.6 239.4 200.2 362.1 678.0 616.1 580.8 561.4 248.7 656.2 660.0 651.9 183.0 587.5 671.7 364.2 653.8 615.7 208.2 579.8 637.7 685.9 719.5 94.2 586.9 628.7 574.0 613.3 587.3 75.0 570.1 165.7 238.4 691.7 611.2 614.0 576.6 671.2 265.4 313.2 631.6 594.8 336.4 361.8 127.4 411.5 653.0 88.9 139.8 589.7 582.8 622.4 222.5 373.5 599.7 0.0 651.3 627.8 187.4 248.9 232.1 246.2 624.3 401.4 381.6 586.4 672.9 631.3 330.9 659.9 597.6 196.2 285.4 609.9 180.3 174.1 611.4 662.7 308.2 129.9
2230.2 769.9 155.9 676.8 357.8 94.5 305.4 570.7 254.9 302.4 272.6 670.0 614.4 274.6 121.6 606.0 167.6 668.6 303.8 209.3 291.8 726.6 190.8 273.3 676.2 282.8 660.8 372.5 136.8 590.8 259.0 676.6 283.1 610.1 294.4 696.9 279.9 34.8 848.6 593.6 764.8 595.5 526.8 646.4 183.1 235.2 602.8 664.4 377.3 706.3 139.1 289.0 660.6 609.6 750.3 602.7 242.0 384.6 573.0 574.8 720.1 606.0 258.9 306.0 317.8 248.7 343.3 603.5 576.0 657.1 181.3 618.8 298.7 308.1 666.0 234.6 643.0 712.2 176.9 518.4 694.5 394.7 582.7 653.4 263.4 700.9 570.7 762.6 613.8 18.8 315.8 207.9 320.6 344.4 716.9 393.6 601.5 640.5 784.5 305.6 260.2 310.2 208.3 689.0 302.9 287.5 286.9 623.3 211.7 299.2 786.6 288.8 80.1 648.5 291.2 284.4 313.5 291.1 626.9 126.6 274.4 285.4 209.1 214.8 651.9 286.4 606.0 637.2 421.1 186.8 343.4 193.6 400.6 684.2 735.6 171.3 53.7 681.5 706.9 633.2 833.9 280.5 580.7 502.1 236.6 199.8 218.2 662.8 795.9 316.0 576.8 0.0 223.6 613.0 698.9 599.8 608.5 259.3 707.3 804.0 315.8 224.5 365.2 694.0 294.9 173.2 636.5 630.5 343.8 559.6 628.4 340.8 290.2 690.3 584.2
2213.2 752.9 53.8 659.8 370.7 182.5 288.4 553.7 267.8 322.7 255.6 653.0 597.4 257.6 171.0 589.0 103.2 651.6 287.0 258.7 304.7 709.6 240.2 322.7 659.2 265.8 643.8 385.4 73.1 573.8 308.4 659.6 303.4 593.1 314.7 679.9 262.9 163.4 831.6 576.6 747.8 578.5 509.8 629.4 36.6 220.6 585.8 647.4 360.3 689.3 188.5 272.2 643.6 592.6 733.3 585.7 262.3 397.5 556.0 557.8 703.1 589.0 271.8 290.2 300.8 231.7 356.2 586.5 559.0 640.1 230.7 601.8 281.7 291.1 649.0 284.0 626.0 695.2 226.3 501.4 677.5 420.5 565.7 636.4 312.8 683.9 553.7 745.6 596.8 175.9 298.8 257.3 340.9 357.3 699.9 419.4 584.5 623.5 767.5 325.9 246.0 293.2 191.3 672.0 304.1 336.9 299.8 606.3 217.4 348.6 769.6 301.7 168.1 631.5 274.2 285.6 333.8 340.5 609.9 176.0 258.6 268.4 76.7 264.2 634.9 269.4 589.0 620.2 404.1 236.2 326.4 235.5 383.6 667.2 718.6 220.7 147.2 664.5 689.9 616.2 816.9 329.9 563.7 485.1 219.6 229.3 85.8 645.8 778.9 299.0 559.8 203.7 0.0 596.0 681.9 582.8 591.5 272.2 690.3 787.0 298.8 273.9 378.1 677.0 307.8 222.6 619.5 613.5 356.7 542.6 611.4 323.8 339.6 673.3 567.2
1796.5 301.0 601.9 126.2 700.4 671.9 632.0 207.0 717.9 716.6 598.1 92.2 233.1 605.0 584.4 257.8 613.6 204.9 680.9 623.6 698.3 257.7 639.0 743.5 143.6 595.2 250.6 680.4 583.5 40.5 716.1 107.0 697.3 336.8 708.6 146.3 610.3 652.8 379.7 244.4 232.2 263.3 177.6 96.8 632.2 632.5 115.9 94.8 689.7 155.7 605.3 666.1 72.9 192.4 283.6 145.5 656.2 694.9 299.7 157.6 54.5 49.1 665.7 702.1 643.3 561.1 806.3 180.1 150.7 109.8 606.1 149.9 611.1 558.5 160.7 724.8 110.2 161.6 601.7 169.2 129.7 715.5 153.6 102.8 733.9 232.0 249.0 369.6 276.2 665.3 566.2 710.0 734.8 751.2 166.3 714.4 168.6 183.3 315.6 719.8 657.9 622.6 603.2 70.7 698.0 701.8 693.7 93.1 629.3 713.5 317.7 695.6 657.5 181.1 621.6 679.5 727.7 761.3 209.8 628.7 670.5 615.8 653.2 629.1 323.5 611.9 49.1 50.9 733.5 709.2 712.0 674.6 713.0 77.9 266.7 673.4 636.6 148.9 174.3 212.2 440.9 694.8 159.7 169.9 628.7 622.9 664.2 98.0 402.9 641.5 186.6 693.1 669.6 0.0 212.0 262.2 352.6 666.0 372.4 335.1 684.4 714.7 673.1 248.8 701.7 640.1 179.3 97.9 651.7 210.4 218.2 709.4 704.5 121.0 174.0
2016.4 379.9 639.5 346.1 738.0 709.5 669.6 311.7 699.3 754.2 635.7 320.3 188.5 642.6 622.0 307.1 651.2 242.7 718.5 661.2 735.9 336.6 676.6 781.1 363.5 632.8 299.9 718.0 620.4 182.9 753.7 326.9 734.9 310.2 746.2 366.2 647.9 690.4 458.6 293.7 452.1 312.6 226.9 316.7 669.8 670.1 111.0 314.7 727.3 375.6 642.9 703.7 292.8 297.1 360.3 176.8 693.8 676.3 273.1 262.3 265.1 198.1 703.3 739.7 680.9 598.7 787.7 291.0 200.0 266.7 643.7 228.8 648.7 596.1 336.3 762.4 235.1 381.5 639.3 218.5 286.6 753.1 288.2 322.7 715.3 310.9 222.4 372.6 325.5 702.9 603.8 747.6 772.4 788.8 386.2 752.0 271.8 214.6 394.5 757.4 695.5 660.2 640.8 281.1 735.6 739.4 731.3 218.0 666.9 751.1 396.6 733.2 695.1 212.4 659.2 717.1 765.3 798.9 259.1 666.3 708.1 653.4 690.8 666.7 296.9 649.5 198.1 270.8 771.1 690.6 693.4 656.0 750.6 297.8 345.6 711.0 674.2 368.8 394.2 261.5 443.9 732.4 209.0 219.2 669.1 660.5 701.8 254.9 405.9 679.1 235.9 730.7 707.2 298.2 0.0 311.5 326.0 703.6 480.8 414.0 665.8 752.3 710.7 363.3 739.3 677.0 210.6 317.8 689.3 259.7 267.5 690.8 742.1 340.6 223.3
2028.2 391.7 555.9 357.9 654.4 625.9 586.0 260.6 615.7 670.6 552.1 332.1 218.3 559.0 538.4 6.2 567.6 272.5 634.9 577.6 652.6 348.4 593.0 697.5 375.3 549.2 264.7 634.4 536.8 194.7 683.2 338.7 651.3 54.0 662.6 378.0 564.3 606.8 470.4 37.5 463.9 58.8 75.4 328.5 583.1 586.5 197.0 326.5 643.7 387.4 559.3 620.1 304.6 308.9 372.1 206.6 610.2 592.7 25.1 274.1 324.0 209.9 619.7 656.1 597.3 515.1 704.1 302.8 179.9 261.0 560.1 240.6 565.1 512.5 348.1 678.8 246.9 393.3 555.7 83.8 298.4 669.5 272.6 334.5 631.7 322.7 174.6 384.4 13.9 619.3 520.2 664.0 688.8 705.2 398.0 668.4 283.6 244.4 406.3 673.8 611.9 576.6 557.2 292.9 652.0 655.8 647.7 227.2 583.3 667.5 408.4 649.6 611.5 252.4 575.6 633.5 681.7 715.3 230.8 582.7 624.5 569.8 609.1 583.1 255.8 565.9 209.9 282.6 687.5 607.0 609.8 572.4 667.0 309.6 357.4 627.4 590.6 380.6 406.0 237.1 455.7 648.8 184.6 92.7 585.5 578.6 618.2 266.7 417.7 595.5 180.7 647.1 623.6 231.6 293.1 0.0 71.8 620.1 397.2 425.8 582.2 668.7 627.1 375.1 655.7 593.4 240.4 329.6 605.7 72.5 232.3 607.2 658.5 352.4 188.1
2046.0 427.1 581.7 393.3 680.2 652.9 611.8 286.4 641.5 696.4 577.9 359.3 253.7 586.0 564.2 64.5 593.4 307.9 660.7 603.4 678.1 385.0 620.0 723.3 391.9 576.2 300.1 660.2 563.8 230.1 709.0 374.1 677.1 85.6 688.4 413.4 590.1 633.8 507.0 69.1 480.5 16.3 128.2 363.9 608.9 612.3 232.4 363.1 670.7 424.0 585.1 645.9 340.0 344.3 409.7 242.0 636.0 619.7 77.9 309.5 312.3 245.3 646.7 681.9 624.3 540.9 731.1 332.0 211.0 313.9 585.9 276.0 592.1 538.3 384.7 705.8 282.3 428.7 581.5 136.6 333.8 696.5 298.4 371.1 657.5 358.1 210.0 419.8 84.1 645.1 546.0 689.8 714.6 731.0 433.4 694.2 320.2 281.0 442.9 700.8 637.7 602.4 584.2 328.3 679.0 682.8 674.7 263.8 609.1 693.3 443.8 675.4 637.3 289.0 601.4 659.3 708.7 741.1 266.2 609.7 650.3 595.6 634.9 610.1 291.2 592.9 245.3 318.0 713.3 634.0 635.6 598.2 692.8 345.0 394.0 653.2 616.4 397.2 422.6 272.5 491.1 674.6 220.0 118.5 608.5 603.9 644.0 302.1 453.1 621.3 216.1 674.1 649.4 267.0 328.5 70.1 0.0 645.8 424.2 461.2 608.0 694.5 652.9 411.7 682.7 619.2 275.8 346.2 632.7 124.1 267.7 633.0 684.3 388.1 224.7
2190.1 729.8 229.8 636.7 189.4 319.3 283.6 530.6 65.0 227.1 250.8 621.7 574.4 252.8 204.2 555.4 241.5 628.5 87.7 110.2 123.1 686.5 258.9 295.7 636.1 261.0 620.7 113.1 211.4 550.7 268.3 636.6 229.4 570.0 164.9 656.8 258.1 300.2 808.5 553.5 724.7 555.4 486.7 606.3 260.1 209.4 562.7 624.3 355.5 666.2 225.2 72.9 620.5 569.5 712.4 562.6 229.0 125.3 532.9 534.7 633.0 565.9 51.0 280.2 296.0 226.9 83.9 557.2 531.6 634.5 141.0 578.7 276.9 286.3 625.9 277.0 602.9 672.1 145.9 478.3 654.4 148.2 542.6 613.3 113.8 660.8 530.6 722.6 573.7 312.7 294.0 296.4 226.5 85.0 676.8 147.1 561.4 600.4 744.4 153.6 234.4 288.4 221.9 648.9 104.8 137.9 79.1 585.8 185.9 149.6 746.5 29.4 304.9 598.2 269.4 86.3 219.4 313.5 586.8 248.6 248.6 263.6 281.1 104.2 611.9 264.6 565.9 597.1 399.3 215.5 321.5 167.7 378.8 644.1 695.5 293.3 284.0 641.4 666.8 593.1 793.8 130.9 540.6 462.0 253.4 172.3 292.1 622.8 755.8 294.2 536.7 340.5 297.5 666.0 658.8 559.7 568.8 0.0 667.2 763.9 293.9 266.9 105.8 653.9 60.6 231.9 596.4 590.4 84.4 519.6 588.3 318.9 140.6 650.5 544.1
2052.8 520.1 634.1 400.5 732.6 704.1 664.2 227.0 693.9 748.8 630.3 393.7 394.3 637.2 616.6 403.7 645.8 424.0 713.1 655.8 730.8 476.8 671.2 775.7 399.9 627.4 458.5 712.6 615.0 341.1 761.4 400.3 729.5 407.8 740.8 420.6 642.5 685.0 598.8 391.3 488.5 393.2 324.5 370.1 661.3 664.7 353.0 388.1 721.9 430.0 637.5 698.3 384.3 271.9 500.5 382.6 688.4 670.9 370.7 264.8 434.6 356.3 697.9 734.3 675.5 593.3 782.3 293.5 392.1 407.4 638.3 369.0 643.3 590.7 389.7 757.0 393.3 435.9 633.9 316.1 444.8 747.7 306.4 377.1 709.9 451.1 368.4 512.8 411.5 697.5 598.4 742.2 767.0 783.4 440.6 746.6 325.2 420.4 534.7 752.0 690.1 654.8 635.4 407.5 730.2 734.0 725.9 373.6 661.5 745.7 536.8 727.8 689.7 428.4 653.8 711.7 759.9 793.5 446.9 660.9 702.7 648.0 687.3 661.3 484.7 644.1 356.3 360.9 765.7 685.2 688.0 650.6 745.2 407.9 485.8 705.6 668.8 405.2 430.6 449.3 584.1 727.0 396.8 299.8 663.7 656.8 696.4 413.1 546.1 673.7 374.5 725.3 701.8 336.7 449.1 397.5 406.2 698.3 0.0 554.2 660.4 746.9 705.3 417.7 733.9 671.6 416.4 354.2 683.9 357.3 426.1 685.4 736.7 414.0 381.9
2075.9 56.8 728.4 405.6 826.9 798.4 758.5 353.2 788.2 843.1 724.6 379.8 321.4 731.5 710.9 432.6 740.1 311.4 807.4 750.1 825.1 114.2 765.5 870.0 423.0 721.7 414.8 806.9 709.3 242.4 855.7 386.4 823.8 425.1 835.1 425.7 736.8 779.3 191.6 408.6 511.6 427.5 341.8 376.2 755.6 759.0 280.1 374.2 816.2 435.1 731.8 792.6 352.3 338.6 115.4 309.7 782.7 765.2 388.0 303.8 371.7 257.6 792.2 828.6 769.8 687.6 876.6 332.5 319.2 308.7 732.6 256.4 737.6 685.0 395.8 851.3 294.6 441.0 728.2 333.4 346.1 842.0 329.7 382.2 804.2 130.8 337.3 127.7 440.4 791.8 692.7 836.5 861.3 877.7 445.7 840.9 331.3 347.5 150.7 846.3 784.4 749.1 729.7 340.6 824.5 828.3 820.2 274.9 755.8 840.0 43.3 822.1 784.0 335.8 748.1 806.0 854.2 887.8 374.0 755.2 797.0 742.3 781.6 755.6 411.8 738.4 257.6 330.3 860.0 779.5 782.3 744.9 839.5 357.3 100.7 799.9 763.1 428.3 453.7 376.4 176.9 821.3 323.9 334.1 758.0 751.1 790.7 314.4 162.1 768.0 350.8 819.6 796.1 279.3 376.2 426.4 440.5 792.6 542.0 0.0 754.7 841.2 799.6 422.8 828.2 765.9 343.5 377.3 778.2 374.6 382.4 779.7 831.0 400.1 338.2
2154.3 694.0 254.5 600.9 417.2 324.5 112.6 494.8 314.3 369.2 144.8 585.9 538.5 141.6 237.0 519.5 266.2 592.7 333.5 276.2 350.9 650.7 291.6 396.1 600.3 122.3 584.9 431.9 235.4 514.9 368.7 600.7 349.9 534.2 361.2 621.0 178.5 305.4 772.7 517.7 688.9 519.6 450.9 570.5 281.7 285.1 526.9 588.5 107.3 630.4 257.9 318.7 584.7 533.7 674.4 526.8 308.8 403.8 497.1 498.9 597.1 530.1 318.3 354.7 190.0 90.9 402.7 521.4 500.1 581.2 258.7 542.9 138.2 198.3 590.1 377.4 567.1 636.3 254.3 442.5 618.6 467.0 506.8 577.5 330.3 625.0 494.8 686.7 537.9 317.9 206.0 362.6 387.4 403.8 641.0 465.9 525.6 564.6 708.6 372.4 310.5 15.2 255.8 613.1 350.6 354.4 346.3 547.4 281.9 366.1 710.7 348.2 310.1 562.4 200.1 332.1 380.3 413.9 551.0 281.3 323.1 152.4 305.8 281.7 576.0 158.6 530.1 561.3 151.1 305.6 73.1 271.0 130.6 608.3 659.7 326.0 289.2 605.6 631.0 557.3 758.0 347.4 504.8 426.2 281.3 275.5 316.8 586.9 720.0 188.2 500.9 345.7 322.2 537.1 623.0 523.9 533.0 318.6 631.4 728.1 0.0 367.3 424.6 618.1 354.3 292.0 560.6 554.6 403.2 483.7 552.5 227.4 357.1 614.7 508.3
2350.5 890.2 232.2 797.1 308.9 229.4 352.2 691.0 206.0 150.8 319.4 789.6 734.7 321.4 133.7 715.7 243.9 788.9 244.4 149.9 242.6 846.9 202.9 48.1 796.5 329.6 781.1 229.6 213.8 711.1 33.8 796.9 131.5 730.4 142.8 817.2 326.7 210.3 968.9 713.9 885.1 715.8 647.1 766.7 259.4 245.9 723.1 784.7 424.1 826.6 132.4 229.6 780.9 729.9 872.8 723.0 90.4 285.6 693.3 695.1 793.3 726.3 210.0 316.7 364.6 295.5 262.3 723.8 696.3 777.4 192.0 739.1 345.5 354.9 786.3 10.1 763.3 832.5 187.6 638.7 814.8 243.1 703.0 773.7 204.0 821.2 691.0 882.9 734.1 222.8 362.6 66.8 169.0 263.4 837.2 242.0 721.8 760.8 904.8 154.0 270.9 357.0 258.5 809.3 243.5 228.1 238.0 746.2 222.4 239.8 906.9 239.9 215.0 768.8 338.0 225.0 161.9 65.9 747.2 98.8 285.1 332.2 283.5 155.4 772.2 333.2 726.3 757.5 467.9 73.5 390.2 204.3 447.4 804.5 855.9 54.1 194.1 801.8 827.2 753.5 954.2 221.1 701.0 622.4 289.9 208.8 294.5 783.1 916.2 362.8 697.1 250.6 299.9 826.4 819.2 720.1 729.2 210.3 827.6 924.3 362.6 0.0 222.3 814.3 246.0 89.8 756.8 750.8 243.3 679.9 748.7 387.6 230.8 810.6 704.5
2165.4 705.1 318.5 612.0 207.3 379.6 348.6 505.9 183.3 138.5 319.6 605.2 549.6 321.6 264.6 541.2 330.2 603.8 205.9 221.5 182.6 661.8 337.2 269.3 611.4 311.8 596.0 7.3 299.4 526.0 255.0 611.8 140.8 545.3 76.2 632.1 326.9 360.5 783.8 528.8 700.0 530.7 462.0 581.6 345.7 327.6 538.0 599.6 406.3 641.5 248.1 191.1 595.8 544.8 685.5 537.9 140.4 100.5 508.2 510.0 655.3 541.2 169.3 398.4 364.8 277.7 77.2 538.7 511.2 592.3 259.2 554.0 327.7 355.1 601.2 250.6 578.2 647.4 264.1 453.6 629.7 59.6 517.9 588.6 232.0 636.1 505.9 697.8 549.0 373.0 362.8 270.0 137.9 78.3 652.1 58.5 536.7 575.7 719.7 65.0 352.6 339.2 340.2 624.2 223.0 256.1 197.3 558.5 304.1 267.8 721.8 90.6 365.2 583.7 338.2 204.5 130.8 287.1 562.1 302.0 366.8 332.4 371.7 222.4 587.1 333.4 541.2 572.4 450.1 189.2 372.4 286.0 429.6 619.4 670.8 257.3 344.3 616.7 642.1 568.4 769.1 249.1 515.9 437.3 369.5 292.2 380.8 598.0 731.1 363.0 512.0 400.8 386.2 548.2 634.1 535.0 543.7 118.1 642.5 739.2 344.8 240.5 0.0 629.2 178.8 206.4 571.7 565.7 58.2 494.8 563.6 369.8 258.8 625.5 519.4
1869.0 379.0 564.6 122.0 663.1 634.6 594.7 198.5 624.4 679.3 560.8 191.2 292.2 567.7 547.1 323.6 576.3 282.9 643.6 586.3 661.0 335.7 601.7 706.2 216.1 557.9 385.6 643.1 545.5 175.5 691.9 198.5 660.0 338.3 671.3 68.8 573.0 615.5 457.7 321.8 304.7 323.7 255.0 168.3 594.9 595.2 250.9 186.3 652.4 78.2 568.0 628.8 182.5 192.8 361.6 280.5 618.9 601.4 301.2 158.0 189.7 184.1 628.4 664.8 606.0 523.8 712.8 186.7 290.0 227.3 568.8 227.9 573.8 521.2 187.9 687.5 245.2 18.1 564.4 246.6 264.7 678.2 116.3 56.1 640.4 310.0 308.1 371.7 342.0 628.0 528.9 672.7 697.5 713.9 88.8 677.1 123.4 318.3 393.6 682.5 620.6 585.3 565.9 205.7 660.7 664.5 656.4 225.5 592.0 676.2 395.7 658.3 620.2 316.1 584.3 642.2 690.4 724.0 344.8 591.4 633.2 578.5 617.8 591.8 382.6 574.6 184.1 159.1 696.2 615.7 618.5 581.1 675.7 206.1 344.7 636.1 599.3 221.4 246.8 347.2 443.0 657.5 294.7 230.3 594.2 585.6 626.9 233.0 405.0 604.2 321.6 655.8 632.3 222.8 347.0 328.0 337.1 628.7 335.1 413.1 590.9 677.4 635.8 0.0 664.4 602.1 314.3 170.4 614.4 287.8 353.2 615.9 667.2 212.5 309.0
2232.0 771.7 266.6 678.6 226.2 356.1 320.4 572.5 101.9 269.0 287.6 671.8 616.2 289.6 241.1 607.8 278.3 670.4 124.5 147.0 160.2 728.4 295.7 332.5 678.0 297.8 662.6 155.0 247.5 592.6 318.2 678.4 271.3 611.9 206.7 698.7 294.9 337.0 850.4 595.4 766.6 597.3 528.6 648.2 293.8 246.2 604.6 666.2 392.3 708.1 262.0 109.7 662.4 611.4 752.1 604.5 270.9 167.1 574.8 576.6 721.9 607.8 87.9 317.0 332.8 263.7 125.8 605.3 577.8 658.9 177.8 620.6 313.7 323.1 667.8 313.8 644.8 714.0 182.7 520.2 696.3 190.1 584.5 655.2 150.6 702.7 572.5 764.4 615.6 349.5 330.8 333.2 268.4 126.9 718.7 189.0 603.3 642.3 786.3 195.5 271.2 325.2 258.8 690.8 141.6 174.7 115.9 625.1 222.7 186.4 788.4 71.3 341.7 650.3 306.2 123.1 261.3 350.3 628.7 285.4 285.4 300.4 319.8 141.0 653.7 301.4 607.8 639.0 436.1 252.4 358.4 204.6 415.6 686.0 737.4 330.1 320.8 683.3 708.7 635.0 835.7 167.7 582.5 503.9 288.1 210.8 328.9 664.6 797.7 331.0 578.6 377.3 334.3 614.8 700.7 601.6 610.3 41.8 709.1 805.8 330.8 303.7 147.7 695.8 0.0 269.6 638.3 632.3 126.3 561.4 630.2 355.8 177.4 692.1 586.0
2186.2 725.9 175.9 632.8 277.7 173.1 261.4 526.7 174.8 128.4 228.6 617.8 570.4 230.6 58.1 552.3 187.6 624.6 223.7 129.2 212.3 682.6 130.7 111.9 632.2 238.8 616.8 207.9 157.5 546.8 84.5 632.6 109.8 566.1 120.4 652.9 235.9 154.0 804.6 549.6 720.8 551.5 482.8 602.4 206.2 155.1 558.8 620.4 333.3 662.3 41.6 208.9 616.6 565.6 708.5 558.7 68.7 263.2 529.0 530.8 629.9 562.0 178.8 225.9 273.8 204.7 240.6 553.3 527.7 630.6 101.2 574.8 254.7 264.1 622.0 93.2 599.0 668.2 96.8 474.4 650.5 221.4 538.7 609.4 184.2 656.9 526.7 718.6 569.8 166.5 271.8 112.6 147.3 241.7 672.9 220.3 557.5 596.5 740.5 132.3 180.1 266.2 168.6 645.0 222.8 207.4 206.8 581.9 131.6 219.1 742.6 208.7 158.7 594.3 247.2 204.3 140.2 129.7 582.9 102.4 194.3 241.4 227.2 134.7 608.8 242.4 562.0 593.2 377.1 12.9 299.4 113.5 356.6 640.2 691.6 99.9 137.8 637.5 662.9 589.2 789.9 200.4 536.7 458.1 199.1 118.0 238.2 618.8 752.8 272.0 532.8 194.3 243.6 662.1 654.9 555.8 565.8 179.1 663.3 760.0 272.7 82.4 200.6 650.0 214.8 0.0 592.5 586.5 220.9 515.6 584.4 296.8 210.1 646.6 540.2
1946.0 309.5 589.1 275.7 687.6 659.1 619.2 241.3 648.9 703.8 585.3 249.9 65.9 592.2 571.6 256.7 600.8 88.0 668.1 610.8 685.5 266.2 626.2 730.7 293.1 582.4 249.5 667.6 570.0 112.5 716.4 256.5 684.5 259.8 695.8 295.8 597.5 640.0 388.2 243.3 381.7 262.2 176.5 246.3 616.3 619.7 96.8 244.3 676.9 305.2 592.5 653.3 222.4 226.7 289.9 27.0 643.4 625.9 222.7 191.9 194.7 127.7 652.9 689.3 630.5 548.3 737.3 220.6 153.9 178.8 593.3 122.8 598.3 545.7 265.9 712.0 164.7 311.1 588.9 168.1 216.2 702.7 217.8 252.3 664.9 240.5 172.0 302.2 275.1 652.5 553.4 697.2 722.0 738.4 315.8 701.6 201.4 27.1 324.1 707.0 645.1 609.8 590.4 210.7 685.2 689.0 680.9 145.0 616.5 700.7 326.2 682.8 644.7 24.9 608.8 666.7 714.9 748.5 208.7 615.9 657.7 603.0 640.4 616.3 246.5 599.1 127.7 200.4 720.7 640.2 643.0 605.6 700.2 227.4 275.2 660.6 623.8 298.4 323.8 211.1 373.5 682.0 158.6 168.8 618.7 610.1 651.4 184.5 335.5 628.7 185.5 680.3 656.8 227.8 192.9 261.1 275.6 653.3 430.1 343.6 615.4 701.9 660.3 292.9 688.9 626.6 0.0 247.4 638.9 209.3 217.1 640.4 691.7 270.2 172.9
1769.2 368.9 554.5 140.1 653.0 624.5 584.6 188.4 614.3 669.2 550.7 162.7 243.1 557.6 537.0 324.1 566.2 272.8 633.5 576.2 651.2 325.6 591.6 696.1 116.3 547.8 336.5 633.0 535.4 146.3 681.8 169.3 649.9 328.2 661.2 111.1 562.9 605.4 447.6 311.7 204.9 313.6 244.9 139.1 581.7 585.1 201.8 157.1 642.3 120.5 557.9 618.7 153.3 182.7 349.3 231.4 608.8 591.3 291.1 147.9 203.6 154.9 618.3 654.7 595.9 513.7 702.7 176.6 240.9 198.1 558.7 217.8 563.7 511.1 158.7 677.4 216.0 108.4 554.3 236.5 235.5 668.1 106.2 116.7 630.3 299.9 259.0 361.6 331.9 617.9 518.8 662.6 687.4 703.8 131.1 667.0 94.2 269.2 383.5 672.4 610.5 575.2 555.8 176.5 650.6 654.4 646.3 196.3 581.9 666.1 385.6 648.2 610.1 277.2 574.2 632.1 680.3 713.9 295.7 581.3 623.1 568.4 607.7 581.7 333.5 564.5 154.9 129.9 686.1 605.6 608.4 571.0 665.6 176.9 334.6 626.0 589.2 121.6 147.0 298.1 432.9 647.4 245.6 220.2 584.1 577.2 616.8 203.8 394.9 594.1 272.5 645.7 622.2 105.7 297.9 317.9 326.6 618.7 325.0 403.0 580.8 667.3 625.7 90.2 654.3 592.0 265.2 0.0 604.3 277.7 304.1 605.8 657.1 183.0 259.9
2145.7 685.4 298.8 592.3 187.6 368.8 328.9 486.2 163.6 161.2 299.9 584.8 529.9 301.9 281.3 510.9 310.5 584.1 186.2 208.7 162.6 642.1 335.9 292.0 591.7 292.1 576.3 47.2 280.4 506.3 264.6 592.1 163.5 525.6 98.9 612.4 307.2 349.7 764.1 509.1 680.3 511.0 442.3 561.9 329.1 307.9 518.3 579.9 386.6 621.8 270.8 171.4 576.1 525.1 665.8 518.2 163.1 80.8 488.5 490.3 588.5 521.5 149.6 378.7 345.1 258.0 57.5 512.8 491.5 572.6 239.5 534.3 308.0 335.4 581.5 273.3 558.5 627.7 244.4 433.9 610.0 82.3 498.2 568.9 212.3 616.4 486.2 678.1 529.3 362.2 343.1 292.7 160.6 58.6 632.4 81.2 517.0 556.0 700.0 87.7 332.9 319.5 320.5 604.5 203.3 236.4 177.6 538.8 284.4 248.1 702.1 70.9 354.4 553.8 318.5 184.8 153.5 309.8 542.4 324.7 347.1 312.7 352.0 202.7 567.4 313.7 521.5 552.7 430.4 211.9 352.7 266.3 409.9 599.7 651.1 280.0 333.5 597.0 622.4 548.7 749.4 229.4 496.2 417.6 349.8 272.5 361.1 578.3 711.4 343.3 492.3 390.0 366.5 528.5 614.4 515.3 525.5 98.4 622.8 719.5 325.1 263.2 39.9 609.5 159.1 228.2 552.0 546.0 0.0 475.1 543.9 350.1 239.1 605.8 499.7
1976.0 339.5 511.1 305.7 609.6 581.1 541.2 215.8 570.9 625.8 507.3 279.2 166.1 514.2 493.6 87.7 522.8 220.3 590.1 532.8 607.5 296.2 548.2 652.7 323.1 504.4 212.5 589.6 492.0 142.5 625.3 286.5 606.5 90.8 617.8 325.8 519.5 562.0 418.2 74.3 411.7 113.6 23.2 276.3 538.3 541.7 144.8 274.3 598.9 335.2 514.5 575.3 252.4 256.7 322.1 154.4 565.4 547.9 53.7 221.9 224.7 157.7 574.9 611.3 552.5 470.3 659.3 250.6 123.4 208.8 515.3 188.4 520.3 467.7 295.9 634.0 194.7 341.1 510.9 31.6 246.2 624.7 227.8 282.3 586.9 270.5 122.4 332.2 106.1 574.5 475.4 619.2 644.0 660.4 345.8 623.6 231.4 192.2 354.1 629.0 567.1 531.8 512.4 240.7 607.2 611.0 602.9 177.6 538.5 622.7 356.2 604.8 566.7 200.2 530.8 588.7 636.9 670.5 178.6 537.9 579.7 525.0 562.4 538.3 203.6 521.1 157.7 230.4 642.7 562.2 565.0 527.6 622.2 257.4 305.2 582.6 545.8 328.4 353.8 184.9 403.5 604.0 132.4 85.0 537.9 532.1 573.4 214.5 365.5 550.7 128.5 602.3 578.8 257.8 240.9 92.1 128.1 575.2 352.4 373.6 537.4 623.9 582.3 322.9 610.9 548.6 188.2 277.4 560.9 0.0 180.1 562.4 613.7 300.2 135.9
2009.4 372.9 565.5 339.1 664.0 635.5 595.6 270.2 625.3 680.2 561.7 313.3 199.5 568.6 548.0 243.7 577.2 253.7 644.5 587.2 662.2 329.6 602.6 707.1 356.5 558.8 78.2 644.0 546.4 175.9 692.8 319.9 660.9 236.2 672.2 359.2 573.9 616.4 451.6 219.7 445.1 238.6 152.9 309.7 592.7 596.1 178.2 307.7 653.3 368.6 568.9 629.7 285.8 290.1 353.3 187.8 619.8 602.3 199.1 255.3 305.2 191.1 629.3 665.7 606.9 524.7 713.7 284.0 160.0 242.2 569.7 221.8 574.7 522.1 329.3 688.4 228.1 374.5 565.3 144.5 279.6 679.1 282.2 315.7 641.3 303.9 141.8 365.6 251.5 628.9 529.8 673.6 698.4 714.8 379.2 678.0 264.8 225.6 387.5 683.4 621.5 586.2 566.8 274.1 661.6 665.4 657.3 208.4 592.9 677.1 389.6 659.2 621.1 233.6 585.2 643.1 691.3 724.9 198.0 592.3 634.1 579.4 618.7 592.7 223.0 575.5 191.1 263.8 697.1 616.6 619.4 582.0 676.6 290.8 338.6 637.0 600.2 361.8 387.2 231.2 436.9 658.4 192.7 145.2 595.1 588.2 627.8 247.9 398.9 605.1 147.9 656.7 633.2 212.8 274.3 237.5 251.6 629.7 406.8 407.0 591.8 678.3 636.7 356.3 665.3 603.0 221.6 310.8 615.3 185.7 0.0 616.8 668.1 333.6 44.1
2145.7 685.4 234.8 592.3 397.5 304.8 171.7 486.2 294.6 349.5 206.1 584.8 529.9 208.1 217.3 510.9 246.5 584.1 313.8 256.5 331.2 642.1 271.9 376.4 591.7 134.9 576.3 412.2 216.4 506.3 362.1 592.1 330.2 525.6 341.5 612.4 213.4 285.7 764.1 509.1 680.3 511.0 442.3 561.9 265.1 265.4 518.3 579.9 229.4 621.8 238.2 299.0 576.1 525.1 665.8 518.2 289.1 395.2 488.5 490.3 588.5 521.5 298.6 335.0 251.3 100.8 383.0 512.8 491.5 572.6 239.0 534.3 150.8 241.6 581.5 357.7 558.5 627.7 234.6 433.9 610.0 447.3 498.2 568.9 310.6 616.4 486.2 678.1 529.3 298.2 249.3 342.9 367.7 384.1 632.4 446.2 517.0 556.0 700.0 352.7 290.8 162.3 236.1 604.5 330.9 334.7 326.6 538.8 262.2 346.4 702.1 328.5 290.4 553.8 224.7 312.4 360.6 394.2 542.4 261.6 303.4 218.9 288.0 262.0 567.4 219.9 521.5 552.7 273.2 285.9 195.5 251.3 252.7 599.7 651.1 306.3 269.5 597.0 622.4 548.7 749.4 327.7 496.2 417.6 264.4 257.5 297.1 578.3 711.4 249.5 492.3 326.0 302.5 528.5 614.4 515.3 525.5 298.9 622.8 719.5 167.9 347.6 404.9 609.5 334.6 272.3 552.0 546.0 383.5 475.1 543.9 0.0 337.4 605.8 499.7
2220.1 759.8 274.5 666.7 261.2 271.7 295.3 560.6 140.3 221.2 262.5 659.9 604.3 264.5 156.7 595.9 286.2 658.5 126.6 62.6 195.2 716.5 211.3 248.1 666.1 272.7 650.7 257.9 255.4 580.7 233.8 666.5 201.9 600.0 213.2 686.8 269.8 252.6 838.5 583.5 754.7 585.4 516.7 636.3 301.7 161.8 592.7 654.3 367.2 696.2 177.6 111.8 650.5 599.5 740.2 592.6 160.8 270.0 562.9 564.7 710.0 595.9 144.3 232.6 307.7 238.6 228.7 593.4 565.9 647.0 93.4 608.7 288.6 298.0 655.9 229.4 632.9 702.1 98.3 508.3 684.4 293.0 572.6 643.3 16.9 690.8 560.6 752.5 603.7 265.1 305.7 248.8 239.4 229.8 706.8 291.9 591.4 630.4 774.4 224.4 186.8 300.1 174.4 678.9 125.7 32.5 172.3 613.2 138.3 8.9 776.5 174.2 257.3 638.4 281.1 107.2 232.3 265.9 616.8 201.0 201.0 275.3 327.7 56.6 641.8 276.3 595.9 627.1 411.0 168.0 333.3 120.2 390.5 674.1 725.5 245.7 236.4 671.4 696.8 623.1 823.8 25.5 570.6 492.0 203.7 126.4 336.8 652.7 785.8 305.9 566.7 292.9 342.2 602.9 688.8 589.7 598.4 144.7 697.2 793.9 305.7 219.3 250.6 683.9 180.3 185.2 626.4 620.4 229.2 549.5 618.3 330.7 0.0 680.2 574.1
1853.0 421.0 658.4 182.7 756.9 728.4 688.5 292.3 718.5 773.4 654.6 42.3 277.5 661.5 640.9 377.8 670.1 324.9 737.4 680.1 755.1 377.7 695.5 800.0 200.1 651.7 370.6 736.9 640.0 160.5 772.6 47.4 753.8 380.9 765.4 202.8 666.8 709.6 499.7 364.4 288.7 383.3 297.6 135.3 688.7 689.0 235.9 34.9 746.2 212.2 661.8 722.6 167.5 286.6 403.6 265.5 712.7 695.5 344.1 251.8 175.0 169.1 722.5 758.9 699.8 617.6 806.9 274.3 270.7 229.8 662.6 269.9 667.6 615.0 154.9 781.3 230.2 218.1 658.2 289.2 249.7 772.0 210.1 159.3 734.5 352.0 293.4 413.7 396.2 721.8 622.7 766.5 791.3 807.7 222.8 770.9 90.4 303.3 435.6 776.3 714.7 679.1 659.7 186.0 754.5 758.3 750.2 213.1 685.8 770.0 437.7 752.1 714.3 301.1 678.1 736.0 784.2 817.8 329.8 685.2 727.0 672.3 709.7 685.6 367.9 668.7 169.1 144.1 790.0 709.8 712.3 674.9 769.5 191.1 386.7 729.9 693.1 205.4 230.8 332.2 485.0 751.6 279.7 289.9 685.2 679.4 720.7 218.3 447.3 698.0 306.6 749.6 726.1 207.8 332.0 382.2 396.7 722.5 428.9 455.1 684.7 771.5 729.6 200.2 758.2 696.6 299.6 154.4 708.5 330.4 338.2 709.7 761.0 0.0 294.0
1965.2 328.7 521.3 294.9 619.8 591.3 551.4 226.0 581.1 636.0 517.5 269.1 155.3 524.4 503.8 199.5 533.0 209.5 600.3 543.0 618.0 285.4 558.4 662.9 312.3 514.6 122.4 599.8 502.2 131.7 648.6 275.7 616.7 192.0 628.0 315.0 529.7 572.2 407.4 175.5 400.9 194.4 108.7 265.5 548.5 551.9 134.0 263.5 609.1 324.4 524.7 585.5 241.6 245.9 309.1 143.6 575.6 558.1 154.9 211.1 261.0 146.9 585.1 621.5 562.7 480.5 669.5 239.8 115.8 198.0 525.5 177.6 530.5 477.9 285.1 644.2 183.9 330.3 521.1 100.3 235.4 634.9 238.0 271.5 597.1 259.7 97.6 321.4 207.3 584.7 485.6 629.4 654.2 670.6 335.0 633.8 220.6 181.4 343.3 639.2 577.3 542.0 522.6 229.9 617.4 621.2 613.1 164.2 548.7 632.9 345.4 615.0 576.9 189.4 541.0 598.9 647.1 680.7 153.8 548.1 589.9 535.2 574.5 548.5 178.8 531.3 146.9 219.6 652.9 572.4 575.2 537.8 632.4 246.6 294.4 592.8 556.0 317.6 343.0 187.0 392.7 614.2 148.5 101.0 550.9 544.0 583.6 203.7 354.7 560.9 103.7 612.5 589.0 168.6 230.1 193.3 207.4 585.5 362.6 362.8 547.6 634.1 592.5 312.1 621.1 558.8 177.4 266.6 571.1 141.5 44.1 572.6 623.9 289.4 0.0
