Name		2097_BED-Amazon_n127_m233_bt31
Number_of_Customers	127
Number_of_Items		233
Number_of_ItemTypes	31
Number_of_Vehicles	1
TimeWindows		0
Dist_type	manual

VEHICLE
Mass_Capacity	1693
CargoSpace_Length	160
CargoSpace_Width	70
CargoSpace_Height	72

CUSTOMERS
i	x	y	Demand	ReadyTime	DueDate	ServiceTime	DemandedMass	DemandedVolume
0	33.688122	-117.847178	0	0	0	0	0	0
1	33.660141	-117.905535	1	0	0	0	4.7	1380
2	33.658259	-117.904047	2	0	0	0	14.69	10835
3	33.65736	-117.904417	6	0	0	0	34.54	41104
4	33.659429	-117.906174	1	0	0	0	9.4	2760
5	33.656562	-117.901638	1	0	0	0	1.9	1176
6	33.658991	-117.911533	2	0	0	0	9.5	7580
7	33.668271	-117.916779	3	0	0	0	31.85	14064
8	33.656087	-117.898483	2	0	0	0	14.4	39288
9	33.664349	-117.917684	2	0	0	0	6.6	2556
10	33.66005	-117.894949	1	0	0	0	1.9	1176
11	33.665301	-117.908836	2	0	0	0	6.53	12520
12	33.659778	-117.905302	2	0	0	0	5.4	4020
13	33.659823	-117.904711	1	0	0	0	4.7	1380
14	33.664096	-117.917677	1	0	0	0	4.7	1380
15	33.663873	-117.911552	2	0	0	0	4.76	10152
16	33.657012	-117.905581	1	0	0	0	1.9	1176
17	33.666906	-117.910681	2	0	0	0	6.1	6660
18	33.666681	-117.924534	1	0	0	0	4.7	1380
19	33.661261	-117.896534	3	0	0	0	17.2	11096
20	33.664317	-117.914972	2	0	0	0	9.2	4816
21	33.664541	-117.921082	1	0	0	0	4.7	1380
22	33.662683	-117.906781	1	0	0	0	1.4	5280
23	33.66718	-117.924535	1	0	0	0	2.5	3978
24	33.661945	-117.906187	1	0	0	0	4.8	6200
25	33.663511	-117.908361	2	0	0	0	6.6	2556
26	33.665986	-117.918972	1	0	0	0	0.7	2640
27	33.661282	-117.907462	4	0	0	0	14.77	24424
28	33.659766	-117.914635	2	0	0	0	4.4	5154
29	33.655566	-117.901954	3	0	0	0	13.36	18760
30	33.656141	-117.899049	1	0	0	0	4.7	1380
31	33.660636	-117.914108	1	0	0	0	1.38	5100
32	33.666845	-117.916406	1	0	0	0	3.01	5544
33	33.657263	-117.906128	1	0	0	0	9.4	2760
34	33.662462	-117.91239	2	0	0	0	5.4	4020
35	33.666857	-117.911932	1	0	0	0	1.75	4608
36	33.659867	-117.909358	1	0	0	0	4.7	1380
37	33.663646	-117.910683	1	0	0	0	4.7	1380
38	33.655756	-117.901159	4	0	0	0	15.64	22564
39	33.66689	-117.908103	1	0	0	0	3.42	23780
40	33.661071	-117.917091	3	0	0	0	20.8	36116
41	33.658461	-117.89493	2	0	0	0	5.4	4020
42	33.659513	-117.895734	1	0	0	0	0.7	2640
43	33.667853	-117.916362	2	0	0	0	3.64	17544
44	33.654383	-117.902658	1	0	0	0	1.9	1176
45	33.658256	-117.895245	2	0	0	0	5.4	4020
46	33.662398	-117.895718	2	0	0	0	7.09	10595
47	33.665583	-117.915862	1	0	0	0	4.7	1380
48	33.657439	-117.899613	2	0	0	0	6.1	9018
49	33.660341	-117.91757	1	0	0	0	4.7	1380
50	33.657667	-117.905915	2	0	0	0	9.99	9455
51	33.659824	-117.894951	3	0	0	0	12.93	24359
52	33.659689	-117.903025	1	0	0	0	0.7	2640
53	33.663869	-117.912409	1	0	0	0	14.1	4140
54	33.666669	-117.924452	1	0	0	0	1.9	1176
55	33.666014	-117.917964	2	0	0	0	4.1	10500
56	33.665252	-117.914603	1	0	0	0	0.7	2640
57	33.66275	-117.90626	2	0	0	0	7.04	12683
58	33.666343	-117.923009	2	0	0	0	2.5	5160
59	33.664582	-117.89536	1	0	0	0	0.7	2640
60	33.65901	-117.912393	1	0	0	0	4.7	1380
61	33.65704	-117.895497	5	0	0	0	16.95	17802
62	33.659521	-117.893791	2	0	0	0	2.45	7248
63	33.659492	-117.912493	2	0	0	0	8.0	6280
64	33.657226	-117.899601	1	0	0	0	4.7	1380
65	33.662981	-117.908597	3	0	0	0	8.06	22472
66	33.66612	-117.908371	1	0	0	0	4.7	1380
67	33.666171	-117.923557	1	0	0	0	4.7	1380
68	33.658329	-117.904123	1	0	0	0	9.4	2760
69	33.660817	-117.896165	2	0	0	0	7.2	5358
70	33.667624	-117.91737	1	0	0	0	1.9	1176
71	33.658431	-117.912938	1	0	0	0	4.7	1380
72	33.665251	-117.912704	3	0	0	0	8.1	21528
73	33.661137	-117.89564	1	0	0	0	0.7	2640
74	33.66794	-117.92431	1	0	0	0	4.7	1380
75	33.66225	-117.917122	2	0	0	0	7.2	5358
76	33.661949	-117.907467	2	0	0	0	9.5	7580
77	33.65967	-117.903984	1	0	0	0	7.3	3640
78	33.658818	-117.913246	2	0	0	0	22.0	28280
79	33.660172	-117.911962	1	0	0	0	0.7	2640
80	33.660417	-117.90868	2	0	0	0	11.56	14080
81	33.661932	-117.909847	1	0	0	0	1.75	4608
82	33.657001	-117.897521	2	0	0	0	5.66	22592
83	33.663266	-117.908916	1	0	0	0	1.9	1176
84	33.659828	-117.911747	1	0	0	0	4.7	1380
85	33.668274	-117.923847	2	0	0	0	12.0	5020
86	33.663959	-117.915878	2	0	0	0	5.1	14378
87	33.655231	-117.903275	1	0	0	0	1.75	4608
88	33.663948	-117.909893	1	0	0	0	4.7	1380
89	33.659775	-117.913679	4	0	0	0	10.48	11634
90	33.663884	-117.914144	3	0	0	0	5.46	12792
91	33.658899	-117.904404	1	0	0	0	4.7	1380
92	33.658533	-117.914959	2	0	0	0	6.6	2556
93	33.65913	-117.90896	2	0	0	0	6.81	13125
94	33.666092	-117.912398	1	0	0	0	1.75	4608
95	33.665722	-117.921511	1	0	0	0	4.7	1380
96	33.655564	-117.898678	3	0	0	0	8.95	9966
97	33.661641	-117.905262	1	0	0	0	9.4	2760
98	33.660113	-117.907465	2	0	0	0	2.6	3816
99	33.659806	-117.90553	1	0	0	0	14.1	4140
100	33.656741	-117.900834	2	0	0	0	4.52	10240
101	33.662423	-117.911541	1	0	0	0	0.7	2640
102	33.659415	-117.907462	1	0	0	0	4.7	1380
103	33.665115	-117.921344	2	0	0	0	6.6	2556
104	33.66002	-117.917799	1	0	0	0	0.7	2640
105	33.661166	-117.914986	1	0	0	0	7.3	3640
106	33.659021	-117.895264	1	0	0	0	4.7	1380
107	33.659959	-117.905977	1	0	0	0	7.3	3640
108	33.656238	-117.901179	1	0	0	0	3.01	5544
109	33.666267	-117.913005	1	0	0	0	9.4	2760
110	33.661651	-117.914991	1	0	0	0	2.15	1080
111	33.664555	-117.911325	1	0	0	0	9.4	2760
112	33.662266	-117.914986	1	0	0	0	4.7	1380
113	33.666889	-117.90926	2	0	0	0	2.6	3816
114	33.662602	-117.895685	3	0	0	0	9.1	6534
115	33.659273	-117.9024	1	0	0	0	4.7	1380
116	33.660944	-117.91239	2	0	0	0	11.3	3936
117	33.663088	-117.9164	1	0	0	0	0.7	2640
118	33.655247	-117.900092	1	0	0	0	0.7	2640
119	33.665274	-117.919899	2	0	0	0	10.13	20826
120	33.66456	-117.910663	2	0	0	0	6.81	7896
121	33.659729	-117.895261	1	0	0	0	9.4	2760
122	33.658446	-117.911747	1	0	0	0	4.7	1380
123	33.665997	-117.916799	1	0	0	0	4.7	1380
124	33.656845	-117.898028	1	0	0	0	4.7	1380
125	33.657583	-117.896269	1	0	0	0	0.7	2640
126	33.661201	-117.894025	1	0	0	0	2.94	14904
127	33.660258	-117.91738	1	0	0	0	2.85	5320

ITEMS
Type	Length	Width	Height	Mass	Fragility	LoadBearingStrength
Bt1	18	12	5	2.15	1	0
Bt2	21	14	4	1.9	1	0
Bt3	23	15	4	4.7	1	0
Bt4	20	18	7	1.8	1	0
Bt5	15	11	16	0.7	1	0
Bt6	34	10	10	1.59	1	0
Bt7	20	14	13	7.3	1	0
Bt8	17	13	18	2.5	1	0
Bt9	24	12	16	1.75	1	0
Bt10	30	17	10	1.38	1	0
Bt11	28	19	10	2.85	1	0
Bt12	28	22	9	3.01	1	0
Bt13	28	19	11	2.78	1	0
Bt14	31	20	10	4.8	1	0
Bt15	40	19	10	3.82	1	0
Bt16	38	15	14	2.3	1	0
Bt17	25	19	17	5.29	1	0
Bt18	28	18	18	2.75	1	0
Bt19	29	25	13	1.77	1	0
Bt20	50	20	10	4.73	1	0
Bt21	40	20	13	2.6	1	0
Bt22	29	24	15	4.26	1	0
Bt23	29	27	15	2.11	1	0
Bt24	39	28	11	3.53	1	0
Bt25	26	20	24	5.36	1	0
Bt26	26	20	26	2.91	1	0
Bt27	27	23	24	2.94	1	0
Bt28	39	27	16	7.63	1	0
Bt29	40	33	17	6.77	1	0
Bt30	41	20	29	3.42	1	0
Bt31	58	40	11	12.6	1	0

DEMANDS PER CUSTOMER
i	Type Quantity
1	Bt3 1	
2	Bt3 2	Bt17 1	
3	Bt3 2	Bt2 1	Bt9 1	Bt31 1	Bt6 1	Bt7 1	
4	Bt3 2	
5	Bt2 1	
6	Bt14 1	Bt3 1	
7	Bt3 6	Bt2 1	Bt9 1	
8	Bt28 1	Bt29 1	
9	Bt2 1	Bt3 1	
10	Bt2 1	
11	Bt4 1	Bt20 1	
12	Bt5 1	Bt3 1	
13	Bt3 1	
14	Bt3 1	
15	Bt12 1	Bt9 1	
16	Bt2 1	
17	Bt5 2	Bt3 1	
18	Bt3 1	
19	Bt5 1	Bt2 1	Bt7 2	
20	Bt2 1	Bt7 1	
21	Bt3 1	
22	Bt5 2	
23	Bt8 1	
24	Bt14 1	
25	Bt2 1	Bt3 1	
26	Bt5 1	
27	Bt12 1	Bt19 1	Bt3 1	Bt17 1	
28	Bt8 1	Bt2 1	
29	Bt5 1	Bt7 1	Bt25 1	
30	Bt3 1	
31	Bt10 1	
32	Bt12 1	
33	Bt3 2	
34	Bt3 1	Bt5 1	
35	Bt9 1	
36	Bt3 1	
37	Bt3 1	
38	Bt5 1	Bt7 1	Bt27 1	Bt3 1	
39	Bt30 1	
40	Bt9 2	Bt31 1	Bt3 1	
41	Bt5 1	Bt3 1	
42	Bt5 1	
43	Bt27 1	Bt5 1	
44	Bt2 1	
45	Bt5 1	Bt3 1	
46	Bt17 1	Bt4 1	
47	Bt3 1	
48	Bt4 2	Bt8 1	
49	Bt3 1	
50	Bt3 1	Bt17 1	
51	Bt27 1	Bt17 1	Bt3 1	
52	Bt5 1	
53	Bt3 3	
54	Bt2 1	
55	Bt16 1	Bt4 1	
56	Bt5 1	
57	Bt17 1	Bt9 1	
58	Bt5 1	Bt4 1	
59	Bt5 1	
60	Bt3 1	
61	Bt3 2	Bt5 2	Bt2 1	Bt9 1	Bt8 1	
62	Bt5 1	Bt9 1	
63	Bt7 1	Bt5 1	
64	Bt3 1	
65	Bt24 1	Bt13 1	Bt9 1	
66	Bt3 1	
67	Bt3 1	
68	Bt3 2	
69	Bt3 1	Bt8 1	
70	Bt2 1	
71	Bt3 1	
72	Bt27 1	Bt12 1	Bt1 1	
73	Bt5 1	
74	Bt3 1	
75	Bt8 1	Bt3 1	
76	Bt3 1	Bt14 1	
77	Bt7 1	
78	Bt31 1	Bt3 2	
79	Bt5 1	
80	Bt22 1	Bt7 1	
81	Bt9 1	
82	Bt26 1	Bt18 1	
83	Bt2 1	
84	Bt3 1	
85	Bt3 1	Bt7 1	
86	Bt21 1	Bt8 1	
87	Bt9 1	
88	Bt3 1	
89	Bt10 1	Bt8 1	Bt3 1	Bt2 1	
90	Bt5 1	Bt9 1	Bt12 1	
91	Bt3 1	
92	Bt2 1	Bt3 1	
93	Bt3 1	Bt23 1	
94	Bt9 1	
95	Bt3 1	
96	Bt3 1	Bt8 1	Bt9 1	
97	Bt3 2	
98	Bt5 1	Bt2 1	
99	Bt3 3	
100	Bt5 1	Bt15 1	
101	Bt5 1	
102	Bt3 1	
103	Bt3 1	Bt2 1	
104	Bt5 1	
105	Bt7 1	
106	Bt3 1	
107	Bt7 1	
108	Bt12 1	
109	Bt3 2	
110	Bt1 1	
111	Bt3 2	
112	Bt3 1	
113	Bt5 1	Bt2 1	
114	Bt8 1	Bt2 1	Bt3 1	
115	Bt3 1	
116	Bt3 2	Bt2 1	
117	Bt5 1	
118	Bt5 1	
119	Bt8 1	Bt28 1	
120	Bt2 2	Bt12 1	
121	Bt3 2	
122	Bt3 1	
123	Bt3 1	
124	Bt3 1	
125	Bt5 1	
126	Bt27 1	
127	Bt11 1	

DISTANCE MATRIX
0.0 853.5 770.2 761.9 858.2 815.1 903.9 938.8 936.1 888.8 853.4 838.7 830.9 801.1 884.6 891.7 815.1 890.7 1067.9 864.5 863.3 985.7 913.9 1089.7 855.3 868.8 964.1 932.8 916.0 896.1 945.0 935.8 937.6 847.4 887.9 908.1 897.9 822.4 859.0 885.0 1001.6 1024.6 894.7 1005.3 877.6 1034.7 864.8 974.0 882.0 1034.9 844.7 873.8 852.2 908.1 1065.7 936.8 890.3 826.0 1062.6 786.1 911.2 954.7 858.3 918.6 879.5 855.4 876.5 1019.4 769.4 863.6 1016.8 905.3 882.7 859.4 1124.4 947.8 888.2 822.6 921.2 930.7 874.0 855.9 1011.1 819.7 924.4 1144.2 920.6 881.7 869.2 939.3 895.9 780.5 987.0 884.7 928.5 997.2 890.3 861.5 911.3 844.8 895.7 868.4 889.9 1005.2 1021.3 894.2 864.1 882.3 823.7 940.9 885.9 858.1 874.8 855.8 829.2 886.1 910.5 874.7 857.4 990.9 843.8 865.6 889.4 977.4 1023.7 961.3 936.8 1022.8
853.5 0.0 80.1 118.4 64.1 153.6 234.6 324.7 274.6 276.0 351.3 219.5 33.8 49.8 271.8 278.9 171.6 277.9 455.1 353.6 250.5 372.9 200.3 476.9 91.0 252.3 351.3 144.0 278.3 234.6 283.5 286.4 320.9 203.9 263.9 295.3 225.7 209.6 197.5 272.2 388.8 335.3 365.6 392.5 217.3 345.4 427.3 357.3 220.5 422.1 201.2 382.4 121.4 295.3 452.9 324.0 277.5 148.4 449.8 266.0 241.9 295.1 383.3 249.3 218.0 238.9 263.7 406.6 80.9 325.9 404.0 236.0 266.0 344.4 511.6 335.0 166.2 91.8 251.9 264.2 201.8 186.5 286.0 225.9 255.1 531.4 307.8 275.1 256.4 270.0 283.1 70.3 277.9 215.4 311.8 384.4 228.8 70.8 108.1 23.0 234.2 244.4 95.8 392.4 408.5 295.0 315.4 35.1 162.2 324.2 287.2 245.3 294.2 243.0 407.5 155.3 264.4 261.9 195.9 378.1 231.0 374.2 220.1 364.6 285.8 289.2 326.0 410.0
768.8 87.7 0.0 33.7 92.4 68.9 236.1 345.0 160.0 266.6 266.6 216.5 65.1 35.3 262.4 269.5 86.9 268.5 445.7 268.9 241.1 363.5 195.3 467.5 146.5 272.6 341.9 202.6 241.2 132.7 198.8 281.6 315.4 119.2 284.2 285.9 246.7 200.2 112.8 262.8 379.4 250.6 280.9 385.4 132.6 260.7 342.6 351.8 135.8 412.7 116.5 265.4 86.4 281.0 443.5 314.6 268.1 139.0 440.4 181.3 237.1 216.5 296.1 244.5 133.3 251.2 254.3 397.2 3.6 241.2 394.6 231.2 260.5 259.7 502.2 307.0 180.4 56.8 247.1 259.4 230.2 206.8 201.3 197.5 250.3 522.0 298.4 190.4 247.0 265.2 279.9 14.7 258.8 228.4 306.3 375.0 149.7 95.7 145.5 77.5 149.5 264.7 124.1 383.0 420.9 260.8 230.7 116.5 77.5 318.7 269.0 235.9 280.4 233.6 322.8 120.3 279.6 252.5 111.2 368.7 221.6 289.5 215.3 355.2 201.1 204.5 241.3 400.6
822.2 159.0 70.5 0.0 193.0 122.7 282.9 398.4 243.0 297.9 320.0 291.4 135.7 106.6 333.3 300.8 140.3 299.8 516.6 322.0 312.5 434.4 273.7 538.4 217.8 325.7 412.8 273.9 294.3 160.5 252.2 335.0 386.3 133.0 298.0 356.8 300.1 271.1 165.9 333.7 392.0 303.7 334.3 453.7 186.0 313.8 395.7 422.7 193.2 515.8 130.3 318.5 157.7 352.3 514.4 385.9 339.0 260.5 511.0 234.7 290.5 270.3 351.7 258.3 186.7 217.4 325.2 468.1 74.2 288.3 465.5 284.6 291.8 313.1 573.1 396.2 227.9 128.1 260.9 312.8 196.4 260.2 254.4 299.6 303.7 592.6 369.0 243.8 317.9 322.6 350.8 86.0 312.6 194.6 377.2 445.9 163.5 166.3 216.9 231.1 202.6 318.1 195.4 453.6 474.3 314.2 284.1 187.8 131.3 389.3 322.4 267.2 333.8 304.2 376.7 191.6 293.4 323.4 165.0 439.6 292.9 327.6 268.7 426.1 254.5 257.9 294.7 471.5
859.3 52.8 90.4 161.0 0.0 159.4 225.0 315.1 280.4 283.1 357.1 209.9 85.5 90.3 278.9 286.0 177.4 282.4 462.2 359.4 257.6 380.0 165.4 484.0 125.7 242.7 358.4 134.4 268.7 223.2 289.3 276.8 311.3 209.7 254.3 299.8 216.1 216.7 203.3 276.7 395.9 341.1 371.4 401.9 223.1 360.6 433.1 347.7 226.3 429.2 207.0 355.9 141.4 297.5 460.0 331.1 284.6 187.3 456.9 271.8 232.3 307.0 386.6 239.7 223.8 221.3 268.2 413.7 86.1 331.7 411.1 226.4 256.4 350.2 518.7 323.5 156.6 111.8 242.3 254.6 192.2 176.9 299.2 216.3 245.5 538.5 314.9 280.9 263.5 260.4 296.4 76.1 268.3 205.8 302.2 391.5 240.2 119.5 80.3 63.0 240.0 234.8 58.1 399.5 415.6 285.4 321.2 26.4 168.0 314.6 277.6 252.4 284.6 266.3 413.3 175.3 254.8 269.0 201.7 385.2 238.1 380.0 210.5 359.0 291.6 295.0 331.8 417.1
737.1 152.8 69.5 79.2 157.5 0.0 299.5 414.7 120.9 331.7 234.9 281.6 130.2 100.4 327.5 334.6 156.6 333.6 510.8 199.9 306.2 428.6 290.3 532.6 211.6 342.3 407.0 267.7 310.9 80.9 129.8 351.3 380.5 188.9 353.9 351.0 316.4 265.3 43.8 327.9 444.5 181.6 211.9 448.2 63.6 191.7 273.6 416.9 66.8 477.8 186.2 255.3 151.5 351.0 508.6 379.7 333.2 204.1 505.5 149.6 306.8 141.4 229.6 314.2 64.3 328.9 319.4 462.3 68.7 172.2 459.7 300.9 325.6 197.4 567.3 390.7 245.5 121.9 316.8 329.1 299.9 276.5 132.3 262.6 320.0 587.1 363.5 121.4 312.1 334.9 338.8 79.8 328.5 298.1 371.4 440.1 75.1 160.8 210.6 144.1 80.5 334.4 189.2 448.1 490.6 330.5 161.7 181.6 8.6 383.8 338.7 301.0 350.1 298.7 253.8 185.4 349.3 317.6 42.2 433.8 286.7 247.1 285.0 420.3 132.1 135.5 209.6 465.7
979.4 281.2 314.5 385.4 253.3 297.5 0.0 296.1 372.3 236.5 443.2 176.5 300.0 279.7 236.1 229.2 235.8 234.8 379.7 404.5 163.4 297.5 180.9 401.5 280.1 157.8 288.1 259.7 73.8 341.0 411.1 87.8 234.1 244.0 181.1 240.2 130.7 157.3 323.5 229.1 313.4 473.0 493.2 319.4 289.8 482.4 437.0 270.5 363.4 346.7 265.4 421.0 351.3 228.1 377.5 267.1 184.1 272.4 365.8 391.9 43.3 428.8 445.6 57.0 354.6 136.4 220.6 331.2 310.2 409.9 328.6 37.4 217.3 405.7 436.2 241.0 288.2 321.7 59.6 29.6 120.5 108.7 421.0 131.4 20.5 457.3 211.2 293.9 209.9 77.7 202.2 300.2 80.0 112.4 252.0 309.0 368.3 273.6 235.6 291.4 378.3 167.9 256.2 323.3 365.6 99.3 443.0 254.8 335.1 245.9 107.5 195.6 118.9 218.7 437.7 385.2 49.8 186.5 350.5 309.0 178.7 449.1 21.5 281.8 413.4 416.8 417.9 334.6
967.2 306.8 301.0 322.3 278.9 370.0 276.7 0.0 491.0 159.3 429.7 138.3 340.7 266.2 254.1 238.3 334.0 210.8 187.9 397.3 232.8 208.3 230.9 209.2 305.7 249.8 172.2 291.6 320.4 433.8 499.9 314.5 130.9 335.9 287.6 228.2 249.4 191.9 413.9 205.1 371.1 486.7 471.0 248.8 388.0 520.1 423.5 169.8 436.9 325.0 363.6 450.1 337.8 249.8 185.7 144.9 228.0 265.2 166.4 362.4 284.0 482.7 432.1 291.4 434.4 228.4 196.6 162.5 296.7 396.4 66.9 278.1 184.8 392.2 216.8 317.3 313.8 308.2 294.0 306.3 225.5 210.2 502.4 200.7 297.2 236.6 290.1 392.1 215.8 312.1 271.1 286.7 320.0 255.5 230.6 219.8 450.8 260.1 261.2 317.0 450.6 268.1 281.8 227.8 283.5 218.5 440.4 280.4 378.6 243.0 210.2 204.7 199.1 194.7 424.2 371.7 288.1 244.2 412.3 213.5 195.5 441.9 262.2 158.7 502.2 505.6 404.4 324.7
839.6 255.3 143.3 240.9 235.8 102.4 372.6 481.5 0.0 434.2 179.5 376.3 231.1 202.9 430.0 412.9 223.4 411.9 613.3 219.0 408.7 531.1 331.8 635.1 314.1 384.9 509.5 370.2 371.8 127.1 65.2 418.1 477.7 231.5 396.5 453.5 383.2 367.8 107.2 430.4 547.0 137.9 158.1 553.0 151.2 147.3 272.2 514.1 110.2 598.9 228.8 142.6 254.0 448.6 611.1 458.0 435.7 306.6 599.4 252.1 373.6 56.4 173.3 356.8 131.9 363.5 421.9 564.8 171.8 154.0 562.2 367.7 398.6 209.8 669.8 474.6 323.8 224.4 359.4 395.9 342.5 343.3 85.9 382.7 386.8 690.9 462.8 188.2 414.6 401.7 423.3 182.3 396.0 364.9 468.6 542.6 34.4 239.1 313.9 220.9 155.6 401.2 291.7 550.6 557.4 397.3 107.9 284.1 94.4 456.8 405.5 379.3 416.9 420.0 272.9 287.9 416.1 420.1 90.3 536.3 365.0 129.4 351.8 522.8 78.3 81.7 219.1 598.6
1037.3 280.2 272.2 293.5 312.5 341.2 217.2 147.0 432.3 0.0 400.9 162.8 257.7 237.4 5.9 113.0 387.7 155.3 230.6 368.5 53.3 148.4 194.8 252.4 265.7 209.9 75.2 325.2 139.3 405.0 471.1 152.5 60.7 389.6 173.8 137.9 232.8 129.8 385.1 200.3 236.3 448.0 442.2 168.0 404.9 481.9 394.7 99.6 408.1 269.6 417.3 378.7 309.0 101.5 228.4 47.9 81.8 236.4 216.7 333.6 189.0 453.9 403.3 181.6 405.6 188.5 203.2 182.1 267.9 367.6 179.5 185.6 115.0 363.4 287.1 73.9 347.4 279.4 187.0 193.9 208.9 167.9 473.6 160.8 203.0 306.9 48.5 445.8 136.3 168.9 75.6 257.9 182.6 238.9 149.7 159.9 422.0 231.3 294.8 271.7 421.8 180.4 315.4 167.9 256.0 110.9 411.6 314.0 349.8 137.3 102.6 95.9 91.5 171.4 395.4 342.9 173.7 109.4 383.5 153.6 105.1 413.1 201.5 88.5 473.4 476.8 375.6 257.5
758.3 366.1 282.8 292.5 370.8 213.2 477.1 437.2 157.9 387.2 0.0 337.1 343.5 313.7 383.0 390.1 334.2 389.1 566.3 237.6 361.7 484.1 467.9 588.1 424.9 367.2 462.5 481.0 488.5 279.3 176.0 528.9 436.0 366.5 386.3 406.5 494.0 320.8 242.2 383.4 500.0 111.7 96.0 503.7 262.0 135.7 192.7 472.4 199.6 533.3 363.8 75.1 364.8 406.5 564.1 435.2 388.7 417.4 561.0 170.8 484.4 126.2 71.0 491.8 201.8 353.8 374.9 517.8 282.0 209.9 515.2 478.5 381.1 228.4 622.8 446.2 458.8 335.2 494.4 506.7 477.5 454.1 132.9 318.1 497.6 642.6 419.0 299.0 367.6 512.5 394.3 293.1 506.1 475.7 426.9 495.6 149.7 374.1 423.9 357.4 258.9 366.8 402.5 503.6 519.7 508.1 65.4 394.9 205.2 439.3 516.3 356.5 373.2 354.2 172.9 398.7 526.9 373.1 201.1 489.3 342.2 66.9 462.6 475.8 145.5 120.3 114.3 521.2
916.4 208.8 203.0 224.3 180.9 272.0 185.0 216.8 393.0 149.4 331.7 0.0 242.7 168.2 145.2 99.9 236.0 72.4 328.5 299.3 123.9 246.3 107.6 350.3 207.7 111.4 186.1 193.6 212.1 335.8 401.9 179.5 101.3 237.9 164.2 89.8 151.4 83.0 315.9 66.7 262.2 378.8 373.0 240.1 290.0 412.7 346.0 137.7 338.9 295.5 265.6 352.1 239.8 111.4 326.3 158.8 89.6 167.2 314.6 264.4 186.0 384.7 336.6 185.4 336.4 90.0 58.2 280.0 198.7 298.4 249.3 180.1 46.4 294.2 385.0 208.4 215.8 210.2 196.0 173.3 127.5 111.9 411.8 62.3 182.4 404.8 154.6 294.1 77.4 195.9 132.7 188.7 222.7 157.5 92.2 257.8 352.8 162.1 163.9 219.0 352.6 144.7 183.8 265.8 281.9 183.7 342.4 182.4 280.6 104.6 175.9 66.3 165.6 56.3 326.2 273.7 153.1 135.3 314.3 251.5 57.1 343.9 164.2 149.0 404.2 407.6 306.4 283.4
826.7 22.5 57.8 128.7 73.4 126.8 294.0 347.3 217.9 264.5 324.5 216.3 0.0 35.1 262.2 267.4 144.8 266.4 445.5 326.8 240.9 363.3 197.6 467.3 113.6 274.9 341.7 166.6 293.2 188.7 256.7 339.5 315.2 177.1 288.1 285.7 248.3 200.0 168.8 262.6 377.3 318.6 338.8 385.2 190.5 328.0 380.0 351.6 193.7 412.5 172.5 321.4 94.6 280.8 443.3 312.5 267.9 136.9 431.6 239.2 295.0 272.5 354.0 300.5 191.2 253.5 254.1 397.0 53.5 297.2 394.4 289.1 258.4 317.6 502.0 306.8 188.8 65.0 305.0 317.3 224.4 209.1 266.6 197.3 308.2 523.1 295.0 248.3 246.8 321.2 277.8 43.5 317.4 284.4 306.1 374.8 205.7 93.4 127.3 12.3 214.9 267.0 105.1 380.9 398.9 318.7 288.6 57.7 135.4 316.6 326.9 233.8 338.3 252.2 378.8 128.5 288.6 252.3 169.1 368.5 219.5 345.5 273.2 355.0 259.0 262.4 299.2 400.4
803.6 44.4 30.2 68.5 71.7 103.7 264.6 281.2 224.7 231.2 301.4 181.1 21.8 0.0 227.0 234.1 121.7 233.1 410.3 303.7 205.7 328.1 255.4 432.1 111.1 211.2 306.5 167.2 276.0 184.7 233.6 316.4 280.0 154.0 230.3 250.5 281.5 164.8 147.6 227.4 344.0 285.4 315.7 347.7 167.4 295.5 377.4 316.4 170.6 377.3 151.3 332.5 71.5 250.5 408.1 279.2 232.7 103.6 405.0 216.1 271.9 245.2 333.4 279.3 168.1 197.8 218.9 361.8 31.0 276.0 359.2 266.0 225.1 294.5 466.8 290.2 145.0 41.9 281.9 294.2 265.0 241.6 236.1 162.1 285.1 486.6 263.0 225.2 211.6 300.0 238.3 20.4 293.6 263.2 270.9 339.6 178.9 60.3 124.8 54.2 184.3 210.8 103.4 347.6 363.7 295.6 265.5 81.1 112.3 283.3 303.8 200.5 217.2 198.2 357.6 105.4 314.4 217.1 146.0 333.3 186.2 324.3 250.1 319.8 235.9 239.3 276.1 365.2
1031.4 274.3 261.8 300.1 262.2 335.3 227.7 141.1 456.3 4.2 395.0 167.0 253.4 231.5 0.0 117.2 391.9 159.5 224.7 362.6 57.5 142.5 214.2 246.5 259.8 162.7 79.4 274.9 136.9 416.3 465.2 156.7 64.9 393.8 178.0 142.1 184.0 134.0 379.2 204.5 182.2 452.0 436.3 162.1 399.0 476.0 409.3 103.8 402.2 215.5 421.5 415.4 303.1 110.6 222.5 52.1 86.0 230.5 219.4 327.7 193.2 476.8 399.9 185.8 399.7 149.3 207.4 176.2 262.6 361.7 173.6 189.8 119.2 357.5 281.2 128.4 297.1 273.5 191.2 198.1 160.1 119.1 467.7 113.6 207.2 301.0 52.7 450.0 140.5 173.1 73.6 252.0 186.8 190.1 153.9 154.0 410.5 225.4 245.2 285.8 415.9 131.6 265.1 162.0 201.9 115.1 405.7 263.7 343.9 141.5 106.8 100.1 95.7 179.3 389.5 337.0 177.9 55.3 377.6 147.7 109.3 407.2 205.7 92.7 467.5 470.9 369.7 203.4
907.1 267.1 258.2 292.0 239.2 327.2 203.6 241.0 448.2 133.4 386.9 92.1 243.7 223.4 139.3 0.0 294.3 144.1 324.6 354.5 96.8 242.4 225.1 346.4 266.0 136.6 191.3 251.9 176.2 391.0 457.1 180.2 155.3 296.2 126.6 161.4 159.5 56.5 371.1 138.4 258.3 434.0 428.2 264.3 348.3 467.9 401.2 191.7 394.1 291.6 323.9 385.7 295.0 71.2 322.4 164.0 105.3 222.4 310.7 319.6 193.5 439.9 389.3 186.1 391.6 115.2 129.9 276.1 253.9 353.6 273.5 214.1 136.1 349.4 381.1 185.9 274.1 265.4 214.7 174.0 135.6 94.6 459.6 87.5 183.1 400.9 114.4 352.4 63.0 196.6 92.5 243.9 226.1 165.6 173.2 253.9 408.0 217.3 221.5 277.3 415.3 107.1 242.1 261.9 278.0 154.4 397.6 240.7 335.8 160.8 146.1 22.6 135.0 128.0 381.4 328.9 153.8 131.4 369.5 247.6 31.8 399.1 215.1 203.0 459.4 462.8 361.6 279.5
823.8 228.0 174.2 183.9 200.1 141.9 203.1 318.3 246.6 286.3 321.6 213.1 261.9 268.6 282.1 289.2 0.0 285.6 465.4 289.2 291.9 383.2 193.9 487.2 226.9 245.9 361.6 212.8 214.5 196.3 255.5 254.9 314.5 92.5 257.5 303.0 220.0 219.9 161.6 279.9 399.1 307.3 337.6 440.4 134.2 317.4 408.3 350.9 201.5 435.7 29.5 354.4 340.2 305.6 463.2 334.3 318.9 267.6 460.1 236.3 210.4 267.1 355.3 217.8 199.0 232.5 271.4 416.9 173.4 306.9 451.9 204.5 259.6 284.1 521.9 345.3 235.0 310.6 220.4 232.7 203.5 180.1 258.0 219.5 223.6 541.7 349.2 138.3 266.7 238.5 324.5 289.1 232.1 201.7 305.4 394.7 200.8 262.5 183.1 251.1 215.2 238.0 203.0 402.7 394.2 234.1 287.4 201.6 179.5 317.8 242.3 255.6 253.7 250.7 388.5 374.1 252.9 272.2 194.9 388.4 241.3 346.2 188.6 362.2 257.8 261.2 296.3 435.4
992.9 285.3 269.0 290.3 257.4 338.0 232.6 202.0 459.0 156.7 397.7 76.4 256.1 234.2 162.6 135.9 312.5 0.0 351.4 365.3 102.1 269.2 184.1 373.2 284.2 147.4 171.3 270.1 188.1 401.8 467.9 201.3 86.5 314.4 200.2 17.4 212.8 119.0 381.9 44.9 285.1 444.8 439.0 225.3 366.5 488.1 412.0 122.9 404.9 318.4 342.1 418.1 305.8 147.4 349.2 144.0 106.8 233.2 337.5 330.4 228.8 450.7 400.1 221.4 402.4 126.0 80.8 302.9 264.7 364.4 234.5 234.4 100.4 360.2 407.9 212.7 292.3 276.2 235.8 209.3 188.9 147.9 477.8 98.3 218.4 427.7 137.7 370.6 113.4 217.7 142.4 254.7 232.1 218.9 86.0 280.7 418.8 228.1 240.4 295.5 426.1 180.7 260.3 288.7 304.8 159.7 408.4 258.9 346.6 73.6 151.4 102.3 140.3 16.0 392.2 339.7 189.1 158.2 380.3 274.4 93.1 409.9 240.7 134.2 470.2 473.6 372.4 306.3
1110.7 451.1 438.6 476.9 439.0 512.1 388.7 202.4 633.1 242.4 571.8 340.8 430.2 408.3 238.2 341.4 494.1 342.2 0.0 539.4 265.2 159.4 391.0 21.7 436.6 339.5 285.6 451.7 297.9 593.1 642.0 317.7 244.3 496.0 327.9 324.8 360.8 282.4 556.0 407.6 359.0 628.8 613.1 223.4 575.8 652.8 586.1 283.2 579.0 400.6 523.7 592.2 479.9 334.8 2.1 258.3 292.2 407.3 78.9 504.5 354.2 653.6 576.7 346.8 576.5 326.1 399.1 38.8 439.4 538.5 234.9 350.8 301.4 534.3 68.5 305.2 473.9 450.3 352.2 359.1 336.9 295.9 644.5 290.4 368.2 88.3 291.0 552.2 335.0 334.1 297.8 428.8 347.8 366.9 336.6 130.5 587.3 402.2 422.0 462.6 592.7 308.4 441.9 139.9 359.1 276.1 582.5 440.5 520.7 324.2 267.8 320.7 256.7 378.4 566.3 513.8 338.9 232.1 554.4 233.9 303.8 584.0 366.7 272.1 644.3 647.7 546.5 380.2
725.8 340.0 252.2 266.4 344.7 187.1 460.1 404.7 177.3 354.7 145.9 304.6 315.8 287.6 350.5 357.6 310.9 356.6 533.8 0.0 329.2 451.6 444.6 555.6 398.8 334.7 430.0 454.9 465.2 218.0 218.4 505.6 403.5 343.2 353.8 374.0 470.7 288.3 198.1 350.9 467.5 202.9 187.2 473.5 217.9 226.9 121.7 439.9 131.2 500.8 340.5 166.3 338.7 369.1 531.6 402.7 356.2 391.3 528.5 138.3 461.1 156.7 148.3 468.5 133.4 313.3 342.4 485.3 256.5 47.6 482.7 455.2 348.6 59.3 590.3 395.1 432.7 309.1 471.1 483.4 454.2 321.8 182.7 285.6 474.3 611.4 386.5 275.7 335.1 489.2 368.0 267.0 482.8 452.4 394.4 463.1 187.6 348.0 398.6 329.8 201.3 334.3 376.4 471.1 487.2 484.8 156.6 368.8 179.1 406.8 351.8 324.0 340.7 321.7 122.4 372.6 503.6 340.6 214.5 456.8 309.7 158.1 439.3 443.3 187.9 144.7 120.6 488.7
891.4 303.5 242.5 313.1 275.6 311.5 170.1 165.6 432.5 70.1 371.2 107.9 228.0 207.7 65.9 76.1 334.3 100.4 249.2 338.8 0.0 167.0 165.1 271.0 236.0 173.0 130.9 288.3 85.9 375.3 441.4 99.1 76.9 336.2 120.4 83.0 185.9 92.9 355.4 145.4 182.9 418.3 412.5 186.6 388.3 452.2 385.5 113.3 378.4 216.2 363.9 370.0 279.3 64.6 247.0 103.6 26.9 206.7 243.9 303.9 135.6 424.2 376.1 128.2 375.9 151.6 163.7 200.7 238.8 337.9 198.1 132.2 60.1 333.7 305.7 129.1 310.5 249.7 133.6 140.5 172.0 131.0 443.9 123.9 149.6 325.5 57.2 392.4 99.4 115.5 38.7 228.2 129.2 201.7 94.8 178.5 392.3 201.6 257.9 242.0 392.1 128.7 278.5 186.5 202.6 57.5 381.9 277.1 320.1 82.4 49.2 59.0 38.1 120.2 365.7 313.2 120.3 56.0 353.8 172.2 68.2 383.4 148.1 124.6 443.7 447.1 345.9 204.1
1000.7 359.8 347.3 385.6 347.7 420.8 297.4 202.2 541.8 151.1 480.5 238.1 338.9 317.0 146.9 250.1 402.8 274.4 159.7 448.1 173.9 0.0 299.7 181.5 345.3 248.2 226.4 360.4 206.6 501.8 550.7 226.4 185.9 404.7 236.6 257.0 269.5 191.1 464.7 284.4 267.7 537.5 521.8 223.2 484.5 561.5 494.8 224.8 487.7 309.3 432.4 500.9 388.6 243.5 157.5 199.1 200.9 316.0 154.4 413.2 262.9 562.3 485.4 255.5 485.2 234.8 275.9 111.2 348.1 447.2 234.7 259.5 234.1 443.0 216.2 213.9 382.6 359.0 260.9 267.8 245.6 204.6 553.2 199.1 276.9 236.0 199.7 460.9 243.7 242.8 206.5 337.5 256.5 275.6 268.8 50.9 496.0 310.9 330.7 371.3 501.4 217.1 350.6 19.4 267.8 184.8 491.2 349.2 429.4 256.4 176.5 229.4 165.4 255.2 475.0 422.5 247.6 140.8 463.1 142.6 212.5 492.7 275.4 213.7 553.0 556.4 455.2 288.9
860.7 219.8 195.2 282.7 161.6 280.8 182.3 226.7 371.9 178.1 340.5 104.9 197.3 177.0 190.5 197.6 298.8 177.4 373.8 291.5 152.6 291.6 0.0 395.6 205.3 158.7 270.0 174.3 213.8 344.6 410.7 213.8 222.9 218.6 170.3 211.4 148.7 128.3 324.7 188.3 290.9 387.6 381.8 313.5 344.5 430.9 334.3 259.3 331.1 340.8 328.4 318.3 248.6 192.5 371.6 242.7 196.2 176.0 359.9 273.2 183.3 393.5 342.9 174.1 345.2 153.9 179.8 325.3 207.5 290.6 322.7 177.4 168.0 303.0 430.3 235.1 221.6 219.0 176.7 205.6 108.2 109.5 420.6 148.9 196.5 451.4 223.3 291.4 175.1 194.8 208.0 197.5 220.0 154.8 213.8 303.1 345.0 170.9 160.5 194.7 368.9 167.4 181.1 294.5 327.2 218.0 351.2 179.7 289.4 209.6 210.2 147.4 217.2 177.9 318.4 282.5 170.8 180.6 323.1 296.8 149.7 352.7 161.5 270.6 413.0 416.4 315.2 328.7
1120.1 483.9 471.4 509.7 471.8 544.9 421.5 211.8 665.9 275.2 604.6 350.2 463.0 441.1 271.0 374.2 526.9 351.6 32.7 572.2 298.0 192.2 423.8 0.0 469.4 372.3 295.0 484.5 330.7 625.9 674.8 350.5 253.7 528.8 360.7 334.2 393.6 315.2 588.8 417.0 391.8 661.6 645.9 232.8 608.6 685.6 618.9 292.6 611.8 433.4 556.5 625.0 512.7 367.6 34.9 267.7 325.0 440.1 70.3 537.3 387.0 686.4 609.5 379.6 609.3 358.9 408.5 71.6 472.2 571.3 244.3 383.6 310.8 567.1 46.7 338.0 506.7 483.1 385.0 391.9 369.7 328.7 677.3 323.2 401.0 66.5 323.8 585.0 367.8 366.9 330.6 461.6 380.6 399.7 346.0 163.3 620.1 435.0 454.8 495.4 625.5 341.2 474.7 172.7 391.9 308.9 615.3 473.3 553.5 333.6 300.6 353.5 289.5 387.8 599.1 546.6 371.7 264.9 587.2 266.7 336.6 616.8 399.5 281.5 677.1 680.5 579.3 413.0
896.6 95.4 123.2 161.5 123.8 196.7 193.1 283.2 317.7 251.2 342.0 178.0 129.3 92.9 247.0 254.1 214.7 250.5 430.3 309.6 225.7 348.1 158.8 452.1 0.0 210.8 326.5 98.5 236.8 277.7 326.6 244.9 279.4 247.0 222.4 267.9 184.2 184.8 240.6 244.8 364.0 378.4 408.7 367.7 260.4 388.5 356.3 315.8 263.6 397.3 244.3 362.4 164.5 270.5 428.1 299.2 252.7 132.7 425.0 309.1 200.4 338.2 346.9 207.8 261.1 197.4 236.3 381.8 124.0 308.7 379.2 194.5 224.5 304.5 486.8 310.2 80.5 134.9 210.4 222.7 160.3 145.0 329.1 184.4 213.6 506.6 283.0 318.2 231.6 228.5 258.3 113.4 236.4 173.9 270.3 359.6 271.9 81.3 106.8 118.5 277.3 202.9 126.7 367.6 383.7 253.5 358.5 108.7 205.3 282.7 245.7 220.5 252.7 215.6 336.5 198.4 222.9 237.1 239.0 353.3 206.2 354.2 178.6 327.1 328.9 332.3 316.7 385.2
867.5 226.6 218.6 289.9 214.5 287.6 173.4 250.5 408.6 155.0 347.3 86.9 204.1 183.8 150.8 139.9 269.6 138.9 334.1 314.9 129.5 251.9 141.2 355.9 212.1 0.0 270.6 227.2 176.0 351.4 417.5 150.0 185.8 271.5 141.1 156.3 147.3 111.0 331.5 133.2 267.8 394.4 388.6 273.8 351.3 428.3 361.6 222.2 354.5 301.1 299.2 346.1 255.4 151.4 331.9 243.3 174.1 182.8 328.8 280.0 163.3 400.3 352.2 155.9 352.0 17.2 124.7 285.6 214.3 314.0 283.0 183.9 130.9 309.8 390.6 195.4 249.4 225.8 184.5 143.8 123.4 82.4 427.4 35.5 152.9 410.4 194.6 327.7 117.4 166.4 172.7 204.3 225.8 153.4 176.7 263.4 368.4 177.7 196.8 218.1 368.2 121.6 217.4 271.4 287.5 154.2 358.0 216.0 296.2 189.1 146.4 106.3 157.8 104.0 341.8 289.3 123.6 140.9 329.9 257.1 97.1 359.5 195.0 233.5 419.8 423.2 322.0 289.0
1056.0 387.5 323.1 361.4 359.6 396.6 281.5 165.7 517.6 55.3 456.3 178.6 314.7 292.8 61.2 171.0 414.7 171.6 286.0 423.9 111.3 203.8 311.6 307.8 321.1 267.6 0.0 372.3 190.7 477.6 526.5 210.5 73.7 416.6 231.8 154.2 245.3 187.8 440.5 216.6 294.3 513.3 497.6 186.7 460.3 537.3 470.6 112.6 463.5 327.6 444.3 476.7 364.4 164.4 283.8 18.7 139.8 291.8 280.7 389.0 247.0 538.1 461.2 239.6 461.0 254.2 234.4 237.5 323.9 423.0 198.2 243.6 130.8 418.8 342.5 240.5 394.5 334.8 245.0 251.9 221.4 180.4 529.0 218.5 261.0 362.3 106.5 472.8 194.3 226.9 127.4 313.3 240.6 251.4 166.0 215.3 471.8 286.7 342.6 347.1 477.2 192.9 362.5 223.3 314.0 168.9 467.0 361.1 405.2 153.6 160.6 153.9 149.5 191.4 450.8 398.3 231.7 167.4 438.9 209.0 163.1 468.5 259.5 101.5 528.8 532.2 431.0 315.5
950.9 144.6 182.0 256.9 130.1 251.0 199.4 289.5 372.0 257.5 396.3 184.3 178.5 147.2 253.3 260.4 269.0 256.8 436.6 363.9 232.0 354.4 165.1 458.4 81.9 217.1 332.8 0.0 237.2 314.8 380.9 251.2 285.7 301.3 228.7 274.2 190.5 191.1 294.9 251.1 370.3 432.7 463.0 374.0 314.7 452.2 390.1 322.1 317.9 403.6 298.6 416.7 218.8 271.9 434.4 305.5 259.0 187.0 422.7 363.4 206.7 398.6 398.7 214.1 315.4 195.7 242.6 388.1 177.7 363.0 385.5 200.8 230.8 358.8 493.1 297.9 22.1 189.2 216.7 229.0 166.6 151.3 390.8 190.7 219.9 512.9 289.3 372.5 237.9 234.8 270.8 167.7 242.7 180.2 276.6 365.9 331.8 135.6 98.4 154.8 331.6 209.2 119.0 373.9 390.0 259.8 412.8 118.2 259.6 289.0 252.0 226.8 259.0 240.7 390.8 252.7 229.2 243.4 293.3 359.6 212.5 408.5 184.9 333.4 383.2 386.6 371.0 391.5
922.1 281.3 273.2 344.1 259.3 342.2 106.6 216.3 391.4 156.3 401.9 188.8 258.7 238.4 156.3 153.5 254.9 177.8 299.9 369.5 83.2 217.7 195.8 321.7 266.7 163.8 208.3 266.1 0.0 353.8 430.2 57.1 154.3 256.8 109.0 160.4 143.9 150.2 336.3 222.8 233.6 449.0 443.2 239.6 308.9 492.3 395.7 190.7 376.2 266.9 284.5 379.7 310.0 147.9 297.7 186.9 104.3 243.3 286.0 334.6 83.4 441.3 404.3 84.2 373.7 142.4 220.7 251.4 268.9 368.6 248.8 52.8 137.5 364.4 356.4 161.2 288.3 280.4 70.4 98.5 149.8 108.8 440.1 120.5 107.6 377.5 131.4 313.0 176.8 73.5 122.0 258.9 50.5 156.7 172.2 229.2 381.1 232.3 235.7 272.7 397.4 111.4 256.3 243.1 253.3 19.5 412.6 254.9 350.8 165.7 27.7 136.4 39.1 193.9 402.3 343.9 84.2 106.7 384.5 228.8 145.6 420.0 68.7 202.0 432.5 435.9 376.6 254.8
812.3 228.0 140.2 164.0 232.7 75.1 288.8 397.7 161.2 365.7 299.6 292.5 205.4 175.6 361.5 368.6 139.6 365.0 544.8 222.2 371.3 462.6 248.0 566.6 286.8 325.3 441.0 292.2 288.0 0.0 170.1 334.3 393.9 171.9 336.9 382.4 299.4 299.3 49.2 359.3 478.5 232.0 252.2 522.1 46.6 232.0 275.4 430.3 89.1 515.1 169.2 265.4 226.7 380.1 542.6 413.7 398.3 279.3 530.9 224.8 289.8 189.7 269.9 297.2 86.6 303.9 350.8 496.3 144.5 194.5 531.3 283.9 339.0 213.0 601.3 424.7 320.7 197.1 299.8 312.1 282.9 259.5 180.0 298.9 303.0 622.4 425.4 104.4 346.1 317.9 410.1 155.0 312.2 281.1 384.8 474.1 121.0 236.0 261.8 217.8 110.3 317.4 264.4 482.1 473.6 313.5 202.0 256.8 67.1 397.2 321.7 335.0 333.1 330.1 276.1 260.6 332.3 351.6 82.5 467.8 320.7 260.8 268.0 441.6 172.4 177.7 274.3 514.8
844.2 259.9 176.6 186.3 264.6 107.0 370.9 486.1 80.9 438.8 193.3 380.9 237.3 207.5 434.6 441.7 228.0 440.7 617.9 232.8 413.3 535.7 361.7 639.7 318.7 413.7 514.1 374.8 382.3 173.1 0.0 422.7 482.3 260.3 425.3 458.1 387.8 372.4 136.0 435.0 551.6 141.6 171.9 555.3 155.8 151.7 306.5 518.7 139.0 603.5 257.6 188.7 258.6 458.1 615.7 486.8 440.3 311.2 612.6 256.7 378.2 101.4 189.6 385.6 136.5 400.3 426.5 569.4 175.8 205.1 566.8 372.3 427.4 223.6 674.4 497.8 352.6 229.0 388.2 400.5 371.3 347.9 92.3 387.3 391.4 694.2 470.6 192.8 419.2 406.3 445.9 186.9 399.9 369.5 473.2 547.2 43.5 267.9 317.7 251.2 152.7 405.8 296.3 555.2 562.0 401.9 121.7 288.7 99.0 485.6 410.1 408.1 421.5 405.8 286.7 292.5 420.7 424.7 94.9 540.9 393.8 180.5 356.4 527.4 92.1 95.5 232.9 603.2
940.0 257.8 286.6 324.9 229.9 360.1 104.6 238.6 454.0 172.7 419.8 159.4 278.2 256.3 178.6 175.8 287.6 200.1 322.2 387.4 99.6 240.0 239.0 344.0 256.7 134.4 230.6 242.6 79.6 403.7 462.9 0.0 176.6 289.5 125.4 182.7 120.4 133.9 404.0 205.7 255.9 476.8 461.1 259.6 341.6 500.8 434.1 213.0 427.0 289.2 317.2 440.2 327.9 169.2 320.0 203.3 126.6 255.3 316.9 352.5 70.1 474.5 424.7 62.7 424.5 121.0 197.2 273.7 287.4 386.5 271.1 60.3 159.8 382.3 378.7 202.1 264.8 298.3 34.5 75.0 126.3 85.3 465.4 108.0 84.1 398.5 156.9 345.7 186.5 16.4 132.2 276.8 83.9 136.2 194.5 251.5 408.2 250.2 212.9 280.9 440.7 133.7 232.8 259.5 275.6 57.8 430.5 231.4 368.7 182.1 50.0 158.7 61.4 176.5 414.3 361.8 54.8 129.0 402.4 245.2 155.3 432.0 76.2 224.3 465.2 468.6 394.5 277.1
1005.7 313.7 303.4 341.7 285.8 376.9 240.1 115.4 497.9 71.8 436.6 104.8 347.6 273.1 77.7 147.6 340.9 97.8 244.4 404.2 69.9 220.3 237.8 265.7 312.6 193.8 84.7 298.5 149.3 457.9 506.8 169.1 0.0 342.8 190.4 80.4 255.9 164.4 420.8 142.8 252.9 493.6 477.9 136.4 394.9 517.6 450.9 38.8 443.8 286.2 370.5 457.0 344.7 141.0 242.2 57.4 74.6 272.1 231.5 369.3 205.6 518.4 441.5 198.2 441.3 180.4 160.6 254.0 304.2 403.3 147.9 202.2 57.0 399.1 273.3 199.1 320.7 315.1 203.6 210.5 232.4 194.3 509.3 144.7 219.6 293.1 108.7 399.0 159.8 185.5 104.0 293.6 199.2 262.4 92.2 231.8 452.1 267.0 268.8 336.8 457.5 198.7 288.7 239.8 272.6 127.5 447.3 287.3 385.5 79.8 119.2 130.5 108.1 117.6 431.1 378.6 190.3 126.0 419.2 225.5 139.5 448.8 218.1 47.6 509.1 512.5 411.3 274.1
862.8 236.6 312.0 386.9 208.7 180.9 218.0 326.9 285.6 294.9 360.6 221.7 272.4 277.2 290.7 297.8 119.2 294.2 474.0 328.2 300.5 391.8 177.2 495.8 235.5 254.5 370.2 221.4 217.2 218.1 294.5 263.5 323.1 0.0 266.1 311.6 228.6 228.5 200.6 288.5 407.7 346.3 376.6 449.0 173.2 356.4 426.8 359.5 240.5 444.3 148.8 393.4 348.8 309.3 471.8 342.9 327.5 276.2 460.1 275.3 219.0 312.2 394.3 226.4 238.0 233.1 280.0 425.5 307.7 345.9 460.5 213.1 268.2 323.1 530.5 353.9 243.6 319.2 229.0 241.3 212.1 188.7 304.4 228.1 232.2 550.3 354.6 177.3 275.3 247.1 339.3 297.7 240.7 210.3 314.0 403.3 245.4 271.1 191.0 246.8 261.7 246.6 211.6 411.3 402.8 242.7 326.4 210.2 218.5 326.4 250.9 264.2 262.3 259.3 427.5 382.7 261.5 280.8 233.9 397.0 249.9 385.2 197.2 370.8 296.8 300.2 335.3 444.0
925.0 248.0 276.1 297.4 220.1 345.1 184.5 237.8 466.1 171.9 404.8 167.6 261.6 241.3 177.8 169.3 275.2 199.3 321.4 372.4 98.8 239.2 224.0 343.2 246.9 142.6 229.8 232.8 110.1 408.9 475.0 123.3 175.8 277.1 0.0 181.9 140.4 97.4 389.0 213.9 255.1 451.9 446.1 258.8 329.2 485.8 419.1 212.2 412.0 288.4 304.8 425.2 312.9 163.5 319.2 202.5 125.8 240.3 307.5 337.5 159.8 457.8 409.7 152.4 409.5 121.2 205.4 272.9 272.4 371.5 270.3 156.4 159.0 367.3 377.9 201.3 255.0 283.3 157.8 154.9 116.5 75.5 484.9 116.2 164.0 397.7 152.9 333.3 150.0 139.7 137.6 261.8 153.4 146.5 193.7 250.7 425.9 235.2 202.4 258.2 425.7 58.6 223.0 258.7 274.8 81.7 415.5 221.6 353.7 181.3 73.4 135.7 60.6 184.7 399.3 346.8 134.7 128.2 387.4 244.4 118.8 417.0 172.3 223.5 477.3 480.7 379.5 276.3
1010.3 302.7 281.9 320.2 274.8 355.4 254.9 184.6 476.4 139.3 415.1 93.8 273.5 251.6 145.2 153.3 329.9 17.4 334.0 382.7 84.7 251.8 226.8 355.8 301.6 164.8 153.9 287.5 164.1 436.4 485.3 183.9 69.1 331.8 205.2 0.0 230.2 136.4 399.3 62.3 267.7 472.1 456.4 205.6 383.9 496.1 429.4 105.5 422.3 301.0 359.5 435.5 323.2 155.8 331.8 126.6 89.4 250.6 328.7 347.8 220.4 496.9 420.0 213.0 419.8 151.4 98.2 285.5 282.7 381.8 217.1 217.0 89.8 377.6 390.5 213.9 309.7 293.6 218.4 225.3 206.3 165.3 487.8 115.7 234.4 410.3 123.5 388.0 130.8 200.3 118.8 272.1 214.0 236.3 68.6 263.3 430.6 245.5 257.8 325.8 436.0 198.1 277.7 271.3 287.4 142.3 425.8 276.3 364.0 56.2 134.0 119.7 122.9 37.2 409.6 357.1 205.1 140.8 397.7 257.0 110.5 427.3 232.9 116.8 487.6 491.0 389.8 288.9
945.1 213.4 295.4 333.7 185.5 303.0 99.3 313.8 407.7 252.3 428.6 168.2 247.3 265.1 258.2 205.8 241.3 220.2 397.4 396.2 179.2 315.2 157.3 419.2 212.3 143.2 310.2 198.2 143.0 357.4 416.6 133.2 256.2 243.2 164.0 237.6 0.0 133.9 322.7 214.5 331.1 468.4 469.9 334.8 295.3 478.5 442.9 292.6 362.6 364.4 270.9 449.0 336.7 222.2 395.2 282.9 206.2 264.1 392.1 361.3 106.6 428.2 433.5 114.0 360.1 129.8 206.0 348.9 296.2 395.3 346.3 100.7 212.2 391.1 453.9 277.3 220.4 307.1 116.6 127.0 32.7 86.6 419.1 116.8 119.8 473.7 236.5 299.4 186.5 134.7 211.8 285.6 142.6 35.3 258.0 326.7 361.9 250.2 168.5 236.5 376.3 144.5 188.4 334.7 350.8 137.4 448.5 187.0 340.6 261.7 129.6 172.2 141.0 185.3 423.1 370.6 106.8 204.2 356.0 320.4 155.3 440.8 84.8 303.9 418.9 422.3 403.3 352.3
852.1 210.5 198.7 237.0 182.6 272.2 147.0 184.4 393.2 88.9 331.9 81.6 244.4 168.4 84.7 71.8 237.7 133.6 268.0 299.5 63.4 185.8 151.1 289.8 209.4 105.1 164.2 195.3 143.2 353.2 402.1 123.6 140.4 239.6 70.0 146.5 102.9 0.0 316.1 127.9 201.7 388.9 373.2 205.4 291.7 412.9 346.2 176.8 339.1 235.0 267.3 352.3 240.0 88.2 265.8 136.9 90.4 167.4 262.7 264.6 136.9 413.7 336.8 129.5 336.6 91.7 119.4 219.5 199.5 298.6 216.9 157.5 123.6 294.4 324.5 147.9 217.5 210.4 158.1 117.4 79.0 38.0 404.6 77.0 126.5 344.3 120.7 295.8 52.5 140.0 96.0 188.9 193.1 109.0 158.3 197.3 347.4 162.3 165.6 233.6 352.8 50.5 185.5 205.3 221.4 121.4 342.6 184.1 280.8 145.9 113.1 38.2 100.3 98.7 326.4 273.9 97.2 74.8 314.5 191.0 21.3 344.1 158.5 177.5 404.4 407.8 306.6 222.9
783.2 198.9 111.1 134.9 203.6 46.0 302.1 411.0 132.1 377.8 270.5 305.8 176.3 146.5 373.6 380.7 152.9 378.3 556.9 193.1 384.6 474.7 261.3 578.7 257.7 338.6 453.1 313.8 307.2 60.0 141.0 347.6 407.2 185.2 350.2 395.7 312.7 311.4 0.0 372.6 490.6 192.8 223.1 533.1 59.9 202.9 266.8 443.6 60.0 528.4 182.5 236.3 197.6 392.2 554.7 425.8 411.6 250.2 543.0 195.7 303.1 160.6 240.8 310.5 57.5 317.2 364.1 508.4 114.8 165.4 544.6 297.2 352.3 183.9 613.4 418.2 291.6 168.0 313.1 325.4 296.2 272.8 150.9 312.2 316.3 633.2 441.9 117.7 358.2 331.2 423.4 125.9 324.8 294.4 398.1 486.2 91.9 206.9 256.7 188.7 81.2 330.7 235.3 494.2 486.9 326.8 172.9 227.7 38.0 410.5 335.0 347.1 346.4 362.2 247.0 231.5 345.6 363.7 53.4 479.9 332.8 231.7 281.3 454.9 143.3 148.6 245.2 528.1
1008.7 301.1 280.3 318.6 273.2 353.8 254.7 248.5 474.8 201.2 413.5 92.2 271.9 250.0 197.0 151.7 328.3 46.4 380.3 381.1 148.6 298.1 225.2 402.1 300.0 163.2 217.8 285.9 228.0 434.8 483.7 231.3 133.0 330.2 216.0 63.8 228.6 134.8 397.7 0.0 314.0 470.5 454.8 269.5 382.3 494.5 427.8 169.4 420.7 347.3 357.9 433.9 321.6 168.1 378.1 190.5 153.3 249.0 375.0 346.2 244.6 495.3 418.4 237.2 418.2 149.8 96.6 331.8 281.1 380.2 281.0 265.2 116.2 376.0 436.8 260.2 308.1 292.0 265.8 225.1 204.7 163.7 486.2 114.1 234.2 456.6 187.4 386.4 129.2 247.7 178.3 270.5 277.9 234.7 132.5 309.6 429.0 243.9 256.2 324.2 434.4 196.5 276.1 317.6 333.7 206.2 424.2 274.7 362.4 120.1 197.9 118.1 186.8 25.6 408.0 355.5 204.9 187.1 396.1 303.3 108.9 425.7 256.5 180.7 486.0 489.4 388.2 335.2
1031.5 390.6 382.6 403.9 378.5 451.6 321.9 301.2 572.6 205.7 511.3 268.9 326.8 347.8 201.5 280.9 433.6 305.2 384.8 478.9 204.7 302.6 330.5 406.6 376.1 279.0 281.0 391.2 237.4 515.4 581.5 257.2 266.5 435.5 267.4 287.8 300.3 221.9 495.5 315.2 0.0 558.4 552.6 322.2 515.3 592.3 525.6 305.4 518.5 151.0 463.2 489.1 419.4 269.4 382.6 253.7 231.7 346.8 370.9 444.0 293.7 564.3 513.7 286.3 516.0 257.6 306.7 336.3 378.3 478.0 333.7 290.3 264.9 473.8 441.3 100.3 413.4 389.8 291.7 298.6 276.4 235.4 584.0 229.9 307.7 461.1 251.1 491.7 274.5 273.6 243.5 368.3 288.0 306.4 299.6 314.1 532.4 341.7 360.8 382.1 532.2 247.9 381.4 322.1 137.4 215.6 522.0 380.0 460.2 287.2 207.3 260.2 196.2 304.8 505.8 453.3 278.4 148.2 493.9 307.8 243.3 523.5 306.2 294.3 583.8 587.2 486.0 138.9
831.3 344.5 256.7 330.1 321.2 191.6 461.8 484.3 113.3 426.3 121.8 384.2 320.3 292.1 430.1 437.2 312.6 428.2 613.4 216.0 408.8 531.2 421.0 635.2 403.3 470.3 509.6 459.4 461.0 240.5 154.4 507.3 483.1 344.9 433.4 453.6 472.4 367.9 192.6 430.5 547.1 0.0 100.4 553.1 240.4 123.5 219.3 519.5 178.0 580.4 314.2 84.9 343.2 448.7 611.2 474.3 435.8 395.8 599.5 243.8 462.8 110.7 115.6 442.2 180.2 448.9 422.0 564.9 261.0 160.3 562.3 456.9 420.2 206.8 669.9 474.7 409.2 313.6 472.8 485.1 427.9 432.5 118.7 365.2 476.0 691.0 462.9 277.4 414.7 490.9 439.6 271.5 485.2 426.1 474.0 542.7 123.6 352.5 403.1 306.3 244.8 413.9 380.9 550.7 566.8 486.5 50.2 373.3 183.6 478.4 494.7 403.6 506.1 420.1 241.9 377.1 477.3 420.2 179.5 536.4 381.3 101.0 441.0 522.9 123.9 98.7 161.4 568.3
837.3 350.5 267.2 276.9 355.2 197.6 461.5 576.7 142.3 434.3 121.8 384.2 327.9 298.1 430.1 437.2 318.6 436.2 613.4 222.0 408.8 531.2 452.3 635.2 409.3 504.3 509.6 465.4 472.9 263.7 160.4 513.3 483.1 350.9 515.9 453.6 478.4 367.9 226.6 430.5 547.1 96.1 0.0 550.8 246.4 120.1 295.7 519.5 184.0 580.4 348.2 117.2 349.2 453.6 611.2 482.3 435.8 401.8 608.1 249.8 468.8 110.6 118.1 476.2 186.2 490.9 422.0 564.9 266.4 194.3 562.3 462.9 428.2 212.8 669.9 493.3 443.2 319.6 478.8 491.1 461.9 438.5 117.3 365.2 482.0 689.7 466.1 283.4 414.7 496.9 441.4 277.5 490.5 460.1 474.0 542.7 134.1 358.5 408.3 341.8 243.3 496.4 386.9 550.7 652.6 492.5 49.8 379.3 189.6 486.4 500.7 403.6 512.1 401.3 275.9 383.1 511.3 420.2 185.5 536.4 389.3 109.0 447.0 522.9 129.9 104.7 161.4 568.3
975.9 315.9 312.4 381.0 288.0 379.1 292.1 74.1 470.2 267.4 438.8 147.4 295.6 275.3 263.2 249.7 343.1 219.9 406.8 408.7 241.9 364.3 214.7 428.1 314.8 258.9 333.6 300.7 323.6 442.9 509.0 323.6 248.8 345.0 296.7 237.3 258.5 201.0 425.3 214.2 380.2 485.9 480.1 0.0 397.1 529.2 432.6 285.2 448.3 413.5 372.7 416.6 346.9 258.9 404.6 306.3 237.1 274.3 385.3 371.5 293.1 491.8 441.2 300.5 443.5 237.5 205.7 398.0 305.8 405.5 83.4 287.2 193.9 401.3 435.7 307.8 322.9 317.3 305.4 315.4 234.6 219.3 518.9 209.8 306.3 456.8 296.0 401.2 224.9 321.2 280.2 295.8 329.8 264.6 239.7 375.8 459.9 269.2 270.3 328.4 467.2 277.2 290.9 386.1 399.9 272.8 449.5 289.5 387.7 252.1 264.5 216.1 253.4 203.8 433.3 380.8 297.2 253.3 421.4 369.5 204.6 451.0 271.3 296.5 511.3 514.7 413.5 401.4
780.0 227.4 144.1 153.8 232.1 74.5 277.1 392.3 151.6 360.3 264.0 287.1 204.8 175.0 356.1 363.2 134.2 359.6 539.4 221.6 365.9 457.2 267.9 561.2 286.2 319.9 435.6 286.8 288.5 83.3 160.5 328.9 388.5 166.5 331.5 377.0 294.0 293.9 48.6 353.9 473.1 212.3 242.6 514.4 0.0 222.4 295.3 424.9 88.5 509.7 163.8 259.4 226.1 379.6 537.2 408.3 392.9 278.7 534.1 224.2 284.4 183.0 260.3 291.8 86.0 306.5 345.4 490.9 143.3 193.9 525.9 278.5 333.6 212.4 595.9 419.3 320.1 196.5 294.4 306.7 277.5 254.1 163.0 293.5 297.6 615.7 423.2 99.0 340.7 312.5 398.5 154.4 306.1 275.7 379.4 468.7 105.8 235.4 257.1 218.7 102.2 312.0 263.8 476.7 468.2 308.1 192.4 256.2 66.5 391.8 316.3 329.6 327.7 324.7 275.5 260.0 326.9 346.2 81.9 462.4 315.3 251.2 262.6 436.2 162.8 177.1 273.7 509.4
814.9 328.1 240.3 313.7 339.6 175.2 445.4 554.3 96.9 438.6 119.3 388.5 303.9 275.7 427.6 441.5 296.2 440.5 610.9 206.4 413.1 528.7 404.6 632.7 386.9 488.7 507.1 449.8 444.6 224.1 138.0 490.9 480.6 328.5 500.3 451.1 456.0 365.4 211.0 428.0 544.6 77.7 97.9 550.6 224.0 0.0 216.8 517.0 168.4 577.9 332.6 82.4 326.8 453.0 608.7 486.6 433.3 386.2 597.0 227.4 446.4 101.1 113.1 460.6 163.8 460.5 419.5 562.4 244.6 178.7 559.8 440.5 432.5 190.4 667.4 472.2 427.6 297.2 456.4 468.7 446.3 416.1 102.3 362.7 459.6 688.5 460.4 261.0 412.2 481.3 451.9 255.1 468.8 444.5 471.5 540.2 114.0 336.1 386.7 324.7 228.4 474.0 364.5 555.0 564.3 470.1 47.7 356.9 167.2 490.7 478.3 401.1 489.7 417.6 224.3 360.7 488.9 417.7 163.1 540.7 393.6 113.3 424.6 520.4 107.5 82.3 158.9 565.8
704.8 386.0 298.2 371.6 377.9 233.1 376.4 383.7 223.3 320.9 144.9 283.6 361.8 333.6 329.5 336.6 356.9 322.8 512.8 81.7 308.2 430.6 299.0 534.6 300.2 313.7 409.0 355.3 367.5 264.0 264.4 380.7 382.5 376.4 320.0 353.0 342.8 267.3 244.1 329.9 433.7 192.0 186.2 452.5 263.9 235.3 0.0 418.9 177.2 479.8 386.5 122.7 384.7 348.1 510.6 368.9 335.2 258.1 498.9 117.3 377.4 202.7 147.3 384.8 179.4 279.5 321.4 464.3 302.5 80.8 461.7 371.5 314.8 89.4 569.3 374.1 320.3 355.1 387.4 375.6 306.1 300.8 228.7 264.6 384.7 590.4 362.3 321.7 314.1 384.3 347.0 313.0 411.5 336.1 373.4 442.1 233.6 265.8 354.6 363.0 247.3 313.3 422.4 450.1 466.2 339.1 155.6 414.8 225.1 385.8 330.8 290.2 319.7 319.5 82.2 418.6 355.4 319.6 260.5 435.8 288.7 144.3 355.6 422.3 233.9 190.7 119.6 467.7
1050.6 336.1 325.8 364.1 308.2 399.3 262.5 160.3 520.3 116.7 459.0 127.2 370.0 295.5 122.6 170.0 363.3 120.2 289.3 426.6 92.3 259.4 260.2 310.6 335.0 216.2 129.6 320.9 171.7 480.3 529.2 191.5 44.8 365.2 212.8 102.8 278.3 186.8 443.2 165.2 275.3 516.0 500.3 181.3 417.3 540.0 473.3 0.0 466.2 308.6 392.9 479.4 367.1 163.4 287.1 102.3 97.0 294.5 276.4 391.7 228.0 540.8 463.9 220.6 463.7 202.8 183.0 293.1 326.6 425.7 192.8 224.6 79.4 421.5 318.2 221.5 343.1 337.5 226.0 232.9 254.8 216.7 531.7 167.1 242.0 338.0 131.1 421.4 182.2 207.9 126.4 316.0 221.6 284.8 114.6 270.9 474.5 289.4 291.2 359.2 479.9 221.1 311.1 278.9 295.0 149.9 469.7 309.7 407.9 102.2 141.6 152.9 130.5 140.0 453.5 401.0 212.7 148.4 441.6 264.6 161.9 471.2 240.5 36.6 531.5 534.9 433.7 296.5
766.3 208.7 120.9 194.8 213.4 55.8 328.8 437.7 144.1 387.6 210.4 332.5 184.5 156.3 383.4 390.5 179.6 389.5 566.7 133.0 362.1 484.5 288.0 588.5 267.5 365.3 462.9 323.6 328.0 86.7 162.2 374.3 433.9 211.9 376.9 406.9 339.4 321.2 66.8 383.8 500.4 152.6 182.9 504.1 86.6 162.7 186.2 470.3 0.0 555.1 209.2 167.4 207.4 402.0 564.5 435.6 389.1 260.0 552.8 178.8 329.8 100.5 200.6 337.2 2.2 343.9 375.3 518.2 124.6 105.3 515.6 323.9 379.0 123.8 623.2 428.0 301.4 177.8 339.8 352.1 322.9 299.5 126.5 338.9 343.0 643.0 416.2 144.4 368.0 357.9 400.9 135.7 352.2 321.1 424.8 496.0 131.4 216.7 266.5 198.5 56.3 357.4 245.1 504.0 513.6 353.5 132.7 237.5 47.8 437.2 361.7 356.9 373.1 354.6 186.9 241.3 372.3 373.5 83.2 489.7 342.6 191.5 308.0 476.2 131.7 88.5 185.1 554.8
1146.7 422.2 409.7 448.0 410.1 483.2 359.8 256.4 604.2 266.0 542.9 345.0 401.3 379.4 261.8 312.5 465.2 338.0 358.0 510.5 236.3 275.8 362.1 379.8 407.7 310.6 281.4 422.8 269.0 564.2 613.1 288.8 240.1 467.1 299.0 320.6 331.9 253.5 527.1 383.0 169.3 599.9 584.2 277.4 546.9 623.9 557.2 279.0 550.1 0.0 494.8 563.3 451.0 305.9 355.8 254.1 263.3 378.4 352.7 475.6 325.3 624.7 547.8 317.9 547.6 297.2 338.3 309.5 410.5 509.6 288.9 321.9 297.2 505.4 414.5 193.5 445.0 421.4 323.3 330.2 308.0 267.0 615.6 261.5 339.3 434.3 314.6 523.3 306.1 305.2 268.9 399.9 318.9 338.0 332.4 287.3 558.4 373.3 393.1 433.7 563.8 279.5 413.0 295.3 24.8 247.2 553.6 411.6 491.8 320.0 238.9 291.8 227.8 357.8 537.4 484.9 310.0 179.8 525.5 281.0 274.9 555.1 337.8 267.9 615.4 618.8 517.6 58.1
850.7 254.9 196.6 269.7 227.0 168.8 236.3 345.2 273.5 313.2 348.5 240.0 288.8 295.5 309.0 316.1 26.8 312.5 492.3 316.1 318.8 410.1 195.5 514.1 253.8 272.8 388.5 239.7 241.4 206.0 282.4 281.8 341.4 119.4 284.4 329.9 246.9 246.8 188.5 306.8 426.0 344.3 364.5 467.3 161.1 344.3 435.2 377.8 228.4 462.6 0.0 347.3 367.1 327.6 490.1 361.2 345.8 294.5 478.4 263.2 237.3 300.1 379.7 244.7 225.9 251.4 298.3 443.8 200.3 333.8 478.8 231.4 286.5 311.0 548.8 353.6 261.9 337.5 247.3 259.6 230.4 207.0 284.9 246.4 250.5 568.6 376.1 165.2 293.6 265.4 357.6 316.0 259.7 228.6 332.3 421.6 233.3 289.4 209.3 265.1 249.6 264.9 229.9 429.6 421.1 261.0 314.3 228.5 206.4 344.7 269.2 282.5 280.6 296.4 415.4 401.0 279.8 299.1 221.8 415.3 268.2 373.1 215.5 389.1 284.7 288.1 323.2 462.3
756.5 353.0 265.2 342.6 362.0 200.1 468.3 449.1 149.1 385.4 72.9 299.2 334.7 300.6 381.2 352.2 321.1 401.0 564.5 224.5 323.8 482.3 459.1 586.3 411.8 329.3 460.7 448.4 479.7 229.5 162.9 515.8 434.2 353.4 384.5 404.7 480.9 319.0 229.1 381.6 462.1 102.9 82.9 501.9 248.9 126.9 190.9 470.6 167.0 531.5 331.2 0.0 351.7 363.7 562.3 433.4 386.9 408.6 559.2 169.0 471.3 99.7 69.2 483.0 188.7 357.7 373.1 516.0 273.2 201.1 513.4 465.4 393.0 215.3 621.0 444.4 426.2 322.1 461.8 493.6 464.4 441.0 124.1 316.3 484.5 640.8 417.2 285.9 365.8 499.4 362.6 280.0 497.3 466.9 425.1 493.8 132.1 361.0 415.1 323.3 250.1 365.0 389.4 465.7 517.9 495.0 52.3 381.8 192.1 401.4 503.2 368.4 514.6 352.4 184.8 385.6 513.8 371.3 188.0 451.4 304.3 58.1 449.5 474.0 132.4 107.2 112.5 519.4
866.7 115.9 93.3 131.6 134.8 166.8 327.7 344.8 287.8 294.8 364.5 244.7 93.3 63.5 290.6 297.7 184.8 296.7 473.9 366.8 269.3 391.7 318.5 495.7 174.7 274.8 370.1 230.8 339.1 247.8 296.7 379.5 343.6 217.1 293.9 314.1 344.6 228.4 210.7 291.0 407.6 348.5 378.8 411.3 230.5 358.6 440.5 380.0 233.7 440.9 214.4 395.6 0.0 314.1 471.7 342.8 296.3 167.2 468.6 279.2 335.0 308.3 396.5 342.4 231.2 261.4 282.5 425.4 94.1 339.1 422.8 329.1 288.7 357.6 530.4 353.8 208.6 29.6 345.0 357.3 328.1 304.7 299.2 225.7 348.2 550.2 326.6 288.3 275.2 363.1 301.9 83.5 356.7 326.3 334.5 403.2 242.0 123.9 187.9 125.7 247.4 274.4 166.5 411.2 427.3 358.7 328.6 144.7 175.4 346.9 366.9 264.1 280.8 261.8 420.7 53.3 377.5 280.7 209.1 396.9 249.8 387.4 313.2 383.4 299.0 302.4 339.2 428.8
918.6 278.6 269.7 344.6 250.7 338.7 208.8 251.0 459.7 121.9 398.4 103.6 256.8 234.9 127.8 51.2 305.8 155.6 334.6 366.0 85.3 252.4 211.3 356.4 277.5 148.1 179.8 263.4 171.3 402.5 468.6 184.5 143.8 307.7 138.1 149.9 171.0 68.0 382.6 149.9 268.3 445.5 439.7 272.0 359.8 488.8 392.2 180.2 405.6 301.6 335.4 418.8 306.5 0.0 332.4 152.5 93.8 233.9 320.7 331.1 205.0 451.4 400.8 197.6 403.1 126.7 141.4 286.1 265.4 365.1 283.5 217.6 127.0 360.9 391.1 214.5 285.6 276.9 219.0 185.5 147.1 106.1 471.1 99.0 194.6 410.9 106.1 363.9 74.5 200.9 81.0 255.4 214.6 177.1 161.7 263.9 419.5 228.8 233.7 288.8 426.8 118.6 253.6 271.9 288.0 142.9 409.1 252.2 347.3 149.3 134.6 34.1 123.5 139.5 392.9 340.4 165.3 141.4 381.0 257.6 43.3 410.6 226.6 191.5 470.9 474.3 373.1 289.5
1108.5 448.9 436.4 474.7 436.8 509.9 386.5 200.2 630.9 240.2 569.6 338.6 428.0 406.1 236.0 339.2 491.9 340.0 2.1 537.2 263.0 157.2 388.8 23.9 434.4 337.3 283.4 449.5 295.7 590.9 639.8 315.5 242.1 493.8 325.7 322.6 358.6 280.2 553.8 405.4 356.8 626.6 610.9 221.2 573.6 650.6 583.9 281.0 576.8 398.4 521.5 590.0 477.7 332.6 0.0 256.1 290.0 405.1 76.7 502.3 352.0 651.4 574.5 344.6 574.3 323.9 396.9 36.6 437.2 536.3 232.7 348.6 299.2 532.1 70.7 303.0 471.7 448.1 350.0 356.9 334.7 293.7 642.3 288.2 366.0 90.5 288.8 550.0 332.8 331.9 295.6 426.6 345.6 364.7 334.4 128.3 585.1 400.0 419.8 460.4 590.5 306.2 439.7 137.7 356.9 273.9 580.3 438.3 518.5 322.0 265.6 318.5 254.5 376.2 564.1 511.6 336.7 229.9 552.2 231.7 301.6 581.8 364.5 269.9 642.1 645.5 544.3 378.0
1037.2 368.7 308.8 330.1 340.8 377.8 256.4 146.9 498.8 36.5 437.5 159.8 294.3 274.0 42.4 152.2 395.9 152.8 267.2 405.1 92.5 185.0 267.5 289.0 302.3 248.8 27.2 353.5 178.5 441.6 507.7 191.7 54.9 397.8 213.0 135.4 226.5 169.0 421.7 197.8 275.5 484.6 478.8 170.2 441.5 518.5 451.8 93.8 444.7 308.8 425.5 457.9 345.6 140.7 265.0 0.0 121.0 273.0 253.3 370.2 228.2 490.5 442.4 220.8 442.2 227.4 215.6 218.7 304.5 404.2 179.4 224.8 112.0 400.0 323.7 221.7 375.7 316.0 226.2 233.1 202.6 161.6 517.6 199.7 242.2 344.8 84.5 454.0 175.5 208.1 114.8 294.5 221.8 232.6 147.2 196.5 458.6 267.9 323.1 308.3 465.9 174.1 343.7 204.5 295.2 150.1 448.2 342.3 386.4 134.8 141.8 135.1 130.7 168.9 432.0 379.5 212.9 148.6 420.1 190.2 144.3 449.7 240.7 82.7 510.0 513.4 412.2 296.7
997.4 289.8 275.8 314.1 261.9 349.3 207.9 187.9 470.3 92.3 409.0 80.9 267.4 245.5 98.2 115.4 317.0 95.9 287.0 376.6 37.7 204.8 213.9 308.8 288.7 169.9 150.2 274.6 117.1 430.3 479.2 136.9 72.4 318.9 158.2 78.5 223.7 132.2 393.2 140.9 220.7 466.0 450.3 208.9 371.0 490.0 423.3 108.8 416.2 254.0 346.6 429.4 317.1 108.8 284.8 122.9 0.0 244.5 281.7 341.7 173.4 490.8 413.9 166.0 413.7 156.5 136.7 238.5 276.6 375.7 220.4 170.0 33.1 371.5 343.5 166.9 296.8 287.5 171.4 178.3 208.5 170.3 481.7 120.8 187.4 363.3 76.5 375.1 135.9 153.3 71.8 266.0 167.0 238.5 90.3 216.3 424.5 239.4 244.9 312.9 429.9 166.5 264.8 224.3 240.4 95.3 419.7 263.4 357.9 77.9 87.0 98.3 75.9 115.7 403.5 351.0 158.1 93.8 391.6 210.0 107.5 421.2 185.9 120.1 481.5 484.9 383.7 241.9
833.7 128.0 120.0 191.3 157.0 189.0 356.2 281.8 280.1 231.8 313.5 181.7 105.5 85.2 227.6 234.7 207.0 233.7 410.9 281.1 206.3 328.7 197.1 432.7 113.5 211.8 307.1 168.6 355.4 252.8 318.9 278.8 280.6 239.3 230.9 251.1 240.9 165.4 232.9 228.0 344.6 370.7 354.8 348.3 252.7 380.8 307.3 317.0 255.9 377.9 236.6 312.3 156.8 246.2 408.7 279.8 233.3 0.0 405.6 246.2 357.2 336.6 315.9 364.6 253.4 190.4 219.5 362.4 115.7 280.2 359.8 351.3 225.7 276.0 467.4 272.2 146.4 127.2 367.2 273.7 217.0 198.9 328.8 162.7 370.4 488.5 260.4 310.5 212.2 295.2 245.1 105.7 378.9 247.0 271.5 340.2 269.8 79.1 210.9 119.5 277.1 211.4 188.7 348.2 364.3 237.2 350.8 141.3 197.6 283.9 228.9 201.1 217.8 217.6 308.0 190.7 253.5 217.7 231.3 333.9 186.8 325.7 335.4 320.4 321.2 324.6 288.2 365.8
1075.1 463.1 447.0 526.0 445.8 524.1 394.4 166.8 615.2 229.0 583.8 305.2 440.6 420.3 243.0 352.8 500.9 306.6 76.2 543.3 269.1 171.4 372.5 79.5 448.6 343.4 250.0 450.4 316.5 579.8 654.0 329.7 208.7 502.8 331.8 289.2 372.8 294.4 568.0 372.0 362.9 630.9 625.1 190.1 587.8 674.2 577.6 247.6 582.9 402.8 530.5 561.6 491.9 333.2 74.0 214.6 283.4 419.3 0.0 516.5 366.2 628.7 586.2 350.7 588.5 322.0 363.5 50.8 450.8 550.5 199.3 362.8 265.8 546.3 87.1 274.8 480.7 462.3 356.1 371.1 348.9 307.9 663.9 302.4 380.2 108.2 285.1 559.0 382.7 346.1 307.3 440.8 360.5 378.9 301.0 142.5 604.9 406.1 428.1 446.5 612.2 320.4 448.7 143.8 361.3 288.1 594.5 447.3 532.7 288.6 279.8 363.5 268.7 361.6 578.3 525.8 342.8 244.1 566.4 237.8 307.7 587.9 378.7 236.5 656.3 659.7 558.5 392.2
808.2 283.4 200.1 191.8 288.1 336.5 387.9 368.7 360.5 318.7 257.3 268.6 260.8 231.0 314.5 321.6 245.0 320.6 497.8 197.9 293.2 415.6 309.3 519.6 285.2 298.7 394.0 340.3 345.9 384.6 378.6 365.7 367.5 277.3 317.8 338.0 327.8 252.3 347.5 314.9 431.5 314.3 298.6 435.2 367.3 338.3 198.2 403.9 280.6 464.8 274.6 277.7 282.1 338.0 495.6 366.7 320.2 255.9 492.5 0.0 395.2 300.0 262.2 402.6 282.8 285.3 306.4 449.3 199.3 197.0 446.7 389.3 312.6 192.8 554.3 377.7 318.1 252.5 405.2 360.6 303.9 285.8 335.5 249.6 408.4 574.1 350.5 425.1 299.1 423.3 325.8 210.4 416.9 333.9 358.4 427.1 352.3 291.4 341.2 274.7 337.0 298.3 319.8 435.1 451.2 324.1 268.0 312.2 328.5 370.8 315.8 288.0 304.7 285.7 162.6 316.0 340.4 304.6 363.9 420.8 273.7 269.5 373.4 407.3 348.1 294.1 254.5 452.7
953.3 271.1 299.9 338.2 243.2 304.8 63.3 275.1 409.5 209.2 433.1 172.7 291.5 269.6 215.1 212.3 243.1 224.7 358.7 400.7 136.1 276.5 252.3 380.5 270.0 147.7 267.1 255.9 62.8 359.2 418.4 70.9 213.1 245.0 161.9 219.2 133.7 147.2 324.5 219.0 292.4 470.2 474.4 296.1 297.1 480.3 447.4 249.5 364.4 325.7 272.7 453.5 341.2 205.7 356.5 239.8 163.1 268.6 353.4 365.8 0.0 430.0 438.0 7.4 361.9 134.3 210.5 310.2 300.7 399.8 307.6 20.5 196.3 395.6 415.2 238.6 278.1 311.6 36.4 88.3 121.5 98.6 420.9 121.3 83.8 435.0 193.4 301.2 199.8 54.5 168.7 290.1 62.4 119.7 231.0 288.0 363.7 263.5 226.2 294.2 378.1 157.8 246.1 296.0 312.1 82.4 450.3 244.7 342.4 218.6 86.5 185.5 97.9 189.8 427.6 375.1 68.1 165.5 357.8 281.7 168.6 445.3 31.7 260.8 420.7 424.1 407.8 313.6
765.1 296.3 208.5 282.3 301.0 143.4 407.3 522.5 65.1 412.0 128.3 361.9 272.1 243.9 407.8 414.9 264.4 413.9 591.1 149.8 386.5 508.9 398.1 612.9 355.1 450.1 487.3 411.2 418.7 192.3 106.2 459.1 460.8 296.7 461.7 431.3 424.2 345.6 172.4 408.2 524.8 76.6 106.9 528.5 192.2 96.1 203.0 497.2 111.8 558.1 294.0 91.4 295.0 426.4 588.9 460.0 413.5 347.6 577.2 177.6 414.6 0.0 122.1 422.0 114.0 428.7 399.7 542.6 212.2 122.1 540.0 408.7 405.9 140.6 647.6 452.4 389.0 265.4 424.6 436.9 407.7 384.3 70.5 342.9 427.8 667.4 440.6 229.2 392.4 442.7 425.3 223.3 436.3 405.9 451.7 520.4 75.4 304.3 354.1 286.1 168.2 442.2 332.7 528.4 598.4 438.3 56.7 325.1 135.4 464.1 446.5 381.3 457.9 397.8 203.7 328.9 457.1 397.9 131.3 514.1 367.0 115.5 392.8 500.6 75.7 13.4 201.9 546.0
746.7 385.9 294.5 371.9 387.0 233.0 503.2 422.0 154.7 372.0 74.5 321.9 361.7 333.5 371.4 378.5 354.0 377.5 554.7 154.4 346.5 472.5 340.9 576.5 444.7 352.0 450.9 497.2 502.4 281.9 195.8 422.6 424.4 386.3 371.1 394.9 384.7 309.2 258.4 371.8 484.8 121.6 115.8 494.4 281.8 164.9 160.6 460.8 219.4 521.7 380.0 52.3 384.6 386.4 552.5 420.0 377.1 312.8 540.8 159.2 504.2 152.9 0.0 508.0 221.6 334.2 363.3 506.2 302.4 153.5 503.6 498.3 369.5 149.3 611.2 416.0 475.0 355.0 514.2 526.5 360.8 342.7 160.1 306.5 517.4 632.3 404.2 318.8 356.0 528.7 385.3 312.9 526.6 491.9 415.3 484.0 161.4 393.9 444.5 372.1 286.2 355.2 422.3 488.4 508.1 381.0 85.2 414.7 225.0 424.1 372.7 344.9 361.6 361.4 161.3 418.5 393.7 361.5 220.9 474.1 330.6 83.1 482.4 464.2 165.3 169.9 102.7 509.6
945.9 263.7 297.0 330.8 235.8 366.0 77.0 267.7 416.9 201.8 425.7 165.3 282.5 262.2 207.7 204.9 250.5 217.3 351.3 393.3 128.7 269.1 219.6 373.1 262.6 140.3 259.7 248.5 64.3 349.4 425.8 78.3 205.7 252.4 154.5 211.8 126.3 139.8 331.9 211.6 285.0 477.6 467.0 288.7 304.5 497.1 440.0 242.1 371.8 318.3 280.1 424.5 333.8 193.4 349.1 232.4 155.7 261.2 337.4 358.4 7.4 443.5 428.1 0.0 369.3 118.9 203.1 302.8 292.7 392.4 300.2 27.9 188.9 388.2 407.8 212.6 270.7 304.2 43.8 80.9 128.9 91.2 435.7 113.9 90.0 427.6 186.0 308.6 192.4 61.9 167.5 282.7 69.8 127.1 223.6 280.6 376.7 256.1 218.1 273.9 385.5 150.4 238.7 288.6 304.7 86.9 436.4 237.3 374.6 211.2 79.1 178.1 90.5 201.2 420.2 367.7 60.7 158.1 365.2 274.3 161.2 437.9 39.1 253.4 428.1 431.5 400.4 306.2
768.8 206.5 123.2 132.9 211.2 53.6 320.3 435.5 146.6 385.4 212.9 330.3 183.9 154.1 381.2 388.3 177.4 387.3 564.5 135.5 359.9 482.3 311.1 586.3 265.3 363.1 460.7 321.4 331.7 101.7 164.7 372.1 431.7 209.7 374.7 404.7 337.2 319.0 64.6 381.6 498.2 155.1 185.4 501.9 84.4 165.2 209.2 468.1 2.4 552.9 207.0 202.2 205.2 404.7 562.3 433.4 386.9 257.8 559.2 181.3 327.6 96.9 203.1 335.0 0.0 349.7 373.1 516.0 122.4 107.8 513.4 321.7 376.8 126.3 621.0 444.4 299.2 175.6 337.6 349.9 320.7 297.3 121.6 336.7 340.8 640.8 417.2 142.2 365.8 355.7 392.5 133.5 349.3 318.9 422.6 493.8 113.9 214.5 264.3 197.8 54.1 355.2 242.9 501.8 511.4 351.3 135.2 235.3 45.6 435.0 359.5 354.7 370.9 352.4 189.4 239.1 370.1 371.3 81.0 487.5 340.4 194.0 305.8 474.0 134.2 91.0 187.6 552.6
850.2 209.3 201.3 235.1 197.2 270.3 156.1 233.2 391.3 137.7 330.0 69.6 186.8 166.5 133.5 122.6 252.3 121.6 316.8 297.6 112.2 234.6 123.9 338.6 194.8 21.3 253.3 209.9 158.7 334.1 400.2 132.7 168.5 254.2 123.8 139.0 130.0 93.7 314.2 115.9 250.5 387.0 371.3 256.5 334.0 411.0 344.3 204.9 337.2 283.8 281.9 328.8 238.1 134.1 314.6 226.0 156.8 165.5 302.9 262.7 146.0 383.0 332.4 138.6 334.7 0.0 107.4 268.3 197.0 296.7 265.7 166.6 113.6 292.5 373.3 178.1 232.1 208.5 167.2 126.5 106.1 65.1 402.7 18.2 135.6 393.1 177.3 310.4 100.1 149.1 155.4 187.0 208.5 136.1 159.4 246.1 351.1 160.4 179.5 200.8 358.4 104.3 200.1 254.1 270.2 136.9 340.7 198.7 278.9 171.8 129.1 89.0 140.5 105.5 324.5 272.0 106.3 123.6 312.6 239.8 79.8 342.2 177.7 216.2 402.5 405.9 304.7 271.7
989.0 281.4 260.6 298.9 253.5 334.1 235.0 266.9 455.1 181.5 393.8 72.5 252.2 230.3 177.3 132.0 308.6 71.1 360.6 361.4 156.0 278.4 205.5 382.4 280.3 143.5 236.2 266.2 237.6 415.1 464.0 211.6 151.4 310.5 196.3 88.5 208.9 115.1 378.0 65.4 294.3 450.8 435.1 287.9 362.6 474.8 408.1 187.8 401.0 327.6 338.2 414.2 301.9 148.4 358.4 208.9 139.7 229.3 355.3 326.5 224.9 475.6 398.7 217.5 398.5 130.1 0.0 312.1 261.4 360.5 299.4 245.5 96.5 356.3 417.1 240.5 288.4 272.3 246.1 205.4 185.0 144.0 466.5 94.4 214.5 436.9 189.9 366.7 109.5 228.0 158.6 250.8 287.4 215.0 142.3 289.9 409.3 224.2 236.5 304.5 414.7 176.8 256.4 297.9 314.0 215.8 404.5 255.0 342.7 144.8 208.0 98.4 207.3 36.2 388.3 335.8 185.2 167.4 376.4 283.6 89.2 406.0 236.8 199.1 466.3 469.7 368.5 315.5
1074.9 412.2 399.7 438.0 400.1 473.2 349.8 166.6 594.2 203.5 532.9 305.0 391.3 369.4 199.3 302.5 455.2 306.4 48.4 500.5 226.3 120.5 352.1 70.2 397.7 300.6 249.8 412.8 259.0 554.2 603.1 278.8 208.5 457.1 289.0 289.0 321.9 243.5 517.1 371.8 320.1 589.9 574.2 187.6 536.9 613.9 547.2 247.4 540.1 361.7 484.8 553.3 441.0 295.9 46.2 222.5 253.3 368.4 43.1 465.6 315.3 614.7 537.8 307.9 537.6 287.2 363.3 0.0 400.5 499.6 199.1 311.9 265.6 495.4 104.9 266.3 435.0 411.4 313.3 320.2 298.0 257.0 605.6 251.5 329.3 124.7 252.1 513.3 296.1 295.2 258.9 389.9 308.9 328.0 300.8 91.6 548.4 363.3 383.1 423.7 553.8 269.5 403.0 101.0 320.2 237.2 543.6 401.6 481.8 288.4 228.9 281.8 217.8 342.6 527.4 474.9 300.0 193.2 515.5 195.0 264.9 545.1 327.8 236.3 605.4 608.8 507.6 341.3
772.5 84.0 3.6 74.5 88.7 72.6 239.8 348.7 163.7 262.9 270.3 212.2 59.8 31.6 258.7 265.8 90.6 264.8 442.0 272.6 236.8 359.8 199.0 463.8 142.8 276.3 338.2 198.3 239.0 136.4 202.5 285.3 311.7 122.9 288.5 282.2 250.4 196.5 117.1 259.1 375.1 264.4 284.6 381.7 136.3 273.8 325.8 348.1 139.5 409.0 120.2 269.1 82.7 276.7 439.8 310.3 264.4 134.7 428.1 185.0 240.8 220.8 299.8 248.2 137.0 255.5 250.6 393.5 0.0 244.9 390.9 234.9 256.8 263.4 498.5 303.3 176.7 53.1 250.8 263.1 233.9 210.5 212.4 193.8 254.0 519.6 291.5 194.1 243.3 268.9 275.6 11.0 263.2 232.1 302.6 371.3 153.4 91.4 142.6 73.2 160.7 268.4 120.4 378.7 424.6 264.5 234.4 112.8 81.2 314.4 272.7 232.2 284.1 248.7 326.5 116.6 283.9 248.8 114.9 364.4 217.9 293.8 219.0 351.5 204.8 208.2 245.0 396.9
699.5 326.9 239.1 312.2 331.6 174.0 440.7 378.4 187.2 328.4 119.6 278.3 304.3 274.5 324.2 331.3 297.8 330.3 507.5 42.2 302.9 425.3 406.2 529.3 385.7 308.4 403.7 441.8 452.1 204.9 205.3 492.5 377.2 330.1 327.5 347.7 457.6 262.0 185.0 324.6 441.2 176.6 160.9 444.9 204.8 200.6 115.9 413.6 118.1 474.5 327.4 97.4 325.6 342.8 505.3 376.4 329.9 378.2 493.6 112.0 448.0 143.6 122.0 455.4 120.3 287.0 316.1 459.0 242.8 0.0 456.4 442.1 322.3 33.0 564.0 368.8 419.6 296.0 458.0 470.3 441.1 295.5 169.6 259.3 461.2 585.1 360.2 262.6 308.8 476.1 341.7 253.9 469.7 439.3 368.1 436.8 174.5 334.9 384.7 316.7 188.2 308.0 363.3 444.8 460.9 333.8 130.3 355.7 166.0 380.5 325.5 297.7 314.4 314.2 96.1 359.5 350.1 314.3 201.4 430.5 283.4 131.8 426.2 417.0 174.8 131.6 94.3 462.4
1014.2 354.2 343.9 382.2 326.3 417.4 324.1 47.3 538.4 305.7 477.1 185.7 388.1 313.6 301.5 285.7 381.4 258.2 445.1 444.7 280.2 402.6 278.3 466.4 353.1 297.2 371.9 339.0 367.8 498.4 547.3 361.9 287.1 383.3 335.0 275.6 296.8 239.3 461.3 252.5 418.5 534.1 518.4 83.4 435.4 558.1 491.4 323.5 484.3 451.8 411.0 497.5 385.2 302.1 442.9 344.6 275.4 312.6 432.2 409.8 331.4 558.9 482.0 338.8 481.8 283.8 244.0 436.3 344.7 443.8 0.0 325.5 232.2 439.6 474.0 364.7 361.2 355.6 341.4 353.7 272.9 257.6 549.8 248.1 344.6 493.8 337.5 439.5 263.2 359.5 312.3 334.1 367.4 302.9 278.0 414.1 492.6 307.5 309.3 377.3 498.0 315.5 329.2 422.1 438.2 311.1 487.8 327.8 426.0 290.4 302.8 252.1 291.7 223.3 471.6 419.1 335.5 291.6 459.7 407.8 242.9 489.3 309.6 334.8 549.6 553.0 451.8 439.7
970.8 286.3 311.0 349.3 258.4 288.9 47.4 258.6 393.6 192.7 444.2 203.3 302.6 280.7 198.6 195.8 227.2 220.1 342.2 411.8 119.6 260.0 197.6 364.0 285.2 178.3 250.6 271.1 42.2 343.3 402.5 50.3 196.6 229.1 145.4 202.7 122.1 177.8 308.6 249.6 275.9 454.3 484.6 279.6 281.2 464.4 458.5 233.0 348.5 309.2 256.8 464.6 352.3 189.2 340.0 223.3 146.6 279.7 336.9 383.3 30.5 414.1 449.1 37.9 346.0 164.9 241.1 293.7 311.8 410.9 291.1 0.0 179.8 406.7 398.7 222.1 293.3 322.7 15.8 77.0 105.6 129.2 405.0 151.9 67.9 418.5 176.9 285.3 219.1 33.9 152.2 301.2 41.8 103.8 214.5 271.5 347.8 274.6 241.4 309.4 362.2 153.7 261.3 279.5 328.1 61.8 434.4 259.9 326.5 202.1 70.0 178.7 81.4 220.4 438.7 386.2 97.2 149.0 341.9 265.2 187.9 456.4 15.8 244.3 404.8 408.2 418.9 297.1
964.2 256.6 250.8 321.4 228.7 319.8 226.5 170.3 440.8 126.7 379.5 47.7 290.5 216.0 132.6 125.2 283.8 96.3 330.2 347.1 80.9 248.0 155.4 352.0 255.5 136.7 139.6 241.4 160.3 383.6 449.7 180.1 54.8 285.7 189.5 78.9 199.2 108.3 363.7 112.0 263.9 426.6 420.8 193.6 337.8 460.5 393.8 91.2 386.7 297.2 313.4 378.3 287.6 136.7 328.0 112.3 43.1 215.0 324.9 312.2 216.6 432.5 384.4 209.2 384.2 115.3 103.5 281.7 246.5 346.2 202.8 213.2 0.0 342.0 328.2 210.1 263.6 258.0 214.6 198.6 175.3 137.2 459.6 87.6 207.7 348.0 116.5 341.9 102.7 196.5 121.2 236.5 210.9 205.3 90.7 259.5 400.6 209.9 211.7 266.8 400.4 170.0 231.6 267.5 283.6 138.5 390.2 230.2 328.4 78.3 130.2 91.6 119.1 82.8 374.0 321.5 178.4 137.0 362.1 253.2 82.4 391.7 212.0 102.5 452.0 455.4 354.2 285.1
692.2 342.3 259.0 268.7 347.0 189.4 456.1 371.1 215.5 321.1 112.3 271.0 319.7 289.9 316.9 324.0 313.2 323.0 500.2 50.8 295.6 418.0 311.7 522.0 401.1 301.1 396.4 457.2 467.5 237.5 233.6 368.1 369.9 345.5 320.2 340.4 330.2 254.7 200.4 317.3 433.9 169.3 153.6 437.6 220.2 193.3 108.6 406.3 133.5 467.2 342.8 132.7 341.0 340.4 498.0 369.1 322.6 258.3 494.9 104.7 463.4 152.9 117.2 470.8 135.7 287.7 308.8 451.7 258.2 49.9 449.1 457.5 315.0 0.0 556.7 380.1 435.0 311.4 473.4 485.7 306.3 288.2 190.5 252.0 476.6 576.5 352.9 278.0 301.5 491.5 328.2 269.3 485.1 454.7 360.8 429.5 207.3 350.3 400.1 333.6 189.9 300.7 378.7 437.5 453.6 326.5 123.0 371.1 181.4 373.2 318.2 290.4 307.1 288.1 88.8 374.9 342.8 307.0 216.8 423.2 276.1 124.5 441.6 409.7 203.1 147.0 87.0 455.1
1138.9 506.9 494.4 532.7 494.8 567.9 444.5 230.6 688.9 298.2 627.6 369.0 486.0 464.1 294.0 397.2 549.9 370.4 70.7 595.2 321.0 215.2 446.8 37.9 492.4 395.3 313.8 507.5 353.7 648.9 697.8 373.5 272.5 551.8 383.7 353.0 416.6 338.2 611.8 435.8 414.8 684.6 668.9 251.6 631.6 708.6 641.9 311.4 634.8 456.4 579.5 648.0 535.7 390.6 72.9 286.5 347.2 463.1 89.1 560.3 410.0 709.4 632.5 402.6 632.3 381.9 427.3 94.6 495.2 594.3 263.1 406.6 329.6 590.1 0.0 361.0 529.7 506.1 408.0 414.9 392.7 351.7 700.3 346.2 424.0 34.7 346.8 608.0 390.8 389.9 353.6 484.6 403.6 422.7 364.8 186.3 643.1 458.0 477.8 518.4 648.5 364.2 497.7 195.7 414.9 331.9 638.3 496.3 576.5 352.4 323.6 376.5 312.5 406.6 622.1 569.6 394.7 287.9 610.2 289.7 359.6 639.8 422.5 300.3 700.1 703.5 602.3 436.0
989.4 348.5 340.5 411.4 336.4 409.5 279.8 259.1 500.6 66.6 469.2 226.8 326.0 305.7 159.4 179.7 391.5 222.0 342.7 436.8 120.0 260.5 263.1 364.5 334.0 236.9 238.9 293.9 201.9 418.1 539.4 215.1 224.4 393.4 225.3 245.7 258.2 179.8 398.2 273.1 346.8 516.3 510.5 282.4 473.2 559.6 463.0 263.3 476.4 186.9 365.9 447.0 377.3 227.3 340.5 114.6 189.6 304.7 328.8 401.9 251.6 522.2 471.6 244.2 473.9 215.5 264.6 294.2 336.2 435.9 291.6 248.2 181.7 431.7 399.2 0.0 371.3 347.7 249.6 256.5 234.3 193.3 549.3 187.8 265.6 420.3 209.0 449.6 232.4 176.3 201.4 326.2 245.9 264.3 257.5 272.0 490.3 299.6 318.7 340.0 497.6 205.8 339.3 280.0 173.3 173.5 479.9 337.9 418.1 204.0 165.2 162.6 154.1 262.7 408.5 411.2 236.3 106.1 451.8 265.7 201.2 481.4 264.1 252.2 541.7 545.1 443.9 174.8
928.7 146.5 159.8 193.6 152.3 228.8 227.9 311.7 349.8 279.7 374.1 206.5 180.4 125.0 275.5 282.6 246.8 279.0 458.8 341.7 254.2 376.6 162.0 480.6 59.7 239.3 355.0 22.1 265.3 292.6 358.7 273.4 307.9 279.1 250.9 296.4 212.7 213.3 272.7 273.3 392.5 410.5 440.8 396.2 292.5 420.6 388.4 344.3 295.7 425.8 276.4 394.5 196.6 294.1 456.6 327.7 281.2 164.8 444.9 341.2 228.9 376.4 376.5 236.3 293.2 217.9 264.8 410.3 155.5 340.8 407.7 223.0 253.0 336.6 515.3 320.1 0.0 167.0 238.9 251.2 188.8 173.5 368.6 212.9 242.1 536.4 308.3 350.3 260.1 257.0 293.0 145.5 264.9 202.4 298.8 388.1 309.6 113.4 120.6 156.7 316.9 231.4 141.2 396.1 412.2 282.0 390.6 140.4 237.4 311.2 274.2 249.0 281.2 244.1 368.6 230.5 251.4 265.6 271.1 381.8 234.7 386.3 207.1 355.6 361.0 364.4 348.8 413.7
837.1 86.3 63.7 102.0 105.2 137.2 298.1 315.2 258.2 265.2 334.9 215.1 63.7 33.9 261.0 268.1 155.2 267.1 444.3 337.2 239.7 362.1 288.9 466.1 145.1 245.2 340.5 201.2 309.5 218.2 267.1 349.9 314.0 187.5 264.3 284.5 315.0 198.8 181.1 261.4 378.0 318.9 349.2 381.7 200.9 329.0 410.9 350.4 204.1 411.3 184.8 366.0 29.6 284.5 442.1 313.2 266.7 137.6 439.0 249.6 305.4 278.7 366.9 312.8 201.6 231.8 252.9 395.8 64.5 309.5 393.2 299.5 259.1 328.0 500.8 324.2 179.0 0.0 315.4 327.7 298.5 275.1 269.6 196.1 318.6 520.6 297.0 258.7 245.6 333.5 272.3 53.9 327.1 296.7 304.9 373.6 212.4 94.3 158.3 96.1 217.8 244.8 136.9 381.6 397.7 329.1 299.0 115.1 145.8 317.3 337.3 234.5 251.2 232.2 391.1 83.0 347.9 251.1 179.5 367.3 220.2 357.8 283.6 353.8 269.4 272.8 309.6 399.2
996.7 292.3 323.1 356.9 264.4 314.8 73.3 266.2 419.5 200.3 451.8 193.9 308.6 288.3 206.2 203.4 253.1 227.7 349.8 419.4 127.2 267.6 245.7 371.6 291.2 168.9 258.2 277.1 49.8 352.0 428.4 34.5 204.2 255.0 153.0 210.3 148.0 168.4 334.5 240.2 283.5 480.2 510.5 289.5 307.1 490.3 466.1 240.6 374.4 316.8 282.7 472.2 359.9 191.9 347.6 230.9 154.2 287.3 344.5 409.2 56.4 446.1 456.7 63.8 371.9 147.5 231.7 301.3 318.8 418.5 298.7 25.8 187.4 414.3 406.3 211.1 299.3 330.3 0.0 102.9 131.5 119.8 438.3 142.5 93.8 426.1 184.5 311.2 221.0 18.0 166.0 308.8 49.4 129.7 222.1 279.1 379.3 282.2 246.7 302.5 395.6 161.3 267.3 287.1 335.7 69.4 460.3 265.9 352.4 209.7 77.6 186.3 89.0 211.0 446.3 393.8 89.3 156.6 367.8 272.8 189.8 464.0 41.7 251.9 430.7 434.1 426.5 304.7
933.8 251.6 280.4 318.7 223.7 353.9 29.6 280.0 431.8 214.1 413.6 153.2 272.0 250.1 220.0 199.6 265.4 205.2 363.6 381.2 141.0 281.4 232.8 385.4 250.5 128.2 272.0 236.4 109.3 381.5 440.7 95.0 218.0 267.3 157.8 222.6 114.2 127.7 346.8 199.5 297.3 470.6 454.9 301.0 319.4 494.6 427.9 254.4 386.7 330.6 295.0 434.0 321.7 210.6 361.4 244.7 168.0 249.1 358.3 346.3 72.9 452.3 418.5 80.3 384.2 114.8 191.0 315.1 281.2 380.3 312.5 67.0 197.2 376.1 420.1 243.5 258.6 292.1 82.9 0.0 120.1 79.1 443.2 101.8 9.1 439.9 198.3 323.5 180.3 101.0 173.6 270.6 108.9 130.0 235.9 292.9 386.0 244.0 206.7 274.7 400.4 138.3 226.6 300.9 317.0 99.2 424.3 225.2 362.5 223.5 91.4 166.0 102.8 170.3 408.1 355.6 20.1 170.4 396.2 286.6 149.1 425.8 51.1 265.7 443.0 446.4 388.3 318.5
925.2 180.6 276.3 297.6 152.7 345.3 100.2 281.0 402.3 185.5 405.0 144.6 216.4 241.5 181.3 173.0 235.9 196.6 364.6 372.6 199.7 282.4 99.2 386.4 179.5 119.6 304.6 165.4 137.6 334.8 411.2 145.7 243.5 237.8 131.2 214.0 23.8 101.1 317.3 190.9 298.3 473.1 446.3 304.3 289.9 473.1 419.3 279.9 357.2 331.6 265.5 425.4 313.1 184.5 362.4 277.3 218.6 240.5 350.7 337.7 101.2 428.9 409.9 108.6 354.7 98.2 182.4 316.1 272.6 371.7 313.5 95.3 188.6 367.5 421.1 225.9 187.6 283.5 111.2 123.5 0.0 53.8 413.7 93.2 114.4 440.9 227.7 294.0 153.7 129.3 205.8 262.0 137.2 29.9 234.4 293.9 362.1 217.4 135.0 190.8 370.9 111.7 155.6 301.9 318.0 157.2 415.7 154.2 353.9 246.8 153.5 139.4 161.5 161.7 399.5 347.0 130.7 171.4 350.6 287.6 122.5 417.2 79.4 291.2 413.5 416.9 379.7 319.5
871.3 172.4 217.9 256.2 144.5 291.4 127.6 227.1 366.0 131.6 351.1 90.7 206.3 187.6 127.4 119.1 199.6 142.7 310.7 318.7 145.8 228.5 170.3 332.5 171.3 65.7 250.7 157.2 130.2 315.7 374.9 104.2 189.6 201.5 77.3 160.1 64.8 47.2 335.3 137.0 244.4 408.1 392.4 248.1 253.6 432.1 365.4 226.0 358.3 277.7 229.2 371.5 259.2 135.5 308.5 223.4 164.7 186.6 305.4 283.8 117.5 386.5 356.0 110.1 355.8 52.3 128.5 262.2 218.7 317.8 259.6 136.3 134.7 313.6 367.2 190.6 179.4 229.6 138.7 98.0 40.9 0.0 377.4 39.3 107.1 387.0 177.0 257.7 99.8 120.6 145.7 208.1 178.2 70.9 180.5 240.0 320.2 181.5 127.5 195.5 372.0 57.8 147.4 248.0 264.1 108.4 361.8 146.0 300.0 192.9 100.6 85.5 107.6 107.8 345.6 293.1 77.8 117.5 333.7 233.7 68.6 363.3 120.4 237.3 377.2 380.6 325.8 265.6
809.1 266.5 178.7 252.1 281.6 113.6 383.8 492.7 35.3 445.4 154.3 387.5 242.3 214.1 441.2 448.3 234.6 457.7 624.5 204.2 419.9 542.3 343.0 646.3 325.3 420.3 520.7 391.8 383.0 162.5 76.4 429.3 488.9 266.9 442.3 464.7 394.4 379.0 153.0 441.6 558.2 112.7 132.9 564.2 162.4 122.1 247.0 525.3 145.6 610.1 264.2 117.4 265.2 459.8 622.3 493.4 446.9 328.2 610.6 221.6 384.8 68.5 148.1 392.2 143.1 409.3 433.1 576.0 183.0 176.5 573.4 378.9 434.0 184.6 681.0 485.8 369.6 235.6 394.8 407.1 377.9 354.5 0.0 393.9 398.0 702.1 474.0 199.4 425.8 412.9 458.7 193.5 407.2 376.1 479.8 553.8 56.0 274.5 325.1 256.3 166.8 412.4 302.9 561.8 568.6 408.5 82.7 295.3 105.6 492.2 416.7 425.1 428.1 431.2 258.1 299.1 427.3 431.3 101.5 547.5 400.4 141.5 363.0 534.0 45.9 56.5 193.9 609.8
831.9 191.0 178.5 216.8 178.9 252.0 140.5 214.9 373.0 119.4 311.7 51.3 170.1 148.2 115.2 104.3 234.0 103.3 298.5 279.3 93.9 216.3 130.9 320.3 176.5 49.0 235.0 191.6 143.1 333.0 381.9 117.1 150.2 235.9 108.2 120.7 114.4 78.1 295.9 97.6 232.2 368.7 353.0 235.9 315.7 392.7 326.0 186.6 318.9 265.5 263.6 332.1 219.8 120.7 296.3 207.7 138.5 147.2 293.2 244.4 130.4 393.5 316.6 123.0 316.4 35.6 89.1 250.0 179.3 278.4 247.4 151.0 95.3 274.2 355.0 178.4 213.8 190.2 151.6 110.9 90.5 49.5 384.4 0.0 120.0 374.8 162.2 292.1 81.8 133.5 130.9 168.7 192.9 120.5 141.1 227.8 327.2 142.1 161.9 202.5 332.6 88.7 181.8 235.8 251.9 121.3 322.4 180.4 260.6 153.5 113.5 70.7 124.9 68.4 306.2 253.7 90.7 105.3 294.3 221.5 61.5 323.9 162.1 197.9 384.2 387.6 286.4 253.4
942.9 260.7 289.5 327.8 232.8 363.0 20.5 289.1 422.7 223.2 422.7 162.3 281.1 259.2 229.1 208.7 256.3 214.3 372.7 390.3 150.1 290.5 241.9 394.5 259.6 137.3 281.1 245.5 100.2 372.4 431.6 104.1 227.1 258.2 166.9 231.7 123.3 136.8 337.7 208.6 306.4 483.4 464.0 310.1 310.3 493.5 437.0 263.5 377.6 339.7 285.9 443.1 330.8 219.7 370.5 253.8 177.1 258.2 367.4 355.4 63.8 443.2 427.6 71.2 375.1 123.9 200.1 324.2 290.3 389.4 321.6 57.9 206.3 385.2 429.2 252.6 267.7 301.2 73.8 9.1 129.2 88.2 434.1 110.9 0.0 449.0 207.4 314.4 189.4 91.9 182.7 279.7 99.8 132.9 245.0 302.0 376.9 253.1 215.8 283.8 391.3 147.4 235.7 310.0 326.1 108.3 433.4 234.3 371.6 232.6 100.5 175.1 111.9 179.4 417.2 364.7 29.2 179.5 371.0 295.7 158.2 434.9 42.0 274.8 433.9 437.3 397.4 327.6
1168.7 536.7 528.7 599.6 524.6 597.7 468.0 260.4 688.8 328.0 657.4 400.1 514.2 493.9 323.8 427.0 579.7 400.2 100.5 625.0 352.1 245.0 451.3 67.7 522.2 425.1 343.6 537.3 390.1 662.8 727.6 403.3 302.3 581.6 413.5 382.8 446.4 368.0 641.6 465.6 444.6 704.5 698.7 283.7 661.4 747.8 651.2 341.2 664.6 486.2 609.3 635.2 565.5 416.8 102.7 316.3 377.0 492.9 110.3 590.1 439.8 710.4 659.8 432.4 662.1 403.7 457.1 124.4 524.4 624.1 292.9 436.4 360.7 619.9 34.7 348.4 560.8 535.9 437.8 444.7 422.5 381.5 737.5 376.0 453.8 0.0 373.4 637.8 420.6 419.7 389.6 514.4 434.1 452.5 394.6 216.1 678.5 489.1 506.9 528.2 685.8 394.0 527.5 225.5 444.7 361.7 668.1 526.1 606.3 382.2 353.4 406.3 342.3 455.2 651.9 599.4 424.5 317.7 640.0 320.8 389.4 669.6 452.3 330.1 729.9 733.3 632.1 465.8
930.1 325.7 281.2 352.1 297.8 350.2 202.5 201.1 441.3 66.4 409.9 144.9 266.7 246.4 75.5 98.3 373.0 137.4 287.9 377.5 35.4 205.7 203.8 309.7 324.6 192.0 127.5 307.3 124.6 410.8 480.1 137.8 113.0 371.7 155.9 123.2 218.1 115.1 394.1 185.6 221.6 457.0 451.2 227.6 427.0 500.3 403.7 151.9 417.1 254.9 402.6 387.7 318.0 83.6 285.7 97.0 67.1 242.2 274.0 342.6 174.3 459.7 412.3 163.7 414.6 170.6 188.5 239.4 276.9 376.6 236.8 170.9 97.1 372.4 344.4 149.2 329.5 288.4 169.1 179.2 194.2 153.2 490.0 146.1 188.3 365.5 0.0 431.1 121.6 154.2 57.7 266.9 168.6 224.2 135.0 217.2 427.8 240.3 280.1 280.7 438.3 165.7 300.7 225.2 241.3 96.2 420.6 299.3 358.8 122.6 87.9 81.2 76.8 156.7 401.2 351.9 155.8 94.7 392.5 210.9 90.4 418.9 186.8 140.8 482.4 485.8 384.6 242.8
809.7 280.0 196.7 206.4 273.0 127.1 276.0 391.2 186.2 359.2 307.5 286.0 257.4 227.6 355.0 362.1 133.1 358.5 538.3 274.2 364.8 456.1 266.8 560.1 299.8 318.8 434.5 285.7 287.4 135.9 195.1 327.8 387.4 165.4 330.4 375.9 292.9 292.8 101.2 352.8 472.0 246.9 277.2 513.3 73.8 257.0 347.9 423.8 141.1 508.6 162.7 294.0 278.7 378.5 536.1 407.2 391.8 331.3 533.0 222.2 283.3 206.7 294.9 290.7 138.6 305.4 344.3 489.8 195.9 246.5 524.8 277.4 332.5 270.0 594.8 418.2 307.9 249.1 293.3 305.6 276.4 253.0 197.6 292.4 296.5 614.6 422.1 0.0 339.6 311.4 397.4 207.0 305.0 274.6 378.3 467.6 140.4 288.0 256.0 271.3 154.8 310.9 275.9 475.6 467.1 307.0 227.0 274.5 119.1 390.7 315.2 328.5 326.6 323.6 328.1 312.6 325.8 345.1 134.5 461.3 314.2 285.8 261.5 435.1 197.4 200.8 282.2 508.3
884.5 278.4 231.1 269.4 250.5 304.6 205.5 247.5 425.6 152.0 364.3 69.5 222.7 200.8 147.8 82.9 305.6 121.5 331.1 331.9 120.0 248.9 202.5 352.9 277.3 114.0 214.5 263.2 199.4 385.6 434.5 182.1 168.4 307.5 147.2 138.9 179.4 77.1 348.5 115.8 264.8 421.3 405.6 268.5 359.6 445.3 378.6 204.8 371.5 298.1 335.2 384.7 272.4 99.3 328.9 187.2 128.5 199.8 325.8 297.0 195.4 446.1 369.2 188.0 369.0 100.6 107.3 282.6 231.9 331.0 280.0 216.0 113.5 326.8 387.6 211.0 285.4 242.8 216.6 175.9 155.5 114.5 437.0 64.9 185.0 407.4 140.8 363.7 0.0 198.5 109.5 221.3 249.3 185.5 159.3 260.4 379.8 194.7 233.5 301.5 385.2 127.7 253.4 268.4 284.5 177.6 375.0 252.0 313.2 171.7 169.3 49.3 158.2 86.6 358.8 306.3 155.7 137.9 346.9 254.1 40.1 376.5 227.1 216.1 436.8 440.2 339.0 286.0
956.4 274.2 307.5 378.9 246.3 376.5 97.7 255.0 437.6 189.1 436.2 175.8 293.0 272.7 195.0 192.2 271.2 216.5 338.6 403.8 116.0 256.4 230.1 360.4 273.1 150.8 247.0 259.0 67.9 370.1 446.5 16.4 193.0 273.1 141.8 199.1 136.8 150.3 352.6 222.1 272.3 483.3 477.5 276.0 325.2 508.4 450.5 229.4 392.5 305.6 300.8 456.6 344.3 180.7 336.4 219.7 143.0 271.7 324.7 368.9 74.5 464.2 441.1 79.1 390.0 129.4 213.6 290.1 303.2 402.9 287.5 43.9 176.2 398.7 395.1 218.5 281.2 314.7 18.0 91.4 142.7 101.7 456.4 124.4 100.5 416.2 170.1 329.3 202.9 0.0 154.8 293.2 67.5 147.8 210.9 267.9 397.4 266.6 228.6 284.4 413.7 150.1 249.2 275.9 292.0 74.2 446.9 247.8 385.1 198.5 66.4 175.1 77.8 192.9 430.7 378.2 71.2 145.4 385.9 261.6 171.7 448.4 59.8 240.7 448.8 452.2 410.9 293.5
942.4 302.4 293.5 327.3 274.5 362.5 232.1 227.6 483.5 98.5 422.2 127.4 280.6 258.7 104.4 75.0 329.6 143.9 311.2 389.8 61.9 229.0 260.4 333.0 301.3 171.9 156.4 287.2 147.9 426.3 492.4 161.1 120.4 331.5 161.9 126.5 194.8 91.8 406.4 173.7 244.9 469.3 463.5 248.6 383.6 512.6 416.0 156.8 429.4 278.2 359.2 421.0 330.3 63.5 309.0 129.1 70.4 257.7 305.9 354.9 197.6 475.2 424.6 190.2 426.9 150.5 165.2 262.7 289.8 388.9 260.1 194.2 103.6 384.7 367.7 172.5 309.4 300.7 195.6 202.5 170.9 129.9 502.3 122.8 211.6 388.8 82.7 387.7 98.3 177.5 0.0 279.2 191.9 200.9 138.3 240.5 443.3 252.6 256.8 312.6 450.6 142.4 277.4 248.5 264.6 119.5 432.9 276.0 371.1 125.9 111.2 57.9 100.1 144.5 416.7 364.2 182.3 118.0 404.8 234.2 67.1 434.4 210.1 168.1 494.7 498.1 396.9 266.1
783.1 72.9 9.8 48.0 77.6 83.2 244.1 301.8 204.2 251.8 280.9 201.7 50.3 20.5 247.6 254.7 101.2 253.7 430.9 283.2 226.3 348.7 234.9 452.7 131.7 231.8 327.1 187.8 255.5 164.2 213.1 295.9 300.6 133.5 250.9 271.1 261.0 185.4 127.1 248.0 364.6 264.9 295.2 368.3 146.9 275.0 356.9 337.0 150.1 397.9 130.8 312.0 71.6 271.1 428.7 299.8 253.3 124.2 425.6 195.6 251.4 224.7 312.9 258.8 147.6 218.4 239.5 382.4 10.6 255.5 379.8 245.5 245.7 274.0 487.4 310.8 165.6 42.0 261.4 273.7 244.5 221.1 215.6 182.7 264.6 507.2 283.6 204.7 232.2 279.5 258.9 0.0 273.1 242.7 291.5 360.2 158.4 80.9 130.7 64.2 163.8 231.4 109.3 368.2 384.3 275.1 245.0 101.7 91.8 303.9 283.3 221.1 294.7 218.8 337.1 105.5 293.9 237.7 125.5 353.9 206.8 303.8 229.6 340.4 215.4 218.8 255.6 385.8
1015.3 338.0 340.7 413.2 308.5 333.4 105.4 283.8 408.2 217.9 471.0 250.4 327.8 307.5 225.4 221.0 271.7 245.3 369.0 438.6 144.8 286.8 264.9 390.8 336.9 225.4 277.4 321.2 63.1 369.0 447.0 103.7 223.4 272.0 170.6 229.5 173.8 219.3 353.1 291.9 301.1 508.9 529.1 308.7 325.7 518.3 464.8 259.8 393.0 336.0 299.7 448.8 379.1 209.5 366.8 248.5 173.4 304.9 355.1 427.8 82.2 463.1 473.4 88.0 390.5 205.6 289.8 320.5 338.0 436.1 317.9 51.6 205.0 433.5 425.5 230.3 345.0 349.5 67.6 128.7 155.7 177.9 456.9 189.6 119.6 446.6 200.5 329.8 245.9 85.7 185.2 328.0 0.0 153.9 241.3 298.3 396.3 299.8 292.4 346.6 414.2 180.5 313.0 304.7 334.9 88.6 478.9 311.6 371.0 227.3 96.8 203.9 108.2 263.0 465.5 413.0 145.8 175.8 386.4 290.4 213.1 481.6 67.5 271.1 449.3 452.7 445.7 323.9
927.5 220.2 315.9 386.5 192.3 285.4 88.0 320.6 360.2 269.2 444.6 184.2 256.0 281.1 220.9 212.6 223.7 236.2 404.2 412.2 196.1 322.0 138.8 426.0 219.1 159.2 327.1 205.0 125.4 322.6 399.0 133.5 273.1 225.6 170.8 253.6 56.0 140.7 305.1 230.5 337.9 450.8 481.1 341.6 277.7 460.9 458.9 309.5 345.0 371.2 253.3 465.0 352.7 224.1 402.0 299.8 223.1 280.1 390.3 379.8 89.0 416.7 449.5 96.4 342.5 137.8 222.0 355.7 312.2 411.3 353.1 83.1 228.2 407.1 460.7 265.5 227.2 323.1 99.0 111.3 39.5 93.4 408.9 132.8 102.2 480.5 250.2 281.8 193.3 117.1 234.9 301.6 125.7 0.0 274.0 333.5 349.9 257.0 174.6 230.4 366.2 151.3 195.2 341.5 357.6 145.0 430.9 193.8 323.0 278.6 146.5 179.0 157.9 201.3 439.1 386.6 123.7 211.0 338.4 327.2 162.1 456.8 67.2 320.8 401.3 404.7 419.3 359.1
1011.2 303.6 293.3 331.6 275.7 366.8 273.5 206.4 487.8 161.1 426.5 94.7 337.5 263.0 167.0 172.2 330.8 76.0 355.8 394.1 106.5 273.6 227.7 377.6 302.5 183.7 175.7 288.4 185.9 447.8 496.7 205.7 90.9 332.7 227.0 58.6 246.2 155.3 410.7 121.0 289.5 483.5 467.8 227.4 384.8 507.5 440.8 127.3 433.7 322.8 360.4 446.9 334.6 177.6 353.6 148.4 111.2 262.0 350.5 359.2 242.2 508.3 431.4 234.8 431.2 170.3 150.5 307.3 294.1 393.2 238.9 238.8 95.8 389.0 412.3 235.7 310.6 305.0 240.2 245.6 222.3 184.2 499.2 134.6 254.7 432.1 145.3 388.9 149.7 222.1 140.6 283.5 235.8 252.3 0.0 285.1 442.0 256.9 258.7 326.7 447.4 217.0 278.6 293.1 309.2 164.1 437.2 277.2 375.4 12.4 155.8 138.6 144.7 95.8 421.0 368.5 225.4 162.6 409.1 278.8 129.4 438.7 254.7 138.6 499.0 502.4 401.2 310.7
1022.2 381.3 368.8 407.1 369.2 442.3 318.9 223.7 563.3 172.6 502.0 259.6 360.4 338.5 168.4 271.6 424.3 295.9 120.8 469.6 195.4 50.1 321.2 142.6 366.8 269.7 247.9 381.9 228.1 523.3 572.2 247.9 207.4 426.2 258.1 278.5 291.0 212.6 486.2 305.9 289.2 559.0 543.3 244.7 506.0 583.0 516.3 246.3 509.2 330.8 453.9 522.4 410.1 265.0 118.6 220.6 222.4 337.5 115.5 434.7 284.4 583.8 506.9 277.0 506.7 256.3 297.4 72.3 369.6 468.7 256.2 281.0 255.6 464.5 177.3 235.4 404.1 380.5 282.4 289.3 267.1 226.1 574.7 220.6 298.4 197.1 221.2 482.4 265.2 264.3 228.0 359.0 278.0 297.1 290.3 0.0 517.5 332.4 352.2 392.8 522.9 238.6 372.1 41.4 289.3 206.3 512.7 370.7 450.9 277.9 198.0 250.9 186.9 276.7 496.5 444.0 269.1 162.3 484.6 164.1 234.0 514.2 296.9 235.2 574.5 577.9 476.7 310.4
805.1 220.8 133.0 206.8 225.5 67.9 338.1 447.0 40.1 399.7 152.5 341.8 196.6 168.4 395.5 402.6 188.9 401.6 578.8 192.0 374.2 496.6 297.3 600.6 279.6 374.6 475.0 335.7 337.3 116.8 49.0 383.6 443.2 221.2 386.2 419.0 348.7 333.3 96.9 395.9 512.5 100.8 131.1 516.2 116.7 120.3 245.2 479.6 99.9 564.4 218.5 144.3 219.5 414.1 576.6 447.7 401.2 272.1 564.9 217.6 339.1 66.7 146.3 346.5 97.4 353.2 387.4 530.3 136.7 164.3 527.7 333.2 388.3 182.8 635.3 440.1 313.5 189.9 349.1 361.4 332.2 308.8 58.9 348.2 352.3 656.4 428.3 153.7 380.1 367.2 413.0 147.8 360.8 330.4 434.1 508.1 0.0 228.8 279.4 210.6 113.6 366.7 257.2 516.1 522.9 362.8 80.9 249.6 59.9 446.5 371.0 369.0 382.4 385.5 245.9 253.4 381.6 385.6 55.8 501.8 354.7 139.7 317.3 488.3 51.3 54.7 192.1 564.1
854.0 80.9 85.1 160.0 131.6 154.1 264.8 285.1 275.1 235.1 316.8 185.0 114.8 50.3 230.9 238.0 172.1 237.0 414.2 284.4 209.6 332.0 224.2 436.0 88.4 215.1 310.4 145.6 320.5 217.9 284.0 310.3 283.9 204.4 234.2 254.4 249.6 168.7 198.0 231.3 347.9 345.9 366.1 353.9 217.8 345.9 331.1 320.3 221.0 381.2 201.7 337.2 121.9 249.5 412.0 283.1 236.6 107.5 408.9 266.5 265.8 301.7 321.7 273.2 218.5 193.7 222.8 365.7 80.8 283.5 363.1 259.9 229.0 279.3 470.7 275.5 123.4 92.3 275.8 288.1 225.7 210.4 293.9 166.0 279.0 490.5 266.9 275.6 215.5 293.9 248.4 70.8 344.0 239.3 274.8 343.5 234.9 0.0 162.5 91.1 234.7 214.7 176.8 351.5 367.6 240.5 315.9 94.2 162.7 287.2 232.2 204.4 221.1 202.1 311.3 155.8 288.3 221.0 196.4 337.2 190.1 329.0 244.0 323.7 286.3 289.7 291.5 369.1
910.9 101.5 142.7 213.3 90.8 211.0 208.8 291.8 302.1 259.8 406.4 186.6 137.3 141.9 256.4 262.7 229.0 259.1 439.7 411.0 234.3 357.5 142.9 461.5 126.0 219.4 335.9 111.1 240.3 274.8 340.9 254.3 288.8 261.3 231.0 277.3 193.6 194.2 255.6 254.2 372.6 402.8 423.0 379.4 274.7 412.2 464.2 325.2 277.9 406.7 258.6 407.5 193.0 274.2 437.5 307.8 262.1 241.9 425.8 323.4 209.8 358.6 438.2 216.4 275.4 198.0 245.7 391.2 137.7 384.0 388.6 203.9 233.9 401.8 496.2 301.0 133.3 163.4 219.8 232.1 168.9 154.4 350.8 193.8 223.0 517.3 289.2 332.5 241.0 237.9 273.9 127.7 246.5 182.5 279.7 369.0 291.8 163.9 0.0 110.9 299.1 212.3 19.8 376.2 393.1 262.9 372.8 75.1 219.6 291.3 255.1 229.1 262.1 243.8 464.9 226.9 232.3 246.5 253.3 361.9 214.8 432.3 188.0 336.5 343.2 346.6 381.1 394.6
850.4 10.2 81.5 102.8 53.9 150.5 251.1 334.9 241.6 286.2 348.2 229.7 25.5 58.8 282.0 289.1 168.5 288.1 465.3 350.5 260.7 383.1 185.2 487.1 101.2 262.5 361.5 154.2 322.8 214.3 280.4 296.6 331.1 200.8 274.1 305.5 235.9 219.8 194.4 282.4 399.0 342.3 362.5 402.7 214.2 342.3 424.2 367.5 217.4 432.3 198.1 347.0 118.3 300.6 463.1 334.2 287.7 158.6 451.4 262.9 252.1 298.1 380.2 259.5 214.9 241.1 273.9 416.8 77.2 322.8 414.2 246.2 276.2 341.3 521.8 345.2 176.4 88.7 262.1 274.4 212.0 196.7 282.9 236.1 265.3 541.6 318.0 272.0 266.6 280.2 299.5 67.2 288.1 225.6 322.0 394.6 231.3 81.0 107.8 0.0 238.6 254.6 85.6 402.6 418.7 342.4 312.3 45.3 159.1 334.4 297.4 255.5 304.4 272.0 404.4 152.2 274.6 272.1 192.8 388.3 241.2 371.1 230.3 374.8 282.7 286.1 322.9 420.2
791.2 206.9 149.3 192.5 241.8 54.0 327.0 466.1 130.2 416.0 271.3 360.9 182.7 154.5 381.6 418.9 177.8 417.9 564.9 193.9 360.3 482.7 286.2 586.7 265.7 393.7 461.1 352.0 326.2 115.1 169.0 372.5 432.1 240.3 405.3 405.1 337.6 319.4 65.0 382.0 528.8 223.6 243.8 504.6 84.8 233.0 247.1 468.5 57.2 553.3 237.6 228.3 205.6 400.2 562.7 464.0 387.3 288.4 551.0 203.7 328.0 161.4 259.0 365.6 58.3 372.3 373.5 516.4 123.4 162.6 513.8 322.1 377.2 184.7 621.4 426.2 329.8 176.0 368.2 350.3 321.1 297.7 187.4 337.1 341.2 642.5 414.4 142.6 366.2 386.3 429.3 133.9 350.4 349.5 423.0 494.2 150.1 245.1 265.5 226.9 0.0 355.6 243.3 532.4 511.8 351.7 193.6 235.7 46.0 465.6 359.9 385.3 371.3 371.6 244.2 239.5 400.7 371.7 81.4 518.1 371.0 248.8 306.2 474.4 192.6 149.4 246.0 553.0
907.2 230.2 253.8 292.1 202.3 327.3 166.7 247.8 448.3 181.9 387.0 149.8 245.4 223.5 187.8 151.5 257.4 201.8 331.4 354.6 108.8 249.2 206.2 353.2 229.1 124.8 239.8 215.0 113.5 408.3 457.2 133.3 185.8 259.3 40.3 191.9 122.6 79.6 371.2 196.1 265.1 444.0 428.3 268.8 311.4 468.0 401.3 222.2 394.2 298.4 287.0 407.4 295.1 167.9 329.2 212.5 135.8 222.5 326.1 319.7 156.6 468.8 391.9 149.2 391.7 111.4 187.6 282.9 254.6 353.7 280.3 166.4 169.0 349.5 387.9 211.3 237.2 265.5 167.8 137.1 98.7 57.7 459.7 98.4 146.2 407.7 166.1 315.5 132.2 149.7 141.4 244.0 163.4 128.7 203.7 260.7 402.5 217.4 185.3 253.3 407.9 0.0 205.2 268.7 284.8 91.7 397.7 203.8 335.9 191.3 83.4 117.9 70.6 166.9 381.5 329.0 116.9 138.2 369.6 254.4 101.0 399.2 178.2 233.5 459.5 462.9 361.7 286.3
891.0 116.6 117.6 155.9 78.1 191.1 223.9 314.0 312.1 282.0 388.8 208.8 117.2 122.0 277.8 284.9 209.1 281.3 461.1 391.1 256.5 378.9 189.6 482.9 147.4 241.6 357.3 133.3 267.6 272.1 321.0 275.7 310.2 241.4 253.2 298.7 215.0 215.6 235.0 275.6 394.8 372.8 403.1 398.5 254.8 382.9 464.8 346.6 258.0 428.1 238.7 419.9 173.1 301.3 458.9 330.0 283.5 225.7 455.8 303.5 231.2 332.6 420.8 238.6 255.5 228.2 267.1 412.6 118.4 363.4 410.0 225.3 255.3 381.9 517.6 341.0 155.5 143.5 241.2 253.5 191.1 175.8 323.5 215.2 244.4 537.4 313.8 312.6 262.4 259.3 289.1 107.8 267.2 204.7 301.1 390.4 266.3 185.3 21.4 93.5 271.7 233.7 0.0 398.4 414.5 284.3 352.9 96.5 199.7 313.5 276.5 251.3 283.5 246.4 445.0 207.0 253.7 267.9 233.4 384.1 237.0 411.7 209.4 357.9 323.3 326.7 363.5 416.0
1020.2 379.3 371.3 392.6 367.2 440.3 316.9 221.7 561.3 170.6 500.0 257.6 356.8 336.5 166.4 269.6 422.3 293.9 140.2 467.6 193.4 19.4 293.9 162.0 364.8 267.7 245.9 379.9 232.7 504.1 570.2 245.9 205.4 424.2 256.1 276.5 289.0 210.6 484.2 303.9 287.2 547.1 541.3 242.7 504.0 581.0 514.3 244.3 507.2 328.8 451.9 520.4 408.1 258.1 138.0 218.6 220.4 335.5 126.3 432.7 282.4 553.0 504.9 275.0 504.7 246.3 295.4 91.7 367.0 466.7 254.2 279.0 253.6 462.5 196.7 233.4 402.1 378.5 280.4 287.3 265.1 224.1 572.7 218.6 296.4 216.5 216.0 480.4 263.2 262.3 232.2 357.0 276.0 295.1 288.3 31.4 521.1 330.4 349.5 370.8 520.9 236.6 370.1 0.0 287.3 204.3 510.7 368.7 448.9 275.9 196.0 248.9 184.9 274.7 494.5 442.0 267.1 160.3 482.6 162.1 232.0 512.2 294.9 233.2 572.5 575.9 474.7 308.4
1121.8 405.2 392.7 431.0 393.1 466.2 342.8 231.5 587.2 241.1 525.9 320.1 384.3 362.4 236.9 295.5 448.2 313.1 333.1 493.5 219.3 250.9 345.1 354.9 390.7 293.6 256.5 405.8 252.0 547.2 596.1 271.8 215.2 450.1 282.0 295.7 314.9 236.5 510.1 358.1 152.3 582.9 567.2 252.5 529.9 606.9 540.2 254.1 533.1 41.4 477.8 546.3 434.0 288.9 330.9 229.2 289.9 361.4 327.8 458.6 308.3 607.7 530.8 300.9 530.6 280.2 321.3 284.6 393.5 492.6 264.0 304.9 272.3 488.4 389.6 176.5 428.0 404.4 306.3 313.2 291.0 250.0 598.6 244.5 322.3 409.4 289.7 506.3 289.1 288.2 251.9 382.9 301.9 321.0 307.5 262.4 541.4 356.3 376.1 416.7 546.8 262.5 396.0 270.4 0.0 230.2 536.6 394.6 474.8 295.1 221.9 274.8 210.8 332.9 520.4 467.9 293.0 162.8 508.5 256.1 257.9 538.1 320.8 243.0 598.4 601.8 500.6 41.1
902.5 261.7 249.1 287.4 233.8 322.6 108.5 196.7 443.6 130.8 382.3 163.3 240.7 218.8 136.7 133.9 276.7 158.2 280.3 349.9 57.7 198.1 201.5 302.1 247.1 138.3 188.7 246.5 21.7 403.6 452.5 37.5 134.7 278.6 83.5 140.8 124.3 130.6 366.5 203.2 214.0 439.3 423.6 217.7 330.7 463.3 396.6 171.1 389.5 247.3 306.3 402.7 290.4 127.3 278.1 161.4 84.7 217.8 275.0 315.0 74.0 464.1 387.2 66.6 387.0 124.9 201.1 231.8 249.9 349.0 229.2 74.6 117.9 344.8 336.8 160.2 268.7 260.8 72.0 78.9 130.2 89.2 455.0 100.9 88.0 356.6 115.0 334.8 157.2 53.9 90.3 239.3 71.6 140.1 152.6 209.6 397.8 212.7 216.8 273.1 403.2 91.8 236.7 217.6 233.7 0.0 393.0 235.3 331.2 140.2 8.1 116.8 19.5 178.0 376.8 324.3 58.7 87.1 364.9 203.3 126.0 394.5 90.5 182.4 454.8 458.2 357.0 235.2
786.3 299.5 216.2 225.9 304.2 146.6 410.5 432.9 91.3 382.9 70.4 332.8 276.9 247.1 378.7 385.8 267.6 384.8 562.0 171.0 357.4 479.8 401.3 583.8 358.3 362.9 458.2 414.4 421.9 212.7 109.4 462.3 431.7 299.9 464.9 402.2 427.4 316.5 175.6 379.1 495.7 45.1 49.0 499.4 195.4 69.1 188.4 468.1 133.0 529.0 297.2 65.8 298.2 402.2 559.8 430.9 384.4 350.8 556.7 198.8 417.8 59.6 66.7 425.2 135.2 349.5 370.6 513.5 215.4 143.3 510.9 411.9 376.8 161.8 618.5 441.9 392.2 268.6 427.8 440.1 410.9 387.5 66.3 313.8 431.0 638.3 414.7 232.4 363.3 445.9 390.0 226.5 439.5 409.1 422.6 491.3 83.1 307.5 357.3 290.8 192.3 445.4 335.9 499.3 515.4 441.5 0.0 328.3 138.6 435.0 449.7 352.2 461.1 349.9 168.6 332.1 460.3 368.8 134.5 485.0 337.9 57.6 396.0 471.5 78.9 53.7 110.0 516.9
878.0 26.3 104.6 142.9 37.3 178.1 199.4 289.5 299.1 257.5 375.8 184.3 60.2 74.3 253.3 260.4 196.1 256.8 436.6 378.1 232.0 354.4 165.1 458.4 115.5 217.1 332.8 108.8 243.1 259.1 308.0 251.2 285.7 228.4 228.7 274.2 190.5 191.1 222.0 251.1 370.3 359.8 390.1 374.0 241.8 369.9 451.8 322.1 245.0 403.6 225.7 406.9 145.9 276.8 434.4 305.5 259.0 172.9 431.3 290.5 206.7 319.6 407.8 214.1 242.5 203.7 242.6 388.1 105.4 350.4 385.5 200.8 230.8 368.9 493.1 316.5 131.0 116.3 216.7 229.0 166.6 151.3 310.5 190.7 219.9 512.9 289.3 299.6 237.9 234.8 264.6 94.8 242.7 180.2 276.6 365.9 253.3 95.3 72.9 49.4 258.7 209.2 92.8 373.9 390.0 259.8 339.9 0.0 186.7 289.0 252.0 226.8 259.0 221.9 432.0 179.8 229.2 243.4 220.4 359.6 212.5 398.7 184.9 333.4 310.3 313.7 350.5 391.5
745.1 160.8 77.5 87.2 165.5 7.9 290.9 406.1 112.3 339.7 242.9 289.6 138.2 108.4 335.5 342.6 148.0 341.6 518.8 191.3 314.2 436.6 281.7 540.6 219.6 333.7 415.0 275.7 302.3 72.3 121.2 342.7 388.5 180.3 345.3 359.0 307.8 273.3 35.2 335.9 452.5 173.0 203.3 456.2 55.0 183.1 265.0 424.9 58.2 485.8 177.6 220.1 159.5 359.0 516.6 387.7 341.2 212.1 513.5 157.6 298.2 132.8 221.0 305.6 55.7 320.3 327.4 470.3 76.7 163.6 467.7 292.3 333.6 182.1 575.3 398.7 253.5 129.9 308.2 320.5 291.3 267.9 123.7 307.3 311.4 595.1 371.5 112.8 320.1 326.3 346.8 87.8 319.9 289.5 379.4 448.1 66.5 168.8 218.6 152.1 71.9 325.8 197.2 456.1 482.0 321.9 153.1 189.6 0.0 391.8 330.1 309.0 341.5 306.7 245.2 193.4 340.7 325.6 33.6 441.8 294.7 211.9 276.4 428.3 123.5 126.9 217.6 473.7
1023.6 316.0 310.2 385.1 288.1 379.2 264.3 194.0 500.2 148.7 438.9 107.1 349.9 275.4 154.6 171.8 343.2 63.6 343.4 406.5 94.1 261.2 240.1 365.2 314.9 196.1 163.3 300.8 180.1 443.0 509.1 193.3 78.5 345.1 214.6 46.2 258.6 167.7 423.1 108.6 277.1 486.0 480.2 217.3 397.2 529.3 432.7 114.9 446.1 310.4 372.8 416.7 347.0 160.3 341.2 136.0 98.8 274.4 329.5 371.6 229.8 491.9 441.3 222.4 443.6 174.7 144.5 294.9 305.9 405.6 226.5 226.4 99.2 401.4 399.9 204.7 323.0 317.4 227.8 234.7 234.7 196.6 519.0 147.0 243.8 419.7 129.7 401.3 162.1 209.7 134.4 295.9 224.1 264.7 12.4 272.7 460.0 269.3 270.4 326.2 459.8 222.9 291.0 280.7 296.8 151.7 449.6 289.6 387.8 0.0 143.4 151.0 132.3 83.4 433.4 380.9 214.5 150.2 421.5 266.4 141.8 451.1 242.3 126.2 511.4 514.8 413.6 298.3
894.3 253.4 240.9 279.2 241.3 314.4 120.8 188.5 435.4 122.6 374.1 157.5 232.5 210.6 128.5 125.7 285.0 150.0 272.1 341.7 49.5 189.9 193.3 293.9 238.9 141.8 180.5 254.0 30.0 395.4 444.3 49.8 126.5 286.9 75.3 132.6 136.6 122.4 358.3 195.0 205.8 431.1 415.4 209.5 339.0 455.1 388.4 162.9 381.3 239.1 314.6 394.5 282.2 119.1 269.9 153.2 76.5 209.6 266.8 306.8 86.3 455.9 379.0 78.9 378.8 128.4 213.3 223.6 241.7 340.8 221.0 82.9 109.7 336.6 328.6 152.0 276.2 252.6 84.3 91.2 139.2 98.2 446.8 92.7 100.3 348.4 106.8 343.1 149.0 66.2 82.1 231.1 79.9 152.4 144.4 201.4 389.6 204.5 224.3 264.9 395.0 83.6 244.2 209.4 225.5 8.2 384.8 242.8 323.0 132.0 0.0 108.6 11.3 169.8 368.6 316.1 71.0 78.9 356.7 195.1 117.8 386.3 98.8 174.2 446.6 450.0 348.8 227.0
884.4 244.4 235.5 256.8 216.5 304.5 180.9 218.3 425.5 107.2 364.2 69.4 221.0 200.7 113.1 33.5 271.6 121.4 301.9 331.8 70.6 219.7 177.1 323.7 243.3 113.9 165.1 229.2 156.6 368.3 434.4 157.5 129.1 273.5 103.9 135.2 136.8 33.8 348.4 115.7 235.6 411.3 405.5 241.6 325.6 445.2 378.5 165.5 371.4 268.9 301.2 384.6 272.3 45.0 299.7 137.8 79.1 199.7 296.6 296.9 170.8 417.2 369.1 163.4 368.9 92.5 107.2 253.4 231.2 330.9 250.8 191.4 112.3 326.7 358.4 163.2 251.4 242.7 192.0 151.3 112.9 71.9 444.3 64.8 160.4 378.2 88.2 329.7 40.3 173.9 66.3 221.2 200.6 142.9 147.0 231.2 385.3 194.6 198.8 254.6 392.6 84.4 219.4 239.2 255.3 128.2 374.9 218.0 313.1 134.6 119.9 0.0 108.8 105.3 358.7 306.2 131.1 108.7 346.8 224.9 9.1 376.4 192.4 176.8 436.7 440.1 338.9 256.8
882.9 242.0 229.5 267.8 229.9 303.0 131.9 177.1 424.0 111.2 362.7 146.1 221.1 199.2 117.1 114.3 296.1 138.6 260.7 330.3 38.1 178.5 181.9 282.5 227.5 130.4 169.1 242.6 41.1 384.0 432.9 60.9 115.1 298.0 82.2 121.2 147.7 73.3 346.9 183.6 194.4 419.7 404.0 198.1 350.1 443.7 377.0 151.5 369.9 227.7 325.7 383.1 270.8 107.7 258.5 141.8 65.1 198.2 255.4 295.4 97.4 444.5 367.6 90.0 367.4 117.0 201.9 212.2 230.3 329.4 209.6 94.0 98.3 325.2 317.2 140.6 264.8 241.2 95.4 102.3 127.8 86.8 435.4 81.3 111.4 337.0 95.4 354.2 137.6 77.3 70.7 219.7 91.0 157.8 133.0 190.0 378.2 193.1 212.9 253.5 383.6 90.5 232.8 198.0 214.1 19.3 373.4 231.4 311.6 120.6 11.0 97.2 0.0 158.4 357.2 304.7 82.1 67.5 345.3 183.7 106.4 374.9 109.9 162.8 435.2 438.6 337.4 215.6
968.0 260.4 244.1 315.0 232.5 313.1 207.7 218.1 404.2 160.5 372.8 51.5 229.6 209.3 156.3 119.8 287.6 16.0 339.6 340.4 121.9 257.4 159.2 361.4 259.3 122.5 191.1 245.2 207.9 376.9 443.0 190.6 106.3 289.5 184.1 37.2 187.9 94.1 365.8 24.1 273.3 419.9 414.1 245.1 341.6 463.2 366.6 142.7 388.8 306.6 317.2 350.6 280.9 122.5 337.4 160.1 118.7 208.3 325.7 305.5 203.9 425.8 375.2 196.5 377.5 101.1 55.9 291.1 239.8 339.5 254.3 224.5 75.5 335.3 396.1 200.9 267.4 251.3 225.1 184.4 172.8 123.0 452.9 73.4 193.5 417.2 157.5 345.7 88.5 215.8 152.6 229.8 251.9 202.8 105.8 268.9 393.9 203.2 214.8 270.6 401.2 155.8 235.4 276.9 293.0 179.5 383.5 234.0 321.7 89.7 171.2 77.4 160.1 0.0 376.1 314.8 164.2 146.4 355.4 262.6 68.2 385.0 215.8 154.0 445.3 448.7 347.5 294.5
712.3 393.5 305.7 232.3 398.2 240.6 377.6 391.2 253.8 341.2 152.4 291.1 369.3 341.1 337.0 344.1 364.4 343.1 520.3 102.0 315.7 438.1 306.5 542.1 307.7 321.2 416.5 362.8 368.4 271.5 271.9 388.2 390.0 396.7 340.3 360.5 350.3 274.8 251.6 337.4 454.0 209.4 193.7 457.7 271.4 233.4 81.8 426.4 184.7 487.3 394.0 130.2 392.2 355.6 518.1 389.2 342.7 278.4 506.4 124.8 384.9 210.2 154.8 392.3 186.9 299.8 328.9 471.8 309.4 101.1 469.2 379.0 335.1 96.9 576.8 400.2 340.6 362.6 394.9 383.1 326.4 308.3 228.8 272.1 392.2 596.6 369.8 329.2 321.6 404.6 354.5 320.5 418.3 356.4 380.9 449.6 241.1 273.3 362.1 383.3 241.1 320.8 429.9 457.6 473.7 346.6 163.1 422.3 232.6 393.3 338.3 310.5 327.2 308.2 0.0 426.1 362.9 327.1 268.0 443.3 296.2 164.6 363.1 429.8 241.4 198.2 127.1 475.2
910.6 159.8 137.2 175.5 178.7 210.7 371.6 388.7 331.7 338.7 408.4 288.6 137.2 107.4 334.5 341.6 228.7 340.6 517.8 410.7 313.2 435.6 362.4 539.6 218.6 318.7 414.0 274.7 383.0 291.7 340.6 423.4 387.5 261.0 337.8 358.0 388.5 272.3 254.6 334.9 451.5 392.4 422.7 455.2 274.4 402.5 484.4 423.9 277.6 484.8 258.3 439.5 53.3 358.0 515.6 386.7 340.2 211.1 512.5 323.1 378.9 352.2 440.4 386.3 275.1 305.3 326.4 469.3 138.0 383.0 466.7 373.0 332.6 401.5 574.3 397.7 252.5 83.0 388.9 401.2 372.0 348.6 343.1 269.6 392.1 594.1 370.5 332.2 319.1 407.0 345.8 127.4 400.6 370.2 378.4 447.1 285.9 167.8 231.8 169.6 291.3 318.3 210.4 455.1 471.2 402.6 372.5 188.6 219.3 390.8 410.8 308.0 324.7 305.7 464.6 0.0 421.4 324.6 253.0 440.8 293.7 431.3 357.1 427.3 342.9 346.3 383.1 472.7
913.6 231.4 264.7 298.5 203.5 333.7 49.8 259.8 424.8 193.9 393.4 133.0 250.2 229.9 199.8 179.4 285.6 185.0 343.4 361.0 120.8 261.2 187.3 365.2 230.3 108.0 251.8 216.2 107.4 397.5 463.6 74.8 197.8 287.5 137.6 202.4 94.0 107.5 377.6 179.3 277.1 440.5 434.7 280.8 339.6 474.4 387.2 234.2 400.6 310.4 315.2 392.2 301.5 185.5 341.2 224.5 147.8 228.9 329.5 326.1 88.1 446.4 395.8 80.7 398.1 86.6 170.8 294.9 260.4 360.1 292.3 87.2 177.0 355.9 399.9 204.7 238.4 271.9 103.1 20.1 99.9 58.9 473.5 81.6 29.2 419.7 178.1 343.7 160.1 91.2 159.6 250.4 129.1 109.8 215.7 272.7 414.5 223.8 185.8 241.6 421.8 118.1 206.4 280.7 296.8 79.0 404.1 205.0 342.3 203.3 71.2 145.8 82.6 168.9 387.9 335.4 0.0 150.2 376.0 266.4 128.9 405.6 71.3 245.5 465.9 469.3 368.1 298.3
883.2 242.3 229.8 268.1 230.2 303.3 179.9 152.9 424.3 57.4 363.0 120.6 221.4 199.5 53.2 132.6 285.3 156.9 236.5 330.6 56.4 154.3 182.2 258.3 227.8 130.7 132.7 242.9 89.1 384.3 433.2 108.9 118.2 287.2 119.1 139.5 152.0 73.6 347.2 166.9 126.8 420.0 404.3 173.9 367.0 444.0 377.3 157.1 370.2 160.1 314.9 383.4 271.1 126.0 234.3 105.4 83.4 198.5 231.2 295.7 145.4 444.8 367.9 138.0 367.7 117.3 158.4 188.0 230.6 329.7 185.4 142.0 116.6 325.5 293.0 73.0 265.1 241.5 143.4 150.3 128.1 87.1 435.7 81.6 159.4 312.8 106.0 343.4 126.2 125.3 89.0 220.0 139.0 158.1 151.3 165.8 378.5 193.4 213.2 253.8 383.9 99.6 233.1 173.8 146.5 67.3 373.7 231.7 311.9 138.9 59.0 111.9 47.9 137.7 357.5 305.0 130.1 0.0 345.6 159.5 95.0 375.2 157.9 146.0 435.5 438.9 337.7 148.0
794.0 209.7 126.4 136.1 214.4 56.8 341.5 456.7 103.4 388.6 215.8 338.5 187.1 157.3 384.4 391.5 198.6 390.5 567.7 221.9 363.1 485.5 332.3 589.5 268.5 384.3 463.9 324.6 352.9 122.9 112.3 393.3 437.4 230.9 395.9 407.9 358.4 322.2 85.8 384.8 501.4 164.1 194.4 505.1 105.6 174.2 295.6 473.8 88.8 534.7 228.2 211.2 208.4 407.9 565.5 436.6 390.1 261.0 562.4 206.5 348.8 123.9 212.1 356.2 86.3 370.9 376.3 519.2 125.6 194.2 516.6 342.9 382.5 212.7 624.2 447.6 302.4 178.8 358.8 371.1 341.9 318.5 114.8 357.9 362.0 644.0 420.4 163.4 369.0 376.9 395.7 136.7 370.5 340.1 428.3 497.0 57.6 217.7 267.5 201.0 102.5 376.4 246.1 505.0 532.6 372.5 144.2 238.5 48.8 440.7 380.7 357.9 392.1 355.6 275.8 242.3 391.3 374.5 0.0 490.7 343.6 203.0 327.0 477.2 114.6 118.0 266.5 522.6
1001.9 361.0 353.0 386.8 348.9 422.0 298.6 203.4 513.1 152.3 481.7 239.3 338.5 318.2 148.1 251.3 404.0 275.6 200.8 449.3 175.1 118.6 275.6 222.6 346.5 249.4 227.6 361.6 214.4 485.8 551.9 227.6 187.1 405.9 237.8 258.2 270.7 192.3 465.9 285.6 268.9 528.8 523.0 224.4 485.7 562.7 496.0 226.0 488.9 310.5 433.6 480.5 389.8 239.8 198.6 200.3 202.1 317.2 186.9 414.4 264.1 534.7 484.1 256.7 486.4 228.0 277.1 152.3 348.7 448.4 235.9 260.7 235.3 444.2 257.3 172.7 383.8 360.2 262.1 269.0 246.8 205.8 561.8 200.3 278.1 277.1 200.9 462.1 244.9 244.0 213.9 338.7 257.7 276.8 270.0 130.1 502.8 312.1 331.2 352.5 502.6 218.3 351.8 138.1 269.0 186.0 492.4 350.4 430.6 257.6 177.7 230.6 166.6 256.4 476.2 423.7 248.8 142.0 464.3 0.0 213.7 493.9 276.6 214.9 554.2 557.6 456.4 290.1
875.2 247.5 226.3 260.1 219.6 295.3 184.0 221.4 416.3 116.4 355.0 60.2 211.8 191.5 121.7 42.7 274.7 112.2 305.0 322.6 79.8 222.8 193.2 326.8 246.4 104.7 174.3 232.3 165.8 359.1 425.2 160.6 138.3 276.6 107.0 129.6 139.9 36.9 339.2 106.5 238.7 402.1 396.3 242.4 328.7 436.0 369.3 174.7 362.2 272.0 304.3 353.8 263.1 54.2 302.8 147.0 88.3 190.5 291.1 287.7 173.9 408.0 357.4 166.5 359.7 83.3 98.0 256.5 222.0 321.7 253.9 194.5 104.2 317.5 361.5 184.9 254.5 233.5 195.1 154.4 116.0 75.0 427.7 55.6 163.5 381.3 97.4 332.8 31.1 177.0 75.5 212.0 209.1 146.0 150.0 234.3 376.1 185.4 201.9 257.7 383.4 87.5 222.5 242.3 258.4 137.4 365.7 221.1 303.9 143.8 129.1 9.1 118.0 96.1 349.5 297.0 134.2 111.8 337.6 228.0 0.0 367.2 195.5 186.0 427.5 430.9 329.7 259.9
762.9 345.7 257.9 331.0 350.4 192.8 456.7 441.8 137.5 391.8 79.3 341.7 321.5 293.3 387.6 394.7 313.8 393.7 570.9 217.2 366.3 488.7 422.2 592.7 404.5 371.8 467.1 460.6 468.1 241.7 155.6 508.5 440.6 346.1 390.9 411.1 473.6 325.4 221.8 388.0 504.6 81.4 75.6 508.3 241.6 115.3 176.8 477.0 179.2 537.9 343.4 8.1 344.4 406.2 568.7 439.8 393.3 397.0 557.0 175.4 464.0 111.9 73.1 471.4 181.4 350.4 379.5 522.4 261.6 189.5 519.8 458.1 385.7 208.0 627.4 432.2 438.4 314.8 474.0 486.3 457.1 433.7 112.5 322.7 477.2 648.5 420.4 278.6 372.2 492.1 405.1 272.7 485.7 455.3 431.5 500.2 124.8 353.7 403.5 335.5 238.5 371.4 382.1 508.2 524.3 487.7 45.0 374.5 184.8 443.9 495.9 361.1 507.3 377.6 177.5 378.3 506.5 377.7 180.7 493.9 346.8 0.0 442.2 480.4 125.1 99.9 118.9 525.8
954.9 270.4 321.7 360.0 242.5 273.0 31.5 274.5 377.7 208.6 454.9 194.5 304.3 291.4 214.5 211.7 211.3 236.0 358.1 422.5 135.5 275.9 181.7 379.9 269.3 169.5 266.5 255.2 58.1 327.4 386.6 66.2 212.5 213.2 161.3 218.6 106.2 169.0 292.7 240.8 291.8 438.4 468.7 295.5 265.3 448.5 469.2 248.9 332.6 325.1 240.9 475.3 363.0 205.1 355.9 239.2 162.5 290.4 352.8 367.4 21.7 398.2 486.4 29.1 330.1 156.1 232.3 309.6 322.5 421.6 307.0 15.8 195.7 417.4 414.6 238.0 277.4 333.4 31.7 61.1 89.7 120.4 389.1 143.1 52.0 434.4 192.8 269.4 221.6 49.8 168.1 311.9 57.7 87.9 230.4 287.4 331.9 285.3 225.5 293.5 346.3 169.6 245.4 295.4 344.0 77.7 418.5 244.0 310.6 218.0 85.9 194.6 97.3 211.6 449.4 396.9 81.3 164.9 326.0 281.1 190.4 467.1 0.0 260.2 388.9 392.3 429.6 313.0
1028.3 336.2 325.9 364.2 308.3 399.4 262.6 138.0 520.4 94.4 459.1 127.3 370.1 295.6 100.3 170.1 363.4 120.3 267.0 426.7 92.4 242.9 260.3 288.3 335.1 216.3 107.3 321.0 171.8 480.4 529.3 191.6 22.4 365.3 212.9 102.9 278.4 186.9 443.3 165.3 275.4 516.1 500.4 159.0 417.4 540.1 473.4 61.3 466.3 308.7 393.0 479.5 367.2 163.5 264.8 80.0 97.1 294.6 254.1 391.8 228.1 540.9 464.0 220.7 463.8 202.9 183.1 276.6 326.7 425.8 170.5 224.7 79.5 421.6 295.9 221.6 343.2 337.6 226.1 233.0 254.9 216.8 531.8 167.2 242.1 315.7 131.2 421.5 182.3 208.0 126.5 316.1 221.7 284.9 114.7 254.4 474.6 289.5 291.3 359.3 480.0 221.2 311.2 262.4 295.1 150.0 469.8 309.8 408.0 102.3 141.7 153.0 130.6 140.1 453.6 401.1 212.8 148.5 441.7 248.1 162.0 471.3 240.6 0.0 531.6 535.0 433.8 296.6
850.6 266.3 183.0 192.7 271.0 113.4 377.3 492.5 58.1 445.2 166.9 387.3 243.7 213.9 441.0 448.1 234.4 447.1 624.3 206.4 419.7 542.1 368.1 646.1 325.1 420.1 520.5 381.2 388.7 179.5 76.2 429.1 488.7 266.7 431.7 464.5 394.2 378.8 142.4 441.4 558.0 115.2 145.5 561.7 162.2 125.3 280.1 525.1 145.4 609.9 264.0 162.3 265.0 464.5 622.1 493.2 446.7 317.6 619.0 263.1 384.6 75.0 163.2 392.0 142.9 406.7 432.9 575.8 182.2 178.7 573.2 378.7 433.8 197.2 680.8 504.2 359.0 235.4 394.6 406.9 377.7 354.3 65.9 393.7 397.8 700.6 477.0 199.2 425.6 412.7 452.3 193.3 406.3 375.9 479.6 553.6 49.9 274.3 324.1 257.6 159.1 412.2 302.7 561.6 568.4 408.3 95.3 295.1 105.4 492.0 416.5 414.5 427.9 412.2 260.3 298.9 427.1 431.1 101.3 547.3 400.2 154.1 362.8 533.8 0.0 69.1 206.5 609.6
751.7 282.9 199.6 209.3 287.6 130.0 393.9 509.1 74.7 398.6 114.9 348.5 260.3 230.5 394.4 401.5 251.0 400.5 577.7 136.4 373.1 495.5 384.7 599.5 341.7 436.7 473.9 397.8 405.3 196.1 92.8 445.7 447.4 283.3 448.3 417.9 410.8 332.2 159.0 394.8 511.4 63.2 93.5 515.1 178.8 73.3 210.1 483.8 98.4 544.7 280.6 110.3 281.6 417.9 575.5 446.6 400.1 334.2 572.4 164.2 401.2 5.9 111.2 408.6 100.6 423.3 386.3 529.2 198.8 108.7 526.6 395.3 392.5 127.2 634.2 457.6 375.6 252.0 411.2 423.5 394.3 370.9 49.7 329.5 414.4 654.0 430.4 215.8 379.0 429.3 405.7 209.9 422.9 392.5 438.3 507.0 66.5 290.9 340.7 274.2 154.8 428.8 319.3 515.0 585.0 424.9 43.3 311.7 122.0 450.7 433.1 367.9 444.5 365.6 190.3 315.5 443.7 384.5 117.9 500.7 353.6 102.1 379.4 487.2 62.3 0.0 188.5 532.6
704.6 316.2 232.9 224.6 320.9 250.9 369.9 383.5 209.1 333.5 105.9 283.4 293.6 263.8 329.3 336.4 277.8 335.4 512.6 112.3 308.0 430.4 324.1 534.4 300.0 313.5 408.8 355.1 360.7 299.0 227.2 380.5 382.3 310.1 332.6 352.8 342.6 267.1 261.9 329.7 446.3 162.9 147.2 450.0 281.7 186.9 139.0 418.7 195.0 479.6 307.4 126.3 314.9 352.8 510.4 381.5 335.0 270.7 507.3 117.1 377.2 165.7 110.8 384.6 197.2 300.1 321.2 464.1 232.1 111.4 461.5 371.3 327.4 107.2 569.1 392.5 332.9 285.3 387.2 375.4 318.7 300.6 184.1 264.4 384.5 588.9 365.3 339.5 313.9 396.9 340.6 243.2 410.6 348.7 373.2 441.9 200.9 265.6 355.1 307.5 251.4 313.1 352.6 449.9 466.0 338.9 116.6 327.8 242.9 385.6 330.6 302.8 319.5 300.5 119.2 348.8 355.2 319.4 252.3 435.6 288.5 118.1 355.4 422.1 196.7 172.3 0.0 467.5
1056.3 415.4 402.9 441.2 403.3 476.4 353.0 261.4 597.4 271.0 536.1 293.7 394.5 372.6 266.8 305.7 458.4 343.0 363.0 503.7 229.5 280.8 355.3 384.8 400.9 303.8 286.4 416.0 262.2 557.4 606.3 282.0 245.1 460.3 292.2 325.6 325.1 246.7 520.3 340.0 162.5 593.1 577.4 282.4 540.1 617.1 550.4 284.0 543.3 43.4 488.0 556.5 444.2 299.1 360.8 259.1 256.5 371.6 357.7 468.8 318.5 617.9 541.0 311.1 540.8 290.4 331.5 314.5 403.7 502.8 293.9 315.1 302.2 498.6 419.5 186.7 438.2 414.6 316.5 323.4 301.2 260.2 608.8 254.7 332.5 439.3 319.6 516.5 299.3 298.4 262.1 393.1 312.1 331.2 337.4 292.3 551.6 366.5 386.3 426.9 557.0 272.7 406.2 300.3 29.8 240.4 546.8 404.8 485.0 325.0 232.1 285.0 221.0 310.8 530.6 478.1 303.2 173.0 518.7 286.0 268.1 548.3 331.0 272.9 608.6 612.0 510.8 0.0
