Name		2278_BED-Amazon_n161_m224_bt29
Number_of_Customers	161
Number_of_Items		224
Number_of_ItemTypes	29
Number_of_Vehicles	1
TimeWindows		0
Dist_type	manual

VEHICLE
Mass_Capacity	1693
CargoSpace_Length	160
CargoSpace_Width	70
CargoSpace_Height	72

CUSTOMERS
i	x	y	Demand	ReadyTime	DueDate	ServiceTime	DemandedMass	DemandedVolume
0	33.965477	-117.653303	0	0	0	0	0	0
1	33.918131	-117.575763	1	0	0	0	9.4	2760
2	33.926546	-117.539686	3	0	0	0	7.3	5196
3	33.912588	-117.60112	1	0	0	0	4.7	1380
4	33.94415	-117.560344	1	0	0	0	4.7	1380
5	33.926546	-117.539989	1	0	0	0	0.7	2640
6	33.925821	-117.535445	1	0	0	0	0.7	2640
7	33.937363	-117.554203	1	0	0	0	4.7	1380
8	33.932554	-117.564011	1	0	0	0	3.82	7600
9	33.938731	-117.569405	1	0	0	0	4.7	1380
10	33.927804	-117.541714	1	0	0	0	0.7	2640
11	33.934488	-117.549866	1	0	0	0	0.7	2640
12	33.923068	-117.542811	1	0	0	0	7.3	3640
13	33.940353	-117.560438	1	0	0	0	0.7	2640
14	33.914486	-117.595829	2	0	0	0	19.9	29160
15	33.934828	-117.552434	1	0	0	0	2.5	3978
16	33.925141	-117.539622	1	0	0	0	2.5	3978
17	33.928471	-117.553288	2	0	0	0	5.4	4020
18	33.922821	-117.586567	1	0	0	0	1.76	9000
19	33.921682	-117.54123	3	0	0	0	7.9	7998
20	33.921943	-117.578008	1	0	0	0	2.75	9072
21	33.939429	-117.56145	1	0	0	0	3.82	8580
22	33.930191	-117.557937	2	0	0	0	9.2	4816
23	33.914632	-117.598354	1	0	0	0	4.7	1380
24	33.915739	-117.597042	2	0	0	0	5.4	4020
25	33.915736	-117.537854	2	0	0	0	4.91	6720
26	33.943523	-117.5622	1	0	0	0	3.42	23780
27	33.937936	-117.570979	1	0	0	0	4.7	1380
28	33.924381	-117.584761	1	0	0	0	4.7	1380
29	33.928141	-117.559347	2	0	0	0	4.76	10152
30	33.916652	-117.542139	1	0	0	0	4.7	1380
31	33.926384	-117.54984	1	0	0	0	0.7	2640
32	33.931154	-117.54808	1	0	0	0	1.75	4608
33	33.915729	-117.536977	1	0	0	0	1.9	1176
34	33.921283	-117.538562	1	0	0	0	1.9	1176
35	33.943425	-117.559063	1	0	0	0	9.4	2760
36	33.93325	-117.56857	3	0	0	0	14.15	10720
37	33.923851	-117.588101	1	0	0	0	4.7	1380
38	33.937174	-117.563619	1	0	0	0	1.75	4608
39	33.931998	-117.568841	1	0	0	0	1.75	4608
40	33.932427	-117.579543	2	0	0	0	8.0	6280
41	33.935747	-117.557253	1	0	0	0	4.7	1380
42	33.942633	-117.560086	1	0	0	0	3.01	5544
43	33.927796	-117.550382	1	0	0	0	1.75	4608
44	33.919459	-117.582379	1	0	0	0	4.7	1380
45	33.920252	-117.586381	2	0	0	0	5.97	8680
46	33.927374	-117.545499	1	0	0	0	4.7	1380
47	33.914515	-117.54829	1	0	0	0	1.75	4608
48	33.922691	-117.545538	1	0	0	0	4.7	1380
49	33.93199	-117.554168	1	0	0	0	4.7	1380
50	33.939429	-117.562104	2	0	0	0	8.52	8980
51	33.92284	-117.580117	1	0	0	0	2.15	1080
52	33.910546	-117.600051	1	0	0	0	7.3	3640
53	33.941282	-117.564991	2	0	0	0	12.1	9840
54	33.943325	-117.560094	1	0	0	0	9.4	2760
55	33.93645	-117.569172	1	0	0	0	0.7	2640
56	33.937829	-117.566249	1	0	0	0	7.3	3640
57	33.916456	-117.545432	1	0	0	0	4.7	1380
58	33.935653	-117.567673	1	0	0	0	3.01	5544
59	33.936065	-117.574141	3	0	0	0	7.9	7998
60	33.92877	-117.545498	2	0	0	0	12.27	29500
61	33.939432	-117.56026	1	0	0	0	1.9	1176
62	33.926577	-117.5443	1	0	0	0	0.7	2640
63	33.922819	-117.587207	1	0	0	0	1.9	1176
64	33.910018	-117.548321	1	0	0	0	3.01	5544
65	33.942002	-117.562188	2	0	0	0	5.4	4020
66	33.921736	-117.585789	1	0	0	0	4.7	1380
67	33.936101	-117.549877	1	0	0	0	1.8	2520
68	33.918581	-117.54778	3	0	0	0	7.74	15323
69	33.923502	-117.539038	1	0	0	0	1.75	4608
70	33.935993	-117.570405	2	0	0	0	6.6	2556
71	33.91561	-117.545439	1	0	0	0	2.91	13520
72	33.936828	-117.546384	2	0	0	0	5.4	4020
73	33.934123	-117.575402	1	0	0	0	4.7	1380
74	33.934592	-117.578331	1	0	0	0	1.8	2520
75	33.919261	-117.546816	1	0	0	0	1.4	5280
76	33.932179	-117.577655	2	0	0	0	7.61	14900
77	33.912895	-117.597569	2	0	0	0	5.4	4020
78	33.925741	-117.586362	2	0	0	0	6.08	17000
79	33.919965	-117.54451	1	0	0	0	2.18	7395
80	33.94033	-117.567005	1	0	0	0	4.7	1380
81	33.921248	-117.579907	1	0	0	0	4.7	1380
82	33.924305	-117.546457	2	0	0	0	7.16	8328
83	33.922301	-117.537825	2	0	0	0	6.6	2556
84	33.93841	-117.54709	1	0	0	0	3.57	15456
85	33.916639	-117.542938	1	0	0	0	2.5	3978
86	33.918015	-117.574324	1	0	0	0	1.8	2520
87	33.925153	-117.536762	1	0	0	0	0.7	2640
88	33.919521	-117.545048	1	0	0	0	2.5	3978
89	33.916793	-117.58336	1	0	0	0	0.7	2640
90	33.916318	-117.54794	1	0	0	0	1.4	5280
91	33.916935	-117.548411	1	0	0	0	4.7	1380
92	33.914325	-117.598677	2	0	0	0	9.99	9455
93	33.925817	-117.53676	1	0	0	0	4.7	1380
94	33.925872	-117.54114	1	0	0	0	0.7	2640
95	33.922714	-117.540091	1	0	0	0	9.4	2760
96	33.937321	-117.560039	2	0	0	0	2.45	7248
97	33.933859	-117.554206	1	0	0	0	4.7	1380
98	33.941268	-117.560584	1	0	0	0	3.01	5544
99	33.924345	-117.57787	1	0	0	0	4.7	1380
100	33.932679	-117.563309	1	0	0	0	4.7	1380
101	33.942119	-117.564831	1	0	0	0	2.5	3978
102	33.916648	-117.546183	1	0	0	0	1.59	3400
103	33.931152	-117.551575	1	0	0	0	0.7	2640
104	33.91746	-117.597324	2	0	0	0	8.48	11950
105	33.93633	-117.568223	1	0	0	0	4.7	1380
106	33.916646	-117.545071	1	0	0	0	4.7	1380
107	33.925104	-117.549818	2	0	0	0	8.44	25056
108	33.915742	-117.53932	1	0	0	0	0.7	2640
109	33.913999	-117.596362	1	0	0	0	2.6	10400
110	33.944527	-117.559343	1	0	0	0	7.3	3640
111	33.92352	-117.538445	2	0	0	0	9.99	9455
112	33.923866	-117.535621	1	0	0	0	1.75	4608
113	33.912405	-117.548312	1	0	0	0	2.5	3978
114	33.921273	-117.58398	2	0	0	0	17.1	11258
115	33.930957	-117.552011	1	0	0	0	4.7	1380
116	33.921779	-117.536668	1	0	0	0	4.7	1380
117	33.937181	-117.549882	1	0	0	0	14.1	4140
118	33.919747	-117.577686	1	0	0	0	0.7	2640
119	33.919221	-117.588576	1	0	0	0	4.7	1380
120	33.922997	-117.537106	1	0	0	0	4.7	1380
121	33.927418	-117.579348	1	0	0	0	4.7	1380
122	33.940427	-117.560044	1	0	0	0	1.75	4608
123	33.916878	-117.589452	1	0	0	0	4.7	1380
124	33.920035	-117.546568	1	0	0	0	2.5	3978
125	33.933237	-117.577808	2	0	0	0	6.45	5988
126	33.921691	-117.539471	3	0	0	0	7.4	10016
127	33.928245	-117.552442	1	0	0	0	4.7	1380
128	33.930883	-117.545491	1	0	0	0	1.75	4608
129	33.917909	-117.547319	1	0	0	0	1.9	1176
130	33.93113	-117.55322	2	0	0	0	6.6	2556
131	33.915299	-117.594933	2	0	0	0	4.4	5154
132	33.924328	-117.539368	1	0	0	0	4.7	1380
133	33.914892	-117.598066	1	0	0	0	5.29	8075
134	33.922442	-117.53599	2	0	0	0	6.6	2556
135	33.934599	-117.571467	1	0	0	0	0.7	2640
136	33.925006	-117.577785	1	0	0	0	4.7	1380
137	33.934296	-117.574971	2	0	0	0	6.45	5988
138	33.916321	-117.588728	3	0	0	0	14.09	15730
139	33.933418	-117.569268	1	0	0	0	2.15	1080
140	33.928209	-117.548519	2	0	0	0	11.3	11286
141	33.941997	-117.56322	2	0	0	0	7.2	5358
142	33.923344	-117.536761	1	0	0	0	4.7	1380
143	33.935138	-117.577479	1	0	0	0	1.75	4608
144	33.920459	-117.584283	1	0	0	0	1.9	1176
145	33.920593	-117.545475	1	0	0	0	2.15	1080
146	33.932575	-117.579312	1	0	0	0	4.7	1380
147	33.941276	-117.564004	1	0	0	0	1.9	1176
148	33.931852	-117.557328	1	0	0	0	4.7	1380
149	33.92282	-117.585731	1	0	0	0	4.7	1380
150	33.912354	-117.598081	2	0	0	0	3.65	5784
151	33.917072	-117.587676	2	0	0	0	11.3	3936
152	33.921926	-117.53785	1	0	0	0	1.9	1176
153	33.91754	-117.593405	1	0	0	0	4.7	1380
154	33.936255	-117.557329	1	0	0	0	4.7	1380
155	33.917994	-117.578562	2	0	0	0	11.9	6738
156	33.92707	-117.546792	1	0	0	0	1.4	5280
157	33.91926	-117.587634	1	0	0	0	4.7	1380
158	33.942282	-117.561124	1	0	0	0	4.7	1380
159	33.931994	-117.56982	1	0	0	0	5.29	8075
160	33.909411	-117.601418	1	0	0	0	2.15	1080
161	33.922833	-117.580803	1	0	0	0	3.44	17100

ITEMS
Type	Length	Width	Height	Mass	Fragility	LoadBearingStrength
Bt1	18	12	5	2.15	1	0
Bt2	21	14	4	1.9	1	0
Bt3	23	15	4	4.7	1	0
Bt4	20	18	7	1.8	1	0
Bt5	15	11	16	0.7	1	0
Bt6	34	10	10	1.59	1	0
Bt7	20	14	13	7.3	1	0
Bt8	17	13	18	2.5	1	0
Bt9	29	15	10	4.66	1	0
Bt10	24	12	16	1.75	1	0
Bt11	28	22	9	3.01	1	0
Bt12	30	19	10	2.15	1	0
Bt13	31	20	10	4.8	1	0
Bt14	29	17	15	2.18	1	0
Bt15	40	19	10	3.82	1	0
Bt16	25	19	17	5.29	1	0
Bt17	29	21	14	1.9	1	0
Bt18	22	15	26	3.816	1	0
Bt19	30	20	15	1.76	1	0
Bt20	28	18	18	2.75	1	0
Bt21	50	20	10	4.73	1	0
Bt22	40	20	13	2.6	1	0
Bt23	26	20	26	2.91	1	0
Bt24	40	20	17	4.49	1	0
Bt25	28	23	24	3.57	1	0
Bt26	57	15	20	3.44	1	0
Bt27	41	20	29	3.42	1	0
Bt28	58	40	11	12.6	1	0
Bt29	38	37	20	7.568	1	0

DEMANDS PER CUSTOMER
i	Type Quantity
1	Bt3 2	
2	Bt2 1	Bt5 1	Bt3 1	
3	Bt3 1	
4	Bt3 1	
5	Bt5 1	
6	Bt5 1	
7	Bt3 1	
8	Bt15 1	
9	Bt3 1	
10	Bt5 1	
11	Bt5 1	
12	Bt7 1	
13	Bt5 1	
14	Bt7 1	Bt28 1	
15	Bt8 1	
16	Bt8 1	
17	Bt3 1	Bt5 1	
18	Bt19 1	
19	Bt3 1	Bt5 1	Bt8 1	
20	Bt20 1	
21	Bt18 1	
22	Bt7 1	Bt2 1	
23	Bt3 1	
24	Bt3 1	Bt5 1	
25	Bt11 1	Bt2 1	
26	Bt27 1	
27	Bt3 1	
28	Bt3 1	
29	Bt10 1	Bt11 1	
30	Bt3 1	
31	Bt5 1	
32	Bt10 1	
33	Bt2 1	
34	Bt2 1	
35	Bt3 2	
36	Bt7 1	Bt12 1	Bt3 1	
37	Bt3 1	
38	Bt10 1	
39	Bt10 1	
40	Bt5 1	Bt7 1	
41	Bt3 1	
42	Bt11 1	
43	Bt10 1	
44	Bt3 1	
45	Bt1 1	Bt15 1	
46	Bt3 1	
47	Bt10 1	
48	Bt3 1	
49	Bt3 1	
50	Bt15 1	Bt3 1	
51	Bt1 1	
52	Bt7 1	
53	Bt13 1	Bt7 1	
54	Bt3 2	
55	Bt5 1	
56	Bt7 1	
57	Bt3 1	
58	Bt11 1	
59	Bt8 1	Bt3 1	Bt5 1	
60	Bt3 1	Bt29 1	
61	Bt2 1	
62	Bt5 1	
63	Bt2 1	
64	Bt11 1	
65	Bt5 1	Bt3 1	
66	Bt3 1	
67	Bt4 1	
68	Bt16 1	Bt10 1	Bt5 1	
69	Bt10 1	
70	Bt2 1	Bt3 1	
71	Bt23 1	
72	Bt3 1	Bt5 1	
73	Bt3 1	
74	Bt4 1	
75	Bt5 2	
76	Bt3 1	Bt23 1	
77	Bt5 1	Bt3 1	
78	Bt24 1	Bt6 1	
79	Bt14 1	
80	Bt3 1	
81	Bt3 1	
82	Bt9 1	Bt8 1	
83	Bt2 1	Bt3 1	
84	Bt25 1	
85	Bt8 1	
86	Bt4 1	
87	Bt5 1	
88	Bt8 1	
89	Bt5 1	
90	Bt5 2	
91	Bt3 1	
92	Bt3 1	Bt16 1	
93	Bt3 1	
94	Bt5 1	
95	Bt3 2	
96	Bt10 1	Bt5 1	
97	Bt3 1	
98	Bt11 1	
99	Bt3 1	
100	Bt3 1	
101	Bt8 1	
102	Bt6 1	
103	Bt5 1	
104	Bt15 1	Bt9 1	
105	Bt3 1	
106	Bt3 1	
107	Bt8 2	Bt26 1	
108	Bt5 1	
109	Bt22 1	
110	Bt7 1	
111	Bt3 1	Bt16 1	
112	Bt10 1	
113	Bt8 1	
114	Bt8 1	Bt7 2	
115	Bt3 1	
116	Bt3 1	
117	Bt3 3	
118	Bt5 1	
119	Bt3 1	
120	Bt3 1	
121	Bt3 1	
122	Bt10 1	
123	Bt3 1	
124	Bt8 1	
125	Bt10 1	Bt3 1	
126	Bt13 1	Bt5 1	Bt2 1	
127	Bt3 1	
128	Bt10 1	
129	Bt2 1	
130	Bt3 1	Bt2 1	
131	Bt2 1	Bt8 1	
132	Bt3 1	
133	Bt16 1	
134	Bt3 1	Bt2 1	
135	Bt5 1	
136	Bt3 1	
137	Bt10 1	Bt3 1	
138	Bt3 1	Bt21 1	Bt9 1	
139	Bt1 1	
140	Bt3 2	Bt17 1	
141	Bt8 1	Bt3 1	
142	Bt3 1	
143	Bt10 1	
144	Bt2 1	
145	Bt1 1	
146	Bt3 1	
147	Bt2 1	
148	Bt3 1	
149	Bt3 1	
150	Bt10 1	Bt2 1	
151	Bt3 2	Bt2 1	
152	Bt2 1	
153	Bt3 1	
154	Bt3 1	
155	Bt8 1	Bt3 2	
156	Bt5 2	
157	Bt3 1	
158	Bt3 1	
159	Bt16 1	
160	Bt1 1	
161	Bt26 1	

DISTANCE MATRIX
0.0 1467.9 1696.2 1296.7 1367.1 1689.0 1760.3 1379.5 1485.0 1406.0 1639.3 1519.6 1773.2 1328.0 1233.1 1491.5 1715.3 1544.5 1249.5 1890.2 1357.5 1296.3 1368.4 1269.4 1249.9 1774.9 1412.5 1431.7 1319.0 1422.4 1673.9 1547.8 1492.4 1793.1 1806.2 1335.7 1484.5 1261.5 1383.1 1486.1 1601.1 1342.1 1344.1 1522.1 1353.6 1273.9 1589.2 1581.3 1746.1 1441.9 1304.1 1322.3 1298.6 1398.9 1355.6 1425.1 1397.4 1675.4 1470.8 1505.5 1569.6 1281.5 1639.7 1242.4 1521.2 1411.1 1322.4 1478.9 1677.6 1727.6 1438.8 1693.1 1529.1 1495.1 1557.8 1697.8 1435.2 1259.2 1298.9 1700.2 1402.2 1428.3 1599.0 1827.4 1461.1 1663.6 1496.5 1739.1 1691.1 1341.7 1619.1 1667.8 1274.5 1729.0 1655.6 1804.6 1323.6 1450.0 1337.7 1372.4 1501.6 1430.1 1653.5 1448.1 1192.9 1437.5 1671.5 1570.6 1747.7 1241.0 1366.3 1715.7 1742.3 1552.0 1351.6 1452.0 1844.5 1455.2 1391.4 1263.9 1740.1 1379.9 1335.6 1236.9 1713.2 1530.4 1861.6 1560.0 1533.2 1647.9 1427.7 1218.4 1685.7 1265.0 1770.0 1489.6 1379.4 1491.3 1260.0 1505.0 1624.1 1359.8 1733.6 1570.1 1343.0 1749.0 1594.1 1379.6 1396.6 1258.7 1266.8 1284.8 1829.4 1201.1 1347.7 1433.5 1652.3 1291.5 1339.7 1498.6 1323.4 1314.0
1316.0 0.0 802.4 471.6 613.1 795.2 866.5 634.4 495.8 471.1 745.5 636.0 804.3 574.9 371.4 637.8 832.4 650.7 227.5 948.8 234.9 541.6 492.6 407.7 388.6 888.0 604.1 445.4 234.5 546.6 787.0 654.0 598.6 906.2 891.5 644.5 470.9 241.5 473.4 403.2 402.7 547.0 628.3 628.3 137.4 187.8 695.4 694.4 809.8 548.1 533.8 199.7 436.9 590.5 634.9 399.7 459.1 788.5 452.7 391.1 675.8 555.2 745.9 234.8 634.3 602.7 232.6 676.6 790.7 844.7 387.7 806.2 764.0 329.6 359.4 810.9 291.8 397.5 282.5 813.3 539.3 212.1 716.1 871.0 696.0 776.7 28.5 845.3 804.2 183.0 732.2 780.9 412.8 835.2 761.8 840.0 503.5 577.4 584.6 249.8 512.4 621.7 766.6 554.3 367.8 419.4 784.6 672.0 860.8 379.3 651.8 832.8 859.4 665.1 188.6 558.2 908.8 690.1 212.0 279.3 857.2 239.3 582.5 261.1 826.3 328.1 920.5 666.2 639.4 761.0 533.9 354.1 802.8 403.3 887.1 391.0 256.8 334.2 282.2 462.4 730.3 542.5 850.7 371.7 201.4 862.1 395.7 571.2 574.9 216.9 405.1 223.2 893.7 376.6 552.6 34.2 758.5 246.2 586.6 415.7 461.7 191.4
1677.6 820.2 0.0 928.9 634.1 5.5 186.4 398.3 461.1 629.2 74.8 275.5 154.0 582.6 894.2 388.6 130.1 328.0 678.9 246.5 655.7 519.5 365.8 930.5 911.4 348.4 675.5 637.4 651.9 366.8 310.3 210.1 201.4 366.6 189.2 563.9 544.3 701.8 538.2 462.2 634.3 396.9 567.3 246.7 681.5 736.3 180.6 298.2 159.5 298.9 527.3 666.2 959.7 622.1 578.8 569.4 556.1 319.7 608.3 609.9 199.2 504.7 192.6 686.2 360.2 634.3 781.1 316.1 235.6 142.4 575.4 337.4 310.9 561.2 591.0 224.6 523.4 920.3 659.2 181.5 625.4 731.9 137.9 168.7 287.8 320.6 848.8 156.6 188.4 731.5 265.3 280.9 935.6 165.3 49.5 161.8 478.7 328.2 592.3 624.7 477.7 653.3 297.8 250.7 825.1 589.1 315.8 191.2 321.2 902.1 589.5 130.5 157.1 327.3 677.1 277.2 206.5 340.9 689.6 827.8 154.9 584.5 590.2 809.6 233.8 563.6 210.0 341.1 189.4 236.2 271.6 876.9 100.5 926.1 184.8 572.4 617.1 565.8 830.7 534.2 294.7 574.1 148.4 603.3 694.6 252.7 627.3 602.8 398.3 668.3 927.9 771.7 191.4 833.9 402.5 784.2 244.0 794.7 594.3 474.7 984.5 662.8
1168.9 479.2 941.1 0.0 751.8 933.9 1005.2 773.1 634.5 609.8 884.2 774.7 943.0 713.6 98.6 776.5 971.1 789.4 247.6 1087.8 355.6 680.3 631.3 55.3 72.7 1009.1 742.8 584.1 317.1 685.3 908.1 792.7 737.3 1027.3 1030.2 783.2 605.1 259.6 612.1 541.9 541.4 685.7 767.0 767.0 348.8 272.0 834.1 815.5 948.5 686.8 672.5 320.4 50.8 729.2 773.6 538.4 597.8 909.6 591.4 526.8 814.5 693.9 884.6 240.5 755.4 741.4 320.5 815.3 911.8 983.4 526.4 927.3 902.7 468.3 498.1 932.0 433.3 72.5 297.0 934.4 678.0 431.8 854.8 1009.7 834.7 897.8 507.8 984.0 925.3 339.8 853.3 902.0 50.8 973.9 900.5 974.4 642.2 716.1 723.3 370.5 651.1 760.4 887.7 693.0 98.2 558.1 905.7 815.5 981.9 90.7 790.5 971.5 998.1 786.2 349.7 696.9 1047.5 828.8 389.5 264.4 995.9 378.0 721.2 237.4 947.4 470.7 1059.2 804.9 778.1 882.1 672.6 113.3 941.5 59.2 1025.8 529.7 377.5 472.9 260.5 601.1 869.0 690.1 989.4 510.4 341.1 983.2 534.4 709.9 713.6 256.8 64.9 285.3 1032.4 159.9 691.3 444.8 897.2 292.0 725.3 554.4 75.6 312.1
1382.3 626.4 596.1 735.1 0.0 588.9 660.2 293.3 359.7 192.8 539.2 413.4 587.1 105.7 700.4 405.3 615.2 444.4 485.1 731.9 461.9 103.9 268.3 736.7 717.2 817.3 52.4 218.5 458.1 322.3 716.3 447.7 392.3 835.5 674.3 31.3 265.7 508.0 164.3 302.4 382.3 242.0 33.2 422.0 487.7 542.5 489.1 623.7 592.6 341.8 111.7 472.4 765.9 112.9 21.7 206.3 182.2 732.3 252.0 286.7 469.5 118.6 539.6 492.4 563.6 82.8 587.3 372.7 629.1 627.5 220.0 750.0 422.9 276.3 339.0 657.7 308.1 726.5 469.1 614.6 189.0 538.1 498.9 653.8 354.9 706.0 655.0 639.0 621.5 537.7 661.5 693.5 741.8 628.9 555.5 618.5 162.4 363.8 66.9 430.9 376.3 119.7 710.4 348.0 631.3 218.7 728.4 470.5 790.1 708.3 38.6 615.6 642.2 594.4 488.6 351.9 691.6 349.0 495.8 634.0 640.0 390.7 113.3 615.8 666.9 311.6 703.3 459.9 433.1 648.8 327.6 685.7 585.6 732.3 669.9 270.8 423.3 272.5 640.2 286.2 524.0 63.7 633.5 351.3 500.8 685.8 375.3 93.6 296.5 474.5 734.1 577.9 676.5 640.1 247.6 592.0 552.2 600.9 49.7 314.9 790.7 469.0
1672.0 814.6 7.1 923.3 628.5 0.0 180.8 392.7 455.5 623.6 69.2 269.9 148.4 577.0 888.6 383.0 124.5 320.0 673.3 241.2 650.1 513.9 360.2 924.9 905.4 342.8 669.9 631.8 646.3 361.2 304.7 204.5 195.8 361.0 183.6 553.3 556.8 696.2 532.6 456.6 628.7 391.3 561.7 241.1 675.9 730.7 175.0 292.6 153.9 293.3 521.7 660.6 954.1 616.5 573.2 563.8 550.5 314.1 602.7 601.3 193.6 499.1 187.0 680.6 354.6 628.7 775.5 310.5 230.0 136.8 569.8 331.8 305.3 555.6 585.4 219.0 520.6 914.7 657.3 175.9 619.8 726.3 132.3 163.1 282.2 315.0 843.2 151.0 182.8 725.9 259.7 275.3 930.0 159.7 43.9 160.5 473.1 322.6 586.7 619.1 472.1 647.7 292.2 245.1 819.5 583.5 310.2 181.1 315.6 896.5 583.9 124.9 151.5 321.7 676.8 271.6 200.9 335.3 684.0 822.2 149.3 578.9 584.6 804.0 228.2 558.0 212.6 335.5 183.8 230.6 266.0 873.9 94.9 920.5 179.2 566.8 611.5 560.2 828.4 528.6 289.1 577.4 142.8 597.7 689.0 247.1 621.7 597.2 392.7 662.7 922.3 766.1 185.8 828.3 396.9 780.2 238.4 789.1 588.7 469.1 978.9 657.2
1734.3 876.9 171.5 985.6 690.8 164.3 0.0 455.0 517.8 685.9 176.2 332.2 146.7 639.3 950.9 445.3 108.3 354.6 735.6 163.9 712.4 576.2 394.8 987.2 967.7 265.5 732.2 694.1 708.6 395.8 227.4 239.1 258.1 283.7 106.3 615.6 619.1 758.5 594.9 518.9 691.0 453.6 624.0 275.7 738.2 793.0 209.6 327.2 188.5 355.6 584.0 722.9 1016.4 678.8 635.5 626.1 612.8 287.7 665.0 663.6 228.2 561.4 221.6 742.9 389.2 691.0 837.8 372.8 264.6 113.2 632.1 305.4 367.6 617.9 647.7 253.6 582.9 977.0 719.6 210.5 682.1 788.6 166.9 85.8 360.0 237.7 905.5 40.0 217.4 788.2 294.3 309.9 992.3 16.1 124.2 116.7 535.4 384.9 649.0 681.4 534.4 710.0 282.5 307.4 881.8 645.8 264.5 215.7 238.3 958.8 646.2 101.3 88.9 356.3 739.1 333.9 123.6 397.6 746.3 884.5 72.0 641.2 646.9 866.3 262.8 620.3 135.3 370.1 246.1 265.2 328.3 936.2 82.9 982.8 116.6 629.1 673.8 622.5 890.7 590.9 323.7 639.7 65.5 660.0 751.3 281.7 684.0 659.5 455.0 725.0 984.6 828.4 108.5 890.6 459.2 842.5 273.0 851.4 651.0 531.4 1041.2 719.5
1358.7 657.9 407.3 766.6 287.0 400.1 475.0 0.0 298.8 306.0 350.4 173.0 394.8 235.5 731.9 111.9 422.9 241.2 516.6 539.6 493.4 221.8 200.2 768.2 748.7 641.2 304.6 321.8 489.6 254.2 562.3 262.5 207.1 659.4 482.0 242.8 305.5 539.5 204.1 299.9 422.1 234.6 288.9 236.8 519.2 574.0 303.9 507.6 400.3 102.9 229.6 503.9 797.4 291.0 300.4 246.1 222.0 529.1 291.8 326.5 284.3 216.5 354.4 523.9 569.6 303.2 618.8 132.3 425.9 435.2 259.8 546.8 182.5 316.1 378.8 465.4 363.9 758.0 500.6 422.3 302.2 569.6 306.6 461.5 114.5 552.0 686.5 453.8 429.2 569.2 474.7 490.3 773.3 443.7 366.7 426.2 144.6 70.4 245.2 462.4 315.4 322.2 507.2 162.8 662.8 258.5 525.2 285.3 614.0 739.8 273.4 423.3 449.9 536.7 520.1 166.7 499.3 108.6 527.3 665.5 447.7 422.2 243.1 647.3 474.6 351.4 511.0 256.7 247.9 445.6 142.4 717.2 393.3 763.8 477.6 310.6 454.8 312.3 671.7 371.9 338.8 251.9 441.2 391.1 532.3 493.5 415.1 271.7 236.0 506.0 765.6 609.4 484.2 671.6 240.2 623.5 367.0 632.4 247.2 312.4 822.2 500.5
1482.1 519.3 486.8 628.0 333.2 479.6 550.9 331.9 0.0 362.2 429.9 320.4 488.7 281.7 593.3 322.2 516.8 335.1 378.0 633.5 354.8 268.0 177.0 629.6 610.1 735.1 374.6 336.5 351.0 231.0 656.2 338.4 283.0 753.3 575.9 355.7 261.5 400.9 268.3 161.3 333.4 231.4 335.1 312.7 380.6 435.4 379.8 601.5 494.2 232.5 275.8 365.3 658.8 355.2 346.6 268.5 286.2 623.0 307.4 306.0 360.2 262.7 430.3 385.3 629.5 367.4 480.2 361.0 519.8 529.1 274.5 640.7 465.3 260.3 290.1 559.3 225.3 619.4 362.0 516.2 373.9 431.0 400.5 555.4 420.8 645.9 547.9 529.7 523.1 430.6 568.6 584.2 634.7 519.6 446.2 520.1 228.3 261.8 291.4 323.8 46.5 386.4 601.1 238.7 524.2 288.2 619.1 361.2 707.9 601.2 371.9 517.2 543.8 630.6 381.5 242.6 593.2 385.8 388.7 526.9 541.6 283.6 289.3 508.7 568.5 262.7 604.9 350.6 323.8 539.5 218.3 578.6 487.2 625.2 571.5 271.5 316.2 264.9 533.1 233.3 414.7 316.1 535.1 302.4 393.7 587.4 326.4 335.9 259.3 367.4 627.0 470.8 578.1 533.0 237.0 484.9 442.9 493.8 293.4 173.8 683.6 361.9
1401.3 476.7 615.1 585.4 201.8 607.9 679.2 295.9 385.0 0.0 558.2 416.0 606.1 162.9 550.7 407.9 634.2 463.4 335.4 750.9 312.2 112.3 287.3 587.0 567.5 819.9 192.8 25.7 308.4 341.3 718.9 466.7 411.3 838.1 693.3 229.5 173.3 358.3 155.8 208.6 232.6 261.0 216.3 441.0 338.0 392.8 508.1 626.3 611.6 360.8 104.5 322.7 616.2 179.2 223.6 106.6 76.4 720.4 159.6 137.0 488.5 125.9 558.6 342.7 566.2 191.4 437.6 375.3 648.1 646.5 94.6 738.1 425.5 126.6 189.3 676.7 158.4 576.8 319.4 633.6 76.4 388.4 517.9 672.8 357.5 708.6 505.3 658.0 640.5 388.0 664.1 712.5 592.1 647.9 574.5 637.5 165.0 366.4 172.6 281.2 401.6 210.4 698.5 367.0 481.6 126.3 716.5 489.5 792.7 558.6 240.5 634.6 661.2 597.0 338.9 370.9 710.6 351.6 346.1 484.3 659.0 241.0 170.5 466.1 685.9 161.9 722.3 478.9 452.1 667.8 346.6 536.0 604.6 582.6 688.9 121.1 273.6 122.8 490.5 169.3 543.0 140.1 652.5 201.6 351.1 704.8 225.6 159.9 315.5 324.8 584.4 428.2 695.5 490.4 266.6 442.3 571.2 451.2 174.6 196.1 641.0 319.3
1648.4 791.0 82.5 899.7 604.9 75.3 178.8 369.1 431.9 600.0 0.0 246.3 146.4 553.4 865.0 359.4 122.5 318.0 649.7 239.2 626.5 490.3 358.2 901.3 881.8 340.8 646.3 608.2 622.7 359.2 302.7 202.5 172.2 359.0 181.6 529.7 533.2 672.6 509.0 433.0 605.1 367.7 538.1 239.1 652.3 707.1 173.0 290.6 151.9 269.7 498.1 637.0 930.5 592.9 549.6 540.2 526.9 312.1 579.1 577.7 191.6 475.5 185.0 657.0 352.6 605.1 751.9 286.9 228.0 134.8 546.2 329.8 281.7 532.0 561.8 217.0 497.0 891.1 633.7 173.9 596.2 702.7 130.3 161.1 258.6 313.0 819.6 149.0 180.8 702.3 257.7 273.3 906.4 157.7 41.9 158.5 449.5 299.0 563.1 595.5 448.5 624.1 290.2 221.5 795.9 559.9 308.2 179.1 313.6 872.9 560.3 122.9 149.5 319.7 653.2 248.0 198.9 311.7 660.4 798.6 147.3 555.3 561.0 780.4 226.2 534.4 210.6 333.5 160.2 228.6 242.4 850.3 92.9 896.9 177.2 543.2 587.9 536.6 804.8 505.0 287.1 553.8 140.8 574.1 665.4 245.1 598.1 573.6 369.1 639.1 898.7 742.5 183.8 804.7 373.3 756.6 236.4 765.5 565.1 445.5 955.3 633.6
1500.8 643.4 285.1 752.1 457.3 277.9 349.2 221.5 284.3 433.6 228.2 0.0 292.1 405.8 717.4 211.8 320.2 244.7 502.1 436.9 478.9 342.7 185.7 753.7 734.2 538.5 432.2 460.6 475.1 239.7 491.0 118.7 81.3 556.7 379.3 382.1 385.6 525.0 331.7 285.4 457.5 220.1 390.5 93.0 504.7 559.5 178.1 436.3 297.6 122.1 350.5 489.4 782.9 418.6 402.0 392.6 349.6 457.8 431.5 430.1 158.5 327.9 228.6 509.4 498.3 430.8 604.3 40.5 373.7 332.5 398.6 475.5 199.1 384.4 414.2 362.7 349.4 743.5 486.1 319.6 429.8 555.1 203.9 358.8 131.1 480.7 672.0 328.0 326.5 554.7 403.4 419.0 758.8 317.9 244.5 323.5 272.2 151.4 415.5 447.9 300.9 449.8 435.9 73.9 648.3 412.3 453.9 141.5 511.3 725.3 412.7 320.6 347.2 465.4 505.6 100.4 396.6 65.3 512.8 651.0 345.0 407.7 413.4 632.8 371.9 386.8 408.3 260.2 122.1 374.3 94.8 702.7 290.6 749.3 374.9 395.6 440.3 389.0 657.2 357.4 195.0 379.5 338.5 426.5 517.8 390.8 450.5 399.3 221.5 491.5 751.1 594.9 381.5 657.1 225.7 609.0 241.2 617.9 417.5 297.9 807.7 486.0
1664.9 815.5 142.3 924.2 577.6 135.1 147.9 375.6 456.4 616.5 147.0 291.0 0.0 577.9 889.5 365.9 109.9 273.4 674.2 150.0 651.0 506.8 313.6 925.8 906.3 251.6 623.0 632.7 647.2 314.6 213.5 157.9 237.3 269.8 92.4 546.2 557.7 697.1 525.5 457.5 629.6 384.2 554.6 194.5 676.8 731.6 128.4 201.0 62.3 276.2 514.6 661.5 955.0 609.4 566.1 564.7 543.4 222.5 603.6 602.2 147.0 492.0 140.4 681.5 263.0 621.6 776.4 331.6 138.4 43.1 570.7 240.2 328.8 556.5 586.3 127.4 521.5 915.6 658.2 84.3 612.7 727.2 85.7 71.9 360.0 223.8 844.1 118.1 91.2 726.8 168.1 183.7 930.9 126.8 95.0 29.9 466.0 305.5 587.6 620.0 473.0 640.6 200.6 284.2 820.4 584.4 218.6 134.5 224.4 897.4 576.8 65.0 129.7 230.1 677.7 304.3 109.7 356.4 684.9 823.1 85.2 579.8 585.5 804.9 136.6 558.9 121.4 288.9 187.6 139.0 280.0 874.8 80.3 921.4 145.1 567.7 612.4 561.1 829.3 529.5 242.5 570.3 92.1 598.6 689.9 155.5 622.6 590.1 393.6 663.6 923.2 767.0 94.6 829.2 389.8 781.1 191.8 790.0 589.6 470.0 979.8 658.1
1341.3 591.8 555.1 700.5 84.5 547.9 619.2 240.6 307.0 160.9 498.2 360.7 546.1 0.0 665.8 352.6 574.2 403.4 450.5 690.9 427.3 51.2 227.3 702.1 682.6 764.6 125.9 186.6 423.5 281.3 663.6 406.7 351.3 782.8 633.3 107.0 231.1 473.4 129.7 249.7 347.7 201.0 86.4 381.0 453.1 507.9 448.1 571.0 551.6 300.8 59.0 437.8 731.3 153.8 97.9 171.7 147.6 665.1 217.4 252.1 428.5 65.9 498.6 457.8 510.9 156.3 552.7 320.0 588.1 586.5 185.4 682.8 370.2 241.7 304.4 616.7 273.5 691.9 434.5 573.6 157.1 503.5 457.9 612.8 302.2 653.3 620.4 598.0 580.5 503.1 608.8 652.5 707.2 587.9 514.5 577.5 109.7 311.1 42.7 396.3 323.6 185.0 643.2 307.0 596.7 184.1 661.2 429.5 737.4 673.7 123.2 574.6 601.2 541.7 454.0 310.9 650.6 296.3 461.2 599.4 599.0 356.1 7.5 581.2 625.9 277.0 662.3 418.9 392.1 607.8 286.6 651.1 544.6 697.7 628.9 236.2 388.7 237.9 605.6 251.6 483.0 114.7 592.5 316.7 466.2 644.8 340.7 134.5 255.5 439.9 699.5 543.3 635.5 605.5 206.6 557.4 511.2 566.3 44.7 262.2 756.1 434.4
1103.0 373.2 911.9 86.6 722.6 904.7 976.0 743.9 605.3 580.6 855.0 745.5 913.8 684.4 0.0 747.3 941.9 760.2 218.4 1028.9 326.4 651.1 602.1 100.9 81.8 913.9 713.6 554.9 287.9 656.1 812.9 763.5 708.1 932.1 945.2 754.0 580.4 230.4 582.9 512.7 512.2 656.5 737.8 737.8 258.9 242.8 804.9 720.3 885.1 657.6 643.3 291.2 65.4 700.0 744.4 509.2 568.6 814.4 562.2 500.6 785.3 664.7 855.4 211.3 660.2 712.2 291.3 786.1 816.6 954.2 497.2 832.1 873.5 439.1 468.9 836.8 401.3 26.0 267.8 839.2 648.8 333.6 825.6 980.5 805.5 802.6 401.8 954.8 830.1 251.8 758.1 806.8 106.0 944.7 871.3 945.2 613.0 686.9 694.1 341.3 621.9 731.2 792.5 663.8 141.9 528.9 810.5 781.5 886.7 7.9 761.3 942.3 968.9 691.0 315.2 667.7 983.5 799.6 360.3 169.2 966.7 348.8 692.0 142.2 852.2 441.5 1000.6 775.7 748.9 786.9 643.4 17.2 912.3 96.5 996.6 500.5 348.3 443.7 162.0 571.9 839.8 652.0 960.2 481.2 311.9 888.0 505.2 680.7 684.4 227.6 33.6 190.1 968.4 70.2 662.1 337.2 868.0 196.8 696.1 525.2 90.2 282.9
1472.1 669.6 422.6 778.3 400.4 415.4 486.7 113.3 310.5 419.4 365.7 256.2 406.5 348.9 743.6 0.0 434.6 252.9 528.3 551.3 505.1 335.2 211.9 779.9 760.4 652.9 418.0 435.2 501.3 265.9 574.0 274.2 218.8 671.1 493.7 356.2 411.8 551.2 317.5 311.6 483.7 246.3 402.3 248.5 530.9 585.7 315.6 519.3 412.0 114.6 343.0 515.6 809.1 404.4 413.8 359.5 335.4 540.8 457.7 456.3 296.0 329.9 366.1 535.6 581.3 416.6 630.5 245.7 437.6 446.9 373.2 558.5 295.9 410.6 440.4 477.1 375.6 769.7 512.3 434.0 415.6 581.3 318.3 473.2 227.9 563.7 698.2 465.5 440.9 580.9 486.4 502.0 785.0 455.4 382.0 437.9 258.0 82.1 358.6 474.1 327.1 435.6 518.9 174.5 674.5 371.9 536.9 297.0 625.7 751.5 386.8 435.0 461.6 548.4 531.8 178.4 511.0 222.0 539.0 677.2 459.4 433.9 356.5 659.0 486.3 413.0 522.7 268.4 259.6 457.3 154.1 728.9 405.0 775.5 489.3 421.8 466.5 415.2 683.4 383.6 350.5 365.3 452.9 452.7 544.0 505.2 476.7 385.1 247.7 517.7 777.3 621.1 495.9 683.3 251.9 635.2 378.7 644.1 360.6 324.1 833.9 512.2
1685.0 835.6 110.4 944.3 597.7 103.2 123.5 395.7 476.5 636.6 115.1 311.1 121.9 598.0 909.6 386.0 0.0 293.5 694.3 183.9 671.1 526.9 333.7 945.9 926.4 285.5 643.1 652.8 667.3 334.7 247.4 178.0 241.7 303.7 126.3 566.3 577.8 717.2 545.6 477.6 649.7 404.3 574.7 214.6 696.9 751.7 148.5 266.1 127.4 296.3 534.7 681.6 975.1 629.5 586.2 584.8 563.5 287.6 623.7 622.3 167.1 512.1 160.5 701.6 328.1 641.7 796.5 351.7 203.5 79.5 590.8 305.3 348.9 576.6 606.4 192.5 541.6 935.7 678.3 149.4 632.8 747.3 105.8 105.8 328.1 257.7 864.2 93.7 156.3 746.9 233.2 248.8 951.0 102.4 63.1 103.2 486.1 325.6 607.7 640.1 493.1 660.7 265.7 291.0 840.5 604.5 283.7 154.6 258.3 917.5 596.9 67.6 94.2 295.2 697.8 317.5 143.6 376.5 705.0 843.2 92.0 599.9 605.6 825.0 201.7 579.0 155.3 309.0 207.7 204.1 300.1 894.9 37.6 941.5 121.9 587.8 632.5 581.2 849.4 549.6 262.6 590.4 85.5 618.7 710.0 220.6 642.7 610.2 413.7 683.7 943.3 787.1 128.5 849.3 409.9 801.2 211.9 810.1 609.7 490.1 999.9 678.2
1513.7 656.3 348.3 765.0 470.2 341.1 372.2 216.4 297.2 465.3 332.4 222.9 287.8 418.7 730.3 206.7 315.9 0.0 515.0 434.7 491.8 355.6 201.0 766.6 747.5 536.6 511.6 473.5 488.0 252.6 455.3 209.2 185.5 552.4 375.0 400.0 382.8 537.9 374.3 298.3 472.8 233.0 403.4 215.2 517.6 572.4 282.3 400.6 293.3 117.0 363.4 502.3 795.8 458.2 411.0 405.5 392.2 422.1 444.4 448.4 265.1 340.8 286.2 522.3 462.6 472.8 617.2 263.5 321.3 328.2 411.5 439.8 370.2 397.3 427.1 360.8 359.5 756.4 495.3 315.3 461.5 568.0 202.0 354.5 331.0 445.0 684.9 342.4 322.2 567.6 370.1 383.3 771.7 351.1 301.0 323.5 314.8 146.3 428.4 460.8 313.8 489.4 400.2 141.2 661.2 425.2 418.2 192.7 507.0 738.2 425.6 316.3 342.9 429.7 513.2 145.1 392.3 288.3 525.7 663.9 340.7 420.6 426.3 645.7 367.6 395.8 390.5 53.0 226.3 338.6 120.8 713.0 286.3 762.2 370.6 408.5 453.2 401.9 666.8 370.3 317.2 410.2 334.2 439.4 530.7 386.5 463.4 438.9 234.4 504.4 764.0 610.2 377.2 670.0 238.6 620.3 345.4 630.8 430.4 310.8 820.6 498.9
1104.0 239.8 693.4 249.9 504.1 686.2 757.5 525.4 386.8 362.1 636.5 527.0 695.3 465.9 215.2 528.8 723.4 541.7 0.0 840.1 107.9 432.6 383.6 251.5 232.0 941.7 495.1 336.4 69.4 437.6 862.8 545.0 489.6 959.9 782.5 535.5 357.4 37.8 364.4 294.2 293.7 438.0 519.3 519.3 101.1 70.2 586.4 778.4 700.8 439.1 424.8 72.7 280.7 481.5 525.9 290.7 350.1 829.6 343.7 279.1 566.8 446.2 636.9 7.3 718.3 493.7 118.7 567.6 726.4 735.7 278.7 847.3 655.0 220.6 250.4 765.9 185.6 241.3 75.2 722.8 430.3 184.1 607.1 762.0 587.0 852.5 268.4 736.3 729.7 138.0 775.2 790.8 256.6 726.2 652.8 726.7 394.5 468.4 475.6 122.8 403.4 512.7 807.7 445.3 146.1 310.4 825.7 567.8 914.5 223.1 542.8 723.8 750.4 749.1 102.0 449.2 799.8 581.1 141.8 247.4 748.2 130.3 473.5 229.2 775.1 223.0 811.5 557.2 530.4 746.1 424.9 200.5 693.8 247.1 778.1 282.0 129.8 225.2 253.6 353.4 621.3 442.4 741.7 262.7 114.2 794.0 286.7 462.2 465.9 9.1 248.9 191.3 784.7 154.9 443.6 205.4 649.5 214.3 477.6 306.7 305.5 64.4
1778.1 949.3 240.7 1074.6 728.0 233.5 152.7 526.0 606.8 766.9 245.4 443.7 157.6 728.3 1039.9 516.3 177.5 426.2 824.6 0.0 801.4 657.2 464.0 1076.2 1056.7 220.0 773.4 783.1 797.6 465.0 181.9 308.3 369.6 238.2 60.8 696.6 690.0 847.5 675.9 607.9 780.0 534.6 705.0 344.9 827.2 882.0 278.8 314.3 221.4 426.6 665.0 811.9 1105.4 759.8 716.5 715.1 693.8 242.2 754.0 755.6 297.4 642.4 290.8 831.9 365.2 772.0 926.8 484.3 297.5 151.1 721.1 259.9 479.1 706.9 736.7 286.5 669.1 1066.0 808.6 243.4 763.1 877.6 236.1 75.6 471.5 192.2 977.9 122.9 250.3 877.2 281.4 308.2 1081.3 131.6 193.4 123.3 616.4 455.9 738.0 770.4 623.4 791.0 237.0 418.9 970.8 734.8 219.0 289.4 192.8 1047.8 727.2 130.9 141.4 343.4 822.8 445.4 92.7 509.1 835.3 996.6 90.0 730.2 735.9 978.4 295.7 709.3 33.4 439.3 338.0 288.3 439.8 1025.2 152.1 1071.8 128.1 718.1 762.8 711.5 999.5 679.9 392.9 711.8 96.9 749.0 840.3 314.6 773.0 740.5 544.0 814.0 1073.6 940.5 77.6 979.6 540.2 923.7 342.2 963.5 740.0 620.4 1130.2 808.5
1223.6 260.7 647.7 369.5 458.4 640.5 711.8 479.7 341.1 316.4 590.8 481.3 649.6 420.2 334.8 483.1 677.7 496.0 119.5 794.4 0.0 386.9 337.9 371.1 351.6 896.0 449.4 290.7 159.4 391.9 817.1 499.3 443.9 914.2 736.8 489.8 311.7 157.4 318.7 248.5 248.0 392.3 473.6 473.6 88.1 189.8 540.7 762.4 655.1 393.4 379.1 45.1 400.3 435.8 480.2 245.0 304.4 783.9 298.0 233.4 521.1 400.5 591.2 126.8 739.2 448.0 221.6 521.9 680.7 690.0 233.0 801.6 609.3 174.9 204.7 720.2 139.9 360.9 194.8 677.1 384.6 76.1 561.4 716.3 541.3 806.8 289.3 690.6 684.0 172.0 729.5 745.1 376.2 680.5 607.1 681.0 348.8 422.7 429.9 29.5 357.7 467.0 762.0 399.6 265.7 264.7 780.0 522.1 868.8 342.7 497.1 678.1 704.7 791.5 141.0 403.5 754.1 535.4 33.8 268.3 702.5 66.5 427.8 250.1 729.4 177.3 765.8 511.5 484.7 700.4 379.2 320.1 648.1 366.7 732.4 236.3 36.5 179.5 274.5 307.7 575.6 396.7 696.0 217.0 153.2 748.3 241.0 416.5 420.2 108.9 368.5 212.2 739.0 274.5 397.9 226.3 603.8 235.2 431.9 261.0 425.1 53.4
1288.9 557.4 502.7 666.1 102.0 495.5 566.8 206.2 272.6 109.6 445.8 326.3 493.7 50.5 631.4 318.2 521.8 351.0 416.1 638.5 392.9 0.0 174.9 667.7 648.2 740.1 116.1 135.3 389.1 228.9 629.2 354.3 298.9 758.3 580.9 117.1 196.7 439.0 95.3 215.3 313.3 148.6 103.9 328.6 418.7 473.5 395.7 536.6 499.2 248.4 7.7 403.4 696.9 102.5 115.4 137.3 101.0 638.9 183.0 217.7 376.1 13.5 446.2 423.4 476.5 114.7 518.3 285.6 535.7 534.1 151.0 656.6 335.8 207.3 270.0 564.3 239.1 657.5 400.1 521.2 105.8 469.1 405.5 560.4 267.8 618.9 586.0 545.6 528.1 468.7 584.5 600.1 672.8 535.5 462.1 525.1 75.3 276.7 60.2 361.9 289.2 133.7 617.0 254.6 562.3 149.7 635.0 377.1 712.9 639.3 140.7 522.2 548.8 507.3 419.6 258.5 598.2 261.9 426.8 565.0 546.6 321.7 58.1 546.8 573.5 242.6 609.9 366.5 339.7 555.4 234.2 616.7 492.2 663.3 576.5 201.8 354.3 203.5 571.2 217.2 430.6 63.4 540.1 282.3 431.8 592.4 306.3 83.2 203.1 405.5 665.1 508.9 583.1 571.1 154.2 523.0 458.8 531.9 62.2 227.8 721.7 400.0
1351.2 511.8 343.9 620.5 263.9 336.7 408.0 189.0 152.7 302.8 287.0 177.5 345.8 224.8 585.8 179.3 373.9 192.2 370.5 490.3 347.3 193.1 0.0 622.1 602.6 592.2 309.3 328.5 343.5 53.9 513.3 195.5 140.1 610.4 433.0 232.5 235.9 393.4 211.8 153.8 325.9 70.5 240.9 169.8 373.1 427.9 236.9 458.6 351.3 89.6 200.9 357.8 651.3 295.7 248.5 253.8 229.7 480.1 299.9 301.5 217.3 178.3 287.4 377.8 472.9 307.9 472.7 218.1 376.9 386.2 267.5 497.8 322.4 252.8 282.6 416.4 217.8 611.9 354.5 373.3 299.0 423.5 257.6 412.5 264.2 503.0 540.4 386.8 380.2 423.1 425.7 441.3 627.2 376.7 303.3 377.2 152.3 118.9 234.5 316.3 169.3 326.9 458.2 95.8 516.7 280.7 476.2 213.5 565.0 593.7 263.1 374.3 400.9 487.7 368.7 99.7 450.3 242.9 381.2 519.4 398.7 276.1 232.4 501.2 425.6 251.3 448.5 207.7 180.9 396.6 75.4 568.5 344.3 617.7 428.6 264.0 308.7 257.4 522.3 225.8 271.8 256.6 392.2 294.9 386.2 444.5 318.9 276.4 81.5 359.9 619.5 463.3 435.2 525.5 76.1 475.8 300.0 486.3 236.5 166.3 676.1 354.4
1142.8 413.0 951.7 50.3 762.4 944.5 1015.8 783.7 645.1 620.4 894.8 785.3 953.6 724.2 84.4 787.1 981.7 800.0 258.2 1069.0 366.2 690.9 641.9 0.0 17.3 953.7 753.4 594.7 327.7 695.9 852.7 803.3 747.9 971.9 985.0 793.8 615.7 270.2 622.7 552.5 552.0 696.3 777.6 777.6 298.7 282.6 844.7 760.1 924.9 697.4 683.1 331.0 97.6 739.8 784.2 549.0 608.4 854.2 602.0 537.4 825.1 704.5 895.2 251.1 700.0 752.0 331.1 825.9 856.4 994.0 537.0 871.9 913.3 478.9 508.7 876.6 443.9 110.5 307.6 879.0 688.6 373.4 865.4 1020.3 845.3 842.4 441.6 994.6 869.9 291.6 797.9 846.6 5.0 984.5 911.1 985.0 652.8 726.7 733.9 381.1 661.7 771.0 832.3 703.6 148.6 568.7 850.3 826.1 926.5 92.3 801.1 982.1 1008.7 730.8 360.3 707.5 1023.3 839.4 400.1 209.0 1006.5 388.6 731.8 182.0 892.0 481.3 1040.4 815.5 788.7 826.7 683.2 69.7 952.1 3.9 1036.4 540.3 388.1 483.5 205.1 611.7 879.6 700.7 1000.0 521.0 351.7 927.8 545.0 720.5 724.2 267.4 111.7 229.9 1008.2 110.0 701.9 378.6 907.8 236.6 735.9 565.0 122.4 322.7
1125.4 395.6 934.6 69.8 745.0 927.1 998.4 766.3 627.7 603.0 877.4 767.9 936.2 706.8 67.3 769.7 964.3 785.0 240.8 1051.6 348.8 673.5 624.5 19.5 0.0 936.3 736.0 577.3 310.3 678.8 835.3 785.9 730.5 954.5 967.6 771.4 602.8 252.8 605.3 535.1 534.6 678.9 760.2 760.2 281.3 265.2 827.3 742.7 907.5 680.0 665.7 313.6 117.1 722.7 767.8 531.6 591.0 836.8 584.6 523.0 808.0 687.1 877.8 233.7 682.6 734.9 313.7 808.5 839.3 976.6 519.9 854.5 896.2 461.5 491.3 859.5 423.7 93.4 293.8 861.6 671.2 356.0 848.0 1002.9 827.9 825.0 424.2 977.2 852.5 274.2 780.5 829.2 24.6 967.1 893.7 971.9 635.7 709.3 716.5 363.7 644.3 753.6 814.9 686.2 164.6 551.3 832.9 803.9 909.1 74.9 783.7 964.7 991.3 713.4 337.9 690.1 1005.9 822.3 382.7 191.6 989.1 371.2 714.4 164.6 874.6 460.0 1009.5 798.1 771.3 809.3 665.8 49.7 934.7 15.1 1019.0 522.9 370.7 466.4 184.4 594.3 862.2 674.4 982.6 503.6 334.3 910.4 527.6 703.1 706.8 250.0 100.7 212.8 990.8 92.6 684.5 359.9 890.4 219.2 718.5 547.6 141.9 305.3
1695.2 866.4 324.7 1044.5 812.0 317.5 236.7 610.0 690.8 847.2 329.4 527.7 241.6 776.7 957.8 600.3 261.5 507.8 908.6 222.1 885.4 741.2 548.0 994.1 974.6 0.0 845.8 867.1 881.6 549.0 99.0 392.3 453.6 18.2 138.4 785.6 774.0 939.7 745.3 691.9 864.0 618.6 789.0 428.9 868.3 886.0 362.8 231.4 305.4 510.6 749.0 930.6 1023.3 832.2 800.5 799.1 763.2 159.3 838.0 839.6 381.4 726.4 374.8 915.9 282.3 844.4 930.8 568.3 235.1 235.1 805.1 177.0 563.1 790.9 820.7 255.3 753.1 983.9 888.9 257.7 843.4 943.0 320.1 159.6 555.5 109.3 895.0 206.9 248.6 861.2 198.5 225.3 999.2 215.6 277.4 211.6 685.8 539.9 786.4 854.4 707.4 863.4 154.1 502.9 962.5 818.8 136.1 373.4 26.0 965.7 811.2 214.9 225.4 260.5 916.3 529.4 176.7 593.1 942.9 913.7 174.0 814.2 784.3 895.5 270.7 793.3 193.8 523.3 422.0 205.4 523.8 940.5 236.1 989.7 212.1 802.1 846.8 795.5 916.6 763.9 476.9 784.2 180.9 833.0 899.6 306.5 857.0 812.9 628.0 898.0 991.5 857.6 161.6 925.8 624.2 840.8 426.2 880.6 788.4 704.4 1048.1 922.3
1409.4 631.4 623.2 740.1 46.4 616.0 687.3 308.7 375.1 197.8 566.3 428.8 614.2 121.1 705.4 420.7 642.3 471.5 490.1 759.0 466.9 119.3 295.4 741.7 722.2 832.7 0.0 223.5 463.1 349.4 731.7 474.8 419.4 850.9 701.4 77.8 270.7 513.0 169.3 317.8 387.3 269.1 79.7 449.1 492.7 547.5 516.2 639.1 619.7 368.9 127.1 477.4 770.9 117.9 68.2 211.3 187.2 733.2 257.0 291.7 496.6 134.0 566.7 497.4 579.0 30.3 592.3 388.1 656.2 654.6 225.0 750.9 438.3 281.3 344.0 684.8 313.1 731.5 474.1 641.7 194.0 543.1 526.0 680.9 370.3 721.4 660.0 666.1 648.6 542.7 676.9 720.6 746.8 656.0 582.6 645.6 177.8 379.2 103.8 435.9 391.7 124.7 711.3 375.1 636.3 223.7 729.3 497.6 805.5 713.3 85.1 642.7 669.3 609.8 493.6 379.0 718.7 364.4 500.8 639.0 667.1 395.7 128.7 620.8 694.0 316.6 730.4 487.0 460.2 675.9 354.7 690.7 612.7 737.3 697.0 275.8 428.3 277.5 645.2 291.2 551.1 68.7 660.6 356.3 505.8 712.9 380.3 98.6 323.6 479.5 739.1 582.9 703.6 645.1 274.7 597.0 579.3 605.9 65.1 330.3 795.7 474.0
1413.8 451.0 670.0 559.7 227.5 662.8 704.9 315.6 354.1 25.7 613.1 435.7 631.8 188.6 525.0 427.6 659.9 489.1 309.7 776.6 286.5 138.0 313.0 561.3 541.8 839.6 218.5 0.0 282.7 367.0 738.6 492.4 437.0 857.8 719.0 255.2 147.6 332.6 154.6 182.9 206.9 286.7 242.0 466.7 312.3 367.1 533.8 646.0 637.3 386.5 130.2 297.0 590.5 204.9 249.3 80.9 102.1 740.1 133.9 111.3 514.2 151.6 584.3 317.0 585.9 217.1 411.9 395.0 673.8 672.2 68.9 757.8 445.2 100.9 163.6 702.4 132.7 551.1 293.7 659.3 102.1 362.7 543.6 698.5 377.2 728.3 479.6 683.7 666.2 362.3 683.8 732.5 566.4 673.6 629.4 663.2 184.7 386.1 198.3 255.5 370.7 236.1 718.2 392.7 455.9 100.6 736.2 515.2 812.4 532.9 266.2 660.3 686.9 616.7 313.2 396.6 736.3 371.3 320.4 458.6 684.7 215.3 196.2 440.4 711.6 136.2 748.0 504.6 477.8 693.5 372.3 510.3 630.3 556.9 714.6 95.4 247.9 97.1 464.8 143.6 568.7 165.8 678.2 175.9 325.4 730.5 199.9 185.6 341.2 299.1 558.7 402.5 721.2 464.7 292.3 416.6 596.9 425.5 200.3 170.4 615.3 293.6
1158.1 253.5 673.1 304.0 483.8 665.9 737.2 505.1 366.5 341.8 616.2 506.7 675.0 445.6 269.3 508.5 703.1 521.4 54.0 819.8 152.4 412.3 363.3 305.6 286.1 921.4 474.8 316.1 0.0 417.3 842.5 524.7 469.3 939.6 762.2 515.2 337.1 91.9 344.1 273.9 273.4 417.7 499.0 499.0 114.8 124.3 566.1 787.8 680.5 418.8 404.5 117.2 334.8 461.2 505.6 270.4 329.8 809.3 323.4 258.8 546.5 425.9 616.6 61.3 732.0 473.4 172.8 547.3 706.1 715.4 258.4 827.0 634.7 200.3 230.1 745.6 165.3 295.4 129.3 702.5 410.0 189.5 586.8 741.7 566.7 832.2 282.1 716.0 709.4 164.8 754.9 770.5 310.7 705.9 632.5 706.4 374.2 448.1 455.3 150.2 383.1 492.4 787.4 425.0 200.2 290.1 805.4 547.5 894.2 277.2 522.5 703.5 730.1 762.8 115.7 428.9 779.5 560.8 186.3 261.1 727.9 110.0 453.2 242.9 754.8 202.7 791.2 536.9 510.1 725.8 404.6 254.6 673.5 301.2 757.8 261.7 142.6 204.9 267.3 333.1 601.0 422.1 721.4 242.4 127.9 773.7 266.4 441.9 445.6 39.6 303.0 205.0 764.4 209.0 423.3 219.1 629.2 228.0 457.3 286.4 359.6 108.9
1425.5 577.3 380.5 686.0 391.2 373.3 404.4 263.3 218.2 420.2 361.3 251.8 320.0 339.7 651.3 253.6 348.1 266.5 436.0 464.5 412.8 326.0 74.2 687.6 668.5 566.4 432.6 394.5 409.0 0.0 505.5 241.4 214.4 584.6 407.2 306.8 301.4 458.9 326.3 219.3 391.4 144.8 315.2 244.1 438.6 493.4 311.2 450.8 325.5 163.9 333.8 423.3 716.8 413.2 322.8 326.5 344.2 472.3 365.4 367.0 291.6 320.7 318.4 443.3 478.2 425.4 538.2 292.4 369.1 360.4 332.5 490.0 396.7 318.3 348.1 390.6 280.5 677.4 416.3 347.5 431.9 489.0 231.8 386.7 338.5 495.2 605.9 374.6 354.4 488.6 417.9 433.5 692.7 383.3 333.2 355.7 286.3 193.2 349.4 381.8 234.8 444.4 450.4 170.1 582.2 346.2 468.4 222.5 539.2 659.2 337.4 348.5 375.1 479.9 434.2 174.0 424.5 317.2 446.7 584.9 372.9 341.6 347.3 566.7 399.8 320.7 428.0 282.0 255.2 388.8 149.7 634.0 318.5 683.2 402.8 329.5 374.2 322.9 587.8 291.3 326.0 365.2 366.4 360.4 451.7 418.7 384.4 393.9 155.8 425.4 685.0 528.8 409.4 591.0 150.4 541.3 374.3 551.8 351.4 231.8 741.6 419.9
1596.1 767.3 318.5 945.4 729.1 311.3 230.5 534.1 645.3 748.1 323.2 485.8 231.6 677.6 858.7 554.8 255.3 462.3 846.6 216.2 866.7 663.9 508.4 895.0 875.5 100.9 746.7 763.9 836.1 509.4 0.0 352.7 432.1 119.1 132.2 684.9 746.6 840.6 646.2 646.4 818.5 581.1 731.0 389.3 769.2 786.9 323.2 132.3 216.3 465.1 671.7 831.5 924.2 733.1 742.5 688.2 664.1 60.2 792.5 791.1 341.8 658.6 335.2 839.5 183.2 745.3 831.7 526.4 136.0 228.9 701.9 77.9 523.6 745.4 775.2 156.2 710.4 884.8 847.1 158.6 744.3 843.9 280.5 153.4 549.3 10.2 795.9 200.7 149.5 762.1 99.4 126.2 900.1 209.4 271.2 205.4 586.7 494.4 687.3 808.9 661.9 764.3 55.0 489.3 863.4 700.6 37.0 329.3 73.7 866.6 715.5 208.7 219.2 161.4 812.1 493.2 170.5 551.2 843.8 814.6 167.8 768.7 685.2 796.4 171.6 747.8 187.6 477.8 382.4 106.3 468.9 844.0 229.9 890.6 205.9 756.6 801.3 750.0 820.8 718.4 437.3 694.0 174.7 787.5 800.5 207.4 811.5 713.8 582.5 848.7 892.4 758.5 155.4 826.7 586.7 743.3 386.6 781.5 689.3 658.9 949.0 823.2
1553.1 695.7 233.8 804.4 509.6 226.6 257.7 273.8 336.6 504.7 230.7 133.0 173.3 458.1 769.7 264.1 201.4 190.2 554.4 318.1 531.2 395.0 230.4 806.0 786.5 419.7 551.0 512.9 527.4 231.4 372.2 0.0 83.8 437.9 260.5 434.4 437.9 577.3 413.7 337.7 509.8 272.4 442.8 36.5 557.0 611.8 180.6 317.5 178.8 174.4 402.8 541.7 835.2 497.6 454.3 444.9 431.6 339.0 483.8 482.4 161.0 380.2 171.7 561.7 379.5 509.8 656.6 173.6 254.9 213.7 450.9 356.7 266.1 436.7 466.5 243.9 401.7 795.8 538.4 200.8 500.9 607.4 85.1 240.0 264.2 361.9 724.3 227.9 207.7 607.0 284.6 300.2 811.1 236.6 186.5 204.7 354.2 203.7 467.8 500.2 353.2 528.8 317.1 126.2 700.6 464.6 335.1 22.7 392.5 777.6 465.0 201.8 228.4 346.6 557.9 152.7 277.8 198.4 565.1 703.3 226.2 460.0 465.7 685.1 253.1 439.1 289.5 205.7 124.6 255.5 147.1 755.0 171.8 801.6 256.1 447.9 492.6 441.3 709.5 409.7 84.5 458.5 219.7 478.8 570.1 272.0 502.8 478.3 273.8 543.8 803.4 647.2 262.7 709.4 278.0 661.3 243.7 670.2 469.8 350.2 860.0 538.3
1476.1 618.7 203.7 727.4 432.6 196.5 267.8 196.8 259.6 427.7 146.8 74.0 237.1 381.1 692.7 187.1 243.7 220.0 477.4 370.5 454.2 318.0 161.0 729.0 709.5 472.1 474.0 435.9 450.4 215.0 434.0 112.0 0.0 490.3 312.9 357.4 360.9 500.3 336.7 260.7 432.8 195.4 365.8 86.3 480.0 534.8 96.7 381.3 242.6 97.4 325.8 464.7 758.2 420.6 377.3 367.9 354.6 402.8 406.8 405.4 77.1 303.2 147.2 484.7 443.3 432.8 579.6 114.6 318.7 256.0 373.9 420.5 182.2 359.7 389.5 307.7 324.7 718.8 461.4 264.6 423.9 530.4 160.8 292.4 205.2 425.7 647.3 246.6 271.5 530.0 348.4 364.0 734.1 236.5 163.1 268.5 277.2 126.7 390.8 423.2 276.2 451.8 380.9 49.2 623.6 387.6 398.9 134.8 444.9 700.6 388.0 244.1 270.7 410.4 480.9 75.7 330.2 139.4 488.1 626.3 278.6 383.0 388.7 608.1 316.9 362.1 341.9 235.5 40.7 319.3 70.1 678.0 214.1 724.6 298.4 370.9 415.6 364.3 632.5 332.7 188.3 381.5 272.1 401.8 493.1 335.8 425.8 401.3 196.8 466.8 726.4 570.2 315.1 632.4 201.0 584.3 159.8 593.2 392.8 273.2 783.0 461.3
1712.3 883.5 341.8 1061.6 829.1 334.6 253.8 627.1 707.9 864.3 346.5 544.8 258.7 793.8 974.9 617.4 278.6 524.9 925.7 239.5 902.5 758.3 565.1 1011.2 991.7 17.1 862.9 884.2 898.7 566.1 116.1 409.4 470.7 0.0 155.5 797.7 809.2 956.8 762.4 709.0 881.1 635.7 806.1 446.0 885.4 903.1 379.9 248.5 322.5 527.7 766.1 947.7 1040.4 849.3 817.6 816.2 780.3 176.4 855.1 853.7 398.5 743.5 391.9 933.0 299.4 861.5 947.9 585.4 252.2 252.2 822.2 194.1 580.2 808.0 837.8 272.4 773.0 1001.0 909.7 274.8 860.5 960.1 337.2 176.7 572.6 126.4 912.1 224.0 265.7 878.3 215.6 242.4 1016.3 232.7 294.5 228.7 702.9 557.0 803.5 871.5 724.5 880.5 171.2 520.0 979.6 835.9 153.2 386.0 43.1 982.8 828.3 232.0 242.5 277.6 928.3 546.5 193.8 610.2 960.0 930.8 191.1 831.3 801.4 912.6 287.8 810.4 210.9 540.4 439.1 222.5 540.9 960.2 253.2 1006.8 229.2 819.2 863.9 812.6 937.0 781.0 494.0 810.2 198.0 850.1 916.7 323.6 874.1 830.0 645.1 915.1 1008.6 874.7 178.7 942.9 641.3 859.5 443.3 897.7 805.5 721.5 1065.2 939.4
1717.2 888.4 186.2 1020.1 673.5 179.0 98.2 471.5 552.3 712.4 190.9 389.2 103.1 673.8 985.4 461.8 123.0 369.3 770.1 83.9 746.9 602.7 409.5 1021.7 1002.2 159.1 718.9 728.6 743.1 410.5 121.0 253.8 315.1 177.3 0.0 642.1 653.6 793.0 621.4 553.4 725.5 480.1 650.5 290.4 772.7 827.5 224.3 253.4 166.9 372.1 610.5 757.4 1050.9 705.3 662.0 660.6 639.3 181.3 699.5 698.1 242.9 587.9 236.3 777.4 304.3 717.5 872.3 429.8 243.0 96.6 666.6 199.0 424.6 652.4 682.2 232.0 617.4 1011.5 754.1 188.9 708.6 823.1 181.6 21.1 417.0 131.3 917.0 68.4 195.8 822.7 220.5 247.3 1026.8 77.1 138.9 73.1 561.9 401.4 683.5 715.9 568.9 736.5 176.1 364.4 916.3 680.3 158.1 230.4 131.9 993.3 672.7 76.4 86.9 282.5 773.6 390.9 38.2 454.6 780.8 935.7 35.5 675.7 681.4 917.5 241.2 654.8 55.3 384.8 283.5 227.4 385.3 970.7 97.6 1017.3 73.6 663.6 708.3 657.0 941.9 625.4 338.4 666.2 42.4 694.5 785.8 260.1 718.5 686.0 489.5 759.5 1019.1 879.6 23.1 925.1 485.7 864.4 287.7 902.6 685.5 565.9 1075.7 754.0
1350.9 657.0 569.7 765.7 31.3 557.5 628.8 268.0 353.5 224.2 507.8 388.1 555.7 118.2 731.0 380.0 583.8 415.4 515.7 700.2 492.5 116.4 241.9 767.3 748.2 802.1 83.8 249.9 488.7 290.9 734.1 416.3 360.9 820.3 642.9 0.0 296.6 538.6 194.9 314.9 408.7 210.6 57.6 390.6 518.3 568.9 457.7 598.4 561.2 310.4 129.2 503.0 796.5 144.3 59.7 236.9 212.8 700.9 282.6 320.3 443.1 104.9 508.2 523.0 538.3 114.2 617.9 347.4 602.7 596.1 250.6 718.6 402.6 306.9 369.6 626.3 341.5 752.9 496.0 583.2 220.4 568.7 472.5 627.4 329.6 723.8 685.6 607.6 590.1 568.3 651.5 662.1 768.2 597.5 524.1 591.4 179.9 338.5 54.2 461.5 370.1 151.1 679.0 316.6 657.7 249.3 697.0 439.3 774.9 738.9 30.5 584.2 610.8 569.1 513.9 320.5 660.2 328.7 526.4 664.6 608.6 421.3 125.8 646.4 635.5 338.3 658.4 428.5 401.7 617.4 296.2 713.7 554.2 762.9 643.5 301.4 453.9 298.9 667.5 316.8 497.6 104.0 602.1 381.9 531.4 654.4 405.9 125.0 265.1 505.1 760.5 608.5 645.1 670.7 216.2 616.8 520.8 631.5 81.1 327.4 821.3 499.6
1454.0 492.3 581.8 601.0 266.1 574.6 645.9 287.4 275.2 173.6 524.9 407.5 583.7 227.9 566.3 399.4 611.8 432.5 351.0 728.2 327.8 194.6 274.3 602.6 583.5 811.4 257.1 147.9 324.0 328.3 710.4 433.4 378.0 829.6 670.9 292.5 0.0 373.9 126.4 104.0 248.2 248.0 281.3 407.7 353.6 408.4 474.8 617.8 589.2 327.5 186.8 338.3 631.8 243.5 288.9 79.9 112.1 718.0 48.9 155.6 455.2 208.2 525.3 358.3 557.7 255.7 453.2 366.8 614.8 624.1 85.9 735.7 417.0 142.2 204.9 654.3 176.8 592.4 331.3 611.2 192.3 404.0 495.5 650.4 349.0 700.1 520.9 624.7 618.1 403.6 663.6 679.2 607.7 614.6 541.2 619.4 156.5 357.9 237.6 296.8 291.8 274.7 696.1 333.7 497.2 49.8 714.1 451.4 784.2 574.2 304.8 612.2 638.8 588.5 349.2 337.6 688.2 343.1 361.7 499.9 636.6 256.6 235.5 481.7 663.5 177.5 686.4 445.6 418.8 634.5 313.3 549.0 582.2 598.2 666.5 153.3 289.2 138.4 502.8 10.9 509.7 195.5 630.1 217.2 366.7 682.4 241.2 224.2 302.5 340.4 600.0 443.8 673.1 506.0 253.6 456.3 537.9 466.8 239.6 91.5 656.6 334.9
1106.0 261.4 715.3 251.9 526.0 708.1 779.4 547.3 408.7 384.0 658.4 548.9 717.2 487.8 217.2 550.7 745.3 563.6 47.8 862.0 155.8 454.5 405.5 253.5 234.0 960.9 517.0 358.3 117.3 459.5 859.9 566.9 511.5 979.1 804.4 557.4 379.3 0.0 386.3 316.1 315.6 459.9 541.2 541.2 147.1 54.2 608.3 767.3 722.7 461.0 446.7 120.6 282.7 503.4 547.8 312.6 372.0 851.5 365.6 301.0 588.7 468.1 658.8 40.7 707.2 515.6 102.7 589.5 748.3 757.6 300.6 869.2 676.9 242.5 272.3 787.8 207.5 243.3 37.3 744.7 452.2 232.0 629.0 783.9 608.9 849.6 290.0 758.2 751.6 122.0 797.1 812.7 258.6 748.1 674.7 748.6 416.4 490.3 497.5 170.7 425.3 534.6 829.6 467.2 148.1 332.3 847.6 589.7 933.7 225.1 564.7 745.7 772.3 738.0 134.9 471.1 821.7 603.0 189.7 236.3 770.1 152.2 495.4 218.1 797.0 244.9 833.4 579.1 552.3 768.0 446.8 202.5 715.7 249.1 800.0 303.9 177.7 247.1 242.5 375.3 643.2 464.3 763.6 284.6 123.3 815.9 308.6 484.1 487.8 57.0 250.9 180.2 806.6 156.9 465.5 227.0 671.4 203.2 499.5 328.6 307.5 112.3
1348.4 502.9 536.2 611.6 160.5 529.0 560.6 181.8 266.2 142.7 479.3 301.9 487.5 122.3 576.9 293.8 515.6 344.8 361.6 632.3 338.4 89.0 168.7 613.2 593.7 705.8 151.5 158.5 334.6 222.7 604.8 348.1 292.7 724.0 574.7 191.9 142.2 384.5 0.0 208.9 258.8 142.4 175.7 322.4 364.2 419.0 389.5 512.2 493.0 284.8 81.2 348.9 642.4 137.9 182.3 82.8 58.7 606.3 128.5 163.2 369.9 102.6 440.0 368.9 452.1 150.1 463.8 261.2 529.5 527.9 96.5 624.0 311.4 152.8 215.5 558.1 184.6 603.0 345.6 515.0 138.9 414.6 399.3 554.2 243.4 594.5 531.5 539.4 521.9 414.2 550.0 598.7 618.3 529.3 495.6 518.9 50.9 252.3 132.0 307.4 282.8 169.1 584.4 248.4 507.8 95.2 602.4 370.9 678.6 584.8 199.2 516.0 542.6 482.9 365.1 252.3 592.0 237.5 372.3 510.5 540.4 267.2 129.9 492.3 567.3 188.1 603.7 360.3 333.5 549.2 228.0 562.2 486.0 608.8 570.3 147.3 299.8 149.0 516.7 162.7 424.4 98.8 533.9 227.8 377.3 586.2 251.8 118.6 196.9 351.0 610.6 454.4 576.9 516.6 148.0 468.5 452.6 477.4 134.0 221.4 667.2 345.5
1372.8 410.0 477.7 518.7 320.5 470.5 541.8 322.8 171.1 200.8 420.8 311.3 479.6 254.2 484.0 313.1 507.7 326.0 268.7 624.4 245.5 249.0 167.9 520.3 500.8 726.0 311.5 175.1 241.7 221.9 647.1 329.3 273.9 744.2 566.8 328.2 100.1 291.6 180.8 0.0 224.1 222.3 307.6 303.6 271.3 326.1 370.7 592.4 485.1 223.4 241.2 256.0 549.5 297.9 319.1 107.1 166.5 613.9 146.0 144.6 351.1 235.2 421.2 276.0 612.1 310.1 370.9 351.9 510.7 520.0 113.1 631.6 456.2 151.0 180.8 550.2 116.0 510.1 252.7 507.1 246.7 321.7 391.4 546.3 403.4 636.8 438.6 520.6 514.0 321.3 559.5 575.1 525.4 510.5 437.1 511.0 210.9 252.7 263.9 214.5 187.7 329.1 592.0 229.6 414.9 126.8 610.0 352.1 698.8 491.9 359.2 508.1 534.7 621.5 272.2 233.5 584.1 376.7 279.4 417.6 532.5 174.3 261.8 399.4 559.4 153.4 595.8 341.5 314.7 530.4 209.2 469.3 478.1 515.9 562.4 110.1 206.9 155.6 423.8 71.9 405.6 258.8 526.0 193.1 284.4 578.3 217.1 278.6 250.2 258.1 517.7 361.5 569.0 423.7 227.9 375.6 433.8 384.5 265.9 12.4 574.3 252.6
1351.0 388.2 622.0 496.9 374.5 614.8 686.1 395.8 315.4 232.5 565.1 455.6 623.9 336.3 462.2 457.4 652.0 472.7 246.9 768.4 223.7 303.0 312.2 498.5 479.4 870.3 365.5 206.8 219.9 366.2 791.4 473.6 418.2 888.5 711.1 400.9 232.3 269.8 234.8 222.8 0.0 356.4 389.7 447.9 249.5 304.3 515.0 736.7 629.4 367.7 295.2 234.2 527.7 351.9 396.3 161.1 220.5 758.2 214.1 115.6 495.4 316.6 565.5 254.2 666.1 364.1 349.1 475.2 655.0 664.3 149.1 775.9 525.4 91.0 60.6 694.5 72.7 488.3 227.2 651.4 300.7 299.9 535.7 690.6 457.4 781.1 416.8 664.9 658.3 299.5 703.8 719.4 503.6 654.8 581.4 659.6 264.9 397.0 346.0 192.7 332.0 383.1 736.3 373.9 393.1 180.8 754.3 491.6 843.1 470.1 413.2 652.4 679.0 696.9 245.1 377.8 728.4 451.5 257.6 395.8 676.8 152.5 343.9 377.6 703.7 41.6 731.9 485.8 459.0 674.7 353.5 444.9 622.4 494.1 706.7 152.4 185.1 95.6 398.7 223.8 549.9 312.8 670.3 72.9 262.6 722.6 4.1 332.6 394.5 236.3 495.9 339.7 713.3 401.9 362.0 352.2 578.1 362.7 348.0 247.3 552.5 230.8
1280.6 603.3 486.4 712.0 193.3 479.2 557.9 132.0 261.1 232.2 429.5 252.1 526.9 154.2 677.3 244.0 526.4 373.3 462.0 643.1 438.8 122.5 144.5 713.6 694.1 656.0 238.7 257.9 435.0 198.5 555.0 370.9 333.5 674.2 585.5 161.9 242.6 484.9 141.2 279.2 359.2 0.0 170.3 345.2 464.6 519.4 419.0 462.4 532.4 235.0 130.3 449.3 742.8 225.1 181.8 183.2 159.1 556.5 228.9 263.6 399.4 107.7 469.5 469.3 402.3 237.3 564.2 211.4 558.0 538.7 196.9 574.2 261.6 253.2 315.9 597.5 285.0 703.4 446.0 554.4 228.4 515.0 438.7 565.0 193.6 544.7 631.9 536.7 561.3 514.6 500.2 548.9 718.7 526.6 445.8 558.3 81.7 202.5 163.9 407.8 277.7 256.3 534.6 294.9 608.2 195.6 552.6 393.7 628.8 685.2 192.5 526.8 553.4 433.1 465.5 298.8 602.8 187.7 472.7 610.9 551.2 367.6 161.8 592.7 606.7 288.5 614.5 388.8 363.0 529.0 274.5 662.6 496.8 709.2 581.1 247.7 400.2 249.4 617.1 263.1 447.2 186.0 544.7 328.2 477.7 625.6 352.2 205.8 172.7 451.4 711.0 554.8 587.7 617.0 5.6 568.9 482.1 577.8 165.9 291.7 767.6 445.9
1359.3 636.4 573.1 745.1 43.2 565.9 637.2 285.2 351.6 205.5 516.2 405.3 564.1 97.6 710.4 397.2 592.2 421.4 495.1 708.9 471.9 95.8 245.3 746.7 727.2 810.5 95.7 231.2 468.1 299.3 708.2 424.7 369.3 828.7 651.3 57.3 275.7 518.0 174.3 294.3 392.3 219.0 0.0 399.0 497.7 552.5 466.1 615.6 569.6 318.8 103.6 482.4 775.9 156.2 11.4 216.3 192.2 709.3 262.0 296.7 446.5 110.5 516.6 502.4 555.5 126.1 597.3 364.6 606.1 604.5 230.0 727.0 414.8 286.3 349.0 634.7 318.1 736.5 479.1 591.6 201.7 548.1 475.9 630.8 346.8 697.9 665.0 616.0 598.5 547.7 654.9 670.5 751.8 605.9 532.5 595.5 154.3 355.7 33.6 440.9 368.2 163.0 687.4 325.0 641.3 228.7 705.4 447.5 783.3 718.3 64.6 592.6 619.2 586.3 498.6 328.9 668.6 340.9 505.8 644.0 617.0 400.7 105.2 625.8 643.9 321.6 680.3 436.9 410.1 625.8 304.6 695.7 562.6 742.3 646.9 280.8 433.3 282.5 650.2 296.2 501.0 107.0 610.5 361.3 510.8 662.8 385.3 136.9 273.5 484.5 744.1 587.9 653.5 650.1 224.6 602.0 529.2 610.9 62.3 306.8 800.7 479.0
1516.5 659.1 280.8 767.8 473.0 273.6 283.4 237.2 300.0 468.1 223.9 96.4 199.0 421.5 733.1 227.5 227.1 215.9 517.8 343.8 494.6 358.4 201.4 769.4 749.9 445.4 514.4 476.3 490.8 255.4 397.9 25.6 77.0 463.6 286.2 397.8 401.3 540.7 377.1 301.1 473.2 235.8 406.2 0.0 520.4 575.2 173.8 343.2 204.5 137.8 366.2 505.1 798.6 461.0 417.7 408.3 395.0 364.7 447.2 445.8 154.2 343.6 224.3 525.1 405.2 473.2 620.0 137.0 280.6 239.4 414.3 382.4 259.3 400.1 429.9 269.6 365.1 759.2 501.8 226.5 464.3 570.8 110.8 265.7 227.6 387.6 687.7 253.6 233.4 570.4 310.3 325.9 774.5 262.3 240.2 230.4 317.6 167.1 431.2 463.6 316.6 492.2 342.8 89.6 664.0 428.0 360.8 48.4 418.2 741.0 428.4 227.5 254.1 372.3 521.3 116.1 303.5 161.8 528.5 666.7 251.9 423.4 429.1 648.5 278.8 402.5 315.2 231.4 117.8 281.2 110.5 718.4 197.5 765.0 281.8 411.3 456.0 404.7 672.9 373.1 101.9 421.9 245.4 442.2 533.5 297.7 466.2 441.7 237.2 507.2 766.8 610.6 288.4 672.8 241.4 624.7 236.9 633.6 433.2 313.6 823.4 501.7
1208.0 172.5 678.8 353.9 489.5 671.6 742.9 510.8 372.2 347.5 621.9 512.4 680.7 451.3 272.2 514.2 708.8 527.1 103.9 825.5 98.1 418.0 369.0 308.5 289.0 927.1 480.5 321.8 110.9 423.0 848.2 530.4 475.0 945.3 767.9 520.9 342.8 141.8 349.8 279.6 279.1 423.4 504.7 504.7 0.0 88.6 571.8 711.1 686.2 424.5 410.2 76.1 337.7 466.9 511.3 276.1 335.5 815.0 329.1 264.5 552.2 431.6 622.3 111.2 651.0 479.1 133.4 553.0 711.8 721.1 264.1 832.7 640.4 206.0 235.8 751.3 171.0 298.3 179.2 708.2 415.7 74.6 592.5 747.4 572.4 837.9 201.1 721.7 715.1 83.8 760.6 776.2 313.6 711.6 638.2 712.1 379.9 453.8 461.0 126.2 388.8 498.1 793.1 430.7 250.1 295.8 811.1 553.2 899.9 280.1 528.2 709.2 735.8 681.8 70.3 434.6 785.2 566.5 74.5 180.1 733.6 115.7 458.9 161.9 760.5 208.4 796.9 542.6 515.8 731.5 410.3 257.5 679.2 304.1 763.5 267.4 133.2 210.6 186.3 338.8 606.7 427.8 727.1 248.1 82.5 779.4 272.1 447.6 451.3 93.3 305.9 124.0 770.1 258.9 429.0 138.1 634.9 147.0 463.0 292.1 362.5 67.8
1137.8 207.1 753.1 283.7 563.8 745.9 817.2 585.1 446.5 421.8 696.2 586.7 755.0 525.6 249.0 588.5 783.1 601.4 59.6 899.5 167.6 492.3 443.3 285.3 265.8 906.6 554.8 396.1 129.1 497.3 805.6 604.7 549.3 924.8 842.2 595.2 421.6 53.6 424.1 353.9 353.4 497.7 579.0 579.0 92.8 0.0 646.1 713.0 760.5 498.8 484.5 132.4 314.5 541.2 585.6 350.4 409.8 807.1 403.4 341.8 626.5 505.9 696.6 52.5 652.9 553.4 44.7 627.3 786.1 795.4 338.4 824.8 714.7 280.3 310.1 825.6 242.5 275.1 91.0 782.5 490.0 167.5 666.8 821.7 646.7 795.3 235.7 796.0 789.4 67.7 750.8 799.5 290.4 785.9 712.5 786.4 454.2 528.1 535.3 182.5 463.1 572.4 785.2 505.0 179.9 370.1 803.2 622.7 879.4 256.9 602.5 783.5 810.1 683.7 85.7 508.9 859.5 640.8 167.4 182.0 807.9 190.0 533.2 163.8 834.8 282.7 857.7 616.9 590.1 779.6 484.6 234.3 753.5 280.9 837.8 341.7 189.5 284.9 184.9 413.1 681.0 493.2 801.4 322.4 69.0 853.7 346.4 521.9 525.6 68.8 282.7 125.9 844.4 188.7 503.3 171.1 709.2 148.9 537.3 366.4 339.3 124.1
1585.0 727.6 200.8 836.3 541.5 193.6 224.7 305.7 368.5 536.6 182.9 182.9 140.3 490.0 801.6 296.0 168.4 251.7 586.3 285.1 563.1 426.9 291.9 837.9 818.4 386.7 582.9 544.8 559.3 292.9 339.2 136.2 108.8 404.9 227.5 466.3 469.8 609.2 445.6 369.6 541.7 304.3 474.7 172.8 588.9 643.7 0.0 284.5 145.8 206.3 434.7 573.6 867.1 529.5 486.2 476.8 463.5 306.0 515.7 514.3 18.5 412.1 50.4 593.6 346.5 541.7 688.5 223.5 221.9 180.7 482.8 323.7 200.3 468.6 498.4 210.9 433.6 827.7 570.3 167.8 532.8 639.3 64.0 207.0 236.4 328.9 756.2 194.9 174.7 638.9 251.6 267.2 843.0 203.6 153.5 171.7 386.1 235.6 499.7 532.1 385.1 560.7 284.1 158.1 732.5 496.5 302.1 112.8 359.5 809.5 496.9 168.8 195.4 313.6 589.8 184.6 244.8 248.3 597.0 735.2 193.2 491.9 497.6 717.0 220.1 471.0 256.5 267.2 59.1 222.5 179.0 786.9 138.8 833.5 223.1 479.8 524.5 473.2 741.4 441.6 220.8 490.4 186.7 510.7 602.0 239.0 534.7 510.2 305.7 575.7 835.3 679.1 229.7 741.3 309.9 693.2 63.0 702.1 501.7 382.1 891.9 570.2
1498.4 669.6 297.3 847.7 631.4 290.1 321.2 436.4 605.5 650.4 302.0 446.0 191.8 579.9 761.0 515.0 264.9 422.5 748.9 343.3 769.0 566.2 468.6 797.3 777.8 228.2 649.0 666.2 768.6 469.6 127.2 312.9 392.3 246.4 259.5 587.2 706.8 742.9 548.5 606.6 778.7 541.3 633.3 349.5 671.5 689.2 283.4 0.0 176.5 425.3 574.0 733.8 826.5 635.4 644.8 590.5 566.4 94.0 636.2 670.9 302.0 560.9 295.4 741.8 61.9 647.6 734.0 486.6 96.2 250.4 604.2 111.7 483.8 660.5 735.4 116.4 670.6 787.1 780.3 118.8 646.6 746.2 240.7 265.2 498.0 116.9 698.2 291.4 109.7 664.4 37.7 86.4 802.4 300.1 250.0 223.2 489.0 454.6 589.6 783.9 622.1 666.6 72.1 449.5 765.7 602.9 90.1 289.5 201.0 768.9 617.8 265.3 291.9 29.0 714.4 453.4 297.8 492.1 746.1 716.9 278.5 728.9 587.5 698.7 131.8 708.0 314.7 438.0 342.6 66.5 429.1 746.3 235.3 792.9 319.6 655.0 790.9 656.7 723.1 678.6 397.5 596.3 283.2 747.7 702.8 167.6 771.7 616.1 542.7 751.0 794.7 660.8 282.7 729.0 546.9 645.6 346.8 683.8 591.6 619.1 851.3 725.5
1636.1 807.3 167.8 949.7 603.1 160.6 191.7 401.1 481.9 642.0 172.5 316.5 62.3 603.4 915.0 391.4 135.4 298.9 699.7 213.8 676.5 532.3 339.1 951.3 931.8 315.4 648.5 658.2 672.7 340.1 239.3 183.4 262.8 333.6 156.2 571.7 583.2 722.6 551.0 483.0 655.1 409.7 580.1 220.0 702.3 757.1 153.9 184.6 0.0 301.7 540.1 687.0 980.5 634.9 591.6 590.2 568.9 206.1 629.1 627.7 172.5 517.5 165.9 707.0 246.6 647.1 801.9 357.1 102.9 120.9 596.2 223.8 354.3 582.0 611.8 88.6 547.0 941.1 683.7 74.0 638.2 752.7 111.2 135.7 385.5 229.0 835.9 161.9 80.9 752.3 151.7 167.3 956.4 170.6 120.5 93.7 491.5 331.0 613.1 645.5 498.5 666.1 184.2 309.7 845.9 609.9 202.2 160.0 288.2 922.9 602.3 135.8 162.4 213.7 703.2 329.8 173.5 381.9 710.4 854.6 149.0 605.3 611.0 836.4 73.2 584.4 185.2 314.4 213.1 122.6 305.5 900.3 105.8 946.9 190.1 593.2 637.9 586.6 860.8 555.0 268.0 595.8 153.7 624.1 715.4 92.1 648.1 615.6 419.1 689.1 948.7 798.5 158.4 854.7 415.3 783.3 217.3 821.5 615.1 495.5 1005.3 683.6
1412.3 554.9 307.9 663.6 368.8 300.7 372.0 99.3 195.8 363.9 251.0 141.5 291.8 317.3 628.9 89.6 319.9 138.2 413.6 436.6 390.4 254.2 97.2 665.2 645.7 538.2 410.2 372.1 386.6 151.2 459.3 159.5 104.1 556.4 379.0 293.6 297.1 436.5 272.9 196.9 369.0 131.6 302.0 133.8 416.2 471.0 200.9 404.6 297.3 0.0 262.0 400.9 694.4 356.8 313.5 304.1 290.8 426.1 343.0 341.6 181.3 239.4 251.4 420.9 466.6 369.0 515.8 182.1 322.9 332.2 310.1 443.8 281.9 295.9 325.7 362.4 260.9 655.0 397.6 319.3 360.1 466.6 203.6 358.5 213.9 449.0 583.5 350.8 326.2 466.2 371.7 387.3 670.3 340.7 267.3 323.2 213.4 29.2 327.0 359.4 212.4 388.0 404.2 59.8 559.8 323.8 422.2 182.3 511.0 636.8 324.2 320.3 346.9 433.7 417.1 63.7 396.3 206.9 424.3 562.5 344.7 319.2 324.9 544.3 371.6 298.3 408.0 153.7 144.9 342.6 39.4 614.2 290.3 660.8 374.6 307.1 351.8 300.5 568.7 268.9 235.8 317.7 338.2 338.0 429.3 390.5 362.0 337.5 133.0 403.0 662.6 506.4 381.2 568.6 137.2 520.5 264.0 529.4 329.0 209.4 719.2 397.5
1296.7 553.4 510.5 662.1 109.8 503.3 574.6 214.0 280.4 101.8 453.6 334.1 501.5 58.3 627.4 326.0 529.6 361.2 412.1 646.0 388.9 7.7 182.7 663.7 644.6 747.9 108.3 127.5 385.1 236.7 637.0 362.1 306.7 766.1 588.7 129.9 197.2 435.0 91.3 223.1 309.3 156.4 111.7 336.4 414.7 469.5 403.5 544.4 507.0 256.2 0.0 399.4 692.9 94.7 123.2 133.3 93.2 646.7 179.0 216.7 383.9 21.3 454.0 419.4 484.3 106.9 514.3 293.4 543.5 541.9 147.0 664.4 343.6 203.3 266.0 572.1 235.1 653.5 392.4 529.0 98.0 465.1 413.3 568.2 275.6 626.7 582.0 553.4 535.9 464.7 592.3 607.9 668.8 543.3 469.9 537.2 83.1 284.5 68.0 357.9 297.0 125.9 624.8 262.4 558.3 145.7 642.8 380.1 720.7 635.3 148.5 530.0 556.6 515.1 410.3 266.3 606.0 269.7 422.8 561.0 554.4 317.7 65.9 542.8 581.3 234.7 617.7 374.3 347.5 563.2 242.0 610.1 500.0 659.3 584.3 197.8 350.3 199.5 563.9 213.2 438.4 46.7 547.9 278.3 427.8 600.2 302.3 75.4 210.9 401.5 661.1 504.9 590.9 567.1 162.0 517.4 466.6 527.9 70.0 235.6 717.7 396.0
1178.4 233.6 659.9 324.3 470.6 652.7 724.0 491.9 353.3 328.6 603.0 493.5 661.8 432.4 289.6 495.3 689.9 508.2 74.3 806.6 35.1 399.1 350.1 325.9 306.4 908.2 461.6 302.9 114.2 404.1 829.3 511.5 456.1 926.4 749.0 502.0 323.9 112.2 330.9 260.7 260.2 404.5 485.8 485.8 123.3 144.6 552.9 774.6 667.3 405.6 391.3 0.0 355.1 448.0 492.4 257.2 316.6 796.1 310.2 245.6 533.3 412.7 603.4 81.6 712.1 460.2 193.1 534.1 692.9 702.2 245.2 813.8 621.5 187.1 216.9 732.4 152.1 315.7 149.6 689.3 396.8 111.3 573.6 728.5 553.5 819.0 262.2 702.8 696.2 144.9 741.7 757.3 331.0 692.7 619.3 693.2 361.0 434.9 442.1 50.0 369.9 479.2 774.2 411.8 220.5 276.9 792.2 534.3 881.0 297.5 509.3 690.3 716.9 742.9 95.8 415.7 766.3 547.6 69.0 241.2 714.7 87.0 440.0 223.0 741.6 189.5 778.0 523.7 496.9 712.6 391.4 274.9 660.3 321.5 744.6 248.5 57.0 191.7 247.4 319.9 587.8 408.9 708.2 229.2 108.0 760.5 253.2 428.7 432.4 63.7 323.3 185.1 751.2 229.3 410.1 199.2 616.0 208.1 444.1 273.2 379.9 8.2
1167.6 437.8 976.5 57.9 787.2 969.3 1040.6 808.5 669.9 645.2 919.6 810.1 978.4 749.0 64.5 811.9 1006.5 824.8 283.0 1093.8 391.0 715.7 666.7 89.7 107.1 978.5 778.2 619.5 352.5 720.7 877.5 828.1 772.7 996.7 1009.8 818.6 640.5 295.0 647.5 577.3 576.8 721.1 802.4 802.4 323.5 307.4 869.5 784.9 949.7 722.2 707.9 355.8 0.0 764.6 809.0 573.8 633.2 879.0 626.8 562.2 849.9 729.3 920.0 275.9 724.8 776.8 355.9 850.7 881.2 1018.8 561.8 896.7 938.1 503.7 533.5 901.4 468.7 38.4 332.4 903.8 713.4 398.2 890.2 1045.1 870.1 867.2 466.4 1019.4 894.7 316.4 822.7 871.4 85.2 1009.3 935.9 1009.8 677.6 751.5 758.7 405.9 686.5 795.8 857.1 728.4 156.2 593.5 875.1 850.9 951.3 56.6 825.9 1006.9 1033.5 755.6 385.1 732.3 1048.1 864.2 424.9 233.8 1031.3 413.4 756.6 206.8 916.8 506.1 1065.2 840.3 813.5 851.5 708.0 79.2 976.9 93.6 1061.2 565.1 412.9 508.3 229.9 636.5 904.4 725.5 1024.8 545.8 376.5 952.6 569.8 745.3 749.0 292.2 30.8 254.7 1033.0 134.8 726.7 403.4 932.6 261.4 760.7 589.8 24.7 347.5
1389.4 588.0 631.1 696.7 117.1 623.9 667.3 276.7 373.1 154.4 574.2 396.8 594.2 151.0 662.0 388.7 622.3 451.5 446.7 738.7 423.5 100.4 275.4 698.3 678.8 800.7 108.1 180.1 419.7 329.4 699.7 454.8 399.4 818.9 681.4 148.5 231.8 469.6 125.9 297.6 343.9 249.1 150.4 429.1 449.3 504.1 496.2 607.1 599.7 348.9 92.6 434.0 727.5 0.0 138.9 167.9 143.8 701.2 213.6 251.3 476.6 114.0 546.7 454.0 547.0 131.1 548.9 356.1 636.2 634.6 181.6 718.9 406.3 237.9 300.6 664.8 272.5 688.1 427.0 621.7 150.6 499.7 506.0 660.9 338.3 689.4 616.6 646.1 628.6 499.3 644.9 693.6 703.4 636.0 590.5 625.6 145.8 347.2 160.7 392.5 389.7 125.7 679.3 355.1 592.9 180.3 697.3 472.8 773.5 669.9 155.8 622.7 649.3 577.8 444.9 359.0 698.7 332.4 457.4 595.6 647.1 352.3 158.6 577.4 674.0 273.2 696.9 467.0 440.2 655.9 334.7 644.7 592.7 693.9 677.0 232.4 384.9 234.1 598.5 247.8 531.1 46.5 640.6 312.9 462.4 692.9 336.9 17.1 303.6 436.1 695.7 539.5 683.6 601.7 254.7 552.0 559.3 562.5 135.8 285.1 752.3 430.6
1370.8 644.0 584.6 756.6 31.7 577.4 648.7 296.7 363.1 217.0 527.7 416.8 575.6 109.1 721.9 408.7 603.7 435.3 506.6 716.2 483.4 107.3 256.8 758.2 739.1 818.1 84.2 242.7 479.6 306.9 719.7 436.2 380.8 840.2 662.8 40.8 291.7 529.5 185.8 305.8 403.8 230.5 11.4 410.5 509.2 560.1 477.6 627.1 581.1 330.3 115.1 493.9 787.4 144.7 0.0 227.8 203.7 720.8 273.5 307.3 458.0 122.0 528.1 513.9 567.0 114.6 608.8 376.1 617.6 616.0 241.5 738.5 426.3 297.8 360.5 642.3 332.4 744.1 486.9 603.1 213.2 559.6 483.5 642.3 358.3 709.4 676.5 627.5 610.0 559.2 666.4 682.0 763.3 617.4 544.0 611.3 161.9 367.2 45.1 452.4 379.7 151.5 698.9 336.5 648.9 240.2 716.9 450.3 794.8 729.8 53.1 600.2 630.7 597.8 504.8 340.4 680.1 352.4 517.3 655.5 628.5 412.2 116.7 637.3 655.4 329.2 678.3 448.4 421.6 637.3 312.2 704.6 574.1 753.8 658.4 292.3 444.8 290.1 658.4 307.7 512.5 104.4 622.0 372.8 522.3 674.3 396.8 125.4 285.0 496.0 755.6 595.5 665.0 661.6 236.1 608.0 536.8 622.4 73.8 318.3 812.2 490.5
1381.8 419.0 588.0 527.7 212.3 580.8 612.4 233.6 299.8 100.3 531.1 353.7 539.3 174.1 493.0 345.6 567.4 396.6 277.7 684.1 254.5 140.8 220.5 529.3 509.8 757.6 203.3 74.6 250.7 274.5 656.6 399.9 344.5 775.8 626.5 243.7 65.6 300.6 72.6 128.6 174.9 194.2 227.5 374.2 280.3 335.1 441.3 564.0 544.8 336.6 133.0 265.0 558.5 189.7 234.1 0.0 58.3 658.1 51.9 79.3 421.7 154.4 491.8 285.0 503.9 201.9 379.9 313.0 581.3 579.7 12.6 675.8 363.2 68.9 131.6 609.9 100.7 519.1 261.7 566.8 138.5 330.7 451.1 606.0 295.2 646.3 447.6 591.2 573.7 330.3 601.8 650.5 534.4 581.1 547.4 570.7 102.7 304.1 183.8 223.5 316.4 220.9 636.2 300.2 423.9 18.6 654.2 422.7 730.4 500.9 251.0 567.8 594.4 534.7 281.2 304.1 643.8 289.3 288.4 426.6 592.2 183.3 181.7 408.4 619.1 104.2 655.5 412.1 385.3 601.0 279.8 478.3 537.8 524.9 622.1 63.4 215.9 65.1 432.8 86.1 476.2 150.6 585.7 143.9 293.4 638.0 167.9 170.4 248.7 267.1 526.7 370.5 628.7 432.7 199.8 384.6 504.4 393.5 185.8 116.1 583.3 261.6
1380.2 468.3 573.8 577.0 180.7 566.6 598.2 219.4 303.8 83.9 516.9 339.5 525.1 141.8 542.3 331.4 553.2 382.4 327.0 669.9 303.8 91.2 206.3 578.6 559.1 743.4 171.7 109.6 300.0 260.3 642.4 385.7 330.3 761.6 612.3 208.4 107.6 349.9 58.4 177.9 224.2 180.0 195.2 360.0 329.6 384.4 427.1 549.8 530.6 322.4 83.4 314.3 607.8 158.1 202.5 48.2 0.0 643.9 93.9 128.6 407.5 104.8 477.6 334.3 489.7 170.3 429.2 298.8 567.1 565.5 61.9 661.6 349.0 118.2 180.9 595.7 150.0 568.4 311.0 552.6 80.1 380.0 436.9 591.8 281.0 632.1 496.9 577.0 559.5 379.6 587.6 636.3 583.7 566.9 533.2 556.5 88.5 289.9 151.5 272.8 320.4 189.3 622.0 286.0 473.2 60.6 640.0 408.5 716.2 550.2 219.4 553.6 580.2 520.5 330.5 289.9 629.6 275.1 337.7 475.9 578.0 232.6 149.4 457.7 604.9 153.5 641.3 397.9 371.1 586.8 265.6 527.6 523.6 574.2 607.9 112.7 265.2 114.4 482.1 128.1 462.0 119.0 571.5 193.2 342.7 623.8 217.2 138.8 234.5 316.4 576.0 419.8 614.5 482.0 185.6 433.9 490.2 442.8 153.5 165.4 632.6 310.9
1593.0 764.2 313.4 942.3 726.0 306.2 280.3 531.0 621.6 745.0 318.1 462.1 207.9 674.5 855.6 531.1 281.0 438.6 839.4 266.0 816.2 660.8 484.7 891.9 872.4 150.7 743.6 760.8 812.4 485.7 49.7 329.0 408.4 168.9 182.0 719.4 722.9 837.5 643.1 622.7 794.8 557.4 727.8 365.6 766.1 783.8 299.5 108.6 192.6 441.4 668.6 828.4 921.1 730.0 739.3 729.9 661.0 0.0 768.8 767.4 318.1 655.5 311.5 836.4 170.6 742.2 828.6 502.7 112.3 266.5 698.8 17.6 499.9 721.7 751.5 132.5 686.7 881.7 823.4 134.9 741.2 840.8 256.8 203.2 531.1 39.4 792.8 250.5 125.8 759.0 75.7 102.5 897.0 259.2 266.1 239.3 583.6 470.7 684.2 785.2 638.2 761.2 31.3 465.6 860.3 749.6 12.6 305.6 123.5 863.5 750.0 258.5 269.0 137.7 809.0 469.5 220.3 527.5 840.7 811.5 217.6 745.0 682.1 793.3 147.9 724.1 237.4 454.1 358.7 82.6 445.2 840.9 251.4 887.5 255.7 732.9 777.6 726.3 817.7 694.7 413.6 690.9 224.5 763.8 797.4 183.7 787.8 710.7 558.8 828.8 889.3 755.4 205.2 823.6 563.0 740.2 362.9 778.4 686.2 635.2 945.9 820.1
1427.1 473.2 614.9 581.9 239.2 607.7 639.3 260.5 340.5 154.5 558.0 380.6 566.2 201.0 547.2 372.5 594.3 423.5 331.9 711.0 308.7 167.7 247.4 583.5 564.0 784.5 230.2 128.8 304.9 301.4 683.5 426.8 371.4 802.7 653.4 270.6 55.7 354.8 99.5 169.3 229.1 221.1 254.4 401.1 334.5 389.3 468.2 590.9 571.7 363.5 159.9 319.2 612.7 216.6 261.0 53.1 85.2 685.0 0.0 133.5 448.6 181.3 518.7 339.2 530.8 228.8 434.1 339.9 608.2 606.6 66.8 702.7 390.1 123.1 185.8 636.8 154.9 573.3 315.9 593.7 165.4 384.9 478.0 632.9 322.1 673.2 501.8 618.1 600.6 384.5 628.7 677.4 588.6 608.0 574.3 597.6 129.6 331.0 210.7 277.7 357.1 247.8 663.1 327.1 478.1 22.9 681.1 449.6 757.3 555.1 277.9 594.7 621.3 561.6 335.4 331.0 670.7 316.2 342.6 480.8 619.1 237.5 208.6 462.6 646.0 158.4 682.4 439.0 412.2 627.9 306.7 532.5 564.7 579.1 649.0 117.6 270.1 119.3 487.0 76.2 503.1 177.5 612.6 198.1 347.6 664.9 222.1 197.3 275.6 321.3 580.9 424.7 655.6 486.9 226.7 438.8 531.3 447.7 212.7 156.8 637.5 315.8
1353.1 390.3 624.1 499.0 295.6 616.9 688.2 316.9 317.5 153.6 567.2 437.0 626.0 257.4 464.3 428.9 654.1 474.8 249.0 770.5 225.8 224.1 303.8 500.6 481.1 840.9 286.6 127.9 222.0 357.8 739.9 475.7 420.3 859.1 713.2 322.0 153.4 271.9 155.9 162.9 146.2 277.5 310.8 450.0 251.6 306.4 517.1 647.3 631.5 369.8 216.3 236.3 529.8 273.0 317.4 82.2 141.6 760.3 135.2 0.0 497.5 237.7 567.6 256.3 587.2 285.2 351.2 396.3 657.1 666.4 70.2 778.0 446.5 40.2 79.7 696.6 74.8 490.4 233.0 653.5 221.8 302.0 537.8 692.7 378.5 729.6 418.9 667.0 660.4 301.6 705.9 721.5 505.7 656.9 583.5 657.4 186.0 387.4 267.1 194.8 334.1 304.2 738.4 376.0 395.2 101.9 756.4 493.7 813.7 472.2 334.3 654.5 681.1 618.0 247.2 379.9 730.5 372.6 259.7 397.9 678.9 154.6 265.0 379.7 705.8 75.5 742.2 487.9 461.1 676.8 355.6 449.6 624.5 496.2 708.8 73.5 187.2 36.4 400.8 144.9 552.0 233.9 672.4 61.9 264.7 724.7 139.2 253.7 332.0 238.4 498.0 341.8 715.4 404.0 283.1 354.3 580.2 364.8 269.1 150.4 554.6 232.9
1565.4 708.0 220.2 816.7 521.9 213.0 243.3 286.1 348.9 517.0 163.3 163.3 158.9 470.4 782.0 276.4 187.0 272.7 566.7 303.4 543.5 407.3 250.3 818.3 798.8 405.3 563.3 525.2 539.7 304.3 357.8 154.8 89.2 423.5 246.1 451.7 432.1 589.6 426.0 350.0 522.1 284.7 455.1 175.6 569.3 624.1 18.5 303.1 164.4 186.7 415.1 554.0 847.5 509.9 466.6 457.2 443.9 324.6 496.1 497.7 0.0 392.5 69.0 574.0 365.1 522.1 668.9 203.9 240.5 199.3 463.2 342.3 180.7 449.0 478.8 229.5 411.2 808.1 547.0 186.4 513.2 619.7 82.6 225.6 216.8 347.5 736.6 213.5 193.3 619.3 270.2 285.8 823.4 222.2 179.6 194.6 366.5 216.0 480.1 512.5 365.5 541.1 302.7 138.5 712.9 476.9 320.7 135.9 378.1 789.9 477.3 187.4 214.0 332.2 564.9 165.0 263.4 228.7 577.4 715.6 211.8 472.3 478.0 697.4 238.7 451.4 266.9 285.8 39.5 241.1 159.4 764.7 157.4 813.9 241.7 460.2 504.9 453.6 718.5 422.0 239.4 461.9 205.3 491.1 582.4 257.6 515.1 490.6 286.1 556.1 815.7 659.5 248.3 721.7 290.3 672.0 81.6 682.5 482.1 362.5 872.3 550.6
1275.3 573.3 489.1 682.0 97.9 481.9 553.2 222.1 277.9 124.4 432.2 342.2 480.1 46.4 647.3 334.1 508.2 337.4 432.0 624.9 408.8 14.7 161.3 683.6 664.1 726.5 130.9 150.1 405.0 215.3 658.5 340.7 285.3 744.7 567.3 103.5 212.6 454.9 111.2 231.2 329.2 135.0 99.8 315.0 434.6 489.4 382.1 552.5 485.6 234.8 22.5 419.3 712.8 117.3 111.3 153.2 115.8 625.3 198.9 233.6 362.5 0.0 432.6 439.3 492.4 129.5 534.2 301.5 522.1 520.5 166.9 643.0 351.7 223.2 285.9 550.7 255.0 673.4 416.0 507.6 120.6 485.0 391.9 546.8 283.7 648.2 601.9 532.0 514.5 484.6 570.9 586.5 688.7 521.9 448.5 511.5 91.2 292.6 56.1 377.8 294.5 148.5 603.4 241.0 578.2 165.6 621.4 363.5 699.3 655.2 134.1 508.6 535.2 523.2 435.5 244.9 584.6 277.8 442.7 580.9 533.0 337.6 54.0 562.7 559.9 258.5 596.3 352.9 326.1 541.8 220.6 632.6 478.6 679.2 562.9 217.7 370.2 219.4 587.1 233.1 417.0 78.2 526.5 298.2 447.7 578.8 322.2 98.0 189.5 421.4 681.0 524.8 569.5 587.0 140.6 538.9 445.2 547.8 58.1 243.7 737.6 415.9
1629.0 771.6 226.3 880.3 585.5 219.1 250.2 349.7 412.5 580.6 226.9 226.9 165.8 534.0 845.6 340.0 193.9 277.2 630.3 310.6 607.1 470.9 317.4 881.9 862.4 412.2 626.9 588.8 603.3 318.4 364.7 161.7 152.8 430.4 253.0 510.3 513.8 653.2 489.6 413.6 585.7 348.3 518.7 198.3 632.9 687.7 43.9 310.0 171.3 250.3 478.7 617.6 911.1 573.5 530.2 520.8 507.5 331.5 559.7 558.3 62.5 456.1 0.0 637.6 372.0 585.7 732.5 267.5 247.4 206.2 526.8 349.2 244.3 512.6 542.4 236.4 477.6 871.7 614.3 193.3 576.8 683.3 89.5 232.5 280.4 354.4 800.2 220.4 200.2 682.9 277.1 292.7 887.0 229.1 179.0 197.2 430.1 279.6 543.7 576.1 429.1 604.7 309.6 202.1 776.5 540.5 327.6 138.3 385.0 853.5 540.9 194.3 220.9 339.1 633.8 228.6 270.3 292.3 641.0 779.2 218.7 535.9 541.6 761.0 245.6 515.0 282.0 292.7 103.1 248.0 223.0 830.9 164.3 877.5 248.6 523.8 568.5 517.2 785.4 485.6 246.3 534.4 212.2 554.7 646.0 264.5 578.7 554.2 349.7 619.7 879.3 723.1 255.2 785.3 353.9 737.2 107.3 746.1 545.7 426.1 935.9 614.2
1096.7 246.9 700.5 242.6 511.2 693.3 764.6 532.5 393.9 369.2 643.6 534.1 702.4 473.0 207.9 535.9 730.5 548.8 7.0 847.2 115.0 439.7 390.7 244.2 224.7 948.8 502.2 343.5 76.5 444.7 869.9 552.1 496.7 967.0 789.6 542.6 364.5 30.5 371.5 301.3 300.8 445.1 526.4 526.4 108.2 62.9 593.5 776.0 707.9 446.2 431.9 79.8 273.4 488.6 533.0 297.8 357.2 836.7 350.8 286.2 573.9 453.3 644.0 0.0 715.9 500.8 111.4 574.7 733.5 742.8 285.8 854.4 662.1 227.7 257.5 773.0 192.7 234.0 67.9 729.9 437.4 191.2 614.2 769.1 594.1 859.6 275.5 743.4 736.8 130.7 782.3 797.9 249.3 733.3 659.9 733.8 401.6 475.5 482.7 129.9 410.5 519.8 814.8 452.4 138.8 317.5 832.8 574.9 921.6 215.8 549.9 730.9 757.5 746.7 109.1 456.3 806.9 588.2 148.9 245.0 755.3 137.4 480.6 226.8 782.2 230.1 818.6 564.3 537.5 753.2 432.0 193.2 700.9 239.8 785.2 289.1 136.9 232.3 251.2 360.5 628.4 449.5 748.8 269.8 121.3 801.1 293.8 469.3 473.0 16.2 241.6 188.9 791.8 147.6 450.7 212.5 656.6 211.9 484.7 313.8 298.2 71.5
1436.4 607.6 357.4 785.7 569.4 350.2 381.3 374.4 665.6 588.4 362.1 494.5 251.9 517.9 699.0 486.4 325.0 482.6 686.9 403.4 707.0 504.2 468.1 735.3 715.8 288.3 587.0 604.2 706.6 469.1 187.3 373.0 452.4 306.5 319.6 525.2 587.9 680.9 486.5 666.7 704.5 538.7 571.3 409.6 609.5 627.2 343.5 60.0 236.6 477.4 512.0 671.8 764.5 573.4 582.8 528.5 504.4 154.1 574.2 608.9 362.1 498.9 355.5 679.8 0.0 585.6 672.0 453.8 156.3 310.5 542.2 171.8 504.0 598.5 661.2 176.5 630.3 725.1 718.3 178.9 584.6 684.2 300.8 325.3 436.0 177.0 636.2 351.5 169.8 602.4 97.8 146.5 740.4 360.2 310.1 283.3 427.0 444.9 527.6 721.9 682.2 604.6 132.2 509.6 703.7 540.9 150.2 349.6 261.1 706.9 555.8 325.4 352.0 30.7 652.4 513.5 357.9 430.1 684.1 654.9 338.6 711.4 525.5 636.7 191.9 633.8 374.8 498.1 402.7 126.6 489.2 684.3 295.4 730.9 379.7 593.0 728.9 594.7 661.1 608.4 457.6 534.3 343.3 673.5 640.8 227.7 697.5 554.1 549.7 689.0 732.7 598.8 342.8 667.0 544.3 583.6 406.9 621.8 529.6 679.2 789.3 663.5
1408.0 606.6 649.7 715.3 86.9 642.5 685.9 295.3 391.7 173.0 592.8 415.4 612.8 161.6 680.6 407.3 640.9 472.5 465.3 757.3 442.1 119.0 294.0 716.9 697.4 819.3 40.4 198.7 438.3 348.0 718.3 473.4 418.0 837.5 700.0 113.3 250.4 488.2 144.5 316.2 362.5 267.7 120.2 447.7 467.9 522.7 514.8 625.7 618.3 367.5 111.2 452.6 746.1 117.5 112.6 186.5 162.4 719.8 232.2 269.9 495.2 132.6 565.3 472.6 565.6 0.0 567.5 374.7 654.8 653.2 200.2 737.5 424.9 256.5 319.2 683.4 288.3 706.7 449.3 640.3 169.2 518.3 524.6 679.5 356.9 708.0 635.2 664.7 647.2 517.9 663.5 712.2 722.0 654.6 609.1 648.5 164.4 365.8 144.3 411.1 408.3 148.7 697.9 373.7 611.5 198.9 715.9 491.4 792.1 688.5 125.6 641.3 667.9 596.4 463.5 377.6 717.3 351.0 476.0 614.2 665.7 370.9 169.2 596.0 692.6 291.8 720.8 485.6 458.8 674.5 353.3 665.9 611.3 712.5 695.6 251.0 403.5 252.7 617.1 266.4 549.7 69.5 659.2 331.5 481.0 711.5 355.5 98.2 322.2 454.7 714.3 558.1 702.2 620.3 273.3 570.6 577.9 581.1 105.6 303.7 770.9 449.2
1167.5 253.1 782.8 313.4 593.5 775.6 846.9 614.8 476.2 451.5 725.9 616.4 784.7 555.3 278.7 618.2 812.8 631.1 89.3 929.5 197.3 522.0 473.0 315.0 295.5 952.6 584.5 425.8 158.8 527.0 851.6 634.4 579.0 970.8 871.9 624.9 446.8 83.3 453.8 383.6 383.1 527.4 608.7 608.7 138.8 45.9 675.8 759.0 790.2 528.5 514.2 162.1 344.2 570.9 615.3 380.1 439.5 853.1 433.1 368.5 656.2 535.6 726.3 82.2 698.9 583.1 0.0 657.0 815.8 825.1 368.1 870.8 744.4 310.0 339.8 855.3 275.0 304.8 120.7 812.2 519.7 213.5 696.5 851.4 676.4 841.3 281.7 825.7 819.1 113.7 796.8 845.5 320.1 815.6 742.2 816.1 483.9 557.8 565.0 212.2 492.8 602.1 831.2 534.7 209.6 399.8 849.2 657.2 925.4 286.6 632.2 813.2 839.8 729.7 126.6 538.6 889.2 670.5 213.4 228.0 837.6 219.7 562.9 209.8 864.5 312.4 900.9 646.6 619.8 835.5 514.3 264.0 783.2 310.6 867.5 371.4 219.2 314.6 234.2 442.8 710.7 531.8 831.1 352.1 115.0 883.4 376.1 551.6 555.3 98.5 312.4 171.9 874.1 218.4 533.0 218.7 738.9 194.9 567.0 396.1 369.0 153.8
1475.6 684.1 325.8 792.8 374.0 318.6 389.9 165.5 325.0 393.0 268.9 40.6 332.8 322.5 758.1 252.5 360.9 285.4 542.8 477.6 519.6 308.8 226.4 794.4 774.9 579.2 391.6 408.8 515.8 280.4 531.7 159.4 122.0 597.4 420.0 329.8 426.3 565.7 291.1 326.1 498.2 260.8 375.9 133.7 545.4 600.2 218.8 477.0 338.3 162.8 316.6 530.1 823.6 378.0 387.4 333.1 309.0 498.5 378.8 413.5 199.2 303.5 269.3 550.1 539.0 390.2 645.0 0.0 414.4 373.2 346.8 516.2 158.5 425.1 454.9 403.4 390.1 784.2 526.8 360.3 389.2 595.8 244.6 399.5 90.5 521.4 712.7 368.7 367.2 595.4 444.1 459.7 799.5 358.6 285.2 364.2 231.6 192.1 332.2 488.6 341.6 409.2 476.6 114.6 689.0 345.5 494.6 182.2 552.0 766.0 360.4 361.3 387.9 506.1 546.3 141.1 437.3 24.7 553.5 691.7 385.7 448.4 330.1 673.5 412.6 427.5 449.0 300.9 162.8 415.0 135.5 743.4 331.3 790.0 415.6 436.3 481.0 429.7 697.9 398.1 235.7 338.9 379.2 467.2 558.5 431.5 491.2 358.7 262.2 532.2 791.8 635.6 422.2 697.8 266.4 649.7 281.9 658.6 334.2 338.6 848.4 526.7
1580.1 751.3 249.1 977.0 682.2 241.9 273.0 428.4 509.2 677.3 253.8 397.8 143.6 630.7 842.7 418.7 216.7 328.6 727.0 294.8 703.8 567.6 384.4 879.0 859.9 237.3 723.6 685.5 700.0 385.4 136.3 264.7 344.1 255.5 237.5 612.0 592.4 749.9 586.3 510.3 682.4 445.0 615.4 301.3 753.2 770.9 235.2 81.6 80.2 329.0 575.4 714.3 908.2 670.2 626.9 617.5 604.2 103.1 656.4 658.0 253.8 552.8 247.2 734.3 143.6 682.4 815.7 438.4 0.0 202.2 623.5 120.8 435.6 609.3 639.1 69.2 571.5 868.8 707.3 71.6 673.5 780.0 192.5 217.0 466.8 126.0 779.9 243.2 62.5 746.1 48.7 64.3 884.1 251.9 201.8 179.3 526.8 358.3 640.4 672.8 525.8 701.4 81.2 353.2 873.2 637.2 99.2 245.8 210.1 850.6 637.6 217.1 243.7 110.7 725.2 357.1 254.8 463.2 737.7 798.6 230.3 632.6 638.3 780.4 84.6 611.7 266.5 341.7 294.4 19.6 332.8 825.4 187.1 874.6 271.4 620.5 665.2 613.9 801.5 582.3 349.3 622.2 235.0 651.4 742.7 120.4 675.4 650.9 446.4 716.4 876.4 742.5 239.7 882.0 450.6 725.7 298.6 765.5 642.4 522.8 933.0 710.9
1713.5 864.1 150.1 972.8 626.2 142.9 115.8 424.2 505.0 665.1 154.8 339.6 43.1 626.5 938.1 414.5 86.9 322.0 722.8 143.5 699.6 555.4 362.2 974.4 954.9 245.1 671.6 681.3 695.8 363.2 207.0 206.5 281.4 263.3 85.9 594.8 606.3 745.7 574.1 506.1 678.2 432.8 603.2 243.1 725.4 780.2 177.0 249.6 110.9 324.8 563.2 710.1 1003.6 658.0 614.7 613.3 592.0 267.3 652.2 650.8 195.6 540.6 189.0 730.1 311.6 670.2 825.0 380.2 187.0 0.0 619.3 285.0 377.4 605.1 634.9 176.0 570.1 964.2 706.8 132.9 661.3 775.8 134.3 65.4 367.8 217.3 892.7 86.0 139.8 775.4 216.7 232.3 979.5 94.7 102.8 45.7 514.6 354.1 636.2 668.6 521.6 689.2 249.2 330.7 869.0 633.0 244.1 183.1 217.9 946.0 625.4 21.8 86.5 278.7 726.3 352.9 103.2 405.0 733.5 871.7 78.7 628.4 634.1 853.5 185.2 607.5 114.9 337.5 236.2 187.6 328.6 923.4 61.5 970.0 114.2 616.3 661.0 609.7 877.9 578.1 291.1 618.9 77.8 647.2 738.5 204.1 671.2 638.7 442.2 712.2 971.8 815.6 88.1 877.8 438.4 829.7 240.4 838.6 638.2 518.6 1028.4 706.7
1369.1 406.3 601.0 515.0 225.3 593.8 625.4 246.6 285.1 87.6 544.1 366.7 552.3 187.1 480.3 358.6 580.4 409.6 265.0 696.8 241.8 153.8 233.5 516.6 497.1 770.6 216.3 61.9 238.0 287.5 669.6 412.9 357.5 788.8 639.5 256.7 83.1 287.9 85.6 113.9 162.2 207.2 240.5 387.2 267.6 322.4 454.3 577.0 557.8 349.6 146.0 252.3 545.8 202.7 248.1 11.9 71.3 671.1 64.9 69.6 434.7 167.4 504.8 272.3 516.9 214.9 367.2 326.0 594.3 592.7 0.0 688.8 376.2 56.2 118.9 622.9 88.0 506.4 249.0 579.8 164.1 318.0 464.1 619.0 308.2 659.3 434.9 604.2 586.7 317.6 614.8 663.5 521.7 594.1 560.4 588.0 115.7 317.1 196.8 210.8 301.7 233.9 649.2 313.2 411.2 31.6 667.2 430.9 743.4 488.2 264.0 580.8 607.4 547.7 263.2 317.1 656.8 302.3 275.7 413.9 605.2 170.6 194.7 395.7 632.1 91.5 660.3 425.1 398.3 614.0 292.8 465.6 550.8 512.2 635.1 50.7 203.2 52.4 416.8 74.6 489.2 154.7 598.7 131.2 280.7 651.0 155.2 183.4 261.7 254.4 514.0 357.8 641.7 420.0 212.8 370.3 517.4 380.8 198.8 101.4 570.6 248.9
1608.3 779.5 328.7 957.6 741.3 321.5 295.6 546.3 636.9 760.3 333.4 477.4 223.2 689.8 870.9 546.4 296.3 453.9 854.7 281.3 831.5 676.1 500.0 907.2 887.7 166.0 758.9 776.1 827.7 501.0 65.0 344.3 423.7 184.2 197.3 734.7 738.2 852.8 658.4 638.0 810.1 572.7 743.1 380.9 781.4 799.1 314.8 123.9 207.9 456.7 683.9 843.7 936.4 745.3 754.6 745.2 676.3 15.2 784.1 782.7 333.4 670.8 326.8 851.7 185.9 757.5 843.9 518.0 127.6 281.8 714.1 0.0 515.2 737.0 766.8 147.8 702.0 897.0 838.7 150.2 756.5 856.1 272.1 218.5 546.4 54.7 808.1 265.8 141.1 774.3 91.0 117.8 912.3 274.5 281.4 254.6 598.9 486.0 699.5 800.5 653.5 776.5 46.6 480.9 875.6 764.9 27.9 320.9 138.8 878.8 765.3 273.8 284.3 153.0 824.3 484.8 235.6 542.8 856.0 826.8 232.9 760.3 697.4 808.6 163.2 739.4 252.7 469.4 374.0 97.9 460.5 856.2 266.7 902.8 271.0 748.2 792.9 741.6 833.0 710.0 428.9 706.2 239.8 779.1 812.7 199.0 803.1 726.0 574.1 844.1 904.6 770.7 220.5 838.9 578.3 755.5 378.2 793.7 701.5 650.5 961.2 835.4
1518.1 793.9 326.1 902.6 443.6 318.9 390.2 235.1 434.8 462.6 269.2 249.2 341.5 392.1 867.9 362.3 366.1 395.2 652.6 492.6 629.4 378.4 336.2 904.2 884.7 594.5 461.2 478.4 625.6 390.2 540.4 287.2 175.1 612.7 435.3 404.4 518.0 675.5 360.7 435.9 608.0 370.6 445.5 261.5 655.2 710.0 201.1 485.7 347.0 272.6 386.2 639.9 933.4 447.6 457.0 402.7 378.6 507.2 448.4 486.1 181.5 373.1 251.6 659.9 547.7 459.8 754.8 197.9 423.1 378.4 416.4 524.9 0.0 472.7 564.7 412.1 497.1 894.0 632.9 369.0 458.8 705.6 265.2 414.8 99.8 530.1 822.5 369.0 375.9 705.2 452.8 468.4 909.3 358.9 285.5 377.2 301.2 301.9 401.8 598.4 451.4 478.8 485.3 224.4 798.8 415.1 503.3 305.2 567.3 875.8 430.0 366.5 393.1 514.8 650.8 250.9 452.6 174.2 663.3 801.5 401.0 558.2 399.7 783.3 421.3 537.3 464.3 410.7 145.1 423.7 245.3 850.6 336.5 899.8 420.8 467.2 590.8 468.9 804.4 507.9 363.5 408.5 394.5 577.0 668.3 440.2 601.0 428.3 372.0 642.0 901.6 745.4 437.5 807.6 376.2 757.9 264.2 768.4 403.8 448.4 958.2 636.5
1312.8 350.0 583.8 458.7 283.4 576.6 647.9 304.7 277.2 141.4 526.9 424.8 585.7 245.2 424.0 416.7 613.8 432.1 208.7 730.5 185.5 211.9 274.0 460.3 440.8 832.1 274.4 115.7 181.7 328.0 753.2 435.4 380.0 850.3 672.9 314.8 136.7 231.6 143.7 168.7 105.9 265.3 298.6 409.7 211.3 266.1 476.8 635.1 591.2 329.5 204.1 196.0 489.5 260.8 305.2 70.0 129.4 720.0 123.0 58.4 457.2 225.5 527.3 216.0 575.0 273.0 310.9 384.1 616.8 626.1 58.0 737.7 434.3 0.0 62.6 656.3 31.7 450.1 192.7 613.2 209.6 261.7 497.5 652.4 366.3 742.9 378.6 626.7 620.1 261.3 665.6 681.2 465.4 616.6 543.2 617.1 173.8 358.8 254.9 154.5 293.8 292.0 698.1 335.7 354.9 89.7 716.1 458.2 804.9 431.9 322.1 614.2 640.8 605.8 212.2 339.6 690.2 360.4 219.4 357.6 638.6 114.3 252.8 339.4 665.5 35.2 701.9 447.6 420.8 636.5 315.3 409.3 584.2 455.9 668.5 61.3 146.9 4.5 363.8 132.7 511.7 221.7 632.1 74.9 224.4 684.4 98.9 241.5 319.8 198.1 457.7 301.5 675.1 363.7 270.9 315.6 539.9 324.5 256.9 156.2 514.3 192.6
1345.5 382.7 616.5 491.4 350.6 609.3 680.6 371.9 309.9 208.6 559.6 450.1 618.4 312.4 456.7 451.9 646.5 464.8 241.4 763.2 218.2 279.1 306.7 493.0 473.5 864.8 341.6 182.9 214.4 360.7 785.9 468.1 412.7 883.0 705.6 382.0 203.9 264.3 210.9 217.9 78.4 332.5 365.8 442.4 244.0 298.8 509.5 731.2 623.9 362.2 271.3 228.7 522.2 328.0 372.4 137.2 196.6 752.7 190.2 57.0 489.9 292.7 560.0 248.7 642.2 340.2 343.6 451.3 649.5 658.8 125.2 770.4 501.5 95.2 0.0 689.0 64.4 482.8 225.4 645.9 276.8 294.4 530.2 685.1 433.5 775.6 411.3 659.4 652.8 294.0 698.3 713.9 498.1 649.3 575.9 649.8 241.0 391.5 322.1 187.2 326.5 359.2 730.8 368.4 387.6 156.9 748.8 490.9 837.6 464.6 389.3 646.9 673.5 673.0 244.9 372.3 722.9 427.6 252.1 390.3 671.3 147.0 320.0 372.1 698.2 36.1 734.6 480.3 453.5 669.2 348.0 442.0 616.9 488.6 701.2 128.5 179.6 91.4 396.5 199.9 544.4 288.9 664.8 12.3 257.1 717.1 71.4 308.7 387.0 230.8 490.4 334.2 707.8 396.4 338.1 348.3 572.6 357.2 324.1 205.4 547.0 225.3
1610.3 781.5 239.1 1026.3 731.5 231.9 263.0 477.7 558.5 726.6 243.8 387.8 133.6 680.0 872.9 468.0 206.7 377.9 776.3 284.8 753.1 616.9 410.4 909.2 889.7 267.5 772.9 734.8 749.3 411.4 166.5 254.7 334.1 285.7 227.5 656.3 641.7 799.2 635.6 559.6 731.7 494.3 664.7 291.3 783.4 801.1 225.2 111.8 88.6 378.3 624.7 763.6 938.4 719.5 672.3 666.8 653.5 133.3 705.7 707.3 243.8 602.1 237.2 783.6 173.8 731.7 845.9 428.4 49.2 192.2 672.8 151.0 425.6 658.6 688.4 0.0 620.8 899.0 760.3 60.6 722.8 858.1 182.5 207.0 456.8 156.2 810.1 233.2 51.5 776.3 78.9 94.5 914.3 241.9 191.8 169.3 576.1 407.6 689.7 722.1 575.1 750.7 111.4 381.0 922.5 686.5 129.4 235.8 240.3 880.8 686.9 207.1 233.7 140.9 774.5 406.4 244.8 453.2 787.0 828.8 220.3 681.9 687.6 810.6 15.3 657.1 256.5 391.0 284.4 49.8 382.1 858.2 177.1 904.8 261.4 669.8 714.5 663.2 831.7 631.6 339.3 680.4 225.0 700.7 792.0 51.1 724.7 700.2 495.7 765.7 906.6 772.7 229.7 840.9 499.9 755.9 288.6 795.7 691.7 572.1 963.2 760.2
1281.0 315.4 552.0 426.9 318.4 544.8 616.1 339.7 245.4 176.4 495.1 385.6 553.9 280.2 392.2 387.4 582.0 402.7 176.9 698.4 153.7 246.9 242.2 428.5 409.4 800.3 309.4 150.7 149.9 296.2 721.4 403.6 348.2 818.5 641.1 344.8 176.2 199.8 178.7 152.8 108.0 300.3 333.6 377.9 179.5 234.3 445.0 666.7 559.4 297.7 241.9 164.2 457.7 298.6 341.2 105.0 164.4 688.2 158.0 96.4 425.4 260.5 495.5 184.2 610.0 308.0 279.1 419.1 585.0 594.3 93.0 705.9 472.1 34.9 64.7 624.5 0.0 418.3 157.2 581.4 244.6 229.9 465.7 617.8 401.3 711.1 346.8 594.9 588.3 229.5 633.8 649.4 433.6 584.8 511.4 589.6 208.8 327.0 289.9 122.7 262.0 327.0 666.3 303.9 320.3 124.7 684.3 418.8 773.1 400.1 357.1 579.6 609.0 640.8 172.3 307.8 658.4 395.4 187.6 325.8 606.8 82.5 287.8 307.6 633.7 33.4 656.6 415.8 389.0 604.7 280.7 374.9 552.4 424.1 633.9 96.3 115.1 42.3 328.7 167.7 477.1 247.8 600.3 77.0 192.6 652.6 101.0 276.5 324.5 166.3 425.9 266.9 643.3 331.9 305.9 282.2 505.3 292.7 291.9 191.2 482.5 160.8
1129.1 399.3 938.0 60.5 748.7 930.8 1002.1 770.0 631.4 606.7 881.1 771.6 939.9 710.5 26.0 773.4 968.0 786.3 244.5 1055.0 352.5 677.2 628.2 92.3 107.9 940.0 739.7 581.0 314.0 682.2 839.0 789.6 734.2 958.2 971.3 780.1 606.5 256.5 609.0 538.8 538.3 682.6 763.9 763.9 285.0 268.9 831.0 746.4 911.2 683.7 669.4 317.3 39.3 726.1 770.5 535.3 594.7 840.5 588.3 526.7 811.4 690.8 881.5 237.4 686.3 738.3 317.4 812.2 842.7 980.3 523.3 858.2 899.6 465.2 495.0 862.9 427.4 0.0 297.5 865.3 674.9 359.7 851.7 1006.6 831.6 828.7 427.9 980.9 856.2 277.9 784.2 832.9 87.8 970.8 897.4 971.3 639.1 713.0 720.2 367.4 648.0 757.3 818.6 689.9 158.8 555.0 836.6 807.6 912.8 18.1 787.4 968.4 995.0 717.1 341.3 693.8 1009.6 825.7 386.4 195.3 992.8 374.9 718.1 168.3 878.3 467.6 1026.7 801.8 775.0 813.0 669.5 40.7 938.4 96.2 1022.7 526.6 374.4 469.8 188.1 598.0 865.9 678.1 986.3 507.3 338.0 914.1 531.3 706.8 710.5 253.7 7.6 216.2 994.5 96.3 688.2 363.3 894.1 222.9 722.2 551.3 64.1 309.0
1144.9 304.0 674.3 290.8 488.6 670.7 742.0 509.9 371.3 346.6 621.0 511.5 679.8 450.4 256.1 513.3 707.9 528.6 86.7 824.3 194.7 417.1 368.1 292.4 273.3 922.6 479.6 320.9 153.9 418.5 847.3 529.5 474.1 944.4 767.0 515.0 346.4 38.8 348.9 278.7 274.6 422.5 503.8 503.8 183.5 96.8 570.9 792.6 685.3 423.6 409.3 159.5 321.6 466.0 511.4 275.2 334.6 814.1 328.2 266.6 547.7 430.7 621.4 79.6 746.1 474.6 141.6 552.1 707.3 720.2 259.6 831.8 635.9 205.1 234.9 746.8 167.3 282.2 0.0 707.3 414.8 270.9 588.0 746.5 571.5 837.0 328.9 720.8 714.2 160.9 756.1 775.3 297.5 710.7 637.3 715.5 379.0 452.9 460.1 155.0 387.9 497.2 792.2 429.8 187.0 294.9 810.2 547.5 899.0 264.0 527.3 704.7 734.9 776.9 178.9 433.7 784.3 562.0 228.6 275.2 732.7 114.8 458.0 257.0 759.6 203.6 782.5 541.7 514.9 730.6 409.4 238.8 678.3 288.0 762.6 266.5 147.4 209.7 278.1 337.9 602.2 418.0 726.2 247.2 162.2 778.5 271.2 446.7 450.4 95.9 289.8 219.1 769.2 195.8 428.1 264.3 634.0 242.1 462.1 291.2 346.4 151.2
1615.1 786.3 178.4 960.3 613.7 171.2 202.3 411.7 492.5 652.6 183.1 327.1 72.9 614.0 925.6 402.0 146.0 309.5 710.3 224.4 687.1 542.9 349.7 961.9 942.4 272.3 659.1 668.8 683.3 350.7 171.3 194.0 273.4 290.5 166.8 582.3 593.8 733.2 561.6 493.6 665.7 420.3 590.7 230.6 712.9 767.7 164.5 116.6 82.6 312.3 550.7 697.6 991.1 645.5 602.2 600.8 579.5 138.1 639.7 638.3 183.1 528.1 176.5 717.6 178.6 657.7 812.5 367.7 54.0 131.5 606.8 155.8 364.9 592.6 622.4 43.0 557.6 951.7 694.3 0.0 648.8 763.3 121.8 146.3 396.1 161.0 814.9 172.5 6.8 781.1 83.7 99.3 967.0 181.2 131.1 104.3 502.1 341.6 623.7 656.1 509.1 676.7 116.2 320.3 856.5 620.5 134.2 170.6 245.1 933.5 612.9 146.4 173.0 145.7 713.8 340.4 184.1 392.5 721.0 833.6 159.6 615.9 621.6 815.4 58.4 595.0 195.8 325.0 223.7 54.6 316.1 910.9 116.4 957.5 200.7 603.8 648.5 597.2 839.8 565.6 278.6 606.4 164.3 634.7 726.0 94.2 658.7 626.2 429.7 699.7 959.3 777.5 169.0 865.3 425.9 762.3 227.9 800.5 625.7 506.1 1015.9 694.2
1404.1 539.8 617.9 648.5 204.6 610.7 682.0 298.7 387.8 63.0 561.0 418.8 608.9 165.7 613.8 410.7 637.0 466.2 398.5 753.7 375.3 115.1 290.1 650.1 630.6 822.7 195.6 88.7 371.5 344.1 721.7 469.5 414.1 840.9 696.1 232.3 186.9 421.4 158.6 257.2 295.7 263.8 219.1 443.8 401.1 455.9 510.9 629.1 614.4 363.6 107.3 385.8 679.3 182.0 226.4 127.5 79.2 723.2 173.2 200.1 491.3 128.7 561.4 405.8 569.0 194.2 500.7 378.1 650.9 649.3 141.2 740.9 428.3 189.7 252.4 679.5 221.5 639.9 382.5 636.4 0.0 451.5 520.7 675.6 360.3 711.4 568.4 660.8 643.3 451.1 666.9 715.3 655.2 650.7 577.3 640.3 167.8 369.2 175.4 344.3 404.4 213.2 701.3 369.8 544.7 139.9 719.3 492.3 795.5 621.7 243.3 637.4 664.0 599.8 402.0 373.7 713.4 354.4 409.2 547.4 661.8 304.1 173.3 529.2 688.7 225.0 725.1 481.7 454.9 670.6 349.4 599.1 607.4 645.7 691.7 184.2 336.7 185.9 553.6 207.4 545.8 142.9 655.3 264.7 414.2 707.6 288.7 162.7 318.3 387.9 647.5 491.3 698.3 553.5 269.4 505.4 574.0 514.3 177.4 244.7 704.1 382.4
1271.7 236.2 742.5 417.6 553.2 735.3 806.6 574.5 435.9 411.2 685.6 576.1 744.4 515.0 335.9 577.9 772.5 590.8 167.6 889.2 95.1 481.7 432.7 372.2 352.7 990.8 544.2 385.5 174.6 486.7 911.9 594.1 538.7 1009.0 831.6 584.6 406.5 205.5 413.5 343.3 342.8 487.1 568.4 568.4 63.6 152.3 635.5 774.8 749.9 488.2 473.9 139.8 401.4 530.6 575.0 339.8 399.2 878.7 392.8 328.2 615.9 495.3 686.0 174.9 714.7 542.8 197.1 616.7 775.5 784.8 327.8 896.4 704.1 269.7 299.5 815.0 234.7 362.0 242.9 771.9 479.4 0.0 656.2 811.1 636.1 901.6 264.8 785.4 778.8 147.5 824.3 839.9 377.3 775.3 701.9 775.8 443.6 517.5 524.7 124.7 452.5 561.8 856.8 494.4 313.8 359.5 874.8 616.9 963.6 343.8 591.9 772.9 799.5 745.5 134.0 498.3 848.9 630.2 71.5 243.8 797.3 161.7 522.6 225.6 824.2 272.1 860.6 606.3 579.5 795.2 474.0 321.2 742.9 367.8 827.2 331.1 131.7 274.3 250.0 402.5 670.4 491.5 790.8 311.8 146.2 843.1 335.8 511.3 515.0 157.0 369.6 187.7 833.8 322.6 492.7 201.8 698.6 210.7 526.7 355.8 426.2 131.5
1579.1 729.7 148.6 838.4 491.8 141.4 172.5 289.8 370.6 530.7 153.3 205.2 88.1 492.1 803.7 280.1 116.2 187.6 588.4 232.6 565.2 421.0 227.8 840.0 820.5 334.5 537.2 546.9 561.4 228.8 287.0 72.1 156.0 352.7 175.3 465.4 453.8 611.3 439.7 371.7 543.8 298.4 468.8 108.7 591.0 645.8 74.5 232.3 93.6 190.4 428.8 575.7 869.2 523.6 480.3 478.9 457.6 253.8 517.8 519.4 93.1 406.2 86.5 595.7 294.3 535.8 690.6 245.8 169.7 128.5 484.9 271.5 274.9 470.7 500.5 158.7 432.9 829.8 568.7 115.6 526.9 641.4 0.0 154.8 336.4 276.7 758.3 142.7 122.5 641.0 199.4 215.0 845.1 151.4 101.3 123.8 380.2 219.7 501.8 534.2 387.2 554.8 231.9 198.4 734.6 498.6 249.9 53.2 307.3 811.6 491.0 116.6 143.2 261.4 586.6 218.5 192.6 270.6 599.1 737.3 141.0 494.0 499.7 719.1 167.9 473.1 196.1 203.1 133.7 170.3 194.2 786.4 86.6 835.6 170.9 481.9 526.6 475.3 740.2 443.7 156.7 475.6 134.5 512.8 604.1 186.8 536.8 504.3 307.8 577.8 837.4 681.2 177.5 743.4 304.0 693.7 137.9 704.2 503.8 384.2 894.0 572.3
1739.6 908.9 165.0 998.9 652.3 157.8 77.0 450.3 531.1 691.2 169.7 368.0 81.9 652.6 964.2 440.6 101.8 348.1 748.9 77.7 725.7 581.5 388.3 1000.5 981.4 179.6 697.7 707.4 721.9 389.3 141.5 232.6 293.9 197.8 20.4 625.9 614.3 771.8 600.2 532.2 704.3 458.9 629.3 269.2 751.5 806.3 203.1 273.9 145.7 350.9 589.3 736.2 1029.7 684.1 640.8 639.4 618.1 201.8 678.3 679.9 221.7 566.7 215.1 756.2 324.8 696.3 851.1 408.6 221.8 75.4 645.4 219.5 403.4 631.2 661.0 210.8 593.4 990.3 729.2 167.7 687.4 801.9 160.4 0.0 395.8 151.8 937.5 47.2 174.6 801.5 241.0 267.8 1005.6 55.9 117.7 51.9 540.7 380.2 662.3 694.7 547.7 715.3 196.6 343.2 895.1 659.1 178.6 213.7 152.4 972.1 651.5 55.2 65.7 303.0 747.1 369.7 37.7 433.4 759.6 897.8 14.3 654.5 660.2 879.6 220.0 633.6 49.4 363.6 262.3 222.4 364.1 946.9 76.4 996.1 73.1 642.4 687.1 635.8 900.7 604.2 317.2 636.1 21.2 673.3 764.6 238.9 697.3 664.8 468.3 738.3 997.9 841.7 22.6 903.9 464.5 883.3 266.5 864.7 664.3 544.7 1054.5 732.8
1418.2 722.9 292.7 831.6 343.7 285.5 364.2 135.2 380.7 362.7 235.8 138.7 356.6 292.2 796.9 247.2 332.7 419.4 581.6 449.4 558.4 278.5 264.1 833.2 813.7 551.0 361.3 378.5 554.6 318.1 512.9 257.5 199.3 569.2 391.8 299.5 362.2 604.5 260.8 398.8 478.8 237.8 345.6 231.8 584.2 639.0 225.3 500.8 362.1 238.2 286.3 568.9 862.4 347.7 357.1 302.8 278.7 522.3 348.5 383.2 205.7 273.2 275.8 588.9 562.8 359.9 683.8 98.0 438.2 345.0 316.5 540.0 67.9 372.8 435.5 427.2 404.6 823.0 565.6 384.1 358.9 634.6 289.4 371.3 0.0 523.2 751.5 343.0 391.0 634.2 467.9 483.5 838.3 332.9 252.1 368.7 201.3 205.7 301.9 527.4 397.3 378.9 500.4 248.6 727.8 315.2 518.4 280.3 523.8 804.8 330.1 333.1 359.7 529.9 585.1 275.1 409.1 74.3 592.3 730.5 357.5 487.2 299.8 712.3 436.4 408.1 420.8 434.9 169.3 438.8 269.5 782.2 303.1 828.8 387.4 367.3 519.8 369.0 736.7 382.7 333.8 308.6 351.0 447.8 597.3 455.3 471.8 328.4 292.3 571.0 830.6 674.4 394.0 736.6 243.4 688.5 288.4 697.4 303.9 411.3 887.2 565.5
1585.8 757.0 326.8 935.1 718.8 319.6 240.8 523.8 635.0 737.8 331.5 475.5 221.3 667.3 848.4 544.5 265.6 452.0 836.3 226.5 856.4 653.6 498.1 884.7 865.2 111.2 736.4 753.6 825.8 499.1 10.2 342.4 421.8 129.4 142.5 674.6 736.3 830.3 635.9 636.1 808.2 570.8 720.7 379.0 758.9 776.6 312.9 122.0 206.0 454.8 661.4 821.2 913.9 722.8 732.2 677.9 653.8 49.9 782.2 780.8 331.5 648.3 324.9 829.2 172.9 735.0 821.4 516.1 125.7 239.2 691.6 67.6 513.3 735.1 764.9 145.9 700.1 874.5 836.8 148.3 734.0 833.6 270.2 163.7 585.4 0.0 785.6 211.0 139.2 751.8 89.1 115.9 889.8 219.7 279.5 215.7 576.4 484.1 677.0 798.6 651.6 754.0 44.7 479.0 853.1 690.3 26.7 319.0 84.0 856.3 705.2 219.0 229.5 151.1 801.8 482.9 180.8 540.9 833.5 804.3 178.1 758.4 674.9 786.1 161.3 737.5 197.9 467.5 372.1 96.0 458.6 833.7 240.2 880.3 216.2 746.3 791.0 739.7 810.5 708.1 427.0 683.7 185.0 777.2 790.2 197.1 801.2 703.5 572.2 838.4 882.1 748.2 165.7 816.4 576.4 733.0 376.3 771.2 679.0 648.6 938.7 812.9
1353.1 37.0 839.5 508.7 650.2 832.3 903.6 671.5 532.9 508.2 782.6 673.1 841.4 612.0 408.5 674.9 869.5 687.8 264.6 986.2 272.0 578.7 529.7 444.8 425.3 925.1 641.2 482.5 271.6 583.7 824.1 691.1 635.7 943.3 928.6 681.6 503.5 278.6 510.5 440.3 439.8 584.1 665.4 665.4 174.5 224.9 732.5 731.5 846.9 585.2 570.9 236.8 474.0 627.6 672.0 436.8 496.2 825.6 489.8 425.2 712.9 592.3 783.0 271.9 671.4 639.8 269.7 713.7 827.8 881.8 424.8 843.3 801.1 366.7 396.5 848.0 331.7 434.6 316.0 850.4 576.4 249.2 753.2 908.1 733.1 813.8 0.0 882.4 841.3 220.1 769.3 818.0 449.9 872.3 798.9 872.8 540.6 614.5 621.7 286.9 549.5 658.8 803.7 591.4 404.9 456.5 821.7 713.9 897.9 416.4 688.9 869.9 896.5 702.2 231.0 595.3 945.9 727.2 249.1 316.4 894.3 276.4 619.6 298.2 863.4 369.1 957.6 703.3 676.5 798.1 571.0 393.8 839.9 440.4 924.2 428.1 293.9 371.3 322.6 499.5 767.4 588.5 887.8 408.8 238.5 899.2 432.8 608.3 612.0 254.0 442.2 260.3 930.8 413.7 589.7 69.8 795.6 283.3 623.7 452.8 498.8 228.5
1706.0 856.6 131.4 965.3 618.7 124.2 29.7 416.7 497.5 657.6 136.1 320.7 106.6 619.0 930.6 407.0 68.2 314.5 715.3 123.8 692.1 547.9 354.7 966.9 947.4 225.4 664.1 673.8 688.3 355.7 187.3 199.0 246.6 243.6 66.2 587.3 598.8 738.2 566.6 498.6 670.7 425.3 595.7 235.6 717.9 772.7 169.5 287.1 148.4 317.3 555.7 702.6 996.1 650.5 607.2 605.8 584.5 247.6 644.7 643.3 188.1 533.1 181.5 722.6 349.1 662.7 817.5 361.3 224.5 73.1 611.8 265.3 356.1 597.6 627.4 213.5 562.6 956.7 699.3 170.4 653.8 768.3 126.8 45.7 348.5 197.6 885.2 0.0 177.3 767.9 254.2 269.8 972.0 8.6 84.1 76.6 507.1 346.6 628.7 661.1 514.1 681.7 242.4 295.9 861.5 625.5 224.4 175.6 198.2 938.5 617.9 61.2 52.1 316.2 718.8 322.4 83.5 386.1 726.0 864.2 31.9 620.9 626.6 846.0 222.7 600.0 95.2 330.0 228.7 225.1 316.8 915.9 42.8 962.5 79.8 608.8 653.5 602.2 870.4 570.6 283.6 611.4 25.4 639.7 731.0 241.6 663.7 631.2 434.7 704.7 964.3 808.1 68.4 870.3 430.9 822.2 232.9 831.1 630.7 511.1 1020.9 699.2
1608.2 779.4 187.5 969.4 622.8 180.3 211.4 420.8 501.6 661.7 192.2 336.2 82.0 623.1 870.8 411.1 155.1 318.6 719.4 233.5 696.2 552.0 358.8 907.1 887.6 265.4 668.2 677.9 692.4 359.8 164.4 203.1 282.5 283.6 175.9 591.4 602.9 742.3 570.7 502.7 674.8 429.4 599.8 239.7 722.0 776.8 173.6 109.7 91.7 321.4 559.8 706.7 936.3 654.6 611.3 609.9 588.6 131.2 648.8 647.4 192.2 537.2 185.6 726.7 171.7 666.8 821.6 376.8 47.1 140.6 615.9 148.9 374.0 601.7 631.5 36.1 566.7 896.9 703.4 9.0 657.9 772.4 130.9 155.4 405.2 154.1 808.0 181.6 0.0 774.2 76.8 92.4 912.2 190.3 140.2 113.4 511.2 350.7 632.8 665.2 518.2 685.8 109.3 329.4 865.6 629.6 127.3 179.7 238.2 878.7 622.0 155.5 182.1 138.8 722.9 349.5 193.2 401.6 730.1 826.7 168.7 625.0 630.7 808.5 51.5 604.1 204.9 334.1 232.8 47.7 325.2 856.1 125.5 902.7 209.8 612.9 657.6 606.3 832.9 574.7 287.7 615.5 173.4 643.8 735.1 87.3 667.8 635.3 438.8 708.8 904.5 770.6 178.1 874.4 435.0 755.4 237.0 793.6 634.8 515.2 961.1 703.3
1199.0 175.7 726.4 344.9 537.1 719.2 790.5 558.4 419.8 395.1 669.5 560.0 728.3 498.9 310.2 561.8 756.4 574.7 120.8 873.1 158.9 465.6 416.6 346.5 327.0 895.2 528.1 369.4 158.5 470.6 794.2 578.0 522.6 913.4 815.5 568.5 390.4 114.8 397.4 327.2 326.7 471.0 552.3 552.3 61.4 61.1 619.4 701.6 733.8 472.1 457.8 123.7 375.7 514.5 558.9 323.7 383.1 795.7 376.7 312.1 599.8 479.2 669.9 113.7 641.5 526.7 105.9 600.6 759.4 768.7 311.7 813.4 688.0 253.6 283.4 798.9 218.6 336.3 152.2 755.8 463.3 136.1 640.1 795.0 620.0 783.9 204.3 769.3 762.7 0.0 739.4 788.1 351.6 759.2 685.8 759.7 427.5 501.4 508.6 173.8 436.4 545.7 773.8 478.3 241.1 343.4 791.8 600.8 868.0 318.1 575.8 756.8 783.4 672.3 86.3 482.2 832.8 614.1 136.0 170.6 781.2 163.3 506.5 152.4 808.1 256.0 844.5 590.2 563.4 779.1 457.9 295.5 726.8 342.1 811.1 315.0 180.8 258.2 176.8 386.4 654.3 475.4 774.7 295.7 74.7 827.0 319.7 495.2 498.9 130.0 343.9 114.5 817.7 249.9 476.6 141.3 682.5 137.5 510.6 339.7 400.5 115.4
1531.3 702.5 259.5 880.6 664.3 252.3 283.4 469.3 567.7 683.3 264.2 408.2 154.0 612.8 793.9 477.2 227.1 384.7 781.8 305.2 762.3 599.1 430.8 830.2 810.7 190.4 681.9 699.1 758.5 431.8 89.4 275.1 354.5 208.6 221.7 625.1 650.9 775.8 581.4 568.8 740.9 503.5 666.2 311.7 704.4 722.1 245.6 32.8 138.7 387.5 606.9 766.7 859.4 668.3 673.8 623.4 599.3 56.2 714.9 716.5 264.2 593.8 257.6 774.7 94.8 680.5 766.9 448.8 58.4 212.6 637.1 73.9 446.0 667.8 697.6 78.6 632.8 820.0 769.5 81.0 679.5 779.1 202.9 227.4 530.9 79.1 731.1 253.6 71.9 697.3 0.0 48.6 835.3 262.3 212.2 185.4 521.9 416.8 622.5 731.3 584.3 699.5 34.3 411.7 798.6 695.7 52.3 256.2 163.2 801.8 650.7 227.5 254.1 61.9 752.4 415.6 260.0 473.6 779.0 749.8 240.7 691.1 620.4 731.6 94.0 666.3 276.9 400.2 304.8 28.7 391.3 776.6 197.5 825.8 281.8 679.0 723.7 672.4 752.7 640.8 359.7 620.3 245.4 709.9 735.7 129.8 733.9 649.0 504.9 774.9 827.6 693.7 244.9 761.9 509.1 676.9 309.0 716.7 624.5 581.3 884.2 758.4
1566.0 737.2 281.1 915.3 699.0 273.9 305.0 504.0 589.3 718.0 285.8 429.8 175.6 647.5 828.6 498.8 248.7 406.3 807.1 327.1 783.9 633.8 452.4 864.9 845.4 223.2 716.6 733.8 780.1 453.4 122.2 296.7 376.1 241.4 254.5 687.1 690.6 810.5 616.1 590.4 762.5 525.1 695.5 333.3 739.1 756.8 267.2 67.5 160.3 409.1 641.6 801.4 894.1 703.0 707.0 697.6 634.0 89.0 736.5 735.1 285.8 628.5 279.2 809.4 129.5 715.2 801.6 470.4 80.0 234.2 671.8 106.7 467.6 689.4 719.2 100.2 654.4 854.7 791.1 102.6 714.2 813.8 224.5 249.0 498.8 111.9 765.8 275.2 93.5 732.0 34.6 0.0 870.0 283.9 233.8 207.0 556.6 438.4 657.2 752.9 605.9 734.2 67.1 433.3 833.3 717.3 85.1 273.3 196.0 836.5 717.7 249.1 275.7 96.6 782.0 437.2 286.8 495.2 813.7 784.5 262.3 712.7 655.1 766.3 115.6 691.8 298.5 421.8 326.4 50.3 412.9 813.9 219.1 860.5 303.4 700.6 745.3 694.0 790.7 662.4 381.3 663.9 267.0 731.5 770.4 151.4 755.5 683.7 526.5 796.5 862.3 728.4 271.7 796.6 530.7 713.2 330.6 751.4 659.2 602.9 918.9 793.1
1147.3 417.5 956.2 45.2 766.9 949.0 1020.3 788.2 649.6 624.9 899.3 789.8 958.1 728.7 88.9 791.6 986.2 804.5 262.7 1073.2 370.7 695.4 646.4 4.5 21.5 958.2 757.9 599.2 332.2 700.4 857.2 807.8 752.4 976.4 989.5 793.3 624.7 274.7 627.2 557.0 556.5 700.8 782.1 782.1 303.2 287.1 849.2 764.6 929.4 701.9 687.6 335.5 92.5 744.3 788.7 553.5 612.9 858.7 606.5 544.9 829.6 709.0 899.7 255.6 704.5 756.5 335.6 830.4 860.9 998.5 541.5 876.4 917.8 483.4 513.2 881.1 448.4 114.2 312.1 883.5 693.1 377.9 869.9 1024.8 849.8 846.9 446.1 999.1 874.4 296.1 802.4 851.1 0.0 989.0 915.6 993.8 657.3 731.2 738.4 385.6 666.2 775.5 836.8 708.1 143.5 573.2 854.8 825.8 931.0 96.8 805.6 986.6 1013.2 735.3 359.5 712.0 1027.8 843.9 404.6 213.5 1011.0 393.1 736.3 186.5 896.5 481.9 1044.9 820.0 793.2 831.2 687.7 74.2 956.6 8.4 1040.9 544.8 392.6 488.0 206.3 616.2 884.1 696.3 1004.5 525.5 356.2 932.3 549.5 725.0 728.7 271.9 106.6 234.4 1012.7 114.5 706.4 381.5 912.3 241.1 740.4 569.5 117.3 327.2
1713.0 855.6 140.4 964.3 669.5 133.2 16.1 425.7 496.5 664.6 145.1 310.9 115.6 618.0 929.6 416.0 77.2 323.5 714.3 132.8 691.1 554.9 363.7 965.9 946.4 234.4 710.9 672.8 687.3 364.7 196.3 208.0 236.8 252.6 75.2 594.3 597.8 737.2 573.6 497.6 669.7 432.3 602.7 244.6 716.9 771.7 178.5 296.1 157.4 326.3 562.7 701.6 995.1 657.5 614.2 604.8 591.5 256.6 643.7 642.3 197.1 540.1 190.5 721.6 358.1 669.7 816.5 351.5 233.5 82.1 610.8 274.3 346.3 596.6 626.4 222.5 561.6 955.7 698.3 179.4 660.8 767.3 135.8 54.7 338.7 206.6 884.2 8.9 186.3 766.9 263.2 278.8 971.0 0.0 93.1 85.6 514.1 355.6 627.7 660.1 513.1 688.7 251.4 286.1 860.5 624.5 233.4 184.6 207.2 937.5 624.9 70.2 61.1 325.2 717.8 312.6 92.5 376.3 725.0 863.2 40.9 619.9 625.6 845.0 231.7 599.0 104.2 339.0 224.8 234.1 307.0 914.9 51.8 961.5 88.8 607.8 652.5 601.2 869.4 569.6 292.6 618.4 34.4 638.7 730.0 250.6 662.7 638.2 433.7 703.7 963.3 807.1 77.4 869.3 437.9 821.2 241.9 830.1 629.7 510.1 1019.9 698.2
1654.7 797.3 47.2 906.0 611.2 40.0 136.8 375.4 438.2 606.3 51.9 252.6 104.4 559.7 871.3 365.7 80.5 276.0 656.0 197.2 632.8 496.6 316.2 907.6 888.1 298.8 652.6 614.5 629.0 317.2 260.7 160.5 178.5 317.0 139.6 536.0 539.5 678.9 515.3 439.3 611.4 374.0 544.4 197.1 658.6 713.4 131.0 248.6 109.9 276.0 504.4 643.3 936.8 599.2 555.9 546.5 533.2 270.1 585.4 584.0 149.6 481.8 143.0 663.3 310.6 611.4 758.2 293.2 186.0 92.8 552.5 287.8 288.0 538.3 568.1 175.0 503.3 897.4 640.0 131.9 602.5 709.0 88.3 119.1 264.9 271.0 825.9 107.0 138.8 708.6 215.7 231.3 912.7 115.7 0.0 116.5 455.8 305.3 569.4 601.8 454.8 630.4 248.2 227.8 802.2 566.2 266.2 137.1 271.6 879.2 566.6 80.9 107.5 277.7 659.5 254.3 156.9 318.0 666.7 804.9 105.3 561.6 567.3 786.7 184.2 540.7 168.6 291.5 166.5 186.6 248.7 856.6 50.9 903.2 135.2 549.5 594.2 542.9 811.1 511.3 245.1 560.1 98.8 580.4 671.7 203.1 604.4 579.9 375.4 645.4 905.0 748.8 141.8 811.0 379.6 762.9 194.4 771.8 571.4 451.8 961.6 639.9
1696.3 851.2 169.5 955.6 609.0 166.5 117.9 407.0 487.8 647.9 178.4 322.4 29.9 609.3 920.9 397.3 110.6 307.2 705.6 115.4 682.4 538.2 345.0 957.2 938.1 217.3 654.4 664.1 678.6 346.0 183.5 189.3 268.7 239.8 62.4 582.6 571.0 728.5 556.9 488.9 665.3 415.6 586.0 225.9 708.2 763.0 159.8 232.4 93.7 307.6 546.0 692.9 986.4 640.8 593.6 596.1 574.8 243.8 635.0 640.9 178.4 523.4 171.8 712.9 294.4 657.3 807.8 363.0 169.8 65.7 602.1 261.5 360.2 587.9 617.7 163.1 550.1 947.0 685.9 115.7 644.1 758.6 121.4 41.9 391.4 193.8 875.5 88.1 122.6 758.2 203.8 215.1 962.3 96.8 126.4 0.0 497.4 336.9 619.0 651.4 504.4 672.0 232.0 315.6 856.1 615.8 220.6 170.4 194.4 928.8 608.2 41.2 106.6 261.5 708.1 335.7 79.7 392.1 716.3 854.5 55.2 611.2 616.9 836.3 168.0 586.4 77.9 320.3 219.0 170.4 315.7 903.6 85.2 952.8 115.1 599.1 643.8 592.5 857.4 560.9 273.9 592.8 62.1 630.0 721.3 186.9 654.0 621.5 425.0 695.0 954.6 802.7 64.6 860.6 421.2 810.9 227.5 821.4 621.0 501.4 1011.2 689.5
1297.4 521.5 485.2 630.2 142.3 478.0 509.6 130.8 234.3 161.3 428.3 250.9 436.5 90.8 595.5 242.8 464.6 296.2 380.2 581.0 357.0 77.1 117.7 631.8 612.7 654.8 159.9 177.1 353.2 171.7 553.8 297.1 241.7 673.0 523.7 168.7 165.3 403.1 59.4 197.4 277.4 91.4 144.2 271.4 382.8 437.6 338.5 461.2 442.0 233.8 84.9 367.5 661.0 146.3 155.7 101.4 77.3 555.3 147.1 184.8 318.9 71.8 389.0 387.5 401.1 158.5 482.4 210.2 478.5 476.9 115.1 573.0 260.4 171.4 234.1 507.1 203.2 621.6 360.5 464.0 157.5 433.2 348.3 503.2 192.4 543.5 550.1 488.4 470.9 432.8 499.0 547.7 636.9 478.3 444.6 472.2 0.0 201.3 100.5 326.0 250.9 177.5 533.4 197.4 526.4 113.8 551.4 315.1 627.6 603.4 181.0 465.0 491.6 431.9 378.4 201.3 541.0 186.5 390.9 529.1 489.4 285.8 98.4 510.9 516.3 202.8 552.7 309.3 282.5 498.2 177.0 578.2 435.0 627.4 519.3 165.9 318.4 167.6 532.0 181.3 373.4 98.3 482.9 246.4 395.9 535.2 270.4 127.0 145.9 369.6 629.2 473.0 525.9 535.2 97.0 485.5 401.6 496.0 102.5 209.9 685.8 364.1
1428.8 587.4 340.4 696.1 401.3 333.2 404.5 70.0 228.3 376.1 283.5 174.0 324.3 349.8 661.4 60.3 352.4 170.7 446.1 469.1 422.9 286.7 129.7 697.7 678.2 570.7 374.7 404.6 419.1 183.7 491.8 192.0 136.6 588.9 411.5 326.1 329.6 469.0 274.2 229.4 401.5 164.1 334.5 166.3 448.7 503.5 233.4 437.1 329.8 32.4 294.5 433.4 726.9 361.1 346.0 336.6 292.1 458.6 375.5 374.1 213.8 271.9 283.9 453.4 499.1 373.3 548.3 202.4 355.4 364.7 342.6 476.3 252.6 328.4 358.2 394.9 293.4 687.5 430.1 351.8 372.3 499.1 236.1 391.0 184.6 481.5 616.0 383.3 358.7 498.7 404.2 419.8 702.8 373.2 299.8 355.7 214.7 0.0 359.5 391.9 244.9 392.3 436.7 92.3 592.3 356.3 454.7 214.8 543.5 669.3 356.7 352.8 379.4 466.2 449.6 96.2 428.8 178.7 456.8 595.0 377.2 351.7 357.4 576.8 404.1 330.8 440.5 186.2 177.4 375.1 71.9 646.7 322.8 693.3 407.1 339.6 384.3 333.0 601.2 301.4 268.3 322.0 370.7 370.5 461.8 423.0 394.5 341.8 165.5 435.5 695.1 538.9 413.7 601.1 169.7 553.0 296.5 561.9 361.5 241.9 751.7 430.0
1345.9 602.7 559.7 711.4 68.4 552.5 623.8 251.5 317.9 171.8 502.8 371.6 550.7 63.9 676.7 363.5 578.8 408.0 461.4 695.5 438.2 62.1 231.9 713.0 693.5 775.5 109.8 197.5 434.4 285.9 674.5 411.3 355.9 793.7 637.9 64.2 242.0 484.3 140.6 260.6 358.6 205.6 43.6 385.6 464.0 518.8 452.7 581.9 556.2 305.4 69.9 448.7 742.2 164.7 55.1 182.6 158.5 676.0 228.3 263.0 433.1 76.8 503.2 468.7 521.8 140.2 563.6 330.9 592.7 591.1 196.3 693.7 381.1 252.6 315.3 621.3 284.4 702.8 445.4 578.2 168.0 514.4 462.5 617.4 313.1 664.2 631.3 602.6 585.1 514.0 619.7 657.1 718.1 592.5 519.1 582.1 120.6 322.0 0.0 407.2 334.5 177.1 654.1 311.6 607.6 195.0 672.1 434.1 748.3 684.6 94.8 579.2 605.8 552.6 464.9 315.5 655.2 307.2 472.1 610.3 603.6 367.0 71.5 592.1 630.5 287.9 666.9 423.5 396.7 612.4 291.2 662.0 549.2 708.6 633.5 247.1 399.6 248.8 616.5 262.5 487.6 121.1 597.1 327.6 477.1 649.4 351.6 145.4 260.1 450.8 710.4 554.2 640.1 616.4 211.2 568.3 515.8 577.2 28.6 273.1 767.0 445.3
1219.9 275.1 618.1 365.8 428.8 610.9 682.2 450.1 311.5 286.8 561.2 451.7 620.0 390.6 331.1 453.5 648.1 466.4 115.8 764.8 30.9 357.3 308.3 367.4 347.9 866.4 419.8 261.1 155.7 362.3 787.5 469.7 414.3 884.6 707.2 460.2 282.1 153.7 289.1 218.9 218.4 362.7 444.0 444.0 119.1 186.1 511.1 732.8 625.5 363.8 349.5 41.4 396.6 406.2 450.6 215.4 274.8 754.3 268.4 203.8 491.5 370.9 561.6 123.1 720.4 418.4 234.6 492.3 651.1 660.4 203.4 772.0 579.7 145.3 175.1 690.6 110.3 357.2 153.4 647.5 355.0 107.1 531.8 686.7 511.7 777.2 303.7 661.0 654.4 186.4 699.9 715.5 372.5 650.9 577.5 651.4 319.2 393.1 400.3 0.0 328.1 437.4 732.4 370.0 262.0 235.1 750.4 492.5 839.2 339.0 467.5 648.5 675.1 761.9 137.3 373.9 724.5 505.8 64.8 282.7 672.9 37.0 398.2 264.5 699.8 147.7 736.2 481.9 455.1 670.8 349.6 316.4 618.5 363.0 702.8 206.7 7.0 149.9 288.9 278.1 546.0 367.1 666.4 187.4 149.5 718.7 211.4 386.9 390.6 105.2 364.8 226.6 709.4 270.8 368.3 240.7 574.2 249.6 402.3 231.4 421.4 49.7
1493.0 530.2 497.7 638.9 344.1 490.5 561.8 342.8 35.1 373.1 440.8 331.3 499.6 292.6 604.2 333.1 527.7 346.0 388.9 644.4 365.7 278.9 187.9 640.5 621.0 746.0 385.5 347.4 361.9 241.9 667.1 349.3 293.9 764.2 586.8 366.6 272.4 411.8 279.2 172.2 344.3 242.3 346.0 323.6 391.5 446.3 390.7 612.4 505.1 243.4 286.7 376.2 669.7 366.1 357.5 279.4 297.1 633.9 318.3 316.9 371.1 273.6 441.2 396.2 640.4 378.3 491.1 371.9 530.7 540.0 285.4 651.6 476.2 271.2 301.0 570.2 236.2 630.3 372.9 527.1 384.8 441.9 411.4 566.3 431.7 656.8 558.8 540.6 534.0 441.5 579.5 595.1 645.6 530.5 457.1 531.0 239.2 272.7 302.3 334.7 0.0 397.3 612.0 249.6 535.1 299.1 630.0 372.1 718.8 612.1 382.8 528.1 554.7 641.5 392.4 253.5 604.1 396.7 399.6 537.8 552.5 294.5 300.2 519.6 579.4 273.6 615.8 361.5 334.7 550.4 229.2 589.5 498.1 636.1 582.4 282.4 327.1 275.8 544.0 244.2 425.6 327.0 546.0 313.3 404.6 598.3 337.3 346.8 270.2 378.3 637.9 481.7 589.0 543.9 247.9 495.8 453.8 504.7 304.3 184.7 694.5 372.8
1396.2 594.8 637.9 703.5 99.5 630.7 674.1 283.5 379.9 161.2 581.0 403.6 601.0 157.8 668.8 395.5 629.1 458.3 453.5 745.8 430.3 107.2 282.2 705.1 685.6 807.5 90.5 186.9 426.5 336.2 706.5 461.6 406.2 825.7 688.2 130.9 234.1 476.4 132.7 304.4 350.7 255.9 132.8 435.9 456.1 510.9 503.0 613.9 606.5 355.7 99.4 440.8 734.3 81.3 121.3 174.7 150.6 708.0 220.4 255.1 483.4 120.8 553.5 460.8 553.8 120.9 555.7 362.9 643.0 641.4 188.4 725.7 413.1 244.7 307.4 671.6 276.5 694.9 437.5 628.5 157.4 506.5 512.8 667.7 345.1 696.2 623.4 652.9 635.4 506.1 651.7 700.4 710.2 642.8 597.3 632.4 152.6 354.0 156.9 399.3 396.5 0.0 686.1 361.9 599.7 187.1 704.1 484.4 780.3 676.7 138.2 629.5 656.1 584.6 457.0 365.8 705.5 339.2 464.2 602.4 653.9 359.1 165.4 584.2 680.8 280.0 717.2 473.8 447.0 662.7 341.5 654.1 599.5 700.7 683.8 239.2 391.7 240.9 608.6 254.6 537.9 32.1 647.4 319.7 469.2 699.7 343.7 62.0 310.4 442.9 702.5 546.3 690.4 608.5 261.5 560.4 566.1 569.3 118.2 291.9 759.1 437.4
1575.7 746.9 282.0 925.0 708.7 274.8 285.6 509.4 590.2 727.7 286.7 430.7 176.5 657.2 838.3 499.7 249.6 407.2 808.0 271.3 784.8 643.5 453.3 874.6 855.1 156.0 726.3 766.5 781.0 454.3 55.0 297.6 377.0 174.2 187.3 688.0 691.5 820.2 625.8 591.3 763.4 526.0 696.4 334.2 748.8 766.5 268.1 77.2 161.2 410.0 651.3 811.1 903.8 712.7 707.9 698.5 643.7 21.8 737.4 736.0 286.7 633.8 280.1 815.3 139.2 724.9 811.3 471.3 80.9 235.1 704.5 39.5 468.5 690.3 720.1 101.1 655.3 864.4 792.0 103.5 723.9 823.5 225.4 208.5 499.7 44.7 775.5 255.8 94.4 741.7 44.3 71.1 879.7 264.5 234.7 207.9 566.3 439.3 666.9 753.8 606.8 743.9 0.0 434.2 843.0 718.2 17.9 274.2 128.8 846.2 718.6 250.0 274.3 106.3 791.7 438.1 225.6 496.1 823.4 794.2 222.9 713.6 664.8 776.0 116.5 692.7 242.7 422.7 327.3 51.2 413.8 823.6 220.0 870.2 261.0 701.5 746.2 694.9 800.4 663.3 382.2 673.6 229.8 732.4 780.1 152.3 756.4 693.4 527.4 797.4 872.0 738.1 210.5 806.3 531.6 722.9 331.5 761.1 668.9 603.8 928.6 802.8
1426.8 569.4 248.0 678.1 383.3 240.8 312.1 147.5 210.3 378.4 191.1 81.6 273.0 331.8 643.4 137.8 288.0 170.7 428.1 414.8 404.9 268.7 111.7 679.7 660.2 516.4 424.7 386.6 401.1 165.7 478.3 99.6 44.2 534.6 357.2 308.1 311.6 451.0 287.4 211.4 383.5 146.1 316.5 73.9 430.7 485.5 141.0 417.2 278.5 48.1 276.5 415.4 708.9 371.3 328.0 318.6 305.3 438.7 357.5 356.1 121.4 253.9 191.5 435.4 479.2 383.5 530.3 122.2 355.4 300.3 324.6 456.4 226.5 310.4 340.2 343.6 275.4 669.5 412.1 300.5 374.6 481.1 184.8 336.7 212.8 461.6 598.0 290.9 307.4 480.7 384.3 399.9 684.8 280.8 207.4 304.4 227.9 77.4 341.5 373.9 226.9 402.5 416.8 0.0 574.3 338.3 434.8 122.4 489.2 651.3 338.7 288.4 315.0 446.3 431.6 26.4 374.5 147.0 438.8 577.0 322.9 333.7 339.4 558.8 352.8 312.8 386.2 186.2 85.0 355.2 20.8 628.7 258.4 675.3 342.7 321.6 366.3 315.0 583.2 283.4 175.9 332.2 316.4 352.5 443.8 371.7 376.5 352.0 147.5 417.5 677.1 520.9 359.4 583.1 151.7 535.0 204.1 543.9 343.5 223.9 733.7 412.0
1070.6 380.9 842.8 103.7 653.5 835.6 906.9 674.8 536.2 511.5 785.9 676.4 844.7 615.3 121.9 678.2 872.8 691.1 149.3 989.2 257.3 582.0 533.0 158.2 138.7 926.4 644.5 485.8 218.8 587.0 825.4 694.4 639.0 944.6 931.9 684.9 511.3 161.3 513.8 443.6 443.1 587.4 668.7 668.7 250.5 173.7 735.8 732.8 850.2 588.5 574.2 222.1 154.6 630.9 675.3 440.1 499.5 826.9 493.1 431.5 716.2 595.6 786.3 142.2 672.7 643.1 222.2 717.0 829.1 885.1 428.1 844.6 804.4 370.0 399.8 849.3 332.2 148.0 202.3 851.7 579.7 333.5 756.5 911.4 736.4 815.1 409.5 885.7 842.6 241.5 770.6 819.3 154.6 875.6 802.2 880.4 543.9 617.8 625.0 272.2 552.8 662.1 805.0 594.7 0.0 459.8 823.0 712.4 899.2 129.8 692.2 873.2 899.8 703.5 246.1 598.6 949.2 730.5 291.2 181.7 897.6 279.7 622.9 154.7 864.7 368.5 960.9 706.6 679.8 799.4 574.3 104.6 843.2 153.8 927.5 431.4 279.2 374.6 174.5 502.8 770.7 582.9 891.1 412.1 242.8 900.5 436.1 611.6 615.3 158.5 155.6 202.6 934.1 61.6 593.0 344.9 798.9 209.3 627.0 456.1 179.4 213.8
1404.1 450.2 591.9 558.9 216.2 584.7 616.3 237.5 321.9 131.5 535.0 357.6 543.2 178.0 524.2 349.5 571.3 400.5 308.9 688.0 285.7 144.7 224.4 560.5 541.0 761.5 207.2 105.8 281.9 278.4 660.5 403.8 348.4 779.7 630.4 247.6 46.9 331.8 76.5 160.5 206.1 198.1 231.4 378.1 311.5 366.3 445.2 567.9 548.7 340.5 136.9 296.2 589.7 193.6 238.0 30.1 62.2 662.0 33.2 110.5 425.6 158.3 495.7 316.2 507.8 205.8 411.1 316.9 585.2 583.6 43.8 679.7 367.1 100.1 162.8 613.8 131.9 550.3 292.9 570.7 142.4 361.9 455.0 609.9 299.1 650.2 478.8 595.1 577.6 361.5 605.7 654.4 565.6 585.0 551.3 574.6 106.6 308.0 187.7 254.7 338.5 224.8 640.1 304.1 455.1 0.0 658.1 426.6 734.3 532.1 254.9 571.7 598.3 538.6 312.4 308.0 647.7 293.2 319.6 457.8 596.1 214.5 185.6 439.6 623.0 135.4 659.4 416.0 389.2 604.9 283.7 509.5 541.7 556.1 626.0 94.6 247.1 96.3 464.0 67.4 480.1 154.5 589.6 175.1 324.6 641.9 199.1 174.3 252.6 298.3 557.9 401.7 632.6 463.9 203.7 415.8 508.3 424.7 189.7 148.0 614.5 292.8
1580.3 751.5 300.0 929.6 713.3 292.8 267.6 518.3 608.2 732.3 304.7 448.7 194.5 661.8 842.9 517.7 267.6 425.2 826.0 253.3 802.8 648.1 471.3 879.2 859.7 138.0 730.9 748.1 799.0 472.3 37.0 315.6 395.0 156.2 169.3 706.0 709.5 824.8 630.4 609.3 781.4 544.0 714.4 352.2 753.4 771.1 286.1 95.2 179.2 428.0 655.9 815.7 908.4 717.3 725.9 716.5 648.3 23.1 755.4 754.0 304.7 642.8 298.1 823.7 157.2 729.5 815.9 489.3 98.9 253.1 686.1 40.8 486.5 708.3 738.1 119.1 673.3 869.0 810.0 121.5 728.5 828.1 243.4 190.5 517.7 26.7 780.1 237.8 112.4 746.3 62.3 89.1 884.3 246.5 252.7 225.9 570.9 457.3 671.5 771.8 624.8 748.5 17.9 452.2 847.6 736.2 0.0 292.2 110.8 850.8 736.6 245.8 256.3 124.3 796.3 456.1 207.6 514.1 828.0 798.8 204.9 731.6 669.4 780.6 134.5 710.7 224.7 440.7 345.3 69.2 431.8 828.2 238.0 874.8 243.0 719.5 764.2 712.9 805.0 681.3 400.2 678.2 211.8 750.4 784.7 170.3 774.4 698.0 545.4 815.4 876.6 742.7 192.5 810.9 549.6 727.5 349.5 765.7 673.5 621.8 933.2 807.4
1563.7 714.3 215.8 823.0 476.4 208.6 239.7 274.4 355.2 515.3 249.6 151.9 155.3 476.7 788.3 264.7 183.4 172.2 573.0 299.8 549.8 405.6 212.4 824.6 805.5 401.7 521.8 531.5 546.0 213.4 354.2 18.8 102.7 419.9 242.5 450.0 438.4 595.9 424.3 356.3 528.4 283.0 453.4 55.4 575.6 630.4 141.7 299.5 160.8 175.0 413.4 560.3 853.8 508.2 461.0 463.5 442.2 321.0 502.4 504.0 179.9 390.8 153.7 580.3 361.5 520.4 675.2 192.5 236.9 195.7 469.5 338.7 285.0 455.3 485.1 225.9 417.5 814.4 553.3 182.8 511.5 626.0 67.1 222.0 283.1 343.9 742.9 209.9 189.7 625.6 266.6 282.2 829.7 218.6 168.5 186.7 364.8 204.3 486.4 518.8 371.8 539.4 299.1 145.1 719.2 483.2 317.1 0.0 374.5 796.2 475.6 183.8 210.4 328.6 571.2 171.6 259.8 217.3 583.7 721.9 208.2 478.6 484.3 703.7 235.1 453.8 258.0 187.7 143.5 237.5 166.0 771.0 153.8 820.2 238.1 466.5 511.2 459.9 724.8 428.3 103.4 460.2 201.7 497.4 588.7 254.0 521.4 488.9 292.4 562.4 822.0 665.8 244.7 728.0 288.6 678.3 205.1 688.8 488.4 368.8 878.6 556.9
1669.1 840.3 298.6 1018.4 785.9 291.4 210.6 583.9 664.7 821.1 303.3 501.6 215.5 750.6 931.7 574.2 235.4 481.7 882.5 196.3 859.3 715.1 521.9 968.0 948.5 27.1 819.7 841.0 855.5 522.9 72.9 366.2 427.5 45.3 112.3 754.5 766.0 913.6 719.2 665.8 837.9 592.5 762.9 402.8 842.2 859.9 336.7 205.3 279.3 484.5 722.9 904.5 997.2 806.1 774.4 773.0 737.1 133.2 811.9 810.5 355.3 700.3 348.7 889.8 256.2 818.3 904.7 542.2 209.0 209.0 779.0 150.9 537.0 764.8 794.6 229.2 729.8 957.8 866.5 231.6 817.3 916.9 294.0 133.5 529.4 83.2 868.9 180.8 222.5 835.1 172.4 199.2 973.1 189.5 251.3 185.5 659.7 513.8 760.3 828.3 681.3 837.3 128.0 476.8 936.4 792.7 110.0 342.8 0.0 939.6 785.1 188.8 199.3 234.4 885.1 503.3 150.6 567.0 916.8 887.6 147.9 788.1 758.2 869.4 244.6 767.2 167.7 497.2 395.9 179.3 497.7 917.0 210.0 963.6 186.0 776.0 820.7 769.4 893.8 737.8 450.8 767.0 154.8 806.9 873.5 280.4 830.9 786.8 601.9 871.9 965.4 831.5 135.5 899.7 598.1 816.3 400.1 854.5 762.3 678.3 1022.0 896.2
1110.9 381.1 919.8 78.7 730.5 912.6 983.9 751.8 613.2 588.5 862.9 753.4 921.7 692.3 7.9 755.2 949.8 768.1 226.3 1037.1 334.3 659.0 610.0 108.8 89.3 921.8 721.5 562.8 295.8 664.0 820.8 771.4 716.0 940.0 953.1 761.9 583.8 238.3 590.8 520.6 520.1 664.4 745.7 745.7 266.8 250.7 812.8 728.2 893.0 665.5 651.2 299.1 57.5 707.9 752.3 517.1 576.5 822.3 570.1 505.5 793.2 672.6 863.3 219.2 668.1 720.1 299.2 794.0 824.5 962.1 505.1 840.0 881.4 447.0 476.8 844.7 412.0 18.1 275.7 847.1 656.7 341.5 833.5 988.4 813.4 810.5 409.7 962.7 838.0 259.7 766.0 814.7 106.0 952.6 879.2 953.1 620.9 694.8 702.0 349.2 629.8 739.1 800.4 671.7 149.8 536.8 818.4 794.2 894.6 0.0 769.2 950.2 976.8 698.9 328.4 675.6 991.4 807.5 368.2 177.1 974.6 356.7 699.9 150.1 860.1 449.4 1008.5 783.6 756.8 794.8 651.3 22.5 920.2 104.4 1004.5 508.4 356.2 451.6 173.2 579.8 847.7 668.8 968.1 489.1 319.8 895.9 513.1 688.6 692.3 235.5 25.7 198.0 976.3 78.1 670.0 346.7 875.9 204.7 704.0 533.1 82.3 290.8
1391.8 655.4 605.6 764.1 28.9 598.4 669.7 322.3 388.7 221.8 548.7 442.4 596.6 134.7 729.4 434.3 624.7 453.9 514.1 741.4 490.9 132.9 277.8 765.7 746.2 843.0 81.4 247.5 487.1 331.8 745.3 457.2 401.8 861.2 683.8 40.8 294.7 537.0 193.3 331.4 411.3 251.5 64.9 431.5 516.7 571.5 498.6 652.7 602.1 351.3 140.7 501.4 794.9 141.9 53.4 235.3 211.2 741.8 281.0 315.7 479.0 145.8 549.1 521.4 592.6 111.8 616.3 401.7 638.6 637.0 249.0 759.5 451.9 305.3 368.0 667.2 337.1 755.5 498.1 624.1 218.0 567.1 508.4 663.3 383.9 735.0 684.0 648.5 631.0 566.7 687.4 703.0 770.8 638.4 565.0 628.0 191.4 392.8 95.1 459.9 405.3 148.7 719.9 357.5 660.3 247.7 737.9 480.0 815.8 737.3 0.0 625.1 651.7 623.4 517.6 361.4 701.1 378.0 524.8 663.0 649.5 419.7 142.3 644.8 676.4 340.6 712.8 469.4 442.6 658.3 337.1 714.7 595.1 761.3 679.4 299.8 452.3 301.5 669.2 315.2 533.5 92.7 643.0 380.3 529.8 695.3 404.3 122.6 306.0 503.5 763.1 606.9 686.0 669.1 257.1 621.0 561.7 629.9 78.7 343.9 819.7 498.0
1702.8 853.4 128.2 962.1 615.5 121.0 93.9 413.5 494.3 654.4 132.9 328.9 55.0 615.8 927.4 403.8 65.0 313.7 712.1 133.0 688.9 544.7 351.5 963.7 944.2 234.9 660.9 670.6 685.1 352.5 196.8 195.8 259.5 253.1 75.7 584.1 577.5 735.0 563.4 495.4 667.5 422.1 592.5 232.4 714.7 769.5 166.3 261.5 122.8 314.1 552.5 699.4 992.9 647.3 600.1 602.6 581.3 257.1 641.5 643.1 184.9 529.9 178.3 719.4 323.5 659.5 814.3 369.5 198.9 11.8 608.6 274.8 366.7 594.4 624.2 187.9 556.6 953.5 696.1 144.8 650.6 765.1 123.6 55.2 345.9 207.1 882.0 64.1 151.7 764.7 228.6 244.2 968.8 72.8 80.9 35.5 503.9 343.4 625.5 657.9 510.9 678.5 251.9 308.8 858.3 622.3 233.9 176.9 207.7 935.3 614.7 0.0 64.6 290.6 710.3 335.3 93.0 394.3 722.8 861.0 62.4 617.7 623.4 842.8 197.1 592.9 104.7 326.8 225.5 199.5 317.9 912.7 39.6 959.3 92.3 605.6 650.3 599.0 863.9 567.4 280.4 608.2 55.9 636.5 727.8 216.0 660.5 628.0 431.5 701.5 961.1 804.9 77.9 867.1 427.7 817.4 229.7 827.9 627.5 507.9 1017.7 696.0
1728.5 879.1 153.9 987.8 641.2 146.7 82.0 439.2 520.0 680.1 158.6 354.6 162.8 641.5 953.1 429.5 90.7 337.0 737.8 158.2 714.6 570.4 377.2 989.4 969.9 259.8 686.6 696.3 710.8 378.2 221.7 221.5 285.2 278.0 100.6 609.8 621.3 760.7 589.1 521.1 693.2 447.8 618.2 258.1 740.4 795.2 192.0 309.6 170.9 339.8 578.2 725.1 1018.6 673.0 629.7 628.3 607.0 282.0 667.2 665.8 210.6 555.6 204.0 745.1 371.6 685.2 840.0 395.2 247.0 95.6 634.3 299.7 392.4 620.1 649.9 236.0 585.1 979.2 721.8 192.9 676.3 790.8 149.3 80.8 371.6 232.0 907.7 54.1 199.8 790.4 276.7 292.3 994.5 62.8 106.6 132.8 529.6 369.1 651.2 683.6 536.6 704.2 276.8 334.5 884.0 648.0 258.8 198.1 232.6 961.0 640.4 83.7 0.0 338.7 741.3 361.0 53.0 420.0 748.5 886.7 95.2 643.4 649.1 868.5 245.2 622.5 129.6 352.5 251.2 247.6 343.6 938.4 65.3 985.0 27.7 631.3 676.0 624.7 892.9 593.1 306.1 633.9 65.9 662.2 753.5 264.1 686.2 653.7 457.2 727.2 986.8 830.6 68.1 892.8 453.4 844.7 255.4 853.6 653.2 533.6 1043.4 721.7
1469.3 640.5 326.6 818.6 602.3 319.4 350.5 407.3 634.8 621.3 331.3 475.3 221.1 550.8 731.9 519.3 294.2 451.8 719.8 372.6 739.9 537.1 501.0 768.2 748.7 257.5 619.9 637.1 739.5 502.0 156.5 342.2 421.6 275.7 288.8 558.1 620.8 713.8 519.4 635.9 737.4 570.6 604.2 378.8 642.4 660.1 312.7 29.2 205.8 454.6 544.9 704.7 797.4 606.3 615.7 561.4 537.3 123.3 607.1 641.8 331.3 531.8 324.7 712.7 32.8 618.5 704.9 486.7 125.5 279.7 575.1 141.0 513.1 631.4 694.1 145.7 699.9 758.0 751.2 148.1 617.5 717.1 270.0 294.5 468.9 146.2 669.1 320.7 139.0 635.3 67.0 115.7 773.3 329.4 279.3 252.5 459.9 477.8 560.5 754.8 651.4 637.5 101.4 478.8 736.6 573.8 119.4 318.8 230.3 739.8 588.7 294.6 321.2 0.0 685.3 482.7 327.1 463.0 717.0 687.8 307.8 744.3 558.4 669.6 161.1 666.7 344.0 467.3 371.9 95.8 458.4 717.2 264.6 763.8 348.9 625.9 761.8 627.6 694.0 641.3 426.8 567.2 312.5 706.4 673.7 196.9 730.4 587.0 572.0 721.9 765.6 631.7 312.0 699.9 576.2 616.5 376.1 654.7 562.5 648.4 822.2 696.4
1215.8 202.1 692.8 361.7 503.5 685.6 756.9 524.8 386.2 361.5 635.9 526.4 694.7 465.3 327.0 528.2 722.8 541.1 137.6 839.2 125.3 432.0 383.0 363.3 344.2 934.3 494.5 335.8 124.9 437.0 833.3 544.4 489.0 952.5 781.9 529.9 361.3 131.6 363.8 293.6 293.1 437.4 518.7 518.7 63.4 77.9 585.8 740.7 700.2 438.5 424.2 90.1 392.5 480.9 525.3 290.1 349.5 829.0 343.1 281.5 566.2 445.6 636.3 130.5 680.6 493.1 122.7 567.0 725.8 735.1 278.1 846.7 654.4 220.0 249.8 765.3 185.0 353.1 169.0 722.2 429.7 138.1 606.5 761.4 586.4 823.0 230.7 735.7 729.1 110.2 774.6 790.2 368.4 725.6 652.2 730.4 393.9 467.8 475.0 140.2 402.8 512.1 807.1 444.7 257.9 309.8 825.1 562.4 907.1 334.9 542.2 723.2 749.8 711.4 0.0 448.6 799.2 580.5 138.0 209.7 747.6 129.7 472.9 191.5 774.5 218.5 802.7 556.6 529.8 745.5 424.3 312.3 693.2 358.9 777.5 281.4 147.2 224.6 212.6 352.8 620.7 432.9 741.1 262.1 17.5 793.4 286.1 461.6 465.3 107.3 360.7 153.6 784.1 266.7 443.0 166.1 648.9 176.6 477.0 306.1 417.3 81.8
1439.0 581.6 262.8 690.3 395.5 255.6 326.9 159.7 222.5 390.6 205.9 96.4 287.8 344.0 655.6 150.0 302.8 182.9 440.3 429.6 417.1 280.9 123.9 691.9 672.4 531.2 436.9 398.8 413.3 177.9 493.1 114.4 59.0 549.4 372.0 320.3 323.8 463.2 299.6 223.6 395.7 158.3 328.7 88.7 442.9 497.7 155.8 432.0 293.3 60.3 288.7 427.6 721.1 383.5 340.2 330.8 317.5 453.5 369.7 368.3 136.2 266.1 206.3 447.6 494.0 395.7 542.5 137.0 367.6 315.1 336.8 471.2 241.3 322.6 352.4 358.4 287.6 681.7 424.3 315.3 386.8 493.3 199.6 351.5 227.6 476.4 610.2 305.7 322.2 492.9 399.1 414.7 697.0 295.6 222.2 319.2 240.1 89.6 353.7 386.1 239.1 414.7 431.6 14.7 586.5 350.5 449.6 137.2 504.0 663.5 350.9 303.2 329.8 461.1 443.8 0.0 389.3 161.8 451.0 589.2 337.7 345.9 351.6 571.0 367.6 325.0 401.0 198.4 99.8 370.0 33.0 640.9 273.2 687.5 357.5 333.8 378.5 327.2 595.4 295.6 190.7 344.4 331.2 364.7 456.0 386.5 388.7 364.2 159.7 429.7 689.3 533.1 374.2 595.3 163.9 547.2 218.9 556.1 355.7 236.1 745.9 424.2
1767.4 936.0 192.8 1026.7 680.1 185.6 104.8 478.1 558.9 719.0 197.5 395.8 109.7 680.4 992.0 468.4 129.6 375.9 776.7 105.1 753.5 609.3 416.1 1028.3 1008.8 206.7 725.5 735.2 749.7 417.1 168.6 260.4 321.7 224.9 47.5 648.7 660.2 799.6 628.0 560.0 732.1 486.7 657.1 297.0 779.3 834.1 230.9 301.0 173.5 378.7 617.1 764.0 1057.5 711.9 668.6 667.2 645.9 228.9 706.1 704.7 249.5 594.5 242.9 784.0 351.9 724.1 878.9 436.4 249.6 103.2 673.2 246.6 431.2 659.0 688.8 238.6 624.0 1018.1 760.7 195.5 715.2 829.7 188.2 27.7 423.6 178.9 964.6 75.0 202.4 829.3 268.1 294.9 1033.4 83.7 145.5 79.7 568.5 408.0 690.1 722.5 575.5 743.1 223.7 371.0 922.9 686.9 205.7 237.0 179.5 999.9 679.3 83.0 63.0 330.1 780.2 397.5 0.0 461.2 787.4 925.6 42.1 682.3 688.0 907.4 247.8 661.4 76.5 391.4 290.1 250.2 391.9 977.3 104.2 1023.9 35.3 670.2 714.9 663.6 931.8 632.0 345.0 672.8 49.0 701.1 792.4 266.7 725.1 692.6 496.1 766.1 1025.7 869.5 15.0 931.7 492.3 912.0 294.3 892.5 692.1 572.5 1082.3 760.6
1450.8 707.8 349.5 816.5 349.2 342.3 413.6 140.7 348.7 368.2 292.6 64.3 356.5 297.7 781.8 276.2 384.6 309.1 566.5 501.0 543.3 284.0 250.1 818.1 798.6 602.9 366.8 384.0 539.5 304.1 555.4 183.1 145.7 621.1 443.7 305.0 431.9 589.4 266.3 349.8 484.3 284.5 351.1 157.4 569.1 623.9 242.5 500.7 362.0 186.5 291.8 553.8 847.3 353.2 362.6 308.3 284.2 522.2 354.0 391.7 222.9 278.7 293.0 573.8 562.7 365.4 668.7 23.6 438.1 396.9 322.0 539.9 133.7 378.3 441.0 427.1 411.0 807.9 546.8 384.0 364.4 619.5 268.3 423.2 65.7 545.1 736.4 392.4 390.9 619.1 467.8 483.4 823.2 382.3 308.9 392.2 206.8 215.8 307.4 512.3 365.3 384.4 500.3 138.3 712.7 320.7 518.3 201.1 575.7 789.7 335.6 385.0 411.6 529.8 564.7 164.8 461.0 0.0 577.2 715.4 409.4 472.1 305.3 697.2 436.3 409.7 472.7 324.6 186.5 438.7 159.2 764.5 355.0 813.7 439.3 372.8 504.7 374.5 718.3 421.8 259.4 305.2 402.9 453.3 582.2 455.2 477.3 333.9 285.9 555.9 815.5 659.3 445.9 721.5 290.1 671.8 305.6 682.3 309.4 362.3 872.1 550.4
1256.6 256.2 680.7 402.5 491.4 673.5 744.8 512.7 374.1 349.4 623.8 514.3 682.6 453.2 367.8 516.1 710.7 529.0 152.5 827.4 32.9 419.9 370.9 404.1 384.6 929.0 482.4 323.7 192.4 424.9 850.1 532.3 476.9 947.2 769.8 522.8 344.7 190.4 351.7 281.5 281.0 425.3 506.6 506.6 83.6 172.3 573.7 795.4 688.1 426.4 412.1 78.1 433.3 468.8 513.2 278.0 337.4 816.9 331.0 266.4 554.1 433.5 624.2 159.8 734.7 481.0 217.1 554.9 713.7 723.0 266.0 834.6 642.3 207.9 237.7 753.2 172.9 393.9 227.8 710.1 417.6 71.6 594.4 749.3 574.3 839.8 284.8 723.6 717.0 167.5 762.5 778.1 409.2 713.5 640.1 714.0 381.8 455.7 462.9 62.5 390.7 500.0 795.0 432.6 298.7 297.7 813.0 555.1 901.8 375.7 530.1 711.1 737.7 765.5 154.0 436.5 787.1 568.4 0.0 263.8 735.5 99.5 460.8 245.6 762.4 210.3 798.8 544.5 517.7 733.4 412.2 353.1 681.1 399.7 765.4 269.3 69.5 212.5 270.0 340.7 608.6 429.7 729.0 250.0 166.2 781.3 274.0 449.5 453.2 141.9 401.5 207.7 772.0 307.5 430.9 221.8 636.8 230.7 464.9 294.0 458.1 86.4
1104.5 296.0 846.7 246.6 657.4 839.5 910.8 678.7 540.1 515.4 789.8 680.3 848.6 619.2 159.9 682.1 876.7 695.0 201.2 993.4 279.2 585.9 536.9 196.2 176.7 931.7 648.4 489.7 270.7 590.9 830.7 698.3 642.9 949.9 935.8 688.8 510.7 213.2 517.7 447.5 447.0 591.3 672.6 672.6 181.7 225.6 739.7 738.1 854.1 592.4 578.1 244.0 225.4 634.8 679.2 444.0 503.4 832.2 497.0 432.4 720.1 599.5 790.2 194.1 678.0 647.0 274.1 720.9 834.4 889.0 432.0 849.9 808.3 373.9 403.7 854.6 338.9 186.0 250.6 857.0 583.6 256.4 760.4 915.3 740.3 820.4 324.6 889.6 847.9 174.6 775.9 824.6 201.3 879.5 806.1 880.0 547.8 621.7 628.9 294.1 556.7 666.0 810.3 598.6 164.6 463.7 828.3 721.1 904.5 167.8 696.1 877.1 903.7 708.8 224.6 602.5 953.1 734.4 256.3 0.0 901.5 283.6 626.8 67.1 870.0 376.3 964.8 710.5 683.7 804.7 578.2 145.2 847.1 191.8 931.4 435.3 301.1 378.5 90.2 506.7 774.6 595.7 895.0 416.0 213.0 905.8 440.0 615.5 619.2 210.4 193.6 81.4 938.0 127.9 596.9 261.6 802.8 27.5 630.9 460.0 250.2 235.7
1725.2 875.8 150.6 984.5 637.9 143.4 62.6 435.9 516.7 676.8 155.3 353.6 74.6 638.2 949.8 426.2 87.4 333.7 734.5 91.8 711.3 567.1 373.9 986.1 966.6 193.4 683.3 693.0 707.5 374.9 155.3 218.2 279.5 211.6 34.2 606.5 618.0 757.4 585.8 517.8 689.9 444.5 614.9 254.8 737.1 791.9 188.7 277.1 138.4 336.5 574.9 721.8 1015.3 669.7 626.4 625.0 603.7 215.6 663.9 662.5 207.3 552.3 200.7 741.8 338.6 681.9 836.7 394.2 214.5 68.1 631.0 233.3 389.0 616.8 646.6 203.5 581.8 975.9 718.5 160.4 673.0 787.5 146.0 13.7 381.4 165.6 904.4 32.8 167.3 787.1 244.2 259.8 991.2 41.5 103.3 44.6 526.3 365.8 647.9 680.3 533.3 700.9 210.4 328.8 880.7 644.7 192.4 194.8 166.2 957.7 637.1 47.9 51.3 306.2 738.0 355.3 51.5 419.0 745.2 883.4 0.0 640.1 645.8 865.2 212.7 619.2 63.2 349.2 247.9 215.1 349.7 935.1 62.0 981.7 79.0 628.0 672.7 621.4 889.6 589.8 302.8 630.6 6.9 658.9 750.2 231.6 682.9 650.4 453.9 723.9 983.5 827.3 36.4 889.5 450.1 841.4 252.1 850.3 649.9 530.3 1040.1 718.4
1236.5 273.7 581.1 382.4 391.8 573.9 645.2 413.1 274.5 249.8 524.2 414.7 583.0 353.6 347.7 416.5 611.1 429.4 132.4 727.8 71.1 320.3 271.3 384.0 364.5 829.4 382.8 224.1 105.4 325.3 750.5 432.7 377.3 847.6 670.2 423.2 245.1 155.3 252.1 181.9 181.4 325.7 407.0 407.0 159.3 189.8 474.1 695.8 588.5 326.8 312.5 81.6 413.2 369.2 413.6 178.4 237.8 717.3 231.4 166.8 454.5 333.9 524.6 139.7 683.4 381.4 234.6 455.3 614.1 623.4 166.4 735.0 542.7 108.3 138.1 653.6 73.3 373.8 116.4 610.5 318.0 147.3 494.8 649.7 474.7 740.2 302.3 624.0 617.4 185.0 662.9 678.5 389.1 613.9 540.5 614.4 282.2 356.1 363.3 40.2 291.1 400.4 695.4 333.0 278.6 198.1 713.4 455.5 802.2 355.6 430.5 611.5 638.1 724.9 135.9 336.9 687.5 468.8 105.0 281.3 635.9 0.0 361.2 263.1 662.8 110.7 699.2 444.9 418.1 633.8 312.6 333.0 581.5 379.6 665.8 169.7 32.5 112.9 287.5 241.1 509.0 330.1 629.4 150.4 148.1 681.7 174.4 349.9 353.6 121.8 381.4 225.2 672.4 287.4 331.3 239.3 537.2 248.2 365.3 194.4 438.0 89.9
1348.0 598.5 561.8 707.2 91.2 554.6 625.9 247.3 313.7 167.6 504.9 367.4 552.8 6.7 672.5 359.3 580.9 410.1 457.2 697.6 434.0 57.9 234.0 708.8 689.3 771.3 132.6 193.3 430.2 288.0 670.3 413.4 358.0 789.5 640.0 113.7 237.8 480.1 136.4 256.4 354.4 207.7 93.1 387.7 459.8 514.6 454.8 577.7 558.3 307.5 65.7 444.5 738.0 160.5 104.6 178.4 154.3 671.8 224.1 258.8 435.2 72.6 505.3 464.5 517.6 163.0 559.4 326.7 594.8 593.2 192.1 689.5 376.9 248.4 311.1 623.4 280.2 698.6 441.2 580.3 163.8 510.2 464.6 619.5 308.9 660.0 627.1 604.7 587.2 509.8 615.5 659.2 713.9 594.6 521.2 584.2 116.4 317.8 49.4 403.0 330.3 191.7 649.9 313.7 603.4 190.8 667.9 436.2 744.1 680.4 129.9 581.3 607.9 548.4 460.7 317.6 657.3 303.0 467.9 606.1 605.7 362.8 0.0 587.9 632.6 283.7 669.0 425.6 398.8 614.5 293.3 657.8 551.3 704.4 635.6 242.9 395.4 244.6 612.3 258.3 489.7 121.4 599.2 323.4 472.9 651.5 347.4 141.2 262.2 446.6 706.2 550.0 642.2 612.2 213.3 564.1 517.9 573.0 51.4 268.9 762.8 441.1
1102.6 278.7 829.4 244.7 640.1 822.2 893.5 661.4 522.8 498.1 772.5 663.0 831.3 601.9 158.0 664.8 859.4 677.7 199.3 976.1 261.9 568.6 519.6 194.3 174.8 914.4 631.1 472.4 268.8 573.6 813.4 681.0 625.6 932.6 918.5 671.5 493.4 211.3 500.4 430.2 429.7 574.0 655.3 655.3 164.4 182.1 722.4 720.8 836.8 575.1 560.8 226.7 223.5 617.5 661.9 426.7 486.1 814.9 479.7 415.1 702.8 582.2 772.9 192.2 660.7 629.7 226.9 703.6 817.1 871.7 414.7 832.6 791.0 356.6 386.4 837.3 321.6 184.1 248.7 839.7 566.3 239.1 743.1 898.0 723.0 803.1 307.3 872.3 830.6 157.3 758.6 807.3 199.4 862.2 788.8 862.7 530.5 604.4 611.6 276.8 539.4 648.7 793.0 581.3 162.7 446.4 811.0 703.8 887.2 165.9 678.8 859.8 886.4 691.5 207.3 585.2 935.8 717.1 239.0 72.2 884.2 266.3 609.5 0.0 852.7 359.0 947.5 693.2 666.4 787.4 560.9 143.3 829.8 189.9 914.1 418.0 283.8 361.2 23.0 489.4 757.3 578.4 877.7 398.7 195.7 888.5 422.7 598.2 601.9 208.5 191.7 47.8 920.7 126.0 579.6 244.3 785.5 99.8 613.6 442.7 248.3 218.4
1625.7 796.9 229.5 1011.4 664.8 222.3 253.4 462.8 543.6 703.7 234.2 378.2 124.0 665.1 888.3 453.1 197.1 360.6 761.4 275.5 738.2 594.0 400.8 924.6 905.1 282.9 710.2 719.9 734.4 401.8 181.9 245.1 324.5 301.1 217.9 633.4 644.9 784.3 612.7 544.7 716.8 471.4 641.8 281.7 798.8 816.5 215.6 127.2 73.2 363.4 601.8 748.7 953.8 696.6 653.3 651.9 630.6 148.7 690.8 689.4 234.2 579.2 227.6 768.7 189.2 708.8 861.3 418.8 64.6 182.6 657.9 166.4 416.0 643.7 673.5 15.3 608.7 914.4 745.4 76.0 699.9 814.4 172.9 197.4 447.2 171.6 825.5 223.6 66.9 791.7 94.3 109.9 929.7 232.3 182.2 155.4 553.2 392.7 674.8 707.2 560.2 727.8 126.8 371.4 907.6 671.6 144.8 221.7 255.7 896.2 664.0 197.5 224.1 156.3 764.9 391.5 235.2 443.6 772.1 844.2 210.7 667.0 672.7 826.0 0.0 646.1 246.9 376.1 274.8 65.2 367.2 873.6 167.5 920.2 251.8 654.9 699.6 648.3 850.4 616.7 329.7 657.5 215.4 685.8 777.1 35.7 709.8 677.3 480.8 750.8 922.0 788.1 220.1 856.3 477.0 772.9 279.0 811.1 676.8 557.2 978.6 745.3
1309.3 346.5 576.0 455.2 332.8 573.1 644.4 354.1 273.7 190.8 523.4 413.9 582.2 294.6 416.2 415.7 610.3 431.0 205.2 722.4 182.0 261.3 266.2 456.8 437.7 824.3 323.8 165.1 178.2 320.2 749.7 431.9 376.5 846.8 669.4 359.2 186.3 228.1 193.1 181.1 74.5 314.7 348.0 406.2 207.8 258.3 473.3 695.0 587.7 326.0 249.2 192.5 486.0 305.9 355.6 119.4 178.8 716.5 172.4 82.3 449.4 274.9 523.8 212.5 624.4 322.4 307.4 433.5 609.0 622.6 107.4 734.2 483.7 49.3 27.3 648.5 31.0 442.3 185.5 609.7 259.0 258.2 489.7 648.9 415.7 739.4 375.1 623.2 616.6 257.8 657.8 677.7 457.6 613.1 539.7 613.6 218.9 355.3 304.3 151.0 290.3 341.4 694.6 332.2 347.1 139.1 712.6 449.9 801.4 428.4 371.5 610.7 637.3 655.2 203.4 336.1 686.7 409.8 215.9 354.1 635.1 110.8 302.2 335.9 662.0 0.0 684.9 444.1 417.3 633.0 307.5 403.2 580.7 452.4 665.0 110.7 143.4 49.6 357.0 182.1 503.9 262.2 628.6 39.6 220.9 680.9 63.6 290.9 352.8 194.6 449.9 298.0 671.6 360.2 320.3 306.2 536.4 321.0 306.3 205.6 510.8 189.1
1748.8 920.0 218.0 1045.3 698.7 204.2 123.4 496.7 577.5 737.6 216.1 414.4 128.3 699.0 1017.2 487.0 148.2 394.5 795.3 36.5 772.1 627.9 441.3 1046.9 1027.4 186.5 744.1 753.8 768.3 442.3 152.6 279.0 340.3 208.9 31.5 667.3 656.5 818.2 646.6 578.6 746.5 505.3 675.7 315.6 797.9 848.5 249.5 285.0 192.1 397.3 642.3 782.6 1076.1 737.1 687.2 685.8 664.5 212.9 724.7 722.1 274.7 613.1 261.5 802.6 335.9 738.5 897.5 455.0 264.0 121.8 698.4 230.6 456.4 677.6 707.4 257.2 642.6 1032.5 779.3 214.1 733.8 848.3 202.6 42.1 442.2 162.9 948.6 93.6 221.0 847.9 258.7 278.9 1058.6 102.3 164.1 98.3 593.7 426.6 708.7 741.1 594.1 761.7 207.7 389.6 937.3 705.5 189.7 255.9 163.5 1018.5 697.9 97.4 112.1 314.1 800.1 416.1 63.4 475.6 806.0 967.3 60.7 700.9 706.6 949.1 266.4 680.0 0.0 410.0 308.7 259.0 417.1 995.9 122.8 1042.5 105.4 688.8 733.5 688.8 966.0 650.6 359.4 691.4 67.6 719.7 811.0 285.3 743.7 711.2 514.7 784.7 1040.1 907.0 48.3 950.3 510.9 901.0 312.9 934.2 710.7 591.1 1100.9 779.2
1529.2 671.8 363.8 780.5 485.7 356.6 387.7 231.9 312.7 480.8 347.9 238.4 303.3 434.2 745.8 222.2 331.4 73.0 530.5 448.1 507.3 371.1 214.1 782.1 762.6 549.7 527.1 489.0 503.5 268.1 470.8 224.7 201.0 567.9 390.5 410.5 414.0 553.4 389.8 313.8 485.9 248.5 418.9 230.7 533.1 587.9 297.8 416.1 308.8 132.5 378.9 517.8 811.3 473.7 430.4 421.0 407.7 437.6 459.9 458.5 278.2 356.3 301.7 537.8 478.1 485.9 632.7 279.0 334.4 343.7 427.0 455.3 383.3 412.8 442.6 373.9 377.8 771.9 514.5 330.8 477.0 583.5 215.1 370.0 346.5 460.5 700.4 357.9 337.7 583.1 383.2 398.8 787.2 366.6 316.5 334.7 330.3 161.8 443.9 476.3 329.3 504.9 415.7 156.7 676.7 440.7 433.7 201.3 522.5 753.7 441.1 331.8 358.4 445.2 534.0 160.6 407.8 303.8 541.2 679.4 356.2 436.1 441.8 661.2 383.1 415.2 419.5 0.0 241.8 354.1 136.3 731.1 301.8 777.7 386.1 424.0 468.7 417.4 685.6 385.8 332.7 434.6 349.7 454.9 546.2 402.0 478.9 454.4 249.9 519.9 779.5 623.3 392.7 685.5 254.1 637.4 360.9 646.3 445.9 326.3 836.1 514.4
1525.8 668.4 180.6 777.1 482.3 173.4 244.7 246.5 309.3 477.4 123.7 123.7 196.3 430.8 742.4 236.8 220.6 269.7 527.1 347.4 503.9 367.7 210.7 778.7 759.2 449.0 523.7 485.6 500.1 264.7 395.2 161.7 49.6 467.2 289.8 407.1 410.6 550.0 386.4 310.4 482.5 245.1 415.5 136.0 529.7 584.5 55.9 340.5 201.8 147.1 375.5 514.4 807.9 470.3 427.0 417.6 404.3 362.0 456.5 455.1 36.3 352.9 106.4 534.4 402.5 482.5 629.3 164.3 277.9 232.9 423.6 379.7 141.1 409.4 439.2 266.9 374.4 768.5 511.1 223.8 473.6 580.1 120.0 269.3 177.2 384.9 697.0 223.5 230.7 579.7 307.6 323.2 783.8 213.4 140.0 227.7 326.9 176.4 440.5 472.9 325.9 501.5 340.1 98.9 673.3 437.3 358.1 168.8 421.8 750.3 437.7 221.0 247.6 369.6 530.6 125.4 307.1 189.1 537.8 676.0 255.5 432.7 438.4 657.8 276.1 411.8 318.8 285.2 0.0 278.5 119.8 727.7 191.0 774.3 275.3 420.6 465.3 414.0 682.2 382.4 238.0 431.2 249.0 451.5 542.8 295.0 475.5 451.0 246.5 516.5 776.1 619.9 292.0 682.1 250.7 634.0 119.0 642.9 442.5 322.9 832.7 511.0
1560.4 731.6 230.7 909.7 711.9 223.5 254.6 458.1 538.9 707.0 235.4 379.4 125.2 660.4 823.0 448.4 198.3 355.9 756.7 276.7 733.5 597.3 402.0 859.3 839.8 217.6 753.3 715.2 729.7 403.0 116.6 246.3 325.7 235.8 219.1 636.7 640.2 779.6 610.5 540.0 712.1 474.7 645.1 282.9 733.5 751.2 216.8 61.9 109.9 358.7 605.1 744.0 888.5 697.4 656.6 647.2 628.4 83.4 686.1 684.7 235.4 582.5 228.8 764.0 123.9 709.6 796.0 420.0 29.6 183.8 653.2 101.1 417.2 639.0 668.8 49.8 604.0 849.1 740.7 52.2 703.2 808.2 174.1 198.6 448.4 106.3 760.2 224.8 43.1 726.4 29.0 44.6 864.4 233.5 183.4 156.6 551.0 388.0 670.1 702.5 555.5 728.6 61.5 382.9 827.7 666.9 79.5 222.9 190.4 830.9 667.3 198.7 225.3 91.0 760.2 386.8 236.4 444.8 767.4 778.9 211.9 662.3 668.0 760.7 65.2 641.4 248.1 371.4 276.0 0.0 362.5 808.3 168.7 854.9 253.0 650.2 694.9 643.6 785.1 612.0 330.9 658.3 216.6 681.1 764.8 101.0 705.1 678.1 476.1 746.1 856.7 722.8 221.3 791.0 480.3 707.6 280.2 745.8 672.1 552.5 913.3 740.6
1405.9 548.5 268.4 657.2 362.4 261.2 332.5 126.6 189.4 357.5 211.5 102.0 293.4 310.9 622.5 116.9 308.4 152.2 407.2 434.9 384.0 247.8 90.8 658.8 639.7 536.8 403.8 365.7 380.2 144.8 470.9 120.0 64.6 555.0 377.6 292.2 272.6 430.1 266.5 190.5 362.6 125.2 295.6 94.3 409.8 464.6 161.4 416.2 298.9 27.2 255.6 394.5 688.0 350.4 307.1 297.7 284.4 437.7 336.6 338.2 141.8 233.0 211.9 414.5 478.2 362.6 509.4 142.6 334.5 320.7 303.7 455.4 246.9 289.5 319.3 364.0 251.7 648.6 387.5 320.9 353.7 460.2 205.2 357.1 233.2 460.6 577.1 311.3 327.8 459.8 383.3 398.9 663.9 301.2 227.8 329.1 207.0 56.5 320.6 353.0 206.0 381.6 415.8 20.3 553.4 317.4 433.8 138.0 509.6 630.4 317.8 308.8 335.4 445.3 405.4 24.2 394.9 167.4 417.9 556.1 343.3 312.8 318.5 537.9 373.2 288.0 393.1 165.3 105.4 354.2 0.0 605.2 278.8 654.4 363.1 300.7 345.4 294.1 559.0 262.5 196.3 302.4 336.8 331.6 422.9 392.1 355.6 331.1 126.6 396.6 656.2 500.0 379.8 562.2 130.8 512.5 224.5 523.0 322.6 203.0 712.8 391.1
1088.3 355.9 897.2 101.3 707.9 890.0 961.3 729.2 590.6 565.9 840.3 730.8 899.1 669.7 17.2 732.6 927.2 747.9 203.7 1011.6 311.7 636.4 584.8 86.2 67.1 896.6 698.9 540.2 273.2 641.4 798.2 748.8 693.4 917.4 930.5 734.3 563.1 215.7 568.2 498.0 497.5 641.8 723.1 723.1 244.2 225.5 790.2 705.6 870.4 642.9 626.0 276.5 80.1 682.7 730.7 494.5 553.9 799.7 547.5 483.3 768.0 650.0 840.7 196.6 645.5 697.5 276.6 771.4 801.9 939.5 482.5 817.4 856.2 424.4 454.2 819.5 386.6 40.7 256.7 824.5 634.1 318.9 808.3 963.2 790.8 787.9 387.1 940.1 815.4 237.1 740.8 792.1 88.7 930.0 856.6 934.8 595.7 672.2 679.4 326.6 607.2 716.5 777.8 649.1 124.6 514.2 795.8 764.2 872.0 22.5 746.6 925.0 954.2 676.3 300.5 653.0 968.8 784.9 345.6 154.5 952.0 334.1 677.3 127.5 837.5 422.9 972.4 761.0 734.2 772.2 626.1 0.0 897.6 81.8 979.3 485.8 333.6 426.4 144.7 557.2 825.1 637.3 945.5 466.5 297.2 873.3 490.5 666.0 669.7 212.9 48.3 172.8 953.7 55.5 647.4 322.5 850.7 182.1 681.4 510.5 104.9 268.2
1663.1 813.7 88.5 922.4 575.8 81.3 85.8 373.8 454.6 614.7 93.2 289.2 85.0 576.1 887.7 364.1 25.3 271.6 672.4 146.2 649.2 505.0 311.8 924.0 904.5 247.8 621.2 630.9 645.4 312.8 209.7 156.1 219.8 266.0 88.6 544.4 555.9 695.3 523.7 455.7 627.8 382.4 552.8 192.7 675.0 729.8 126.6 244.2 105.5 274.4 512.8 659.7 953.2 607.6 564.3 562.9 541.6 270.0 601.8 600.4 145.2 490.2 138.6 679.7 306.2 619.8 774.6 329.8 181.6 41.8 568.9 287.7 327.0 554.7 584.5 170.6 519.7 913.8 656.4 127.5 610.9 725.4 83.9 68.1 306.2 220.0 842.3 56.0 134.4 725.0 211.3 226.9 929.1 64.7 41.2 65.5 464.2 303.7 585.8 618.2 471.2 638.8 243.8 269.1 818.6 582.6 246.8 132.7 220.6 895.6 575.0 29.9 56.5 273.3 675.9 295.6 105.9 354.6 683.1 821.3 54.3 578.0 583.7 803.1 179.8 557.1 117.6 287.1 185.8 182.2 278.2 873.0 0.0 919.6 84.2 565.9 610.6 559.3 827.5 527.7 240.7 568.5 47.8 596.8 688.1 198.7 620.8 588.3 391.8 661.8 921.4 765.2 90.8 827.4 388.0 779.3 190.0 788.2 587.8 468.2 978.0 656.3
1138.9 409.1 947.8 54.7 758.5 940.6 1011.9 779.8 641.2 616.5 890.9 781.4 949.7 720.3 80.5 783.2 977.8 796.1 254.3 1065.1 362.3 687.0 638.0 4.4 13.4 949.8 749.5 590.8 323.8 692.0 848.8 799.4 744.0 968.0 981.1 789.9 611.8 266.3 618.8 548.6 548.1 692.4 773.7 773.7 294.8 278.7 840.8 756.2 921.0 693.5 679.2 327.1 102.0 735.9 780.3 545.1 604.5 850.3 598.1 533.5 821.2 700.6 891.3 247.2 696.1 748.1 327.2 822.0 852.5 990.1 533.1 868.0 909.4 475.0 504.8 872.7 440.0 106.6 303.7 875.1 684.7 369.5 861.5 1016.4 841.4 838.5 437.7 990.7 866.0 287.7 794.0 842.7 9.5 980.6 907.2 981.1 648.9 722.8 730.0 377.2 657.8 767.1 828.4 699.7 153.0 564.8 846.4 822.2 922.6 88.4 797.2 978.2 1004.8 726.9 356.4 703.6 1019.4 835.5 396.2 205.1 1002.6 384.7 727.9 178.1 888.1 477.4 1036.5 811.6 784.8 822.8 679.3 65.8 948.2 0.0 1032.5 536.4 384.2 479.6 201.2 607.8 875.7 696.8 996.1 517.1 347.8 923.9 541.1 716.6 720.3 263.5 114.2 226.0 1004.3 106.1 698.0 374.7 903.9 232.7 732.0 561.1 126.8 318.8
1756.2 906.8 181.6 1015.5 668.9 174.4 109.7 466.9 547.7 707.8 186.3 382.3 135.1 669.2 980.8 457.2 118.4 364.7 765.5 130.2 742.3 598.1 404.9 1017.1 997.6 232.1 714.3 724.0 738.5 405.9 194.0 249.2 312.9 250.3 72.9 642.5 630.9 788.4 616.8 548.8 720.9 475.5 645.9 285.8 768.1 822.9 219.7 326.4 198.9 367.5 605.9 752.8 1046.3 700.7 657.4 656.0 634.7 254.3 694.9 696.5 238.3 583.3 231.7 772.8 377.3 712.9 867.7 422.9 275.0 128.6 662.0 272.0 420.1 647.8 677.6 264.0 610.0 1006.9 745.8 220.9 704.0 818.5 177.0 53.1 399.3 204.3 935.4 81.8 227.8 818.1 293.5 320.3 1022.2 90.5 134.3 105.1 557.3 396.8 678.9 711.3 564.3 731.9 249.1 362.2 911.7 675.7 231.1 230.3 204.9 988.7 668.1 108.4 27.7 355.5 763.7 388.7 25.3 447.7 776.2 914.4 67.5 671.1 676.8 896.2 273.2 650.2 88.4 380.2 278.9 275.6 371.3 963.5 93.0 1012.7 0.0 659.0 703.7 652.4 917.3 620.8 333.8 652.7 74.4 689.9 781.2 292.1 713.9 681.4 484.9 754.9 1014.5 858.3 40.4 920.5 481.1 870.8 283.1 881.3 680.9 561.3 1071.1 749.4
1381.2 418.4 597.9 527.1 264.9 590.7 662.0 286.2 291.3 122.9 541.0 406.3 599.8 226.7 492.4 398.2 627.9 446.2 277.1 744.6 253.9 193.4 273.1 528.7 509.2 810.2 255.9 97.2 250.1 327.1 709.2 449.5 394.1 828.4 687.0 296.3 118.2 300.0 125.2 120.1 174.3 246.8 280.1 423.8 279.7 334.5 490.9 616.6 605.3 343.6 185.6 264.4 557.9 242.3 286.7 51.5 110.9 734.1 104.5 78.7 471.3 207.0 541.4 284.4 556.5 254.5 379.3 365.6 630.9 640.2 39.5 751.8 415.8 68.3 131.0 670.4 100.1 518.5 261.1 627.3 191.1 330.1 511.6 666.5 347.8 698.9 447.0 640.8 634.2 329.7 679.7 695.3 533.8 630.7 557.3 631.2 155.3 356.7 236.4 222.9 307.9 273.5 712.2 349.8 423.3 71.2 730.2 472.3 783.0 500.3 303.6 628.3 654.9 587.3 280.6 353.7 704.3 341.9 287.8 426.0 652.7 182.7 234.3 407.8 679.6 103.6 716.0 461.7 434.9 650.6 329.4 477.7 598.3 524.3 682.6 0.0 215.3 64.5 432.2 114.2 525.8 203.2 646.2 143.3 292.8 698.5 167.3 223.0 301.3 266.5 526.1 369.9 689.2 432.1 252.4 384.0 554.0 392.9 238.4 107.6 582.7 261.0
1227.5 282.7 611.1 373.4 421.8 603.9 675.2 443.1 304.5 279.8 554.2 444.7 613.0 383.6 338.7 446.5 641.1 459.4 123.4 757.8 38.5 350.3 301.3 375.0 355.5 859.4 412.8 254.1 135.4 355.3 780.5 462.7 407.3 877.6 700.2 453.2 275.1 161.3 282.1 211.9 211.4 355.7 437.0 437.0 126.7 193.7 504.1 725.8 618.5 356.8 342.5 49.0 404.2 399.2 443.6 208.4 267.8 747.3 261.4 196.8 484.5 363.9 554.6 130.7 713.4 411.4 242.2 485.3 644.1 653.4 196.4 765.0 572.7 138.3 168.1 683.6 103.3 364.8 146.4 640.5 348.0 114.7 524.8 679.7 504.7 770.2 311.3 654.0 647.4 194.0 692.9 708.5 380.1 643.9 570.5 644.4 312.2 386.1 393.3 7.6 321.1 430.4 725.4 363.0 269.6 228.1 743.4 485.5 832.2 346.6 460.5 641.5 668.1 754.9 144.9 366.9 717.5 498.8 72.4 290.3 665.9 30.0 391.2 272.1 692.8 140.7 729.2 474.9 448.1 663.8 342.6 324.0 611.5 370.6 695.8 199.7 0.0 142.9 296.5 271.1 539.0 360.1 659.4 180.4 157.1 711.7 204.4 379.9 383.6 112.8 372.4 234.2 702.4 278.4 361.3 248.3 567.2 257.2 395.3 224.4 429.0 57.3
1316.6 353.8 587.6 462.5 278.8 580.4 651.7 300.1 281.0 136.8 530.7 420.2 589.5 240.6 427.8 412.1 617.6 435.9 212.5 734.0 189.3 207.3 287.0 464.1 444.6 835.9 269.8 111.1 185.5 341.0 723.1 439.2 383.8 854.1 676.7 305.2 136.6 235.4 139.1 164.1 109.7 260.7 294.0 413.5 215.1 269.9 480.6 630.5 595.0 333.3 199.5 199.8 493.3 256.2 300.6 65.4 124.8 723.8 118.4 56.8 461.0 220.9 531.1 219.8 570.4 268.4 314.7 379.5 620.6 629.9 53.4 741.5 429.7 3.8 66.4 660.1 35.5 453.9 192.8 617.0 205.0 265.5 501.3 656.2 361.7 712.8 382.4 630.5 623.9 265.1 669.4 685.0 469.2 620.4 547.0 625.2 169.2 370.6 250.3 158.3 297.6 287.4 701.9 339.5 358.7 85.1 719.9 457.2 808.7 435.7 317.5 618.0 644.6 601.2 210.7 343.4 694.0 355.8 223.2 361.4 642.4 118.1 248.2 343.2 669.3 35.1 705.7 451.4 424.6 640.3 319.1 410.5 588.0 459.7 672.3 56.7 150.7 0.0 364.3 128.1 515.5 208.2 635.9 78.7 228.2 688.2 102.7 236.9 315.2 201.9 461.5 305.3 678.9 367.5 266.3 317.8 543.7 328.3 252.3 151.6 518.1 196.4
1121.5 278.9 829.6 263.6 640.3 822.4 893.7 661.6 523.0 498.3 772.7 663.2 831.5 602.1 176.9 665.0 859.6 680.3 218.2 976.0 262.1 568.8 519.8 213.2 193.7 914.6 631.3 472.6 287.7 573.8 813.6 681.2 625.8 932.8 918.7 666.7 498.1 230.2 500.6 430.4 429.9 574.2 655.5 655.5 164.6 182.3 722.6 721.0 837.0 575.3 561.0 226.9 242.4 617.7 662.1 426.9 486.3 815.1 479.9 418.3 703.0 582.4 773.1 211.1 660.9 629.9 227.1 703.8 817.3 871.9 414.9 832.8 791.2 356.8 386.6 837.5 321.8 203.0 267.6 839.9 566.5 239.3 743.3 898.2 723.2 803.3 307.5 872.5 830.8 157.5 758.8 807.5 218.3 862.4 789.0 862.9 530.7 604.6 611.8 277.0 539.6 648.9 793.2 581.5 181.6 446.6 811.2 699.2 887.4 184.8 679.0 860.0 886.6 691.7 212.6 585.4 936.0 717.3 239.2 91.1 884.4 266.5 609.7 18.8 852.9 355.3 934.2 693.4 666.6 787.6 561.1 162.2 830.0 208.8 914.3 418.2 284.0 361.4 0.0 489.6 757.5 569.7 877.9 398.9 195.9 888.7 422.9 598.4 602.1 227.4 210.6 48.0 920.9 144.9 579.8 242.9 785.7 107.3 613.8 442.9 267.2 218.6
1444.1 481.3 570.8 590.0 282.3 563.6 634.9 303.6 264.2 162.6 513.9 404.4 572.7 244.1 555.3 415.6 600.8 419.1 340.0 717.5 316.8 210.8 261.0 591.6 572.1 819.1 273.3 136.9 313.0 315.0 740.2 422.4 367.0 837.3 659.9 313.7 28.1 362.9 142.6 93.0 237.2 264.2 297.5 396.7 342.6 397.4 463.8 634.0 578.2 316.5 203.0 327.3 620.8 259.7 304.1 68.9 128.3 707.0 74.0 141.6 444.2 224.4 514.3 347.3 573.9 271.9 442.2 383.0 603.8 613.1 74.9 724.7 433.2 131.2 193.9 643.3 163.0 581.4 324.0 600.2 208.5 393.0 484.5 639.4 365.2 729.9 509.9 613.7 607.1 392.6 652.6 668.2 596.7 603.6 530.2 604.1 172.7 345.8 253.8 285.8 280.8 290.9 685.1 322.7 486.2 74.9 703.1 445.2 791.9 563.2 321.0 601.2 627.8 604.7 343.5 326.6 677.2 359.3 350.7 488.9 625.6 245.6 251.7 470.7 652.5 166.5 688.9 434.6 407.8 623.5 302.3 540.6 571.2 587.2 655.5 142.3 278.2 127.4 495.1 0.0 498.7 220.6 619.1 206.2 355.7 671.4 230.2 240.4 318.7 329.4 589.0 432.8 662.1 495.0 269.8 446.9 526.9 455.8 255.8 80.5 645.6 323.9
1583.5 726.1 332.0 834.8 540.0 324.8 326.4 304.2 367.0 535.1 275.1 163.4 242.0 488.5 800.1 294.5 270.1 258.9 584.8 386.5 561.6 425.4 299.1 836.4 816.9 488.4 581.4 543.3 557.8 300.1 440.9 68.6 128.2 506.6 329.2 464.8 450.2 607.7 444.1 368.1 540.2 302.8 473.2 66.9 587.4 642.2 225.0 386.2 247.5 204.8 433.2 572.1 865.6 528.0 480.8 475.3 462.0 407.7 514.2 515.8 205.4 410.6 240.4 592.1 448.2 540.2 687.0 204.0 323.6 282.4 481.3 425.4 310.5 467.1 496.9 312.6 432.1 826.2 568.8 269.5 531.3 637.8 153.8 308.7 294.6 430.6 754.7 296.6 276.4 637.4 353.3 368.9 841.5 305.3 255.2 273.4 384.6 234.1 498.2 530.6 383.6 559.2 385.8 156.6 731.0 495.0 403.8 86.6 461.2 808.0 495.4 270.5 297.1 415.3 583.0 183.1 346.5 228.8 595.5 733.7 294.9 490.4 496.1 715.5 321.8 465.6 358.2 274.4 169.0 324.2 177.5 785.4 240.5 832.0 324.8 478.3 523.0 471.7 736.6 440.1 0.0 488.9 288.4 509.2 600.5 340.7 533.2 508.7 304.2 574.2 833.8 677.6 331.4 739.8 308.4 690.1 288.1 700.6 500.2 380.6 890.4 568.7
1364.0 553.7 596.8 671.3 61.6 598.5 641.9 251.3 347.7 129.0 548.8 371.4 568.8 125.6 627.7 363.3 596.9 428.5 421.3 713.3 398.1 75.0 241.1 672.9 653.8 766.4 52.6 154.7 394.3 304.0 674.3 429.4 374.0 793.5 656.0 88.0 197.5 444.2 100.5 272.2 309.6 223.7 94.9 403.7 423.9 469.8 470.8 581.7 574.3 323.5 58.3 408.6 702.1 40.2 87.3 142.5 118.4 675.8 188.2 225.9 442.3 88.6 521.3 428.6 521.6 91.9 523.5 330.7 601.9 609.2 147.3 693.5 372.0 212.5 275.2 630.5 247.1 653.8 401.6 596.3 125.2 474.3 480.6 626.6 312.9 664.0 591.2 620.7 603.2 473.9 610.6 668.2 669.1 610.6 565.1 604.5 120.4 321.8 119.0 367.1 364.3 70.2 653.9 329.7 558.6 154.9 671.9 438.5 748.1 644.5 100.3 588.4 623.9 552.4 410.6 333.6 673.3 298.1 432.0 570.2 621.7 326.9 133.2 552.0 648.6 243.9 671.5 441.6 414.8 630.5 300.4 619.3 567.3 668.5 642.7 207.0 359.5 208.7 564.2 222.4 496.8 0.0 615.2 287.5 437.0 667.5 311.5 29.8 278.2 410.7 661.4 505.2 658.2 576.3 229.3 517.7 525.0 537.1 80.3 259.7 726.9 405.2
1718.3 868.9 143.7 977.6 631.0 136.5 55.7 429.0 509.8 669.9 148.4 346.7 81.1 631.3 942.9 419.3 80.5 326.8 727.6 98.3 704.4 560.2 367.0 979.2 959.7 199.9 676.4 686.1 700.6 368.0 161.8 211.3 272.6 218.1 40.7 599.6 611.1 750.5 578.9 510.9 683.0 437.6 608.0 247.9 730.2 785.0 181.8 283.6 144.9 329.6 568.0 714.9 1008.4 662.8 619.5 618.1 596.8 222.1 657.0 655.6 200.4 545.4 193.8 734.9 345.1 675.0 829.8 387.3 221.0 74.6 624.1 239.8 382.1 609.9 639.7 210.0 574.9 969.0 711.6 166.9 666.1 780.6 139.1 20.2 374.5 172.1 897.5 25.9 173.8 780.2 250.7 266.3 984.3 34.6 96.4 51.1 519.4 358.9 641.0 673.4 526.4 694.0 216.9 321.9 873.8 637.8 198.9 187.9 172.7 950.8 630.2 54.4 44.4 312.7 731.1 348.4 58.0 412.1 738.3 876.5 6.4 633.2 638.9 858.3 219.2 612.3 69.7 342.3 241.0 221.6 342.8 928.2 55.1 974.8 72.1 621.1 665.8 614.5 882.7 582.9 295.9 623.7 0.0 652.0 743.3 238.1 676.0 643.5 447.0 717.0 976.6 820.4 42.9 882.6 443.2 834.5 245.2 843.4 643.0 523.4 1033.2 711.5
1363.4 400.6 634.4 509.3 338.3 627.2 698.5 359.6 327.8 196.3 577.5 468.0 636.3 300.1 474.6 469.8 664.4 482.7 259.3 781.1 236.1 266.8 324.6 510.9 491.4 882.7 329.3 170.6 232.3 378.6 803.8 486.0 430.6 900.9 723.5 369.7 191.6 282.2 198.6 205.6 96.3 320.2 353.5 460.3 261.9 316.7 527.4 690.0 641.8 380.1 259.0 246.6 540.1 315.7 360.1 124.9 184.3 770.6 177.9 44.7 507.8 280.4 577.9 266.6 629.9 327.9 361.5 439.0 667.4 676.7 112.9 788.3 489.2 82.9 17.8 706.9 82.3 500.7 243.3 663.8 264.5 312.3 548.1 703.0 421.2 793.5 429.2 677.3 670.7 311.9 716.2 731.8 516.0 667.2 593.8 667.7 228.7 409.4 309.8 205.1 344.4 346.9 748.7 386.3 405.5 144.6 766.7 508.8 855.5 482.5 377.0 664.8 691.4 660.7 262.8 390.2 740.8 415.3 270.0 408.2 689.2 164.9 307.7 390.0 716.1 54.0 752.5 498.2 471.4 687.1 365.9 459.9 634.8 506.5 719.1 116.2 197.5 79.1 414.4 187.6 562.3 276.6 682.7 0.0 275.0 735.0 89.3 296.4 374.7 248.7 508.3 352.1 725.7 414.3 325.8 366.2 590.5 375.1 311.8 193.1 564.9 243.2
1198.3 218.8 709.5 344.2 520.2 702.3 773.6 541.5 402.9 378.2 652.6 543.1 711.4 482.0 309.5 544.9 739.5 557.8 120.1 856.2 142.0 448.7 399.7 345.8 326.3 931.6 511.2 352.5 141.6 453.7 830.6 561.1 505.7 949.8 798.6 551.6 373.5 114.1 380.5 310.3 309.8 454.1 535.4 535.4 80.1 60.4 602.5 738.0 716.9 455.2 440.9 106.8 375.0 497.6 542.0 306.8 366.2 845.7 359.8 295.2 582.9 462.3 653.0 113.0 677.9 509.8 105.2 583.7 742.5 751.8 294.8 863.4 671.1 236.7 266.5 782.0 201.7 335.6 151.5 738.9 446.4 154.8 623.2 778.1 603.1 820.3 247.4 752.4 745.8 92.7 775.8 806.9 350.9 742.3 668.9 742.8 410.6 484.5 491.7 156.9 419.5 528.8 823.8 461.4 240.4 326.5 841.8 583.9 904.4 317.4 558.9 739.9 766.5 708.7 11.6 465.3 815.9 597.2 154.7 207.0 764.3 146.4 489.6 188.8 791.2 239.1 827.6 573.3 546.5 762.2 441.0 294.8 709.9 341.4 794.2 298.1 163.9 241.3 213.2 369.5 637.4 458.5 757.8 278.8 0.0 810.1 302.8 478.3 482.0 129.3 343.2 150.9 800.8 249.2 459.7 184.4 665.6 173.9 493.7 322.8 399.8 98.5
1672.6 843.8 239.5 1021.4 674.8 232.3 263.4 472.8 553.6 713.7 244.2 388.2 134.0 675.1 986.7 463.1 207.1 370.6 771.4 285.5 748.2 604.0 410.8 1023.0 1003.5 329.8 720.2 729.9 744.4 411.8 228.8 255.1 334.5 348.0 227.9 643.4 654.9 794.3 622.7 554.7 726.8 481.4 651.8 291.7 774.0 828.8 225.6 174.1 83.2 373.4 611.8 758.7 1052.2 706.6 663.3 661.9 640.6 195.6 700.8 699.4 244.2 589.2 237.6 778.7 236.1 718.8 873.6 428.8 111.5 192.6 667.9 213.3 426.0 653.7 683.5 62.2 618.7 1012.8 755.4 86.0 709.9 824.4 182.9 207.4 457.2 218.5 872.4 233.6 92.9 838.6 141.2 156.8 1028.1 242.3 192.2 165.4 563.2 402.7 684.8 717.2 570.2 737.8 173.7 381.4 917.6 681.6 191.7 231.7 302.6 994.6 674.0 207.5 234.1 203.2 774.9 401.5 245.2 453.6 782.1 891.1 220.7 677.0 682.7 872.9 46.8 656.1 256.9 386.1 284.8 112.1 377.2 972.0 177.5 1018.6 261.8 664.9 709.6 658.3 897.3 626.7 339.7 667.5 225.4 695.8 787.1 0.0 719.8 687.3 490.8 760.8 1020.4 835.0 230.1 926.4 487.0 819.8 289.0 858.0 686.8 567.2 1077.0 755.3
1346.9 384.1 617.9 492.8 370.4 610.7 682.0 391.7 311.3 228.4 561.0 451.5 619.8 332.2 458.1 453.3 647.9 466.2 242.8 764.6 219.6 298.9 308.1 494.4 474.9 866.2 361.4 202.7 215.8 362.1 787.3 469.5 414.1 884.4 707.0 401.8 223.7 265.7 230.7 218.7 7.0 352.3 385.6 443.8 245.4 300.2 510.9 732.6 625.3 363.6 291.1 230.1 523.6 347.8 392.2 157.0 216.4 754.1 210.0 113.6 491.3 312.5 561.4 250.1 662.0 360.0 345.0 471.1 650.9 660.2 145.0 771.8 521.3 86.9 56.5 690.4 65.8 484.2 226.8 647.3 296.6 295.8 531.6 686.5 453.3 777.0 412.7 660.8 654.2 295.4 699.7 715.3 499.5 650.7 577.3 651.2 260.8 392.9 341.9 188.6 327.9 379.0 732.2 369.8 389.0 176.7 750.2 492.3 839.0 466.0 409.1 648.3 674.9 692.8 246.3 373.7 724.3 447.4 253.5 391.7 672.7 148.4 339.8 373.5 699.6 37.5 736.0 481.7 454.9 670.6 349.4 443.4 618.3 490.0 702.6 148.3 181.0 91.5 397.9 219.7 545.8 308.7 666.2 68.8 258.5 718.5 0.0 328.5 390.4 232.2 491.8 335.6 709.2 397.8 357.9 349.7 574.0 358.6 343.9 243.2 548.4 226.7
1372.2 570.8 613.9 679.5 99.9 606.7 650.1 259.5 355.9 137.2 557.0 379.6 577.0 133.8 644.8 371.5 605.1 434.3 429.5 721.8 406.3 83.2 258.2 681.1 661.6 783.5 90.9 162.9 402.5 312.2 682.5 437.6 382.2 801.7 664.2 131.3 210.1 452.4 108.7 280.4 326.7 231.9 133.2 411.9 432.1 486.9 479.0 589.9 582.5 331.7 75.4 416.8 710.3 19.2 121.7 150.7 126.6 684.0 196.4 231.1 459.4 96.8 529.5 436.8 529.8 113.9 531.7 338.9 619.0 617.4 164.4 701.7 389.1 220.7 283.4 647.6 252.5 670.9 413.5 604.5 133.4 482.5 488.8 643.7 321.1 672.2 599.4 628.9 611.4 482.1 627.7 676.4 686.2 618.8 573.3 608.4 128.6 330.0 143.5 375.3 372.5 108.5 662.1 337.9 575.7 163.1 680.1 460.4 756.3 652.7 138.6 605.5 632.1 560.6 433.0 341.8 681.5 315.2 440.2 578.4 629.9 335.1 141.4 560.2 656.8 256.0 693.2 449.8 423.0 638.7 317.5 630.1 575.5 676.7 659.8 215.2 367.7 216.9 584.6 230.6 513.9 38.2 623.4 295.7 445.2 675.7 319.7 0.0 286.4 418.9 678.5 522.3 666.4 584.5 237.5 536.4 542.1 545.3 118.6 267.9 735.1 413.4
1370.2 579.3 404.9 688.0 282.9 397.7 469.0 221.6 220.2 321.8 348.0 238.5 406.8 243.8 653.3 240.3 434.9 253.2 438.0 551.6 414.8 212.1 92.3 689.6 670.1 653.2 328.3 347.5 411.0 146.3 574.3 256.5 201.1 671.4 494.0 251.5 321.5 460.9 230.8 221.3 393.4 89.5 259.9 230.8 440.6 495.4 297.9 519.6 412.3 150.6 219.9 425.3 718.8 314.7 271.4 272.8 248.7 541.1 367.4 366.0 278.3 197.3 348.4 445.3 491.9 326.9 540.2 279.1 437.9 447.2 286.5 558.8 351.2 320.3 350.1 477.4 285.3 679.4 422.0 434.3 318.0 491.0 318.6 473.5 283.2 564.0 607.9 447.8 441.2 490.6 486.7 502.3 694.7 437.7 364.3 438.2 171.3 179.9 253.5 383.8 236.8 345.9 519.2 156.8 584.2 285.2 537.2 279.3 626.0 661.2 282.1 435.3 461.9 548.7 441.5 160.7 511.3 277.3 448.7 586.9 459.7 343.6 251.4 568.7 486.6 322.7 523.0 268.7 241.9 457.6 136.4 638.6 405.3 685.2 489.6 331.5 376.2 324.9 593.1 293.3 332.8 275.6 453.2 362.4 453.7 505.5 386.4 295.4 0.0 427.4 687.0 530.8 496.2 593.0 95.1 544.9 361.0 553.8 255.5 233.8 743.6 421.9
1113.5 229.5 683.1 259.4 493.8 675.9 747.2 515.1 376.5 351.8 626.2 516.7 685.0 455.6 224.7 518.5 713.1 531.4 9.4 829.8 97.6 422.3 373.3 261.0 241.5 931.4 484.8 326.1 45.2 427.3 852.5 534.7 479.3 949.6 772.2 525.2 347.1 47.3 354.1 283.9 283.4 427.7 509.0 509.0 90.8 79.7 576.1 768.1 690.5 428.8 414.5 62.4 290.2 471.2 515.6 280.4 339.8 819.3 333.4 268.8 556.5 435.9 626.6 16.7 708.0 483.4 128.2 557.3 716.1 725.4 268.4 837.0 644.7 210.3 240.1 755.6 175.3 250.8 84.7 712.5 420.0 173.8 596.8 751.7 576.7 842.2 258.1 726.0 719.4 147.5 764.9 780.5 266.1 715.9 642.5 716.4 384.2 458.1 465.3 112.5 393.1 502.4 797.4 435.0 155.6 300.1 815.4 557.5 904.2 232.6 532.5 713.5 740.1 738.8 91.7 438.9 789.5 570.8 131.5 237.1 737.9 120.0 463.2 218.9 764.8 212.7 801.2 546.9 520.1 735.8 414.6 210.0 683.5 256.6 767.8 271.7 119.5 214.9 243.3 343.1 611.0 432.1 731.4 252.4 103.9 783.7 276.4 451.9 455.6 0.0 258.4 181.0 774.4 164.4 433.3 195.1 639.2 204.0 467.3 296.4 315.0 54.1
1136.7 406.9 945.6 52.9 756.3 938.4 1009.7 777.6 639.0 614.3 888.7 779.2 947.5 718.1 33.6 781.0 975.6 793.9 252.1 1062.6 360.1 684.8 635.8 84.7 101.8 947.6 747.3 588.6 321.6 689.8 846.6 797.2 741.8 965.8 978.9 787.7 614.1 264.1 616.6 546.4 545.9 690.2 771.5 771.5 292.6 276.5 838.6 754.0 918.8 691.3 677.0 324.9 31.7 733.7 778.1 542.9 602.3 848.1 595.9 534.3 819.0 698.4 889.1 245.0 693.9 745.9 325.0 819.8 850.3 987.9 530.9 865.8 907.2 472.8 502.6 870.5 435.0 7.6 305.1 872.9 682.5 367.3 859.3 1014.2 839.2 836.3 435.5 988.5 863.8 285.5 791.8 840.5 80.2 978.4 905.0 978.9 646.7 720.6 727.8 375.0 655.6 764.9 826.2 697.5 151.2 562.6 844.2 815.2 920.4 25.7 795.0 976.0 1002.6 724.7 348.9 701.4 1017.2 833.3 394.0 202.9 1000.4 382.5 725.7 175.9 885.9 475.2 1034.3 809.4 782.6 820.6 677.1 48.3 946.0 88.6 1030.3 534.2 382.0 477.4 195.7 605.6 873.5 685.7 993.9 514.9 345.6 921.7 538.9 714.4 718.1 261.3 0.0 223.8 1002.1 103.9 695.8 370.9 901.7 230.5 729.8 558.9 56.5 316.6
1140.5 230.8 781.5 282.6 592.2 774.3 845.6 613.5 474.9 450.2 724.6 615.1 783.4 554.0 195.9 616.9 811.5 632.2 193.9 927.9 214.0 520.7 471.7 232.2 212.7 866.5 583.2 424.5 213.6 525.7 765.5 633.1 577.7 884.7 870.6 618.6 450.0 187.9 452.5 382.3 381.8 526.1 607.4 607.4 116.5 134.2 674.5 672.9 788.9 527.2 512.9 178.8 261.4 569.6 614.0 378.8 438.2 767.0 431.8 370.2 654.9 534.3 725.0 186.8 612.8 581.8 179.0 655.7 769.2 823.8 366.8 784.7 743.1 308.7 338.5 789.4 273.7 222.0 225.3 791.8 518.4 191.2 695.2 850.1 675.1 755.2 259.4 824.4 782.7 109.4 710.7 759.4 237.3 814.3 740.9 819.1 482.6 556.5 563.7 228.9 491.5 600.8 745.1 533.4 200.6 398.5 763.1 651.1 839.3 203.8 630.9 811.9 838.5 643.6 164.5 537.3 887.9 669.2 191.1 92.3 836.3 218.4 561.6 37.8 804.8 307.2 891.4 645.3 618.5 739.5 513.0 178.6 781.9 227.8 866.2 370.1 235.9 313.3 58.9 441.5 709.4 521.6 829.8 350.8 147.8 840.6 374.8 550.3 554.0 196.0 229.6 0.0 872.8 163.9 531.7 194.8 737.6 59.2 565.7 394.8 286.2 170.5
1752.3 920.9 177.7 1011.6 665.0 170.5 89.7 463.0 543.8 703.9 182.4 380.7 94.6 665.3 976.9 453.3 114.5 360.8 761.6 90.0 738.4 594.2 401.0 1013.2 993.7 191.6 710.4 720.1 734.6 402.0 153.5 245.3 306.6 209.8 32.4 633.6 645.1 784.5 612.9 544.9 717.0 471.6 642.0 281.9 764.2 819.0 215.8 285.9 158.4 363.6 602.0 748.9 1042.4 696.8 653.5 652.1 630.8 213.8 691.0 689.6 234.4 579.4 227.8 768.9 336.8 709.0 863.8 421.3 234.5 88.1 658.1 231.5 416.1 643.9 673.7 223.5 608.9 1003.0 745.6 180.4 700.1 814.6 173.1 12.6 408.5 163.8 949.5 59.9 187.3 814.2 253.0 279.8 1018.3 68.6 130.4 64.6 553.4 392.9 675.0 707.4 560.4 728.0 208.6 355.9 907.8 671.8 190.6 221.9 164.4 984.8 664.2 67.9 78.1 315.0 765.1 382.4 15.0 446.1 772.3 910.5 27.0 667.2 672.9 892.3 232.7 646.3 61.4 376.3 275.0 235.1 376.8 962.2 89.1 1008.8 50.4 655.1 699.8 648.5 916.7 616.9 329.9 657.7 33.9 686.0 777.3 251.6 710.0 677.5 481.0 751.0 1010.6 854.4 0.0 916.6 477.2 896.9 279.2 877.4 677.0 557.4 1067.2 745.5
1069.4 379.7 841.6 146.9 652.3 834.4 905.7 673.6 535.0 510.3 784.7 675.2 843.5 614.1 60.2 677.0 871.6 689.9 148.1 988.3 256.1 580.8 531.8 96.5 77.0 891.9 643.3 484.6 217.6 585.8 790.9 693.2 637.8 910.1 930.7 683.7 505.6 160.1 512.6 442.4 441.9 586.2 667.5 667.5 249.3 172.5 734.6 698.3 849.0 587.3 573.0 220.9 125.7 629.7 674.1 438.9 498.3 792.4 491.9 427.3 715.0 594.4 785.1 141.0 638.2 641.9 221.0 715.8 794.6 883.9 426.9 810.1 803.2 368.8 398.6 814.8 333.8 86.3 197.5 817.2 578.5 332.3 755.3 910.2 735.2 780.6 408.3 884.5 808.1 240.3 736.1 784.8 101.6 874.4 801.0 874.9 542.7 616.6 623.8 271.0 551.6 660.9 770.5 593.5 71.6 458.6 788.5 716.0 864.7 68.1 691.0 872.0 898.6 669.0 250.2 597.4 948.0 729.3 290.0 147.2 896.4 278.5 621.7 120.2 830.2 371.2 959.7 705.4 678.6 764.9 573.1 45.5 842.0 92.1 926.3 430.2 278.0 373.4 143.3 501.6 769.5 590.6 889.9 410.9 241.6 866.0 434.9 610.4 614.1 157.3 93.9 168.1 932.9 0.0 591.8 345.3 797.7 174.8 625.8 454.9 150.5 212.6
1275.0 597.7 480.8 706.4 187.7 473.6 552.3 126.4 255.5 226.6 423.9 246.5 521.3 148.6 671.7 238.4 520.8 367.7 456.4 637.5 433.2 116.9 138.9 708.0 688.5 650.4 233.1 252.3 429.4 192.9 549.4 365.3 327.9 668.6 579.9 156.3 237.0 479.3 135.6 273.6 353.6 112.6 164.7 339.6 459.0 513.8 413.4 456.8 526.8 229.4 124.7 443.7 737.2 219.5 176.2 177.6 153.5 550.9 223.3 258.0 393.8 102.1 463.9 463.7 396.7 231.7 558.6 205.8 552.4 533.1 191.3 568.6 256.0 247.6 310.3 591.9 279.4 697.8 440.4 548.8 222.8 509.4 433.1 559.4 188.0 539.1 626.3 531.1 555.7 509.0 494.6 543.3 713.1 521.0 440.2 552.7 76.1 196.9 158.3 402.2 272.1 250.7 529.0 289.3 602.6 190.0 547.0 388.1 623.2 679.6 186.9 521.2 547.8 427.5 459.9 293.2 597.2 182.1 467.1 605.3 545.6 362.0 156.2 587.1 601.1 282.9 608.9 383.2 357.4 523.4 268.9 657.0 491.2 703.6 575.5 242.1 394.6 243.8 611.5 257.5 441.6 180.4 539.1 322.6 472.1 620.0 346.6 200.2 167.1 445.8 705.4 549.2 582.1 611.4 0.0 563.3 476.5 572.2 160.3 286.1 762.0 440.3
1281.7 35.9 768.1 437.3 578.8 760.9 832.2 600.1 461.5 436.8 711.2 601.7 770.0 540.6 337.1 603.5 798.1 616.4 193.2 914.5 200.6 507.3 458.3 373.4 353.9 853.7 569.8 411.1 200.2 512.3 752.7 619.7 564.3 871.9 857.2 610.2 436.6 207.2 439.1 368.9 368.4 512.7 594.0 594.0 103.1 153.5 661.1 660.1 775.5 513.8 499.5 165.4 402.6 556.2 600.6 365.4 424.8 754.2 418.4 356.8 641.5 520.9 711.6 200.5 600.0 568.4 198.3 642.3 756.4 810.4 353.4 771.9 729.7 295.3 325.1 776.6 257.5 363.2 248.2 779.0 505.0 177.8 681.8 836.7 661.7 742.4 64.5 811.0 769.9 148.7 697.9 746.6 378.5 800.9 727.5 801.4 469.2 543.1 550.3 215.5 478.1 587.4 732.3 520.0 333.5 385.1 750.3 637.7 826.5 345.0 617.5 798.5 825.1 630.8 154.3 523.9 874.5 655.8 177.7 245.0 822.9 205.0 548.2 226.8 792.0 297.7 872.7 631.9 605.1 726.7 499.6 322.4 768.5 369.0 852.8 356.7 222.5 299.9 247.9 428.1 696.0 517.1 816.4 337.4 167.1 827.8 361.4 536.9 540.6 182.6 370.8 188.9 859.4 342.3 518.3 0.0 724.2 211.9 552.3 381.4 427.4 157.1
1629.6 772.2 225.7 880.9 586.1 218.5 249.6 350.3 413.1 581.2 227.5 227.5 165.2 534.6 846.2 340.6 193.3 276.6 630.9 309.7 607.7 471.5 316.8 882.5 863.4 411.6 627.5 589.4 603.9 317.8 364.1 161.1 153.4 429.8 252.4 515.9 496.3 653.8 490.2 414.2 586.3 348.9 519.3 197.7 633.5 688.3 44.5 309.4 170.7 250.9 479.3 618.2 911.7 574.1 530.8 521.4 508.1 330.9 560.3 561.9 63.1 456.7 75.3 638.2 371.4 586.3 733.1 268.1 246.8 205.6 527.4 348.6 244.9 513.2 543.0 235.8 475.4 872.3 611.2 192.7 577.4 683.9 88.9 231.9 281.0 353.8 800.8 219.8 199.6 683.5 276.5 292.1 887.6 228.5 178.4 200.9 430.7 280.2 544.3 576.7 429.7 605.3 309.0 202.7 777.1 541.1 327.0 142.2 384.4 854.1 541.5 193.7 220.3 338.5 629.1 229.2 269.7 292.9 641.6 779.8 218.1 536.5 542.2 761.6 245.0 515.6 281.4 292.1 103.7 247.4 223.6 828.9 163.7 878.1 248.0 524.4 569.1 517.8 782.7 486.2 245.7 526.1 211.6 555.3 646.6 263.9 579.3 554.8 350.3 620.3 879.9 723.7 254.6 785.9 354.5 736.2 0.0 746.7 546.3 426.7 936.5 614.8
1137.6 268.4 819.1 279.7 629.8 811.9 883.2 651.1 512.5 487.8 762.2 652.7 821.0 591.6 193.0 654.5 849.1 667.4 234.3 965.8 251.6 558.3 509.3 229.3 209.8 904.1 620.8 462.1 251.2 563.3 803.1 670.7 615.3 922.3 908.2 661.2 483.1 246.3 490.1 419.9 419.4 563.7 645.0 645.0 154.1 171.8 712.1 710.5 826.5 564.8 550.5 216.4 258.5 607.2 651.6 416.4 475.8 804.6 469.4 404.8 692.5 571.9 762.6 227.2 650.4 619.4 216.6 693.3 806.8 861.4 404.4 822.3 780.7 346.3 376.1 827.0 311.3 219.1 283.7 829.4 556.0 228.8 732.8 887.7 712.7 792.8 297.0 862.0 820.3 147.0 748.3 797.0 234.4 851.9 778.5 852.4 520.2 594.1 601.3 266.5 529.1 638.4 782.7 571.0 197.7 436.1 800.7 693.5 876.9 200.9 668.5 849.5 876.1 681.2 197.0 574.9 925.5 706.8 228.7 33.0 873.9 256.0 599.2 91.7 842.4 348.7 937.2 682.9 656.1 777.1 550.6 178.3 819.5 224.9 903.8 407.7 273.5 350.9 116.1 479.1 747.0 568.1 867.4 388.4 185.4 878.2 412.4 587.9 591.6 243.5 226.7 53.8 910.4 161.0 569.3 234.0 775.2 0.0 603.3 432.4 283.3 208.1
1344.2 594.7 558.0 703.4 39.7 550.8 622.1 243.5 309.9 163.8 501.1 363.6 549.0 55.9 668.7 355.5 577.1 406.3 453.4 693.8 430.2 54.1 230.2 705.0 685.5 767.5 81.1 189.5 426.4 284.2 666.5 409.6 354.2 785.7 636.2 71.1 234.0 476.3 132.6 252.6 350.6 203.9 73.0 383.9 456.0 510.8 451.0 573.9 554.5 303.7 61.9 440.7 734.2 141.6 61.5 174.6 150.5 668.0 220.3 255.0 431.4 68.8 501.5 460.7 513.8 111.5 555.6 322.9 591.0 589.4 188.3 685.7 373.1 244.6 307.3 619.6 276.4 694.8 437.4 576.5 160.0 506.4 460.8 615.7 305.1 656.2 623.3 600.9 583.4 506.0 611.7 655.4 710.1 590.8 517.4 580.4 112.6 314.0 38.6 399.2 326.5 148.4 646.1 309.9 599.6 187.0 664.1 432.4 740.3 676.6 78.4 577.5 604.1 544.6 456.9 313.8 653.5 299.2 464.1 602.3 601.9 359.0 63.5 584.1 628.8 279.9 665.2 421.8 395.0 610.7 289.5 654.0 547.5 700.6 631.8 239.1 391.6 240.8 608.5 254.5 485.9 92.4 595.4 319.6 469.1 647.7 343.6 122.3 258.4 442.8 702.4 546.2 638.4 608.4 209.5 560.3 514.1 569.2 0.0 265.1 759.0 437.3
1385.3 422.5 490.2 531.2 308.0 483.0 554.3 329.3 183.6 188.3 433.3 323.8 492.1 269.8 496.5 325.6 520.2 338.5 281.2 636.9 258.0 236.5 180.4 532.8 513.3 738.5 299.0 162.6 254.2 234.4 659.6 341.8 286.4 756.7 579.3 339.4 87.6 304.1 168.3 12.4 236.6 234.8 323.2 316.1 283.8 338.6 383.2 604.9 497.6 235.9 228.7 268.5 562.0 285.4 329.8 94.6 154.0 626.4 133.5 132.1 363.6 250.1 433.7 288.5 599.6 297.6 383.4 364.4 523.2 532.5 100.6 644.1 458.9 139.7 193.3 562.7 128.5 522.6 265.2 519.6 234.2 334.2 403.9 558.8 390.9 649.3 451.1 533.1 526.5 333.8 572.0 587.6 537.9 523.0 449.6 523.5 198.4 265.2 279.5 227.0 200.2 316.6 604.5 242.1 427.4 114.3 622.5 364.6 711.3 504.4 346.7 520.6 547.2 634.0 284.7 246.0 596.6 385.0 291.9 430.1 545.0 186.8 277.4 411.9 571.9 165.9 608.3 354.0 327.2 542.9 221.7 481.8 490.6 528.4 574.9 97.6 219.4 135.9 436.3 59.4 418.1 246.3 538.5 197.0 296.9 590.8 229.6 266.1 262.7 270.6 530.2 374.0 581.5 436.2 240.4 388.1 446.3 397.0 281.5 0.0 586.8 265.1
1190.6 460.8 999.5 80.9 810.2 992.3 1063.6 831.5 692.9 668.2 942.6 833.1 1001.4 772.0 87.5 834.9 1029.5 847.8 306.0 1116.8 414.0 738.7 689.7 112.7 130.1 1001.5 801.2 642.5 375.5 743.7 900.5 851.1 795.7 1019.7 1032.8 841.6 663.5 318.0 670.5 600.3 599.8 744.1 825.4 825.4 346.5 330.4 892.5 807.9 972.7 745.2 730.9 378.8 23.0 787.6 832.0 596.8 656.2 902.0 649.8 585.2 872.9 752.3 943.0 298.9 747.8 799.8 378.9 873.7 904.2 1041.8 584.8 919.7 961.1 526.7 556.5 924.4 491.7 61.4 355.4 926.8 736.4 421.2 913.2 1068.1 893.1 890.2 489.4 1042.4 917.7 339.4 845.7 894.4 108.2 1032.3 958.9 1032.8 700.6 774.5 781.7 428.9 709.5 818.8 880.1 751.4 179.2 616.5 898.1 873.9 974.3 79.6 848.9 1029.9 1056.5 778.6 408.1 755.3 1071.1 887.2 447.9 256.8 1054.3 436.4 779.6 229.8 939.8 529.1 1088.2 863.3 836.5 874.5 731.0 102.2 999.9 116.6 1084.2 588.1 435.9 531.3 252.9 659.5 927.4 748.5 1047.8 568.8 399.5 975.6 592.8 768.3 772.0 315.2 53.8 277.7 1056.0 157.8 749.7 426.4 955.6 284.4 783.7 612.8 0.0 370.5
1170.1 225.3 658.9 316.0 469.6 651.7 723.0 490.9 352.3 327.6 602.0 492.5 660.8 431.4 281.3 494.3 688.9 507.2 66.0 805.6 43.4 398.1 349.1 317.6 298.1 907.2 460.6 301.9 105.9 403.1 828.3 510.5 455.1 925.4 748.0 501.0 322.9 103.9 329.9 259.7 259.2 403.5 484.8 484.8 86.6 136.3 551.9 773.6 666.3 404.6 390.3 8.2 346.8 447.0 491.4 256.2 315.6 795.1 309.2 244.6 532.3 411.7 602.4 73.3 703.8 459.2 184.8 533.1 691.9 701.2 244.2 812.8 620.5 186.1 215.9 731.4 151.1 307.4 141.3 688.3 395.8 119.6 572.6 727.5 552.5 818.0 253.9 701.8 695.2 136.6 740.7 756.3 322.7 691.7 618.3 692.2 360.0 433.9 441.1 58.3 368.9 478.2 773.2 410.8 212.2 275.9 791.2 533.3 880.0 289.2 508.3 689.3 715.9 734.6 87.5 414.7 765.3 546.6 77.3 232.9 713.7 95.3 439.0 214.7 740.6 188.5 777.0 522.7 495.9 711.6 390.4 266.6 659.3 313.2 743.6 247.5 65.3 190.7 239.1 318.9 586.8 407.9 707.2 228.2 99.7 759.5 252.2 427.7 431.4 55.4 315.0 176.8 750.2 221.0 409.1 190.9 615.0 199.8 443.1 272.2 371.6 0.0
