Name		2344_BED-Amazon_n127_m245_bt40
Number_of_Customers	127
Number_of_Items		245
Number_of_ItemTypes	40
Number_of_Vehicles	1
TimeWindows		0
Dist_type	manual

VEHICLE
Mass_Capacity	1693
CargoSpace_Length	160
CargoSpace_Width	70
CargoSpace_Height	72

CUSTOMERS
i	x	y	Demand	ReadyTime	DueDate	ServiceTime	DemandedMass	DemandedVolume
0	33.918699	-118.324843	0	0	0	0	0	0
1	34.012028	-118.433309	1	0	0	0	4.7	1380
2	34.011674	-118.440428	2	0	0	0	3.71	8184
3	34.013585	-118.437854	2	0	0	0	9.11	15675
4	34.01063	-118.444763	1	0	0	0	4.7	1380
5	34.020076	-118.440425	1	0	0	0	4.7	1380
6	34.012415	-118.443014	1	0	0	0	1.59	3400
7	34.013973	-118.428746	1	0	0	0	3.01	5544
8	34.009155	-118.43978	1	0	0	0	3.42	23780
9	34.015113	-118.437968	1	0	0	0	5.29	8075
10	34.010831	-118.42528	1	0	0	0	3.82	8580
11	34.009595	-118.438067	1	0	0	0	4.7	1380
12	34.012289	-118.440138	1	0	0	0	1.9	1176
13	34.017729	-118.440089	1	0	0	0	4.7	1380
14	34.015254	-118.429635	1	0	0	0	1.75	4608
15	34.014387	-118.432745	1	0	0	0	7.3	3640
16	34.019413	-118.441147	1	0	0	0	5.29	8075
17	34.01478	-118.436745	1	0	0	0	5.1	15000
18	34.013615	-118.44424	2	0	0	0	6.6	2556
19	34.010005	-118.430882	1	0	0	0	0.7	2640
20	34.011295	-118.437447	1	0	0	0	4.7	1380
21	34.013155	-118.434465	2	0	0	0	17.25	93035
22	34.009211	-118.428717	1	0	0	0	0.7	2640
23	34.014982	-118.435917	1	0	0	0	4.7	1380
24	34.014961	-118.428071	1	0	0	0	10.18	35264
25	34.00825	-118.435461	4	0	0	0	13.95	29798
26	34.010974	-118.439889	1	0	0	0	4.7	1380
27	34.018604	-118.442462	1	0	0	0	4.8	6200
28	34.012356	-118.435469	1	0	0	0	4.7	1380
29	34.013655	-118.446184	1	0	0	0	4.7	1380
30	34.015787	-118.442237	1	0	0	0	4.7	1380
31	34.010486	-118.441428	4	0	0	0	16.84	20301
32	34.012574	-118.438133	3	0	0	0	15.35	23880
33	34.01219	-118.435118	1	0	0	0	4.66	4350
34	34.013504	-118.428374	2	0	0	0	5.99	10715
35	34.013936	-118.437056	3	0	0	0	21.65	33768
36	34.007359	-118.429872	7	0	0	0	36.0	45764
37	34.014058	-118.445164	1	0	0	0	0.7	2640
38	34.010372	-118.429703	1	0	0	0	0.7	2640
39	34.007583	-118.433277	1	0	0	0	4.7	1380
40	34.015928	-118.440401	3	0	0	0	16.27	22104
41	34.008352	-118.430287	2	0	0	0	6.55	10515
42	34.009257	-118.43137	2	0	0	0	9.99	9455
43	34.011238	-118.434384	3	0	0	0	7.85	11268
44	34.014368	-118.436423	1	0	0	0	0.7	2640
45	34.006725	-118.428978	3	0	0	0	7.15	8628
46	34.008189	-118.432062	1	0	0	0	1.77	9425
47	34.009533	-118.428474	1	0	0	0	3.01	5544
48	34.014566	-118.427919	1	0	0	0	0.7	2640
49	34.01156	-118.445591	2	0	0	0	6.6	2556
50	34.010911	-118.440627	2	0	0	0	7.3	10178
51	34.010505	-118.431543	1	0	0	0	4.7	1380
52	34.011841	-118.430291	1	0	0	0	1.75	4608
53	34.010315	-118.426698	3	0	0	0	13.11	10944
54	34.012086	-118.432578	1	0	0	0	0.7	2640
55	34.010684	-118.4373	1	0	0	0	3.53	12012
56	34.008474	-118.441056	1	0	0	0	2.91	13520
57	34.011572	-118.444541	1	0	0	0	4.7	1380
58	34.019826	-118.439735	2	0	0	0	4.66	18128
59	34.01349	-118.432176	6	0	0	0	23.5	25257
60	34.01135	-118.426755	3	0	0	0	7.15	8628
61	34.009902	-118.440792	2	0	0	0	5.4	4020
62	34.011142	-118.431831	2	0	0	0	6.08	6480
63	34.012263	-118.440118	1	0	0	0	0.7	2640
64	34.019492	-118.439965	2	0	0	0	5.4	4020
65	34.014975	-118.443423	1	0	0	0	4.7	1380
66	34.008777	-118.429506	1	0	0	0	4.7	1380
67	34.0102	-118.429	1	0	0	0	4.7	1380
68	34.012688	-118.439857	6	0	0	0	20.37	21286
69	34.012287	-118.426125	1	0	0	0	4.7	1380
70	34.009035	-118.426498	1	0	0	0	4.7	1380
71	34.009449	-118.425252	1	0	0	0	2.5	7854
72	34.009129	-118.443611	1	0	0	0	1.77	9425
73	34.015893	-118.438616	1	0	0	0	1.9	1176
74	34.007863	-118.430269	5	0	0	0	55.85	34460
75	34.013855	-118.442528	1	0	0	0	4.7	1380
76	34.014582	-118.435598	1	0	0	0	6.11	23400
77	34.010768	-118.432318	1	0	0	0	1.9	1176
78	34.008617	-118.429796	1	0	0	0	4.7	1380
79	34.012271	-118.441572	1	0	0	0	0.7	2640
80	34.016821	-118.440173	1	0	0	0	2.5	3978
81	34.011366	-118.439838	1	0	0	0	4.7	1380
82	34.017802	-118.441845	1	0	0	0	1.75	4608
83	34.00891	-118.435958	2	0	0	0	3.2	6618
84	34.011857	-118.442342	1	0	0	0	12.4	25080
85	34.009796	-118.442723	1	0	0	0	9.4	2760
86	34.014278	-118.437324	1	0	0	0	1.75	4608
87	34.014955	-118.429515	2	0	0	0	6.25	10084
88	34.014176	-118.43117	4	0	0	0	11.39	12200
89	34.014427	-118.429101	1	0	0	0	4.7	1380
90	34.011555	-118.439584	2	0	0	0	6.45	5988
91	34.010893	-118.435808	1	0	0	0	4.7	1380
92	34.013991	-118.43343	1	0	0	0	4.7	1380
93	34.008831	-118.434236	1	0	0	0	4.7	1380
94	34.011186	-118.439229	1	0	0	0	9.6	12400
95	34.010552	-118.44072	1	0	0	0	9.4	2760
96	34.011284	-118.428304	2	0	0	0	9.5	7580
97	34.013898	-118.438441	1	0	0	0	0.7	2640
98	34.013416	-118.442834	1	0	0	0	0.7	2640
99	34.012618	-118.444361	4	0	0	0	11.64	37863
100	34.01176	-118.429217	4	0	0	0	46.69	27155
101	34.013686	-118.435891	1	0	0	0	14.6	7280
102	34.010907	-118.426403	3	0	0	0	7.4	10016
103	34.013061	-118.445283	1	0	0	0	1.8	2520
104	34.011604	-118.442824	4	0	0	0	19.55	12444
105	34.008572	-118.428167	2	0	0	0	7.04	12683
106	34.009441	-118.44165	1	0	0	0	3.01	5544
107	34.007519	-118.434901	1	0	0	0	4.7	1380
108	34.008236	-118.433243	1	0	0	0	3.01	5544
109	34.013435	-118.441765	7	0	0	0	40.32	43492
110	34.00917	-118.436158	1	0	0	0	7.63	16848
111	34.01456	-118.438599	1	0	0	0	3.01	5544
112	34.010107	-118.44042	1	0	0	0	4.7	1380
113	34.015252	-118.431541	1	0	0	0	7.3	3640
114	34.014536	-118.444255	1	0	0	0	7.3	3640
115	34.013128	-118.428075	2	0	0	0	10.1	5400
116	34.017845	-118.441132	1	0	0	0	4.7	1380
117	34.015652	-118.437427	3	0	0	0	10.2	10220
118	34.013975	-118.443551	1	0	0	0	0.7	2640
119	34.014653	-118.431763	1	0	0	0	4.7	1380
120	34.009498	-118.439143	1	0	0	0	4.7	1380
121	34.01152	-118.434602	1	0	0	0	4.7	1380
122	34.010791	-118.439749	3	0	0	0	9.62	35260
123	34.01133	-118.443337	1	0	0	0	2.5	3978
124	34.012682	-118.433091	2	0	0	0	8.52	9960
125	34.011594	-118.441099	1	0	0	0	4.7	1380
126	34.013412	-118.430221	1	0	0	0	5.29	8075
127	34.015673	-118.43843	1	0	0	0	1.75	4608

ITEMS
Type	Length	Width	Height	Mass	Fragility	LoadBearingStrength
Bt1	21	14	4	1.9	1	0
Bt2	23	15	4	4.7	1	0
Bt3	20	18	7	1.8	1	0
Bt4	15	11	16	0.7	1	0
Bt5	26	26	5	2.67	1	0
Bt6	34	10	10	1.59	1	0
Bt7	20	14	13	7.3	1	0
Bt8	17	13	18	2.5	1	0
Bt9	29	15	10	4.66	1	0
Bt10	24	12	16	1.75	1	0
Bt11	24	15	14	3.42	1	0
Bt12	30	17	10	1.38	1	0
Bt13	28	22	9	3.01	1	0
Bt14	31	20	10	4.8	1	0
Bt15	40	19	10	3.82	1	0
Bt16	22	17	21	2.5	1	0
Bt17	25	19	17	5.29	1	0
Bt18	22	15	26	3.816	1	0
Bt19	34	16	16	1.55	1	0
Bt20	28	18	18	2.75	1	0
Bt21	29	21	15	1.85	1	0
Bt22	29	25	13	1.77	1	0
Bt23	40	20	13	2.6	1	0
Bt24	26	23	18	3.05	1	0
Bt25	29	27	15	2.11	1	0
Bt26	39	28	11	3.53	1	0
Bt27	26	20	26	2.91	1	0
Bt28	25	21	26	4.3	1	0
Bt29	39	24	15	4.15	1	0
Bt30	30	25	20	5.1	1	0
Bt31	39	27	16	7.63	1	0
Bt32	35	26	19	10.65	1	0
Bt33	33	20	28	5.25	1	0
Bt34	39	25	20	6.33	1	0
Bt35	39	30	20	6.11	1	0
Bt36	41	20	29	3.42	1	0
Bt37	38	30	22	12.4	1	0
Bt38	58	40	11	12.6	1	0
Bt39	58	38	16	10.176	1	0
Bt40	59	40	18	5.982	1	0

DEMANDS PER CUSTOMER
i	Type Quantity
1	Bt2 1	
2	Bt13 1	Bt4 1	
3	Bt15 1	Bt17 1	
4	Bt2 1	
5	Bt2 1	
6	Bt6 1	
7	Bt13 1	
8	Bt36 1	
9	Bt17 1	
10	Bt18 1	
11	Bt2 1	
12	Bt1 1	
13	Bt2 1	
14	Bt10 1	
15	Bt7 1	
16	Bt17 1	
17	Bt30 1	
18	Bt2 1	Bt1 1	
19	Bt4 1	
20	Bt2 1	
21	Bt40 2	Bt17 1	
22	Bt4 1	
23	Bt2 1	
24	Bt39 1	
25	Bt2 1	Bt23 1	Bt29 1	Bt8 1	
26	Bt2 1	
27	Bt14 1	
28	Bt2 1	
29	Bt2 1	
30	Bt2 1	
31	Bt17 1	Bt8 1	Bt10 1	Bt7 1	
32	Bt2 2	Bt4 1	Bt33 1	
33	Bt9 1	
34	Bt17 1	Bt4 1	
35	Bt38 1	Bt7 1	Bt10 1	
36	Bt32 1	Bt10 1	Bt28 1	Bt2 2	Bt1 1	Bt7 1	Bt4 1	
37	Bt4 1	
38	Bt4 1	
39	Bt2 1	
40	Bt18 1	Bt24 1	Bt2 2	
41	Bt2 1	Bt21 1	
42	Bt17 1	Bt2 1	
43	Bt4 2	Bt10 1	Bt2 1	
44	Bt4 1	
45	Bt2 1	Bt4 1	Bt10 1	
46	Bt22 1	
47	Bt13 1	
48	Bt4 1	
49	Bt2 1	Bt1 1	
50	Bt14 1	Bt8 1	
51	Bt2 1	
52	Bt10 1	
53	Bt13 1	Bt2 2	Bt4 1	
54	Bt4 1	
55	Bt26 1	
56	Bt27 1	
57	Bt2 1	
58	Bt27 1	Bt10 1	
59	Bt2 1	Bt17 1	Bt8 1	Bt7 1	Bt13 1	Bt4 1	
60	Bt10 1	Bt4 1	Bt2 1	
61	Bt4 1	Bt2 1	
62	Bt12 1	Bt2 1	
63	Bt4 1	
64	Bt2 1	Bt4 1	
65	Bt2 1	
66	Bt2 1	
67	Bt2 1	
68	Bt11 1	Bt10 1	Bt8 1	Bt7 1	Bt4 1	Bt2 1	
69	Bt2 1	
70	Bt2 1	
71	Bt16 1	
72	Bt22 1	
73	Bt1 1	
74	Bt2 7	Bt7 2	Bt4 4	Bt1 2	Bt10 1	
75	Bt2 1	
76	Bt35 1	
77	Bt1 1	
78	Bt2 1	
79	Bt4 1	
80	Bt8 1	
81	Bt2 1	
82	Bt10 1	
83	Bt8 1	Bt4 1	
84	Bt37 1	
85	Bt2 2	
86	Bt10 1	
87	Bt19 1	Bt2 1	
88	Bt6 1	Bt7 1	Bt4 1	Bt3 1	
89	Bt2 1	
90	Bt2 1	Bt10 1	
91	Bt2 1	
92	Bt2 1	
93	Bt2 1	
94	Bt14 2	
95	Bt2 2	
96	Bt14 1	Bt2 1	
97	Bt4 1	
98	Bt4 1	
99	Bt25 1	Bt34 1	Bt8 1	Bt4 1	
100	Bt7 3	Bt2 4	Bt17 1	Bt4 1	
101	Bt7 2	
102	Bt4 1	Bt14 1	Bt1 1	
103	Bt3 1	
104	Bt2 3	Bt1 1	Bt3 1	Bt10 1	
105	Bt17 1	Bt10 1	
106	Bt13 1	
107	Bt2 1	
108	Bt13 1	
109	Bt20 1	Bt2 4	Bt4 2	Bt7 1	Bt23 1	Bt5 1	Bt14 1	
110	Bt31 1	
111	Bt13 1	
112	Bt2 1	
113	Bt7 1	
114	Bt7 1	
115	Bt2 2	Bt4 1	
116	Bt2 1	
117	Bt2 1	Bt4 1	Bt14 1	
118	Bt4 1	
119	Bt2 1	
120	Bt2 1	
121	Bt2 1	
122	Bt36 1	Bt4 2	Bt14 1	
123	Bt8 1	
124	Bt2 1	Bt18 1	
125	Bt2 1	
126	Bt17 1	
127	Bt10 1	

DISTANCE MATRIX
0.0 1522.0 1477.7 1526.8 1548.1 1397.5 1546.7 1414.1 1443.1 1588.7 1395.1 1394.3 1446.3 1451.7 1433.5 1493.9 1414.1 1623.3 1561.3 1494.7 1445.4 1530.9 1432.4 1569.2 1467.8 1404.2 1461.4 1459.7 1480.1 1608.3 1503.8 1517.0 1552.0 1494.2 1408.0 1620.7 1428.8 1627.3 1482.1 1424.3 1540.6 1454.8 1462.6 1504.2 1614.2 1408.1 1464.1 1432.6 1442.0 1597.0 1496.0 1482.8 1471.9 1390.2 1516.1 1457.8 1470.6 1554.0 1396.5 1493.6 1377.0 1510.6 1507.6 1445.0 1410.8 1576.3 1447.0 1445.3 1471.2 1447.2 1365.0 1343.8 1514.3 1594.6 1481.5 1575.3 1561.3 1496.1 1465.0 1510.8 1554.2 1466.0 1471.3 1427.7 1526.8 1515.1 1615.1 1429.8 1491.9 1421.6 1433.5 1467.3 1512.7 1426.5 1427.3 1501.8 1442.1 1557.5 1590.4 1644.9 1443.5 1591.0 1371.5 1580.9 1536.8 1413.2 1523.4 1404.9 1467.8 1504.2 1435.5 1547.8 1497.2 1474.7 1606.1 1401.7 1585.9 1505.6 1548.4 1506.6 1430.6 1512.6 1457.6 1547.4 1532.8 1482.0 1458.3 1600.5
1575.9 0.0 170.4 137.0 240.8 207.6 249.4 137.5 202.3 157.2 226.6 187.0 157.0 184.2 120.4 59.7 224.2 131.8 278.0 105.4 93.9 34.5 143.1 72.8 178.5 143.2 154.1 246.4 61.7 295.1 214.5 209.7 162.2 81.5 143.6 124.3 110.0 314.1 146.6 148.4 187.6 113.3 75.6 132.5 117.8 127.8 120.1 149.3 152.7 289.7 188.7 90.4 126.6 186.8 23.1 124.8 192.4 246.7 177.3 64.6 174.6 203.3 74.4 155.7 194.4 275.0 128.1 136.0 181.9 222.5 201.0 206.4 207.0 157.3 100.4 241.7 64.9 62.9 123.5 213.5 197.7 158.7 228.1 146.7 229.5 207.8 133.9 124.1 98.1 132.3 144.2 143.5 76.5 122.7 138.0 194.5 150.9 167.7 256.8 292.8 134.2 94.6 180.1 288.2 239.5 182.8 216.1 159.0 136.3 206.9 154.5 158.0 189.9 78.6 304.8 149.9 241.3 134.3 265.1 83.6 172.2 101.3 150.3 248.3 34.9 202.7 99.9 150.6
1684.0 189.5 0.0 164.7 147.1 239.7 78.9 251.9 114.8 211.2 341.0 84.3 46.2 152.4 232.5 171.8 226.5 245.8 107.5 257.5 93.5 164.6 295.2 202.9 310.9 166.8 14.5 190.9 128.2 154.5 103.7 49.2 189.9 142.3 258.0 254.4 262.1 166.8 298.7 202.4 140.5 265.4 227.7 170.5 247.9 311.9 240.0 301.4 285.1 169.2 28.2 280.0 295.4 316.1 212.7 105.9 98.7 116.7 220.0 254.2 289.0 74.1 226.5 44.9 220.9 104.5 280.2 288.1 71.1 350.9 353.1 320.8 113.3 194.5 340.4 71.2 195.0 215.0 275.6 43.0 154.1 8.6 172.6 152.8 59.0 83.3 237.6 241.5 210.2 244.4 43.0 137.3 182.6 176.7 49.9 34.0 311.0 195.4 86.3 140.8 268.7 224.7 295.9 127.1 69.0 334.9 102.7 182.6 236.0 36.4 143.4 185.7 58.4 190.7 134.3 264.3 185.8 218.1 94.6 195.7 102.3 162.1 18.3 79.6 224.5 32.2 252.4 201.2
1629.4 130.9 134.3 0.0 204.7 203.8 213.3 193.3 166.2 61.8 282.4 118.1 120.9 117.6 173.9 113.2 191.7 96.4 241.9 206.9 57.8 106.0 244.6 103.9 252.3 138.6 118.0 156.1 69.6 259.0 122.1 173.6 38.8 83.7 199.4 99.0 211.5 278.0 234.1 125.8 61.2 214.8 177.1 111.9 109.5 261.3 163.4 236.8 226.5 253.6 152.6 221.4 230.8 257.5 154.1 88.7 156.3 210.6 173.5 195.6 230.4 169.5 167.9 119.6 185.2 238.9 229.6 223.5 145.8 310.0 296.1 262.2 170.9 80.3 289.8 205.6 111.8 156.4 225.0 177.4 119.3 122.6 137.8 138.6 193.4 171.7 88.2 177.6 152.7 185.8 108.1 60.7 124.0 100.1 101.9 168.0 238.4 30.6 220.7 256.7 210.1 131.1 237.3 252.1 203.4 270.3 180.0 154.4 159.4 196.5 126.2 20.9 153.8 132.1 268.7 203.3 151.0 68.7 229.0 137.1 136.1 103.5 114.2 212.2 165.9 166.6 193.8 73.6
1753.8 255.3 139.6 230.5 0.0 335.2 85.6 317.7 141.0 292.4 406.8 155.4 195.8 247.9 298.3 237.6 322.0 327.0 105.2 323.3 159.3 230.4 361.0 268.7 376.7 232.6 154.2 286.4 194.0 92.5 199.2 126.3 255.7 208.1 323.8 320.2 327.9 111.5 364.5 268.2 236.0 331.2 293.5 236.3 313.7 345.7 305.8 367.2 350.9 48.8 148.7 345.8 361.2 381.9 278.5 171.7 131.1 44.1 315.5 320.0 354.8 161.8 292.3 196.1 315.5 144.2 346.0 353.9 224.0 416.7 418.9 386.6 33.8 290.0 406.2 159.8 260.8 280.8 341.4 104.1 249.6 148.3 268.1 215.7 88.1 93.6 318.8 302.0 276.0 310.2 177.8 203.1 248.4 242.5 184.7 142.9 368.8 261.2 144.7 90.2 334.5 290.5 360.3 85.6 78.1 400.7 130.9 248.4 301.8 138.8 209.2 251.5 175.2 256.5 128.6 330.1 281.3 313.1 118.1 261.5 153.0 227.9 158.0 67.5 290.3 130.3 318.2 304.2
1578.0 207.5 247.6 194.0 368.9 0.0 274.7 230.4 295.6 155.4 319.5 265.1 210.8 77.0 211.0 207.8 16.6 164.8 226.6 275.5 222.0 164.0 313.2 124.3 289.4 313.3 282.2 62.1 189.8 273.6 138.4 337.8 232.9 209.6 236.5 192.6 280.1 292.6 316.7 318.5 142.0 283.4 245.7 237.8 177.9 297.9 290.2 319.4 263.6 352.8 316.8 298.0 313.4 294.6 230.7 252.9 320.5 296.6 21.8 272.2 267.5 331.4 244.5 211.1 36.1 241.6 298.2 306.1 239.0 329.4 347.0 299.3 335.1 153.9 358.4 240.6 132.2 233.0 293.6 264.4 119.3 286.8 80.4 296.9 280.4 335.9 181.8 214.7 246.2 222.9 223.8 254.8 194.7 292.8 266.1 322.6 304.9 197.4 255.7 310.2 290.5 185.0 273.0 246.2 290.4 352.9 344.2 329.1 306.4 231.5 290.4 173.0 318.0 223.6 271.4 242.8 119.1 130.9 213.7 231.7 283.1 229.4 278.4 301.0 242.5 242.7 259.9 147.2
1755.9 260.9 71.3 236.1 85.6 280.9 0.0 323.3 187.0 252.4 412.4 156.5 141.5 193.6 303.9 243.2 267.7 287.0 100.2 328.9 164.9 236.0 366.6 274.3 382.3 238.2 85.9 232.1 199.6 87.5 144.9 120.6 261.3 213.7 329.4 289.6 333.5 106.5 370.1 273.8 181.7 336.8 299.1 241.9 300.1 351.3 311.4 372.8 356.5 107.6 99.6 351.4 366.8 387.5 284.1 177.3 170.1 51.4 261.2 325.6 360.4 143.2 297.9 141.8 261.2 121.2 351.6 359.5 169.7 422.3 424.5 392.2 119.4 235.7 323.9 87.9 266.4 286.4 347.0 65.3 195.3 80.0 213.8 221.3 81.3 124.6 278.8 307.6 281.6 315.8 115.2 208.7 254.0 248.1 122.1 105.4 374.4 245.0 103.0 85.2 340.1 296.1 365.9 80.6 91.3 406.3 161.9 254.0 307.4 53.1 214.8 220.6 129.8 262.1 123.6 335.7 227.0 273.1 111.3 267.1 174.5 233.5 89.7 98.5 295.9 84.4 323.8 242.4
1501.3 144.1 238.5 190.3 308.9 222.0 317.5 0.0 270.4 243.3 89.0 236.2 225.1 249.7 19.3 83.6 238.6 217.9 346.1 172.6 162.0 120.6 106.3 158.9 53.6 192.4 222.2 245.5 129.8 363.2 282.6 277.8 215.5 149.6 6.0 210.4 172.3 382.2 118.7 197.6 251.6 135.7 142.8 181.7 203.9 170.1 169.3 106.5 27.8 357.8 256.8 99.3 88.4 64.1 132.6 192.9 260.5 314.8 191.7 79.4 37.0 271.4 130.8 223.8 190.8 343.1 120.9 108.1 250.0 98.9 116.5 68.8 275.1 243.4 162.7 309.8 151.0 133.4 125.5 281.6 283.8 226.8 251.3 195.9 297.6 275.9 220.0 15.6 77.7 7.4 212.3 192.7 102.4 171.9 206.1 262.6 74.4 221.0 324.9 360.9 60.0 180.7 42.5 356.3 307.6 144.0 284.2 208.2 185.5 275.0 203.7 211.3 258.0 64.4 372.9 12.3 290.0 220.4 333.2 95.2 240.3 190.1 218.4 316.4 119.1 270.8 44.1 236.7
1645.3 195.3 102.5 170.5 139.5 292.8 181.5 257.7 0.0 232.4 346.8 45.6 99.3 205.5 238.3 177.6 279.6 267.0 206.5 263.3 99.3 170.4 301.0 208.7 316.7 111.8 86.2 244.0 134.0 193.8 156.8 139.2 195.7 148.1 263.8 260.2 267.9 212.8 250.1 159.8 193.6 271.2 233.5 176.3 253.7 285.7 179.4 252.8 290.9 188.4 120.8 285.8 246.8 321.9 218.5 111.7 27.4 145.4 273.1 260.0 294.8 135.4 232.3 98.0 273.1 207.1 286.0 239.5 124.2 326.0 312.1 326.6 105.7 250.9 258.3 173.8 200.8 220.8 281.4 145.6 207.2 90.8 225.7 155.7 161.6 106.5 258.8 242.0 216.0 250.2 86.5 143.1 188.4 134.1 80.3 126.6 254.4 201.2 188.9 191.5 274.5 230.5 300.3 186.9 157.6 286.3 114.8 127.6 175.4 139.0 149.2 191.5 122.0 196.5 229.9 270.1 238.9 253.1 197.2 201.5 12.0 167.9 82.4 147.0 230.3 134.8 258.2 244.2
1700.8 148.9 216.6 82.2 287.0 165.6 295.6 229.3 248.5 0.0 338.1 200.4 203.2 100.5 209.9 149.2 156.6 58.2 221.5 216.9 140.1 105.4 254.6 65.7 288.3 220.9 200.3 121.0 131.2 268.5 133.3 257.3 121.1 151.0 235.4 37.2 221.5 287.5 258.1 208.1 72.4 224.8 187.1 179.2 71.3 239.3 231.6 260.8 262.5 335.9 234.9 239.4 254.8 298.3 172.1 171.0 238.6 292.9 135.3 213.6 266.4 249.5 185.9 201.9 150.1 236.5 239.6 247.5 228.1 334.0 312.5 298.2 253.2 24.1 299.8 235.5 73.6 174.4 235.0 259.7 64.5 204.9 102.7 224.4 275.7 254.0 26.3 213.6 187.6 221.8 190.4 143.0 136.1 182.4 184.2 240.7 262.4 85.6 250.6 339.0 255.4 92.9 271.9 241.1 285.7 294.3 262.3 236.7 247.8 253.1 208.5 61.2 236.1 168.1 266.3 241.7 115.9 44.3 208.6 173.1 218.4 170.8 196.5 294.5 183.9 248.9 229.8 17.4
1508.8 219.4 334.1 285.9 404.5 317.6 413.1 95.5 366.0 338.9 0.0 312.0 320.7 345.3 114.9 179.2 334.2 313.5 441.7 185.0 257.6 216.2 95.8 254.5 149.2 268.2 317.8 341.1 225.4 458.8 378.2 373.4 311.1 245.2 89.4 306.0 161.8 477.8 145.5 273.4 347.2 125.2 152.9 257.5 299.5 179.6 245.1 96.0 123.4 453.4 352.4 175.1 150.0 53.6 208.4 288.5 356.1 410.4 287.3 175.0 58.4 367.0 205.0 319.4 286.4 438.7 110.4 108.7 345.6 75.6 106.0 76.3 370.7 339.0 240.1 405.4 246.6 193.5 115.0 377.2 379.4 322.4 346.9 271.7 393.2 371.5 315.6 111.2 173.3 103.0 307.9 268.5 198.0 247.7 301.7 358.2 105.5 316.6 420.5 456.5 135.8 276.3 52.9 451.9 403.2 133.5 379.8 284.0 261.3 370.6 279.5 306.9 353.6 160.0 468.5 83.1 385.6 316.0 428.8 190.8 348.3 265.9 314.0 412.0 225.1 366.4 139.7 332.3
1599.6 147.0 83.3 122.2 153.7 245.4 152.3 209.4 86.6 184.1 298.5 0.0 51.9 158.1 190.0 129.3 232.2 218.7 141.8 215.0 51.0 122.1 252.7 160.4 268.4 66.1 67.0 196.6 85.7 188.8 109.4 122.6 147.4 99.8 215.5 211.9 219.6 207.8 204.4 114.1 146.2 222.9 185.2 128.0 205.4 237.4 133.7 207.1 242.6 202.6 101.6 237.5 201.1 273.6 170.2 63.4 96.7 159.6 225.7 211.7 246.5 116.2 184.0 50.6 225.7 156.8 237.7 193.8 76.8 308.4 310.6 278.3 119.9 200.2 297.9 144.6 152.5 172.5 233.1 116.4 159.8 71.6 178.3 107.4 132.4 120.7 210.5 193.7 168.8 201.9 39.1 94.8 140.1 88.4 32.9 107.4 208.7 152.9 159.7 205.7 226.2 182.2 252.0 161.4 142.4 240.6 129.0 81.9 129.7 109.8 100.9 143.2 102.8 148.2 186.6 221.8 191.5 204.8 128.9 153.2 36.2 119.6 63.2 153.0 182.0 87.6 209.9 206.9
1668.4 172.1 36.7 154.1 158.8 193.4 96.5 234.5 84.7 164.9 323.6 54.2 0.0 106.1 215.1 154.4 180.2 199.5 125.1 231.5 76.1 147.2 269.2 207.0 293.5 120.4 51.3 144.6 110.8 172.1 57.4 86.0 193.0 124.9 240.6 202.1 236.1 184.4 258.7 168.4 94.2 239.4 201.7 153.1 212.6 253.9 188.0 261.4 267.7 184.2 65.0 262.6 255.4 298.7 195.3 88.5 112.2 131.7 173.7 236.8 271.6 108.6 209.1 0.2 173.7 122.1 254.2 248.1 24.8 334.6 320.7 303.4 125.0 148.2 226.5 88.8 214.9 197.6 249.6 60.6 107.8 45.4 126.3 132.5 76.6 120.1 191.3 218.8 192.8 227.0 12.9 119.9 165.2 142.7 19.8 70.8 263.0 157.5 103.9 158.4 251.3 234.2 277.1 144.7 86.6 294.9 134.1 136.2 184.0 54.0 126.0 133.1 95.2 173.3 151.9 246.9 139.5 185.6 112.2 178.3 72.2 144.7 55.1 97.2 207.1 31.8 235.0 154.9
1633.0 184.9 170.5 124.8 253.7 97.8 197.6 258.0 218.5 110.9 347.1 188.0 133.7 0.0 238.6 185.2 97.7 142.2 149.5 252.9 182.7 141.4 290.6 101.7 317.0 263.5 185.1 62.1 167.2 196.5 61.3 219.8 163.7 187.0 264.1 148.1 257.5 215.5 294.1 250.7 64.9 260.8 223.1 215.2 155.3 275.3 267.6 296.8 291.2 275.7 198.8 275.4 290.8 322.2 208.1 213.6 246.0 219.5 67.5 249.6 295.1 242.4 221.9 134.0 84.6 164.5 275.6 283.5 161.9 370.0 348.5 326.9 295.8 85.7 335.8 163.5 109.6 210.4 271.0 187.3 45.3 179.2 43.8 267.0 203.3 296.6 137.3 242.3 224.7 250.5 146.7 185.6 172.1 225.0 153.6 204.6 298.4 128.2 178.6 233.1 291.4 162.4 300.6 169.1 213.3 330.3 304.9 279.3 283.8 154.4 251.1 103.8 229.0 204.1 194.3 270.4 57.0 108.3 136.6 209.1 206.0 206.8 188.9 223.9 219.9 165.6 265.8 92.4
1520.7 148.8 219.1 170.9 289.5 202.6 298.1 19.3 251.0 223.9 108.4 255.6 205.7 230.3 0.0 64.2 219.2 198.5 326.7 192.0 142.6 101.2 125.7 139.5 78.3 211.8 202.8 226.1 110.4 343.8 263.2 258.4 196.1 130.2 25.4 191.0 191.7 362.8 138.1 217.0 232.2 155.1 162.2 158.4 184.5 189.5 188.7 125.9 52.5 338.4 237.4 118.7 107.8 83.5 140.5 173.5 241.1 295.4 172.3 84.1 56.4 252.0 150.2 204.4 171.4 323.7 140.3 127.5 230.6 118.3 135.9 88.2 255.7 224.0 270.0 290.4 131.6 152.8 144.9 262.2 264.4 207.4 231.9 215.3 278.2 256.5 200.6 3.7 82.4 11.8 192.9 163.5 83.0 191.3 186.7 243.2 93.8 201.6 305.5 341.5 79.4 161.3 61.9 336.9 288.2 163.4 264.8 227.6 204.9 255.6 223.1 191.9 238.6 45.0 353.5 31.7 270.6 201.0 313.8 99.9 220.9 150.0 199.0 297.0 123.8 251.4 48.8 217.3
1516.1 81.8 154.8 106.6 225.2 210.0 233.8 80.0 186.7 159.6 169.1 138.6 141.4 186.6 60.6 0.0 226.6 134.2 262.4 149.8 78.3 36.9 184.4 75.2 139.0 170.1 138.5 248.8 46.1 279.5 198.9 194.1 131.8 65.9 86.1 126.7 154.4 298.5 167.9 164.3 167.9 157.7 120.0 94.1 120.2 172.2 164.5 170.6 113.2 274.1 173.1 148.5 130.6 144.2 105.0 109.2 176.8 231.1 179.7 95.5 117.1 187.7 118.8 140.1 196.8 259.4 172.5 157.3 166.3 179.0 196.6 148.9 191.4 159.7 232.7 226.1 67.3 107.3 167.9 197.9 200.1 143.1 230.5 153.2 213.9 192.2 136.3 64.3 38.3 72.5 128.6 99.2 18.7 138.6 122.4 178.9 143.9 137.3 241.2 277.2 96.8 97.0 122.6 272.6 223.9 204.1 200.5 185.9 180.7 191.3 146.7 127.6 174.3 18.8 289.2 92.4 243.7 136.7 249.5 23.8 156.6 85.7 134.7 232.7 116.8 187.1 80.5 153.0
1594.6 224.1 245.9 200.2 329.1 16.6 273.0 247.0 293.9 168.3 336.1 263.4 209.1 93.6 227.6 224.4 0.0 181.4 224.9 292.1 238.6 180.6 329.8 140.9 306.0 329.9 298.8 45.5 206.4 271.9 136.7 296.6 239.1 226.2 253.1 205.5 296.7 290.9 333.3 326.1 140.3 300.0 262.3 254.4 194.5 314.5 306.8 336.0 280.2 351.1 274.2 314.6 330.0 311.2 247.3 269.5 337.1 294.9 38.4 288.8 284.1 348.0 261.1 209.4 52.7 239.9 314.8 322.7 237.3 346.0 363.6 315.9 351.7 143.1 375.0 238.9 148.8 249.6 310.2 262.7 102.7 254.6 63.8 313.5 278.7 352.5 194.7 231.3 262.8 239.5 222.1 261.0 211.3 300.4 229.0 280.0 321.5 203.6 254.0 308.5 307.1 201.6 289.6 244.5 288.7 369.5 360.8 345.7 323.0 229.8 307.0 179.2 334.6 240.2 269.7 259.4 102.5 147.5 212.0 248.3 281.4 246.0 295.0 299.3 259.1 241.0 276.5 149.8
1713.3 138.9 210.2 106.2 280.6 178.1 289.2 219.3 242.1 81.3 328.1 194.0 196.8 154.7 199.9 139.2 194.7 0.0 259.2 206.9 133.7 95.4 244.6 78.2 278.3 214.5 193.9 176.7 121.2 334.9 171.0 249.5 131.4 141.0 225.4 93.5 211.5 353.9 248.1 201.7 110.1 214.8 177.1 169.2 13.0 229.3 221.6 250.8 252.5 329.5 228.5 229.4 244.8 288.3 162.1 164.6 232.2 286.5 147.8 203.6 256.4 243.1 175.9 195.5 164.9 314.8 229.6 237.5 221.7 324.0 302.5 288.2 246.8 79.8 289.8 281.5 86.1 164.4 225.0 253.3 120.2 198.5 158.4 218.0 269.3 247.6 103.1 203.6 177.6 211.8 184.0 136.6 126.1 176.0 177.8 234.3 252.4 123.3 296.6 332.6 245.4 34.7 261.9 278.8 279.3 284.3 255.9 230.3 237.8 246.7 202.1 98.9 229.7 158.1 344.6 231.7 171.6 38.8 246.3 163.1 212.0 160.8 190.1 288.1 173.9 242.5 219.8 73.1
1704.9 286.6 97.0 193.2 104.1 229.9 101.3 349.0 175.3 201.4 438.1 144.8 90.5 142.6 329.6 268.9 216.7 236.0 0.0 322.1 190.6 264.3 359.8 243.5 408.0 211.0 111.6 181.1 225.3 46.9 93.9 146.3 229.5 239.4 355.1 241.2 326.7 65.9 349.3 259.0 130.7 330.0 296.0 267.6 249.1 379.1 278.6 352.0 382.2 135.2 126.5 377.1 346.0 413.2 309.8 203.0 202.8 69.9 210.2 353.9 388.7 171.2 323.6 90.8 211.1 88.2 344.8 338.7 121.3 425.2 411.3 417.9 137.9 184.7 319.7 67.2 251.4 312.1 340.2 91.0 144.3 105.7 162.8 249.9 107.0 140.5 227.8 338.6 307.3 341.5 106.1 234.4 279.7 233.3 113.0 140.7 361.6 194.0 82.3 91.1 368.4 273.3 393.0 19.5 119.6 385.5 180.4 226.8 274.6 84.5 240.5 169.6 155.5 287.8 83.0 359.0 176.0 208.3 12.8 292.8 162.8 259.2 115.4 117.0 321.6 110.1 349.5 191.4
1552.9 89.8 242.8 200.7 313.2 280.0 321.8 169.9 233.5 229.6 196.6 184.7 236.7 256.6 192.8 132.1 296.6 204.2 350.4 0.0 166.3 106.9 113.1 145.2 237.1 140.9 226.5 318.8 134.1 367.5 294.2 282.1 225.9 158.4 163.8 196.7 80.0 386.5 124.3 146.1 260.0 83.3 45.6 130.2 190.2 97.8 117.8 127.0 211.3 362.1 261.1 130.9 121.0 156.8 113.0 196.7 264.8 319.1 249.7 154.5 156.3 275.7 75.4 235.4 266.8 347.4 98.1 113.7 261.6 200.2 171.0 188.1 279.4 229.7 70.4 314.1 137.3 63.9 93.5 285.9 270.1 231.1 300.5 144.4 301.9 280.2 206.3 196.5 170.5 177.4 223.9 141.2 148.9 120.4 217.7 266.9 128.6 231.4 329.2 365.2 121.6 167.0 161.8 360.6 311.9 154.6 288.5 156.7 134.0 279.3 152.2 221.7 262.3 151.0 377.2 157.5 313.7 206.7 337.5 156.0 221.0 138.6 222.7 320.7 124.8 275.1 164.6 223.0
1594.4 95.9 76.4 71.1 146.8 256.5 155.4 158.3 108.3 133.0 247.4 60.2 63.0 169.2 138.9 78.2 243.3 167.6 184.0 163.9 0.0 71.0 201.6 109.3 217.3 91.7 60.1 207.7 34.6 201.1 120.5 115.7 96.3 48.7 164.4 160.8 168.5 220.1 205.1 108.8 132.4 171.8 134.1 76.9 154.3 186.3 146.4 207.8 191.5 195.7 94.7 186.4 201.8 222.5 119.1 30.8 98.4 152.7 213.8 160.6 195.4 109.3 132.9 61.7 236.8 181.0 186.6 194.5 87.9 257.3 259.5 227.2 113.0 151.5 246.8 147.7 101.4 121.4 182.0 119.5 170.9 64.7 189.4 74.8 135.5 113.8 159.4 142.6 116.6 150.8 50.2 43.7 89.0 83.1 44.0 100.5 209.4 101.8 162.8 198.8 175.1 131.1 200.9 194.2 145.5 241.3 122.1 107.5 142.4 112.9 68.3 92.1 95.9 97.1 210.8 170.7 202.6 153.7 171.1 102.1 78.2 68.5 56.3 154.3 130.9 108.7 158.8 144.8
1559.9 43.4 134.4 86.2 204.8 173.0 213.4 123.8 166.3 122.6 232.6 118.2 121.0 149.6 104.4 43.7 189.6 97.2 242.0 111.4 57.9 0.0 149.1 38.2 182.8 149.2 118.1 211.8 25.7 259.1 178.5 173.7 111.4 45.5 129.9 89.7 116.0 278.1 152.6 154.4 147.5 119.3 81.6 73.7 83.2 165.8 126.1 155.3 157.0 253.7 152.7 133.9 149.3 192.8 66.6 88.8 156.4 210.7 142.7 108.1 160.9 169.6 80.4 119.7 158.8 239.0 134.1 142.0 145.9 228.5 207.0 192.7 171.0 122.7 194.3 205.7 30.3 68.9 129.5 177.5 163.1 122.7 193.5 132.8 193.5 171.8 99.3 113.4 82.1 116.3 108.2 78.8 41.9 128.7 102.0 168.1 164.9 116.9 220.8 256.8 149.9 60.0 167.8 252.2 203.5 188.8 180.1 165.0 142.3 196.6 126.3 107.2 153.9 62.6 268.8 136.2 206.7 105.9 229.1 67.6 136.2 65.3 114.3 212.3 78.4 166.7 124.3 116.0
1513.7 123.5 276.5 234.4 346.9 313.7 355.5 120.4 267.2 263.3 83.4 218.4 270.4 290.3 139.8 165.8 330.3 237.9 384.1 89.1 200.0 140.6 0.0 178.9 174.1 174.6 260.2 352.5 167.8 401.2 327.9 315.8 259.6 192.1 114.3 230.4 65.9 420.2 73.4 179.8 293.7 29.3 57.0 163.9 223.9 83.7 151.5 23.9 148.3 395.8 294.8 106.8 77.9 43.6 140.1 230.4 298.5 352.8 283.4 149.9 83.3 309.4 109.1 269.1 300.5 381.1 14.5 36.6 295.3 135.5 57.8 81.2 313.1 263.4 144.2 347.8 171.0 97.6 19.1 319.6 303.8 264.8 334.2 178.1 335.6 313.9 240.0 136.1 154.8 127.9 257.6 174.9 182.6 154.1 251.4 300.6 77.3 265.1 362.9 398.9 96.5 200.7 77.8 394.3 345.6 41.4 322.2 190.4 167.7 313.0 185.9 255.4 296.0 184.7 410.9 108.0 347.4 240.4 371.2 172.3 254.7 172.3 256.4 354.4 156.8 308.8 138.3 256.7
1599.6 83.1 174.1 103.0 244.5 134.7 253.1 163.5 206.0 85.9 272.3 157.9 160.7 111.3 144.1 83.4 151.3 95.3 281.7 151.1 97.6 39.6 188.8 0.0 222.5 188.9 157.8 173.5 65.4 298.8 172.7 213.4 128.2 85.2 169.6 90.3 155.7 317.8 192.3 194.1 114.7 159.0 121.3 113.4 83.8 173.5 165.8 195.0 196.7 293.4 192.4 173.6 189.0 232.5 106.3 128.5 196.1 250.4 104.4 147.8 200.6 207.0 120.1 159.4 121.5 278.7 173.8 181.7 185.6 268.2 246.7 232.4 210.7 84.4 234.0 245.4 7.9 108.6 169.2 217.2 124.8 162.4 155.2 172.5 233.2 211.5 99.9 147.8 121.8 156.0 147.9 133.4 70.3 168.4 141.7 198.2 196.6 127.9 260.5 296.5 189.6 60.6 206.1 291.9 243.2 228.5 219.8 204.7 182.0 210.6 166.0 103.5 193.6 102.3 308.5 175.9 168.4 61.4 268.8 107.3 175.9 105.0 154.0 252.0 118.1 206.4 164.0 77.7
1555.5 165.6 278.0 229.8 348.4 261.5 357.0 54.1 309.9 282.8 143.2 290.4 264.6 289.2 58.8 123.1 278.1 257.4 385.6 226.8 201.5 160.1 160.5 198.4 0.0 246.6 261.7 285.0 169.3 402.7 322.1 317.3 255.0 189.1 60.2 249.9 226.5 421.7 172.9 251.8 291.1 189.9 197.0 217.3 243.4 224.3 223.5 160.7 14.3 397.3 296.3 153.5 136.0 118.3 157.3 232.4 300.0 354.3 231.2 100.9 91.2 310.9 185.0 263.3 230.3 382.6 175.1 162.3 289.5 153.1 170.7 123.0 314.6 282.9 304.8 349.3 190.5 187.6 179.7 321.1 323.3 266.3 290.8 250.1 337.1 315.4 259.5 55.1 99.2 46.9 251.8 222.4 141.9 226.1 245.6 302.1 128.6 260.5 364.4 400.4 120.2 220.2 96.7 395.8 347.1 198.2 323.7 262.4 239.7 314.5 257.9 250.8 297.5 103.9 412.4 66.5 329.5 259.9 372.7 116.7 279.8 208.9 257.9 355.9 140.6 310.3 65.6 276.2
1602.4 131.6 172.8 136.4 243.2 321.8 251.8 197.7 126.4 198.3 246.1 77.6 129.6 235.8 220.6 159.9 309.9 232.9 219.5 124.9 94.8 148.7 162.6 187.0 264.9 0.0 156.5 274.3 116.3 266.5 187.1 212.1 161.6 130.4 191.6 235.5 129.5 285.5 152.1 61.8 197.7 132.8 98.8 113.8 232.0 179.3 81.4 154.8 239.1 292.1 192.3 172.7 148.8 206.3 154.8 71.6 153.9 249.1 291.5 196.3 184.1 205.7 117.2 128.3 303.4 234.5 147.6 141.5 154.5 228.0 214.1 215.9 209.4 216.8 207.8 244.1 179.1 105.7 143.0 215.9 237.5 161.1 256.0 15.8 231.9 210.2 224.7 224.3 198.3 205.2 116.8 76.9 170.7 36.1 110.6 196.9 164.4 167.1 259.2 295.2 149.4 208.8 191.0 239.1 241.9 188.3 218.5 15.7 77.4 235.0 27.1 157.4 192.3 178.8 264.3 185.3 269.2 205.2 206.6 183.8 113.9 122.2 152.7 250.7 166.6 165.3 192.4 210.1
1673.4 174.9 16.2 150.1 132.5 256.0 95.2 237.3 94.0 212.0 326.4 75.0 62.5 168.7 217.9 157.2 242.8 246.6 123.8 242.9 78.9 150.0 280.6 188.3 296.3 152.2 0.0 207.2 113.6 170.8 120.0 56.9 175.3 127.7 243.4 239.8 247.5 183.1 284.1 187.8 156.8 250.8 213.1 155.9 233.3 265.3 225.4 286.8 270.5 181.4 34.5 265.4 280.8 301.5 198.1 91.3 84.1 133.0 236.3 239.6 274.4 57.2 211.9 61.2 236.3 120.8 265.6 273.5 87.4 336.3 338.5 306.2 98.7 210.8 325.8 87.5 180.4 200.4 261.0 59.3 170.4 4.5 188.9 135.3 75.3 89.6 238.4 221.6 195.6 229.8 59.3 122.7 168.0 162.1 66.2 40.3 288.4 180.8 102.6 157.1 254.1 210.1 279.9 143.4 85.3 320.3 88.1 168.0 221.4 52.7 128.8 171.1 43.8 176.1 150.6 249.7 202.1 232.7 110.9 181.1 93.0 147.5 3.7 95.9 209.9 48.5 237.8 223.8
1630.2 253.3 200.3 154.6 283.5 52.1 227.4 258.2 248.3 122.7 347.3 217.8 163.5 73.4 238.8 253.6 35.5 175.3 179.3 321.3 212.5 209.8 359.0 170.1 317.2 293.3 214.9 0.0 235.6 226.3 91.1 249.6 193.5 238.4 264.3 159.9 325.9 245.3 362.5 280.5 94.7 329.2 291.5 266.6 188.4 343.7 318.1 364.8 291.4 305.5 228.6 343.8 346.7 322.4 276.5 243.4 275.8 249.3 74.0 318.0 295.3 272.2 290.3 163.8 61.5 194.3 344.0 351.9 191.7 357.2 374.8 327.1 325.6 97.5 404.2 193.3 178.0 278.8 339.4 217.1 57.1 209.0 18.2 296.8 233.1 326.4 149.1 242.5 292.0 250.7 176.5 215.4 240.5 254.8 183.4 234.4 332.7 158.0 208.4 262.9 318.3 210.0 300.8 198.9 243.1 398.7 334.7 309.1 314.1 184.2 280.9 133.6 258.8 251.4 224.1 270.6 56.9 161.4 166.4 277.5 235.8 258.2 218.7 253.7 288.3 195.4 287.7 104.2
1559.7 61.2 108.6 60.4 179.0 209.4 187.6 123.6 140.5 122.3 212.7 92.4 95.2 178.1 104.2 43.5 226.0 133.6 216.2 129.2 32.1 36.3 166.9 74.6 182.6 123.9 92.3 216.6 0.0 233.3 152.7 147.9 85.6 14.0 129.7 126.1 133.8 252.3 170.4 118.1 121.7 137.1 99.4 42.2 119.6 151.6 115.9 173.1 156.8 227.9 126.9 151.7 167.1 187.8 84.4 63.0 130.6 184.9 179.1 125.9 160.7 141.5 98.2 93.9 196.2 213.2 151.9 159.8 120.1 222.6 224.8 192.5 145.2 140.8 212.1 179.9 66.7 86.7 147.3 151.7 179.8 96.9 198.3 107.0 167.7 146.0 148.7 107.9 81.9 116.1 82.4 53.0 54.3 92.4 76.2 132.7 174.7 91.1 195.0 231.0 140.4 96.4 166.2 226.4 177.7 206.6 154.3 139.7 150.1 145.1 100.5 81.4 128.1 62.4 243.0 136.0 211.5 143.0 203.3 67.4 110.4 33.8 88.5 186.5 96.2 140.9 124.1 134.1
1763.1 315.5 155.2 248.8 82.6 288.1 97.6 377.9 201.2 259.6 467.0 203.0 148.7 200.8 358.5 297.8 274.9 294.2 58.1 383.5 219.5 290.6 421.2 301.7 436.9 292.8 169.8 239.3 254.2 0.0 152.1 154.3 287.7 268.3 384.0 296.8 388.1 35.4 424.7 328.4 188.9 391.4 353.7 296.5 307.3 405.9 366.0 427.4 411.1 104.6 176.7 406.0 421.4 442.1 338.7 231.9 191.3 48.4 268.4 380.2 415.0 189.8 352.5 149.0 268.4 68.1 406.2 414.1 176.9 476.9 479.1 446.8 116.4 242.9 466.4 125.4 321.0 341.0 401.6 132.1 202.5 163.9 221.0 275.9 116.1 121.6 286.0 362.2 336.2 370.4 161.7 263.3 308.6 302.7 168.6 170.9 429.0 252.2 126.7 72.2 394.7 328.9 420.5 38.5 106.1 460.9 158.9 308.6 362.0 116.3 269.4 227.8 203.2 316.7 52.5 390.3 234.2 280.3 71.0 321.7 221.0 288.1 173.6 95.5 350.5 158.3 378.4 249.6
1639.9 232.7 109.1 96.6 192.3 139.3 136.2 290.0 157.1 107.4 379.1 126.6 72.3 48.6 270.6 209.9 122.7 142.0 88.1 300.7 154.5 189.2 338.4 149.5 349.0 235.3 123.7 87.1 166.3 135.1 0.0 158.4 135.5 180.4 296.1 144.6 305.3 154.1 330.8 222.5 36.7 308.6 270.9 208.6 155.1 323.1 260.1 333.5 323.2 214.3 137.4 323.2 327.5 354.2 255.9 185.4 184.6 158.1 116.2 297.4 327.1 181.0 269.7 72.6 116.2 103.1 323.4 320.2 100.5 406.7 392.8 358.9 197.4 90.7 295.7 102.1 157.4 258.2 318.8 125.9 50.3 117.8 68.8 238.8 141.9 192.5 133.8 274.3 248.3 282.5 85.3 157.4 219.9 196.8 92.2 143.2 335.1 100.0 117.2 171.7 306.8 176.7 332.6 107.7 151.9 367.0 206.5 251.1 256.1 93.0 222.9 75.6 167.6 228.8 132.9 302.4 82.0 128.1 75.2 233.8 144.6 200.2 127.5 162.5 267.7 104.2 290.5 97.4
1720.4 220.5 60.9 195.7 126.3 300.7 137.3 282.9 139.6 257.6 372.0 120.6 107.2 213.4 264.9 202.8 288.9 292.2 154.3 288.5 124.5 195.6 326.2 233.9 341.9 197.8 45.5 251.9 160.6 144.2 164.7 0.0 220.9 173.3 289.0 285.4 293.1 163.2 329.7 233.4 201.5 296.4 258.7 201.5 280.3 342.9 272.4 332.4 316.1 148.3 21.1 312.4 326.4 348.5 243.7 136.9 129.7 97.2 281.0 285.2 320.0 104.2 257.5 105.9 281.0 165.5 312.6 320.5 132.1 381.9 384.1 353.2 134.0 256.9 371.4 132.2 226.0 246.0 306.6 104.0 216.5 35.6 233.6 185.2 118.0 32.7 284.0 272.5 241.2 275.4 104.0 168.3 213.6 209.1 112.3 16.5 342.0 226.4 147.3 141.9 299.7 257.1 326.9 137.3 108.0 365.9 114.2 213.6 267.0 97.4 174.4 216.7 89.4 221.7 180.3 295.3 248.2 264.5 155.6 226.7 138.6 193.1 49.3 97.4 256.9 93.2 283.4 269.4
1651.4 152.9 156.3 55.6 226.7 259.5 235.3 215.3 188.2 117.5 304.4 140.1 142.9 173.3 195.9 135.2 247.4 152.1 263.9 228.9 79.8 128.0 266.6 159.6 274.3 160.6 140.0 211.8 91.6 281.0 177.8 195.6 0.0 105.7 221.4 154.7 233.5 300.0 256.1 147.8 116.9 236.8 199.1 133.9 165.2 283.3 185.4 258.8 248.5 275.6 174.6 243.4 252.8 279.5 176.1 110.7 178.3 232.6 229.2 217.6 252.4 189.2 189.9 141.6 240.9 260.9 251.6 245.5 167.8 332.0 318.1 284.2 192.9 136.0 311.8 227.6 167.5 178.4 247.0 199.4 175.0 144.6 193.5 160.6 215.4 193.7 143.9 199.6 173.6 207.8 130.1 82.7 146.0 122.1 123.9 180.4 260.4 86.3 242.7 278.7 232.1 186.8 259.3 274.1 225.4 292.3 202.0 176.4 181.4 192.8 148.2 76.6 175.8 154.1 290.7 226.3 206.7 124.4 251.0 159.1 158.1 125.5 136.2 234.2 187.9 188.6 215.8 129.3
1569.5 71.0 132.7 84.5 203.1 219.2 211.7 133.4 164.6 146.4 222.5 116.5 119.3 195.8 114.0 53.3 235.8 143.4 240.3 139.0 56.2 46.1 176.7 84.4 192.4 142.9 116.4 240.7 24.0 257.4 176.8 172.0 109.7 0.0 139.5 135.9 143.6 276.4 180.2 148.1 145.8 146.9 109.2 28.2 129.4 161.4 101.8 182.9 166.6 252.0 151.0 161.5 176.9 197.6 94.2 87.1 154.7 209.0 188.9 135.7 170.5 165.6 108.0 118.0 206.0 237.3 161.7 169.6 144.2 232.4 234.6 202.3 169.3 164.9 134.0 204.0 76.5 96.5 157.1 175.8 203.9 121.0 222.4 146.4 191.8 170.1 145.5 117.7 91.7 125.9 106.5 77.1 64.1 122.4 100.3 156.8 184.5 115.2 219.1 255.1 150.2 106.2 176.0 250.5 201.8 216.4 178.4 158.7 136.0 169.2 154.2 105.5 152.2 72.2 267.1 145.8 235.6 145.9 227.4 77.2 134.5 19.8 112.6 210.6 106.0 165.0 133.9 158.2
1495.2 153.2 244.6 196.4 315.0 228.1 323.6 6.0 276.5 249.4 82.9 230.1 231.2 255.8 25.4 89.7 244.7 224.0 352.2 166.5 168.1 126.7 100.2 165.0 59.7 186.3 228.3 251.6 135.9 369.3 288.7 283.9 221.6 155.7 0.0 216.5 166.2 388.3 112.6 191.5 257.7 129.6 136.7 175.6 210.0 191.7 163.2 100.4 33.9 363.9 264.1 93.2 82.3 58.0 126.5 199.0 266.6 320.9 197.8 85.5 30.9 277.5 124.7 229.9 195.9 349.2 114.8 102.0 256.1 92.8 110.4 62.7 281.2 249.5 244.5 315.9 157.1 127.3 119.4 287.7 289.9 232.9 257.4 186.3 303.7 282.0 226.1 21.7 83.8 13.5 218.4 186.6 108.5 165.8 212.2 268.7 68.3 227.1 331.0 367.0 53.9 186.8 37.8 362.4 313.7 137.9 290.3 202.1 179.4 306.8 197.6 217.4 264.1 70.5 379.0 3.9 296.1 232.7 339.3 101.3 246.4 184.0 224.5 322.5 125.2 276.9 50.2 242.8
1654.5 138.0 180.1 76.1 250.5 198.5 259.1 218.4 212.0 32.8 327.2 163.9 166.7 133.4 199.0 138.3 189.5 91.1 290.3 206.0 103.6 94.5 243.7 98.6 277.4 184.4 163.8 153.9 120.3 304.8 166.2 219.4 101.3 129.5 224.5 0.0 210.6 323.8 247.2 171.6 105.3 213.9 176.2 157.7 104.2 260.4 209.2 249.9 251.6 299.4 198.4 228.5 243.9 287.4 161.2 134.5 202.1 256.4 168.2 202.7 255.5 213.0 175.0 165.4 183.9 284.7 228.7 236.6 191.6 323.1 301.6 287.3 216.7 57.0 288.9 251.4 105.8 163.5 224.1 223.2 97.4 168.4 135.6 184.4 239.2 217.5 9.5 208.0 176.7 210.9 153.9 106.5 125.2 145.9 147.7 204.2 259.5 106.8 266.5 302.5 244.5 82.9 262.4 297.9 249.2 283.4 225.8 200.2 205.2 242.3 172.0 94.1 199.6 157.2 314.5 228.4 148.8 63.4 274.8 162.2 181.9 149.3 160.0 258.0 173.0 212.4 218.9 50.3
1472.8 100.2 253.2 211.1 323.6 290.4 332.2 176.2 243.9 240.0 139.2 195.1 247.1 267.0 203.2 142.5 307.0 214.6 360.8 65.8 176.7 117.3 55.7 155.6 229.9 151.3 236.9 329.2 144.5 377.9 304.6 292.5 236.3 168.8 170.1 207.1 0.0 396.9 129.2 135.0 270.4 25.9 33.7 140.6 200.6 49.7 120.3 79.7 204.1 372.5 271.5 141.3 131.4 99.4 123.4 207.1 275.2 329.5 260.1 164.9 139.1 288.4 85.8 245.8 276.2 357.8 40.7 92.4 272.0 191.3 113.6 137.0 289.8 240.1 9.2 324.5 147.7 74.3 36.1 296.3 280.5 241.5 310.9 154.8 312.3 290.6 216.7 212.2 180.9 183.7 234.3 151.6 159.3 130.8 228.1 277.3 133.1 241.8 339.6 375.6 132.0 177.4 132.2 371.0 322.3 97.2 298.9 167.1 144.4 289.7 162.6 232.1 272.7 161.4 387.6 163.8 324.1 223.3 347.9 166.4 231.4 149.0 233.1 331.1 135.2 285.5 175.0 233.4
1749.2 312.9 123.3 234.9 127.8 274.2 127.6 375.3 219.6 245.7 464.4 189.1 134.8 186.9 355.9 295.2 261.0 280.3 97.5 380.9 216.9 288.0 418.6 287.8 434.3 255.3 137.9 225.4 251.6 41.6 138.2 172.6 273.8 265.7 381.4 282.9 385.5 0.0 422.1 325.8 175.0 388.8 351.1 293.9 293.4 403.3 322.9 424.8 408.5 149.8 151.6 403.4 418.8 439.5 336.1 229.3 222.1 93.6 254.5 377.6 412.4 195.2 349.9 135.1 254.5 32.6 403.6 411.5 163.0 474.3 476.5 444.2 161.6 229.0 463.8 93.5 295.7 338.4 399.0 117.3 188.6 132.0 207.1 273.3 133.3 166.8 272.1 359.6 333.6 367.8 147.8 260.7 306.0 300.1 154.7 157.4 426.4 238.3 108.6 117.4 392.1 315.0 417.9 83.7 143.3 458.3 204.1 271.1 318.9 84.4 266.8 213.9 181.8 314.1 17.0 387.7 220.3 266.4 84.6 319.1 207.1 285.5 141.7 140.7 347.9 136.4 375.8 235.7
1562.8 149.7 302.7 242.6 373.1 339.9 381.7 127.7 275.4 289.5 132.5 226.6 278.6 316.5 147.1 192.0 356.5 264.1 368.5 142.0 226.2 166.8 52.8 205.1 194.9 182.8 286.4 378.7 194.0 427.4 336.1 342.0 267.8 200.3 121.6 256.6 118.8 446.4 0.0 188.0 303.9 82.2 109.9 172.1 250.1 136.6 159.7 39.0 169.1 422.0 321.0 89.7 60.8 92.7 123.0 238.6 302.9 379.0 309.6 132.8 114.1 335.6 121.2 277.3 326.7 407.3 67.4 25.7 303.5 158.0 106.9 130.3 339.3 289.6 197.1 374.0 197.2 123.8 72.0 345.8 330.0 291.0 360.4 186.3 361.8 340.1 266.2 143.4 137.7 135.2 265.8 183.1 208.8 162.3 259.6 326.8 86.4 273.3 389.1 425.1 79.4 226.9 119.6 388.1 371.8 72.5 348.4 198.6 175.9 339.2 194.1 263.6 322.2 177.5 437.1 115.3 373.6 266.6 355.6 155.2 262.9 180.5 282.6 380.6 139.7 335.0 121.2 282.9
1548.7 135.6 188.6 122.4 259.0 325.8 267.6 201.7 165.0 184.3 250.1 116.2 168.2 240.1 206.6 145.9 314.2 218.9 258.1 128.9 112.1 152.7 166.6 191.0 268.9 64.3 172.3 278.6 102.3 313.3 225.7 227.9 147.6 116.4 195.6 221.5 133.5 332.3 156.1 0.0 183.7 136.8 99.1 117.8 232.0 151.3 66.2 158.8 243.1 307.9 206.9 176.7 152.8 210.3 158.8 136.0 192.5 264.9 295.5 200.3 188.1 221.5 121.2 166.9 307.7 293.2 151.6 145.5 193.1 232.0 218.1 219.9 225.2 202.8 211.8 259.9 183.1 109.7 147.0 231.7 241.8 176.9 260.3 83.7 247.7 226.0 210.7 210.3 184.3 218.5 155.4 62.9 156.7 24.6 149.2 212.7 160.4 153.1 275.0 311.0 153.4 212.8 193.6 306.4 257.7 192.3 234.3 48.5 83.9 225.1 91.5 143.4 208.1 164.8 323.0 189.3 273.5 205.0 245.2 169.8 152.5 126.2 168.5 266.5 170.6 220.9 196.4 196.1
1665.6 195.9 194.2 59.8 264.6 147.0 197.1 253.2 226.1 70.6 342.3 178.0 133.2 56.3 233.8 173.1 130.4 105.2 151.6 263.9 117.7 152.4 301.6 112.7 312.2 198.5 177.9 94.8 129.5 196.0 60.8 233.5 98.7 143.6 259.3 107.8 268.5 215.0 294.0 185.7 0.0 271.8 234.1 171.8 118.3 318.3 223.3 296.7 286.4 313.5 212.5 286.4 290.7 317.4 219.1 148.6 216.2 219.0 123.9 260.6 290.3 229.4 232.9 133.5 123.9 164.0 286.6 283.4 161.4 369.9 356.0 322.1 230.8 89.1 258.9 163.0 120.6 221.4 282.0 186.8 58.0 182.5 76.5 202.0 202.8 231.6 97.0 242.8 211.5 245.7 168.0 120.6 183.1 160.0 161.8 218.3 298.3 63.2 178.1 232.6 270.0 139.9 297.2 168.6 212.8 330.2 239.9 214.3 219.3 180.3 186.1 38.8 213.7 192.0 193.8 264.2 89.7 77.5 136.1 197.0 196.0 163.4 174.1 223.4 230.9 165.1 253.7 82.4
1543.5 94.1 247.1 205.0 317.5 284.3 326.1 150.2 237.8 233.9 113.2 189.0 241.0 260.9 169.6 136.4 300.9 208.5 354.7 59.7 170.6 111.2 29.7 149.5 203.9 145.2 230.8 323.1 138.4 371.8 298.5 286.4 230.2 162.7 144.1 201.0 36.5 390.8 103.2 150.4 264.3 0.0 27.6 134.5 194.5 86.3 122.1 53.7 178.1 366.4 265.4 135.2 107.7 73.4 117.3 201.0 269.1 323.4 254.0 158.8 113.1 280.0 79.7 239.7 270.1 351.7 14.7 66.4 265.9 165.3 87.6 111.0 283.7 234.0 114.8 318.4 141.6 68.2 10.1 290.2 274.4 235.4 304.8 145.2 306.2 284.5 210.6 165.9 174.8 157.7 228.2 145.5 153.2 124.7 222.0 280.8 98.6 235.7 333.5 369.5 125.9 171.3 106.2 364.9 316.2 71.2 292.8 161.0 138.3 309.3 156.5 226.0 266.6 155.3 381.5 137.8 318.0 217.2 341.8 160.3 225.3 142.9 227.0 325.0 129.1 279.4 168.1 227.3
1507.2 66.4 219.4 177.3 289.8 256.6 298.4 146.5 210.1 206.2 150.9 161.3 213.3 233.2 169.4 108.7 273.2 180.8 329.6 32.0 142.9 83.5 67.4 121.8 213.7 117.5 203.1 295.4 110.7 344.1 270.8 258.7 202.5 135.0 144.1 177.0 34.3 363.1 100.9 122.7 240.3 33.9 0.0 106.8 166.8 80.4 94.4 91.4 187.9 347.8 238.9 107.5 97.6 107.4 89.6 173.3 241.4 295.7 226.3 131.1 136.6 254.6 52.0 212.0 242.4 324.0 52.4 90.3 238.2 176.8 125.3 148.7 256.0 206.3 22.5 290.7 113.9 40.5 47.8 262.5 246.7 207.7 277.1 117.5 278.5 256.8 182.9 178.4 147.1 154.0 200.5 117.8 125.5 97.0 194.3 253.1 113.2 208.0 305.8 345.5 98.2 147.3 139.8 337.2 288.5 105.2 265.1 133.3 110.6 259.6 128.8 198.3 238.9 127.6 353.8 136.5 290.3 193.2 314.1 132.6 197.6 115.2 203.0 297.3 105.1 251.7 141.2 199.6
1597.7 99.2 160.9 112.7 231.3 247.4 239.9 161.6 192.8 174.6 256.3 158.5 147.5 224.0 142.2 81.5 264.0 171.6 268.5 135.1 84.4 74.3 172.8 112.6 220.6 114.7 144.6 268.9 52.2 285.6 205.0 200.2 137.9 28.2 167.7 164.1 139.7 304.6 162.3 119.9 174.0 143.0 105.3 0.0 157.6 189.5 73.6 165.0 194.8 280.2 179.2 182.9 159.0 216.5 122.4 115.3 182.9 237.2 217.1 163.9 194.3 193.8 127.4 146.2 233.2 265.5 157.8 151.7 172.4 238.2 224.3 226.1 197.5 193.1 130.1 232.2 104.7 115.9 153.2 204.0 232.1 149.2 250.6 114.7 220.0 198.3 173.7 145.9 121.0 154.1 134.7 115.0 92.3 94.2 128.5 185.0 174.6 143.4 247.3 283.3 159.6 134.4 201.2 278.7 230.0 198.5 206.6 130.5 107.8 197.4 126.0 133.7 180.4 100.4 295.3 171.6 263.8 180.3 255.6 105.4 162.7 8.3 140.8 238.8 134.2 193.2 162.1 186.4
1642.3 125.8 197.1 93.1 267.5 192.1 276.1 206.2 229.0 95.3 315.0 180.9 183.7 168.7 186.8 126.1 208.7 14.0 304.7 193.8 120.6 82.3 231.5 92.2 265.2 201.4 180.8 190.7 108.1 321.8 185.0 236.4 118.3 127.9 212.3 80.4 198.4 340.8 235.0 188.6 124.1 201.7 164.0 156.1 0.0 216.2 208.5 237.7 239.4 316.4 215.4 216.3 231.7 275.2 149.0 151.5 219.1 273.4 161.8 190.5 243.3 230.0 162.8 182.4 178.9 301.7 216.5 224.4 208.6 310.9 289.4 275.1 233.7 93.8 276.7 268.4 93.6 151.3 211.9 240.2 134.2 185.4 172.4 204.9 256.2 234.5 90.0 190.5 164.5 198.7 170.9 123.5 113.0 162.9 164.7 221.2 239.3 123.8 283.5 319.5 232.3 21.6 248.8 314.9 266.2 271.2 242.8 217.2 224.7 233.6 189.0 112.9 216.6 145.0 331.5 218.6 185.6 52.8 291.8 150.0 198.9 147.7 177.0 275.0 160.8 229.4 206.7 87.1
1485.1 135.3 288.3 246.2 358.7 325.5 367.3 211.3 277.2 275.1 174.3 228.4 280.4 302.1 238.3 177.6 342.1 249.7 395.9 100.9 211.8 152.4 90.8 190.7 265.0 186.4 272.0 364.3 179.6 413.0 337.9 329.0 271.4 203.9 205.2 242.2 35.0 432.0 164.3 147.3 305.5 61.0 65.1 175.7 235.7 0.0 132.6 114.8 239.2 416.7 307.8 176.4 166.5 134.5 158.5 242.2 310.3 364.6 295.2 200.0 174.2 321.2 120.9 279.1 312.3 392.9 75.8 127.5 305.3 226.4 148.7 172.1 324.9 275.2 44.2 359.6 182.8 109.4 71.2 331.4 315.6 276.6 346.0 186.4 347.4 325.7 251.8 247.3 217.1 218.8 267.6 186.7 194.4 165.9 261.4 312.4 168.2 276.9 374.7 410.7 167.1 212.5 167.3 406.1 357.4 132.3 334.0 195.6 179.5 324.8 197.7 267.2 307.8 196.5 422.7 198.9 359.2 258.4 383.0 201.5 264.7 184.1 268.2 366.2 170.3 320.6 210.1 268.5
1580.2 109.4 228.3 162.1 298.7 299.6 307.3 175.5 194.9 224.0 223.9 146.1 198.1 276.2 194.9 151.7 316.2 223.8 288.0 102.7 151.8 126.5 140.4 164.8 242.7 102.3 212.0 318.3 125.9 353.0 255.6 267.6 187.3 101.8 169.4 216.3 107.3 372.0 129.9 46.8 223.4 110.6 72.9 73.6 209.8 125.1 0.0 132.6 216.9 347.6 246.6 150.5 126.6 184.1 132.6 158.1 222.4 304.6 269.3 174.1 161.9 261.2 95.0 196.8 286.4 332.9 125.4 119.3 223.0 205.8 191.9 193.7 264.9 242.5 97.7 299.6 156.9 83.5 120.8 271.4 281.5 216.6 300.0 105.8 287.4 265.7 225.9 191.2 185.5 183.0 185.3 102.6 168.5 71.5 179.1 252.4 134.2 192.8 314.7 350.7 127.2 186.6 167.4 307.6 297.4 166.1 274.0 95.1 60.1 264.8 113.6 183.1 247.8 170.6 362.7 163.1 313.2 226.3 275.1 175.6 182.4 82.0 208.2 306.2 144.4 260.6 170.2 235.8
1523.7 137.3 290.3 235.7 360.7 327.5 369.3 120.8 268.5 277.1 93.4 219.7 271.7 304.1 140.2 179.6 344.1 251.7 361.6 102.9 213.8 154.4 13.7 192.7 188.0 175.9 274.0 366.3 181.6 415.0 329.2 329.6 260.9 193.4 114.7 244.2 79.7 434.0 49.4 181.1 297.0 43.1 70.8 165.2 237.7 97.5 152.8 0.0 162.2 409.6 308.6 82.8 53.9 53.6 116.1 231.7 296.0 366.6 297.2 125.9 107.2 323.2 114.3 270.4 314.3 394.9 28.3 12.6 296.6 145.5 67.8 91.2 326.9 277.2 70.1 361.6 184.8 111.4 32.9 333.4 317.6 278.6 348.0 179.4 349.4 327.7 253.8 136.5 130.8 128.3 258.9 176.2 196.4 155.4 252.7 314.4 79.5 266.4 376.7 412.7 72.5 214.5 87.8 408.1 359.4 33.4 336.0 191.7 169.0 326.8 187.2 256.7 309.8 170.6 424.7 108.4 361.2 254.2 348.7 148.3 256.0 173.6 270.2 368.2 132.8 322.6 114.3 270.5
1541.1 151.2 263.6 215.4 334.0 247.1 342.6 39.7 295.5 268.4 128.8 276.0 250.2 274.8 44.4 108.7 263.7 243.0 371.2 212.4 187.1 145.7 146.1 184.0 25.7 232.2 247.3 270.6 154.9 388.3 307.7 304.3 240.6 174.7 45.8 235.5 212.1 407.3 158.5 237.4 276.7 175.5 182.6 202.9 229.0 209.9 209.1 146.3 0.0 382.9 281.9 139.1 121.6 103.9 142.9 218.0 285.6 339.9 216.8 86.5 76.8 296.5 170.6 248.9 215.9 368.2 160.7 147.9 275.1 138.7 156.3 108.6 300.2 268.5 290.4 334.9 176.1 173.2 165.3 306.7 308.9 251.9 276.4 235.7 322.7 301.0 245.1 40.7 84.8 32.5 237.4 208.0 127.5 211.7 231.2 287.7 114.2 246.1 350.0 386.0 105.8 205.8 82.3 381.4 332.7 183.8 309.3 248.0 225.3 300.1 243.5 236.4 283.1 89.5 398.0 52.1 315.1 245.5 358.3 102.3 265.4 194.5 243.5 341.5 126.2 295.9 51.2 261.8
1790.7 292.2 169.6 275.8 36.8 365.2 115.6 354.6 177.9 329.3 443.7 192.3 225.8 277.9 335.2 274.5 352.0 363.9 132.6 360.2 196.2 275.7 397.9 305.6 413.6 269.5 184.2 316.4 230.9 122.5 229.2 164.7 292.6 245.0 360.7 365.5 364.8 141.5 401.4 305.1 266.0 368.1 334.1 273.2 350.6 423.0 342.7 404.1 387.8 0.0 177.5 382.7 398.1 418.8 315.4 208.6 168.0 74.1 345.5 356.9 400.1 189.5 337.6 226.1 346.4 174.2 382.9 390.8 262.4 453.6 455.8 423.5 70.6 320.0 361.4 189.8 297.7 317.7 378.3 134.1 279.6 178.3 298.1 255.5 118.1 123.6 355.7 344.2 312.9 347.1 216.2 240.0 285.3 279.4 214.7 163.3 413.7 298.1 174.7 120.2 379.8 335.8 407.0 115.6 116.5 437.6 160.9 285.3 338.7 132.4 246.1 288.4 205.2 293.4 158.6 364.6 311.3 336.2 148.1 298.4 189.9 264.8 196.4 97.5 335.6 160.3 355.1 341.1
1698.0 199.5 41.1 174.7 148.7 279.7 118.9 261.9 118.6 236.6 351.0 99.6 86.2 192.4 242.5 181.8 266.5 271.2 150.1 267.5 103.5 174.6 305.2 212.9 320.9 176.8 24.5 230.9 138.2 166.6 143.7 21.1 201.1 152.3 268.0 264.4 272.1 185.6 308.7 212.4 180.5 275.4 241.4 180.5 257.9 321.9 250.0 311.4 295.1 179.8 0.0 290.0 305.4 326.1 222.7 115.9 108.7 118.2 260.0 264.2 299.0 84.1 236.5 84.9 260.9 144.5 290.2 298.1 111.1 360.9 363.1 330.8 123.3 234.5 262.5 111.2 205.0 225.0 285.6 83.0 194.1 14.6 212.6 162.8 99.0 53.8 263.0 251.5 221.4 254.4 83.0 147.3 192.6 186.7 89.9 15.3 321.0 205.4 126.3 163.1 278.7 234.7 305.9 159.7 109.0 344.9 112.7 192.6 246.0 102.1 153.4 195.7 68.4 200.7 174.3 271.9 225.8 243.5 134.6 205.7 117.6 172.1 28.3 119.6 234.5 72.2 262.4 248.4
1550.7 59.9 212.9 152.8 283.3 250.1 291.9 146.0 185.6 199.7 194.4 136.8 188.8 226.7 162.9 102.2 266.7 174.3 278.7 73.2 136.4 77.0 110.9 115.3 213.2 93.0 196.6 288.9 104.2 337.6 246.3 252.2 178.0 110.5 139.9 166.8 77.8 356.6 100.4 98.2 214.1 81.1 43.4 82.3 160.3 95.6 69.9 103.1 187.4 332.2 231.2 0.0 97.1 154.6 83.1 148.8 213.1 289.2 219.8 124.6 132.4 245.8 45.5 187.5 236.9 317.5 95.9 89.8 213.7 176.3 162.4 164.2 249.5 199.8 68.2 284.2 107.4 34.0 91.3 256.0 240.2 201.2 270.6 96.5 272.0 250.3 176.4 166.6 140.6 153.5 176.0 93.3 119.0 72.5 169.8 237.0 104.7 183.5 299.3 335.3 97.7 137.1 137.9 298.3 282.0 136.6 258.6 108.8 86.1 249.4 104.3 173.8 232.4 121.1 347.3 133.6 283.8 176.8 265.8 126.1 173.1 90.7 192.8 290.8 94.9 245.2 140.7 193.1
1566.4 110.7 263.7 203.6 334.1 300.9 342.7 97.9 236.4 250.5 148.3 187.6 239.6 277.5 122.6 153.0 317.5 225.1 329.5 124.0 187.2 127.8 68.6 166.1 138.9 143.8 247.4 339.7 155.0 388.4 297.1 304.4 228.8 161.3 104.0 217.6 128.6 407.4 52.1 149.0 264.9 98.0 94.2 133.1 211.1 146.4 120.7 54.8 113.1 383.0 282.0 50.7 0.0 108.5 84.0 199.6 263.9 340.0 270.6 71.9 102.1 296.6 82.2 238.3 287.7 368.3 83.2 41.5 264.5 146.0 122.7 133.9 300.3 250.6 206.9 335.0 158.2 84.8 87.8 306.8 291.0 252.0 321.4 147.3 322.8 301.1 227.2 118.9 93.6 110.7 226.8 144.1 169.8 123.3 220.6 287.8 74.4 234.3 350.1 386.1 67.4 187.9 107.6 349.1 332.8 88.3 309.4 159.6 136.9 300.2 155.1 224.6 283.2 133.4 398.1 110.3 334.6 227.6 316.6 111.1 223.9 141.5 243.6 341.6 100.7 296.0 60.3 243.9
1470.0 165.7 318.7 276.6 389.1 298.8 397.7 76.7 309.4 305.5 39.7 260.6 312.6 332.5 96.1 160.4 315.4 280.1 426.3 131.3 242.2 182.8 42.1 221.1 130.4 216.8 302.4 322.3 210.0 443.4 370.1 358.0 301.8 234.3 70.6 272.6 108.1 462.4 91.8 222.0 335.9 71.5 99.2 206.1 266.1 157.9 193.7 42.3 104.6 438.0 337.0 125.2 96.3 0.0 158.5 272.6 340.7 395.0 268.5 168.3 39.6 353.9 151.3 311.3 266.6 423.3 56.7 55.0 337.5 91.8 52.3 37.5 355.3 305.6 186.4 390.0 213.2 139.8 61.3 361.8 346.0 307.0 328.1 216.8 377.8 356.1 282.2 133.9 153.3 84.2 299.8 217.1 179.2 196.3 293.6 352.4 43.3 307.3 405.1 441.1 95.0 242.9 32.7 436.5 387.8 79.8 364.4 232.6 209.9 355.2 228.1 297.6 338.2 141.2 453.1 64.3 389.6 288.8 413.4 170.8 296.9 214.5 298.6 396.6 175.2 351.0 138.0 298.9
1620.6 33.1 203.6 170.2 274.0 240.8 282.6 119.2 235.5 190.4 208.3 204.1 190.2 217.4 153.6 92.9 257.4 165.0 311.2 138.6 127.1 67.7 176.3 106.0 160.2 160.3 187.3 279.6 94.9 328.3 247.7 242.9 195.4 114.7 125.3 157.5 143.2 347.3 160.5 165.5 220.8 146.5 108.8 149.6 151.0 161.0 137.2 163.2 134.4 322.9 221.9 67.2 108.3 183.4 0.0 158.0 225.6 279.9 210.5 46.3 156.3 236.5 52.2 188.9 227.6 308.2 161.3 149.9 215.1 232.4 220.7 188.1 240.2 190.5 133.6 274.9 98.1 63.7 156.7 246.7 230.9 191.9 261.3 163.8 262.7 241.0 167.1 140.2 114.9 132.0 177.4 160.6 109.7 139.8 171.2 227.7 163.0 200.9 290.0 326.0 115.9 127.8 161.8 321.4 272.7 196.7 249.3 176.1 153.4 240.1 171.6 191.2 223.1 111.8 338.0 131.6 274.5 167.5 298.3 116.8 205.4 158.0 183.5 281.5 16.6 235.9 81.6 183.8
1617.6 119.1 101.1 94.3 171.5 267.3 180.1 181.5 133.0 156.2 270.6 122.6 87.7 193.9 162.1 101.4 268.0 190.8 208.7 187.1 23.1 94.2 224.8 132.5 240.5 60.8 84.8 232.4 57.8 225.8 145.2 140.4 119.5 71.9 187.6 184.0 191.7 244.8 217.1 126.8 155.6 195.0 157.3 100.1 177.5 209.5 146.4 219.8 214.7 220.4 119.4 209.6 213.8 245.7 142.3 0.0 123.1 177.4 237.0 183.8 218.6 134.0 156.1 86.4 254.1 205.7 209.8 206.5 112.6 293.0 279.1 250.4 137.7 174.7 270.0 172.4 124.6 144.6 205.2 144.2 195.6 89.4 214.1 43.9 160.2 138.5 182.6 165.8 139.8 174.0 74.9 66.9 112.2 101.1 68.7 125.2 221.4 125.0 187.5 223.5 198.3 154.3 224.1 218.9 170.2 253.3 146.8 76.6 142.4 137.6 37.5 115.3 120.6 120.3 235.5 193.9 227.3 176.9 195.8 125.3 102.9 91.7 81.0 179.0 154.1 133.4 182.0 168.0
1672.1 204.7 111.9 179.9 123.5 319.6 187.0 267.1 26.7 241.8 356.2 72.4 126.1 232.3 247.7 187.0 306.4 276.4 206.6 272.7 108.7 179.8 310.4 218.1 326.1 182.0 95.6 270.8 143.4 193.9 183.6 139.3 205.1 157.5 273.2 269.6 277.3 212.9 313.9 217.6 241.2 280.6 242.9 185.7 263.1 295.1 206.2 316.6 300.3 172.4 130.2 295.2 310.6 331.3 227.9 121.1 0.0 145.5 322.6 269.4 304.2 144.8 241.7 124.8 299.9 216.5 295.4 303.3 151.0 366.1 368.3 336.0 89.7 260.3 355.6 183.2 210.2 230.2 290.8 155.0 234.0 100.2 252.5 165.1 167.7 106.6 268.2 251.4 225.4 259.6 113.3 152.5 197.8 191.9 107.1 136.0 318.2 210.6 198.3 191.6 283.9 239.9 309.7 187.0 157.7 350.1 114.9 197.8 202.2 148.4 158.6 200.9 131.4 205.9 230.0 279.5 265.7 262.5 206.6 210.9 38.7 177.3 91.8 147.1 239.7 144.2 267.6 253.6
1766.0 267.0 112.8 242.2 34.1 291.0 41.4 329.4 152.7 262.5 418.5 167.1 151.6 203.7 310.0 249.3 277.8 297.1 61.0 335.0 171.0 242.1 372.7 280.4 388.4 244.3 127.4 242.2 205.7 48.3 155.0 105.8 267.4 219.8 335.5 299.7 339.6 67.3 376.2 279.9 191.8 342.9 305.2 248.0 310.2 357.4 317.5 378.9 362.6 56.1 128.2 357.5 372.9 393.6 290.2 183.4 142.8 0.0 271.3 331.7 366.5 141.3 304.0 151.9 271.3 100.0 357.7 365.6 179.8 428.4 430.6 398.3 67.9 245.8 417.9 115.6 272.5 292.5 353.1 83.6 205.4 121.5 223.9 227.4 67.6 73.1 288.9 313.7 288.8 321.9 156.7 214.8 260.1 254.2 163.6 122.4 380.5 255.1 100.5 46.0 346.2 302.2 372.0 41.4 57.6 412.4 110.4 260.1 313.5 94.6 220.9 230.7 154.7 268.2 84.4 341.8 237.1 283.2 73.9 273.2 164.7 239.6 131.2 47.0 302.0 109.8 329.9 252.5
1565.4 185.6 225.7 172.1 347.0 30.2 252.8 208.5 273.7 133.5 297.6 243.2 188.9 55.1 189.1 185.9 46.8 142.9 204.7 253.6 200.1 142.1 291.3 102.4 267.5 291.4 260.3 68.9 167.9 251.7 116.5 315.9 211.0 187.7 214.6 170.7 258.2 270.7 294.8 296.6 120.1 261.5 227.5 215.9 156.0 308.0 268.3 297.5 241.7 330.9 296.1 276.1 291.5 272.7 208.8 231.0 298.6 274.7 0.0 250.3 245.6 309.5 222.6 189.2 13.2 219.7 276.3 284.2 217.1 307.5 325.1 277.4 313.2 132.0 336.5 218.7 110.3 211.1 271.7 242.5 100.5 264.9 74.7 291.4 258.5 314.0 159.9 192.8 224.3 201.0 201.9 232.9 172.8 270.9 244.2 300.7 291.0 175.5 233.8 288.3 268.6 163.1 252.5 224.3 268.5 331.0 322.3 307.2 284.5 236.0 268.5 151.1 296.1 201.7 249.5 218.5 112.2 115.2 191.8 209.8 261.2 207.5 256.5 279.1 220.6 220.8 238.0 125.3
1574.2 64.6 235.1 201.7 305.5 272.3 314.1 72.8 267.0 221.9 161.9 249.6 221.7 248.9 97.5 124.4 288.9 196.5 342.7 170.1 158.6 99.2 130.6 137.5 113.8 205.8 218.8 311.1 126.4 359.8 279.2 274.4 226.9 146.2 78.9 189.0 174.7 378.8 114.1 211.0 252.3 160.0 140.3 195.1 182.5 224.5 182.7 116.8 88.0 354.4 253.4 112.7 61.9 137.0 56.3 189.5 257.1 311.4 242.0 0.0 109.9 268.0 108.6 220.4 258.1 339.7 145.2 103.5 246.6 186.0 174.3 141.7 271.7 222.0 165.1 306.4 129.6 120.1 149.8 278.2 262.4 223.4 292.8 205.8 294.2 272.5 198.6 93.8 68.5 85.6 208.9 206.1 141.2 185.3 202.7 259.2 116.6 232.4 321.5 357.5 69.5 159.3 116.8 352.9 304.2 150.3 280.8 221.6 198.9 297.3 217.1 222.7 254.6 108.3 369.5 82.8 306.0 205.2 329.8 86.0 236.9 166.0 215.0 313.0 39.6 267.4 35.2 215.3
1464.2 165.7 275.6 227.4 346.0 259.1 354.6 37.0 307.5 280.4 51.9 242.6 262.2 286.8 56.4 120.7 275.7 255.0 385.8 158.4 199.1 157.7 69.2 196.0 90.7 198.8 259.3 282.6 166.9 400.3 319.7 314.9 252.6 186.7 30.9 247.5 135.2 419.3 118.9 204.0 288.7 98.6 122.6 188.1 241.0 160.7 175.7 69.4 64.9 394.9 293.9 105.7 94.8 27.0 139.0 230.0 297.6 351.9 228.8 116.5 0.0 308.5 137.2 260.9 226.9 380.2 83.8 82.1 287.1 85.3 79.4 31.7 312.2 280.5 213.5 346.9 188.1 139.8 88.4 318.7 320.9 263.9 288.4 202.3 334.7 313.0 257.1 52.7 114.8 44.5 249.4 199.1 139.5 178.3 243.2 299.7 70.4 258.1 362.0 398.0 66.4 217.8 6.8 393.4 344.7 106.9 321.3 214.6 191.9 337.8 210.1 248.4 295.1 101.5 410.0 24.6 327.1 263.7 370.3 132.3 277.4 196.5 255.5 353.5 155.7 307.9 81.2 273.8
1712.6 214.1 83.5 189.3 161.8 323.3 162.5 276.5 133.2 251.2 365.6 114.2 129.8 236.0 257.1 196.4 310.1 285.8 189.8 282.1 118.1 189.2 319.8 227.5 335.5 193.7 67.2 274.5 152.8 179.7 187.3 122.8 214.5 166.9 282.6 281.3 289.0 198.7 323.3 227.0 224.1 290.0 256.0 195.1 272.5 336.5 264.6 326.0 309.7 192.9 103.0 304.6 320.0 340.7 237.3 130.5 123.3 131.3 305.9 278.8 313.6 0.0 251.1 128.5 304.5 188.1 304.8 312.7 154.7 375.5 377.7 345.4 137.9 269.7 365.0 154.8 219.6 239.6 300.2 126.6 237.7 71.8 256.2 177.4 142.6 90.1 277.6 266.1 234.8 269.0 128.9 161.9 207.2 201.3 133.5 117.2 335.6 220.0 169.9 177.4 293.3 249.3 320.5 172.8 141.2 361.8 30.8 207.2 260.6 145.7 168.0 210.3 13.4 215.3 215.8 286.5 269.4 258.1 178.2 220.3 132.2 186.7 65.7 132.9 249.1 115.8 277.0 263.0
1568.5 54.4 207.4 174.0 277.8 244.6 286.4 176.8 221.4 194.2 212.2 172.6 194.0 221.2 157.4 96.7 261.2 168.8 315.0 91.0 130.9 71.5 128.7 109.8 222.5 128.8 191.1 283.4 98.7 332.1 251.5 248.1 199.2 146.3 182.9 161.3 95.6 351.1 132.2 134.0 224.6 98.9 64.9 118.1 154.8 145.4 105.7 134.9 196.7 326.7 225.7 55.4 128.9 172.4 62.2 184.6 229.4 283.7 214.3 108.6 164.2 240.3 0.0 192.7 230.4 312.0 113.7 121.6 218.9 208.1 186.6 196.0 244.0 194.3 173.9 278.7 101.9 11.5 109.1 250.5 234.7 195.7 265.1 128.8 266.5 244.8 170.9 161.1 136.2 169.3 181.2 129.1 113.5 108.3 175.0 241.1 136.5 204.7 293.8 329.8 129.5 131.6 171.1 325.2 276.5 168.4 253.1 144.6 121.9 269.6 140.1 195.0 226.9 115.6 341.8 165.4 278.3 177.5 302.1 120.6 208.9 126.5 187.3 285.3 78.9 239.7 143.9 187.6
1668.7 170.8 35.4 154.4 157.5 193.7 95.2 233.2 83.4 165.2 322.3 52.9 0.2 106.4 213.8 153.1 180.5 199.8 123.8 230.2 74.8 145.9 267.9 207.3 292.2 119.1 50.0 144.9 109.5 170.8 57.7 84.7 193.3 123.6 239.3 202.4 234.8 183.1 257.4 167.1 94.5 238.1 200.4 151.8 212.9 252.6 186.7 260.1 266.4 182.9 63.7 261.3 254.1 297.4 194.0 87.2 110.9 130.4 174.0 235.5 270.3 107.3 207.8 0.0 174.0 120.8 252.9 246.8 25.1 333.3 319.4 302.1 123.7 148.5 225.2 87.5 215.2 196.3 248.3 59.3 108.1 44.1 126.6 131.2 75.3 118.8 191.6 217.5 192.6 225.7 11.6 118.6 163.9 141.4 18.5 69.5 261.7 157.8 102.6 157.1 250.0 234.5 275.8 143.4 85.3 293.6 132.8 134.9 182.7 52.7 124.7 133.4 93.9 172.0 150.6 245.6 139.8 185.9 110.9 177.0 70.9 143.4 53.8 95.9 205.8 30.5 233.7 155.2
1588.7 191.7 230.9 177.3 353.1 53.5 258.9 196.6 279.8 139.6 285.7 249.3 195.0 61.2 177.2 192.0 70.1 149.0 213.4 259.7 206.2 147.3 297.4 108.5 255.6 296.6 266.4 54.6 174.0 257.8 122.6 321.1 216.2 193.8 201.8 176.8 263.4 276.8 300.9 302.7 125.3 266.7 233.6 221.1 162.1 314.1 274.4 303.2 229.8 346.1 302.2 282.2 285.1 260.8 214.9 237.1 304.7 280.8 22.3 255.5 232.8 317.9 227.8 195.3 0.0 225.8 282.4 290.3 223.2 295.6 313.2 265.5 319.3 138.1 341.7 224.8 116.4 217.2 277.8 248.6 99.3 271.0 60.4 297.5 264.6 320.1 166.0 224.5 230.6 189.1 208.0 239.0 178.9 277.0 249.4 316.4 279.1 181.6 239.9 293.5 256.7 168.3 240.6 230.4 273.7 336.2 328.4 313.3 290.6 241.2 274.6 157.2 302.2 189.8 255.6 206.6 99.1 120.4 197.9 215.9 267.3 213.6 261.7 285.2 225.8 226.9 226.1 131.4
1716.5 280.2 90.6 202.2 169.0 241.5 94.9 342.6 186.9 213.0 431.7 156.4 102.1 154.2 323.2 262.5 228.3 247.6 64.8 348.2 184.2 255.3 385.9 255.1 401.6 222.6 105.2 192.7 218.9 103.9 105.5 139.9 241.1 233.0 348.7 250.2 352.8 62.3 389.4 293.1 142.3 356.1 318.4 261.2 260.7 370.6 290.2 392.1 375.8 191.0 118.9 370.7 386.1 406.8 303.4 196.6 189.4 134.8 221.8 344.9 379.7 162.5 317.2 102.4 221.8 0.0 370.9 378.8 130.3 441.6 443.8 411.5 202.8 196.3 431.1 60.8 263.0 305.7 366.3 84.6 155.9 99.3 174.4 240.6 100.6 174.0 239.4 326.9 300.9 335.1 115.1 228.0 273.3 267.4 122.0 124.7 393.7 205.6 75.9 130.4 359.4 282.3 385.2 84.4 110.6 425.6 193.4 238.4 286.2 51.7 234.1 181.2 149.1 281.4 29.7 355.0 187.6 233.7 51.9 286.4 174.4 252.8 109.0 121.2 315.2 103.7 343.1 203.0
1528.7 108.9 261.9 219.8 332.3 299.1 340.9 135.4 252.6 248.7 98.4 203.8 255.8 275.7 154.8 151.2 315.7 223.3 369.5 74.5 185.4 126.0 14.9 164.3 189.1 160.0 245.6 337.9 153.2 386.6 313.3 301.2 245.0 177.5 129.3 215.8 51.3 405.6 88.4 165.2 279.1 14.7 42.4 149.3 209.3 69.1 136.9 38.9 163.3 381.2 280.2 121.8 92.9 58.6 132.1 215.8 283.9 338.2 268.8 164.9 98.3 294.8 94.5 254.5 285.9 366.5 0.0 51.6 280.7 150.5 72.8 96.2 298.5 248.8 129.6 333.2 156.4 83.0 4.6 305.0 289.2 250.2 319.6 163.5 321.0 299.3 225.4 151.1 169.8 142.9 243.0 160.3 168.0 139.5 236.8 286.0 92.3 250.5 348.3 384.3 111.5 186.1 92.8 379.7 331.0 56.4 307.6 175.8 153.1 298.4 171.3 240.8 281.4 170.1 396.3 123.0 332.8 225.8 356.6 175.1 240.1 157.7 241.8 339.8 143.9 294.2 153.3 242.1
1537.0 130.1 283.1 223.0 353.5 320.3 362.1 108.1 255.8 269.9 106.7 207.0 259.0 296.9 127.5 172.4 336.9 244.5 348.9 116.2 206.6 147.2 27.0 185.5 175.3 163.2 266.8 359.1 174.4 407.8 316.5 322.4 248.2 180.7 102.0 237.0 93.0 426.8 36.7 168.4 284.3 56.4 84.1 152.5 230.5 110.8 140.1 13.2 149.5 402.4 301.4 70.1 41.2 66.9 103.4 219.0 283.3 359.4 290.0 113.2 94.5 316.0 101.6 257.7 307.1 387.7 41.6 0.0 283.9 138.4 81.1 104.5 319.7 270.0 171.3 354.4 177.6 104.2 46.2 326.2 310.4 271.4 340.8 166.7 342.2 320.5 246.6 123.8 118.1 115.6 246.2 163.5 189.2 142.7 240.0 307.2 66.8 253.7 369.5 405.5 59.8 207.3 100.0 368.5 352.2 46.7 328.8 179.0 156.3 319.6 174.5 244.0 302.6 157.9 417.5 95.7 354.0 247.0 336.0 135.6 243.3 160.9 263.0 361.0 120.1 315.4 101.6 263.3
1686.4 206.8 71.4 172.1 193.5 211.4 131.2 269.2 119.4 182.9 358.3 88.9 34.6 124.1 249.8 189.1 198.2 217.5 107.8 266.2 110.8 264.7 303.9 225.0 328.2 155.1 86.0 162.6 145.5 154.8 75.4 120.7 211.0 159.6 275.3 220.1 270.8 173.8 293.4 203.1 112.2 274.1 236.4 187.8 230.6 320.6 222.7 296.1 302.4 228.0 99.7 297.3 290.1 333.4 230.0 123.2 146.9 166.4 191.7 271.5 306.3 143.3 243.8 34.9 192.6 122.8 288.9 282.8 0.0 369.3 355.4 338.1 159.7 166.2 261.2 121.8 232.9 232.3 284.3 95.3 125.8 80.1 144.3 167.2 111.3 154.8 209.3 258.8 227.5 261.7 47.6 232.9 295.4 177.4 54.5 105.5 297.7 175.5 136.9 191.4 286.0 252.2 313.2 127.4 121.3 329.6 168.8 170.9 218.7 88.7 160.7 151.1 129.9 208.0 152.6 279.2 157.5 189.8 94.9 213.0 106.9 179.4 89.8 131.9 241.8 66.5 269.7 172.9
1469.3 218.7 346.6 311.6 417.0 330.1 425.6 108.0 344.4 358.5 69.7 295.6 347.6 357.8 127.4 191.7 346.7 333.1 454.2 211.2 270.1 235.8 122.0 274.1 161.7 251.8 330.3 353.6 237.9 471.3 405.1 385.9 336.8 269.3 101.9 325.6 188.0 490.3 171.7 257.0 372.9 151.4 179.1 241.1 319.1 205.8 228.7 122.2 135.9 465.9 364.9 158.7 147.8 79.8 192.0 307.6 368.6 422.9 299.8 196.7 84.6 379.5 190.2 346.3 298.9 451.2 136.6 134.9 372.5 0.0 132.2 102.5 383.2 358.6 266.3 417.9 266.2 192.8 141.2 389.7 399.0 334.9 359.4 255.3 405.7 384.0 335.2 123.7 177.7 115.5 334.8 252.1 210.5 231.3 328.6 370.7 131.7 342.3 433.0 469.0 119.4 295.9 79.1 464.4 415.7 159.7 392.3 267.6 244.9 383.1 263.1 332.6 366.1 172.5 481.0 95.6 398.1 335.6 441.3 195.2 331.9 249.5 326.5 424.5 208.7 378.9 161.4 351.9
1510.6 188.1 341.1 291.6 411.5 339.4 420.1 117.3 311.6 327.9 80.3 262.8 314.8 354.9 136.7 209.8 356.0 302.5 404.7 153.7 264.6 205.2 64.5 243.5 171.0 231.8 324.8 362.9 232.4 465.8 372.3 380.4 316.8 249.3 111.2 295.0 116.2 484.8 114.2 181.7 352.9 93.9 121.6 221.1 288.5 95.5 167.0 64.7 145.2 460.4 359.4 138.7 118.7 40.5 172.0 287.6 339.1 417.4 309.1 177.4 80.2 374.0 170.2 313.5 308.2 445.7 79.1 77.4 339.7 132.4 0.0 78.1 377.7 328.0 168.9 412.4 235.6 162.2 83.7 384.2 368.4 329.4 368.7 235.3 400.2 378.5 304.6 133.0 157.7 124.8 302.0 232.1 228.6 206.4 295.8 365.2 56.2 322.3 427.5 463.5 99.4 265.3 74.7 424.3 410.2 101.5 386.8 230.0 224.9 377.6 243.1 312.6 360.6 197.5 475.5 104.9 412.0 305.0 391.8 175.2 299.1 229.5 321.0 419.0 188.7 373.4 142.4 321.3
1432.4 198.9 308.8 260.6 379.2 292.3 387.8 70.2 317.3 313.6 51.2 268.5 295.4 320.0 89.6 153.9 308.9 288.2 416.4 187.8 232.3 190.9 88.5 229.2 123.9 232.0 292.5 315.8 200.1 433.5 352.9 348.1 285.8 219.9 64.1 280.7 121.9 452.5 149.7 187.4 321.9 117.9 155.7 221.3 274.2 101.2 172.7 100.2 98.1 428.1 327.1 138.9 128.0 46.3 172.2 263.2 330.8 385.1 262.0 149.7 33.1 341.7 170.4 294.1 261.1 413.4 103.1 112.9 320.3 103.3 59.0 0.0 345.4 313.7 131.1 380.1 221.3 173.0 107.7 351.9 354.1 297.1 321.6 235.5 367.9 346.2 290.3 85.9 148.0 77.7 282.6 232.3 172.7 212.1 276.4 332.9 98.2 291.3 395.2 431.2 99.6 251.0 27.6 426.6 377.9 107.2 354.5 235.7 225.1 345.3 243.3 281.6 328.3 134.7 443.2 57.8 360.3 290.7 403.5 165.5 304.8 229.7 288.7 386.7 188.9 341.1 114.4 307.0
1720.0 221.5 128.7 196.7 33.8 337.9 119.4 283.9 107.2 258.6 373.0 121.6 144.4 250.6 264.5 203.8 324.7 293.2 139.0 289.5 125.5 196.6 327.2 234.9 342.9 198.8 112.4 289.1 160.2 126.3 201.9 160.1 221.9 174.3 290.0 286.4 294.1 145.3 330.7 234.4 258.0 297.4 259.7 202.5 279.9 311.9 272.0 333.4 317.1 82.6 147.0 312.0 327.4 348.1 244.7 137.9 97.3 77.9 339.4 286.2 321.0 144.7 258.5 143.1 318.2 178.0 312.2 320.1 169.3 382.9 385.1 352.8 0.0 277.1 372.4 193.6 227.0 247.0 307.6 137.9 252.3 117.0 270.8 181.9 121.9 127.4 285.0 268.2 242.2 276.4 131.6 169.3 214.6 208.7 125.4 176.7 335.0 227.4 178.5 124.0 300.7 256.7 326.5 119.4 111.9 366.9 113.8 214.6 268.0 172.6 175.4 217.7 148.2 222.7 162.4 296.3 284.0 279.3 151.9 227.7 119.2 194.1 108.6 101.3 256.5 164.1 284.4 270.4
1709.4 168.4 216.1 81.7 286.5 149.0 295.1 248.8 248.0 25.1 357.6 199.9 202.7 76.3 229.4 168.7 132.4 77.7 202.2 236.4 139.6 124.9 274.1 85.2 307.8 220.4 199.8 96.8 150.7 249.2 114.0 256.8 120.6 165.5 254.9 62.3 241.0 268.2 277.6 207.6 71.9 244.3 206.6 193.7 90.8 258.8 245.2 280.3 282.0 335.4 234.4 258.9 274.3 317.8 191.6 170.5 238.1 292.4 143.9 233.1 285.9 249.0 205.4 201.4 125.9 217.2 259.1 267.0 227.6 353.5 332.0 317.7 252.7 0.0 231.4 216.2 93.1 193.9 254.5 259.2 40.3 204.4 78.5 223.9 275.2 253.5 51.5 233.1 208.2 241.3 189.9 142.5 155.6 181.9 183.7 240.2 281.9 85.1 231.3 285.8 274.9 112.4 291.4 221.8 285.2 313.8 261.8 236.2 241.2 207.1 208.0 60.7 235.6 187.6 247.0 261.2 91.7 63.8 189.3 192.6 217.9 185.3 196.0 294.0 203.4 248.4 249.3 6.7
1482.4 122.9 275.9 201.9 346.3 313.1 354.9 198.9 234.7 230.8 161.9 217.8 237.9 257.8 225.9 133.3 297.8 205.4 354.2 56.6 167.5 108.1 46.5 146.4 252.6 142.1 227.7 320.0 135.3 368.7 295.4 284.7 227.1 191.5 160.9 197.9 9.5 387.7 151.9 144.6 261.2 16.7 52.7 131.4 223.3 74.1 144.7 70.5 194.9 363.3 262.3 132.1 154.1 90.2 114.2 197.9 297.9 320.3 282.8 155.7 129.9 308.8 76.6 236.6 299.9 380.5 63.4 83.2 262.8 182.1 104.4 159.7 312.5 230.9 0.0 347.2 138.5 65.1 58.8 319.0 271.3 232.3 301.7 177.5 303.1 313.3 207.5 234.9 204.7 174.5 225.1 142.4 150.1 153.5 250.8 268.1 155.8 232.6 330.4 366.4 154.7 168.2 124.4 361.8 345.0 119.9 289.7 189.8 135.2 280.5 185.3 254.8 263.5 152.2 410.3 156.0 346.8 214.1 338.7 189.1 254.1 139.8 255.8 321.9 157.9 276.3 165.8 224.2
1721.8 253.2 63.6 207.5 153.6 246.8 67.9 315.6 179.3 218.3 404.7 148.8 107.4 159.5 296.2 235.5 233.6 252.9 90.1 321.2 157.2 228.3 358.9 266.6 374.6 230.5 78.2 198.0 191.9 131.7 110.8 112.9 253.6 206.0 321.7 255.5 325.8 149.4 362.4 266.1 147.6 329.1 291.4 234.2 266.0 343.6 303.7 365.1 348.8 175.6 91.9 343.7 359.1 379.8 276.4 169.6 162.4 119.4 227.1 317.9 352.7 135.5 290.2 107.7 227.1 87.1 343.9 351.8 135.6 414.6 416.8 384.5 177.0 201.6 404.1 0.0 258.7 278.7 339.3 57.6 161.2 72.3 179.7 213.6 73.6 147.0 244.7 299.9 273.9 308.1 107.5 201.0 246.3 240.4 114.4 97.7 366.7 210.9 15.0 69.5 332.4 288.4 358.2 109.7 83.6 398.6 166.4 246.3 299.7 24.7 207.1 186.5 122.1 254.4 116.9 328.0 192.9 239.0 77.2 259.4 166.8 225.8 82.0 94.2 288.2 76.7 316.1 208.3
1591.7 75.2 166.2 95.1 236.6 142.6 245.2 155.6 198.1 93.8 264.4 150.0 152.8 119.2 136.2 75.5 159.2 89.9 273.8 143.2 89.7 31.7 180.9 7.9 214.6 181.0 149.9 181.4 57.5 290.9 180.6 205.5 120.3 77.3 161.7 82.4 147.8 309.9 184.4 186.2 122.6 151.1 113.4 105.5 75.9 165.6 157.9 187.1 188.8 285.5 184.5 165.7 181.1 224.6 98.4 120.6 188.2 242.5 112.3 139.9 192.7 199.1 112.2 151.5 129.4 270.8 165.9 173.8 177.7 260.3 238.8 224.5 202.8 92.3 226.1 237.5 0.0 100.7 161.3 209.3 132.7 154.5 163.1 164.6 225.3 203.6 92.0 139.9 113.9 148.1 140.0 125.5 62.4 160.5 133.8 190.3 188.7 125.8 252.6 288.6 181.7 52.7 198.2 284.0 235.3 220.6 211.9 196.8 174.1 202.7 158.1 111.4 185.7 94.4 300.6 168.0 176.3 69.3 260.9 99.4 168.0 97.1 146.1 244.1 110.2 198.5 156.1 85.6
1557.0 42.9 195.9 162.5 266.3 233.1 274.9 165.3 209.9 182.7 200.7 161.1 182.5 209.7 145.9 85.2 249.7 157.3 303.5 79.5 119.4 60.0 117.2 98.3 221.5 117.3 179.6 271.9 87.2 320.6 240.0 235.2 187.7 134.8 171.4 149.8 84.1 339.6 120.7 122.5 213.1 87.4 49.7 106.6 143.3 101.9 94.2 123.4 195.7 315.2 214.2 66.9 117.4 160.9 66.1 173.1 217.9 272.2 202.8 107.6 152.7 228.8 11.5 181.2 219.9 300.5 102.2 110.1 207.4 196.6 175.1 184.5 232.5 182.8 162.4 267.2 90.4 0.0 97.6 239.0 223.2 184.2 253.6 120.8 255.0 233.3 159.4 149.6 123.6 157.8 169.7 117.6 102.0 96.8 163.5 220.0 125.0 193.2 282.3 318.3 118.0 120.1 158.2 313.7 265.0 156.9 241.6 133.1 110.4 232.4 128.6 183.5 215.4 104.1 330.3 153.9 266.8 159.8 290.6 109.1 197.4 115.0 175.8 273.8 77.9 228.2 142.9 176.1
1533.3 104.3 257.3 215.2 327.7 294.5 336.3 140.0 248.0 244.1 103.0 199.2 251.2 271.1 159.4 146.6 311.1 218.7 364.9 69.9 180.8 121.4 19.5 159.7 193.7 155.4 241.0 333.3 148.6 382.0 308.7 296.6 240.4 172.9 133.9 211.2 46.7 401.0 93.0 160.6 274.5 10.1 37.8 144.7 204.7 64.5 132.3 43.5 167.9 376.6 275.6 126.4 97.5 63.2 127.5 211.2 279.3 333.6 264.2 169.0 102.9 290.2 89.9 249.9 281.3 361.9 4.6 56.2 276.1 155.1 77.4 100.8 293.9 244.2 37.1 328.6 151.8 78.4 0.0 300.4 284.6 245.6 315.0 158.9 316.4 294.7 220.8 155.7 174.4 147.5 238.4 155.7 163.4 134.9 232.2 281.4 96.9 245.9 343.7 379.7 116.1 181.5 97.4 375.1 326.4 61.0 303.0 171.2 148.5 293.8 166.7 236.2 276.8 165.5 391.7 127.6 328.2 221.2 352.0 170.5 235.5 153.1 237.2 335.2 139.3 289.6 157.9 237.5
1720.3 225.0 35.4 200.2 104.1 270.6 85.3 287.4 151.1 242.1 376.5 120.6 82.5 183.3 268.0 207.3 257.4 276.7 113.9 293.0 129.0 200.1 330.7 238.4 346.4 202.3 50.0 221.8 163.7 122.0 134.6 84.7 225.4 177.8 293.5 289.9 297.6 141.0 334.2 237.9 171.4 300.9 263.2 206.0 283.4 315.4 275.5 336.9 320.6 126.1 63.7 315.5 330.9 351.6 248.2 141.4 134.2 73.6 250.9 289.7 324.5 107.3 262.0 81.2 250.9 110.9 315.7 323.6 159.4 386.4 388.6 356.3 137.9 225.4 288.0 77.6 230.5 250.5 311.1 0.0 185.0 44.1 203.5 185.4 16.0 118.8 268.5 271.7 245.7 279.9 79.3 172.8 218.1 212.2 86.2 69.5 338.5 230.9 92.7 119.7 304.2 260.2 330.0 115.1 25.9 370.4 138.2 218.1 271.5 42.8 178.9 221.2 93.9 226.2 140.7 299.8 216.7 262.8 101.0 231.2 138.6 197.6 53.8 36.6 260.0 48.5 287.9 232.1
1669.0 208.8 182.8 122.1 266.0 108.6 209.9 282.2 230.8 65.5 371.3 200.3 146.0 35.9 262.8 209.1 92.0 118.1 161.8 276.8 180.0 165.3 314.5 125.6 341.2 260.8 240.2 56.4 191.1 208.8 73.6 232.1 161.0 205.9 288.3 102.7 281.4 227.8 318.0 248.0 77.2 284.7 247.0 234.1 131.2 299.2 285.6 320.7 315.4 288.0 211.1 299.3 314.7 346.4 232.0 210.9 278.5 231.8 103.5 273.5 319.3 289.4 245.8 146.3 85.5 176.8 299.5 307.4 174.2 393.9 372.4 351.1 293.1 40.3 359.7 175.8 133.5 234.3 294.9 199.6 0.0 191.5 38.1 264.3 215.6 293.9 91.9 266.5 248.6 274.7 159.0 182.9 196.0 222.3 165.9 216.9 322.3 125.5 190.9 245.4 315.3 152.8 324.8 181.4 225.6 354.2 302.2 276.6 281.6 166.7 248.4 101.1 276.0 228.0 206.6 294.6 51.3 104.2 148.9 233.0 218.3 225.7 236.4 236.2 243.8 177.9 289.7 47.1
1678.0 179.5 10.3 154.7 137.1 250.1 89.3 241.9 98.6 216.6 331.0 79.6 56.6 162.8 222.5 161.8 236.9 251.2 117.9 247.5 83.5 154.6 285.2 192.9 300.9 156.8 4.5 201.3 118.2 164.9 114.1 35.6 179.9 132.3 248.0 244.4 252.1 177.2 288.7 192.4 150.9 255.4 217.7 160.5 237.9 269.9 230.0 291.4 275.1 179.6 14.6 270.0 285.4 306.1 202.7 95.9 88.7 127.1 230.4 244.2 279.0 61.8 216.5 55.3 230.4 114.9 270.2 278.1 81.5 340.9 343.1 310.8 103.3 204.9 330.4 81.6 185.0 205.0 265.6 53.4 164.5 0.0 183.0 139.9 69.4 69.7 243.0 226.2 200.2 234.4 53.4 127.3 172.6 166.7 60.3 20.4 293.0 185.4 96.7 151.2 258.7 214.7 284.5 137.5 79.4 324.9 92.7 172.6 226.0 46.8 133.4 175.7 48.4 180.7 144.7 254.3 196.2 237.3 105.0 185.7 97.6 152.1 8.3 90.0 214.5 42.6 242.4 211.6
1636.1 239.1 182.0 136.3 265.2 70.4 209.1 244.0 230.0 104.4 333.1 199.5 145.2 55.1 224.6 239.4 53.8 157.0 161.0 307.1 194.2 195.6 344.8 155.9 303.0 275.0 196.6 18.2 206.0 208.0 72.8 232.7 175.2 220.1 250.1 141.6 311.7 227.0 348.3 262.2 76.4 315.0 277.3 248.3 170.1 329.5 299.8 350.6 277.2 287.2 210.3 329.6 332.5 308.2 262.3 225.1 257.5 231.0 70.6 303.8 281.1 253.9 276.1 145.5 47.3 176.0 329.8 337.7 173.4 343.0 360.6 312.9 307.3 79.2 390.0 175.0 163.8 264.6 325.2 198.8 38.8 190.7 0.0 278.5 214.8 308.1 130.8 228.3 277.8 236.5 158.2 197.1 226.3 236.5 165.1 216.1 318.5 139.7 190.1 244.6 304.1 191.7 286.6 180.6 224.8 384.5 316.4 290.8 295.8 165.9 262.6 115.3 240.5 237.2 205.8 256.4 38.6 143.1 148.1 263.3 217.5 239.9 200.4 235.4 274.1 177.1 273.5 85.9
1623.4 152.6 153.4 154.5 223.8 324.1 232.4 218.7 127.4 219.3 267.1 78.6 130.6 236.8 214.4 153.7 310.9 253.9 223.1 145.9 75.4 146.5 183.6 184.8 285.9 13.9 137.1 275.3 110.1 278.1 188.1 192.7 179.7 124.2 209.7 236.3 147.6 297.1 173.1 82.8 218.7 153.8 119.8 131.9 229.8 197.4 102.4 175.8 260.1 281.8 172.9 193.7 169.8 224.4 175.8 52.2 154.9 229.7 289.3 214.4 202.2 188.6 138.2 129.3 305.3 258.0 168.6 162.5 152.6 249.0 235.1 236.9 190.0 237.8 225.9 224.7 176.9 126.7 164.0 196.5 238.5 141.7 257.0 0.0 212.5 194.3 245.7 223.4 192.1 226.3 114.9 97.9 164.5 57.1 108.7 187.1 185.4 188.1 239.8 275.8 170.4 210.1 209.1 240.1 226.0 209.3 199.1 32.6 98.4 193.4 7.7 178.4 172.9 172.6 287.8 208.7 270.2 226.2 207.6 177.6 114.9 143.2 136.8 231.3 184.7 185.7 213.4 231.1
1736.3 241.0 51.4 216.2 88.1 286.6 99.1 303.4 167.1 258.1 392.5 136.6 98.5 199.3 284.0 223.3 273.4 292.7 118.7 309.0 145.0 216.1 346.7 254.4 362.4 218.3 66.0 237.8 179.7 106.0 150.6 100.7 241.4 193.8 309.5 305.9 313.6 125.0 350.2 253.9 187.4 316.9 279.2 222.0 299.4 331.4 291.5 352.9 336.6 110.1 79.7 331.5 346.9 367.6 264.2 157.4 150.2 57.6 266.9 305.7 340.5 123.3 278.0 97.2 266.9 126.9 331.7 339.6 175.4 402.4 404.6 372.3 121.9 241.4 391.9 93.6 246.5 266.5 327.1 16.0 201.0 60.1 219.5 201.4 0.0 105.3 284.5 287.7 261.7 295.9 95.3 188.8 234.1 228.2 102.2 85.5 354.5 246.9 108.7 103.7 320.2 276.2 346.0 99.1 9.9 386.4 142.6 234.1 287.5 58.8 194.9 237.2 109.9 242.2 142.1 315.8 232.7 278.8 117.0 247.2 154.6 213.6 69.8 20.6 276.0 64.5 303.9 248.1
1736.6 238.1 95.0 213.3 93.6 334.8 104.6 300.5 123.8 275.2 389.6 138.2 141.3 247.5 281.1 220.4 321.6 309.8 121.6 306.1 142.1 213.2 343.8 251.5 359.5 215.4 79.6 286.0 176.8 111.5 198.8 32.7 238.5 190.9 306.6 303.0 310.7 130.5 347.3 251.0 235.6 314.0 280.0 219.1 296.5 360.5 288.6 350.0 333.7 115.6 53.8 328.6 344.0 364.7 261.3 154.5 113.9 63.1 315.1 302.8 337.6 112.4 275.1 140.0 315.1 163.2 328.8 336.7 166.2 399.5 401.7 369.4 101.3 293.7 389.0 166.3 243.6 263.6 324.2 101.3 249.2 69.7 267.7 201.4 85.3 0.0 301.6 290.1 258.8 293.0 138.1 185.9 231.2 225.3 145.0 49.2 359.6 244.0 163.7 109.2 317.3 273.3 344.5 104.6 75.3 383.5 81.5 231.2 284.6 131.5 192.0 234.3 123.5 239.3 147.6 312.9 280.9 282.1 137.1 244.3 135.8 210.7 83.4 64.7 273.1 92.3 301.0 287.0
1724.1 148.8 190.9 86.9 261.3 188.9 269.9 229.2 222.8 23.2 338.0 174.7 177.5 123.8 209.8 149.1 179.9 81.5 244.8 216.8 114.4 105.3 254.5 89.0 288.2 195.2 174.6 144.3 131.1 315.6 156.6 230.2 112.1 140.3 235.3 10.8 221.4 334.6 258.0 182.4 95.7 224.7 187.0 168.5 94.6 239.2 220.0 260.7 262.4 310.2 209.2 239.3 254.7 298.2 172.0 145.3 212.9 267.2 158.6 213.5 266.3 223.8 185.8 176.2 173.4 295.5 239.5 247.4 202.4 333.9 312.4 298.1 227.5 47.4 299.7 262.2 96.9 174.3 234.9 234.0 87.8 179.2 126.0 198.7 250.0 228.3 0.0 213.5 187.5 221.7 164.7 117.3 136.0 156.7 158.5 215.0 262.3 108.9 277.3 313.3 255.3 93.7 271.8 308.7 260.0 294.2 236.6 211.0 216.0 227.4 182.8 84.5 210.4 168.0 325.3 241.6 139.2 67.6 231.9 173.0 192.7 160.1 170.8 268.8 183.8 223.2 229.7 40.7
1517.0 145.1 259.1 210.9 293.2 206.3 301.8 15.6 254.7 227.6 104.7 251.9 209.4 234.0 3.7 67.9 222.9 202.2 333.0 188.3 146.3 104.9 122.0 143.2 74.6 231.6 206.5 229.8 114.1 347.5 266.9 298.4 199.8 133.9 56.5 194.7 188.0 366.5 134.4 213.3 272.2 186.2 162.2 162.1 188.2 248.3 185.0 122.2 48.8 351.2 242.3 115.0 104.1 79.8 136.8 177.2 244.8 299.1 176.0 74.6 52.7 258.0 170.0 208.1 174.1 327.4 136.6 123.8 234.3 114.6 132.2 84.5 259.4 227.7 294.7 294.1 135.3 149.1 141.2 265.9 268.1 211.1 235.6 208.1 281.9 296.5 204.3 0.0 72.9 8.1 232.9 167.2 86.7 187.6 226.7 256.5 98.1 205.3 309.2 345.2 75.7 201.3 59.6 340.6 328.2 194.1 268.5 223.9 201.2 321.3 219.4 195.6 242.3 48.7 357.2 25.6 274.3 210.9 317.5 96.2 224.6 153.7 202.7 300.7 120.1 255.1 45.1 221.0
1580.0 120.7 205.7 157.5 276.1 260.9 284.7 78.6 237.6 210.5 168.8 245.9 192.3 237.5 80.3 50.8 277.5 185.1 313.3 182.3 129.2 89.0 144.9 126.1 120.7 202.1 189.4 299.7 97.0 330.4 249.8 247.6 182.7 116.8 84.7 177.6 188.0 349.4 128.4 208.4 218.8 174.3 152.5 145.0 171.1 237.8 179.0 131.1 93.8 326.2 225.2 109.0 91.1 142.8 112.4 160.1 227.7 282.0 230.6 56.0 115.7 240.9 140.5 192.2 248.9 310.3 160.6 117.8 217.2 176.0 162.1 147.5 242.3 210.6 265.2 277.0 118.2 144.2 164.1 248.8 251.0 194.0 281.4 202.1 264.8 243.1 187.2 89.3 0.0 92.2 179.5 150.1 69.6 181.6 173.3 240.6 104.4 188.2 292.1 328.1 57.3 147.9 123.7 323.5 274.8 164.6 251.4 217.9 195.2 267.9 213.4 178.5 225.2 38.5 340.1 89.7 294.6 193.8 300.4 16.2 208.7 136.6 185.6 283.6 96.8 238.0 41.0 203.9
1508.8 136.9 231.0 182.8 301.4 214.5 310.0 7.4 262.9 235.8 96.5 243.7 217.6 242.2 11.8 76.1 231.1 210.4 338.6 180.1 154.5 113.1 113.8 151.4 66.4 199.9 214.7 238.0 122.3 355.7 275.1 270.3 208.0 142.1 13.5 202.9 179.8 374.7 126.2 205.1 244.1 143.2 150.3 189.2 196.4 177.6 176.8 114.0 40.6 350.3 249.3 106.8 95.9 71.6 128.6 185.4 253.0 307.3 184.2 72.2 44.5 263.9 138.3 216.3 183.3 335.6 128.4 115.6 242.5 106.4 124.0 76.3 267.6 235.9 258.1 302.3 143.5 140.9 133.0 274.1 276.3 219.3 243.8 203.4 290.1 268.4 212.5 8.1 70.5 0.0 204.8 200.2 94.9 179.4 198.6 255.1 81.9 213.5 317.4 353.4 67.5 173.2 50.0 348.8 300.1 151.5 276.7 215.7 193.0 267.5 211.2 203.8 250.5 56.9 365.4 19.8 282.5 212.9 325.7 88.0 232.8 161.9 210.9 308.9 111.9 263.3 36.9 229.2
1681.2 159.1 75.4 166.9 145.8 206.2 154.4 221.5 71.7 177.7 310.6 41.2 12.7 118.9 202.1 141.4 193.0 212.3 105.2 218.5 63.1 134.2 256.2 219.8 280.5 107.4 59.1 157.4 97.8 149.6 70.2 114.7 205.8 111.9 227.6 214.9 223.1 168.6 245.7 155.4 107.0 226.4 192.4 140.1 225.4 272.9 175.0 248.4 254.7 194.7 93.7 249.6 242.4 285.7 182.3 75.5 99.2 151.7 186.5 223.8 258.6 108.3 196.1 11.4 186.5 117.6 241.2 235.1 37.6 321.6 307.7 290.4 112.0 161.0 301.4 146.7 164.6 184.6 236.6 118.5 120.6 63.7 139.1 122.4 134.5 112.8 204.1 211.1 179.8 214.0 0.0 106.9 152.2 129.7 6.8 99.5 250.0 170.3 161.8 197.8 238.3 247.0 265.5 122.2 144.5 281.9 121.1 123.2 171.0 137.6 113.0 145.9 94.9 160.3 147.4 232.5 152.3 184.6 89.7 165.3 59.2 131.7 55.3 153.3 194.1 48.4 222.0 167.7
1599.1 100.6 125.6 59.4 196.0 263.3 204.6 163.0 157.5 121.3 252.1 121.6 112.2 177.1 143.6 82.9 251.2 155.9 233.2 146.1 49.1 75.7 183.8 114.0 222.0 77.8 109.3 215.6 39.3 250.3 181.6 164.9 84.6 53.4 169.1 158.5 150.7 269.3 173.3 65.0 120.7 154.0 116.3 81.6 169.0 168.5 102.6 176.0 196.2 244.9 143.9 191.1 170.0 227.2 123.8 80.0 147.6 201.9 233.0 165.3 200.1 158.5 137.6 110.9 244.7 230.2 168.8 162.7 137.1 249.2 235.3 231.9 162.2 139.8 229.0 196.9 106.1 126.1 164.2 168.7 178.8 113.9 197.3 81.3 184.7 163.0 147.7 147.3 121.3 155.5 99.4 0.0 93.7 39.3 93.2 149.7 177.6 90.1 212.0 248.0 170.6 135.8 205.6 243.4 194.7 209.5 171.3 93.6 98.6 162.1 89.1 80.4 145.1 101.8 260.0 175.4 210.5 142.0 220.3 106.8 127.4 73.2 105.5 203.5 135.6 157.9 163.5 133.1
1545.5 95.4 156.2 108.0 226.6 193.7 235.2 109.4 188.1 143.3 198.5 140.0 142.8 170.3 90.0 29.3 210.3 117.9 263.8 163.4 79.7 38.3 201.1 58.9 168.4 171.5 139.9 232.5 47.5 280.9 200.3 195.5 133.2 67.3 115.5 110.4 168.0 299.9 204.6 165.7 169.3 171.3 133.6 95.5 103.9 185.8 178.1 207.3 142.6 275.5 174.5 185.9 160.0 173.6 118.6 110.6 178.2 232.5 163.4 124.9 146.5 189.1 132.4 141.5 180.5 260.8 186.1 194.0 167.7 208.4 226.0 178.3 192.8 143.4 246.3 227.5 51.0 120.9 181.5 199.3 183.8 144.5 214.2 154.6 215.3 193.6 120.0 93.7 67.7 101.9 130.0 100.6 0.0 140.0 123.8 180.3 173.3 138.7 242.6 278.6 126.2 80.7 152.0 274.0 225.3 240.8 201.9 187.3 194.3 192.7 148.1 129.0 175.7 48.2 290.6 121.8 227.4 120.4 250.9 53.2 158.0 87.1 136.1 234.1 130.4 188.5 109.9 136.7
1574.4 110.9 163.9 97.7 234.3 301.1 242.9 177.0 148.5 159.6 225.4 99.7 151.7 215.4 181.9 121.2 289.5 194.2 271.5 104.2 87.4 128.0 141.9 166.3 244.2 55.9 147.6 253.9 77.6 288.6 209.2 203.2 122.9 91.7 170.9 196.8 108.8 307.6 131.4 25.6 159.0 112.1 74.4 93.1 207.3 126.6 60.7 134.1 218.4 283.2 182.2 152.0 128.1 185.6 134.1 111.7 185.9 240.2 270.8 175.6 163.4 196.8 96.5 150.4 283.0 268.5 126.9 120.8 176.6 207.3 193.4 195.2 200.5 178.1 99.2 235.2 158.4 85.0 122.3 207.0 217.1 152.2 235.6 59.4 223.0 201.3 186.0 185.6 160.7 193.8 138.9 38.2 132.0 0.0 132.7 188.0 135.7 128.4 250.3 286.3 128.7 188.1 168.9 281.7 233.0 167.6 209.6 71.7 56.7 200.4 67.2 118.7 183.4 140.1 298.3 164.6 248.8 180.3 258.6 145.1 136.0 101.5 143.8 241.8 145.9 196.2 171.7 171.4
1634.0 152.2 68.5 173.1 138.9 212.4 147.5 214.6 64.8 183.9 303.7 34.3 18.9 125.1 195.2 134.5 199.2 218.5 108.8 211.6 56.2 127.3 249.3 165.6 273.6 100.5 52.2 163.6 90.9 193.2 76.4 107.8 212.0 105.0 220.7 221.1 216.2 212.2 238.8 148.5 113.2 219.5 185.5 133.2 231.6 266.0 168.1 241.5 247.8 187.8 88.0 242.7 235.5 278.8 175.4 68.6 92.3 144.8 192.7 216.9 251.7 101.4 189.2 17.6 192.7 123.8 234.3 228.2 43.8 314.7 300.8 283.5 105.1 167.2 294.5 139.8 157.7 177.7 229.7 111.6 126.8 56.8 145.3 112.6 127.6 105.9 210.3 204.2 172.9 207.1 6.1 100.0 145.3 122.8 0.0 92.6 243.1 176.5 154.9 190.9 231.4 187.4 258.6 128.4 137.6 275.0 114.2 116.3 164.1 130.7 106.1 152.1 88.0 153.4 153.6 224.6 158.5 190.8 95.9 158.4 52.3 124.8 48.4 146.4 187.2 54.6 215.1 173.9
1703.8 205.3 45.7 180.5 142.9 285.5 124.7 267.7 124.4 242.4 356.8 105.4 92.0 198.2 248.3 187.6 272.3 277.0 155.9 273.3 109.3 180.4 311.0 218.7 326.7 192.2 30.3 236.7 144.0 160.8 149.5 16.5 205.7 158.1 273.8 270.2 287.5 179.8 314.5 218.2 186.3 281.2 247.2 186.3 263.7 337.3 255.8 317.2 300.9 174.0 4.5 295.8 311.2 331.9 228.5 121.7 114.5 112.4 265.8 270.0 304.8 89.9 242.3 90.7 266.7 150.3 296.0 303.9 116.9 366.7 368.9 336.6 129.1 240.3 356.2 117.0 210.8 230.8 291.4 88.8 199.9 20.4 218.4 168.6 104.8 49.2 268.8 257.3 226.0 260.2 88.8 153.1 198.4 192.5 105.3 0.0 326.8 211.2 132.1 148.9 284.5 240.5 321.3 153.9 114.8 360.3 118.5 198.4 251.8 107.9 159.2 201.5 74.2 206.5 180.1 277.7 231.6 249.3 140.4 211.5 123.4 177.9 34.1 114.0 240.3 78.0 268.2 254.2
1529.5 142.4 303.9 235.3 365.8 300.9 374.4 78.8 268.1 282.2 101.2 219.3 271.3 309.2 98.2 153.5 317.5 256.8 363.8 154.6 218.9 168.0 65.4 197.8 146.0 175.5 279.1 324.4 186.7 420.1 328.8 336.1 260.5 193.0 72.7 249.3 131.4 439.1 101.8 180.7 296.6 86.8 118.8 164.8 242.8 173.2 152.4 65.6 120.2 423.8 314.9 82.4 71.5 53.4 115.7 231.3 295.6 371.7 270.6 129.6 73.7 330.6 113.9 270.0 268.7 400.0 80.0 78.3 296.2 109.1 57.6 97.0 332.0 282.3 201.7 366.7 189.9 116.5 84.6 338.5 322.7 283.7 353.1 175.5 354.5 332.8 258.9 125.8 109.9 86.3 258.5 175.8 172.3 155.0 252.3 329.1 0.0 266.0 381.8 417.8 51.6 219.6 72.1 380.8 364.5 95.1 341.1 191.3 168.6 357.6 186.8 256.3 314.9 141.2 429.8 68.8 366.3 265.5 348.3 118.9 255.6 173.2 283.8 373.3 140.9 327.7 86.1 275.6
1651.5 153.0 156.4 22.0 226.8 218.6 235.4 215.4 188.3 76.6 304.5 140.2 143.0 132.4 196.0 135.3 206.5 111.2 264.0 229.0 79.9 128.1 266.7 118.7 274.4 160.7 140.1 170.9 91.7 281.1 136.9 195.7 60.9 105.8 221.5 113.8 233.6 300.1 256.2 147.9 76.0 236.9 199.2 134.0 124.3 251.4 185.5 258.9 248.6 275.7 174.7 243.5 252.9 279.6 176.2 110.8 178.4 232.7 188.3 217.7 252.5 189.3 190.0 141.7 200.0 261.0 251.7 245.6 167.9 332.1 318.2 284.3 193.0 95.1 224.0 227.7 126.6 178.5 247.1 199.5 134.1 144.7 152.6 164.2 215.5 193.8 103.0 199.7 173.7 207.9 130.2 82.8 146.1 122.2 124.0 180.5 260.5 0.0 242.8 278.8 232.2 145.9 258.0 274.2 225.5 292.4 202.1 176.5 181.5 192.9 148.3 35.7 175.9 154.2 290.8 227.8 165.8 97.3 251.1 159.2 158.2 125.6 136.3 234.3 188.0 188.7 215.9 88.4
1736.9 268.3 78.7 222.6 144.7 261.9 83.0 330.7 194.4 233.4 419.8 163.9 122.5 174.6 311.3 250.6 248.7 268.0 105.2 336.3 172.3 243.4 374.0 281.7 389.7 245.6 93.3 213.1 207.0 116.6 125.9 128.0 268.7 221.1 336.8 270.6 340.9 135.6 377.5 281.2 162.7 344.2 306.5 249.3 281.1 358.7 318.8 380.2 363.9 166.7 107.0 358.8 374.2 394.9 291.5 184.7 177.5 110.5 242.2 333.0 367.8 150.6 305.3 122.8 242.2 102.2 359.0 366.9 150.7 429.7 431.9 399.6 178.5 216.7 419.2 15.0 273.8 293.8 354.4 72.7 176.3 87.4 194.8 228.7 88.7 162.1 259.8 315.0 289.0 323.2 122.6 216.1 261.4 255.5 129.5 112.8 381.8 226.0 0.0 54.5 347.5 303.5 373.3 109.7 98.7 413.7 181.5 261.4 314.8 39.8 222.2 201.6 137.2 269.5 132.0 343.1 208.0 254.1 92.3 274.5 181.9 240.9 97.1 109.3 303.3 91.8 331.2 223.4
1779.8 322.8 133.2 265.5 90.2 304.8 105.2 385.2 208.8 276.3 474.3 218.4 165.4 217.5 365.8 305.1 291.6 310.9 72.2 390.8 226.8 297.9 428.5 318.4 444.2 300.1 147.8 256.0 261.5 62.1 168.8 161.9 304.4 275.6 391.3 313.5 395.4 81.1 432.0 335.7 205.6 398.7 361.0 303.8 324.0 445.2 373.3 434.7 418.4 112.2 161.5 413.3 428.7 449.4 346.0 239.2 198.9 56.0 285.1 387.5 422.3 195.1 359.8 165.7 285.1 113.8 413.5 421.4 193.6 484.2 486.4 454.1 124.0 259.6 385.8 69.5 328.3 348.3 408.9 127.2 219.2 141.9 237.7 283.2 123.7 129.2 302.7 369.5 344.6 377.7 177.1 270.6 315.9 310.0 184.0 168.9 444.3 268.9 54.5 0.0 402.0 358.0 429.2 55.2 113.7 468.2 166.5 315.9 369.3 120.7 276.7 244.5 191.7 324.0 98.2 395.2 250.9 283.2 87.7 329.0 220.8 295.4 151.6 103.1 357.8 146.3 385.7 266.3
1539.0 111.6 264.6 204.5 335.0 301.8 343.6 80.5 237.3 251.4 126.7 188.5 240.5 278.4 105.2 110.3 318.4 226.0 330.4 124.9 188.1 128.7 87.5 167.0 121.5 144.7 248.3 340.6 155.9 389.3 298.0 305.3 229.7 162.2 86.6 218.5 129.5 408.3 71.0 149.9 265.8 116.9 98.8 134.0 212.0 179.3 121.6 73.7 95.7 393.0 282.9 51.6 40.7 101.8 84.9 200.5 264.8 340.9 271.5 77.9 74.7 297.5 83.1 239.2 288.6 369.2 102.1 60.4 265.4 118.6 104.7 106.5 301.2 251.5 207.8 335.9 159.1 85.7 106.7 307.7 291.9 252.9 322.3 144.7 323.7 302.0 228.1 101.5 58.2 93.3 227.7 145.0 129.1 124.2 221.5 288.7 55.0 235.2 351.0 387.0 0.0 188.8 81.6 350.0 333.7 107.2 310.3 160.5 137.8 326.8 156.0 225.5 284.1 98.0 399.0 91.5 335.5 234.7 317.5 75.7 224.8 142.4 244.5 342.5 101.6 296.9 42.9 244.8
1620.7 104.2 175.5 71.5 245.9 214.7 254.5 184.6 207.4 91.7 293.4 159.3 162.1 189.2 165.2 104.5 231.3 37.2 283.1 172.2 99.0 60.7 209.9 79.9 243.6 179.8 159.2 212.8 86.5 300.2 193.7 216.2 96.7 106.3 190.7 58.8 176.8 319.2 213.4 167.0 132.8 180.1 146.1 134.5 23.1 226.6 186.9 216.1 217.8 294.8 193.8 194.7 210.1 253.6 127.4 129.9 197.5 251.8 184.4 168.9 221.7 208.4 141.2 160.8 200.5 280.1 194.9 202.8 187.0 289.3 267.8 253.5 212.1 115.9 167.2 246.8 72.0 129.7 190.3 218.6 156.3 163.8 194.5 179.8 234.6 212.9 68.4 168.9 144.0 177.1 149.3 101.9 91.4 141.3 143.1 209.2 217.7 102.2 261.9 297.9 210.7 0.0 228.6 293.3 244.6 249.6 221.2 195.6 203.1 237.7 167.4 92.5 195.0 123.4 309.9 194.6 207.7 66.8 270.2 128.4 177.3 126.1 155.4 253.4 139.2 207.8 185.1 109.2
1457.3 185.9 282.5 234.3 352.9 266.0 361.5 43.9 314.4 287.3 45.0 249.5 269.1 293.7 63.3 127.6 282.6 261.9 392.7 151.5 206.0 164.6 62.3 202.9 97.6 205.7 266.2 289.5 173.8 407.2 326.6 321.8 258.1 193.6 37.8 254.4 128.3 426.2 112.0 212.3 295.6 91.7 115.7 195.0 247.9 153.8 182.6 62.5 71.8 401.8 302.0 112.6 116.5 20.1 145.9 236.9 304.5 358.8 235.7 123.4 6.8 315.4 144.1 267.8 234.8 387.1 76.9 75.2 294.0 92.2 72.5 24.8 319.1 287.4 206.6 353.8 195.0 160.0 81.5 325.6 327.8 270.8 295.3 209.2 341.6 319.9 264.0 59.6 122.9 51.4 256.3 206.0 146.4 185.2 250.1 306.6 72.0 265.0 368.9 404.9 73.3 224.7 0.0 400.3 351.6 100.0 328.2 221.5 198.8 344.7 217.0 255.3 302.0 108.4 416.9 31.5 334.0 270.6 377.2 139.2 284.3 203.4 262.4 360.4 162.6 314.8 88.1 280.7
1724.5 306.2 116.6 210.2 84.5 249.5 99.5 368.6 194.9 221.0 457.7 164.4 110.1 162.2 349.2 288.5 236.3 255.6 19.5 341.7 210.2 281.3 379.4 263.1 427.6 230.6 131.2 200.7 244.9 27.3 113.5 156.2 249.1 259.0 374.7 258.2 346.3 46.3 368.9 278.6 150.3 349.6 311.9 287.2 268.7 364.1 298.2 371.6 401.8 106.5 144.9 396.7 365.6 432.8 329.4 222.6 193.2 50.3 229.8 370.9 405.7 188.5 343.2 110.4 229.8 79.0 364.4 358.3 138.3 444.8 430.9 437.5 118.3 204.3 424.6 86.8 271.0 331.7 359.8 110.6 163.9 125.3 182.4 266.6 118.0 123.5 247.4 352.9 328.0 361.1 123.1 254.0 299.3 252.9 130.0 150.7 373.2 213.6 101.9 74.1 385.4 290.3 411.2 0.0 108.0 405.1 160.8 246.4 294.2 77.7 260.1 189.2 175.1 307.4 63.4 381.0 195.6 241.7 32.4 312.4 182.4 278.8 135.0 97.4 341.2 129.7 369.1 211.0
1746.3 251.0 61.4 226.2 78.1 296.6 89.1 313.4 177.1 268.1 402.5 146.6 108.5 209.3 294.0 233.3 283.4 302.7 106.1 319.0 155.0 226.1 356.7 264.4 372.4 228.3 76.0 247.8 189.7 96.0 160.6 112.1 251.4 203.8 319.5 315.9 323.6 115.0 360.2 263.9 197.4 326.9 289.2 232.0 309.4 373.4 301.5 362.9 346.6 100.1 89.7 341.5 356.9 377.6 274.2 167.4 160.2 47.6 276.9 315.7 350.5 133.3 288.0 107.2 276.9 136.9 341.7 349.6 185.4 412.4 414.6 382.3 111.9 251.4 401.9 103.6 256.5 276.5 337.1 25.9 211.0 70.1 229.5 211.4 9.9 95.3 294.5 297.7 272.8 305.9 105.3 198.8 244.1 238.2 112.2 105.1 372.5 256.9 118.7 93.7 330.2 286.2 357.4 89.1 0.0 396.4 132.6 244.1 297.5 68.8 204.9 247.2 119.9 252.2 132.1 325.8 242.7 275.0 121.6 257.2 164.6 223.6 79.8 10.6 286.0 74.5 313.9 258.1
1549.9 183.5 336.5 277.9 406.9 373.7 415.5 156.6 310.7 323.3 119.6 261.9 313.9 350.3 176.0 225.8 390.3 297.9 403.8 149.1 260.0 200.6 59.9 238.9 210.3 218.1 320.2 412.5 227.8 461.2 371.4 377.2 303.1 235.6 150.5 290.4 123.9 480.2 91.6 189.4 339.2 89.3 113.3 207.4 283.9 130.9 174.7 42.1 184.5 464.9 354.8 125.0 96.1 79.8 158.3 273.9 338.2 412.8 343.4 168.1 119.5 369.4 156.5 312.6 360.5 441.1 74.5 54.8 338.8 171.7 94.0 117.4 373.1 323.4 176.6 407.8 231.0 157.6 79.1 379.6 363.8 324.8 394.2 218.1 395.6 373.9 300.0 210.0 173.0 164.1 301.1 218.4 242.6 197.6 294.9 360.6 113.5 308.6 422.9 458.9 114.7 260.7 112.6 423.4 405.6 0.0 382.2 233.9 211.2 398.7 229.4 298.9 356.0 212.8 470.9 144.2 407.4 306.6 390.9 190.5 298.2 215.8 316.4 414.4 175.0 368.8 156.5 316.7
1743.5 245.0 114.4 220.2 130.9 354.2 141.9 307.4 132.1 282.1 396.5 145.1 160.7 266.9 288.0 227.3 341.0 316.7 161.5 313.0 149.0 220.1 350.7 258.4 366.4 222.3 98.1 305.4 183.7 148.8 218.2 94.2 245.4 197.8 313.5 309.9 317.6 167.8 354.2 257.9 255.0 320.9 283.2 226.0 303.4 335.4 295.5 356.9 340.6 152.9 116.6 335.5 350.9 371.6 268.2 161.4 122.2 100.4 334.5 309.7 344.5 30.8 282.0 159.4 334.5 200.5 335.7 343.6 185.6 406.4 408.6 376.3 109.6 300.6 395.9 185.7 250.5 270.5 331.1 138.6 268.6 102.7 287.1 205.4 122.6 61.5 308.5 291.7 265.7 299.9 157.5 192.8 238.1 232.2 164.4 110.8 358.5 250.9 200.8 146.5 324.2 280.2 350.0 141.9 112.6 390.4 0.0 238.1 291.5 150.9 198.9 241.2 44.2 246.2 184.9 319.8 300.3 302.8 174.4 251.2 144.1 217.6 94.3 102.0 280.0 129.6 307.9 293.9
1597.6 147.4 188.6 152.2 259.0 332.8 267.6 213.5 136.1 214.1 261.9 87.3 139.3 245.5 236.4 175.7 319.6 248.7 229.2 140.7 110.6 164.5 178.4 202.8 280.7 15.7 172.3 284.0 132.1 276.2 196.8 227.9 177.4 146.2 207.4 251.3 145.3 295.2 167.9 69.1 213.5 148.6 110.9 129.6 247.8 163.1 97.2 170.6 254.9 307.9 206.9 188.5 164.6 222.1 170.6 87.4 163.6 264.9 307.3 212.1 199.9 221.5 133.0 138.0 313.1 244.2 163.4 157.3 164.2 243.8 229.9 231.7 225.2 232.6 135.7 259.9 194.9 121.5 158.8 231.7 247.2 176.9 265.7 35.1 247.7 226.0 240.5 240.1 214.1 221.0 126.5 92.7 186.5 51.9 120.3 212.7 172.2 182.9 275.0 311.0 165.2 224.6 205.4 248.8 257.7 204.1 234.3 0.0 93.2 225.1 42.9 173.2 208.1 194.6 274.0 201.1 278.9 234.8 216.3 199.6 123.6 138.0 168.5 266.5 182.4 175.0 208.2 225.9
1600.3 134.1 232.8 166.6 303.2 324.3 311.8 200.2 199.4 228.5 248.6 150.6 202.6 284.3 219.6 176.4 340.9 248.5 292.5 127.4 156.3 151.2 165.1 189.5 267.4 106.8 216.5 322.8 146.5 357.5 260.1 272.1 191.8 144.5 194.1 241.0 132.0 376.5 154.6 58.0 227.9 135.3 97.6 116.3 234.5 149.8 73.6 157.3 241.6 352.1 251.1 175.2 151.3 208.8 157.3 162.6 226.9 309.1 294.0 198.8 186.6 265.7 119.7 201.3 311.1 337.4 150.1 144.0 227.5 230.5 216.6 218.4 269.4 247.0 210.3 304.1 181.6 108.2 145.5 275.9 286.0 221.1 304.5 110.3 291.9 270.2 250.6 215.9 210.2 207.7 189.8 107.1 193.2 82.7 183.6 256.9 158.9 197.3 319.2 355.2 151.9 211.3 192.1 312.1 301.9 190.8 278.5 106.3 0.0 269.3 118.1 187.6 252.3 195.3 367.2 187.8 317.7 249.2 279.6 200.3 186.9 124.7 212.7 310.7 169.1 265.1 194.9 240.3
1702.7 228.4 38.8 188.4 128.8 227.7 43.1 290.8 170.2 199.2 395.6 139.7 88.3 140.4 271.4 226.4 214.5 233.8 71.0 296.4 132.4 203.5 334.1 257.5 365.5 205.7 69.1 178.9 167.1 104.3 128.1 103.8 228.8 196.9 296.9 236.4 301.0 130.3 353.3 257.0 128.5 320.0 266.6 209.4 246.9 366.5 294.6 356.0 324.0 133.5 67.1 334.6 334.3 355.0 267.3 160.5 137.6 68.2 208.0 293.1 327.9 128.7 265.4 88.6 208.0 68.0 319.1 327.0 152.9 389.8 392.0 359.7 136.2 182.5 307.1 34.7 233.9 269.6 330.2 32.8 142.1 47.5 160.6 204.5 64.5 137.9 225.6 290.8 264.8 299.0 98.4 176.2 237.2 231.3 105.3 98.2 357.6 191.8 49.8 102.0 323.3 263.6 334.8 97.4 74.5 389.5 141.6 237.2 290.6 0.0 198.0 167.4 97.3 229.6 97.8 300.8 173.8 206.1 58.1 234.6 142.0 201.0 72.9 69.4 263.4 67.6 291.3 225.6
1629.9 159.1 145.6 138.8 216.0 311.8 224.6 226.0 133.9 200.7 273.6 85.1 137.1 243.3 206.6 145.9 317.4 235.3 253.2 152.4 67.6 138.7 190.1 177.0 292.4 23.3 129.3 281.8 102.3 270.3 194.6 184.9 164.0 116.4 232.1 228.5 157.0 289.3 179.6 89.3 200.1 160.3 122.6 141.3 222.0 174.8 108.9 182.3 266.6 264.9 163.9 200.2 176.3 233.8 182.3 44.5 167.6 221.9 281.5 223.8 211.6 178.5 144.7 135.8 310.9 250.2 175.1 169.0 162.0 255.5 241.6 243.4 182.2 219.2 235.3 216.9 169.1 133.2 170.5 188.7 245.0 133.9 263.5 6.4 204.7 183.0 227.1 210.3 184.3 218.5 124.3 104.4 156.7 63.6 118.1 169.7 183.9 169.5 232.0 268.0 176.9 198.8 217.1 263.4 214.7 215.8 191.3 39.1 104.9 182.1 0.0 159.8 165.1 164.8 280.0 212.8 276.7 221.4 240.3 169.8 121.4 136.2 125.5 223.5 194.1 177.9 219.9 212.5
1705.9 166.1 155.3 20.9 225.7 182.8 234.3 214.3 187.2 40.8 303.4 139.1 141.9 96.6 194.9 134.2 170.7 75.4 189.3 227.9 78.8 122.6 265.6 82.9 273.3 159.6 139.0 135.1 90.6 280.0 101.1 194.6 59.8 104.7 220.4 78.0 232.5 299.0 255.1 146.8 40.2 235.8 198.1 132.9 88.5 250.3 184.4 257.8 247.5 274.6 173.6 256.6 251.8 278.5 189.3 109.7 177.3 231.6 152.5 230.8 251.4 188.2 203.1 140.6 164.2 204.3 250.6 244.5 166.8 331.0 317.1 283.2 191.9 59.3 310.8 226.6 90.8 191.6 246.0 198.4 98.3 143.6 116.8 163.1 214.4 192.7 67.2 198.6 172.6 206.8 129.1 81.7 153.3 121.1 122.9 179.4 259.4 24.3 241.7 277.7 231.1 110.1 256.9 208.9 224.4 291.3 201.0 175.4 180.4 191.8 147.2 0.0 174.8 153.1 234.1 226.7 130.0 61.5 176.4 158.1 157.1 124.5 135.2 233.2 201.1 187.6 214.8 52.6
1699.2 200.7 70.1 175.9 158.3 309.9 149.1 263.1 119.8 237.8 352.2 100.8 116.4 222.6 243.7 183.0 296.7 272.4 177.7 268.7 104.7 175.8 306.4 214.1 322.1 178.0 53.8 261.1 139.4 193.1 173.9 109.4 201.1 153.5 269.2 265.6 273.3 212.1 309.9 213.6 210.7 276.6 238.9 181.7 259.1 291.1 251.2 312.6 296.3 197.2 88.4 291.2 306.6 327.3 223.9 117.1 109.9 144.7 290.2 265.4 300.2 13.4 237.7 115.1 290.2 174.7 291.4 299.3 141.3 362.1 364.3 332.0 124.5 256.3 263.7 141.4 206.2 226.2 286.8 113.2 224.3 58.4 242.8 161.1 129.2 105.8 264.2 247.4 221.4 255.6 113.2 148.5 193.8 187.9 120.1 94.2 314.2 206.6 156.5 190.8 279.9 235.9 305.7 186.2 139.2 346.1 44.2 193.8 247.2 106.6 154.6 196.9 0.0 201.9 204.5 275.5 256.0 258.5 164.8 206.9 118.8 173.3 50.0 146.3 235.7 102.4 263.6 249.6
1497.2 101.0 174.0 125.8 244.4 229.2 253.0 61.1 205.9 178.8 150.2 157.8 160.6 205.8 41.7 19.1 245.8 153.4 281.6 169.0 97.5 56.1 167.5 94.4 120.1 189.3 157.7 268.0 65.3 298.7 218.1 213.3 151.0 85.1 67.2 145.9 173.6 317.7 179.9 183.5 187.1 176.9 139.2 113.3 139.4 191.4 183.7 167.7 94.3 293.3 192.3 160.5 143.3 125.3 124.2 128.4 196.0 250.3 198.9 108.2 98.2 206.9 138.0 159.3 216.0 278.6 182.1 169.3 185.5 160.1 177.7 130.0 210.6 178.9 164.0 245.3 86.5 126.5 186.7 217.1 219.3 162.3 249.7 172.4 233.1 211.4 155.5 45.4 46.3 53.6 147.8 118.4 37.9 157.8 141.6 198.1 135.6 156.5 260.4 296.4 104.8 116.2 103.7 291.8 243.1 205.2 219.7 205.1 199.9 210.5 165.9 146.8 193.5 0.0 308.4 73.5 262.9 155.9 268.7 31.8 175.8 104.9 153.9 251.9 147.9 206.3 72.9 172.2
1732.1 295.8 106.2 217.8 160.3 257.1 110.5 358.2 202.5 228.6 447.3 172.0 117.7 169.8 338.8 278.1 243.9 263.2 80.4 363.8 199.8 270.9 401.5 270.7 417.2 238.2 120.8 208.3 234.5 74.1 121.1 155.5 256.7 248.6 364.3 265.8 368.4 32.5 405.0 308.7 157.9 371.7 334.0 276.8 276.3 386.2 305.8 407.7 391.4 182.3 134.5 386.3 401.7 422.4 319.0 212.2 205.0 126.1 237.4 360.5 395.3 178.1 332.8 118.0 237.4 15.5 386.5 394.4 145.9 457.2 459.4 427.1 194.1 211.9 358.8 76.4 278.6 321.3 381.9 100.2 171.5 114.9 190.0 256.2 116.2 189.6 255.0 342.5 316.5 350.7 130.7 243.6 288.9 283.0 137.6 140.3 409.3 221.2 91.5 146.0 375.0 297.9 400.8 100.0 126.2 441.2 209.0 254.0 301.8 67.3 249.7 196.8 164.7 297.0 0.0 370.6 203.2 249.3 67.5 302.0 190.0 268.4 124.6 136.8 330.8 119.3 358.7 218.6
1490.3 148.3 248.5 200.3 319.9 233.0 328.5 10.9 281.4 254.3 78.0 225.2 236.1 260.7 30.3 94.6 249.6 228.9 357.1 161.6 173.0 130.6 95.3 169.9 64.6 180.0 233.2 256.5 140.8 374.2 293.6 290.2 226.5 160.6 3.9 220.4 161.3 393.2 107.7 186.6 262.6 123.3 131.8 169.3 214.9 185.4 158.3 95.5 38.8 368.8 267.8 88.3 77.4 51.7 121.6 203.9 271.5 325.8 201.7 89.4 24.6 282.4 120.8 234.8 200.8 354.1 109.9 97.1 260.0 87.9 105.5 57.8 286.1 254.4 150.3 320.8 162.0 122.4 114.5 292.6 294.8 237.8 262.3 184.9 308.6 288.3 231.0 26.6 88.9 18.4 224.7 181.7 113.4 160.9 216.1 273.6 63.4 232.0 335.9 370.9 49.0 193.1 31.5 367.3 320.0 131.6 295.2 197.2 174.5 287.4 192.7 222.3 269.0 75.4 383.9 0.0 301.0 236.6 344.2 106.2 261.5 179.1 228.4 327.4 136.9 281.8 55.1 247.7
1667.8 266.3 208.2 162.5 291.4 102.1 235.3 275.7 256.2 130.6 364.8 225.7 171.4 81.3 256.3 266.6 85.5 183.2 187.2 334.3 220.4 222.8 372.0 183.1 334.7 301.2 222.8 49.9 232.2 234.2 99.0 257.5 201.4 246.3 281.8 167.8 338.9 253.2 375.5 288.4 102.6 342.2 304.5 274.5 196.3 356.7 326.0 378.2 308.9 313.4 236.5 356.8 364.2 339.9 289.5 251.3 283.7 257.2 102.3 331.0 312.8 280.1 303.3 171.7 79.0 202.2 357.0 364.9 199.6 374.7 392.3 344.6 333.5 105.4 417.2 201.2 191.0 291.8 352.4 225.0 65.0 216.9 31.6 304.7 241.0 334.3 157.0 260.0 305.0 268.2 184.4 223.3 253.5 262.7 191.3 242.3 350.2 165.9 216.3 270.8 335.8 217.9 318.3 206.8 251.0 411.7 342.6 317.0 322.0 192.1 288.8 141.5 266.7 268.9 232.0 288.1 0.0 169.3 174.3 290.5 243.7 266.1 226.6 261.6 301.3 203.3 305.2 112.1
1683.6 131.7 222.7 90.2 293.1 148.4 301.7 212.1 254.6 51.6 320.9 206.5 209.3 125.0 192.7 132.0 165.0 27.6 232.1 199.7 146.2 88.2 237.4 48.5 271.1 228.9 206.4 147.0 114.0 276.5 141.3 262.0 129.1 133.8 218.2 88.8 204.3 295.5 240.9 216.1 80.4 207.6 169.9 162.0 40.7 254.1 214.4 243.6 245.3 342.0 241.0 222.2 237.6 281.1 154.9 177.1 244.7 299.0 118.1 196.4 249.2 257.9 168.7 208.0 134.2 244.5 222.4 230.3 234.2 316.8 295.3 281.0 259.3 50.1 194.7 243.5 56.4 157.2 217.8 265.8 90.5 211.0 128.7 232.4 281.8 260.1 78.0 201.7 170.4 204.6 196.5 151.0 118.9 190.4 190.3 256.4 245.2 93.6 258.6 345.1 238.2 62.4 256.1 249.1 291.8 277.1 268.4 244.7 230.6 259.2 214.6 69.2 242.2 150.9 274.3 224.5 141.9 0.0 216.6 155.9 224.5 153.6 202.6 300.6 166.7 255.0 212.6 43.4
1692.0 273.7 84.1 177.7 117.0 217.0 88.4 336.1 162.4 188.5 425.2 131.9 77.6 129.7 316.7 256.0 203.8 223.1 12.8 309.2 177.7 248.8 346.9 230.6 395.1 198.1 98.7 168.2 212.4 59.8 81.0 133.4 216.6 226.5 342.2 225.7 313.8 78.8 336.4 246.1 117.8 317.1 279.4 254.7 236.2 331.6 265.7 339.1 369.3 139.0 112.4 364.2 333.1 400.3 296.9 190.1 189.9 82.8 197.3 338.4 373.2 156.0 310.7 77.9 197.3 75.3 331.9 325.8 105.8 412.3 398.4 405.0 150.8 171.8 392.1 54.3 238.5 299.2 327.3 78.1 131.4 92.8 149.9 234.1 94.1 156.0 214.9 320.4 294.4 328.6 90.6 221.5 266.8 220.4 97.5 118.2 340.7 181.1 69.4 106.6 352.9 257.8 378.7 32.4 104.1 372.6 186.9 213.9 261.7 45.2 227.6 156.7 142.6 274.9 95.9 348.5 163.1 209.2 0.0 279.9 149.9 246.3 102.5 114.7 308.7 97.2 336.6 178.5
1519.5 136.3 189.4 141.2 259.8 244.6 268.4 83.4 221.3 194.2 172.5 173.2 176.0 221.2 64.0 34.5 261.2 168.8 297.0 197.9 112.9 71.5 160.5 109.8 135.2 217.7 173.1 283.4 80.7 314.1 233.5 228.7 166.4 100.5 89.5 161.3 202.5 333.1 144.0 222.9 202.5 189.9 168.1 128.7 154.8 220.3 194.6 146.7 109.4 308.7 207.7 124.6 106.7 147.6 128.0 143.8 211.4 265.7 214.3 71.6 120.5 222.3 156.1 174.7 231.4 294.0 175.1 133.4 200.9 191.6 177.7 152.3 226.0 194.3 192.9 260.7 101.9 158.7 179.7 232.5 234.7 177.7 265.1 187.8 248.5 226.8 170.9 67.7 14.5 75.9 163.2 133.8 53.3 197.2 157.0 213.5 120.0 171.9 275.8 311.8 72.9 131.6 126.0 307.2 258.5 180.2 235.1 233.5 210.8 225.9 181.3 162.2 208.9 22.2 323.8 95.8 278.3 171.3 284.1 0.0 191.2 120.3 169.3 267.3 111.3 221.7 56.6 187.6
1633.3 207.8 115.0 183.0 152.0 280.8 194.0 270.2 12.5 244.9 359.3 33.6 87.3 193.5 250.8 190.1 267.6 279.5 219.0 210.9 111.8 182.9 248.6 221.2 329.2 99.8 98.7 232.0 146.5 206.3 144.8 153.1 208.2 160.6 276.3 272.7 215.5 225.3 238.1 147.8 181.6 218.8 181.1 188.8 266.2 233.3 167.4 240.8 303.4 200.9 133.3 298.3 234.8 334.4 231.0 124.2 39.9 157.9 261.1 272.5 307.3 147.9 244.8 86.0 261.1 219.6 233.6 227.5 112.2 314.0 300.1 339.1 118.2 263.4 293.8 186.3 213.3 233.3 229.0 158.1 195.2 103.3 213.7 168.2 174.1 119.0 271.3 254.5 228.5 262.7 74.5 155.6 200.9 122.1 68.3 139.1 242.4 213.7 201.4 204.0 235.4 243.0 312.8 199.4 170.1 274.3 127.3 115.6 163.4 151.5 161.7 204.0 134.5 209.0 242.4 282.6 226.9 265.6 209.7 214.0 0.0 180.4 94.9 159.5 242.8 147.3 270.7 256.7
1589.3 90.8 152.5 104.3 222.9 239.0 231.5 153.2 184.4 166.2 242.3 166.9 139.1 215.6 133.8 73.1 255.6 163.2 260.1 143.5 76.0 65.9 181.2 104.2 212.2 123.1 136.2 260.5 43.8 277.2 196.6 193.2 129.5 19.8 159.3 155.7 148.1 296.2 170.7 128.3 165.6 151.4 113.7 8.3 149.2 165.9 82.0 173.4 186.4 271.8 170.8 181.3 167.4 217.4 114.0 106.9 174.5 228.8 208.7 155.5 190.3 185.4 127.8 137.8 225.8 257.1 166.2 160.1 164.0 246.6 232.7 222.1 189.1 184.7 226.4 223.8 96.3 116.3 161.6 195.6 223.7 140.8 242.2 126.6 211.6 189.9 165.3 137.5 112.6 145.7 126.3 123.4 83.9 102.6 120.1 176.6 175.0 135.0 238.9 274.9 168.0 126.0 195.8 270.3 221.6 206.9 198.2 138.9 116.2 189.0 134.4 125.3 172.0 92.0 286.9 165.6 255.4 165.7 247.2 97.0 154.3 0.0 132.4 230.4 125.8 184.8 153.7 178.0
1669.6 171.1 20.0 146.3 128.7 259.8 99.0 233.5 90.2 208.2 322.6 71.2 66.3 172.5 214.1 153.4 246.6 242.8 130.2 239.1 75.1 146.2 276.8 184.5 292.5 148.4 3.7 211.0 109.8 174.6 123.8 59.3 171.5 123.9 239.6 236.0 243.7 186.9 280.3 184.0 160.6 247.0 209.3 152.1 229.5 293.5 221.6 283.0 266.7 177.6 38.3 261.6 277.0 297.7 194.3 87.5 80.3 134.6 240.1 235.8 270.6 53.4 208.1 65.0 240.1 124.6 261.8 269.7 91.2 332.5 334.7 302.4 94.9 226.7 322.0 91.3 176.6 196.6 257.2 63.1 174.2 8.3 192.7 131.5 79.1 93.4 234.6 217.8 192.9 226.0 63.1 118.9 164.2 158.3 70.0 44.1 284.6 177.0 106.4 160.9 250.3 206.3 277.5 147.2 89.1 316.5 84.3 164.2 217.6 82.2 125.0 167.3 40.0 172.3 154.4 243.5 205.9 215.1 114.7 177.3 89.2 143.7 0.0 99.7 206.1 52.3 234.0 220.0
1756.9 261.6 72.0 236.8 67.5 307.2 78.5 324.0 164.3 278.7 413.1 157.2 119.1 219.9 304.6 243.9 294.0 313.3 98.1 329.6 165.6 236.7 367.3 275.0 383.0 238.9 86.6 258.4 200.3 85.4 171.2 117.4 262.0 214.4 330.1 326.5 334.2 104.4 370.8 274.5 208.0 337.5 299.8 242.6 320.0 352.0 312.1 373.5 357.2 89.5 100.3 352.1 367.5 388.2 284.8 178.0 154.4 37.0 287.5 326.3 361.1 143.9 298.6 117.8 287.5 137.1 352.3 360.2 196.0 423.0 425.2 392.9 101.3 262.0 324.6 114.2 267.1 287.1 347.7 36.6 221.6 80.7 240.1 222.0 20.6 84.7 305.1 308.3 282.3 316.5 115.9 209.4 254.7 248.8 122.8 106.1 375.1 267.5 129.3 83.1 340.8 296.8 366.6 78.5 10.6 407.0 122.0 254.7 308.1 79.4 215.5 257.8 130.5 262.8 121.5 336.4 253.3 299.4 111.0 267.8 175.2 234.2 90.4 0.0 296.6 85.1 324.5 268.7
1603.9 24.9 195.4 162.0 265.8 232.6 274.4 102.5 227.3 182.2 191.6 212.0 182.0 209.2 127.2 84.7 249.2 156.8 305.6 130.4 118.9 59.5 160.3 97.8 143.5 168.2 179.1 271.4 86.7 320.1 239.5 234.7 187.2 106.5 108.6 149.3 135.0 339.1 143.8 173.4 212.6 138.3 104.3 157.5 142.8 184.8 145.1 146.5 117.7 314.7 213.7 83.9 91.6 166.7 16.6 149.8 217.4 271.7 202.3 29.6 139.6 228.3 68.9 180.7 218.4 300.0 153.1 133.2 206.9 215.7 204.0 171.4 232.0 182.3 213.3 266.7 89.9 80.4 148.5 238.5 222.7 183.7 253.1 168.2 254.5 232.8 158.9 123.5 98.2 115.3 169.2 168.5 101.5 147.7 163.0 219.5 146.3 192.7 281.8 317.8 99.2 119.6 146.5 313.2 264.5 180.0 241.1 184.0 161.3 257.6 179.5 183.0 214.9 103.6 329.8 112.5 266.3 165.5 290.1 108.6 197.2 126.3 175.3 273.3 0.0 227.7 64.9 175.6
1688.4 211.1 21.5 186.3 130.3 244.1 101.3 273.5 119.2 215.6 362.6 88.7 50.6 156.8 254.1 193.4 230.9 250.2 129.9 279.1 115.1 186.2 316.8 224.5 332.5 154.9 36.1 195.3 149.8 148.2 108.1 72.2 211.5 163.9 279.6 252.8 283.7 167.2 320.3 224.0 144.9 287.0 249.3 192.1 269.5 301.5 222.5 323.0 306.7 152.3 49.8 301.6 317.0 337.7 234.3 127.5 120.3 99.8 224.4 275.8 310.6 93.4 248.1 49.3 224.4 126.9 301.8 309.7 75.5 372.5 374.7 342.4 134.9 198.9 362.0 93.6 216.6 236.6 297.2 65.4 158.5 30.2 177.0 171.5 81.4 104.9 242.0 257.8 232.9 266.0 47.4 158.9 204.2 198.3 54.3 55.6 324.6 217.0 108.7 145.9 290.3 246.3 316.1 141.3 91.4 356.5 124.3 170.7 218.5 58.8 165.0 183.8 80.0 212.3 156.7 285.9 190.2 236.3 117.0 217.3 106.7 183.7 39.9 101.4 246.1 0.0 274.0 205.6
1538.9 99.9 240.5 192.3 310.9 264.9 319.5 37.5 272.4 257.2 126.6 243.1 227.1 284.2 62.2 85.6 281.5 231.8 348.1 179.5 164.0 134.5 139.0 172.8 78.5 199.3 224.2 288.4 131.8 365.2 284.6 281.2 217.5 151.6 43.6 224.3 184.1 384.2 122.5 204.5 253.6 168.4 149.7 188.6 217.8 201.9 176.2 125.2 52.7 359.8 258.8 106.2 70.3 101.7 91.6 194.9 262.5 316.8 234.6 35.2 74.6 273.4 137.7 225.8 233.7 345.1 153.6 111.9 252.0 150.7 150.0 106.4 277.1 257.3 262.4 311.8 164.9 140.3 158.2 283.6 297.7 228.8 294.2 202.8 299.6 277.9 233.9 58.5 33.5 50.3 214.3 199.6 104.4 178.8 208.1 264.6 92.3 223.0 326.9 362.9 54.5 194.6 80.1 358.3 309.6 158.7 286.2 215.1 192.4 277.0 210.6 213.3 260.0 73.3 374.9 49.9 341.3 234.3 335.2 51.0 242.3 197.0 220.4 318.4 74.9 272.8 0.0 250.6
1713.6 161.7 209.4 75.0 279.8 155.7 288.4 242.1 241.3 18.4 350.9 193.2 196.0 83.0 222.7 162.0 139.1 71.0 208.9 229.7 132.9 118.2 267.4 78.5 301.1 213.7 193.1 103.5 144.0 255.9 120.7 248.7 113.9 158.8 248.2 55.6 234.3 274.9 270.9 200.9 65.2 237.6 199.9 187.0 84.1 252.1 238.5 273.6 275.3 328.7 227.7 252.2 267.6 311.1 184.9 163.8 231.4 285.7 148.1 226.4 279.2 242.3 198.7 194.7 132.6 223.9 252.4 260.3 220.9 346.8 325.3 311.0 246.0 6.7 224.7 222.9 86.4 187.2 247.8 252.5 47.1 197.7 85.2 217.2 268.5 246.8 44.8 226.4 200.4 234.6 183.2 135.8 148.9 175.2 177.0 233.5 275.2 78.4 238.0 331.8 268.2 105.7 284.7 228.5 278.5 307.1 255.1 229.5 234.5 245.9 201.3 54.0 228.9 180.9 253.7 254.5 98.4 57.1 196.0 185.9 211.2 178.6 189.3 287.3 196.7 241.7 242.6 0.0
