Name		2420_BED-Amazon_n140_m204_bt28
Number_of_Customers	140
Number_of_Items		204
Number_of_ItemTypes	28
Number_of_Vehicles	1
TimeWindows		0
Dist_type	manual

VEHICLE
Mass_Capacity	1208
CargoSpace_Length	174
CargoSpace_Width	97
CargoSpace_Height	105

CUSTOMERS
i	x	y	Demand	ReadyTime	DueDate	ServiceTime	DemandedMass	DemandedVolume
0	30.445236	-97.709418	0	0	0	0	0	0
1	30.377568	-97.939763	1	0	0	0	3.01	5544
2	30.407876	-97.930156	2	0	0	0	7.61	14900
3	30.370083	-97.930057	2	0	0	0	5.4	4020
4	30.382387	-97.95577	1	0	0	0	0.7	2640
5	30.388958	-97.929894	1	0	0	0	4.3	2160
6	30.406665	-97.930981	2	0	0	0	3.64	17544
7	30.377969	-97.926528	2	0	0	0	4.25	8586
8	30.378663	-97.931074	1	0	0	0	0.7	2640
9	30.372151	-97.935645	1	0	0	0	4.7	1380
10	30.378818	-97.937272	1	0	0	0	2.5	3978
11	30.365342	-97.948913	2	0	0	0	6.6	2556
12	30.38371	-97.925566	1	0	0	0	2.94	14904
13	30.383431	-97.916883	1	0	0	0	4.7	1380
14	30.376562	-97.930567	1	0	0	0	1.9	1176
15	30.380722	-97.949575	2	0	0	0	6.91	27462
16	30.386499	-97.950739	3	0	0	0	7.2	6540
17	30.381335	-97.939322	1	0	0	0	0.7	2640
18	30.408915	-97.92386	2	0	0	0	7.19	9251
19	30.401953	-97.931385	1	0	0	0	4.8	6200
20	30.405067	-97.929482	1	0	0	0	4.7	1380
21	30.368601	-97.924886	1	0	0	0	1.4	5280
22	30.387276	-97.945578	1	0	0	0	4.7	1380
23	30.38081	-97.924309	1	0	0	0	0.7	2640
24	30.382023	-97.957365	1	0	0	0	4.7	1380
25	30.388286	-97.941785	1	0	0	0	4.7	1380
26	30.372129	-97.923292	2	0	0	0	7.2	5358
27	30.384711	-97.91934	1	0	0	0	2.5	3978
28	30.386142	-97.920885	2	0	0	0	2.6	3816
29	30.376659	-97.92834	1	0	0	0	4.7	1380
30	30.387583	-97.933735	1	0	0	0	2.15	1080
31	30.376558	-97.924943	1	0	0	0	7.3	3640
32	30.372167	-97.928516	1	0	0	0	4.7	1380
33	30.38066	-97.929004	1	0	0	0	2.6	10400
34	30.381818	-97.956055	1	0	0	0	9.4	2760
35	30.374794	-97.918115	1	0	0	0	1.75	4608
36	30.378719	-97.933089	1	0	0	0	2.94	14904
37	30.37427	-97.922748	1	0	0	0	2.75	9072
38	30.385555	-97.946846	1	0	0	0	3.01	5544
39	30.382693	-97.923003	1	0	0	0	4.7	1380
40	30.362569	-97.945876	1	0	0	0	4.7	1380
41	30.387534	-97.931363	3	0	0	0	8.34	18924
42	30.374327	-97.919827	2	0	0	0	7.2	5358
43	30.378249	-97.95049	2	0	0	0	3.3	13040
44	30.368506	-97.926293	1	0	0	0	7.3	3640
45	30.38632	-97.936054	1	0	0	0	1.9	1176
46	30.37143	-97.937075	2	0	0	0	7.2	5358
47	30.381464	-97.930042	1	0	0	0	4.7	1380
48	30.369254	-97.934722	1	0	0	0	4.7	1380
49	30.394139	-97.921847	1	0	0	0	3.42	23780
50	30.392226	-97.937116	1	0	0	0	4.7	1380
51	30.378916	-97.937622	1	0	0	0	4.7	1380
52	30.388002	-97.952005	1	0	0	0	0.7	2640
53	30.402728	-97.929538	1	0	0	0	4.7	1380
54	30.390086	-97.931406	2	0	0	0	5.4	4020
55	30.379484	-97.957864	1	0	0	0	0.7	2640
56	30.379671	-97.944191	1	0	0	0	7.63	16848
57	30.39213	-97.937222	3	0	0	0	11.97	17364
58	30.368674	-97.942424	1	0	0	0	4.7	1380
59	30.364726	-97.946666	1	0	0	0	4.7	1380
60	30.408011	-97.93126	1	0	0	0	4.7	1380
61	30.380857	-97.95305	1	0	0	0	4.7	1380
62	30.370407	-97.920252	1	0	0	0	9.4	2760
63	30.382865	-97.952202	1	0	0	0	0.7	2640
64	30.374362	-97.927985	2	0	0	0	5.4	4020
65	30.385043	-97.92592	1	0	0	0	1.8	2520
66	30.386962	-97.93413	1	0	0	0	4.7	1380
67	30.386784	-97.932027	1	0	0	0	3.82	8580
68	30.372784	-97.917823	1	0	0	0	0.7	2640
69	30.399503	-97.92848	1	0	0	0	1.75	4608
70	30.407649	-97.928893	1	0	0	0	2.6	10400
71	30.3796	-97.932097	1	0	0	0	1.75	4608
72	30.395639	-97.930076	1	0	0	0	4.7	1380
73	30.404558	-97.928956	1	0	0	0	2.5	3978
74	30.384111	-97.919889	1	0	0	0	1.9	1176
75	30.403711	-97.92527	1	0	0	0	4.7	1380
76	30.364428	-97.947738	1	0	0	0	4.7	1380
77	30.378458	-97.919915	2	0	0	0	11.45	25428
78	30.376881	-97.929621	1	0	0	0	4.7	1380
79	30.36198	-97.945227	1	0	0	0	4.7	1380
80	30.385252	-97.947857	1	0	0	0	1.75	4608
81	30.37855	-97.958642	1	0	0	0	4.7	1380
82	30.384547	-97.953709	1	0	0	0	4.7	1380
83	30.377909	-97.948892	1	0	0	0	14.15	1000
84	30.388452	-97.932107	3	0	0	0	20.79	17495
85	30.386186	-97.948775	1	0	0	0	4.7	1380
86	30.383902	-97.952694	2	0	0	0	3.78	12738
87	30.386669	-97.948284	2	0	0	0	5.09	15984
88	30.383596	-97.917836	1	0	0	0	7.3	3640
89	30.375519	-97.916021	4	0	0	0	13.45	17800
90	30.382617	-97.951065	1	0	0	0	7.63	16848
91	30.383084	-97.924261	1	0	0	0	2.5	3978
92	30.385224	-97.924444	2	0	0	0	2.6	3816
93	30.379389	-97.928782	1	0	0	0	4.7	1380
94	30.371403	-97.938293	1	0	0	0	1.9	1176
95	30.371957	-97.93297	1	0	0	0	4.7	1380
96	30.370338	-97.935525	1	0	0	0	0.7	2640
97	30.383306	-97.957372	1	0	0	0	4.7	1380
98	30.379907	-97.925547	1	0	0	0	4.7	1380
99	30.386514	-97.931522	1	0	0	0	1.8	2520
100	30.378978	-97.949748	1	0	0	0	4.7	1380
101	30.382469	-97.919317	1	0	0	0	4.7	1380
102	30.38105	-97.925752	2	0	0	0	6.85	2460
103	30.363392	-97.947485	1	0	0	0	4.7	1380
104	30.36825	-97.94289	2	0	0	0	5.93	19345
105	30.3757	-97.934268	1	0	0	0	4.7	1380
106	30.370655	-97.922769	1	0	0	0	2.15	1080
107	30.3798	-97.952383	1	0	0	0	4.7	1380
108	30.368974	-97.931014	8	0	0	0	40.29	40064
109	30.376155	-97.927783	2	0	0	0	10.09	14275
110	30.387973	-97.939814	1	0	0	0	1.9	1176
111	30.380647	-97.948816	1	0	0	0	7.3	3640
112	30.373502	-97.917771	1	0	0	0	9.4	2760
113	30.388793	-97.93898	1	0	0	0	4.7	1380
114	30.393306	-97.922466	1	0	0	0	2.5	3978
115	30.393468	-97.935927	4	0	0	0	15.3	18060
116	30.378483	-97.930206	1	0	0	0	4.7	1380
117	30.406784	-97.931064	1	0	0	0	1.8	2520
118	30.393138	-97.921875	1	0	0	0	4.7	1380
119	30.380742	-97.917639	2	0	0	0	5.36	6990
120	30.385398	-97.9495	1	0	0	0	4.7	1380
121	30.368178	-97.932453	1	0	0	0	2.91	13520
122	30.375075	-97.9195	2	0	0	0	5.5	8840
123	30.373568	-97.932662	1	0	0	0	1.75	4608
124	30.374802	-97.928856	1	0	0	0	4.7	1380
125	30.384863	-97.927891	3	0	0	0	4.35	8424
126	30.408435	-97.93047	1	0	0	0	1.9	1176
127	30.375791	-97.918879	1	0	0	0	4.7	1380
128	30.381035	-97.934215	2	0	0	0	6.85	2460
129	30.379508	-97.923039	2	0	0	0	4.5	11576
130	30.373123	-97.928152	1	0	0	0	3.01	5544
131	30.406989	-97.931368	1	0	0	0	4.7	1380
132	30.385831	-97.935352	1	0	0	0	4.7	1380
133	30.375189	-97.924705	1	0	0	0	4.7	1380
134	30.413676	-97.937108	1	0	0	0	4.7	1380
135	30.374314	-97.93208	1	0	0	0	4.7	1380
136	30.381376	-97.919187	1	0	0	0	1.4	5280
137	30.400656	-97.92515	3	0	0	0	13.32	15180
138	30.382533	-97.950591	1	0	0	0	7.3	3640
139	30.375296	-97.925949	1	0	0	0	0.7	2640
140	30.373541	-97.923543	1	0	0	0	4.7	1380

ITEMS
Type	Length	Width	Height	Mass	Fragility	LoadBearingStrength
Bt1	10	10	10	14.15	1	0
Bt2	18	12	5	2.15	1	0
Bt3	21	14	4	1.9	1	0
Bt4	23	15	4	4.7	1	0
Bt5	20	18	7	1.8	1	0
Bt6	15	11	16	0.7	1	0
Bt7	34	10	10	1.59	1	0
Bt8	20	14	13	7.3	1	0
Bt9	17	13	18	2.5	1	0
Bt10	29	15	10	4.66	1	0
Bt11	24	12	16	1.75	1	0
Bt12	28	19	10	2.85	1	0
Bt13	28	22	9	3.01	1	0
Bt14	31	20	10	4.8	1	0
Bt15	40	19	10	3.82	1	0
Bt16	25	19	17	5.29	1	0
Bt17	22	15	26	3.816	1	0
Bt18	30	20	15	1.76	1	0
Bt19	28	18	18	2.75	1	0
Bt20	33	18	17	3.08	1	0
Bt21	40	20	13	2.6	1	0
Bt22	29	24	15	4.26	1	0
Bt23	29	27	15	2.11	1	0
Bt24	39	23	14	3.97	1	0
Bt25	26	20	26	2.91	1	0
Bt26	27	23	24	2.94	1	0
Bt27	39	27	16	7.63	1	0
Bt28	41	20	29	3.42	1	0

DEMANDS PER CUSTOMER
i	Type Quantity
1	Bt13 1	
2	Bt25 1	Bt4 1	
3	Bt4 1	Bt6 1	
4	Bt6 1	
5	Bt2 2	
6	Bt26 1	Bt6 1	
7	Bt9 1	Bt11 1	
8	Bt6 1	
9	Bt4 1	
10	Bt9 1	
11	Bt4 1	Bt3 1	
12	Bt26 1	
13	Bt4 1	
14	Bt3 1	
15	Bt26 1	Bt24 1	
16	Bt5 1	Bt4 1	Bt6 1	
17	Bt6 1	
18	Bt3 1	Bt16 1	
19	Bt14 1	
20	Bt4 1	
21	Bt6 2	
22	Bt4 1	
23	Bt6 1	
24	Bt4 1	
25	Bt4 1	
26	Bt4 1	Bt9 1	
27	Bt9 1	
28	Bt3 1	Bt6 1	
29	Bt4 1	
30	Bt2 1	
31	Bt8 1	
32	Bt4 1	
33	Bt21 1	
34	Bt4 2	
35	Bt11 1	
36	Bt26 1	
37	Bt19 1	
38	Bt13 1	
39	Bt4 1	
40	Bt4 1	
41	Bt4 1	Bt26 1	Bt6 1	
42	Bt4 1	Bt9 1	
43	Bt6 1	Bt21 1	
44	Bt8 1	
45	Bt3 1	
46	Bt4 1	Bt9 1	
47	Bt4 1	
48	Bt4 1	
49	Bt28 1	
50	Bt4 1	
51	Bt4 1	
52	Bt6 1	
53	Bt4 1	
54	Bt4 1	Bt6 1	
55	Bt6 1	
56	Bt27 1	
57	Bt22 1	Bt4 1	Bt13 1	
58	Bt4 1	
59	Bt4 1	
60	Bt4 1	
61	Bt4 1	
62	Bt4 2	
63	Bt6 1	
64	Bt4 1	Bt6 1	
65	Bt5 1	
66	Bt4 1	
67	Bt17 1	
68	Bt6 1	
69	Bt11 1	
70	Bt21 1	
71	Bt11 1	
72	Bt4 1	
73	Bt9 1	
74	Bt3 1	
75	Bt4 1	
76	Bt4 1	
77	Bt17 1	Bt27 1	
78	Bt4 1	
79	Bt4 1	
80	Bt11 1	
81	Bt4 1	
82	Bt4 1	
83	Bt1 1	
84	Bt4 3	Bt6 2	Bt16 1	
85	Bt4 1	
86	Bt6 1	Bt20 1	
87	Bt26 1	Bt2 1	
88	Bt8 1	
89	Bt4 2	Bt6 1	Bt18 1	Bt7 1	
90	Bt27 1	
91	Bt9 1	
92	Bt6 1	Bt3 1	
93	Bt4 1	
94	Bt3 1	
95	Bt4 1	
96	Bt6 1	
97	Bt4 1	
98	Bt4 1	
99	Bt5 1	
100	Bt4 1	
101	Bt4 1	
102	Bt2 1	Bt4 1	
103	Bt4 1	
104	Bt15 1	Bt23 1	
105	Bt4 1	
106	Bt2 1	
107	Bt4 1	
108	Bt3 2	Bt2 1	Bt4 4	Bt6 1	Bt8 1	Bt26 1	Bt12 1	Bt11 1	
109	Bt16 1	Bt14 1	
110	Bt3 1	
111	Bt8 1	
112	Bt4 2	
113	Bt4 1	
114	Bt9 1	
115	Bt8 1	Bt21 1	Bt6 1	Bt4 1	
116	Bt4 1	
117	Bt5 1	
118	Bt4 1	
119	Bt6 1	Bt10 1	
120	Bt4 1	
121	Bt25 1	
122	Bt6 1	Bt14 1	
123	Bt11 1	
124	Bt4 1	
125	Bt3 1	Bt11 1	Bt6 1	
126	Bt3 1	
127	Bt4 1	
128	Bt4 1	Bt2 1	
129	Bt21 1	Bt3 1	
130	Bt13 1	
131	Bt4 1	
132	Bt4 1	
133	Bt4 1	
134	Bt4 1	
135	Bt4 1	
136	Bt6 2	
137	Bt15 1	Bt4 1	Bt14 1	
138	Bt8 1	
139	Bt6 1	
140	Bt4 1	

DISTANCE MATRIX
0.0 2437.0 2382.3 2508.9 2570.9 2252.0 2360.9 2649.5 2532.5 2461.3 2517.9 2458.3 2433.5 2586.9 2581.4 2413.4 2492.4 2394.1 2307.3 2193.3 2370.3 2609.0 2338.3 2724.8 2611.2 2233.1 2664.9 2476.7 2466.7 2589.5 2287.0 2648.6 2562.1 2827.6 2585.2 2543.9 2509.5 2662.1 2387.8 2392.5 2541.4 2316.6 2565.5 2400.2 2579.5 2368.8 2454.2 2471.6 2507.6 2160.4 2223.2 2508.0 2533.8 2240.0 2234.1 2508.6 2319.6 2219.0 2529.3 2493.0 2394.1 2572.0 2774.7 2535.0 2582.6 2366.3 2302.7 2338.9 2589.2 2159.8 2406.3 2490.5 2176.4 2272.1 2498.5 2230.8 2486.2 2442.3 2581.9 2564.6 2423.5 2562.5 2490.0 2351.6 2336.7 2435.2 2507.5 2424.7 2505.3 2526.8 2554.9 2421.9 2325.3 2656.0 2462.6 2501.3 2494.5 2600.5 2685.7 2342.4 2387.6 2552.0 2760.4 2499.0 2542.1 2505.3 2705.2 2496.5 2530.9 2600.2 2288.0 2397.4 2622.8 2297.7 2162.4 2202.1 2660.4 2355.4 2175.0 2549.2 2443.7 2569.5 2551.5 2553.5 2598.7 2351.1 2354.1 2534.1 2460.0 2731.5 2548.1 2342.1 2349.0 2648.1 2453.4 2614.8 2597.9 2169.6 2564.1 2620.7 2636.4
2362.4 0.0 639.4 188.5 383.5 344.8 596.3 329.1 282.9 140.9 80.8 286.3 436.0 679.7 261.0 297.5 376.5 304.6 564.4 428.7 640.0 288.6 347.4 404.4 423.8 242.2 358.0 569.5 559.5 269.1 379.8 328.2 241.7 507.2 397.8 464.3 251.9 358.4 328.3 485.3 369.4 409.4 409.4 210.2 259.1 461.6 133.8 317.9 187.2 484.9 309.4 70.9 417.9 475.4 326.9 321.2 183.7 305.2 374.5 321.0 651.2 384.6 459.3 419.1 262.2 459.1 395.5 431.7 418.0 416.9 663.4 270.9 391.8 529.2 591.3 487.9 314.2 535.1 261.5 392.6 348.1 375.1 374.1 161.6 419.5 344.4 391.6 354.9 598.1 619.6 439.0 460.2 418.1 335.6 142.2 180.9 174.1 413.1 365.3 435.2 197.6 644.8 440.0 327.0 387.3 184.9 385.2 309.1 210.5 279.8 291.7 281.5 447.2 301.4 486.9 314.9 340.0 590.8 499.5 642.0 327.8 249.1 424.8 233.1 278.3 443.9 611.2 442.6 399.9 411.1 227.7 577.5 441.8 327.7 688.8 294.4 690.7 506.7 448.2 300.3 317.0
2293.7 605.4 0.0 677.3 739.3 420.4 138.9 817.9 700.9 629.7 686.3 626.7 601.9 755.3 749.8 581.8 660.8 562.5 238.4 261.3 151.0 777.4 506.7 893.2 779.6 401.5 833.3 645.1 634.7 757.9 455.4 817.0 730.5 996.0 753.6 712.3 677.9 830.5 556.2 560.9 709.8 491.5 733.9 568.6 747.9 537.2 627.4 640.0 676.0 416.2 391.6 676.4 702.2 263.5 402.5 677.0 488.0 387.4 697.7 661.4 174.8 740.4 943.1 703.4 755.6 534.7 471.1 507.3 757.6 256.4 87.1 658.9 361.2 208.4 666.9 265.0 654.6 610.7 750.3 733.0 591.9 730.9 658.4 520.0 488.2 603.6 675.9 593.1 673.7 694.5 723.3 590.3 492.3 824.4 631.0 669.7 662.9 768.9 854.1 510.8 556.0 720.4 928.8 667.4 710.5 673.7 873.6 664.9 699.3 768.6 456.4 565.8 791.2 466.1 418.2 370.5 828.8 145.4 430.8 717.6 612.1 737.9 723.8 721.9 767.1 519.5 134.8 702.5 628.4 899.9 716.5 158.7 517.4 816.5 395.2 783.2 766.3 344.7 732.5 789.1 804.8
2447.2 181.4 724.2 0.0 468.3 429.6 681.1 208.0 223.4 81.4 262.3 371.1 376.5 620.6 201.5 382.3 461.3 389.4 649.2 513.5 724.8 100.0 432.2 310.7 508.6 327.0 234.1 580.1 569.7 173.3 464.6 204.3 117.8 426.8 482.6 340.4 192.4 234.5 413.1 424.3 454.2 500.7 285.5 295.0 70.5 546.4 115.3 258.4 83.3 569.7 394.2 252.4 502.7 560.2 411.7 406.0 268.5 390.0 459.3 405.8 736.0 469.4 335.4 503.9 138.3 431.7 480.3 516.5 294.1 501.7 748.2 211.4 476.6 614.0 601.9 572.7 399.0 450.2 202.0 477.4 432.9 459.9 458.9 246.4 504.3 429.2 476.4 436.5 575.5 457.5 523.8 400.7 445.3 263.1 139.2 77.8 106.1 497.9 271.6 520.0 282.4 575.2 346.3 411.8 472.1 125.4 261.3 393.9 65.4 163.1 376.5 366.3 323.3 386.2 571.7 399.9 280.5 675.6 584.3 537.6 412.6 127.7 296.6 130.0 154.4 391.9 696.0 318.7 484.7 287.2 103.8 662.3 526.6 203.8 773.6 211.2 539.3 591.5 533.0 176.4 193.1
2508.5 403.6 785.5 475.5 0.0 490.9 742.4 616.1 569.9 427.9 484.5 370.2 672.4 825.8 548.0 443.6 522.6 469.2 710.5 574.8 786.1 575.6 493.5 691.4 40.2 388.3 645.0 715.6 705.6 556.1 525.9 615.2 528.7 794.2 14.2 751.3 538.9 645.4 474.4 631.4 453.3 555.5 696.4 264.9 546.1 607.7 420.8 604.9 474.2 631.0 455.5 474.6 564.0 621.5 473.0 218.5 329.8 451.3 441.2 404.9 797.3 151.9 746.3 565.2 549.2 605.2 541.6 577.8 705.0 563.0 809.5 557.9 537.9 675.3 737.4 634.0 398.1 681.2 548.5 476.5 494.2 291.0 520.2 234.6 565.6 490.5 537.7 501.0 744.2 765.7 585.1 660.8 564.2 622.6 429.2 467.9 461.1 72.6 652.3 581.3 264.7 790.9 727.0 410.9 454.0 471.9 672.2 107.0 497.5 566.8 437.8 427.6 734.2 447.5 633.0 461.2 627.0 736.9 645.6 788.1 473.9 536.1 711.8 520.1 565.3 590.0 757.3 729.6 546.0 698.1 514.7 723.6 587.9 614.7 834.9 581.4 836.8 652.8 594.3 587.3 604.0
2181.4 368.8 458.4 447.6 502.7 0.0 416.3 410.7 280.4 358.3 449.7 390.1 181.4 334.8 342.6 345.2 424.2 325.9 383.4 247.7 459.0 547.7 270.1 486.0 543.0 164.9 412.8 224.6 214.2 350.7 92.4 459.5 453.4 588.8 517.0 291.8 257.4 410.0 319.6 140.4 473.2 111.2 313.4 332.0 518.2 174.2 409.1 219.5 446.3 303.9 166.0 439.8 465.6 294.4 17.8 440.4 251.4 185.2 461.1 424.8 470.2 503.8 522.6 466.8 410.6 114.2 108.1 101.7 337.1 235.9 482.4 238.4 210.8 348.2 246.4 306.9 418.0 190.2 343.1 496.4 355.3 494.3 421.8 283.4 146.2 367.0 439.3 356.5 253.2 274.0 486.7 169.8 73.2 417.2 437.8 417.0 449.4 532.3 446.9 90.3 319.4 299.9 521.6 430.8 473.9 313.0 453.1 428.3 472.7 361.4 219.8 329.2 370.7 229.5 305.9 115.9 421.6 409.8 318.5 297.1 375.5 508.2 299.4 393.3 403.3 99.0 430.2 282.0 391.8 523.9 413.3 396.5 154.4 432.3 507.8 432.4 345.8 325.7 495.9 431.6 384.3
2271.3 583.0 160.6 653.9 716.9 397.0 0.0 794.5 678.5 607.3 663.9 603.3 579.5 732.9 727.4 558.4 637.4 540.1 216.0 168.1 102.2 754.0 484.3 870.8 757.2 379.1 809.9 622.7 612.3 735.5 433.0 794.6 708.1 973.6 730.2 689.9 655.5 808.1 533.8 538.5 687.4 468.1 710.5 545.2 725.5 514.8 605.0 617.6 653.6 393.8 369.2 654.0 679.8 170.3 379.1 654.6 465.6 364.0 675.3 639.0 104.0 718.0 920.7 681.0 733.2 512.3 448.7 484.9 735.2 234.0 184.6 636.5 324.2 149.8 644.5 242.6 632.2 587.3 727.9 710.6 569.5 708.5 636.0 497.6 481.7 581.2 652.5 573.9 651.3 671.1 700.9 567.9 469.9 802.0 608.6 647.3 640.5 746.5 831.7 488.4 533.6 698.0 905.4 645.0 688.1 651.3 851.2 642.5 680.0 745.2 434.0 543.4 768.8 443.7 395.8 347.3 806.4 5.5 408.4 689.2 589.7 715.5 701.4 699.5 744.7 496.1 64.0 680.1 605.0 876.5 694.1 18.7 495.0 794.1 255.0 760.8 742.9 321.3 710.1 766.7 782.4
2564.7 298.9 841.7 219.2 585.8 425.6 798.6 0.0 119.6 177.2 379.8 488.6 316.5 548.1 105.5 499.8 578.8 506.9 766.7 631.0 842.3 319.3 549.7 187.9 626.1 444.5 161.6 520.1 509.7 50.5 518.1 131.8 147.9 304.0 600.1 267.9 132.4 162.0 530.6 364.3 571.7 515.4 213.0 412.5 289.8 599.9 232.8 186.9 199.9 687.2 511.7 369.9 620.2 677.7 443.5 523.5 386.0 507.5 576.8 523.3 853.5 586.9 262.9 621.4 105.1 371.7 533.8 505.9 221.6 619.2 865.7 151.4 594.1 731.5 541.9 690.2 516.5 377.7 86.2 594.9 550.4 577.4 576.4 363.9 560.4 546.7 593.9 554.0 503.0 385.0 641.3 340.7 385.3 140.3 256.7 212.4 222.7 615.4 148.8 494.5 399.9 502.7 223.5 529.3 589.6 131.9 188.8 511.4 241.2 55.9 494.0 483.8 250.8 503.7 689.2 517.4 164.5 793.1 701.8 465.1 530.1 261.8 224.1 212.2 121.2 331.9 813.5 246.2 602.2 113.1 107.8 779.8 580.1 131.3 891.1 225.9 466.8 709.0 650.5 103.9 120.6
2508.0 242.2 785.0 209.8 529.1 313.0 741.9 137.5 0.0 120.5 323.1 431.9 203.9 517.7 69.4 443.1 522.1 450.2 710.0 574.3 785.6 309.9 493.0 212.8 569.4 387.8 193.9 407.5 397.5 77.5 405.5 164.1 180.2 315.6 543.4 300.2 75.7 194.3 473.9 251.7 515.0 396.3 245.3 355.8 280.4 487.3 171.3 67.3 208.5 630.5 455.0 313.2 563.5 621.0 330.9 466.8 329.3 450.8 520.1 466.6 796.8 530.2 295.2 564.7 137.4 259.1 421.2 393.3 253.9 562.5 809.0 94.7 537.4 674.8 429.3 633.5 459.8 330.9 69.9 538.2 493.7 520.7 519.7 307.2 437.8 490.0 537.2 500.5 436.1 415.4 584.6 228.1 274.1 144.0 200.0 179.2 211.6 558.7 173.7 381.9 343.2 482.8 248.4 472.6 532.9 75.2 221.1 454.7 234.9 88.2 437.3 427.1 283.1 447.0 632.5 429.0 148.4 736.4 645.1 480.0 473.4 270.4 260.7 155.5 130.1 219.3 756.8 278.5 545.5 250.7 140.1 723.1 467.5 163.6 834.4 191.9 528.7 652.3 593.8 136.2 152.9
2387.4 121.6 664.4 89.2 408.5 369.8 621.3 188.1 141.9 0.0 202.5 311.3 295.0 608.8 120.0 322.5 401.5 329.6 589.4 453.7 665.0 189.3 372.4 263.4 448.8 267.2 244.5 498.6 488.6 128.1 404.8 214.7 142.4 366.2 422.8 350.8 110.9 244.9 353.3 342.8 394.4 434.4 295.9 235.2 159.8 486.6 50.7 176.9 87.9 509.9 334.4 192.6 442.9 500.4 351.9 346.2 208.7 330.2 399.5 346.0 676.2 409.6 345.8 444.1 173.9 350.2 420.5 456.7 304.5 441.9 688.4 129.9 416.8 554.2 520.4 512.9 339.2 422.0 120.5 417.6 373.1 400.1 399.1 186.6 444.5 369.4 416.6 379.9 527.2 468.6 464.0 319.2 365.2 194.6 79.4 80.0 91.0 438.1 224.3 460.2 222.6 573.9 299.0 352.0 412.3 43.9 271.7 334.1 114.3 138.8 316.7 306.5 333.7 326.4 511.9 339.9 199.0 615.8 524.5 542.0 352.8 149.8 311.3 112.5 157.8 310.4 636.2 329.1 424.9 301.3 128.4 602.5 466.8 214.2 713.8 153.4 549.7 531.7 473.2 186.8 203.5
2442.3 79.8 719.3 268.4 463.4 424.7 676.2 409.0 362.8 220.8 0.0 366.2 515.9 759.6 340.9 377.4 456.4 384.5 644.3 508.6 719.9 368.5 427.3 484.3 503.7 322.1 437.9 649.4 639.4 349.0 459.7 408.1 321.6 587.1 477.7 544.2 331.8 438.3 408.2 565.2 449.3 489.3 489.3 290.1 339.0 541.5 213.7 397.8 267.1 564.8 389.3 8.4 497.8 555.3 406.8 401.1 263.6 385.1 454.4 400.9 731.1 464.5 539.2 499.0 342.1 539.0 475.4 511.6 497.9 496.8 743.3 350.8 471.7 609.1 671.2 567.8 394.1 615.0 341.4 472.5 428.0 455.0 454.0 241.5 499.4 424.3 471.5 434.8 678.0 699.5 518.9 540.1 498.0 415.5 222.1 260.8 254.0 493.0 445.2 515.1 277.5 724.7 519.9 406.9 467.2 264.8 465.1 389.0 290.4 359.7 371.6 361.4 527.1 381.3 566.8 394.8 419.9 670.7 579.4 721.9 407.7 329.0 504.7 313.0 358.2 523.8 691.1 522.5 479.8 491.0 307.6 657.4 521.7 407.6 768.7 374.3 770.6 586.6 528.1 380.2 396.9
2383.5 266.1 660.5 338.0 377.8 365.9 617.4 478.6 432.4 290.4 347.0 0.0 547.4 700.8 410.5 318.6 397.6 344.2 585.5 449.8 661.1 438.1 368.5 553.9 418.1 263.3 507.5 590.6 580.6 418.6 400.9 477.7 391.2 656.7 392.1 613.8 401.4 507.9 349.4 506.4 120.4 437.0 558.9 249.3 408.6 482.7 288.1 467.4 336.7 506.0 330.5 337.1 439.0 496.5 348.0 315.5 204.8 326.3 288.9 85.0 672.3 378.9 608.8 440.2 416.3 480.2 416.6 452.8 567.5 438.0 684.5 420.4 412.9 550.3 612.4 509.0 45.0 556.2 411.0 143.6 369.2 369.4 395.2 200.7 440.6 365.5 412.7 376.0 619.2 640.0 460.1 535.8 437.8 485.1 291.7 330.4 323.6 407.4 514.8 456.3 236.7 665.9 589.5 76.3 301.7 334.4 534.7 303.4 360.0 429.3 312.8 302.6 596.7 322.5 508.0 336.0 489.5 611.9 520.6 657.1 348.9 398.6 570.0 382.6 427.8 465.0 632.3 592.1 421.0 560.6 377.2 598.6 462.9 477.2 709.9 443.9 711.8 527.8 469.3 449.8 466.5
2378.6 406.6 655.6 374.2 693.5 197.1 612.5 337.3 207.0 284.9 487.5 596.3 0.0 401.8 269.2 542.4 621.4 614.6 580.6 444.9 656.2 474.3 467.3 412.6 733.8 362.1 349.5 291.6 281.6 277.3 289.6 363.9 380.0 515.4 707.8 228.5 184.0 346.7 516.8 47.7 679.4 280.4 250.1 520.2 444.8 371.4 335.7 146.1 372.9 501.1 363.2 477.6 662.8 491.6 215.0 631.2 493.7 382.4 684.5 631.0 667.4 694.6 459.3 664.0 337.2 143.2 305.3 277.4 273.8 433.1 679.6 165.0 408.0 545.4 313.4 504.1 624.2 126.9 269.7 702.6 552.5 685.1 619.0 471.6 321.9 564.2 636.5 553.7 320.2 211.4 683.9 24.1 158.2 343.8 364.4 343.6 376.0 723.1 373.5 266.0 507.6 346.4 448.2 637.0 697.3 239.6 389.8 619.1 396.2 288.0 417.0 526.4 307.4 426.7 503.1 313.1 348.2 607.0 515.7 302.8 572.7 434.8 236.1 319.9 329.9 103.4 627.4 218.7 589.0 450.5 339.9 593.7 351.6 369.0 705.0 359.0 310.5 522.9 693.1 336.0 321.0
2493.6 682.0 770.6 575.6 814.9 312.1 727.5 471.9 482.4 560.3 762.9 702.3 383.4 0.0 492.2 657.4 736.4 638.1 695.6 559.9 771.2 675.7 582.3 574.6 855.2 477.1 390.8 159.2 120.2 437.2 404.6 437.5 504.3 690.7 829.2 269.8 459.4 388.0 631.8 335.2 785.4 395.4 291.4 644.2 646.2 486.4 611.1 421.5 556.3 616.1 478.2 753.0 777.8 606.6 330.0 752.6 563.6 497.4 773.3 737.0 782.4 816.0 518.6 779.0 461.5 316.2 420.3 392.4 315.1 548.1 794.6 440.4 523.0 660.4 181.0 619.1 730.2 242.7 472.9 808.6 667.5 806.5 734.0 595.6 436.9 679.2 751.5 668.7 159.5 270.7 798.9 364.6 293.2 527.0 639.8 568.8 579.1 844.5 535.5 381.0 631.6 188.0 610.2 743.0 786.1 515.0 431.1 740.5 600.7 427.0 532.0 641.4 348.7 541.7 618.1 428.3 551.2 722.0 630.7 115.6 687.7 618.2 277.4 595.3 477.6 301.0 742.4 260.0 704.0 563.7 464.2 708.7 466.6 410.3 820.0 582.3 152.1 637.9 808.1 409.6 362.3
2517.2 251.4 794.2 213.1 538.3 378.1 751.1 106.1 72.1 129.7 332.3 441.1 269.0 549.0 0.0 452.3 531.3 459.4 719.2 583.5 794.8 313.2 502.2 181.4 578.6 397.0 162.5 472.6 462.6 46.1 470.6 132.7 141.8 266.2 552.6 268.8 84.9 162.9 483.1 316.8 524.2 461.4 213.9 365.0 283.7 552.4 180.5 139.4 193.8 639.7 464.2 322.4 572.7 630.2 396.0 476.0 338.5 460.0 529.3 475.8 806.0 539.4 263.8 573.9 76.7 324.2 486.3 458.4 222.5 571.7 818.2 103.9 546.6 684.0 494.4 642.7 469.0 378.6 38.5 547.4 502.9 529.9 528.9 316.4 512.9 499.2 546.4 509.7 501.2 386.6 593.8 293.2 339.2 112.6 209.2 169.0 216.6 567.9 142.3 447.0 352.4 503.6 217.0 481.8 542.1 86.8 189.7 463.9 235.1 56.8 446.5 436.3 251.7 456.2 641.7 469.9 99.0 745.6 654.3 460.0 482.6 255.7 229.3 127.3 60.6 284.4 766.0 247.1 554.7 219.3 101.7 732.3 532.6 132.2 843.6 122.4 467.7 661.5 603.0 104.8 121.5
2344.0 282.7 621.0 354.6 416.6 326.4 577.9 495.2 449.0 307.0 363.6 304.0 507.9 661.3 427.1 0.0 246.8 304.7 546.0 410.3 621.6 454.7 238.1 570.5 456.9 223.8 524.1 551.1 540.7 435.2 361.4 494.3 407.8 673.3 430.9 618.3 418.0 524.5 198.6 466.9 387.1 397.5 575.5 245.9 425.2 443.2 304.7 484.0 353.3 466.5 291.0 353.7 288.2 457.0 308.5 354.3 147.3 286.8 375.0 338.7 632.8 417.7 625.4 289.4 432.9 440.7 377.1 413.3 584.1 398.5 645.0 437.0 373.4 510.8 572.9 469.5 331.9 516.7 427.6 410.3 218.4 408.2 244.4 197.3 401.1 214.7 261.9 225.2 579.7 600.5 309.3 496.3 398.3 501.7 308.3 347.0 340.2 446.2 531.4 416.8 233.3 626.4 606.1 344.7 387.8 351.0 551.3 342.2 376.6 445.9 273.3 16.0 613.3 283.0 468.5 296.5 506.1 572.4 481.1 617.6 198.1 415.2 625.9 399.2 444.4 425.5 592.8 608.5 381.5 577.2 393.8 559.1 423.4 493.8 670.4 460.5 672.3 488.3 318.5 466.4 483.1
2447.7 386.4 724.7 458.3 520.3 430.1 681.6 598.9 552.7 410.7 467.3 407.7 611.6 765.0 530.8 242.8 0.0 408.4 649.7 514.0 725.3 558.4 298.3 674.2 560.6 403.5 627.8 654.8 644.4 538.9 465.1 598.0 511.5 777.0 534.6 722.0 521.7 628.2 258.8 570.6 490.8 501.2 679.2 349.6 528.9 546.9 408.4 587.7 457.0 570.2 394.7 457.4 47.0 560.7 412.2 458.0 251.0 390.5 478.7 442.4 736.5 521.4 729.1 112.2 536.6 544.4 480.8 517.0 687.8 502.2 748.7 540.7 477.1 614.5 676.6 573.2 435.6 620.4 531.3 514.0 278.6 511.9 67.2 301.0 514.8 274.9 84.7 282.2 683.4 704.2 132.1 600.0 502.0 605.4 412.0 450.7 443.9 549.9 635.1 520.5 337.0 730.1 709.8 448.4 491.5 454.7 655.0 445.9 480.3 549.6 377.0 226.8 717.0 386.7 572.2 400.2 609.8 676.1 584.8 721.3 258.3 518.9 729.6 502.9 548.1 529.2 696.5 712.2 485.2 680.9 497.5 662.8 527.1 597.5 774.1 564.2 776.0 592.0 141.3 570.1 586.8
2320.0 347.9 597.0 419.8 459.0 302.4 553.9 560.4 514.2 372.2 428.8 346.4 483.9 637.3 492.3 301.5 380.5 0.0 522.0 386.3 597.6 519.9 305.0 635.7 499.3 199.8 589.3 527.1 517.1 500.4 337.4 559.5 473.0 738.5 473.3 594.3 483.2 589.7 332.3 442.9 429.5 367.0 615.9 288.3 490.4 411.5 365.1 522.0 418.5 442.5 267.0 418.9 421.9 433.0 284.5 396.7 207.7 262.8 417.4 381.1 608.8 460.1 690.6 423.1 493.5 416.7 353.1 389.3 639.6 374.5 621.0 540.9 349.4 486.8 548.9 445.5 374.3 492.7 492.8 452.7 352.1 450.6 378.1 239.7 377.1 348.4 395.6 358.9 555.7 577.2 443.0 472.3 375.7 566.9 373.5 412.2 405.4 488.6 596.6 392.8 275.7 602.4 671.3 387.1 430.2 416.2 616.5 384.6 441.8 511.1 203.6 285.5 673.2 237.6 444.5 272.5 571.3 548.4 457.1 599.6 331.8 480.4 601.9 464.4 509.6 401.5 568.8 584.5 120.6 642.4 459.0 535.1 399.4 559.0 646.4 525.7 648.3 464.3 452.2 531.6 548.3
2237.3 549.0 237.0 620.9 682.9 364.0 212.9 761.5 644.5 573.3 629.9 570.3 545.5 698.9 693.4 525.4 604.4 506.1 0.0 300.2 225.0 721.0 450.3 836.8 723.2 345.1 776.9 588.7 578.7 701.5 399.0 760.6 674.1 939.6 697.2 655.9 621.5 774.1 499.8 504.5 653.4 435.1 677.5 512.2 691.5 480.8 571.0 583.6 619.6 359.8 335.2 620.0 645.8 337.5 346.1 620.6 431.6 331.0 641.3 605.0 248.8 684.0 886.7 647.0 699.2 478.3 414.7 450.9 701.2 200.0 261.0 602.5 304.8 199.7 610.5 124.7 598.2 554.3 693.9 676.6 535.5 674.5 602.0 463.6 448.7 547.2 619.5 536.7 617.3 638.1 666.9 533.9 435.9 768.0 574.6 613.3 606.5 712.5 797.7 454.4 499.6 664.0 872.4 611.0 654.1 617.3 817.2 608.5 642.9 712.2 400.0 509.4 734.8 409.7 361.8 314.1 772.4 219.4 374.4 661.2 555.7 681.5 667.4 665.5 710.7 463.1 208.8 646.1 572.0 843.5 660.1 232.7 461.0 760.1 469.2 726.8 709.9 231.5 676.1 732.7 748.4
2144.6 434.6 280.9 506.5 568.5 249.6 167.5 647.1 530.1 458.9 515.5 455.9 431.1 584.5 579.0 411.0 490.0 391.7 334.2 0.0 211.2 606.6 335.9 722.4 608.8 230.7 662.5 474.3 464.3 587.1 284.6 646.2 559.7 825.2 582.8 541.5 507.1 659.7 385.4 390.1 539.0 314.2 563.1 397.8 577.1 366.4 451.8 469.2 505.2 267.1 220.8 505.6 531.4 46.6 231.7 506.2 317.2 216.6 526.9 490.6 256.5 569.6 772.3 532.6 580.2 363.9 300.3 336.5 586.8 186.7 304.9 488.1 156.0 179.7 496.1 257.7 483.8 439.9 579.5 562.2 421.1 560.1 487.6 349.2 324.3 432.8 505.1 422.3 502.9 524.4 552.5 419.5 322.9 653.6 460.2 498.9 492.1 598.1 683.3 340.0 385.2 549.6 758.0 496.6 539.7 502.9 702.8 494.1 528.5 597.8 285.6 395.0 620.4 295.3 269.1 199.9 658.0 162.0 281.7 546.8 441.3 567.1 549.1 551.1 596.3 348.7 216.5 531.7 457.6 729.1 545.7 148.7 346.6 645.7 260.0 612.4 595.5 337.4 561.7 618.3 634.0
2282.7 594.4 172.0 666.3 728.3 409.4 122.5 806.9 689.9 618.7 675.3 615.7 590.9 744.3 738.8 570.8 649.8 551.5 227.4 222.6 0.0 766.4 495.7 882.2 768.6 390.5 822.3 634.1 624.1 746.9 444.4 806.0 719.5 985.0 742.6 701.3 666.9 819.5 545.2 549.9 698.8 474.0 722.9 557.6 736.9 526.2 611.6 629.0 665.0 405.2 380.6 665.4 691.2 224.8 391.5 666.0 477.0 376.4 686.7 650.4 157.4 729.4 932.1 692.4 740.0 523.7 460.1 496.3 746.6 245.4 196.0 647.9 350.2 169.7 655.9 254.0 643.6 599.7 739.3 722.0 580.9 719.9 647.4 509.0 484.1 592.6 664.9 582.1 662.7 684.2 712.3 579.3 482.7 813.4 620.0 658.7 651.9 757.9 843.1 499.8 545.0 709.4 917.8 656.4 699.5 662.7 862.6 653.9 688.3 757.6 445.4 554.8 780.2 455.1 407.2 359.7 817.8 128.0 419.8 706.6 601.1 726.9 708.9 710.9 756.1 508.5 117.4 691.5 617.4 888.9 705.5 141.3 506.4 805.5 356.5 772.2 755.3 333.7 721.5 778.1 793.8
2547.9 282.1 824.9 100.6 569.0 530.3 781.8 308.7 324.1 182.1 363.0 471.8 477.2 721.3 302.2 483.0 562.0 490.1 749.9 614.2 825.5 0.0 532.9 411.4 609.3 427.7 334.8 680.8 670.4 274.0 565.3 305.0 218.5 527.5 583.3 441.1 293.1 335.2 513.8 525.0 554.9 601.4 386.2 395.7 40.0 647.1 216.0 359.1 184.0 670.4 494.9 353.1 603.4 660.9 512.4 506.7 369.2 490.7 560.0 506.5 836.7 570.1 436.1 604.6 243.6 532.4 581.0 617.2 394.8 602.4 848.9 312.1 577.3 714.7 702.6 673.4 499.7 550.9 302.7 578.1 533.6 560.6 559.6 347.1 605.0 529.9 577.1 537.2 676.2 558.2 624.5 501.4 546.0 363.8 239.9 178.5 206.8 598.6 372.3 620.7 383.1 675.9 447.0 512.5 572.8 226.1 362.0 494.6 169.2 263.8 477.2 467.0 424.0 486.9 672.4 500.4 381.2 776.3 685.0 632.3 513.3 228.4 401.6 230.7 255.1 492.6 796.7 419.4 585.4 387.9 204.5 763.0 627.3 304.5 874.3 311.9 640.0 692.2 633.7 277.1 293.8
2267.4 331.1 544.4 403.0 465.0 249.8 501.3 543.6 497.4 355.4 412.0 352.4 431.3 584.7 475.5 254.1 298.3 288.2 469.4 333.7 545.0 503.1 0.0 618.9 505.3 105.1 572.5 474.5 464.5 483.6 284.8 542.7 456.2 721.7 479.3 541.7 466.4 572.9 49.4 390.3 435.5 314.4 563.3 294.3 473.6 366.6 348.3 469.4 401.7 389.9 214.4 402.1 339.7 380.4 231.9 402.7 213.7 210.2 423.4 387.1 556.2 466.1 673.8 340.9 476.7 364.1 300.5 336.7 587.0 321.9 568.4 488.3 296.8 434.2 496.3 392.9 380.3 440.1 476.0 458.7 85.1 456.6 295.9 245.7 324.5 96.8 313.4 86.3 503.1 524.6 360.8 419.7 323.1 550.1 356.7 395.4 388.6 494.6 579.8 340.2 281.7 549.8 654.5 393.1 436.2 399.4 599.7 390.6 425.0 494.3 196.7 238.1 620.6 206.4 391.9 219.9 554.5 495.8 404.5 547.0 113.4 463.6 549.3 447.6 492.8 348.9 516.2 531.9 354.1 625.6 442.2 482.5 346.8 542.2 593.8 508.9 595.7 411.7 370.0 514.8 531.5
2652.2 386.4 929.2 334.1 673.3 513.1 886.1 220.1 207.1 264.7 467.3 576.1 404.0 663.0 193.0 587.3 666.3 594.4 854.2 718.5 929.8 434.2 637.2 0.0 713.6 532.0 276.5 607.6 597.6 160.1 605.6 246.7 262.8 116.0 687.6 382.8 219.9 276.9 618.1 451.8 659.2 596.4 327.9 500.0 404.7 687.4 315.5 274.4 314.8 774.7 599.2 457.4 707.7 765.2 531.0 611.0 473.5 595.0 664.3 610.8 941.0 674.4 377.8 708.9 220.0 459.2 621.3 593.4 336.5 706.7 953.2 238.9 681.6 819.0 629.4 777.7 604.0 531.0 177.3 682.4 637.9 664.9 663.9 451.4 631.0 634.2 681.4 644.7 636.2 500.6 728.8 428.2 474.2 110.8 344.2 323.4 337.6 702.9 44.7 582.0 487.4 617.6 35.5 616.8 677.1 219.4 303.7 598.9 356.1 170.8 581.5 571.3 365.7 591.2 776.7 604.7 182.9 880.6 789.3 574.0 617.6 376.7 343.3 299.7 236.1 419.4 901.0 361.1 689.7 333.3 222.7 867.3 667.6 246.2 978.6 315.5 581.7 796.5 738.0 218.8 235.5
2548.8 443.9 825.8 515.8 40.2 531.2 782.7 656.4 610.2 468.2 524.8 410.5 712.7 866.1 588.3 483.9 562.9 509.5 750.8 615.1 826.4 615.9 533.8 731.7 0.0 428.6 685.3 755.9 745.9 596.4 566.2 655.5 569.0 834.5 25.9 791.6 579.2 685.7 514.7 671.7 493.6 595.8 736.7 305.2 586.4 648.0 461.1 645.2 514.5 671.3 495.8 514.9 604.3 661.8 513.3 258.8 370.1 491.6 481.5 445.2 837.6 192.2 786.6 605.5 589.5 645.5 581.9 618.1 745.3 603.3 849.8 598.2 578.2 715.6 777.7 674.3 438.4 721.5 588.8 516.8 534.5 331.3 560.5 274.9 605.9 530.8 578.0 541.3 784.5 806.0 625.4 701.1 604.5 662.9 469.5 508.2 501.4 34.5 692.6 621.6 305.0 831.2 767.3 451.2 494.3 512.2 712.5 147.3 537.8 607.1 478.1 467.9 774.5 487.8 673.3 501.5 667.3 777.2 685.9 828.4 514.2 576.4 752.1 560.4 605.6 630.3 797.6 769.9 586.3 738.4 555.0 763.9 628.2 655.0 875.2 621.7 877.1 693.1 634.6 627.6 644.3
2162.2 225.9 439.2 297.8 359.8 144.6 396.1 438.4 392.2 250.2 306.8 247.2 326.1 479.5 370.3 202.3 281.3 183.0 364.2 228.5 439.8 397.9 105.1 513.7 400.1 0.0 467.3 369.3 359.3 378.4 179.6 437.5 351.0 616.5 374.1 436.5 361.2 467.7 154.6 285.1 330.3 209.2 458.1 189.1 368.4 261.4 243.1 364.2 296.5 284.7 109.2 296.9 322.7 275.2 126.7 297.5 108.5 105.0 318.2 281.9 451.0 360.9 568.6 323.9 371.5 258.9 195.3 231.5 481.8 216.7 463.2 383.1 191.6 329.0 391.1 287.7 275.1 334.9 370.8 353.5 190.3 351.4 278.9 140.5 219.3 202.0 296.4 191.5 397.9 419.4 343.8 314.5 217.9 444.9 251.5 290.2 283.4 389.4 474.6 235.0 176.5 444.6 549.3 287.9 331.0 294.2 494.5 285.4 322.9 389.1 91.5 186.3 515.4 101.2 286.7 114.7 449.3 390.6 299.3 441.8 218.6 358.4 444.1 342.4 387.6 243.7 411.0 426.7 248.9 520.4 337.0 377.3 241.6 437.0 488.6 403.7 490.5 306.5 353.0 409.6 426.3
2637.8 372.0 914.8 262.0 658.9 462.7 872.7 158.3 192.7 250.3 452.9 561.7 389.6 433.7 178.6 572.9 651.9 580.0 839.8 704.1 915.4 362.1 622.8 261.0 699.2 517.6 0.0 417.2 456.3 123.6 555.2 123.9 190.7 377.1 673.2 153.5 205.5 74.4 603.7 355.8 644.8 552.5 98.6 485.6 332.6 637.0 301.0 260.0 242.7 760.3 584.8 443.0 693.3 750.8 480.6 596.6 459.1 580.6 649.9 596.4 926.6 660.0 114.3 694.5 152.5 420.0 570.9 543.0 107.2 692.3 938.8 224.5 667.2 804.6 442.1 763.3 589.6 263.3 159.3 668.0 623.5 650.5 649.5 437.0 587.5 619.8 667.0 627.1 388.6 270.6 714.4 385.2 392.1 213.4 329.8 255.2 265.5 688.5 221.9 531.6 473.0 388.3 296.6 602.4 662.7 205.0 40.2 584.5 284.0 113.4 567.1 556.9 136.4 576.8 762.3 590.5 237.6 866.2 774.9 344.7 603.2 304.6 114.0 282.2 164.0 405.0 886.6 131.8 675.3 248.9 150.6 852.9 617.2 96.7 964.2 268.7 352.4 782.1 723.6 96.0 48.7
2403.4 591.8 680.4 559.4 724.7 221.9 637.3 455.4 392.2 470.1 672.7 612.1 293.2 159.2 454.4 567.2 646.2 547.9 605.4 469.7 681.0 659.5 492.1 558.1 765.0 386.9 374.3 0.0 39.0 420.7 314.4 421.0 487.8 674.2 739.0 253.3 369.2 371.5 541.6 270.5 695.2 305.2 274.9 554.0 630.0 396.2 520.9 331.3 539.8 525.9 388.0 662.8 687.6 516.4 239.8 662.4 473.4 407.2 683.1 646.8 692.2 725.8 502.1 688.8 445.0 226.0 330.1 302.2 298.6 457.9 704.4 350.2 432.8 570.2 38.1 528.9 640.0 226.2 454.9 718.4 577.3 716.3 643.8 505.4 346.7 589.0 661.3 578.5 28.5 254.2 708.7 299.9 203.0 510.5 549.6 528.8 561.2 754.3 519.0 290.8 541.4 75.2 593.7 652.8 695.9 424.8 414.6 650.3 584.5 410.5 441.8 551.2 332.2 451.5 527.9 337.9 534.7 631.8 540.5 72.4 597.5 601.7 260.9 505.1 461.1 210.8 652.2 243.5 613.8 547.2 447.7 618.5 376.4 393.8 729.8 544.2 121.1 547.7 717.9 393.1 345.8
2373.4 561.8 650.4 529.4 694.7 191.5 608.3 494.5 362.2 440.1 642.7 581.7 263.2 120.2 424.4 536.8 616.2 517.9 575.0 439.7 651.0 629.1 462.1 597.2 735.0 356.9 413.4 39.0 0.0 432.5 284.4 460.1 526.9 670.6 708.6 292.4 339.2 410.6 511.6 240.5 665.2 281.7 313.6 523.6 600.0 366.2 495.7 301.3 528.1 495.9 358.0 632.8 657.6 486.4 209.8 632.4 443.4 376.8 653.1 616.8 662.2 695.8 540.8 658.8 488.7 196.0 300.1 272.2 337.7 427.9 674.4 320.2 402.8 540.2 60.8 498.9 610.0 264.9 424.9 688.4 547.3 686.3 613.8 475.4 326.3 559.0 630.9 551.7 67.6 292.6 678.7 269.9 171.6 499.0 519.6 498.8 531.2 724.3 558.1 260.8 511.4 114.3 632.8 622.8 665.9 394.8 453.7 620.3 554.5 449.6 411.8 521.2 370.9 421.5 497.9 307.5 503.4 601.8 510.5 105.5 567.5 590.0 303.9 475.1 485.1 180.4 622.2 282.6 583.4 585.9 486.8 588.5 346.4 432.9 699.8 514.2 160.2 517.3 687.9 432.2 384.9
2514.1 248.3 791.1 173.9 535.2 375.0 748.0 59.9 69.0 126.6 329.2 438.0 265.9 502.8 54.9 449.2 528.2 456.3 716.1 580.4 791.7 274.0 499.1 137.3 575.5 393.9 116.3 469.5 459.5 0.0 467.5 86.5 102.6 253.4 549.5 222.6 81.8 116.7 480.0 313.7 521.1 458.3 167.7 361.9 244.5 549.3 177.4 136.3 154.6 636.6 461.1 319.3 569.6 627.1 392.9 472.9 335.4 456.9 526.2 472.7 802.9 536.3 217.6 570.8 59.8 321.1 483.2 455.3 176.3 568.6 815.1 100.8 543.5 680.9 491.3 639.6 465.9 332.4 35.6 544.3 499.8 526.8 525.8 313.3 499.8 496.1 543.3 506.6 457.7 340.4 590.7 290.1 336.1 89.7 206.1 167.1 177.4 564.8 98.2 443.9 349.3 457.4 172.9 478.7 539.0 81.3 143.5 460.8 195.9 10.6 443.4 433.2 205.5 453.1 638.6 466.8 113.9 742.5 651.2 413.8 479.5 216.5 183.1 161.6 75.9 281.3 762.9 200.9 551.6 173.1 62.5 729.2 529.5 86.0 840.5 180.6 421.5 658.4 599.9 58.6 75.3
2223.1 410.5 500.1 526.8 544.4 79.1 457.0 489.9 359.6 437.5 491.4 431.8 260.6 414.0 421.8 386.9 465.9 367.6 425.1 289.4 500.7 626.9 311.8 565.2 584.7 206.6 492.0 303.8 293.8 429.9 0.0 538.7 532.6 668.0 558.7 371.0 336.6 489.2 361.3 219.6 514.9 90.1 392.6 373.7 597.4 81.7 488.3 298.7 525.5 345.6 207.7 481.5 507.3 336.1 61.2 482.1 293.1 226.9 502.8 466.5 511.9 545.5 601.8 508.5 489.8 193.4 15.7 48.8 416.3 277.6 524.1 317.6 252.5 389.9 325.6 348.6 459.7 269.4 422.3 538.1 397.0 536.0 463.5 325.1 100.2 408.7 481.0 398.2 332.4 353.9 528.4 249.0 152.4 496.4 517.0 496.2 528.6 574.0 526.1 60.9 361.1 379.1 600.8 472.5 515.6 392.2 532.3 470.0 548.8 440.6 299.6 370.9 449.9 265.6 347.6 157.6 500.8 451.5 360.2 376.3 417.2 587.4 378.6 472.5 482.5 178.2 471.9 361.2 433.5 603.1 492.5 438.2 61.9 511.5 549.5 511.6 425.0 367.4 537.6 510.8 463.5
2588.7 322.9 865.7 212.9 609.8 449.6 822.6 109.2 143.6 201.2 403.8 512.6 340.5 511.1 129.5 523.8 602.8 530.9 790.7 655.0 866.3 313.0 573.7 211.9 650.1 468.5 124.6 494.6 534.1 74.5 542.1 0.0 141.6 328.0 624.1 230.9 156.4 125.0 554.6 388.3 595.7 532.9 176.0 436.5 283.5 623.9 252.0 210.9 193.6 711.2 535.7 393.9 644.2 701.7 467.5 547.5 410.0 531.5 600.8 547.3 877.5 610.9 225.9 645.4 98.8 395.7 557.8 529.9 184.6 643.2 889.7 175.4 618.1 755.5 519.5 714.2 540.5 340.7 110.2 618.9 574.4 601.4 600.4 387.9 584.4 570.7 617.9 581.2 466.0 348.7 665.3 364.7 410.7 164.3 280.7 206.1 216.4 639.4 172.8 518.5 423.9 465.7 247.5 553.3 613.6 155.9 151.8 535.4 234.9 64.3 518.0 507.8 213.8 527.7 713.2 541.4 188.5 817.1 725.8 422.1 554.1 255.5 191.4 233.1 114.9 355.9 837.5 209.2 626.2 206.4 101.5 803.8 604.1 114.4 915.1 219.6 429.8 733.0 674.5 27.8 83.6
2497.9 232.1 774.9 135.3 519.0 480.3 731.8 134.2 168.6 132.1 313.0 421.8 365.5 546.8 131.3 433.0 512.0 440.1 699.9 564.2 775.5 235.4 482.9 236.9 559.3 377.7 160.3 530.3 559.1 99.5 515.3 130.5 0.0 353.0 533.3 266.6 181.4 160.7 463.8 413.3 504.9 544.9 211.7 345.7 205.9 597.1 161.2 235.9 116.0 620.4 444.9 303.1 553.4 610.9 462.4 456.7 319.2 440.7 510.0 456.5 786.7 520.1 261.6 554.6 64.5 420.7 531.0 567.2 220.3 552.4 798.9 200.4 527.3 664.7 555.2 623.4 449.7 376.4 121.0 528.1 483.6 510.6 509.6 297.1 555.0 479.9 527.1 490.4 501.7 384.4 574.5 389.7 435.7 189.3 189.9 128.5 138.8 548.6 197.8 570.7 333.1 501.4 272.5 462.5 522.8 176.1 187.5 444.6 160.4 89.3 427.2 417.0 249.5 436.9 622.4 450.6 213.5 726.3 635.0 457.8 463.3 177.9 227.1 155.5 80.6 380.9 746.7 244.9 535.4 213.4 30.0 713.0 577.3 130.0 824.3 185.3 465.5 642.2 583.7 102.6 119.3
2592.9 327.1 869.9 294.7 614.0 453.8 826.8 201.8 147.8 205.4 408.0 516.8 344.7 658.5 115.7 528.0 607.0 535.1 794.9 659.2 870.5 394.8 577.9 290.2 654.3 472.7 258.2 548.3 538.3 141.8 546.3 228.4 257.6 0.0 628.3 364.5 160.6 258.6 558.8 392.5 599.9 537.1 309.6 440.7 365.3 628.1 256.2 215.1 293.4 715.4 539.9 398.1 648.4 705.9 471.7 551.7 414.2 535.7 605.0 551.5 881.7 615.1 359.5 649.6 192.5 399.9 562.0 534.1 318.2 647.4 893.9 179.6 622.3 759.7 570.1 718.4 544.7 471.7 134.2 623.1 578.6 605.6 604.6 392.1 578.6 574.9 622.1 585.4 576.9 482.3 669.5 368.9 414.9 208.3 284.9 264.1 296.5 643.6 238.0 522.7 428.1 623.6 201.3 557.5 617.8 160.1 285.4 539.6 316.7 152.5 522.2 512.0 347.4 531.9 717.4 545.4 66.8 821.3 730.0 555.7 558.3 355.3 325.0 243.1 176.4 360.1 841.7 342.8 630.4 315.0 217.5 808.0 608.3 227.9 919.3 238.2 563.4 737.2 678.7 200.5 217.2
2522.8 417.9 799.8 489.8 14.2 505.2 756.7 630.4 584.2 442.2 498.8 384.5 686.7 840.1 562.3 457.9 536.9 483.5 724.8 589.1 800.4 589.9 507.8 705.7 25.9 402.6 659.3 729.9 719.5 570.4 540.2 629.5 543.0 808.5 0.0 765.6 553.2 659.7 488.7 645.7 467.6 576.3 710.7 279.2 560.4 622.0 435.1 619.2 488.5 645.3 469.8 488.9 578.3 635.8 487.3 232.8 344.1 465.6 455.5 419.2 811.6 166.2 760.6 579.5 568.1 619.5 555.9 592.1 719.3 577.3 823.8 572.2 552.2 689.6 751.7 648.3 412.4 695.5 562.8 490.8 508.5 305.3 534.5 248.9 573.0 504.8 552.0 512.1 758.5 779.3 599.4 675.1 577.1 636.9 443.5 482.2 475.4 60.4 666.6 595.6 279.0 805.2 741.3 425.2 468.3 486.2 686.5 121.3 514.9 581.1 452.1 441.9 748.5 461.8 647.3 475.3 641.3 751.2 659.9 802.4 488.2 550.4 721.8 534.4 579.6 604.3 771.6 743.9 560.3 712.4 529.0 737.9 602.2 629.0 849.2 595.7 851.1 667.1 608.6 601.6 618.3
2490.6 469.6 767.6 359.6 756.5 309.1 724.5 255.9 290.3 347.9 550.5 659.3 258.5 280.1 276.2 654.4 733.4 677.6 692.6 556.9 768.2 459.7 579.3 358.6 796.8 474.1 174.8 263.6 302.7 221.2 401.6 221.5 288.3 474.7 770.8 0.0 303.1 172.0 628.8 202.2 742.4 392.4 84.8 583.2 430.2 483.4 398.7 357.6 340.3 613.1 475.2 540.6 774.8 603.6 327.0 694.2 556.7 494.4 747.5 694.0 779.4 757.6 289.2 776.0 245.5 266.4 417.3 389.4 45.2 545.1 791.6 322.1 520.0 657.4 288.5 616.1 687.2 109.7 256.9 765.6 664.5 748.1 731.0 534.6 433.9 676.2 748.5 665.7 235.0 117.7 795.9 231.6 237.1 311.0 427.4 352.8 363.1 786.1 319.5 378.0 570.6 234.7 394.2 700.0 760.3 302.6 215.1 682.1 384.7 211.0 529.0 638.4 78.8 538.7 615.1 425.1 335.2 719.0 627.7 191.1 684.7 402.2 70.8 379.8 261.6 345.1 739.4 53.4 772.9 347.7 248.2 705.7 463.6 194.3 817.0 366.3 198.8 634.9 805.1 193.6 146.3
2488.3 222.5 765.3 190.1 509.4 293.1 722.2 153.2 126.8 100.8 303.4 412.2 184.0 497.8 85.1 423.4 502.4 430.5 690.3 554.6 765.9 290.2 473.3 228.5 549.7 368.1 209.6 387.6 377.6 93.2 385.6 179.8 195.9 331.3 523.7 315.9 0.0 210.0 454.2 231.8 495.3 376.4 261.0 336.1 260.7 467.4 151.6 65.9 188.8 610.8 435.3 293.5 543.8 601.3 311.0 447.1 309.6 431.1 500.4 446.9 777.1 510.5 310.9 545.0 153.1 239.2 401.3 373.4 269.6 542.8 789.3 18.9 517.7 655.1 409.4 613.8 440.1 311.0 85.6 518.5 474.0 501.0 500.0 287.5 417.9 470.3 517.5 480.8 416.2 395.5 564.9 208.2 254.2 159.7 180.3 159.5 191.9 539.0 189.4 362.0 323.5 462.9 264.1 452.9 513.2 55.5 236.8 435.0 212.1 103.9 417.6 407.4 298.8 427.3 612.8 409.1 164.1 716.7 625.4 460.1 453.7 250.7 276.4 135.8 145.8 199.4 737.1 294.2 525.8 266.4 155.8 703.4 447.6 179.3 814.7 174.9 508.8 632.6 574.1 151.9 168.6
2624.1 358.3 901.1 248.3 645.2 444.6 858.0 144.6 179.0 236.6 439.2 548.0 375.9 415.6 164.9 559.2 638.2 566.3 826.1 690.4 901.7 348.4 609.1 247.3 685.5 503.9 80.3 399.1 438.2 109.9 537.1 110.2 177.0 363.4 659.5 178.7 191.8 0.0 590.0 337.7 631.1 527.9 130.9 471.9 318.9 618.9 287.4 246.3 229.0 746.6 571.1 429.3 679.6 737.1 462.5 582.9 445.4 566.9 636.2 582.7 912.9 646.3 194.7 680.8 134.2 431.1 552.8 524.9 140.3 678.6 925.1 210.8 653.5 790.9 424.0 749.6 575.9 245.2 145.6 654.3 609.8 636.8 635.8 423.3 569.4 606.1 653.3 616.6 370.5 253.2 700.7 400.1 372.6 199.7 316.1 241.5 251.8 674.8 208.2 513.5 459.3 370.2 282.9 588.7 649.0 191.3 120.6 570.8 273.4 99.7 553.4 543.2 169.5 563.1 748.6 576.6 223.9 852.5 761.2 326.6 589.5 290.9 116.9 268.5 150.3 391.3 872.9 135.2 661.6 236.4 136.9 839.2 599.1 83.0 950.5 255.0 334.3 768.4 709.9 82.3 35.0
2306.9 348.2 583.9 420.1 482.1 289.3 540.8 560.7 514.5 372.5 429.1 369.5 470.8 624.2 492.6 204.6 248.8 327.7 508.9 373.2 584.5 520.2 39.4 636.0 522.4 144.6 589.6 514.0 504.0 500.7 324.3 559.8 473.3 738.8 496.4 581.2 483.5 590.0 0.0 429.8 452.6 353.9 602.8 311.4 490.7 406.1 365.4 508.9 418.8 429.4 253.9 419.2 290.2 419.9 271.4 419.8 212.8 249.7 440.5 404.2 595.7 483.2 690.9 291.4 493.8 403.6 340.0 376.2 626.5 361.4 607.9 527.8 336.3 473.7 535.8 432.4 397.4 479.6 493.1 475.8 35.6 473.7 246.4 262.8 364.0 87.5 263.9 98.0 542.6 564.1 311.3 459.2 362.6 567.2 373.8 412.5 405.7 511.7 596.9 379.7 298.8 589.3 671.6 410.2 453.3 416.5 616.8 407.7 442.1 511.4 236.2 188.6 660.1 245.9 431.4 259.6 571.6 535.3 444.0 586.5 70.9 480.7 588.8 464.7 509.9 388.4 555.7 571.4 393.6 642.7 459.3 522.0 386.3 559.3 633.3 526.0 635.2 451.2 320.5 531.9 548.6
2337.7 462.9 614.7 430.5 659.0 156.2 571.6 382.8 263.3 341.2 543.8 546.4 56.2 344.0 325.5 501.5 580.5 482.2 539.7 404.0 615.3 530.6 426.4 485.5 699.3 321.2 301.7 252.9 242.9 348.1 248.7 348.4 415.2 601.6 673.3 180.7 240.3 298.9 475.9 0.0 629.5 239.5 202.3 488.3 501.1 330.5 392.0 202.4 429.2 460.2 322.3 533.9 621.9 450.7 174.1 596.7 407.7 341.5 617.4 581.1 626.5 660.1 411.5 623.1 372.4 113.5 264.4 236.5 226.0 392.2 638.7 221.3 367.1 504.5 274.7 463.2 574.3 79.1 326.0 652.7 511.6 650.6 578.1 439.7 281.0 523.3 595.6 512.8 281.5 163.6 643.0 29.4 84.2 400.1 420.7 399.9 432.3 688.6 446.4 225.1 475.7 298.6 521.1 587.1 630.2 295.9 342.0 584.6 452.5 337.9 376.1 485.5 259.6 385.8 462.2 272.2 404.5 566.1 474.8 255.0 531.8 491.1 188.3 376.2 386.2 159.7 586.5 170.9 548.1 474.6 375.1 552.8 310.7 321.2 664.1 415.3 262.7 482.0 652.2 320.5 273.2
2455.9 338.5 732.9 410.4 450.2 438.3 689.8 551.0 504.8 362.8 419.4 119.7 619.8 773.2 482.9 391.0 470.0 416.6 657.9 522.2 733.5 510.5 440.9 626.3 490.5 335.7 579.9 663.0 653.0 491.0 473.3 550.1 463.6 729.1 464.5 686.2 473.8 580.3 421.8 578.8 0.0 502.9 631.3 321.7 481.0 555.1 355.7 539.8 409.1 578.4 402.9 409.5 511.4 568.9 420.4 387.9 277.2 398.7 361.3 95.4 744.7 451.3 681.2 512.6 484.1 552.6 489.0 525.2 639.9 510.4 756.9 492.8 485.3 622.7 684.8 581.4 85.0 628.6 483.4 23.2 441.6 441.8 467.6 273.1 513.0 437.9 485.1 448.4 691.6 713.1 532.5 608.2 511.6 557.5 364.1 402.8 396.0 479.8 587.2 528.7 309.1 738.3 661.9 63.2 374.1 406.8 607.1 375.8 432.4 501.7 385.2 375.0 669.1 394.9 580.4 408.4 561.9 684.3 593.0 735.5 421.3 471.0 646.7 455.0 500.2 537.4 704.7 664.5 493.4 633.0 449.6 671.0 535.3 549.6 782.3 516.3 784.2 600.2 541.7 522.2 538.9
2268.5 563.6 545.5 531.2 589.8 124.5 503.4 494.3 364.0 441.9 644.5 477.2 265.0 418.4 426.2 432.3 511.3 413.0 470.5 334.8 546.1 631.3 357.2 569.6 630.1 252.0 496.4 308.2 297.8 434.3 125.9 543.1 537.0 672.4 604.1 375.4 341.0 493.6 406.7 224.0 560.3 0.0 397.0 419.1 601.8 207.7 497.5 303.1 529.9 391.0 253.1 634.6 552.7 381.5 106.6 527.5 338.5 272.3 548.2 511.9 557.3 590.9 606.2 553.9 498.4 197.8 141.6 132.1 420.7 323.0 569.5 322.0 297.9 435.3 330.0 394.0 505.1 273.8 426.7 583.5 442.4 581.4 508.9 370.5 106.9 454.1 526.4 443.6 336.8 357.6 573.8 253.4 155.4 500.8 521.4 500.6 533.0 619.4 530.5 120.7 406.5 383.5 605.2 517.9 561.0 396.6 536.7 515.4 556.3 445.0 306.9 416.3 454.3 391.6 393.0 203.2 505.2 496.9 405.6 380.7 462.6 591.8 386.9 476.9 486.9 182.6 517.3 365.6 478.9 607.5 496.9 483.6 187.9 515.9 594.9 516.0 429.4 412.8 583.0 515.2 467.9
2524.0 394.1 801.0 284.1 681.0 342.5 757.9 180.4 214.8 272.4 475.0 583.8 291.9 313.5 200.7 595.0 674.0 602.1 726.0 590.3 801.6 384.2 644.9 283.1 721.3 539.7 99.3 297.0 336.1 145.7 435.0 146.0 212.8 399.2 695.3 76.6 227.6 96.5 625.8 235.6 666.9 432.3 0.0 507.7 354.7 516.8 323.1 282.1 264.8 646.5 508.6 465.1 715.4 637.0 360.4 618.7 481.2 527.8 672.0 618.5 812.8 682.1 213.7 716.6 170.0 299.8 450.7 422.8 70.9 578.5 825.0 246.6 553.4 690.8 321.9 649.5 611.7 143.1 181.4 690.1 645.6 672.6 671.6 459.1 467.3 641.9 689.1 649.2 268.4 150.4 736.5 265.0 270.5 235.5 351.9 277.3 287.6 710.6 244.0 411.4 495.1 268.1 318.7 624.5 684.8 227.1 139.6 606.6 306.1 135.5 589.2 579.0 100.1 598.9 648.5 458.7 259.7 752.4 661.1 224.5 625.3 326.7 11.0 304.3 186.1 378.5 772.8 33.1 697.4 272.2 172.7 739.1 497.0 118.8 850.4 290.8 232.2 668.3 745.7 118.1 70.8
2356.9 221.5 633.9 293.4 236.1 339.3 590.8 434.0 387.8 245.8 302.4 260.8 520.8 674.2 365.9 292.0 371.0 317.6 558.9 423.2 634.5 393.5 341.9 509.3 276.4 236.7 462.9 564.0 553.6 374.0 374.3 433.1 346.6 612.1 250.4 569.2 356.8 463.3 322.8 479.8 343.9 410.4 514.3 0.0 364.0 456.1 243.5 422.8 292.1 479.4 303.9 292.5 412.4 469.9 321.4 173.8 178.2 299.7 331.8 295.5 645.7 237.2 564.2 413.6 371.7 453.6 390.0 426.2 522.9 411.4 657.9 375.8 386.3 523.7 585.8 482.4 288.7 529.6 366.4 367.1 342.6 227.7 368.6 52.5 424.0 338.9 386.1 346.2 592.6 613.4 433.5 509.2 411.2 440.5 247.1 285.8 279.0 265.7 470.2 429.7 82.6 639.3 544.9 301.5 344.6 289.8 490.1 161.7 315.4 384.7 286.2 276.0 552.1 295.9 481.4 309.6 444.9 585.3 494.0 636.5 322.3 354.0 529.7 338.0 383.2 438.4 605.7 547.5 394.4 516.0 332.6 572.0 436.3 432.6 683.3 399.3 685.2 501.2 442.7 405.2 421.9
2507.8 242.0 784.8 60.5 528.9 490.2 741.7 268.6 284.0 142.0 322.9 431.7 437.1 681.2 262.1 442.9 521.9 450.0 709.8 574.1 785.4 29.4 492.8 371.3 569.2 387.6 294.7 640.7 630.7 233.9 525.2 264.9 178.4 487.4 543.2 401.0 253.0 295.1 473.7 484.9 514.8 554.8 346.1 355.6 0.0 607.0 171.1 319.0 143.9 630.3 454.8 313.0 563.3 620.8 472.3 466.6 329.1 450.6 519.9 466.4 796.6 530.0 396.0 564.5 198.9 492.3 540.9 577.1 354.7 562.3 808.8 272.0 537.2 674.6 662.5 633.3 459.6 510.8 262.6 538.0 493.5 520.5 519.5 307.0 558.0 489.8 537.0 500.3 636.1 518.8 584.4 461.3 507.3 323.7 199.8 138.4 166.7 558.5 332.2 580.6 343.0 635.8 406.9 472.4 532.7 186.0 321.9 454.5 129.1 223.7 437.1 426.9 383.9 446.8 632.3 460.5 341.1 736.2 644.9 592.2 473.2 188.3 361.5 190.6 215.0 452.5 756.6 379.3 545.3 347.8 164.4 722.9 587.2 264.4 834.2 271.8 599.9 652.1 593.6 237.0 253.7
2317.9 486.7 594.9 621.6 620.6 173.9 551.8 584.7 454.4 532.3 567.6 508.0 355.4 508.8 516.6 463.1 542.1 436.4 519.9 384.2 595.5 721.7 388.0 660.0 660.9 282.8 586.8 398.6 388.6 524.7 94.7 633.5 627.4 762.8 634.9 465.8 431.4 584.0 437.5 314.4 591.1 184.9 487.4 449.9 692.2 0.0 503.9 393.5 620.3 440.4 302.5 557.7 583.5 430.9 156.0 558.3 369.3 331.2 579.0 542.7 606.7 621.7 696.6 584.7 584.6 288.2 78.0 143.6 511.1 372.4 618.9 412.4 347.3 484.7 420.4 443.4 535.9 364.2 517.1 614.3 473.2 612.2 539.7 401.3 195.0 484.9 557.2 474.4 427.2 448.7 604.6 343.8 247.2 591.2 512.3 591.0 544.2 650.2 620.9 155.7 437.3 473.9 695.6 548.7 591.8 487.0 627.1 546.2 643.6 535.4 217.8 447.1 544.7 183.8 442.4 252.4 595.6 546.3 455.0 471.1 493.4 682.2 473.4 567.3 577.3 273.0 566.7 456.0 520.3 697.9 587.3 533.0 19.7 606.3 644.3 606.4 519.8 462.2 613.8 605.6 558.3
2399.5 133.7 681.3 97.5 420.6 386.7 634.4 242.9 191.9 49.9 214.6 328.2 345.0 653.5 170.0 339.4 418.4 341.7 601.5 465.8 677.1 202.4 384.5 313.4 460.9 279.3 267.0 548.6 538.2 178.1 416.9 237.2 150.7 416.2 434.9 373.3 160.9 267.4 365.4 392.8 406.5 457.8 323.2 252.1 168.1 498.7 0.0 226.9 83.9 522.0 346.5 204.7 455.0 512.5 368.8 358.3 220.8 347.1 411.6 358.1 688.3 421.7 368.3 456.2 175.8 400.2 432.6 468.8 327.0 454.0 700.5 179.9 428.9 566.3 570.4 525.0 351.3 472.0 170.5 429.7 385.2 412.2 411.2 198.7 449.7 381.5 433.5 388.8 577.2 495.2 476.1 369.2 413.8 244.6 91.5 89.9 40.2 450.2 274.3 472.3 234.7 608.1 353.8 364.1 424.4 93.9 294.2 346.2 127.4 193.6 328.8 318.6 361.0 338.5 524.0 352.0 249.0 627.9 536.6 570.5 364.9 145.8 329.5 142.1 187.3 360.4 648.3 351.6 441.8 320.1 136.7 614.6 478.9 236.7 725.9 203.4 577.0 548.6 485.3 209.3 226.0
2427.2 299.0 704.2 266.6 585.9 245.7 661.1 198.4 60.8 177.3 379.9 488.7 136.6 450.4 130.3 499.9 578.9 507.0 629.2 493.5 704.8 366.7 515.9 273.7 626.2 410.7 254.8 340.2 330.2 138.4 338.2 225.0 241.1 376.5 600.2 365.2 76.4 255.2 530.7 184.4 571.8 329.0 306.2 412.6 337.2 420.0 228.1 0.0 265.3 549.7 411.8 370.0 620.3 540.2 263.6 523.6 386.1 431.0 576.9 523.4 716.0 587.0 356.1 621.5 198.3 191.8 353.9 326.0 314.8 481.7 728.2 57.4 456.6 594.0 362.0 552.7 516.6 263.6 130.8 595.0 550.5 577.5 576.5 364.0 370.5 546.8 594.0 557.3 368.8 348.1 641.4 160.8 206.8 204.9 256.8 236.0 268.4 615.5 234.6 314.6 400.0 415.5 309.3 529.4 589.7 132.0 282.0 511.5 288.6 149.1 494.1 483.9 344.0 503.8 551.7 361.7 209.3 655.6 564.3 412.7 530.2 327.2 321.6 212.3 191.0 152.0 676.0 355.4 602.3 311.6 201.0 642.3 400.2 224.5 753.6 251.4 461.4 571.5 650.6 197.1 213.8
2457.2 191.4 734.2 74.6 478.3 439.6 691.1 200.0 233.4 91.4 272.3 381.1 386.5 612.6 197.1 392.3 471.3 399.4 659.2 523.5 734.8 174.7 442.2 302.7 518.6 337.0 226.1 596.1 580.1 165.3 474.6 196.3 109.8 418.8 492.6 332.4 202.4 226.5 423.1 434.3 464.2 504.2 277.5 305.0 145.2 556.4 93.9 268.4 0.0 579.7 404.2 262.4 512.7 570.2 421.7 416.0 278.5 400.0 469.3 415.8 746.0 479.4 327.4 513.9 130.3 441.7 490.3 526.5 286.1 511.7 758.2 221.4 486.6 624.0 621.0 582.7 409.0 442.2 186.8 487.4 442.9 469.9 468.9 256.4 514.3 439.2 486.4 449.7 567.5 450.2 533.8 410.7 456.7 255.1 93.1 87.8 53.6 507.9 263.6 530.0 292.4 567.2 338.3 421.8 482.1 135.4 253.3 403.9 96.6 155.1 386.5 376.3 315.3 396.2 581.7 409.7 279.3 685.6 594.3 523.6 422.6 56.9 292.9 140.0 146.4 401.9 706.0 310.7 494.7 279.2 95.8 672.3 536.6 195.8 783.6 221.2 531.3 601.5 543.0 168.4 185.1
2079.5 498.6 443.9 570.5 632.5 313.6 422.5 711.1 594.1 522.9 579.5 519.9 495.1 648.5 643.0 475.0 554.0 455.7 368.9 254.9 431.9 670.6 399.9 786.4 672.8 294.7 726.5 538.3 528.3 651.1 348.6 710.2 623.7 889.2 646.8 605.5 571.1 723.7 449.4 454.1 603.0 378.2 627.1 461.8 641.1 430.4 515.8 533.2 569.2 0.0 284.8 569.6 595.4 301.6 295.7 570.2 381.2 280.6 590.9 554.6 455.7 633.6 836.3 596.6 644.2 427.9 364.3 400.5 650.8 221.4 467.9 552.1 283.3 333.7 560.1 292.4 547.8 503.9 643.5 626.2 485.1 624.1 551.6 413.2 388.3 496.8 569.1 486.3 566.9 588.4 616.5 483.5 386.9 717.6 524.2 562.9 556.1 662.1 747.3 404.0 449.2 613.6 822.0 560.6 603.7 566.9 766.8 558.1 592.5 661.8 349.6 459.0 684.4 359.3 67.6 263.9 722.0 417.0 55.0 610.8 505.3 631.1 613.1 615.1 660.3 412.7 415.7 595.7 521.6 793.1 609.7 403.7 410.6 709.7 515.0 676.4 659.5 231.2 625.7 682.3 698.0
2164.7 305.5 441.7 377.4 439.4 138.1 398.6 548.9 418.6 329.8 386.4 326.8 319.6 473.0 480.8 281.9 360.9 262.6 366.7 231.0 442.3 477.5 206.8 624.2 479.7 101.6 551.0 362.8 352.8 488.9 173.1 517.1 430.6 727.0 453.7 430.0 395.6 548.2 256.3 278.6 409.9 202.7 451.6 268.7 448.0 254.9 322.7 357.7 376.1 287.2 0.0 376.5 402.3 277.7 120.2 377.1 188.1 4.1 397.8 361.5 453.5 440.5 660.8 403.5 451.1 252.4 188.8 225.0 475.3 219.2 465.7 376.6 194.1 331.5 384.6 290.2 354.7 328.4 481.3 433.1 292.0 431.0 358.5 220.1 212.8 303.7 376.0 293.2 391.4 412.9 423.4 308.0 211.4 555.4 331.1 369.8 363.0 469.0 585.1 228.5 256.1 438.1 659.8 367.5 410.6 373.8 591.3 365.0 402.5 499.6 156.5 265.9 508.9 166.2 289.2 75.5 559.8 393.1 301.8 435.3 312.2 438.0 437.6 422.0 467.2 237.2 413.5 420.2 328.5 600.0 416.6 379.8 235.1 570.5 491.1 483.3 484.0 309.0 432.6 489.2 522.5
2433.8 71.3 710.8 259.9 454.9 416.2 667.7 400.5 354.3 212.3 9.8 357.7 507.4 751.1 332.4 368.9 447.9 376.0 635.8 500.1 711.4 360.0 418.8 475.8 495.2 313.6 429.4 640.9 630.9 340.5 451.2 399.6 313.1 578.6 469.2 535.7 323.3 429.8 399.7 556.7 440.8 480.8 480.8 281.6 330.5 533.0 205.2 389.3 258.6 556.3 380.8 0.0 489.3 546.8 398.3 392.6 255.1 376.6 445.9 392.4 722.6 456.0 530.7 490.5 333.6 530.5 466.9 503.1 489.4 488.3 734.8 342.3 463.2 600.6 662.7 559.3 385.6 606.5 332.9 464.0 419.5 446.5 445.5 233.0 490.9 415.8 463.0 426.3 669.5 691.0 510.4 531.6 489.5 407.0 213.6 252.3 245.5 484.5 436.7 506.6 269.0 716.2 511.4 398.4 458.7 256.3 456.6 380.5 281.9 351.2 363.1 352.9 518.6 372.8 558.3 386.3 411.4 662.2 570.9 713.4 399.2 320.5 496.2 304.5 349.7 515.3 682.6 514.0 471.3 482.5 299.1 648.9 513.2 399.1 760.2 365.8 762.1 578.1 519.6 371.7 388.4
2479.3 418.0 756.3 489.9 551.9 461.7 713.2 630.5 584.3 442.3 498.9 439.3 643.2 796.6 562.4 274.4 57.2 440.0 681.3 545.6 756.9 590.0 329.9 705.8 592.2 435.1 659.4 686.4 676.4 570.5 496.7 629.6 543.1 808.6 566.2 753.6 553.3 659.8 290.4 602.2 522.4 526.3 710.8 381.2 560.5 578.5 435.2 619.3 488.6 601.8 426.3 489.0 0.0 592.3 443.8 489.6 282.6 422.1 510.3 474.0 768.1 553.0 760.7 143.8 563.6 576.0 512.4 548.6 719.4 533.8 780.3 572.3 508.7 646.1 708.2 604.8 467.2 652.0 562.9 545.6 310.2 543.5 98.8 332.6 536.4 306.5 116.3 317.0 715.0 736.5 163.7 631.6 535.0 637.0 443.6 482.3 475.5 581.5 666.7 552.1 368.6 761.7 741.4 480.0 523.1 486.3 686.6 477.5 515.0 581.2 408.6 258.4 748.6 418.3 603.8 432.0 641.4 707.7 616.4 758.9 289.9 550.5 761.2 534.5 579.7 560.8 728.1 743.8 516.8 712.5 529.1 694.4 558.7 629.1 805.7 595.8 807.6 623.6 172.9 601.7 618.4
2205.8 495.8 277.6 567.7 629.7 310.8 164.2 708.3 591.3 520.1 576.7 517.1 492.3 645.7 640.2 472.2 551.2 452.9 333.0 61.1 207.9 667.8 397.1 783.6 670.0 291.9 723.7 535.5 525.5 648.3 345.8 707.4 620.9 886.4 644.0 602.7 568.3 720.9 446.6 451.3 600.2 375.4 624.3 459.0 638.3 427.6 513.0 530.4 566.4 328.3 282.0 566.8 592.6 0.0 292.9 567.4 378.4 277.8 588.1 551.8 253.2 630.8 833.5 593.8 641.4 425.1 361.5 397.7 648.0 247.9 301.6 549.3 217.2 176.4 557.3 305.1 545.0 501.1 640.7 623.4 482.3 621.3 548.8 410.4 385.5 494.0 566.3 483.5 564.1 585.6 613.7 480.7 384.1 714.8 521.4 560.1 553.3 659.3 744.5 401.2 446.4 610.8 819.2 557.8 600.9 564.1 764.0 555.3 592.8 659.0 346.8 456.2 681.6 356.5 330.3 260.9 719.2 158.7 342.9 608.0 502.5 628.3 610.3 612.3 657.5 409.9 213.2 592.9 518.8 790.3 606.9 145.4 407.8 706.9 256.7 673.6 656.7 384.8 622.9 679.5 695.2
2163.5 350.9 440.5 465.5 484.8 17.8 397.4 428.6 298.3 376.2 431.8 372.2 199.3 352.7 360.5 327.3 406.3 308.0 365.5 229.8 441.1 565.6 252.2 503.9 525.1 147.0 430.7 242.5 232.5 368.6 74.5 477.4 471.3 606.7 499.1 309.7 275.3 427.9 301.7 158.3 455.3 110.6 331.3 314.1 536.1 156.3 427.0 237.4 464.2 286.0 148.1 421.9 447.7 276.5 0.0 422.5 233.5 167.3 443.2 406.9 452.3 485.9 540.5 448.9 432.7 132.1 90.2 119.6 355.0 218.0 464.5 256.3 192.9 330.3 264.3 289.0 400.1 208.1 361.0 478.5 337.4 476.4 403.9 265.5 114.2 349.1 421.4 338.6 271.1 291.9 468.8 187.7 89.7 435.1 376.5 434.9 467.3 514.4 464.8 108.2 301.5 317.8 539.5 412.9 456.0 330.9 471.0 410.4 490.6 379.3 201.9 311.3 388.6 211.6 288.0 98.0 439.5 391.9 300.6 315.0 357.6 526.1 321.2 411.2 421.2 116.9 412.3 299.9 373.9 541.8 431.2 378.6 136.5 450.2 489.9 450.3 363.7 307.8 478.0 449.5 402.2
2450.0 345.1 727.0 417.0 225.3 432.4 683.9 557.6 511.4 369.4 426.0 311.7 613.9 767.3 489.5 385.1 464.1 410.7 652.0 516.3 727.6 517.1 435.0 632.9 265.6 329.8 586.5 657.1 647.1 497.6 467.4 556.7 470.2 735.7 239.6 692.8 480.4 586.9 415.9 572.9 394.8 497.0 637.9 206.4 487.6 549.2 362.3 546.4 415.7 572.5 397.0 416.1 505.5 563.0 414.5 0.0 271.3 392.8 382.7 346.4 738.8 222.0 687.8 506.7 490.7 546.7 483.1 519.3 646.5 504.5 751.0 499.4 479.4 616.8 678.9 575.5 339.6 622.7 490.0 418.0 435.7 74.3 461.7 176.1 507.1 432.0 479.2 442.5 685.7 707.2 526.6 602.3 505.7 564.1 370.7 409.4 402.6 254.9 593.8 522.8 206.2 732.4 668.5 352.4 395.5 413.4 613.7 160.9 442.1 508.3 379.3 369.1 675.7 389.0 574.5 402.5 568.5 678.4 587.1 729.6 415.4 477.6 653.3 461.6 506.8 531.5 698.8 671.1 487.5 639.6 456.2 665.1 529.4 556.2 776.4 522.9 778.3 594.3 535.8 528.8 545.5
2238.1 196.8 515.1 268.7 330.7 220.5 472.0 409.3 363.1 221.1 277.7 218.1 402.0 555.4 341.2 155.2 234.2 198.8 440.1 304.4 515.7 368.8 225.5 484.6 371.0 117.9 438.2 445.2 435.2 349.3 255.5 408.4 321.9 587.4 345.0 512.4 332.1 438.6 186.0 361.0 301.2 285.1 534.0 160.0 339.3 337.3 214.0 440.1 267.4 360.6 185.1 267.8 275.6 351.1 202.6 268.4 0.0 180.9 289.1 252.8 526.9 331.8 539.5 276.8 342.4 334.8 271.2 307.4 557.7 292.6 539.1 459.0 267.5 404.9 467.0 363.6 246.0 410.8 341.7 324.4 205.8 322.3 231.8 111.4 288.3 202.1 249.3 212.6 473.8 495.3 296.7 390.4 293.8 415.8 222.4 261.1 254.3 360.3 445.5 310.9 147.4 520.5 520.2 258.8 301.9 265.1 465.4 256.3 290.7 360.0 167.4 139.2 591.3 177.1 362.6 190.8 420.2 466.5 375.2 517.7 185.5 329.3 520.0 313.3 358.5 319.6 486.9 502.6 275.6 491.3 307.9 453.2 317.5 407.9 564.5 374.6 566.4 382.4 305.9 380.5 397.2
2160.5 301.3 437.5 373.2 435.2 147.3 394.4 558.1 427.8 325.6 382.2 322.6 328.8 482.2 490.0 277.7 356.7 258.4 362.5 226.8 438.1 473.3 202.6 633.4 475.5 97.4 560.2 372.0 361.6 498.1 182.3 512.9 426.4 736.2 449.5 439.2 404.8 557.4 252.1 287.8 405.7 218.4 460.8 264.5 443.8 264.1 323.3 366.9 371.9 283.0 4.1 372.3 398.1 273.5 129.4 372.9 183.9 0.0 393.6 357.3 449.3 436.3 670.0 399.3 451.5 261.6 198.0 234.2 484.5 215.0 461.5 385.8 189.9 327.3 393.8 286.0 350.5 337.6 490.5 428.9 287.8 426.8 354.3 215.9 232.0 299.5 371.8 289.0 400.6 421.4 419.2 317.2 219.2 564.6 326.9 365.6 358.8 464.8 594.3 237.7 251.9 447.3 669.0 363.3 406.4 369.6 600.5 360.8 395.2 508.8 152.3 261.7 518.1 162.0 285.0 90.7 569.0 388.9 297.6 444.5 308.0 433.8 450.7 417.8 463.0 246.4 409.3 429.4 324.3 595.8 412.4 375.6 244.3 579.7 486.9 479.1 493.2 304.8 428.4 485.0 531.7
2446.9 329.5 723.9 401.4 441.2 429.3 680.8 542.0 495.8 353.8 410.4 301.3 610.8 764.2 473.9 382.0 461.0 407.6 648.9 513.2 724.5 501.5 431.9 617.3 481.5 326.7 570.9 654.0 644.0 482.0 464.3 541.1 454.6 720.1 455.5 677.2 464.8 571.3 412.8 569.8 384.4 493.9 622.3 312.7 472.0 546.1 346.7 530.8 400.1 569.4 393.9 400.5 502.4 559.9 411.4 378.9 268.2 389.7 0.0 336.0 735.7 442.3 672.2 503.6 475.1 543.6 480.0 516.2 630.9 501.4 747.9 483.8 476.3 613.7 675.8 572.4 329.2 619.6 474.4 407.6 432.6 432.8 458.6 264.1 504.0 428.9 476.1 439.4 682.6 704.1 523.5 599.2 502.6 548.5 355.1 393.8 387.0 470.8 578.2 519.7 300.1 729.3 652.9 342.0 12.7 397.8 598.1 366.8 426.5 492.7 376.2 366.0 660.1 385.9 571.4 399.6 552.9 675.3 584.0 726.5 412.3 462.0 637.7 446.0 491.2 528.4 695.7 655.5 484.4 624.0 440.6 662.0 526.3 540.6 773.3 507.3 775.2 591.2 532.7 513.2 529.9
2407.4 290.0 684.4 361.9 401.7 389.8 641.3 502.5 456.3 314.3 370.9 94.2 571.3 724.7 434.4 342.5 421.5 368.1 609.4 473.7 685.0 462.0 392.4 577.8 442.0 287.2 531.4 614.5 604.5 442.5 424.8 501.6 415.1 680.6 416.0 637.7 425.3 531.8 373.3 530.3 115.3 454.4 582.8 273.2 432.5 506.6 307.2 491.3 360.6 529.9 354.4 361.0 462.9 520.4 371.9 339.4 228.7 350.2 312.8 0.0 696.2 402.8 632.7 464.1 435.6 504.1 440.5 476.7 591.4 461.9 708.4 444.3 436.8 574.2 636.3 532.9 60.1 580.1 434.9 138.5 393.1 393.3 419.1 224.6 464.5 389.4 436.6 399.9 643.1 664.6 484.0 559.7 463.1 509.0 315.6 354.3 347.5 431.3 538.7 480.2 260.6 689.8 613.4 72.9 325.6 358.3 558.6 327.3 387.0 453.2 336.7 326.5 620.6 346.4 531.9 360.1 513.4 635.8 544.5 687.0 372.8 422.5 598.2 406.5 451.7 488.9 656.2 616.0 444.9 584.5 401.1 622.5 486.8 501.1 733.8 467.8 735.7 551.7 493.2 473.7 490.4
2302.1 613.8 191.4 685.7 747.7 428.8 79.9 826.3 709.3 638.1 694.7 635.1 610.3 763.7 758.2 590.2 669.2 570.9 246.8 233.5 133.0 785.8 515.1 901.6 788.0 409.9 841.7 653.5 643.5 766.3 463.8 825.4 738.9 1004.4 762.0 720.7 686.3 838.9 564.6 569.3 718.2 493.4 742.3 577.0 756.3 545.6 631.0 648.4 684.4 424.6 400.0 684.8 710.6 235.7 410.9 685.4 496.4 395.8 706.1 669.8 0.0 748.8 951.5 711.8 759.4 543.1 479.5 515.7 766.0 264.8 215.4 667.3 369.6 180.6 675.3 273.4 663.0 619.1 758.7 741.4 600.3 739.3 666.8 528.4 496.6 612.0 684.3 601.5 682.1 703.6 731.7 598.7 502.1 832.8 639.4 678.1 671.3 777.3 862.5 519.2 564.4 728.8 937.2 675.8 718.9 682.1 882.0 673.3 707.7 777.0 464.8 574.2 799.6 474.5 426.6 378.9 837.2 85.4 439.2 726.0 620.5 746.3 728.3 730.3 775.5 527.9 55.0 710.9 636.8 908.3 724.9 98.7 525.8 824.9 367.4 791.6 774.7 353.1 740.9 797.5 813.2
2481.6 376.7 758.6 448.6 143.9 464.0 715.5 589.2 543.0 401.0 457.6 343.3 645.5 798.9 521.1 416.7 495.7 442.3 683.6 547.9 759.2 548.7 466.6 664.5 184.2 361.4 618.1 688.7 678.7 529.2 499.0 588.3 501.8 767.3 158.2 724.4 512.0 618.5 447.5 604.5 426.4 528.6 669.5 238.0 519.2 580.8 393.9 578.0 447.3 604.1 428.6 447.7 537.1 594.6 446.1 210.2 302.9 424.4 414.3 378.0 770.4 0.0 719.4 538.3 522.3 578.3 514.7 550.9 678.1 536.1 782.6 531.0 511.0 648.4 710.5 607.1 371.2 654.3 521.6 449.6 467.3 264.1 493.3 207.7 538.7 463.6 510.8 474.1 717.3 738.8 558.2 633.9 537.3 595.7 402.3 441.0 434.2 173.5 625.4 554.4 237.8 764.0 700.1 384.0 427.1 445.0 645.3 80.1 473.7 539.9 410.9 400.7 707.3 420.6 606.1 434.3 600.1 710.0 618.7 761.2 447.0 509.2 684.9 493.2 538.4 563.1 730.4 702.7 519.1 671.2 487.8 696.7 561.0 587.8 808.0 554.5 809.9 625.9 567.4 560.4 577.1
2721.9 456.1 998.9 346.1 743.0 559.4 955.8 242.4 276.8 334.4 537.0 645.8 473.7 527.3 262.7 657.0 736.0 664.1 923.9 788.2 999.5 446.2 706.9 345.1 783.3 601.7 93.5 510.8 549.5 207.7 651.9 208.0 274.8 461.2 757.3 247.1 289.6 168.0 687.8 452.5 728.9 649.2 192.2 569.7 416.7 733.7 385.2 344.1 326.8 844.4 668.9 527.1 777.4 834.9 577.3 680.7 543.2 664.7 734.0 680.5 1010.7 744.1 0.0 778.6 232.0 516.7 667.6 639.7 200.8 776.4 1022.9 308.6 751.3 888.7 535.7 847.4 673.7 360.0 243.4 752.1 707.6 734.6 733.6 521.1 684.2 703.9 751.1 714.4 482.2 272.7 798.5 481.9 488.8 297.5 413.9 339.3 349.6 772.6 306.0 628.3 557.1 481.9 380.7 686.5 746.8 289.1 64.0 668.6 368.1 197.5 651.2 641.0 230.0 660.9 846.4 674.6 321.7 950.3 859.0 444.3 687.3 388.7 203.3 366.3 248.1 489.1 970.7 225.4 759.4 316.2 234.7 937.0 713.9 180.8 1048.3 352.8 446.0 866.2 807.7 180.1 145.2
2460.3 399.0 737.3 470.9 532.9 442.7 694.2 611.5 565.3 423.3 479.9 420.3 624.2 777.6 543.4 255.4 102.2 421.0 662.3 526.6 737.9 571.0 310.9 686.8 573.2 416.1 640.4 667.4 657.4 551.5 477.7 610.6 524.1 789.6 547.2 734.6 534.3 640.8 271.4 583.2 503.4 507.3 691.8 362.2 541.5 559.5 416.2 600.3 469.6 582.8 407.3 470.0 143.6 573.3 424.8 470.6 263.6 403.1 491.3 455.0 749.1 534.0 741.7 0.0 544.6 557.0 493.4 529.6 700.4 514.8 761.3 553.3 489.7 627.1 689.2 585.8 448.2 633.0 543.9 526.6 291.2 524.5 57.4 313.6 517.4 287.5 27.4 298.0 696.0 717.5 19.8 612.6 516.0 618.0 424.6 463.3 456.5 562.5 647.7 533.1 349.6 742.7 722.4 461.0 504.1 467.3 667.6 458.5 496.0 562.2 389.6 239.4 729.6 399.3 584.8 412.8 622.4 688.7 597.4 739.9 270.9 531.5 742.2 515.5 560.7 541.8 709.1 724.8 497.8 693.5 510.1 675.4 539.7 610.1 786.7 576.8 788.6 604.6 29.0 582.7 599.4
2498.9 233.1 780.5 136.3 520.0 440.3 733.8 116.5 138.9 133.1 314.0 427.4 335.8 524.5 66.7 434.0 513.0 441.1 705.5 565.2 776.5 241.0 483.9 214.6 560.3 378.7 138.0 508.0 529.0 77.2 516.3 108.2 65.0 333.0 538.9 244.3 151.7 138.4 464.8 383.6 505.9 552.4 194.0 346.7 206.9 598.1 175.3 206.2 117.0 621.4 445.9 304.1 554.4 611.9 468.0 457.7 320.2 441.7 511.0 457.5 787.7 521.1 243.9 555.6 0.0 391.0 532.0 568.2 198.0 553.4 799.9 170.7 528.3 665.7 532.9 624.4 450.7 354.1 105.3 529.1 484.6 511.6 510.6 298.1 549.1 480.9 528.1 488.2 479.4 361.4 575.5 360.0 404.6 179.4 190.9 129.5 139.8 549.6 175.5 513.8 334.1 479.1 250.2 463.5 528.4 136.7 165.2 445.6 161.4 67.0 428.2 418.0 227.2 437.9 623.4 456.0 165.8 727.3 636.0 441.5 464.3 178.9 200.5 156.2 16.0 346.6 747.7 222.6 536.4 195.7 24.9 714.0 578.3 107.7 825.3 120.7 443.2 643.2 584.7 80.3 97.0
2298.7 449.1 575.7 416.7 620.0 117.2 532.6 379.8 249.5 327.4 530.0 507.4 150.5 321.9 311.7 462.5 541.5 443.2 500.7 365.0 576.3 516.8 387.4 455.1 660.3 282.2 375.1 211.7 201.7 319.8 209.7 421.8 422.5 557.9 634.3 254.1 226.5 372.3 436.9 102.7 590.5 200.5 275.7 449.3 487.3 291.5 378.2 188.6 415.4 421.2 283.3 520.1 582.9 411.7 135.1 557.7 368.7 302.5 578.4 542.1 587.5 621.1 484.9 584.1 379.7 0.0 225.4 197.5 299.4 353.2 599.7 207.5 328.1 465.5 233.5 424.2 535.3 152.5 312.2 613.7 472.6 611.6 539.1 400.7 242.0 484.3 556.6 473.8 240.3 237.0 604.0 132.1 78.3 386.3 406.9 386.1 418.5 649.6 416.0 186.1 436.7 287.0 490.7 548.1 591.2 282.1 415.4 545.6 441.8 330.5 337.1 446.5 333.0 346.8 423.2 233.2 390.7 527.1 435.8 284.2 492.8 477.3 261.7 362.4 372.4 68.1 547.5 244.3 509.1 493.0 382.4 513.8 271.7 394.6 625.1 401.5 332.9 443.0 613.2 393.9 346.6
2239.8 427.2 516.8 543.5 561.1 95.8 473.7 506.6 376.3 454.2 508.1 448.5 277.3 430.7 438.5 403.6 482.6 384.3 441.8 306.1 517.4 643.6 328.5 581.9 601.4 223.3 508.7 320.5 310.5 446.6 16.6 555.4 549.3 684.7 575.4 387.7 353.3 505.9 378.0 236.3 531.6 106.8 409.3 390.4 614.1 66.0 505.0 315.4 542.2 362.3 224.4 498.2 524.0 352.8 77.9 498.8 309.8 243.6 519.5 483.2 528.6 562.2 618.5 525.2 506.5 210.1 0.0 65.5 433.0 294.3 540.8 334.3 269.2 406.6 342.3 365.3 476.4 286.1 439.0 554.8 413.7 552.7 480.2 341.8 110.0 425.4 497.7 414.9 349.1 370.6 545.1 265.7 169.1 513.1 533.7 512.9 545.3 590.7 542.8 77.6 377.8 395.8 617.5 489.2 532.3 408.9 549.0 486.7 568.6 457.3 283.9 387.6 466.6 249.9 364.3 174.5 517.5 468.2 376.9 393.0 433.9 604.1 395.3 489.2 499.2 194.9 488.6 377.9 450.2 619.8 509.2 454.9 46.2 528.2 566.2 528.3 441.7 384.1 554.3 527.5 480.2
2262.6 562.1 539.6 529.7 583.9 118.6 496.5 492.8 362.5 440.4 643.0 471.3 263.5 416.9 424.7 426.4 505.4 407.1 464.6 328.9 540.2 629.8 351.3 568.1 624.2 246.1 494.9 306.7 296.7 432.8 56.4 541.6 535.5 670.9 598.2 373.9 339.5 492.1 400.8 222.5 554.4 129.6 395.5 413.2 600.3 138.2 491.2 301.6 528.4 385.1 247.2 633.1 546.8 375.6 100.7 521.6 332.6 266.4 542.3 506.0 551.4 585.0 604.7 548.0 492.7 196.3 72.1 0.0 419.2 317.1 563.6 320.5 292.0 429.4 328.5 388.1 499.2 272.3 425.2 577.6 436.5 575.5 503.0 364.6 139.7 448.2 520.5 437.7 335.3 356.8 567.9 251.9 155.3 499.3 519.9 499.1 531.5 613.5 529.0 12.0 400.6 382.0 603.7 512.0 555.1 395.1 535.2 509.5 554.8 443.5 356.1 410.4 452.8 322.1 387.1 197.3 503.7 491.0 399.7 379.2 456.7 590.3 381.5 475.4 485.4 181.1 511.4 364.1 473.0 606.0 495.4 477.7 118.4 514.4 589.0 514.5 427.9 406.9 577.1 513.7 466.4
2536.9 424.3 813.9 314.3 711.2 355.4 770.8 210.6 245.0 302.6 505.2 614.0 304.8 326.4 230.9 625.2 704.2 632.3 738.9 603.2 814.5 414.4 625.6 313.3 751.5 520.4 129.5 309.9 349.0 175.9 447.9 176.2 243.0 429.4 725.5 46.2 257.8 126.7 656.0 248.5 697.1 438.7 62.5 537.9 384.9 529.7 353.4 312.3 295.0 659.4 521.5 495.3 745.6 649.9 373.3 648.9 511.4 540.7 702.2 648.7 825.7 712.3 243.9 746.8 200.2 312.7 463.6 435.7 0.0 591.4 837.9 276.8 566.3 703.7 334.8 662.4 641.9 156.0 211.6 720.3 675.8 702.8 701.8 489.3 480.2 672.1 719.3 682.6 281.3 164.0 766.7 277.9 283.4 265.7 382.1 307.5 317.8 740.8 274.2 424.3 525.3 281.0 348.9 654.7 715.0 257.3 169.8 636.8 336.3 165.7 619.4 609.2 33.5 629.1 661.4 471.6 289.9 765.3 674.0 237.4 655.5 356.9 77.9 334.5 216.3 391.4 785.7 95.7 727.6 302.4 202.9 752.0 509.9 149.0 863.3 321.0 245.1 681.2 775.9 148.3 101.0
2083.1 394.8 288.3 466.7 528.7 209.8 265.2 607.3 490.3 419.1 475.7 416.1 391.3 544.7 539.2 371.2 450.2 351.9 213.3 146.0 276.3 566.8 296.1 682.6 569.0 190.9 622.7 434.5 424.5 547.3 244.8 606.4 519.9 785.4 543.0 501.7 467.3 619.9 345.6 350.3 499.2 274.4 523.3 358.0 537.3 326.6 412.0 429.4 465.4 205.6 181.0 465.8 491.6 192.7 191.9 466.4 277.4 176.8 487.1 450.8 300.1 529.8 732.5 492.8 540.4 324.1 260.5 296.7 547.0 0.0 312.3 448.3 150.6 178.1 456.3 136.8 444.0 400.1 539.7 522.4 381.3 520.3 447.8 309.4 284.5 393.0 465.3 382.5 463.1 484.6 512.7 379.7 283.1 613.8 420.4 459.1 452.3 558.3 643.5 300.2 345.4 509.8 718.2 456.8 499.9 463.1 663.0 454.3 488.7 558.0 245.8 355.2 580.6 255.5 207.6 160.1 618.2 308.1 220.2 507.0 401.5 527.3 509.3 511.3 556.5 308.9 260.1 491.9 417.8 689.3 505.9 294.8 306.8 605.9 406.1 572.6 555.7 216.5 521.9 578.5 594.2
2345.5 657.2 72.4 729.1 791.1 472.2 191.7 869.7 752.7 681.5 738.1 678.5 653.7 807.1 801.6 633.6 712.6 614.3 290.2 313.1 202.8 829.2 558.5 945.0 831.4 453.3 885.1 696.9 686.9 809.7 507.2 868.8 782.3 1047.8 805.4 764.1 729.7 882.3 608.0 612.7 761.6 536.8 785.7 620.4 799.7 589.0 674.4 691.8 727.8 468.0 443.4 728.2 754.0 315.3 454.3 728.8 539.8 439.2 749.5 713.2 226.6 792.2 994.9 755.2 802.8 586.5 522.9 559.1 809.4 308.2 0.0 710.7 413.0 260.2 718.7 316.8 706.4 662.5 802.1 784.8 643.7 782.7 710.2 571.8 546.9 655.4 727.7 644.9 725.5 747.0 775.1 642.1 545.5 876.2 682.8 721.5 714.7 820.7 905.9 562.6 607.8 772.2 980.6 719.2 762.3 725.5 925.4 716.7 754.2 820.4 508.2 617.6 843.0 517.9 470.0 422.5 880.6 197.2 482.6 769.4 663.9 789.7 771.7 773.7 818.9 571.3 186.6 754.3 680.2 951.7 768.3 210.5 569.2 868.3 447.0 835.0 818.1 396.5 784.3 840.9 856.6
2455.6 241.5 732.6 209.1 528.4 274.1 689.5 172.2 107.8 119.8 322.4 431.2 165.0 478.8 104.1 442.4 521.4 449.5 657.6 521.9 733.2 309.2 492.3 247.5 568.7 387.1 228.6 368.6 358.6 112.2 366.6 198.8 214.9 350.3 542.7 334.9 18.9 229.0 473.2 212.8 514.3 357.4 280.0 355.1 279.7 448.4 170.6 46.9 207.8 578.1 454.3 312.5 562.8 568.6 292.0 466.1 328.6 450.1 519.4 465.9 744.4 529.5 329.9 564.0 172.1 220.2 382.3 354.4 288.6 510.1 756.6 0.0 485.0 622.4 390.4 581.1 459.1 292.0 104.6 537.5 493.0 520.0 519.0 306.5 408.9 489.3 536.5 499.8 397.2 376.5 583.9 189.2 235.2 178.7 199.3 178.5 210.9 558.0 208.4 343.0 342.5 443.9 283.1 471.9 532.2 74.5 255.8 454.0 234.2 122.9 436.6 426.4 317.8 446.3 580.1 390.3 183.1 684.0 592.7 441.1 472.7 269.7 295.4 154.8 164.8 180.4 704.4 313.2 544.8 285.4 174.8 670.7 428.6 198.3 782.0 193.9 489.8 599.9 593.1 170.9 187.6
2104.6 411.4 390.7 483.3 545.3 226.4 320.5 623.9 506.9 435.7 492.3 432.7 407.9 561.3 555.8 387.8 466.8 368.5 315.7 152.9 364.2 583.4 312.7 699.2 585.6 207.5 639.3 451.1 441.1 563.9 261.4 623.0 536.5 802.0 559.6 518.3 483.9 636.5 362.2 366.9 515.8 291.0 539.9 374.6 553.9 343.2 428.6 446.0 482.0 227.1 197.6 482.4 508.2 199.6 208.5 483.0 294.0 193.4 503.7 467.4 409.5 546.4 749.1 509.4 557.0 340.7 277.1 313.3 563.6 168.2 414.7 464.9 0.0 280.5 472.9 239.2 460.6 416.7 556.3 539.0 397.9 536.9 464.4 326.0 301.1 409.6 481.9 399.1 479.7 501.2 529.3 396.3 299.7 630.4 437.0 475.7 468.9 574.9 660.1 316.8 362.0 526.4 734.8 473.4 516.5 479.7 679.6 470.9 505.3 574.6 262.4 371.8 597.2 272.1 229.1 176.5 634.8 315.0 241.7 523.6 418.1 543.9 525.9 527.9 573.1 325.5 369.5 508.5 434.4 705.9 522.5 301.7 323.4 622.5 413.0 589.2 572.3 248.9 538.5 595.1 610.8
2177.8 489.5 213.9 561.4 623.4 304.5 154.6 702.0 585.0 513.8 570.4 510.8 486.0 639.4 633.9 465.9 544.9 446.6 195.4 185.6 144.2 661.5 390.8 777.3 663.7 285.6 717.4 529.2 519.2 642.0 339.5 701.1 614.6 880.1 637.7 596.4 562.0 714.6 440.3 445.0 593.9 369.1 618.0 452.7 632.0 421.3 506.7 524.1 560.1 300.3 275.7 560.5 586.3 187.8 286.6 561.1 372.1 271.5 581.8 545.5 189.5 624.5 827.2 587.5 635.1 418.8 355.2 391.4 641.7 140.5 237.9 543.0 245.3 0.0 551.0 149.1 538.7 494.8 634.4 617.1 476.0 615.0 542.5 404.1 379.2 487.7 560.0 477.2 557.8 579.3 607.4 474.4 377.8 708.5 515.1 553.8 547.0 653.0 738.2 394.9 440.1 604.5 812.9 551.5 594.6 557.8 757.7 549.0 586.5 652.7 340.5 449.9 675.3 350.2 302.3 254.6 712.9 160.1 314.9 601.7 496.2 622.0 604.0 606.0 651.2 403.6 149.5 586.6 512.5 784.0 600.6 173.4 401.5 700.6 319.5 667.3 650.4 228.8 616.6 673.2 688.9
2415.2 603.6 692.2 571.2 736.5 233.7 649.1 470.3 404.0 481.9 684.5 623.9 305.0 171.0 466.2 579.0 658.0 559.7 617.2 481.5 692.8 671.3 503.9 573.0 776.8 398.7 389.2 47.4 50.8 435.6 326.2 435.9 502.7 689.1 750.8 268.2 381.0 386.4 553.4 282.3 707.0 317.0 289.8 565.8 641.8 408.0 532.7 343.1 554.7 537.7 399.8 674.6 699.4 528.2 251.6 674.2 485.2 419.0 694.9 658.6 704.0 737.6 517.0 700.6 459.9 237.8 341.9 314.0 313.5 469.7 716.2 362.0 444.6 582.0 0.0 540.7 651.8 241.1 466.7 730.2 589.1 728.1 655.6 517.2 368.5 600.8 673.1 590.3 43.4 269.1 720.5 311.7 214.8 525.4 561.4 540.6 573.0 766.1 533.9 302.6 553.2 90.1 608.6 664.6 707.7 436.6 429.5 662.1 593.2 425.4 453.6 563.0 347.1 463.3 539.7 349.9 549.6 643.6 552.3 87.3 609.3 616.6 275.8 516.9 476.0 222.6 664.0 258.4 625.6 562.1 462.6 630.3 388.2 408.7 741.6 556.0 136.0 559.5 729.7 408.0 360.7
2163.9 475.6 266.7 547.5 609.5 290.6 243.6 688.1 571.1 499.9 556.5 496.9 472.1 625.5 620.0 452.0 531.0 432.7 102.9 226.8 254.7 647.6 376.9 763.4 649.8 271.7 703.5 515.3 505.3 628.1 325.6 687.2 600.7 866.2 623.8 582.5 548.1 700.7 426.4 431.1 580.0 355.2 604.1 438.8 618.1 407.4 492.8 510.2 546.2 286.4 261.8 546.6 572.4 273.5 272.7 547.2 358.2 257.6 567.9 531.6 278.5 610.6 813.3 573.6 621.2 404.9 341.3 377.5 627.8 126.6 290.7 529.1 231.4 156.5 537.1 0.0 524.8 480.9 620.5 603.2 462.1 601.1 528.6 390.2 365.3 473.8 546.1 463.3 543.9 565.4 593.5 460.5 363.9 694.6 501.2 539.9 533.1 639.1 724.3 381.0 426.2 590.6 799.0 537.6 580.7 543.9 743.8 535.1 569.5 638.8 326.6 436.0 661.4 336.3 288.4 240.7 699.0 249.1 301.0 587.8 482.3 608.1 590.1 592.1 637.3 389.7 238.5 572.7 498.6 770.1 586.7 262.4 387.6 686.7 449.6 653.4 636.5 161.5 602.7 659.3 675.0
2411.5 294.1 688.5 366.0 405.8 393.9 645.4 506.6 460.4 318.4 375.0 34.6 575.4 728.8 438.5 346.6 425.6 372.2 613.5 477.8 689.1 466.1 396.5 581.9 446.1 291.3 535.5 618.6 608.6 446.6 428.9 505.7 419.2 684.7 420.1 641.8 429.4 535.9 377.4 534.4 75.8 458.5 586.9 277.3 436.6 510.7 311.3 495.4 364.7 534.0 358.5 365.1 467.0 524.5 376.0 343.5 232.8 354.3 316.9 51.0 700.3 406.9 636.8 468.2 439.7 508.2 444.6 480.8 595.5 466.0 712.5 448.4 440.9 578.3 640.4 537.0 0.0 584.2 439.0 99.0 397.2 397.4 423.2 228.7 468.6 393.5 440.7 404.0 647.2 668.7 488.1 563.8 467.2 513.1 319.7 358.4 351.6 435.4 542.8 484.3 264.7 693.9 617.5 33.4 329.7 362.4 562.7 331.4 388.0 457.3 340.8 330.6 624.7 350.5 536.0 364.2 517.5 639.9 548.6 691.1 376.9 426.6 602.3 410.6 455.8 493.0 660.3 620.1 449.0 588.6 405.2 626.6 490.9 505.2 737.9 471.9 739.8 555.8 497.3 477.8 494.5
2380.8 517.3 657.8 407.3 702.1 199.3 614.7 303.6 338.0 395.6 598.2 589.5 148.7 264.8 323.9 544.6 623.6 525.3 582.8 447.1 658.4 507.4 469.5 406.3 742.4 364.3 222.5 248.3 285.6 268.9 291.8 269.2 336.0 522.4 716.4 101.5 332.8 219.7 519.0 92.4 672.6 289.1 123.1 531.4 477.9 373.6 446.3 294.9 388.0 503.3 365.4 588.3 665.0 493.8 217.2 639.8 450.8 384.6 660.5 624.2 669.6 703.2 332.3 666.2 297.8 156.6 307.5 279.6 146.8 435.3 681.8 313.8 410.2 547.6 273.2 506.3 617.4 0.0 304.6 695.8 554.7 693.7 621.2 482.8 324.1 566.4 638.7 555.9 219.7 83.7 686.1 121.8 128.7 358.7 475.1 400.5 410.8 731.7 367.2 268.2 518.8 219.4 441.9 630.2 673.3 350.3 262.8 627.7 432.4 258.7 419.2 528.6 180.4 428.9 505.3 315.5 382.9 609.2 517.9 181.8 574.9 449.9 113.0 427.5 309.3 235.3 629.6 91.7 591.2 395.4 295.9 595.9 353.8 242.0 707.2 414.0 183.5 525.1 695.3 241.3 194.0
2516.8 251.0 793.8 199.9 537.9 377.7 750.7 85.9 71.7 129.3 331.9 440.7 268.6 528.8 57.6 451.9 530.9 459.0 718.8 583.1 794.4 300.0 501.8 161.2 578.2 396.6 142.3 472.2 462.2 25.9 470.2 112.5 128.6 277.3 552.2 248.6 84.5 142.7 482.7 316.4 523.8 461.0 193.7 364.6 270.5 552.0 180.1 139.0 180.6 639.3 463.8 322.0 572.3 629.8 395.6 475.6 338.1 459.6 528.9 475.4 805.6 539.0 243.6 573.5 85.8 323.8 485.9 458.0 202.3 571.3 817.8 103.5 546.2 683.6 494.0 642.3 468.6 358.4 0.0 547.0 502.5 529.5 528.5 316.0 512.5 498.8 546.0 509.3 483.7 366.4 593.4 292.8 338.8 74.4 208.8 193.1 203.4 567.5 122.1 446.6 352.0 483.4 196.8 481.4 541.7 84.0 169.5 463.5 225.0 36.6 446.1 435.9 231.5 455.8 641.3 469.5 116.6 745.2 653.9 439.8 482.2 242.5 209.1 164.3 101.9 284.0 765.6 226.9 554.3 199.1 88.5 731.9 532.2 112.0 843.2 206.6 447.5 661.1 602.6 84.6 101.3
2477.7 360.3 754.7 432.2 472.0 460.1 711.6 572.8 526.6 384.6 441.2 141.5 641.6 795.0 504.7 412.8 491.8 438.4 679.7 544.0 755.3 532.3 462.7 648.1 512.3 357.5 601.7 684.8 674.8 512.8 495.1 571.9 485.4 750.9 486.3 708.0 495.6 602.1 443.6 600.6 21.7 524.7 653.1 343.5 502.8 576.9 377.5 561.6 430.9 600.2 424.7 431.3 533.2 590.7 442.2 409.7 299.0 420.5 383.1 117.2 766.5 473.1 703.0 534.4 505.9 574.4 510.8 547.0 661.7 532.2 778.7 514.6 507.1 644.5 706.6 603.2 106.8 650.4 505.2 0.0 463.4 463.6 489.4 294.9 544.8 459.7 506.9 470.2 713.4 734.9 554.3 630.0 533.4 579.3 385.9 424.6 417.8 501.6 609.0 550.5 330.9 760.1 683.7 85.0 395.9 428.6 628.9 397.6 457.3 523.5 407.0 396.8 690.9 416.7 602.2 430.4 583.7 706.1 614.8 757.3 443.1 492.8 668.5 476.8 522.0 559.2 726.5 686.3 515.2 654.8 471.4 692.8 557.1 571.4 804.1 538.1 806.0 622.0 563.5 544.0 560.7
2356.0 361.4 633.0 433.3 495.3 338.4 589.9 573.9 527.7 385.7 442.3 382.7 519.9 673.3 505.8 217.8 262.0 376.8 558.0 422.3 633.6 533.4 88.5 649.2 535.6 193.7 602.8 563.1 553.1 513.9 373.4 573.0 486.5 752.0 509.6 630.3 496.7 603.2 49.0 478.9 465.8 403.0 651.9 324.6 503.9 455.2 378.6 558.0 432.0 478.5 303.0 432.4 303.4 469.0 320.5 433.0 226.0 298.8 453.7 417.4 644.8 496.4 704.1 304.6 507.0 452.7 389.1 425.3 675.6 410.5 657.0 515.7 385.4 522.8 584.9 481.5 410.6 528.7 506.3 489.0 0.0 486.9 259.6 276.0 413.1 100.7 277.1 111.2 591.7 613.2 324.5 508.3 411.7 580.4 387.0 425.7 418.9 524.9 610.1 428.8 312.0 638.4 684.8 423.4 466.5 429.7 630.0 420.9 458.4 524.6 285.3 201.8 709.2 295.0 480.5 308.5 584.8 584.4 493.1 635.6 84.1 493.9 637.9 477.9 523.1 437.5 604.8 620.5 442.7 655.9 472.5 571.1 435.4 572.5 682.4 539.2 684.3 500.3 333.7 545.1 561.8
2474.9 370.0 751.9 441.9 285.8 457.3 708.8 582.5 536.3 394.3 450.9 336.6 638.8 792.2 514.4 410.0 489.0 435.6 676.9 541.2 752.5 542.0 459.9 657.8 326.1 354.7 611.4 682.0 672.0 522.5 492.3 581.6 495.1 760.6 300.1 717.7 505.3 611.8 440.8 597.8 419.7 521.9 662.8 231.3 512.5 574.1 387.2 571.3 440.6 597.4 421.9 441.0 530.4 587.9 439.4 65.3 296.2 417.7 407.6 371.3 763.7 286.9 712.7 531.6 515.6 571.6 508.0 544.2 671.4 529.4 775.9 524.3 504.3 641.7 703.8 600.4 364.5 647.6 514.9 442.9 460.6 0.0 486.6 201.0 532.0 456.9 504.1 467.4 710.6 732.1 551.5 627.2 530.6 589.0 395.6 434.3 427.5 315.4 618.7 547.7 231.1 757.3 693.4 377.3 420.4 438.3 638.6 185.8 467.0 533.2 404.2 394.0 700.6 413.9 599.4 427.4 593.4 703.3 612.0 754.5 440.3 502.5 678.2 486.5 531.7 556.4 723.7 696.0 512.4 664.5 481.1 690.0 554.3 581.1 801.3 547.8 803.2 619.2 560.7 553.7 570.4
2434.7 373.4 711.7 445.3 507.3 417.1 668.6 585.9 539.7 397.7 454.3 394.7 598.6 752.0 517.8 229.8 76.6 395.4 636.7 501.0 712.3 545.4 285.3 661.2 547.6 390.5 614.8 641.8 631.8 525.9 452.1 585.0 498.5 764.0 521.6 709.0 508.7 615.2 245.8 557.6 477.8 481.7 666.2 336.6 515.9 533.9 390.6 574.7 444.0 557.2 381.7 444.4 118.0 547.7 399.2 445.0 238.0 377.5 465.7 429.4 723.5 508.4 716.1 56.8 519.0 531.4 467.8 504.0 674.8 489.2 735.7 527.7 464.1 601.5 663.6 560.2 422.6 607.4 518.3 501.0 265.6 498.9 0.0 288.0 491.8 261.9 29.3 272.4 670.4 691.9 76.7 587.0 490.4 592.4 399.0 437.7 430.9 536.9 622.1 507.5 324.0 717.1 696.8 435.4 478.5 441.7 642.0 432.9 467.3 536.6 364.0 213.8 704.0 373.7 559.2 387.2 596.8 663.1 571.8 714.3 245.3 505.9 716.6 489.9 535.1 516.2 683.5 699.2 472.2 667.9 484.5 649.8 514.1 584.5 761.1 551.2 763.0 579.0 85.9 557.1 573.8
2304.3 168.9 581.3 240.8 221.8 286.7 538.2 381.4 335.2 193.2 249.8 208.2 468.2 621.6 313.3 239.4 318.4 265.0 506.3 370.6 581.9 340.9 289.3 456.7 262.1 184.1 410.3 511.4 501.4 321.4 321.7 380.5 294.0 559.5 236.1 516.6 304.2 410.7 270.2 427.2 291.3 351.3 461.7 48.5 311.4 403.5 186.1 370.2 239.5 426.8 251.3 239.9 359.8 417.3 268.8 159.5 125.6 247.1 279.2 242.9 593.1 222.9 511.6 361.0 314.5 401.0 337.4 373.6 470.3 358.8 605.3 323.2 333.7 471.1 533.2 429.8 236.1 477.0 313.8 314.5 290.0 213.4 316.0 0.0 361.4 286.3 333.5 296.8 540.0 561.5 380.9 456.6 360.0 387.9 194.5 233.2 226.4 251.4 417.6 377.1 35.9 586.7 492.3 248.9 292.0 237.2 437.5 147.4 265.9 332.1 233.6 223.4 499.5 243.3 428.8 256.8 392.3 532.7 441.4 583.9 269.7 301.4 477.1 285.4 330.6 385.8 553.1 494.9 341.8 463.4 280.0 519.4 383.7 380.0 630.7 346.7 632.6 448.6 390.1 352.6 369.3
2249.8 433.3 522.9 540.0 576.7 105.8 480.8 512.6 376.7 450.7 514.2 464.1 273.8 427.2 435.0 409.7 488.7 394.3 457.4 312.2 523.5 640.1 344.1 578.4 617.0 233.3 505.2 320.9 306.6 443.1 112.8 561.4 545.8 681.2 585.4 384.2 353.7 506.3 384.1 232.8 537.7 67.6 409.7 400.4 610.6 185.1 515.8 321.4 538.7 368.4 240.0 504.3 530.1 368.4 84.0 504.9 315.9 249.7 529.5 489.3 544.2 568.3 624.5 531.3 512.5 216.1 128.5 144.8 433.4 304.3 546.9 330.8 275.3 416.6 338.8 371.4 482.5 282.6 435.5 560.9 419.8 568.3 490.2 347.9 0.0 441.0 513.3 421.0 345.6 366.4 560.7 266.1 164.2 513.5 530.2 513.3 545.7 600.7 539.3 129.5 393.4 392.3 617.9 504.8 538.4 409.3 545.5 496.7 562.0 457.7 288.2 393.7 472.6 369.0 370.4 180.4 514.0 474.3 392.5 387.4 440.0 600.6 395.7 489.6 505.2 200.9 504.2 378.3 456.3 616.3 505.7 464.9 169.2 528.6 576.2 528.7 442.1 394.1 560.4 524.0 480.6
2354.3 344.3 631.3 416.2 478.2 336.7 588.2 556.8 510.6 368.6 425.2 365.6 518.2 671.6 488.7 200.7 244.9 366.3 556.3 420.6 631.9 516.3 86.8 632.1 518.5 192.0 585.7 561.4 551.4 496.8 371.7 555.9 469.4 734.9 492.5 628.6 479.6 586.1 86.8 477.2 448.7 401.3 650.2 307.5 486.8 453.5 361.5 556.3 414.9 476.8 301.3 415.3 286.3 467.3 318.8 415.9 208.9 297.1 436.6 400.3 643.1 479.3 687.0 287.5 489.9 451.0 387.4 423.6 673.9 408.8 655.3 498.6 383.7 521.1 583.2 479.8 393.5 527.0 489.2 471.9 107.3 469.8 242.5 258.9 411.4 0.0 260.0 10.5 590.0 611.5 307.4 506.6 410.0 563.3 369.9 408.6 401.8 507.8 593.0 427.1 294.9 636.7 667.7 406.3 449.4 412.6 612.9 403.8 441.3 507.5 283.6 184.7 707.5 293.3 478.8 306.8 567.7 582.7 491.4 633.9 16.5 476.8 636.2 460.8 506.0 435.8 603.1 618.8 441.0 638.8 455.4 569.4 433.7 555.4 680.7 522.1 682.6 498.6 316.6 528.0 544.7
2432.8 371.5 709.8 443.4 505.4 415.2 666.7 584.0 537.8 395.8 452.4 392.8 596.7 750.1 515.9 227.9 74.7 393.5 634.8 499.1 710.4 543.5 283.4 659.3 545.7 388.6 612.9 639.9 629.5 524.0 450.2 583.1 496.6 762.1 519.7 707.1 506.8 613.3 243.9 555.7 475.9 486.3 664.3 334.7 514.0 532.0 393.5 572.8 442.1 555.3 379.8 442.5 116.1 545.8 397.3 443.1 236.1 375.6 463.8 427.5 721.6 506.5 714.2 27.4 521.7 529.5 465.9 502.1 672.9 487.3 733.8 525.8 462.2 599.6 661.7 558.3 420.7 605.5 516.4 499.1 263.7 497.0 29.9 286.1 489.9 260.0 0.0 267.3 668.5 689.3 47.3 585.1 488.5 590.5 397.1 435.8 429.0 535.0 620.2 505.6 322.1 715.2 694.9 433.5 476.6 439.8 640.1 431.0 465.4 534.7 362.1 211.9 702.1 371.8 557.3 385.3 594.9 661.2 569.9 712.4 243.4 504.0 714.7 488.0 533.2 514.3 681.6 697.3 470.3 666.0 482.6 647.9 512.2 582.6 759.2 549.3 761.1 577.1 56.5 555.2 571.9
2343.8 354.8 624.0 426.7 488.7 329.4 578.7 564.1 521.1 379.1 435.7 376.1 507.7 661.1 499.2 208.0 252.2 364.6 545.8 410.1 621.4 523.6 76.3 642.6 529.0 181.5 593.0 550.9 540.5 507.3 361.2 566.4 479.9 745.4 499.8 618.1 490.1 596.6 76.3 466.7 459.2 400.5 642.9 314.8 497.3 443.0 376.8 545.8 425.4 466.3 290.8 425.8 296.8 456.8 308.3 426.4 219.4 289.8 447.1 410.8 632.6 489.8 697.5 298.0 505.0 440.5 376.9 413.1 663.4 398.3 644.8 509.1 373.2 510.6 572.7 469.3 404.0 516.5 499.7 482.4 112.0 480.3 253.0 269.4 394.0 10.5 267.3 0.0 579.5 600.3 317.9 496.1 398.1 573.8 380.4 419.1 412.3 518.3 603.5 416.6 305.4 626.2 675.0 416.8 456.7 423.1 623.4 414.3 448.7 514.8 273.1 195.2 697.0 282.8 468.3 296.3 578.2 572.2 480.9 617.4 27.0 487.3 629.6 471.3 516.5 425.3 592.6 608.3 433.7 649.3 465.9 558.9 423.2 565.9 670.2 532.6 672.1 488.1 327.1 538.5 555.2
2432.0 620.4 709.0 530.5 753.3 250.5 665.9 426.8 420.8 498.7 701.3 640.7 321.8 179.5 447.1 595.8 674.8 576.5 634.0 498.3 709.6 630.6 520.7 529.5 793.6 415.5 345.7 28.5 67.6 392.1 343.0 392.4 459.2 645.6 767.6 224.7 397.8 342.9 570.2 299.1 723.8 333.8 246.3 582.6 601.1 424.8 549.5 359.9 511.2 554.5 416.6 691.4 716.2 545.0 268.4 691.0 502.0 435.8 711.7 675.4 720.8 754.4 473.5 717.4 416.4 254.6 358.7 330.8 270.0 486.5 733.0 378.8 461.4 598.8 53.4 557.5 668.6 197.6 427.8 747.0 605.9 744.9 672.4 534.0 368.4 617.6 689.9 607.1 0.0 225.6 737.3 328.5 231.6 481.9 578.2 523.7 534.0 782.9 490.4 319.4 570.0 46.6 565.1 681.4 724.5 453.4 386.0 678.9 552.5 381.9 470.4 579.8 303.6 480.1 556.5 366.7 506.1 660.4 569.1 43.8 626.1 573.1 232.3 533.7 432.5 239.4 680.8 214.9 642.4 518.6 419.1 647.1 405.0 365.2 758.4 537.2 92.5 576.3 746.5 364.5 317.2
2468.1 548.1 745.1 438.1 789.4 286.6 703.0 334.4 368.8 426.4 629.0 676.8 236.0 275.6 354.7 631.9 710.9 612.6 670.1 534.4 745.7 538.2 556.8 437.1 829.7 451.6 253.3 259.1 297.8 299.7 379.1 300.0 366.8 553.2 803.7 132.3 381.6 250.5 606.3 179.7 759.9 376.4 153.9 661.7 508.7 460.9 477.2 382.2 418.8 590.6 452.7 619.1 752.3 581.1 304.5 727.1 538.1 471.9 747.8 711.5 756.9 790.5 248.5 753.5 328.6 243.9 394.8 366.9 177.6 522.6 769.1 400.6 497.5 634.9 284.0 593.6 704.7 87.2 335.4 783.1 642.0 781.0 708.5 613.1 421.4 653.7 726.0 643.2 230.5 0.0 773.4 209.1 216.0 389.5 505.9 431.3 441.6 819.0 398.0 355.5 649.1 230.2 472.7 717.5 760.6 381.1 283.3 715.0 463.2 289.5 506.5 615.9 211.2 516.2 592.6 402.6 413.7 696.5 605.2 192.6 662.2 480.7 139.9 458.3 340.1 322.6 716.9 122.5 678.5 426.2 326.7 683.2 441.1 272.8 794.5 444.8 194.3 612.4 782.6 272.1 224.8
2480.2 418.9 757.2 490.8 552.8 462.6 714.1 631.4 585.2 443.2 499.8 440.2 644.1 797.5 563.3 275.3 122.1 440.9 682.2 546.5 757.8 590.9 330.8 706.7 593.1 436.0 660.3 687.3 677.3 571.4 497.6 630.5 544.0 809.5 567.1 754.5 554.2 660.7 291.3 603.1 523.3 527.2 711.7 382.1 561.4 579.4 436.1 620.2 489.5 602.7 427.2 489.9 163.5 593.2 444.7 490.5 283.5 423.0 511.2 474.9 769.0 553.9 761.6 19.8 564.5 576.9 513.3 549.5 720.3 534.7 781.2 573.2 509.6 647.0 709.1 605.7 468.1 652.9 563.8 546.5 311.1 544.4 77.3 333.5 537.3 307.4 47.3 317.9 715.9 737.4 0.0 632.5 535.9 637.9 444.5 483.2 476.4 582.4 667.6 553.0 369.5 762.6 742.3 480.9 524.0 487.2 687.5 478.4 512.8 582.1 409.5 259.3 749.5 419.2 604.7 432.7 642.3 708.6 617.3 759.8 290.8 551.4 762.1 535.4 580.6 561.7 729.0 744.7 517.7 713.4 530.0 695.3 559.6 630.0 806.6 596.7 808.5 624.5 9.1 602.6 619.3
2361.3 433.5 638.3 401.1 720.4 179.8 595.2 364.2 233.9 311.8 514.4 570.0 26.8 367.6 296.1 525.1 604.1 505.8 563.3 427.6 638.9 501.2 450.0 439.5 760.7 344.8 325.3 276.5 266.5 304.2 272.3 372.0 406.9 542.3 734.7 204.3 210.9 322.5 499.5 23.5 653.1 263.1 225.9 547.1 471.7 354.1 362.6 173.0 399.8 483.8 345.9 504.5 645.5 474.3 197.7 658.1 431.3 365.1 711.4 604.7 650.1 721.5 435.1 646.7 364.1 137.1 288.0 260.1 249.6 415.8 662.3 191.9 390.7 528.1 298.3 486.8 597.9 102.7 296.6 676.3 535.2 712.0 601.7 498.5 304.6 546.9 619.2 536.4 305.1 187.2 666.6 0.0 107.8 370.7 391.3 370.5 402.9 750.0 400.4 248.7 534.5 322.2 475.1 610.7 724.2 266.5 365.6 646.0 426.2 314.9 399.7 509.1 283.2 409.4 485.8 296.0 375.1 589.7 498.4 278.6 555.4 461.7 211.9 346.8 356.8 130.3 610.1 194.5 571.7 498.2 366.8 576.4 334.3 344.8 687.7 385.9 286.3 505.6 675.8 344.1 296.8
2253.4 459.8 529.0 426.0 574.7 70.5 488.3 420.6 260.2 338.1 540.7 460.7 123.4 294.6 322.4 417.2 496.2 397.9 454.0 319.7 531.0 526.1 342.1 465.8 615.0 236.9 339.5 184.4 174.0 330.5 164.4 386.2 433.2 568.6 587.6 218.5 237.2 336.7 391.6 67.1 545.2 160.3 240.1 402.6 498.0 246.2 393.7 199.3 426.1 375.9 238.0 530.8 537.6 366.4 88.4 512.4 323.4 257.2 533.1 496.8 542.2 575.8 449.3 538.8 394.6 94.0 180.1 152.2 263.8 307.9 554.4 218.2 282.8 420.2 206.2 378.9 490.0 116.9 322.9 568.4 427.3 566.3 493.8 355.4 195.3 439.0 509.9 431.7 213.0 200.7 558.7 96.5 0.0 397.0 417.6 396.8 429.2 604.3 426.7 140.8 391.4 259.7 500.0 502.8 544.5 292.8 379.8 500.3 448.0 339.8 291.8 401.2 297.4 301.5 377.9 186.7 401.4 481.8 390.5 250.9 447.5 488.0 230.0 373.1 383.1 77.4 502.2 208.7 462.4 512.4 393.1 468.5 226.4 359.0 579.8 412.2 304.2 396.3 567.9 358.3 311.0
2562.9 297.1 839.9 264.7 584.0 423.8 796.8 152.0 117.8 175.4 378.0 486.8 314.7 594.9 103.7 498.0 577.0 505.1 764.9 629.2 840.5 364.8 547.9 120.2 624.3 442.7 208.4 518.3 508.3 92.0 516.3 178.6 197.2 236.3 598.3 314.7 130.6 208.8 528.8 362.5 569.9 507.1 259.8 410.7 335.3 598.1 226.2 185.1 249.2 685.4 509.9 368.1 618.4 675.9 441.7 521.7 384.2 505.7 575.0 521.5 851.7 585.1 309.7 619.6 154.4 369.9 532.0 504.1 268.4 617.4 863.9 149.6 592.3 729.7 540.1 688.4 514.7 441.7 66.4 593.1 548.6 575.6 574.6 362.1 548.6 544.9 592.1 555.4 546.9 432.5 639.5 338.9 384.9 0.0 254.9 234.1 272.0 613.6 81.1 492.7 398.1 549.5 155.8 527.5 587.8 130.1 235.6 509.6 289.8 102.7 492.2 482.0 297.6 501.9 687.4 515.6 162.7 791.3 700.0 505.9 528.3 311.1 275.2 210.4 170.5 330.1 811.7 293.0 600.4 265.2 157.1 778.0 578.3 178.1 889.3 226.2 513.6 707.2 648.7 150.7 167.4
2407.2 141.4 684.2 125.5 428.3 389.6 641.1 266.1 219.9 77.9 222.3 331.1 373.0 681.5 198.0 342.3 421.3 349.4 609.2 473.5 684.8 225.6 392.2 341.4 468.6 287.0 295.0 576.6 566.6 206.1 424.6 265.2 178.7 444.2 442.6 401.3 188.9 295.4 373.1 420.8 414.2 454.2 346.4 255.0 196.1 506.4 70.8 254.9 124.2 529.7 354.2 212.4 462.7 520.2 371.7 366.0 228.5 350.0 426.7 365.8 696.0 429.4 396.3 463.9 199.2 428.2 440.3 476.5 355.0 461.7 708.2 207.9 436.6 574.0 598.4 532.7 359.0 500.0 198.5 437.4 392.9 419.9 418.9 206.4 464.3 389.2 436.4 399.7 605.2 519.1 483.8 397.2 443.2 272.6 0.0 117.9 111.1 457.9 302.3 480.0 242.4 636.1 377.0 371.8 439.5 121.9 322.2 353.9 147.5 216.8 336.5 326.3 384.2 346.2 531.7 359.9 277.0 635.6 544.3 592.5 372.6 183.1 361.8 170.1 215.3 388.4 656.0 379.6 444.7 348.1 164.7 622.3 486.6 264.7 733.6 231.4 600.2 551.5 493.0 237.3 254.0
2427.9 162.1 704.9 86.1 449.0 410.3 661.8 212.0 200.2 62.1 243.0 351.8 353.3 624.6 169.5 363.0 442.0 370.1 629.9 494.2 705.5 186.2 412.9 321.7 489.3 307.7 238.1 556.9 546.9 186.4 445.3 208.3 121.8 435.8 463.3 344.4 169.2 238.5 393.8 401.1 434.9 474.9 289.5 275.7 156.7 527.1 91.2 235.2 84.8 550.4 374.9 233.1 483.4 540.9 392.4 386.7 249.2 370.7 440.0 386.5 716.7 450.1 339.4 484.6 144.1 408.5 461.0 497.2 298.1 482.4 728.9 188.2 457.3 594.7 578.7 553.4 379.7 480.3 178.8 458.1 413.6 440.6 439.6 227.1 485.0 409.9 457.1 420.4 585.5 462.2 504.5 377.5 423.5 252.9 119.9 0.0 107.6 478.6 282.6 500.7 263.1 579.2 357.3 392.5 452.8 102.2 265.3 374.6 108.1 167.1 357.2 347.0 327.3 366.9 552.4 380.6 268.6 656.3 565.0 535.6 393.3 146.7 304.9 52.1 150.7 368.7 676.7 322.7 465.4 291.2 107.8 643.0 507.3 207.8 754.3 133.3 543.3 572.2 513.7 180.4 197.1
2439.8 174.0 716.8 107.4 460.9 422.2 673.7 232.8 232.2 90.2 254.9 363.7 385.3 645.4 210.3 374.9 453.9 382.0 641.8 506.1 717.4 207.5 424.8 335.5 501.2 319.6 258.9 588.9 578.9 198.1 457.2 229.1 142.6 451.6 475.2 365.2 201.2 259.3 405.7 433.1 446.8 486.8 310.3 287.6 178.0 539.0 40.2 267.2 43.6 562.3 386.8 245.0 495.3 552.8 404.3 398.6 261.1 382.6 451.9 398.4 728.6 462.0 360.2 496.5 163.1 440.5 472.9 509.1 318.9 494.3 740.8 220.2 469.2 606.6 610.7 565.3 391.6 475.0 210.8 470.0 425.5 452.5 451.5 239.0 496.9 421.8 469.0 432.3 600.3 483.0 516.4 409.5 455.5 287.9 136.8 120.6 0.0 490.5 296.4 512.6 275.0 600.0 371.1 404.4 464.7 134.2 286.1 386.5 129.4 187.9 369.1 358.9 348.1 378.8 564.3 392.3 289.3 668.2 576.9 556.4 405.2 105.5 325.7 172.8 179.2 400.7 688.6 343.5 477.3 312.0 128.6 654.9 519.2 228.6 766.2 243.7 564.1 584.1 525.6 201.2 217.9
2536.7 431.8 813.7 503.7 51.2 519.1 770.6 644.3 598.1 456.1 512.7 398.4 700.6 854.0 576.2 471.8 550.8 497.4 738.7 603.0 814.3 603.8 521.7 719.6 34.5 416.5 673.2 743.8 733.8 584.3 554.1 643.4 556.9 822.4 60.4 779.5 567.1 673.6 502.6 659.6 481.5 583.7 724.6 293.1 574.3 635.9 449.0 633.1 502.4 659.2 483.7 502.8 592.2 649.7 501.2 246.7 358.0 479.5 469.4 433.1 825.5 180.1 774.5 593.4 577.4 633.4 569.8 606.0 733.2 591.2 837.7 586.1 566.1 703.5 765.6 662.2 426.3 709.4 576.7 504.7 522.4 319.2 548.4 262.8 593.8 518.7 565.9 529.2 772.4 793.9 613.3 689.0 592.4 650.8 457.4 496.1 489.3 0.0 680.5 609.5 292.9 819.1 755.2 439.1 482.2 500.1 700.4 135.2 528.8 595.0 466.0 455.8 762.4 475.7 661.2 489.2 655.2 765.1 673.8 816.3 502.1 564.3 740.0 548.3 593.5 618.2 785.5 757.8 574.2 726.3 542.9 751.8 616.1 642.9 863.1 609.6 865.0 681.0 622.5 615.5 632.2
2607.4 341.6 884.4 289.3 628.5 468.3 841.3 175.3 162.3 219.9 422.5 531.3 359.2 618.2 148.2 542.5 621.5 549.6 809.4 673.7 885.0 389.4 592.4 39.0 668.8 487.2 231.7 562.8 552.8 115.3 560.8 201.9 218.0 155.1 642.8 338.0 175.1 232.1 573.3 407.0 614.4 551.6 283.1 455.2 359.9 642.6 270.7 229.6 270.0 729.9 554.4 412.6 662.9 720.4 486.2 566.2 428.7 550.2 619.5 566.0 896.2 629.6 333.0 664.1 175.2 414.4 576.5 548.6 291.7 661.9 908.4 194.1 636.8 774.2 584.6 732.9 559.2 486.2 132.5 637.6 593.1 620.1 619.1 406.6 593.1 589.4 636.6 599.9 591.4 455.8 684.0 383.4 429.4 66.0 299.4 278.6 292.8 658.1 0.0 537.2 442.6 572.8 74.6 572.0 632.3 174.6 258.9 554.1 314.4 126.0 536.7 526.5 320.9 546.4 731.9 560.1 207.2 835.8 744.5 529.2 572.8 331.9 298.5 254.9 191.3 374.6 856.2 316.3 644.9 288.5 177.9 822.5 622.8 201.4 933.8 270.7 536.9 751.7 693.2 174.0 190.7
2274.0 550.0 551.0 517.6 595.3 111.4 507.9 480.7 350.4 428.3 630.9 482.7 251.4 404.8 412.6 437.8 516.8 418.5 476.0 340.3 551.6 617.7 362.7 556.0 635.6 257.5 482.8 294.6 284.6 420.7 67.8 529.5 523.4 658.8 609.6 361.8 327.4 480.0 412.2 210.4 565.8 141.0 383.4 424.6 588.2 149.6 479.1 289.5 516.3 396.5 258.6 621.0 558.2 387.0 112.1 533.0 344.0 277.8 553.7 517.4 562.8 596.4 592.6 559.4 480.6 184.2 83.5 11.3 407.1 328.5 575.0 308.4 303.4 440.8 316.4 399.5 510.6 260.2 413.1 589.0 447.9 586.9 514.4 376.0 144.2 459.6 531.9 449.1 323.2 344.7 579.3 239.8 143.2 487.2 507.8 487.0 519.4 624.9 516.9 0.0 412.0 369.9 591.6 523.4 566.5 383.0 523.1 520.9 539.6 431.4 367.5 421.8 440.7 333.5 398.5 208.5 491.6 502.4 411.1 367.1 468.1 578.2 369.4 463.3 473.3 169.0 522.8 352.0 484.4 593.9 483.3 489.1 129.8 502.3 600.4 502.4 415.8 418.3 588.5 501.6 454.3
2362.2 226.8 639.2 298.7 253.8 344.6 596.1 439.3 393.1 251.1 307.7 266.1 526.1 679.5 371.2 297.3 376.3 322.9 564.2 428.5 639.8 398.8 347.2 514.6 294.1 242.0 468.2 569.3 559.3 379.3 379.6 438.4 351.9 617.4 268.1 574.5 362.1 468.6 328.1 485.1 349.2 409.2 519.6 80.5 369.3 461.4 244.0 428.1 297.4 484.7 309.2 297.8 417.7 475.2 326.7 191.5 183.5 305.0 337.1 300.8 651.0 254.9 569.5 418.9 372.4 458.9 395.3 431.5 528.2 416.7 663.2 381.1 391.6 529.0 591.1 487.7 294.0 534.9 371.7 372.4 347.9 245.4 373.9 57.8 419.3 344.2 391.4 354.7 597.9 619.4 438.8 514.5 417.9 445.8 252.4 291.1 284.3 283.4 475.5 435.0 0.0 644.6 550.2 306.8 349.9 295.1 495.4 179.4 320.7 390.0 291.5 281.3 557.4 301.2 486.7 314.7 450.2 590.6 499.3 641.8 327.6 359.3 535.0 343.3 388.5 443.7 611.0 552.8 399.7 521.3 337.9 577.3 441.6 437.9 688.6 404.6 690.5 506.5 448.0 410.5 427.2
2488.7 640.2 765.7 530.2 810.0 307.2 722.6 426.5 460.9 518.5 721.1 697.4 346.1 211.3 446.8 652.5 731.5 633.2 690.7 555.0 766.3 630.3 577.4 529.2 850.3 472.2 345.4 85.2 124.3 391.8 399.7 392.1 458.9 645.3 824.3 224.4 454.5 342.6 626.9 289.8 780.5 390.5 246.0 639.3 600.8 481.5 569.3 416.6 510.9 611.2 473.3 711.2 772.9 601.7 325.1 747.7 558.7 492.5 768.4 732.1 777.5 811.1 473.2 774.1 416.1 311.3 415.4 387.5 269.7 543.2 789.7 435.5 518.1 655.5 110.1 614.2 725.3 197.3 427.5 803.7 662.6 801.6 729.1 590.7 432.0 674.3 746.6 663.8 56.6 225.3 794.0 319.2 288.3 481.6 598.0 523.4 533.7 839.6 490.1 376.1 626.7 0.0 564.8 738.1 781.2 473.2 385.7 735.6 552.2 381.6 527.1 636.5 303.3 536.8 613.2 423.4 505.8 717.1 625.8 75.6 682.8 572.8 232.0 550.4 432.2 296.1 737.5 214.6 699.1 518.3 418.8 703.8 461.7 364.9 815.1 536.9 45.8 633.0 803.2 364.2 316.9
2673.4 407.6 950.4 375.2 694.5 534.3 907.3 282.3 228.3 285.9 488.5 597.3 425.2 739.0 196.2 608.5 687.5 615.6 875.4 739.7 951.0 475.3 658.4 88.9 734.8 553.2 338.7 628.8 618.8 222.3 626.8 308.9 338.1 80.5 708.8 445.0 241.1 339.1 639.3 473.0 680.4 624.1 390.1 521.2 445.8 708.6 336.7 295.6 373.9 795.9 620.4 478.6 728.9 786.4 552.2 632.2 494.7 616.2 685.5 632.0 962.2 695.6 440.0 730.1 273.0 480.4 642.5 614.6 398.7 727.9 974.4 260.1 702.8 840.2 650.6 798.9 625.2 552.2 214.7 703.6 659.1 686.1 685.1 472.6 659.1 655.4 702.6 665.9 657.4 562.1 750.0 449.4 494.0 199.7 365.4 344.6 377.0 724.1 133.6 603.2 508.6 704.1 0.0 638.0 698.3 240.6 365.9 620.1 400.3 233.0 602.7 592.5 427.9 612.4 797.9 625.9 147.3 901.8 810.5 642.2 638.8 435.8 401.2 323.6 256.9 440.6 922.2 423.3 710.9 395.5 298.0 888.5 688.8 308.4 999.8 318.7 643.9 817.7 759.2 281.0 297.7
2424.3 306.9 701.3 378.8 418.6 406.7 658.2 519.4 473.2 331.2 387.8 65.9 588.2 741.6 451.3 359.4 438.4 385.0 626.3 490.6 701.9 478.9 409.3 594.7 458.9 304.1 548.3 631.4 621.4 459.4 441.7 518.5 432.0 697.5 432.9 654.6 442.2 548.7 390.2 547.2 44.0 471.3 599.7 290.1 449.4 523.5 324.1 508.2 377.5 546.8 371.3 377.9 479.8 537.3 388.8 356.3 245.6 367.1 329.7 63.8 713.1 419.7 649.6 481.0 452.5 521.0 457.4 493.6 608.3 478.8 725.3 461.2 453.7 591.1 653.2 549.8 53.4 597.0 451.8 67.2 410.0 410.2 436.0 241.5 481.4 406.3 453.5 416.8 660.0 681.5 500.9 576.6 480.0 525.9 332.5 371.2 364.4 448.2 555.6 497.1 277.5 706.7 630.3 0.0 342.5 375.2 575.5 344.2 400.8 470.1 353.6 343.4 637.5 363.3 548.8 376.8 530.3 652.7 561.4 703.9 389.7 439.4 615.1 423.4 468.6 505.8 673.1 632.9 461.8 601.4 418.0 639.4 503.7 518.0 750.7 484.7 752.6 568.6 510.1 490.6 507.3
2459.7 342.3 736.7 414.2 454.0 442.1 693.6 554.8 508.6 366.6 423.2 314.1 623.6 777.0 486.7 394.8 473.8 420.4 661.7 526.0 737.3 514.3 444.7 630.1 494.3 339.5 583.7 666.8 656.8 494.8 477.1 553.9 467.4 732.9 468.3 690.0 477.6 584.1 425.6 582.6 397.2 513.2 635.1 325.5 484.8 558.9 364.3 543.6 412.9 582.2 406.7 413.3 515.2 572.7 424.2 391.7 281.0 402.5 12.7 348.8 748.5 455.1 685.0 516.4 492.5 556.4 492.8 529.0 643.7 514.2 760.7 496.6 489.1 626.5 688.6 585.2 342.0 632.4 487.2 420.4 445.4 445.6 471.4 276.9 516.8 441.7 488.9 449.0 695.4 716.2 536.3 612.0 514.0 561.3 367.9 406.6 399.8 483.6 591.0 532.5 312.9 742.1 665.7 354.8 0.0 410.6 610.9 379.6 436.2 505.5 389.0 378.8 672.9 398.7 584.2 412.4 565.7 688.1 596.8 739.3 425.1 474.8 650.5 458.8 504.0 541.2 708.5 668.3 497.2 636.8 453.4 674.8 539.1 553.4 786.1 520.1 788.0 604.0 545.5 526.0 542.7
2431.7 165.9 708.7 133.5 452.8 359.1 665.6 143.1 96.9 44.2 246.8 355.6 250.0 563.8 75.0 366.8 445.8 373.9 633.7 498.0 709.3 233.6 416.7 218.4 493.1 311.5 199.5 453.6 443.6 83.1 449.1 169.7 185.8 321.2 467.1 305.8 65.9 199.9 397.6 297.8 438.7 478.7 250.9 279.5 204.1 530.9 95.0 131.9 132.2 554.2 378.7 236.9 487.2 544.7 396.2 390.5 253.0 374.5 443.8 390.3 720.5 453.9 300.8 488.4 124.8 305.2 464.8 439.4 259.5 486.2 732.7 84.9 461.1 598.5 475.4 557.2 383.5 377.0 75.5 461.9 417.4 444.4 443.4 230.9 488.8 413.7 460.9 424.2 482.2 423.6 508.3 274.2 320.2 149.6 123.7 106.9 135.3 482.4 179.3 428.0 266.9 528.9 254.0 396.3 456.6 0.0 226.7 378.4 155.5 93.8 361.0 350.8 288.7 370.7 556.2 384.2 154.0 660.1 568.8 497.0 397.1 194.1 266.3 65.2 108.7 265.4 680.5 284.1 469.2 256.3 145.7 646.8 511.1 169.2 758.1 104.3 504.7 576.0 517.5 141.8 158.5
2657.8 392.0 934.8 282.0 678.9 492.2 891.7 178.3 212.7 270.3 472.9 581.7 409.6 463.2 198.6 592.9 671.9 600.0 859.8 724.1 935.4 382.1 642.8 281.0 719.2 537.6 29.4 446.7 485.8 143.6 584.7 143.9 210.7 397.1 693.2 183.0 225.5 103.9 623.7 385.3 664.8 575.5 128.1 505.6 352.6 666.5 321.1 280.0 262.7 780.3 604.8 463.0 713.3 770.8 510.1 616.6 479.1 600.6 669.9 616.4 946.6 680.0 74.0 714.5 167.9 449.5 600.4 572.5 136.7 712.3 958.8 244.5 687.2 824.6 471.6 783.3 609.6 292.8 179.3 688.0 643.5 670.5 669.5 457.0 617.0 639.8 687.0 650.3 418.1 297.5 734.4 414.7 420.2 233.4 349.8 275.2 285.5 708.5 241.9 561.1 493.0 417.8 316.6 622.4 682.7 225.0 0.0 604.5 304.0 133.4 587.1 576.9 165.9 596.8 782.3 610.3 257.6 886.2 794.9 374.2 623.2 324.6 143.5 302.2 184.0 425.0 906.6 161.3 695.3 252.1 170.6 872.9 646.7 116.7 984.2 288.7 381.9 802.1 743.6 116.0 81.1
2430.3 325.4 707.3 397.3 123.2 412.7 664.2 537.9 491.7 349.7 406.3 292.0 594.2 747.6 469.8 365.4 444.4 391.0 632.3 496.6 707.9 497.4 415.3 613.2 163.5 310.1 566.8 637.4 627.4 477.9 447.7 537.0 450.5 716.0 137.5 673.1 460.7 567.2 396.2 553.2 375.1 477.3 618.2 186.7 467.9 529.5 342.6 526.7 396.0 552.8 377.3 396.4 485.8 543.3 394.8 140.9 251.6 373.1 363.0 326.7 719.1 124.3 668.1 487.0 471.0 527.0 463.4 499.6 626.8 484.8 731.3 479.7 459.7 597.1 659.2 555.8 319.9 603.0 470.3 398.3 416.0 194.8 442.0 156.4 480.5 412.3 459.5 422.8 666.0 687.5 506.9 582.6 486.0 544.4 351.0 389.7 382.9 152.8 574.1 503.1 186.5 712.7 648.8 332.7 375.8 393.7 594.0 0.0 419.3 488.6 359.6 349.4 656.0 369.3 554.8 382.8 548.8 658.7 567.4 709.9 395.7 457.9 633.6 441.9 487.1 511.8 679.1 651.4 467.8 619.9 436.5 645.4 509.7 536.5 756.7 503.2 758.6 574.6 516.1 509.1 525.8
2482.3 216.5 756.2 58.5 500.3 464.7 713.1 240.0 258.5 113.4 297.4 403.1 408.5 652.6 233.5 417.4 496.4 424.5 681.2 545.5 756.8 155.5 464.2 345.8 540.6 362.1 266.1 612.1 601.7 208.4 496.6 236.3 152.9 458.8 514.6 372.4 224.4 266.5 448.2 456.3 489.3 532.7 320.6 330.1 129.1 578.4 150.4 290.4 115.3 601.7 426.2 284.4 537.8 592.2 443.7 441.1 300.5 425.1 491.3 440.9 768.0 504.5 370.5 539.0 178.0 466.8 512.3 548.5 329.2 536.8 780.2 243.4 508.6 649.1 633.9 604.7 434.1 482.2 234.0 512.5 464.9 491.9 490.9 281.5 546.3 464.3 508.4 474.8 610.6 489.5 555.8 432.7 480.4 298.2 171.2 112.9 138.1 529.9 306.7 552.0 314.4 610.3 378.3 443.8 504.1 160.5 296.4 425.9 0.0 195.1 408.5 401.4 355.3 418.2 603.7 431.9 312.5 707.6 616.3 569.6 444.6 59.1 328.6 162.0 186.4 427.0 728.0 353.8 516.7 322.3 138.9 697.4 561.7 235.8 808.7 243.2 571.3 626.6 568.1 208.4 225.1
2524.3 258.5 801.3 163.2 545.4 385.2 758.2 44.8 79.2 136.8 339.4 448.2 276.1 492.1 65.1 459.4 538.4 466.5 726.3 590.6 801.9 263.3 509.3 147.5 585.7 404.1 105.6 479.7 469.3 10.1 477.7 75.8 91.9 263.6 559.7 211.9 92.0 106.0 490.2 323.9 531.3 475.0 157.0 372.1 233.8 559.5 202.2 146.5 143.9 646.8 471.3 329.5 579.8 637.3 403.1 483.1 345.6 467.1 536.4 482.9 813.1 546.5 206.9 581.0 49.1 331.3 493.4 465.5 165.6 578.8 825.3 111.0 553.7 691.1 501.5 649.8 476.1 321.7 45.8 554.5 510.0 537.0 536.0 323.5 520.0 506.3 553.5 513.6 447.0 329.0 600.9 300.3 344.9 99.9 216.3 156.4 166.7 575.0 108.4 454.1 359.5 446.7 183.1 488.9 549.2 91.5 132.8 471.0 185.2 0.0 453.6 443.4 194.8 463.3 648.8 476.8 124.1 752.7 661.4 409.1 489.7 205.8 168.1 183.4 65.2 291.5 773.1 190.2 561.8 158.0 51.8 739.4 539.7 75.3 850.7 169.9 410.8 668.6 610.1 47.9 64.6
2214.8 313.1 491.8 385.0 447.0 197.2 448.7 608.0 477.7 337.4 394.0 334.4 378.7 532.1 539.9 289.5 368.5 218.5 416.8 281.1 492.4 485.1 214.4 683.3 487.3 109.2 610.1 421.9 411.9 548.0 232.2 524.7 438.2 786.1 461.3 489.1 454.7 607.3 263.9 337.7 417.5 261.8 510.7 276.3 455.6 207.8 330.3 416.8 383.7 337.3 161.8 384.1 409.9 327.8 179.3 384.7 195.7 157.6 405.4 369.1 503.6 448.1 719.9 411.1 458.7 311.5 247.9 284.1 534.4 269.3 515.8 435.7 244.2 381.6 443.7 340.3 362.3 387.5 540.4 440.7 299.6 438.6 366.1 227.7 281.9 311.3 383.6 300.8 450.5 472.0 431.0 367.1 270.5 614.5 338.7 377.4 370.6 476.6 644.2 287.6 263.7 497.2 718.9 375.1 418.2 381.4 650.4 372.6 410.1 558.7 0.0 273.5 568.0 33.9 339.3 167.5 618.9 443.2 351.9 494.4 319.8 445.6 496.7 429.6 474.8 296.3 463.6 479.3 302.4 607.6 424.2 429.9 227.6 629.6 541.2 490.9 543.1 359.1 440.2 496.8 581.6
2328.0 266.7 605.0 338.6 400.6 310.4 561.9 479.2 433.0 291.0 347.6 288.0 491.9 645.3 411.1 16.0 230.8 288.7 530.0 394.3 605.6 438.7 222.1 554.5 440.9 207.8 508.1 535.1 525.1 419.2 345.4 478.3 391.8 657.3 414.9 602.3 402.0 508.5 182.6 450.9 371.1 375.0 559.5 229.9 409.2 427.2 283.9 468.0 337.3 450.5 275.0 337.7 272.2 441.0 292.5 338.3 131.3 270.8 359.0 322.7 616.8 401.7 609.4 273.4 412.3 424.7 361.1 397.3 568.1 382.5 629.0 421.0 357.4 494.8 556.9 453.5 315.9 500.7 411.6 394.3 202.4 392.2 228.4 181.3 385.1 198.7 245.9 209.2 563.7 585.2 293.3 480.3 383.7 485.7 292.3 331.0 324.2 430.2 515.4 400.8 217.3 610.4 590.1 328.7 371.8 335.0 535.3 326.2 360.6 429.9 257.3 0.0 597.3 267.0 452.5 280.5 490.1 556.4 465.1 607.6 182.1 399.2 609.9 383.2 428.4 409.5 576.8 592.5 365.5 561.2 377.8 543.1 407.4 477.8 654.4 444.5 656.3 472.3 302.5 450.4 467.1
2584.4 447.4 861.4 337.4 734.3 402.9 818.3 233.7 268.1 325.7 528.3 637.1 352.3 373.9 254.0 648.3 727.3 655.4 786.4 650.7 862.0 437.5 698.2 336.4 774.6 593.0 152.6 357.4 396.1 199.0 495.4 199.3 266.1 452.5 748.6 93.7 280.9 149.8 679.1 296.0 720.2 492.7 85.6 561.0 408.0 577.2 376.5 335.4 318.1 706.9 569.0 518.4 768.7 697.4 420.8 672.0 534.5 588.2 725.3 671.8 873.2 735.4 267.0 769.9 227.9 360.2 511.1 483.2 47.4 638.9 885.4 299.9 613.8 751.2 382.3 709.9 665.0 203.5 234.7 743.4 698.9 725.9 724.9 512.4 520.8 695.2 742.4 705.7 328.8 210.8 789.8 325.4 330.9 288.8 405.2 330.6 340.9 763.9 297.3 471.8 548.4 328.5 372.0 677.8 738.1 280.4 192.9 659.9 362.5 188.8 642.5 632.3 0.0 652.2 708.9 518.9 313.0 812.8 721.5 290.9 678.6 380.0 96.7 357.6 239.4 438.9 833.2 118.8 750.7 325.5 226.0 799.5 557.4 172.1 910.8 344.1 292.6 728.7 799.0 171.4 124.1
2204.5 302.8 481.5 374.7 436.7 186.9 438.4 597.7 467.4 327.1 383.7 324.1 368.4 521.8 529.6 279.2 358.2 252.5 406.5 270.8 482.1 474.8 204.1 673.0 477.0 98.9 599.8 411.6 401.6 537.7 221.9 514.4 427.9 775.8 451.0 478.8 444.4 597.0 253.6 327.4 407.2 251.5 500.4 266.0 445.3 173.8 320.0 406.5 373.4 327.0 151.5 373.8 399.6 317.5 169.0 374.4 185.4 147.3 395.1 358.8 493.3 437.8 709.6 400.8 448.4 301.2 237.6 273.8 524.1 259.0 505.5 425.4 233.9 371.3 433.4 330.0 352.0 377.2 530.1 430.4 289.3 428.3 355.8 217.4 261.6 301.0 373.3 290.5 440.2 461.7 420.7 356.8 260.2 604.2 328.4 367.1 360.3 466.3 633.9 277.3 253.4 486.9 708.6 364.8 407.9 371.1 640.1 362.3 396.7 548.4 33.9 263.2 557.7 0.0 329.0 157.0 608.6 432.9 341.6 484.1 309.5 435.3 486.4 419.3 464.5 286.0 453.3 469.0 336.4 597.3 413.9 419.6 193.6 619.3 530.9 480.6 532.8 348.8 429.9 486.5 571.3
2082.5 501.6 446.9 573.5 635.5 316.6 425.5 714.1 597.1 525.9 582.5 522.9 498.1 651.5 646.0 478.0 557.0 458.7 371.9 257.9 434.9 673.6 402.9 789.4 675.8 297.7 729.5 541.3 531.3 654.1 351.6 713.2 626.7 892.2 649.8 608.5 574.1 726.7 452.4 457.1 606.0 381.2 630.1 464.8 644.1 433.4 518.8 536.2 572.2 62.3 287.8 572.6 598.4 304.6 298.7 573.2 384.2 283.6 593.9 557.6 458.7 636.6 839.3 599.6 647.2 430.9 367.3 403.5 653.8 224.4 470.9 555.1 270.7 336.7 563.1 295.4 550.8 506.9 646.5 629.2 488.1 627.1 554.6 416.2 384.4 499.8 572.1 489.3 569.9 591.4 619.5 486.5 389.9 720.6 527.2 565.9 559.1 665.1 750.3 407.0 452.2 616.6 825.0 563.6 606.7 569.9 769.8 561.1 595.5 664.8 352.6 462.0 687.4 362.3 0.0 266.7 725.0 420.0 12.6 613.8 508.3 634.1 616.1 618.1 663.3 415.7 418.7 598.7 524.6 796.1 612.7 406.7 413.6 712.7 518.0 679.4 662.5 234.2 628.7 685.3 701.0
2143.8 311.2 420.8 382.9 444.9 108.2 377.5 518.8 388.7 335.5 392.1 332.3 289.5 442.9 450.9 287.6 366.6 268.1 345.8 209.9 421.2 483.0 212.5 594.1 485.4 107.3 520.9 332.7 322.5 458.8 143.2 567.8 436.3 696.9 459.2 400.1 365.7 518.1 261.8 248.5 415.6 179.1 421.5 274.2 453.7 224.8 328.2 327.8 381.8 266.1 71.7 382.2 408.0 256.6 90.1 382.8 193.6 84.9 403.3 367.2 432.4 446.2 630.9 409.0 456.6 222.5 158.9 194.9 445.2 198.3 444.8 346.5 173.0 310.6 354.5 269.3 360.2 298.3 451.2 438.8 297.5 436.7 364.2 225.6 192.7 309.4 381.7 298.7 361.3 382.1 428.9 277.9 179.9 525.5 336.6 375.5 368.5 474.7 555.2 198.6 261.8 408.0 629.9 373.2 416.1 421.1 561.2 370.5 408.0 469.7 162.2 271.6 478.8 171.7 268.1 0.0 529.7 372.2 280.7 399.4 317.9 443.5 407.7 427.5 511.6 207.3 392.4 390.3 334.2 632.0 422.3 358.9 205.2 540.4 470.2 488.8 453.9 288.1 438.3 539.9 492.4
2526.1 260.3 803.1 227.9 547.2 387.0 760.0 135.0 81.0 138.6 341.2 450.0 277.9 591.7 48.9 461.2 540.2 468.3 728.1 592.4 803.7 328.0 511.1 210.3 587.5 405.9 191.4 481.5 471.5 75.0 479.5 161.6 190.8 167.2 561.5 297.7 93.8 191.8 492.0 325.7 533.1 470.3 242.8 373.9 298.5 561.3 189.4 148.3 226.6 648.6 473.1 331.3 581.6 639.1 404.9 484.9 347.4 468.9 538.2 484.7 814.9 548.3 292.7 582.8 125.7 333.1 495.2 467.3 251.4 580.6 827.1 112.8 555.5 692.9 503.3 651.6 477.9 404.9 67.4 556.3 511.8 538.8 537.8 325.3 504.9 508.1 555.3 518.6 510.1 415.5 602.7 302.1 348.1 141.5 218.1 197.3 229.7 576.8 171.2 455.9 361.3 556.8 245.9 490.7 551.0 93.3 218.6 472.8 249.9 85.7 455.4 445.2 280.6 465.1 650.6 478.8 0.0 754.5 663.2 488.9 491.5 288.5 258.2 176.3 109.6 293.3 774.9 276.0 563.6 248.2 150.7 741.2 541.5 161.1 852.5 171.4 496.6 670.4 611.9 133.7 150.4
2276.8 588.5 166.1 660.4 722.4 403.5 5.5 801.0 684.0 612.8 669.4 609.8 585.0 738.4 732.9 564.9 643.9 545.6 221.5 162.6 107.7 760.5 489.8 876.3 762.7 384.6 816.4 628.2 618.2 741.0 438.5 800.1 713.6 979.1 736.7 695.4 661.0 813.6 539.3 544.0 692.9 468.1 717.0 551.7 731.0 520.3 605.7 623.1 659.1 399.3 374.7 659.5 685.3 164.8 385.6 660.1 471.1 370.5 680.8 644.5 109.5 723.5 926.2 686.5 734.1 517.8 454.2 490.4 740.7 239.5 190.1 642.0 318.7 155.3 650.0 248.1 637.7 593.8 733.4 716.1 575.0 714.0 641.5 503.1 488.2 586.7 659.0 576.2 656.8 678.3 706.4 573.4 476.8 807.5 614.1 652.8 646.0 752.0 837.2 493.9 539.1 703.5 911.9 650.5 693.6 656.8 856.7 648.0 682.4 751.7 439.5 548.9 774.3 449.2 401.3 353.6 811.9 0.0 413.9 700.7 595.2 721.0 703.0 705.0 750.2 502.6 69.5 685.6 611.5 883.0 699.6 13.2 500.5 799.6 249.5 766.3 749.4 327.8 715.6 772.2 787.9
2095.1 514.2 459.5 586.1 648.1 329.2 438.1 726.7 609.7 538.5 595.1 535.5 510.7 664.1 658.6 490.6 569.6 471.3 384.5 270.5 447.5 686.2 415.5 802.0 688.4 310.3 742.1 553.9 543.9 666.7 364.2 725.8 639.3 904.8 662.4 621.1 586.7 739.3 465.0 469.7 618.6 393.8 642.7 477.4 656.7 446.0 531.4 548.8 584.8 70.4 300.4 585.2 611.0 317.2 311.3 585.8 396.8 296.2 606.5 570.2 471.3 649.2 851.9 612.2 659.8 443.5 379.9 416.1 666.4 237.0 483.5 567.7 283.3 349.3 575.7 308.0 563.4 519.5 659.1 641.8 500.7 639.7 567.2 428.8 403.9 512.4 584.7 501.9 582.5 604.0 632.1 499.1 402.5 733.2 539.8 578.5 571.7 677.7 762.9 419.6 464.8 629.2 837.6 576.2 619.3 582.5 782.4 573.7 608.1 677.4 365.2 474.6 700.0 374.9 12.6 279.5 737.6 432.6 0.0 626.4 520.9 646.7 628.7 630.7 675.9 428.3 431.3 611.3 537.2 808.7 625.3 419.3 426.2 725.3 530.6 692.0 675.1 246.8 641.3 697.9 713.6
2475.9 596.6 752.9 492.6 797.2 288.4 710.8 388.9 417.3 474.9 677.5 684.6 302.5 135.6 403.2 633.7 712.7 620.4 677.9 542.2 753.5 592.7 564.6 485.6 837.5 459.4 307.8 72.4 111.1 348.2 386.9 348.5 415.3 601.7 811.5 180.8 430.1 299.0 614.1 246.2 767.7 384.2 208.4 626.5 557.2 468.7 525.6 403.8 467.3 598.4 460.5 667.6 760.1 588.9 312.3 734.9 545.9 473.7 755.6 719.3 764.7 798.3 435.6 761.3 377.1 298.5 402.6 374.7 226.1 530.4 776.9 422.7 505.3 642.7 97.3 601.4 712.5 153.7 383.9 790.9 649.8 788.8 716.3 577.9 419.2 661.5 733.8 654.2 43.8 187.0 781.2 275.6 274.1 438.0 554.4 479.8 490.1 826.8 446.5 363.3 613.9 85.6 521.2 725.3 768.4 429.6 342.1 722.8 514.6 344.0 514.3 623.7 265.7 524.0 600.4 404.6 462.2 704.3 613.0 0.0 670.0 529.2 192.3 506.8 388.6 283.3 724.7 171.0 680.3 480.7 375.2 691.0 448.9 321.3 802.3 493.3 69.1 620.2 790.4 320.6 273.3
2370.9 327.7 647.9 399.6 461.6 353.3 604.8 540.2 494.0 352.0 408.6 349.0 534.8 688.2 472.1 184.1 228.3 349.7 572.9 437.2 648.5 499.7 103.4 615.5 501.9 208.6 569.1 578.0 568.0 480.2 388.3 539.3 452.8 718.3 475.9 645.2 463.0 569.5 70.9 493.8 432.1 417.9 620.5 290.9 470.2 470.1 344.9 529.0 398.3 493.4 317.9 398.7 269.7 483.9 335.4 399.3 192.3 313.7 420.0 383.7 659.7 462.7 670.4 270.9 473.3 467.6 404.0 440.2 629.1 425.4 671.9 482.0 400.3 537.7 599.8 496.4 376.9 543.6 472.6 455.3 90.7 453.2 225.9 242.3 428.0 16.5 243.4 27.0 606.6 628.1 290.8 523.2 426.6 546.7 353.3 392.0 385.2 491.2 576.4 443.7 278.3 653.3 651.1 389.7 432.8 396.0 596.3 387.2 424.7 490.9 300.2 168.1 658.3 309.9 495.4 323.6 551.1 599.3 508.0 650.5 0.0 460.2 652.8 444.2 489.4 452.4 619.7 635.4 426.5 622.2 438.8 586.0 450.3 538.8 697.3 505.5 699.2 515.2 300.0 511.4 528.1
2509.1 243.3 786.1 125.7 530.2 491.5 743.0 251.9 285.3 143.3 324.2 433.0 438.4 664.5 249.0 444.2 523.2 451.3 711.1 575.4 786.7 225.8 494.1 354.6 570.5 388.9 278.0 648.0 632.0 217.2 526.5 248.2 161.7 470.7 544.5 384.3 254.3 278.4 475.0 486.2 516.1 556.1 329.4 356.9 196.3 608.3 145.8 320.3 66.9 631.6 456.1 314.3 564.6 622.1 473.6 467.9 330.4 451.9 521.2 467.7 797.9 531.3 379.3 565.8 182.2 493.6 542.2 578.4 338.0 563.6 810.1 273.3 538.5 675.9 672.9 634.6 460.9 494.1 238.7 539.3 494.8 521.8 520.8 308.3 576.2 491.1 538.3 501.6 619.4 502.1 585.7 462.6 508.6 307.0 160.1 139.7 105.5 559.8 315.5 581.9 344.3 619.1 390.2 473.7 534.0 187.3 305.2 455.8 67.1 207.0 438.4 428.2 367.2 448.1 633.6 461.8 331.2 737.5 646.2 575.5 474.5 0.0 344.8 191.9 198.3 453.8 757.9 362.6 546.6 331.1 147.7 724.2 588.5 247.7 835.5 273.1 583.2 653.4 594.9 220.3 237.0
2508.6 408.1 785.6 298.1 695.0 331.4 743.5 194.4 228.8 286.4 489.0 593.9 276.5 298.1 214.7 609.0 688.0 616.1 714.9 574.9 786.2 394.3 597.3 297.1 735.3 492.1 113.3 281.6 320.3 159.7 419.6 160.0 226.8 413.2 705.4 61.2 241.6 110.5 639.8 220.2 680.9 416.9 10.1 521.7 368.7 501.4 337.1 296.1 278.8 631.1 493.2 479.1 729.4 621.6 345.0 632.7 495.2 512.4 686.0 632.5 797.4 696.1 227.7 730.6 188.6 284.4 435.3 407.4 84.9 563.1 809.6 260.6 538.0 675.4 306.5 634.1 625.7 132.0 195.4 704.1 659.6 686.6 685.6 473.1 449.3 655.9 699.2 663.2 253.0 135.0 750.5 249.6 256.5 249.5 365.9 291.3 301.6 724.6 258.0 396.0 509.1 252.7 328.8 638.5 698.8 241.1 153.6 620.6 320.1 145.6 603.2 593.0 140.1 612.9 633.1 447.6 273.7 737.0 645.7 215.1 639.3 340.7 0.0 318.3 200.1 363.1 757.4 17.7 707.5 282.3 186.7 723.7 481.6 132.8 835.0 304.8 216.8 657.2 759.7 132.1 84.8
2469.6 203.8 746.6 127.8 490.7 452.0 703.5 223.5 179.1 103.8 284.7 393.5 332.2 646.0 117.3 404.7 483.7 411.8 671.6 535.9 747.2 227.9 454.6 298.8 531.0 349.4 260.1 535.8 525.8 163.5 487.0 230.3 143.8 383.6 505.0 366.4 148.1 260.5 435.5 380.0 476.6 516.6 311.5 317.4 198.4 568.8 132.9 214.1 140.2 592.1 416.6 274.8 525.1 582.6 434.1 428.4 290.9 412.4 481.7 428.2 758.4 491.8 361.4 526.3 136.2 387.4 502.7 538.9 320.1 524.1 770.6 167.1 499.0 636.4 557.6 595.1 421.4 459.2 155.9 499.8 455.3 482.3 481.3 268.8 536.7 451.6 498.8 462.1 564.4 484.2 546.2 356.4 402.4 230.0 161.6 41.6 163.0 520.3 259.7 542.4 304.8 611.1 334.4 434.2 494.5 77.1 287.3 416.3 152.9 174.2 398.9 388.7 349.3 408.6 594.1 422.3 216.4 698.0 606.7 557.6 435.0 202.1 326.9 0.0 120.1 347.6 718.4 344.7 507.1 313.2 129.8 684.7 549.0 229.8 796.0 81.1 565.3 613.9 555.4 202.4 219.1
2515.0 249.2 792.0 152.4 536.1 428.8 748.9 128.0 122.8 149.2 330.1 438.9 319.7 540.6 50.6 450.1 529.1 457.2 717.0 581.3 792.6 252.5 500.0 232.1 576.4 394.8 154.1 523.3 513.3 96.8 532.4 124.3 81.1 316.9 550.4 260.4 135.6 154.5 480.9 367.5 522.0 512.1 205.5 362.8 223.0 614.2 178.3 190.1 133.1 637.5 462.0 320.2 570.5 628.0 446.7 473.8 336.3 457.8 527.1 473.6 803.8 537.2 255.4 571.7 16.0 374.9 548.1 509.1 214.1 569.5 816.0 154.6 544.4 681.8 545.1 640.5 466.8 370.2 89.2 545.2 500.7 527.7 526.7 314.2 572.1 497.0 544.2 507.5 495.5 378.2 591.6 343.9 389.9 163.3 207.0 145.6 155.9 565.7 193.0 497.7 350.2 495.2 267.7 479.6 539.9 120.6 181.3 461.7 177.5 107.5 444.3 434.1 243.3 454.0 639.5 467.5 149.7 743.4 652.1 451.6 480.4 195.0 220.9 140.1 0.0 335.1 763.8 238.7 552.5 207.2 41.0 730.1 594.4 123.8 841.4 104.6 459.3 659.3 600.8 96.4 113.1
2286.2 412.0 563.2 379.6 607.5 104.7 520.1 342.7 212.4 290.3 492.9 494.9 113.4 309.4 274.6 450.0 529.0 430.7 488.2 352.5 563.8 479.7 374.9 418.0 647.8 269.7 399.1 199.2 188.8 282.7 197.2 369.3 385.4 520.8 621.8 284.4 189.4 402.6 424.4 133.0 578.0 194.5 306.0 436.8 450.2 279.0 345.9 151.5 378.3 408.7 270.8 483.0 570.4 399.2 122.6 545.2 356.2 290.0 565.9 529.6 575.0 608.6 515.2 571.6 346.8 50.8 212.9 185.0 329.7 340.7 587.2 170.4 315.6 453.0 221.0 411.7 522.8 182.8 275.1 601.2 460.1 599.1 526.6 388.2 229.5 471.8 544.1 464.5 227.8 266.6 591.5 137.6 64.4 349.2 369.8 349.0 381.4 637.1 378.9 173.6 424.2 274.5 453.6 535.6 578.7 245.0 426.3 533.1 401.6 293.4 324.6 434.0 363.3 334.3 410.7 220.9 353.6 514.6 423.3 265.7 480.3 440.2 292.0 325.3 335.3 0.0 535.0 274.6 496.6 455.9 345.3 501.3 259.2 368.8 612.6 364.4 320.4 430.5 600.7 341.4 358.1
2276.5 588.2 165.8 660.1 722.1 403.2 54.3 800.7 683.7 612.5 669.1 609.5 584.7 738.1 732.6 564.6 643.6 545.3 221.2 207.9 107.4 760.2 489.5 876.0 762.4 384.3 816.1 627.9 617.9 740.7 438.2 799.8 713.3 978.8 736.4 695.1 660.7 813.3 539.0 543.7 692.6 467.8 716.7 551.4 730.7 520.0 605.4 622.8 658.8 399.0 374.4 659.2 685.0 210.1 385.3 659.8 470.8 370.2 680.5 644.2 49.4 723.2 925.9 686.2 733.8 517.5 453.9 490.1 740.4 239.2 189.8 641.7 344.0 155.0 649.7 247.8 637.4 593.5 733.1 715.8 574.7 713.7 641.2 502.8 471.0 586.4 658.7 575.9 656.5 678.0 706.1 573.1 476.5 807.2 613.8 652.5 645.7 751.7 836.9 493.6 538.8 703.2 911.6 650.2 693.3 656.5 856.4 647.7 682.1 751.4 439.2 548.6 774.0 448.9 401.0 353.3 811.6 59.8 413.6 700.4 594.9 720.7 702.7 704.7 749.9 502.3 0.0 685.3 611.2 882.7 699.3 73.1 500.2 799.3 341.8 766.0 749.1 327.5 715.3 771.9 787.6
2490.8 425.5 767.8 315.5 712.4 309.3 724.7 211.8 246.2 303.8 506.4 615.2 258.7 280.3 232.1 626.4 705.4 633.5 692.8 557.1 768.4 415.6 579.5 314.5 752.7 474.3 130.7 263.8 302.9 177.1 401.8 177.4 244.2 430.6 726.7 43.4 259.0 127.9 657.2 202.4 698.3 392.6 31.3 539.1 386.1 483.6 354.6 313.5 296.2 613.3 475.4 496.5 746.8 603.8 327.2 650.1 512.6 494.6 703.4 649.9 779.6 713.5 245.1 748.0 201.4 266.6 417.5 389.6 88.7 545.3 791.8 278.0 520.2 657.6 288.7 616.3 643.1 109.9 212.8 721.5 677.0 704.0 703.0 490.5 434.1 673.3 720.5 683.8 235.2 117.9 767.9 231.8 237.3 266.9 383.3 308.7 319.0 742.0 275.4 378.2 526.5 234.9 350.1 655.9 716.2 258.5 171.0 638.0 337.5 166.9 620.6 610.4 122.3 630.3 615.3 425.3 291.1 719.2 627.9 191.3 656.7 358.1 17.3 335.7 217.5 345.3 739.6 0.0 728.8 303.6 204.1 705.9 463.8 150.2 817.2 322.2 199.0 635.1 777.1 149.5 102.2
2383.3 463.9 660.3 535.8 551.7 365.7 617.2 676.4 646.2 488.2 544.8 439.1 547.2 700.6 608.3 394.2 473.2 115.9 585.3 449.6 660.9 635.9 368.3 751.7 592.0 263.1 705.3 590.4 580.4 616.4 400.7 675.5 589.0 854.5 566.0 657.6 623.2 705.7 417.8 506.2 522.2 436.8 679.2 381.0 606.4 482.5 481.1 585.3 534.5 505.8 330.3 534.9 514.6 496.3 347.8 489.4 300.4 326.1 510.1 473.8 672.1 552.8 806.6 515.8 609.5 480.0 416.4 452.6 702.9 437.8 684.3 604.2 412.7 550.1 612.2 508.8 467.0 556.0 608.8 545.4 444.8 543.3 470.8 332.4 440.4 441.1 488.3 448.4 619.0 639.8 535.7 535.6 437.6 682.9 489.5 528.2 521.4 581.3 712.6 456.1 368.4 665.7 787.3 479.8 522.9 532.2 732.5 477.3 560.9 627.1 284.9 378.2 736.5 318.9 507.8 336.0 687.3 611.7 520.4 656.9 424.5 596.4 665.2 580.4 625.6 464.8 632.1 647.8 0.0 758.4 575.0 598.4 462.7 675.0 709.7 641.7 711.6 527.6 544.9 647.6 664.3
2655.2 389.4 932.2 292.6 676.3 529.8 889.1 104.1 223.8 281.4 470.3 579.1 420.7 639.5 209.7 590.3 669.3 597.4 857.2 721.5 932.8 392.7 640.2 292.1 716.6 535.0 253.0 624.3 613.9 154.7 622.3 201.4 221.3 408.2 690.6 359.3 236.6 253.4 621.1 468.5 662.2 619.6 304.4 503.0 363.2 704.1 331.6 291.1 273.3 777.7 602.2 460.4 710.7 768.2 547.7 614.0 476.5 598.0 667.3 613.8 944.0 677.4 338.6 711.9 178.5 475.9 638.0 610.1 313.0 709.7 956.2 255.6 684.6 822.0 646.1 780.7 607.0 469.1 190.4 685.4 640.9 667.9 666.9 454.4 664.6 637.2 684.4 644.5 594.4 476.4 731.8 444.9 489.5 244.5 347.2 285.8 296.1 705.9 253.0 598.7 490.4 594.1 327.7 619.8 680.1 236.1 264.5 601.9 314.6 162.0 584.5 574.3 342.2 594.2 779.7 607.9 268.7 883.6 792.3 556.5 620.6 335.2 315.5 312.8 194.6 436.1 904.0 337.6 692.7 0.0 181.2 870.3 684.3 229.9 981.6 299.3 558.2 799.5 741.0 195.3 212.0
2473.9 208.1 750.9 111.3 495.0 456.3 707.8 104.1 138.5 108.1 289.0 397.8 335.4 516.7 101.2 409.0 488.0 416.1 675.9 540.2 751.5 211.4 458.9 206.8 535.3 353.7 130.2 500.2 529.0 69.4 491.3 100.4 40.0 322.9 509.3 236.5 151.3 130.6 439.8 383.2 480.9 520.9 181.6 321.7 181.9 573.1 137.2 205.8 92.0 596.4 420.9 279.1 529.4 586.9 438.4 432.7 295.2 416.7 486.0 432.5 762.7 496.1 231.5 530.6 34.4 390.6 507.0 543.2 190.2 528.4 774.9 170.3 503.3 640.7 525.1 599.4 425.7 346.3 90.9 504.1 459.6 486.6 485.6 273.1 531.0 455.9 503.1 466.4 471.6 354.3 550.5 359.6 405.6 159.2 165.9 104.5 114.8 524.6 167.7 546.7 309.1 471.3 242.4 438.5 498.8 152.1 157.4 420.6 136.4 59.2 403.2 393.0 219.4 412.9 598.4 426.6 183.4 702.3 611.0 427.7 439.3 153.9 197.0 131.5 50.5 350.8 722.7 214.8 511.4 183.3 0.0 689.0 553.3 99.9 800.3 155.2 435.4 618.2 559.7 72.5 89.2
2290.1 584.0 179.4 655.9 717.9 399.0 18.7 796.5 679.5 608.3 664.9 605.3 580.5 733.9 728.4 560.4 639.4 541.1 234.8 149.3 121.0 756.0 485.3 871.8 758.2 380.1 811.9 623.7 613.7 736.5 434.0 795.6 709.1 974.6 732.2 690.9 656.5 809.1 534.8 539.5 688.4 463.6 712.5 547.2 726.5 515.8 601.2 618.6 654.6 412.6 370.2 655.0 680.8 151.5 381.1 655.6 466.6 366.0 676.3 640.0 122.8 719.0 921.7 682.0 729.6 513.3 449.7 485.9 736.2 252.8 203.4 637.5 305.4 168.6 645.5 261.4 633.2 589.3 728.9 711.6 570.5 709.5 637.0 498.6 473.7 582.2 654.5 571.7 652.3 673.8 701.9 568.9 472.3 803.0 609.6 648.3 641.5 747.5 832.7 489.4 534.6 699.0 907.4 646.0 689.1 652.3 852.2 643.5 681.0 747.2 435.0 544.4 769.8 444.7 414.6 349.3 807.4 13.2 427.2 696.2 590.7 716.5 698.5 700.5 745.7 498.1 82.8 681.1 607.0 878.5 695.1 0.0 496.0 795.1 236.2 761.8 744.9 341.1 711.1 767.7 783.4
2298.1 485.5 575.1 601.8 619.4 154.1 532.0 564.9 434.6 512.5 566.4 506.8 335.6 489.0 496.8 461.9 540.9 456.2 500.1 364.4 575.7 701.9 386.8 640.2 659.7 281.6 567.0 378.8 368.8 504.9 74.9 613.7 607.6 743.0 633.7 446.0 411.6 564.2 436.3 294.6 589.9 165.1 467.6 448.7 672.4 19.7 563.3 373.7 600.5 420.6 282.7 556.5 582.3 411.1 136.2 557.1 368.1 301.9 577.8 541.5 586.9 620.5 676.8 583.5 564.8 268.4 58.2 123.8 491.3 352.6 599.1 392.6 327.5 464.9 400.6 423.6 534.7 344.4 497.3 613.1 472.0 611.0 538.5 400.1 168.3 483.7 556.0 473.2 407.4 428.9 603.4 324.0 227.4 571.4 592.0 571.2 603.6 649.0 601.1 135.9 436.1 454.1 675.8 547.5 590.6 467.2 607.3 545.0 626.9 515.6 237.6 445.9 524.9 203.6 422.6 232.6 575.8 526.5 435.2 451.3 492.2 662.4 453.6 547.5 557.5 253.2 546.9 436.2 540.1 678.1 567.5 513.2 0.0 586.5 624.5 586.6 500.0 442.4 612.6 585.8 538.5
2587.9 322.1 864.9 212.1 609.0 448.8 821.8 108.4 142.8 200.4 403.0 511.8 339.7 483.6 128.7 523.0 602.0 530.1 789.9 654.2 865.5 312.2 572.9 211.1 649.3 467.7 97.1 467.1 533.3 73.7 541.3 74.0 140.8 327.2 623.3 203.4 155.6 97.5 553.8 387.5 594.9 532.1 148.5 435.7 282.7 623.1 251.2 210.1 192.8 710.4 534.9 393.1 643.4 700.9 466.7 546.7 409.2 530.7 600.0 546.5 876.7 610.1 198.4 644.6 98.0 394.9 557.0 529.1 157.1 642.4 888.9 174.6 617.3 754.7 492.0 713.4 539.7 313.2 109.4 618.1 573.6 600.6 599.6 387.1 573.6 569.9 617.1 580.4 438.5 321.2 664.5 363.9 409.9 163.5 279.9 205.3 215.6 638.6 172.0 517.7 423.1 438.2 246.7 552.5 612.8 155.1 124.3 534.6 234.1 63.5 517.2 507.0 186.3 526.9 712.4 540.4 187.7 816.3 725.0 394.6 553.3 254.7 163.9 232.3 114.1 355.1 836.7 181.7 625.4 205.6 100.7 803.0 603.3 0.0 914.3 218.8 402.3 732.2 673.7 46.1 56.1
2394.1 684.1 424.2 756.0 818.0 499.1 263.8 896.6 779.6 708.4 765.0 705.4 680.6 834.0 828.5 660.5 739.5 641.2 479.6 249.4 354.5 856.1 585.4 971.9 858.3 480.2 912.0 723.8 713.8 836.6 534.1 895.7 809.2 1074.7 832.3 791.0 756.6 909.2 634.9 639.6 788.5 563.7 812.6 647.3 826.6 615.9 701.3 718.7 754.7 516.6 470.3 755.1 780.9 251.6 481.2 755.7 566.7 466.1 776.4 740.1 399.8 819.1 1021.8 782.1 829.7 613.4 549.8 586.0 836.3 443.1 448.2 737.6 405.5 323.0 745.6 451.7 733.3 689.4 829.0 811.7 670.6 809.6 737.1 598.7 573.8 682.3 754.6 671.8 752.4 773.9 802.0 669.0 572.4 903.1 709.7 748.4 741.6 847.6 932.8 589.5 634.7 799.1 1007.5 746.1 789.2 752.4 952.3 743.6 778.0 847.3 535.1 644.5 869.9 544.8 518.6 449.2 907.5 258.3 531.2 796.3 690.8 816.6 798.6 800.6 845.8 598.2 359.8 781.2 707.1 978.6 795.2 245.0 596.1 895.2 0.0 861.9 845.0 531.4 811.2 867.8 883.5
2560.8 295.0 837.8 219.0 581.9 470.4 794.7 228.6 208.2 165.6 375.9 484.7 361.3 635.3 122.4 495.9 574.9 503.0 762.8 627.1 838.4 319.1 545.8 303.9 622.2 440.6 248.8 564.9 554.9 168.6 578.2 219.0 175.8 388.7 596.2 355.1 177.2 249.2 526.7 409.1 567.8 553.7 300.2 408.6 289.6 660.0 224.1 243.2 227.8 683.3 507.8 366.0 616.3 673.8 488.3 519.6 382.1 503.6 572.9 519.4 849.6 583.0 350.1 617.5 110.7 416.5 593.9 550.7 308.8 615.3 861.8 196.2 590.2 727.6 586.7 686.3 512.6 488.3 161.0 591.0 546.5 573.5 572.5 360.0 611.0 542.8 590.0 553.3 593.5 472.9 637.4 385.5 431.5 235.1 252.8 132.8 250.6 611.5 264.8 539.3 396.0 589.9 339.5 525.4 585.7 106.2 276.0 507.5 241.0 179.3 490.1 479.9 338.0 499.8 685.3 513.3 221.5 789.2 697.9 546.3 526.2 289.7 315.6 91.1 94.6 376.7 809.6 333.4 598.3 301.9 135.7 775.9 640.2 218.5 887.2 0.0 554.0 705.1 646.6 191.1 207.8
2524.6 594.3 801.6 484.3 881.2 343.1 758.5 380.6 415.0 472.6 675.2 733.3 300.2 172.1 400.9 688.4 767.4 669.1 726.6 590.9 802.2 584.4 613.3 483.3 921.5 508.1 299.5 121.1 160.2 345.9 435.6 346.2 413.0 599.4 895.5 178.5 427.8 296.7 662.8 243.9 816.4 432.9 200.1 707.9 554.9 517.4 523.3 452.5 465.0 647.1 509.2 665.3 808.8 637.6 361.0 818.9 594.6 528.4 872.2 768.0 813.4 882.3 427.3 810.0 370.2 308.1 451.3 423.4 223.8 579.1 825.6 446.8 554.0 691.4 146.0 650.1 761.2 151.4 381.6 839.6 698.5 872.8 765.0 659.3 461.0 710.2 782.5 699.7 92.5 178.7 829.9 273.3 280.2 435.7 552.1 477.5 487.8 910.8 444.2 412.0 695.3 35.8 518.9 774.0 885.0 427.3 339.8 806.8 506.3 335.7 563.0 672.4 257.4 572.7 649.1 459.1 459.9 753.0 661.7 89.1 718.7 526.9 186.1 504.5 386.3 332.0 773.4 168.7 735.0 472.4 372.9 739.7 497.6 319.0 851.0 491.0 0.0 668.9 839.1 318.3 271.0
2104.6 496.3 357.0 568.2 630.2 311.3 332.9 708.8 591.8 520.6 577.2 517.6 492.8 646.2 640.7 472.7 551.7 453.4 216.4 252.6 345.0 668.3 397.6 784.1 670.5 292.4 724.2 536.0 525.6 648.8 346.3 707.9 621.4 886.9 644.5 603.2 568.8 721.4 447.1 451.8 600.7 382.4 624.8 459.5 638.8 428.1 513.5 530.9 566.9 227.1 282.5 567.3 593.1 299.3 293.4 567.9 378.9 278.3 588.6 552.3 368.8 631.3 834.0 594.3 641.9 425.6 362.0 398.2 648.5 216.9 381.0 549.8 235.7 246.8 557.8 152.1 545.5 501.6 641.2 623.9 482.8 621.8 549.3 410.9 386.0 494.5 566.8 484.0 564.6 585.4 614.2 481.2 384.6 715.3 521.9 560.6 553.8 659.8 745.0 401.7 446.9 611.3 819.7 558.3 601.4 564.6 764.5 555.8 593.3 659.5 347.3 456.7 682.1 357.0 229.1 261.6 719.7 339.4 241.7 608.5 503.0 628.8 610.8 612.8 658.0 410.4 328.8 593.4 519.3 790.8 607.4 352.7 408.3 707.4 512.7 674.1 657.2 0.0 623.4 680.0 695.7
2489.6 428.3 766.6 500.2 562.2 472.0 723.5 640.8 594.6 452.6 509.2 449.6 653.5 806.9 572.7 284.7 131.5 450.3 691.6 555.9 767.2 600.3 340.2 716.1 602.5 445.4 669.7 696.7 686.7 580.8 507.0 639.9 553.4 818.9 576.5 763.9 563.6 670.1 300.7 612.5 532.7 536.6 721.1 391.5 570.8 588.8 445.5 629.6 498.9 612.1 436.6 499.3 172.9 602.6 454.1 499.9 292.9 432.4 520.6 484.3 778.4 563.3 771.0 29.2 573.9 586.3 522.7 558.9 729.7 544.1 790.6 582.6 519.0 656.4 718.5 615.1 477.5 662.3 573.2 555.9 320.5 553.8 86.7 342.9 546.7 316.8 56.7 327.3 725.3 746.8 9.3 641.9 545.3 647.3 453.9 492.6 485.8 591.8 677.0 562.4 378.9 772.0 751.7 490.3 533.4 496.6 696.9 487.8 522.2 591.5 418.9 268.7 758.9 428.6 614.1 442.3 651.7 718.0 626.7 769.2 300.2 560.8 771.5 544.8 590.0 571.1 738.4 754.1 527.1 722.8 539.4 704.7 569.0 639.4 816.0 606.1 817.9 633.9 0.0 612.0 628.7
2560.8 295.0 837.8 185.0 581.9 421.7 794.7 81.3 115.7 173.3 375.9 484.7 312.6 483.2 101.6 495.9 574.9 503.0 762.8 627.1 838.4 285.1 545.8 184.0 622.2 440.6 96.7 466.7 506.2 46.6 514.2 27.8 113.7 300.1 596.2 203.0 128.5 97.1 526.7 360.4 567.8 505.0 148.1 408.6 255.6 596.0 224.1 183.0 165.7 683.3 507.8 366.0 616.3 673.8 439.6 519.6 382.1 503.6 572.9 519.4 849.6 583.0 198.0 617.5 70.9 367.8 529.9 502.0 156.7 615.3 861.8 147.5 590.2 727.6 491.6 686.3 512.6 312.8 82.3 591.0 546.5 573.5 572.5 360.0 546.5 542.8 590.0 553.3 438.1 320.8 637.4 336.8 382.8 136.4 252.8 178.2 188.5 611.5 144.9 490.6 396.0 437.8 219.6 525.4 585.7 128.0 123.9 507.5 210.1 36.4 490.1 479.9 185.9 499.8 685.3 513.3 160.6 789.2 697.9 394.2 526.2 227.6 163.5 205.2 87.0 328.0 809.6 181.3 598.3 178.5 73.6 775.9 576.2 66.4 887.2 191.7 401.9 705.1 646.6 0.0 55.7
2589.0 323.2 866.0 213.2 610.1 449.9 822.9 109.5 143.9 201.5 404.1 512.9 340.8 427.4 129.8 524.1 603.1 531.2 791.0 655.3 866.6 313.3 574.0 212.2 650.4 468.8 40.9 410.9 450.0 74.8 542.4 75.1 141.9 328.3 624.4 147.2 156.7 41.3 554.9 388.6 596.0 533.2 92.3 436.8 283.8 624.2 252.3 211.2 193.9 711.5 536.0 394.2 644.5 702.0 467.8 547.8 410.3 531.8 601.1 547.6 877.8 611.2 155.3 645.7 99.1 396.0 558.1 530.2 100.9 643.5 890.0 175.7 618.4 755.8 435.8 714.5 540.8 257.0 110.5 619.2 574.7 601.7 600.7 388.2 584.7 571.0 618.2 581.5 382.3 265.0 665.6 365.0 411.0 164.6 281.0 206.4 216.7 639.7 173.1 518.8 424.2 382.0 247.8 553.6 613.9 156.2 81.2 535.7 235.2 64.6 518.3 508.1 130.1 528.0 713.5 541.7 188.8 817.4 726.1 338.4 554.4 255.8 107.7 233.4 115.2 356.2 837.8 125.5 626.5 201.3 101.8 804.1 604.4 47.9 915.4 219.9 346.1 733.3 674.8 47.2 0.0
