Name		2714_BED-Amazon_n147_m207_bt32
Number_of_Customers	147
Number_of_Items		207
Number_of_ItemTypes	32
Number_of_Vehicles	1
TimeWindows		0
Dist_type	manual

VEHICLE
Mass_Capacity	1693
CargoSpace_Length	160
CargoSpace_Width	70
CargoSpace_Height	72

CUSTOMERS
i	x	y	Demand	ReadyTime	DueDate	ServiceTime	DemandedMass	DemandedVolume
0	47.937344	-122.244952	0	0	0	0	0	0
1	47.675949	-122.177358	3	0	0	0	19.2	10378
2	47.66809	-122.17024	1	0	0	0	4.7	1380
3	47.676365	-122.176015	1	0	0	0	0.7	2640
4	47.667911	-122.175808	1	0	0	0	2.15	1080
5	47.670849	-122.164762	2	0	0	0	5.36	6990
6	47.66753	-122.173147	1	0	0	0	0.7	2640
7	47.681707	-122.169153	2	0	0	0	19.3	8660
8	47.678306	-122.177018	1	0	0	0	2.15	1080
9	47.664851	-122.171784	2	0	0	0	9.0	14580
10	47.666726	-122.176087	1	0	0	0	3.82	8580
11	47.66893	-122.16501	1	0	0	0	4.7	1380
12	47.664026	-122.177147	2	0	0	0	6.6	2556
13	47.673166	-122.177431	1	0	0	0	1.8	2520
14	47.664813	-122.163227	1	0	0	0	1.75	4608
15	47.672346	-122.183629	1	0	0	0	4.7	1380
16	47.666637	-122.173142	1	0	0	0	4.7	1380
17	47.671051	-122.173079	1	0	0	0	4.7	1380
18	47.680831	-122.167305	2	0	0	0	6.45	5988
19	47.664863	-122.172682	1	0	0	0	4.7	1380
20	47.667465	-122.170035	1	0	0	0	1.75	4608
21	47.678513	-122.167502	1	0	0	0	4.7	1380
22	47.675349	-122.176631	3	0	0	0	13.77	14445
23	47.67631	-122.176388	1	0	0	0	1.75	4608
24	47.66545	-122.173908	1	0	0	0	1.8	2520
25	47.678655	-122.171253	1	0	0	0	2.5	3978
26	47.666731	-122.179547	3	0	0	0	9.42	13452
27	47.672038	-122.174692	1	0	0	0	4.8	6200
28	47.670821	-122.175952	1	0	0	0	4.7	1380
29	47.680081	-122.172923	1	0	0	0	4.7	1380
30	47.664956	-122.168508	1	0	0	0	0.7	2640
31	47.674548	-122.171997	1	0	0	0	4.7	1380
32	47.664253	-122.177441	1	0	0	0	1.75	4608
33	47.666711	-122.169979	1	0	0	0	3.82	8580
34	47.680829	-122.167504	1	0	0	0	2.6	10400
35	47.678514	-122.168565	1	0	0	0	0.7	2640
36	47.664916	-122.167431	1	0	0	0	9.4	2760
37	47.670437	-122.172652	1	0	0	0	4.7	1380
38	47.66142	-122.16604	1	0	0	0	4.7	1380
39	47.673639	-122.174696	1	0	0	0	4.8	6200
40	47.674188	-122.168482	1	0	0	0	14.1	4140
41	47.666677	-122.171529	1	0	0	0	4.7	1380
42	47.674469	-122.165258	1	0	0	0	3.01	5544
43	47.677019	-122.171708	1	0	0	0	4.7	1380
44	47.673168	-122.18439	1	0	0	0	1.75	4608
45	47.667699	-122.169357	1	0	0	0	9.4	2760
46	47.676332	-122.175564	2	0	0	0	10.26	9701
47	47.669968	-122.175473	1	0	0	0	4.7	1380
48	47.669634	-122.16423	1	0	0	0	4.7	1380
49	47.664947	-122.178524	2	0	0	0	4.96	13080
50	47.680791	-122.166591	1	0	0	0	4.7	1380
51	47.670346	-122.167362	1	0	0	0	3.82	7600
52	47.664929	-122.17399	1	0	0	0	4.8	6200
53	47.675313	-122.16878	1	0	0	0	4.7	1380
54	47.677158	-122.173673	2	0	0	0	5.57	12208
55	47.673558	-122.176892	1	0	0	0	7.3	3640
56	47.682611	-122.171618	1	0	0	0	3.01	5544
57	47.674364	-122.184083	2	0	0	0	13.22	11340
58	47.677539	-122.163931	1	0	0	0	4.7	1380
59	47.68083	-122.166831	1	0	0	0	2.5	3978
60	47.675964	-122.178181	1	0	0	0	3.01	5544
61	47.676611	-122.170511	1	0	0	0	2.6	10400
62	47.665869	-122.179489	1	0	0	0	9.4	2760
63	47.675316	-122.175339	1	0	0	0	4.7	1380
64	47.673006	-122.169819	1	0	0	0	1.75	4608
65	47.666772	-122.177857	1	0	0	0	0.7	2640
66	47.664369	-122.172547	2	0	0	0	6.45	5988
67	47.674616	-122.171997	1	0	0	0	4.7	1380
68	47.67073	-122.172046	2	0	0	0	11.3	3936
69	47.665843	-122.178651	1	0	0	0	4.7	1380
70	47.667414	-122.16937	3	0	0	0	10.25	21155
71	47.677192	-122.163932	1	0	0	0	4.7	1380
72	47.66919	-122.164915	1	0	0	0	7.3	3640
73	47.676305	-122.17377	3	0	0	0	9.6	9103
74	47.668624	-122.166086	1	0	0	0	1.9	1176
75	47.676511	-122.175905	1	0	0	0	2.5	3978
76	47.662258	-122.180137	3	0	0	0	7.85	11268
77	47.673871	-122.175592	1	0	0	0	1.75	4608
78	47.667239	-122.180175	2	0	0	0	4.93	11358
79	47.659801	-122.174083	1	0	0	0	1.9	1176
80	47.669675	-122.172649	1	0	0	0	4.7	1380
81	47.671812	-122.179277	1	0	0	0	0.7	2640
82	47.6689	-122.163976	2	0	0	0	12.37	34320
83	47.675895	-122.176575	2	0	0	0	5.4	4020
84	47.672945	-122.172013	1	0	0	0	9.4	2760
85	47.661872	-122.180131	4	0	0	0	9.15	14624
86	47.672763	-122.172967	1	0	0	0	5.29	8075
87	47.681416	-122.172633	1	0	0	0	4.73	10000
88	47.667992	-122.165048	1	0	0	0	1.9	1176
89	47.657511	-122.173254	1	0	0	0	0.7	2640
90	47.667516	-122.1759	1	0	0	0	0.7	2640
91	47.682281	-122.164477	1	0	0	0	1.9	1176
92	47.664794	-122.170517	2	0	0	0	12.0	5020
93	47.66495	-122.175589	2	0	0	0	3.64	17544
94	47.675769	-122.171869	1	0	0	0	4.7	1380
95	47.669215	-122.180187	1	0	0	0	4.7	1380
96	47.678463	-122.16459	1	0	0	0	4.7	1380
97	47.65831	-122.176166	1	0	0	0	2.15	1080
98	47.660059	-122.178467	1	0	0	0	4.7	1380
99	47.663358	-122.160079	1	0	0	0	1.75	4608
100	47.668365	-122.172052	1	0	0	0	2.5	3978
101	47.681572	-122.172834	1	0	0	0	4.7	1380
102	47.670266	-122.165765	2	0	0	0	6.6	2556
103	47.665661	-122.169412	1	0	0	0	1.9	1176
104	47.68165	-122.167345	1	0	0	0	4.7	1380
105	47.66926	-122.172051	1	0	0	0	1.9	1176
106	47.664842	-122.164144	1	0	0	0	0.7	2640
107	47.666063	-122.172131	1	0	0	0	4.7	1380
108	47.665795	-122.176799	2	0	0	0	7.71	6924
109	47.680089	-122.167321	1	0	0	0	4.7	1380
110	47.657949	-122.176169	1	0	0	0	0.7	2640
111	47.670168	-122.164409	1	0	0	0	4.7	1380
112	47.674315	-122.163934	1	0	0	0	7.3	3640
113	47.670453	-122.173914	3	0	0	0	10.2	10220
114	47.674499	-122.166594	1	0	0	0	4.7	1380
115	47.672804	-122.168768	2	0	0	0	5.4	4020
116	47.670355	-122.168679	1	0	0	0	4.7	1380
117	47.66406	-122.178208	2	0	0	0	4.6	8944
118	47.672206	-122.169835	1	0	0	0	2.6	10400
119	47.661438	-122.180135	2	0	0	0	2.85	3720
120	47.670616	-122.178501	1	0	0	0	3.42	23780
121	47.671303	-122.169337	1	0	0	0	9.4	2760
122	47.666676	-122.175715	1	0	0	0	1.75	4608
123	47.682311	-122.17285	1	0	0	0	4.7	1380
124	47.663134	-122.176859	1	0	0	0	2.3	7488
125	47.674809	-122.176093	1	0	0	0	4.7	1380
126	47.674033	-122.184312	1	0	0	0	4.7	1380
127	47.663326	-122.175584	2	0	0	0	7.64	16284
128	47.672218	-122.166641	1	0	0	0	4.7	1380
129	47.677391	-122.176172	3	0	0	0	12.7	7660
130	47.675007	-122.174698	1	0	0	0	2.6	10400
131	47.667534	-122.171593	2	0	0	0	4.2	11856
132	47.668178	-122.176429	1	0	0	0	4.7	1380
133	47.669687	-122.174345	1	0	0	0	2.6	10400
134	47.669973	-122.176506	1	0	0	0	4.7	1380
135	47.660862	-122.158786	1	0	0	0	3.03	8092
136	47.675335	-122.164901	1	0	0	0	1.9	1176
137	47.671806	-122.178681	1	0	0	0	0.7	2640
138	47.674576	-122.171997	1	0	0	0	3.08	10098
139	47.681633	-122.164472	2	0	0	0	15.28	17530
140	47.673158	-122.18379	2	0	0	0	5.99	10715
141	47.674094	-122.169341	1	0	0	0	2.91	13520
142	47.67109	-122.172961	1	0	0	0	4.7	1380
143	47.663152	-122.178408	1	0	0	0	7.3	3640
144	47.671367	-122.174696	1	0	0	0	4.7	1380
145	47.678469	-122.16653	1	0	0	0	5.98	42480
146	47.674782	-122.167603	2	0	0	0	17.1	26460
147	47.664053	-122.173151	1	0	0	0	0.7	2640

ITEMS
Type	Length	Width	Height	Mass	Fragility	LoadBearingStrength
Bt1	18	12	5	2.15	1	0
Bt2	21	14	4	1.9	1	0
Bt3	23	15	4	4.7	1	0
Bt4	20	18	7	1.8	1	0
Bt5	15	11	16	0.7	1	0
Bt6	34	10	10	1.59	1	0
Bt7	20	14	13	7.3	1	0
Bt8	17	13	18	2.5	1	0
Bt9	29	15	10	4.66	1	0
Bt10	24	12	16	1.75	1	0
Bt11	23	17	13	4.2	1	0
Bt12	28	22	9	3.01	1	0
Bt13	29	19	11	2.96	1	0
Bt14	31	20	10	4.8	1	0
Bt15	50	15	9	3.18	1	0
Bt16	26	24	12	2.3	1	0
Bt17	40	19	10	3.82	1	0
Bt18	25	19	17	5.29	1	0
Bt19	28	17	17	3.03	1	0
Bt20	22	15	26	3.816	1	0
Bt21	29	25	13	1.77	1	0
Bt22	50	20	10	4.73	1	0
Bt23	33	18	17	3.08	1	0
Bt24	40	20	13	2.6	1	0
Bt25	29	24	15	4.26	1	0
Bt26	60	20	11	4.3	1	0
Bt27	26	20	26	2.91	1	0
Bt28	27	23	24	2.94	1	0
Bt29	41	20	29	3.42	1	0
Bt30	38	30	22	12.4	1	0
Bt31	38	37	20	7.568	1	0
Bt32	59	40	18	5.982	1	0

DEMANDS PER CUSTOMER
i	Type Quantity
1	Bt3 2	Bt7 1	Bt8 1	
2	Bt3 1	
3	Bt5 1	
4	Bt1 1	
5	Bt5 1	Bt9 1	
6	Bt5 1	
7	Bt3 1	Bt7 2	
8	Bt1 1	
9	Bt26 1	Bt3 1	
10	Bt20 1	
11	Bt3 1	
12	Bt2 1	Bt3 1	
13	Bt4 1	
14	Bt10 1	
15	Bt3 1	
16	Bt3 1	
17	Bt3 1	
18	Bt10 1	Bt3 1	
19	Bt3 1	
20	Bt10 1	
21	Bt3 1	
22	Bt7 1	Bt21 1	Bt3 1	
23	Bt10 1	
24	Bt4 1	
25	Bt8 1	
26	Bt2 2	Bt4 1	Bt20 1	
27	Bt14 1	
28	Bt3 1	
29	Bt3 1	
30	Bt5 1	
31	Bt3 1	
32	Bt10 1	
33	Bt20 1	
34	Bt24 1	
35	Bt5 1	
36	Bt3 2	
37	Bt3 1	
38	Bt3 1	
39	Bt14 1	
40	Bt3 3	
41	Bt3 1	
42	Bt12 1	
43	Bt3 1	
44	Bt10 1	
45	Bt3 2	
46	Bt7 1	Bt13 1	
47	Bt3 1	
48	Bt3 1	
49	Bt5 1	Bt25 1	
50	Bt3 1	
51	Bt17 1	
52	Bt14 1	
53	Bt3 1	
54	Bt17 1	Bt10 1	
55	Bt7 1	
56	Bt12 1	
57	Bt3 2	Bt20 1	
58	Bt3 1	
59	Bt8 1	
60	Bt12 1	
61	Bt24 1	
62	Bt3 2	
63	Bt3 1	
64	Bt10 1	
65	Bt5 1	
66	Bt3 1	Bt10 1	
67	Bt3 1	
68	Bt3 2	Bt2 1	
69	Bt3 1	
70	Bt18 1	Bt5 1	Bt25 1	
71	Bt3 1	
72	Bt7 1	
73	Bt11 1	Bt5 1	Bt3 1	
74	Bt2 1	
75	Bt8 1	
76	Bt5 2	Bt10 1	Bt3 1	
77	Bt10 1	
78	Bt15 1	Bt10 1	
79	Bt2 1	
80	Bt3 1	
81	Bt5 1	
82	Bt31 1	Bt14 1	
83	Bt3 1	Bt5 1	
84	Bt3 2	
85	Bt5 1	Bt14 1	Bt2 1	Bt10 1	
86	Bt18 1	
87	Bt22 1	
88	Bt2 1	
89	Bt5 1	
90	Bt5 1	
91	Bt2 1	
92	Bt3 1	Bt7 1	
93	Bt5 1	Bt28 1	
94	Bt3 1	
95	Bt3 1	
96	Bt3 1	
97	Bt1 1	
98	Bt3 1	
99	Bt10 1	
100	Bt8 1	
101	Bt3 1	
102	Bt3 1	Bt2 1	
103	Bt2 1	
104	Bt3 1	
105	Bt2 1	
106	Bt5 1	
107	Bt3 1	
108	Bt3 1	Bt12 1	
109	Bt3 1	
110	Bt5 1	
111	Bt3 1	
112	Bt7 1	
113	Bt14 1	Bt5 1	Bt3 1	
114	Bt3 1	
115	Bt5 1	Bt3 1	
116	Bt3 1	
117	Bt12 1	Bt6 1	
118	Bt24 1	
119	Bt1 1	Bt5 1	
120	Bt29 1	
121	Bt3 2	
122	Bt10 1	
123	Bt3 1	
124	Bt16 1	
125	Bt3 1	
126	Bt3 1	
127	Bt28 1	Bt3 1	
128	Bt3 1	
129	Bt5 1	Bt7 1	Bt3 1	
130	Bt24 1	
131	Bt10 2	Bt5 1	
132	Bt3 1	
133	Bt24 1	
134	Bt3 1	
135	Bt19 1	
136	Bt2 1	
137	Bt5 1	
138	Bt23 1	
139	Bt18 2	Bt3 1	
140	Bt5 1	Bt18 1	
141	Bt27 1	
142	Bt3 1	
143	Bt7 1	
144	Bt3 1	
145	Bt32 1	
146	Bt30 1	Bt3 1	
147	Bt5 1	

DISTANCE MATRIX
0.0 2242.2 2267.2 2206.3 2239.8 2403.3 2266.4 2287.4 2213.4 2405.4 2271.4 2444.5 2284.9 2233.2 2378.1 2241.8 2283.5 2356.7 2316.3 2354.0 2301.6 2282.5 2208.6 2220.5 2323.2 2260.0 2289.5 2279.0 2336.6 2226.0 2398.9 2268.7 2264.0 2309.6 2319.6 2258.7 2364.3 2349.1 2471.0 2255.3 2379.8 2344.2 2332.0 2301.6 2209.1 2281.7 2216.9 2290.2 2412.7 2285.4 2303.1 2370.3 2344.4 2279.3 2262.2 2250.9 2265.8 2241.7 2302.1 2308.3 2182.4 2299.8 2301.4 2220.3 2320.1 2247.2 2351.4 2267.6 2339.0 2280.8 2287.8 2306.9 2439.3 2283.8 2348.4 2192.7 2366.7 2246.8 2230.9 2424.1 2311.6 2274.7 2369.0 2228.4 2301.0 2363.3 2330.7 2247.5 2350.0 2457.2 2260.5 2371.6 2382.7 2318.3 2284.9 2221.6 2309.3 2394.8 2345.3 2450.8 2275.7 2240.3 2372.9 2320.3 2373.3 2293.0 2361.3 2392.6 2272.4 2289.1 2402.3 2404.7 2344.3 2329.0 2316.2 2396.3 2355.5 2292.0 2334.4 2353.1 2297.2 2380.5 2279.1 2255.4 2303.1 2227.2 2244.2 2321.6 2356.2 2194.1 2235.0 2352.0 2221.5 2287.4 2276.3 2530.6 2315.6 2269.6 2268.2 2327.4 2217.1 2300.1 2359.6 2299.9 2290.6 2356.9 2322.8 2338.7
2129.4 0.0 260.4 193.8 233.0 272.3 259.6 264.6 200.9 408.9 256.9 313.5 260.1 104.3 370.0 213.3 276.7 227.8 297.1 347.2 305.1 259.7 88.4 208.0 316.4 237.2 264.7 160.4 218.0 203.2 392.1 139.8 249.5 313.1 296.8 235.9 384.3 220.2 453.1 136.7 250.9 337.4 203.1 208.0 164.3 274.9 130.2 202.4 281.7 260.6 280.3 273.7 337.6 160.7 249.7 122.0 241.2 153.3 289.6 285.5 26.7 226.0 276.6 91.4 201.5 232.7 344.6 138.7 210.1 256.0 281.0 284.1 308.3 203.5 329.7 169.9 352.2 128.2 272.9 416.5 237.0 145.8 283.0 205.6 172.1 338.5 201.8 273.4 329.0 449.6 264.0 348.8 385.8 293.5 160.0 212.8 296.8 370.0 320.5 442.7 265.1 249.7 296.8 313.5 393.4 236.8 353.2 385.8 257.9 266.3 377.5 273.7 213.3 203.9 187.3 267.4 281.5 272.2 205.5 328.3 200.9 248.9 264.6 235.5 288.6 98.3 155.8 296.8 227.3 171.3 106.1 345.2 244.9 212.8 184.8 522.5 186.7 140.7 139.3 306.1 172.3 171.2 241.0 275.1 161.7 344.4 193.9 331.9
2194.2 241.3 0.0 235.3 60.8 154.6 47.0 341.1 303.1 129.0 123.9 143.5 137.4 142.1 110.8 218.5 64.1 103.7 339.4 134.6 34.3 292.8 183.8 249.5 103.8 291.3 142.0 108.4 130.0 294.3 131.6 132.0 116.5 42.3 342.7 269.0 97.0 81.5 256.4 137.5 214.8 76.9 231.4 248.9 195.7 14.4 229.1 93.5 135.0 137.9 326.2 115.1 125.0 178.7 244.3 159.7 350.9 217.5 213.0 331.4 207.9 254.3 153.9 195.5 185.4 99.7 142.5 133.2 64.5 133.3 20.5 208.2 204.5 244.4 81.1 220.4 219.2 183.8 132.8 295.1 71.0 160.4 101.7 247.6 100.4 215.8 146.2 315.8 82.7 328.2 81.5 340.0 115.4 170.8 200.9 103.5 257.4 247.3 197.8 183.5 20.5 308.6 134.6 53.0 341.7 37.8 94.0 125.3 124.9 342.8 254.8 150.6 172.3 89.2 166.0 180.1 100.3 144.5 171.1 205.6 159.2 124.7 131.6 323.7 155.6 202.4 209.5 174.1 124.5 257.5 162.4 84.7 44.4 73.7 108.1 263.3 215.0 165.3 132.5 295.8 203.7 199.5 106.6 152.4 95.9 305.0 222.2 119.3
2145.8 105.0 248.2 0.0 220.8 231.3 247.4 266.7 107.0 386.4 234.4 272.5 247.9 92.1 329.0 201.1 264.5 186.8 254.3 335.0 282.6 220.5 41.0 14.1 304.2 198.0 252.5 109.1 166.7 164.0 379.9 98.8 227.0 290.6 257.6 196.7 343.3 179.2 440.9 85.4 209.9 325.2 162.1 167.0 166.5 262.7 33.0 161.4 240.7 248.4 241.1 232.7 325.4 109.4 162.4 106.8 185.8 155.5 240.1 246.3 71.6 185.0 264.4 50.4 150.2 210.2 332.4 97.7 169.1 243.8 268.8 194.9 267.3 162.5 278.4 24.3 329.7 83.2 267.2 394.0 196.0 133.6 242.0 41.3 131.1 326.3 160.8 218.0 277.7 427.1 241.5 309.6 363.7 281.3 119.0 200.6 247.3 357.8 308.3 401.7 213.8 194.3 245.5 301.3 327.7 195.8 312.2 373.6 235.4 227.1 365.3 232.7 172.3 159.1 146.3 226.4 230.2 255.0 164.5 316.1 188.7 210.6 242.1 180.1 266.1 63.6 158.0 284.6 186.3 61.4 65.1 333.0 203.9 171.8 172.6 481.5 145.7 128.5 98.3 265.4 174.5 130.2 189.7 262.9 120.7 294.9 152.9 319.7
2177.6 224.7 51.6 233.4 0.0 206.3 50.8 380.7 301.2 189.8 107.3 195.2 120.8 125.5 162.5 201.9 67.9 143.3 391.1 138.4 86.0 332.4 167.2 247.6 107.6 323.5 125.4 106.5 128.1 326.5 183.3 171.6 99.9 94.0 394.4 308.6 148.7 107.4 308.1 135.6 266.5 128.6 254.4 281.1 179.1 66.1 227.2 91.6 186.7 121.3 377.9 154.7 128.8 218.3 276.5 143.1 380.0 200.9 264.7 383.1 191.3 293.9 137.3 178.9 225.0 83.1 135.8 172.8 104.1 116.7 72.2 259.9 227.2 276.6 132.8 218.5 202.6 176.7 116.2 346.8 96.0 143.8 153.4 245.7 140.0 199.2 185.8 348.0 134.4 379.9 20.6 391.7 167.1 154.2 233.1 86.9 309.1 230.7 181.2 235.2 60.1 340.8 157.3 104.7 393.4 77.4 145.7 177.0 108.3 382.4 238.2 173.3 224.0 87.3 217.7 219.7 139.9 127.9 210.7 189.0 128.3 164.3 115.0 355.9 139.0 185.8 192.9 157.5 176.2 255.6 160.5 136.4 27.8 71.8 92.2 315.0 254.2 148.7 172.1 347.5 187.1 239.1 146.2 135.8 94.0 356.7 261.8 123.1
2339.0 328.5 144.7 298.9 205.6 0.0 191.8 362.6 366.7 278.7 268.7 78.1 328.4 273.9 134.6 342.7 208.9 177.7 245.3 279.4 177.2 307.5 272.9 313.1 248.6 351.3 293.6 216.5 238.1 354.3 274.5 206.0 261.3 185.2 245.0 283.7 218.6 155.5 280.2 245.6 200.6 219.8 181.7 308.9 340.5 164.1 299.5 219.6 46.3 289.5 228.5 73.8 269.8 194.0 304.3 291.5 400.9 369.1 115.3 233.7 295.1 269.0 305.5 252.7 179.0 244.5 283.6 207.2 145.3 278.1 170.2 110.5 72.9 304.4 137.5 284.0 328.9 280.9 271.1 318.9 167.6 275.2 54.4 318.0 181.2 313.0 220.2 375.8 83.3 352.0 226.3 242.3 257.9 322.4 260.9 248.3 159.7 362.5 313.0 207.3 165.3 368.6 50.9 195.9 244.0 159.9 117.8 268.2 276.5 357.5 370.0 38.3 74.6 178.6 145.0 165.1 88.6 284.0 164.7 309.6 285.3 121.9 276.4 383.7 319.2 300.5 354.3 365.1 103.5 321.1 270.5 234.4 189.2 192.7 234.2 287.1 181.5 270.1 206.5 206.4 355.3 199.0 180.6 297.2 204.0 207.3 219.4 264.1
2207.8 269.4 41.4 248.9 74.4 196.1 0.0 370.5 316.7 138.9 137.5 185.0 151.0 155.7 152.3 232.1 17.0 133.1 380.9 87.5 75.8 322.2 197.4 263.1 56.7 320.7 155.6 122.0 143.6 323.7 173.1 161.4 130.1 83.8 384.2 298.4 138.5 110.9 297.9 151.1 256.3 118.4 244.2 278.3 209.3 55.9 242.7 107.1 176.5 151.5 367.7 144.5 77.9 208.1 273.7 173.3 380.3 231.1 254.5 372.9 221.5 283.7 167.5 209.1 214.8 113.3 84.9 162.6 93.9 146.9 62.0 249.7 217.0 273.8 122.6 234.0 232.8 197.4 146.4 336.6 100.4 174.0 143.2 261.2 129.8 229.4 175.6 345.2 124.2 369.7 95.1 381.5 148.7 184.4 230.3 117.1 298.9 260.9 211.4 225.0 49.9 338.0 147.1 94.5 383.2 67.2 135.5 166.8 138.5 372.2 268.4 163.1 213.8 102.8 207.5 209.5 129.7 158.1 200.5 219.2 172.8 154.1 145.2 353.1 169.2 216.0 223.1 187.7 166.0 271.1 176.0 126.2 58.0 87.3 121.7 304.8 244.0 178.9 161.9 337.3 217.3 228.9 136.0 166.0 109.5 346.5 251.6 72.2
2188.8 308.8 378.7 264.7 385.7 307.4 376.0 0.0 227.1 490.1 423.7 342.3 437.2 281.4 398.8 390.4 393.1 301.9 200.3 463.6 395.4 144.9 231.9 278.9 432.8 162.3 441.8 274.5 332.1 149.3 492.7 213.9 416.3 403.4 200.0 121.1 413.1 301.7 544.4 250.8 279.7 438.0 231.9 274.7 355.8 375.5 258.5 326.8 310.5 437.7 183.5 316.9 454.0 179.2 205.5 296.1 76.5 344.8 182.5 188.7 260.9 162.2 453.7 218.5 202.0 399.5 461.0 212.8 284.2 433.1 381.6 187.3 337.1 270.2 348.2 249.8 519.0 272.5 456.5 583.1 318.6 322.9 311.8 277.0 246.2 515.6 275.9 150.9 347.5 616.2 406.4 248.4 476.1 470.6 226.7 389.9 189.7 547.1 497.6 471.5 328.9 127.2 315.1 414.1 150.4 310.9 382.0 486.4 424.7 107.2 554.6 302.5 242.1 318.0 216.1 294.0 302.1 444.3 216.3 505.4 378.0 259.7 431.4 113.0 455.4 252.9 347.3 473.9 256.1 207.8 230.5 445.8 369.3 337.2 341.4 551.3 215.5 317.8 213.4 180.9 363.8 182.0 304.8 452.2 286.1 237.3 218.0 448.3
2140.1 187.2 315.9 86.9 288.5 299.0 315.1 273.7 0.0 454.1 302.1 340.2 315.6 159.8 396.7 268.8 332.2 254.5 261.3 402.7 350.3 227.5 108.7 101.1 371.9 205.0 320.2 176.8 234.4 171.0 447.6 166.5 294.7 358.3 264.6 203.7 411.0 246.9 508.6 153.1 277.6 392.9 229.8 246.6 234.2 330.4 97.5 229.1 308.4 316.1 248.1 300.4 393.1 177.1 207.2 174.5 192.8 223.2 247.1 253.3 139.3 244.8 332.1 118.1 217.9 277.9 400.1 165.4 236.8 311.5 336.5 251.9 335.0 228.8 346.1 73.3 397.4 150.9 334.9 461.7 263.7 201.3 309.7 109.0 198.8 394.0 228.5 225.0 345.4 494.8 309.2 316.6 431.4 349.0 186.7 268.3 254.3 425.5 376.0 469.4 281.5 201.3 313.2 369.0 334.7 263.5 379.9 441.3 303.1 234.1 433.0 300.4 240.0 226.8 214.0 294.1 297.9 322.7 232.2 383.8 256.4 278.3 309.8 187.1 333.8 131.3 225.7 352.3 254.0 74.7 132.8 400.7 271.6 239.5 240.3 549.2 213.4 196.2 166.0 272.4 242.2 197.9 257.4 330.6 188.4 301.9 220.6 387.4
2325.4 387.0 159.0 366.5 192.0 292.4 117.5 488.1 434.3 0.0 255.1 275.0 268.6 273.3 242.3 349.7 101.6 250.7 474.5 91.0 142.9 439.8 313.4 380.7 106.0 438.3 273.2 239.6 261.2 441.3 146.6 279.0 247.7 85.0 474.2 416.0 228.5 228.5 387.9 268.7 346.3 60.5 334.2 395.9 326.9 125.9 360.3 224.7 266.5 269.1 457.7 244.3 107.2 325.7 391.3 290.9 497.9 348.7 344.5 462.9 339.1 401.3 285.1 326.7 331.5 230.9 43.1 280.2 211.5 264.5 116.8 339.7 307.0 391.4 212.6 351.6 429.8 315.0 264.0 426.6 218.0 291.6 233.2 378.8 247.4 420.7 293.2 462.8 214.2 459.7 212.7 471.5 76.8 302.0 347.9 234.7 388.9 378.5 329.0 315.0 167.5 455.6 240.5 106.3 473.2 184.8 225.5 95.8 256.1 489.8 386.0 253.1 303.8 224.2 297.5 310.8 247.3 275.7 317.2 410.5 290.4 274.5 262.8 470.7 286.8 333.6 340.7 305.3 256.0 388.7 293.6 80.5 175.6 204.9 239.3 394.8 334.0 296.5 279.5 428.8 334.9 346.5 253.6 283.6 227.1 436.5 369.2 77.5
2204.6 248.2 110.1 232.9 82.7 264.8 109.3 409.3 364.2 248.3 0.0 253.7 86.4 134.5 221.0 221.3 126.4 237.2 456.2 196.9 144.5 361.0 176.2 247.1 166.1 346.9 73.0 178.3 199.9 349.9 241.8 236.3 65.5 152.5 459.5 337.2 207.2 179.2 279.4 207.4 347.4 187.1 299.6 304.5 206.1 124.6 226.7 115.1 245.2 86.9 443.0 213.2 187.3 246.9 299.9 152.1 406.5 227.9 323.2 448.2 200.3 322.5 102.9 187.9 287.7 30.7 194.3 235.2 206.7 82.3 130.7 318.4 285.7 300.0 191.3 218.0 168.2 185.7 143.2 232.5 178.0 153.8 211.9 245.2 233.0 164.8 278.8 371.4 192.9 265.6 103.4 450.2 225.6 119.8 256.5 113.9 367.6 196.3 146.8 293.7 118.6 364.2 215.8 163.2 451.9 135.9 204.2 235.5 73.9 411.0 203.8 231.8 309.8 159.1 283.8 278.2 198.4 93.5 302.0 154.6 137.3 222.8 7.6 379.3 104.6 194.8 219.9 123.1 234.7 255.1 202.6 194.9 64.4 153.8 101.2 373.5 283.2 148.7 235.8 406.0 214.1 267.7 240.1 101.4 165.8 415.2 290.4 181.6
2330.8 392.4 136.5 294.5 197.4 101.0 183.6 330.3 362.3 263.7 260.5 0.0 313.4 278.7 126.4 355.1 200.7 240.3 285.8 271.2 169.0 303.1 320.4 308.7 240.4 344.8 278.6 245.0 266.6 331.8 266.3 268.6 253.1 177.0 289.1 279.3 199.4 218.1 272.0 274.1 267.3 211.6 255.2 304.5 332.3 149.1 288.3 230.1 81.4 274.5 272.6 165.3 261.6 189.6 299.9 296.3 400.8 354.1 159.4 277.8 344.5 264.6 290.5 332.1 252.5 236.3 268.6 269.8 201.1 269.9 155.2 154.6 92.6 300.0 133.6 279.6 313.9 320.4 269.4 310.7 207.6 297.0 39.4 306.8 237.0 304.8 282.8 353.3 75.1 343.8 218.1 286.4 250.1 307.4 256.5 240.1 203.8 354.3 304.8 199.1 157.1 346.1 158.1 187.7 288.1 174.4 109.6 260.0 261.5 332.0 361.8 174.1 118.7 225.8 218.5 231.8 180.1 281.1 238.2 294.6 295.8 210.6 268.2 361.2 311.0 339.0 346.1 350.1 177.0 316.7 299.0 219.4 181.0 210.3 244.7 278.9 154.2 301.9 269.1 242.2 340.3 272.5 243.2 289.0 232.5 251.4 219.7 255.9
2215.6 259.2 121.1 243.9 93.7 282.1 120.3 420.3 375.2 259.3 63.9 264.7 0.0 145.5 232.0 232.3 137.4 248.2 467.2 207.9 155.5 372.0 185.6 258.1 177.1 357.9 102.0 189.3 210.9 360.9 252.8 247.3 11.0 163.5 470.5 348.2 218.2 190.2 229.5 218.4 358.4 198.1 310.6 315.5 217.1 135.6 237.7 126.1 256.2 57.3 454.0 224.2 198.3 257.9 310.9 163.1 417.5 238.9 334.2 459.2 211.3 333.5 92.5 198.9 298.7 59.7 205.3 246.2 217.7 71.9 141.7 329.4 296.7 311.0 202.3 229.0 118.3 196.7 154.2 182.6 189.0 164.8 222.9 256.2 244.0 114.9 289.8 382.4 203.9 215.7 114.4 461.2 236.6 80.8 267.5 124.9 378.6 146.4 96.9 304.7 129.6 375.2 226.8 174.2 462.9 146.9 215.2 246.5 43.5 422.0 153.9 242.8 320.8 173.9 294.8 289.2 209.4 25.6 313.0 104.7 148.3 233.8 71.6 390.3 65.2 205.8 230.9 36.6 245.7 266.1 213.6 205.9 75.4 164.8 112.2 336.0 294.2 159.7 246.8 418.5 225.1 278.7 251.1 51.5 176.8 426.2 296.7 192.6
2139.9 113.6 156.0 98.3 128.6 234.2 155.2 274.7 229.6 294.2 142.2 275.4 155.7 0.0 266.9 108.9 172.3 144.8 321.6 242.8 190.4 226.4 41.6 112.5 212.0 212.3 160.3 89.4 125.0 215.3 287.7 101.7 134.8 198.4 324.9 202.6 253.1 137.5 348.7 88.3 212.8 233.0 165.0 169.9 142.4 170.5 92.1 94.3 243.6 156.2 308.4 203.0 233.2 112.3 165.3 17.5 271.9 149.6 202.6 313.6 65.7 187.9 172.2 53.3 153.1 118.0 240.2 100.6 127.1 151.6 176.6 197.8 270.2 165.4 281.3 83.4 237.5 51.1 175.0 301.8 154.3 41.4 244.9 110.6 134.0 234.1 163.7 236.8 280.6 334.9 149.3 329.6 271.5 189.1 121.9 108.4 314.6 265.6 216.1 339.6 171.8 229.6 222.5 209.1 331.3 153.8 250.1 281.4 143.2 276.4 273.1 235.6 175.2 117.4 149.2 229.3 188.2 162.8 167.4 223.9 96.5 213.5 149.9 244.7 173.9 60.2 156.2 192.4 189.2 120.5 68.0 240.8 110.3 130.1 80.4 419.4 148.6 36.3 101.2 285.4 150.4 133.1 147.7 170.7 79.0 362.2 155.8 227.5
2311.6 368.6 117.3 324.5 178.2 131.0 164.4 360.3 392.3 244.5 285.4 119.9 238.0 259.5 0.0 335.9 181.5 221.1 315.8 252.0 149.8 333.1 290.1 338.7 221.2 374.8 259.4 225.8 247.4 361.8 247.1 249.4 232.5 157.8 319.1 309.3 231.4 198.9 196.6 254.9 267.5 192.4 218.5 334.5 313.1 129.9 318.3 210.9 111.4 278.8 302.6 151.9 242.4 219.6 329.9 277.1 430.8 334.9 189.4 307.8 320.7 294.6 314.0 278.3 252.7 217.1 249.4 250.6 181.9 293.4 136.0 184.6 122.6 330.0 133.8 309.6 238.5 301.2 250.2 235.3 188.4 277.8 78.1 336.8 217.8 229.4 263.6 383.3 112.1 268.4 198.9 316.4 230.9 302.3 286.5 220.9 233.8 278.9 229.4 72.6 137.9 376.1 132.4 168.5 318.1 155.2 34.2 240.8 265.0 362.0 286.4 116.4 148.7 206.6 218.7 232.0 166.7 265.1 238.4 219.2 276.6 197.2 293.1 391.2 235.6 319.8 326.9 274.7 177.2 346.7 279.8 200.2 161.8 191.1 225.5 155.0 184.2 282.7 249.9 272.2 321.1 272.7 224.0 252.4 213.3 281.4 249.7 236.7
2151.8 209.2 233.9 222.8 206.5 358.7 233.1 399.2 337.4 372.1 229.4 366.8 242.9 129.3 344.8 0.0 250.2 214.0 440.3 320.7 268.3 350.9 166.1 237.0 289.9 336.8 247.5 158.6 194.2 339.8 365.6 226.2 222.0 276.3 443.6 327.1 331.0 206.7 435.9 187.7 337.3 310.9 289.5 294.4 77.9 248.4 216.6 180.6 335.0 243.4 427.1 272.2 311.1 236.8 289.8 146.9 390.3 99.7 327.1 432.3 175.8 312.4 259.4 177.8 277.6 205.2 318.1 225.1 196.3 238.8 254.5 322.3 361.6 289.9 342.6 207.9 324.7 179.0 179.6 389.0 223.5 75.4 336.3 235.1 209.8 321.3 255.6 361.3 363.3 422.1 227.2 454.1 349.4 276.3 246.4 113.0 433.3 352.8 303.3 417.5 241.0 354.1 291.7 287.0 455.8 223.0 328.0 359.3 230.4 400.9 360.3 307.7 299.7 186.6 273.7 337.2 257.4 250.0 291.9 311.1 172.3 281.8 237.1 369.2 261.1 184.7 91.7 279.6 313.7 318.1 192.5 318.7 231.4 199.3 166.7 497.3 273.1 80.3 225.7 409.9 85.9 257.6 216.9 257.9 148.2 480.9 280.3 305.4
2223.7 285.3 57.3 264.8 90.3 212.0 15.8 386.4 332.6 121.8 153.4 200.9 166.9 171.6 168.2 248.0 0.0 149.0 396.8 70.4 91.7 338.1 213.3 279.0 39.6 336.6 171.5 137.9 159.5 339.6 189.0 177.3 146.0 99.7 400.1 314.3 154.4 126.8 313.8 167.0 272.2 132.7 260.1 294.2 225.2 71.8 258.6 123.0 192.4 167.4 383.6 160.4 60.8 224.0 289.6 189.2 396.2 247.0 270.4 388.8 237.4 299.6 183.4 225.0 230.7 129.2 67.8 178.5 109.8 162.8 77.9 265.6 232.9 289.7 138.5 249.9 248.7 213.3 162.3 352.5 116.3 189.9 159.1 277.1 145.7 245.3 191.5 361.1 140.1 385.6 111.0 397.4 131.6 200.3 246.2 133.0 314.8 276.8 227.3 240.9 65.8 353.9 163.0 110.4 399.1 83.1 151.4 168.0 154.4 388.1 284.3 179.0 229.7 118.7 223.4 225.4 145.6 174.0 216.4 235.1 188.7 170.0 161.1 369.0 185.1 231.9 239.0 203.6 181.9 287.0 191.9 142.1 73.9 103.2 137.6 320.7 259.9 194.8 177.8 353.2 233.2 244.8 151.9 181.9 125.4 362.4 267.5 55.1
2269.7 233.2 107.5 203.6 136.3 265.3 122.5 305.8 271.4 236.6 199.4 201.2 212.9 164.6 257.7 233.4 139.6 0.0 352.7 210.1 141.9 257.5 169.2 217.8 179.3 256.0 217.5 109.2 130.8 259.0 239.2 96.7 192.0 149.9 356.0 233.7 241.9 48.2 403.3 138.3 243.9 184.5 196.1 213.6 266.9 122.0 197.4 112.3 169.4 213.4 339.5 106.6 200.5 143.4 209.0 182.2 315.6 283.7 233.7 344.7 199.8 219.0 229.4 157.4 176.9 175.2 207.5 97.9 30.7 208.8 128.1 228.9 196.0 209.1 177.0 188.7 294.7 171.6 208.3 359.0 65.1 165.9 170.7 215.9 65.1 291.3 110.9 280.5 197.7 392.1 157.0 360.7 223.0 246.3 165.6 179.0 345.7 322.8 273.3 330.4 75.4 273.3 126.1 160.6 362.4 57.4 240.9 232.9 200.4 307.5 330.3 142.1 206.3 68.3 180.3 171.6 91.8 220.0 162.6 281.1 178.0 116.2 207.1 288.4 231.1 191.2 280.7 249.6 163.0 225.8 163.2 192.3 119.9 90.2 126.9 410.2 179.7 160.8 97.2 316.5 274.9 164.2 20.3 227.9 96.7 393.3 186.9 194.8
2210.4 320.7 339.7 241.6 400.6 238.2 386.8 169.4 248.7 466.9 456.8 273.1 474.8 314.5 329.6 423.5 403.9 341.5 0.0 474.4 372.2 184.5 265.0 255.8 443.6 183.9 474.9 314.1 371.7 170.9 469.5 253.5 449.4 380.2 3.3 160.7 413.6 350.5 475.2 290.4 282.2 414.8 209.4 266.5 388.9 352.3 256.7 366.4 241.3 475.3 14.6 268.8 464.8 210.5 227.1 329.2 214.5 377.9 130.7 9.8 270.9 201.8 491.3 258.1 241.6 432.6 476.3 252.4 338.0 466.2 362.9 135.5 267.9 248.7 332.5 228.0 521.6 305.6 517.8 513.9 362.6 356.0 242.6 268.2 290.3 512.5 315.5 192.4 278.3 547.0 421.3 200.2 452.9 508.2 249.8 423.0 137.9 557.5 508.0 402.3 360.3 185.2 245.9 390.9 288.4 354.9 312.8 463.2 457.8 171.1 565.0 233.3 172.9 371.3 218.6 298.7 283.6 472.1 255.9 497.8 411.1 299.3 464.5 200.3 514.2 286.0 380.4 507.0 258.6 233.9 270.1 427.1 384.2 387.7 381.0 482.1 175.1 350.9 253.0 162.0 401.4 221.6 344.4 485.3 325.7 185.5 235.9 459.1
2289.0 336.1 122.6 330.1 155.6 277.3 81.1 451.7 397.9 126.0 218.7 266.2 232.2 236.9 233.5 313.3 65.2 214.3 462.1 0.0 157.0 403.4 278.6 344.3 69.6 401.9 236.8 203.2 224.8 404.9 205.2 242.6 211.3 161.4 465.4 379.6 219.7 192.1 379.1 232.3 337.5 136.9 325.4 359.5 290.5 137.1 323.9 188.3 257.7 232.7 448.9 225.7 70.8 289.3 354.9 254.5 461.5 312.3 335.7 454.1 302.7 364.9 248.7 290.3 296.0 194.5 72.0 243.8 175.1 228.1 143.2 330.9 298.2 355.0 203.8 315.2 314.0 278.6 227.6 417.8 181.6 255.2 224.4 342.4 211.0 310.6 256.8 426.4 205.4 450.9 176.3 462.7 135.8 265.6 311.5 198.3 380.1 342.1 292.6 306.2 131.1 419.2 228.3 164.9 464.4 148.4 216.7 172.2 219.7 453.4 349.6 244.3 295.0 184.0 288.7 290.7 210.9 239.3 281.7 300.4 254.0 235.3 226.4 434.3 250.4 297.2 304.3 268.9 247.2 352.3 257.2 156.9 139.2 168.5 202.9 386.0 325.2 260.1 243.1 418.5 298.5 310.1 217.2 247.2 190.7 427.7 332.8 59.3
2255.8 317.4 61.5 296.9 122.4 194.3 108.6 402.7 364.7 125.8 185.5 183.2 199.0 203.7 150.5 280.1 197.8 165.3 379.1 187.2 0.0 354.4 245.4 311.1 202.2 352.9 203.6 170.0 191.6 355.9 128.4 193.6 178.1 39.1 382.4 330.6 136.7 143.1 296.1 199.1 254.5 73.7 242.4 310.5 257.3 34.1 290.7 155.1 174.7 199.5 365.9 152.5 203.4 240.3 305.9 221.3 412.5 279.1 252.7 371.1 269.5 315.9 215.5 257.1 239.7 161.3 139.3 194.8 126.1 194.9 17.3 247.9 215.2 306.0 120.8 282.0 338.0 245.4 194.4 334.8 132.6 222.0 141.4 309.2 162.0 328.9 207.8 377.4 122.4 367.9 143.1 379.7 112.2 232.4 262.5 165.1 297.1 378.4 328.9 223.2 82.1 370.2 145.3 49.8 381.4 99.4 133.7 122.1 186.5 404.4 385.9 161.3 212.0 150.8 205.7 219.0 161.9 206.1 225.4 318.7 220.8 186.3 193.2 385.3 217.2 264.0 271.1 235.7 164.2 319.1 224.0 81.5 106.0 135.3 169.7 303.0 242.2 226.9 194.1 335.5 265.3 259.7 168.2 214.0 157.5 344.7 283.8 173.7
2182.6 259.2 329.1 215.1 336.1 257.5 326.4 123.6 220.9 440.5 374.1 298.7 387.6 231.8 355.2 340.8 343.5 252.3 170.5 414.0 345.8 0.0 180.7 229.3 383.2 149.0 392.2 224.9 282.5 143.1 443.1 164.3 366.7 353.8 173.8 16.8 363.5 252.1 500.8 201.2 230.1 388.4 182.3 225.1 306.2 325.9 208.9 277.2 266.9 388.1 157.3 267.3 404.4 129.6 220.5 246.5 168.7 295.2 156.3 162.5 211.3 112.6 404.1 168.9 152.4 349.9 411.4 163.2 234.6 383.5 332.0 161.1 293.5 220.6 298.6 200.2 469.4 222.9 406.9 539.5 269.0 273.3 268.2 227.4 196.6 466.0 226.3 164.6 303.9 572.6 356.8 225.8 426.9 421.0 177.1 340.3 163.5 497.5 448.0 427.9 279.3 157.4 274.9 364.5 242.6 261.3 338.4 436.8 375.1 125.3 505.0 258.9 198.5 272.2 166.5 244.4 252.5 394.7 166.7 455.8 328.4 212.8 381.8 205.2 405.8 203.3 297.7 424.3 206.5 237.3 180.9 396.2 319.7 287.6 291.8 507.7 165.9 268.2 163.8 181.6 314.2 132.4 255.2 402.6 236.5 211.1 173.1 398.7
2103.1 62.3 195.8 58.2 183.1 194.1 195.0 234.6 192.8 334.0 191.7 235.3 205.2 49.4 291.8 158.4 212.1 149.6 299.3 282.6 230.2 186.3 0.0 72.4 251.8 172.2 209.8 71.9 129.5 175.2 327.5 61.6 184.3 238.2 299.0 162.5 306.1 142.0 437.4 48.2 172.7 272.8 124.9 129.8 123.8 210.3 52.0 124.2 203.5 205.7 282.5 195.5 273.0 72.2 125.2 63.3 243.4 112.8 162.5 287.7 28.9 147.8 221.7 13.2 113.0 167.5 280.0 60.5 131.9 201.1 216.4 157.7 230.1 125.3 241.2 43.3 287.0 39.7 224.5 351.3 158.8 90.9 204.8 70.5 93.9 283.6 123.6 196.7 240.5 384.4 203.8 289.5 310.9 238.6 81.8 157.9 288.7 315.1 265.6 364.5 176.6 189.5 208.3 248.9 291.2 158.6 275.0 321.2 192.7 236.3 322.6 195.5 135.1 125.7 109.1 189.2 193.0 212.3 127.3 273.4 146.0 170.7 199.4 204.6 223.4 20.1 115.3 241.9 149.1 80.4 27.9 280.6 166.7 134.6 138.8 444.3 108.5 85.8 61.1 246.8 131.8 93.0 152.5 220.2 83.5 336.3 115.7 267.3
2162.3 136.0 264.7 16.4 237.3 247.8 263.9 283.2 123.5 402.9 250.9 289.0 264.4 108.6 345.5 217.6 281.0 203.3 270.8 351.5 299.1 237.0 57.5 0.0 320.7 214.5 269.0 125.6 183.2 180.5 396.4 115.3 243.5 307.1 274.1 213.2 359.8 195.7 457.4 101.9 226.4 341.7 178.6 183.5 183.0 279.2 49.5 177.9 257.2 264.9 257.6 249.2 341.9 125.9 178.9 123.3 202.3 172.0 256.6 262.8 88.1 201.5 280.9 66.9 166.7 226.7 348.9 114.2 185.6 260.3 285.3 211.4 283.8 179.0 294.9 40.8 346.2 99.7 283.7 410.5 212.5 150.1 258.5 57.8 147.6 342.8 177.3 234.5 294.2 443.6 258.0 326.1 380.2 297.8 135.5 217.1 263.8 374.3 324.8 418.2 230.3 210.8 262.0 317.8 344.2 212.3 328.7 390.1 251.9 243.6 381.8 249.2 188.8 175.6 162.8 242.9 246.7 271.5 181.0 332.6 205.2 227.1 258.6 196.6 282.6 80.1 174.5 301.1 202.8 77.9 81.6 349.5 220.4 188.3 189.1 498.0 162.2 145.0 114.8 281.9 191.0 146.7 206.2 279.4 137.2 311.4 169.4 336.2
2286.9 348.5 120.5 328.0 153.5 275.2 79.0 449.6 395.8 129.7 216.6 264.1 230.1 234.8 231.4 311.2 63.1 212.2 460.0 78.3 154.9 401.3 276.5 342.2 0.0 399.8 234.7 201.1 222.7 402.8 208.9 240.5 209.2 162.9 463.3 377.5 217.6 190.0 377.0 230.2 335.4 140.6 323.3 357.4 288.4 135.0 321.8 186.2 255.6 230.6 446.8 223.6 68.7 287.2 352.8 252.4 459.4 310.2 333.6 452.0 300.6 362.8 246.6 288.2 293.9 192.4 75.7 241.7 173.0 226.0 141.1 328.8 296.1 352.9 201.7 313.1 311.9 276.5 225.5 415.7 179.5 253.1 222.3 340.3 208.9 308.5 254.7 424.3 203.3 448.8 174.2 460.6 139.5 263.5 309.4 196.2 378.0 340.0 290.5 304.1 129.0 417.1 226.2 168.6 462.3 146.3 214.6 175.9 217.6 451.3 347.5 242.2 292.9 181.9 286.6 288.6 208.8 237.2 279.6 298.3 251.9 233.2 224.3 432.2 248.3 295.1 302.2 266.8 245.1 350.2 255.1 160.6 137.1 166.4 200.8 383.9 323.1 258.0 241.0 416.4 296.4 308.0 215.1 245.1 188.6 425.6 330.7 63.0
2168.6 240.6 319.9 211.0 332.0 278.9 334.9 169.4 206.9 449.0 370.0 320.1 383.5 227.7 376.6 336.7 352.0 260.8 191.9 422.5 354.3 137.3 176.6 225.2 391.7 0.0 388.1 220.8 278.4 111.1 451.6 172.8 362.6 362.3 195.2 113.5 405.5 260.6 522.2 197.1 272.1 396.9 224.3 169.7 302.1 334.4 204.8 273.1 288.3 384.0 178.7 309.3 412.9 171.6 130.3 242.4 167.7 291.1 177.7 183.9 207.2 154.6 400.0 164.8 194.4 345.8 419.9 171.7 243.1 379.4 340.5 182.5 314.9 151.9 340.6 196.1 465.3 218.8 402.8 529.6 277.5 269.2 289.6 223.3 205.1 461.9 234.8 132.6 325.3 562.7 352.7 247.2 435.4 416.9 153.0 336.2 184.9 493.4 443.9 449.3 287.8 125.4 296.3 373.0 288.4 269.8 359.8 445.3 371.0 171.1 500.9 280.3 219.9 270.8 208.5 286.4 294.5 390.6 208.7 451.7 324.3 254.8 377.7 140.5 401.7 199.2 293.6 420.2 248.5 187.6 176.8 404.7 315.6 283.5 287.7 529.1 222.1 264.1 172.3 203.0 310.1 174.4 263.7 398.5 232.4 232.5 215.1 407.2
2229.1 272.7 134.6 257.4 107.2 289.3 133.8 433.8 388.7 272.8 59.4 278.2 90.9 159.0 245.5 245.8 150.9 261.7 480.7 221.4 169.0 385.5 199.1 271.6 190.6 371.4 0.0 202.8 224.4 374.4 266.3 260.8 70.0 177.0 484.0 361.7 247.9 203.7 283.9 231.9 371.9 211.6 324.1 329.0 230.6 149.1 251.2 139.6 269.7 91.4 467.5 237.7 211.8 271.4 324.4 176.6 431.0 252.4 347.7 472.7 224.8 347.0 107.4 212.4 312.2 30.3 218.8 259.7 231.2 86.8 155.2 342.9 310.2 324.5 215.8 242.5 172.7 210.2 161.2 237.0 202.5 178.3 236.4 269.7 257.5 169.3 303.3 395.9 217.4 270.1 127.9 474.7 249.7 124.3 281.0 138.4 392.1 200.8 151.3 318.2 143.1 388.7 240.3 187.7 476.4 160.4 228.7 260.0 78.4 435.5 208.3 256.3 334.3 187.4 308.3 302.7 222.9 98.0 326.5 159.1 161.8 250.1 67.1 403.8 109.1 219.3 244.4 127.6 259.2 279.6 227.1 219.4 88.9 178.3 125.7 390.4 307.7 173.2 260.3 432.0 238.6 292.2 264.6 105.9 190.3 439.7 314.9 206.1
2197.2 170.9 123.8 126.8 111.1 238.8 123.0 279.3 194.6 262.0 181.6 247.5 195.1 70.3 234.7 139.1 140.1 95.3 326.2 210.6 158.2 231.0 92.4 141.0 179.8 216.9 199.7 0.0 57.5 219.9 255.5 106.3 174.2 166.2 329.5 207.2 220.9 70.0 380.3 29.1 217.4 200.8 169.6 174.5 172.6 138.3 120.6 52.2 215.7 195.6 313.0 152.9 201.0 116.9 169.9 87.9 273.4 194.4 207.2 318.2 123.0 192.5 211.6 80.6 157.7 157.4 208.0 105.2 77.6 191.0 144.4 202.4 242.3 170.0 223.3 111.9 276.9 77.3 205.2 341.2 86.8 71.6 217.0 139.1 91.1 273.5 136.9 241.4 244.0 374.3 131.8 334.2 239.3 228.5 126.5 138.6 319.2 305.0 255.5 307.4 121.7 234.2 172.4 176.9 335.9 103.7 217.9 249.2 182.6 281.0 312.5 188.4 179.8 49.9 153.8 217.9 138.1 202.2 172.0 263.3 117.9 162.5 189.3 249.3 213.3 96.9 186.4 231.8 193.8 149.0 53.9 208.6 94.7 62.6 66.8 387.2 153.2 66.5 105.8 290.0 180.6 137.7 98.2 210.1 11.5 366.8 160.4 195.3
2260.0 242.4 139.3 198.3 126.6 310.3 138.5 350.8 266.1 277.5 197.1 263.0 210.6 139.8 250.2 208.6 155.6 144.8 397.7 226.1 173.7 302.5 163.9 212.5 195.3 288.4 215.2 71.4 0.0 291.4 271.0 172.2 189.7 181.7 401.0 278.7 236.4 85.5 395.8 100.5 288.9 216.3 241.1 246.0 242.1 153.8 192.1 67.7 231.2 211.1 384.5 168.4 216.5 188.4 241.4 157.4 344.9 263.9 278.7 389.7 194.5 264.0 227.1 152.1 229.2 172.9 223.5 173.4 113.0 206.5 159.9 273.9 257.8 241.5 238.8 183.4 292.4 146.8 228.5 356.7 102.3 141.1 232.5 210.6 140.6 289.0 186.4 312.9 259.5 389.8 147.3 405.7 254.8 244.0 198.0 161.9 390.7 320.5 271.0 322.9 137.2 305.7 187.9 192.4 407.4 119.2 233.4 264.7 198.1 352.5 328.0 203.9 251.3 65.4 225.3 233.4 153.6 217.7 224.4 278.8 133.4 178.0 204.8 320.8 228.8 166.4 255.9 247.3 224.8 220.5 125.4 224.1 110.2 78.1 82.3 402.7 224.7 136.0 172.7 361.5 250.1 209.2 147.7 225.6 58.9 438.3 231.9 210.8
2112.9 236.4 301.2 192.3 313.3 286.6 316.2 173.5 151.2 430.3 351.3 327.8 364.8 209.0 384.3 318.0 333.3 242.1 183.7 403.8 335.6 149.9 157.9 206.5 373.0 109.4 369.4 202.1 259.7 0.0 432.9 154.1 343.9 343.6 187.0 126.1 398.6 241.9 529.9 178.4 265.2 378.2 217.4 151.0 283.4 315.7 186.1 254.4 296.0 365.3 170.5 288.0 394.2 164.7 111.6 223.7 92.6 272.4 169.5 175.7 188.5 167.2 381.3 146.1 205.5 327.1 401.2 153.0 224.4 360.7 321.8 174.3 322.6 133.2 333.7 130.5 446.6 200.1 384.1 510.9 258.8 250.5 297.3 204.6 186.4 443.2 216.1 57.5 333.0 544.0 334.0 315.5 416.7 398.2 134.3 317.5 176.7 474.7 425.2 457.0 269.1 50.3 300.8 354.3 234.5 251.1 367.5 426.6 352.3 229.3 482.2 288.0 227.6 252.1 201.6 281.7 285.5 371.9 219.8 433.0 305.6 265.9 359.0 65.4 383.0 180.5 274.9 401.5 241.6 131.9 158.1 386.0 296.9 264.8 269.0 536.8 201.0 245.4 153.6 266.5 291.4 185.5 245.0 379.8 213.7 224.3 208.2 388.5
2317.4 379.0 123.1 358.5 184.0 255.9 203.2 464.3 426.3 133.1 247.1 244.8 260.6 265.3 212.1 341.7 187.3 226.9 440.7 176.7 112.7 416.0 307.0 372.7 191.7 414.5 265.2 231.6 253.2 417.5 0.0 255.2 239.7 97.5 444.0 392.2 198.3 204.7 357.7 260.7 316.1 132.1 304.0 372.1 318.9 95.7 352.3 216.7 236.3 261.1 427.5 214.1 192.9 301.9 367.5 282.9 474.1 340.7 314.3 432.7 331.1 377.5 277.1 318.7 301.3 222.9 128.8 256.4 187.7 256.5 86.6 309.5 276.8 367.6 182.4 343.6 399.6 307.0 256.0 396.4 194.2 283.6 203.0 370.8 223.6 390.5 269.4 439.0 184.0 429.5 204.7 441.3 98.3 294.0 324.1 226.7 358.7 440.0 390.5 284.8 143.7 431.8 206.9 54.2 443.0 161.0 195.3 179.3 248.1 466.0 447.5 222.9 273.6 212.4 267.3 280.6 223.5 267.7 287.0 380.3 282.4 247.9 254.8 446.9 278.8 325.6 332.7 297.3 225.8 380.7 285.6 139.9 167.6 196.9 231.3 364.6 303.8 288.5 255.7 397.1 326.9 321.3 229.8 275.6 219.1 406.3 345.4 163.2
2177.2 136.4 147.0 106.8 175.8 168.5 162.0 209.0 174.6 276.1 238.9 209.7 252.4 123.5 266.2 232.0 179.1 87.9 255.9 249.6 181.4 160.7 72.4 121.0 218.8 159.2 257.0 112.8 168.4 162.2 278.7 0.0 231.5 189.4 259.2 136.9 280.5 87.7 411.8 92.9 147.1 224.0 99.3 116.8 197.9 161.5 100.6 151.8 177.9 252.9 242.7 146.1 240.0 46.6 112.2 138.2 218.8 186.9 136.9 247.9 103.0 122.2 268.9 60.6 87.4 214.7 247.0 1.2 70.2 248.3 167.6 132.1 204.5 112.3 215.6 91.9 334.2 114.6 247.8 398.5 104.6 164.5 179.2 119.1 32.2 330.8 61.9 183.7 214.9 431.6 196.5 263.9 262.5 285.8 68.8 218.5 248.9 362.3 312.8 338.9 114.9 176.5 165.6 200.1 265.6 96.9 249.4 272.4 239.9 210.7 369.8 169.9 109.5 107.8 83.5 163.6 131.3 259.5 101.7 320.6 217.5 147.8 246.6 191.6 270.6 95.0 189.4 289.1 123.5 129.0 72.6 231.8 159.4 129.7 166.4 418.7 82.9 159.4 0.5 219.7 205.9 67.4 90.8 267.4 122.4 296.5 90.1 234.3
2239.9 248.1 110.0 232.8 82.6 264.7 109.2 409.2 364.1 248.2 52.8 253.6 20.8 134.4 220.9 221.2 126.3 237.1 456.1 196.8 144.4 360.9 176.1 247.0 166.0 346.8 90.9 178.2 199.8 349.8 241.7 236.2 0.0 152.4 459.4 337.1 207.1 179.1 213.8 207.3 347.3 187.0 299.5 304.4 206.0 124.5 226.6 115.0 245.1 46.2 442.9 213.1 187.2 246.8 299.8 152.0 406.4 227.8 323.1 448.1 200.2 322.4 81.4 187.8 287.6 48.6 194.2 235.1 206.6 60.8 130.6 318.3 285.6 299.9 191.2 217.9 102.6 185.6 143.1 166.9 177.9 153.7 211.8 245.1 232.9 99.2 278.7 371.3 192.8 200.0 103.3 450.1 225.5 69.7 256.4 113.8 367.5 130.7 81.2 293.6 118.5 364.1 215.7 163.1 451.8 135.8 204.1 235.4 32.4 410.9 138.2 231.7 309.7 159.0 283.7 278.1 198.3 27.9 301.9 89.0 137.2 222.7 60.5 379.2 39.0 194.7 219.8 57.5 234.6 255.0 202.5 194.8 64.3 153.7 101.1 320.3 283.1 148.6 235.7 405.9 214.0 267.6 240.0 35.8 165.7 415.1 290.3 181.5
2262.5 324.1 68.2 303.6 129.1 201.0 174.5 409.4 371.4 86.6 192.2 189.9 205.7 210.4 157.2 286.8 158.6 172.0 385.8 148.0 57.8 361.1 252.1 317.8 163.0 359.6 210.3 176.7 198.3 362.6 111.9 200.3 184.8 0.0 389.1 337.3 143.4 149.8 302.8 205.8 261.2 34.5 249.1 317.2 264.0 40.8 297.4 161.8 181.4 206.2 372.6 159.2 164.2 247.0 312.6 228.0 419.2 285.8 259.4 377.8 276.2 322.6 222.2 263.8 246.4 168.0 100.1 201.5 132.8 201.6 31.7 254.6 221.9 312.7 127.5 288.7 344.7 252.1 201.1 341.5 139.3 228.7 148.1 315.9 168.7 335.6 214.5 384.1 129.1 374.6 149.8 386.4 95.7 239.1 269.2 171.8 303.8 385.1 335.6 229.9 88.8 376.9 152.0 33.3 388.1 106.1 140.4 82.9 193.2 411.1 392.6 168.0 218.7 157.5 212.4 225.7 168.6 212.8 232.1 325.4 227.5 193.0 199.9 392.0 223.9 270.7 277.8 242.4 170.9 325.8 230.7 42.3 112.7 142.0 176.4 309.7 248.9 233.6 200.8 342.2 272.0 266.4 174.9 220.7 164.2 351.4 290.5 134.5
2214.6 320.4 343.9 245.8 404.8 236.1 391.0 173.6 252.9 471.1 461.0 277.3 474.5 318.7 333.8 427.7 408.1 345.7 4.1 478.6 376.4 188.7 267.6 260.0 447.8 188.1 479.1 318.3 375.9 175.1 473.7 257.7 453.6 384.4 0.0 164.9 401.6 354.7 479.4 294.6 286.4 419.0 213.6 270.7 393.1 356.5 256.4 370.6 245.5 475.0 18.8 273.0 469.0 214.7 231.3 333.4 218.7 382.1 134.9 13.9 275.1 206.0 491.0 262.3 245.8 436.8 476.0 256.6 337.7 470.4 362.6 139.7 272.1 252.9 336.7 232.2 521.3 309.8 528.5 518.1 366.8 360.2 246.8 267.9 290.0 512.2 319.7 196.6 282.5 551.2 425.5 204.4 457.5 507.9 254.0 427.2 142.1 561.7 512.2 406.5 364.5 189.4 253.5 395.1 292.6 359.1 317.0 467.4 462.0 175.3 569.2 237.5 177.1 374.8 222.8 302.9 287.8 481.6 260.1 502.0 415.3 306.2 468.7 204.5 518.4 290.2 384.6 511.2 262.8 233.6 274.3 426.8 388.4 391.9 385.2 486.3 179.3 355.1 257.2 160.2 401.1 225.8 348.6 489.5 329.9 189.7 244.8 463.3
2165.7 242.3 312.2 198.2 319.2 240.6 309.5 106.7 204.0 423.6 357.2 281.8 370.7 214.9 338.3 323.9 326.6 235.4 153.6 397.1 328.9 23.8 163.8 212.4 366.3 132.1 375.3 208.0 265.6 126.2 426.2 147.4 349.8 336.9 156.9 0.0 346.6 235.2 483.9 184.3 213.2 371.5 165.4 208.2 289.3 309.0 192.0 260.3 250.0 371.2 140.4 250.4 387.5 112.7 203.6 229.6 151.8 278.3 139.4 145.6 194.4 95.7 387.2 152.0 135.5 333.0 394.5 146.3 217.7 366.6 315.1 144.2 276.6 203.7 281.7 183.3 452.5 206.0 390.0 522.6 252.1 256.4 251.3 210.5 179.7 449.1 209.4 147.7 287.0 555.7 339.9 208.9 410.0 404.1 160.2 323.4 146.6 480.6 431.1 411.0 262.4 140.5 258.0 347.6 225.7 244.4 321.5 419.9 358.2 108.4 488.1 242.0 181.6 255.3 149.6 227.5 235.6 377.8 149.8 438.9 311.5 195.9 364.9 188.3 388.9 186.4 280.8 407.4 189.6 220.4 164.0 379.3 302.8 270.7 274.9 490.8 149.0 251.3 146.9 164.7 297.3 115.5 238.3 385.7 219.6 194.2 156.2 381.8
2317.2 396.0 122.9 360.2 183.8 219.2 170.0 417.1 428.0 256.3 246.9 221.0 362.3 265.1 169.1 341.5 187.1 257.0 401.3 257.6 155.4 368.8 333.6 374.4 226.8 412.6 265.0 231.4 253.0 415.6 252.7 285.3 239.5 163.4 401.0 345.0 0.0 234.8 314.7 260.5 261.3 198.0 243.0 370.2 318.7 141.7 360.2 216.5 189.2 267.1 384.5 153.1 248.0 255.3 371.8 282.7 462.2 346.7 271.3 389.7 356.4 330.3 283.1 314.0 240.3 222.7 261.2 286.5 224.0 256.3 147.8 266.5 215.8 371.9 121.4 345.3 362.8 306.8 249.3 353.4 194.0 283.4 196.7 378.7 259.9 353.7 299.5 437.1 123.0 386.5 204.5 398.3 236.1 300.0 322.2 226.5 315.7 397.0 347.5 241.8 143.5 429.9 149.3 174.1 400.0 160.8 221.6 246.4 254.1 418.8 404.5 161.9 269.4 257.3 206.3 225.8 167.9 262.2 226.0 337.3 282.2 201.2 254.6 445.0 353.7 325.4 332.5 392.8 164.8 388.6 285.4 212.0 167.4 196.7 231.1 321.6 242.8 288.3 285.8 361.8 332.9 260.3 259.9 275.4 218.9 363.3 280.7 242.3
2245.9 217.4 83.7 187.8 112.5 172.2 98.7 304.0 255.6 212.8 193.4 177.4 206.9 129.3 233.9 198.1 115.8 66.6 350.9 186.3 118.1 255.7 153.4 202.0 155.5 254.2 211.5 60.9 82.5 257.2 215.4 94.9 186.0 126.1 354.2 231.9 218.1 0.0 379.5 90.0 229.5 160.7 194.3 211.8 231.6 98.2 181.6 64.0 145.6 207.4 337.7 82.8 176.7 141.6 207.2 146.9 313.8 253.4 230.6 342.9 184.0 217.2 223.4 141.6 153.1 169.2 183.7 96.1 27.4 202.8 104.3 225.8 172.2 207.3 153.2 172.9 288.7 136.3 224.8 353.0 41.3 130.6 146.9 200.1 63.3 285.3 109.1 278.7 173.9 386.1 133.2 357.6 199.2 240.3 163.8 155.2 343.9 316.8 267.3 306.6 51.6 271.5 102.3 136.8 359.3 33.6 217.1 209.1 194.4 305.7 324.3 118.3 204.5 20.1 178.5 147.8 68.0 214.0 138.8 275.1 129.7 92.4 201.1 286.6 225.1 155.9 245.4 243.6 139.2 210.0 114.9 168.5 96.1 66.4 78.6 386.4 177.9 125.5 95.4 313.4 239.6 162.4 69.5 221.9 48.4 391.5 185.1 171.0
2356.6 467.2 329.1 451.9 301.7 330.3 328.3 559.6 583.2 467.3 271.9 319.2 224.5 353.5 230.3 444.4 345.4 456.2 515.1 415.9 363.5 580.0 395.2 466.1 385.1 565.9 310.0 397.3 418.9 568.9 460.8 455.3 219.0 371.5 518.4 556.2 426.2 398.2 0.0 426.4 466.8 406.1 417.8 523.5 411.7 343.6 445.7 334.1 310.7 265.3 501.9 351.2 406.3 465.9 518.9 371.1 625.5 433.5 388.7 507.1 419.3 541.5 300.5 406.9 506.7 267.7 413.3 454.2 425.7 279.9 349.7 383.9 321.9 519.0 333.1 437.0 225.0 404.7 433.3 221.8 397.0 372.8 277.4 464.2 452.0 215.9 497.8 590.4 311.4 254.9 322.4 515.7 444.6 288.8 475.5 332.9 433.1 265.4 215.9 286.6 337.6 583.2 331.7 382.2 517.4 354.9 228.3 454.5 251.5 561.3 272.9 315.7 348.0 378.1 418.0 431.3 366.0 251.6 437.7 205.7 356.3 396.5 279.6 598.3 222.1 413.8 425.5 261.2 376.5 474.1 421.6 413.9 283.4 372.8 320.2 309.6 383.5 367.7 454.8 471.5 419.7 486.7 459.1 238.9 384.8 480.7 509.4 400.6
2168.1 141.8 147.5 97.7 134.8 209.7 146.7 250.2 165.5 285.7 205.3 250.9 218.8 94.0 258.4 162.8 163.8 119.0 297.1 234.3 181.9 201.9 63.3 111.9 203.5 187.8 223.4 23.7 81.2 190.8 279.2 77.2 197.9 189.9 300.4 178.1 244.6 93.7 404.0 0.0 188.3 224.5 140.5 145.4 196.3 162.0 91.5 75.9 219.1 219.3 283.9 176.6 224.7 87.8 140.8 111.6 244.3 177.8 178.1 289.1 93.9 163.4 235.3 51.5 128.6 181.1 231.7 76.1 101.3 214.7 168.1 173.3 245.7 140.9 247.0 82.8 300.6 101.0 228.9 364.9 110.5 95.3 220.4 110.0 109.5 297.2 139.2 212.3 256.1 398.0 155.5 305.1 263.0 252.2 97.4 162.3 290.1 328.7 279.2 331.1 145.4 205.1 196.1 200.6 306.8 127.4 241.6 272.9 206.3 251.9 336.2 211.1 150.7 73.6 124.7 204.8 161.8 225.9 142.9 287.0 141.6 186.2 213.0 220.2 237.0 85.9 180.3 255.5 164.7 119.9 24.8 232.3 118.4 86.3 90.5 410.9 124.1 90.2 76.7 260.9 204.3 108.6 121.9 233.8 35.2 337.7 131.3 219.0
2292.6 266.3 196.1 222.2 257.0 196.7 243.2 279.1 290.0 323.3 320.1 207.8 333.6 238.9 264.3 347.9 260.3 223.8 288.8 330.8 228.6 230.8 189.4 236.4 300.0 274.6 338.2 232.0 284.2 277.6 325.9 171.4 312.7 236.6 288.5 207.0 230.5 201.6 409.9 208.3 0.0 271.2 115.4 232.2 313.3 208.7 216.0 265.7 176.0 334.1 272.0 119.9 321.2 117.3 227.6 253.6 324.2 302.3 158.8 277.2 218.4 192.3 350.1 176.0 157.5 295.9 328.2 170.3 184.6 329.5 214.8 154.0 202.6 227.7 165.6 207.3 451.8 230.0 329.0 448.6 213.7 280.4 177.3 234.5 220.5 442.7 233.4 299.1 186.3 481.7 277.7 285.8 309.3 367.0 184.2 299.7 203.2 443.5 394.0 337.0 216.7 291.9 136.1 247.3 287.5 206.0 247.5 319.6 321.1 280.8 451.0 148.7 131.4 217.9 68.3 113.6 134.7 340.7 143.2 432.5 331.4 137.9 327.8 307.0 351.8 210.4 304.8 370.3 73.5 244.4 188.0 279.0 240.6 238.8 280.3 416.8 104.8 275.3 170.9 243.1 321.3 177.5 226.7 348.6 250.1 250.8 147.4 315.5
2287.0 348.6 92.7 328.1 153.6 225.5 139.9 433.9 395.9 52.0 216.7 214.4 230.2 234.9 181.7 311.3 124.0 196.5 410.3 113.4 82.3 385.6 276.6 342.3 128.4 384.1 234.8 201.2 222.8 387.1 136.4 224.8 209.3 24.4 413.6 361.8 167.9 174.3 327.3 230.3 285.7 0.0 273.6 341.7 288.5 65.3 321.9 186.3 205.9 230.7 397.1 183.7 129.6 271.5 337.1 252.5 443.7 310.3 283.9 402.3 300.7 347.1 246.7 288.3 270.9 192.5 65.5 226.0 157.3 226.1 56.2 279.1 246.4 337.2 152.0 313.2 369.2 276.6 225.6 366.0 163.8 253.2 172.6 340.4 193.2 360.1 239.0 408.6 153.6 399.1 174.3 410.9 99.6 263.6 293.7 196.3 328.3 409.6 360.1 254.4 113.3 401.4 176.5 57.8 412.6 130.6 164.9 48.3 217.7 435.6 417.1 192.5 243.2 182.0 236.9 250.2 193.1 237.3 256.6 349.9 252.0 217.5 224.4 416.5 248.4 295.2 302.3 266.9 195.4 350.3 255.2 19.9 137.2 166.5 200.9 334.2 273.4 258.1 225.3 366.7 296.5 290.9 199.4 245.2 188.7 375.9 315.0 99.9
2239.9 213.6 198.8 169.5 259.7 112.7 245.9 226.4 237.3 326.0 328.5 153.9 342.0 186.2 210.4 295.2 263.0 226.5 207.5 333.5 231.3 178.1 135.1 183.7 302.7 221.9 346.6 179.3 236.9 224.9 328.6 118.7 321.1 239.3 210.8 154.3 233.2 204.3 356.0 155.6 110.2 273.9 0.0 179.5 260.6 211.4 163.3 231.6 122.1 342.5 194.3 122.6 323.9 64.6 174.9 200.9 271.5 249.6 81.1 199.5 165.7 139.6 358.5 123.3 124.8 304.3 330.9 117.6 187.3 337.9 217.5 76.3 148.7 175.0 168.3 154.6 397.9 177.3 331.7 394.7 216.4 227.7 123.4 181.8 151.0 388.8 180.7 246.4 159.1 427.8 280.4 208.1 312.4 375.4 131.5 302.4 125.5 438.3 388.8 283.1 219.4 239.2 130.1 250.0 209.8 208.7 193.6 322.3 329.5 228.1 445.8 114.1 53.7 224.4 61.4 116.3 137.4 349.1 145.9 378.6 282.8 143.3 336.2 254.3 395.0 157.7 252.1 378.7 76.2 191.7 135.3 281.7 243.3 241.5 246.2 362.9 27.1 222.6 118.2 163.9 268.6 104.8 229.4 357.0 190.9 173.1 94.7 318.2
2199.1 201.6 266.4 157.5 278.5 251.8 281.4 221.0 225.3 395.5 316.5 293.0 330.0 174.2 349.5 283.2 298.5 207.3 249.9 369.0 300.8 216.1 123.1 171.7 338.2 138.6 334.6 167.3 224.9 141.6 398.1 119.3 309.1 308.8 253.2 192.3 363.8 207.1 495.1 143.6 230.4 343.4 182.6 0.0 248.6 280.9 151.3 219.6 261.2 330.5 236.7 253.2 359.4 129.9 91.6 188.9 198.2 237.6 235.7 241.9 153.7 233.4 346.5 111.3 170.7 292.3 366.4 118.2 189.6 325.9 287.0 240.5 287.8 98.4 298.9 142.6 411.8 165.3 349.3 476.1 224.0 215.7 262.5 169.8 151.6 408.4 181.3 163.1 298.2 509.2 299.2 305.2 381.9 363.4 99.5 282.7 242.9 439.9 390.4 422.2 234.3 155.9 266.0 319.5 340.1 216.3 332.7 391.8 317.5 222.7 447.4 253.2 192.8 217.3 166.8 246.9 250.7 337.1 185.0 398.2 270.8 231.1 324.2 171.0 348.2 145.7 240.1 366.7 206.8 179.7 123.3 351.2 262.1 230.0 234.2 502.0 166.2 210.6 118.8 261.0 256.6 150.7 210.2 345.0 178.9 290.5 173.4 353.7
2130.2 177.1 223.3 176.2 195.9 312.1 222.5 352.6 290.8 361.5 286.4 353.3 299.9 144.1 334.2 109.0 239.6 267.6 393.7 310.1 257.7 304.3 119.5 190.4 279.3 290.2 304.5 189.9 247.5 293.2 355.0 179.6 279.0 265.7 397.0 280.5 320.4 260.0 409.1 166.2 290.7 300.3 242.9 247.8 0.0 237.8 170.0 242.2 321.5 300.4 380.5 313.5 300.5 190.2 243.2 161.8 343.7 53.1 280.5 385.7 129.2 265.8 316.4 131.2 231.0 262.2 307.5 178.5 249.9 295.8 243.9 275.7 348.1 243.3 359.2 161.3 285.9 157.7 187.0 362.2 276.8 120.0 322.8 188.5 211.9 276.8 241.6 314.7 358.5 395.3 216.6 407.5 338.8 333.3 199.8 157.6 386.7 344.0 294.5 406.9 294.6 307.5 326.3 276.4 409.2 276.6 317.4 348.7 287.4 354.3 351.5 313.5 253.1 239.9 227.1 307.2 311.0 307.0 245.3 266.6 240.7 291.4 294.1 322.6 318.1 138.1 45.1 336.6 267.1 271.5 145.9 308.1 177.6 252.6 224.6 515.6 226.5 124.9 179.1 363.3 7.9 211.0 270.5 314.9 201.5 434.3 233.7 294.8
2221.6 283.2 27.3 262.7 88.2 160.1 74.4 368.5 330.5 114.5 151.3 149.0 164.8 169.5 116.3 245.9 91.5 131.1 344.9 175.9 19.8 320.2 209.6 276.9 190.9 318.7 169.4 135.8 157.4 321.7 117.1 159.4 143.9 27.8 348.2 296.4 118.7 108.9 261.9 164.9 220.3 62.4 208.2 276.3 223.1 0.0 256.5 120.9 140.5 165.3 331.7 118.3 192.1 206.1 271.7 187.1 378.3 244.9 218.5 336.9 235.3 281.7 181.3 222.9 205.5 127.1 128.0 160.6 91.9 160.7 6.0 213.7 181.0 271.8 86.6 247.8 303.8 211.2 160.2 300.6 98.4 187.8 107.2 275.0 127.8 294.7 173.6 343.2 88.2 333.7 108.9 345.5 100.5 198.2 228.3 130.9 262.9 344.2 294.7 189.0 47.9 336.0 114.5 38.5 347.2 65.2 99.5 110.8 152.3 370.2 351.7 127.1 177.8 120.4 171.5 184.8 127.7 171.9 191.2 284.5 186.6 152.1 159.0 351.1 183.0 229.8 236.9 201.5 130.0 284.9 189.8 70.2 71.8 101.1 135.5 268.8 208.0 192.7 159.9 302.8 231.1 225.5 134.0 179.8 123.3 310.5 249.6 162.4
2125.0 120.1 263.3 75.2 235.9 339.5 262.5 258.6 98.9 401.5 249.5 374.4 263.0 107.2 430.9 216.2 279.6 201.9 249.8 350.1 297.7 212.4 57.7 89.4 319.3 189.9 267.6 124.2 181.8 155.9 395.0 113.9 242.1 305.7 249.5 188.6 374.6 194.3 456.0 100.5 225.0 340.3 177.2 231.5 181.6 277.8 0.0 176.5 342.6 263.5 233.0 247.8 340.5 124.5 192.1 121.9 177.7 170.6 232.0 238.2 86.7 229.7 279.5 65.5 165.3 225.3 347.5 112.8 184.2 258.9 283.9 236.8 369.2 213.7 293.5 16.2 344.8 98.3 282.3 409.1 211.1 148.7 343.9 87.5 146.2 341.4 175.9 209.9 379.6 442.2 256.6 301.5 378.8 296.4 214.8 215.7 239.2 372.9 323.4 503.6 228.9 186.2 347.2 316.4 319.6 210.9 414.1 388.7 250.5 219.0 380.4 334.6 274.2 178.0 161.4 241.5 245.3 264.8 179.6 331.2 203.8 225.7 257.2 172.0 281.2 78.7 173.1 299.7 201.4 53.3 80.2 348.1 219.0 186.9 187.7 583.4 160.8 143.6 113.4 258.8 189.6 145.3 204.8 278.0 135.8 286.8 168.0 334.8
2220.5 194.5 99.8 190.0 87.1 302.0 99.0 342.5 257.8 238.0 129.3 241.5 142.8 80.8 210.7 172.8 116.1 130.7 389.4 186.6 134.2 294.2 122.5 204.2 155.8 280.1 147.4 63.1 84.7 283.1 231.5 159.0 121.9 142.2 392.7 270.4 196.9 64.0 335.8 92.2 280.6 176.8 232.8 237.7 206.3 114.3 183.8 0.0 209.7 143.3 376.2 146.9 177.0 180.1 233.1 98.4 336.6 228.1 270.4 381.4 146.6 255.7 159.3 134.2 217.2 105.1 184.0 160.2 91.5 138.7 120.4 265.6 236.3 233.2 217.3 175.1 224.6 132.0 160.7 288.9 62.8 114.7 211.0 202.3 127.4 221.2 173.2 304.6 238.0 322.0 107.8 397.4 215.3 176.2 189.7 94.1 382.4 252.7 203.2 283.4 102.7 297.4 166.4 152.9 399.1 84.7 193.9 225.2 130.3 344.2 260.2 182.4 243.0 43.9 217.0 211.9 132.1 149.9 202.9 211.0 65.6 156.5 137.0 312.5 161.0 141.1 220.1 179.5 203.3 212.2 117.1 184.6 70.7 38.6 14.5 363.2 216.4 95.0 159.5 353.2 214.3 200.9 133.6 157.8 50.6 430.0 223.6 171.3
2317.3 301.8 123.0 257.7 183.9 64.2 170.1 293.5 325.5 250.2 247.0 56.4 299.9 265.2 112.9 341.6 187.2 226.8 249.0 257.7 155.5 266.3 306.9 271.9 226.9 308.0 265.1 231.5 253.1 295.0 252.8 255.1 239.6 163.5 252.3 242.5 185.9 204.6 258.5 260.6 253.8 198.1 241.7 267.7 318.8 135.6 251.5 216.6 0.0 261.0 235.8 151.8 248.1 152.8 263.1 282.8 364.0 340.6 122.6 241.0 253.9 227.8 277.0 211.5 239.0 222.8 255.1 256.3 187.6 256.4 141.7 117.8 51.2 263.2 120.1 242.8 300.4 306.9 255.9 297.2 194.1 283.5 25.9 270.0 223.5 291.3 269.3 316.5 61.6 330.3 204.6 249.6 236.6 293.9 219.7 226.6 167.0 340.8 291.3 185.6 143.6 309.3 144.6 174.2 251.3 160.9 96.1 246.5 248.0 295.2 348.3 49.6 81.9 212.3 205.0 218.3 166.6 267.6 224.7 281.1 282.3 197.1 254.7 324.4 297.5 325.5 332.6 336.6 163.5 279.9 285.5 205.9 167.5 196.8 231.2 265.4 117.4 288.4 255.6 205.4 326.8 259.0 229.7 275.5 219.0 214.6 182.9 242.4
2272.9 276.2 138.1 260.9 110.7 299.1 137.3 437.3 392.2 276.3 80.9 281.7 53.8 162.5 249.0 249.3 154.4 265.2 484.2 224.9 172.5 389.0 202.6 275.1 194.1 374.9 119.0 206.3 227.9 377.9 269.8 264.3 32.9 180.5 487.5 365.2 235.2 207.2 246.8 235.4 375.4 215.1 327.6 332.5 234.1 152.6 254.7 143.1 273.2 0.0 471.0 241.2 215.3 274.9 327.9 180.1 434.5 255.9 351.2 476.2 228.3 350.5 109.5 215.9 315.7 76.7 222.3 263.2 234.7 88.9 158.7 346.4 313.7 328.0 219.3 246.0 135.6 213.7 171.2 199.9 206.0 181.8 239.9 273.2 261.0 132.2 306.8 399.4 220.9 233.0 131.4 478.2 253.2 79.8 284.5 141.9 395.6 163.7 114.2 321.7 146.6 392.2 243.8 191.2 479.9 163.9 232.2 263.5 60.5 439.0 171.2 259.8 337.8 190.9 311.8 306.2 226.4 60.9 330.0 122.0 165.3 250.8 88.6 407.3 72.0 222.8 247.9 90.5 262.7 283.1 230.6 222.9 92.4 181.8 129.2 353.3 311.2 176.7 263.8 435.5 242.1 295.7 268.1 68.8 193.8 443.2 313.7 209.6
2195.7 316.0 325.0 226.9 385.9 217.2 372.1 154.7 234.0 452.2 442.1 258.4 455.6 299.8 314.9 408.8 389.2 326.8 13.1 459.7 357.5 169.8 248.7 241.1 428.9 169.2 460.2 299.4 357.0 156.2 454.8 238.8 434.7 365.5 16.4 146.0 382.7 335.8 460.5 275.7 267.5 400.1 194.7 251.8 374.2 337.6 237.5 351.7 226.6 456.1 0.0 254.1 450.1 195.8 212.4 314.5 199.8 363.2 116.0 5.1 256.2 187.1 472.1 243.4 226.9 417.9 457.1 237.7 318.8 451.5 343.7 120.8 253.2 234.0 317.8 213.3 502.4 290.9 509.6 499.2 347.9 341.3 227.9 249.0 271.1 493.3 300.8 177.7 263.6 532.3 406.6 185.5 438.6 489.0 235.1 408.3 123.2 542.8 493.3 387.6 345.6 170.5 234.6 376.2 273.7 340.2 298.1 448.5 443.1 156.4 550.3 218.6 158.2 355.9 203.9 284.0 268.9 462.7 241.2 483.1 396.4 287.3 449.8 185.6 499.5 271.3 365.7 492.3 243.9 214.7 255.4 407.9 369.5 373.0 366.3 467.4 160.4 336.2 238.3 141.3 382.2 206.9 329.7 470.6 311.0 170.8 225.9 444.4
2295.1 283.1 100.8 239.0 161.7 89.3 147.9 302.5 306.8 228.0 224.8 94.5 238.3 200.0 151.0 268.8 165.0 103.8 274.1 235.5 133.3 254.2 204.6 253.2 204.7 291.4 242.9 142.6 164.2 294.4 230.6 132.1 217.4 141.3 277.4 230.4 135.2 81.6 296.6 171.7 146.6 175.9 134.5 249.0 296.6 113.4 232.8 145.7 62.7 238.8 260.9 0.0 225.9 158.1 244.4 217.6 347.6 318.4 147.7 266.1 235.2 215.7 254.8 192.8 105.9 200.6 232.9 133.3 64.6 234.2 119.5 142.9 89.3 244.5 70.3 224.1 338.5 207.0 233.7 335.3 93.7 201.3 64.0 251.3 100.5 329.4 146.3 315.9 91.0 368.4 182.4 274.7 214.4 271.7 201.0 204.4 192.1 348.2 298.7 223.7 104.0 308.7 19.4 152.0 276.4 86.0 134.2 224.3 225.8 304.2 355.7 35.4 107.0 101.7 97.8 100.6 14.8 245.4 91.6 319.2 211.4 45.2 232.5 323.8 256.5 226.6 310.4 275.0 56.3 261.2 196.6 183.7 145.3 118.8 160.3 303.5 134.3 196.2 132.6 230.5 304.6 125.9 106.7 253.3 130.1 239.7 176.9 220.2
2295.2 356.8 128.8 336.3 161.8 283.5 87.3 457.9 404.1 118.0 224.9 272.4 238.4 243.1 239.7 319.5 71.4 220.5 468.3 66.6 163.2 409.6 284.8 350.5 75.8 408.1 243.0 209.4 231.0 411.1 197.2 248.8 217.5 153.4 471.6 385.8 225.9 198.3 385.3 238.5 343.7 128.9 331.6 365.7 296.7 143.3 330.1 194.5 263.9 238.9 455.1 231.9 0.0 295.5 361.1 260.7 467.7 318.5 341.9 460.3 308.9 371.1 254.9 296.5 302.2 200.7 64.0 250.0 181.3 234.3 149.4 337.1 304.4 361.2 210.0 321.4 320.2 284.8 233.8 424.0 187.8 261.4 230.6 348.6 217.2 316.8 263.0 432.6 211.6 457.1 182.5 468.9 127.8 271.8 317.7 204.5 386.3 348.3 298.8 312.4 137.3 425.4 234.5 156.9 470.6 154.6 222.9 164.2 225.9 459.6 355.8 250.5 301.2 190.2 294.9 296.9 217.1 245.5 287.9 306.6 260.2 241.5 232.6 440.5 256.6 303.4 310.5 275.1 253.4 358.5 263.4 148.9 145.4 174.7 209.1 392.2 331.4 266.3 249.3 424.7 304.7 316.3 223.4 253.4 196.9 433.9 339.0 51.3
2175.2 148.9 199.4 104.8 225.8 121.8 216.1 161.7 172.6 326.6 263.8 163.0 277.3 121.5 219.5 230.5 233.2 142.0 208.6 303.7 231.9 113.4 70.4 119.0 272.9 157.2 281.9 114.6 172.2 160.2 329.2 54.0 256.4 239.9 211.9 89.6 233.8 141.8 365.1 90.9 100.4 274.5 52.6 114.8 195.9 212.0 98.6 166.9 131.2 277.8 195.4 123.2 294.1 0.0 110.2 136.2 206.8 184.9 90.2 200.6 101.0 74.9 293.8 58.6 60.1 239.6 301.1 52.9 124.3 273.2 218.1 85.4 157.8 110.3 168.9 89.9 359.1 112.6 296.6 403.8 158.7 163.0 132.5 117.1 86.3 355.7 116.0 181.7 168.2 436.9 246.5 217.2 313.0 310.7 66.8 230.0 201.6 387.2 337.7 292.2 169.0 174.5 136.0 250.6 218.9 151.0 202.7 322.9 264.8 163.4 394.7 123.2 62.8 161.9 36.8 116.9 138.0 284.4 74.4 345.5 218.1 120.5 271.5 189.6 295.5 93.0 187.4 314.0 76.8 127.0 70.6 282.3 209.4 177.3 181.5 372.0 36.2 157.9 53.5 173.0 203.9 40.1 144.9 292.3 126.2 249.2 43.4 288.4
2192.3 189.6 254.4 145.5 266.5 246.1 269.4 214.2 213.3 383.5 304.5 281.0 318.0 162.2 337.5 271.2 286.5 195.3 243.1 357.0 288.8 209.3 112.7 159.7 326.2 131.8 322.6 155.3 212.9 134.8 386.1 107.3 297.1 296.8 246.4 185.5 368.0 195.1 483.1 131.6 218.4 331.4 170.6 104.2 236.6 268.9 139.3 207.6 249.2 318.5 229.9 241.2 347.4 117.9 0.0 176.9 191.4 225.6 228.9 235.1 141.7 193.5 334.5 99.3 158.7 280.3 354.4 106.2 177.6 313.9 275.0 233.7 275.8 86.4 286.9 130.6 399.8 153.3 337.3 464.1 212.0 203.7 250.5 157.8 139.6 396.4 169.3 156.3 286.2 497.2 287.2 298.4 369.9 351.4 87.5 270.7 236.1 427.9 378.4 410.2 222.3 149.1 253.8 307.5 333.3 204.3 320.7 379.8 305.5 215.9 435.4 241.2 180.8 209.1 154.8 234.9 238.7 325.1 173.0 386.2 258.8 216.4 312.2 164.2 336.2 133.7 228.1 354.7 194.8 167.7 111.3 339.2 250.1 218.0 222.2 490.0 154.2 198.6 106.8 255.7 244.6 138.7 198.2 333.0 166.9 283.7 161.4 341.7
2147.2 120.9 183.2 105.6 155.8 241.5 182.4 282.0 236.9 321.4 169.4 282.7 182.9 27.1 339.2 136.1 199.5 164.3 328.9 270.0 217.6 233.7 48.9 119.8 239.2 219.6 187.5 108.9 144.5 222.6 314.9 109.0 162.0 225.6 332.2 209.9 280.3 157.0 375.9 95.6 220.1 260.2 172.3 177.2 169.6 197.7 99.4 139.2 250.9 183.4 315.7 222.5 260.4 119.6 172.6 0.0 279.2 156.9 209.9 320.9 73.0 195.2 199.4 60.6 160.4 145.2 267.4 107.9 146.6 178.8 203.8 205.1 277.5 172.7 288.6 90.7 264.7 33.5 202.2 329.0 173.8 68.6 252.2 117.9 141.3 261.3 171.0 244.1 287.9 362.1 176.5 336.9 298.7 216.3 129.2 135.6 321.9 292.8 243.3 411.9 191.3 236.9 242.0 236.3 338.6 173.3 322.4 308.6 170.4 283.7 300.3 242.9 182.5 136.9 156.5 236.6 207.7 190.0 174.7 251.1 123.7 220.8 177.1 252.0 201.1 53.1 159.4 219.6 196.5 127.8 75.3 268.0 181.7 149.6 107.6 491.7 155.9 63.5 108.5 292.7 177.6 140.4 167.2 197.9 98.5 369.5 163.1 254.7
2187.9 294.3 408.1 192.5 388.3 330.5 391.2 80.8 199.6 505.3 426.3 371.7 439.8 284.0 428.2 393.0 408.3 317.1 314.1 478.8 410.6 174.3 232.9 206.7 448.0 184.4 444.4 277.1 334.7 91.0 507.9 229.1 418.9 418.6 317.4 150.5 442.5 316.9 573.8 253.4 309.1 453.2 261.3 226.0 358.4 390.7 261.1 329.4 339.9 440.3 300.9 346.3 469.2 208.6 186.6 298.7 0.0 347.4 211.9 306.1 234.5 191.6 456.3 221.1 231.4 402.1 476.2 228.0 299.4 435.7 396.8 216.7 366.5 208.2 377.6 178.9 521.6 275.1 459.1 585.9 333.8 325.5 341.2 214.6 261.4 518.2 291.1 74.3 376.9 619.0 409.0 257.8 491.7 473.2 209.3 392.5 219.1 549.7 500.2 500.9 344.1 50.6 344.7 429.3 141.8 326.1 411.4 501.6 427.3 136.6 557.2 331.9 271.5 327.1 245.5 323.4 331.5 446.9 245.7 508.0 380.6 291.8 434.0 36.4 458.0 255.5 349.9 476.5 285.5 180.3 233.1 461.0 371.9 339.8 344.0 580.7 244.9 320.4 228.6 173.8 366.4 211.4 320.0 454.8 288.7 266.7 252.1 463.5
2150.9 165.0 244.0 164.1 216.6 306.3 243.2 340.5 278.7 382.2 274.3 341.2 287.8 132.0 397.7 129.7 260.3 255.5 385.2 330.8 278.4 292.2 105.8 178.3 300.0 278.1 292.4 177.8 235.4 281.1 375.7 167.5 266.9 286.4 384.9 268.4 357.3 247.9 429.8 154.1 278.6 321.0 230.8 235.7 72.0 258.5 157.9 230.1 309.4 288.3 368.4 301.4 321.2 178.1 231.1 149.7 331.6 0.0 268.4 373.6 117.1 253.7 304.3 119.1 218.9 250.1 328.2 166.4 237.8 283.7 264.6 263.6 336.0 231.2 347.1 149.2 306.6 145.6 201.2 382.9 264.7 140.7 310.7 176.4 199.8 297.5 229.5 302.6 346.4 416.0 237.3 395.4 359.1 321.2 187.7 178.3 374.6 364.7 315.2 470.4 282.5 295.4 314.2 297.1 397.1 264.5 380.9 369.4 275.3 342.2 372.2 301.4 241.0 231.6 215.0 295.1 298.9 289.6 233.2 287.3 228.6 276.6 282.0 310.5 306.0 126.0 63.5 324.5 255.0 259.4 133.8 328.8 198.3 240.5 212.5 550.2 214.4 168.4 167.0 352.7 80.0 198.9 258.4 302.8 189.4 422.2 216.9 315.5
2211.8 228.7 208.9 184.6 269.8 101.1 256.0 170.8 252.4 336.1 343.6 142.3 385.8 201.3 198.8 310.3 273.1 221.8 126.3 343.6 241.4 193.2 150.2 198.8 312.8 185.3 361.7 194.4 252.0 172.3 338.7 133.8 336.2 249.4 129.6 169.4 266.6 219.7 344.4 170.7 151.4 284.0 78.6 194.6 275.7 221.5 178.4 246.7 110.5 357.6 113.1 138.0 334.0 79.7 190.0 216.0 241.3 264.7 0.0 118.3 180.8 154.7 373.6 138.4 139.9 319.4 341.0 132.7 202.7 353.0 227.6 4.7 137.1 190.1 201.7 169.7 386.3 192.4 341.8 383.1 231.8 242.8 111.8 196.9 166.1 377.2 195.8 193.8 147.5 416.2 290.5 126.9 322.5 390.5 146.6 312.5 44.3 426.7 377.2 271.5 229.5 186.6 118.5 260.1 128.6 224.1 182.0 332.4 344.6 172.5 434.2 102.5 42.1 239.8 87.8 167.9 152.8 364.2 154.2 367.0 297.9 183.3 351.3 201.7 383.4 172.8 267.2 422.5 127.8 206.8 150.4 291.8 253.4 256.9 261.3 351.3 44.3 237.7 133.3 82.7 283.7 119.9 224.7 372.1 206.0 91.9 109.8 328.3
2200.6 320.9 329.9 231.8 390.8 222.1 377.0 159.6 238.9 457.1 447.0 263.3 460.5 304.7 319.8 413.7 394.1 331.7 7.9 464.6 362.4 174.7 253.6 246.0 433.8 174.1 465.1 304.3 361.9 161.1 459.7 243.7 439.6 370.4 11.3 150.9 387.6 340.7 465.4 280.6 272.4 405.0 199.6 256.7 379.1 342.5 242.4 356.6 231.5 461.0 4.8 259.0 455.0 200.7 217.3 319.4 204.7 368.1 120.9 0.0 261.1 192.0 477.0 248.3 231.8 422.8 462.0 242.6 323.7 456.4 348.6 125.7 258.1 238.9 322.7 218.2 507.3 295.8 514.5 504.1 352.8 346.2 232.8 253.9 276.0 498.2 305.7 182.6 268.5 537.2 411.5 190.4 443.5 493.9 240.0 413.2 128.1 547.7 498.2 392.5 350.5 175.4 239.5 381.1 278.6 345.1 303.0 453.4 448.0 161.3 555.2 223.5 163.1 360.8 208.8 288.9 273.8 467.6 246.1 488.0 401.3 292.2 454.7 190.5 504.4 276.2 370.6 497.2 248.8 219.6 260.3 412.8 374.4 377.9 371.2 472.3 165.3 341.1 243.2 146.2 387.1 211.8 334.6 475.5 315.9 175.7 230.8 449.3
2092.3 59.7 225.5 101.5 198.1 237.4 224.7 237.8 163.8 363.7 211.7 278.6 225.2 69.4 335.1 178.4 241.8 192.9 266.7 312.3 259.9 232.9 44.8 115.7 281.5 210.4 229.8 115.2 172.8 176.4 357.2 104.9 204.3 267.9 270.0 209.1 349.4 185.3 418.2 91.5 216.0 302.5 168.2 173.1 129.4 240.0 95.3 167.5 246.8 225.7 253.5 238.8 302.7 115.5 168.5 87.1 214.4 118.4 252.5 258.7 0.0 191.1 241.7 56.5 156.3 187.5 309.7 103.8 175.2 221.1 246.1 257.3 273.4 168.6 284.5 143.1 307.0 83.0 244.5 371.3 202.1 110.9 248.1 113.8 137.2 303.6 166.9 246.6 283.8 404.4 218.8 322.0 341.0 258.6 125.1 177.9 259.7 335.1 285.6 407.8 219.9 222.9 251.6 278.6 356.3 201.9 318.3 350.9 212.7 239.5 342.6 238.8 178.4 165.2 152.4 232.5 236.3 232.3 170.6 293.4 166.0 216.7 219.4 208.7 243.4 63.4 120.9 261.9 192.4 144.5 71.2 310.3 210.0 177.9 149.9 487.6 151.8 105.8 104.4 277.8 137.4 136.3 195.8 240.2 126.8 307.3 159.0 297.0
2232.0 212.8 282.7 168.7 289.7 205.1 280.0 173.0 236.5 394.1 327.7 246.3 341.2 185.4 302.8 294.4 297.1 205.9 219.9 367.6 299.4 124.7 134.3 182.9 336.8 198.4 345.8 178.5 236.1 224.1 396.7 117.9 320.3 307.4 223.2 100.9 317.1 205.7 448.4 154.8 183.7 342.0 135.9 178.7 259.8 279.5 162.5 230.8 214.5 341.7 206.7 220.9 358.0 83.2 174.1 200.1 218.1 248.8 205.7 211.9 164.9 0.0 357.7 122.5 106.0 303.5 365.0 116.8 188.2 337.1 285.6 210.5 241.1 174.2 252.2 153.8 423.0 176.5 360.5 487.1 222.6 226.9 215.8 181.0 150.2 419.6 179.9 245.6 251.5 520.2 310.4 275.2 380.5 374.6 130.7 293.9 212.9 451.1 401.6 375.5 232.9 238.4 219.3 318.1 292.0 214.9 286.0 390.4 328.7 174.7 458.6 206.5 146.1 225.8 120.1 198.0 206.1 348.3 120.3 409.4 282.0 166.4 335.4 253.5 359.4 156.9 251.3 377.9 160.1 190.9 134.5 349.8 273.3 241.2 245.4 455.3 119.5 221.8 117.4 231.0 267.8 86.0 208.8 356.2 190.1 260.5 126.7 352.3
2300.9 285.0 146.9 269.7 119.5 307.9 146.1 446.1 401.0 285.1 89.7 290.5 81.8 171.3 257.8 258.1 163.2 274.0 496.6 233.7 181.3 397.8 211.4 283.9 202.9 383.7 127.8 215.1 236.7 386.7 278.6 273.1 60.9 189.3 496.3 374.0 244.0 216.0 274.8 244.2 384.2 223.9 336.4 341.3 242.9 161.4 263.5 151.9 282.0 82.3 479.8 250.0 224.1 283.7 336.7 188.9 443.3 264.7 360.0 485.0 237.1 359.3 0.0 224.7 324.5 85.5 231.1 272.0 243.5 16.1 167.5 355.2 322.5 336.8 228.1 254.8 163.6 222.5 180.0 227.9 214.8 190.6 248.7 282.0 269.8 160.2 315.6 408.2 229.7 261.0 140.2 487.0 262.4 97.2 293.3 150.7 404.4 191.7 142.2 330.5 155.4 401.0 256.0 200.0 488.7 172.7 241.0 272.3 51.3 447.8 199.2 268.6 346.6 199.7 320.6 315.0 235.2 88.9 338.8 150.0 174.1 259.6 97.4 416.1 100.0 231.6 256.7 118.5 271.5 291.9 239.4 231.7 101.2 190.6 138.0 381.3 320.0 185.5 272.6 444.3 250.9 304.5 276.9 96.8 202.6 452.0 322.5 218.4
2116.5 90.2 182.5 46.1 169.8 180.8 181.7 221.3 113.9 320.7 205.1 222.0 218.6 62.8 278.5 171.8 198.8 136.3 261.2 269.3 216.9 173.0 11.7 60.3 238.5 158.9 223.2 58.6 116.2 161.9 314.2 48.3 197.7 224.9 264.5 149.2 292.8 128.7 424.1 34.9 159.4 259.5 111.6 116.5 137.2 197.0 39.9 110.9 190.2 219.1 248.0 182.2 259.7 58.9 111.9 77.5 192.7 126.2 149.2 253.2 42.3 134.5 235.1 0.0 99.7 180.9 266.7 47.2 118.6 214.5 203.1 144.4 216.8 112.0 227.9 31.2 300.4 53.9 237.9 364.7 145.5 104.3 191.5 58.4 80.6 297.0 110.3 183.4 227.2 397.8 190.5 276.2 298.0 252.0 68.5 171.3 254.2 328.5 279.0 351.2 163.3 176.2 195.0 235.6 334.6 145.3 261.7 307.9 206.1 223.0 336.0 182.2 121.8 108.6 95.8 175.9 179.7 225.7 114.0 286.8 159.4 160.1 212.8 187.0 236.8 34.3 128.7 255.3 135.8 68.3 14.6 267.3 153.4 121.3 125.5 431.0 95.2 99.2 47.8 232.0 145.2 79.7 139.2 233.6 70.2 301.8 102.4 254.0
2228.0 201.7 198.0 157.6 224.1 174.0 210.3 196.5 225.4 324.4 287.2 209.4 300.7 174.3 265.9 283.3 227.4 163.0 243.4 297.9 229.7 148.2 123.2 171.8 267.1 221.9 305.3 167.4 223.4 213.0 327.0 106.8 279.8 237.7 246.7 124.4 232.4 140.8 411.5 143.7 152.6 272.3 104.8 167.6 248.7 209.8 151.4 204.9 177.6 301.2 230.2 114.8 288.3 52.1 163.0 189.0 241.6 237.7 142.4 235.4 153.8 109.7 317.2 111.4 0.0 263.0 295.3 105.7 123.8 296.6 215.9 137.6 204.2 163.1 167.5 142.7 382.5 165.4 296.1 450.2 152.9 215.8 178.9 169.9 159.7 379.1 168.8 234.5 188.2 483.3 244.8 269.4 310.8 334.1 119.6 266.8 236.4 410.6 361.1 338.6 163.2 227.3 134.3 248.4 315.5 145.2 249.1 320.7 288.2 198.2 418.1 150.3 115.0 160.9 89.0 91.9 100.0 307.8 14.2 368.9 270.6 60.3 294.9 242.4 318.9 145.8 240.2 337.4 103.9 179.8 123.4 280.1 207.7 178.0 219.5 418.4 88.4 210.7 106.3 225.2 256.7 19.9 165.9 315.7 189.3 284.0 95.6 282.6
2198.7 242.3 104.2 227.0 76.8 258.9 103.4 403.4 358.3 242.4 29.0 247.8 60.5 128.6 215.1 215.4 120.5 231.3 450.3 191.0 138.6 355.1 170.3 241.2 160.2 341.0 42.2 172.4 194.0 344.0 235.9 230.4 39.6 146.6 453.6 331.3 201.3 173.3 253.5 201.5 341.5 181.2 293.7 298.6 200.2 118.7 220.8 109.2 239.3 61.0 437.1 207.3 181.4 241.0 294.0 146.2 400.6 222.0 317.3 442.3 194.4 316.6 77.0 182.0 281.8 0.0 188.4 229.3 200.8 56.4 124.8 312.5 279.8 294.1 185.4 212.1 142.3 179.8 137.3 206.6 172.1 147.9 206.0 239.3 227.1 138.9 272.9 365.5 187.0 239.7 97.5 444.3 219.7 93.9 250.6 108.0 361.7 170.4 120.9 287.8 112.7 358.3 209.9 157.3 446.0 130.0 198.3 229.6 48.0 405.1 177.9 225.9 303.9 153.2 277.9 272.3 192.5 67.6 296.1 128.7 131.4 216.9 36.7 373.4 78.7 188.9 214.0 97.2 228.8 249.2 196.7 189.0 58.5 147.9 95.3 360.0 277.3 142.8 229.9 400.1 208.2 261.8 234.2 75.5 159.9 409.3 284.5 175.7
2282.2 329.3 115.8 323.3 148.8 276.8 74.3 444.9 391.1 53.9 211.9 259.4 225.4 230.1 226.7 306.5 58.4 207.5 458.9 47.8 147.2 396.6 270.2 337.5 62.8 395.1 230.0 196.4 218.0 398.1 133.1 235.8 204.5 89.3 458.6 372.8 212.9 185.3 372.3 225.5 330.7 64.8 318.6 352.7 283.7 130.2 317.1 181.5 250.9 225.9 442.1 218.9 64.0 282.5 348.1 247.7 454.7 305.5 328.9 447.3 295.9 358.1 241.9 283.5 289.2 187.7 0.0 237.0 168.3 221.3 121.1 324.1 291.4 348.2 197.0 308.4 307.2 271.8 220.8 411.0 174.8 248.4 217.6 335.6 204.2 303.8 250.0 419.6 198.6 444.1 169.5 455.9 63.3 258.8 304.7 191.5 373.3 335.3 285.8 299.4 124.3 412.4 224.9 92.8 457.6 141.6 209.9 100.1 212.9 446.6 342.8 237.5 288.2 181.0 281.9 283.9 204.1 232.5 274.9 293.6 247.2 228.5 219.6 427.5 243.6 290.4 297.5 262.1 240.4 345.5 250.4 84.8 132.4 161.7 196.1 379.2 318.4 253.3 236.3 413.2 291.7 303.3 210.4 240.4 183.9 420.9 321.3 34.3
2176.0 149.7 148.1 105.6 176.9 167.3 163.1 207.8 173.4 277.2 240.0 208.5 253.5 122.3 265.0 233.1 180.2 89.0 254.7 250.7 182.5 159.5 71.2 119.8 219.9 158.0 258.1 113.9 169.5 161.0 279.8 1.1 232.6 190.5 258.0 135.7 279.3 88.8 410.6 91.7 145.9 225.1 98.1 115.6 196.7 162.6 99.4 152.9 176.7 254.0 241.5 147.2 241.1 45.4 111.0 137.0 217.6 185.7 135.7 246.7 101.8 121.0 270.0 59.4 86.2 215.8 248.1 0.0 71.3 249.4 168.7 130.9 203.3 111.1 214.4 90.7 335.3 113.4 248.9 399.6 105.7 165.6 178.0 117.9 33.3 331.9 63.0 182.5 213.7 432.7 197.6 262.7 263.6 286.9 67.6 219.6 247.7 363.4 313.9 337.7 116.0 175.3 166.7 201.2 264.4 98.0 248.2 273.5 241.0 209.5 370.9 168.7 108.3 108.9 82.3 162.4 132.4 260.6 100.5 321.7 218.6 146.6 247.7 190.4 271.7 93.8 188.2 290.2 122.3 127.8 71.4 232.9 160.5 130.8 167.5 417.5 81.7 160.5 0.6 218.5 204.7 66.2 91.9 268.5 123.5 295.3 88.9 235.4
2238.9 218.4 76.7 174.3 105.5 242.3 91.7 276.5 242.1 205.8 168.6 170.4 182.1 135.3 226.9 204.1 108.8 39.1 323.4 179.3 111.1 228.2 141.5 188.5 148.5 226.7 186.7 78.4 100.0 229.7 208.4 67.4 161.2 119.1 326.7 204.4 211.1 17.4 372.5 107.5 214.6 153.7 166.8 184.3 237.6 91.2 168.1 81.5 138.6 182.6 310.2 75.8 169.7 114.1 179.7 152.9 286.3 254.4 204.4 315.4 170.5 189.7 198.6 128.1 146.1 144.4 176.7 68.6 0.0 178.0 97.3 199.6 165.2 179.8 146.2 159.4 263.9 142.3 177.5 328.2 34.3 136.6 139.9 186.6 35.8 260.5 81.6 251.2 166.9 361.3 126.2 331.4 192.2 215.5 136.3 148.2 316.4 292.0 242.5 299.6 44.6 244.0 98.7 129.8 333.1 26.6 210.1 202.1 169.6 278.2 299.5 111.3 177.0 33.7 151.0 140.8 61.0 189.2 131.8 250.3 147.2 88.2 176.3 259.1 200.3 161.9 251.4 218.8 132.2 196.5 132.4 161.5 89.1 59.4 96.1 379.4 150.4 131.5 67.9 288.7 245.6 134.9 42.0 197.1 65.9 364.0 152.9 164.0
2284.7 268.8 130.7 253.5 103.3 285.4 129.9 429.9 384.8 268.9 73.5 274.3 65.6 155.1 241.6 241.9 147.0 257.8 476.8 217.5 165.1 381.6 196.8 267.7 186.7 367.5 111.6 198.9 220.5 370.5 262.4 256.9 44.7 173.1 480.1 357.8 227.8 199.8 258.6 228.0 368.0 207.7 320.2 325.1 226.7 145.2 247.3 135.7 265.8 66.1 463.6 233.8 207.9 267.5 320.5 172.7 427.1 248.5 343.8 468.8 220.9 343.1 20.5 208.5 308.3 69.3 214.9 255.8 227.3 0.0 151.3 339.0 306.3 320.6 211.9 238.6 147.4 206.3 163.8 211.7 198.6 174.4 232.5 265.8 253.6 144.0 299.4 392.0 213.5 244.8 124.0 470.8 246.2 81.0 277.1 134.5 388.2 175.5 126.0 314.3 139.2 384.8 236.4 183.8 472.5 156.5 224.8 256.1 35.1 431.6 183.0 252.4 330.4 179.7 304.4 298.8 219.0 72.7 322.6 133.8 157.9 243.4 81.2 399.9 83.8 215.4 240.5 102.3 255.3 275.7 223.2 215.5 85.0 174.4 121.8 365.1 303.8 169.3 256.4 426.6 234.7 288.3 260.7 80.6 186.4 435.8 311.0 202.2
2230.7 292.3 36.4 271.8 97.3 169.2 83.5 377.6 339.6 108.4 160.4 158.1 173.9 178.6 125.4 255.0 180.4 140.2 354.0 169.8 26.0 329.3 218.7 286.0 184.8 327.8 178.5 144.9 166.5 330.8 111.0 168.5 153.0 21.7 357.3 305.5 127.8 118.0 271.0 174.0 229.4 56.3 217.3 285.4 232.2 9.0 265.6 130.0 149.6 174.4 340.8 127.4 186.0 215.2 280.8 196.2 387.4 254.0 227.6 346.0 244.4 290.8 190.4 232.0 214.6 136.2 121.9 169.7 101.0 169.8 0.0 222.8 190.1 280.9 95.7 256.9 312.9 220.3 169.3 309.7 107.5 196.9 116.3 284.1 136.9 303.8 182.7 352.3 97.3 342.8 118.0 354.6 94.4 207.3 237.4 140.0 272.0 353.3 303.8 198.1 57.0 345.1 120.2 32.4 356.3 74.3 108.6 104.7 161.4 379.3 360.8 136.2 186.9 129.5 180.6 193.9 136.8 181.0 200.3 293.6 195.7 161.2 168.1 360.2 192.1 238.9 246.0 210.6 139.1 294.0 198.9 64.1 80.9 110.2 144.6 277.9 217.1 201.8 169.0 311.9 240.2 234.6 143.1 188.9 132.4 319.6 258.7 156.3
2216.6 209.4 204.1 179.8 265.0 96.3 251.2 175.6 247.6 331.3 338.8 137.5 381.0 196.5 194.0 305.5 268.3 217.0 131.1 338.8 236.6 188.4 145.4 194.0 308.0 190.1 356.9 189.6 247.2 177.1 333.9 129.0 331.4 244.6 134.4 164.6 261.8 214.9 339.6 165.9 146.6 279.2 73.8 189.8 270.9 216.7 173.6 241.9 105.7 352.8 117.9 133.2 329.2 74.9 185.2 211.2 246.1 259.9 4.7 123.1 176.0 149.9 368.8 133.6 135.1 314.6 336.2 127.9 197.9 348.2 222.8 0.0 132.3 185.3 196.9 164.9 381.5 187.6 337.0 378.3 227.0 238.0 107.0 192.1 161.3 372.4 191.0 198.6 142.7 411.4 285.7 131.7 317.7 385.7 141.8 307.7 49.1 421.9 372.4 266.7 224.7 191.4 113.7 255.3 133.4 219.3 177.2 327.6 339.8 177.3 429.4 97.7 37.3 235.0 83.0 163.1 148.0 359.4 149.4 362.2 293.1 178.5 346.5 206.5 378.6 168.0 262.4 417.7 123.0 202.0 145.6 287.0 248.6 252.1 256.5 346.5 39.5 232.9 128.5 87.5 278.9 115.1 219.9 367.3 201.2 96.7 105.0 323.5
2328.9 376.0 134.6 284.7 195.5 91.2 181.7 320.5 352.5 261.8 258.6 68.0 311.5 276.8 124.5 353.2 198.8 238.4 276.0 269.3 167.1 293.3 318.5 298.9 238.5 335.0 276.7 243.1 264.7 322.0 264.4 266.7 251.2 175.1 279.3 269.5 197.5 216.2 270.1 272.2 265.4 209.7 253.3 294.7 330.4 147.2 278.5 228.2 71.6 272.6 262.8 163.4 259.7 179.8 290.1 294.4 391.0 352.2 149.6 268.0 342.6 254.8 288.6 238.5 250.6 234.4 266.7 267.9 199.2 268.0 153.3 144.8 0.0 290.2 131.7 269.8 312.0 318.5 267.5 308.8 205.7 295.1 37.5 297.0 235.1 302.9 280.9 343.5 73.2 341.9 216.2 276.6 248.2 305.5 246.7 238.2 194.0 352.4 302.9 197.2 155.2 336.3 156.2 185.8 278.3 172.5 107.7 258.1 259.6 322.2 359.9 76.6 108.9 223.9 216.6 229.9 178.2 279.2 236.3 292.7 293.9 208.7 266.3 351.4 309.1 337.1 344.2 348.2 175.1 306.9 297.1 217.5 179.1 208.4 242.8 277.0 144.4 300.0 267.2 232.4 338.4 270.6 241.3 287.1 230.6 241.6 209.9 254.0
2223.5 184.8 264.1 155.2 276.2 249.5 279.1 245.4 223.0 393.2 314.2 290.7 327.7 171.9 347.2 280.9 296.2 205.0 274.3 366.7 298.5 240.5 122.4 169.4 335.9 163.0 332.3 165.0 222.6 166.0 395.8 117.0 306.8 306.5 277.6 216.7 361.5 204.8 492.8 141.3 228.1 341.1 180.3 120.6 246.3 278.6 149.0 217.3 258.9 328.2 261.1 250.9 357.1 127.6 116.0 186.6 222.6 235.3 260.1 266.3 151.4 203.2 344.2 109.0 168.4 290.0 364.1 115.9 187.3 323.6 284.7 264.9 285.5 0.0 296.6 140.3 409.5 163.0 347.0 473.8 221.7 213.4 260.2 167.5 149.3 406.1 179.0 187.5 295.9 506.9 296.9 329.6 379.2 361.1 97.2 280.4 267.3 437.6 388.1 419.9 232.0 180.3 263.5 317.2 364.5 214.0 330.4 389.5 315.2 247.1 445.1 250.9 190.5 218.8 164.5 244.6 248.4 329.5 182.7 395.9 268.5 226.1 321.9 195.4 345.9 143.4 237.8 364.4 204.5 177.4 121.0 348.9 259.8 227.7 231.9 499.7 163.9 208.3 116.5 286.9 254.3 148.4 207.9 342.7 176.6 314.9 171.1 351.4
2282.2 320.3 87.9 276.2 148.8 131.8 135.0 333.1 344.0 215.1 211.9 137.0 225.4 230.1 188.9 306.5 152.1 173.0 316.6 222.6 120.4 284.8 241.8 290.4 191.8 328.6 230.0 196.4 218.0 331.6 217.7 201.3 204.5 128.4 319.9 261.0 122.3 150.8 334.5 225.5 171.1 163.0 159.0 286.2 283.7 100.5 270.0 181.5 105.2 225.9 303.4 69.1 213.0 171.3 281.6 247.7 378.2 305.5 190.2 308.6 272.4 246.3 241.9 230.0 156.3 187.7 220.0 202.5 133.8 221.3 106.6 185.4 131.8 281.7 0.0 261.3 307.2 271.8 220.8 373.2 159.0 248.4 106.5 288.5 169.7 303.8 215.5 353.1 78.1 406.3 169.5 317.2 201.5 258.8 238.2 191.5 234.6 335.3 285.8 261.6 108.5 345.9 61.9 139.1 318.9 125.8 172.1 211.4 212.9 334.8 342.8 77.9 185.4 170.9 122.3 135.6 83.9 232.5 142.0 293.6 247.2 114.4 219.6 361.0 243.6 290.4 297.5 262.1 80.8 298.4 250.4 170.8 132.4 161.7 196.1 341.4 158.8 253.3 201.8 273.0 291.7 176.3 175.9 240.4 183.9 282.2 201.4 207.3
2108.7 113.8 242.5 13.5 215.1 225.6 241.7 242.3 82.6 380.7 228.7 266.8 242.2 86.4 323.3 195.4 258.8 181.1 229.9 329.3 276.9 196.1 35.3 27.7 298.5 173.6 246.8 103.4 161.0 139.6 374.2 93.1 221.3 284.9 233.2 172.3 337.6 173.5 435.2 79.7 204.2 319.5 156.4 215.2 160.8 257.0 24.1 155.7 235.0 242.7 216.7 227.0 319.7 103.7 175.8 101.1 161.4 149.8 215.7 221.9 65.9 213.4 258.7 44.7 144.5 204.5 326.7 92.0 163.4 238.1 263.1 220.5 261.6 197.4 272.7 0.0 324.0 77.5 261.5 388.3 190.3 127.9 236.3 35.6 125.4 320.6 155.1 193.6 272.0 421.4 235.8 285.2 358.0 275.6 113.3 194.9 222.9 352.1 302.6 396.0 208.1 169.9 239.8 295.6 303.3 190.1 306.5 367.9 229.7 202.7 359.6 227.0 166.6 153.4 140.6 220.7 224.5 249.3 158.8 310.4 183.0 204.9 236.4 155.7 260.4 57.9 152.3 278.9 180.6 37.0 59.4 327.3 198.2 166.1 166.9 475.8 140.0 122.8 92.6 241.0 168.8 124.5 184.0 257.2 115.0 270.5 147.2 314.0
2201.8 341.4 203.3 326.1 175.9 346.9 202.5 502.5 411.0 341.5 146.1 329.5 98.7 227.7 240.6 289.6 219.6 330.4 525.4 290.1 237.7 454.2 267.8 340.3 259.3 440.1 184.2 271.5 293.1 443.1 335.0 329.5 93.2 245.7 528.7 430.4 300.4 272.4 213.4 300.6 440.6 280.3 392.8 397.7 256.9 217.8 319.9 208.3 321.0 139.5 512.2 306.4 280.5 340.1 393.1 245.3 499.7 278.7 399.0 517.4 293.5 415.7 174.7 281.1 380.9 141.9 287.5 328.4 299.9 154.1 223.9 394.2 332.2 393.2 284.5 311.2 0.0 278.9 272.0 166.5 271.2 247.0 287.7 338.4 326.2 8.1 372.0 464.6 286.1 199.6 196.6 526.0 318.8 163.0 349.7 207.1 443.4 148.3 98.8 296.9 211.8 457.4 312.4 256.4 527.7 229.1 238.6 328.7 125.7 504.2 155.8 325.0 358.3 256.1 377.0 371.4 291.6 120.5 395.2 17.2 230.5 318.8 153.8 472.5 78.3 288.0 270.7 123.5 327.9 391.7 295.8 288.1 157.6 247.0 194.4 319.9 376.4 241.9 329.0 483.3 264.9 360.9 333.3 51.5 259.0 491.0 378.9 274.8
2152.8 112.0 201.9 88.7 189.2 224.6 201.1 265.1 156.5 340.1 193.0 265.8 206.5 50.7 322.3 162.2 218.2 155.4 312.0 288.7 236.3 216.8 48.0 102.9 257.9 202.7 211.1 100.0 135.6 205.7 333.6 92.1 185.6 244.3 315.3 193.0 336.6 148.1 399.5 78.7 203.2 278.9 155.4 160.3 195.7 216.4 82.5 130.3 234.0 207.0 298.8 213.6 279.1 102.7 155.7 23.5 262.3 162.5 193.0 304.0 78.6 178.3 223.0 43.7 143.5 168.8 286.1 91.0 137.7 202.4 222.5 188.2 260.6 155.8 271.7 73.8 288.3 0.0 228.3 352.6 164.9 94.7 235.3 101.0 124.4 284.9 154.1 227.2 271.0 385.7 209.9 320.0 317.4 239.9 112.3 161.7 305.0 316.4 266.9 395.0 182.4 220.0 233.1 255.0 321.7 164.4 305.5 327.3 194.0 266.8 323.9 226.0 165.6 128.0 139.6 219.7 198.8 213.6 157.8 274.7 147.3 203.9 200.7 235.1 224.7 19.6 165.0 243.2 179.6 110.9 58.4 286.7 172.8 140.7 144.9 474.8 139.0 89.6 91.6 275.8 203.7 123.5 158.3 221.5 89.6 352.6 146.2 273.4
2159.7 256.0 114.6 260.2 87.2 275.6 113.8 431.6 391.5 252.8 118.8 258.2 132.3 161.8 225.5 166.0 130.9 246.5 457.7 201.4 149.0 388.3 201.9 274.4 170.6 374.2 136.9 191.1 219.7 377.2 246.3 273.9 111.4 157.0 457.4 364.5 227.9 199.0 325.3 220.2 329.5 191.6 326.9 331.8 199.5 129.1 249.0 134.9 249.7 132.8 440.9 217.7 191.8 274.2 322.2 179.4 433.8 221.3 327.7 446.1 227.6 349.8 148.8 215.2 315.0 94.6 193.8 275.1 162.1 128.2 130.2 322.9 290.2 322.3 195.8 245.3 209.1 211.5 0.0 278.4 197.8 107.9 216.4 272.5 242.3 210.7 288.1 398.7 197.4 311.5 107.9 454.7 229.7 160.7 283.8 51.0 372.1 242.2 192.7 298.2 123.1 391.5 223.7 167.7 456.4 140.4 208.7 240.0 114.8 438.3 249.7 236.3 287.0 177.7 280.7 282.7 202.9 134.1 273.7 200.5 126.6 230.1 126.5 406.6 150.5 231.1 213.3 169.0 239.2 282.4 229.9 194.4 68.9 173.6 121.0 378.0 310.5 112.8 274.4 412.0 202.5 295.0 249.4 147.3 180.7 419.7 313.0 186.1
2324.6 435.2 297.1 419.9 269.7 343.9 296.3 596.3 551.2 435.3 239.9 332.8 192.5 321.5 243.9 412.4 313.4 424.2 528.7 383.9 331.5 548.0 363.2 434.1 353.1 533.9 278.0 365.3 386.9 536.9 428.8 423.3 187.0 339.5 532.0 524.2 394.2 366.2 216.7 394.4 480.4 374.1 486.6 491.5 379.7 311.6 413.7 302.1 324.3 233.3 515.5 364.8 374.3 433.9 486.9 339.1 593.5 401.5 402.3 520.7 387.3 509.5 268.5 374.9 474.7 235.7 381.3 422.2 393.7 247.9 317.7 397.5 335.5 487.0 346.7 405.0 193.0 372.7 401.3 0.0 365.0 340.8 291.0 432.2 420.0 183.9 465.8 558.4 325.0 84.1 290.4 529.3 412.6 256.8 443.5 300.9 446.7 233.4 183.9 300.2 305.6 551.2 345.3 350.2 531.0 322.9 241.9 422.5 219.5 598.0 240.9 329.3 361.6 346.1 470.8 444.9 379.6 219.6 489.0 173.7 324.3 409.8 247.6 566.3 190.1 381.8 393.5 229.2 390.1 442.1 389.6 381.9 251.4 340.8 288.2 323.2 397.1 335.7 422.8 485.1 387.7 454.7 427.1 206.9 352.8 494.3 477.4 368.6
2234.1 249.6 71.9 205.5 100.7 183.0 86.9 319.6 273.3 201.0 193.1 188.2 206.6 144.6 182.8 215.8 104.0 82.2 366.5 174.5 106.3 271.3 171.1 219.7 143.7 269.8 211.2 78.6 100.2 272.8 203.6 110.5 185.7 114.3 369.8 247.5 169.0 60.0 328.4 107.7 240.3 148.9 209.9 227.4 235.6 86.4 199.3 63.7 156.4 207.1 353.3 93.6 164.9 157.2 222.8 162.2 329.4 257.4 241.4 358.5 201.7 232.8 223.1 159.3 163.9 168.9 171.9 111.7 43.0 202.5 92.5 236.6 183.0 222.9 164.0 190.6 288.4 154.0 172.7 352.7 0.0 148.3 157.7 217.8 78.9 285.0 124.7 294.3 184.7 385.8 121.4 368.4 187.4 240.0 179.4 143.4 359.5 316.5 267.0 255.5 39.8 287.1 113.1 125.0 370.1 21.8 166.0 197.3 194.1 321.3 324.0 129.1 220.1 59.4 191.5 158.6 78.8 213.7 149.6 274.8 129.4 103.2 200.8 302.2 224.8 173.6 249.4 243.3 150.0 227.7 132.6 156.7 84.3 25.0 78.3 335.3 193.5 143.2 111.0 324.2 243.6 178.0 85.1 221.6 66.1 407.1 200.7 159.2
2174.8 153.0 167.7 152.2 140.3 288.1 166.9 328.6 283.5 305.9 153.9 291.3 167.4 53.8 278.6 67.4 184.0 138.5 375.5 254.5 202.1 280.3 95.5 166.4 223.7 266.2 172.0 83.1 118.7 269.2 299.4 165.9 146.5 210.1 378.8 256.5 264.8 131.2 360.4 112.2 266.7 244.7 218.9 223.8 100.9 182.2 146.0 113.4 259.5 167.9 362.3 196.7 244.9 166.2 219.2 71.4 325.8 122.7 256.5 367.5 119.6 241.8 183.9 107.2 207.0 129.7 251.9 167.1 120.8 163.3 188.3 251.7 286.1 219.3 267.1 137.3 249.2 103.5 133.5 313.5 148.0 0.0 260.8 164.5 134.3 245.8 180.1 290.7 287.8 346.6 161.0 383.5 283.2 200.8 175.8 66.9 368.5 277.3 227.8 351.3 165.5 283.5 216.2 220.8 385.2 147.5 261.8 293.1 154.9 330.3 284.8 232.2 229.1 111.1 203.1 261.7 181.9 174.5 221.3 235.6 108.2 206.3 161.6 298.6 185.6 123.1 114.7 204.1 253.1 174.4 121.9 252.5 155.9 123.8 92.1 431.1 202.5 4.8 166.4 339.3 108.9 187.0 141.4 182.4 72.7 416.1 209.7 239.2
2291.3 290.4 97.0 246.3 157.9 59.1 144.1 282.1 314.1 224.2 221.0 41.7 273.9 239.2 86.9 315.6 161.2 200.8 241.2 231.7 129.5 254.9 213.5 260.5 200.9 296.6 239.1 205.5 227.1 283.6 226.8 229.1 213.6 137.5 240.9 231.1 176.1 178.6 232.5 234.6 227.8 172.1 140.3 256.3 292.8 109.6 240.1 190.6 33.2 235.0 224.4 73.7 222.1 141.4 251.7 256.8 352.6 314.6 111.2 229.6 242.5 216.4 251.0 200.1 213.0 196.8 229.1 230.3 161.6 230.4 115.7 106.4 44.4 251.8 94.1 231.4 274.4 280.9 229.9 271.2 168.1 257.5 0.0 258.6 197.5 265.3 243.3 305.1 35.6 304.3 178.6 238.2 210.2 267.9 208.3 200.6 155.6 314.8 265.3 159.6 117.6 297.9 50.8 148.2 239.9 134.9 70.1 220.5 222.0 283.8 322.3 38.2 70.5 190.1 179.0 192.3 88.5 241.6 198.7 255.1 256.3 121.8 228.7 313.0 271.5 234.5 306.6 310.6 137.5 268.5 259.5 179.9 141.5 170.8 205.2 239.4 106.0 262.4 229.6 195.5 300.8 233.0 203.7 249.5 193.0 203.2 171.5 216.4
2159.8 133.5 262.2 63.0 234.8 251.6 261.4 290.5 130.8 400.4 248.4 286.5 261.9 106.1 343.0 215.1 278.5 200.8 281.7 349.0 296.6 244.3 56.6 77.2 318.2 221.8 266.5 123.1 180.7 187.8 393.9 112.8 241.0 304.6 281.4 220.5 373.5 193.2 454.9 99.4 223.9 339.2 176.1 181.0 180.5 276.7 56.8 175.4 254.7 262.4 264.9 246.7 339.4 123.4 176.4 120.8 209.6 169.5 213.7 270.1 85.6 199.0 278.4 64.4 164.2 224.2 346.4 111.7 183.1 257.8 282.8 208.9 281.3 176.5 292.4 48.1 343.7 97.2 281.2 408.0 210.0 147.6 256.0 0.0 145.1 340.3 174.8 241.8 291.7 441.1 255.5 333.4 377.7 295.3 133.0 214.6 271.1 371.8 322.3 415.7 227.8 218.1 259.3 315.3 351.5 209.8 326.2 387.6 249.4 250.9 379.3 246.7 186.3 176.9 160.3 240.4 244.2 269.0 178.5 330.1 202.7 224.6 256.1 203.9 280.1 77.6 172.0 298.6 200.3 85.2 79.1 347.0 217.9 185.8 186.6 495.5 159.7 142.5 112.3 290.7 188.5 144.2 203.7 276.9 134.7 318.7 162.2 333.7
2208.8 168.0 114.7 138.4 143.5 200.1 129.7 240.6 206.2 243.8 206.6 208.4 220.1 130.9 264.9 199.7 146.8 55.6 291.1 217.3 149.1 192.3 105.6 152.6 186.5 190.8 224.7 80.5 136.1 193.8 246.4 31.5 199.2 157.1 290.8 168.5 249.1 55.4 410.5 109.6 178.7 191.7 130.9 148.4 233.2 129.2 132.2 119.5 176.6 220.6 274.3 113.8 207.7 78.2 143.8 148.5 250.4 218.5 168.5 279.5 134.6 153.8 236.6 92.2 119.0 182.4 214.7 32.7 37.9 216.0 135.3 163.7 203.2 143.9 184.2 123.5 301.9 137.9 209.0 366.2 72.3 132.2 177.9 150.7 0.0 298.5 45.7 215.3 204.9 399.3 164.2 295.5 229.8 253.5 100.4 186.2 280.5 330.0 280.5 337.6 82.6 208.1 136.7 167.8 297.2 64.6 248.1 240.1 207.6 242.3 337.5 149.3 141.1 71.7 115.1 178.8 99.0 227.2 133.3 288.3 185.2 123.4 214.3 223.2 238.3 126.6 221.0 256.8 155.1 160.6 104.2 199.5 127.1 97.4 134.1 417.4 114.5 127.1 32.0 252.8 241.2 99.0 58.5 235.1 90.1 328.1 121.7 202.0
2193.6 336.0 212.4 335.2 185.0 338.7 211.6 511.6 402.8 350.6 155.2 321.3 107.8 236.8 232.4 281.4 228.7 339.5 520.8 299.2 246.8 463.3 276.9 349.4 268.4 449.2 193.3 280.6 302.2 452.2 344.1 338.6 102.3 254.8 520.5 439.5 325.7 281.5 205.2 309.7 449.7 289.4 401.9 406.8 248.7 226.9 329.0 217.4 312.8 148.6 504.0 315.5 289.6 349.2 402.2 254.4 508.8 270.5 390.8 509.2 302.6 424.8 183.8 290.2 390.0 151.0 296.6 337.5 309.0 163.2 233.0 386.0 324.0 402.3 293.6 320.3 9.0 288.0 270.3 158.3 280.3 256.1 279.5 347.5 335.3 0.0 381.1 473.7 295.2 191.4 205.7 517.8 327.5 172.1 358.8 216.2 435.2 140.1 90.6 288.7 220.9 466.5 321.5 265.5 519.5 238.2 230.4 337.8 134.8 513.3 147.6 317.8 350.1 265.2 386.1 380.5 300.7 129.6 404.3 9.1 239.6 325.1 162.9 481.6 87.4 297.1 262.5 132.6 337.0 383.5 304.9 297.2 166.7 256.1 203.5 311.7 385.5 251.0 338.1 475.1 256.7 370.0 342.4 60.6 268.1 482.8 392.7 283.9
2249.2 208.4 151.2 178.8 180.0 240.5 166.2 281.0 246.6 280.3 243.1 244.9 256.6 167.4 301.4 236.2 183.3 92.1 327.9 253.8 185.6 232.7 144.4 193.0 223.0 231.2 261.2 117.0 172.6 234.2 282.9 71.9 235.7 193.6 331.2 208.9 285.6 91.9 447.0 146.1 219.1 228.2 171.3 188.8 269.7 165.7 172.6 156.0 213.1 257.1 314.7 150.3 244.2 118.6 184.2 185.0 290.8 258.9 208.9 319.9 175.0 194.2 273.1 132.6 159.4 218.9 251.2 73.1 74.4 252.5 171.8 204.1 239.7 184.3 220.7 163.9 338.4 174.4 252.0 402.7 108.8 168.7 214.4 191.1 36.4 335.0 0.0 255.7 241.4 435.8 200.7 335.9 266.7 290.0 140.8 222.7 320.9 366.5 317.0 374.1 119.1 248.5 169.8 204.3 337.6 101.1 284.6 276.6 244.1 282.7 374.0 185.8 181.5 112.0 155.5 215.3 135.5 263.7 173.7 324.8 221.7 159.9 250.8 263.6 274.8 194.0 261.4 293.3 195.5 201.0 171.0 236.0 163.6 133.9 170.6 453.9 154.9 163.6 72.4 291.7 277.7 139.4 95.0 271.6 126.6 368.5 162.1 238.5
2157.4 280.9 345.7 236.8 357.8 331.1 360.7 139.8 195.7 474.8 395.8 372.3 409.3 253.5 428.8 362.5 377.8 286.6 228.2 448.3 380.1 233.3 202.4 251.0 417.5 153.9 413.9 246.6 304.2 60.5 477.4 198.6 388.4 388.1 231.5 209.5 443.1 286.4 574.4 222.9 309.7 422.7 261.9 195.5 327.9 360.2 230.6 298.9 340.5 409.8 215.0 332.5 438.7 209.2 156.1 268.2 58.9 316.9 214.0 220.2 233.0 250.6 425.8 190.6 250.0 371.6 445.7 197.5 268.9 405.2 366.3 218.8 367.1 177.7 378.2 175.0 491.1 244.6 428.6 555.4 303.3 295.0 341.8 249.1 230.9 487.7 260.6 0.0 377.5 588.5 378.5 281.8 461.2 442.7 178.8 362.0 221.2 519.2 469.7 501.5 313.6 16.6 345.3 398.8 200.8 295.6 412.0 471.1 396.8 195.6 526.7 332.5 272.1 296.6 246.1 326.2 330.0 416.4 264.3 477.5 350.1 310.4 403.5 31.7 427.5 225.0 319.4 446.0 286.1 176.4 202.6 430.5 341.4 309.3 313.5 581.3 245.5 289.9 198.1 232.8 335.9 230.0 289.5 424.3 258.2 268.8 252.7 433.0
2284.1 341.3 89.8 297.2 150.7 98.3 136.9 354.1 365.0 217.0 213.8 87.2 227.3 232.0 110.7 308.4 154.0 193.6 283.1 224.5 122.3 305.8 273.7 311.4 193.7 349.6 231.9 198.3 219.9 352.6 219.6 221.9 206.4 130.3 286.4 282.0 124.2 171.4 256.3 227.4 192.1 164.9 180.0 307.2 285.6 102.4 291.0 183.4 78.7 227.8 269.9 90.1 214.9 192.3 302.6 249.6 399.2 307.4 156.7 275.1 293.4 267.3 243.8 251.0 177.3 189.6 221.9 223.1 154.4 223.2 108.5 151.9 152.8 302.7 58.4 282.3 298.2 273.7 222.7 295.0 160.9 250.3 45.4 309.5 190.3 289.1 236.1 374.1 0.0 328.1 171.4 283.7 203.4 260.7 259.2 193.4 201.1 338.6 289.1 183.4 110.4 366.9 82.9 141.0 285.4 127.7 93.9 213.3 214.8 355.8 346.1 98.9 116.0 179.1 143.3 156.6 104.9 234.4 163.0 278.9 249.1 135.4 221.5 382.0 295.3 292.3 299.4 264.0 101.8 319.4 252.3 172.7 134.3 163.6 198.0 263.2 179.8 255.2 222.4 239.5 293.6 197.3 196.5 242.3 185.8 248.7 222.4 209.2
2347.1 457.7 319.6 442.4 292.2 366.4 318.8 618.8 573.7 457.8 262.4 355.3 215.0 344.0 266.4 434.9 335.9 446.7 551.2 406.4 354.0 570.5 385.7 456.6 375.6 556.4 300.5 387.8 409.4 559.4 451.3 445.8 209.5 362.0 554.5 546.7 416.7 388.7 239.2 416.9 502.9 396.6 509.1 514.0 402.2 334.1 436.2 324.6 346.8 255.8 538.0 387.3 396.8 456.4 509.4 361.6 616.0 424.0 424.8 543.2 409.8 532.0 291.0 397.4 497.2 258.2 403.8 444.7 416.2 270.4 340.2 420.0 358.0 509.5 369.2 427.5 215.5 395.2 423.8 103.9 387.5 363.3 313.5 454.7 442.5 206.4 488.3 580.9 347.5 0.0 312.9 551.8 435.1 279.3 466.0 323.4 469.2 255.9 206.4 322.7 328.1 573.7 367.8 372.7 553.5 345.4 264.4 445.0 242.0 620.5 263.4 351.8 384.1 368.6 493.3 467.4 402.1 242.1 511.5 196.2 346.8 432.3 270.1 588.8 212.6 404.3 416.0 251.7 412.6 464.6 412.1 404.4 273.9 363.3 310.7 345.7 419.6 358.2 445.3 507.6 410.2 477.2 449.6 229.4 375.3 516.8 499.9 391.1
2208.9 256.0 82.9 264.7 31.2 237.6 82.1 412.0 332.5 221.1 138.6 226.5 152.1 156.8 193.8 233.2 99.2 174.6 422.4 169.7 117.3 363.7 198.5 278.9 138.9 354.8 156.7 137.8 159.4 357.8 214.6 202.9 131.2 125.3 425.7 339.9 180.0 138.7 339.4 166.9 297.8 159.9 285.7 312.4 210.4 97.4 258.5 122.9 218.0 152.6 409.2 186.0 160.1 249.6 307.8 174.4 411.3 232.2 296.0 414.4 222.6 325.2 168.6 210.2 256.3 114.4 167.1 204.1 135.4 148.0 103.5 291.2 258.5 307.9 164.1 249.8 233.9 208.0 147.5 378.1 127.3 175.1 184.7 277.0 171.3 230.5 217.1 379.3 165.7 411.2 0.0 423.0 198.4 185.5 264.4 118.2 340.4 262.0 212.5 266.5 91.4 372.1 188.6 136.0 424.7 108.7 177.0 208.3 139.6 413.7 269.5 204.6 255.3 118.6 249.0 251.0 171.2 159.2 242.0 220.3 159.6 195.6 146.3 387.2 170.3 217.1 224.2 188.8 207.5 286.9 191.8 167.7 59.1 103.1 123.5 346.3 285.5 180.0 203.4 378.8 218.4 270.4 177.5 167.1 125.3 388.0 293.1 154.4
2267.8 366.4 346.6 322.3 407.5 238.8 393.7 226.8 306.1 473.8 481.3 280.0 523.5 339.0 336.5 448.0 410.8 359.5 182.3 481.3 379.1 241.9 287.9 336.5 450.5 241.3 499.4 332.1 389.7 228.3 476.4 271.5 473.9 387.1 185.6 218.1 404.3 357.4 482.1 308.4 289.1 421.7 216.3 332.3 413.4 359.2 316.1 384.4 248.2 495.3 169.1 275.7 471.7 217.4 327.7 353.7 221.9 402.4 137.6 174.3 318.5 292.4 511.3 276.1 277.6 457.1 478.7 270.4 340.4 490.7 365.3 142.4 274.8 327.8 339.4 307.4 524.0 330.1 479.5 520.8 369.5 380.5 249.5 334.6 303.8 514.9 333.5 249.8 285.2 553.9 428.2 0.0 460.2 528.2 284.3 450.2 144.8 564.4 514.9 409.2 367.2 242.6 256.2 397.8 109.2 361.8 319.7 470.1 482.3 228.5 571.9 240.2 179.8 377.5 225.5 305.6 290.5 501.9 291.9 504.7 435.6 321.0 489.0 257.7 521.1 310.5 404.9 560.2 265.5 286.8 288.1 429.5 391.1 394.6 399.0 489.0 182.0 375.4 271.0 63.3 421.4 257.6 362.4 509.8 343.7 192.4 247.5 466.0
2346.6 408.2 180.7 387.7 213.2 291.4 139.2 493.0 455.5 68.6 276.3 274.0 289.8 294.5 241.3 370.9 123.3 256.1 473.5 112.7 141.9 445.2 334.1 401.9 127.7 443.7 293.9 260.8 282.4 446.7 123.7 284.4 268.9 104.5 473.2 421.4 243.7 233.9 386.9 289.9 344.8 80.0 333.2 401.3 348.1 124.4 381.0 245.9 265.5 289.8 456.7 243.3 128.9 331.1 396.2 312.1 503.3 369.9 343.5 461.9 360.3 406.7 305.8 347.9 330.5 252.1 64.8 285.6 216.9 285.7 115.3 338.7 306.0 396.3 211.6 372.8 428.3 336.2 278.7 425.6 223.4 312.8 232.2 400.0 252.8 419.7 298.6 468.2 213.2 458.7 233.9 470.5 0.0 322.7 353.3 255.9 387.9 469.2 419.7 314.0 172.9 461.0 239.5 83.4 472.2 190.2 224.5 115.3 276.8 495.2 476.7 252.1 302.8 244.9 296.5 309.3 252.7 291.6 316.2 409.5 311.6 279.9 284.0 476.1 308.0 354.8 361.9 326.0 255.0 409.9 314.8 99.5 196.8 226.1 260.5 393.8 333.0 317.7 284.9 427.8 355.6 350.5 259.0 304.8 248.3 435.5 369.9 99.2
2234.3 277.9 139.8 262.6 112.4 300.8 139.0 439.0 393.9 278.0 82.6 283.4 75.5 164.2 250.7 251.0 156.1 266.9 489.5 226.6 174.2 390.7 204.3 276.8 195.8 376.6 120.7 208.0 229.6 379.6 271.5 266.0 54.6 182.2 489.2 366.9 236.9 208.9 268.5 237.1 377.1 216.8 329.3 334.2 235.8 154.3 256.4 144.8 274.9 58.0 472.7 242.9 217.0 276.6 329.6 181.8 436.2 257.6 352.9 477.9 230.0 352.2 125.8 217.6 317.4 78.4 224.0 264.9 236.4 105.2 160.4 348.1 315.4 329.7 221.0 247.7 157.3 215.4 172.9 221.6 207.7 183.5 241.6 274.9 262.7 153.9 308.5 401.1 222.6 254.7 133.1 479.9 254.9 0.0 286.2 143.6 397.3 185.4 135.9 323.4 148.3 393.9 248.9 192.9 481.6 165.6 233.9 265.2 62.2 440.7 192.9 261.5 339.5 192.6 313.5 307.9 228.1 82.6 331.7 143.7 167.0 252.5 90.3 409.0 93.7 224.5 249.6 112.2 264.4 284.8 232.3 224.6 94.1 183.5 130.9 403.2 312.9 178.4 265.5 437.2 243.8 297.4 269.8 90.5 195.5 444.9 320.1 211.3
2197.5 171.2 236.0 127.1 248.1 221.4 251.0 221.9 194.9 365.1 286.1 262.6 299.6 143.8 319.1 252.8 268.1 176.9 250.8 338.6 270.4 217.0 92.7 141.3 307.8 139.5 304.2 136.9 194.5 142.5 367.7 88.9 278.7 278.4 254.1 193.2 333.4 176.7 464.7 113.2 200.0 313.0 152.2 97.1 218.2 250.5 120.9 189.2 230.8 300.1 237.6 222.8 329.0 99.5 92.5 158.5 199.1 207.2 236.6 242.8 123.3 175.1 316.1 80.9 140.3 261.9 336.0 87.8 159.2 295.5 256.6 241.4 257.4 92.6 268.5 112.2 381.4 134.9 318.9 445.7 193.6 185.3 232.1 139.4 121.2 378.0 150.9 164.0 267.8 478.8 268.8 306.1 351.5 333.0 0.0 252.3 243.8 409.5 360.0 391.8 203.9 156.8 235.6 289.1 341.0 185.9 302.3 361.4 287.1 223.6 417.0 222.8 162.4 186.9 136.4 216.5 220.3 306.7 154.6 367.8 240.4 200.7 293.8 171.9 317.8 115.3 209.7 336.3 176.4 149.3 92.9 320.8 231.7 199.6 203.8 471.6 135.8 180.2 88.4 261.9 226.2 120.3 179.8 314.6 148.5 291.4 143.0 323.3
2145.9 224.4 120.8 209.1 93.4 345.0 120.0 385.5 340.4 259.0 149.7 325.4 163.2 110.7 231.7 114.9 137.1 195.4 432.4 207.6 155.2 337.2 152.4 223.3 176.8 323.1 167.8 140.0 168.6 326.1 252.5 222.8 142.3 163.2 435.7 313.4 217.9 147.9 356.2 169.1 323.6 197.8 275.8 280.7 147.4 135.3 202.9 83.8 293.6 163.7 419.2 230.8 198.0 223.1 276.1 128.3 382.7 169.2 313.4 424.4 176.5 298.7 179.7 164.1 263.9 125.5 205.0 224.0 175.4 159.1 141.4 308.6 320.2 276.2 202.0 194.2 245.0 160.4 66.5 309.3 146.7 56.8 294.9 221.4 191.2 241.6 237.0 347.6 203.6 342.4 114.1 440.4 236.3 196.6 232.7 0.0 425.4 273.1 223.6 304.4 186.6 340.4 250.3 173.9 442.1 168.6 214.9 246.2 150.7 387.2 280.6 266.3 286.0 127.8 260.0 295.8 216.0 170.3 286.8 231.4 75.5 240.4 157.4 355.5 181.4 180.0 161.2 199.9 287.2 231.3 178.8 205.6 75.1 122.5 69.9 384.2 259.4 61.7 223.3 396.2 155.4 243.9 198.3 178.2 129.6 473.0 266.6 192.3
2225.6 259.7 239.9 215.6 300.8 132.1 287.0 272.5 283.4 367.1 374.6 173.3 416.8 232.3 229.8 341.3 304.1 252.8 140.1 374.6 272.4 224.2 181.2 229.8 343.8 268.0 392.7 225.4 283.0 271.0 369.7 164.8 367.2 280.4 143.4 200.4 297.6 250.7 375.4 201.7 182.4 315.0 109.6 225.6 306.7 252.5 209.4 277.7 141.5 388.6 126.9 169.0 365.0 110.7 221.0 247.0 255.1 295.7 30.9 132.1 211.8 185.7 404.6 169.4 170.9 350.4 372.0 163.7 233.7 384.0 258.6 35.7 168.1 221.1 232.7 200.7 417.3 223.4 372.8 414.1 262.8 273.8 142.8 227.9 197.1 408.2 226.8 292.5 178.5 447.2 321.5 140.7 353.5 421.5 177.6 343.5 0.0 457.7 408.2 302.5 260.5 285.3 149.5 291.1 142.4 255.1 213.0 363.4 375.6 274.2 465.2 133.5 73.1 270.8 118.8 198.9 183.8 395.2 185.2 398.0 328.9 214.3 382.3 300.4 414.4 203.8 298.2 453.5 158.8 237.8 181.4 322.8 284.4 287.9 292.3 382.3 75.3 268.7 164.3 96.5 314.7 150.9 255.7 403.1 237.0 47.6 140.8 359.3
2275.3 353.4 229.8 352.6 202.4 356.4 229.0 529.0 483.9 368.0 172.6 345.3 125.2 254.2 256.4 341.0 246.1 356.9 541.2 316.6 264.2 480.7 295.9 366.8 285.8 466.6 210.7 298.0 319.6 469.6 361.5 356.0 119.7 272.2 544.5 456.9 326.9 298.9 229.2 327.1 467.1 306.8 419.3 424.2 330.4 244.3 346.4 234.8 336.8 166.0 528.0 332.9 307.0 366.6 419.6 271.8 526.2 352.2 414.8 533.2 320.0 442.2 201.2 307.6 407.4 168.4 314.0 354.9 326.4 180.6 250.4 410.0 348.0 419.7 311.0 337.7 143.7 305.4 262.9 182.3 297.7 273.5 303.5 364.9 352.7 134.6 398.5 491.1 312.6 215.4 223.1 541.8 345.3 189.5 376.2 233.6 459.2 0.0 65.2 312.7 238.3 483.9 335.5 282.9 543.5 255.6 254.4 355.2 152.2 530.7 7.4 351.5 374.1 278.8 403.5 397.9 318.1 152.3 421.7 124.4 257.0 342.5 180.3 499.0 122.8 314.5 344.2 161.9 354.4 374.8 322.3 314.6 184.1 273.5 220.9 335.7 402.9 268.4 355.5 497.6 338.4 387.4 359.8 139.6 285.5 506.8 410.1 301.3
2244.1 336.7 198.6 321.4 171.2 325.2 197.8 497.8 452.7 336.8 141.4 314.1 94.0 223.0 225.2 309.8 214.9 325.7 510.0 285.4 233.0 449.5 264.7 335.6 254.6 435.4 179.5 266.8 288.4 438.4 330.3 324.8 88.5 241.0 513.3 425.7 295.7 267.7 198.0 295.9 435.9 275.6 388.1 393.0 299.2 213.1 315.2 203.6 305.6 134.8 496.8 301.7 275.8 335.4 388.4 240.6 495.0 321.0 383.6 502.0 288.8 411.0 170.0 276.4 376.2 137.2 282.8 323.7 295.2 149.4 219.2 378.8 316.8 388.5 279.8 306.5 112.5 274.2 231.7 151.1 266.5 242.3 272.3 333.7 321.5 103.4 367.3 459.9 281.4 184.2 191.9 510.6 314.1 158.3 345.0 202.4 428.0 63.5 0.0 281.5 207.1 452.7 304.3 251.7 512.3 224.4 223.2 324.0 121.0 499.5 71.0 320.3 342.9 247.6 372.3 366.7 286.9 121.1 390.5 93.2 225.8 311.3 149.1 467.8 91.6 283.3 313.0 130.7 323.2 343.6 291.1 283.4 152.9 242.3 189.7 304.5 371.7 237.2 324.3 466.4 307.2 356.2 328.6 108.4 254.3 475.6 378.9 270.1
2383.6 440.6 189.3 396.5 250.2 203.0 236.4 432.3 464.3 316.5 345.6 191.9 298.2 331.5 71.9 407.9 253.5 293.1 387.8 324.0 221.8 405.1 362.1 410.7 293.2 446.8 383.7 297.8 319.4 433.8 319.1 321.4 292.7 229.8 391.1 381.3 303.4 270.9 256.8 326.9 339.5 264.4 290.5 406.5 385.1 201.9 390.3 282.9 183.4 339.0 374.6 223.9 314.4 291.6 401.9 349.1 502.8 406.9 261.4 379.8 392.7 366.6 374.2 350.3 324.7 341.4 321.4 322.6 253.9 353.6 208.0 256.6 194.6 402.0 205.8 381.6 298.7 373.2 322.2 295.5 260.4 349.8 150.1 408.8 289.8 289.6 335.6 455.3 184.1 328.6 270.9 388.4 302.9 362.5 358.5 292.9 305.8 339.1 289.6 0.0 209.9 448.1 204.4 240.5 390.1 227.2 106.2 312.8 325.2 434.0 346.6 188.4 220.7 278.6 290.7 304.0 238.7 325.3 310.4 279.4 348.6 269.2 353.3 463.2 295.8 391.8 398.9 334.9 249.2 418.7 351.8 272.2 233.8 263.1 297.5 82.3 256.2 354.7 321.9 344.2 393.1 344.7 296.0 312.6 285.3 353.4 321.7 308.7
2194.2 241.3 32.0 218.3 60.8 183.9 47.0 320.5 286.1 161.1 123.9 189.1 137.4 142.1 142.9 218.5 64.1 83.1 367.4 134.6 66.4 272.2 183.8 232.5 103.8 270.7 142.0 108.4 130.0 273.7 163.7 111.4 116.5 74.4 370.7 248.4 129.1 60.9 288.5 137.5 241.2 109.0 210.8 228.3 195.7 46.5 212.1 93.5 157.3 137.9 354.2 94.5 125.0 158.1 223.7 159.7 330.3 217.5 242.3 359.4 207.9 233.7 153.9 172.1 164.8 99.7 132.0 112.6 43.9 133.3 52.6 237.5 183.9 223.8 164.9 203.4 219.2 183.8 132.8 283.5 50.4 160.4 158.6 230.6 79.8 215.8 125.6 295.2 185.6 316.6 81.5 369.3 147.5 170.8 180.3 103.5 360.4 247.3 197.8 215.6 0.0 288.0 114.0 85.1 371.0 17.2 126.1 157.4 124.9 322.2 254.8 130.0 221.0 81.0 192.4 159.5 79.7 144.5 150.5 205.6 159.2 104.1 131.6 303.1 155.6 202.4 209.5 174.1 150.9 240.5 162.4 116.8 44.4 73.7 108.1 295.4 194.4 165.3 111.9 325.1 203.7 178.9 86.0 152.4 95.9 408.0 201.6 119.3
2137.2 260.7 325.5 216.6 337.6 310.9 340.5 123.1 175.5 454.6 375.6 352.1 389.1 233.3 408.6 342.3 357.6 266.4 208.0 428.1 359.9 216.6 182.2 230.8 397.3 133.7 393.7 226.4 284.0 40.3 457.2 178.4 368.2 367.9 211.3 192.8 422.9 266.2 554.2 202.7 289.5 402.5 241.7 175.3 307.7 340.0 210.4 278.7 320.3 389.6 194.8 312.3 418.5 189.0 135.9 248.0 42.2 296.7 193.8 200.0 212.8 233.9 405.6 170.4 229.8 351.4 425.5 177.3 248.7 385.0 346.1 198.6 346.9 157.5 358.0 154.8 470.9 224.4 408.4 535.2 283.1 274.8 321.6 228.9 210.7 467.5 240.4 23.6 357.3 568.3 358.3 265.1 441.0 422.5 158.6 341.8 201.0 499.0 449.5 481.3 293.4 0.0 325.1 378.6 184.1 275.4 391.8 450.9 376.6 178.9 506.5 312.3 251.9 276.4 225.9 306.0 309.8 396.2 244.1 457.3 329.9 290.2 383.3 15.0 407.3 204.8 299.2 425.8 265.9 156.2 182.4 410.3 321.2 289.1 293.3 561.1 225.3 269.7 177.9 216.1 315.7 209.8 269.3 404.1 238.0 248.6 232.5 412.8
2307.9 288.6 113.6 244.5 174.5 76.1 160.7 304.8 312.3 240.8 237.6 75.0 251.1 219.5 131.5 288.3 177.8 123.3 258.2 248.3 146.1 253.1 211.7 258.7 217.5 296.9 259.1 162.1 183.7 299.9 243.4 151.6 230.2 154.1 257.9 229.3 164.2 101.1 277.1 191.2 139.4 188.7 127.3 254.5 309.4 129.6 241.7 165.2 43.2 251.6 241.4 19.4 238.7 139.6 249.9 237.1 346.5 328.0 128.2 246.6 240.7 214.6 267.6 198.3 124.6 213.4 249.1 152.8 84.1 247.0 132.3 123.4 69.8 250.0 83.1 229.6 315.6 226.5 240.0 315.8 113.2 220.8 41.1 256.8 120.0 306.5 165.8 321.4 80.2 348.9 195.2 255.2 226.8 284.5 206.5 217.2 172.6 359.4 309.9 204.2 123.5 314.2 0.0 164.8 256.9 105.5 114.7 237.1 242.0 303.1 366.9 16.0 87.5 120.8 90.6 107.3 34.2 252.9 110.3 296.3 230.9 67.5 245.3 329.3 316.1 246.1 323.2 291.2 49.1 266.7 216.1 196.5 158.1 138.3 179.8 284.0 127.1 215.7 152.1 209.1 320.8 144.6 126.2 266.1 149.6 220.2 165.0 233.0
2263.1 324.7 68.8 304.2 129.7 201.6 167.2 410.0 372.0 97.1 192.8 190.5 206.3 211.0 157.8 287.4 151.3 172.6 386.4 140.7 58.4 361.7 252.7 318.4 155.7 360.2 210.9 177.3 198.9 363.2 78.5 200.9 185.4 43.2 389.7 337.9 144.0 150.4 303.4 206.4 261.8 77.8 249.7 317.8 264.6 41.4 298.0 162.4 182.0 206.8 373.2 159.8 156.9 247.6 313.2 228.6 419.8 286.4 260.0 378.4 276.8 323.2 222.8 264.4 247.0 168.6 92.8 202.1 133.4 202.2 32.3 255.2 222.5 313.3 128.1 289.3 345.3 252.7 201.7 342.1 139.9 229.3 148.7 316.5 169.3 336.2 215.1 384.7 129.7 375.2 150.4 387.0 62.3 239.7 269.8 172.4 304.4 385.7 336.2 230.5 89.4 377.5 152.6 0.0 388.7 106.7 141.0 126.2 193.8 411.7 393.2 168.6 219.3 158.1 213.0 226.3 169.2 213.4 232.7 326.0 228.1 193.6 200.5 392.6 224.5 271.3 278.4 243.0 171.5 326.4 231.3 85.6 113.3 142.6 177.0 310.3 249.5 234.2 201.4 342.8 272.6 267.0 175.5 221.3 164.8 352.0 291.1 127.2
2271.6 370.2 350.4 326.1 411.3 242.6 397.5 179.4 309.9 477.6 485.1 283.8 527.3 342.8 340.3 451.8 414.6 363.3 186.1 485.1 382.9 272.9 291.7 340.3 454.3 245.1 503.2 335.9 393.5 232.1 480.2 275.3 477.7 390.9 189.4 249.1 408.1 361.2 485.9 312.2 292.9 425.5 220.1 336.1 417.2 363.0 319.9 388.2 252.0 499.1 172.9 279.5 475.5 221.2 331.5 357.5 146.5 406.2 141.4 178.1 322.3 290.2 515.1 279.9 281.4 460.9 482.5 274.2 344.2 494.5 369.1 146.2 278.6 331.6 343.2 311.2 527.8 333.9 483.3 524.6 373.3 384.3 253.3 338.4 307.6 518.7 337.3 220.9 289.0 557.7 432.0 131.3 464.0 532.0 288.1 454.0 148.6 568.2 518.7 413.0 371.0 197.2 260.0 401.6 0.0 365.6 323.5 473.9 486.1 232.3 575.7 244.0 183.6 381.3 229.3 309.4 294.3 505.7 295.7 508.5 439.4 324.8 492.8 183.0 524.9 314.3 408.7 564.0 269.3 290.6 291.9 433.3 394.9 398.4 402.8 492.8 185.8 379.2 274.8 45.8 425.2 261.4 366.2 513.6 347.5 196.2 251.3 469.8
2212.2 245.1 50.0 201.0 78.8 166.6 65.0 303.2 268.8 179.1 141.9 171.8 155.4 160.1 160.9 230.8 82.1 65.8 350.1 152.6 84.4 254.9 166.6 215.2 121.8 253.4 160.0 104.6 126.2 256.4 181.7 94.1 134.5 92.4 353.4 231.1 147.1 43.6 306.5 133.7 223.9 127.0 193.5 211.0 213.7 64.5 194.8 96.9 140.0 155.9 336.9 77.2 143.0 140.8 206.4 177.7 313.0 235.5 225.0 342.1 197.2 216.4 171.9 154.8 147.5 117.7 150.0 95.3 26.6 151.3 70.6 220.2 166.6 206.5 147.6 186.1 237.2 169.0 150.8 301.5 33.1 163.3 141.3 213.3 62.5 233.8 108.3 277.9 168.3 334.6 99.5 352.0 165.5 188.8 163.0 121.5 343.1 265.3 215.8 233.6 17.9 270.7 96.7 103.1 353.7 0.0 144.1 175.4 142.9 304.9 272.8 112.7 203.7 63.7 175.1 142.2 62.4 162.5 133.2 223.6 162.6 86.8 149.6 285.8 173.6 188.6 227.5 192.1 133.6 223.2 158.6 134.8 62.4 58.2 111.5 313.4 177.1 158.2 94.6 307.8 221.7 161.6 68.7 170.4 92.1 390.7 184.3 137.3
2349.2 372.9 121.6 328.8 182.5 135.3 168.7 364.6 396.6 248.8 264.5 124.2 217.1 263.8 35.3 340.2 185.8 225.4 320.1 256.3 154.1 337.4 294.4 343.0 225.5 379.1 302.6 230.1 251.7 366.1 251.4 253.7 211.6 162.1 323.4 313.6 224.2 203.2 175.7 259.2 325.3 196.7 222.8 338.8 317.4 134.2 322.6 215.2 115.7 257.9 306.9 156.2 246.7 223.9 334.2 281.4 435.1 339.2 193.7 312.1 325.0 298.9 293.1 282.6 310.5 260.3 253.7 254.9 186.2 272.5 140.3 188.9 126.9 334.3 191.6 313.9 217.6 305.5 254.5 214.4 192.7 282.1 82.4 341.1 222.1 208.5 267.9 387.6 116.4 247.5 203.2 320.7 235.2 281.4 290.8 225.2 238.1 258.0 208.5 108.0 142.2 380.4 136.7 172.8 322.4 159.5 0.0 245.1 244.1 366.3 265.5 120.7 153.0 210.9 276.5 289.8 171.0 244.2 296.2 198.3 280.9 201.5 272.2 395.5 214.7 324.1 331.2 253.8 235.0 351.0 284.1 204.5 166.1 195.4 229.8 182.6 188.5 287.0 254.2 276.5 325.4 330.5 228.3 231.5 217.6 285.7 254.0 241.0
2332.1 393.7 137.8 373.2 198.7 270.6 151.9 479.0 441.0 64.0 261.8 259.5 275.3 280.0 226.8 356.4 136.0 241.6 455.4 125.4 127.4 430.7 321.7 387.4 140.4 429.2 279.9 246.3 267.9 432.2 181.5 269.9 254.4 69.5 458.7 406.9 213.0 219.4 372.4 275.4 330.8 45.0 318.7 386.8 333.6 110.4 367.0 231.4 251.0 275.8 442.2 228.8 141.6 316.6 382.2 297.6 488.8 355.4 329.0 447.4 345.8 392.2 291.8 333.4 316.0 237.6 77.5 271.1 202.4 271.2 101.3 324.2 291.5 382.3 197.1 358.3 414.3 321.7 270.7 411.1 208.9 298.3 217.7 385.5 238.3 405.2 284.1 453.7 198.7 444.2 219.4 456.0 111.6 308.7 338.8 241.4 373.4 454.7 405.2 299.5 158.4 446.5 221.6 102.9 457.7 175.7 210.0 0.0 262.8 480.7 462.2 237.6 288.3 227.1 282.0 295.3 238.2 282.4 301.7 395.0 297.1 262.6 269.5 461.6 293.5 340.3 347.4 312.0 240.5 395.4 300.3 65.0 182.3 211.6 246.0 379.3 318.5 303.2 270.4 411.8 341.6 336.0 244.5 290.3 233.8 421.0 360.1 111.9
2202.4 246.0 107.9 230.7 80.5 268.9 107.1 407.1 362.0 246.1 50.7 251.5 62.8 132.3 218.8 219.1 124.2 235.0 457.6 194.7 142.3 358.8 172.4 244.9 163.9 344.7 88.8 176.1 197.7 347.7 239.6 234.1 41.9 150.3 457.3 335.0 221.2 177.0 255.8 205.2 345.2 184.9 297.4 302.3 203.9 122.4 224.5 112.9 243.0 63.3 440.8 211.0 185.1 244.7 297.7 149.9 404.3 225.7 321.0 446.0 198.1 320.3 61.3 185.7 285.5 46.5 192.1 233.0 204.5 40.7 128.5 316.2 283.5 297.8 189.1 215.8 144.6 183.5 141.0 208.9 175.8 151.6 209.7 243.0 230.8 141.2 276.6 369.2 190.7 242.0 101.2 448.0 223.0 45.8 254.3 111.7 365.4 172.7 123.2 291.5 116.4 362.0 217.0 161.0 449.7 133.7 202.0 233.3 0.0 408.8 180.2 229.6 307.6 160.7 281.6 276.0 196.2 64.6 299.8 131.0 135.1 220.6 58.4 377.1 81.0 192.6 217.7 99.5 232.5 252.9 200.4 192.7 62.2 151.6 99.0 371.3 281.0 146.5 233.6 405.3 211.9 265.5 237.9 77.8 163.6 413.0 288.2 179.4
2200.0 320.0 389.9 275.9 396.9 312.3 387.2 96.7 238.3 501.3 434.9 353.5 448.4 292.6 410.0 401.6 404.3 313.1 207.9 474.8 406.6 156.1 241.5 290.1 444.0 173.5 453.0 285.7 343.3 160.5 503.9 225.1 427.5 414.6 211.2 132.3 424.3 312.9 555.6 262.0 290.9 449.2 243.1 285.9 367.0 386.7 269.7 338.0 321.7 448.9 194.7 328.1 465.2 190.4 216.7 307.3 141.8 356.0 193.7 199.9 272.1 173.4 464.9 229.7 213.2 410.7 472.2 224.0 295.4 444.3 392.8 198.5 348.3 281.4 359.4 261.0 530.2 283.7 467.7 594.3 329.8 334.1 323.0 288.2 257.4 526.8 287.1 182.0 358.7 627.4 417.6 313.7 487.7 481.8 237.9 401.1 200.9 558.3 508.8 482.7 340.1 174.8 326.5 425.3 215.7 322.1 393.2 497.6 435.9 0.0 565.8 313.7 253.3 333.0 227.3 305.2 313.3 455.5 227.5 516.6 389.2 273.6 442.6 178.3 466.6 264.1 358.5 485.1 267.3 219.0 241.7 457.0 380.5 348.4 352.6 562.5 226.7 329.0 224.6 247.7 375.0 193.2 316.0 463.4 297.3 248.5 233.9 459.5
2282.8 360.9 237.3 360.1 209.9 363.9 236.5 536.5 491.4 375.5 180.1 352.8 132.7 261.7 263.9 348.5 253.6 364.4 548.7 324.1 271.7 488.2 303.4 374.3 293.3 474.1 218.2 305.5 327.1 477.1 369.0 363.5 127.2 279.7 552.0 464.4 334.4 306.4 236.7 334.6 474.6 314.3 426.8 431.7 337.9 251.8 353.9 242.3 344.3 173.5 535.5 340.4 314.5 374.1 427.1 279.3 533.7 359.7 422.3 540.7 327.5 449.7 208.7 315.1 414.9 175.9 321.5 362.4 333.9 188.1 257.9 417.5 355.5 427.2 318.5 345.2 151.2 312.9 270.4 189.8 305.2 281.0 311.0 372.4 360.2 142.1 406.0 498.6 320.1 222.9 230.6 549.3 352.8 197.0 383.7 241.1 466.7 7.4 72.7 320.2 245.8 491.4 343.0 290.4 551.0 263.1 261.9 362.7 159.7 538.2 0.0 359.0 381.6 286.3 411.0 405.4 325.6 159.8 429.2 131.9 264.5 350.0 187.8 506.5 130.3 322.0 351.7 169.4 361.9 382.3 329.8 322.1 191.6 281.0 228.4 343.2 410.4 275.9 363.0 505.1 345.9 394.9 367.3 147.1 293.0 514.3 417.6 308.8
2319.9 304.6 125.6 260.5 186.5 53.8 172.7 317.4 328.3 252.8 249.6 59.0 302.5 235.5 115.5 304.3 189.8 139.3 238.6 260.3 158.1 269.1 226.1 274.7 229.5 312.9 267.7 178.1 199.7 315.9 255.4 167.6 242.2 166.1 241.9 245.3 164.0 117.1 261.1 207.2 155.4 200.7 143.3 270.5 321.4 138.2 254.3 181.2 27.2 263.6 225.4 35.4 250.7 155.6 265.9 253.1 362.5 343.2 112.2 230.6 256.7 230.6 279.6 214.3 140.6 225.4 257.7 168.8 100.1 259.0 144.3 107.4 53.8 266.0 99.1 245.6 303.0 242.5 258.5 299.8 129.2 236.8 28.5 272.8 136.0 293.9 181.8 337.4 64.2 332.9 207.2 239.2 239.2 296.5 222.5 229.2 156.6 343.4 293.9 188.2 139.5 330.2 16.0 176.8 240.9 121.5 98.7 249.1 250.6 319.1 350.9 0.0 71.5 137.2 106.6 119.9 50.2 270.2 126.3 283.7 246.9 80.7 257.3 345.3 300.1 262.1 335.2 339.2 65.1 282.7 232.1 208.5 170.1 154.3 195.8 268.0 143.1 231.7 168.1 195.0 329.4 160.6 142.2 278.1 165.6 204.2 185.7 245.0
2252.5 219.8 166.7 175.7 227.6 58.9 213.8 211.5 243.5 293.9 290.7 100.1 343.6 192.4 156.6 301.4 230.9 199.7 167.0 301.4 199.2 184.3 141.3 189.9 270.6 226.0 308.8 238.5 260.1 213.0 296.5 124.9 283.3 207.2 170.3 160.5 224.4 177.5 302.2 161.8 142.5 241.8 69.7 185.7 266.8 179.3 169.5 241.6 68.3 304.7 153.8 95.8 291.8 70.8 181.1 207.1 282.0 255.8 40.6 159.0 171.9 145.8 320.7 129.5 131.0 266.5 298.8 123.8 160.5 300.1 185.4 35.8 94.9 181.2 159.5 160.8 344.1 183.5 299.6 340.9 189.6 233.9 69.6 188.0 196.4 335.0 242.2 234.5 105.3 374.0 248.3 167.6 280.3 337.6 137.7 270.3 85.0 384.5 335.0 229.3 187.3 227.3 76.3 217.9 169.3 181.9 139.8 290.2 291.7 213.2 392.0 60.3 0.0 197.6 78.9 180.3 110.6 311.3 186.7 324.8 307.3 141.1 298.4 242.4 341.2 163.9 258.3 380.3 125.5 197.9 141.5 249.6 211.2 214.7 256.2 309.1 35.4 228.8 124.4 123.4 274.8 111.0 202.6 319.2 226.0 132.6 100.9 286.1
2240.0 201.1 100.0 171.5 106.6 194.8 115.0 320.3 239.3 229.1 177.1 193.7 190.6 113.0 250.2 181.8 132.1 82.9 367.2 202.6 134.4 272.0 153.1 185.7 171.8 261.6 195.2 44.6 66.2 264.6 231.7 111.2 169.7 142.4 370.5 248.2 234.4 16.2 395.8 73.7 245.8 177.0 210.6 219.2 215.3 114.5 165.3 47.7 161.9 191.1 354.0 99.1 193.0 157.9 214.6 130.6 318.1 237.1 246.9 359.2 167.7 233.5 207.1 125.3 169.4 152.9 200.0 112.4 43.7 186.5 120.6 242.1 188.5 214.7 169.5 156.6 272.4 120.0 208.5 336.7 57.6 114.3 163.2 183.8 79.6 269.0 125.4 286.1 190.2 369.8 127.3 373.9 215.1 224.0 171.2 141.9 360.2 300.5 251.0 322.9 67.9 278.9 118.6 153.1 375.6 49.9 233.4 225.4 178.1 322.0 308.0 134.6 220.8 0.0 194.8 164.1 84.3 192.4 155.1 258.8 113.4 108.7 184.8 294.0 208.8 139.6 229.1 227.3 155.5 193.7 98.6 184.8 90.2 58.1 62.3 402.7 194.2 109.2 111.7 331.2 223.3 178.7 85.8 205.6 32.1 407.8 196.7 187.3
2224.2 197.9 162.5 153.8 223.4 122.0 209.6 210.7 221.6 289.7 286.5 163.2 300.0 170.5 219.7 279.5 226.7 190.2 216.8 297.2 195.0 162.4 119.4 168.0 266.4 206.2 304.6 163.6 250.6 209.2 292.3 103.0 279.1 203.0 220.1 138.6 196.9 168.0 365.3 139.9 63.5 237.6 52.8 163.8 244.9 175.1 147.6 232.1 131.4 300.5 203.6 86.3 287.6 48.9 159.2 185.2 255.8 233.9 90.4 208.8 150.0 123.9 316.5 107.6 123.9 262.3 294.6 101.9 151.0 295.9 181.2 85.6 158.0 159.3 132.0 138.9 407.2 161.6 295.4 404.0 180.1 212.0 132.7 166.1 135.3 398.1 165.0 230.7 152.7 437.1 244.1 217.4 276.1 333.4 115.8 266.1 134.8 409.9 360.4 292.4 183.1 223.5 99.1 213.7 219.1 172.4 202.9 286.0 287.5 212.4 417.4 115.1 63.0 188.1 0.0 80.0 101.1 307.1 109.6 387.9 267.1 107.0 294.2 238.6 318.2 142.0 236.4 336.7 39.9 176.0 119.6 245.4 207.0 205.2 246.7 372.2 36.4 206.9 102.5 173.2 252.9 89.1 193.1 315.0 175.2 182.4 79.0 281.9
2300.0 273.7 177.3 229.6 218.8 229.9 205.0 268.5 297.4 304.5 281.9 189.0 295.4 253.9 245.5 322.7 222.1 157.7 315.4 292.6 209.8 220.2 196.8 243.8 261.8 293.9 300.0 196.5 218.1 285.0 307.1 186.0 274.5 217.8 318.7 196.4 211.7 135.5 391.1 225.6 150.3 252.4 138.2 239.6 320.7 189.9 223.4 199.6 157.2 295.9 302.2 101.1 283.0 124.1 235.0 271.5 313.6 309.7 192.0 307.4 225.8 181.7 311.9 183.4 71.9 257.7 290.0 187.2 118.5 291.3 196.0 187.2 183.8 235.1 146.8 214.7 377.2 260.9 290.8 429.8 147.6 255.2 158.5 241.9 154.4 373.8 200.2 306.5 167.5 462.9 239.5 319.0 290.9 328.8 191.6 261.5 308.4 405.3 355.8 318.2 157.9 299.3 113.9 228.5 320.7 139.9 228.7 300.8 282.9 270.2 412.8 129.9 164.6 151.8 101.5 0.0 94.7 297.2 57.6 363.6 265.3 52.3 289.6 314.4 313.6 217.8 312.2 332.1 58.7 251.8 195.4 260.2 202.4 172.7 214.2 398.0 138.0 250.1 186.5 276.3 328.7 91.9 160.6 310.4 184.0 356.0 162.9 277.3
2283.5 268.3 115.6 224.2 150.1 104.1 136.3 287.7 292.0 242.8 213.2 109.3 226.7 185.2 165.8 254.0 153.4 89.0 288.9 223.9 148.1 239.4 189.8 238.4 193.1 276.6 231.3 127.8 149.4 279.6 245.4 117.3 205.8 156.1 292.2 215.6 150.0 66.8 311.4 156.9 161.4 190.7 149.3 234.2 285.0 128.2 218.0 130.9 77.5 227.2 275.7 14.8 214.3 143.3 229.6 202.8 332.8 306.8 162.5 280.9 220.4 200.9 243.2 178.0 91.1 189.0 221.3 118.5 49.8 222.6 134.3 157.7 104.1 229.7 85.1 209.3 353.3 192.2 222.1 350.1 78.9 186.5 78.8 236.5 85.7 344.2 131.5 301.1 105.8 383.2 170.8 289.5 229.2 260.1 186.2 192.8 206.9 336.6 287.1 238.5 89.2 293.9 34.2 166.8 291.2 71.2 149.0 239.1 214.2 289.4 344.1 50.2 121.8 86.9 112.6 85.8 0.0 233.8 76.8 334.0 196.6 30.4 220.9 309.0 244.9 211.8 298.8 263.4 71.1 246.4 181.8 198.5 133.7 104.0 145.5 318.3 149.1 181.4 117.8 245.3 293.0 111.1 91.9 241.7 115.3 254.5 186.8 208.6
2256.4 280.0 141.9 264.7 114.5 302.9 141.1 441.1 396.0 280.1 84.7 285.5 19.3 166.3 252.8 253.1 158.2 269.0 491.6 228.7 176.3 392.8 202.7 278.9 197.9 378.7 122.8 210.1 231.7 381.7 273.6 268.1 31.8 184.3 491.3 369.0 255.2 211.0 230.3 239.2 379.2 218.9 331.4 336.3 237.9 152.7 258.5 146.9 277.0 74.4 474.8 245.0 219.1 278.7 328.0 183.9 438.3 256.0 355.0 480.0 232.1 354.3 113.3 219.7 319.5 80.5 226.1 267.0 234.8 92.7 162.5 350.2 317.5 328.1 223.1 249.8 115.4 217.5 168.5 183.4 209.8 185.6 240.0 273.3 264.8 112.0 310.6 403.2 224.7 216.5 135.2 482.0 257.0 97.9 288.3 145.7 399.4 147.2 97.7 313.8 150.4 396.0 251.0 195.0 483.7 167.7 236.0 267.3 64.3 442.8 154.7 263.6 341.6 194.7 315.6 306.3 230.2 0.0 333.8 105.5 169.1 257.4 92.4 411.1 55.5 226.6 251.7 56.0 266.5 283.2 234.4 226.7 96.2 185.6 133.0 336.8 315.0 180.5 267.6 435.6 242.2 299.5 271.9 52.3 197.6 447.0 317.5 213.4
2242.3 216.0 183.7 171.9 209.8 188.3 196.0 210.8 239.7 310.1 272.9 195.1 286.4 188.6 251.6 313.7 213.1 148.7 257.7 283.6 215.4 162.5 137.5 186.1 252.8 236.2 291.0 187.5 209.1 227.3 312.7 121.1 265.5 223.4 261.0 138.7 218.1 126.5 397.2 158.0 166.9 258.0 119.1 181.9 263.0 195.5 165.7 190.6 163.3 286.9 244.5 100.5 274.0 66.4 177.3 203.3 255.9 252.0 156.7 249.7 168.1 124.0 302.9 125.7 14.2 248.7 281.0 120.0 109.5 282.3 201.6 151.9 189.9 177.4 153.2 157.0 368.2 179.7 281.8 435.9 138.6 246.2 164.6 184.2 145.4 364.8 191.2 248.8 173.9 469.0 230.5 283.7 296.5 319.8 133.9 252.5 250.7 396.3 346.8 324.3 148.9 241.6 120.0 234.1 329.8 130.9 234.8 306.4 273.9 212.5 403.8 136.0 129.3 146.6 103.3 77.6 85.7 293.5 0.0 354.6 256.3 46.0 280.6 256.7 304.6 160.1 254.5 323.1 89.6 194.1 137.7 265.8 193.4 163.7 205.2 404.1 102.7 241.1 120.6 239.5 271.0 34.2 151.6 301.4 175.0 298.3 109.9 268.3
2184.5 360.7 222.6 345.4 195.2 329.6 221.8 521.8 393.7 360.8 165.4 312.2 118.0 247.0 223.3 272.3 238.9 349.7 508.1 309.4 257.0 473.5 287.1 359.6 278.6 440.3 203.5 290.8 312.4 462.4 354.3 348.8 112.5 265.0 511.4 449.7 335.9 291.7 196.1 319.9 459.9 299.6 412.1 417.0 239.6 237.1 339.2 227.6 303.7 158.8 494.9 325.7 299.8 359.4 412.4 264.6 446.1 261.4 381.7 500.1 312.8 435.0 194.0 300.4 400.2 161.2 306.8 347.7 319.2 173.4 243.2 376.9 314.9 412.5 303.8 330.5 19.2 298.2 261.2 149.2 290.5 283.3 270.4 357.7 345.5 10.2 391.3 483.9 305.4 182.3 215.9 508.7 337.7 182.3 369.0 226.4 426.1 131.0 81.5 279.6 231.1 476.7 328.3 275.7 510.4 248.4 221.3 348.0 145.0 523.5 138.5 308.7 341.0 275.4 396.3 390.7 310.9 145.1 414.5 0.0 249.8 338.1 173.1 491.8 97.6 307.3 253.4 142.8 347.2 374.4 315.1 307.4 176.9 266.3 213.7 302.6 395.7 288.2 348.3 466.0 247.6 380.2 352.6 70.8 278.3 473.7 402.9 294.1
2223.7 228.6 157.2 213.3 129.8 349.2 156.4 389.7 344.6 295.4 143.4 319.1 156.9 114.9 268.1 156.4 173.5 208.3 436.6 244.0 191.6 341.4 156.6 227.5 213.2 327.3 161.5 140.7 162.3 330.3 288.9 216.7 136.0 199.6 439.9 317.6 254.3 141.6 349.9 169.8 327.8 234.2 280.0 284.9 189.9 171.7 207.1 77.5 287.3 157.4 423.4 224.5 234.4 227.3 280.3 132.5 386.9 211.7 317.6 428.6 180.7 302.9 173.4 168.3 268.1 119.2 241.4 215.6 169.1 152.8 177.8 312.8 313.9 280.4 294.9 198.4 238.7 166.1 144.3 303.0 140.4 98.3 288.6 225.6 205.0 235.3 250.8 351.8 315.6 336.1 150.5 444.6 272.7 190.3 236.9 77.7 429.6 266.8 217.3 340.8 180.3 344.6 244.0 210.3 446.3 162.3 251.3 282.6 144.4 391.4 274.3 260.0 290.2 121.5 264.2 289.5 209.7 164.0 280.5 225.1 0.0 234.1 151.1 359.7 175.1 175.2 203.7 193.6 280.9 235.5 194.7 242.0 148.3 116.2 63.6 420.6 263.6 103.2 216.2 400.4 197.9 248.1 211.2 171.9 128.2 477.2 270.8 228.7
2297.1 259.6 155.3 218.3 163.7 237.2 149.9 257.2 286.1 264.0 226.8 149.0 240.3 198.8 205.5 267.6 167.0 102.6 307.7 237.5 169.3 208.9 185.5 232.5 206.7 282.6 244.9 141.4 163.0 273.7 266.6 130.9 219.4 177.3 307.4 185.1 205.9 80.4 351.1 170.5 154.8 211.9 145.5 228.3 298.6 152.1 209.3 144.5 117.2 240.8 290.9 54.4 227.9 112.8 220.9 216.4 302.3 298.4 199.3 296.1 214.5 170.4 256.8 172.1 60.6 202.6 234.9 132.1 66.1 236.2 155.5 194.5 143.8 221.0 124.8 203.4 322.1 205.8 229.2 389.8 92.5 200.1 121.2 227.8 99.3 321.4 145.1 295.2 145.5 422.9 184.4 326.3 250.0 273.7 180.3 206.4 297.1 350.2 300.7 278.2 102.8 288.0 77.3 188.0 376.2 84.8 188.7 260.3 227.8 258.9 357.7 89.9 171.9 96.7 108.8 52.5 39.6 242.1 46.3 308.5 210.2 0.0 234.5 303.1 258.5 225.4 300.9 277.0 67.3 240.5 195.4 219.7 147.3 117.6 159.1 358.0 145.3 195.0 131.4 280.8 306.6 80.6 105.5 255.3 128.9 344.7 151.6 222.2
2212.3 241.4 117.8 240.6 90.4 272.5 117.0 417.0 371.9 256.0 7.6 261.4 94.1 142.2 228.7 229.0 134.1 244.9 463.9 204.6 152.2 368.7 183.9 254.8 173.8 354.6 80.7 186.0 207.6 357.6 249.5 244.0 73.2 160.2 467.2 344.9 214.9 186.9 287.1 215.1 355.1 194.8 307.3 312.2 213.8 132.3 234.4 122.8 252.9 94.6 450.7 220.9 195.0 254.6 307.6 159.8 414.2 235.6 330.9 455.9 208.0 330.2 110.6 195.6 295.4 38.4 202.0 242.9 214.4 90.0 138.4 326.1 293.4 307.7 199.0 225.7 175.9 193.4 150.9 240.2 185.7 161.5 219.6 252.9 240.7 172.5 286.5 379.1 200.6 273.3 111.1 457.9 233.3 127.5 264.2 121.6 375.3 204.0 154.5 301.4 126.3 371.9 223.5 170.9 459.6 143.6 211.9 243.2 81.6 418.7 211.5 239.5 317.5 166.8 291.5 285.9 206.1 101.2 309.7 162.3 145.0 230.5 0.0 387.0 112.3 202.5 227.6 130.8 242.4 262.8 210.3 202.6 72.1 161.5 108.9 381.2 290.9 156.4 243.5 413.7 221.8 275.4 247.8 109.1 173.5 422.9 298.1 189.3
2151.4 274.9 339.7 230.8 351.8 325.1 354.7 108.0 189.7 468.8 389.8 366.3 403.3 247.5 422.8 356.5 371.8 280.6 222.2 442.3 374.1 201.5 196.4 245.0 411.5 147.9 407.9 240.6 298.2 54.5 471.4 192.6 382.4 382.1 225.5 177.7 437.1 280.4 568.4 216.9 303.7 416.7 255.9 189.5 321.9 354.2 224.6 292.9 334.5 403.8 209.0 326.5 432.7 203.2 150.1 262.2 27.1 310.9 208.0 214.2 227.0 218.8 419.8 184.6 258.6 365.6 439.7 191.5 262.9 399.2 360.3 212.8 361.1 171.7 372.2 169.0 485.1 238.6 422.6 549.4 297.3 289.0 335.8 243.1 224.9 481.7 254.6 37.8 371.5 582.5 372.5 250.0 455.2 436.7 172.8 356.0 215.2 513.2 463.7 495.5 307.6 14.1 339.3 392.8 169.0 289.6 406.0 465.1 390.8 163.8 520.7 326.5 266.1 290.6 240.1 320.2 324.0 410.4 272.9 471.5 344.1 319.0 397.5 0.0 421.5 219.0 313.4 440.0 280.1 170.4 196.6 424.5 335.4 303.3 307.5 575.3 239.5 283.9 192.1 201.0 329.9 238.6 283.5 418.3 252.2 262.8 246.7 427.0
2250.3 274.5 136.4 259.2 109.0 291.1 135.6 435.6 390.5 274.6 79.2 280.0 31.8 160.8 247.3 247.6 152.7 263.5 482.5 223.2 170.8 387.3 202.5 273.4 192.4 373.2 117.3 204.6 226.2 376.2 268.1 262.6 26.3 178.8 485.8 363.5 233.5 205.5 224.2 233.7 373.7 213.4 325.9 330.8 232.4 150.9 253.0 141.4 271.5 72.6 469.3 239.5 213.6 273.2 326.2 178.4 432.8 254.2 349.5 474.5 226.6 348.8 107.8 214.2 314.0 75.0 220.6 261.5 233.0 87.2 157.0 344.7 312.0 326.3 217.6 244.3 95.0 212.0 169.5 177.3 204.3 180.1 238.2 271.5 259.3 103.2 305.1 397.7 219.2 210.4 129.7 476.5 251.9 96.1 282.8 140.2 393.9 141.1 91.6 320.0 144.9 390.5 242.1 189.5 478.2 162.2 230.5 261.8 58.8 437.3 148.6 258.1 336.1 185.4 310.1 304.5 224.7 58.9 328.3 112.3 163.6 249.1 86.9 405.6 0.0 221.1 246.2 45.1 261.0 281.4 228.9 221.2 90.7 180.1 127.5 330.7 309.5 175.0 262.1 432.3 240.4 294.0 266.4 28.2 192.1 441.5 316.7 207.9
2133.2 106.9 206.7 69.1 194.0 205.0 205.9 245.5 136.9 344.9 212.6 246.2 226.1 70.3 302.7 181.8 223.0 160.5 292.4 293.5 241.1 197.2 28.4 83.3 262.7 183.1 230.7 82.8 140.4 186.1 338.4 72.5 205.2 249.1 295.7 173.4 317.0 152.9 448.3 59.1 183.6 283.7 135.8 140.7 153.9 221.2 62.9 135.1 214.4 226.6 279.2 206.4 283.9 83.1 136.1 43.1 242.7 142.9 173.4 284.4 59.0 158.7 242.6 24.1 123.9 188.4 290.9 71.4 142.8 222.0 227.3 168.6 241.0 136.2 252.1 54.2 307.9 19.6 247.9 372.2 169.7 114.3 215.7 81.4 104.8 304.5 134.5 207.6 251.4 405.3 214.7 300.4 322.2 259.5 92.7 181.3 285.4 336.0 286.5 375.4 187.5 200.4 219.2 259.8 302.1 169.5 285.9 332.1 213.6 247.2 343.5 206.4 146.0 132.8 120.0 200.1 203.9 233.2 138.2 294.3 166.9 184.3 220.3 215.5 244.3 0.0 145.4 262.8 160.0 91.3 38.8 291.5 177.6 145.5 149.7 455.2 119.4 109.2 72.0 256.2 161.9 103.9 163.4 241.1 94.4 333.0 126.6 278.2
2141.6 166.2 234.7 165.3 207.3 301.2 233.9 341.7 279.9 372.9 275.5 342.4 289.0 133.2 398.9 120.4 251.0 256.7 382.8 321.5 269.1 293.4 108.6 179.5 290.7 279.3 293.6 179.0 236.6 282.3 366.4 168.7 268.1 277.1 386.1 269.6 331.8 249.1 420.5 155.3 279.8 311.7 232.0 236.9 62.7 249.2 159.1 231.3 310.6 289.5 369.6 302.6 311.9 179.3 232.3 150.9 332.8 42.2 269.6 374.8 118.3 254.9 305.5 120.3 220.1 251.3 318.9 167.6 239.0 284.9 255.3 264.8 337.2 232.4 348.3 150.4 297.3 146.8 198.4 373.6 265.9 131.4 311.9 177.6 201.0 288.2 230.7 303.8 347.6 406.7 228.0 396.6 350.2 322.4 188.9 169.0 375.8 355.4 305.9 471.6 283.7 296.6 315.4 287.8 398.3 265.7 382.1 360.1 276.5 343.4 362.9 302.6 242.2 229.0 216.2 296.3 300.1 296.1 234.4 278.0 229.8 280.5 283.2 311.7 307.2 127.2 0.0 325.7 256.2 260.6 135.0 319.5 189.0 241.7 213.7 551.4 215.6 136.3 168.2 352.4 70.7 200.1 259.6 304.0 190.6 423.4 222.8 306.2
2278.9 288.6 165.0 287.8 137.6 326.0 164.2 464.2 419.1 303.2 107.8 308.6 51.7 189.4 275.9 276.2 181.3 292.1 514.7 251.8 199.4 415.9 229.5 302.0 221.0 401.8 145.9 233.2 254.8 404.8 296.7 291.2 54.9 207.4 514.4 392.1 262.1 234.1 252.8 262.3 402.3 242.0 354.5 359.4 261.0 179.5 281.6 170.0 300.1 101.2 497.9 268.1 242.2 301.8 354.8 207.0 461.4 282.8 378.1 503.1 255.2 377.4 136.4 242.8 342.6 103.6 249.2 290.1 261.6 115.8 185.6 373.3 340.6 354.9 246.2 272.9 123.6 240.6 198.1 205.9 232.9 208.7 266.8 300.1 287.9 131.8 333.7 426.3 247.8 239.0 158.3 505.1 280.5 124.7 311.4 168.8 422.5 169.7 120.2 348.6 173.5 419.1 274.1 218.1 506.8 190.8 259.1 290.4 87.4 465.9 177.2 286.7 364.7 217.8 338.7 333.1 253.3 72.1 356.9 140.9 192.2 280.5 115.5 434.2 28.5 249.7 274.8 0.0 289.6 310.0 257.5 249.8 119.3 208.7 156.1 359.3 338.1 203.6 290.7 462.4 269.0 322.6 295.0 56.8 220.7 470.1 345.3 236.5
2265.7 224.9 122.5 195.3 183.4 163.5 169.6 252.2 263.1 249.7 246.5 134.2 260.0 212.0 190.7 315.2 186.7 150.2 258.3 257.2 155.0 203.9 160.9 209.5 226.4 247.7 264.6 189.0 210.6 250.7 252.3 144.5 239.1 163.0 261.6 180.1 156.9 128.0 336.3 181.4 90.2 197.6 78.1 205.3 286.4 135.1 189.1 192.1 102.4 260.5 245.1 46.3 247.6 90.4 200.7 226.7 297.3 275.4 131.9 250.3 191.5 165.4 276.5 149.1 83.9 222.3 254.6 143.4 111.0 255.9 141.2 127.1 129.0 200.8 92.0 180.4 378.2 203.1 255.4 375.0 140.1 247.7 103.7 207.6 146.9 369.1 192.7 272.2 112.7 408.1 204.1 258.9 236.1 293.4 157.3 226.1 176.3 369.9 320.4 263.4 143.1 265.0 59.1 173.7 260.6 132.4 173.9 246.0 247.5 253.9 377.4 75.1 104.5 148.1 41.4 58.7 61.1 267.1 69.6 358.9 257.8 67.0 254.2 280.1 278.2 183.5 277.9 296.7 0.0 217.5 161.1 205.4 167.0 165.2 206.7 343.2 77.9 242.6 144.0 214.7 294.4 103.9 153.1 275.0 176.5 223.9 120.5 241.9
2120.1 140.9 269.6 40.6 242.2 259.0 268.8 253.7 94.0 407.8 255.8 293.9 269.3 113.5 350.4 222.5 285.9 208.2 241.3 356.4 304.0 207.5 64.0 54.8 325.6 185.0 273.9 130.5 188.1 151.0 401.3 120.2 248.4 312.0 244.6 183.7 380.9 200.6 462.3 106.8 231.3 346.6 183.5 188.4 187.9 284.1 51.2 182.8 262.1 269.8 228.1 254.1 346.8 130.8 187.2 128.2 172.8 176.9 227.1 233.3 93.0 206.4 285.8 71.8 171.6 231.6 353.8 119.1 190.5 265.2 290.2 231.9 288.7 183.9 299.8 27.0 351.1 104.6 288.6 415.4 217.4 155.0 263.4 62.7 152.5 347.7 182.2 205.0 299.1 448.5 262.9 296.6 384.7 302.7 140.4 222.0 234.3 379.2 329.7 423.1 235.2 181.3 266.9 322.7 314.7 217.2 333.6 395.0 256.8 214.1 386.7 254.1 193.7 184.3 167.7 247.8 251.6 276.4 185.9 337.5 210.1 232.0 263.5 167.1 287.5 85.0 179.4 306.0 207.7 0.0 86.5 354.4 225.3 193.2 194.0 502.9 167.1 149.9 119.7 253.9 195.9 151.6 211.1 284.3 142.1 281.9 169.6 341.1
2143.2 116.9 167.8 72.8 155.1 184.8 167.0 225.3 140.6 306.0 225.6 226.0 239.1 114.3 282.5 183.1 184.1 139.3 272.2 254.6 202.2 177.0 38.4 87.0 223.8 162.9 243.7 44.0 101.5 165.9 299.5 52.3 218.2 210.2 275.5 153.2 296.8 114.0 428.1 20.2 163.4 244.8 115.6 120.5 163.9 182.3 66.6 96.2 194.2 239.6 259.0 186.2 245.0 62.9 115.9 131.9 219.4 152.9 153.2 264.2 69.0 138.5 255.6 26.6 103.7 201.4 252.0 51.2 121.6 235.0 188.4 148.4 220.8 116.0 231.9 57.9 320.9 80.6 249.2 385.2 130.8 115.6 195.5 85.1 84.6 317.5 114.3 187.4 231.2 418.3 175.8 280.2 283.3 272.5 72.5 182.6 265.2 349.0 299.5 355.2 165.7 180.2 199.0 220.9 281.9 147.7 265.7 293.2 226.6 227.0 356.5 186.2 125.8 93.9 99.8 179.9 182.1 246.2 118.0 307.3 161.9 164.1 233.3 195.3 257.3 61.0 155.4 275.8 139.8 95.0 0.0 252.6 138.7 106.6 110.8 435.0 99.2 110.5 51.8 236.0 171.9 83.7 142.2 254.1 55.5 312.8 106.4 239.3
2314.9 376.5 120.6 356.0 181.5 259.7 160.0 461.8 423.8 72.1 244.6 242.3 258.1 262.8 209.6 339.2 144.1 224.4 441.8 133.5 110.2 413.5 302.9 370.2 148.5 412.0 262.7 229.1 250.7 415.0 164.3 252.7 237.2 52.3 441.5 389.7 195.8 202.2 355.2 258.2 313.6 20.0 301.5 369.6 316.4 93.2 349.8 214.2 233.8 258.6 425.0 211.6 149.7 299.4 365.0 280.4 471.6 338.2 311.8 430.2 328.6 375.0 274.6 316.2 298.8 220.4 85.6 253.9 185.2 254.0 84.1 307.0 274.3 365.1 179.9 341.1 397.1 304.5 253.5 393.9 191.7 281.1 200.5 368.3 221.1 388.0 266.9 436.5 181.5 427.0 202.2 438.8 119.3 291.5 321.6 224.2 356.2 437.5 388.0 282.3 141.2 429.3 204.4 85.7 440.5 158.5 192.8 68.4 245.6 463.5 445.0 220.4 271.1 213.7 264.8 278.1 221.0 265.2 284.5 377.8 279.9 248.2 252.3 444.4 276.3 323.1 330.2 294.8 223.3 378.2 283.1 0.0 165.1 194.4 228.8 362.1 301.3 286.0 253.2 396.1 324.4 318.8 227.3 273.1 216.6 403.8 338.2 120.0
2148.7 210.3 44.6 195.0 17.2 199.3 43.8 371.4 326.3 182.8 78.4 188.2 91.9 96.6 155.5 173.0 60.9 136.3 384.1 131.4 79.0 323.1 138.3 209.2 100.6 309.0 96.5 140.4 162.0 312.0 176.3 198.4 71.0 87.0 387.4 299.3 141.7 141.3 301.1 169.5 259.5 121.6 261.7 266.6 150.2 59.1 188.8 77.2 179.7 92.4 370.9 147.7 121.8 209.0 262.0 114.2 368.6 172.0 257.7 376.1 162.4 284.6 108.4 150.0 249.8 54.2 128.8 197.3 97.1 87.8 65.2 252.9 220.2 262.1 125.8 180.1 173.7 147.8 87.3 238.0 89.0 114.9 146.4 207.3 133.0 170.3 178.8 333.5 127.4 271.1 37.9 384.7 160.1 125.3 218.6 58.0 302.1 201.8 152.3 228.2 53.1 326.3 150.3 97.7 386.4 70.4 138.7 170.0 79.4 373.1 209.3 166.3 217.0 121.2 245.9 212.7 132.9 99.0 203.7 160.1 99.4 157.3 86.1 341.4 110.1 156.9 164.0 128.6 169.2 217.2 164.7 129.4 0.0 64.8 63.3 308.0 245.3 119.8 197.9 340.5 158.2 229.8 139.2 106.9 127.9 349.7 252.5 116.1
2220.7 224.5 96.1 180.4 87.3 292.4 99.2 332.9 248.2 225.2 168.0 212.4 181.5 119.5 207.0 190.7 116.3 106.4 379.8 186.8 130.5 284.6 146.0 194.6 156.0 270.5 186.1 53.5 75.1 273.5 227.8 134.7 160.6 138.5 383.1 260.8 193.2 54.4 352.6 82.6 264.5 173.1 223.2 228.1 222.2 110.6 174.2 38.6 180.6 182.0 366.6 117.8 177.2 170.5 223.5 137.1 327.0 244.0 260.8 371.8 176.6 246.1 198.0 134.2 188.1 143.8 184.2 135.9 67.2 177.4 116.7 256.0 207.2 223.6 188.2 165.5 263.3 128.9 199.4 327.6 24.1 123.2 181.9 192.7 103.1 259.9 148.9 295.0 208.9 360.7 108.0 387.8 211.6 214.9 180.1 130.0 372.8 291.4 241.9 279.7 64.0 287.8 137.3 149.2 389.5 46.0 190.2 221.5 169.0 334.6 298.9 153.3 233.4 34.3 207.4 182.8 103.0 188.6 173.8 249.7 104.3 127.4 175.7 302.9 199.7 148.5 236.0 218.2 174.2 202.6 107.5 180.9 70.9 0.0 53.2 359.5 206.8 118.1 135.2 343.6 230.2 191.3 109.3 196.5 41.0 420.4 214.0 171.5
2203.0 179.9 113.7 164.6 101.0 300.5 112.9 341.0 295.9 251.9 114.7 255.4 128.2 66.2 224.6 158.2 130.0 144.6 387.9 200.5 148.1 292.7 107.9 178.8 169.7 278.6 132.8 77.0 98.6 281.6 245.4 168.0 107.3 156.1 391.2 268.9 210.8 77.9 321.2 106.1 279.1 190.7 231.3 236.2 191.7 128.2 158.4 13.8 223.6 128.7 374.7 160.8 190.9 178.6 231.6 83.8 338.2 213.5 268.9 379.9 132.0 254.2 144.7 119.6 219.4 90.5 197.9 166.9 105.4 124.1 134.3 264.1 250.2 231.7 231.2 149.7 210.0 117.4 146.1 274.3 76.7 100.1 224.9 176.9 141.3 206.6 187.1 303.1 251.9 307.4 121.7 395.9 229.2 161.6 188.2 79.5 380.9 238.1 188.6 297.3 116.6 295.9 180.3 166.8 397.6 98.6 207.8 239.1 115.7 342.7 245.6 196.3 241.5 57.8 215.5 225.8 146.0 135.3 216.8 196.4 51.0 170.4 122.4 311.0 146.4 126.5 205.5 164.9 217.2 186.8 131.0 198.5 84.6 52.5 0.0 377.1 214.9 80.4 167.5 351.7 199.7 199.4 147.5 143.2 64.5 428.5 222.1 185.2
2477.1 516.8 265.5 472.7 326.4 279.2 312.6 508.5 540.5 392.7 392.4 268.1 345.0 407.7 148.1 484.1 329.7 369.3 464.0 400.2 298.0 481.3 438.3 486.9 369.4 523.0 430.5 374.0 395.6 510.0 395.3 397.6 339.5 306.0 467.3 457.5 379.6 347.1 303.6 403.1 415.7 340.6 366.7 482.7 461.3 278.1 466.5 359.1 259.6 385.8 450.8 300.1 390.6 367.8 478.1 425.3 579.0 483.1 337.6 456.0 468.9 442.8 421.0 426.5 400.9 388.2 397.6 398.8 330.1 400.4 284.2 332.8 270.8 478.2 282.0 457.8 345.5 449.4 398.4 342.3 336.6 426.0 226.3 485.0 366.0 336.4 411.8 531.5 260.3 375.4 347.1 464.6 379.1 409.3 434.7 369.1 382.0 385.9 336.4 76.1 286.1 524.3 280.6 316.7 466.3 303.4 182.4 389.0 372.0 510.2 393.4 264.6 296.9 354.8 366.9 380.2 314.9 372.1 386.6 326.2 424.8 345.4 400.1 539.4 342.6 468.0 475.1 381.7 325.4 494.9 428.0 348.4 310.0 339.3 373.7 0.0 332.4 430.9 398.1 420.4 469.3 420.9 372.2 359.4 361.5 429.6 397.9 384.9
2210.6 184.3 193.3 140.2 254.2 85.5 240.4 197.1 208.0 320.5 299.2 126.7 312.7 156.9 183.2 265.9 257.5 177.4 180.3 328.0 225.8 148.8 105.8 154.4 297.2 192.6 317.3 150.0 207.6 195.6 323.1 89.4 291.8 233.8 183.6 125.0 251.0 177.2 328.8 126.3 107.0 268.4 34.2 150.2 231.3 205.9 134.0 202.3 94.9 313.2 167.1 122.4 318.4 35.3 145.6 171.6 242.2 220.3 53.9 172.3 136.4 110.3 329.2 94.0 95.5 275.0 325.4 88.3 159.7 308.6 212.0 49.1 121.5 145.7 186.1 125.3 370.7 148.0 332.0 367.5 194.1 198.4 96.2 152.5 121.7 361.6 151.4 217.1 131.9 400.6 274.9 180.9 306.9 346.1 102.2 265.4 98.3 411.1 361.6 255.9 213.9 209.9 102.9 244.5 182.6 186.4 166.4 316.8 300.2 198.8 418.6 86.9 26.5 197.3 43.4 123.5 137.2 319.8 109.8 351.4 253.5 150.5 306.9 225.0 330.9 128.4 222.8 349.4 83.4 162.4 106.0 276.2 237.8 212.7 216.9 335.7 0.0 193.3 88.9 136.7 239.3 75.5 180.3 327.7 161.6 145.9 65.4 312.7
2179.9 162.6 162.8 147.3 135.4 283.2 162.0 323.7 278.6 301.0 149.0 286.4 162.5 48.9 273.7 72.5 179.1 133.6 370.6 249.6 197.2 275.4 90.6 161.5 218.8 261.3 167.1 78.2 113.8 264.3 294.5 161.0 141.6 205.2 373.9 251.6 259.9 126.3 355.5 107.3 261.8 239.8 214.0 218.9 106.0 177.3 141.1 108.5 254.6 163.0 357.4 191.8 240.0 161.3 214.3 66.5 320.9 127.8 251.6 362.6 114.7 236.9 179.0 102.3 202.1 124.8 247.0 162.2 115.9 158.4 183.4 246.8 281.2 214.4 262.2 132.4 244.3 98.6 138.6 308.6 143.1 5.1 255.9 159.6 129.4 240.9 175.2 285.8 282.9 341.7 156.1 378.6 278.3 195.9 170.9 72.0 363.6 272.4 222.9 346.4 160.6 278.6 211.3 215.9 380.3 142.6 256.9 288.2 150.0 325.4 279.9 227.3 224.2 106.2 198.2 256.8 177.0 169.6 216.4 230.7 103.3 201.4 156.7 293.7 180.7 118.2 119.8 199.2 248.2 169.5 117.0 247.6 151.0 118.9 87.2 426.2 197.6 0.0 161.5 334.4 114.0 182.1 136.5 177.5 67.8 411.2 204.8 234.3
2176.7 150.4 147.5 106.3 176.3 168.0 162.5 208.5 174.1 276.6 239.4 209.2 252.9 123.0 265.7 232.5 179.6 88.4 255.4 250.1 181.9 160.2 71.9 120.5 219.3 158.7 257.5 113.3 168.9 161.7 279.2 0.4 232.0 189.9 258.7 136.4 280.0 88.2 411.3 92.4 146.6 224.5 98.8 116.3 197.4 162.0 100.1 152.3 177.4 253.4 242.2 146.6 240.5 46.1 111.7 137.7 218.3 186.4 136.4 247.4 102.5 121.7 269.4 60.1 86.9 215.2 247.5 0.7 70.7 248.8 168.1 131.6 204.0 111.8 215.1 91.4 334.7 114.1 248.3 399.0 105.1 165.0 178.7 118.6 32.7 331.3 62.4 183.2 214.4 432.1 197.0 263.4 263.0 286.3 68.3 219.0 248.4 362.8 313.3 338.4 115.4 176.0 166.1 200.6 265.1 97.4 248.9 272.9 240.4 210.2 370.3 169.4 109.0 108.3 83.0 163.1 131.8 260.0 101.2 321.1 218.0 147.3 247.1 191.1 271.1 94.5 188.9 289.6 123.0 128.5 72.1 232.3 159.9 130.2 166.9 418.2 82.4 159.9 0.0 219.2 205.4 66.9 91.3 267.9 122.9 296.0 89.6 234.8
2227.2 325.8 306.0 281.7 366.9 204.5 353.1 186.2 265.5 433.2 440.7 239.4 482.9 298.4 295.9 407.4 370.2 318.9 145.3 440.7 338.5 201.3 248.9 295.9 409.9 200.7 458.8 291.5 349.1 187.7 435.8 230.9 433.3 346.5 145.0 177.5 379.9 316.8 441.5 267.8 248.5 381.1 175.7 291.7 372.8 318.6 275.5 343.8 207.6 454.7 128.5 235.1 431.1 176.8 287.1 313.1 157.0 361.8 97.0 133.7 277.9 251.8 470.7 235.5 237.0 416.5 438.1 229.8 299.8 450.1 324.7 101.8 234.2 287.2 298.8 266.8 483.4 289.5 432.4 480.2 328.9 339.9 208.9 294.0 263.2 474.3 292.9 209.2 244.6 513.3 387.6 86.9 419.6 487.6 243.7 409.6 104.2 523.8 474.3 368.6 326.6 202.0 212.2 357.2 44.3 321.2 279.1 429.5 441.7 187.9 531.3 199.6 139.2 333.1 184.9 265.0 249.9 456.0 251.3 464.1 395.0 280.4 448.4 193.5 480.5 269.9 364.3 519.6 224.9 246.2 247.5 388.9 350.5 354.0 358.4 448.4 141.4 334.8 230.4 0.0 380.8 217.0 321.8 469.2 303.1 151.8 202.2 425.4
2139.0 185.9 232.1 185.0 204.7 320.9 231.3 361.4 299.6 370.3 295.2 362.1 308.7 152.9 343.0 117.8 248.4 276.4 402.5 318.9 266.5 313.1 126.7 199.2 288.1 299.0 313.3 198.7 256.3 302.0 363.8 188.4 287.8 274.5 405.8 289.3 345.4 268.8 417.9 175.0 299.5 309.1 251.7 256.6 8.7 246.6 178.8 251.0 330.3 309.2 389.3 322.3 309.3 199.0 252.0 170.6 352.5 61.9 289.3 394.5 138.0 274.6 325.2 140.0 239.8 271.0 316.3 187.3 258.7 304.6 252.7 284.5 356.9 252.1 368.0 170.1 294.7 166.5 195.8 371.0 285.6 128.8 331.6 197.3 220.7 285.6 250.4 323.5 367.3 404.1 225.4 416.3 347.2 342.1 208.6 166.4 395.5 352.8 303.3 415.7 303.4 316.3 334.9 285.2 418.0 285.4 326.2 357.5 296.2 363.1 360.3 322.3 261.9 252.5 235.9 316.0 319.8 315.8 254.1 275.4 249.5 297.5 302.9 331.4 326.9 146.9 53.9 345.4 275.9 280.3 154.7 316.9 186.4 261.4 233.4 524.4 235.3 133.7 187.9 373.6 0.0 219.8 279.3 323.7 210.3 443.1 242.5 303.6
2208.0 181.7 218.0 137.6 244.1 154.0 230.3 176.5 205.4 344.4 296.6 195.2 310.1 154.3 251.7 263.3 247.4 183.0 223.4 317.9 249.7 128.2 103.2 151.8 287.1 201.9 314.7 147.4 205.0 193.0 347.0 86.8 289.2 257.7 226.7 104.4 252.4 160.8 397.3 123.7 132.6 292.3 84.8 147.6 228.7 229.8 131.4 224.9 163.4 310.6 210.2 134.8 308.3 32.1 143.0 169.0 221.6 217.7 122.4 215.4 133.8 89.7 326.6 91.4 19.9 272.4 315.3 85.7 143.8 306.0 235.9 117.6 190.0 143.1 187.5 122.7 391.9 145.4 329.4 436.0 172.9 195.8 164.7 149.9 119.1 388.5 148.8 214.5 200.4 469.1 264.8 249.4 330.8 343.5 99.6 286.8 216.4 420.0 370.5 324.4 183.2 207.3 154.3 268.4 295.5 165.2 234.9 340.7 297.6 178.2 427.5 155.4 95.0 180.9 69.0 111.9 120.0 317.2 34.2 378.3 250.9 80.3 304.3 222.4 328.3 125.8 220.2 346.8 109.0 159.8 103.4 300.1 227.7 198.0 239.5 404.2 68.4 190.7 86.3 205.2 236.7 0.0 185.9 325.1 159.0 264.0 75.6 302.6
2281.5 259.5 119.3 215.4 148.1 277.1 134.3 317.6 283.2 248.4 211.2 213.0 224.7 176.4 269.5 245.2 151.4 9.2 364.5 221.9 153.7 269.3 181.0 229.6 191.1 267.8 229.3 121.0 142.6 270.8 251.0 108.5 203.8 161.7 367.8 245.5 253.7 60.0 415.1 150.1 255.7 196.3 207.9 225.4 278.7 133.8 209.2 124.1 181.2 225.2 351.3 118.4 212.3 155.2 220.8 194.0 327.4 295.5 245.5 356.5 211.6 230.8 241.2 169.2 188.7 187.0 219.3 109.7 42.5 220.6 139.9 240.7 207.8 220.9 188.8 200.5 306.5 183.4 220.1 370.8 76.9 177.7 182.5 227.7 76.9 303.1 122.7 292.3 209.5 403.9 168.8 372.5 234.8 258.1 177.4 190.8 357.5 334.6 285.1 342.2 87.2 285.1 137.9 172.4 374.2 69.2 252.7 244.7 212.2 319.3 342.1 153.9 218.1 80.1 192.1 183.4 103.6 231.8 174.4 292.9 189.8 128.0 218.9 300.2 242.9 203.0 292.5 261.4 174.8 237.6 175.0 204.1 131.7 102.0 138.7 422.0 191.5 172.6 109.0 328.3 286.7 176.0 0.0 239.7 108.5 405.1 198.7 206.6
2245.6 289.8 151.7 274.5 124.3 306.4 150.9 450.9 405.8 289.9 94.5 295.3 47.1 176.1 246.7 262.9 168.0 278.8 497.8 238.5 186.1 402.6 217.8 288.7 207.7 388.5 132.6 219.9 241.5 391.5 283.4 277.9 41.6 194.1 501.1 378.8 248.8 220.8 219.5 249.0 389.0 228.7 341.2 346.1 300.7 166.2 268.3 156.7 286.8 87.9 484.6 254.8 228.9 288.5 341.5 193.7 448.1 322.5 364.8 489.8 241.9 364.1 123.1 229.5 329.3 90.3 235.9 276.8 248.3 102.5 172.3 360.0 327.3 341.6 232.9 259.6 66.7 227.3 184.8 172.6 219.6 195.4 253.5 286.8 274.6 74.9 320.4 413.0 234.5 205.7 145.0 491.8 267.2 111.4 298.1 155.5 409.2 136.4 86.9 303.0 160.2 405.8 257.4 204.8 493.5 177.5 245.8 277.1 74.1 452.6 143.9 273.4 351.4 200.7 325.4 319.8 240.0 74.2 343.6 84.0 178.9 264.4 102.2 420.9 26.7 236.4 314.5 71.9 276.3 296.7 244.2 236.5 106.0 195.4 142.8 326.0 324.8 190.3 277.4 447.6 308.7 309.3 281.7 0.0 207.4 456.8 332.0 223.2
2209.7 168.9 112.2 139.3 99.5 251.3 111.4 291.8 207.1 250.4 170.0 235.9 183.5 80.8 223.1 149.6 128.5 85.8 338.7 199.0 146.6 243.5 104.9 153.5 168.2 229.4 188.1 12.4 45.9 232.4 243.9 113.2 162.6 154.6 342.0 219.7 209.3 58.4 368.7 41.5 229.9 189.2 182.1 187.0 183.1 126.7 133.1 40.6 204.1 184.0 325.5 141.3 189.4 129.4 182.4 98.4 285.9 204.9 219.7 330.7 135.5 205.0 200.0 93.1 170.2 145.8 196.4 114.4 68.1 179.4 132.8 214.9 230.7 182.5 211.7 124.4 265.3 87.8 201.4 329.6 75.2 82.1 205.4 151.6 81.6 261.9 127.4 253.9 232.4 362.7 120.2 346.7 227.7 216.9 139.0 134.8 331.7 293.4 243.9 295.8 110.1 246.7 160.8 165.3 348.4 92.1 206.3 237.6 171.0 293.5 300.9 176.8 192.3 38.3 166.3 206.3 126.5 190.6 184.5 251.7 106.3 150.9 177.7 261.8 201.7 107.4 196.9 220.2 197.7 161.5 66.4 197.0 83.1 51.0 55.2 375.6 165.7 77.0 113.7 302.5 191.1 150.2 88.7 198.5 0.0 379.3 172.9 183.7
2263.0 297.1 277.3 253.0 338.2 169.5 324.4 309.9 320.8 404.5 412.0 210.7 454.2 269.7 267.2 378.7 341.5 290.2 177.5 412.0 309.8 261.6 218.6 267.2 381.2 305.4 430.1 262.8 320.4 308.4 407.1 202.2 404.6 317.8 180.8 237.8 335.0 288.1 412.8 239.1 219.8 352.4 147.0 263.0 344.1 289.9 246.8 315.1 178.9 426.0 164.3 206.4 402.4 148.1 258.4 284.4 292.5 333.1 68.3 169.5 249.2 223.1 442.0 206.8 208.3 387.8 409.4 201.1 271.1 421.4 296.0 73.1 205.5 258.5 270.1 238.1 454.7 260.8 410.2 451.5 300.2 311.2 180.2 265.3 234.5 445.6 264.2 329.9 215.9 484.6 358.9 178.1 390.9 458.9 215.0 380.9 37.4 495.1 445.6 339.9 297.9 322.7 186.9 328.5 179.8 292.5 250.4 400.8 413.0 311.6 502.6 170.9 110.5 308.2 156.2 236.3 221.2 432.6 222.6 435.4 366.3 251.7 419.7 337.8 451.8 241.2 335.6 490.9 196.2 275.2 218.8 360.2 321.8 325.3 329.7 419.7 112.7 306.1 201.7 133.9 352.1 188.3 293.1 440.5 274.4 0.0 178.2 396.7
2229.0 202.7 219.8 158.6 280.7 148.5 266.9 210.8 226.4 347.0 317.6 183.4 331.1 175.3 239.9 284.3 284.0 195.8 266.0 354.5 252.3 167.2 121.1 172.8 323.7 211.0 331.0 168.4 226.0 214.0 349.6 107.8 310.2 260.3 265.7 143.4 270.4 225.3 385.5 144.7 120.8 294.9 73.0 168.6 249.7 232.4 152.4 220.7 151.6 331.6 249.2 143.6 344.9 53.7 164.0 190.0 260.6 234.0 110.6 254.4 154.8 128.7 347.6 112.4 113.9 293.4 347.2 106.7 178.1 327.0 233.8 105.8 178.2 164.1 189.3 143.7 427.4 166.4 343.9 424.2 237.4 216.8 152.9 170.9 140.1 418.3 169.8 235.5 188.6 457.3 301.4 237.6 333.0 364.5 120.6 283.8 155.0 441.0 391.5 312.6 240.4 228.3 156.2 271.0 239.3 229.7 223.1 343.3 313.9 217.2 448.5 143.6 83.2 241.6 57.2 137.3 158.4 332.9 128.2 408.1 271.9 161.6 325.3 243.4 349.3 146.8 241.2 363.1 97.2 180.8 124.4 298.0 264.3 231.1 235.3 392.4 56.6 211.7 107.3 194.9 257.7 93.9 198.7 346.1 180.0 202.6 0.0 339.2
2278.5 340.1 112.1 319.6 145.1 266.8 70.6 441.2 387.4 77.3 208.2 255.7 221.7 226.4 223.0 302.8 54.7 203.8 451.6 44.1 146.5 392.9 268.1 333.8 59.1 391.4 226.3 192.7 214.3 394.4 156.5 232.1 200.8 112.7 454.9 369.1 209.2 181.6 368.6 221.8 327.0 88.2 314.9 349.0 280.0 126.6 313.4 177.8 247.2 222.2 438.4 215.2 60.3 278.8 344.4 244.0 451.0 301.8 325.2 443.6 292.2 354.4 238.2 279.8 285.5 184.0 23.3 233.3 164.6 217.6 132.7 320.4 287.7 344.5 193.3 304.7 303.5 268.1 217.1 407.3 171.1 244.7 213.9 331.9 200.5 300.1 246.3 415.9 194.9 440.4 165.8 452.2 87.1 255.1 301.0 187.8 369.6 331.6 282.1 295.7 120.6 408.7 217.8 116.2 453.9 137.9 206.2 123.5 209.2 442.9 339.1 233.8 284.5 173.5 278.2 280.2 200.4 228.8 271.2 289.9 243.5 224.8 215.9 423.8 239.9 286.7 293.8 258.4 236.7 341.8 246.7 108.2 128.7 158.0 192.4 375.5 314.7 249.6 232.6 408.0 288.0 299.6 206.7 236.7 180.2 417.2 322.3 0.0
