Name		2727_BED-Amazon_n125_m256_bt27
Number_of_Customers	125
Number_of_Items		256
Number_of_ItemTypes	27
Number_of_Vehicles	1
TimeWindows		0
Dist_type	manual

VEHICLE
Mass_Capacity	2071
CargoSpace_Length	174
CargoSpace_Width	61
CargoSpace_Height	84

CUSTOMERS
i	x	y	Demand	ReadyTime	DueDate	ServiceTime	DemandedMass	DemandedVolume
0	47.54217	-122.328049	0	0	0	0	0	0
1	47.640279	-122.306528	2	0	0	0	10.2	14169
2	47.640492	-122.313425	1	0	0	0	4.7	1380
3	47.643172	-122.301965	3	0	0	0	6.21	12162
4	47.630511	-122.299034	9	0	0	0	32.9	62350
5	47.63228	-122.301045	1	0	0	0	4.7	1380
6	47.642058	-122.314095	2	0	0	0	10.39	73544
7	47.634299	-122.304488	3	0	0	0	14.74	12795
8	47.633192	-122.312478	1	0	0	0	0.7	2640
9	47.640985	-122.299431	4	0	0	0	21.1	11554
10	47.631864	-122.297824	1	0	0	0	7.3	3640
11	47.637632	-122.302799	2	0	0	0	8.0	6280
12	47.638775	-122.303184	2	0	0	0	11.9	6738
13	47.642458	-122.303241	1	0	0	0	4.7	1380
14	47.63911	-122.312383	1	0	0	0	4.7	1380
15	47.639525	-122.301103	2	0	0	0	3.5	12728
16	47.636595	-122.305792	1	0	0	0	2.6	10400
17	47.633205	-122.305959	2	0	0	0	6.6	2556
18	47.6332	-122.303183	2	0	0	0	2.45	7248
19	47.641556	-122.313719	3	0	0	0	28.02	17140
20	47.641745	-122.306273	1	0	0	0	4.7	1380
21	47.642192	-122.300335	3	0	0	0	14.79	15655
22	47.639548	-122.30487	4	0	0	0	34.19	40508
23	47.63373	-122.303749	1	0	0	0	7.3	3640
24	47.63366	-122.300601	1	0	0	0	1.9	1176
25	47.639244	-122.311719	2	0	0	0	6.6	2556
26	47.638736	-122.30595	1	0	0	0	7.3	3640
27	47.641264	-122.302078	1	0	0	0	1.75	4608
28	47.633969	-122.305189	2	0	0	0	9.8	7618
29	47.639803	-122.311257	2	0	0	0	4.4	5154
30	47.638849	-122.309225	2	0	0	0	37.65	7900
31	47.633319	-122.309894	1	0	0	0	9.4	2760
32	47.642017	-122.306578	1	0	0	0	4.7	1380
33	47.645913	-122.304508	1	0	0	0	0.7	2640
34	47.636767	-122.306632	1	0	0	0	1.75	4608
35	47.63708	-122.299478	1	0	0	0	2.6	10400
36	47.640286	-122.309943	1	0	0	0	0.7	2640
37	47.641725	-122.304471	2	0	0	0	9.99	9455
38	47.635982	-122.302293	1	0	0	0	7.3	3640
39	47.640097	-122.310723	1	0	0	0	3.44	17100
40	47.638467	-122.29944	2	0	0	0	3.2	6618
41	47.63606	-122.30156	3	0	0	0	18.88	19109
42	47.637983	-122.307311	3	0	0	0	6.32	12760
43	47.644151	-122.300168	1	0	0	0	4.7	1380
44	47.646408	-122.30685	1	0	0	0	4.7	1380
45	47.6342	-122.302691	2	0	0	0	5.4	4020
46	47.637007	-122.303776	1	0	0	0	7.3	3640
47	47.634417	-122.303855	2	0	0	0	6.45	5988
48	47.64029	-122.311492	1	0	0	0	4.7	1380
49	47.638935	-122.303952	1	0	0	0	4.7	1380
50	47.639567	-122.309955	1	0	0	0	4.7	1380
51	47.640985	-122.302872	2	0	0	0	4.91	6720
52	47.632633	-122.308559	1	0	0	0	4.7	1380
53	47.640249	-122.299824	2	0	0	0	5.4	4020
54	47.645555	-122.302971	3	0	0	0	8.35	7164
55	47.63353	-122.305082	1	0	0	0	5.29	8075
56	47.636463	-122.30228	1	0	0	0	4.7	1380
57	47.642527	-122.304629	1	0	0	0	3.01	5544
58	47.631658	-122.311244	3	0	0	0	17.29	13095
59	47.638314	-122.306441	3	0	0	0	13.36	36902
60	47.632599	-122.299833	1	0	0	0	7.3	3640
61	47.637162	-122.305222	1	0	0	0	4.7	1380
62	47.64641	-122.305601	2	0	0	0	6.85	2460
63	47.637148	-122.30728	2	0	0	0	3.2	6618
64	47.632018	-122.302303	2	0	0	0	6.1	6660
65	47.637448	-122.30827	2	0	0	0	5.4	4020
66	47.642471	-122.305627	1	0	0	0	0.7	2640
67	47.633011	-122.300031	2	0	0	0	8.0	6280
68	47.631479	-122.304727	2	0	0	0	7.71	6924
69	47.642919	-122.299481	3	0	0	0	7.3	5196
70	47.639737	-122.31461	1	0	0	0	1.9	1176
71	47.636886	-122.30057	1	0	0	0	7.3	3640
72	47.640106	-122.308993	1	0	0	0	1.9	1176
73	47.639535	-122.30341	1	0	0	0	4.7	1380
74	47.632923	-122.306615	2	0	0	0	6.45	5988
75	47.63231	-122.306739	1	0	0	0	9.4	2760
76	47.64102	-122.310606	2	0	0	0	6.6	2556
77	47.631533	-122.297741	1	0	0	0	4.7	1380
78	47.645556	-122.307365	1	0	0	0	7.63	16848
79	47.631799	-122.299003	1	0	0	0	1.75	4608
80	47.64098	-122.301137	4	0	0	0	23.21	21160
81	47.636579	-122.304375	2	0	0	0	5.4	4020
82	47.646395	-122.302585	8	0	0	0	43.1	48090
83	47.632564	-122.309899	3	0	0	0	15.5	14236
84	47.642912	-122.303954	2	0	0	0	7.74	21104
85	47.641711	-122.302543	1	0	0	0	3.82	7600
86	47.63491	-122.304811	1	0	0	0	2.5	3978
87	47.641218	-122.314602	1	0	0	0	4.7	1380
88	47.631798	-122.300316	2	0	0	0	7.71	6924
89	47.640278	-122.305769	1	0	0	0	4.7	1380
90	47.6454	-122.305334	1	0	0	0	0.7	2640
91	47.630809	-122.311258	1	0	0	0	0.7	2640
92	47.640252	-122.30107	1	0	0	0	4.7	1380
93	47.632618	-122.311227	1	0	0	0	1.75	4608
94	47.634119	-122.311561	1	0	0	0	0.7	2640
95	47.635513	-122.299505	2	0	0	0	3.55	7128
96	47.645548	-122.308571	1	0	0	0	1.75	4608
97	47.63228	-122.300216	1	0	0	0	0.7	2640
98	47.632518	-122.312487	1	0	0	0	4.7	1380
99	47.637847	-122.305495	2	0	0	0	5.4	4020
100	47.637076	-122.301911	2	0	0	0	4.65	10248
101	47.642279	-122.315315	4	0	0	0	20.0	19440
102	47.638547	-122.310629	1	0	0	0	4.7	1380
103	47.632324	-122.312112	1	0	0	0	9.4	2760
104	47.639069	-122.307156	1	0	0	0	0.7	2640
105	47.64548	-122.306593	1	0	0	0	4.7	1380
106	47.633793	-122.305909	1	0	0	0	1.75	4608
107	47.635079	-122.299511	1	0	0	0	14.1	4140
108	47.6367	-122.300575	2	0	0	0	5.4	4020
109	47.63439	-122.30301	1	0	0	0	1.9	1176
110	47.632993	-122.309897	1	0	0	0	4.8	6200
111	47.639968	-122.313253	1	0	0	0	1.75	4608
112	47.633737	-122.301832	4	0	0	0	12.01	20054
113	47.637468	-122.30056	3	0	0	0	10.91	19800
114	47.636786	-122.304814	2	0	0	0	11.9	6738
115	47.632531	-122.303518	1	0	0	0	4.7	1380
116	47.639556	-122.306886	1	0	0	0	1.76	9000
117	47.644139	-122.302915	1	0	0	0	4.7	1380
118	47.637662	-122.299467	2	0	0	0	9.99	9455
119	47.638462	-122.301711	3	0	0	0	11.35	20484
120	47.634025	-122.303852	1	0	0	0	2.15	1080
121	47.640996	-122.306518	2	0	0	0	7.3	11780
122	47.63095	-122.302324	1	0	0	0	4.7	1380
123	47.639562	-122.308171	3	0	0	0	12.25	6480
124	47.641711	-122.299199	1	0	0	0	0.7	2640
125	47.638278	-122.300532	1	0	0	0	4.7	1380

ITEMS
Type	Length	Width	Height	Mass	Fragility	LoadBearingStrength
Bt1	10	10	10	14.15	1	0
Bt2	18	12	5	2.15	1	0
Bt3	21	14	4	1.9	1	0
Bt4	23	15	4	4.7	1	0
Bt5	20	18	7	1.8	1	0
Bt6	15	11	16	0.7	1	0
Bt7	20	14	13	7.3	1	0
Bt8	17	13	18	2.5	1	0
Bt9	24	12	16	1.75	1	0
Bt10	28	22	9	3.01	1	0
Bt11	31	20	10	4.8	1	0
Bt12	28	19	14	2.1	1	0
Bt13	40	19	10	3.82	1	0
Bt14	25	19	17	5.29	1	0
Bt15	30	20	15	1.76	1	0
Bt16	28	18	18	2.75	1	0
Bt17	29	25	13	1.77	1	0
Bt18	40	20	13	2.6	1	0
Bt19	29	21	21	5.5	1	0
Bt20	26	20	26	2.91	1	0
Bt21	27	23	24	2.94	1	0
Bt22	39	27	16	7.63	1	0
Bt23	57	15	20	3.44	1	0
Bt24	33	20	28	5.25	1	0
Bt25	41	20	29	3.42	1	0
Bt26	37	37	20	7.85	1	0
Bt27	58	26	33	6.969	1	0

DEMANDS PER CUSTOMER
i	Type Quantity
1	Bt4 1	Bt19 1	
2	Bt4 1	
3	Bt8 1	Bt6 1	Bt10 1	
4	Bt20 1	Bt16 1	Bt13 2	Bt18 1	Bt4 1	Bt8 1	Bt6 1	Bt5 1	Bt7 1	
5	Bt4 1	
6	Bt27 1	Bt25 1	
7	Bt7 1	Bt14 1	Bt2 1	
8	Bt6 1	
9	Bt3 1	Bt4 2	Bt8 1	Bt7 1	
10	Bt7 1	
11	Bt6 1	Bt7 1	
12	Bt8 1	Bt4 2	
13	Bt4 1	
14	Bt4 1	
15	Bt12 1	Bt6 2	
16	Bt18 1	
17	Bt3 1	Bt4 1	
18	Bt6 1	Bt9 1	
19	Bt4 5	Bt13 1	Bt6 1	
20	Bt4 1	
21	Bt11 1	Bt4 1	Bt14 1	
22	Bt10 2	Bt20 1	Bt15 1	Bt4 5	
23	Bt7 1	
24	Bt3 1	
25	Bt3 1	Bt4 1	
26	Bt7 1	
27	Bt9 1	
28	Bt7 1	Bt8 1	
29	Bt3 1	Bt8 1	
30	Bt4 5	Bt1 1	
31	Bt4 2	
32	Bt4 1	
33	Bt6 1	
34	Bt9 1	
35	Bt18 1	
36	Bt6 1	
37	Bt4 1	Bt14 1	
38	Bt7 1	
39	Bt23 1	
40	Bt8 1	Bt6 1	
41	Bt4 3	Bt10 1	Bt17 1	
42	Bt6 1	Bt13 1	Bt5 1	
43	Bt4 1	
44	Bt4 1	
45	Bt6 1	Bt4 1	
46	Bt7 1	
47	Bt4 1	Bt9 1	
48	Bt4 1	
49	Bt4 1	
50	Bt4 1	
51	Bt10 1	Bt3 1	
52	Bt4 1	
53	Bt4 1	Bt6 1	
54	Bt9 1	Bt3 1	Bt4 1	
55	Bt14 1	
56	Bt4 1	
57	Bt10 1	
58	Bt7 1	Bt4 1	Bt14 1	
59	Bt26 1	Bt10 1	Bt8 1	
60	Bt7 1	
61	Bt4 1	
62	Bt2 1	Bt4 1	
63	Bt6 1	Bt8 1	
64	Bt6 2	Bt4 1	
65	Bt6 1	Bt4 1	
66	Bt6 1	
67	Bt7 1	Bt6 1	
68	Bt10 1	Bt4 1	
69	Bt3 1	Bt4 1	Bt6 1	
70	Bt3 1	
71	Bt7 1	
72	Bt3 1	
73	Bt4 1	
74	Bt4 1	Bt9 1	
75	Bt4 2	
76	Bt4 1	Bt3 1	
77	Bt4 1	
78	Bt22 1	
79	Bt9 1	
80	Bt4 2	Bt9 2	Bt7 1	Bt10 1	
81	Bt4 1	Bt6 1	
82	Bt7 1	Bt8 1	Bt18 1	Bt4 4	Bt6 1	Bt3 2	Bt2 1	Bt24 1	
83	Bt7 1	Bt4 1	Bt9 2	
84	Bt11 1	Bt21 1	
85	Bt13 1	
86	Bt8 1	
87	Bt4 1	
88	Bt4 1	Bt10 1	
89	Bt4 1	
90	Bt6 1	
91	Bt6 1	
92	Bt4 1	
93	Bt9 1	
94	Bt6 1	
95	Bt5 1	Bt9 1	
96	Bt9 1	
97	Bt6 1	
98	Bt4 1	
99	Bt6 1	Bt4 1	
100	Bt16 1	Bt3 1	
101	Bt4 2	Bt7 1	Bt18 1	Bt6 1	
102	Bt4 1	
103	Bt4 2	
104	Bt6 1	
105	Bt4 1	
106	Bt9 1	
107	Bt4 3	
108	Bt6 1	Bt4 1	
109	Bt3 1	
110	Bt11 1	
111	Bt9 1	
112	Bt20 1	Bt3 1	Bt4 1	Bt8 1	
113	Bt6 1	Bt7 1	Bt20 1	
114	Bt8 1	Bt4 2	
115	Bt4 1	
116	Bt15 1	
117	Bt4 1	
118	Bt4 1	Bt14 1	
119	Bt9 3	Bt4 1	Bt6 2	
120	Bt2 1	
121	Bt4 1	Bt18 1	
122	Bt4 1	
123	Bt4 2	Bt6 1	Bt2 1	
124	Bt6 1	
125	Bt4 1	

DISTANCE MATRIX
0.0 1149.0 1247.8 1077.0 1263.7 1196.5 1253.1 1252.0 1169.1 1135.4 1294.6 1180.2 1144.7 1063.8 1257.4 1100.6 1218.8 1246.4 1205.3 1249.0 1113.5 1140.0 1132.6 1226.8 1193.2 1305.9 1191.8 1054.6 1260.6 1186.8 1220.0 1240.3 1080.0 1063.8 1226.8 1175.0 1201.3 1083.4 1163.0 1196.1 1168.9 1122.4 1214.7 1052.6 1341.9 1183.6 1211.1 1231.6 1219.0 1140.3 1161.1 1074.0 1268.7 1173.0 1082.1 1246.9 1174.3 1079.2 1235.7 1244.2 1221.3 1192.5 1358.6 1244.5 1214.7 1250.8 1088.8 1210.8 1300.8 1086.2 1207.2 1164.3 1166.4 1105.7 1258.3 1297.0 1228.4 1287.5 1261.0 1240.2 1086.9 1173.7 1143.3 1265.5 1037.6 1061.0 1260.5 1262.2 1226.0 1135.3 1253.7 1254.6 1106.4 1231.5 1185.1 1214.5 1276.5 1212.3 1180.3 1237.6 1123.6 1238.3 1228.0 1204.5 1253.1 1269.0 1265.2 1264.1 1169.6 1190.4 1251.2 1230.1 1166.1 1145.0 1177.1 1239.1 1158.1 1025.7 1161.2 1093.3 1234.2 1134.8 1234.7 1141.0 1111.6 1145.1
1245.1 0.0 162.5 183.6 264.1 208.4 167.8 261.7 367.7 153.2 280.1 112.7 98.3 123.1 172.1 130.8 193.4 258.3 217.2 163.7 59.3 174.6 64.1 238.7 205.1 329.9 96.9 135.7 272.5 98.1 134.7 363.3 51.8 190.6 182.4 223.2 116.0 74.3 155.7 110.8 197.3 134.3 157.9 191.1 468.7 195.5 198.2 243.5 133.7 86.4 75.8 89.8 312.7 127.5 212.2 258.8 142.9 113.4 360.7 205.7 233.2 204.4 485.4 188.0 226.6 165.5 73.7 225.1 312.7 250.8 328.0 215.7 81.1 83.9 273.8 304.0 143.1 287.4 387.8 252.1 123.8 185.6 270.1 329.6 113.3 117.4 272.4 180.6 237.9 12.8 380.5 379.6 100.3 343.8 399.6 268.5 403.3 224.2 357.3 237.0 135.1 158.4 142.7 343.4 196.3 395.8 277.1 273.5 221.0 202.3 345.1 144.8 178.0 199.1 174.4 251.0 63.2 164.2 209.4 105.2 246.1 40.3 246.6 34.5 173.1 176.2
1145.9 150.7 0.0 299.5 324.4 259.1 66.5 314.6 339.5 283.0 363.7 210.5 179.2 239.0 126.1 201.3 153.7 309.0 267.9 62.4 175.2 296.3 138.2 289.4 255.8 324.6 146.6 269.2 323.2 48.5 95.0 383.1 167.7 306.5 142.7 303.0 92.5 216.3 189.8 88.9 269.6 241.1 118.2 307.0 584.6 246.2 184.9 294.2 64.4 177.3 76.1 226.1 338.8 266.7 324.8 309.5 201.1 229.3 386.8 147.7 265.9 147.4 601.3 148.3 277.3 125.8 189.6 255.4 363.4 372.5 288.3 270.8 114.9 163.7 320.9 317.0 119.5 356.6 503.7 306.9 256.5 141.3 386.0 355.7 229.2 250.9 323.1 79.3 316.7 163.5 496.4 419.5 251.0 369.9 355.5 280.0 519.2 288.9 350.7 192.4 242.3 51.7 103.0 369.5 156.6 511.7 327.8 269.8 265.8 253.0 371.2 15.4 228.7 276.2 137.8 301.7 113.6 280.1 289.2 212.0 296.8 166.1 297.3 95.5 306.6 256.0
1218.4 187.7 270.7 0.0 344.0 210.4 276.0 272.4 369.7 117.0 288.4 224.3 196.2 63.7 280.3 134.4 232.7 256.8 219.2 271.9 151.7 57.6 202.7 240.7 207.1 420.6 242.0 68.5 274.5 209.7 227.7 365.3 102.9 93.4 240.7 213.1 224.2 122.1 176.9 219.0 179.7 136.3 228.6 93.9 371.5 197.5 225.0 248.3 241.9 179.0 184.0 90.6 314.7 126.9 115.0 260.8 188.2 99.9 362.7 276.4 274.0 206.4 388.2 258.4 228.6 256.2 109.5 265.9 314.7 80.0 418.7 212.0 189.3 119.6 272.2 306.0 251.3 281.3 290.6 315.0 106.8 187.6 172.9 331.6 91.5 114.9 274.4 288.8 239.9 174.0 283.3 381.6 123.0 345.8 401.6 258.4 306.1 297.0 359.3 250.2 137.5 266.6 250.9 345.4 267.0 298.6 279.1 257.9 217.3 204.3 347.1 253.0 180.0 195.4 192.4 253.0 208.3 67.0 205.8 107.2 248.1 185.5 248.6 163.9 102.7 172.5
1473.4 288.6 340.0 241.0 0.0 75.0 345.3 197.3 284.4 243.3 208.4 229.0 259.5 259.3 349.6 195.5 232.9 171.5 145.4 352.7 288.6 259.3 258.1 177.7 145.6 420.8 280.2 210.4 200.7 290.5 258.0 291.5 315.4 305.9 240.9 171.2 323.1 258.5 177.1 288.3 193.4 131.7 240.3 306.4 584.0 124.5 225.2 161.0 322.7 259.3 274.6 232.5 240.9 239.7 327.5 187.0 188.4 284.0 328.6 288.1 59.0 218.1 600.7 258.6 101.3 256.4 293.6 66.8 226.4 262.7 418.9 185.7 313.4 211.3 198.4 232.2 320.6 201.3 503.1 17.4 213.9 193.5 385.4 257.8 275.6 237.7 209.3 358.1 57.9 274.9 484.3 321.2 224.0 272.0 316.3 132.2 507.1 45.8 274.0 261.9 165.8 335.9 314.5 260.1 267.2 511.1 248.3 110.5 169.2 131.3 261.8 322.3 107.0 201.2 192.6 204.5 275.2 268.0 167.0 171.1 170.3 293.3 121.3 291.3 266.7 207.4
1362.9 220.6 267.2 184.5 72.6 0.0 272.5 165.1 220.8 210.5 164.1 144.7 175.2 191.3 276.8 129.7 160.1 111.4 70.3 268.4 232.1 202.8 181.7 91.8 89.1 382.4 207.4 142.4 125.6 206.2 185.2 210.1 247.4 237.9 168.1 159.5 238.8 202.0 104.3 215.5 164.4 75.2 156.0 238.4 516.0 88.8 152.4 136.8 238.4 186.5 201.8 164.5 165.8 182.7 256.2 111.9 115.6 227.5 213.8 185.5 47.3 133.8 532.7 185.8 106.3 183.6 237.1 57.5 165.8 264.6 346.1 149.8 249.1 154.8 123.3 162.0 247.8 171.4 435.1 43.6 157.4 115.0 317.4 182.7 219.1 169.7 173.6 285.3 29.4 206.9 427.8 232.7 156.0 196.9 252.7 120.5 450.6 15.7 210.4 178.9 109.7 257.7 230.2 196.5 194.4 443.1 130.2 110.3 155.1 95.6 198.2 249.5 71.3 130.5 118.4 104.1 207.2 211.5 146.7 103.1 99.2 225.3 126.3 221.2 198.7 139.4
1193.6 183.1 68.6 331.9 356.8 291.5 0.0 344.8 426.2 318.3 396.1 240.8 216.9 271.4 158.5 243.0 186.1 337.9 300.3 82.0 207.6 328.7 170.6 321.8 288.2 322.6 179.0 301.6 355.6 80.9 112.2 421.8 200.1 338.9 175.1 335.4 124.9 248.7 222.2 121.3 309.5 273.5 150.6 339.4 617.0 278.6 217.3 329.4 96.8 209.7 108.5 258.5 371.2 299.6 360.5 341.9 233.5 261.7 419.2 198.4 298.3 179.8 633.7 180.7 344.8 165.7 222.0 290.2 395.8 384.4 267.3 303.2 147.3 196.1 353.3 344.5 151.9 389.0 536.1 339.3 288.9 179.7 418.4 388.1 261.6 283.3 355.5 42.2 349.1 195.9 528.8 451.9 283.4 402.3 458.1 312.4 551.6 321.3 415.8 224.8 274.7 38.0 135.4 401.9 189.0 544.1 360.2 302.2 298.2 285.4 403.6 84.0 261.1 311.3 168.7 334.1 146.0 312.5 328.1 244.4 329.2 188.6 329.7 160.0 339.0 288.4
1461.6 286.9 324.8 234.1 226.8 164.8 322.1 0.0 164.3 236.4 203.7 202.3 228.4 248.9 334.4 196.6 217.7 54.9 61.4 326.0 289.7 269.1 225.2 74.2 128.7 386.5 265.0 200.0 69.1 263.8 230.1 153.6 305.0 295.5 225.7 218.1 296.4 259.6 161.9 273.1 222.0 132.8 213.6 296.0 573.6 92.7 210.0 58.7 296.0 244.1 259.4 222.1 109.3 240.3 325.8 55.4 173.2 285.1 165.3 261.4 192.8 191.4 590.3 235.4 160.2 267.5 294.7 203.0 136.9 311.6 350.2 207.4 306.7 212.4 66.8 105.5 297.4 211.0 492.7 189.1 207.0 172.6 367.0 134.2 285.4 227.3 33.7 342.9 152.9 264.5 485.4 176.2 213.6 140.4 196.2 266.0 508.2 161.2 153.9 236.5 167.3 320.7 287.8 140.0 252.0 500.7 65.0 264.5 212.7 77.2 141.7 307.1 101.5 199.5 177.4 75.2 264.8 269.1 204.3 160.7 68.0 282.9 176.4 289.6 256.3 197.0
1305.9 459.5 372.7 383.0 307.2 240.0 398.1 196.8 0.0 409.0 392.6 343.2 373.7 389.8 386.2 328.2 374.4 123.9 163.2 412.7 484.0 401.3 447.0 184.7 317.6 412.0 455.4 340.9 175.9 411.6 388.6 93.0 476.5 436.4 363.4 359.0 435.9 400.5 302.8 412.6 362.9 273.7 334.9 436.9 714.5 239.2 405.6 201.4 427.5 486.1 384.9 363.0 99.5 381.2 454.7 162.2 314.1 426.0 66.5 364.4 287.4 368.1 731.2 369.0 258.2 293.0 498.4 297.6 166.7 463.1 335.9 348.3 423.7 353.3 113.2 111.0 444.9 399.9 633.6 283.7 355.9 362.0 515.9 84.6 417.6 368.2 192.4 390.9 269.5 472.3 626.3 85.4 354.5 84.2 37.8 360.6 649.1 255.8 11.2 409.1 308.2 360.4 411.8 35.3 373.3 641.6 154.9 350.4 353.6 232.4 103.9 355.0 256.7 329.0 358.5 177.0 422.4 410.0 345.2 301.6 192.1 474.9 273.8 404.3 397.2 337.9
1280.1 154.5 297.5 101.7 322.5 293.2 302.8 257.5 363.5 0.0 268.9 192.8 164.7 117.5 307.1 77.4 226.5 250.6 213.0 298.7 146.0 46.2 144.9 234.5 200.9 464.9 207.9 59.6 268.3 233.1 269.7 352.8 165.3 155.1 234.5 140.1 251.0 132.7 170.7 245.8 106.7 130.1 222.4 155.6 433.2 191.3 218.8 239.3 268.7 147.5 210.8 66.4 308.5 60.7 176.7 254.6 225.1 153.7 356.5 270.2 252.5 200.2 449.9 252.2 257.5 300.5 152.0 244.4 308.5 101.9 463.0 155.0 216.1 122.5 266.0 299.8 278.1 261.8 352.3 293.5 31.8 175.6 234.6 325.4 129.2 92.3 268.2 315.6 303.3 140.8 345.0 375.4 66.0 339.6 395.4 179.6 367.8 275.5 353.1 244.0 131.3 293.4 277.7 339.2 260.8 360.3 272.9 190.4 160.3 198.1 340.9 279.8 173.8 138.4 184.8 246.8 174.2 128.7 132.8 101.0 241.9 136.0 242.4 190.3 60.1 115.5
1434.5 292.2 338.8 256.1 272.7 254.9 344.1 221.5 343.3 282.1 0.0 216.3 246.8 262.9 348.4 201.3 231.7 233.9 192.8 340.0 303.7 274.4 253.3 214.3 83.4 454.0 279.0 214.0 278.5 277.8 256.8 332.6 319.0 309.5 239.7 232.1 310.4 273.6 175.9 287.1 236.0 146.8 227.6 235.9 587.6 171.1 224.0 255.2 310.0 258.1 273.4 236.1 288.3 254.3 327.8 234.4 187.2 299.1 336.3 257.1 214.2 205.4 604.3 257.4 202.2 255.2 308.7 203.7 288.3 205.7 417.7 221.4 320.7 226.4 245.8 284.5 319.4 23.5 506.7 255.2 229.0 186.6 389.0 305.2 290.7 241.3 230.0 356.9 265.0 278.5 499.4 355.2 227.6 319.4 375.2 228.3 522.2 237.2 332.9 250.5 181.3 329.3 301.8 319.0 266.0 514.7 269.0 218.1 226.7 177.9 320.7 321.1 153.6 202.1 190.0 226.6 278.8 283.1 218.3 174.7 264.5 296.9 222.2 292.8 270.3 211.0
1306.1 113.3 223.5 194.7 225.8 163.4 226.7 216.7 322.7 165.6 235.1 0.0 26.0 136.3 233.1 101.0 127.0 209.8 172.2 224.7 138.7 186.7 71.4 193.7 160.1 314.9 88.0 147.7 237.8 159.1 139.4 318.3 156.4 220.0 135.0 195.5 177.0 126.2 42.9 171.8 169.6 89.3 122.9 220.5 498.1 152.6 119.3 201.3 194.7 41.7 136.8 104.3 267.7 157.5 241.6 213.8 30.1 169.3 315.7 170.7 167.3 100.7 512.7 152.7 216.7 158.0 144.7 159.2 271.7 236.1 313.0 188.0 142.1 56.2 228.8 259.0 202.0 258.0 417.2 208.3 133.1 76.1 297.4 284.6 131.8 129.4 227.4 241.6 218.1 101.7 409.9 334.6 130.3 298.8 354.6 175.9 432.7 190.3 312.3 144.5 60.9 217.3 203.7 298.4 161.3 425.2 232.1 171.2 193.3 157.3 300.1 205.8 133.0 169.3 88.2 206.0 100.2 193.6 188.2 102.4 201.1 144.9 201.6 116.7 185.1 148.5
1284.9 96.6 202.3 170.7 256.0 181.6 210.8 238.1 340.9 137.2 253.3 26.4 0.0 110.2 211.9 72.6 157.2 234.7 193.6 199.1 132.1 162.7 69.0 211.9 178.3 375.8 111.2 121.6 248.9 144.5 159.3 333.4 135.2 193.9 165.2 169.4 155.8 105.2 73.1 150.6 139.2 103.1 153.1 194.4 472.0 168.7 149.5 219.9 173.5 49.7 115.6 85.0 285.9 134.1 215.5 232.0 60.3 134.2 329.5 197.2 197.5 130.9 488.7 179.2 203.0 177.0 141.5 183.3 289.1 218.4 343.2 161.9 120.9 30.1 246.6 285.3 186.1 260.6 391.1 238.5 107.8 108.4 269.0 298.4 107.8 103.3 245.6 220.4 211.1 87.3 383.8 352.8 104.2 317.0 372.8 212.1 406.6 216.8 330.5 172.3 86.7 193.8 182.5 312.2 191.5 399.1 250.3 219.7 170.4 175.5 318.3 184.6 154.4 140.9 116.9 224.2 79.0 167.5 158.8 74.0 219.3 124.3 219.8 98.3 159.0 122.4
1284.4 123.9 244.8 60.4 251.1 183.9 250.1 239.4 343.2 147.8 255.6 162.6 127.1 0.0 254.4 88.0 206.2 233.8 192.7 246.0 87.9 64.7 119.0 214.2 180.6 428.5 178.2 42.0 248.0 183.8 201.8 332.5 77.0 159.4 214.2 162.4 198.3 58.3 150.4 193.1 186.8 109.8 202.1 159.9 437.5 171.0 198.5 219.0 216.0 115.2 158.1 61.4 288.2 133.5 177.7 234.3 161.7 36.1 336.2 231.6 208.7 179.9 454.2 231.9 202.1 229.7 45.7 198.2 288.2 139.3 392.2 151.7 163.4 93.1 245.7 284.4 225.4 311.5 356.6 227.6 113.9 161.1 238.9 305.1 27.7 48.4 247.9 262.9 213.4 110.2 349.3 355.1 130.1 319.3 375.1 201.9 372.1 199.7 332.8 225.0 111.0 235.3 225.0 318.9 240.5 364.6 252.6 212.7 157.0 177.8 320.6 227.1 153.5 132.4 164.5 226.5 144.5 133.0 148.6 80.7 221.6 110.2 222.1 138.0 109.8 132.5
1180.0 160.3 97.4 309.1 345.5 268.7 144.5 324.2 403.4 292.6 373.3 220.1 188.8 248.6 0.0 210.9 163.3 318.6 277.5 140.4 184.8 305.9 147.8 299.0 265.4 334.2 156.2 278.8 332.8 99.2 104.6 392.7 177.3 316.1 152.3 312.6 136.7 225.9 199.4 113.4 279.2 250.7 127.8 316.6 594.2 255.8 194.5 303.8 115.1 186.9 85.7 235.7 348.4 276.3 334.4 319.1 210.7 238.9 396.4 157.3 275.5 157.0 610.9 157.9 286.9 135.4 199.2 265.0 373.0 382.1 297.9 280.4 124.5 173.3 330.5 326.6 145.7 366.2 513.3 316.5 266.1 150.9 395.6 365.3 238.8 260.5 332.7 157.3 326.3 173.1 506.0 429.1 260.6 379.5 435.3 289.6 528.8 298.5 393.0 202.0 251.9 129.7 112.6 379.1 166.2 521.3 337.4 279.4 275.4 262.6 380.8 79.7 238.3 285.8 147.4 311.3 123.2 289.7 298.8 221.6 306.4 175.7 306.9 137.2 316.2 265.6
1271.1 130.6 220.7 92.7 263.2 153.8 226.0 207.1 313.1 79.4 308.3 117.4 84.0 142.6 230.3 0.0 176.1 203.7 162.6 221.9 153.9 85.6 65.8 184.1 150.5 388.1 131.1 50.6 217.9 156.3 192.9 308.7 153.6 146.1 240.6 92.3 174.2 141.4 162.5 169.0 58.9 79.7 172.0 146.6 424.2 140.9 208.4 188.9 191.9 82.1 134.0 114.2 258.1 56.0 167.7 204.2 149.7 166.6 306.1 219.8 204.7 149.8 440.9 246.2 172.0 231.2 159.9 194.2 258.1 161.8 386.2 84.8 139.3 45.0 219.2 249.4 201.3 301.2 343.3 245.7 65.6 131.0 225.6 275.0 140.2 77.9 217.8 238.8 255.5 116.9 336.0 325.0 64.2 289.2 345.0 137.6 358.8 227.7 302.7 193.6 80.9 216.6 200.9 288.8 210.4 351.3 222.5 142.6 90.1 147.7 290.5 203.0 123.4 68.2 134.4 196.4 97.4 119.7 78.5 93.4 191.5 142.1 192.0 113.5 99.5 45.3
1259.4 186.0 176.8 221.8 220.4 155.1 182.1 210.6 314.4 247.8 259.7 126.2 156.7 262.6 186.4 167.0 0.0 205.0 163.9 178.0 210.5 240.1 173.5 185.4 151.8 292.0 181.2 179.7 219.2 115.8 82.1 303.7 203.0 275.2 77.7 215.0 148.4 251.6 85.8 125.1 201.7 112.5 65.6 275.7 553.3 142.2 62.9 190.2 148.0 168.0 111.4 234.2 259.4 220.0 293.5 205.5 97.1 264.6 307.4 95.1 161.9 25.4 570.0 95.4 173.3 93.2 224.9 151.4 259.4 301.9 255.7 166.8 150.2 182.5 216.9 255.6 157.4 252.6 472.4 202.9 194.7 37.3 354.7 276.3 260.2 255.7 219.1 194.9 212.7 198.8 465.1 326.3 193.3 290.5 346.3 176.0 487.9 184.9 304.0 70.5 135.4 167.3 139.8 290.1 104.0 480.4 223.8 165.8 161.8 149.0 291.8 159.1 124.7 184.8 33.8 197.7 148.9 248.8 184.0 140.4 192.8 201.4 193.3 162.9 236.0 204.3
1415.3 291.7 369.6 259.0 168.3 116.0 378.4 56.1 109.3 257.9 268.6 221.3 245.3 265.8 379.2 210.1 293.9 0.0 35.8 370.8 306.6 273.9 256.2 60.7 193.6 297.1 281.9 216.9 62.2 305.2 291.1 104.9 321.9 312.4 282.9 235.0 341.2 285.8 178.8 317.9 231.4 146.3 257.9 312.9 590.5 115.2 226.9 74.6 340.8 261.0 304.2 241.7 54.3 257.7 330.6 38.2 190.1 302.0 105.8 305.7 163.4 208.3 603.8 288.5 169.3 207.1 311.6 171.2 110.2 328.5 295.2 224.3 343.0 229.3 15.5 45.6 353.7 275.9 509.6 159.7 228.5 183.7 388.5 74.7 290.2 244.2 68.4 387.7 145.5 281.4 502.3 121.2 230.5 85.4 141.2 231.1 525.1 131.8 98.9 329.9 183.8 369.0 332.6 88.5 292.8 517.6 30.9 226.4 226.2 108.4 86.7 351.9 129.3 204.3 274.9 53.0 341.7 286.0 227.7 174.2 68.1 311.3 154.2 323.6 273.2 213.9
1457.1 255.8 302.4 219.7 132.4 76.7 307.7 53.1 150.4 222.0 199.3 179.9 202.8 226.5 312.0 174.2 195.3 41.0 0.0 303.6 267.3 238.0 236.8 21.4 124.3 338.2 242.6 177.6 65.5 241.4 207.7 146.0 282.6 273.1 203.3 195.7 274.0 237.2 139.5 250.7 192.1 110.4 191.2 273.6 551.2 75.9 187.6 35.3 273.6 221.7 237.0 202.4 95.4 217.9 294.7 41.5 150.8 262.7 143.4 239.0 124.1 169.0 567.9 221.0 96.0 248.2 272.3 131.9 99.4 289.2 336.3 185.0 284.3 190.0 56.5 91.6 283.0 206.6 470.3 120.4 192.6 144.4 352.6 112.3 254.3 204.9 86.9 320.5 106.2 242.1 463.0 162.3 191.2 126.5 182.3 197.3 485.8 92.5 140.0 212.8 144.9 298.3 265.4 126.1 229.6 478.3 59.8 187.1 190.3 69.1 127.8 284.7 93.4 168.4 153.6 33.7 242.4 246.7 188.4 138.3 28.8 272.0 114.9 256.4 233.9 174.6
1198.0 168.8 54.3 317.6 354.0 277.2 51.8 330.5 411.9 304.0 381.8 226.5 197.3 257.1 144.2 228.7 171.8 323.6 286.0 0.0 193.3 314.4 160.5 307.5 273.9 308.3 164.7 287.3 341.3 66.6 97.9 407.5 185.8 324.6 160.8 321.1 110.6 225.1 207.9 107.0 295.2 259.2 136.3 325.1 602.7 264.3 203.0 312.3 82.5 195.4 94.2 240.6 356.9 284.8 346.2 327.6 219.2 247.4 404.9 184.1 284.0 165.5 619.4 166.4 295.4 143.9 207.7 273.5 385.5 390.6 306.4 288.9 133.0 181.8 339.0 330.2 137.6 374.7 521.8 325.0 274.6 165.4 404.1 373.8 247.3 269.0 341.2 64.6 334.8 181.6 514.5 437.6 269.1 388.0 443.8 292.6 537.3 307.0 401.5 209.3 260.4 42.4 121.1 387.6 174.7 529.8 345.9 287.9 283.9 271.1 389.3 69.7 246.8 297.0 152.8 319.8 131.7 298.2 307.3 230.1 314.9 174.3 315.4 145.7 324.7 274.1
1283.0 68.1 186.1 149.8 280.3 224.6 191.4 280.1 383.9 169.7 328.9 137.3 124.0 89.3 195.7 146.1 217.0 274.5 233.4 187.3 0.0 124.2 83.0 254.9 221.3 387.9 121.5 82.7 288.7 125.1 143.1 373.2 19.2 158.0 206.0 247.8 139.6 29.4 180.3 134.4 214.4 150.5 181.5 158.5 436.1 211.7 222.8 259.7 157.3 118.0 99.4 86.2 328.9 161.8 176.3 275.0 167.5 80.8 376.9 211.0 249.4 220.6 452.8 211.6 242.8 189.1 41.1 238.9 328.9 200.4 351.6 192.4 104.7 108.5 286.4 325.1 166.7 321.8 355.2 268.3 116.6 201.8 237.5 345.8 80.7 64.4 288.6 204.2 254.1 54.4 347.9 395.8 142.9 360.0 415.8 287.3 370.7 240.4 373.5 262.9 151.7 176.6 166.3 359.6 219.9 363.2 293.3 298.1 197.7 218.5 361.3 168.4 194.2 173.1 205.2 267.2 87.8 131.6 234.0 121.4 262.3 56.1 262.8 58.1 120.1 200.8
1260.8 166.8 297.5 66.2 297.9 280.1 302.8 272.7 370.0 59.3 253.8 194.2 160.8 71.2 307.1 76.7 233.0 257.1 219.5 298.7 119.6 0.0 168.6 241.0 207.4 464.9 207.9 76.9 274.8 233.1 269.7 365.6 138.9 135.8 241.0 155.4 251.0 89.5 177.2 245.8 129.5 136.6 228.9 136.3 413.9 197.8 225.3 248.6 268.7 158.9 210.8 81.0 315.0 68.7 157.4 261.1 226.5 107.4 363.0 276.7 239.4 206.7 430.6 258.7 264.0 300.5 117.0 228.9 315.0 151.9 463.0 154.3 216.1 121.8 272.5 306.3 278.1 246.7 333.0 280.4 49.1 187.9 215.3 331.9 99.0 57.2 274.7 315.6 290.2 153.1 325.7 381.9 65.3 346.1 401.9 200.7 348.5 262.4 359.6 250.5 137.8 293.4 277.7 345.7 267.3 341.0 279.4 205.7 159.6 204.6 347.4 279.8 180.3 137.7 192.7 253.3 174.2 109.4 148.1 107.5 248.4 153.3 248.9 190.7 45.0 114.8
1231.3 64.7 128.8 193.5 263.2 196.0 160.1 224.5 355.3 145.2 267.7 68.6 65.3 133.0 162.8 66.6 179.6 226.8 204.8 130.0 69.2 177.1 0.0 226.3 192.7 320.6 65.2 130.9 260.1 64.4 85.8 321.3 81.6 200.5 168.6 160.5 102.2 97.1 134.3 97.0 131.3 97.1 144.1 201.0 461.6 164.0 161.1 231.1 100.0 33.3 66.5 103.3 300.3 128.4 205.1 227.3 100.9 112.5 323.5 196.4 196.0 167.2 484.0 174.2 224.5 163.7 92.4 193.6 281.0 228.5 320.3 176.3 67.3 44.5 257.8 291.6 129.3 275.0 386.4 239.7 115.8 142.6 263.0 292.4 111.4 131.7 260.0 166.8 225.5 44.9 390.4 367.2 131.8 331.4 387.2 229.1 396.2 192.7 320.1 198.4 97.9 144.6 128.9 331.0 162.6 388.7 264.7 234.1 162.5 165.1 332.7 131.0 165.6 134.9 154.7 238.6 5.5 162.8 170.0 68.0 233.7 70.1 234.2 41.5 162.6 136.8
1488.1 286.8 333.4 250.7 177.0 135.2 338.7 72.1 161.4 276.7 246.1 210.9 241.4 257.5 343.0 195.9 226.3 52.0 30.9 334.6 298.3 269.0 247.9 0.0 171.1 383.6 273.6 208.6 66.2 272.4 251.4 150.7 313.6 304.1 335.0 226.7 305.0 268.2 170.5 281.7 230.6 141.4 306.5 304.6 582.2 54.4 218.6 16.6 304.6 252.7 268.0 230.7 106.4 248.9 322.4 52.5 181.8 293.7 154.4 336.0 163.2 200.0 598.9 340.6 125.9 264.6 303.3 173.4 88.4 330.8 347.3 216.0 315.3 221.0 63.9 90.3 314.0 253.4 501.3 159.5 223.6 181.2 383.6 123.3 285.3 235.9 95.9 351.5 131.3 273.1 494.0 173.3 222.2 137.5 193.3 236.4 516.8 131.6 151.0 245.1 175.9 323.9 296.4 137.1 344.9 509.3 70.8 226.2 221.3 47.6 138.8 315.7 71.9 196.7 184.6 26.7 273.4 277.7 212.9 169.3 7.3 291.5 137.5 289.5 264.9 205.6
1351.0 208.7 255.3 172.6 189.2 171.4 260.6 138.0 259.8 198.6 74.9 132.8 163.3 179.4 264.9 117.8 148.2 150.4 109.3 256.5 220.2 190.9 169.8 130.8 0.0 370.5 195.5 130.5 195.0 194.3 173.3 249.1 235.5 226.0 156.2 148.6 226.9 190.1 92.4 203.6 152.5 63.3 144.1 226.5 504.1 87.6 140.5 171.7 226.5 174.6 189.9 152.6 204.8 170.8 244.3 150.9 103.7 215.6 252.8 173.6 130.7 121.9 520.8 173.9 118.7 171.7 225.2 120.2 204.8 252.7 334.2 137.9 237.2 142.9 162.3 201.0 235.9 82.2 423.2 171.7 145.5 103.1 305.5 221.7 207.2 157.8 146.5 273.4 181.5 195.0 415.9 271.7 144.1 235.9 291.7 144.8 438.7 153.7 249.4 167.0 97.8 245.8 218.3 235.5 182.5 431.2 185.5 134.6 143.2 94.4 237.2 237.6 70.1 118.6 106.5 143.1 195.3 199.6 134.8 91.2 181.0 213.4 138.7 209.3 186.8 127.5
1228.4 460.0 345.5 608.8 472.2 395.4 344.3 377.1 422.0 595.2 500.0 517.7 493.8 548.3 435.4 490.4 290.0 324.3 360.2 358.9 484.5 576.1 418.0 381.7 392.1 0.0 455.9 578.5 383.2 400.4 389.1 362.4 477.0 615.8 279.0 612.3 401.8 516.3 326.1 398.2 586.4 352.8 250.5 616.3 937.8 353.0 321.2 395.6 373.7 486.6 385.4 531.8 311.8 576.5 637.4 359.2 337.4 538.6 330.3 298.3 402.2 283.7 954.5 284.6 448.7 203.2 498.9 394.1 349.7 631.9 95.1 407.1 424.2 473.0 307.0 285.1 428.8 492.9 856.9 443.2 565.8 283.6 695.3 328.7 538.5 560.2 389.4 337.1 453.0 472.8 849.6 392.5 560.3 342.9 438.0 410.8 872.4 425.2 433.2 326.0 376.4 301.2 412.3 313.0 288.9 864.9 351.9 376.6 402.1 389.3 344.2 360.9 365.0 393.1 271.0 361.5 422.9 589.4 605.0 521.3 389.1 465.5 433.6 375.3 615.9 565.3
1248.8 82.1 166.2 228.3 296.4 225.2 171.5 280.7 384.5 193.0 296.9 91.2 89.2 167.8 175.8 111.3 183.5 275.1 234.0 167.4 106.6 206.3 48.2 255.5 221.9 368.0 0.0 179.2 289.3 105.2 123.2 373.8 99.1 237.5 186.1 213.0 119.7 126.3 134.2 114.5 179.6 151.1 165.6 238.0 515.6 212.3 108.2 260.3 137.4 87.3 79.5 136.1 329.5 176.7 255.8 275.6 121.4 160.1 377.5 193.0 226.4 143.4 532.3 191.7 243.4 169.2 121.0 215.9 329.5 282.5 331.7 205.5 84.8 73.7 287.0 325.7 146.8 317.1 434.7 267.4 166.5 124.6 317.0 346.4 160.6 160.9 289.2 184.3 277.2 92.5 427.4 396.4 161.0 360.6 416.4 252.5 450.2 249.4 374.1 148.3 151.5 156.7 146.4 360.2 204.0 442.7 293.9 230.3 210.8 219.1 361.9 148.5 194.8 186.2 128.0 267.8 42.9 211.1 199.2 122.0 262.9 97.5 263.4 59.4 216.6 166.0
1220.4 96.3 226.7 42.0 209.0 141.8 232.0 197.3 301.1 105.8 265.0 125.5 90.0 87.2 236.3 45.9 164.1 191.7 150.6 227.9 101.6 60.3 77.9 172.1 138.5 386.4 137.1 0.0 205.9 165.7 198.9 290.4 120.9 95.4 172.1 120.3 180.2 79.0 108.3 175.0 151.2 67.7 160.0 95.9 373.5 128.9 156.4 176.9 197.9 88.1 140.0 19.3 246.1 97.9 113.7 192.2 119.6 111.2 294.1 189.5 166.6 137.8 390.2 189.8 160.0 187.6 107.6 156.1 246.1 122.1 350.1 109.6 145.3 51.0 203.6 242.3 207.3 257.9 292.6 185.5 32.2 119.0 174.9 263.0 84.8 27.2 205.8 244.8 171.3 82.6 285.3 313.0 94.5 277.2 333.0 159.8 308.1 157.6 290.7 182.9 68.9 217.2 206.9 276.8 198.4 300.6 210.5 170.6 114.9 135.7 278.5 209.0 111.4 90.3 122.4 184.4 103.4 69.0 106.5 38.6 179.5 80.1 180.0 119.9 56.2 90.4
1457.4 316.9 411.7 280.8 256.8 140.3 417.0 70.9 151.4 283.1 252.7 245.6 269.6 290.1 421.3 235.3 336.0 38.5 73.8 423.2 330.9 299.1 297.9 85.0 177.7 339.2 306.2 241.2 0.0 347.3 327.3 147.0 346.2 336.7 325.0 259.3 383.3 310.1 203.1 360.0 255.7 171.5 296.5 337.2 614.8 122.7 251.2 98.9 382.9 285.3 346.3 266.0 96.4 282.0 355.8 13.7 214.4 326.3 144.4 344.3 187.7 232.6 629.0 330.6 193.6 249.2 335.9 195.5 143.0 352.8 337.3 248.6 385.1 253.6 57.5 87.7 392.3 260.0 533.9 184.0 256.2 208.0 413.7 113.3 315.4 268.5 38.4 429.8 209.9 305.7 526.6 163.3 254.8 127.5 183.3 255.4 549.4 156.1 141.0 276.4 208.1 417.9 374.7 137.4 334.9 541.9 60.8 250.7 251.4 126.2 128.8 394.0 140.2 232.0 220.1 77.3 306.0 310.3 252.0 199.4 92.4 335.6 178.5 376.0 297.5 238.2
1150.5 176.7 67.9 250.9 361.9 210.5 66.2 263.8 345.2 237.3 315.1 159.8 135.9 190.4 77.5 162.0 105.1 256.9 219.3 65.5 126.6 322.3 164.2 240.8 207.2 241.6 98.0 220.6 284.9 0.0 105.8 340.8 119.1 257.9 94.1 254.4 60.2 158.4 141.2 56.6 228.5 192.5 144.2 258.4 536.0 272.2 136.3 248.4 32.1 128.7 27.5 173.9 290.2 218.6 354.1 260.9 152.5 180.7 338.2 192.0 217.3 98.8 552.7 99.7 263.8 84.7 141.0 209.2 318.8 274.0 239.7 222.2 66.3 115.1 275.9 263.5 90.6 308.0 455.1 258.3 207.9 98.7 337.4 307.1 180.6 202.3 274.5 79.0 268.1 114.9 447.8 370.9 202.4 321.3 377.1 225.9 470.6 240.3 334.8 142.6 193.3 56.8 54.4 320.9 108.0 463.1 279.2 221.2 217.2 204.4 322.6 50.2 180.1 304.9 86.1 253.1 65.0 231.5 247.1 163.4 248.2 107.6 248.7 153.6 258.0 207.4
1177.2 132.1 122.9 252.6 256.0 185.0 128.2 234.7 319.7 239.0 283.8 163.6 160.6 220.4 132.5 192.0 73.8 225.6 193.8 124.1 156.6 277.7 72.2 209.5 181.7 210.3 128.0 209.6 259.4 33.6 0.0 303.2 120.8 305.1 62.8 239.1 66.2 160.1 109.9 42.9 224.1 136.6 44.1 305.6 537.7 172.1 105.0 214.3 65.8 158.7 57.5 203.9 264.7 248.6 281.2 229.6 121.2 210.7 306.9 86.1 186.0 73.3 554.4 74.2 197.4 45.9 171.0 175.5 289.3 353.9 214.2 196.7 96.3 145.1 241.0 232.2 75.2 282.5 456.8 232.8 209.6 67.4 384.6 275.8 210.6 232.3 249.0 112.7 242.6 144.9 449.5 345.4 232.4 290.0 345.8 194.6 472.3 209.0 309.3 111.3 159.5 90.5 57.6 295.4 82.5 464.8 247.9 195.7 185.9 178.9 297.1 105.2 148.8 206.4 57.9 221.8 66.7 233.2 242.3 193.4 222.7 137.6 217.4 76.9 288.0 234.2
1371.9 451.7 438.7 369.6 288.1 226.6 464.1 166.7 89.3 371.9 379.2 331.9 355.9 376.4 452.2 329.9 361.0 113.9 155.6 472.4 417.2 393.7 420.1 171.3 304.2 364.2 441.8 327.5 172.8 372.3 354.7 0.0 462.9 423.0 350.0 345.6 408.3 396.4 289.4 385.0 342.0 260.3 321.5 423.5 701.1 225.8 392.2 185.2 407.9 371.6 371.3 352.3 86.1 368.3 450.4 148.8 300.7 412.6 88.1 369.3 274.0 354.7 723.6 361.4 279.9 274.2 422.2 281.8 157.3 439.1 362.3 334.9 410.1 339.9 96.6 92.7 417.3 386.5 620.2 270.3 342.5 354.6 502.5 25.1 410.0 354.8 179.0 456.9 256.1 392.0 612.9 101.2 341.1 65.4 56.8 341.7 635.7 242.4 78.9 397.0 294.4 421.0 399.7 65.0 359.9 628.2 141.5 337.0 346.0 219.0 10.8 421.0 249.1 324.1 342.0 163.6 408.8 396.6 338.3 288.2 178.7 451.4 260.4 396.5 383.8 324.5
1250.3 60.0 167.7 131.7 293.8 238.1 173.0 293.6 397.4 198.2 309.8 165.8 132.1 71.2 177.3 154.2 198.6 288.0 246.9 168.9 28.3 136.0 91.1 268.4 234.8 369.5 99.5 96.2 302.2 106.7 139.9 386.7 0.0 138.7 187.6 216.6 121.2 57.8 204.6 116.0 222.5 164.0 163.1 139.2 416.8 225.2 207.8 273.2 138.9 130.2 81.0 114.7 342.4 198.1 157.0 288.5 196.0 61.5 390.4 192.6 262.9 192.3 433.5 193.2 256.3 170.7 21.8 252.4 342.4 210.6 333.2 205.9 86.3 116.6 299.9 338.6 148.3 350.2 335.9 281.8 145.1 186.2 218.2 359.3 61.4 102.6 302.1 185.8 267.6 82.9 328.6 409.3 171.4 373.5 429.3 256.1 351.4 253.9 387.0 237.3 165.2 158.2 147.9 373.1 201.5 343.9 306.8 266.9 211.2 232.0 374.8 150.0 207.7 186.6 182.7 280.7 66.5 112.3 202.8 134.9 275.8 48.7 276.3 60.9 148.5 208.9
1261.2 465.6 564.4 393.6 568.8 513.1 569.7 568.6 672.4 456.6 584.8 496.8 461.3 380.4 574.0 417.2 535.4 563.0 521.9 565.6 430.1 456.6 449.2 543.4 509.8 653.5 508.4 371.2 577.2 503.4 521.4 661.7 396.6 0.0 543.4 491.6 517.9 400.0 479.6 512.7 485.5 439.0 531.3 382.6 414.3 500.2 527.7 548.2 535.6 456.9 477.7 390.6 617.4 449.7 325.9 563.5 490.9 395.8 665.4 560.8 537.9 509.1 431.0 561.1 531.3 567.4 405.4 527.4 617.4 416.2 554.8 480.9 483.0 422.3 574.9 613.6 545.0 592.1 333.4 556.8 403.5 490.3 387.1 634.3 354.2 377.6 577.1 582.5 542.6 451.9 326.1 684.3 423.0 648.5 704.3 531.1 348.9 528.9 662.0 554.2 440.2 554.9 544.6 648.1 569.7 341.4 581.8 541.9 486.2 507.0 649.8 546.7 482.7 461.6 493.7 555.7 474.7 355.7 477.8 409.9 550.8 451.4 551.3 457.6 426.6 461.7
1257.8 184.4 175.2 239.2 249.3 172.5 180.5 228.0 331.8 265.2 277.1 143.6 174.1 280.0 184.8 184.4 67.1 222.4 181.3 176.4 208.9 257.5 171.9 202.8 169.2 290.4 180.3 197.1 236.6 114.2 80.5 321.1 201.4 292.6 0.0 232.4 146.8 250.0 103.2 123.5 219.1 129.9 64.0 293.1 570.7 159.6 98.3 207.6 146.4 185.4 109.8 251.6 276.8 237.4 310.9 222.9 114.5 263.0 324.8 93.5 179.3 60.8 587.4 34.6 190.7 91.6 223.3 168.8 276.8 319.3 254.1 184.2 148.6 197.4 234.3 273.0 155.8 270.0 489.8 220.3 212.1 54.7 372.1 293.7 277.6 273.1 236.5 193.3 230.1 197.2 482.5 343.7 210.7 307.9 363.7 193.4 505.3 202.3 321.4 105.9 152.8 165.7 138.2 307.5 102.4 497.8 241.2 183.2 179.2 166.4 309.2 157.5 142.1 202.2 51.2 215.1 147.3 266.2 201.4 157.8 210.2 199.8 210.7 161.3 253.4 221.7
1349.2 233.3 323.4 170.8 170.8 153.0 328.7 278.8 347.6 106.1 214.1 203.2 186.7 177.6 333.0 113.6 218.6 238.2 197.1 324.6 256.6 154.6 174.6 218.6 235.1 440.9 233.8 128.7 252.4 262.4 243.7 336.9 256.3 224.2 226.6 0.0 276.9 233.0 162.8 271.7 33.6 151.7 214.5 224.7 502.3 202.5 210.9 250.5 294.6 184.8 236.7 190.1 292.6 125.0 242.5 238.7 174.1 213.8 340.6 244.0 112.3 192.3 519.0 244.3 240.0 242.1 262.6 101.8 292.6 230.8 404.6 98.8 242.0 147.7 250.1 288.8 304.0 207.0 421.4 153.3 143.7 173.5 303.7 309.5 242.9 200.7 287.3 341.5 163.1 219.6 414.1 359.5 141.6 323.7 379.5 39.4 436.9 135.3 337.2 237.4 115.4 313.9 303.6 323.3 252.9 429.4 257.0 50.2 104.1 209.3 325.0 305.7 185.0 79.5 176.9 230.9 200.1 197.8 13.7 89.4 259.8 250.9 260.0 216.2 168.5 68.4
1205.0 117.3 91.9 266.1 324.0 258.7 102.2 314.2 393.4 249.6 363.3 177.1 145.8 205.6 132.0 167.9 153.3 308.6 267.5 98.1 141.8 262.9 104.8 289.0 255.4 324.2 113.2 235.8 322.8 61.4 94.6 382.7 134.3 273.1 142.3 269.6 0.0 182.9 189.4 33.6 236.2 207.7 117.8 273.6 551.2 245.8 184.5 293.8 28.9 143.9 56.2 192.7 338.4 233.3 291.4 309.1 200.7 195.9 386.4 147.3 265.5 147.0 567.9 147.9 276.9 125.4 156.2 255.0 363.0 339.1 287.9 262.1 24.8 130.3 320.5 316.6 44.2 356.2 470.3 306.5 223.1 140.9 352.6 355.3 195.8 217.5 322.7 115.0 316.3 130.1 463.0 419.1 217.6 369.5 425.3 279.6 485.8 288.5 383.0 192.0 208.9 87.4 102.6 369.1 156.2 478.3 327.4 269.4 265.4 252.6 370.8 104.7 228.3 242.8 137.4 301.3 80.2 246.7 255.8 178.6 296.4 132.7 296.9 62.1 273.2 222.6
1272.8 76.2 228.5 120.3 260.1 195.1 224.5 248.4 354.4 132.2 299.4 133.8 105.7 59.8 238.1 135.8 217.4 241.5 203.9 229.7 30.0 104.0 99.6 225.4 191.8 395.9 138.9 53.2 269.5 164.1 185.5 350.0 49.3 147.8 225.4 173.6 182.0 0.0 161.6 176.8 193.1 130.3 213.3 148.3 425.9 182.2 209.7 233.0 199.7 88.5 141.8 60.6 299.4 132.8 169.4 245.5 166.1 78.6 347.4 261.1 219.9 191.1 442.6 244.7 248.4 239.0 54.0 211.8 303.4 163.9 394.0 162.9 147.1 88.9 260.5 290.7 209.1 292.3 345.0 238.8 103.9 166.5 227.3 316.3 57.4 34.9 259.1 246.6 224.6 71.8 337.7 366.3 120.4 330.5 386.3 218.9 360.5 210.9 344.0 234.9 121.8 224.4 208.7 330.1 251.7 353.0 263.8 233.2 168.2 189.0 331.8 210.8 164.7 146.3 178.6 237.7 105.2 121.4 166.3 101.2 232.8 85.0 233.3 88.2 90.6 178.4
1273.7 155.8 191.1 174.6 194.3 117.5 196.4 173.0 276.8 215.9 222.1 40.3 70.8 176.7 200.7 134.2 84.0 167.4 126.3 192.3 179.1 229.2 115.8 147.8 114.2 306.3 128.4 132.5 181.6 130.1 96.4 266.1 196.8 228.0 92.0 150.6 162.7 168.5 0.0 139.4 154.5 78.6 79.9 228.5 506.1 104.6 76.3 152.6 162.3 82.1 125.7 148.3 221.8 197.4 246.3 167.9 11.3 209.7 269.8 109.4 124.3 57.7 522.8 109.7 135.7 107.5 185.1 113.8 221.8 254.7 270.0 129.2 164.5 96.6 179.3 218.0 171.7 215.0 425.2 165.3 178.7 38.9 307.5 238.7 174.3 169.8 181.5 209.2 175.1 142.1 417.9 288.7 170.7 252.9 308.7 138.4 440.7 147.3 266.4 102.8 49.5 181.6 154.1 252.5 118.3 433.2 186.2 128.2 124.2 111.4 254.2 173.4 87.1 120.6 42.3 160.1 140.6 201.6 136.8 93.2 155.2 175.6 155.7 145.1 225.5 129.5
1171.3 116.6 88.7 265.4 290.3 225.0 94.0 280.5 359.7 248.9 329.6 176.4 145.1 204.9 98.3 167.2 119.6 274.9 233.8 89.9 141.1 262.2 104.1 255.3 221.7 290.5 112.5 235.1 289.1 27.7 45.7 349.0 133.6 272.4 108.6 268.9 23.2 182.2 155.7 0.0 235.5 207.0 84.1 272.9 550.5 212.1 150.8 260.1 34.9 143.2 42.0 192.0 304.7 232.6 290.7 275.4 167.0 195.2 352.7 113.6 231.8 113.3 567.2 114.2 243.2 91.7 155.5 221.3 329.3 338.4 254.2 236.7 48.1 129.6 286.8 282.9 32.2 322.5 469.6 272.8 222.4 107.2 351.9 321.6 195.1 216.8 289.0 106.8 282.6 129.4 462.3 385.4 216.9 335.8 391.6 245.9 485.1 254.8 349.3 158.3 208.2 79.2 68.9 335.4 122.5 477.6 293.7 235.7 231.7 218.9 337.1 71.0 194.6 242.1 103.7 267.6 79.5 246.0 255.1 177.9 262.7 132.0 263.2 61.4 272.5 221.9
1332.8 207.1 289.7 154.4 196.7 186.4 302.5 225.2 331.2 104.6 247.5 186.4 158.3 192.2 299.3 76.4 194.2 218.3 180.7 290.9 222.9 120.9 160.8 202.2 168.6 382.1 200.1 112.3 246.3 225.3 261.9 326.8 222.6 207.8 202.2 33.3 243.2 208.6 138.4 238.0 0.0 97.8 182.6 208.3 485.9 151.5 186.5 209.8 260.9 151.1 203.0 159.1 276.2 91.8 221.9 222.3 149.7 228.4 324.2 237.9 145.7 167.9 502.6 219.9 225.2 217.7 228.9 137.6 280.2 223.9 380.2 82.4 208.3 114.0 237.3 267.5 277.8 240.4 405.0 186.7 124.5 143.3 279.8 285.6 216.7 167.0 235.9 307.8 196.5 185.9 397.7 343.1 107.9 307.3 363.1 78.6 420.5 168.7 320.8 211.7 98.6 293.1 269.9 306.9 228.5 413.0 240.6 83.6 80.2 165.8 308.6 272.0 141.5 65.8 155.4 214.5 166.4 181.4 26.0 65.5 209.6 211.1 210.1 190.4 134.8 52.0
1287.6 145.3 203.4 109.2 129.7 74.0 208.7 129.5 233.3 111.5 145.7 80.9 103.8 116.0 213.0 63.7 96.3 120.4 82.8 204.6 156.8 127.5 100.3 104.3 70.7 284.2 143.6 67.1 138.1 139.0 108.7 228.9 172.1 162.6 104.3 85.2 175.0 136.0 40.5 151.7 81.6 0.0 92.2 163.1 440.7 61.1 88.6 109.1 174.6 122.7 138.0 91.9 178.3 107.9 184.2 124.4 51.8 152.2 226.3 140.0 98.8 70.0 457.4 122.0 92.2 119.8 161.8 88.3 178.3 168.8 282.3 74.5 176.8 79.5 135.8 169.6 184.0 153.0 359.8 117.7 82.1 45.4 242.1 195.2 143.8 94.4 138.0 221.5 103.5 131.6 352.5 245.2 80.7 209.4 265.2 130.5 375.3 89.8 222.9 113.8 34.4 199.3 166.4 209.0 130.6 367.8 142.7 135.5 79.8 67.9 210.7 185.7 43.6 57.9 54.6 116.6 175.5 136.2 71.4 27.8 111.7 161.5 112.2 148.0 123.4 64.1
1204.4 131.0 121.8 279.8 248.3 171.5 127.1 224.8 292.2 266.2 276.1 144.7 168.5 219.3 131.4 190.9 66.1 217.9 180.3 123.0 155.5 276.6 99.4 201.8 168.2 188.6 126.9 249.5 235.6 57.4 27.1 281.5 148.0 286.8 55.1 231.4 93.4 187.3 102.2 70.1 249.9 128.9 0.0 287.3 564.9 158.6 114.2 209.4 93.0 157.6 56.4 202.8 237.2 247.5 308.4 221.9 113.5 209.6 285.2 47.7 178.3 59.8 581.6 60.7 224.8 24.2 169.9 170.2 275.1 352.8 186.7 183.2 95.2 144.0 232.4 210.5 102.4 269.0 484.0 219.3 236.8 59.7 366.3 254.1 209.5 231.2 235.5 139.9 229.1 143.8 476.7 317.9 231.3 268.3 324.1 192.4 499.5 201.3 281.8 74.1 152.5 117.7 84.8 267.9 38.3 492.0 240.2 182.2 178.2 165.4 269.6 104.1 141.1 198.7 48.7 214.1 93.9 260.4 200.4 192.3 209.2 136.5 209.7 75.8 286.9 236.3
1217.1 233.0 309.9 86.9 286.0 268.2 315.2 314.1 417.9 82.7 241.9 271.7 236.2 144.1 319.5 165.6 319.8 308.5 267.4 311.1 179.5 89.0 226.6 288.9 289.1 511.7 285.8 142.1 322.7 248.9 282.1 407.2 142.1 92.1 327.8 199.2 263.4 149.4 264.0 258.2 165.8 184.5 315.7 0.0 370.2 245.7 312.1 293.7 281.1 224.3 223.2 146.2 362.9 120.3 110.4 309.0 275.3 180.3 410.9 345.2 227.5 293.5 386.9 345.5 276.8 312.9 189.9 217.0 362.9 33.5 475.4 232.2 228.5 199.7 320.4 359.1 290.5 234.8 289.3 268.5 114.3 274.7 171.6 379.8 99.7 117.1 322.6 328.0 278.3 219.3 282.0 429.8 143.2 394.0 449.8 221.6 304.8 250.5 407.5 338.6 185.7 300.4 290.1 393.6 354.1 297.3 327.3 211.4 237.5 252.5 395.3 292.2 228.2 212.9 278.1 301.2 252.1 29.6 185.4 155.4 296.3 207.0 296.8 203.1 58.9 192.7
1027.3 231.7 330.5 159.7 346.4 279.2 335.8 334.7 438.5 222.7 350.9 262.9 227.4 146.5 340.1 183.3 301.5 329.1 288.0 331.7 196.2 222.7 215.3 309.5 275.9 419.6 274.5 137.3 343.3 269.5 302.7 427.8 162.7 91.7 309.5 257.7 284.0 166.1 245.7 278.8 251.6 205.1 297.4 148.7 0.0 266.3 293.8 314.3 301.7 223.0 243.8 156.7 383.5 215.8 92.0 329.6 257.0 161.9 431.5 326.9 304.0 275.2 16.6 327.2 297.4 333.5 171.5 293.5 383.5 182.3 320.9 247.0 249.1 188.4 341.0 379.7 311.1 358.2 99.5 322.9 169.6 256.4 153.2 400.4 120.3 143.7 343.2 348.6 308.7 218.0 92.2 450.4 189.1 414.6 470.4 297.2 115.0 295.0 428.1 320.3 206.3 321.0 310.7 414.2 335.8 107.5 347.9 308.0 252.3 273.1 415.9 312.8 248.8 227.7 259.8 321.8 240.8 121.8 243.9 176.0 316.9 217.5 317.4 202.5 192.7 227.8
1446.3 301.4 348.0 265.3 122.5 80.7 353.3 92.9 225.2 267.6 234.9 225.5 256.0 272.1 357.6 219.8 240.9 112.3 74.7 349.2 312.9 283.6 256.4 64.6 159.9 413.0 288.2 223.2 130.0 283.6 266.0 220.8 328.2 318.7 248.9 220.9 319.6 282.8 185.1 296.3 237.7 156.0 236.8 319.2 596.8 0.0 233.2 50.7 319.2 267.3 282.6 248.0 170.2 264.0 340.3 116.3 196.4 308.3 218.2 284.6 108.7 214.6 613.5 266.6 84.1 264.4 317.9 116.5 153.1 345.4 411.1 230.6 329.9 235.6 131.3 161.3 328.6 242.2 515.9 105.0 238.2 195.8 398.2 187.1 299.9 250.5 84.7 366.1 76.8 287.7 508.6 237.1 236.8 201.3 257.1 176.4 531.4 77.1 214.8 258.4 190.1 343.9 311.0 200.9 275.2 523.9 123.7 171.7 235.9 6.7 202.6 330.3 17.5 214.0 200.6 91.4 288.0 292.3 227.5 183.9 57.2 306.1 104.1 304.1 279.5 220.2
1282.9 200.4 200.3 221.3 231.4 154.6 205.6 210.1 313.9 281.5 259.2 137.0 173.7 252.3 209.9 199.8 75.2 204.5 163.4 201.5 224.9 294.8 166.5 184.9 151.3 315.5 118.2 179.2 218.7 139.3 118.3 303.2 217.4 274.7 101.2 214.5 171.9 234.2 85.3 148.6 201.2 112.0 89.1 275.2 552.8 141.7 0.0 189.7 171.5 136.4 134.9 223.9 258.9 265.2 293.0 205.0 96.6 268.0 306.9 84.7 161.4 49.3 569.5 118.9 172.8 116.7 239.3 150.9 258.9 301.4 279.2 166.3 173.7 162.2 216.4 255.1 180.9 252.1 471.9 202.4 194.2 59.6 354.2 275.8 249.9 245.4 218.6 218.4 212.2 200.4 464.6 325.8 246.3 290.0 345.8 175.5 487.4 184.4 303.5 40.0 134.9 190.8 163.3 289.6 111.9 479.9 223.3 165.3 161.3 148.5 291.3 182.6 124.2 184.3 63.0 197.2 161.2 248.3 183.5 139.9 192.3 215.8 192.8 177.3 235.5 203.8
1484.1 339.2 385.8 305.9 160.3 118.5 393.9 72.1 178.1 305.4 229.4 265.4 289.4 309.9 395.4 257.6 278.7 65.2 44.8 387.0 350.7 321.4 320.2 16.6 154.4 365.9 326.0 261.0 93.2 321.4 291.1 173.7 366.0 356.5 286.7 258.7 357.4 329.9 222.9 334.1 275.5 193.8 320.4 357.0 634.6 40.5 271.0 0.0 357.0 305.1 320.4 285.8 123.1 301.8 378.1 69.2 234.2 346.1 168.3 322.4 146.5 252.4 651.3 354.5 157.0 275.9 355.7 154.3 109.1 372.6 364.0 268.4 367.7 273.4 84.2 113.3 369.2 236.7 553.7 142.8 276.0 227.8 436.0 137.2 337.7 288.3 79.2 403.9 114.6 325.5 546.4 190.0 274.6 154.2 210.0 214.2 569.2 114.9 167.7 296.2 227.9 384.5 348.8 153.8 313.0 561.7 87.5 209.5 273.7 30.9 155.5 368.1 58.0 251.8 239.9 43.4 325.8 330.1 266.0 224.5 9.2 355.4 141.9 344.7 317.3 258.0
1219.4 141.1 62.9 289.9 326.3 249.5 73.2 305.0 384.2 273.4 354.1 200.9 169.6 229.4 116.3 191.7 144.1 299.4 258.3 69.1 165.6 286.7 128.6 279.8 246.2 315.0 137.0 259.6 313.6 52.2 70.2 373.5 158.1 296.9 133.1 293.4 28.0 206.7 180.2 24.4 260.0 231.5 108.6 297.4 575.0 236.6 175.3 284.6 0.0 167.7 66.5 216.5 329.2 257.1 315.2 299.9 191.5 219.7 377.2 138.1 256.3 137.8 591.7 138.7 267.7 116.2 180.0 245.8 353.8 362.9 278.7 261.2 52.9 154.1 311.3 307.4 55.0 347.0 494.1 297.3 246.9 131.7 376.4 346.1 219.6 241.3 313.5 86.0 307.1 153.9 486.8 409.9 241.4 360.3 416.1 270.4 509.6 279.3 373.8 182.8 232.7 58.4 93.4 359.9 147.0 502.1 318.2 260.2 256.2 243.4 361.6 78.3 219.1 266.6 128.2 292.1 104.0 270.5 279.6 202.4 287.2 156.5 287.7 85.9 297.0 246.4
1280.5 106.6 197.9 176.3 232.9 177.2 203.2 232.7 336.5 145.0 248.9 54.7 37.2 115.8 207.5 63.3 181.8 227.1 186.0 199.1 131.1 158.3 49.1 207.5 173.9 399.7 70.4 127.2 241.3 136.9 170.1 325.8 130.8 189.5 189.8 165.0 151.4 107.6 97.7 146.2 131.6 103.1 177.7 190.0 467.6 164.3 126.2 212.3 169.1 0.0 111.2 87.4 281.5 128.7 207.8 227.6 84.9 139.8 329.5 207.2 222.1 155.5 484.3 207.5 195.4 200.9 137.1 211.6 281.5 234.5 363.4 157.5 116.5 25.7 239.0 277.7 178.5 256.2 386.7 220.9 117.8 136.7 269.0 298.4 113.4 108.9 241.2 216.0 206.7 92.9 379.4 348.4 109.8 312.6 368.4 204.5 402.2 193.0 326.1 166.3 104.3 188.4 178.1 312.2 216.1 394.7 245.9 215.3 162.8 171.1 313.9 180.2 146.8 138.2 140.1 219.8 74.6 163.1 151.2 74.0 214.9 126.7 215.4 90.7 164.6 118.0
1169.2 74.5 86.6 223.3 288.2 222.9 91.9 278.4 357.6 206.8 327.5 134.3 103.0 162.8 96.2 125.1 117.5 272.8 231.7 87.8 99.0 220.1 62.0 253.2 219.6 288.4 70.4 193.0 287.0 25.6 43.6 346.9 91.5 230.3 106.5 226.8 58.2 140.1 153.6 34.9 193.4 164.9 82.0 230.8 508.4 210.0 148.7 258.0 57.8 101.1 0.0 149.9 302.6 190.5 248.6 273.3 164.5 153.1 350.6 111.5 229.7 111.2 525.1 112.1 241.1 89.6 113.4 219.2 327.2 296.3 252.1 219.3 38.7 87.5 284.7 280.8 67.2 320.4 427.5 270.7 180.3 105.1 309.8 319.5 153.0 174.7 286.9 104.7 280.5 87.3 420.2 383.3 174.8 333.7 389.5 243.8 443.0 252.7 347.2 156.2 166.1 77.1 66.8 333.3 120.4 435.5 291.6 233.6 224.6 216.8 335.0 68.9 192.5 200.0 101.6 265.5 37.4 203.9 213.0 135.8 260.6 89.9 261.1 19.3 230.4 179.8
1253.8 88.0 233.7 75.4 225.1 157.9 236.3 211.2 317.2 59.7 229.6 129.0 100.9 67.8 243.3 98.7 180.2 204.3 170.3 232.2 82.2 83.9 102.1 188.2 154.6 368.1 144.1 33.3 232.3 169.3 203.2 312.8 101.5 128.8 188.2 173.8 187.2 68.9 124.4 182.0 147.9 83.8 176.1 129.3 406.9 145.0 172.5 195.8 204.9 83.7 147.0 0.0 262.2 87.6 154.0 208.3 135.7 91.8 310.2 227.5 182.7 153.9 427.2 209.5 211.2 211.2 88.2 174.6 266.2 144.9 366.2 125.7 152.3 67.1 223.3 253.5 211.6 236.9 326.0 201.6 33.9 129.3 208.3 282.7 65.4 60.9 221.9 251.8 187.4 77.0 318.7 329.1 83.7 293.3 349.1 219.1 341.5 173.7 306.8 197.7 84.6 226.9 213.9 296.5 214.5 334.0 226.6 224.1 131.0 151.8 294.6 216.0 131.1 112.7 141.4 200.5 110.4 102.4 166.5 54.7 195.6 72.2 196.1 126.9 97.8 133.2
1385.8 404.6 395.4 328.3 241.0 185.3 400.7 142.1 79.8 354.3 337.9 288.5 319.0 335.1 405.0 273.5 319.7 69.2 108.5 396.6 375.9 346.6 325.5 130.0 262.9 357.3 400.5 286.2 121.2 334.4 313.4 69.1 421.6 381.7 308.7 304.3 367.0 345.8 248.1 343.7 308.2 219.0 280.2 382.2 659.8 184.5 350.9 146.7 366.6 330.3 330.0 308.3 0.0 326.5 400.0 107.5 259.4 371.3 72.8 309.7 232.7 313.4 676.5 314.3 203.5 238.3 380.9 242.9 112.0 408.4 321.0 293.6 368.8 298.6 58.5 56.3 376.0 345.2 578.9 229.0 301.2 307.3 461.2 41.7 362.9 313.5 137.7 470.8 214.8 350.7 571.6 102.0 299.8 55.9 111.7 305.9 594.4 201.1 69.4 354.4 253.5 385.9 358.4 55.5 318.6 586.9 100.2 295.7 298.9 177.7 57.2 377.7 202.0 274.3 303.8 122.3 367.5 355.3 290.5 246.9 137.4 369.1 219.1 349.4 342.5 283.2
1287.8 128.0 276.2 109.9 299.8 191.0 281.5 244.3 350.3 48.9 279.7 172.9 144.8 128.3 285.8 55.9 213.3 237.4 200.3 277.9 165.5 57.0 121.8 221.3 187.7 443.6 186.6 67.3 265.4 211.8 248.9 345.9 179.4 162.8 221.3 128.9 229.7 144.7 157.5 224.5 103.0 116.9 209.2 163.3 440.9 178.6 205.6 228.9 247.4 136.8 189.5 95.2 295.3 0.0 184.4 241.4 205.2 164.5 343.8 257.0 241.3 187.0 457.6 239.5 244.3 286.7 174.1 233.2 299.3 178.9 441.7 133.0 194.8 100.5 256.4 286.6 256.8 272.6 360.0 282.3 60.6 162.4 242.3 312.2 152.3 103.1 255.0 294.3 291.6 113.8 352.7 362.2 26.0 326.4 382.2 174.2 375.5 264.3 339.9 230.8 117.7 272.1 256.4 326.5 247.6 368.0 259.7 178.7 138.3 184.9 327.7 258.5 160.6 116.9 174.5 233.6 152.9 136.4 121.6 87.8 228.7 164.8 229.2 169.5 70.9 93.5
1103.3 307.7 406.5 235.7 422.4 355.2 411.8 417.2 514.5 275.0 426.9 336.8 312.4 222.5 416.1 268.6 377.5 401.6 364.0 407.7 272.2 298.7 291.3 385.5 351.9 461.2 350.5 213.3 419.3 345.5 363.5 510.1 238.7 167.7 385.5 333.7 360.0 242.1 321.7 354.8 330.1 281.1 373.4 224.7 256.4 342.3 369.8 393.1 377.7 299.0 319.8 232.7 459.5 291.8 0.0 405.6 333.0 237.9 507.5 421.2 380.0 351.2 273.1 403.2 408.5 409.5 247.5 369.5 459.5 289.9 396.9 323.0 325.1 264.4 417.0 450.8 387.1 434.2 175.5 398.9 245.6 332.4 57.8 476.4 196.3 219.7 419.2 424.6 384.7 294.0 168.2 526.4 265.1 490.6 546.4 379.0 191.0 371.0 504.1 395.0 281.9 402.4 386.7 490.2 411.8 183.5 423.9 384.0 328.3 349.1 491.9 388.8 324.8 306.4 335.8 397.8 316.8 197.8 326.4 252.0 392.9 277.6 393.4 299.7 268.7 303.8
1443.7 305.7 398.0 269.6 193.8 126.6 403.3 67.9 137.7 295.6 266.4 229.8 260.3 276.4 407.6 214.8 322.3 28.3 49.8 399.2 317.2 287.9 266.8 71.3 191.4 359.9 292.5 227.5 13.7 337.0 316.0 127.0 332.5 323.0 311.3 245.6 369.6 287.1 189.4 346.3 249.5 160.3 282.8 323.5 601.1 125.8 237.5 88.0 369.2 271.6 332.6 249.6 82.7 267.8 341.3 0.0 200.7 312.6 130.7 312.3 174.0 218.9 617.8 316.9 144.8 240.9 322.2 184.2 125.3 349.7 323.6 234.9 371.4 239.9 40.2 78.9 378.6 273.7 520.2 170.3 242.5 200.1 402.5 99.6 304.2 254.8 52.1 416.1 156.1 292.0 512.9 149.6 241.1 113.8 169.6 247.2 535.7 142.4 127.3 264.0 194.8 388.5 361.0 113.4 321.2 528.2 47.1 237.0 240.2 119.0 115.1 380.3 143.3 215.6 203.5 63.6 292.3 296.6 231.8 188.2 78.7 310.4 164.8 352.0 283.8 224.5
1286.5 144.5 203.9 163.3 207.1 141.4 209.2 196.9 300.7 204.6 234.9 29.0 59.5 165.4 213.5 122.9 96.8 191.3 150.2 205.1 167.8 217.9 104.5 171.7 138.1 319.1 117.1 121.2 205.5 142.9 121.9 290.0 185.5 216.7 104.8 139.3 175.5 157.2 12.8 152.2 143.2 67.3 92.7 217.2 494.8 128.5 89.1 176.5 175.1 70.8 138.5 137.0 245.7 186.1 235.0 191.8 0.0 198.4 293.7 122.2 137.1 70.5 511.5 122.5 159.6 120.3 173.8 126.6 245.7 243.4 282.8 142.0 171.2 85.3 203.2 241.9 184.5 227.8 413.9 178.1 167.4 51.7 296.2 262.6 163.0 158.5 205.4 222.0 187.9 130.8 406.6 312.6 159.4 276.8 332.6 151.2 429.4 160.1 290.3 115.6 38.2 194.4 166.9 276.4 131.1 421.9 210.1 141.0 137.0 135.3 278.1 186.2 111.0 109.3 55.1 184.0 129.3 190.3 125.5 81.9 179.1 164.3 179.6 145.4 214.2 118.2
1331.7 106.8 226.2 107.7 298.4 231.2 231.5 286.7 390.5 189.5 302.9 176.0 142.2 47.2 235.8 168.3 253.5 281.1 240.0 227.4 69.3 112.0 121.7 261.5 227.9 428.0 160.2 89.3 295.3 165.2 183.2 379.8 58.4 206.7 246.1 209.7 179.7 73.4 197.7 174.5 234.1 157.1 249.4 207.2 484.8 218.3 245.8 266.3 197.4 130.3 139.5 106.0 335.5 180.8 225.0 281.6 206.2 0.0 383.5 278.9 256.0 227.2 501.5 251.7 249.4 229.2 27.1 245.5 335.5 186.6 391.7 199.0 144.8 130.7 293.0 331.7 206.8 352.1 403.9 274.9 136.4 208.4 286.2 352.4 62.8 94.7 295.2 244.3 260.7 93.1 396.6 402.4 162.2 366.6 422.4 249.2 419.4 247.0 380.1 272.3 158.3 216.7 206.4 366.2 287.8 411.9 299.9 260.0 204.3 225.1 367.9 208.5 200.8 179.7 211.8 273.8 126.5 180.3 195.9 128.0 268.9 94.8 269.4 98.2 150.4 223.0
1371.4 431.2 422.0 354.9 267.6 211.9 427.3 160.7 65.4 357.2 364.5 315.1 338.0 361.7 431.6 309.4 346.3 99.2 135.1 423.2 402.5 373.2 352.1 156.6 289.5 349.5 427.1 312.8 147.8 361.0 327.3 90.2 448.2 408.3 335.3 330.9 393.6 372.4 274.7 370.3 334.8 245.6 306.8 408.8 686.4 211.1 377.5 170.5 393.2 356.9 356.6 337.6 71.4 353.1 429.9 134.1 286.0 397.9 0.0 354.6 259.3 340.0 703.1 340.9 230.1 264.9 407.5 267.1 138.6 424.4 347.6 320.2 395.4 325.2 81.9 82.9 402.6 371.8 605.5 255.6 327.8 339.9 487.8 56.5 389.5 340.1 164.3 456.4 241.4 377.3 598.2 18.8 326.4 23.5 83.9 332.5 621.0 227.7 55.0 381.0 280.1 420.5 385.0 41.1 345.2 613.5 126.8 322.3 325.5 204.3 72.0 404.3 228.6 303.6 330.4 148.9 394.1 381.9 323.6 273.5 164.0 395.7 245.7 408.1 369.1 309.8
1266.9 193.5 184.3 279.3 289.4 212.6 189.6 265.9 354.7 328.7 317.2 201.4 227.3 281.8 193.9 253.4 89.2 259.0 221.4 185.5 218.0 339.1 161.9 242.9 209.3 285.5 184.7 237.2 276.7 123.3 89.6 344.0 210.5 332.7 115.2 272.5 155.9 249.8 143.3 132.6 312.4 170.0 62.4 333.2 610.8 199.7 66.4 250.5 155.5 202.9 118.9 265.3 299.7 309.5 354.3 263.0 154.6 272.1 347.7 0.0 219.4 63.3 627.5 123.2 230.8 94.2 232.4 208.9 320.9 394.8 249.2 224.3 157.7 206.5 274.4 273.0 164.9 310.1 529.9 260.4 299.3 100.8 412.2 316.6 272.0 293.7 276.6 202.4 270.2 206.3 522.6 380.4 293.8 330.8 386.6 233.5 545.4 242.4 344.3 26.3 192.9 180.2 147.3 330.4 45.4 537.9 281.3 223.3 219.3 206.5 332.1 166.6 182.2 239.8 91.3 255.2 156.4 306.3 248.0 254.8 250.3 208.9 250.8 170.4 349.4 261.8
1396.5 254.2 292.4 218.1 58.4 40.6 297.7 166.4 261.5 218.3 160.8 169.9 200.4 224.9 302.0 163.3 185.3 152.1 111.0 293.6 265.7 236.4 215.3 154.8 122.7 407.6 232.6 176.0 166.3 231.4 197.7 250.8 281.0 271.5 193.3 112.1 264.0 235.6 129.5 240.7 145.8 108.8 181.2 272.0 549.6 90.1 177.6 138.1 263.6 211.7 227.0 198.1 206.5 216.3 289.8 152.6 140.8 261.1 254.5 210.7 0.0 159.0 566.3 211.0 127.6 208.8 270.7 10.1 241.2 203.6 371.3 126.6 265.8 188.4 164.0 245.2 273.0 153.7 468.7 40.9 191.0 140.2 351.0 223.4 252.7 203.3 174.9 310.5 50.7 240.5 461.4 273.4 189.6 237.6 293.4 73.1 484.2 22.9 251.1 204.1 143.3 282.9 255.4 237.2 219.6 476.7 213.9 62.9 121.6 96.9 238.9 274.7 72.6 144.6 143.6 181.6 264.5 245.1 125.9 136.7 147.4 258.9 147.6 286.3 232.3 173.0
1233.5 160.1 150.9 215.9 226.0 149.2 156.2 204.7 308.5 292.4 253.8 120.3 150.8 248.4 160.5 210.7 25.8 199.1 158.0 152.1 184.6 234.2 147.6 179.5 145.9 266.1 155.7 173.8 213.3 89.9 56.2 297.8 177.1 269.3 51.8 209.1 122.5 225.7 79.9 99.2 195.8 106.6 39.7 269.8 547.4 136.3 37.4 184.3 122.1 173.9 85.5 235.5 253.5 214.1 287.6 199.6 91.2 238.7 301.5 69.2 156.0 0.0 564.1 69.5 167.4 67.3 199.0 145.5 253.5 296.0 229.8 160.9 124.3 173.1 211.0 249.7 131.5 246.7 466.5 197.0 188.8 31.4 348.8 270.4 238.6 260.3 213.2 169.0 206.8 172.9 459.2 320.4 187.4 284.6 340.4 170.1 482.0 179.0 298.1 45.0 129.5 141.4 113.9 284.2 78.1 474.5 217.9 159.9 155.9 143.1 285.9 133.2 118.8 178.9 27.9 191.8 123.0 242.9 178.1 134.5 186.9 175.5 187.4 104.9 230.1 198.4
1010.6 215.0 313.8 143.0 329.7 262.5 319.1 315.8 421.8 182.3 334.2 244.1 216.0 129.8 323.4 175.9 284.8 312.4 271.3 315.0 179.5 206.0 192.5 292.8 259.2 368.5 257.8 120.6 336.9 249.4 286.0 417.4 146.0 75.0 292.8 241.0 267.3 149.4 229.0 262.1 234.9 188.4 280.7 132.0 163.7 249.6 277.1 297.6 285.0 206.3 227.1 140.0 366.8 199.6 78.6 312.9 240.3 145.2 414.8 328.5 287.3 258.5 0.0 310.5 280.7 316.8 154.8 276.8 370.8 197.2 304.2 230.3 232.4 171.7 324.3 363.0 294.4 341.5 82.8 306.2 152.9 233.9 136.5 383.7 103.6 127.0 326.5 331.9 292.0 201.3 75.5 433.7 172.4 397.9 453.7 280.5 98.3 278.3 411.4 302.3 189.6 309.7 294.0 397.5 319.1 90.8 331.2 291.3 235.6 256.4 399.2 296.1 232.1 213.7 243.1 305.1 224.1 105.1 233.7 159.3 300.2 200.8 300.7 185.8 176.0 211.1
1253.0 179.6 170.4 253.2 251.8 186.5 175.7 248.5 345.8 255.5 291.1 157.6 180.5 267.9 180.0 207.7 81.1 232.9 195.3 171.6 204.1 271.5 167.1 216.8 183.2 251.2 175.5 211.1 250.6 106.0 88.4 341.4 196.6 306.6 23.9 246.4 142.0 235.9 117.2 118.7 233.1 143.9 59.2 307.1 584.7 173.6 112.3 224.4 141.6 199.4 105.0 251.4 290.8 251.4 328.2 236.9 128.5 258.2 338.8 107.0 193.3 74.8 601.4 0.0 204.7 94.3 218.5 185.2 290.8 312.8 249.3 198.2 143.8 192.6 248.3 282.1 151.0 284.0 503.8 234.3 226.1 74.7 386.1 307.7 258.1 279.8 250.5 188.5 244.1 192.4 496.5 357.7 224.7 321.9 377.7 201.9 519.3 216.3 335.4 118.6 166.8 166.3 133.4 321.5 97.6 511.8 255.2 197.2 193.2 180.4 323.2 152.7 156.1 213.7 65.2 229.1 142.5 280.2 221.9 171.8 224.2 185.1 224.7 124.4 267.4 235.7
1446.2 272.0 318.6 234.8 129.7 87.3 322.8 198.7 274.0 264.4 215.5 196.1 225.5 242.7 328.2 216.6 211.5 179.7 137.5 346.0 283.5 280.4 225.9 142.1 140.5 489.6 258.8 193.8 193.9 257.6 223.9 255.7 298.8 289.3 219.5 211.9 290.2 253.4 155.7 266.9 215.8 152.8 233.6 289.8 567.4 184.8 203.8 158.8 289.8 237.9 253.2 215.9 213.5 234.1 337.1 180.2 167.0 278.9 258.4 281.4 148.4 185.2 584.1 236.1 0.0 235.0 288.5 158.6 118.5 314.9 453.3 201.2 300.5 206.2 189.8 179.4 298.1 222.8 486.5 121.3 207.7 166.4 395.0 227.2 296.7 221.1 225.6 336.7 97.9 258.3 479.2 213.3 207.4 255.8 311.9 221.6 502.0 116.8 263.6 230.3 161.1 340.7 281.6 241.0 245.8 494.5 198.5 210.3 232.7 189.8 243.8 300.9 194.6 210.8 171.6 115.3 258.6 262.9 198.1 180.7 149.5 276.7 24.9 298.8 250.1 190.8
1238.6 171.6 156.0 258.8 257.4 185.7 161.3 239.0 266.9 261.1 290.3 158.9 182.9 253.5 165.6 225.1 80.3 224.4 200.9 163.6 189.7 277.1 163.3 216.0 182.4 163.3 161.1 210.3 260.1 91.6 67.7 262.5 182.2 305.8 69.3 245.6 127.6 221.5 116.4 104.3 224.8 143.1 40.8 306.3 583.9 179.2 111.5 223.6 127.2 191.8 90.6 237.0 211.9 251.1 333.8 236.1 127.7 243.8 259.9 88.6 192.5 74.0 600.6 81.3 239.0 0.0 204.1 184.4 249.8 321.9 161.4 197.4 129.4 178.2 207.1 185.2 136.6 283.2 503.0 233.5 225.3 73.9 385.3 228.8 250.1 265.4 249.7 174.1 249.7 178.0 495.7 292.6 223.9 243.0 298.8 201.1 518.5 215.5 256.5 116.3 166.7 158.3 119.0 242.6 79.2 511.0 252.0 202.8 192.4 179.6 244.3 138.3 161.7 219.3 61.3 228.3 128.1 279.4 221.1 171.0 223.4 170.7 223.9 116.4 266.6 234.9
1266.7 74.7 199.0 109.8 289.0 233.3 204.3 288.8 392.6 176.3 353.5 143.9 130.6 49.3 208.6 152.7 229.9 283.2 242.1 200.2 37.2 114.1 89.6 263.6 230.0 400.8 128.1 91.4 297.4 138.0 156.0 381.9 31.2 141.7 218.9 254.4 152.5 54.0 186.9 147.3 221.0 159.2 194.4 142.2 419.8 220.4 229.4 268.4 170.2 128.7 112.3 92.8 337.6 176.2 160.0 283.7 174.1 39.6 385.6 223.9 258.1 229.3 436.5 224.5 251.5 202.0 0.0 247.6 337.6 188.7 364.5 201.1 117.6 115.1 295.1 333.8 179.6 346.4 338.9 277.0 123.2 210.5 221.2 354.5 64.4 89.0 297.3 217.1 262.8 61.0 331.6 404.5 149.5 368.7 424.5 293.9 354.4 249.1 382.2 269.5 160.4 189.5 179.2 368.3 232.8 346.9 302.0 304.7 206.4 227.2 370.0 181.3 202.9 181.8 213.9 275.9 94.4 115.3 240.6 130.1 271.0 62.7 271.5 92.2 144.7 207.4
1407.0 275.2 282.2 226.2 66.5 51.1 289.9 193.6 272.0 228.5 150.6 161.8 185.8 235.4 291.8 180.7 175.1 159.1 121.5 283.4 298.5 244.5 233.3 165.3 133.2 363.0 222.4 186.5 223.6 217.8 200.2 267.6 316.2 282.0 183.1 101.9 253.8 255.4 119.3 230.5 128.1 116.9 171.0 223.6 560.1 98.2 167.4 151.4 253.4 201.5 216.8 211.3 217.0 227.3 301.2 163.1 130.6 271.6 265.0 218.8 10.4 148.8 576.8 200.8 173.2 206.1 304.5 0.0 247.7 206.0 361.1 116.4 255.6 216.0 178.1 208.3 265.2 143.5 479.2 51.4 201.5 124.2 359.1 233.9 260.8 213.8 185.4 300.3 58.8 261.5 471.9 283.9 200.1 248.1 303.9 57.4 494.7 33.4 261.6 192.6 169.6 280.5 245.2 245.3 209.4 487.2 224.4 52.7 113.8 107.4 249.4 264.5 80.7 131.9 136.3 192.1 254.3 255.6 109.2 144.8 157.9 304.7 158.1 276.1 242.8 153.9
1441.5 344.6 415.8 304.5 226.5 161.5 425.1 129.2 173.5 306.8 284.1 266.8 290.8 311.3 425.4 259.0 340.1 111.0 88.7 417.0 352.1 322.8 295.6 88.2 209.1 343.3 327.4 262.4 150.3 351.4 321.1 169.1 367.4 357.9 329.1 280.5 387.4 331.3 224.3 364.1 276.9 195.2 304.6 358.4 636.0 146.7 272.4 102.1 387.0 306.5 350.4 287.2 118.5 303.2 379.5 126.3 235.6 347.5 160.9 352.4 251.5 253.8 656.7 338.7 171.5 253.3 357.1 259.3 0.0 374.0 341.4 269.8 389.2 274.8 93.7 73.8 400.4 291.4 555.1 232.8 277.4 229.2 437.4 139.4 339.1 289.7 171.7 433.9 210.5 326.9 547.8 142.0 276.0 149.6 205.4 319.2 570.6 219.9 163.1 376.1 229.3 411.7 378.8 153.2 339.0 563.1 138.6 314.5 275.1 135.9 150.9 398.1 160.2 257.2 321.1 61.4 387.9 331.5 273.2 227.1 95.6 356.8 112.5 401.9 318.7 259.4
1247.3 217.4 359.8 116.3 263.9 252.6 347.1 310.5 414.3 97.2 226.3 273.5 225.9 126.8 369.4 153.9 304.2 327.4 245.8 361.0 163.9 73.4 193.0 285.3 273.5 556.9 270.2 126.5 341.6 313.7 298.6 426.1 183.2 122.3 312.2 183.6 313.3 164.2 248.4 308.1 180.6 162.9 282.1 30.1 400.4 224.1 296.5 312.6 331.0 208.7 273.1 158.2 359.3 135.1 131.3 305.4 259.7 163.0 389.3 329.9 211.9 277.9 417.1 360.3 290.3 358.1 172.6 231.8 381.8 0.0 490.2 216.6 278.4 184.1 339.3 378.0 322.4 219.2 319.5 252.9 98.7 289.5 189.2 358.2 154.6 101.5 319.0 377.9 244.7 203.7 312.2 426.2 127.6 390.4 446.2 236.4 335.0 234.9 403.9 353.4 204.6 355.7 340.0 412.5 338.5 327.5 323.7 177.8 203.9 248.9 391.7 342.1 224.6 200.0 263.9 297.6 236.5 59.8 200.2 133.8 292.7 219.0 293.2 267.9 43.3 177.1
1133.2 342.1 250.3 429.3 439.4 362.6 249.1 361.0 334.0 474.4 467.2 333.7 364.2 430.4 340.2 392.7 257.2 288.1 327.4 263.7 366.6 447.6 329.6 348.9 359.3 98.6 338.0 387.2 340.1 262.6 250.9 323.3 359.1 482.7 246.2 422.5 304.5 407.7 293.3 281.2 409.2 320.0 217.7 483.2 760.8 349.7 288.4 365.6 278.5 368.7 267.5 417.5 279.0 427.5 501.0 326.4 304.6 420.7 327.0 247.2 369.4 250.9 777.5 251.8 380.8 175.8 381.0 358.9 312.9 509.4 0.0 374.3 306.3 355.1 277.4 257.2 313.5 460.1 679.9 410.4 402.2 244.8 562.2 295.9 420.6 442.3 356.6 241.9 420.2 354.9 672.6 359.7 400.8 310.1 365.9 383.5 695.4 392.4 323.6 291.9 342.9 211.4 317.1 309.7 256.1 687.9 319.1 373.3 369.3 356.5 311.4 265.7 332.2 392.3 241.3 328.7 305.0 456.3 391.5 347.9 356.3 357.5 400.8 286.9 443.5 411.8
1336.2 225.8 279.1 157.8 186.9 169.1 284.4 223.2 327.0 140.2 226.2 156.6 179.2 164.6 288.7 103.0 172.0 217.6 176.5 280.3 249.1 153.5 167.1 198.0 164.4 394.3 219.3 115.7 231.8 218.1 197.1 316.3 248.8 211.2 180.0 76.5 250.7 175.3 116.2 227.4 80.4 105.1 167.9 211.7 489.3 154.8 164.3 202.8 250.3 177.3 213.7 137.8 272.0 123.9 229.5 218.1 127.5 200.8 320.0 197.4 128.4 145.7 506.0 197.7 185.9 195.5 255.1 117.9 272.0 229.7 358.0 0.0 234.5 140.2 229.5 268.2 259.7 219.1 408.4 169.4 130.7 126.9 290.7 288.9 235.4 143.0 231.7 297.2 179.2 212.1 401.1 338.9 129.3 303.1 358.9 116.0 423.9 151.4 316.6 190.8 102.4 269.6 242.1 302.7 206.3 416.4 236.4 126.8 5.3 161.6 304.4 261.4 137.3 18.0 130.3 210.3 192.6 184.8 62.7 76.4 205.4 198.6 205.9 208.7 167.4 37.4
1200.6 92.4 118.0 241.2 331.1 254.3 123.3 309.8 389.0 224.7 358.9 152.2 120.9 180.7 127.6 143.0 148.9 304.2 263.1 119.2 116.9 238.0 79.9 284.6 251.0 319.8 88.3 210.9 318.4 57.0 75.0 378.3 109.4 248.2 137.9 244.7 34.8 158.0 185.0 66.3 211.3 182.8 113.4 248.7 526.3 241.4 180.1 289.4 63.8 119.0 31.3 167.8 334.0 208.4 266.5 304.7 182.4 171.0 382.0 142.9 261.1 142.6 543.0 143.5 272.5 121.0 131.3 250.6 358.6 314.2 283.5 237.2 0.0 105.4 316.1 312.2 79.1 351.8 445.4 302.1 198.2 136.5 327.7 350.9 170.9 192.6 318.3 136.1 311.9 105.2 438.1 414.7 192.7 365.1 420.9 275.2 460.9 284.1 378.6 187.6 184.0 108.5 98.2 364.7 151.8 453.4 323.0 265.0 242.5 248.2 366.4 100.3 223.9 217.9 133.0 296.9 55.3 221.8 230.9 153.7 292.0 107.8 292.5 37.2 248.3 197.7
1258.2 85.5 175.6 110.3 218.6 151.4 180.9 206.9 310.7 119.2 223.1 74.4 38.9 97.5 185.2 37.5 173.7 201.3 160.2 176.8 108.8 132.5 26.8 181.7 148.1 377.4 86.0 108.9 215.5 114.6 132.6 300.0 108.5 163.7 195.5 139.2 129.1 89.3 117.4 123.9 105.8 77.3 169.6 164.2 441.8 138.5 163.3 186.5 146.8 37.0 88.9 69.1 255.7 102.9 182.0 201.8 104.6 121.5 303.7 199.1 176.2 147.4 458.5 201.1 169.6 178.6 114.8 165.7 255.7 208.7 341.1 131.7 94.2 0.0 213.2 251.9 156.2 230.4 360.9 195.1 99.5 128.6 243.2 272.6 95.1 90.6 215.4 193.7 180.9 71.8 353.6 322.6 91.5 286.8 342.6 178.7 376.4 167.2 300.3 192.5 78.5 166.1 155.8 286.4 208.0 368.9 220.1 189.5 137.0 145.3 288.1 157.9 121.0 112.4 132.0 194.0 52.3 137.3 125.4 48.2 189.1 105.3 189.6 68.4 146.3 92.2
1403.4 305.8 357.7 272.9 193.9 126.7 363.0 66.8 97.4 272.0 279.3 232.0 256.0 276.5 367.3 224.2 282.0 14.0 49.9 355.3 317.3 288.0 260.8 71.4 204.3 285.2 362.8 227.6 72.9 293.3 259.4 93.0 383.9 323.1 271.0 245.7 329.3 296.5 189.5 306.0 242.1 160.4 242.5 323.6 601.2 129.1 237.6 85.3 328.9 271.7 292.3 252.4 42.4 268.4 344.7 48.9 200.8 312.7 90.4 290.3 174.1 275.7 617.9 273.0 180.0 195.2 322.3 181.9 98.3 339.2 283.3 235.0 331.1 240.0 0.0 33.7 338.3 286.6 520.3 170.4 242.6 275.6 402.6 59.3 304.3 254.9 79.1 375.8 156.2 292.1 513.0 109.3 241.2 73.5 129.3 241.8 535.8 142.5 87.0 318.0 194.5 353.6 320.7 73.1 280.9 528.3 41.6 240.3 240.3 119.1 74.8 340.0 146.6 218.4 263.0 63.7 329.8 296.7 238.4 188.3 78.8 372.4 164.9 340.2 283.9 224.6
1413.1 357.4 348.2 299.1 205.5 156.1 353.5 96.2 105.9 295.1 308.7 261.4 285.4 305.9 357.8 253.6 272.5 43.4 73.0 343.1 381.9 317.4 344.3 98.2 233.7 275.7 353.3 257.0 102.3 283.8 259.9 95.2 374.4 352.5 261.5 275.1 319.8 325.9 218.9 296.5 271.5 183.5 233.0 353.0 630.6 152.7 303.7 112.1 319.4 301.1 282.8 281.8 50.9 297.8 374.1 78.3 230.2 342.1 98.9 280.8 203.5 266.2 641.0 267.1 209.4 185.7 396.3 211.3 59.6 368.6 273.8 264.4 321.6 269.4 26.1 0.0 328.8 316.0 549.7 199.8 265.7 266.1 425.7 67.8 333.7 284.3 108.5 366.3 179.3 370.2 542.4 131.6 270.6 82.0 137.8 271.2 565.2 171.9 95.5 308.5 223.9 344.1 311.2 81.6 271.4 557.7 71.0 266.5 269.7 145.9 83.3 330.5 170.2 241.5 253.5 71.4 320.3 326.1 267.8 211.4 105.6 362.9 162.7 302.2 313.3 254.0
1258.6 150.4 176.0 299.2 377.6 312.3 176.2 365.6 447.0 285.6 416.9 208.1 184.2 238.7 185.6 210.3 206.9 362.2 321.1 172.1 174.9 296.0 137.9 342.6 309.0 377.8 146.3 268.9 376.4 115.0 148.2 442.6 167.4 306.2 195.9 302.7 73.9 216.0 243.0 107.6 276.8 240.8 171.4 306.7 584.3 299.4 238.1 347.4 102.9 177.0 89.3 225.8 392.0 266.4 327.8 362.7 240.4 229.0 440.0 219.2 319.1 200.6 601.0 201.5 330.5 186.5 189.3 308.6 416.6 322.3 341.5 295.2 57.9 163.4 377.7 370.2 0.0 409.8 503.4 360.1 256.2 200.5 385.7 408.9 228.9 250.6 376.3 189.0 369.9 163.2 496.1 472.7 250.7 423.1 478.9 333.2 518.9 342.1 436.6 244.4 241.6 166.8 156.2 422.7 209.8 511.4 381.0 323.0 300.5 306.2 424.4 158.3 281.9 278.6 187.9 354.9 113.3 279.8 288.9 211.7 350.0 155.9 350.5 95.2 306.3 255.7
1442.2 299.9 346.5 263.8 280.4 262.6 351.8 229.2 351.0 289.8 43.9 224.0 254.5 270.6 356.1 209.0 239.4 241.6 200.5 347.7 311.4 282.1 261.0 222.0 91.1 461.7 286.7 221.7 286.2 285.5 264.5 340.3 326.7 317.2 247.4 239.8 318.1 281.3 183.6 294.8 243.7 154.5 235.3 229.2 595.3 178.8 231.7 262.9 317.7 265.8 281.1 243.8 296.0 262.0 335.5 242.1 194.9 306.8 344.0 264.8 221.9 213.1 612.0 265.1 209.9 262.9 316.4 211.4 296.0 199.0 425.4 229.1 328.4 234.1 253.5 292.2 327.1 0.0 514.4 262.9 236.7 194.3 396.7 312.9 298.4 249.0 237.7 364.6 272.7 286.2 507.1 362.9 235.3 327.1 382.9 155.9 529.9 244.9 340.6 258.2 189.0 337.0 309.5 326.7 273.7 522.4 276.7 145.7 234.4 185.6 328.4 328.8 161.3 209.8 197.7 234.3 286.5 290.8 226.0 182.4 272.2 304.6 229.9 300.5 278.0 218.7
1108.2 312.6 411.4 240.6 427.3 360.1 416.7 415.6 519.4 303.6 431.8 343.8 308.3 227.4 421.0 264.2 382.4 410.0 368.9 412.6 277.1 303.6 296.2 390.4 356.8 500.5 355.4 218.2 424.2 350.4 368.4 508.7 243.6 172.6 390.4 338.6 364.9 247.0 326.6 359.7 332.5 286.0 378.3 229.6 80.8 347.2 374.7 395.2 382.6 303.9 324.7 237.6 464.4 296.7 172.9 410.5 337.9 242.8 512.4 407.8 384.9 356.1 97.5 408.1 378.3 414.4 252.4 374.4 464.4 263.2 401.8 327.9 330.0 269.3 421.9 460.6 392.0 439.1 0.0 403.8 250.5 337.3 234.1 481.3 201.2 224.6 424.1 429.5 389.6 298.9 173.1 531.3 270.0 495.5 551.3 378.1 15.4 375.9 509.0 401.2 287.2 401.9 391.6 495.1 416.7 188.4 428.8 388.9 333.2 354.0 496.8 393.7 329.7 308.6 340.7 402.7 321.7 202.7 324.8 256.9 397.8 298.4 398.3 304.6 273.6 308.7
1401.9 259.6 322.5 223.5 17.4 46.0 327.8 171.8 266.9 248.4 190.9 200.0 230.5 230.3 332.1 168.7 215.4 157.5 116.4 323.7 271.1 241.8 220.7 160.2 128.1 437.7 262.7 181.4 171.7 261.5 240.5 256.2 286.4 276.9 223.4 142.2 294.1 241.0 159.6 270.8 175.9 114.2 211.3 277.4 555.0 95.5 207.7 143.5 293.7 241.8 257.1 203.5 211.9 221.7 295.2 158.0 170.9 266.5 259.9 240.8 30.0 189.1 571.7 241.1 99.1 238.9 276.1 40.2 212.7 233.7 401.4 156.7 295.9 193.8 169.4 250.6 303.1 183.8 474.1 0.0 196.4 170.3 356.4 228.8 258.1 208.7 180.3 340.6 55.7 245.9 466.8 307.5 195.0 243.0 298.8 103.2 489.6 28.3 256.5 234.2 148.7 313.0 285.5 242.6 249.7 482.1 219.3 93.0 151.7 102.3 244.3 304.8 78.0 169.5 173.7 187.0 246.2 250.5 156.0 142.1 152.8 264.3 119.1 276.5 237.7 178.4
1248.2 122.6 265.6 69.8 314.3 172.3 270.9 225.6 331.6 29.3 276.2 160.9 132.8 99.7 275.2 64.7 194.6 218.7 181.1 266.8 114.1 53.5 136.7 202.6 169.0 433.0 176.0 27.7 236.4 201.2 222.6 320.9 133.4 123.2 202.6 143.4 219.1 100.8 138.8 213.9 110.0 98.2 190.5 123.7 401.3 159.4 186.9 203.0 236.8 115.6 178.9 34.5 276.6 56.7 144.8 222.7 193.2 123.7 324.6 238.3 255.8 168.3 418.0 220.3 225.6 268.6 120.1 245.3 276.6 129.7 431.1 142.3 184.2 109.8 234.1 267.9 246.2 269.1 320.4 296.8 0.0 143.7 202.7 293.5 97.3 92.8 236.3 283.7 201.8 108.9 313.1 343.5 53.3 307.7 363.5 182.9 335.9 188.1 321.2 212.1 99.4 261.5 245.8 307.3 228.9 328.4 241.0 193.7 147.6 166.2 309.0 247.9 141.9 125.7 152.9 214.9 142.3 96.8 129.6 69.1 210.0 104.1 210.5 158.8 67.4 102.8
1234.7 161.3 152.1 184.4 194.5 117.7 163.2 171.0 277.0 180.7 222.3 90.9 114.9 225.2 161.7 138.9 45.0 164.1 120.5 153.3 185.8 202.7 160.3 148.0 114.4 232.9 135.1 142.3 192.1 87.7 70.1 272.6 178.3 237.8 53.0 177.6 123.7 217.6 48.4 100.4 156.8 69.1 40.9 238.3 515.9 104.8 56.2 155.6 123.3 130.6 86.7 193.2 222.0 183.1 259.4 168.1 59.7 239.9 264.0 88.7 124.5 18.7 532.6 76.5 171.0 76.0 200.2 116.4 226.0 253.9 231.0 129.4 125.5 145.1 183.1 213.3 138.5 215.2 435.0 165.5 151.3 0.0 311.3 232.9 216.8 218.3 181.7 170.2 169.3 174.1 427.7 288.9 155.9 253.1 308.9 133.1 450.5 147.5 266.6 62.5 98.7 153.8 115.1 252.7 79.3 443.0 186.4 128.4 124.4 111.6 254.4 134.4 81.3 144.9 6.3 160.3 124.2 211.4 153.1 97.0 155.4 166.8 155.9 144.0 198.6 166.9
1045.4 249.8 348.6 177.8 353.0 297.3 353.9 359.3 456.6 217.1 369.0 278.9 245.5 164.6 358.2 210.7 319.6 343.7 306.1 349.8 214.3 240.8 227.3 327.6 294.0 403.3 292.6 155.4 361.4 284.2 305.6 452.2 180.8 109.8 327.6 275.8 302.1 193.5 263.8 296.9 272.2 223.2 315.5 166.8 198.5 284.4 311.9 332.4 319.8 241.1 261.9 174.8 401.6 233.9 113.4 347.7 275.1 180.0 449.6 363.3 322.1 293.3 215.2 345.3 315.5 359.1 189.6 311.6 401.6 182.4 339.0 265.1 267.2 206.5 359.1 392.9 329.2 376.3 117.6 341.0 187.7 268.7 0.0 418.5 138.4 161.8 361.3 366.7 326.8 236.1 110.3 468.5 207.2 432.7 488.5 321.1 133.1 313.1 446.2 337.1 224.4 344.5 328.8 432.3 353.9 125.6 366.0 326.1 270.4 291.2 434.0 330.9 266.9 248.5 277.9 339.9 258.9 139.9 268.5 194.1 335.0 235.6 335.5 241.8 210.8 245.9
1370.1 420.7 436.9 344.4 257.1 201.4 416.8 141.5 64.1 346.7 354.0 304.6 327.5 351.2 450.4 298.9 335.8 88.7 124.6 412.7 392.0 362.7 389.1 146.1 279.0 339.0 416.6 302.3 137.3 347.1 329.5 27.4 437.7 397.8 324.8 320.4 383.1 361.9 264.2 359.8 324.3 235.1 296.3 398.3 675.9 200.6 367.0 160.0 382.7 346.4 346.1 327.1 60.9 342.6 419.4 123.6 275.5 387.4 57.1 344.1 248.8 329.5 692.6 330.4 219.6 249.0 397.0 256.6 128.1 424.5 337.1 309.7 384.9 314.7 74.6 67.5 392.1 361.3 595.0 245.1 317.3 329.4 477.3 0.0 379.0 329.6 153.8 455.1 230.9 366.8 587.7 76.0 315.9 40.2 84.2 322.0 610.5 217.2 53.7 370.5 269.2 419.2 374.5 39.8 334.7 603.0 116.3 311.8 315.0 193.8 15.5 419.2 218.1 293.1 316.8 138.4 383.6 371.4 313.1 263.0 153.5 385.2 235.2 365.5 358.6 299.3
1225.6 111.3 235.5 98.0 267.2 200.0 240.8 253.3 359.3 138.1 271.7 147.9 114.5 37.5 245.1 149.9 222.3 249.9 208.8 236.7 75.8 102.3 100.3 230.3 196.7 402.9 165.6 58.1 264.1 171.1 207.7 354.9 67.7 100.6 230.3 178.5 189.0 45.7 166.5 183.8 208.9 125.9 218.2 101.1 378.7 187.1 214.6 235.1 206.7 102.6 148.8 74.7 304.3 161.2 122.2 250.4 177.8 41.5 352.3 266.0 224.8 196.0 395.4 248.0 218.2 238.5 51.1 216.7 304.3 176.9 401.0 167.8 154.1 103.0 265.4 300.5 216.1 324.4 297.8 243.7 108.7 177.2 180.1 321.2 0.0 64.5 264.0 253.6 229.5 97.6 290.5 371.2 134.5 335.4 391.2 218.0 313.3 215.8 348.9 241.1 126.7 231.4 215.7 335.0 256.6 305.8 268.7 228.8 173.1 193.9 336.7 217.8 169.6 151.2 180.6 242.6 131.9 74.2 171.2 96.8 237.7 97.6 238.2 128.7 122.7 148.6
1237.8 114.6 245.0 59.4 227.3 160.1 250.3 215.6 319.4 105.2 264.4 143.8 108.3 58.4 254.6 64.2 182.4 210.0 168.9 246.2 62.3 59.7 96.2 190.4 156.8 404.7 155.4 18.2 224.2 184.0 194.8 308.7 81.6 112.8 190.4 138.6 198.5 32.2 126.6 193.3 150.6 86.0 178.3 113.3 390.9 147.2 174.7 195.2 216.2 106.4 158.3 37.6 264.4 97.3 131.1 210.5 137.9 82.4 312.4 207.8 184.9 156.1 407.6 208.1 178.3 205.9 86.3 174.4 264.4 135.9 368.4 127.9 163.6 69.3 221.9 260.6 225.6 257.3 310.0 203.8 77.7 137.3 192.3 281.3 56.0 0.0 224.1 263.1 189.6 100.9 302.7 331.3 93.9 295.5 351.3 178.1 325.5 175.9 309.0 201.2 87.2 235.5 225.2 295.1 216.7 318.0 228.8 188.9 133.2 154.0 296.8 227.3 129.7 108.6 140.7 202.7 121.7 86.4 124.8 56.9 197.8 98.4 198.3 120.5 55.6 143.4
1476.5 288.7 335.3 252.6 217.1 175.3 340.6 15.7 170.5 278.6 214.2 212.8 243.3 259.4 344.9 197.8 228.2 61.1 85.2 336.5 300.2 270.9 249.8 85.9 139.2 392.7 275.5 210.5 48.4 274.3 240.6 159.8 315.5 306.0 236.2 228.6 306.9 270.1 172.4 283.6 232.5 143.3 224.1 306.5 584.1 94.5 220.5 69.2 306.5 254.6 269.9 232.6 115.5 250.8 324.3 62.1 183.7 295.6 163.5 253.6 203.3 201.9 600.8 349.7 178.7 273.7 305.2 213.5 160.7 332.7 356.4 217.9 317.2 222.9 73.0 111.7 315.9 221.5 503.2 199.6 225.5 183.1 385.5 132.4 287.2 237.8 0.0 353.4 171.4 275.0 495.9 182.4 224.1 146.6 202.4 276.5 518.7 171.7 160.1 247.0 177.8 325.8 298.3 146.2 262.5 511.2 38.9 266.3 223.2 87.7 147.9 317.6 112.0 198.6 186.5 99.0 275.3 279.6 214.8 171.2 78.5 293.4 198.7 289.3 266.8 207.5
1207.0 176.5 62.0 325.3 350.2 284.9 42.8 340.4 419.6 308.8 389.5 236.3 205.0 264.8 151.9 227.1 179.5 334.8 293.7 75.4 201.0 322.1 164.0 315.2 281.6 350.4 172.4 295.0 349.0 74.3 105.6 408.9 193.5 332.3 168.5 328.8 118.3 242.1 215.6 114.7 295.4 266.9 144.0 332.8 610.4 272.0 210.7 320.0 90.2 203.1 101.9 251.9 364.6 292.5 350.6 335.3 226.9 255.1 412.6 173.5 291.7 173.2 627.1 174.1 303.1 151.6 215.4 281.2 389.2 398.3 314.1 296.6 140.7 189.5 346.7 342.8 145.3 382.4 529.5 332.7 282.3 167.1 411.8 381.5 255.0 276.7 348.9 0.0 342.5 189.3 522.2 445.3 276.8 395.7 451.5 305.8 545.0 314.7 409.2 218.2 268.1 46.0 128.8 395.3 182.4 537.5 353.6 295.6 291.6 278.8 397.0 77.4 254.5 302.0 163.6 327.5 139.4 305.9 315.0 237.8 322.6 191.9 323.1 153.4 332.4 281.8
1393.2 250.9 297.5 214.8 57.9 41.3 302.8 179.8 262.2 217.1 194.4 177.1 197.9 221.6 307.1 169.3 190.4 152.8 111.7 298.7 262.4 233.1 231.9 151.5 119.4 378.3 237.7 172.7 209.8 233.1 202.8 257.8 277.7 268.2 198.4 161.5 269.1 232.3 134.6 245.8 194.7 105.5 186.3 268.7 546.3 86.8 182.7 137.6 268.7 216.8 232.1 194.8 207.2 213.5 289.8 153.3 145.9 257.8 304.1 234.1 49.3 164.1 563.0 216.1 76.8 221.4 267.4 57.1 186.4 274.4 376.4 180.1 279.4 185.1 168.3 241.9 278.1 203.1 465.4 45.6 187.7 145.3 347.7 224.1 249.4 200.0 171.6 315.6 0.0 237.2 458.1 285.2 186.3 238.3 294.1 122.5 480.9 17.7 251.8 209.2 139.6 293.4 260.5 237.9 224.7 473.4 210.6 112.3 185.4 93.6 239.6 279.8 69.3 163.5 148.7 178.3 237.5 241.8 168.8 133.4 144.1 267.1 96.8 251.5 229.0 169.7
1256.3 13.6 173.7 172.0 251.3 195.6 179.0 251.1 354.9 163.2 267.3 99.9 85.5 111.5 183.3 108.7 204.6 245.5 204.4 174.9 73.0 161.8 45.6 225.9 192.3 375.5 84.1 122.9 259.7 112.7 130.7 344.2 65.5 187.4 193.6 210.4 127.2 70.8 142.9 122.0 177.0 121.5 169.1 187.9 465.5 182.7 185.4 230.7 144.9 73.6 87.0 80.6 299.9 114.2 205.7 246.0 130.1 104.6 347.9 198.6 220.4 191.6 482.2 199.2 213.8 176.7 80.0 209.9 299.9 238.0 339.2 202.9 92.3 71.1 257.4 296.1 154.3 274.6 384.6 239.3 111.0 172.8 266.9 316.8 109.1 104.6 259.6 191.8 225.1 0.0 377.3 366.8 87.5 331.0 386.8 249.9 400.1 211.4 344.5 225.5 122.7 164.2 153.9 330.6 207.5 392.6 264.3 260.7 208.2 189.5 332.3 156.0 165.2 183.6 176.2 238.2 50.4 161.0 196.6 92.4 233.3 63.9 233.8 48.2 160.3 163.4
1165.8 370.2 469.0 298.2 473.4 417.7 474.3 473.2 577.0 361.2 489.4 401.4 365.9 285.0 478.6 321.8 440.0 467.6 426.5 470.2 334.7 361.2 353.8 448.0 414.4 558.1 413.0 275.8 481.8 408.0 426.0 566.3 301.2 230.2 448.0 396.2 422.5 304.6 384.2 417.3 390.1 343.6 435.9 287.2 138.4 404.8 432.3 452.8 440.2 361.5 382.3 295.2 522.0 354.3 230.5 468.1 395.5 300.4 570.0 465.4 442.5 413.7 155.1 465.7 435.9 472.0 310.0 432.0 522.0 320.8 459.4 385.5 387.6 326.9 479.5 518.2 449.6 496.7 57.5 461.4 308.1 394.9 291.7 538.9 258.8 282.2 481.7 487.1 447.2 356.5 0.0 588.9 327.6 553.1 608.9 435.7 73.0 433.5 566.6 458.8 344.8 459.5 449.2 552.7 474.3 65.5 486.4 446.5 390.8 411.6 554.4 451.3 387.3 366.2 398.3 460.3 379.3 260.3 382.4 314.5 455.4 356.0 455.9 362.2 331.2 366.3
1383.3 450.1 450.1 373.8 298.0 230.8 446.2 187.6 77.3 399.8 383.4 334.0 364.5 380.6 463.6 319.0 365.2 114.7 154.0 442.1 421.4 392.1 371.0 175.5 308.4 402.8 446.0 331.7 166.7 379.9 346.2 102.8 467.1 427.2 354.2 349.8 412.5 391.3 293.6 389.2 353.7 264.5 325.7 427.7 705.3 230.0 396.4 192.2 412.1 375.8 375.5 353.8 90.3 372.0 445.5 153.0 304.9 416.8 18.8 355.2 278.2 358.9 722.0 359.8 249.0 283.8 426.4 288.4 157.5 453.9 366.5 339.1 414.3 344.1 104.0 101.8 421.5 390.7 624.4 274.5 346.7 352.8 506.7 75.4 408.4 359.0 183.2 468.3 260.3 396.2 617.1 0.0 345.3 42.4 102.8 351.4 639.9 246.6 66.9 399.9 299.0 437.8 403.9 73.9 364.1 632.4 145.7 341.2 344.4 223.2 90.9 432.4 247.5 319.8 349.3 167.8 413.0 400.8 336.0 292.4 182.9 414.6 264.6 394.9 388.0 328.7
1261.7 101.4 262.4 83.3 302.2 164.9 267.7 220.4 324.2 75.6 296.9 158.1 122.6 128.6 272.0 63.6 187.2 214.8 173.7 263.6 142.7 74.2 114.5 195.2 161.6 464.2 172.8 41.2 229.0 201.4 234.6 313.5 153.3 136.7 195.2 131.3 215.9 120.4 131.4 210.7 97.9 90.8 183.1 137.2 414.8 152.0 179.5 200.0 233.6 110.7 175.7 100.2 269.2 26.6 155.0 215.3 142.7 152.6 317.2 212.6 243.7 160.9 431.5 212.9 183.1 265.4 148.7 233.2 269.2 150.4 427.9 130.2 181.0 97.7 226.7 265.4 243.0 289.8 333.9 284.7 56.2 142.1 216.2 286.1 126.2 68.5 228.9 280.5 194.4 87.7 326.6 336.1 0.0 300.3 356.1 170.8 349.4 266.7 313.8 206.0 92.0 252.9 242.6 299.9 221.5 341.9 233.6 181.6 135.5 158.8 301.6 244.7 134.5 110.9 145.5 207.5 139.1 110.3 117.5 61.7 202.6 139.2 203.1 136.0 88.1 90.7
1353.6 433.4 420.4 357.1 269.8 214.1 445.8 170.9 47.6 383.1 366.7 317.3 347.8 363.9 433.9 302.3 348.5 98.0 137.3 460.4 404.7 375.4 354.3 158.8 291.7 386.1 429.3 315.0 150.0 363.2 329.5 93.3 450.4 410.5 337.5 333.1 395.8 374.6 276.9 372.5 337.0 247.8 309.0 411.0 688.6 213.3 379.7 175.5 395.4 359.1 358.8 337.1 73.6 355.3 428.8 136.3 288.2 400.1 22.6 338.5 261.5 342.2 705.3 343.1 232.3 267.1 409.7 271.7 140.8 437.2 349.8 322.4 397.6 327.4 87.3 85.1 404.8 374.0 607.7 257.8 330.0 336.1 490.0 58.7 391.7 342.3 166.5 438.6 243.6 379.5 600.4 41.5 328.6 0.0 60.3 334.7 623.2 229.9 37.2 383.2 282.3 408.1 387.2 23.3 347.4 615.7 129.0 324.5 327.7 206.5 74.2 402.7 230.8 303.1 332.6 151.1 396.3 384.1 319.3 275.7 166.2 397.9 247.9 410.3 371.3 312.0
1315.0 468.6 381.8 403.5 316.2 260.5 407.2 217.3 50.9 429.5 413.1 363.7 497.1 410.3 395.3 348.7 394.9 144.4 183.7 421.8 493.1 421.8 456.1 205.2 338.1 432.5 464.5 361.4 196.4 420.7 412.9 55.1 485.6 456.9 383.9 379.5 445.0 421.0 323.3 421.7 383.4 294.2 355.4 457.4 735.0 259.7 426.1 221.9 436.6 495.2 394.0 383.5 120.0 401.7 475.2 182.7 334.6 446.5 69.0 384.9 307.9 388.6 751.7 389.5 278.7 313.5 507.5 318.1 187.2 483.6 345.0 368.8 432.8 373.8 133.7 131.5 454.0 420.4 654.1 304.2 376.4 382.5 536.4 80.3 438.1 388.7 212.9 400.0 290.0 481.4 646.8 87.9 375.0 46.3 0.0 381.1 669.6 276.3 62.1 429.6 328.7 369.5 420.9 69.7 393.8 662.1 175.4 370.9 374.1 252.9 66.0 364.1 277.2 349.5 379.0 197.5 431.5 430.5 365.7 322.1 212.6 484.0 294.3 445.5 417.7 358.4
1388.2 272.3 286.2 209.8 131.3 113.5 291.5 256.0 334.1 177.3 174.6 165.8 189.8 216.6 295.8 147.1 179.1 221.2 177.8 281.6 295.6 193.6 233.5 227.7 195.6 367.0 226.4 167.7 286.0 221.8 185.7 329.7 295.3 263.2 187.1 38.9 257.8 281.3 123.3 234.5 65.1 106.4 169.2 263.7 541.3 163.0 171.4 213.8 257.4 205.5 220.8 231.8 279.1 164.5 290.3 225.2 134.6 252.8 321.3 217.0 72.8 152.8 563.5 204.8 235.6 210.1 301.6 64.7 310.1 279.3 365.1 120.4 259.6 186.7 240.2 270.4 266.8 167.5 460.4 113.8 188.2 128.2 342.7 296.0 281.9 239.7 247.8 304.3 123.6 258.6 453.1 346.0 180.6 310.2 366.0 0.0 475.9 95.8 323.7 196.6 173.6 282.1 249.2 304.0 213.4 468.4 286.8 10.8 115.4 169.8 311.5 268.5 145.5 121.2 140.3 254.5 239.1 236.8 46.2 128.4 220.3 283.8 220.5 240.2 207.5 107.4
1091.7 296.1 394.9 224.1 410.8 343.6 400.2 399.1 502.9 287.1 415.3 327.3 291.8 210.9 404.5 247.7 365.9 393.5 352.4 396.1 260.6 287.1 279.7 373.9 340.3 484.0 338.9 201.7 407.7 333.9 367.1 492.2 227.1 156.1 373.9 322.1 348.4 230.5 310.1 343.2 316.0 269.5 361.8 213.1 64.3 330.7 358.2 378.7 366.1 287.4 308.2 221.1 447.9 280.2 156.4 394.0 321.4 226.3 495.9 391.3 368.4 339.6 81.0 391.6 361.8 397.9 235.9 357.9 447.9 246.7 385.3 311.4 313.5 252.8 405.4 444.1 375.5 422.6 163.9 387.3 234.0 320.8 217.6 464.8 184.7 208.1 407.6 413.0 373.1 282.4 156.6 514.8 253.5 479.0 534.8 361.6 0.0 359.4 492.5 384.7 270.7 385.4 375.1 478.6 400.2 171.9 412.3 372.4 316.7 337.5 480.3 377.2 313.2 292.1 324.2 386.2 305.2 186.2 308.3 240.4 381.3 281.9 381.8 288.1 257.1 292.2
1373.5 231.2 277.8 195.1 56.8 17.6 283.1 143.4 238.5 221.1 174.7 155.3 185.8 201.9 287.4 140.3 170.7 129.1 88.0 279.0 242.7 213.4 192.3 131.8 99.7 393.0 218.0 153.0 143.3 216.8 195.8 227.8 258.0 248.5 178.7 143.7 249.4 212.6 114.9 226.1 175.0 85.8 166.6 249.0 526.6 67.1 163.0 115.1 249.0 197.1 212.4 175.1 183.5 193.3 266.8 129.6 126.2 238.1 231.5 196.1 31.5 144.4 543.3 196.4 104.6 194.2 247.7 41.7 218.2 275.2 356.7 160.4 259.7 165.4 141.0 222.2 258.4 185.3 445.7 27.8 168.0 125.6 328.0 200.4 229.7 180.3 151.9 295.9 27.7 217.5 438.4 250.4 166.6 214.6 270.4 104.7 461.2 0.0 228.1 189.5 120.3 268.3 240.8 214.2 205.0 453.7 190.9 94.5 165.7 73.9 215.9 260.1 49.6 141.1 129.0 158.6 217.8 222.1 157.3 113.7 124.4 235.9 124.6 233.9 209.3 150.0
1316.3 469.9 383.1 371.8 296.0 228.8 408.5 185.6 10.3 397.8 381.4 332.0 362.5 378.6 396.6 317.0 363.2 112.7 152.0 423.1 494.4 390.1 457.4 173.5 306.4 400.8 465.8 329.7 164.7 422.0 344.2 103.4 486.9 425.2 352.2 347.8 410.5 389.3 291.6 387.2 351.7 262.5 323.7 425.7 703.3 228.0 394.4 190.2 437.9 373.8 395.3 351.8 88.3 370.0 443.5 151.0 302.9 414.8 55.3 353.2 276.2 356.9 720.0 357.8 247.0 281.8 508.8 286.4 155.5 451.9 346.3 337.1 434.1 342.1 102.0 99.8 419.5 388.7 622.4 272.5 344.7 350.8 504.7 73.4 406.4 357.0 181.2 401.3 258.3 482.7 615.1 74.2 343.3 58.4 48.2 349.4 637.9 244.6 0.0 397.9 297.0 370.8 422.2 24.1 362.1 630.4 143.7 339.2 342.4 221.2 114.3 365.4 245.5 317.8 347.3 165.8 432.8 398.8 334.0 290.4 180.9 485.3 262.6 414.7 386.0 326.7
1270.5 195.8 187.9 251.6 261.7 186.2 193.2 239.5 345.5 253.9 290.8 175.0 209.9 292.4 197.5 249.2 62.8 232.6 193.7 187.8 221.6 269.9 164.2 216.5 182.9 277.5 158.3 210.8 260.6 123.5 93.2 341.1 214.1 306.3 88.8 246.1 159.5 253.4 116.9 136.2 225.3 142.3 75.4 306.8 584.4 172.0 40.0 224.1 159.1 176.5 122.5 260.4 290.5 305.8 326.6 236.6 128.2 275.7 337.2 26.3 193.0 36.9 601.1 105.2 239.5 120.6 236.0 184.9 294.5 322.4 275.6 197.9 161.3 202.3 251.6 281.8 168.5 283.7 503.5 234.0 224.5 74.4 384.5 306.1 288.7 285.5 250.2 206.0 242.5 209.9 496.2 357.4 224.4 321.6 377.4 201.6 519.0 216.0 335.1 0.0 167.2 182.5 150.9 321.2 71.8 511.5 254.9 195.6 192.9 180.1 322.9 170.2 154.5 212.1 61.8 228.8 160.0 279.9 221.6 171.5 223.9 202.6 224.4 140.6 267.1 235.4
1303.4 173.5 232.5 124.3 169.6 103.1 237.1 156.4 262.4 126.6 174.8 60.1 84.1 194.4 242.1 78.8 125.4 149.5 111.2 233.7 196.8 142.6 131.6 133.4 99.8 313.3 146.1 82.9 177.5 168.1 137.8 258.0 214.5 178.4 133.4 101.0 204.1 184.3 69.6 180.8 97.4 28.3 120.6 178.9 456.5 89.5 117.7 141.0 203.7 99.8 167.1 162.4 207.4 123.7 200.0 153.5 57.1 227.4 254.7 168.4 127.9 99.1 472.5 150.4 156.4 156.4 202.8 119.8 211.4 194.5 311.4 90.3 200.2 114.3 168.5 198.7 212.4 182.1 375.6 146.8 97.9 74.5 257.9 224.3 192.0 187.5 167.1 250.6 131.9 159.8 368.3 274.3 96.5 238.5 294.3 146.3 391.1 118.9 252.0 142.9 0.0 227.7 195.5 237.4 159.7 383.6 171.8 131.8 94.9 97.0 239.8 214.8 72.7 73.0 86.6 145.7 158.3 152.0 93.7 43.6 140.8 203.0 141.3 174.8 139.2 79.9
1155.5 158.7 44.2 307.5 332.4 267.1 43.0 320.4 401.8 293.9 371.7 216.4 192.5 247.0 134.1 218.6 161.7 313.5 275.9 57.6 183.2 304.3 146.2 297.4 263.8 298.2 154.6 277.2 331.2 56.5 103.0 397.4 175.7 314.5 150.7 311.0 100.5 224.3 197.8 96.9 285.1 249.1 126.2 315.0 592.6 254.2 192.9 305.0 72.4 185.3 84.1 234.1 346.8 275.2 336.1 317.5 209.1 237.3 394.8 174.0 273.9 155.4 609.3 156.3 320.4 133.8 197.6 265.8 371.4 360.0 229.2 278.8 122.9 171.7 328.9 320.1 127.5 364.6 511.7 314.9 264.5 155.3 388.6 363.7 237.2 258.9 331.1 35.8 324.7 171.5 504.4 427.5 259.0 377.9 433.7 288.0 527.2 296.9 391.4 200.4 249.9 0.0 111.0 377.5 164.6 519.7 335.8 277.8 273.8 261.0 379.2 59.6 236.7 286.9 142.7 309.7 121.6 288.1 297.2 220.0 304.8 164.2 305.3 103.5 314.6 264.0
1208.3 134.9 125.7 283.7 290.1 224.8 131.0 280.3 359.5 267.2 329.4 194.7 163.4 223.2 135.3 185.5 119.4 274.7 233.6 126.9 159.4 280.5 122.4 255.1 221.5 290.3 130.8 253.4 288.9 64.7 45.5 348.8 151.9 290.7 108.4 284.7 97.3 200.5 155.5 74.0 253.8 182.2 83.9 291.2 568.8 211.9 150.6 259.9 96.9 161.5 60.3 210.3 304.5 250.9 309.0 275.2 166.8 213.5 352.5 113.4 231.6 113.1 585.5 114.0 243.0 91.5 173.8 221.1 329.1 356.7 254.0 236.5 99.1 147.9 286.6 282.7 106.3 322.3 487.9 272.6 240.7 107.0 370.2 321.4 213.4 235.1 288.8 143.8 282.4 147.7 480.6 385.2 235.2 335.6 391.4 245.7 503.4 254.6 349.1 158.1 205.1 116.2 0.0 335.2 122.3 495.9 293.5 235.5 231.5 218.7 336.9 108.0 194.4 254.5 103.5 267.4 97.8 264.3 273.4 196.2 262.5 150.3 263.0 79.7 290.8 240.2
1330.2 423.9 397.0 347.6 260.3 204.6 422.4 144.7 24.2 349.9 357.2 307.8 338.3 354.4 410.5 302.1 339.0 88.5 127.8 437.0 395.2 365.9 392.3 149.3 282.2 376.6 419.8 305.5 140.5 353.7 320.0 82.9 440.9 401.0 328.0 323.6 386.3 365.1 267.4 363.0 320.0 238.3 299.5 401.5 679.1 203.8 370.2 163.2 385.9 349.6 349.3 330.3 64.1 345.8 422.6 126.8 278.7 390.6 31.1 347.3 252.0 332.7 695.8 333.6 257.9 257.6 400.2 259.8 131.3 417.1 340.3 312.9 388.1 317.9 74.6 75.6 395.3 364.5 598.2 248.3 320.5 332.6 480.5 49.2 382.2 332.8 157.0 415.2 234.1 370.0 590.9 50.0 319.1 34.2 62.1 325.2 613.7 220.4 13.8 373.7 272.8 379.3 377.7 0.0 337.9 606.2 119.5 315.0 318.2 197.0 64.7 379.3 221.3 296.3 320.0 141.6 386.8 374.6 316.3 266.2 156.7 388.4 238.4 400.8 361.8 302.5
1257.5 184.1 174.9 332.9 289.9 224.6 180.2 280.1 345.3 316.4 329.2 195.7 212.6 272.4 184.5 234.7 119.2 274.5 233.4 176.1 208.6 329.7 171.6 254.9 221.3 276.1 180.0 302.6 288.7 113.9 80.2 334.6 201.1 339.9 108.2 284.5 146.5 249.7 155.3 123.2 303.0 182.0 53.0 340.4 618.0 211.7 131.9 259.7 146.1 210.7 109.5 259.5 290.3 300.1 358.2 275.0 166.6 262.7 338.3 47.1 231.4 128.8 634.7 113.8 242.8 77.3 223.0 220.9 324.2 405.9 239.8 236.3 148.3 197.1 288.7 268.5 155.5 322.1 537.1 272.4 289.9 106.8 419.4 307.2 262.6 284.3 288.6 193.0 282.2 196.9 529.8 371.0 284.4 321.4 377.2 245.5 552.6 254.4 334.9 91.8 204.9 165.4 137.9 321.0 0.0 545.1 293.3 235.3 231.3 218.5 322.7 157.2 194.2 254.3 103.3 267.2 147.0 313.5 253.5 245.4 262.3 199.5 262.8 128.9 340.0 289.4
1137.0 341.4 440.2 269.4 444.6 388.9 445.5 444.4 548.2 332.4 460.6 372.6 337.1 256.2 449.8 293.0 411.2 438.8 397.7 441.4 305.9 332.4 325.0 419.2 385.6 529.3 384.2 247.0 453.0 379.2 412.4 537.5 272.4 201.4 419.2 367.4 393.7 275.8 355.4 388.5 361.3 314.8 407.1 258.4 109.6 376.0 403.5 424.0 411.4 332.7 353.5 266.4 493.2 325.5 201.7 439.3 366.7 271.6 541.2 436.6 413.7 384.9 126.3 436.9 407.1 443.2 281.2 403.2 493.2 292.0 430.6 356.7 358.8 298.1 450.7 489.4 420.8 467.9 28.7 432.6 279.3 366.1 262.9 510.1 230.0 253.4 452.9 458.3 418.4 327.7 201.9 560.1 298.8 524.3 580.1 406.9 44.2 404.7 537.8 430.0 316.0 430.7 420.4 523.9 445.5 0.0 457.6 417.7 362.0 382.8 525.6 422.5 358.5 337.4 369.5 431.5 350.5 231.5 353.6 285.7 426.6 327.2 427.1 312.2 302.4 337.5
1437.5 325.1 391.8 289.0 213.2 146.0 397.1 53.2 131.5 315.0 251.7 249.2 279.7 295.8 401.4 234.2 316.1 22.1 69.2 393.0 336.6 307.3 286.2 90.7 176.7 353.7 311.9 246.9 50.6 330.8 297.1 120.8 351.9 342.4 305.1 265.0 363.4 306.5 208.8 340.1 268.9 179.7 276.6 342.9 620.5 132.0 256.9 106.7 363.0 291.0 326.4 269.0 76.5 287.2 360.7 64.3 220.1 332.0 124.5 306.1 193.4 309.8 637.2 310.7 164.2 234.7 341.6 203.6 128.4 369.1 317.4 254.3 365.2 259.3 34.0 72.7 372.4 259.0 539.6 189.7 261.9 303.7 421.9 93.4 323.6 274.2 37.4 409.9 208.9 311.4 532.3 143.4 260.5 107.6 163.4 266.6 555.1 161.8 121.1 350.8 214.2 382.3 354.8 107.2 315.0 547.6 0.0 256.4 259.6 125.2 108.9 374.1 149.5 235.0 300.2 83.0 363.9 316.0 251.2 207.6 98.1 329.8 184.2 345.8 303.2 243.9
1389.1 268.4 275.4 210.7 120.5 102.7 280.7 245.2 323.3 187.5 163.8 152.9 175.8 217.5 285.0 151.8 168.3 210.4 172.8 276.6 291.7 203.8 243.7 216.9 184.8 356.2 215.6 168.6 275.2 211.0 193.4 312.6 305.5 264.1 176.3 49.1 247.0 228.2 112.5 223.7 82.8 101.4 164.2 264.6 542.2 152.2 160.6 200.2 246.6 194.7 210.0 193.4 268.3 174.7 285.7 214.4 123.8 253.7 316.3 212.0 62.0 142.0 558.9 194.0 224.8 199.3 297.7 51.5 299.3 259.5 354.3 109.6 248.8 196.9 225.8 259.6 256.0 156.7 461.3 103.0 183.6 123.2 343.6 285.2 286.9 195.9 237.0 293.5 112.8 254.7 454.0 335.2 182.2 299.4 355.2 10.2 476.8 85.0 312.9 185.8 162.8 271.3 238.4 299.0 202.6 469.3 276.0 0.0 104.6 159.0 300.7 257.7 134.7 125.1 128.0 243.7 247.5 237.7 56.4 129.3 209.5 288.2 209.7 265.4 217.7 117.6
1341.2 230.8 273.8 162.8 193.1 163.8 279.1 224.4 321.7 152.3 220.9 153.4 177.4 169.6 283.4 100.1 166.7 208.8 171.2 275.0 254.1 158.5 192.0 192.7 159.1 354.6 214.0 120.7 226.5 209.4 179.1 317.3 253.8 216.2 174.7 81.5 245.4 180.3 110.9 222.1 77.9 99.8 162.6 216.7 494.3 149.5 159.0 200.3 245.0 182.3 208.4 145.5 266.7 128.9 237.8 212.8 122.2 205.8 314.7 210.4 123.1 140.4 511.0 192.4 180.6 197.7 260.1 112.6 266.7 232.3 352.7 4.9 239.5 145.2 224.2 258.0 254.4 213.8 413.4 164.1 135.7 121.6 295.7 283.6 240.4 148.0 226.4 291.9 173.9 217.1 406.1 333.6 134.3 297.8 353.6 121.0 428.9 146.1 311.3 184.2 107.0 269.7 236.8 297.4 201.0 421.4 231.1 131.8 0.0 156.3 299.1 256.1 132.0 20.4 125.0 205.0 197.6 189.8 74.2 81.4 200.1 242.3 200.6 213.7 172.4 42.4
1453.1 308.2 354.8 272.1 129.3 87.5 360.1 69.4 219.3 298.1 228.1 232.3 262.8 278.9 364.4 217.3 247.7 109.9 81.5 356.0 319.7 290.4 269.3 57.8 153.1 441.5 295.0 230.0 124.1 293.8 272.8 208.6 335.0 325.5 255.7 227.7 326.4 289.6 191.9 303.1 252.0 162.8 243.6 326.0 603.6 6.7 240.0 41.1 326.0 274.1 289.4 252.1 164.3 270.3 343.8 110.4 203.2 315.1 212.3 273.1 115.5 221.4 620.3 273.4 90.9 322.5 324.7 125.7 146.3 352.2 405.2 237.4 336.7 242.4 121.8 148.2 335.4 235.4 522.7 111.8 245.0 202.6 405.0 181.2 306.7 257.3 77.9 372.9 83.6 294.5 515.4 231.2 243.6 195.4 251.2 188.7 538.2 83.9 208.9 266.5 197.3 345.3 317.8 195.0 282.0 530.7 116.9 178.5 242.7 0.0 196.7 337.1 24.2 218.1 206.0 84.6 294.8 299.1 234.3 190.7 50.4 312.9 110.9 308.8 286.3 227.0
1383.8 435.0 450.6 358.7 282.9 215.7 431.1 172.5 78.4 384.7 368.3 318.9 349.4 365.5 464.1 303.9 350.1 99.6 138.9 427.0 406.3 377.0 355.9 160.4 293.3 387.7 430.9 316.6 151.6 364.8 331.1 11.8 452.0 412.1 339.1 334.7 397.4 376.2 278.5 374.1 338.6 249.4 310.6 412.6 690.2 214.9 381.3 177.1 397.0 360.7 360.4 338.7 75.2 356.9 430.4 137.9 289.8 401.7 71.4 340.1 263.1 343.8 706.9 344.7 233.9 268.7 411.3 273.3 142.4 438.8 351.4 324.0 399.2 329.0 88.9 86.7 406.4 375.6 609.3 259.4 331.6 337.7 491.6 14.2 393.3 343.9 168.1 468.8 245.2 381.1 602.0 90.3 330.2 54.5 68.7 336.3 624.8 231.5 68.0 384.8 283.9 438.3 388.8 54.1 349.0 617.3 130.6 326.1 329.3 208.1 0.0 432.9 232.4 304.7 334.2 152.7 397.9 385.7 320.9 277.3 167.8 399.5 249.5 379.8 372.9 313.6
1130.5 168.4 17.6 317.2 342.1 276.8 84.2 332.3 324.1 300.7 381.4 228.2 196.9 256.7 143.8 219.0 171.4 326.7 285.6 80.1 192.9 314.0 155.9 307.1 273.5 342.3 164.3 286.9 340.9 66.2 112.7 400.8 185.4 324.2 160.4 320.7 110.2 234.0 207.5 106.6 287.3 258.8 135.9 324.7 602.3 263.9 202.6 311.9 82.1 195.0 93.8 243.8 356.5 284.4 342.5 327.2 218.8 247.0 404.5 165.4 283.6 165.1 619.0 166.0 295.0 143.5 207.3 273.1 381.1 390.2 155.1 288.5 132.6 181.4 338.6 334.7 137.2 374.3 521.4 324.6 274.2 159.0 403.7 373.4 246.9 268.6 340.8 97.0 334.4 181.2 514.1 437.2 268.7 387.6 340.1 297.7 536.9 306.6 335.3 210.1 260.0 69.4 120.7 387.2 174.3 529.4 345.5 287.5 283.5 270.7 388.9 0.0 246.4 293.9 155.5 319.4 131.3 297.8 306.9 229.7 314.5 183.8 315.0 145.3 324.3 273.7
1428.8 283.9 330.5 247.8 105.0 63.2 335.8 101.7 207.7 250.1 227.4 208.0 230.9 254.6 340.1 202.3 223.4 94.8 57.2 331.7 295.4 266.1 264.9 78.7 152.4 395.5 270.7 205.7 112.5 269.5 235.8 203.3 310.7 301.2 231.4 203.4 302.1 265.3 167.6 278.8 227.7 138.5 219.3 301.7 579.3 17.5 215.7 65.4 301.7 249.8 265.1 227.8 152.7 246.0 322.8 98.8 178.9 290.8 200.7 267.1 91.2 197.1 596.0 249.1 66.6 305.5 300.4 99.0 156.7 327.9 393.6 213.1 312.4 218.1 113.8 148.9 311.1 234.7 498.4 87.5 220.7 178.3 380.7 169.6 282.4 233.0 102.2 348.6 59.3 270.2 491.1 219.6 219.3 183.8 239.6 164.4 513.9 59.6 197.3 240.9 172.6 326.4 293.5 183.4 257.7 506.4 117.1 154.2 218.4 24.2 185.1 312.8 0.0 196.5 181.7 91.0 270.5 274.8 210.7 166.4 74.7 288.6 86.6 284.5 262.0 202.7
1320.7 210.3 295.7 142.3 203.5 185.7 301.0 213.1 319.1 131.8 242.8 175.3 163.7 149.1 305.3 79.6 188.6 209.7 168.6 296.9 233.6 138.0 171.5 190.1 156.5 376.5 210.8 100.2 223.9 234.7 201.0 314.7 233.3 195.7 196.6 61.0 253.9 169.1 132.8 244.0 57.4 121.7 184.5 196.2 473.8 146.9 180.9 194.9 266.9 161.8 213.7 125.0 264.1 108.9 217.3 210.2 144.1 185.3 312.1 232.3 145.0 162.3 490.5 214.3 178.0 219.6 239.6 136.9 264.1 193.7 374.6 16.5 219.0 124.7 225.2 260.3 276.3 235.7 392.9 186.0 115.2 137.7 275.2 281.0 219.9 127.5 223.8 313.8 195.8 196.6 385.6 331.0 113.8 295.2 351.0 100.5 408.4 168.0 308.7 206.1 86.5 291.6 258.7 294.8 222.9 400.9 228.5 111.3 21.9 153.7 296.5 278.0 129.4 0.0 146.9 202.4 177.1 169.3 53.7 60.9 197.5 221.8 198.0 193.2 151.9 21.9
1229.9 155.0 147.3 187.9 198.0 122.7 152.6 178.2 282.0 193.3 227.3 93.8 119.9 230.2 156.9 142.4 40.2 172.6 130.0 147.0 181.0 209.3 148.2 153.0 119.4 262.5 150.9 147.3 186.8 86.3 65.3 271.3 173.5 242.8 48.2 182.6 118.9 222.1 53.4 95.6 169.3 78.6 34.6 243.3 520.9 108.3 51.4 157.8 118.5 135.6 81.9 201.8 227.0 187.6 262.9 173.1 64.7 235.1 276.6 82.4 129.5 13.9 536.1 64.4 142.5 63.7 195.4 119.0 227.0 258.9 226.2 134.4 120.7 150.1 184.5 223.2 129.3 220.2 440.0 170.5 160.8 4.9 320.8 242.4 226.3 223.3 186.7 165.4 178.8 169.3 432.7 293.9 160.9 258.1 313.9 143.6 455.5 152.5 271.6 59.0 103.0 141.7 110.3 256.2 74.5 448.0 191.4 131.9 129.4 116.6 259.4 129.6 90.8 148.4 0.0 165.3 119.4 216.4 151.6 106.5 160.4 171.9 160.9 131.9 203.6 171.9
1480.4 279.1 325.7 243.0 167.2 100.0 331.0 84.4 173.7 269.0 222.6 203.2 233.7 249.8 335.3 188.2 218.6 64.3 23.2 326.9 290.6 261.3 240.2 26.7 147.6 373.7 265.9 200.9 78.5 264.7 243.7 163.0 305.9 296.4 325.1 219.0 297.3 260.5 162.8 274.0 222.9 133.7 296.6 296.9 574.5 81.2 210.9 43.4 296.9 245.0 260.3 223.0 118.7 241.2 314.7 64.8 174.1 286.0 166.7 326.1 190.0 192.3 591.2 330.7 118.2 254.7 295.6 200.2 61.6 323.1 337.4 208.3 307.6 213.3 76.2 63.5 306.3 229.9 493.6 186.3 215.9 173.5 375.9 135.6 277.6 228.2 110.2 343.8 158.1 265.4 486.3 177.4 214.5 149.8 205.6 263.2 509.1 158.4 163.3 237.4 168.2 316.2 288.7 149.4 335.0 501.6 83.1 253.0 213.6 74.4 151.1 308.0 98.7 189.0 176.9 0.0 265.7 270.0 205.2 161.6 34.1 283.8 110.7 281.8 257.2 197.9
1205.8 39.1 123.2 187.9 257.2 201.5 128.5 257.0 360.8 169.3 273.2 96.8 65.5 127.4 132.8 87.6 154.1 251.4 210.3 124.4 63.6 182.6 24.5 231.8 198.2 325.0 32.9 146.4 265.6 62.2 80.2 350.1 56.1 194.9 143.1 189.3 76.7 93.1 139.8 71.5 155.9 127.4 118.6 195.4 473.0 188.6 141.2 236.6 94.4 63.6 36.5 112.4 305.8 153.0 213.2 251.9 127.0 117.7 353.8 148.1 266.3 147.8 489.7 148.7 219.7 126.2 78.0 255.8 305.8 258.8 288.7 181.8 41.8 50.0 263.3 302.0 103.8 280.5 392.1 245.2 142.8 141.7 274.4 322.7 117.6 128.1 265.5 141.3 231.0 51.9 384.8 372.7 137.3 336.9 392.7 228.8 407.6 217.3 350.4 181.3 128.6 113.7 103.4 336.5 157.0 400.1 270.2 239.6 187.1 195.4 338.2 105.5 171.1 162.5 138.2 244.1 0.0 168.5 175.5 98.3 239.2 54.5 239.7 16.0 183.8 142.3
1187.4 181.4 280.2 113.8 312.9 295.1 285.5 284.4 388.2 109.6 268.8 212.6 177.1 96.2 289.8 192.5 251.2 278.8 237.7 281.4 145.9 115.9 165.0 259.2 225.6 482.0 224.2 87.0 293.0 219.2 237.2 377.5 112.4 62.4 259.2 226.1 233.7 115.8 195.4 228.5 192.7 154.8 247.1 26.8 340.5 216.0 243.5 264.0 251.4 172.7 193.5 106.4 333.2 147.2 80.7 279.3 206.7 111.6 381.2 276.6 254.4 224.9 357.2 276.9 247.1 283.2 121.2 243.9 333.2 60.4 445.7 259.1 198.8 138.1 290.7 329.4 260.8 261.7 259.6 295.4 141.2 206.1 141.9 350.1 70.0 93.4 292.9 298.3 305.2 167.7 252.3 400.1 170.1 364.3 420.1 248.5 275.1 277.4 377.8 270.0 156.0 270.7 260.4 363.9 285.5 267.6 297.6 238.3 264.4 222.8 365.6 262.5 198.5 239.8 209.5 271.5 190.5 0.0 212.3 125.7 266.6 167.2 267.1 152.2 85.8 219.6
1335.4 226.0 309.6 163.5 196.1 166.8 321.4 236.5 333.8 131.0 227.9 206.3 178.2 163.8 319.2 88.8 232.4 220.9 189.8 310.8 242.8 147.3 160.8 204.8 248.9 420.3 220.0 114.9 248.9 245.2 257.5 329.4 242.5 210.4 240.4 13.7 263.1 228.5 176.6 257.9 12.3 100.4 228.3 210.9 488.5 161.6 224.7 212.4 280.8 171.0 222.9 179.0 278.8 111.7 232.0 224.9 187.9 200.0 333.3 276.1 126.1 206.1 505.2 258.1 227.8 263.4 248.8 118.0 282.8 226.5 418.4 85.0 228.2 133.9 239.9 270.1 296.7 220.8 407.6 167.1 129.9 181.5 289.9 302.2 235.6 186.9 238.5 327.7 176.9 205.8 400.3 345.7 127.8 309.9 365.7 59.0 423.1 149.1 323.4 249.9 101.2 312.0 289.8 316.0 266.7 415.6 243.2 64.0 96.8 168.4 311.2 291.9 144.1 74.9 193.6 217.1 186.3 184.0 0.0 75.6 212.2 231.0 212.7 208.9 154.7 54.6
1259.7 117.4 232.5 81.3 170.3 103.1 237.8 165.1 262.4 83.6 174.8 88.3 111.2 88.1 242.1 35.8 125.4 149.5 111.9 233.7 128.9 99.6 72.4 133.4 99.8 313.3 172.7 39.2 167.2 168.1 137.8 258.0 144.2 134.7 133.4 115.8 204.1 98.8 69.6 180.8 102.3 29.0 121.3 135.2 412.8 90.2 117.7 138.2 203.7 130.1 167.1 64.0 207.4 79.5 156.3 153.5 80.9 124.3 255.4 169.1 127.9 99.1 429.5 151.1 121.3 148.9 133.9 117.4 207.4 161.4 311.4 87.1 145.9 51.6 164.9 198.7 213.1 182.1 331.9 146.8 54.2 74.5 214.2 224.3 115.9 66.5 167.1 250.6 132.6 103.7 324.6 274.3 52.8 238.5 294.3 161.1 347.4 118.9 252.0 142.9 29.8 228.4 195.5 238.1 159.7 339.9 171.8 166.1 92.4 97.0 239.8 214.8 72.7 70.5 83.7 145.7 104.0 108.3 102.0 0.0 140.8 133.6 141.3 120.1 95.5 47.6
1493.4 294.2 340.8 258.1 169.6 127.8 346.1 79.5 168.8 284.1 238.7 218.3 248.8 264.9 350.4 203.3 233.7 59.4 38.3 342.0 305.7 276.4 255.3 7.3 163.7 391.0 281.0 216.0 73.6 279.8 258.8 158.1 321.0 311.5 342.4 268.0 312.4 275.6 177.9 289.1 238.0 148.8 313.9 312.0 589.6 47.0 226.0 9.2 312.0 260.1 275.4 238.1 113.8 256.3 329.8 59.9 189.2 301.1 161.8 343.4 155.8 207.4 606.3 348.0 131.2 272.0 310.7 166.0 95.8 338.2 354.7 223.4 322.7 228.4 71.3 97.7 321.4 246.0 508.7 152.1 231.0 188.6 391.0 130.7 292.7 243.3 88.5 358.9 123.9 280.5 501.4 180.7 229.6 144.9 200.7 229.0 524.2 124.2 158.4 252.5 183.3 331.3 303.8 144.5 352.3 516.7 78.2 218.8 228.7 40.2 146.2 323.1 64.5 204.1 192.0 34.1 280.8 285.1 220.3 176.7 0.0 298.9 144.9 296.9 272.3 213.0
1261.6 62.0 179.0 169.0 297.2 220.1 184.3 273.4 379.4 131.8 291.8 129.1 121.6 108.5 188.6 149.3 209.9 266.5 228.9 168.7 49.1 146.1 76.9 250.4 216.8 346.4 115.4 119.9 294.5 114.6 136.0 375.0 41.6 180.4 198.9 236.0 132.5 61.0 174.2 127.3 210.1 146.0 162.9 180.9 458.5 217.1 216.7 258.0 150.2 104.4 92.3 58.5 324.4 149.8 202.0 270.5 161.4 103.2 372.4 210.7 244.9 216.1 475.2 193.0 273.4 189.5 63.5 236.8 328.4 196.5 344.5 187.9 97.6 102.4 285.5 315.7 148.1 299.1 377.6 263.8 102.4 191.5 259.9 341.3 91.6 101.6 284.1 197.1 249.6 48.3 370.3 391.3 136.3 355.5 411.3 281.3 393.1 235.9 369.0 255.5 146.8 163.4 159.2 355.1 212.8 385.6 288.8 296.2 193.2 214.0 356.8 161.3 189.7 171.3 203.6 262.7 81.7 154.0 228.7 116.9 257.8 0.0 258.3 72.2 157.3 194.7
1426.7 270.9 317.5 234.8 113.9 86.2 322.8 174.8 249.0 260.8 214.4 195.0 225.5 241.6 327.1 180.0 210.4 154.7 113.6 318.7 282.4 253.1 232.0 117.1 139.4 464.6 257.7 192.7 168.9 256.5 235.5 230.7 297.7 288.2 218.4 210.8 289.1 252.3 154.6 265.8 214.7 125.5 206.3 288.7 566.3 171.6 202.7 133.8 288.7 236.8 252.1 214.8 188.5 233.0 306.5 155.2 165.9 277.8 207.2 235.8 147.3 184.1 583.0 236.1 23.8 233.9 287.4 157.5 93.5 314.9 428.3 200.1 299.4 205.1 164.8 154.4 298.1 221.7 485.4 120.2 207.7 165.3 367.7 203.3 269.4 220.0 200.6 335.6 97.9 257.2 478.1 188.3 206.3 230.8 286.9 220.5 500.9 115.7 238.6 229.2 160.0 308.0 280.5 217.1 244.7 493.4 173.5 210.3 205.4 164.8 218.8 299.8 167.3 180.8 168.7 90.3 257.5 261.8 197.0 153.4 124.5 275.6 0.0 273.6 249.0 189.7
1210.5 55.1 106.7 171.8 329.5 219.6 112.0 293.5 377.7 160.4 291.3 112.8 97.6 143.4 137.5 115.0 137.6 281.4 240.3 129.1 79.6 200.7 32.2 249.9 216.3 329.7 51.0 130.3 305.9 66.9 100.1 386.4 40.0 210.9 147.8 216.1 81.4 120.7 178.8 76.2 190.2 145.5 123.3 179.3 456.9 218.6 168.0 257.5 99.1 81.7 41.2 97.0 322.7 171.6 200.4 281.9 145.1 101.6 370.7 171.1 249.8 152.5 473.6 153.4 237.8 117.2 61.9 241.7 323.9 256.4 272.2 208.6 25.3 76.8 296.9 296.0 108.5 298.6 376.0 312.0 160.9 152.4 258.3 352.7 101.5 112.0 283.6 146.0 249.1 67.9 368.7 402.7 123.4 353.8 409.6 252.7 423.6 272.8 380.4 176.3 146.7 102.6 108.1 353.4 161.7 384.0 288.3 257.7 205.2 225.4 368.2 89.0 201.1 192.0 139.8 274.1 26.7 152.4 208.8 128.3 257.3 70.5 257.8 0.0 211.0 160.4
1269.3 174.0 316.4 90.9 264.3 235.0 321.7 267.1 370.9 49.5 208.7 212.7 177.2 101.3 326.0 106.6 233.9 261.5 220.4 317.6 120.5 30.0 167.6 241.9 255.9 456.2 226.8 95.8 275.7 255.4 288.6 360.2 139.8 144.3 241.9 166.0 269.9 90.4 178.1 264.7 132.6 137.5 229.8 144.8 422.4 198.7 226.2 246.7 287.6 165.3 229.7 99.9 315.9 87.1 162.6 262.0 189.4 137.5 363.9 259.3 194.3 207.6 439.1 259.6 229.8 257.4 144.5 183.8 315.9 106.2 419.9 173.2 235.0 140.7 273.4 312.1 297.0 201.6 341.5 235.3 68.0 188.8 223.8 332.8 114.2 58.1 275.6 334.5 245.1 160.3 334.2 382.8 84.2 347.0 402.8 188.4 357.0 217.3 360.5 252.7 138.7 306.9 296.6 346.6 268.2 349.5 280.3 178.2 178.5 205.5 348.3 298.7 181.2 153.9 192.2 254.2 193.1 117.9 152.2 108.4 249.3 160.3 249.8 209.6 0.0 133.7
1307.8 188.3 278.4 129.4 250.5 221.2 283.7 202.4 306.2 102.7 265.7 132.1 141.7 136.2 288.0 68.6 211.5 196.8 155.7 279.6 211.6 116.0 129.6 177.2 143.6 433.8 188.8 87.3 211.0 217.4 223.9 295.5 211.3 182.8 219.5 68.1 231.9 146.9 155.7 226.7 72.0 72.8 207.4 183.3 460.9 134.0 203.8 182.0 249.6 139.8 191.7 151.5 251.2 86.4 201.1 197.3 167.0 172.4 299.2 236.9 180.5 185.2 477.6 237.2 165.1 235.0 217.6 170.0 251.2 192.2 397.5 39.4 197.0 102.7 208.7 247.4 259.0 258.6 380.0 221.5 102.3 166.4 262.3 268.1 197.9 114.6 210.9 296.5 231.3 174.6 372.7 318.1 100.9 282.3 338.1 107.6 395.5 203.5 295.8 230.3 74.0 268.9 258.6 281.9 245.8 388.0 215.6 118.4 44.7 140.8 283.6 260.7 116.5 20.1 169.8 189.5 155.1 156.4 54.3 48.0 184.6 208.1 185.1 171.2 129.9 0.0
