Name		2820_BED-Amazon_n162_m232_bt44
Number_of_Customers	162
Number_of_Items		232
Number_of_ItemTypes	44
Number_of_Vehicles	1
TimeWindows		0
Dist_type	manual

VEHICLE
Mass_Capacity	1208
CargoSpace_Length	174
CargoSpace_Width	97
CargoSpace_Height	105

CUSTOMERS
i	x	y	Demand	ReadyTime	DueDate	ServiceTime	DemandedMass	DemandedVolume
0	42.254346	-87.985697	0	0	0	0	0	0
1	42.35676	-88.130677	1	0	0	0	1.9	1176
2	42.311821	-88.15284	1	0	0	0	0.7	2640
3	42.363637	-88.135974	1	0	0	0	4.8	6200
4	42.309615	-88.151482	1	0	0	0	1.8	2520
5	42.351509	-88.131836	1	0	0	0	2.5	3978
6	42.308161	-88.154136	2	0	0	0	10.8	8040
7	42.336303	-88.121325	1	0	0	0	4.7	1380
8	42.311354	-88.15553	2	0	0	0	6.29	4780
9	42.351889	-88.132233	1	0	0	0	1.9	1176
10	42.317173	-88.153311	2	0	0	0	5.4	4020
11	42.35631	-88.131727	1	0	0	0	4.7	1380
12	42.359318	-88.143538	1	0	0	0	0.7	2640
13	42.346939	-88.131845	2	0	0	0	8.2	21595
14	42.356378	-88.13647	1	0	0	0	7.3	3640
15	42.35403	-88.133107	1	0	0	0	1.9	1176
16	42.353073	-88.153078	2	0	0	0	3.2	6618
17	42.327549	-88.135821	1	0	0	0	2.5	3978
18	42.323969	-88.141257	1	0	0	0	0.7	2640
19	42.309002	-88.153085	1	0	0	0	0.7	2640
20	42.310054	-88.15165	1	0	0	0	4.19	9880
21	42.359127	-88.137403	2	0	0	0	4.2	12090
22	42.322472	-88.141988	1	0	0	0	0.7	2640
23	42.322906	-88.135826	2	0	0	0	6.8	8282
24	42.353489	-88.13672	1	0	0	0	1.75	4608
25	42.312402	-88.158953	1	0	0	0	2.5	3978
26	42.326246	-88.138327	2	0	0	0	6.83	14124
27	42.325549	-88.138544	2	0	0	0	11.15	7368
28	42.316401	-88.153193	2	0	0	0	7.2	5358
29	42.343955	-88.131405	1	0	0	0	7.3	3640
30	42.354077	-88.13143	1	0	0	0	2.5	3978
31	42.345358	-88.127465	2	0	0	0	3.2	6618
32	42.354595	-88.128945	1	0	0	0	3.01	5544
33	42.355052	-88.13668	1	0	0	0	4.7	1380
34	42.318378	-88.14213	3	0	0	0	13.23	13732
35	42.314172	-88.147671	1	0	0	0	4.8	6200
36	42.324927	-88.14294	2	0	0	0	12.0	5020
37	42.308177	-88.154749	1	0	0	0	1.75	4608
38	42.363472	-88.13172	2	0	0	0	5.4	4020
39	42.347876	-88.126715	1	0	0	0	4.8	6200
40	42.314643	-88.146698	2	0	0	0	6.83	13144
41	42.362	-88.140836	2	0	0	0	5.4	4020
42	42.347271	-88.133961	1	0	0	0	4.7	1380
43	42.325562	-88.138565	1	0	0	0	4.7	1380
44	42.355966	-88.138046	1	0	0	0	4.7	1380
45	42.341726	-88.137101	1	0	0	0	1.75	4608
46	42.313542	-88.155388	2	0	0	0	5.43	12640
47	42.361978	-88.140837	1	0	0	0	3.42	5040
48	42.345735	-88.137799	1	0	0	0	4.7	1380
49	42.322669	-88.143828	1	0	0	0	7.3	3640
50	42.360423	-88.137328	4	0	0	0	11.15	8958
51	42.370716	-88.127979	1	0	0	0	1.75	4608
52	42.360187	-88.141811	1	0	0	0	1.8	2520
53	42.31778	-88.150779	1	0	0	0	4.7	1380
54	42.343599	-88.136305	1	0	0	0	4.7	1380
55	42.371522	-88.125591	1	0	0	0	4.7	1380
56	42.337341	-88.121362	1	0	0	0	0.7	2640
57	42.31257	-88.155141	1	0	0	0	2.94	14904
58	42.338782	-88.121512	1	0	0	0	6.97	49764
59	42.307975	-88.155251	1	0	0	0	4.7	1380
60	42.34966	-88.13332	2	0	0	0	2.6	3816
61	42.359372	-88.144037	2	0	0	0	3.3	17040
62	42.315824	-88.148638	1	0	0	0	4.7	1380
63	42.362286	-88.138851	2	0	0	0	6.16	11616
64	42.348113	-88.133725	1	0	0	0	4.7	1380
65	42.358311	-88.141004	1	0	0	0	1.75	4608
66	42.324967	-88.135937	1	0	0	0	1.75	4608
67	42.340966	-88.121303	4	0	0	0	11.14	34234
68	42.363149	-88.140821	1	0	0	0	2.75	9072
69	42.363481	-88.129465	1	0	0	0	3.8	8140
70	42.351999	-88.132536	2	0	0	0	12.0	5020
71	42.343389	-88.13572	1	0	0	0	7.3	3640
72	42.350744	-88.145994	1	0	0	0	4.7	1380
73	42.317229	-88.153623	2	0	0	0	17.69	33155
74	42.344321	-88.126928	1	0	0	0	0.7	2640
75	42.360461	-88.130646	1	0	0	0	9.4	2760
76	42.310708	-88.151371	1	0	0	0	0.7	2640
77	42.372605	-88.126954	3	0	0	0	7.53	15784
78	42.34573	-88.130012	1	0	0	0	4.7	1380
79	42.308644	-88.152023	1	0	0	0	3.82	7600
80	42.314205	-88.153036	1	0	0	0	1.9	1176
81	42.345298	-88.127277	2	0	0	0	11.38	22380
82	42.355199	-88.133203	1	0	0	0	1.4	5280
83	42.31155	-88.153365	1	0	0	0	7.57	28120
84	42.317671	-88.14718	2	0	0	0	9.5	7580
85	42.32389	-88.135869	1	0	0	0	2.88	5625
86	42.309546	-88.152325	1	0	0	0	1.75	4608
87	42.35096	-88.127057	1	0	0	0	4.7	1380
88	42.362997	-88.137883	1	0	0	0	0.7	2640
89	42.360294	-88.141753	2	0	0	0	9.11	40293
90	42.311622	-88.15932	3	0	0	0	7.15	8628
91	42.340527	-88.121339	2	0	0	0	9.8	50080
92	42.308958	-88.154245	1	0	0	0	1.9	1176
93	42.341144	-88.121296	1	0	0	0	1.9	1176
94	42.319871	-88.143605	1	0	0	0	0.7	2640
95	42.339406	-88.121498	1	0	0	0	2.15	1080
96	42.339895	-88.121416	1	0	0	0	9.4	2760
97	42.342428	-88.136093	1	0	0	0	4.7	1380
98	42.353058	-88.138854	2	0	0	0	6.45	5988
99	42.313531	-88.159456	1	0	0	0	7.3	3640
100	42.310004	-88.155279	1	0	0	0	7.3	3640
101	42.359299	-88.130626	2	0	0	0	11.45	25428
102	42.36295	-88.141823	1	0	0	0	4.7	1380
103	42.358765	-88.129503	1	0	0	0	1.85	9135
104	42.360383	-88.146076	1	0	0	0	1.9	1176
105	42.340686	-88.144865	1	0	0	0	4.7	1380
106	42.339955	-88.136497	1	0	0	0	4.8	6200
107	42.355181	-88.129175	2	0	0	0	12.0	5020
108	42.343532	-88.126189	1	0	0	0	4.8	6200
109	42.364416	-88.140829	2	0	0	0	7.2	5358
110	42.318345	-88.150322	2	0	0	0	6.69	13355
111	42.322631	-88.143105	1	0	0	0	5.29	8075
112	42.346976	-88.126744	1	0	0	0	4.7	1380
113	42.358302	-88.13748	1	0	0	0	1.9	1176
114	42.350899	-88.13187	1	0	0	0	4.7	1380
115	42.35976	-88.129454	4	0	0	0	17.94	43155
116	42.341721	-88.121345	4	0	0	0	9.05	9804
117	42.346088	-88.13308	1	0	0	0	4.7	1380
118	42.319122	-88.1434	1	0	0	0	8.89	15680
119	42.326014	-88.140995	2	0	0	0	12.33	18228
120	42.371444	-88.129053	1	0	0	0	0.7	2640
121	42.359601	-88.141817	1	0	0	0	4.7	1380
122	42.316498	-88.154405	1	0	0	0	5.29	8075
123	42.361341	-88.13913	1	0	0	0	4.7	1380
124	42.35705	-88.13012	1	0	0	0	5.29	8075
125	42.361216	-88.130643	1	0	0	0	4.7	1380
126	42.360056	-88.141812	1	0	0	0	1.75	4608
127	42.371569	-88.125371	1	0	0	0	12.5	32300
128	42.353367	-88.132497	1	0	0	0	7.3	3640
129	42.349504	-88.132191	1	0	0	0	9.4	2760
130	42.316795	-88.15053	1	0	0	0	7.3	3640
131	42.317754	-88.144525	1	0	0	0	4.8	6200
132	42.34543	-88.132582	2	0	0	0	7.71	6924
133	42.316011	-88.148204	1	0	0	0	4.7	1380
134	42.346719	-88.134069	1	0	0	0	1.8	2520
135	42.355186	-88.13258	2	0	0	0	9.2	4816
136	42.325265	-88.139072	1	0	0	0	0.7	2640
137	42.370271	-88.131933	2	0	0	0	7.68	12300
138	42.352136	-88.129959	1	0	0	0	0.7	2640
139	42.326547	-88.138089	1	0	0	0	1.75	4608
140	42.362092	-88.137227	1	0	0	0	4.7	1380
141	42.337383	-88.121365	2	0	0	0	5.4	4020
142	42.360972	-88.143257	2	0	0	0	10.96	20400
143	42.349796	-88.151482	1	0	0	0	2.18	7395
144	42.345684	-88.137004	1	0	0	0	2.15	1080
145	42.352972	-88.12671	1	0	0	0	4.7	1380
146	42.360473	-88.136163	1	0	0	0	4.7	1380
147	42.322304	-88.135832	1	0	0	0	4.7	1380
148	42.31527	-88.146525	1	0	0	0	2.98	10920
149	42.344863	-88.129187	1	0	0	0	4.7	1380
150	42.316795	-88.146567	2	0	0	0	4.5	10780
151	42.315766	-88.146515	4	0	0	0	19.06	23088
152	42.353221	-88.133312	1	0	0	0	5.9	25116
153	42.345109	-88.130765	1	0	0	0	5.29	8075
154	42.348724	-88.129414	1	0	0	0	4.7	1380
155	42.333605	-88.13123	2	0	0	0	11.27	50555
156	42.326056	-88.140459	2	0	0	0	6.45	5988
157	42.349796	-88.152246	2	0	0	0	3.45	11712
158	42.359226	-88.141821	1	0	0	0	1.9	1176
159	42.339962	-88.121408	1	0	0	0	0.7	2640
160	42.315106	-88.149079	1	0	0	0	0.7	2640
161	42.35984	-88.131737	1	0	0	0	4.7	1380
162	42.307329	-88.152378	1	0	0	0	2.15	1080

ITEMS
Type	Length	Width	Height	Mass	Fragility	LoadBearingStrength
Bt1	18	12	5	2.15	1	0
Bt2	21	14	4	1.9	1	0
Bt3	23	15	4	4.7	1	0
Bt4	20	18	7	1.8	1	0
Bt5	15	11	16	0.7	1	0
Bt6	34	10	10	1.59	1	0
Bt7	20	14	13	7.3	1	0
Bt8	17	13	18	2.5	1	0
Bt9	24	12	16	1.75	1	0
Bt10	24	15	14	3.42	1	0
Bt11	28	22	9	3.01	1	0
Bt12	25	15	15	2.881	1	0
Bt13	31	20	10	4.8	1	0
Bt14	29	17	14	2.1	1	0
Bt15	29	17	15	2.18	1	0
Bt16	40	19	10	3.82	1	0
Bt17	25	19	17	5.29	1	0
Bt18	37	20	11	3.8	1	0
Bt19	22	15	26	3.816	1	0
Bt20	28	18	18	2.75	1	0
Bt21	29	21	15	1.85	1	0
Bt22	25	21	18	3.5	1	0
Bt23	40	19	13	4.19	1	0
Bt24	50	20	10	4.73	1	0
Bt25	40	20	13	2.6	1	0
Bt26	29	24	15	4.26	1	0
Bt27	40	13	21	2.98	1	0
Bt28	38	29	11	5.088	1	0
Bt29	26	20	26	2.91	1	0
Bt30	40	24	15	2.6	1	0
Bt31	27	23	24	2.94	1	0
Bt32	38	29	14	6.36	1	0
Bt33	28	28	20	8.888	1	0
Bt34	39	27	16	7.63	1	0
Bt35	37	24	20	10.26	1	0
Bt36	33	20	28	5.25	1	0
Bt37	30	20	35	6.678	1	0
Bt38	38	30	22	12.4	1	0
Bt39	39	28	23	5.9	1	0
Bt40	38	37	20	7.568	1	0
Bt41	38	25	34	12.5	1	0
Bt42	59	39	17	7.208	1	0
Bt43	59	40	18	5.982	1	0
Bt44	58	26	33	6.969	1	0

DEMANDS PER CUSTOMER
i	Type Quantity
1	Bt2 1	
2	Bt5 1	
3	Bt13 1	
4	Bt4 1	
5	Bt8 1	
6	Bt5 2	Bt3 2	
7	Bt3 1	
8	Bt6 1	Bt3 1	
9	Bt2 1	
10	Bt5 1	Bt3 1	
11	Bt3 1	
12	Bt5 1	
13	Bt29 1	Bt17 1	
14	Bt7 1	
15	Bt2 1	
16	Bt5 1	Bt8 1	
17	Bt8 1	
18	Bt5 1	
19	Bt5 1	
20	Bt23 1	
21	Bt5 1	Bt22 1	
22	Bt5 1	
23	Bt14 1	Bt3 1	
24	Bt9 1	
25	Bt8 1	
26	Bt19 1	Bt11 1	
27	Bt3 2	Bt9 1	
28	Bt3 1	Bt8 1	
29	Bt7 1	
30	Bt8 1	
31	Bt5 1	Bt8 1	
32	Bt11 1	
33	Bt3 1	
34	Bt2 2	Bt24 1	Bt3 1	
35	Bt13 1	
36	Bt3 1	Bt7 1	
37	Bt9 1	
38	Bt3 1	Bt5 1	
39	Bt13 1	
40	Bt16 1	Bt11 1	
41	Bt3 1	Bt5 1	
42	Bt3 1	
43	Bt3 1	
44	Bt3 1	
45	Bt9 1	
46	Bt24 1	Bt5 1	
47	Bt10 1	
48	Bt3 1	
49	Bt7 1	
50	Bt3 1	Bt1 1	Bt4 1	Bt8 1	
51	Bt9 1	
52	Bt4 1	
53	Bt3 1	
54	Bt3 1	
55	Bt3 1	
56	Bt5 1	
57	Bt31 1	
58	Bt44 1	
59	Bt3 1	
60	Bt2 1	Bt5 1	
61	Bt30 1	Bt5 1	
62	Bt3 1	
63	Bt2 1	Bt26 1	
64	Bt3 1	
65	Bt9 1	
66	Bt9 1	
67	Bt20 1	Bt25 1	Bt28 1	Bt5 1	
68	Bt20 1	
69	Bt18 1	
70	Bt3 1	Bt7 1	
71	Bt7 1	
72	Bt3 1	
73	Bt17 1	Bt38 1	
74	Bt5 1	
75	Bt3 2	
76	Bt5 1	
77	Bt5 1	Bt16 1	Bt11 1	
78	Bt3 1	
79	Bt16 1	
80	Bt2 1	
81	Bt3 1	Bt37 1	
82	Bt5 2	
83	Bt40 1	
84	Bt3 1	Bt13 1	
85	Bt12 1	
86	Bt9 1	
87	Bt3 1	
88	Bt5 1	
89	Bt42 1	Bt2 1	
90	Bt3 1	Bt5 1	Bt9 1	
91	Bt43 1	Bt16 1	
92	Bt2 1	
93	Bt2 1	
94	Bt5 1	
95	Bt1 1	
96	Bt3 2	
97	Bt3 1	
98	Bt9 1	Bt3 1	
99	Bt7 1	
100	Bt7 1	
101	Bt34 1	Bt19 1	
102	Bt3 1	
103	Bt21 1	
104	Bt2 1	
105	Bt3 1	
106	Bt13 1	
107	Bt7 1	Bt3 1	
108	Bt13 1	
109	Bt8 1	Bt3 1	
110	Bt5 2	Bt17 1	
111	Bt17 1	
112	Bt3 1	
113	Bt2 1	
114	Bt3 1	
115	Bt13 1	Bt17 1	Bt36 1	Bt25 1	
116	Bt5 1	Bt9 1	Bt3 1	Bt2 1	
117	Bt3 1	
118	Bt33 1	
119	Bt34 1	Bt3 1	
120	Bt5 1	
121	Bt3 1	
122	Bt17 1	
123	Bt3 1	
124	Bt17 1	
125	Bt3 1	
126	Bt9 1	
127	Bt41 1	
128	Bt7 1	
129	Bt3 2	
130	Bt7 1	
131	Bt13 1	
132	Bt3 1	Bt11 1	
133	Bt3 1	
134	Bt4 1	
135	Bt7 1	Bt2 1	
136	Bt5 1	
137	Bt27 1	Bt3 1	
138	Bt5 1	
139	Bt9 1	
140	Bt3 1	
141	Bt5 1	Bt3 1	
142	Bt35 1	Bt5 1	
143	Bt15 1	
144	Bt1 1	
145	Bt3 1	
146	Bt3 1	
147	Bt3 1	
148	Bt27 1	
149	Bt3 1	
150	Bt18 1	Bt5 1	
151	Bt3 1	Bt7 1	Bt32 1	Bt5 1	
152	Bt39 1	
153	Bt17 1	
154	Bt3 1	
155	Bt17 1	Bt43 1	
156	Bt9 1	Bt3 1	
157	Bt20 1	Bt5 1	
158	Bt2 1	
159	Bt5 1	
160	Bt5 1	
161	Bt3 1	
162	Bt1 1	

DISTANCE MATRIX
0.0 1932.7 1530.0 1859.2 1572.6 1832.9 1647.3 1595.2 1579.6 1822.5 1619.6 1874.5 1923.0 1805.1 1828.4 1850.5 1931.9 1696.4 1619.2 1570.2 1548.3 1808.1 1588.0 1670.5 1826.1 1610.5 1659.2 1652.6 1608.7 1812.2 1857.6 1872.1 1893.0 1822.8 1609.3 1643.0 1609.2 1641.9 1924.0 1892.4 1625.9 1850.3 1796.0 1652.3 1801.0 1665.1 1606.1 1850.6 1782.9 1549.7 1815.1 1967.1 1880.8 1634.2 1746.9 1990.1 1614.2 1615.1 1640.0 1622.7 1845.2 1930.1 1633.5 1814.5 1817.8 1938.9 1707.5 1683.1 1824.0 1962.3 1826.9 1732.4 1730.4 1611.7 1885.4 1893.3 1535.8 2010.3 1822.4 1606.0 1562.3 1874.6 1864.5 1538.7 1604.9 1686.2 1559.4 1887.2 1809.4 1878.9 1637.5 1675.0 1582.2 1688.0 1635.8 1651.9 1662.5 1685.1 1777.9 1587.1 1596.2 1970.9 1827.5 1940.5 1919.9 1725.5 1629.2 1901.5 1886.1 1855.6 1651.5 1558.1 1914.6 1817.6 1853.4 1951.6 1699.3 1777.3 1602.6 1638.9 1967.3 1889.8 1582.6 1844.4 1919.3 1895.8 1882.8 1994.5 1852.8 1834.8 1615.2 1554.0 1756.9 1628.2 1778.6 1839.4 1642.3 1976.0 1816.7 1664.2 1839.2 1615.8 1900.7 2028.6 1769.3 1901.4 1834.7 1660.8 1614.4 1841.0 1591.8 1607.1 1857.9 1790.2 1855.1 1651.9 1644.9 2015.8 1896.6 1663.8 1636.2 1880.5 1628.4
1909.1 0.0 809.9 259.0 852.5 139.1 916.2 545.9 833.9 146.7 789.8 77.8 382.3 264.9 179.7 142.1 503.0 739.0 648.1 850.1 828.2 267.4 663.9 742.2 180.7 834.4 701.8 681.5 819.9 335.4 89.1 369.4 86.4 174.1 755.8 769.5 638.1 905.5 212.1 324.8 752.4 309.6 295.4 681.2 177.7 394.0 830.0 309.9 385.0 625.6 274.4 727.8 340.1 760.7 381.2 750.8 564.9 842.9 590.7 886.3 277.6 389.4 760.0 273.8 251.5 398.2 736.4 633.8 283.3 106.4 151.1 366.7 301.5 781.9 382.7 239.2 815.7 771.0 319.7 885.9 842.5 371.9 136.1 818.6 731.4 726.5 839.3 201.3 260.3 338.2 861.4 625.7 862.1 638.7 782.3 602.6 613.2 374.0 198.2 811.0 855.0 316.8 286.8 44.4 379.2 390.9 376.7 70.0 383.4 314.9 778.0 634.0 352.5 276.9 159.6 55.5 649.8 314.4 749.1 667.8 728.0 349.1 782.6 283.0 23.2 214.2 342.1 755.2 131.5 267.2 764.4 700.5 302.5 754.7 297.2 111.0 687.3 736.7 158.7 706.8 259.0 566.5 360.0 599.7 371.4 169.3 281.2 736.7 740.9 338.3 718.3 733.6 149.5 312.1 287.5 488.0 673.8 586.9 355.9 614.5 771.6 272.5 908.3
1498.6 835.5 0.0 762.0 62.6 735.7 127.3 480.0 49.5 725.3 198.1 777.3 825.8 707.9 731.2 753.3 859.1 428.8 351.6 60.2 38.3 710.9 320.4 402.9 728.9 171.5 391.6 385.0 187.2 715.0 760.4 774.9 795.8 725.6 260.2 227.8 341.6 116.6 826.8 795.2 244.9 753.1 698.8 384.7 703.8 567.9 93.5 753.4 685.7 282.1 717.9 947.6 783.6 224.7 649.7 970.6 499.0 85.0 524.8 97.4 748.0 832.9 226.3 717.3 720.6 841.7 439.9 569.3 726.8 865.1 729.7 635.2 657.6 190.2 788.2 796.1 25.8 990.8 725.2 96.0 140.8 777.4 767.3 8.7 255.8 418.6 49.4 790.0 712.2 781.7 198.5 559.8 72.2 572.8 286.7 536.7 547.3 587.9 680.7 148.1 66.1 873.7 730.3 843.3 822.7 510.5 532.0 804.3 788.9 758.4 242.0 290.5 817.4 720.4 756.2 854.4 584.1 680.1 253.5 371.3 947.8 792.6 161.1 747.2 822.1 798.6 785.6 975.0 755.6 737.6 193.7 204.9 659.7 231.6 681.4 742.2 374.7 956.5 719.5 396.6 742.0 500.6 803.5 955.8 672.1 804.2 737.5 393.2 256.4 743.8 242.7 258.0 760.7 693.0 757.9 518.5 377.3 943.0 799.4 548.6 214.7 783.3 118.4
2152.7 260.2 1053.5 0.0 1096.1 382.7 1159.8 789.5 1077.5 390.3 1033.4 321.4 193.2 508.5 423.3 385.7 746.6 982.6 891.7 1093.7 1071.8 129.8 907.5 985.8 424.3 1078.0 945.4 925.1 1063.5 579.0 332.7 613.0 330.0 417.7 999.4 1013.1 881.7 1149.1 129.2 568.4 996.0 120.5 539.0 924.8 421.3 637.6 1073.6 120.8 628.6 869.2 101.5 971.4 151.0 1004.3 624.8 994.4 808.5 1086.5 834.3 1129.9 521.2 200.3 1003.6 78.7 495.1 209.1 980.0 877.4 94.2 163.7 394.7 610.3 545.1 1025.5 626.3 196.5 1059.3 1014.6 563.3 1129.5 1086.1 615.5 379.7 1062.2 975.0 970.1 1082.9 444.9 41.9 149.1 1105.0 869.3 1105.7 882.3 1025.9 846.2 856.8 617.6 441.8 1054.6 1098.6 274.1 97.7 225.7 190.1 634.5 620.3 313.6 627.0 125.8 1021.6 877.6 596.1 152.1 403.2 214.6 893.4 558.0 992.7 911.4 971.6 160.0 1026.2 108.6 246.9 181.9 153.0 998.8 375.1 510.8 1008.0 944.1 546.1 998.3 540.8 354.6 930.9 980.3 402.3 950.4 71.0 810.1 170.9 843.3 615.0 412.9 143.3 980.3 984.5 581.9 961.9 977.2 393.1 555.7 531.1 731.6 917.4 830.5 166.8 858.1 1015.2 183.7 1151.9
1507.4 844.3 56.4 770.8 0.0 744.5 74.6 488.8 101.2 734.1 206.9 786.1 834.6 716.7 740.0 762.1 867.9 437.6 360.4 38.6 14.2 719.7 329.2 411.7 737.7 223.2 400.4 393.8 196.0 723.8 769.2 783.7 804.6 734.4 269.0 236.6 350.4 85.3 835.6 804.0 253.7 761.9 707.6 393.5 712.6 576.7 145.2 762.2 694.5 290.9 726.7 956.4 792.4 233.5 658.5 979.4 507.8 136.7 533.6 91.1 756.8 841.7 235.1 726.1 729.4 850.5 448.7 576.7 735.6 873.9 738.5 644.0 666.4 199.0 797.0 804.9 26.7 999.6 734.0 33.3 149.6 786.2 776.1 65.1 264.6 427.4 27.8 798.8 721.0 790.5 250.2 568.6 50.6 581.6 295.5 545.5 556.1 596.7 689.5 199.8 80.1 882.5 739.1 852.1 831.5 519.3 540.8 813.1 797.7 767.2 250.8 299.3 826.2 729.2 765.0 863.2 592.9 688.9 262.3 380.1 956.6 801.4 169.9 756.0 830.9 807.4 794.4 983.8 764.4 746.4 202.5 213.7 668.5 240.4 690.2 751.0 383.5 965.3 728.3 405.4 750.8 509.4 812.3 964.6 680.9 813.0 746.3 402.0 265.2 752.6 251.5 266.8 769.5 701.8 766.7 527.3 386.1 951.8 808.2 557.4 223.5 792.1 55.7
1827.9 142.5 728.7 303.6 771.3 0.0 835.0 507.5 752.7 26.2 708.6 84.3 367.4 148.4 164.8 98.6 403.8 657.8 566.9 768.9 747.0 252.5 582.7 661.0 165.8 753.2 620.6 600.3 738.7 218.9 43.3 252.9 109.2 159.2 674.6 688.3 556.9 824.3 318.0 208.3 671.2 294.7 178.9 600.0 162.8 277.5 748.8 295.0 268.5 544.4 259.5 611.3 325.2 679.5 264.7 634.3 526.5 761.7 552.3 805.1 161.1 374.5 678.8 258.9 135.0 383.3 655.2 595.4 268.4 212.3 30.6 250.2 202.3 700.7 266.2 337.7 734.5 654.5 203.2 804.7 761.3 255.4 115.7 737.4 650.2 645.3 758.1 137.5 253.8 323.3 780.2 587.3 780.9 600.3 701.1 564.2 574.8 257.5 183.3 729.8 773.8 415.3 271.9 150.3 364.3 309.7 311.2 105.7 266.9 300.0 696.8 552.8 236.0 262.0 20.4 161.4 611.4 197.9 667.9 586.6 611.5 334.2 701.4 288.8 129.1 320.1 327.2 638.7 56.5 150.7 683.2 619.3 186.0 673.5 180.7 90.6 606.1 620.2 67.0 625.6 283.6 528.1 345.1 500.5 254.9 132.0 279.1 655.5 659.7 221.8 637.1 652.4 78.4 195.6 171.0 406.8 592.6 487.7 341.0 576.1 690.4 324.9 827.1
1577.4 910.3 100.3 836.8 84.6 810.5 0.0 554.8 72.2 800.1 262.1 852.1 900.6 782.7 806.0 828.1 891.2 507.6 430.4 62.3 84.2 785.7 399.2 481.7 803.7 194.2 470.4 463.8 244.0 789.8 835.2 849.7 870.6 800.4 339.0 284.6 420.4 10.6 901.6 870.0 296.0 827.9 773.6 463.5 778.6 642.7 110.9 828.2 760.5 360.9 792.7 1022.4 858.4 281.5 724.5 1045.4 573.8 107.7 599.6 37.5 822.8 907.7 283.1 790.0 795.4 916.5 518.7 642.7 801.6 939.9 804.5 710.0 689.7 247.0 863.0 870.9 96.7 1065.6 800.0 41.3 197.6 852.2 839.9 93.2 327.0 497.4 73.1 864.8 787.0 856.5 221.2 634.6 50.3 647.6 365.5 611.5 622.1 662.7 755.5 170.8 51.1 948.5 805.1 918.1 897.5 542.6 606.8 879.1 863.7 833.2 298.9 369.3 892.2 795.2 831.0 929.2 658.9 754.9 332.3 450.1 1022.6 867.4 217.9 822.0 896.9 873.4 860.4 1049.8 830.4 812.4 250.5 283.7 738.3 288.4 756.2 817.0 453.5 1031.3 794.3 475.4 816.8 575.4 875.6 987.9 746.9 879.0 812.3 472.0 313.2 818.6 311.3 320.5 835.5 767.8 832.7 593.3 456.1 975.1 874.2 623.4 271.5 858.1 99.9
1592.7 530.1 475.6 456.6 518.2 430.3 581.9 0.0 499.6 419.9 455.5 471.9 520.4 402.5 425.8 447.9 529.3 401.7 310.8 515.8 493.9 405.5 326.6 404.9 423.5 500.1 364.5 344.2 485.6 409.6 455.0 469.5 490.4 420.2 418.5 432.2 300.8 571.2 521.4 489.8 415.1 447.7 393.4 343.9 398.4 262.5 495.7 448.0 380.3 288.3 412.5 614.7 478.2 423.4 344.3 637.7 18.9 508.6 44.7 552.0 442.6 527.5 422.7 411.9 415.2 536.3 399.1 89.2 421.4 559.7 424.3 329.8 327.8 447.6 482.8 490.7 481.4 657.9 419.8 551.6 479.8 472.0 461.9 484.3 394.1 389.2 505.0 484.6 406.8 476.3 527.1 79.7 527.8 92.7 445.0 56.6 67.2 282.5 375.3 476.7 520.7 568.3 424.9 537.9 517.3 322.9 226.6 498.9 483.5 453.0 440.7 296.7 512.0 415.0 450.8 549.0 104.0 374.7 411.8 330.5 614.9 487.2 448.3 441.8 516.7 493.2 480.2 642.1 450.2 432.2 427.1 363.2 354.3 417.4 376.0 436.8 350.0 623.6 414.1 369.5 436.6 20.5 498.1 626.0 366.7 498.8 432.1 399.4 403.6 438.4 381.0 396.3 455.3 387.6 452.5 249.3 336.5 613.2 494.0 68.5 434.3 477.9 574.0
1551.2 838.0 52.5 764.5 101.2 738.2 82.2 482.5 0.0 727.8 189.8 779.8 828.3 710.4 733.7 755.8 818.9 469.8 378.9 72.5 90.9 713.4 373.0 455.5 731.4 121.9 432.6 412.3 171.7 717.5 762.9 777.4 798.3 728.1 320.6 212.3 368.9 71.5 829.3 797.7 229.4 755.6 701.3 412.0 706.3 570.4 43.9 755.9 688.2 334.7 720.4 950.1 786.1 209.2 652.2 973.1 501.5 35.4 527.3 52.3 754.8 835.4 210.8 717.7 723.1 844.2 467.2 570.4 729.3 867.6 736.9 637.7 617.4 174.7 790.7 798.6 78.4 993.3 727.7 123.5 125.3 779.9 769.8 45.4 254.7 457.3 83.3 792.5 714.7 784.2 148.9 562.3 60.5 575.3 347.1 539.2 557.7 590.4 683.2 98.5 21.0 876.2 732.8 845.8 825.2 470.3 534.5 806.8 791.4 760.9 226.6 343.1 819.9 722.9 758.7 856.9 586.6 682.6 313.9 398.6 950.3 795.1 145.6 749.7 824.6 801.1 788.1 977.5 758.1 740.1 178.2 265.3 666.0 216.1 683.9 744.7 418.1 959.0 722.0 437.6 744.5 503.1 803.3 915.6 674.6 806.7 740.0 445.8 240.9 746.3 239.0 248.2 763.2 695.5 760.4 521.0 404.6 902.8 801.9 551.1 199.2 785.8 117.6
1827.5 160.1 728.3 289.8 770.9 16.2 834.6 507.1 752.3 0.0 708.2 101.9 353.6 148.0 151.0 72.3 403.4 657.4 566.5 768.5 746.6 238.7 582.3 660.6 152.0 752.8 620.2 599.9 738.3 218.5 60.9 252.5 126.8 145.4 674.2 687.9 556.5 823.9 335.6 207.9 670.8 280.9 178.5 599.6 149.0 277.1 748.4 281.2 268.1 544.0 245.7 610.9 311.4 679.1 264.3 633.9 526.1 761.3 551.9 804.7 160.7 360.7 678.4 245.1 134.6 369.5 654.8 595.0 254.6 229.9 4.3 249.8 201.9 700.3 265.8 323.9 734.1 654.1 202.8 804.3 760.9 255.0 89.4 737.0 649.8 644.9 757.7 137.1 240.0 309.5 779.8 586.9 780.5 599.9 700.7 563.8 574.4 257.1 169.5 729.4 773.4 401.5 258.1 167.9 350.5 309.3 310.8 123.3 266.5 286.2 696.4 552.4 235.6 248.2 36.7 179.0 611.0 197.5 667.5 586.2 611.1 320.4 701.0 275.0 146.7 326.4 313.4 638.3 30.2 150.3 682.8 618.9 185.6 673.1 180.3 64.3 605.7 619.8 66.6 625.2 269.8 527.7 331.3 500.1 254.5 149.6 265.3 655.1 659.3 221.4 636.7 652.0 52.1 195.2 170.6 406.4 592.2 487.3 327.2 575.7 690.0 311.1 826.7
1599.3 792.8 185.0 719.3 227.6 693.0 273.3 437.3 198.2 682.6 0.0 734.6 783.1 665.2 688.5 710.6 785.7 424.6 333.7 225.2 203.3 680.2 349.5 427.8 686.2 191.5 387.4 379.1 18.1 672.3 717.7 744.2 753.1 682.9 287.4 188.3 323.7 262.6 786.1 752.5 199.7 722.4 656.1 366.8 661.1 525.2 181.8 710.7 643.0 311.2 675.2 908.3 740.9 128.7 607.0 931.3 456.3 200.0 482.1 243.4 709.6 802.2 186.8 672.5 677.9 799.0 422.0 537.2 684.1 822.4 691.7 592.5 572.2 19.9 745.5 753.4 190.8 963.5 682.5 261.0 116.3 746.7 722.4 193.7 218.7 412.1 214.4 747.3 669.5 739.0 218.5 529.1 251.6 530.1 313.9 494.0 512.5 545.2 650.0 168.1 212.1 843.0 687.6 800.6 780.0 425.1 489.3 761.6 746.2 715.7 159.6 319.6 774.7 677.7 713.5 811.7 553.4 637.4 280.7 353.4 908.5 749.9 84.8 704.5 779.4 755.9 742.9 935.7 712.9 706.9 149.7 232.1 620.8 192.1 638.7 699.5 372.9 929.2 676.8 392.4 699.3 457.9 758.1 870.4 629.4 761.5 694.8 422.3 216.9 701.1 203.0 212.2 718.0 650.3 715.2 475.8 371.4 857.6 756.7 505.9 175.2 740.6 283.4
1860.9 107.8 761.7 270.3 804.3 90.9 868.0 497.7 785.7 98.5 741.6 0.0 334.1 231.1 131.5 93.9 454.8 690.8 599.9 801.9 780.0 219.2 615.7 694.0 132.5 786.2 653.6 633.3 771.7 301.6 40.9 335.6 87.4 125.9 707.6 721.3 589.9 857.3 283.3 291.0 704.2 261.4 261.6 633.0 129.5 360.2 781.8 261.7 351.2 577.4 226.2 694.0 291.9 712.5 347.4 717.0 516.7 794.7 542.5 838.1 243.8 341.2 711.8 225.6 217.7 350.0 688.2 585.6 235.1 177.6 102.9 332.9 253.3 733.7 348.9 304.4 767.5 737.2 285.9 837.7 794.3 338.1 81.5 770.4 683.2 678.3 791.1 185.5 220.5 290.0 813.2 577.5 813.9 590.5 734.1 554.4 565.0 340.2 150.0 762.8 806.8 382.0 238.6 115.6 331.0 342.7 328.5 71.0 349.6 266.7 729.8 585.8 318.7 228.7 111.4 126.7 601.6 280.6 700.9 619.6 694.2 300.9 734.4 255.5 94.4 285.4 293.9 721.4 83.3 233.4 716.2 652.3 268.7 706.5 263.4 62.8 639.1 702.9 124.9 658.6 250.3 518.3 311.8 551.5 337.6 153.5 245.8 688.5 692.7 304.5 670.1 685.4 101.3 278.3 253.7 439.8 625.6 538.7 307.7 566.3 723.4 291.6 860.1
2301.6 409.1 1202.4 209.5 1245.0 531.6 1308.7 938.4 1226.4 539.2 1182.3 470.3 0.0 657.4 572.2 534.6 895.5 1131.5 1040.6 1242.6 1220.7 228.7 1056.4 1134.7 573.2 1226.9 1094.3 1074.0 1212.4 727.9 481.6 761.9 478.9 566.6 1148.3 1162.0 1030.6 1298.0 278.1 717.3 1144.9 82.6 687.9 1073.7 570.2 786.5 1222.5 82.3 777.5 1018.1 220.0 1120.3 52.1 1153.2 773.7 1143.3 957.4 1235.4 983.2 1278.8 670.1 7.1 1152.5 164.8 644.0 73.1 1128.9 1026.3 112.1 312.6 543.6 759.2 694.0 1174.4 775.2 313.9 1208.2 1163.5 712.2 1278.4 1235.0 764.4 528.6 1211.1 1123.9 1119.0 1231.8 593.8 159.7 54.0 1253.9 1018.2 1254.6 1031.2 1174.8 995.1 1005.7 766.5 590.7 1203.5 1247.5 391.5 133.6 374.6 81.0 783.4 769.2 462.5 775.9 143.7 1170.5 1026.5 745.0 238.2 552.1 363.5 1042.5 706.9 1141.6 1060.3 1120.5 43.1 1175.1 194.7 395.8 330.8 50.1 1147.7 524.0 659.7 1156.9 1093.0 695.0 1147.2 689.7 503.5 1079.8 1129.2 551.2 1099.3 189.5 959.0 60.5 992.2 763.9 561.8 261.8 1129.2 1133.4 730.8 1110.8 1126.1 542.0 704.6 680.0 880.5 1066.3 979.4 30.8 1007.0 1164.1 301.1 1300.8
1783.4 276.4 684.2 360.0 726.8 156.8 790.5 420.2 708.2 146.4 664.1 222.5 423.8 0.0 297.5 218.8 437.8 610.3 519.4 724.4 702.5 308.9 535.2 613.5 298.5 708.7 573.1 552.8 694.2 70.4 181.5 130.3 216.9 291.9 627.1 640.8 509.4 779.8 424.8 132.3 629.4 351.1 51.7 552.5 295.5 129.0 704.3 351.4 120.0 496.9 315.9 619.3 381.6 632.0 116.2 642.3 439.2 717.2 465.0 760.6 65.2 430.9 631.3 313.2 57.1 439.7 607.7 508.1 324.8 346.2 155.5 101.7 236.3 656.2 143.6 394.1 690.0 662.5 80.6 760.2 688.4 132.8 233.7 692.9 602.7 597.8 713.6 211.1 310.2 379.7 735.7 500.0 736.4 513.0 653.6 476.9 495.4 109.0 278.7 685.3 729.3 471.7 328.3 284.2 420.7 327.3 162.7 225.4 144.3 356.4 649.4 505.3 160.0 318.4 177.3 295.3 524.3 63.7 620.4 539.1 619.5 390.6 656.9 345.2 263.0 396.6 383.6 646.7 176.7 54.8 635.7 571.8 33.9 626.0 79.5 210.8 558.6 628.2 140.6 578.1 340.0 440.8 401.5 534.5 106.4 225.3 335.5 608.0 612.2 99.2 589.6 604.9 198.6 48.4 95.0 362.3 545.1 521.7 397.4 488.8 642.9 381.3 782.6
1817.8 212.7 718.6 227.2 761.2 167.6 824.9 454.6 742.6 151.3 698.5 154.5 291.0 299.4 0.0 130.5 411.7 647.7 556.8 758.8 736.9 176.1 572.6 650.9 109.6 743.1 610.5 590.2 728.6 369.9 124.4 403.9 192.3 41.8 664.5 678.2 546.8 814.2 292.0 359.3 661.1 218.3 329.9 589.9 55.4 321.3 738.7 218.6 419.5 534.3 183.1 762.3 248.8 669.4 415.7 785.3 473.6 751.6 499.4 795.0 312.1 298.1 668.7 182.5 286.0 306.9 645.1 542.5 192.0 282.5 146.8 401.2 210.2 690.6 417.2 261.3 724.4 805.5 354.2 794.6 751.2 406.4 144.5 727.3 640.1 635.2 748.0 269.0 177.4 246.9 770.1 534.4 770.8 547.4 691.0 511.3 521.9 341.3 114.3 719.7 763.7 338.9 195.5 220.5 287.9 299.6 285.4 175.9 417.9 223.6 686.7 542.7 387.0 185.6 188.1 231.6 558.5 348.9 657.8 576.5 762.5 257.8 691.3 212.4 199.3 263.8 250.8 789.7 119.9 301.7 673.1 609.2 337.0 663.4 331.7 119.4 596.0 771.2 208.4 615.5 207.2 475.2 268.7 508.4 405.9 237.0 202.7 645.4 649.6 372.8 627.0 642.3 137.9 346.6 322.0 396.7 582.5 495.6 264.6 523.2 680.3 248.5 817.0
1870.4 165.6 771.2 279.8 813.8 79.4 877.5 570.3 795.2 63.1 751.1 107.4 343.6 211.2 141.0 0.0 466.6 700.3 609.4 811.4 789.5 228.7 625.2 703.5 142.0 795.7 663.1 642.8 781.2 281.7 77.3 315.7 145.2 135.4 717.1 730.8 599.4 866.8 341.1 271.1 713.7 270.9 241.7 642.5 139.0 340.3 791.3 271.2 331.3 586.9 235.7 674.1 301.4 722.0 327.5 697.1 589.3 804.2 615.1 847.6 223.9 350.7 721.3 235.1 197.8 359.5 697.7 658.2 244.6 235.4 58.6 313.0 265.1 743.2 329.0 313.9 777.0 717.3 266.0 847.2 803.8 318.2 79.4 779.9 692.7 687.8 800.6 200.3 230.0 299.5 822.7 650.1 823.4 663.1 743.6 627.0 637.6 320.3 159.5 772.3 816.3 391.5 248.1 173.4 340.5 352.2 338.0 128.8 329.7 276.2 739.3 595.3 298.8 238.2 99.9 184.5 674.2 260.7 710.4 629.1 674.3 310.4 743.9 265.0 152.2 316.4 303.4 701.5 31.7 213.5 725.7 661.8 248.8 716.0 243.5 54.3 648.6 683.0 129.8 668.1 259.8 590.9 321.3 563.3 317.7 189.9 255.3 698.0 702.2 284.6 679.6 694.9 49.7 258.4 233.8 449.3 635.1 550.5 317.2 638.9 732.9 301.1 869.6
1908.2 504.9 789.2 431.4 831.8 405.1 870.1 545.0 787.8 394.7 755.7 446.7 495.2 404.7 400.6 422.7 0.0 671.9 581.0 829.4 807.5 380.3 596.8 675.1 398.3 788.3 634.7 614.4 801.5 475.2 429.8 509.2 465.2 395.0 688.7 702.4 571.0 859.4 496.2 464.6 691.0 422.5 435.2 614.1 373.2 411.7 778.6 422.8 524.8 558.5 387.3 707.7 453.0 693.6 493.5 730.7 564.0 796.8 589.8 840.2 417.4 502.3 692.9 384.6 391.3 511.1 669.3 632.9 396.2 534.5 403.8 479.0 190.1 735.8 522.5 465.5 795.0 750.9 459.5 865.2 775.4 511.7 434.5 797.9 664.3 659.4 818.6 459.4 381.6 451.1 815.3 624.8 841.4 637.8 715.2 601.7 620.2 431.7 350.1 764.9 808.9 543.1 399.7 512.7 492.1 323.8 375.8 473.7 523.2 427.8 711.0 566.9 492.3 389.8 425.6 523.8 648.9 454.2 682.0 600.7 707.9 462.0 736.5 416.6 491.5 468.0 455.0 735.1 425.0 407.0 697.3 633.4 442.3 687.6 437.0 411.6 620.2 716.6 388.9 639.7 411.4 565.6 472.9 117.0 511.2 473.6 406.9 669.6 673.8 478.1 651.2 666.5 430.1 451.9 427.3 487.1 606.7 104.2 468.8 613.6 704.5 452.7 887.6
1691.8 787.3 424.0 713.8 466.6 687.5 541.3 411.6 473.6 677.1 466.4 729.1 777.6 639.5 683.0 705.1 730.0 0.0 101.1 464.2 442.3 662.7 108.3 121.6 680.7 519.3 42.3 70.8 436.3 646.6 712.2 706.5 747.6 677.4 323.5 337.2 116.9 535.9 778.6 747.0 320.1 704.9 630.4 70.5 655.6 499.5 514.9 705.2 617.3 136.6 669.7 882.6 735.4 328.4 581.3 905.6 430.6 509.1 456.4 516.7 699.8 784.7 327.7 669.1 673.7 793.5 68.7 499.5 678.6 816.9 681.5 566.8 528.5 471.2 719.8 747.9 429.8 925.8 656.8 500.0 410.2 709.0 719.1 432.7 299.1 105.9 453.4 741.8 664.0 733.5 546.3 491.4 476.2 504.4 350.0 468.3 478.9 519.5 632.5 495.9 490.2 825.5 682.1 795.1 774.5 381.4 463.6 756.1 720.5 710.2 345.7 128.2 774.7 672.2 708.0 806.2 515.5 611.7 316.8 87.2 882.8 744.4 444.4 699.0 773.9 750.4 737.4 910.0 707.4 689.4 332.1 268.2 591.3 322.4 613.0 694.0 58.6 891.5 671.3 37.1 693.8 432.2 755.3 826.7 603.7 756.0 689.3 131.3 308.6 675.4 286.0 301.3 712.5 624.6 709.7 450.1 81.2 813.9 751.2 480.2 339.3 735.1 522.4
1621.5 700.3 353.7 626.8 396.3 600.5 471.0 324.6 403.3 590.1 396.1 642.1 690.6 552.5 596.0 618.1 643.0 111.1 0.0 393.9 372.0 575.7 38.0 132.3 593.7 449.0 73.9 71.6 366.0 559.6 625.2 619.5 660.6 590.4 253.2 266.9 53.8 465.6 691.6 660.0 249.8 617.9 543.4 71.3 568.6 412.5 444.6 618.2 530.3 66.3 582.7 795.6 648.4 258.1 494.3 818.6 343.6 438.8 369.4 446.4 612.8 697.7 257.4 582.1 586.7 706.5 126.5 412.5 591.6 729.9 594.5 479.8 441.5 400.9 632.8 660.9 359.5 838.8 569.8 429.7 339.9 622.0 632.1 362.4 228.8 116.6 383.1 654.8 577.0 646.5 476.0 404.4 405.9 417.4 279.7 381.3 391.9 432.5 545.5 425.6 419.9 738.5 595.1 708.1 687.5 294.4 376.6 669.1 633.5 623.2 275.4 57.9 687.7 585.2 621.0 719.2 428.5 524.7 246.5 83.5 795.8 657.4 374.1 612.0 686.9 663.4 650.4 823.0 620.4 602.4 261.8 197.9 504.3 252.1 526.0 607.0 57.0 804.5 584.3 78.9 606.8 345.2 668.3 739.7 516.7 669.0 602.3 142.0 238.3 588.4 215.7 231.0 625.5 537.6 622.7 363.1 78.4 726.9 664.2 393.2 269.0 648.1 452.1
1515.0 851.9 64.0 778.4 28.6 752.1 82.3 496.4 62.5 741.7 214.5 793.7 842.2 724.3 747.6 769.7 875.5 445.2 368.0 0.0 21.8 727.3 336.8 419.3 745.3 184.5 408.0 401.4 203.6 731.4 776.8 791.3 812.2 742.0 276.6 244.2 358.0 71.6 843.2 811.6 261.3 769.5 715.2 401.1 720.2 584.3 106.5 769.8 702.1 298.5 734.3 964.0 800.0 241.1 666.1 987.0 515.4 98.0 541.2 52.4 764.4 849.3 242.7 733.7 737.0 858.1 456.3 584.3 743.2 881.5 746.1 651.6 674.0 206.6 804.6 812.5 34.3 1007.2 741.6 62.0 157.2 793.8 783.7 72.7 272.2 435.0 10.8 806.4 728.6 798.1 211.5 576.2 11.9 589.2 303.1 553.1 563.7 604.3 697.1 161.1 41.4 890.1 746.7 859.7 839.1 526.9 548.4 820.7 805.3 774.8 258.4 306.9 833.8 736.8 772.6 870.8 600.5 696.5 269.9 387.7 964.2 809.0 177.5 763.6 838.5 815.0 802.0 991.4 772.0 754.0 210.1 221.3 676.1 248.0 697.8 758.6 391.1 972.9 735.9 413.0 758.4 517.0 819.9 972.2 688.5 820.6 753.9 409.6 272.8 760.2 259.1 274.4 777.1 709.4 774.3 534.9 393.7 959.4 815.8 565.0 231.1 799.7 84.4
1493.1 830.0 42.1 756.5 24.2 730.2 98.9 474.5 84.4 719.8 192.6 771.8 820.3 702.4 725.7 747.8 853.6 423.3 346.1 21.8 0.0 705.4 314.9 397.4 723.4 206.4 386.1 379.5 181.7 709.5 754.9 769.4 790.3 720.1 254.7 222.3 336.1 93.5 821.3 789.7 239.4 747.6 693.3 379.2 698.3 562.4 128.4 747.9 680.2 276.6 712.4 942.1 778.1 219.2 644.2 965.1 493.5 119.9 519.3 74.3 742.5 827.4 220.8 711.8 715.1 836.2 434.4 562.4 721.3 859.6 724.2 629.7 652.1 184.7 782.7 790.6 12.4 985.3 719.7 57.6 135.3 771.9 761.8 50.8 250.3 413.1 11.0 784.5 706.7 776.2 233.4 554.3 33.8 567.3 281.2 531.2 541.8 582.4 675.2 183.0 63.3 868.2 724.8 837.8 817.2 505.0 526.5 798.8 783.4 752.9 236.5 285.0 811.9 714.9 750.7 848.9 578.6 674.6 248.0 365.8 942.3 787.1 155.6 741.7 816.6 793.1 780.1 969.5 750.1 732.1 188.2 199.4 654.2 226.1 675.9 736.7 369.2 951.0 714.0 391.1 736.5 495.1 798.0 950.3 666.6 798.7 732.0 387.7 250.9 738.3 237.2 252.5 755.2 687.5 752.4 513.0 371.8 937.5 793.9 543.1 209.2 777.8 80.0
2170.8 278.3 1071.6 125.5 1114.2 400.8 1177.9 807.6 1095.6 408.4 1051.5 339.5 227.1 526.6 441.4 403.8 764.7 1000.7 909.8 1111.8 1089.9 0.0 925.6 1003.9 442.4 1096.1 963.5 943.2 1081.6 597.1 350.8 631.1 348.1 435.8 1017.5 1031.2 899.8 1167.2 145.5 586.5 1019.8 154.4 557.1 942.9 439.4 655.7 1091.7 154.7 646.7 887.3 25.0 989.5 184.9 1022.4 642.9 1012.5 826.6 1104.6 852.4 1148.0 545.0 234.2 1021.7 106.3 513.2 243.0 998.1 896.9 128.1 181.8 412.8 628.4 563.2 1043.6 644.4 121.2 1077.4 1032.7 581.4 1147.6 1104.2 633.6 395.6 1080.3 993.1 988.2 1101.0 463.0 96.4 183.0 1123.1 887.4 1123.8 900.4 1044.0 864.3 874.9 635.7 459.9 1072.7 1116.7 198.8 131.6 243.8 224.0 652.6 638.4 331.7 645.1 159.7 1039.8 895.7 614.2 22.3 421.3 232.7 911.5 576.1 1010.8 929.5 989.7 193.9 1044.3 96.9 265.0 123.7 186.9 1016.9 393.2 528.9 1026.1 962.2 560.6 1016.4 558.9 372.7 949.0 998.4 420.4 968.5 54.9 828.2 202.1 861.4 633.1 431.0 62.6 998.4 1002.6 600.0 980.0 995.3 411.2 573.8 549.2 749.7 935.5 848.6 200.7 876.2 1033.3 108.4 1170.0
1583.4 699.2 315.6 625.7 358.2 599.4 432.9 323.5 365.2 589.0 358.0 641.0 689.5 551.4 594.9 617.0 641.9 108.3 48.0 355.8 333.9 574.6 0.0 119.1 592.6 410.9 71.1 68.8 327.9 558.5 624.1 618.4 659.5 589.3 215.1 228.8 98.8 427.5 690.5 658.9 211.7 616.8 542.3 68.5 567.5 411.4 406.5 617.1 529.2 28.2 581.6 794.5 647.3 220.0 493.2 817.5 342.5 400.7 368.3 408.3 611.7 696.6 219.3 581.0 585.6 705.4 123.7 411.4 590.5 728.8 593.4 478.7 440.4 362.8 631.7 659.8 321.4 837.7 568.7 391.6 301.8 620.9 631.0 324.3 190.7 113.8 345.0 653.7 575.9 645.4 437.9 403.3 367.8 416.3 241.6 380.2 390.8 431.4 544.4 387.5 381.8 737.4 594.0 707.0 686.4 293.3 375.5 668.0 632.4 622.1 237.3 19.8 686.6 584.1 619.9 718.1 427.6 523.6 208.4 105.2 794.7 656.3 336.0 610.9 685.8 662.3 649.3 821.9 619.3 601.3 223.7 159.8 503.2 214.0 524.9 605.9 54.2 803.4 583.2 76.1 605.7 344.1 667.2 738.6 515.6 667.9 601.2 109.4 200.2 587.3 177.6 192.9 624.4 536.5 621.6 362.0 99.2 725.8 663.1 392.1 230.9 647.0 414.0
1665.9 781.7 398.1 708.2 440.7 681.9 515.4 406.0 447.7 671.5 440.5 723.5 772.0 633.9 677.4 699.5 724.4 97.6 125.4 438.3 416.4 657.1 99.1 0.0 675.1 493.4 77.4 59.3 410.4 641.0 706.6 700.9 742.0 671.8 297.6 311.3 123.2 510.0 773.0 741.4 299.9 699.3 624.8 59.6 650.0 493.9 489.0 699.6 611.7 110.7 664.1 877.0 729.8 302.5 575.7 900.0 425.0 483.2 450.8 490.8 699.9 779.1 301.8 661.4 668.1 787.9 42.8 493.9 673.0 811.3 680.6 561.2 522.9 445.3 714.2 742.3 403.9 920.2 651.2 474.1 384.3 703.4 713.5 406.8 273.2 15.7 427.5 736.2 658.4 727.9 520.4 485.8 450.3 498.8 324.1 462.7 473.3 513.9 626.9 470.0 464.3 819.9 676.5 789.5 768.9 375.8 458.0 750.5 714.9 704.6 319.9 102.3 769.1 666.6 702.4 800.6 509.9 606.1 290.9 93.5 877.2 738.8 418.5 693.4 768.3 744.8 731.8 904.4 701.8 683.8 306.2 242.3 585.7 296.5 607.4 688.4 82.9 885.9 665.7 82.4 688.2 426.6 747.0 821.1 598.1 750.4 683.7 9.6 282.7 669.8 260.1 275.4 706.9 619.0 704.1 444.5 87.5 808.3 745.6 474.6 313.4 729.5 496.5
1842.9 203.7 743.7 252.3 786.3 158.6 850.0 479.7 767.7 142.3 723.6 145.5 316.1 290.4 119.6 121.5 436.8 672.8 581.9 783.9 762.0 201.2 597.7 676.0 0.0 768.2 635.6 615.3 753.7 360.9 115.4 394.9 183.3 114.0 689.6 703.3 571.9 839.3 317.1 350.3 686.2 243.4 320.9 615.0 93.5 346.4 763.8 243.7 410.5 559.4 208.2 753.3 273.9 694.5 406.7 776.3 498.7 776.7 524.5 820.1 303.1 323.2 693.8 207.6 277.0 332.0 670.2 569.0 217.1 273.5 137.8 392.2 235.3 715.7 408.2 286.4 749.5 796.5 345.2 819.7 776.3 397.4 135.5 752.4 665.2 660.3 773.1 260.0 202.5 272.0 795.2 559.5 795.9 572.5 716.1 536.4 547.0 366.4 38.1 744.8 788.8 364.0 220.6 211.5 313.0 324.7 310.5 166.9 408.9 248.7 711.8 567.8 378.0 210.7 179.1 222.6 583.6 339.9 682.9 601.6 753.5 282.9 716.4 237.5 190.3 288.9 275.9 780.7 110.9 292.7 698.2 634.3 328.0 688.5 322.7 110.4 621.1 762.2 199.4 640.6 232.3 500.3 293.8 533.5 396.9 228.0 227.8 670.5 674.7 363.8 652.1 667.4 128.9 337.6 313.0 421.8 607.6 520.7 289.7 548.3 705.4 273.6 842.1
1560.7 837.4 146.4 763.9 189.0 737.6 183.1 481.9 100.8 727.2 182.0 779.2 827.7 709.8 733.1 755.2 818.3 469.2 378.3 173.4 164.7 712.8 382.5 465.0 730.8 0.0 432.0 411.7 171.1 716.9 762.3 776.8 797.7 727.5 320.0 211.7 368.3 172.4 828.7 797.1 228.8 755.0 700.7 411.4 705.7 569.8 96.9 755.3 687.6 344.2 719.8 949.5 785.5 208.6 651.6 972.5 500.9 109.8 526.7 153.2 749.9 834.8 210.2 719.2 722.5 843.6 466.6 569.8 728.7 867.0 731.6 637.1 616.8 174.1 790.1 798.0 152.2 992.7 727.1 222.4 124.7 779.3 769.2 146.3 254.1 456.7 175.8 791.9 714.1 783.6 26.9 561.7 161.4 574.7 346.5 538.6 549.2 589.8 682.6 52.3 121.9 875.6 732.2 845.2 824.6 469.7 533.9 806.2 790.8 760.3 225.9 352.6 819.3 722.3 758.1 856.3 585.8 682.0 313.3 398.0 949.7 794.5 145.0 749.1 824.0 800.5 787.5 976.9 757.5 739.5 177.6 264.7 661.6 215.5 683.3 744.1 417.5 958.4 721.4 437.0 743.9 502.5 805.4 915.0 674.0 806.1 739.4 455.3 240.3 745.7 238.4 247.6 762.6 694.9 759.8 520.4 404.0 902.2 801.3 550.5 198.6 785.2 218.5
1649.4 744.9 381.6 671.4 424.2 645.1 498.9 369.2 431.2 634.7 424.0 686.7 735.2 597.1 640.6 662.7 687.6 37.1 58.7 421.8 399.9 620.3 65.9 89.1 638.3 476.9 0.0 28.4 393.9 604.2 669.8 664.1 705.2 635.0 281.1 294.8 74.5 493.5 736.2 704.6 283.4 662.5 588.0 28.1 613.2 457.1 472.5 662.8 574.9 94.2 627.3 840.2 693.0 286.0 538.9 863.2 388.2 466.7 414.0 474.3 657.4 742.3 285.3 624.6 631.3 751.1 80.6 457.1 636.2 774.5 643.8 524.4 486.1 428.8 677.4 705.5 387.4 883.4 614.4 457.6 367.8 666.6 674.5 390.3 256.7 73.4 411.0 699.4 621.6 691.1 503.9 449.0 433.8 462.0 307.6 425.9 444.4 477.1 590.1 453.5 447.8 783.1 639.7 752.7 732.1 339.0 421.2 713.7 678.1 667.8 303.4 85.8 732.3 629.8 665.6 763.8 473.3 569.3 274.4 44.8 840.4 702.0 402.0 656.6 731.5 708.0 695.0 867.6 665.0 647.0 289.7 225.8 552.7 280.0 570.6 651.6 16.2 849.1 628.9 4.9 651.4 389.8 712.9 784.3 561.3 713.6 646.9 98.8 266.2 633.0 243.6 258.9 670.1 582.2 667.3 407.7 38.8 771.5 708.8 437.8 296.9 692.7 480.0
1656.7 734.2 388.9 660.7 431.5 634.4 506.2 358.5 438.5 624.0 419.3 676.0 724.5 586.4 629.9 652.0 676.9 55.2 66.0 429.1 407.2 609.6 73.2 60.6 627.6 484.2 18.0 0.0 401.2 593.5 659.1 653.4 694.5 624.3 288.4 302.1 63.8 500.8 725.5 693.9 290.7 651.8 577.3 0.3 602.5 446.4 474.5 652.1 564.2 101.5 616.6 829.5 682.3 293.3 528.2 852.5 377.5 474.0 403.3 481.6 652.4 731.6 292.6 616.0 620.6 740.4 54.8 446.4 625.5 763.8 633.1 513.7 475.4 436.1 666.7 694.8 394.7 872.7 603.7 464.9 375.1 655.9 666.0 397.6 264.0 44.9 418.3 688.7 610.9 680.4 511.2 438.3 441.1 451.3 314.9 415.2 425.8 466.4 579.4 460.8 455.1 772.4 629.0 742.0 721.4 328.3 410.5 703.0 667.4 657.1 310.7 93.1 721.6 619.1 654.9 753.1 462.4 558.6 281.7 34.1 829.7 691.3 409.3 645.9 720.8 697.3 684.3 856.9 654.3 636.3 297.0 233.1 538.2 287.3 559.9 640.9 23.5 838.4 618.2 23.0 640.7 379.1 699.5 773.6 550.6 702.9 636.2 70.3 273.5 622.3 250.9 266.2 659.4 571.5 656.6 397.0 28.1 760.8 698.1 427.1 304.2 682.0 487.3
1588.4 822.9 174.1 749.4 216.7 723.1 262.4 467.4 180.1 712.7 18.1 764.7 813.2 695.3 718.6 740.7 803.8 453.1 363.8 214.3 192.4 698.3 344.7 427.2 716.3 180.6 415.9 397.2 0.0 702.4 747.8 762.3 783.2 713.0 266.5 158.2 353.8 251.7 816.2 782.6 169.6 740.5 686.2 396.9 691.2 555.3 176.2 740.8 673.1 306.4 705.3 938.4 771.0 155.1 637.1 961.4 486.4 189.1 512.2 232.5 739.7 820.3 156.7 704.7 708.0 829.1 452.1 555.3 714.2 852.5 721.8 622.6 602.3 38.0 775.6 783.5 179.9 981.6 712.6 250.1 89.4 764.8 752.5 182.8 200.6 442.2 203.5 777.4 699.6 769.1 207.6 547.2 240.7 560.2 293.0 524.1 534.7 575.3 668.1 157.2 201.2 861.1 717.7 830.7 810.1 455.2 519.4 791.7 776.3 745.8 172.5 314.8 804.8 707.8 743.6 841.8 571.3 667.5 259.8 383.5 938.6 780.0 105.7 734.6 809.5 786.0 773.0 965.8 743.0 725.0 124.1 211.2 650.9 162.0 668.8 729.6 399.0 947.3 706.9 420.9 729.4 488.0 788.2 900.5 659.5 791.6 724.9 417.5 186.8 731.2 184.9 194.1 748.1 680.4 745.3 505.9 389.5 887.7 786.8 536.0 145.1 770.7 272.5
1819.3 359.6 720.1 443.2 762.7 240.0 826.4 456.1 744.1 229.6 700.0 305.7 507.0 83.1 380.7 302.0 521.0 646.2 555.3 760.3 738.4 392.1 571.1 649.4 381.7 744.6 609.0 588.7 730.1 0.0 264.7 125.4 300.1 375.1 663.0 676.7 545.3 815.7 508.0 159.4 659.6 434.3 129.4 588.4 378.7 164.9 740.2 434.6 155.9 532.8 399.1 702.5 464.8 667.9 152.1 725.5 475.1 753.1 500.9 796.5 148.4 514.1 667.2 398.5 140.3 522.9 643.6 544.0 408.0 429.4 234.0 137.6 319.5 692.1 138.7 477.3 725.9 745.7 75.7 796.1 724.3 127.9 319.1 728.8 638.6 633.7 749.5 294.3 393.4 462.9 771.6 535.9 772.3 548.9 689.5 512.8 523.4 144.9 361.9 721.2 765.2 554.9 411.5 367.4 503.9 363.2 198.6 308.6 139.4 439.6 685.2 541.2 167.9 401.6 260.5 378.5 560.2 81.6 656.3 575.0 702.7 473.8 692.8 428.4 346.2 479.8 466.8 729.9 259.9 138.0 671.6 607.7 77.3 661.9 130.8 294.0 594.5 711.4 223.8 614.0 423.2 476.7 484.7 617.7 142.3 308.5 418.7 643.9 648.1 94.3 625.5 640.8 281.8 43.5 158.2 398.2 581.0 604.9 480.6 524.7 678.8 464.5 818.5
1850.8 99.1 751.6 260.2 794.2 49.9 857.9 549.2 775.6 57.5 731.5 40.9 324.0 190.1 121.4 83.8 445.5 680.7 589.8 791.8 769.9 209.1 605.6 683.9 122.4 776.1 643.5 623.2 761.6 260.6 0.0 294.6 78.7 115.8 697.5 711.2 579.8 847.2 274.6 250.0 694.1 251.3 220.6 622.9 119.4 319.2 771.7 251.6 310.2 567.3 216.1 653.0 281.8 702.4 306.4 676.0 568.2 784.6 594.0 828.0 202.8 331.1 701.7 215.5 176.7 339.9 678.1 637.1 225.0 168.9 61.9 291.9 244.0 723.6 307.9 294.3 757.4 696.2 244.9 827.6 784.2 297.1 77.8 760.3 673.1 668.2 781.0 144.5 210.4 279.9 803.1 629.0 803.8 642.0 724.0 605.9 616.5 299.2 139.9 752.7 796.7 371.9 228.5 106.9 320.9 332.6 318.4 62.3 308.6 256.6 719.7 575.7 277.7 218.6 70.4 118.0 653.3 239.6 690.8 609.5 653.2 290.8 724.3 245.4 85.7 276.7 283.8 680.4 73.2 192.4 706.1 642.2 227.7 696.4 222.4 52.7 629.0 661.9 83.9 648.5 240.2 569.8 301.7 542.2 296.6 112.5 235.7 678.4 682.6 263.5 660.0 675.3 91.2 237.3 212.7 429.7 615.5 529.4 297.6 617.8 713.3 281.5 850.0
1872.5 352.0 773.3 435.6 815.9 232.4 879.6 509.3 797.3 222.0 753.2 298.1 499.4 132.4 373.1 294.4 513.4 699.4 608.5 813.5 791.6 384.5 624.3 702.6 374.1 797.8 662.2 641.9 783.3 139.1 257.1 0.0 292.5 367.5 716.2 729.9 598.5 868.9 500.4 150.8 712.8 426.7 184.2 641.6 371.1 218.1 793.4 427.0 209.1 586.0 391.5 694.9 457.2 721.1 205.3 717.9 528.3 806.3 554.1 849.7 192.7 506.5 720.4 388.8 160.9 515.3 696.8 597.2 400.4 421.8 226.4 190.8 311.9 745.3 33.6 469.7 779.1 738.1 39.6 849.3 777.5 2.5 309.3 782.0 691.8 686.9 802.7 286.7 385.8 455.3 824.8 589.1 825.5 602.1 742.7 566.0 576.6 198.1 354.3 774.4 818.4 547.3 403.9 359.8 496.3 416.4 251.8 301.0 72.2 432.0 738.5 594.4 159.3 394.0 252.9 370.9 613.2 152.8 709.5 628.2 695.1 466.2 746.0 420.8 338.6 472.2 459.2 722.3 252.3 176.6 724.8 660.9 123.0 715.1 184.0 286.4 647.7 703.8 216.2 667.2 415.6 529.9 474.4 610.1 195.5 300.9 411.1 697.1 701.3 49.5 678.7 694.0 274.2 84.4 149.6 451.4 634.2 597.3 473.0 577.9 732.0 456.9 871.7
1894.9 86.4 795.7 308.8 838.3 115.8 902.0 574.5 819.7 123.4 775.6 77.4 381.9 215.4 179.3 141.7 470.8 724.8 633.9 835.9 814.0 267.0 649.7 728.0 180.3 820.2 687.6 667.3 805.7 285.9 69.7 319.9 0.0 173.7 741.6 755.3 623.9 891.3 261.9 275.3 738.2 309.2 245.9 667.0 177.3 344.5 815.8 309.5 335.5 611.4 274.0 678.3 339.7 746.5 331.7 701.3 593.5 828.7 619.3 872.1 228.1 389.0 745.8 273.4 202.0 397.8 722.2 662.4 282.9 156.2 127.8 317.2 269.3 767.7 333.2 289.0 801.5 721.5 270.2 871.7 828.3 322.4 135.7 804.4 717.2 712.3 825.1 120.8 268.3 337.8 847.2 654.3 847.9 667.3 768.1 631.2 641.8 324.5 197.8 796.8 840.8 366.6 286.4 94.2 378.8 376.7 378.2 16.3 333.9 314.5 763.8 619.8 303.0 276.5 136.3 105.3 678.4 264.9 734.9 653.6 678.5 348.7 768.4 303.3 73.0 264.0 341.7 705.7 131.1 217.7 750.2 686.3 253.0 740.5 247.7 110.6 673.1 687.2 109.2 692.6 298.1 595.1 359.6 567.5 321.9 88.8 293.6 722.5 726.7 288.8 704.1 719.4 149.1 262.6 238.0 473.8 659.6 554.7 355.5 643.1 757.4 322.3 894.1
1799.6 194.5 700.4 209.0 743.0 149.4 806.7 436.4 724.4 133.1 680.3 136.3 272.8 281.2 49.2 112.3 393.5 629.5 538.6 740.6 718.7 157.9 554.4 632.7 91.4 724.9 592.3 572.0 710.4 351.7 106.2 385.7 174.1 0.0 646.3 660.0 528.6 796.0 273.8 341.1 642.9 200.1 311.7 571.7 68.2 303.1 720.5 200.4 401.3 516.1 164.9 744.1 230.6 651.2 397.5 767.1 455.4 733.4 481.2 776.8 293.9 279.9 650.5 164.3 267.8 288.7 626.9 524.3 173.8 264.3 128.6 383.0 192.0 672.4 399.0 243.1 706.2 787.3 336.0 776.4 733.0 388.2 126.3 709.1 621.9 617.0 729.8 250.8 159.2 228.7 751.9 516.2 752.6 529.2 672.8 493.1 503.7 323.1 96.1 701.5 745.5 320.7 177.3 202.3 269.7 281.4 267.2 157.7 399.7 205.4 668.5 524.5 368.8 167.4 169.9 213.4 540.5 330.7 639.6 558.3 744.3 239.6 673.1 194.2 181.1 245.6 232.6 771.5 101.7 283.5 654.9 591.0 318.8 645.2 313.5 101.2 577.8 753.0 190.2 597.3 189.0 457.0 250.5 490.2 387.7 218.8 184.5 627.2 631.4 354.6 608.8 624.1 119.7 328.4 303.8 378.5 564.3 477.4 246.4 505.0 662.1 230.3 798.8
1596.6 787.9 252.2 714.4 294.8 688.1 369.5 412.2 301.8 677.7 264.6 729.7 778.2 640.1 683.6 705.7 730.6 300.3 223.1 292.4 270.5 663.3 191.9 274.4 681.3 329.5 263.1 256.5 246.5 647.2 712.8 707.1 748.2 678.0 0.0 147.4 213.1 364.1 779.2 747.6 130.3 705.5 631.0 256.2 656.2 500.1 325.1 705.8 617.9 153.6 670.3 883.2 736.0 138.6 581.9 906.2 431.2 338.0 457.0 344.9 706.1 785.3 137.9 667.6 674.3 794.1 311.4 500.1 679.2 817.5 682.1 567.4 529.1 281.4 720.4 748.5 258.0 926.4 657.4 328.2 220.4 709.6 717.5 260.9 109.3 290.1 281.6 742.4 664.6 734.1 356.5 492.0 304.4 505.0 56.1 468.9 487.4 520.1 633.1 306.1 318.4 826.1 682.7 795.7 775.1 382.0 464.2 756.7 721.1 710.8 156.0 162.0 775.3 672.8 708.6 806.8 516.3 612.3 59.1 242.8 883.4 745.0 254.6 699.6 774.5 751.0 738.0 910.6 708.0 690.0 142.3 47.2 591.9 132.6 613.6 694.6 246.2 892.1 671.9 268.1 694.4 432.8 753.2 827.3 604.3 756.6 689.9 264.7 118.8 676.0 96.2 111.5 713.1 625.2 710.3 450.7 248.8 814.5 751.8 480.8 149.5 735.7 350.6
1603.6 821.6 234.7 748.1 277.3 721.8 323.0 445.9 240.7 711.4 188.3 763.4 811.9 673.8 717.3 739.4 764.3 334.0 256.8 274.9 253.0 697.0 225.6 308.1 715.0 241.2 296.8 290.2 158.2 680.9 746.5 740.8 781.9 711.7 147.4 0.0 246.8 312.3 812.9 781.3 17.0 739.2 664.7 289.9 689.9 533.8 236.8 739.5 651.6 187.3 704.0 916.9 769.7 126.1 615.6 939.9 464.9 249.7 490.7 293.1 734.1 819.0 41.5 703.4 708.0 827.8 345.1 533.8 712.9 851.2 715.8 601.1 562.8 195.4 754.1 782.2 240.5 960.1 691.1 310.7 117.5 743.3 753.4 243.4 98.9 323.8 264.1 776.1 698.3 767.8 268.2 525.7 301.3 538.7 173.9 502.6 513.2 553.8 666.8 217.8 261.8 859.8 716.4 829.4 808.8 415.7 497.9 790.4 754.8 744.5 143.4 195.7 809.0 706.5 742.3 840.5 549.8 646.0 140.7 276.5 917.1 778.7 166.3 733.3 808.2 784.7 771.7 944.3 741.7 723.7 95.1 92.1 625.6 46.8 647.3 728.3 279.9 925.8 705.6 301.8 728.1 466.5 789.6 861.0 638.0 790.3 723.6 298.4 28.5 709.7 51.1 35.8 746.8 658.9 744.0 484.4 282.5 848.2 785.5 514.5 29.9 769.4 333.1
1601.5 670.3 333.7 596.8 376.3 570.5 451.0 294.6 383.3 560.1 376.1 612.1 660.6 522.5 566.0 588.1 613.0 120.6 53.8 373.9 352.0 545.7 91.9 123.8 563.7 429.0 83.4 63.1 346.0 529.6 595.2 589.5 630.6 560.4 233.2 246.9 0.0 445.6 661.6 630.0 235.5 587.9 513.4 62.8 538.6 382.5 424.6 588.2 500.3 72.0 552.7 765.6 618.4 238.1 464.3 788.6 313.6 418.8 339.4 426.4 588.5 667.7 237.4 552.1 556.7 676.5 118.0 382.5 561.6 699.9 569.2 449.8 411.5 380.9 602.8 630.9 339.5 808.8 539.8 409.7 319.9 592.0 602.1 342.4 208.8 108.1 363.1 624.8 547.0 616.5 456.0 374.4 385.9 387.4 259.7 351.3 361.9 402.5 515.5 405.6 399.9 708.5 565.1 678.1 657.5 264.4 346.6 639.1 603.5 593.2 255.5 88.9 657.7 555.2 591.0 689.2 398.5 494.7 226.5 29.6 765.8 627.4 354.1 582.0 656.9 633.4 620.4 793.0 590.4 572.4 241.8 177.9 474.3 232.1 496.0 577.0 68.9 774.5 554.3 88.4 576.8 315.2 635.6 709.7 486.7 639.0 572.3 133.5 218.3 558.4 195.7 211.0 595.5 507.6 592.7 333.1 35.6 696.9 634.2 363.2 249.0 618.1 432.1
1566.7 899.6 89.6 826.1 80.3 799.8 10.6 544.1 61.5 789.4 244.2 841.4 889.9 772.0 795.3 817.4 880.5 496.9 419.7 51.6 73.5 775.0 388.5 471.0 793.0 183.5 459.7 453.1 233.3 779.1 824.5 839.0 859.9 789.7 328.3 273.9 409.7 0.0 890.9 859.3 291.0 817.2 762.9 452.8 767.9 632.0 105.5 817.5 749.8 350.2 782.0 1011.7 847.7 270.8 713.8 1034.7 563.1 97.0 588.9 26.8 812.1 897.0 272.4 781.4 784.7 905.8 508.0 632.0 790.9 929.2 793.8 699.3 679.0 236.3 852.3 860.2 86.0 1054.9 789.3 52.0 186.9 841.5 831.4 82.5 316.3 486.7 62.4 854.1 776.3 845.8 210.5 623.9 39.6 636.9 354.8 600.8 611.4 652.0 744.8 160.1 40.4 937.8 794.4 907.4 886.8 531.9 596.1 868.4 853.0 822.5 288.1 358.6 881.5 784.5 820.3 918.5 648.2 744.2 321.6 439.4 1011.9 856.7 207.2 811.3 886.2 862.7 849.7 1039.1 819.7 801.7 239.8 273.0 723.8 277.7 745.5 806.3 442.8 1020.6 783.6 464.7 806.1 564.7 867.6 977.2 736.2 868.3 801.6 461.3 302.5 807.9 300.6 309.8 824.8 757.1 822.0 582.6 445.4 964.4 863.5 612.7 260.8 847.4 92.1
2075.1 182.6 975.9 128.5 1018.5 305.1 1069.0 711.9 986.7 312.7 967.8 243.8 281.1 417.7 345.7 308.1 669.0 905.0 814.1 1016.1 994.2 169.1 829.9 908.2 346.7 1000.4 867.8 834.3 985.9 501.4 255.1 522.2 252.4 340.1 908.6 935.5 804.1 1071.5 0.0 490.8 924.1 208.4 461.4 847.2 343.7 560.0 990.7 208.7 551.0 791.6 134.5 893.8 238.9 926.7 547.2 916.8 730.9 1008.9 756.7 1052.3 449.3 288.2 926.0 161.9 417.5 297.0 902.4 801.2 182.1 86.1 319.5 532.7 467.5 947.9 548.7 91.9 981.7 937.0 485.7 1051.9 1008.5 537.9 299.9 984.6 897.4 892.5 1005.3 367.3 129.8 224.7 1027.4 778.5 1028.1 804.7 948.3 768.6 787.1 540.0 364.2 977.0 1021.0 169.5 185.6 148.1 278.0 556.9 542.7 236.0 549.4 201.4 930.9 800.0 518.5 169.8 325.6 137.0 816.0 480.4 915.1 833.8 894.0 247.9 948.6 152.5 169.3 67.6 240.9 921.2 297.5 433.2 930.4 866.5 464.9 920.7 463.2 277.0 853.3 889.5 324.7 872.8 128.5 732.5 256.1 765.7 537.4 335.3 125.8 902.7 906.9 504.3 884.3 899.6 315.5 478.1 453.5 640.8 826.6 752.9 254.7 780.5 937.6 61.1 1074.3
1914.2 318.1 804.4 401.7 847.0 198.5 910.7 557.2 828.4 188.1 784.3 264.2 465.5 140.4 339.2 260.5 479.5 733.5 642.6 844.6 822.7 350.6 658.4 736.7 340.2 828.9 696.3 676.0 814.4 182.4 223.2 185.0 258.6 333.6 750.3 764.0 632.6 900.0 466.5 0.0 746.9 392.8 170.9 675.7 337.2 261.4 824.5 393.1 252.4 620.1 357.6 661.0 423.3 755.2 248.6 684.0 576.2 837.4 602.0 880.8 153.1 472.6 754.5 357.0 127.0 481.4 730.9 645.1 366.5 387.9 192.5 234.1 278.0 776.4 198.3 435.8 810.2 704.2 135.3 880.4 837.0 187.5 277.6 813.1 725.9 721.0 833.8 252.8 351.9 421.4 855.9 637.0 856.6 650.0 776.8 613.9 624.5 241.4 320.4 805.5 849.5 513.4 370.0 325.9 462.4 385.4 295.1 267.1 199.0 398.1 772.5 628.5 31.9 360.1 219.0 337.0 661.3 189.9 743.6 662.3 661.2 432.3 777.1 386.9 304.7 438.3 425.3 688.4 218.4 142.7 758.9 695.0 169.9 749.2 172.7 252.5 681.8 669.9 182.3 701.3 381.7 577.8 443.2 576.2 238.8 267.0 377.2 731.2 735.4 153.9 712.8 728.1 240.3 127.7 86.3 482.5 668.3 563.4 439.1 625.8 766.1 423.0 902.8
1586.5 804.5 248.8 731.0 291.4 704.7 334.4 428.8 257.8 694.3 193.4 746.3 794.8 656.7 700.2 722.3 752.9 316.9 239.7 289.0 267.1 685.6 208.5 296.7 697.9 258.3 285.4 273.1 169.6 663.8 729.4 729.4 764.8 694.6 130.3 17.0 235.4 329.4 797.8 764.2 0.0 722.1 647.6 272.8 672.8 516.7 248.6 722.4 634.5 170.2 686.9 899.8 752.6 111.1 598.5 922.8 447.8 266.8 473.6 310.2 722.7 801.9 58.6 684.2 690.9 810.7 328.0 522.4 695.8 834.1 703.4 584.0 545.7 212.5 737.0 770.8 254.6 948.7 674.0 324.8 134.6 731.9 734.1 257.5 81.8 306.7 278.2 759.0 681.2 756.4 285.3 514.3 301.0 521.6 156.8 485.5 504.0 536.7 649.7 234.9 278.9 848.4 699.3 812.3 791.7 398.6 480.8 779.0 737.7 733.1 134.2 178.6 791.9 689.4 725.2 829.1 538.6 628.9 123.6 265.1 900.0 761.6 183.4 716.2 791.1 767.6 754.6 927.2 724.6 712.3 112.2 75.0 612.3 63.9 630.2 716.9 262.8 914.4 688.5 284.7 711.0 449.4 769.8 843.9 620.9 773.2 706.5 281.3 11.4 692.6 34.0 24.4 729.7 641.8 726.9 473.0 265.4 836.8 768.4 497.4 47.0 752.3 347.2
2218.9 326.4 1119.7 126.8 1162.3 448.9 1226.0 855.7 1143.7 456.5 1099.6 387.6 72.6 574.7 489.5 451.9 812.8 1048.8 957.9 1159.9 1138.0 146.0 973.7 1052.0 490.5 1144.2 1011.6 991.3 1129.7 645.2 398.9 679.2 396.2 483.9 1065.6 1079.3 947.9 1215.3 193.6 634.6 1067.9 0.0 605.2 991.0 487.5 703.8 1139.8 0.3 694.8 935.4 137.3 1037.6 30.4 1070.5 691.0 1060.6 874.7 1152.7 900.5 1196.1 593.1 79.7 1069.8 80.0 561.3 88.5 1046.2 945.0 29.4 229.9 460.9 676.5 611.3 1091.7 692.5 231.2 1125.5 1080.8 629.5 1195.7 1152.3 681.7 443.7 1128.4 1041.2 1036.3 1149.1 511.1 77.0 28.5 1171.2 935.5 1171.9 948.5 1092.1 912.4 930.9 683.8 508.0 1120.8 1164.8 308.8 50.9 291.9 88.0 700.7 686.5 379.8 693.2 61.0 1087.9 943.8 662.3 155.5 469.4 280.8 959.6 624.2 1058.9 977.6 1037.8 39.4 1092.4 112.0 313.1 248.1 32.4 1065.0 441.3 577.0 1074.2 1010.3 608.7 1064.5 607.0 420.8 997.1 1046.5 468.5 1016.6 106.8 876.3 50.3 909.5 681.2 479.1 179.1 1046.5 1050.7 648.1 1028.1 1043.4 459.3 621.9 597.3 797.8 983.6 896.7 46.2 924.3 1081.4 218.4 1218.1
1784.9 314.2 685.7 397.8 728.3 194.6 792.0 421.7 709.7 184.2 665.6 260.3 461.6 40.0 335.3 256.6 475.6 611.8 520.9 725.9 704.0 346.7 536.7 615.0 336.3 710.2 574.6 554.3 695.7 110.5 219.3 170.4 254.7 329.7 628.6 642.3 510.9 781.3 462.6 170.1 625.2 388.9 0.0 554.0 333.3 130.5 705.8 389.2 121.5 498.4 353.7 657.1 419.4 633.5 117.7 680.1 440.7 718.7 466.5 762.1 77.9 468.7 632.8 353.1 40.5 477.5 609.2 509.6 362.6 384.0 188.6 103.2 274.1 657.7 183.7 431.9 691.5 700.3 120.7 761.7 689.9 172.9 273.7 694.4 604.2 599.3 715.1 248.9 348.0 417.5 737.2 501.5 737.9 514.5 655.1 478.4 489.0 110.5 316.5 686.8 730.8 509.5 366.1 322.0 458.5 328.8 164.2 263.2 184.4 394.2 650.8 506.8 197.8 356.2 215.1 333.1 525.6 36.7 621.9 540.6 657.3 428.4 658.4 383.0 300.8 434.4 421.4 684.5 214.5 93.6 637.2 573.3 73.8 627.5 27.7 248.6 560.1 666.0 178.4 579.6 377.8 442.3 439.3 572.3 107.9 263.1 373.3 609.5 613.7 139.3 591.1 606.4 236.4 88.5 132.8 363.8 546.6 559.5 435.2 490.3 644.4 419.1 784.1
1656.4 733.9 388.6 660.4 431.2 634.1 505.9 358.2 438.2 623.7 431.0 675.7 724.2 586.1 629.6 651.7 676.6 54.9 65.7 428.8 406.9 609.3 72.9 60.9 627.3 483.9 17.7 0.3 400.9 593.2 658.8 653.1 694.2 624.0 288.1 301.8 63.5 500.5 725.2 693.6 284.7 651.5 577.0 0.0 602.2 446.1 479.5 651.8 563.9 101.2 616.3 829.2 682.0 293.0 527.9 852.2 377.2 473.7 403.0 481.3 646.4 731.3 292.3 615.7 620.3 740.1 55.1 446.1 625.2 763.5 628.1 513.4 475.1 435.8 666.4 694.5 394.4 872.4 603.4 464.6 374.8 655.6 665.7 397.3 263.7 45.2 418.0 688.4 610.6 680.1 510.9 438.0 440.8 451.0 314.6 414.9 425.5 466.1 579.1 460.5 454.8 772.1 628.7 741.7 721.1 328.0 410.2 702.7 667.1 656.8 310.3 92.8 721.3 618.8 654.6 752.8 462.1 558.3 281.4 33.8 829.4 691.0 409.0 645.6 720.5 697.0 684.0 856.6 654.0 636.0 296.7 232.8 537.9 287.0 559.6 640.6 23.2 838.1 617.9 22.7 640.4 378.8 701.9 773.3 550.3 702.6 635.9 70.6 273.2 622.0 250.6 265.9 659.1 571.2 656.3 396.7 27.8 760.5 697.8 426.8 303.9 681.7 487.0
1788.4 208.7 689.2 197.8 731.8 163.6 795.5 425.2 713.2 147.3 669.1 150.5 261.6 295.4 74.1 126.5 382.3 618.3 527.4 729.4 707.5 146.7 543.2 621.5 105.6 713.7 581.1 560.8 699.2 365.9 120.4 399.9 188.3 76.7 635.1 648.8 517.4 784.8 262.6 355.3 631.7 188.9 325.9 560.5 0.0 291.9 709.3 189.2 415.5 504.9 153.7 758.3 219.4 640.0 373.7 781.3 444.2 722.2 470.0 765.6 308.1 268.7 639.3 153.1 282.0 277.5 615.7 513.1 162.6 278.5 142.8 359.2 180.8 661.2 413.2 231.9 695.0 801.5 350.2 765.2 721.8 402.4 140.5 697.9 610.7 605.8 718.6 265.0 148.0 217.5 740.7 505.0 741.4 518.0 661.6 481.9 492.5 311.9 82.8 690.3 734.3 309.5 166.1 216.5 258.5 270.2 256.0 171.9 413.9 194.2 657.3 513.3 383.0 156.2 184.1 227.6 529.3 344.9 628.4 547.1 758.5 228.4 661.9 183.0 195.3 234.4 221.4 785.7 115.9 297.7 643.7 579.8 333.0 634.0 327.7 115.4 566.6 767.2 204.4 586.1 177.8 445.8 239.3 479.0 401.9 233.0 173.3 616.0 620.2 368.8 597.6 612.9 133.9 342.6 318.0 367.3 553.1 466.2 235.2 493.8 650.9 219.1 787.6
1654.3 416.4 555.1 331.9 597.7 296.8 661.4 291.1 579.1 286.4 535.0 347.2 395.7 139.9 301.1 323.2 404.6 481.2 390.3 595.3 573.4 280.8 406.1 484.4 298.8 579.6 444.0 423.7 565.1 147.0 321.5 206.9 356.9 295.5 498.0 511.7 380.3 650.7 396.7 240.9 494.6 323.0 130.8 423.4 273.7 0.0 575.2 323.3 117.7 367.8 287.8 750.1 353.5 502.9 81.7 773.1 310.1 588.1 335.9 631.5 190.0 402.8 502.2 287.2 152.6 411.6 478.6 379.0 296.7 435.0 290.8 67.2 203.1 527.1 220.2 366.0 560.9 793.3 157.2 631.1 559.3 209.4 337.2 563.8 473.6 468.7 584.5 351.1 282.1 351.6 606.6 370.9 607.3 383.9 524.5 347.8 358.4 19.9 250.6 556.2 600.2 443.6 300.2 424.2 392.6 198.2 33.6 365.4 220.9 328.3 520.2 376.2 249.4 290.3 317.3 435.3 395.2 112.1 491.3 410.0 750.3 362.5 527.8 317.1 403.0 368.5 355.5 777.5 316.7 194.8 506.6 442.7 91.7 496.9 113.4 312.1 429.5 759.0 280.6 449.0 311.9 311.7 373.4 501.3 104.1 365.3 307.4 478.9 483.1 175.8 460.5 475.8 338.6 125.0 235.0 233.2 416.0 488.5 369.3 359.7 513.8 353.2 653.5
1547.4 824.1 106.5 750.6 155.2 724.3 130.9 468.6 48.6 713.9 175.9 765.9 814.4 696.5 719.8 741.9 805.0 455.9 365.0 126.5 144.9 699.5 369.2 451.7 717.5 108.0 418.7 393.1 152.5 703.6 749.0 763.5 784.4 714.2 301.4 198.4 355.0 125.5 817.4 783.8 209.8 736.4 687.4 398.1 692.4 556.5 0.0 742.0 674.3 330.9 706.5 936.2 772.2 195.3 638.3 959.2 487.6 62.9 513.4 106.3 740.9 816.2 196.9 703.8 709.2 830.3 453.3 552.6 715.4 853.7 723.0 623.8 603.5 160.8 776.8 784.7 132.4 979.4 713.8 177.5 111.4 760.7 753.7 99.4 240.8 443.4 137.3 778.6 700.8 770.3 129.7 548.4 114.5 561.4 333.2 525.3 543.8 576.5 664.0 84.6 75.0 857.0 718.9 831.9 811.3 456.4 520.6 792.9 777.5 747.0 207.4 339.3 806.0 709.0 744.8 843.0 572.7 668.7 300.0 384.7 936.4 781.2 131.7 735.8 810.7 787.2 774.2 963.6 744.2 720.9 164.3 251.4 652.1 202.2 670.0 730.8 404.2 945.1 708.1 423.7 730.6 489.2 789.4 901.7 660.7 792.8 726.1 442.0 227.0 732.4 225.1 234.3 749.3 681.6 746.5 507.1 385.4 888.9 788.0 537.2 185.3 771.9 171.6
2219.2 326.7 1120.0 127.1 1162.6 449.2 1226.3 856.0 1144.0 456.8 1099.9 387.9 72.3 575.0 489.8 452.2 813.1 1049.1 958.2 1160.2 1138.3 146.3 974.0 1052.3 490.8 1144.5 1011.9 991.6 1130.0 645.5 399.2 679.5 396.5 484.2 1065.9 1079.6 948.2 1215.6 195.7 634.9 1062.5 0.3 605.5 991.3 487.8 704.1 1140.1 0.0 695.1 935.7 137.6 1037.9 30.1 1070.8 691.3 1060.9 875.0 1153.0 900.8 1196.4 587.7 79.4 1070.1 82.4 561.6 88.2 1046.5 945.3 29.7 230.2 461.2 676.8 611.6 1092.0 692.8 231.5 1125.8 1081.1 629.8 1196.0 1152.6 682.0 446.2 1128.7 1041.5 1036.6 1149.4 511.4 77.3 28.2 1171.5 935.8 1172.2 948.8 1092.4 912.7 923.3 684.1 508.3 1121.1 1165.1 309.1 51.2 292.2 88.3 701.0 686.8 380.1 693.5 61.3 1088.1 944.1 662.6 155.8 469.7 281.1 960.1 624.5 1059.2 977.9 1038.1 39.1 1092.7 112.3 313.4 248.4 32.1 1065.3 441.6 577.3 1074.5 1010.6 612.6 1064.8 607.3 421.1 997.4 1046.8 468.8 1016.9 107.1 876.6 50.0 909.8 681.5 479.4 179.4 1046.8 1051.0 648.4 1028.4 1043.7 459.6 622.2 597.6 798.1 983.9 897.0 45.9 924.6 1081.7 218.7 1218.4
1761.6 416.9 662.4 439.2 705.0 297.3 768.7 398.4 686.4 286.9 642.3 363.0 503.0 140.4 408.4 359.3 511.9 588.5 497.6 702.6 680.7 388.1 513.4 591.7 406.1 686.9 551.3 531.0 672.4 147.5 322.0 207.4 357.4 402.8 605.3 619.0 487.6 758.0 504.0 241.4 601.9 430.3 131.3 530.7 381.0 107.2 682.5 430.6 0.0 475.1 395.1 759.8 460.8 610.2 88.5 782.8 417.4 695.4 443.2 738.8 190.5 510.1 609.5 394.5 153.1 518.9 585.9 486.3 404.0 486.7 291.3 79.9 310.4 634.4 220.7 473.3 668.2 803.0 157.7 738.4 666.6 209.9 376.4 671.1 580.9 576.0 691.8 351.6 389.4 458.9 713.9 478.2 714.6 491.2 631.8 455.1 465.7 87.2 357.9 663.5 707.5 550.9 407.5 424.7 499.9 305.5 140.9 365.9 221.4 435.6 627.5 483.5 249.9 397.6 317.8 435.8 502.5 112.6 598.6 517.3 760.0 469.8 635.1 424.4 403.5 475.8 462.8 787.2 317.2 195.3 613.9 550.0 92.2 604.2 113.9 351.3 536.8 768.7 281.1 556.3 419.2 419.0 480.7 608.6 13.5 365.8 414.7 586.2 590.4 176.3 567.8 583.1 339.1 125.5 235.5 340.5 523.3 595.8 476.6 467.0 621.1 460.5 760.8
1555.1 670.9 287.3 597.4 329.9 571.1 404.6 295.2 336.9 560.7 329.7 612.7 661.2 523.1 566.6 588.7 613.6 146.6 86.3 327.5 305.6 546.3 38.2 120.7 564.3 382.6 109.4 107.1 299.6 530.2 595.8 590.1 631.2 561.0 186.8 200.5 82.0 399.2 662.2 630.6 183.4 588.5 514.0 106.8 539.2 383.1 378.2 588.8 500.9 0.0 553.3 766.2 619.0 191.7 464.9 789.2 314.2 372.4 340.0 380.0 583.4 668.3 191.0 552.7 557.3 677.1 162.0 384.5 562.2 700.5 565.1 450.4 412.1 334.5 603.4 631.5 293.1 809.4 540.4 363.3 273.5 592.6 602.7 296.0 162.4 136.4 316.7 625.4 547.6 617.1 409.6 375.0 339.5 388.0 213.3 351.9 362.5 403.1 516.1 359.2 353.5 709.1 565.7 678.7 658.1 265.0 347.2 639.7 604.1 593.8 209.0 8.3 658.3 555.8 591.6 689.8 399.1 495.3 180.1 111.7 766.4 628.0 307.7 582.6 657.5 634.0 621.0 793.6 591.0 573.0 195.4 131.5 474.9 185.7 496.6 577.6 92.5 775.1 554.9 114.4 577.4 315.8 638.9 710.3 487.3 639.6 572.9 111.0 171.9 559.0 149.3 164.6 596.1 508.2 593.3 333.7 117.7 697.5 634.8 363.8 202.6 618.7 385.7
2145.7 253.2 1046.5 100.4 1089.1 375.7 1152.8 782.5 1070.5 383.3 1026.4 314.4 222.6 501.5 416.3 378.7 739.6 975.6 884.7 1086.7 1064.8 28.2 900.5 978.8 417.3 1071.0 938.4 918.1 1056.5 572.0 325.7 606.0 323.0 410.7 992.4 1006.1 874.7 1142.1 120.4 561.4 994.7 149.9 532.0 917.8 414.3 630.6 1061.3 150.2 621.6 862.2 0.0 964.4 180.4 997.3 617.8 987.4 801.5 1079.5 827.3 1122.9 514.2 229.7 996.6 78.6 488.1 238.5 973.0 870.4 123.6 156.7 387.7 603.3 538.1 1018.5 619.3 131.4 1052.3 1007.6 556.3 1122.5 1079.1 608.5 372.7 1055.2 968.0 963.1 1075.9 437.9 71.3 178.5 1096.5 862.3 1098.7 875.3 1018.9 839.2 849.8 610.6 434.8 1047.6 1091.6 209.0 127.1 218.7 219.5 627.5 613.3 306.6 620.0 155.2 1014.7 870.6 589.1 50.5 396.2 207.6 886.6 551.0 985.7 904.4 964.6 189.4 1019.2 71.8 239.9 133.9 182.4 991.8 368.1 503.8 1001.0 937.1 535.5 991.3 533.8 347.6 923.9 973.3 395.3 943.4 29.8 803.1 197.6 836.3 608.0 405.9 72.8 973.3 977.5 574.9 954.9 970.2 386.1 548.7 524.1 724.6 910.4 823.5 196.2 851.1 1008.2 118.6 1144.9
1999.1 551.7 926.2 352.1 968.8 591.6 1032.5 607.1 950.2 581.2 938.9 612.9 387.1 617.2 714.8 653.6 695.2 885.1 794.2 966.4 944.5 353.3 810.0 888.3 715.8 950.7 847.9 827.6 969.0 687.7 616.3 721.7 621.5 709.2 901.9 915.6 784.2 1021.8 420.7 677.1 898.5 314.4 647.7 827.3 718.6 745.9 946.3 314.7 737.3 771.7 360.3 0.0 344.9 906.8 733.5 49.3 626.1 959.2 651.9 1002.6 629.9 394.2 906.1 307.4 603.8 403.0 882.5 696.4 288.1 455.2 585.6 719.0 653.1 931.0 735.0 438.5 932.0 69.5 672.0 1002.2 922.5 724.2 670.7 934.9 877.5 872.6 955.6 645.9 302.3 343.0 977.7 686.9 978.4 699.9 928.4 663.8 674.4 726.3 695.5 927.3 971.3 516.1 291.6 517.2 384.0 760.5 710.0 605.1 735.7 319.7 924.1 780.1 704.8 362.8 612.1 506.1 711.0 666.7 895.2 813.9 53.8 353.9 931.7 337.3 538.4 441.0 346.9 53.7 611.5 619.5 910.5 846.6 654.8 900.8 649.5 645.6 833.4 151.9 575.4 852.9 332.1 627.7 364.8 791.9 723.7 660.1 379.9 882.8 887.0 690.6 864.4 879.7 633.4 664.4 639.8 732.7 819.9 779.1 360.7 675.7 917.7 425.7 1024.6
2249.4 356.9 1150.2 157.3 1192.8 479.4 1256.5 886.2 1174.2 487.0 1130.1 418.1 42.1 605.2 520.0 482.4 843.3 1079.3 988.4 1190.4 1168.5 176.5 1004.2 1082.5 521.0 1174.7 1042.1 1021.8 1160.2 675.7 429.4 709.7 426.7 514.4 1096.1 1109.8 978.4 1245.8 225.9 665.1 1092.7 30.4 635.7 1021.5 518.0 734.3 1170.3 30.1 725.3 965.9 167.8 1068.1 0.0 1101.0 721.5 1091.1 905.2 1183.2 931.0 1226.6 617.9 49.2 1100.3 112.6 591.8 58.0 1076.7 974.1 59.9 260.4 491.4 707.0 641.8 1122.2 723.0 261.7 1156.0 1111.3 660.0 1226.2 1182.8 712.2 476.4 1158.9 1071.7 1066.8 1179.6 541.6 107.5 1.8 1201.7 966.0 1202.4 979.0 1122.6 942.9 953.5 714.3 538.5 1151.3 1195.3 339.3 81.4 322.4 107.1 731.2 717.0 410.3 723.7 91.5 1118.3 974.3 692.8 186.0 499.9 311.3 990.1 654.7 1089.4 1008.1 1068.3 8.9 1122.9 142.5 343.6 278.6 2.0 1095.5 471.8 607.5 1104.7 1040.8 642.8 1095.0 637.5 451.3 1027.6 1077.0 499.0 1047.1 137.3 906.8 52.1 940.0 711.7 509.6 209.6 1077.0 1081.2 678.6 1058.6 1073.9 489.8 652.4 627.8 828.3 1014.1 927.2 15.7 954.8 1111.9 248.9 1248.6
1614.8 771.9 201.6 698.4 244.2 672.1 289.9 416.4 207.6 661.7 150.6 713.7 762.2 644.3 667.6 689.7 775.5 345.2 268.0 241.8 219.9 647.3 236.8 319.3 665.3 208.1 308.0 301.4 125.1 651.4 696.8 711.3 732.2 662.0 158.6 116.1 258.0 279.2 763.2 731.6 111.1 689.5 635.2 301.1 640.2 504.3 203.7 689.8 622.1 198.5 654.3 887.4 720.0 0.0 586.1 910.4 435.4 216.6 461.2 260.0 684.4 769.3 88.9 653.7 657.0 778.1 356.3 504.3 663.2 801.5 666.1 571.6 574.0 142.7 724.6 732.5 207.4 930.6 661.6 277.6 99.0 713.8 703.7 210.3 92.7 335.0 231.0 726.4 648.6 718.1 235.1 496.2 268.2 509.2 185.1 473.1 483.7 524.3 617.1 184.7 228.7 810.1 666.7 779.7 759.1 426.9 468.4 740.7 725.3 694.8 17.2 206.9 753.8 656.8 692.6 790.8 520.5 616.5 151.9 287.7 887.6 729.0 133.2 683.6 758.5 735.0 722.0 914.8 692.0 674.0 20.9 103.3 596.1 83.6 617.8 678.6 291.1 896.3 655.9 313.0 678.4 437.0 739.9 872.2 608.5 740.6 673.9 309.6 99.6 680.2 77.0 92.3 697.1 629.4 694.3 454.9 293.7 859.4 735.8 485.0 100.5 719.7 300.0
1725.6 413.1 626.4 403.2 669.0 293.5 732.7 362.4 650.4 283.1 606.3 359.2 467.0 136.6 372.4 355.5 475.9 552.5 461.6 666.6 644.7 352.1 477.4 555.7 370.1 650.9 515.3 495.0 636.4 143.7 318.2 203.6 353.6 366.8 569.3 583.0 451.6 722.0 468.0 237.6 565.9 394.3 127.5 494.7 345.0 71.2 646.5 394.6 98.5 439.1 359.1 756.0 424.8 574.2 0.0 779.0 381.4 659.4 407.2 702.8 186.7 474.1 573.5 358.5 149.3 482.9 549.9 450.3 368.0 482.9 287.5 14.4 274.4 598.4 216.9 437.3 632.2 799.2 153.9 702.4 630.6 206.1 372.6 635.1 544.9 540.0 655.8 347.8 353.4 422.9 677.9 442.2 678.6 455.2 595.8 419.1 429.7 51.2 321.9 627.5 671.5 514.9 371.5 420.9 463.9 269.5 104.9 362.1 217.6 399.6 591.5 447.5 246.1 361.6 314.0 432.0 466.3 108.8 562.6 481.3 756.2 433.8 599.1 388.4 399.7 439.8 426.8 783.4 313.4 191.5 577.9 514.0 88.4 568.2 110.1 347.5 500.8 764.9 277.3 520.3 383.2 383.0 444.7 572.6 84.9 362.0 378.7 550.2 554.4 172.5 531.8 547.1 335.3 121.7 231.7 304.5 487.3 559.8 440.6 431.0 585.1 424.5 724.8
2041.9 594.5 969.0 394.9 1011.6 634.4 1075.3 649.9 993.0 624.0 981.7 655.7 429.9 660.0 757.6 696.4 738.0 927.9 837.0 1009.2 987.3 396.1 852.8 931.1 758.6 993.5 890.7 870.4 1011.8 730.5 659.1 764.5 664.3 752.0 944.7 958.4 827.0 1064.6 463.5 719.9 941.3 357.2 690.5 870.1 761.4 788.7 989.1 357.5 780.1 814.5 403.1 59.9 387.7 949.6 776.3 0.0 668.9 1002.0 694.7 1045.4 672.7 437.0 948.9 350.2 646.6 445.8 925.3 737.8 330.9 498.0 628.4 761.8 695.9 973.8 777.8 481.3 974.8 48.8 714.8 1045.0 965.3 767.0 713.5 977.7 920.3 915.4 998.4 688.7 345.1 385.8 1020.5 729.7 1021.2 742.7 971.2 706.6 717.2 769.1 738.3 970.1 1014.1 558.9 334.4 560.0 426.8 803.3 752.8 647.9 778.5 362.5 966.9 822.9 747.6 405.6 654.9 548.9 753.8 709.5 938.0 856.7 113.8 396.7 974.5 380.1 581.2 483.8 389.7 3.1 654.3 662.3 953.3 889.4 697.6 943.6 692.3 688.4 876.2 194.7 618.2 895.7 374.9 670.5 407.6 834.7 766.5 702.9 422.7 925.6 929.8 733.4 907.2 922.5 676.2 707.2 682.6 775.5 862.7 821.9 403.5 718.5 960.5 468.5 1067.4
1610.5 547.9 493.4 474.4 536.0 448.1 599.7 17.7 517.4 437.7 473.3 489.7 538.2 420.3 443.6 465.7 547.1 419.5 328.6 533.6 511.7 423.3 344.4 422.7 441.3 517.9 382.3 362.0 503.4 427.4 472.8 487.3 508.2 438.0 436.3 450.0 318.6 589.0 539.2 507.6 432.9 465.5 411.2 361.7 416.2 280.3 513.5 465.8 398.1 306.1 430.3 632.5 496.0 441.2 362.1 655.5 0.0 526.4 25.7 569.8 460.4 545.3 440.5 429.7 433.0 554.1 416.9 68.8 439.2 577.5 442.1 347.6 345.6 465.4 500.6 508.5 499.2 675.7 437.6 569.4 497.6 489.8 479.7 502.1 411.9 407.0 522.8 502.4 424.6 494.1 544.9 60.7 545.6 73.7 462.8 37.6 48.2 300.3 393.1 494.5 538.5 586.1 442.7 555.7 535.1 340.7 244.4 516.7 501.3 470.8 458.5 314.5 529.8 432.8 468.6 566.8 84.8 392.5 429.6 348.3 632.7 505.0 466.1 459.6 534.5 511.0 498.0 659.9 468.0 450.0 444.9 381.0 372.1 435.2 393.8 454.6 367.8 641.4 431.9 387.3 454.4 1.5 515.9 643.8 384.5 516.6 449.9 417.2 421.4 456.2 398.8 414.1 473.1 405.4 470.3 267.1 354.3 631.0 511.8 49.5 452.1 495.7 591.8
1560.3 837.0 98.0 763.5 146.7 737.2 127.7 481.5 45.4 726.8 181.6 778.8 827.3 709.4 732.7 754.8 817.9 468.8 377.9 118.0 136.4 712.4 382.1 464.6 730.4 120.9 431.6 411.3 170.7 716.5 761.9 776.4 797.3 727.1 319.6 211.3 367.9 117.0 828.3 796.7 228.4 754.6 700.3 411.0 705.3 569.4 42.9 754.9 687.2 343.8 719.4 949.1 785.1 208.2 651.2 972.1 500.5 0.0 526.3 97.8 749.5 834.4 209.8 718.8 722.1 843.2 466.2 569.4 728.3 866.6 731.2 636.7 616.4 173.7 789.7 797.6 123.9 992.3 726.7 169.0 124.3 778.9 768.8 90.9 253.7 456.3 128.8 791.5 713.7 783.2 147.9 561.3 106.0 574.3 346.1 538.2 548.8 589.4 682.2 97.5 66.5 875.2 731.8 844.8 824.2 469.3 533.5 805.8 790.4 759.9 225.5 352.2 818.9 721.9 757.7 855.9 585.4 681.6 312.9 397.6 949.3 794.1 144.6 748.7 823.6 800.1 787.1 976.5 757.1 739.1 177.2 264.3 661.2 215.1 682.9 743.7 417.1 958.0 721.0 436.6 743.5 502.1 805.0 914.6 673.6 805.7 739.0 454.9 239.9 745.3 238.0 247.2 762.2 694.5 759.4 520.0 403.6 901.8 800.9 550.1 198.2 784.8 163.1
1634.8 572.2 517.7 498.7 560.3 472.4 624.0 42.0 541.7 462.0 497.6 514.0 562.5 444.6 467.9 490.0 571.4 443.8 352.9 557.9 536.0 447.6 368.7 447.0 465.6 542.2 406.6 386.3 527.7 451.7 497.1 511.6 532.5 462.3 460.6 474.3 342.9 613.3 563.5 531.9 457.2 489.8 435.5 386.0 440.5 304.6 537.8 490.1 422.4 330.4 454.6 656.8 520.3 465.5 386.4 679.8 24.2 550.7 0.0 594.1 484.7 569.6 464.8 454.0 457.3 578.4 441.2 43.0 463.5 601.8 466.4 371.9 369.9 489.7 524.9 532.8 523.5 700.0 461.9 593.7 521.9 514.1 504.0 526.4 436.2 431.3 547.1 526.7 448.9 518.4 569.2 34.9 569.9 47.9 487.1 11.8 22.4 324.6 417.4 518.8 562.8 610.4 467.0 580.0 559.4 365.0 268.7 541.0 525.6 495.1 482.8 338.8 554.1 457.1 492.9 591.1 59.0 416.8 453.9 372.6 657.0 529.3 490.4 483.9 558.8 535.3 522.3 684.2 492.3 474.3 469.2 405.3 396.4 459.5 418.1 478.9 392.1 665.7 456.2 411.6 478.7 22.6 540.2 668.1 408.8 540.9 474.2 441.5 445.7 480.5 423.1 438.4 497.4 429.7 494.6 291.4 378.6 655.3 536.1 23.7 476.4 520.0 616.1
1557.5 890.4 80.4 816.9 71.1 790.6 27.5 534.9 52.3 780.2 235.0 832.2 880.7 762.8 786.1 808.2 871.3 487.7 410.5 42.4 64.3 765.8 379.3 461.8 783.8 174.3 450.5 443.9 224.1 769.9 815.3 829.8 850.7 780.5 319.1 264.7 400.5 16.8 881.7 850.1 281.8 808.0 753.7 443.6 758.7 622.8 96.3 808.3 740.6 341.0 772.8 1002.5 838.5 261.6 704.6 1025.5 553.9 87.8 579.7 0.0 802.9 887.8 263.2 772.2 775.5 896.6 498.8 624.2 781.7 920.0 784.6 690.1 669.8 227.1 843.1 851.0 76.8 1045.7 780.1 68.8 177.7 832.3 822.2 73.3 307.1 477.5 53.2 844.9 767.1 836.6 201.3 614.7 30.4 627.7 345.6 591.6 602.2 642.8 735.6 150.9 31.2 928.6 785.2 898.2 877.6 522.7 586.9 859.2 843.8 813.3 278.9 349.4 872.3 775.3 811.1 909.3 638.8 735.0 312.4 430.2 1002.7 847.5 198.0 802.1 877.0 853.5 840.5 1029.9 810.5 792.5 230.6 263.8 714.6 268.5 736.3 797.1 433.6 1011.4 774.4 455.5 796.9 555.5 858.4 968.0 727.0 859.1 792.4 452.1 293.3 798.7 291.4 300.6 815.6 747.9 812.8 573.4 436.2 955.2 854.3 603.5 251.6 838.2 65.2
1828.6 307.8 729.4 391.4 772.0 188.2 835.7 465.4 753.4 177.8 721.3 253.9 455.2 69.6 328.9 250.2 474.9 655.5 564.6 769.6 747.7 346.0 580.4 658.7 329.9 753.9 618.3 592.3 739.4 134.4 212.9 200.0 248.3 323.3 672.3 686.0 554.6 825.0 458.2 163.7 668.9 388.2 82.4 597.7 326.9 174.2 744.2 382.8 165.2 542.1 353.0 650.7 413.0 677.2 161.4 673.7 484.4 762.4 510.2 805.8 0.0 468.0 676.5 344.6 68.5 471.1 652.9 553.3 356.2 377.6 186.9 146.9 267.7 701.4 207.6 425.5 735.2 699.6 144.6 805.4 733.6 202.5 265.1 738.1 642.2 643.0 758.8 242.5 341.6 416.8 780.9 545.2 781.6 558.2 698.8 522.1 540.6 154.2 315.8 730.5 774.5 508.8 359.7 315.6 452.1 372.5 207.9 256.8 208.3 393.5 694.6 550.5 191.4 349.8 208.7 332.4 569.5 113.4 665.6 584.3 650.9 422.0 702.1 376.6 294.4 428.0 415.0 678.1 208.1 52.6 680.9 617.0 97.9 671.2 71.4 242.2 603.8 665.3 172.0 623.3 371.4 480.3 430.2 565.9 151.6 256.7 366.9 653.2 657.4 163.2 634.8 650.1 230.0 112.4 126.4 401.8 584.6 553.1 428.8 534.0 688.1 412.7 827.8
2308.7 416.2 1209.5 216.6 1252.1 538.7 1315.8 945.5 1233.5 546.3 1201.4 477.4 7.1 664.5 579.3 541.7 902.6 1138.6 1047.7 1249.7 1227.8 235.8 1063.5 1141.8 580.3 1234.0 1101.4 1081.1 1219.5 735.0 488.7 769.0 486.0 573.7 1155.4 1169.1 1037.7 1305.1 283.4 724.4 1152.0 89.7 695.0 1080.8 577.3 793.6 1224.3 89.4 784.6 1025.2 227.1 1127.4 59.2 1160.3 780.8 1150.4 964.5 1242.5 990.3 1285.9 682.9 0.0 1159.6 169.8 651.1 80.2 1136.0 1033.4 119.2 319.7 553.1 766.3 701.1 1181.5 782.3 321.0 1215.3 1170.6 719.3 1285.5 1242.1 771.5 533.5 1218.2 1131.0 1126.1 1238.9 600.9 166.8 61.1 1261.0 1025.3 1261.7 1038.3 1181.9 1002.2 1012.8 773.6 597.8 1210.6 1254.6 398.6 140.7 381.7 73.9 790.5 776.3 469.6 783.0 150.8 1177.7 1033.6 752.1 245.3 559.2 370.6 1049.6 714.0 1148.7 1067.4 1127.6 50.2 1182.2 201.8 402.9 337.9 57.2 1154.8 531.1 666.8 1164.0 1100.1 698.5 1154.3 696.8 510.6 1086.9 1136.3 558.3 1106.4 196.6 966.1 56.1 999.3 771.0 568.9 268.9 1136.3 1140.5 737.9 1117.9 1133.2 549.1 711.7 687.1 887.6 1073.4 986.5 37.9 1014.1 1171.2 308.2 1307.9
1604.1 822.1 213.2 748.6 255.8 722.3 301.5 446.4 219.2 711.9 166.8 763.9 812.4 674.3 717.8 739.9 764.8 334.5 257.3 253.4 231.5 697.5 226.1 308.6 715.5 219.7 297.3 290.7 136.7 681.4 747.0 741.3 782.4 712.2 147.9 41.5 247.3 290.8 813.4 781.8 58.6 739.7 665.2 290.4 690.4 534.3 215.3 740.0 652.1 187.8 704.5 917.4 770.2 98.9 616.1 940.4 465.4 228.2 491.2 271.6 734.6 819.5 0.0 703.9 708.5 828.3 345.6 534.3 713.4 851.7 716.3 601.6 563.3 173.9 754.6 782.7 219.0 960.6 691.6 289.2 96.0 743.8 753.9 221.9 82.0 324.3 242.6 776.6 698.8 768.3 246.7 526.2 279.8 539.2 174.4 503.1 513.7 554.3 667.3 196.3 240.3 860.3 716.9 829.9 809.3 416.2 498.4 790.9 755.3 745.0 116.2 196.2 809.5 707.0 742.8 841.0 550.3 646.5 141.2 277.0 917.6 779.2 144.8 733.8 808.7 785.2 772.2 944.8 742.2 724.2 73.6 92.6 626.1 5.2 647.8 728.8 280.4 926.3 706.1 302.3 728.6 467.0 790.1 861.5 638.5 790.8 724.1 298.9 70.1 710.2 66.3 77.4 747.3 659.4 744.5 484.9 283.0 848.7 786.0 515.0 11.6 769.9 311.6
2168.9 276.4 1069.7 78.9 1112.3 398.9 1175.5 805.7 1093.2 406.5 1061.6 337.6 168.7 524.7 439.5 401.9 762.8 998.8 907.9 1109.9 1088.0 106.0 923.7 1001.5 440.5 1094.2 961.6 940.8 1079.2 595.2 348.9 628.7 346.2 433.9 1015.1 1029.3 897.9 1165.3 143.6 584.6 1017.9 96.0 555.2 941.0 437.5 653.8 1084.5 96.3 644.8 885.4 75.6 987.6 126.5 1020.5 641.0 1010.6 824.7 1102.7 850.5 1146.1 543.1 173.2 1019.8 0.0 511.3 184.6 996.2 893.1 69.7 179.9 413.3 626.5 561.3 1041.7 642.5 187.9 1075.5 1030.8 579.5 1145.7 1102.3 631.2 393.7 1078.4 990.7 986.3 1099.1 461.1 29.1 122.0 1120.7 885.0 1121.9 898.5 1042.1 862.4 880.9 633.8 457.5 1070.8 1114.8 265.5 73.2 241.9 165.6 650.7 636.5 329.3 643.2 98.7 1037.9 893.8 612.3 126.2 419.4 230.8 909.1 574.2 1008.9 927.1 987.8 135.5 1042.4 29.8 263.1 190.4 128.5 1015.0 391.3 526.5 1024.2 960.3 558.7 1014.5 557.0 370.8 947.1 996.5 418.5 966.6 58.9 825.8 143.7 859.5 631.2 429.1 99.4 996.5 1000.7 598.1 977.6 992.9 409.3 571.9 547.3 747.8 933.6 846.2 142.3 874.3 1031.4 175.1 1168.1
1802.8 273.6 703.6 357.2 746.2 154.0 809.9 512.7 727.6 143.6 683.5 219.7 421.0 47.7 294.7 216.0 435.0 629.7 538.8 743.8 721.9 306.1 554.6 632.9 295.7 728.1 592.5 572.2 713.6 118.2 178.7 174.1 214.1 289.1 646.5 660.2 528.8 799.2 422.0 129.5 643.1 348.3 56.6 571.9 292.7 148.4 723.7 348.6 139.4 516.3 313.1 616.5 378.8 651.4 135.6 639.5 531.7 736.6 557.5 780.0 63.0 428.1 650.7 312.5 0.0 436.9 627.1 600.6 322.0 343.4 148.0 121.1 233.5 675.6 187.4 391.3 709.4 659.7 124.4 779.6 707.8 176.6 233.1 712.3 622.1 617.2 733.0 208.3 307.4 376.9 755.1 592.5 755.8 605.5 673.0 569.4 580.0 128.4 275.9 704.7 748.7 468.9 325.5 281.4 417.9 340.9 182.1 222.6 188.1 353.6 668.7 524.7 157.2 315.6 174.5 292.5 616.8 93.4 639.8 558.5 616.7 387.8 676.3 342.4 260.2 393.8 380.8 643.9 173.9 70.0 655.1 591.2 85.3 645.4 45.6 208.0 578.0 625.4 137.8 597.5 337.2 533.3 398.7 531.7 125.8 222.5 332.7 627.4 631.6 143.0 609.0 624.3 195.8 96.2 92.2 381.7 564.5 518.9 394.6 581.3 662.3 378.5 802.0
2297.5 405.0 1198.3 205.4 1240.9 527.5 1304.6 934.3 1222.3 535.1 1178.2 466.2 73.1 653.3 568.1 530.5 891.4 1127.4 1036.5 1238.5 1216.6 224.6 1052.3 1130.6 569.1 1222.8 1090.2 1069.9 1208.3 723.8 477.5 757.8 474.8 562.5 1144.2 1157.9 1026.5 1293.9 274.0 713.2 1140.8 78.5 683.8 1069.6 566.1 782.4 1218.4 78.2 773.4 1014.0 215.9 1116.2 48.0 1149.1 769.6 1139.2 953.3 1231.3 979.1 1274.7 666.0 80.2 1148.4 160.7 639.9 0.0 1124.8 1022.2 108.0 308.5 539.5 755.1 689.9 1170.3 771.1 309.8 1204.1 1159.4 708.1 1274.3 1230.9 760.3 524.5 1207.0 1119.8 1114.9 1227.7 589.7 155.6 49.9 1249.8 1014.1 1250.5 1027.1 1170.7 991.0 1001.6 762.4 586.6 1199.4 1243.4 387.4 129.5 370.5 91.7 779.3 765.1 458.4 771.8 139.6 1166.4 1022.4 740.9 234.1 548.0 359.4 1038.4 702.8 1137.5 1056.2 1116.4 39.0 1171.0 190.6 391.7 326.7 46.0 1143.6 519.9 655.6 1152.8 1088.9 690.9 1143.1 685.6 499.4 1075.7 1125.1 547.1 1095.2 185.4 954.9 100.2 988.1 759.8 557.7 257.7 1125.1 1129.3 726.7 1106.7 1122.0 537.9 700.5 675.9 876.4 1062.2 975.3 32.2 1002.9 1160.0 297.0 1296.7
1700.3 777.8 432.5 704.3 475.1 678.0 549.8 402.1 482.1 667.6 474.9 719.6 768.1 630.0 673.5 695.6 720.5 54.7 109.6 472.7 450.8 653.2 116.8 52.8 671.2 527.8 61.6 43.5 444.8 637.1 702.7 697.0 738.1 667.9 332.0 345.7 107.4 544.4 769.1 737.5 328.6 695.4 620.9 43.8 646.1 490.0 523.4 695.7 607.8 145.1 660.2 873.1 725.9 336.9 571.8 896.1 421.1 517.6 446.9 525.2 690.3 775.2 336.2 659.6 664.2 784.0 0.0 490.0 669.1 807.4 672.0 557.3 519.0 479.7 710.3 738.4 438.3 916.3 647.3 508.5 418.7 699.5 709.6 441.2 307.6 37.1 461.9 732.3 654.5 724.0 554.8 481.9 484.7 494.9 358.5 458.8 469.4 510.0 623.0 504.4 498.7 816.0 672.6 785.6 765.0 371.9 454.1 746.6 711.0 700.7 354.2 136.7 765.2 662.7 698.5 796.7 506.2 602.2 325.3 77.7 873.3 734.9 452.9 689.5 764.4 740.9 727.9 900.5 697.9 679.9 340.6 276.7 581.8 330.9 603.5 684.5 67.1 882.0 661.8 66.6 684.3 422.7 745.8 817.2 594.2 746.5 679.8 62.5 317.1 665.9 294.5 309.8 703.0 615.1 700.2 440.6 71.7 804.4 741.7 470.7 347.8 725.6 530.9
1676.6 614.0 560.9 540.5 602.1 514.2 665.8 83.8 584.9 505.2 552.8 555.8 604.3 486.4 509.7 531.8 613.2 485.6 394.7 601.1 577.8 489.4 410.5 488.8 507.4 584.0 448.4 428.1 569.5 493.5 538.9 553.4 574.3 504.1 502.4 516.1 384.7 656.5 608.7 573.7 504.7 531.6 477.3 427.8 482.3 346.4 579.6 531.9 464.2 372.2 496.4 698.6 562.1 507.3 428.2 721.6 66.0 592.5 41.7 635.9 530.8 611.4 506.6 497.2 499.1 620.2 483.0 0.0 505.3 643.6 512.9 413.7 411.7 531.5 568.1 576.0 565.3 741.8 505.1 635.5 563.7 555.9 545.8 568.2 478.0 473.1 588.9 568.5 490.7 560.2 611.0 8.3 611.7 3.4 528.9 28.8 40.8 366.4 459.2 560.6 604.6 652.2 508.8 621.8 601.2 408.2 310.5 584.2 568.8 536.9 524.7 380.6 595.9 498.9 536.1 632.9 16.1 458.6 497.1 414.4 698.8 571.1 532.2 525.7 600.6 577.1 564.1 726.0 534.1 516.1 512.4 448.5 442.0 501.3 459.9 520.7 433.9 707.5 498.0 453.4 520.5 64.4 579.3 709.9 450.6 584.1 516.0 483.3 488.9 522.3 464.9 480.2 539.2 472.9 536.4 333.2 420.4 697.1 577.9 18.5 518.2 561.8 657.9
2210.9 318.4 1111.7 118.8 1154.3 440.9 1218.0 847.7 1135.7 448.5 1091.6 379.6 118.4 566.7 481.5 443.9 804.8 1040.8 949.9 1151.9 1130.0 138.0 965.7 1044.0 482.5 1136.2 1003.6 983.3 1121.7 637.2 390.9 671.2 388.2 475.9 1057.6 1071.3 939.9 1207.3 187.4 626.6 1054.2 45.7 597.2 983.0 479.5 695.8 1131.8 46.0 686.8 927.4 129.3 1029.6 76.2 1062.5 683.0 1052.6 866.7 1144.7 892.5 1188.1 579.4 125.5 1061.8 74.1 553.3 134.3 1038.2 937.0 0.0 221.9 452.9 668.5 603.3 1083.7 684.5 223.2 1117.5 1072.8 621.5 1187.7 1144.3 673.7 437.9 1120.4 1033.2 1028.3 1141.1 503.1 69.0 74.3 1163.2 927.5 1163.9 940.5 1084.1 904.4 915.0 675.8 500.0 1112.8 1156.8 300.8 22.9 283.9 115.3 692.7 678.5 371.8 685.2 31.6 1079.8 935.8 654.3 147.5 461.4 272.8 951.6 616.2 1050.9 969.6 1029.8 85.2 1084.4 104.0 305.1 240.1 78.2 1057.0 433.3 569.0 1066.2 1002.3 604.3 1056.5 599.0 412.8 989.1 1038.5 460.5 1008.6 98.8 868.3 96.1 901.5 673.2 471.1 171.1 1038.5 1042.7 640.1 1020.1 1035.4 451.3 613.9 589.3 789.8 975.6 888.7 92.0 916.3 1073.4 210.4 1210.1
1988.9 96.4 889.7 152.5 932.3 218.9 996.0 625.7 913.7 226.5 869.6 157.6 305.1 344.7 259.5 221.9 582.8 818.8 727.9 929.9 908.0 205.4 743.7 822.0 260.5 914.2 781.6 761.3 899.7 415.2 168.9 449.2 166.2 253.9 835.6 849.3 717.9 985.3 105.6 404.6 832.2 232.4 375.2 761.0 257.5 473.8 909.8 232.7 464.8 705.4 177.1 807.6 262.9 840.5 461.0 830.6 644.7 922.7 670.5 966.1 357.4 312.2 839.8 183.3 331.3 321.0 816.2 713.6 206.1 0.0 230.9 446.5 381.3 861.7 462.5 132.7 895.5 850.8 399.5 965.7 922.3 451.7 215.9 898.4 811.2 806.3 919.1 281.1 153.8 261.0 941.2 705.5 941.9 718.5 862.1 682.4 693.0 453.8 278.0 890.8 934.8 210.3 209.6 61.9 302.0 470.7 456.5 149.8 463.2 237.7 857.8 713.8 432.3 227.7 239.4 50.8 729.8 394.2 828.9 747.6 807.8 271.9 862.4 176.5 83.1 107.7 264.9 835.0 211.3 347.0 844.2 780.3 382.3 834.5 377.0 190.8 767.1 816.5 238.5 786.6 152.5 646.3 282.8 679.5 451.2 249.1 174.7 816.5 820.7 418.1 798.1 813.4 229.3 391.9 367.3 567.8 753.6 666.7 278.7 694.3 851.4 166.0 988.1
1832.0 164.6 732.8 285.4 775.4 20.7 839.1 511.6 761.7 4.5 724.7 106.4 349.2 152.5 146.6 67.9 412.8 661.9 571.0 773.0 751.1 234.3 586.8 665.1 147.6 757.3 624.7 609.3 747.7 223.0 65.4 257.0 131.3 141.0 678.7 692.4 561.0 828.4 317.4 212.4 681.0 276.5 183.0 604.1 144.6 281.6 747.6 276.8 272.6 548.5 236.6 615.4 307.0 683.6 268.8 638.4 530.6 765.8 556.4 809.2 170.9 356.3 682.9 238.6 139.1 365.1 659.3 600.9 250.2 234.4 0.0 254.3 206.4 704.8 270.3 314.8 738.6 658.6 207.3 808.8 765.4 264.4 82.8 741.5 659.2 649.4 762.2 141.6 235.6 305.1 784.3 596.3 785.0 604.4 705.2 568.3 586.8 261.6 160.4 733.9 777.9 392.4 253.7 172.4 346.1 313.8 315.3 129.7 271.0 281.8 705.9 556.9 240.1 243.8 41.2 185.4 620.6 202.0 672.0 595.6 615.6 316.0 705.5 270.6 151.2 322.0 309.0 642.8 25.8 154.8 687.3 623.4 186.5 677.6 184.8 59.9 610.2 624.3 71.1 629.7 265.4 537.1 324.2 504.6 259.0 154.1 260.9 659.6 663.8 225.9 641.2 656.5 47.7 199.7 175.1 410.9 601.6 496.7 322.8 580.2 694.5 306.7 831.2
1711.1 398.6 611.9 388.7 654.5 279.0 718.2 347.9 635.9 268.6 591.8 344.7 452.5 122.1 357.9 341.0 461.4 538.0 447.1 652.1 630.2 337.6 462.9 541.2 355.6 636.4 500.8 480.5 621.9 129.2 303.7 189.1 339.1 352.3 554.8 568.5 437.1 707.5 453.5 223.1 551.4 379.8 113.0 480.2 330.5 56.7 632.0 380.1 99.9 424.6 344.6 741.5 410.3 559.7 14.4 764.5 366.9 644.9 392.7 688.3 172.2 459.6 559.0 344.0 134.8 468.4 535.4 435.8 353.5 468.4 273.0 0.0 259.9 583.9 202.4 422.8 617.7 784.7 139.4 687.9 616.1 191.6 358.1 620.6 530.4 525.5 641.3 333.3 338.9 408.4 663.4 427.7 664.1 440.7 581.3 404.6 415.2 36.7 307.4 613.0 657.0 500.4 357.0 406.4 449.4 255.0 90.4 347.6 203.1 385.1 577.0 433.0 231.6 347.1 299.5 417.5 451.8 94.3 548.1 466.8 741.7 419.3 584.6 373.9 385.2 425.3 412.3 768.9 298.9 177.0 563.4 499.5 73.9 553.7 95.6 333.0 486.3 750.4 262.8 505.8 368.7 368.5 430.2 558.1 86.3 347.5 364.2 535.7 539.9 158.0 517.3 532.6 320.8 107.2 217.2 290.0 472.8 545.3 426.1 416.5 570.6 410.0 710.3
1718.0 314.7 599.0 241.2 641.6 214.9 679.9 354.8 597.6 204.5 553.5 256.5 305.0 214.5 210.4 232.5 201.4 481.7 390.8 639.2 617.3 190.1 406.6 484.9 208.1 598.1 444.5 424.2 611.3 285.0 239.6 319.0 275.0 204.8 498.5 512.2 380.8 669.2 306.0 274.4 495.1 232.3 245.0 423.9 183.0 221.5 593.7 232.6 334.6 368.3 197.1 657.0 262.8 503.4 303.3 680.0 373.8 606.6 399.6 650.0 227.2 312.1 502.7 196.5 201.1 320.9 479.1 442.7 206.0 344.3 208.9 288.8 0.0 545.6 332.3 275.3 604.8 700.2 269.3 675.0 585.2 321.5 246.5 607.7 474.1 469.2 628.4 269.2 191.4 260.9 625.1 434.6 651.2 447.6 525.0 411.5 422.1 241.5 159.9 574.7 618.7 352.9 209.5 322.5 301.9 133.6 185.6 283.5 333.0 237.6 520.7 376.7 302.1 199.6 235.4 333.6 458.7 264.0 491.8 410.5 657.2 271.8 546.3 226.4 301.3 277.8 264.8 684.4 234.8 216.8 507.1 443.2 252.1 497.4 246.8 221.4 430.0 665.9 198.7 449.5 221.2 375.4 282.7 298.1 321.0 283.4 216.7 479.4 483.6 287.9 461.0 476.3 239.9 261.7 237.1 296.9 416.5 285.3 278.6 423.4 514.3 262.5 697.4
1591.4 784.9 177.1 711.4 219.7 685.1 265.4 429.4 183.1 674.7 19.9 726.7 775.2 657.3 680.6 702.7 765.8 416.7 325.8 217.3 195.4 660.3 341.6 419.9 678.3 183.6 379.5 359.2 38.0 664.4 709.8 724.3 745.2 675.0 279.5 195.4 315.8 254.7 776.2 744.6 212.5 702.5 648.2 358.9 653.2 517.3 179.2 702.8 635.1 303.3 667.3 900.4 733.0 120.8 599.1 923.4 448.4 192.1 474.2 235.5 697.4 782.3 193.9 664.6 670.0 791.1 414.1 517.3 676.2 814.5 683.8 584.6 564.3 0.0 737.6 745.5 182.9 943.6 674.6 253.1 108.4 726.8 714.5 185.8 213.6 404.2 206.5 739.4 661.6 731.1 210.6 509.2 243.7 522.2 306.0 486.1 496.7 537.3 630.1 160.2 204.2 823.1 679.7 792.7 772.1 417.2 481.4 753.7 738.3 707.8 139.7 311.7 766.8 669.8 705.6 803.8 533.3 629.5 272.8 345.5 900.6 742.0 76.9 696.6 771.5 748.0 735.0 927.8 705.0 687.0 141.8 224.2 609.1 199.2 630.8 691.6 365.0 909.3 668.9 384.5 691.4 450.0 752.9 862.5 621.5 753.6 686.9 414.4 220.5 693.2 197.9 213.2 710.1 642.4 707.3 467.9 351.5 849.7 748.8 498.0 182.3 732.7 275.5
1885.8 365.3 786.6 448.9 829.2 245.7 892.9 522.6 810.6 235.3 766.5 311.4 512.7 145.7 386.4 307.7 526.7 712.7 621.8 826.8 804.9 397.8 637.6 715.9 387.4 811.1 675.5 655.2 796.6 152.4 270.4 43.6 305.8 380.8 729.5 743.2 611.8 882.2 513.7 164.1 726.1 440.0 197.5 654.9 384.4 231.4 806.7 440.3 222.4 599.3 404.8 708.2 470.5 734.4 218.6 731.2 541.6 819.6 567.4 863.0 200.3 519.8 733.7 404.2 174.2 528.6 710.1 610.5 413.7 435.1 239.7 204.1 325.2 758.6 0.0 483.0 792.4 751.4 52.9 862.6 790.8 41.1 324.8 795.3 705.1 700.2 816.0 300.0 399.1 468.6 838.1 602.4 838.8 615.4 756.0 579.3 589.9 211.4 367.6 787.7 831.7 560.6 417.2 373.1 509.6 429.7 265.1 314.3 38.5 445.3 751.7 607.7 172.6 407.3 266.2 384.2 626.7 166.1 722.8 641.5 708.4 479.5 759.3 434.1 351.9 485.5 472.5 735.6 265.6 189.9 738.1 674.2 139.9 728.4 197.3 299.7 661.0 717.1 229.5 680.5 428.9 543.2 490.4 623.4 208.8 314.2 424.4 710.4 714.6 34.3 692.0 707.3 287.5 97.7 162.9 464.7 647.5 610.6 486.3 591.2 745.3 470.2 885.0
2101.7 209.2 1002.5 183.0 1045.1 331.7 1108.8 738.5 1026.5 339.3 994.4 270.4 315.2 457.5 372.3 334.7 695.6 931.6 840.7 1042.7 1020.8 144.1 856.5 934.8 373.3 1027.0 894.4 874.1 1012.5 528.0 281.7 562.0 279.0 366.7 948.4 962.1 830.7 1098.1 89.4 517.4 945.0 242.5 488.0 873.8 370.3 586.6 1017.3 242.8 577.6 818.2 131.1 920.4 273.0 953.3 573.8 943.4 757.5 1035.5 783.3 1078.9 475.9 322.3 952.6 189.0 444.1 331.1 929.0 826.4 216.2 112.7 346.1 559.3 494.1 974.5 575.3 0.0 1008.3 963.6 512.3 1078.5 1035.1 564.5 328.7 1011.2 924.0 919.1 1031.9 393.9 184.3 271.1 1054.0 818.3 1054.7 831.3 974.9 795.2 813.7 566.6 390.8 1003.6 1047.6 77.5 219.7 174.7 312.1 583.5 569.3 262.6 576.0 247.8 970.7 826.6 545.1 166.4 352.2 163.6 842.6 507.0 941.7 860.4 920.6 282.0 975.2 182.2 195.9 24.9 275.0 947.8 324.1 459.8 957.0 893.1 491.5 947.3 489.8 303.6 879.9 929.3 351.3 899.4 158.2 759.1 290.2 792.3 564.0 361.9 122.4 929.3 933.5 530.9 910.9 926.2 342.1 504.7 480.1 680.6 866.4 779.5 288.8 807.1 964.2 75.7 1100.9
1480.6 817.5 29.6 744.0 36.7 717.7 111.4 462.0 79.2 707.3 180.1 759.3 807.8 689.9 713.2 735.3 841.1 410.8 333.6 34.3 12.4 692.9 302.4 384.9 710.9 171.0 373.6 367.0 169.2 697.0 742.4 756.9 777.8 707.6 242.2 209.8 323.6 106.0 808.8 777.2 226.9 735.1 680.8 366.7 685.8 549.9 123.2 735.4 667.7 264.1 699.9 929.6 765.6 206.7 631.7 952.6 481.0 114.7 506.8 86.8 730.0 814.9 208.3 699.3 702.6 823.7 421.9 549.9 708.8 847.1 711.7 617.2 639.6 172.2 770.2 778.1 0.0 972.8 707.2 70.1 122.8 759.4 749.3 38.3 237.8 400.6 23.5 772.0 694.2 763.7 198.0 541.8 46.3 554.8 268.7 518.7 529.3 569.9 662.7 147.6 75.8 855.7 712.3 825.3 804.7 492.5 514.0 786.3 770.9 740.4 224.0 272.5 799.4 702.4 738.2 836.4 565.9 662.1 235.5 353.3 929.8 774.6 143.1 729.2 804.1 780.6 767.6 957.0 737.6 719.6 175.7 186.9 641.7 213.6 663.4 724.2 356.7 938.5 701.5 378.6 724.0 482.6 785.5 937.8 654.1 786.2 719.5 375.2 238.4 725.8 224.7 240.0 742.7 675.0 739.9 500.5 359.3 925.0 781.4 530.6 196.7 765.3 92.5
2042.1 594.7 969.2 395.1 1011.8 634.6 1075.5 650.1 993.2 624.2 993.9 655.9 430.1 660.2 757.8 696.6 738.2 928.1 837.2 1009.4 987.5 396.3 853.0 931.3 758.8 993.7 890.9 870.6 1012.0 730.7 659.3 764.7 664.5 752.2 944.9 958.6 827.2 1064.8 461.9 720.1 947.2 357.4 690.7 870.3 761.6 788.9 984.0 357.7 780.3 814.7 403.3 60.1 387.9 949.8 776.5 58.8 669.1 1002.2 694.9 1045.6 672.9 437.2 949.1 348.3 646.8 446.0 925.5 738.0 331.1 498.2 633.3 762.0 696.1 974.0 778.0 481.5 975.0 0.0 715.0 1045.2 965.5 767.2 713.7 977.9 920.5 915.6 998.6 688.9 345.3 386.0 1020.7 729.9 1021.4 742.9 971.4 706.8 725.3 769.3 738.5 970.3 1014.3 559.1 334.6 560.2 427.0 803.5 753.0 648.1 778.7 362.7 967.2 823.1 747.8 405.8 655.1 549.1 754.2 709.7 938.2 856.9 93.1 396.9 974.7 380.3 581.4 484.0 389.9 63.2 654.5 662.5 953.5 889.6 697.8 943.8 692.5 688.6 876.4 194.9 618.4 895.9 375.1 670.7 405.1 834.9 766.7 703.1 422.9 925.8 930.0 733.6 907.4 922.7 676.4 707.4 682.8 775.7 862.9 822.1 403.7 718.7 960.7 468.7 1067.6
1832.8 312.3 733.6 395.9 776.2 192.7 839.9 469.6 757.6 182.3 713.5 258.4 459.7 92.7 333.4 254.7 473.7 659.7 568.8 773.8 751.9 344.8 584.6 662.9 334.4 758.1 622.5 602.2 743.6 99.4 217.4 49.6 252.8 327.8 676.5 690.2 558.8 829.2 460.7 111.1 673.1 387.0 144.5 601.9 331.4 178.4 753.7 387.3 169.4 546.3 351.8 655.2 417.5 681.4 165.6 678.2 488.6 766.6 514.4 810.0 147.3 466.8 680.7 351.2 121.2 475.6 657.1 557.5 360.7 382.1 186.7 151.1 272.2 705.6 62.9 430.0 739.4 698.4 0.0 809.6 737.8 52.1 271.8 742.3 652.1 647.2 763.0 247.0 346.1 415.6 785.1 549.4 785.8 562.4 703.0 526.3 536.9 158.4 314.6 734.7 778.7 507.6 364.2 320.1 456.6 376.7 212.1 261.3 63.6 392.3 698.7 554.7 119.6 354.3 213.2 331.2 573.5 113.1 669.8 588.5 655.4 426.5 706.3 381.1 298.9 432.5 419.5 682.6 212.6 136.9 685.1 621.2 86.9 675.4 144.3 246.7 608.0 664.1 176.5 627.5 375.9 490.2 437.4 570.4 155.8 261.2 371.4 657.4 661.6 18.5 639.0 654.3 234.5 44.7 109.9 411.7 594.5 557.6 433.3 538.2 692.3 417.2 832.0
1550.8 887.7 99.8 814.2 43.3 787.9 41.3 532.2 113.5 777.5 250.3 829.5 878.0 760.1 783.4 805.5 911.3 481.0 403.8 82.0 57.6 763.1 372.6 455.1 781.1 235.5 443.8 437.2 239.4 767.2 812.6 827.1 848.0 777.8 312.4 280.0 393.8 52.0 879.0 847.4 297.1 805.3 751.0 436.9 756.0 620.1 157.5 805.6 737.9 334.3 770.1 999.8 835.8 276.9 701.9 1022.8 551.2 149.0 577.0 78.8 800.2 885.1 278.5 769.5 772.8 893.9 492.1 620.1 779.0 917.3 781.9 687.4 709.8 242.4 840.4 848.3 70.1 1043.0 777.4 0.0 193.0 829.6 819.5 108.5 308.0 470.8 71.2 842.2 764.4 833.9 262.5 612.0 91.6 625.0 338.9 588.9 599.5 640.1 732.9 212.1 92.4 925.9 782.5 895.5 874.9 562.7 584.2 856.5 841.1 810.6 294.2 342.7 869.6 772.6 808.4 906.6 636.1 732.3 305.7 423.5 1000.0 844.8 213.3 799.4 874.3 850.8 837.8 1027.2 807.8 789.8 245.9 257.1 711.9 283.8 733.6 794.4 426.9 1008.7 771.7 448.8 794.2 552.8 855.7 1008.0 724.3 856.4 789.7 445.4 308.6 796.0 294.9 310.2 812.9 745.2 810.1 570.7 429.5 995.2 851.6 600.8 266.9 835.5 58.6
1562.0 818.7 147.7 745.2 190.3 718.9 236.0 463.2 153.7 708.5 116.3 760.5 809.0 691.1 714.4 736.5 799.6 417.0 339.8 187.9 166.0 694.1 308.6 391.1 712.1 154.2 379.8 373.2 89.4 698.2 743.6 758.1 779.0 708.8 230.4 107.5 329.8 225.3 810.0 778.4 124.6 736.3 682.0 372.9 687.0 551.1 149.8 736.6 668.9 270.3 701.1 930.8 766.8 119.0 632.9 953.8 482.2 162.7 508.0 206.1 731.2 816.1 106.0 700.5 703.8 824.9 428.1 552.5 710.0 848.3 712.9 618.4 598.1 108.4 771.4 779.3 153.5 974.0 708.4 223.7 0.0 760.6 750.5 156.4 164.5 406.8 177.1 773.2 695.4 764.9 181.2 543.0 214.3 556.0 256.9 519.9 530.5 571.1 663.9 130.8 174.8 856.9 713.5 826.5 805.9 451.0 515.2 787.5 772.1 741.6 136.3 278.7 800.6 703.6 739.4 837.6 567.1 663.3 223.7 359.5 931.0 775.8 79.3 730.4 805.3 781.8 768.8 958.2 738.8 720.8 88.0 175.1 642.9 111.3 664.6 725.4 362.9 939.7 702.7 384.8 725.2 483.8 786.7 896.3 655.3 787.4 720.7 381.4 136.1 727.0 148.8 143.4 743.9 676.2 741.1 501.7 365.5 883.5 782.6 531.8 94.4 766.5 246.1
1875.0 354.5 775.8 438.1 818.4 234.9 882.1 511.8 799.8 224.5 755.7 300.6 501.9 134.9 375.6 296.9 515.9 701.9 611.0 816.0 794.1 387.0 626.8 705.1 376.6 800.3 664.7 644.4 785.8 141.6 259.6 2.5 295.0 370.0 718.7 732.4 601.0 871.4 504.9 153.3 721.0 429.2 186.7 644.1 373.6 220.6 795.9 429.5 211.6 588.5 394.0 697.4 459.7 723.6 207.8 720.4 530.8 808.8 556.6 852.2 195.2 509.0 722.9 393.4 163.4 517.8 699.3 601.1 402.9 424.3 233.6 193.3 314.4 747.8 31.1 472.2 781.6 740.6 42.1 851.8 780.0 0.0 314.0 784.5 694.3 689.4 805.2 289.2 388.3 457.8 827.3 591.6 828.0 604.6 745.2 568.5 587.0 200.6 356.8 776.9 820.9 549.8 406.4 362.3 498.8 418.9 254.3 303.5 69.7 434.5 741.0 596.9 161.8 396.5 255.4 373.4 615.7 155.3 712.0 630.7 697.6 468.7 748.5 423.3 341.1 474.7 461.7 724.8 254.8 179.1 727.3 663.4 129.1 717.6 186.5 288.9 650.2 706.3 218.7 669.7 418.1 532.4 476.9 612.6 198.0 303.4 413.6 699.6 703.8 52.0 681.2 696.5 276.7 86.9 152.1 453.9 636.7 599.8 475.5 580.4 734.5 459.4 874.2
1843.7 158.9 744.5 253.1 787.1 95.8 848.6 480.5 768.5 79.5 736.4 81.5 316.9 225.4 114.3 58.7 435.4 673.6 582.7 784.7 762.8 202.0 598.5 674.6 115.3 769.0 634.2 616.1 752.3 298.1 70.6 329.9 138.5 108.7 688.2 704.1 570.5 840.1 311.7 287.5 692.7 242.0 258.1 615.8 112.3 356.7 759.3 244.5 347.7 560.2 206.8 690.5 274.7 695.3 343.9 713.5 499.5 777.5 525.3 820.9 246.0 321.8 694.6 206.3 214.2 332.8 671.0 568.4 217.9 228.7 70.1 329.4 236.1 714.3 345.4 285.0 750.3 731.5 282.4 820.5 777.1 332.4 0.0 753.2 666.0 661.1 773.9 215.2 203.3 272.8 793.8 560.3 796.7 573.3 716.9 537.2 555.7 336.7 130.6 745.6 789.6 362.6 221.4 166.7 313.8 325.5 311.3 122.1 346.1 249.5 710.5 568.6 315.2 211.5 116.3 177.8 584.6 277.1 683.7 600.2 690.7 283.7 717.2 238.3 145.5 289.7 276.7 717.9 48.1 227.7 699.0 635.1 261.6 689.3 259.9 12.8 621.9 697.2 146.2 641.4 233.1 498.9 291.9 534.3 334.1 183.2 228.6 671.3 675.5 301.0 650.7 666.0 66.1 274.8 250.2 420.4 608.4 521.5 290.5 549.1 706.2 274.4 842.9
1505.7 842.6 7.0 769.1 69.7 742.8 118.6 487.1 40.8 732.4 205.2 784.4 832.9 715.0 738.3 760.4 866.2 435.9 358.7 67.3 45.4 718.0 327.5 410.0 736.0 162.8 398.7 392.1 194.3 722.1 767.5 782.0 802.9 732.7 267.3 234.9 348.7 107.9 833.9 802.3 252.0 760.2 705.9 391.8 710.9 575.0 84.8 760.5 692.8 289.2 725.0 954.7 790.7 231.8 656.8 977.7 506.1 76.3 531.9 88.7 755.1 840.0 233.4 724.4 727.7 848.8 447.0 576.4 733.9 872.2 736.8 642.3 664.7 197.3 795.3 803.2 32.9 997.9 732.3 103.1 147.9 784.5 774.4 0.0 262.9 425.7 56.5 797.1 719.3 788.8 189.8 566.9 79.3 579.9 293.8 543.8 554.4 595.0 687.8 139.4 57.4 880.8 737.4 850.4 829.8 517.6 539.1 811.4 796.0 765.5 249.1 297.6 824.5 727.5 763.3 861.5 591.0 687.2 260.6 378.4 954.9 799.7 168.2 754.3 829.2 805.7 792.7 982.1 762.7 744.7 200.8 212.0 666.8 238.7 688.5 749.3 381.8 963.6 726.6 403.7 749.1 507.7 810.6 962.9 679.2 811.3 744.6 400.3 263.5 750.9 249.8 265.1 767.8 700.1 765.0 525.6 384.4 950.1 806.5 555.7 221.8 790.4 125.5
1589.1 807.1 251.4 733.6 294.0 707.3 349.0 431.4 266.7 696.9 202.3 748.9 797.4 659.3 702.8 724.9 749.8 319.5 242.3 291.6 269.7 682.5 211.1 293.6 700.5 267.2 282.3 275.7 184.2 666.4 732.0 726.3 767.4 697.2 132.9 102.5 232.3 338.3 800.4 766.8 91.1 724.7 650.2 275.4 675.4 519.3 257.5 725.0 637.1 172.8 689.5 902.4 755.2 76.3 601.1 925.4 450.4 275.7 476.2 319.1 725.3 804.5 75.6 688.9 693.5 813.3 330.6 520.7 698.4 836.7 706.0 586.6 548.3 219.1 739.6 767.7 257.2 945.6 676.6 327.4 158.1 728.8 736.7 260.1 0.0 309.3 280.8 761.6 683.8 753.3 294.2 511.2 303.6 524.2 159.4 488.1 498.7 539.3 652.3 243.8 287.8 845.3 701.9 814.9 794.3 401.2 483.4 775.9 740.3 730.0 93.7 181.2 794.5 692.0 727.8 826.0 535.3 631.5 126.2 262.0 902.6 764.2 192.3 718.8 793.7 770.2 757.2 929.8 727.2 709.2 80.0 77.6 611.1 70.3 632.8 713.8 265.4 911.3 691.1 287.3 713.6 452.0 772.4 846.5 623.5 775.8 709.1 283.9 73.9 695.2 51.3 66.6 732.3 644.4 729.5 469.9 268.0 833.7 771.0 500.0 87.2 754.9 349.8
1681.6 777.9 413.8 704.4 456.4 678.1 531.1 402.2 463.4 667.7 456.2 719.7 768.2 630.1 673.6 695.7 720.6 81.9 109.7 454.0 432.1 653.3 114.8 15.7 671.3 509.1 61.7 43.6 426.1 637.2 702.8 697.1 738.2 668.0 313.3 327.0 107.5 525.7 769.2 737.6 309.9 695.5 621.0 43.9 646.2 490.1 504.7 695.8 607.9 126.4 660.3 873.2 726.0 318.2 571.9 896.2 421.2 498.9 447.0 506.5 690.4 775.3 317.5 659.7 664.3 784.1 27.1 490.1 669.2 807.5 672.1 557.4 519.1 461.0 710.4 738.5 419.6 916.4 647.4 489.8 400.0 699.6 709.7 422.5 288.9 0.0 443.2 732.4 654.6 724.1 536.1 482.0 466.0 495.0 339.8 458.9 469.5 510.1 623.1 485.7 480.0 816.1 672.7 785.7 765.1 372.0 454.2 746.7 711.1 700.8 335.5 118.0 765.3 662.8 698.6 796.8 506.3 602.3 306.6 77.8 873.4 735.0 434.2 689.6 764.5 741.0 728.0 900.6 698.0 680.0 321.9 258.0 581.9 312.2 603.6 684.6 67.2 882.1 661.9 66.7 684.4 422.8 745.9 817.3 594.3 746.6 679.9 25.3 298.4 666.0 275.8 291.1 703.1 615.2 700.3 440.7 71.8 804.5 741.8 470.8 329.1 725.7 512.2
1504.2 841.1 53.2 767.6 17.8 741.3 92.5 485.6 73.3 730.9 203.7 782.9 831.4 713.5 736.8 758.9 864.7 434.4 357.2 10.8 11.0 716.5 326.0 408.5 734.5 195.3 397.2 390.6 192.8 720.6 766.0 780.5 801.4 731.2 265.8 233.4 347.2 82.4 832.4 800.8 250.5 758.7 704.4 390.3 709.4 573.5 117.3 759.0 691.3 287.7 723.5 953.2 789.2 230.3 655.3 976.2 504.6 108.8 530.4 63.2 753.6 838.5 231.9 722.9 726.2 847.3 445.5 573.5 732.4 870.7 735.3 640.8 663.2 195.8 793.8 801.7 23.5 996.4 730.8 51.2 146.4 783.0 772.9 61.9 261.4 424.2 0.0 795.6 717.8 787.3 222.3 565.4 22.8 578.4 292.3 542.3 552.9 593.5 686.3 171.9 52.2 879.3 735.9 848.9 828.3 516.1 537.6 809.9 794.5 764.0 247.6 296.1 823.0 726.0 761.8 860.0 589.5 685.7 259.1 376.9 953.4 798.2 166.7 752.8 827.7 804.2 791.2 980.6 761.2 743.2 199.3 210.5 665.3 237.2 687.0 747.8 380.3 962.1 725.1 402.2 747.6 506.2 809.1 961.4 677.7 809.8 743.1 398.8 262.0 749.4 248.3 263.6 766.3 698.6 763.5 524.1 382.9 948.6 805.0 554.2 220.3 788.9 73.6
1906.5 197.3 807.3 394.8 849.9 145.8 913.6 586.1 831.3 135.4 787.2 175.5 458.6 227.0 256.0 207.8 482.4 736.4 645.5 847.5 825.6 343.7 661.3 739.6 257.0 831.8 699.2 678.9 817.3 297.5 134.5 331.5 110.8 250.4 753.2 766.9 635.5 902.9 372.8 286.9 749.8 385.9 257.5 678.6 254.0 356.1 827.4 386.2 347.1 623.0 350.7 689.9 416.4 758.1 343.3 712.9 605.1 840.3 630.9 883.7 239.7 465.7 757.4 350.1 213.6 474.5 733.8 674.0 359.6 267.1 139.8 328.8 280.9 779.3 344.8 399.9 813.1 733.1 281.8 883.3 839.9 334.0 212.4 816.0 728.8 723.9 836.7 0.0 345.0 414.5 858.8 665.9 859.5 678.9 779.7 642.8 653.4 336.1 274.5 808.4 852.4 477.5 363.1 205.1 455.5 388.3 389.8 127.2 345.5 391.2 775.4 631.4 314.6 353.2 166.3 216.2 690.0 276.5 746.5 665.2 690.1 425.4 780.0 380.0 183.9 374.9 418.4 717.3 165.7 229.3 761.8 697.9 264.6 752.1 259.3 187.3 684.7 698.8 67.0 704.2 374.8 606.7 436.3 579.1 333.5 55.8 370.3 734.1 738.3 300.4 715.7 731.0 187.6 274.2 249.6 485.4 671.2 566.3 432.2 654.7 769.0 416.1 905.7
2141.8 249.3 1042.6 49.7 1085.2 371.8 1148.9 778.6 1066.6 379.4 1022.5 310.5 151.2 497.6 412.4 374.8 735.7 971.7 880.8 1082.8 1060.9 88.5 896.6 974.9 413.4 1067.1 934.5 914.2 1052.6 568.1 321.8 602.1 319.1 406.8 988.5 1002.2 870.8 1138.2 118.3 557.5 985.1 78.5 528.1 913.9 410.4 626.7 1062.7 78.8 617.7 858.3 60.2 960.5 109.0 993.4 613.9 983.5 797.6 1075.6 823.4 1119.0 510.3 158.3 992.7 36.7 484.2 167.1 969.1 866.5 52.2 152.8 383.8 599.4 534.2 1014.6 615.4 185.6 1048.4 1003.7 552.4 1118.6 1075.2 604.6 368.8 1051.3 964.1 959.2 1072.0 434.0 0.0 107.1 1094.1 858.4 1094.8 871.4 1015.0 835.3 845.9 606.7 430.9 1043.7 1087.7 263.2 55.7 214.8 148.1 623.6 609.4 302.7 616.1 83.8 1010.7 866.7 585.2 110.8 392.3 203.7 882.7 547.1 981.8 900.5 960.7 118.0 1015.3 66.6 236.0 171.0 111.0 987.9 364.2 499.9 997.1 933.2 535.2 987.4 529.9 343.7 920.0 969.4 391.4 939.5 29.7 799.2 128.9 832.4 604.1 402.0 102.0 969.4 973.6 571.0 951.0 966.3 382.2 544.8 520.2 720.7 906.5 819.6 124.8 847.2 1004.3 172.8 1141.0
2247.5 355.0 1148.3 155.4 1190.9 477.5 1254.6 884.3 1172.3 485.1 1128.2 416.2 44.0 603.3 518.1 480.5 841.4 1077.4 986.5 1188.5 1166.6 174.6 1002.3 1080.6 519.1 1172.8 1040.2 1019.9 1158.3 673.8 427.5 707.8 424.8 512.5 1094.2 1107.9 976.5 1243.9 224.0 663.2 1096.5 28.5 633.8 1019.6 516.1 732.4 1168.4 28.2 723.4 964.0 165.9 1066.2 1.8 1099.1 719.6 1089.2 903.3 1181.3 929.1 1224.7 616.0 51.1 1098.4 108.6 589.9 59.9 1074.8 972.2 58.0 258.5 489.5 705.1 639.9 1120.3 721.1 259.8 1154.1 1109.4 658.1 1224.3 1180.9 710.3 472.3 1157.0 1069.8 1064.9 1177.7 539.7 105.6 0.0 1199.8 964.1 1200.5 977.1 1120.7 941.0 959.5 712.4 536.6 1149.4 1193.4 337.4 79.5 320.5 105.2 729.3 715.1 408.4 721.8 89.6 1116.5 972.4 690.9 184.1 498.0 309.4 988.2 652.8 1087.5 1006.2 1066.4 10.8 1121.0 140.6 341.7 276.7 3.8 1093.6 469.9 605.6 1102.8 1038.9 640.9 1093.1 635.6 449.4 1025.7 1075.1 497.1 1045.2 135.4 904.9 50.2 938.1 709.8 507.7 207.7 1075.1 1079.3 676.7 1056.7 1072.0 487.9 650.5 625.9 826.4 1012.2 925.3 17.6 952.9 1110.0 247.0 1246.7
1597.6 874.3 183.3 800.8 225.9 774.5 220.0 518.8 137.7 764.1 218.9 816.1 864.6 746.7 770.0 792.1 855.2 506.1 415.2 210.3 201.6 749.7 419.4 501.9 767.7 36.8 468.9 448.6 208.0 753.8 799.2 813.7 834.6 764.4 356.9 248.6 405.2 209.3 865.6 834.0 265.7 791.9 737.6 448.3 742.6 606.7 128.5 792.2 724.5 381.1 756.7 986.4 822.4 245.5 688.5 1009.4 537.8 146.7 563.6 190.1 786.8 871.7 247.1 754.0 759.4 880.5 503.5 608.1 765.6 903.9 768.5 674.0 653.7 211.0 827.0 834.9 189.1 1029.6 764.0 259.3 161.6 816.2 803.9 183.2 291.0 493.6 212.7 828.8 751.0 820.5 0.0 598.6 198.3 611.6 383.4 575.5 586.1 626.7 719.5 89.2 158.8 912.5 769.1 882.1 861.5 506.6 570.8 843.1 827.7 797.2 262.9 389.5 856.2 759.2 795.0 893.2 622.7 718.9 350.2 434.9 986.6 831.4 181.9 786.0 860.9 837.4 824.4 1013.8 794.4 776.4 214.5 301.6 698.5 252.4 720.2 781.0 454.4 995.3 758.3 473.9 780.8 539.4 842.3 951.9 710.9 843.0 776.3 492.2 277.2 782.6 275.3 284.5 799.5 731.8 796.7 557.3 440.9 939.1 838.2 587.4 235.5 822.1 255.4
1668.5 605.9 551.4 532.4 594.0 506.1 657.7 75.7 575.4 495.7 531.3 547.7 596.2 478.3 501.6 523.7 605.1 477.5 386.6 591.6 569.7 481.3 402.4 480.7 499.3 575.9 440.3 420.0 561.4 485.4 530.8 545.3 566.2 496.0 494.3 508.0 376.6 647.0 597.2 565.6 496.6 523.5 469.2 419.7 474.2 338.3 571.5 523.8 456.1 364.1 488.3 690.5 554.0 499.2 420.1 713.5 57.9 584.4 33.6 627.8 522.7 603.3 498.5 485.6 491.0 612.1 474.9 8.3 497.2 635.5 504.8 405.6 403.6 523.4 558.6 566.5 557.2 733.7 495.6 627.4 555.6 547.8 537.7 560.1 469.9 465.0 580.8 560.4 482.6 552.1 602.9 0.0 603.6 11.8 520.8 20.7 32.7 358.3 451.1 552.5 596.5 644.1 500.7 613.7 593.1 398.7 302.4 574.7 559.3 528.8 516.6 372.5 587.8 490.8 526.6 624.8 22.9 450.5 487.6 406.3 690.7 563.0 524.1 517.6 592.5 569.0 556.0 717.9 526.0 508.0 502.9 439.0 433.9 493.2 451.8 512.6 425.8 699.4 489.9 445.3 512.4 56.3 571.2 701.8 442.5 574.6 507.9 475.2 479.4 514.2 456.8 472.1 531.1 463.4 528.3 325.1 412.3 689.0 569.8 10.4 510.1 553.7 649.8
1527.0 863.9 76.0 790.4 40.6 764.1 70.3 508.4 50.5 753.7 233.2 805.7 854.2 736.3 759.6 781.7 887.5 457.2 380.0 11.9 33.8 739.3 348.8 431.3 757.3 172.5 420.0 413.4 222.3 743.4 788.8 803.3 824.2 754.0 288.6 262.9 370.0 59.6 855.2 823.6 280.0 781.5 727.2 413.1 732.2 596.3 94.5 781.8 714.1 310.5 746.3 976.0 812.0 259.8 678.1 999.0 527.4 86.0 553.2 40.4 776.4 861.3 261.4 745.7 749.0 870.1 468.3 596.3 755.2 893.5 758.1 663.6 686.0 225.3 816.6 824.5 46.3 1019.2 753.6 74.0 175.9 805.8 795.7 71.5 284.2 447.0 22.8 818.4 740.6 810.1 199.5 588.2 0.0 601.2 315.1 565.1 575.7 616.3 709.1 149.1 29.4 902.1 758.7 871.7 851.1 538.9 560.4 832.7 817.3 786.8 277.1 318.9 845.8 748.8 784.6 882.8 612.3 708.5 281.9 399.7 976.2 821.0 196.2 775.6 850.5 827.0 814.0 1003.4 784.0 766.0 228.8 233.3 688.1 266.7 709.8 770.6 403.1 984.9 747.9 425.0 770.4 529.0 831.9 984.2 700.5 832.6 765.9 421.6 291.5 772.2 271.1 298.8 789.1 721.4 786.3 546.9 405.7 971.4 827.8 577.0 249.8 811.7 96.4
1681.5 618.9 564.4 545.4 607.0 519.1 670.7 88.7 588.4 508.7 544.3 560.7 609.2 491.3 514.6 536.7 618.1 490.5 399.6 604.6 582.7 494.3 415.4 493.7 512.3 588.9 453.3 433.0 574.4 498.4 543.8 558.3 579.2 509.0 507.3 521.0 389.6 660.0 610.2 578.6 503.9 536.5 482.2 432.7 487.2 351.3 584.5 536.8 469.1 377.1 501.3 703.5 567.0 512.2 433.1 726.5 70.9 597.4 46.6 640.8 531.4 616.3 511.5 500.7 504.0 625.1 487.9 3.4 510.2 648.5 513.1 418.6 416.6 536.4 571.6 579.5 570.2 746.7 508.6 640.4 568.6 560.8 550.7 573.1 482.9 478.0 593.8 573.4 495.6 565.1 615.9 11.8 616.6 0.0 533.8 33.7 24.5 371.3 464.1 565.5 609.5 657.1 513.7 626.7 606.1 411.7 315.4 587.7 572.3 541.8 529.5 385.5 600.8 503.8 539.6 637.8 11.0 463.5 500.6 419.3 703.7 576.0 537.1 530.6 605.5 582.0 569.0 730.9 539.0 521.0 515.9 452.0 443.1 506.2 464.8 525.6 438.8 712.4 502.9 458.3 525.4 69.3 586.9 714.8 455.5 587.6 520.9 488.2 492.4 527.2 469.8 485.1 544.1 476.4 541.3 338.1 425.3 702.0 582.8 23.4 523.1 566.7 662.8
1612.4 803.7 268.0 730.2 310.6 703.9 385.3 428.0 317.6 693.5 292.4 745.5 794.0 655.9 699.4 721.5 746.4 316.1 238.9 308.2 286.3 679.1 207.7 290.2 697.1 345.3 278.9 272.3 262.3 663.0 728.6 722.9 764.0 693.8 65.4 163.2 228.9 379.9 795.0 763.4 146.1 721.3 646.8 272.0 672.0 515.9 340.9 721.6 633.7 169.4 686.1 899.0 751.8 154.4 597.7 922.0 447.0 353.8 472.8 360.7 716.2 801.1 153.7 685.5 690.1 809.9 327.2 515.9 695.0 833.3 697.9 583.2 544.9 297.2 736.2 764.3 273.8 942.2 673.2 344.0 236.2 725.4 735.5 276.7 125.1 305.9 297.4 758.2 680.4 749.9 372.3 507.8 320.2 520.8 0.0 484.7 495.3 535.9 648.9 321.9 334.2 841.9 698.5 811.5 790.9 397.8 480.0 772.5 736.9 726.6 171.7 177.8 791.1 688.6 724.4 822.6 531.9 628.1 22.4 258.6 899.2 760.8 270.4 715.4 790.3 766.8 753.8 926.4 723.8 705.8 158.1 63.0 607.7 148.4 629.4 710.4 262.0 907.9 687.7 283.9 710.2 448.6 771.7 843.1 620.1 772.4 705.7 280.5 134.6 691.8 112.0 127.3 728.9 641.0 726.1 466.5 264.6 830.3 767.6 496.6 165.3 751.5 366.4
1646.5 583.9 529.4 510.4 572.0 484.1 635.7 53.7 553.4 473.7 509.3 525.7 574.2 456.3 479.6 501.7 583.1 455.5 364.6 569.6 547.7 459.3 380.4 458.7 477.3 553.9 418.3 398.0 539.4 463.4 508.8 523.3 544.2 474.0 472.3 486.0 354.6 625.0 575.2 543.6 468.9 501.5 447.2 397.7 452.2 316.3 549.5 501.8 434.1 342.1 466.3 668.5 532.0 477.2 398.1 691.5 35.9 562.4 11.6 605.8 496.4 581.3 476.5 465.7 469.0 590.1 452.9 29.9 475.2 613.5 478.1 383.6 381.6 501.4 536.6 544.5 535.2 711.7 473.6 605.4 533.6 525.8 515.7 538.1 447.9 443.0 558.8 538.4 460.6 530.1 580.9 21.8 581.6 34.8 498.8 0.0 9.3 336.3 429.1 530.5 574.5 622.1 478.7 591.7 571.1 376.7 280.4 552.7 537.3 506.8 494.5 350.5 565.8 468.8 504.6 602.8 45.9 428.5 465.6 384.3 668.7 541.0 502.1 495.6 570.5 547.0 534.0 695.9 504.0 486.0 480.9 417.0 408.1 471.2 429.8 490.6 403.8 677.4 467.9 423.3 490.4 34.3 551.9 679.8 420.5 552.6 485.9 453.2 457.4 492.2 434.8 450.1 509.1 441.4 506.3 303.1 390.3 667.0 547.8 10.6 488.1 531.7 627.8
1656.9 594.3 539.8 520.8 582.4 494.5 646.1 64.1 563.8 484.1 531.7 536.1 584.6 466.7 490.0 512.1 593.5 465.9 375.0 580.0 558.1 489.4 390.8 488.8 487.7 564.3 448.4 408.4 569.5 473.8 519.2 553.4 554.6 484.4 482.7 496.4 384.7 635.4 587.6 554.0 485.0 531.6 457.6 408.1 462.6 326.7 554.6 512.2 444.5 352.5 496.4 678.9 542.4 487.6 408.5 701.9 46.3 572.8 22.0 616.2 511.1 611.4 486.9 474.0 479.4 600.5 463.3 33.5 485.6 623.9 493.2 394.0 392.0 531.5 547.0 554.9 545.6 722.1 484.0 615.8 544.0 536.2 523.9 548.5 458.3 453.4 569.2 548.8 471.0 560.2 611.0 25.4 592.0 25.4 509.2 9.1 0.0 346.7 459.2 540.9 584.9 632.5 489.1 602.1 581.5 387.1 290.8 563.1 547.7 536.9 505.0 360.9 576.2 479.2 515.0 632.9 49.7 438.9 476.0 394.7 679.1 551.4 512.5 506.0 580.9 557.4 544.4 706.3 514.4 496.4 491.3 427.4 422.3 481.6 440.2 520.7 414.2 707.5 478.3 433.7 500.8 64.4 559.6 690.2 430.9 563.0 496.3 463.6 467.8 502.6 464.9 480.2 519.5 451.8 516.7 313.5 400.7 697.1 558.2 1.3 498.5 542.1 638.2
1674.3 396.4 575.1 351.9 617.7 276.8 681.4 311.1 599.1 266.4 555.0 342.5 415.7 119.9 321.1 338.8 424.6 501.2 410.3 615.3 593.4 300.8 426.1 504.4 318.8 599.6 464.0 443.7 585.1 127.0 301.5 186.9 336.9 315.5 518.0 531.7 400.3 670.7 416.7 220.9 514.6 343.0 110.8 443.4 293.7 19.9 595.2 343.3 97.7 387.8 307.8 739.3 373.5 522.9 61.7 762.3 330.1 608.1 355.9 651.5 170.0 422.8 522.2 307.2 132.6 431.6 498.6 400.4 316.7 466.2 270.8 47.2 223.1 547.1 200.2 386.0 580.9 782.5 137.2 651.1 579.3 189.4 355.9 583.8 493.6 488.7 604.5 331.1 302.1 371.6 626.6 390.9 627.3 403.9 544.5 367.8 378.4 0.0 270.6 576.2 620.2 463.6 320.2 404.2 412.6 218.2 53.6 345.4 200.9 348.3 540.2 396.2 229.4 310.3 297.3 415.3 415.0 92.1 511.3 430.0 739.5 382.5 547.8 337.1 383.0 388.5 375.5 766.7 296.7 174.8 526.6 462.7 71.7 516.9 93.4 330.8 449.5 748.2 260.6 469.0 331.9 331.7 393.4 521.3 84.1 345.3 327.4 498.9 503.1 155.8 480.5 495.8 318.6 105.0 215.0 253.2 436.0 508.5 389.3 379.7 533.8 373.2 673.5
1806.4 211.2 707.2 215.8 749.8 166.1 813.5 443.2 731.2 149.8 699.1 153.0 279.6 297.9 127.1 129.0 400.3 636.3 545.4 747.4 725.5 164.7 561.2 639.5 48.1 731.7 599.1 578.8 717.2 368.4 122.9 402.4 190.8 121.5 653.1 666.8 535.4 802.8 280.6 357.8 649.7 206.9 328.4 578.5 94.8 309.9 722.0 207.2 418.0 522.9 171.7 760.8 237.4 658.0 414.2 783.8 462.2 740.2 488.0 783.6 316.3 286.7 657.3 169.0 284.5 295.5 633.7 531.1 180.6 281.0 145.3 399.7 198.8 679.2 415.7 249.9 713.0 804.0 352.7 783.2 739.8 404.9 140.8 715.9 628.7 623.8 736.6 267.5 166.0 235.5 758.7 523.0 759.4 536.0 679.6 499.9 510.5 329.9 0.0 708.3 752.3 327.5 184.1 219.0 276.5 288.2 274.0 174.4 416.4 212.2 675.4 531.3 385.5 174.2 186.6 230.1 547.1 347.4 646.4 565.1 761.0 246.4 679.9 201.0 197.8 252.4 239.4 788.2 118.4 300.2 661.7 597.8 331.9 652.0 330.2 117.9 584.6 769.7 206.9 604.1 195.8 463.8 257.3 497.0 404.4 235.5 191.3 634.0 638.2 371.3 615.6 630.9 136.4 345.1 320.5 385.3 571.1 484.2 253.2 511.8 668.9 237.1 805.6
1545.7 822.4 131.4 748.9 174.0 722.6 168.1 466.9 85.8 712.2 167.0 764.2 812.7 694.8 718.1 740.2 803.3 454.2 363.3 158.4 149.7 697.8 367.5 450.0 715.8 40.7 417.0 396.7 156.1 701.9 747.3 761.8 782.7 712.5 305.0 196.7 353.3 157.4 813.7 782.1 213.8 740.0 685.7 396.4 690.7 554.8 81.9 740.3 672.6 329.2 704.8 934.5 770.5 193.6 636.6 957.5 485.9 94.8 511.7 138.2 734.9 819.8 195.2 704.2 707.5 828.6 451.6 554.8 713.7 852.0 716.6 622.1 601.8 159.1 775.1 783.0 137.2 977.7 712.1 207.4 109.7 764.3 754.2 131.3 239.1 441.7 160.8 776.9 699.1 768.6 67.7 546.7 146.4 559.7 331.5 523.6 534.2 574.8 667.6 0.0 106.9 860.6 717.2 830.2 809.6 454.7 518.9 791.2 775.8 745.3 210.9 337.6 804.3 707.3 743.1 841.3 570.8 667.0 298.3 383.0 934.7 779.5 130.0 734.1 809.0 785.5 772.5 961.9 742.5 724.5 162.6 249.7 646.6 200.5 668.3 729.1 402.5 943.4 706.4 422.0 728.9 487.5 790.4 900.0 659.0 791.1 724.4 440.3 225.3 730.7 223.4 232.6 747.6 679.9 744.8 505.4 389.0 887.2 786.3 535.5 183.6 770.2 203.5
1547.8 859.1 49.1 785.6 80.1 759.3 61.1 503.6 21.0 748.9 203.7 800.9 849.4 731.5 754.8 776.9 840.0 478.0 400.0 51.4 73.3 734.5 369.6 452.1 752.5 143.0 440.8 433.4 192.8 738.6 784.0 798.5 819.4 749.2 309.4 233.4 390.0 50.4 850.4 818.8 250.5 776.7 722.4 433.1 727.4 591.5 65.0 777.0 709.3 331.3 741.5 971.2 807.2 230.3 673.3 994.2 522.6 56.5 548.4 31.2 771.6 856.5 231.9 740.9 744.2 865.3 488.3 592.9 750.4 888.7 753.3 658.8 638.5 195.8 811.8 819.7 75.0 1014.4 748.8 102.4 146.4 801.0 790.9 42.0 275.8 467.8 62.2 813.6 735.8 805.3 170.0 583.4 39.4 596.4 335.9 560.3 570.9 611.5 704.3 119.6 0.0 897.3 753.9 866.9 846.3 491.4 555.6 827.9 812.5 782.0 247.6 339.7 841.0 744.0 779.8 878.0 607.5 703.7 302.7 419.7 971.4 816.2 166.7 770.8 845.7 822.2 809.2 998.6 779.2 761.2 199.3 254.1 683.3 237.2 705.0 765.8 423.9 980.1 743.1 445.8 765.6 524.2 827.1 936.7 695.7 827.8 761.1 442.4 262.0 767.4 260.1 269.3 784.3 716.6 781.5 542.1 425.7 923.9 823.0 572.2 220.3 806.9 96.5
2179.3 286.8 1080.1 260.6 1122.7 409.3 1186.4 816.1 1104.1 416.9 1072.0 348.0 392.8 535.1 449.9 412.3 773.2 1009.2 918.3 1120.3 1098.4 221.7 934.1 1012.4 450.9 1104.6 972.0 951.7 1090.1 605.6 359.3 639.6 356.6 444.3 1026.0 1039.7 908.3 1175.7 176.8 595.0 1028.3 320.1 565.6 951.4 447.9 664.2 1100.2 320.4 655.2 895.8 208.7 998.0 350.6 1030.9 651.4 1021.0 835.1 1113.1 860.9 1156.5 553.5 399.9 1030.2 266.6 521.7 408.7 1006.6 904.0 293.8 190.3 421.3 636.9 571.7 1052.1 652.9 77.5 1085.9 1041.2 589.9 1156.1 1112.7 642.1 404.1 1088.8 1001.6 996.7 1109.5 471.5 261.9 348.7 1131.6 895.9 1132.3 908.9 1052.5 872.8 891.3 644.2 468.4 1081.2 1125.2 0.0 297.3 252.3 389.7 661.1 646.9 340.2 653.6 325.4 1048.3 904.2 622.7 244.0 429.8 241.2 920.2 584.6 1019.3 938.0 998.2 359.6 1052.8 259.8 273.5 102.5 352.6 1025.4 401.7 537.4 1034.6 970.7 569.1 1024.9 567.4 381.2 957.5 1006.9 428.9 977.0 235.8 836.7 370.5 869.9 641.6 439.5 200.0 1006.9 1011.1 608.5 988.5 1003.8 419.7 582.3 557.7 758.2 944.0 857.1 366.4 884.7 1041.8 135.3 1178.5
2204.0 311.5 1104.8 111.9 1147.4 434.0 1211.1 840.8 1128.8 441.6 1084.7 372.7 106.7 559.8 474.6 437.0 797.9 1033.9 943.0 1145.0 1123.1 131.1 958.8 1037.1 475.6 1129.3 996.7 976.4 1114.8 630.3 384.0 664.3 381.3 469.0 1050.7 1064.4 933.0 1200.4 180.5 619.7 1047.3 34.0 590.3 976.1 472.6 688.9 1124.9 34.3 679.9 920.5 122.4 1022.7 64.5 1055.6 676.1 1045.7 859.8 1137.8 885.6 1181.2 572.5 113.8 1054.9 67.2 546.4 122.6 1031.3 928.7 32.5 215.0 446.0 661.6 596.4 1076.8 677.6 216.3 1110.6 1065.9 614.6 1180.8 1137.4 666.8 431.0 1113.5 1026.3 1021.4 1134.2 496.2 62.1 62.6 1156.3 920.6 1157.0 933.6 1077.2 897.5 908.1 668.9 493.1 1105.9 1149.9 293.9 0.0 277.0 103.6 685.8 671.6 364.9 678.3 64.1 1072.9 928.9 647.4 140.6 454.5 265.9 944.9 609.3 1044.0 962.7 1022.9 73.5 1077.5 97.1 298.2 233.2 66.5 1050.1 426.4 562.1 1059.3 995.4 597.4 1049.6 592.1 405.9 982.2 1031.6 453.6 1001.7 91.9 861.4 84.4 894.6 666.3 464.2 164.2 1031.6 1035.8 633.2 1013.2 1028.5 444.4 607.0 582.4 782.9 968.7 881.8 80.3 909.4 1066.5 203.5 1203.2
1926.9 34.4 827.7 214.5 870.3 156.9 934.0 563.7 851.7 164.5 807.6 95.6 367.1 282.7 197.5 159.9 520.8 756.8 665.9 867.9 846.0 267.4 681.7 760.0 198.5 852.2 719.6 699.3 837.7 353.2 106.9 387.2 104.2 191.9 773.6 787.3 655.9 923.3 167.6 342.6 770.2 294.4 313.2 699.0 195.5 411.8 847.8 294.7 402.8 643.4 239.1 745.6 324.9 778.5 399.0 768.6 582.7 860.7 608.5 904.1 295.4 374.2 777.8 245.3 269.3 383.0 754.2 651.6 268.1 61.9 168.9 384.5 319.3 799.7 400.5 194.7 833.5 788.8 337.5 903.7 860.3 389.7 153.9 836.4 749.2 744.3 857.1 219.1 215.8 323.0 879.2 643.5 879.9 656.5 800.1 620.4 631.0 391.8 216.0 828.8 872.8 272.3 271.6 0.0 364.0 408.7 394.5 87.8 401.2 299.7 795.8 651.8 370.3 289.7 177.4 11.0 667.8 332.2 766.9 685.6 745.8 333.9 800.4 238.5 21.2 169.7 326.9 773.0 149.3 285.0 782.2 718.3 320.3 772.5 315.0 128.8 705.1 754.5 176.5 724.6 214.5 584.3 344.8 617.5 389.2 187.1 236.7 754.5 758.7 356.1 736.1 751.4 167.3 329.9 305.3 505.8 691.6 604.7 340.7 632.3 789.4 228.0 926.1
2298.5 406.0 1199.3 206.4 1241.9 528.5 1305.6 935.3 1223.3 536.1 1179.2 467.2 61.0 654.3 569.1 531.5 892.4 1128.4 1037.5 1239.5 1217.6 225.6 1053.3 1131.6 570.1 1223.8 1091.2 1070.9 1209.3 724.8 478.5 758.8 475.8 563.5 1145.2 1158.9 1027.5 1294.9 275.0 714.2 1141.8 78.0 684.8 1070.6 567.1 783.4 1219.4 78.3 774.4 1015.0 216.9 1117.2 87.1 1150.1 770.6 1140.2 954.3 1232.3 980.1 1275.7 667.0 53.9 1149.4 161.7 640.9 91.7 1125.8 1024.6 109.0 309.5 540.5 756.1 690.9 1171.3 772.1 310.8 1205.1 1160.4 709.1 1275.3 1231.9 761.3 525.5 1208.0 1120.8 1115.9 1228.7 590.7 156.6 85.2 1250.8 1015.1 1251.5 1028.1 1171.7 992.0 1002.6 763.4 587.6 1200.4 1244.4 388.4 130.5 371.5 0.0 780.3 766.1 459.4 772.8 140.6 1167.4 1023.4 741.9 235.1 549.0 360.4 1039.2 703.8 1138.5 1057.2 1117.4 96.1 1172.0 191.6 392.7 327.7 89.1 1144.6 520.9 656.6 1153.8 1089.9 691.9 1144.1 686.6 500.4 1076.7 1126.1 548.1 1096.2 186.4 955.9 44.9 989.1 760.8 558.7 258.7 1126.1 1130.3 727.7 1107.7 1123.0 538.9 701.5 676.9 877.4 1063.2 976.3 91.9 1003.9 1161.0 298.0 1297.7
1696.8 405.8 465.3 332.3 507.9 306.0 546.2 333.6 463.9 295.6 419.8 347.6 396.1 305.6 301.5 323.6 348.5 348.0 257.1 505.5 483.6 281.2 272.9 351.2 299.2 464.4 310.8 290.5 477.6 347.4 330.7 407.3 366.1 295.9 364.8 378.5 247.1 535.5 397.1 365.5 361.4 323.4 331.2 290.2 274.1 200.3 460.0 323.7 318.1 234.6 288.2 750.5 353.9 369.7 282.1 773.5 352.6 472.9 378.4 516.3 318.3 403.2 369.0 287.6 292.2 412.0 345.4 421.5 297.1 435.4 300.0 267.6 147.0 411.9 420.6 366.4 471.1 793.7 357.6 541.3 451.5 409.8 337.6 474.0 340.4 335.5 494.7 360.3 282.5 352.0 491.4 413.4 517.5 426.4 391.3 390.3 400.9 220.3 251.0 441.0 485.0 444.0 300.6 413.6 393.0 0.0 164.4 374.6 421.3 328.7 387.0 243.0 393.2 290.7 326.5 424.7 437.7 312.5 358.1 276.8 750.7 362.9 412.6 317.5 392.4 368.9 355.9 777.9 325.9 307.9 373.4 309.5 292.1 363.7 313.8 312.5 296.3 759.4 289.8 315.8 312.3 354.2 373.8 445.2 304.5 374.5 307.8 345.7 349.9 376.2 327.3 342.6 331.0 325.4 328.2 275.7 282.8 432.4 369.7 402.2 380.6 353.6 563.7
1620.6 371.7 521.4 298.2 564.0 271.9 627.7 257.4 545.4 261.5 501.3 313.5 362.0 175.8 267.4 289.5 370.9 447.5 356.6 561.6 539.7 247.1 372.4 450.7 265.1 545.9 410.3 390.0 531.4 182.9 296.6 242.8 332.0 261.8 464.3 478.0 346.6 617.0 363.0 276.8 460.9 289.3 166.7 389.7 240.0 35.8 541.5 289.6 153.6 334.1 254.1 716.4 319.8 469.2 117.6 739.4 276.4 554.4 302.2 597.8 225.9 369.1 468.5 253.5 188.5 377.9 444.9 345.3 263.0 401.3 265.9 103.1 169.4 493.4 256.1 332.3 527.2 759.6 193.1 597.4 525.6 245.3 303.5 530.1 439.9 435.0 550.8 326.2 248.4 317.9 572.9 337.2 573.6 350.2 490.8 314.1 324.7 55.8 216.9 522.5 566.5 409.9 266.5 379.5 358.9 164.5 0.0 340.5 256.8 294.6 486.5 342.5 285.3 256.6 292.4 390.6 361.5 148.0 457.6 376.3 716.6 328.8 494.1 283.4 358.3 334.8 321.8 743.8 291.8 230.7 472.9 409.0 127.6 463.2 149.3 278.4 395.8 725.3 255.7 415.3 278.2 278.0 339.7 467.6 140.0 340.4 273.7 445.2 449.4 211.7 426.8 442.1 296.9 160.9 270.9 199.5 382.3 454.8 335.6 326.0 480.1 319.5 619.8
1892.3 70.0 793.1 292.4 835.7 122.3 899.4 590.9 817.1 129.9 785.0 61.0 365.5 231.8 162.9 125.3 487.2 722.2 631.3 833.3 811.4 250.6 647.1 725.4 163.9 817.6 685.0 664.7 803.1 302.3 72.3 336.3 16.3 157.3 739.0 752.7 621.3 888.7 245.5 291.7 741.3 292.8 262.3 664.4 160.9 360.9 813.2 293.1 351.9 608.8 257.6 694.7 323.3 743.9 348.1 717.7 609.9 826.1 635.7 869.5 250.2 372.6 743.2 257.0 218.4 381.4 719.6 680.2 266.5 139.8 136.7 333.6 285.7 765.1 349.6 272.6 798.9 737.9 286.6 869.1 825.7 338.8 117.1 801.8 714.6 709.7 822.5 137.2 251.9 321.4 844.6 670.7 845.3 683.7 765.5 647.6 658.2 340.9 181.4 794.2 838.2 350.2 270.0 77.8 362.4 374.1 359.9 0.0 350.3 298.1 761.3 617.2 319.4 260.1 142.8 88.9 694.8 281.3 732.3 651.0 694.9 332.3 765.8 286.9 56.6 247.6 325.3 722.1 114.7 234.1 747.6 683.7 265.8 737.9 264.1 94.2 670.5 703.6 125.6 690.0 281.7 611.5 340.5 583.9 338.3 105.2 277.2 719.9 724.1 305.2 701.5 716.8 132.7 279.0 254.4 471.2 657.0 571.1 339.1 659.5 754.8 305.9 891.5
1896.5 376.0 797.3 459.6 839.9 256.4 903.6 533.3 821.3 246.0 777.2 322.1 523.4 156.4 397.1 318.4 537.4 723.4 632.5 837.5 815.6 408.5 648.3 726.6 398.1 821.8 686.2 665.9 807.3 163.1 281.1 72.2 316.5 391.5 740.2 753.9 622.5 892.9 524.4 174.8 736.8 450.7 208.2 665.6 395.1 242.1 817.4 451.0 233.1 610.0 415.5 718.9 481.2 745.1 229.3 741.9 552.3 830.3 578.1 873.7 211.0 530.5 744.4 414.9 184.9 539.3 720.8 621.2 424.4 445.8 250.4 214.8 335.9 769.3 28.5 493.7 803.1 762.1 63.6 873.3 801.5 69.7 335.5 806.0 715.8 710.9 826.7 310.7 409.8 479.3 848.8 613.1 849.5 626.1 766.7 590.0 600.6 222.1 378.3 798.4 842.4 571.3 427.9 383.8 520.3 440.4 275.8 325.0 0.0 456.0 762.4 618.4 183.3 418.0 276.9 394.9 637.2 176.8 733.5 652.2 719.1 490.2 770.0 444.8 362.6 496.2 483.2 746.3 276.3 200.6 748.8 684.9 150.6 739.1 208.0 310.4 671.7 727.8 240.2 691.2 439.6 553.9 501.1 634.1 219.5 324.9 435.1 721.1 725.3 45.0 702.7 718.0 298.2 108.4 173.6 475.4 658.2 621.3 497.0 601.9 756.0 480.9 895.7
2244.6 352.1 1145.4 152.5 1188.0 474.6 1251.7 881.4 1169.4 482.2 1137.3 413.3 152.1 600.4 515.2 477.6 838.5 1074.5 983.6 1185.6 1163.7 171.7 999.4 1077.7 516.2 1169.9 1037.3 1017.0 1155.4 670.9 424.6 704.9 421.9 509.6 1091.3 1105.0 973.6 1241.0 219.3 660.3 1093.6 79.4 630.9 1016.7 513.2 729.5 1160.2 79.7 720.5 961.1 163.0 1063.3 109.9 1096.2 716.7 1086.3 900.4 1178.4 926.2 1221.8 618.8 159.2 1095.5 105.7 587.0 168.0 1071.9 969.3 33.7 255.6 489.0 702.2 637.0 1117.4 718.2 256.9 1151.2 1106.5 655.2 1221.4 1178.0 707.4 469.4 1154.1 1066.9 1062.0 1174.8 536.8 102.7 108.0 1196.9 961.2 1197.6 974.2 1117.8 938.1 956.6 709.5 533.7 1146.5 1190.5 334.5 56.6 317.6 149.0 726.4 712.2 405.5 718.9 0.0 1113.6 969.5 688.0 181.2 495.1 306.5 985.5 649.9 1084.6 1003.3 1063.5 118.9 1118.1 137.7 338.8 273.8 111.9 1090.7 467.0 602.7 1099.9 1036.0 634.4 1090.2 632.7 446.5 1022.8 1072.2 494.2 1042.3 132.5 902.0 129.8 935.2 706.9 504.8 204.8 1072.2 1076.4 673.8 1053.8 1069.1 485.0 647.6 623.0 823.5 1009.3 922.4 125.7 950.0 1107.1 244.1 1243.8
1642.2 780.8 229.0 707.3 271.6 681.0 317.3 425.3 235.0 670.6 159.5 722.6 771.1 653.2 676.5 698.6 802.9 372.6 295.4 269.2 247.3 656.2 264.2 346.7 674.2 235.5 335.4 328.8 152.5 660.3 705.7 720.2 741.1 670.9 186.0 143.5 285.4 306.6 772.1 740.5 144.2 698.4 644.1 328.5 649.1 513.2 231.1 698.7 631.0 225.9 663.2 896.3 728.9 27.3 595.0 919.3 444.3 244.0 470.1 287.4 697.6 778.2 116.3 660.5 665.9 787.0 383.7 514.6 672.1 810.4 679.7 580.5 601.4 151.6 733.5 741.4 234.8 939.5 670.5 305.0 126.4 722.7 710.4 237.7 120.1 362.4 258.4 735.3 657.5 727.0 262.5 505.1 295.6 518.1 212.5 482.0 492.6 533.2 626.0 212.1 256.1 819.0 675.6 788.6 768.0 454.3 477.3 749.6 734.2 703.7 0.0 234.3 762.7 665.7 701.5 799.7 529.2 625.4 179.3 315.1 896.5 737.9 152.3 692.5 767.4 743.9 730.9 923.7 700.9 682.9 48.3 130.7 608.8 111.0 626.7 687.5 318.5 905.2 664.8 340.4 687.3 445.9 746.1 899.6 617.4 749.5 682.8 337.0 127.0 689.1 104.4 119.7 706.0 638.3 703.2 463.8 321.1 886.8 744.7 493.9 127.9 728.6 327.4
1563.5 679.3 295.7 605.8 338.3 579.5 413.0 303.6 345.3 569.1 338.1 621.1 669.6 531.5 575.0 597.1 622.0 138.2 77.9 335.9 314.0 554.7 29.8 112.3 572.7 391.0 101.0 98.7 308.0 538.6 604.2 598.5 639.6 569.4 195.2 208.9 78.9 407.6 670.6 639.0 191.8 596.9 522.4 98.4 547.6 391.5 386.6 597.2 509.3 8.3 561.7 774.6 627.4 200.1 473.3 797.6 322.6 380.8 348.4 388.4 591.8 676.7 199.4 561.1 565.7 685.5 153.6 392.9 570.6 708.9 573.5 458.8 420.5 342.9 611.8 639.9 301.5 817.8 548.8 371.7 281.9 601.0 611.1 304.4 170.8 128.0 325.1 633.8 556.0 625.5 418.0 383.4 347.9 396.4 221.7 360.3 370.9 411.5 524.5 367.6 361.9 717.5 574.1 687.1 666.5 273.4 355.6 648.1 612.5 602.2 217.4 0.0 666.7 564.2 600.0 698.2 407.5 503.7 188.5 108.6 774.8 636.4 316.1 591.0 665.9 642.4 629.4 802.0 599.4 581.4 203.8 139.9 483.3 194.1 505.0 586.0 84.1 783.5 563.3 106.0 585.8 324.2 647.3 718.7 495.7 648.0 581.3 102.6 180.3 567.4 157.7 173.0 604.5 516.6 601.7 342.1 114.6 705.9 643.2 372.2 211.0 627.1 394.1
1934.1 354.9 834.9 438.5 877.5 235.3 941.2 594.0 858.9 224.9 814.8 301.0 502.3 177.2 376.0 297.3 516.3 770.3 679.4 875.1 853.2 387.4 695.2 773.5 377.0 859.4 733.1 712.8 844.9 200.7 260.0 203.3 295.4 370.4 787.1 800.8 669.4 930.5 503.3 41.9 783.7 429.6 207.7 712.5 374.0 279.7 855.0 429.9 270.7 656.9 394.4 697.8 460.1 792.0 266.9 720.8 613.0 867.9 638.8 911.3 189.9 509.4 791.3 393.8 163.8 518.2 767.7 681.9 403.3 424.7 229.3 252.4 314.8 806.9 216.6 472.6 840.7 741.0 153.6 910.9 873.8 205.8 314.4 843.6 762.7 757.8 864.3 289.6 388.7 458.2 886.4 673.8 887.1 686.8 813.6 650.7 661.3 259.7 357.2 836.0 880.0 550.2 406.8 362.7 499.2 422.2 313.4 303.9 217.3 434.9 809.3 665.3 0.0 396.9 255.8 373.8 697.9 214.4 780.4 699.1 698.0 469.1 807.6 423.7 341.5 475.1 462.1 725.2 255.2 179.5 795.7 731.8 188.2 786.0 209.5 289.3 718.6 706.7 219.1 738.1 418.5 614.6 480.0 613.0 257.1 303.8 414.0 768.0 772.2 172.2 749.6 764.9 277.1 146.0 128.3 513.0 705.1 600.2 475.9 662.6 802.9 459.8 933.3
2188.4 295.9 1089.2 143.1 1131.8 418.4 1195.5 825.2 1113.2 426.0 1069.1 357.1 244.7 544.2 459.0 421.4 782.3 1018.3 927.4 1129.4 1107.5 17.6 943.2 1021.5 460.0 1113.7 981.1 960.8 1099.2 614.7 368.4 648.7 365.7 453.4 1035.1 1048.8 917.4 1184.8 164.9 604.1 1031.7 172.0 574.7 960.5 457.0 673.3 1109.3 172.3 664.3 904.9 42.6 1007.1 202.5 1040.0 660.5 1030.1 844.2 1122.2 870.0 1165.6 556.9 251.8 1039.3 121.3 530.8 260.6 1015.7 913.1 145.7 199.4 430.4 646.0 580.8 1061.2 662.0 138.8 1095.0 1050.3 599.0 1165.2 1121.8 651.2 415.4 1097.9 1010.7 1005.8 1118.6 480.6 114.0 200.6 1140.7 905.0 1141.4 918.0 1061.6 881.9 892.5 653.3 477.5 1090.3 1134.3 216.4 149.2 261.4 241.6 670.2 656.0 349.3 662.7 177.3 1057.3 913.3 631.8 0.0 438.9 250.3 929.3 593.7 1028.4 947.1 1007.3 211.5 1061.9 114.5 282.6 141.3 204.5 1034.5 410.8 546.5 1043.7 979.8 581.8 1034.0 576.5 390.3 966.6 1016.0 438.0 986.1 72.5 845.8 222.4 879.0 650.7 448.6 80.2 1016.0 1020.2 617.6 997.6 1012.9 428.8 591.4 566.8 767.3 953.1 866.2 218.3 893.8 1050.9 126.0 1187.6
1846.9 161.5 747.7 322.6 790.3 18.9 854.0 526.5 771.7 45.2 727.6 103.3 386.4 167.4 183.8 117.6 422.8 676.8 585.9 787.9 766.0 271.5 601.7 680.0 184.8 772.2 639.6 619.3 757.7 237.9 62.3 271.9 128.2 178.2 693.6 707.3 575.9 843.3 337.0 227.3 690.2 313.7 197.9 619.0 181.8 296.5 767.8 314.0 287.5 563.4 278.5 630.3 344.2 698.5 283.7 653.3 545.5 780.7 571.3 824.1 180.1 393.5 697.8 277.9 154.0 402.3 674.2 614.4 287.4 231.3 49.6 269.2 221.3 719.7 285.2 356.7 753.5 673.5 222.2 823.7 780.3 274.4 134.7 756.4 669.2 664.3 777.1 156.5 272.8 342.3 799.2 606.3 799.9 619.3 720.1 583.2 593.8 276.5 202.3 748.8 792.8 434.3 290.9 169.3 383.3 328.7 330.2 124.7 285.9 319.0 715.8 571.8 255.0 281.0 0.0 180.4 630.4 216.9 686.9 605.6 630.5 353.2 720.4 307.8 148.1 339.1 346.2 657.7 75.5 169.7 702.2 638.3 205.0 692.5 199.7 109.6 625.1 639.2 86.0 644.6 302.6 547.1 364.1 519.5 273.9 151.0 298.1 674.5 678.7 240.8 656.1 671.4 97.4 214.6 190.0 425.8 611.6 506.7 360.0 595.1 709.4 343.9 846.1
1938.0 45.5 838.8 203.4 881.4 168.0 945.1 574.8 862.8 175.6 818.7 106.7 356.0 293.8 208.6 171.0 531.9 767.9 677.0 879.0 857.1 256.3 692.8 771.1 209.6 863.3 730.7 710.4 848.8 364.3 118.0 398.3 115.3 203.0 784.7 798.4 667.0 934.4 156.5 353.7 787.0 283.3 324.3 710.1 206.6 422.9 858.9 283.6 413.9 654.5 228.0 756.7 313.8 789.6 410.1 779.7 593.8 871.8 619.6 915.2 312.2 363.1 788.9 234.2 280.4 371.9 765.3 664.1 257.0 50.8 180.0 395.6 330.4 810.8 411.6 183.6 844.6 799.9 348.6 914.8 871.4 400.8 162.8 847.5 760.3 755.4 868.2 230.2 204.7 311.9 890.3 654.6 891.0 667.6 811.2 631.5 642.1 402.9 227.1 839.9 883.9 261.2 260.5 11.0 352.9 419.8 405.6 98.9 412.3 288.6 807.0 662.9 381.4 278.6 188.5 0.0 678.7 343.3 778.0 696.7 756.9 322.8 811.5 227.4 32.2 158.6 315.8 784.1 160.4 296.1 793.3 729.4 331.4 783.6 326.1 139.9 716.2 765.6 187.6 735.7 203.4 595.4 331.0 628.6 400.3 198.2 225.6 765.6 769.8 367.2 747.2 762.5 178.4 341.0 316.4 516.9 702.7 615.8 329.6 643.4 800.5 216.9 937.2
1692.9 630.3 576.0 556.8 618.6 530.7 682.1 100.1 600.0 520.3 555.7 572.3 620.6 502.9 526.2 548.3 629.5 501.9 411.2 616.2 594.3 505.9 426.8 505.3 523.7 600.5 464.9 444.4 585.8 509.8 555.2 569.9 590.6 520.6 518.9 532.6 401.2 671.4 621.6 590.0 515.3 547.9 493.6 444.1 498.8 362.9 590.6 548.4 480.7 388.5 512.9 714.9 578.6 523.6 444.5 737.9 82.5 608.8 58.2 652.2 547.1 627.7 522.9 512.3 515.4 636.5 499.5 16.4 521.8 659.9 529.4 430.0 428.0 547.8 583.0 590.9 581.6 758.3 520.2 651.8 580.2 572.4 560.1 584.7 494.5 489.6 605.2 584.8 507.2 576.7 627.3 23.2 628.0 11.3 545.4 45.1 57.3 382.7 475.7 576.9 620.9 668.5 525.1 638.1 617.7 423.1 326.8 599.1 583.7 553.4 541.2 396.9 612.2 515.2 551.0 649.4 0.0 474.9 512.2 430.7 715.3 587.4 548.7 542.2 616.9 593.4 580.6 742.5 550.4 532.6 527.3 463.4 458.3 517.6 476.2 537.2 450.2 723.8 514.5 469.7 536.8 80.9 598.3 726.2 466.9 599.0 532.5 499.8 504.0 538.8 481.4 496.7 555.5 488.0 552.9 349.5 436.7 713.6 594.4 34.8 534.7 578.3 674.2
1757.1 325.2 657.9 408.8 700.5 205.6 764.2 393.9 681.9 195.2 637.8 271.3 472.6 50.0 346.3 267.6 486.6 584.0 493.1 698.1 676.2 357.7 508.9 587.2 347.3 682.4 546.8 526.5 667.9 92.3 230.3 152.2 265.7 340.7 600.8 614.5 483.1 753.5 473.6 181.1 597.4 399.9 47.7 526.2 344.3 102.7 678.0 400.2 93.7 470.6 364.7 668.1 430.4 605.7 89.9 691.1 412.9 690.9 438.7 734.3 114.0 479.7 605.0 364.1 88.3 488.5 581.4 481.8 373.6 395.0 199.6 75.4 285.1 629.9 165.5 442.9 663.7 711.3 102.5 733.9 662.1 154.7 284.7 666.6 576.4 571.5 687.3 259.9 359.0 428.5 709.4 473.7 710.1 486.7 627.3 450.6 461.2 82.7 327.5 659.0 703.0 520.5 377.1 333.0 469.5 301.0 136.4 274.2 166.2 405.2 623.0 479.0 194.7 367.2 226.1 344.1 497.8 0.0 594.1 512.8 668.3 439.4 630.6 394.0 311.8 445.4 432.4 695.5 225.5 103.6 609.4 545.5 37.0 599.7 68.6 259.6 532.3 677.0 189.4 551.8 388.8 414.5 450.3 583.3 80.1 274.1 384.3 581.7 585.9 121.1 563.3 578.6 247.4 70.3 143.8 336.0 518.8 570.5 446.2 462.5 616.6 430.1 756.3
1589.9 781.2 245.5 707.7 288.1 681.4 362.8 405.5 295.1 671.0 269.9 723.0 771.5 633.4 676.9 699.0 723.9 293.6 216.4 285.7 263.8 656.6 185.2 267.7 674.6 322.8 256.4 249.8 239.8 640.5 706.1 700.4 741.5 671.3 52.4 140.7 206.4 357.4 772.5 740.9 123.6 698.8 624.3 249.5 649.5 493.4 318.4 699.1 611.2 146.9 663.6 876.5 729.3 131.9 575.2 899.5 424.5 331.3 450.3 338.2 693.7 778.6 131.2 663.0 667.6 787.4 304.7 493.4 672.5 810.8 675.4 560.7 522.4 274.7 713.7 741.8 251.3 919.7 650.7 321.5 213.7 702.9 713.0 254.2 102.6 283.4 274.9 735.7 657.9 727.4 349.8 485.3 297.7 498.3 33.1 462.2 472.8 513.4 626.4 299.4 311.7 819.4 676.0 789.0 768.4 375.3 457.5 750.0 714.4 704.1 149.2 155.3 768.6 666.1 701.9 800.1 509.4 605.6 0.0 236.1 876.7 738.3 247.9 692.9 767.8 744.3 731.3 903.9 701.3 683.3 135.6 40.5 585.2 125.9 606.9 687.9 239.5 885.4 665.2 261.4 687.7 426.1 749.2 820.6 597.6 749.9 683.2 258.0 112.1 669.3 89.5 104.8 706.4 618.5 703.6 444.0 242.1 807.8 745.1 474.1 142.8 729.0 343.9
1631.2 700.0 363.4 626.5 406.0 600.2 480.7 324.3 413.0 589.8 393.8 641.8 690.3 552.2 595.7 617.8 642.7 90.9 81.7 403.6 381.7 575.4 88.9 94.1 593.4 458.7 53.7 33.4 375.7 559.3 624.9 619.2 660.3 590.1 262.9 276.6 29.6 475.3 691.3 659.7 265.2 617.6 543.1 33.1 568.3 412.2 449.0 617.9 530.0 101.7 582.4 795.3 648.1 267.8 494.0 818.3 343.3 448.5 369.1 456.1 618.2 697.4 267.1 579.7 586.4 706.2 88.3 412.2 591.3 729.6 594.2 479.5 441.2 410.6 632.5 660.6 369.2 838.5 569.5 439.4 349.6 621.7 629.6 372.1 238.5 78.4 392.8 654.5 576.7 646.2 485.7 404.1 415.6 417.1 289.4 381.0 399.5 432.2 545.2 435.3 429.6 738.2 594.8 707.8 687.2 294.1 376.3 668.8 633.2 622.9 285.2 108.8 687.4 584.9 620.7 718.9 428.2 524.4 256.2 0.0 795.5 657.1 383.8 611.7 686.6 663.1 650.1 822.7 620.1 602.1 271.5 207.6 504.0 261.8 525.7 606.7 39.2 804.2 584.0 58.7 606.5 344.9 665.3 739.4 516.4 668.7 602.0 103.8 248.0 588.1 225.4 240.7 625.2 537.3 622.4 362.8 5.9 726.6 663.9 392.9 278.7 647.8 461.8
1993.0 545.6 920.1 346.0 962.7 585.5 1026.4 601.0 944.1 575.1 932.8 606.8 381.0 611.1 708.7 647.5 689.1 879.0 788.1 960.3 938.4 347.2 803.9 882.2 709.7 944.6 841.8 821.5 962.9 681.6 610.2 715.6 615.4 703.1 895.8 909.5 778.1 1015.7 414.6 671.0 892.4 308.3 641.6 821.2 712.5 739.8 940.2 308.6 731.2 765.6 354.2 67.5 338.8 900.7 727.4 116.9 620.0 953.1 645.8 996.5 623.8 388.1 900.0 301.3 597.7 396.9 876.4 688.9 282.0 449.1 579.5 712.9 647.0 924.9 728.9 432.4 925.9 81.1 665.9 996.1 916.4 718.1 664.6 928.8 871.4 866.5 949.5 639.8 296.2 336.9 971.6 680.8 972.3 693.8 922.3 657.7 668.3 720.2 689.4 921.2 965.2 510.0 285.5 511.1 377.9 754.4 703.9 599.0 729.6 313.6 918.0 774.0 698.7 356.7 606.0 500.0 704.9 660.6 889.1 807.8 0.0 347.8 925.6 331.2 532.3 434.9 340.8 121.3 605.4 613.4 904.4 840.5 648.7 894.7 643.4 639.5 827.3 145.8 569.3 846.8 326.0 621.6 358.7 785.8 717.6 654.0 373.8 876.7 880.9 684.5 858.3 873.6 627.3 658.3 633.7 726.6 813.8 773.0 354.6 669.6 911.6 419.6 1018.5
2258.4 365.9 1159.2 166.3 1201.8 488.4 1265.5 895.2 1183.2 496.0 1139.1 427.1 33.1 614.2 529.0 491.4 852.3 1088.3 997.4 1199.4 1177.5 185.5 1013.2 1091.5 530.0 1183.7 1051.1 1030.8 1169.2 684.7 438.4 718.7 435.7 523.4 1105.1 1118.8 987.4 1254.8 234.9 674.1 1101.7 39.4 644.7 1030.5 527.0 743.3 1179.3 39.1 734.3 974.9 176.8 1077.1 8.9 1110.0 730.5 1100.1 914.2 1192.2 940.0 1235.6 626.9 40.2 1109.3 121.6 600.8 49.0 1085.7 984.5 68.9 269.4 500.4 716.0 650.8 1131.2 732.0 270.7 1165.0 1120.3 669.0 1235.2 1191.8 721.2 485.4 1167.9 1080.7 1075.8 1188.6 550.6 116.5 10.8 1210.7 975.0 1211.4 988.0 1131.6 951.9 962.5 723.3 547.5 1160.3 1204.3 348.3 90.4 331.4 104.1 740.2 726.0 419.3 732.7 100.5 1127.3 983.3 701.8 195.0 508.9 320.3 999.1 663.7 1098.4 1017.1 1077.3 0.0 1131.9 151.5 352.6 287.6 6.9 1104.5 480.8 616.5 1113.7 1049.8 651.8 1104.0 646.5 460.3 1036.6 1086.0 508.0 1056.1 146.3 915.8 61.1 949.0 720.7 518.6 218.6 1086.0 1090.2 687.6 1067.6 1082.9 498.8 661.4 636.8 837.3 1023.1 936.2 6.7 963.8 1120.9 257.9 1257.6
1565.0 788.3 150.7 714.8 193.3 688.5 239.0 432.8 156.7 678.1 67.5 730.1 778.6 660.7 684.0 706.1 769.2 420.1 329.2 190.9 169.0 663.7 345.0 423.3 681.7 157.2 382.9 362.6 97.6 667.8 713.2 727.7 748.6 678.4 277.3 169.0 319.2 228.3 779.6 748.0 186.1 705.9 651.6 362.3 656.6 520.7 152.8 706.2 638.5 306.7 670.7 903.8 736.4 124.2 602.5 926.8 451.8 165.7 477.6 209.1 700.8 785.7 167.5 670.1 673.4 794.5 417.5 520.7 679.6 817.9 682.5 588.0 567.7 59.6 741.0 748.9 156.5 947.0 678.0 226.7 82.0 730.2 720.1 159.4 211.4 407.6 180.1 742.8 665.0 734.5 184.2 512.6 217.3 525.6 303.8 489.5 500.1 540.7 633.5 133.8 177.8 826.5 683.1 796.1 775.5 420.6 484.8 757.1 741.7 711.2 143.0 315.1 770.2 673.2 709.0 807.2 536.9 632.9 270.6 348.9 904.0 745.4 0.0 700.0 774.9 751.4 738.4 931.2 708.4 690.4 134.9 222.0 612.5 172.8 634.2 695.0 368.4 912.7 672.3 387.9 694.8 453.4 756.3 865.9 624.9 757.0 690.3 417.8 197.6 696.6 195.7 204.9 713.5 645.8 710.7 471.3 354.9 853.1 752.2 501.4 155.9 736.1 249.1
2154.7 262.2 1055.5 121.4 1098.1 384.7 1161.8 791.5 1079.5 392.3 1035.4 323.4 211.2 510.5 425.3 387.7 748.6 984.6 893.7 1095.7 1073.8 89.7 909.5 987.8 426.3 1080.0 947.4 927.1 1065.5 581.0 334.7 615.0 332.0 419.7 1001.4 1015.1 883.7 1151.1 131.2 570.4 998.0 138.5 541.0 926.8 423.3 639.6 1075.6 138.8 630.6 871.2 61.4 973.4 169.0 1006.3 626.8 996.4 810.5 1088.5 836.3 1131.9 523.2 218.3 1005.6 42.4 497.1 227.1 982.0 880.8 112.2 165.7 396.7 612.3 547.1 1027.5 628.3 173.7 1061.3 1016.6 565.3 1131.5 1088.1 617.5 381.7 1064.2 977.0 972.1 1084.9 446.9 71.6 167.1 1107.0 871.3 1107.7 884.3 1027.9 848.2 858.8 619.6 443.8 1056.6 1100.6 251.3 115.7 227.7 208.1 636.5 622.3 315.6 629.0 143.8 1023.6 879.6 598.1 112.0 405.2 216.6 895.4 560.0 994.7 913.4 973.6 178.0 1028.2 0.0 248.9 176.2 171.0 1000.8 377.1 512.8 1010.0 946.1 548.1 1000.3 542.8 356.6 932.9 982.3 404.3 952.4 56.8 812.1 188.9 845.3 617.0 414.9 85.2 982.3 986.5 583.9 963.9 979.2 395.1 557.7 533.1 733.6 919.4 832.5 184.8 860.1 1017.2 160.9 1153.9
1905.7 13.2 806.5 235.7 849.1 135.7 912.8 542.5 830.5 143.3 786.4 74.4 388.3 261.5 176.3 138.7 499.6 735.6 644.7 846.7 824.8 264.0 660.5 738.8 177.3 831.0 698.4 678.1 816.5 332.0 85.7 366.0 83.0 170.7 752.4 766.1 634.7 902.1 188.8 321.4 749.0 315.6 292.0 677.8 174.3 390.6 826.6 315.9 381.6 622.2 260.3 724.4 346.1 757.3 377.8 747.4 561.5 839.5 587.3 882.9 274.2 395.4 756.6 266.5 248.1 404.2 733.0 630.4 289.3 83.1 147.7 363.3 298.1 778.5 379.3 215.9 812.3 767.6 316.3 882.5 839.1 368.5 132.7 815.2 728.0 723.1 835.9 197.9 237.0 344.2 858.0 622.3 858.7 635.3 778.9 599.2 609.8 370.6 194.8 807.6 851.6 293.5 292.8 21.2 385.2 387.5 373.3 66.6 380.0 320.9 774.6 630.6 349.1 273.5 156.2 32.2 646.4 311.0 745.7 664.4 724.6 355.1 779.2 259.7 0.0 190.9 348.1 751.8 128.1 263.8 761.0 697.1 299.1 751.3 293.8 107.6 683.9 733.3 155.3 703.4 235.7 563.1 366.0 596.3 368.0 165.9 257.9 733.3 737.5 334.9 714.9 730.2 146.1 308.7 284.1 484.6 670.4 583.5 361.9 611.1 768.2 249.2 904.9
2076.7 184.2 977.5 165.5 1020.1 306.7 1083.8 713.5 1001.5 314.3 957.4 245.4 297.7 432.5 347.3 309.7 670.6 906.6 815.7 1017.7 995.8 126.6 831.5 909.8 348.3 1002.0 869.4 849.1 987.5 503.0 256.7 537.0 254.0 341.7 923.4 937.1 805.7 1073.1 81.7 492.4 920.0 225.0 463.0 848.8 345.3 561.6 997.6 225.3 552.6 793.2 113.6 895.4 255.5 928.3 548.8 918.4 732.5 1010.5 758.3 1053.9 445.2 304.8 927.6 171.5 419.1 313.6 904.0 801.4 198.7 87.7 318.7 534.3 469.1 949.5 550.3 24.9 983.3 938.6 487.3 1053.5 1010.1 539.5 303.7 986.2 899.0 894.1 1006.9 368.9 166.8 253.6 1029.0 793.3 1029.7 806.3 949.9 770.2 780.8 541.6 365.8 978.6 1022.6 102.5 202.2 149.7 294.6 558.5 544.3 237.6 551.0 230.3 945.6 801.6 520.1 148.9 327.2 138.6 817.6 482.0 916.7 835.4 895.6 264.5 950.2 164.7 170.9 0.0 257.5 922.8 299.1 434.8 932.0 868.1 470.1 922.3 464.8 278.6 854.9 904.3 326.3 874.4 140.7 734.1 275.4 767.3 539.0 336.9 104.9 904.3 908.5 505.9 885.9 901.2 317.1 479.7 455.1 655.6 841.4 754.5 271.3 782.1 939.2 58.2 1075.9
2251.4 358.9 1152.2 159.3 1194.8 481.4 1258.5 888.2 1176.2 489.0 1132.1 420.1 40.1 607.2 522.0 484.4 845.3 1081.3 990.4 1192.4 1170.5 178.5 1006.2 1084.5 523.0 1176.7 1044.1 1023.8 1162.2 677.7 431.4 711.7 428.7 516.4 1098.1 1111.8 980.4 1247.8 227.9 667.1 1094.7 32.4 637.7 1023.5 520.0 736.3 1172.3 32.1 727.3 967.9 169.8 1070.1 2.0 1103.0 723.5 1093.1 907.2 1185.2 933.0 1228.6 619.9 47.2 1102.3 114.6 593.8 56.0 1078.7 976.1 61.9 262.4 493.4 709.0 643.8 1124.2 725.0 263.7 1158.0 1113.3 662.0 1228.2 1184.8 714.2 478.4 1160.9 1073.7 1068.8 1181.6 543.6 109.5 3.8 1203.7 968.0 1204.4 981.0 1124.6 944.9 955.5 716.3 540.5 1153.3 1197.3 341.3 83.4 324.4 109.1 733.2 719.0 412.3 725.7 93.5 1120.3 976.3 694.8 188.0 501.9 313.3 992.3 656.7 1091.4 1010.1 1070.3 6.9 1124.9 144.5 345.6 280.6 0.0 1097.5 473.8 609.5 1106.7 1042.8 644.8 1097.0 639.5 453.3 1029.6 1079.0 501.0 1049.1 139.3 908.8 54.1 942.0 713.7 511.6 211.6 1079.0 1083.2 680.6 1060.6 1075.9 491.8 654.4 629.8 830.3 1016.1 929.2 13.7 956.8 1113.9 250.9 1250.6
2046.5 599.1 973.6 399.5 1016.2 639.0 1079.9 654.5 997.6 628.6 986.3 660.3 434.5 664.6 762.2 701.0 742.6 932.5 841.6 1013.8 991.9 400.7 857.4 935.7 763.2 998.1 895.3 875.0 1016.4 735.1 663.7 769.1 668.9 756.6 949.3 963.0 831.6 1069.2 468.1 724.5 945.9 361.8 695.1 874.7 766.0 793.3 993.7 362.1 784.7 819.1 407.7 64.5 392.3 954.2 780.9 3.3 673.5 1006.6 699.3 1050.0 677.3 441.6 953.5 354.8 651.2 450.4 929.9 742.4 335.5 502.6 633.0 766.4 700.5 978.4 782.4 485.9 979.4 53.4 719.4 1049.6 969.9 771.6 718.1 982.3 924.9 920.0 1003.0 693.3 349.7 390.4 1025.1 734.3 1025.8 747.3 975.8 711.2 721.8 773.7 742.9 974.7 1018.7 563.5 339.0 564.6 431.4 807.9 757.4 652.5 783.1 367.1 971.5 827.5 752.2 410.2 659.5 553.5 758.6 714.1 942.6 861.3 118.4 401.3 979.1 384.7 585.8 488.4 394.3 0.0 658.9 666.9 957.9 894.0 702.2 948.2 696.9 693.0 880.8 199.3 622.8 900.3 379.5 675.1 412.2 839.3 771.1 707.5 427.3 930.2 934.4 738.0 911.8 927.1 680.8 711.8 687.2 780.1 867.3 826.5 408.1 723.1 965.1 473.1 1072.0
1850.1 145.3 750.9 259.5 793.5 47.6 857.2 538.5 774.9 31.3 730.8 87.1 323.3 179.4 120.7 42.0 434.8 680.0 589.1 791.1 769.2 208.4 604.9 683.2 121.7 775.4 642.8 622.5 760.9 249.9 57.0 283.9 124.9 115.1 696.8 710.5 579.1 846.5 320.8 239.3 693.4 250.6 209.9 622.2 118.7 308.5 771.0 250.9 299.5 566.6 215.4 642.3 281.1 701.7 295.7 665.3 557.5 783.9 583.3 827.3 192.1 330.4 701.0 214.8 166.0 339.2 677.4 626.4 224.3 215.1 26.8 281.2 233.3 722.9 297.2 293.6 756.7 685.5 234.2 826.9 783.5 286.4 59.1 759.6 672.4 667.5 780.3 168.5 209.7 279.2 802.4 618.3 803.1 631.3 723.3 595.2 605.8 288.5 139.2 752.0 796.0 371.2 227.8 153.1 320.2 331.9 342.2 108.5 297.9 255.9 719.0 575.0 267.0 217.9 68.1 164.2 642.6 228.9 690.1 608.8 642.5 290.1 723.6 244.7 131.9 296.1 283.1 669.7 0.0 181.7 705.4 641.5 217.0 695.7 211.7 34.0 628.3 651.2 98.0 647.8 239.5 559.1 301.0 531.5 285.9 169.6 235.0 677.7 681.9 252.8 659.3 674.6 17.9 226.6 202.0 429.0 614.8 518.7 296.9 607.1 712.6 280.8 849.3
1849.7 310.1 750.5 393.7 793.1 190.5 856.8 549.2 774.5 180.1 730.4 256.2 457.5 66.2 331.2 252.5 471.5 676.6 585.7 790.7 768.8 342.6 601.5 679.8 332.2 775.0 639.4 619.1 760.5 136.7 215.2 196.6 250.6 325.6 693.4 707.1 575.7 846.1 458.5 166.0 690.0 384.8 96.7 618.8 329.2 195.3 770.6 385.1 186.3 563.2 349.6 653.0 415.3 698.3 182.5 676.0 568.2 783.5 594.0 826.9 45.3 464.6 697.6 346.9 70.8 473.4 674.0 637.1 358.5 379.9 184.5 168.0 270.0 722.5 209.9 427.8 756.3 696.2 146.9 826.5 754.7 199.1 267.4 759.2 669.0 664.1 779.9 244.8 343.9 413.4 802.0 629.0 802.7 642.0 719.9 605.9 616.5 175.3 312.4 751.6 795.6 505.4 362.0 317.9 454.4 377.4 229.0 259.1 210.6 390.1 715.7 571.6 193.7 352.1 211.0 329.0 653.3 115.7 686.7 605.4 653.2 424.3 723.2 378.9 296.7 430.3 417.3 680.4 210.4 0.0 702.0 638.1 100.2 692.3 111.1 244.5 624.9 661.9 174.3 644.4 373.7 569.8 432.5 568.2 172.7 259.0 369.2 674.3 678.5 165.5 655.9 671.2 232.3 114.7 128.7 428.6 611.4 555.4 431.1 617.8 709.2 415.0 848.9
1594.9 816.5 180.6 743.0 223.2 716.7 268.9 440.8 186.6 706.3 134.2 758.3 806.8 668.7 712.2 734.3 759.2 328.9 251.7 220.8 198.9 691.9 220.5 303.0 709.9 187.1 291.7 285.1 104.1 675.8 741.4 735.7 776.8 706.6 142.3 95.1 241.7 258.2 807.8 776.2 94.8 734.1 659.6 284.8 684.8 528.7 182.7 734.4 646.5 182.2 698.9 911.8 764.6 30.9 610.5 934.8 459.8 195.6 485.6 239.0 729.0 813.9 72.6 698.3 702.9 822.7 340.0 528.7 707.8 846.1 710.7 596.0 557.7 141.3 749.0 777.1 186.4 955.0 686.0 256.6 78.0 738.2 748.3 189.3 76.4 318.7 210.0 771.0 693.2 762.7 214.1 520.6 247.2 533.6 168.8 497.5 508.1 548.7 661.7 163.7 207.7 854.7 711.3 824.3 803.7 410.6 492.8 785.3 749.7 739.4 48.2 190.6 803.9 701.4 737.2 835.4 544.9 640.9 135.6 271.4 912.0 773.6 112.2 728.2 803.1 779.6 766.6 939.2 736.6 718.6 0.0 87.0 620.5 67.3 642.2 723.2 274.8 920.7 700.5 296.7 723.0 461.4 784.5 855.9 632.9 785.2 718.5 293.3 83.3 704.6 60.7 76.0 741.7 653.8 738.9 479.3 277.4 843.1 780.4 509.4 82.0 764.3 279.0
1549.3 740.6 204.9 667.1 247.5 640.8 322.2 364.9 254.5 630.4 229.3 682.4 730.9 592.8 636.3 658.4 683.3 253.0 175.8 245.1 223.2 616.0 144.6 227.1 634.0 282.2 215.8 209.2 199.2 599.9 665.5 659.8 700.9 630.7 55.2 100.1 165.8 316.8 731.9 700.3 83.0 658.2 583.7 208.9 608.9 452.8 277.8 658.5 570.6 106.3 623.0 835.9 688.7 91.3 534.6 858.9 383.9 290.7 409.7 297.6 653.1 738.0 90.6 622.4 627.0 746.8 264.1 452.8 631.9 770.2 634.8 520.1 481.8 234.1 673.1 701.2 210.7 879.1 610.1 280.9 173.1 662.3 672.4 213.6 62.0 242.8 234.3 695.1 617.3 686.8 309.2 444.7 257.1 457.7 81.7 421.6 432.2 472.8 585.8 258.8 271.1 778.8 635.4 748.4 727.8 334.7 416.9 709.4 673.8 663.5 108.6 114.7 728.0 625.5 661.3 759.5 468.8 565.0 48.5 195.5 836.1 697.7 207.3 652.3 727.2 703.7 690.7 863.3 660.7 642.7 95.0 0.0 544.6 85.3 566.3 647.3 198.9 844.8 624.6 220.8 647.1 385.5 708.6 780.0 557.0 709.3 642.6 217.4 71.5 628.7 48.9 64.2 665.8 577.9 663.0 403.4 201.5 767.2 704.5 433.5 102.2 688.4 303.3
1745.8 324.6 646.6 408.2 689.2 205.0 752.9 382.6 674.2 194.6 638.5 270.7 472.0 48.1 345.7 267.0 482.2 572.7 481.8 686.8 664.9 353.3 497.6 579.5 346.7 671.1 539.1 515.2 656.6 55.2 229.7 115.1 265.1 340.1 589.5 603.2 475.4 742.2 475.0 149.1 591.8 395.5 73.9 514.9 343.7 91.4 661.4 399.6 82.4 459.3 360.3 667.5 429.8 594.4 78.6 690.5 401.6 679.6 427.4 723.0 119.1 475.3 593.7 361.4 96.5 487.9 570.1 474.1 373.0 394.4 203.7 64.1 284.5 618.6 128.4 442.3 652.4 706.9 65.4 722.6 650.8 113.8 281.9 655.3 568.7 560.2 676.0 259.3 358.4 424.1 698.1 466.0 698.8 475.4 616.0 439.3 457.8 71.4 323.1 647.7 691.7 516.1 376.5 332.4 468.9 289.7 125.1 273.6 129.1 400.8 611.8 467.7 157.6 366.6 225.5 339.7 490.3 26.1 582.8 505.1 667.7 438.8 619.3 393.4 311.2 444.8 431.8 694.9 224.9 99.2 598.1 534.2 0.0 588.4 57.3 259.0 521.0 672.6 188.8 540.5 388.2 403.2 447.0 582.7 68.8 273.5 383.7 570.4 574.6 84.0 552.0 570.9 246.8 33.2 143.2 328.3 507.5 569.9 445.6 451.2 605.3 429.5 745.0
1598.8 816.8 218.5 743.3 261.1 717.0 306.8 441.1 224.5 706.6 172.1 758.6 807.1 669.0 712.5 734.6 759.5 329.2 252.0 258.7 236.8 692.2 220.8 303.3 710.2 225.0 292.0 285.4 142.0 676.1 741.7 736.0 777.1 706.9 142.6 46.8 242.0 296.1 808.1 776.5 63.9 734.4 659.9 285.1 685.1 529.0 220.6 734.7 646.8 182.5 699.2 912.1 764.9 93.6 610.8 935.1 460.1 233.5 485.9 276.9 729.3 814.2 5.2 698.6 703.2 823.0 340.3 529.0 708.1 846.4 711.0 596.3 558.0 179.2 749.3 777.4 224.3 955.3 686.3 294.5 101.3 738.5 748.6 227.2 76.7 319.0 247.9 771.3 693.5 763.0 252.0 520.9 285.1 533.9 169.1 497.8 508.4 549.0 662.0 201.6 245.6 855.0 711.6 824.6 804.0 410.9 493.1 785.6 750.0 739.7 110.9 190.9 804.2 701.7 737.5 835.7 545.2 641.2 135.9 271.7 912.3 773.9 150.1 728.5 803.4 779.9 766.9 939.5 736.9 718.9 78.9 87.3 620.8 0.0 642.5 723.5 275.1 921.0 700.8 297.0 723.3 461.7 784.8 856.2 633.2 785.5 718.8 293.6 75.4 704.9 61.0 76.3 742.0 654.1 739.2 479.6 277.7 843.4 780.7 509.7 16.9 764.6 316.9
1757.1 312.8 657.9 396.4 700.5 193.2 764.2 393.9 681.9 182.8 637.8 258.9 460.2 57.4 333.9 255.2 474.2 584.0 493.1 698.1 676.2 345.3 508.9 587.2 334.9 682.4 546.8 526.5 667.9 122.2 217.9 182.1 253.3 328.3 600.8 614.5 483.1 753.5 461.2 168.7 597.4 387.5 17.3 526.2 331.9 102.7 678.0 387.8 93.7 470.6 352.3 655.7 418.0 605.7 89.9 678.7 412.9 690.9 438.7 734.3 76.5 467.3 605.0 351.7 39.1 476.1 581.4 481.8 361.2 382.6 187.2 75.4 272.7 629.9 195.4 430.5 663.7 698.9 132.4 733.9 662.1 184.6 272.3 666.6 576.4 571.5 687.3 247.5 346.6 416.1 709.4 473.7 710.1 486.7 627.3 450.6 461.2 82.7 315.1 659.0 703.0 508.1 364.7 320.6 457.1 301.0 136.4 261.8 196.1 392.8 623.0 479.0 196.4 354.8 213.7 331.7 497.8 54.1 594.1 512.8 655.9 427.0 630.6 381.6 299.4 433.0 420.0 683.1 213.1 109.2 609.4 545.5 66.9 599.7 0.0 247.2 532.3 664.6 177.0 551.8 376.4 414.5 437.9 570.9 80.1 261.7 371.9 581.7 585.9 151.0 563.3 578.6 235.0 100.2 131.4 336.0 518.8 558.1 433.8 462.5 616.6 417.7 756.3
1828.6 143.8 729.4 238.0 772.0 80.7 835.7 465.4 753.4 64.4 721.3 80.0 301.8 212.5 99.2 43.6 422.5 658.5 567.6 769.6 747.7 186.9 583.4 661.7 100.2 753.9 621.3 601.0 739.4 283.0 55.5 317.0 123.4 93.6 675.3 689.0 557.6 825.0 296.6 272.4 677.6 229.1 243.0 600.7 97.2 341.6 744.2 229.4 332.6 545.1 193.9 675.4 259.6 680.2 328.8 698.4 484.4 762.4 510.2 805.8 225.2 308.9 679.5 193.3 199.1 317.7 655.9 553.3 202.8 213.6 59.9 314.3 221.0 701.4 330.3 272.1 735.2 718.6 267.3 805.4 762.0 319.5 25.0 738.1 650.9 646.0 758.8 200.1 188.2 257.7 780.9 545.2 781.6 558.2 701.8 522.1 532.7 321.6 117.7 730.5 774.5 349.7 206.3 151.6 298.7 310.4 296.2 107.0 331.0 234.4 697.6 553.5 300.1 196.4 101.2 162.7 569.5 262.0 668.6 587.3 675.6 268.6 702.1 223.2 130.4 274.6 261.6 702.8 33.0 214.8 683.9 620.0 250.1 674.2 244.8 0.0 606.8 684.3 131.1 626.3 218.0 486.0 276.8 519.2 319.0 168.1 213.5 656.2 660.4 285.9 637.8 653.1 51.0 259.7 235.1 407.5 593.3 506.4 275.4 534.0 691.1 259.3 827.8
1633.1 742.8 365.3 669.3 407.9 643.0 482.6 367.1 414.9 632.6 407.7 684.6 733.1 595.0 638.5 660.6 685.5 54.0 42.4 405.5 383.6 618.2 49.6 75.2 636.2 460.6 16.8 14.5 377.6 602.1 667.7 662.0 703.1 632.9 264.8 278.5 80.6 477.2 734.1 702.5 261.4 660.4 585.9 14.2 611.1 455.0 456.2 660.7 572.8 77.9 625.2 838.1 690.9 269.7 536.8 861.1 386.1 450.4 411.9 458.0 655.3 740.2 269.0 624.6 629.2 749.0 69.4 456.4 634.1 772.4 637.0 522.3 484.0 412.5 675.3 703.4 371.1 881.3 612.3 441.3 351.5 664.5 674.6 374.0 240.4 59.5 394.7 697.3 619.5 689.0 487.6 446.9 417.5 459.9 291.3 423.8 434.4 475.0 588.0 437.2 431.5 781.0 637.6 750.6 730.0 336.9 419.1 711.6 676.0 665.7 287.0 69.5 730.2 627.7 663.5 761.7 471.0 567.2 258.1 50.9 838.3 699.9 385.7 654.5 729.4 705.9 692.9 865.5 662.9 644.9 273.4 209.5 546.8 263.7 568.5 649.5 0.0 847.0 626.8 21.8 649.3 387.7 710.8 782.2 559.2 711.5 644.8 84.9 249.9 630.9 227.3 242.6 668.0 580.1 665.2 405.6 44.9 769.4 706.7 435.7 280.6 690.6 463.7
2006.9 559.5 934.0 359.9 976.6 599.4 1040.3 614.9 958.0 589.0 946.7 620.7 394.9 625.0 722.6 661.4 703.0 892.9 802.0 974.2 952.3 361.1 817.8 896.1 723.6 958.5 855.7 835.4 976.8 695.5 624.1 729.5 629.3 717.0 909.7 923.4 792.0 1029.6 426.7 684.9 912.0 322.2 655.5 835.1 726.4 753.7 954.1 322.5 745.1 779.5 368.1 160.8 352.7 914.6 741.3 183.8 633.9 967.0 659.7 1010.4 643.4 402.0 913.9 313.1 611.6 410.8 890.3 704.2 295.9 463.0 593.4 726.8 660.9 938.8 742.8 446.3 939.8 204.0 679.8 1010.0 930.3 732.0 676.3 942.7 885.3 880.4 963.4 653.7 310.1 350.8 985.5 694.7 986.2 707.7 936.2 671.6 690.1 734.1 703.3 935.1 979.1 523.9 299.4 525.0 391.8 768.3 717.8 612.9 743.5 327.5 932.0 787.9 712.6 370.6 619.9 513.9 718.8 674.5 903.0 821.7 161.0 361.7 939.5 345.1 546.2 448.8 354.7 188.2 619.3 627.3 918.3 854.4 659.0 908.6 657.3 653.4 841.2 0.0 583.2 860.7 339.9 635.5 369.9 799.7 731.5 667.9 387.7 890.6 894.8 698.4 872.2 887.5 641.2 672.2 647.6 740.5 827.7 786.9 368.5 683.5 925.5 433.5 1032.4
1839.4 166.0 740.2 337.5 782.8 78.7 846.5 519.0 764.2 68.3 720.1 122.2 401.3 159.9 202.7 140.7 415.3 669.3 578.4 780.4 758.5 286.4 594.2 672.5 203.7 764.7 632.1 611.8 750.2 230.4 81.2 264.4 106.5 197.1 686.1 699.8 568.4 835.8 341.5 219.8 682.7 328.6 190.4 611.5 200.7 289.0 760.3 328.9 280.0 555.9 293.4 622.8 359.1 691.0 276.2 645.8 538.0 773.2 563.8 816.6 172.6 408.4 690.3 292.8 146.5 417.2 666.7 608.3 302.3 235.8 72.7 261.7 213.8 712.2 277.7 368.6 746.0 666.0 214.7 816.2 772.8 266.9 157.8 748.9 661.7 656.8 769.6 70.4 287.7 357.2 791.7 598.8 792.4 611.8 712.6 575.7 586.3 269.0 221.2 741.3 785.3 446.2 305.8 173.8 398.2 321.2 322.7 115.0 278.4 333.9 708.3 564.3 247.5 295.9 99.2 184.9 622.9 209.4 679.4 598.1 623.0 368.1 712.9 322.7 152.6 343.6 361.1 650.2 98.6 162.2 694.7 630.8 197.5 685.0 192.2 132.7 617.6 631.7 0.0 637.1 317.5 539.6 379.0 512.0 266.4 84.6 313.0 667.0 671.2 233.3 648.6 663.9 120.5 207.1 182.5 418.3 604.1 499.2 374.9 587.6 701.9 358.8 838.6
1654.6 750.1 386.8 676.6 429.4 650.3 504.1 374.4 436.4 639.9 429.2 691.9 740.4 602.3 645.8 667.9 692.8 32.1 63.9 427.0 405.1 625.5 71.1 94.3 643.5 482.1 5.1 33.6 399.1 609.4 675.0 669.3 710.4 640.2 286.3 300.0 79.7 498.7 741.4 709.8 282.9 667.7 593.2 33.3 618.4 462.3 477.7 668.0 580.1 99.4 632.5 845.4 698.2 291.2 544.1 868.4 393.4 471.9 419.2 479.5 662.6 747.5 290.5 631.9 636.5 756.3 75.6 462.3 641.4 779.7 644.3 529.6 491.3 434.0 682.6 710.7 392.6 888.6 619.6 462.8 373.0 671.8 681.9 395.5 261.9 78.6 416.2 704.6 626.8 696.3 509.1 454.2 439.0 467.2 312.8 431.1 441.7 482.3 595.3 458.7 453.0 788.3 644.9 757.9 737.3 344.2 426.4 718.9 683.3 673.0 308.5 91.0 737.5 635.0 670.8 769.0 478.3 574.5 279.6 50.0 845.6 707.2 407.2 661.8 736.7 713.2 700.2 872.8 670.2 652.2 294.9 231.0 554.1 285.2 575.8 656.8 21.4 854.3 634.1 0.0 656.6 395.0 718.1 789.5 566.5 718.8 652.1 104.0 271.4 638.2 248.8 264.1 675.3 587.4 672.5 412.9 44.0 776.7 714.0 443.0 302.1 697.9 485.2
2141.7 249.2 1042.5 70.5 1085.1 371.7 1148.8 778.5 1066.5 379.3 1022.4 310.4 192.7 497.5 412.3 374.7 735.6 971.6 880.7 1082.7 1060.8 58.7 896.5 974.8 413.3 1067.0 934.4 914.1 1052.5 568.0 321.7 602.0 319.0 406.7 988.4 1002.1 870.7 1138.1 118.2 557.4 985.0 120.0 528.0 913.8 410.3 626.6 1062.6 120.3 617.6 858.2 30.4 960.4 150.5 993.3 613.8 983.4 797.5 1075.5 823.3 1118.9 510.2 199.8 992.6 54.6 484.1 208.6 969.0 866.4 93.7 152.7 383.7 599.3 534.1 1014.5 615.3 160.7 1048.3 1003.6 552.3 1118.5 1075.1 604.5 368.7 1051.2 964.0 959.1 1071.9 433.9 41.4 148.6 1094.0 858.3 1094.7 871.3 1014.9 835.2 845.8 606.6 430.8 1043.6 1087.6 238.3 97.2 214.7 189.6 623.5 609.3 302.6 616.0 125.3 1010.6 866.6 585.1 81.0 392.2 203.6 882.6 547.0 981.7 900.4 960.6 159.5 1015.2 47.8 235.9 163.2 152.5 987.8 364.1 499.8 997.0 933.1 535.1 987.3 529.8 343.6 919.9 969.3 391.3 939.4 0.0 799.1 170.4 832.3 604.0 401.9 72.2 969.3 973.5 570.9 950.9 966.2 382.1 544.7 520.1 720.6 906.4 819.5 166.3 847.1 1004.2 147.9 1140.9
1612.1 549.5 495.0 476.0 537.6 449.7 601.3 19.3 519.0 439.3 474.9 491.3 539.8 421.9 445.2 467.3 548.7 421.1 330.2 535.2 513.3 424.9 346.0 424.3 442.9 519.5 383.9 363.6 505.0 429.0 474.4 488.9 509.8 439.6 437.9 451.6 320.2 590.6 540.8 509.2 440.2 467.1 412.8 363.3 417.8 281.9 515.1 467.4 399.7 307.7 431.9 634.1 497.6 442.8 363.7 657.1 1.5 528.0 24.1 571.4 466.3 546.9 442.1 429.2 434.6 555.7 418.5 67.2 440.8 579.1 448.4 349.2 347.2 467.0 502.2 510.1 500.8 677.3 439.2 571.0 499.2 491.4 481.3 503.7 413.5 408.6 524.4 504.0 426.2 495.7 546.5 59.1 547.2 72.1 464.4 36.0 54.5 301.9 394.7 496.1 540.1 587.7 444.3 557.3 536.7 342.3 246.0 518.3 502.9 472.4 460.2 316.1 531.4 434.4 470.2 568.4 83.2 394.1 431.2 349.9 634.3 506.6 467.7 461.2 536.1 512.6 499.6 661.5 469.6 451.6 446.5 382.6 377.5 436.8 395.4 456.2 369.4 643.0 433.5 388.9 456.0 0.0 514.8 645.4 386.1 518.2 451.5 418.8 423.0 457.8 400.4 415.7 474.7 407.0 471.9 268.7 355.9 632.6 513.4 47.9 453.7 497.3 593.4
2279.3 386.8 1180.1 187.2 1222.7 509.3 1283.7 916.1 1201.4 516.9 1172.0 448.0 70.5 632.4 549.9 512.3 873.2 1109.2 1018.3 1220.3 1198.4 203.7 1034.1 1112.4 550.9 1204.6 1072.0 1049.0 1187.4 705.6 459.3 736.9 456.6 544.3 1123.3 1139.7 1008.3 1275.7 254.0 695.0 1128.3 57.6 665.6 1051.4 547.9 764.2 1194.9 60.0 755.2 995.8 197.7 1098.0 42.1 1130.9 751.4 1121.0 935.1 1213.1 960.9 1256.5 653.5 66.1 1130.2 140.4 621.7 100.2 1106.6 1001.3 89.8 290.3 523.7 736.9 671.7 1152.1 752.9 288.9 1185.9 1138.5 689.9 1256.1 1212.7 739.4 504.1 1188.8 1098.9 1096.7 1209.5 571.5 137.4 40.2 1228.9 993.2 1232.3 1008.9 1152.5 972.8 991.3 744.2 568.4 1181.2 1225.2 369.2 111.3 352.3 54.9 761.1 746.9 440.2 753.6 121.4 1148.3 1004.2 722.7 215.9 529.8 338.5 1017.5 684.6 1119.3 1035.3 1098.2 51.1 1152.8 172.4 373.5 308.5 44.1 1125.4 501.7 634.7 1134.6 1070.7 669.1 1124.9 667.4 481.2 1057.5 1104.2 528.9 1077.0 167.2 936.7 0.0 969.9 741.6 539.5 239.5 1106.9 1111.1 708.5 1088.5 1101.1 519.7 682.3 657.7 858.2 1041.3 954.4 57.9 984.7 1141.8 278.8 1278.5
1985.0 581.7 866.0 508.2 908.6 481.9 946.9 621.8 864.6 471.5 820.5 523.5 572.0 481.5 477.4 499.5 117.1 748.7 657.8 906.2 884.3 457.1 673.6 751.9 475.1 865.1 711.5 691.2 878.3 552.0 506.6 586.0 542.0 471.8 765.5 779.2 647.8 936.2 573.0 541.4 762.1 499.3 512.0 690.9 450.0 488.5 860.7 499.6 601.6 635.3 464.1 784.5 529.8 770.4 570.3 807.5 640.8 873.6 666.6 917.0 494.2 579.1 769.7 463.5 468.1 587.9 746.1 709.7 473.0 611.3 475.9 555.8 266.9 812.6 599.3 542.3 871.8 827.7 536.3 942.0 852.2 588.5 513.5 874.7 741.1 736.2 895.4 536.2 458.4 527.9 892.1 701.6 918.2 714.6 792.0 678.5 689.1 508.5 426.9 841.7 885.7 619.9 476.5 589.5 568.9 400.6 452.6 550.5 600.0 504.6 787.7 643.7 569.1 466.6 502.4 600.6 725.7 531.0 758.8 677.5 784.7 538.8 813.3 493.4 568.3 544.8 531.8 811.9 501.8 483.8 774.1 710.2 519.1 764.4 513.8 488.4 697.0 793.4 465.7 716.5 488.2 642.4 549.7 0.0 588.0 550.4 483.7 746.4 750.6 554.9 728.0 743.3 506.9 528.7 504.1 563.9 683.5 9.4 545.6 690.4 781.3 529.5 964.4
1748.0 403.3 648.8 425.6 691.4 283.7 755.1 384.8 672.8 273.3 628.7 349.4 489.4 126.8 394.8 345.7 498.3 574.9 484.0 689.0 667.1 374.5 499.8 578.1 392.5 673.3 537.7 517.4 658.8 133.9 308.4 193.8 343.8 389.2 591.7 605.4 474.0 744.4 490.4 227.8 588.3 416.7 117.7 517.1 367.4 93.6 668.9 417.0 13.5 461.5 381.5 746.2 447.2 596.6 74.9 769.2 403.8 681.8 429.6 725.2 176.9 496.5 595.9 380.9 139.5 505.3 572.3 472.7 390.4 473.1 277.7 66.3 296.8 620.8 207.1 459.7 654.6 789.4 144.1 724.8 653.0 196.3 362.8 657.5 567.3 562.4 678.2 338.0 375.8 445.3 700.3 464.6 701.0 477.6 618.2 441.5 452.1 73.6 344.3 649.9 693.9 537.3 393.9 411.1 486.3 291.9 127.3 352.3 207.8 422.0 613.9 469.9 236.3 384.0 304.2 422.2 488.9 99.0 585.0 503.7 746.4 456.2 621.5 410.8 389.9 462.2 449.2 773.6 303.6 181.7 600.3 536.4 78.6 590.6 100.3 337.7 523.2 755.1 267.5 542.7 405.6 405.4 467.1 595.0 0.0 352.2 401.1 572.6 576.8 162.7 554.2 569.5 325.5 111.9 221.9 326.9 509.7 582.2 463.0 453.4 607.5 446.9 747.2
1915.2 166.4 816.0 363.9 858.6 149.7 922.3 594.8 840.0 144.1 795.9 144.6 427.7 235.7 225.1 187.5 491.1 745.1 654.2 856.2 834.3 312.8 670.0 748.3 226.1 840.5 707.9 687.6 826.0 306.2 103.6 340.2 79.9 219.5 761.9 775.6 644.2 911.6 341.9 295.6 758.5 355.0 266.2 687.3 223.1 364.8 836.1 355.3 355.8 631.7 319.8 698.6 385.5 766.8 352.0 721.6 613.8 849.0 639.6 892.4 248.4 434.8 766.1 319.2 222.3 443.6 742.5 682.7 328.7 236.2 148.5 337.5 289.6 788.0 353.5 369.0 821.8 741.8 290.5 892.0 848.6 342.7 181.5 824.7 737.5 732.6 845.4 76.9 314.1 383.6 867.5 674.6 868.2 687.6 788.4 651.5 662.1 344.8 243.6 817.1 861.1 446.6 332.2 174.2 424.6 397.0 398.5 96.3 354.2 360.3 784.1 640.1 323.3 322.3 170.2 185.3 698.7 285.2 755.2 673.9 698.8 394.5 788.7 349.1 153.0 344.0 387.5 726.0 174.4 238.0 770.5 706.6 273.3 760.8 268.0 156.4 693.4 707.5 82.3 712.9 343.9 615.4 405.4 587.8 342.2 0.0 339.4 742.8 747.0 309.1 724.4 739.7 194.9 282.9 258.3 494.1 679.9 575.0 401.3 663.4 777.7 385.2 914.4
2143.7 251.2 1044.5 142.2 1087.1 373.7 1150.8 780.5 1068.5 381.3 1024.4 312.4 238.0 499.5 414.3 376.7 737.6 973.6 882.7 1084.7 1062.8 66.9 898.5 976.8 415.3 1069.0 936.4 916.1 1054.5 570.0 323.7 604.0 321.0 408.7 990.4 1004.1 872.7 1140.1 120.2 559.4 987.0 165.3 530.0 915.8 412.3 628.6 1064.6 165.6 619.6 860.2 53.9 962.4 195.8 995.3 615.8 985.4 799.5 1077.5 825.3 1120.9 512.2 245.1 994.6 102.8 486.1 253.9 971.0 868.4 139.0 154.7 385.7 601.3 536.1 1016.5 617.3 123.8 1050.3 1005.6 554.3 1120.5 1077.1 606.5 370.7 1053.2 966.0 961.1 1073.9 435.9 113.5 193.9 1096.0 860.3 1096.7 873.3 1016.9 837.2 847.8 608.6 432.8 1045.6 1089.6 201.4 142.5 216.7 234.9 625.5 611.3 304.6 618.0 170.6 1012.6 868.6 587.1 89.2 394.2 205.6 884.4 549.0 983.7 902.4 962.6 204.8 1017.2 96.0 237.9 126.3 197.8 989.8 366.1 501.8 999.0 935.1 537.1 989.3 531.8 345.6 921.9 971.3 393.3 941.4 72.0 801.1 215.7 834.3 606.0 403.9 0.0 971.3 975.5 572.9 952.9 968.2 384.1 546.7 522.1 722.6 908.4 821.5 211.6 849.1 1006.2 111.0 1142.9
1656.2 772.0 388.4 698.5 431.0 672.2 505.7 396.3 438.0 661.8 430.8 713.8 762.3 624.2 667.7 689.8 714.7 107.3 135.1 428.6 406.7 647.4 89.4 9.6 665.4 483.7 87.1 69.0 400.7 631.3 696.9 691.2 732.3 662.1 287.9 301.6 132.9 500.3 763.3 731.7 284.5 689.6 615.1 69.3 640.3 484.2 479.3 689.9 602.0 101.0 654.4 867.3 720.1 292.8 566.0 890.3 415.3 473.5 441.1 481.1 684.5 769.4 292.1 653.8 658.4 778.2 52.5 484.2 663.3 801.6 666.2 551.5 513.2 435.6 704.5 732.6 394.2 910.5 641.5 464.4 374.6 693.7 703.8 397.1 263.5 25.3 417.8 726.5 648.7 718.2 510.7 476.1 440.6 489.1 314.4 453.0 463.6 504.2 617.2 460.3 454.6 810.2 666.8 779.8 759.2 366.1 448.3 740.8 705.2 694.9 310.1 92.6 759.4 656.9 692.7 790.9 500.4 596.4 281.2 103.2 867.5 729.1 408.8 683.7 758.6 735.1 722.1 894.7 692.1 674.1 296.5 232.6 576.0 286.8 597.7 678.7 92.6 876.2 656.0 92.1 678.5 416.9 740.0 811.4 588.4 740.7 674.0 0.0 273.0 660.1 250.4 265.7 697.2 609.3 694.4 434.8 97.2 798.6 735.9 464.9 303.7 719.8 486.8
1575.0 793.0 237.3 719.5 279.9 693.2 351.6 417.3 269.3 682.8 216.9 734.8 783.3 645.2 688.7 710.8 735.7 305.4 228.2 277.5 255.6 668.4 197.0 279.5 686.4 269.8 268.2 261.6 186.8 652.3 717.9 712.2 753.3 683.1 118.8 28.5 218.2 340.9 784.3 752.7 11.4 710.6 636.1 261.3 661.3 505.2 265.4 710.9 623.0 158.7 675.4 888.3 741.1 99.6 587.0 911.3 436.3 278.3 462.1 321.7 705.5 790.4 70.1 674.8 679.4 799.2 316.5 505.2 684.3 822.6 687.2 572.5 534.2 224.0 725.5 753.6 243.1 931.5 662.5 313.3 146.1 714.7 724.8 246.0 70.3 295.2 266.7 747.5 669.7 739.2 296.8 497.1 289.5 510.1 145.3 474.0 484.6 525.2 638.2 246.4 290.4 831.2 687.8 800.8 780.2 387.1 469.3 761.8 726.2 715.9 116.9 167.1 780.4 677.9 713.7 811.9 521.4 617.4 112.1 247.9 888.5 750.1 194.9 704.7 779.6 756.1 743.1 915.7 713.1 695.1 103.3 63.5 597.0 75.4 618.7 699.7 251.3 897.2 677.0 273.2 699.5 437.9 761.0 832.4 609.4 761.7 695.0 269.8 0.0 681.1 22.6 7.3 718.2 630.3 715.4 455.8 253.9 819.6 756.9 485.9 58.5 740.8 335.7
1851.4 330.9 752.2 414.5 794.8 211.3 858.5 488.2 776.2 200.9 732.1 277.0 478.3 111.3 352.0 273.3 492.3 678.3 587.4 792.4 770.5 363.4 603.2 681.5 353.0 776.7 641.1 620.8 762.2 118.0 236.0 39.5 271.4 346.4 695.1 708.8 577.4 847.8 479.3 129.7 691.7 405.6 163.1 620.5 350.0 197.0 772.3 405.9 188.0 564.9 370.4 673.8 436.1 700.0 184.2 696.8 507.2 785.2 533.0 828.6 165.9 485.4 699.3 369.8 139.8 494.2 675.7 576.1 379.3 400.7 205.3 169.7 290.8 724.2 44.3 448.6 758.0 717.0 18.5 828.2 756.4 42.0 290.4 760.9 670.7 665.8 781.6 265.6 364.7 434.2 803.7 568.0 804.4 581.0 721.6 544.9 555.5 177.0 333.2 753.3 797.3 526.2 382.8 338.7 475.2 395.3 230.7 279.9 45.0 410.9 717.3 573.3 138.2 372.9 231.8 349.8 592.3 131.7 688.4 607.1 674.0 445.1 724.9 399.7 317.5 451.1 438.1 701.2 231.2 155.5 703.7 639.8 105.5 694.0 162.9 265.3 626.6 682.7 195.1 646.1 394.5 508.8 456.0 589.0 174.4 279.8 390.0 676.0 680.2 0.0 657.6 672.9 253.1 63.3 128.5 430.3 613.1 576.2 451.9 556.8 710.9 435.8 850.6
1552.4 770.4 214.7 696.9 257.3 670.6 332.0 394.7 267.4 660.2 203.0 712.2 760.7 622.6 666.1 688.2 713.1 282.8 205.6 254.9 233.0 645.8 174.4 256.9 663.8 267.9 245.6 239.0 184.9 629.7 695.3 689.6 730.7 660.5 96.2 51.1 195.6 339.0 761.7 730.1 34.0 688.0 613.5 238.7 638.7 482.6 258.2 688.3 600.4 136.1 652.8 865.7 718.5 77.0 564.4 888.7 413.7 276.4 439.5 319.8 688.6 767.8 76.3 650.1 656.8 776.6 293.9 482.6 661.7 800.0 664.6 549.9 511.6 219.8 702.9 731.0 220.5 908.9 639.9 290.7 158.8 692.1 700.0 223.4 47.7 272.6 244.1 724.9 647.1 716.6 294.9 474.5 266.9 487.5 122.7 451.4 469.9 502.6 615.6 244.5 288.5 808.6 665.2 778.2 757.6 364.5 446.7 739.2 703.6 693.3 94.4 144.5 757.8 655.3 691.1 789.3 498.8 594.8 89.5 225.3 865.9 727.5 193.0 682.1 757.0 733.5 720.5 893.1 690.5 672.5 80.7 40.9 578.2 71.0 596.1 677.1 228.7 874.6 654.4 250.6 676.9 415.3 738.4 809.8 586.8 739.1 672.4 247.2 22.6 658.5 0.0 15.2 695.6 607.7 692.8 433.2 231.3 797.0 734.3 463.3 81.1 718.2 313.1
1567.7 785.7 230.0 712.2 272.6 685.9 358.9 410.0 276.6 675.5 224.2 727.5 776.0 637.9 681.4 703.5 728.4 298.1 220.9 270.2 248.3 661.1 189.7 272.2 679.1 277.1 260.9 254.3 194.1 645.0 710.6 704.9 746.0 675.8 111.5 35.8 210.9 348.2 777.0 745.4 24.4 703.3 628.8 254.0 654.0 497.9 272.7 703.6 615.7 151.4 668.1 881.0 733.8 92.3 579.7 904.0 429.0 285.6 454.8 329.0 698.2 783.1 77.4 665.4 672.1 791.9 309.2 497.9 677.0 815.3 684.6 565.2 526.9 231.3 718.2 746.3 235.8 924.2 655.2 306.0 153.4 707.4 715.3 238.7 63.0 287.9 259.4 740.2 662.4 731.9 304.1 489.8 282.2 502.8 138.0 466.7 485.2 517.9 630.9 253.7 297.7 823.9 680.5 793.5 772.9 379.8 462.0 754.5 718.9 708.6 109.7 159.8 773.1 670.6 706.4 804.6 513.9 610.1 104.8 240.6 881.2 742.8 202.2 697.4 772.3 748.8 735.8 908.4 705.8 687.8 96.0 56.2 589.7 82.7 611.4 692.4 244.0 889.9 669.7 265.9 692.2 430.6 753.7 825.1 602.1 754.4 687.7 262.5 7.3 673.8 15.2 0.0 710.9 623.0 708.1 448.5 246.6 812.3 749.6 478.6 65.8 733.5 328.4
1870.8 173.3 771.6 287.5 814.2 59.5 877.9 550.4 795.6 43.2 751.5 115.1 351.3 191.3 148.7 70.0 446.7 700.7 609.8 811.8 789.9 236.4 625.6 703.9 149.7 796.1 663.5 643.2 781.6 261.8 85.0 295.8 152.9 143.1 717.5 731.2 599.8 867.2 348.8 251.2 714.1 278.6 221.8 642.9 146.7 320.4 791.7 278.9 311.4 587.3 243.4 654.2 309.1 722.4 307.6 677.2 569.4 804.6 595.2 848.0 204.0 358.4 721.7 242.8 177.9 367.2 698.1 638.3 252.3 243.1 38.7 293.1 245.2 743.6 309.1 321.6 777.4 697.4 246.1 847.6 804.2 298.3 87.1 780.3 693.1 688.2 801.0 180.4 237.7 307.2 823.1 630.2 823.8 643.2 744.0 607.1 617.7 300.4 167.2 772.7 816.7 399.2 255.8 181.1 348.2 352.6 354.1 136.5 309.8 283.9 739.7 595.7 278.9 245.9 80.0 192.2 654.3 240.8 710.8 629.5 654.4 318.1 744.3 272.7 159.9 324.1 311.1 681.6 27.9 193.6 726.1 662.2 228.9 716.4 223.6 62.0 649.0 663.1 109.9 668.5 267.5 571.0 329.0 543.4 297.8 192.9 263.0 698.4 702.6 264.7 680.0 695.3 0.0 238.5 213.9 449.7 635.5 530.6 324.9 619.0 733.3 308.8 870.0
1788.0 317.0 688.8 400.6 731.4 197.4 795.1 424.8 712.8 187.0 668.7 263.1 464.4 47.9 338.1 259.4 478.4 614.9 524.0 729.0 707.1 349.5 539.8 618.1 339.1 713.3 577.7 557.4 698.8 54.6 222.1 81.8 257.5 332.5 631.7 645.4 514.0 784.4 465.4 115.8 628.3 391.7 99.7 557.1 336.1 133.6 708.9 392.0 124.6 501.5 356.5 659.9 422.2 636.6 120.8 682.9 443.8 721.8 469.6 765.2 113.2 471.5 635.9 355.9 105.1 480.3 612.3 512.7 365.4 386.8 191.4 106.3 276.9 660.8 95.1 434.7 694.6 703.1 32.1 764.8 693.0 84.3 276.5 697.5 607.3 602.4 718.2 251.7 350.8 420.3 740.3 504.6 741.0 517.6 658.2 481.5 492.1 113.6 319.3 689.9 733.9 512.3 368.9 324.8 461.3 331.9 167.3 266.0 95.8 397.0 653.9 509.9 124.3 359.0 217.9 335.9 528.9 68.3 625.0 543.7 660.1 431.2 661.5 385.8 303.6 437.2 424.2 687.3 217.3 102.8 640.3 576.4 42.1 630.6 99.5 251.4 563.2 668.8 181.2 582.7 380.6 445.4 442.1 575.1 111.0 265.9 376.1 612.6 616.8 50.7 594.2 609.5 239.2 0.0 114.6 366.9 549.7 562.3 438.0 493.4 647.5 421.9 787.2
1868.0 271.9 758.2 355.5 800.8 152.3 864.5 511.0 782.2 141.9 738.1 218.0 419.3 94.2 293.0 214.3 433.3 687.3 596.4 798.4 776.5 304.4 612.2 690.5 294.0 782.7 650.1 629.8 768.2 164.7 177.0 171.4 212.4 287.4 704.1 717.8 586.4 853.8 420.3 97.4 700.7 346.6 124.7 629.5 291.0 223.3 778.3 346.9 214.3 573.9 311.4 614.8 377.1 709.0 210.5 637.8 530.0 791.2 555.8 834.6 106.9 426.4 708.3 310.8 80.8 435.2 684.7 600.3 320.3 341.7 146.3 196.0 231.8 730.2 184.7 389.6 764.0 658.0 121.7 834.2 790.8 173.9 231.4 766.9 679.7 674.8 787.6 206.6 305.7 375.2 809.7 590.8 810.4 603.8 730.6 567.7 578.3 203.3 274.2 759.3 803.3 467.2 323.8 279.7 416.2 339.2 257.0 220.9 185.4 351.9 726.3 582.3 129.4 313.9 172.8 290.8 614.9 143.7 697.4 616.1 615.0 386.1 730.9 340.7 258.5 392.1 379.1 642.2 172.2 96.5 712.7 648.8 131.8 703.0 126.5 206.3 635.6 623.7 136.1 655.1 335.5 531.6 397.0 530.0 200.7 220.8 331.0 685.0 689.2 140.3 666.6 681.9 194.1 114.1 0.0 436.3 622.1 517.2 392.9 579.6 719.9 376.8 856.6
1628.4 501.0 500.6 427.5 543.2 401.2 606.9 265.2 524.6 390.8 480.5 442.8 491.3 373.4 396.7 418.8 500.2 426.7 335.8 540.8 518.9 376.4 351.6 429.9 394.4 525.1 389.5 369.2 510.6 380.5 425.9 440.4 461.3 391.1 443.5 457.2 325.8 596.2 492.3 460.7 440.1 418.6 364.3 368.9 369.3 233.4 520.7 418.9 351.2 313.3 383.4 736.2 449.1 448.4 315.2 759.2 284.2 533.6 310.0 577.0 417.8 498.4 447.7 380.7 386.1 507.2 424.1 353.1 392.3 530.6 395.2 300.7 298.7 472.6 453.7 461.6 506.4 779.4 390.7 576.6 504.8 442.9 432.8 509.3 419.1 414.2 530.0 455.5 377.7 447.2 552.1 345.0 552.8 358.0 470.0 321.9 332.5 253.4 346.2 501.7 545.7 539.2 395.8 508.8 488.2 293.8 197.5 469.8 454.4 423.9 465.8 321.7 482.9 385.9 421.7 519.9 369.3 345.6 436.8 355.5 736.4 458.1 473.3 412.7 487.6 464.1 451.1 763.6 421.1 403.1 452.1 388.2 329.0 442.4 346.9 407.7 375.0 745.1 385.0 394.5 407.5 285.8 466.3 596.9 337.6 469.7 403.0 424.4 428.6 409.3 406.0 421.3 426.2 358.5 423.4 0.0 361.5 584.1 464.9 333.8 459.3 448.8 599.0
1637.2 706.0 369.4 632.5 412.0 606.2 486.7 330.3 419.0 595.8 411.8 647.8 696.3 558.2 601.7 623.8 648.7 84.9 75.7 409.6 387.7 581.4 82.9 88.1 599.4 464.7 47.7 27.4 381.7 565.3 630.9 625.2 666.3 596.1 268.9 282.6 35.6 481.3 697.3 665.7 265.5 623.6 549.1 27.1 574.3 418.2 460.3 623.9 536.0 107.7 588.4 801.3 654.1 273.8 500.0 824.3 349.3 454.5 375.1 462.1 624.2 703.4 273.1 585.7 592.4 712.2 82.3 418.2 597.3 735.6 600.2 485.5 447.2 416.6 638.5 666.6 375.2 844.5 575.5 445.4 355.6 627.7 635.6 378.1 244.5 72.4 398.8 660.5 582.7 652.2 491.7 410.1 421.6 423.1 295.4 387.0 397.6 438.2 551.2 441.3 435.6 744.2 600.8 713.8 693.2 300.1 382.3 674.8 639.2 628.9 291.2 102.8 693.4 590.9 626.7 724.9 434.2 530.4 262.2 5.9 801.5 663.1 389.8 617.7 692.6 669.1 656.1 828.7 626.1 608.1 277.5 213.6 513.8 267.8 531.7 612.7 33.2 810.2 590.0 52.7 612.5 350.9 674.0 745.4 522.4 674.7 608.0 97.8 254.0 594.1 231.4 246.7 631.2 543.3 628.4 368.8 0.0 732.6 669.9 398.9 284.7 653.8 467.8
1975.5 572.2 856.5 498.7 899.1 472.4 937.4 612.3 855.1 462.0 811.0 514.0 562.5 472.0 467.9 490.0 107.6 739.2 648.3 896.7 874.8 447.6 664.1 742.4 465.6 855.6 702.0 681.7 868.8 542.5 497.1 576.5 532.5 462.3 756.0 769.7 638.3 926.7 563.5 531.9 752.6 489.8 502.5 681.4 440.5 479.0 851.2 490.1 592.1 625.8 454.6 775.0 520.3 760.9 560.8 798.0 631.3 864.1 657.1 907.5 490.4 569.6 760.2 451.9 458.6 578.4 736.6 700.2 463.5 601.8 466.4 546.3 257.4 803.1 589.8 532.8 862.3 818.2 526.8 932.5 842.7 579.0 504.0 865.2 731.6 726.7 885.9 526.7 448.9 518.4 882.6 692.1 908.7 705.1 782.5 669.0 687.5 499.0 417.4 832.2 876.2 610.4 467.0 580.0 559.4 391.1 443.1 541.0 590.5 495.1 778.3 634.2 559.6 457.1 492.9 591.1 716.2 521.5 749.3 668.0 775.2 529.3 803.8 483.9 558.8 535.3 522.3 802.4 492.3 474.3 764.6 700.7 506.0 754.9 504.3 478.9 687.5 783.9 456.2 707.0 478.7 632.9 537.5 12.7 578.5 540.9 474.2 736.9 741.1 545.4 718.5 733.8 497.4 519.2 494.6 554.4 674.0 0.0 536.1 680.9 771.8 520.0 954.9
2265.2 372.7 1166.0 173.1 1208.6 495.2 1272.3 902.0 1190.0 502.8 1145.9 433.9 40.8 621.0 535.8 498.2 859.1 1095.1 1004.2 1206.2 1184.3 192.3 1020.0 1098.3 536.8 1190.5 1057.9 1037.6 1176.0 691.5 445.2 725.5 442.5 530.2 1111.9 1125.6 994.2 1261.6 241.7 680.9 1108.5 46.2 651.5 1037.3 533.8 750.1 1186.1 45.9 741.1 981.7 183.6 1083.9 15.7 1116.8 737.3 1106.9 921.0 1199.0 946.8 1242.4 633.7 47.9 1116.1 128.4 607.6 42.2 1092.5 989.9 75.7 276.2 507.2 722.8 657.6 1138.0 738.8 277.5 1171.8 1127.1 675.8 1242.0 1198.6 728.0 492.2 1174.7 1087.5 1082.6 1195.4 557.4 123.3 17.6 1217.5 981.8 1218.2 994.8 1138.4 958.7 969.3 730.1 554.3 1167.1 1211.1 355.1 97.2 338.2 97.3 747.0 732.8 426.1 739.5 107.3 1134.1 990.1 708.6 201.8 515.7 327.1 1005.9 670.5 1105.2 1023.9 1084.1 6.7 1138.7 158.3 359.4 294.4 13.7 1111.3 487.6 623.3 1120.5 1056.6 658.6 1110.8 653.3 467.1 1043.4 1092.8 514.8 1062.9 153.1 922.6 67.9 955.8 727.5 525.4 225.4 1092.8 1097.0 694.4 1074.4 1089.7 505.6 668.2 643.6 844.1 1029.9 943.0 0.0 970.6 1127.7 264.7 1264.4
1658.0 595.4 540.9 521.9 583.5 495.6 647.2 65.2 564.9 485.2 520.8 537.2 585.7 467.8 491.1 513.2 594.6 467.0 376.1 581.1 559.2 470.8 391.9 470.2 488.8 565.4 429.8 409.5 550.9 474.9 520.3 534.8 555.7 485.5 483.8 497.5 366.1 636.5 586.7 555.1 480.4 513.0 458.7 409.2 463.7 327.8 561.0 513.3 445.6 353.6 477.8 680.0 543.5 488.7 409.6 703.0 47.4 573.9 23.1 617.3 507.9 592.8 488.0 477.2 480.5 601.6 464.4 19.2 486.7 625.0 489.6 395.1 393.1 512.9 548.1 556.0 546.7 723.2 485.1 616.9 545.1 537.3 527.2 549.6 459.4 454.5 570.3 549.9 472.1 541.6 592.4 11.1 593.1 24.1 510.3 10.2 1.1 347.8 440.6 542.0 586.0 633.6 490.2 603.2 582.6 388.2 291.9 564.2 548.8 518.3 506.0 362.0 577.3 480.3 516.1 614.3 35.2 440.0 477.1 395.8 680.2 552.5 513.6 507.1 582.0 558.5 545.5 707.4 515.5 497.5 492.4 428.5 419.6 482.7 441.3 502.1 415.3 688.9 479.4 434.8 501.9 45.8 563.4 691.3 432.0 564.1 497.4 464.7 468.9 503.7 446.3 461.6 520.6 452.9 517.8 314.6 401.8 678.5 559.3 0.0 499.6 543.2 639.3
1615.7 833.7 201.6 760.2 244.2 733.9 289.9 458.0 207.6 723.5 155.2 775.5 824.0 685.9 729.4 751.5 776.4 346.1 268.9 241.8 219.9 709.1 237.7 320.2 727.1 208.1 308.9 302.3 125.1 693.0 758.6 752.9 794.0 723.8 159.5 29.9 258.9 279.2 825.0 793.4 47.0 751.3 676.8 302.0 702.0 545.9 203.7 751.6 663.7 199.4 716.1 929.0 781.8 93.0 627.7 952.0 477.0 216.6 502.8 260.0 746.2 831.1 11.6 715.5 720.1 839.9 357.2 545.9 725.0 863.3 727.9 613.2 574.9 162.3 766.2 794.3 207.4 972.2 703.2 277.6 84.4 755.4 765.5 210.3 93.6 335.9 231.0 788.2 710.4 779.9 235.1 537.8 268.2 550.8 186.0 514.7 525.3 565.9 678.9 184.7 228.7 871.9 728.5 841.5 820.9 427.8 510.0 802.5 766.9 756.6 110.3 207.8 821.1 718.6 754.4 852.6 561.9 658.1 152.8 288.6 929.2 790.8 133.2 745.4 820.3 796.8 783.8 956.4 753.8 735.8 62.0 104.2 637.7 16.9 659.4 740.4 292.0 937.9 717.7 313.9 740.2 478.6 801.7 873.1 650.1 802.4 735.7 310.5 58.5 721.8 77.9 65.8 758.9 671.0 756.1 496.5 294.6 860.3 797.6 526.6 0.0 781.5 300.0
2134.7 242.2 1035.5 169.9 1078.1 364.7 1141.8 771.5 1059.5 372.3 1015.4 303.4 302.1 490.5 405.3 367.7 728.6 964.6 873.7 1075.7 1053.8 131.0 889.5 967.8 406.3 1060.0 927.4 907.1 1045.5 561.0 314.7 595.0 312.0 399.7 981.4 995.1 863.7 1131.1 68.1 550.4 978.0 229.4 521.0 906.8 403.3 619.6 1055.6 229.7 610.6 851.2 118.0 953.4 259.9 986.3 606.8 976.4 790.5 1068.5 816.3 1111.9 503.2 309.2 985.6 175.9 477.1 318.0 962.0 859.4 203.1 145.7 376.7 592.3 527.1 1007.5 608.3 55.4 1041.3 996.6 545.3 1111.5 1068.1 597.5 361.7 1044.2 957.0 952.1 1064.9 426.9 171.2 258.0 1087.0 851.3 1087.7 864.3 1007.9 828.2 838.8 599.6 423.8 1036.6 1080.6 133.0 206.6 207.7 299.0 616.5 602.3 295.6 609.0 234.7 1003.6 859.6 578.1 153.3 385.2 196.6 875.4 540.0 974.7 893.4 953.6 268.9 1008.2 169.1 228.9 57.9 261.9 980.8 357.1 492.8 990.0 926.1 528.1 980.3 522.8 336.6 912.9 962.3 384.3 932.4 145.1 792.1 279.8 825.3 597.0 394.9 109.3 962.3 966.5 563.9 943.9 959.2 375.1 537.7 513.1 713.6 899.4 812.5 275.7 840.1 997.2 0.0 1133.9
1563.2 900.1 112.2 826.6 55.7 800.3 82.8 544.6 107.6 789.9 262.7 841.9 890.4 772.5 795.8 817.9 923.7 493.4 416.2 94.4 70.0 775.5 385.0 467.5 793.5 229.6 456.2 449.6 251.8 779.6 825.0 839.5 860.4 790.2 324.8 292.4 406.2 72.1 891.4 859.8 309.5 817.7 763.4 449.3 768.4 632.5 151.6 818.0 750.3 346.7 782.5 1012.2 848.2 289.3 714.3 1035.2 563.6 143.1 589.4 55.2 812.6 897.5 290.9 781.9 785.2 906.3 504.5 632.5 791.4 929.7 794.3 699.8 722.2 254.8 852.8 860.7 82.5 1055.4 789.8 68.6 205.4 842.0 831.9 120.9 320.4 483.2 83.6 854.6 776.8 846.3 256.6 624.4 85.7 637.4 351.3 601.3 611.9 652.5 745.3 206.2 86.5 938.3 794.9 907.9 887.3 575.1 596.6 868.9 853.5 823.0 306.6 355.1 882.0 785.0 820.8 919.0 648.7 744.7 318.1 435.9 1012.4 857.2 225.7 811.8 886.7 863.2 850.2 1039.6 820.2 802.2 258.3 269.5 724.3 296.2 746.0 806.8 439.3 1021.1 784.1 461.2 806.6 565.2 868.1 1020.4 736.7 868.8 802.1 457.8 321.0 808.4 307.3 322.6 825.3 757.6 822.5 583.1 441.9 1007.6 864.0 613.2 279.3 847.9 0.0
