Name		2821_BED-Amazon_n150_m225_bt38
Number_of_Customers	150
Number_of_Items		225
Number_of_ItemTypes	38
Number_of_Vehicles	1
TimeWindows		0
Dist_type	manual

VEHICLE
Mass_Capacity	1693
CargoSpace_Length	160
CargoSpace_Width	70
CargoSpace_Height	72

CUSTOMERS
i	x	y	Demand	ReadyTime	DueDate	ServiceTime	DemandedMass	DemandedVolume
0	33.918699	-118.324843	0	0	0	0	0	0
1	33.776679	-118.059106	1	0	0	0	1.9	1176
2	33.778479	-118.053529	1	0	0	0	0.7	2640
3	33.779155	-118.073591	1	0	0	0	2.98	10920
4	33.775713	-118.04833	1	0	0	0	4.7	1380
5	33.778187	-118.077036	1	0	0	0	1.75	4608
6	33.78062	-118.044422	2	0	0	0	4.25	8586
7	33.775898	-118.053251	1	0	0	0	1.9	1176
8	33.774985	-118.047528	1	0	0	0	0.7	2640
9	33.776926	-118.057951	1	0	0	0	4.7	1380
10	33.776579	-118.053261	3	0	0	0	19.24	21448
11	33.778243	-118.042971	1	0	0	0	3.82	7600
12	33.777418	-118.043201	1	0	0	0	4.7	1380
13	33.777665	-118.045879	1	0	0	0	2.5	3978
14	33.774912	-118.060456	1	0	0	0	3.01	5544
15	33.779949	-118.044963	1	0	0	0	4.7	1380
16	33.776212	-118.076079	6	0	0	0	24.87	48632
17	33.775818	-118.04914	1	0	0	0	1.77	9425
18	33.780644	-118.047713	1	0	0	0	0.7	2640
19	33.779741	-118.074501	2	0	0	0	9.05	8248
20	33.77575	-118.046709	1	0	0	0	3.36	12870
21	33.777806	-118.079926	2	0	0	0	6.85	2460
22	33.777227	-118.051177	2	0	0	0	8.0	6280
23	33.779299	-118.048481	2	0	0	0	9.5	7580
24	33.77736	-118.056887	1	0	0	0	0.7	2640
25	33.77924	-118.055146	1	0	0	0	2.94	14904
26	33.779668	-118.047508	2	0	0	0	8.48	46458
27	33.779106	-118.057585	4	0	0	0	14.85	8740
28	33.771379	-118.092709	1	0	0	0	4.7	1380
29	33.780016	-118.051329	2	0	0	0	7.81	11744
30	33.779171	-118.04478	1	0	0	0	7.3	3640
31	33.77675	-118.048943	1	0	0	0	4.7	1380
32	33.77769	-118.074172	2	0	0	0	5.4	4020
33	33.780641	-118.07963	1	0	0	0	4.7	1380
34	33.777976	-118.079527	1	0	0	0	0.7	2640
35	33.779129	-118.074834	1	0	0	0	2.1	7448
36	33.781595	-118.07916	1	0	0	0	4.73	10000
37	33.780266	-118.057017	1	0	0	0	4.7	1380
38	33.777943	-118.054644	1	0	0	0	0.7	2640
39	33.776289	-118.045901	1	0	0	0	7.3	3640
40	33.774901	-118.054008	1	0	0	0	0.7	2640
41	33.780556	-118.042338	3	0	0	0	10.25	14128
42	33.777236	-118.052336	2	0	0	0	3.45	11712
43	33.778617	-118.051136	3	0	0	0	8.0	7836
44	33.778804	-118.052704	1	0	0	0	4.7	1380
45	33.777948	-118.056157	1	0	0	0	4.7	1380
46	33.775908	-118.059078	2	0	0	0	9.95	19860
47	33.780635	-118.043063	2	0	0	0	15.3	9920
48	33.776995	-118.045625	1	0	0	0	1.75	4608
49	33.780709	-118.055481	1	0	0	0	5.29	8075
50	33.779621	-118.075653	1	0	0	0	9.6	12400
51	33.780036	-118.049484	1	0	0	0	9.4	2760
52	33.779299	-118.050669	1	0	0	0	9.4	2760
53	33.776783	-118.076256	1	0	0	0	0.7	2640
54	33.77938	-118.046644	2	0	0	0	18.85	2380
55	33.775432	-118.058029	1	0	0	0	0.7	2640
56	33.779301	-118.05235	1	0	0	0	9.4	2760
57	33.780651	-118.048568	1	0	0	0	4.7	1380
58	33.779627	-118.077683	1	0	0	0	0.7	2640
59	33.776815	-118.060235	1	0	0	0	3.9	16632
60	33.78221	-118.076185	2	0	0	0	7.71	6924
61	33.776557	-118.061559	1	0	0	0	5.29	8075
62	33.776535	-118.058772	1	0	0	0	4.7	1380
63	33.779368	-118.053539	1	0	0	0	2.5	3978
64	33.77574	-118.043511	1	0	0	0	4.7	1380
65	33.7808	-118.078938	2	0	0	0	3.2	6618
66	33.77847	-118.080392	2	0	0	0	18.85	2380
67	33.781213	-118.080041	1	0	0	0	5.29	8075
68	33.777275	-118.077102	1	0	0	0	7.3	3640
69	33.778059	-118.047712	2	0	0	0	6.5	3900
70	33.780027	-118.050323	2	0	0	0	4.91	6720
71	33.779712	-118.083526	1	0	0	0	2.5	3978
72	33.782131	-118.044291	1	0	0	0	4.7	1380
73	33.778979	-118.08321	1	0	0	0	2.54	21735
74	33.776582	-118.053895	1	0	0	0	2.5	3978
75	33.778754	-118.081713	1	0	0	0	4.7	1380
76	33.780054	-118.048037	1	0	0	0	1.75	4608
77	33.775219	-118.046693	2	0	0	0	4.9	10152
78	33.77604	-118.05937	2	0	0	0	10.1	5400
79	33.776842	-118.046639	2	0	0	0	14.85	3640
80	33.779161	-118.082788	2	0	0	0	5.4	4020
81	33.777863	-118.058292	1	0	0	0	2.75	9072
82	33.777929	-118.053567	1	0	0	0	5.09	12122
83	33.778647	-118.056423	1	0	0	0	2.5	3978
84	33.779867	-118.083163	1	0	0	0	4.7	1380
85	33.777715	-118.045117	1	0	0	0	1.9	1176
86	33.778084	-118.048963	1	0	0	0	1.38	5100
87	33.76788	-118.079109	1	0	0	0	0.7	2640
88	33.777057	-118.05999	1	0	0	0	1.4	5280
89	33.778203	-118.081012	1	0	0	0	2.6	10400
90	33.776372	-118.044322	1	0	0	0	4.7	1380
91	33.775899	-118.055731	1	0	0	0	4.7	1380
92	33.776582	-118.052538	1	0	0	0	9.4	2760
93	33.77863	-118.052309	1	0	0	0	4.7	1380
94	33.77658	-118.05066	1	0	0	0	7.3	3640
95	33.780711	-118.053238	1	0	0	0	2.6	10400
96	33.778879	-118.04831	2	0	0	0	8.5	3732
97	33.77792	-118.050316	3	0	0	0	14.31	9480
98	33.776402	-118.043437	1	0	0	0	2.75	9072
99	33.778658	-118.073902	1	0	0	0	4.7	1380
100	33.776289	-118.063403	2	0	0	0	16.89	60848
101	33.776211	-118.077604	1	0	0	0	0.7	2640
102	33.775752	-118.048328	2	0	0	0	10.8	8040
103	33.778621	-118.051518	1	0	0	0	7.3	3640
104	33.781521	-118.043635	1	0	0	0	1.9	1176
105	33.777599	-118.046344	2	0	0	0	7.71	6924
106	33.775469	-118.081604	1	0	0	0	4.7	1380
107	33.778154	-118.060566	1	0	0	0	0.7	2640
108	33.777957	-118.081586	1	0	0	0	4.7	1380
109	33.779052	-118.047483	1	0	0	0	2.75	9072
110	33.777918	-118.052374	1	0	0	0	4.7	1380
111	33.775467	-118.070572	1	0	0	0	4.8	6200
112	33.777996	-118.075433	1	0	0	0	4.7	1380
113	33.78165	-118.076536	1	0	0	0	1.9	1176
114	33.775694	-118.070748	1	0	0	0	3.82	8580
115	33.775283	-118.080147	1	0	0	0	3.82	8580
116	33.776327	-118.048977	1	0	0	0	1.75	4608
117	33.777941	-118.055561	1	0	0	0	4.7	1380
118	33.776587	-118.054991	1	0	0	0	4.7	1380
119	33.775643	-118.061246	1	0	0	0	4.7	1380
120	33.780091	-118.078599	2	0	0	0	9.47	29296
121	33.780589	-118.046031	1	0	0	0	7.3	3640
122	33.777168	-118.060955	2	0	0	0	7.69	27560
123	33.78201	-118.078195	1	0	0	0	4.7	1380
124	33.780046	-118.054749	1	0	0	0	2.15	1080
125	33.780711	-118.053524	1	0	0	0	4.7	1380
126	33.780629	-118.07727	1	0	0	0	1.9	6496
127	33.780102	-118.046603	1	0	0	0	3.01	5544
128	33.77523	-118.05563	1	0	0	0	4.7	1380
129	33.780588	-118.046084	1	0	0	0	1.75	4608
130	33.780455	-118.079515	2	0	0	0	12.0	5020
131	33.777221	-118.049822	1	0	0	0	1.75	4608
132	33.777283	-118.048279	3	0	0	0	8.0	14420
133	33.77614	-118.046711	4	0	0	0	17.95	72546
134	33.782216	-118.077717	3	0	0	0	24.93	43748
135	33.775889	-118.050109	1	0	0	0	5.29	8075
136	33.782129	-118.04216	1	0	0	0	4.73	10000
137	33.780599	-118.045496	1	0	0	0	5.29	8075
138	33.779336	-118.049887	1	0	0	0	2.94	14904
139	33.780168	-118.073589	1	0	0	0	1.75	4608
140	33.7802	-118.080379	2	0	0	0	9.95	19860
141	33.778865	-118.075461	1	0	0	0	4.7	1380
142	33.777748	-118.044615	1	0	0	0	0.7	2640
143	33.780026	-118.050468	1	0	0	0	2.5	3978
144	33.779925	-118.042489	2	0	0	0	7.61	14900
145	33.776728	-118.047338	1	0	0	0	4.7	1380
146	33.775895	-118.051686	1	0	0	0	4.7	1380
147	33.782717	-118.043641	1	0	0	0	3.01	5544
148	33.779229	-118.054343	2	0	0	0	7.28	16760
149	33.781223	-118.076296	2	0	0	0	8.52	8980
150	33.780976	-118.047492	2	0	0	0	6.6	2556

ITEMS
Type	Length	Width	Height	Mass	Fragility	LoadBearingStrength
Bt1	10	10	10	14.15	1	0
Bt2	18	12	5	2.15	1	0
Bt3	21	14	4	1.9	1	0
Bt4	23	15	4	4.7	1	0
Bt5	20	18	7	1.8	1	0
Bt6	15	11	16	0.7	1	0
Bt7	20	14	13	7.3	1	0
Bt8	17	13	18	2.5	1	0
Bt9	24	12	16	1.75	1	0
Bt10	30	17	10	1.38	1	0
Bt11	28	22	9	3.01	1	0
Bt12	31	20	10	4.8	1	0
Bt13	29	16	14	1.9	1	0
Bt14	26	20	13	2.55	1	0
Bt15	28	19	14	2.1	1	0
Bt16	40	19	10	3.82	1	0
Bt17	25	19	17	5.29	1	0
Bt18	37	20	11	3.8	1	0
Bt19	27	22	14	1.95	1	0
Bt20	22	15	26	3.816	1	0
Bt21	28	18	18	2.75	1	0
Bt22	29	25	13	1.77	1	0
Bt23	50	20	10	4.73	1	0
Bt24	40	20	13	2.6	1	0
Bt25	40	13	21	2.98	1	0
Bt26	38	29	11	5.088	1	0
Bt27	39	22	15	3.36	1	0
Bt28	26	20	26	2.91	1	0
Bt29	27	23	24	2.94	1	0
Bt30	39	27	16	7.63	1	0
Bt31	30	22	26	5.088	1	0
Bt32	33	20	28	5.25	1	0
Bt33	45	23	21	2.544	1	0
Bt34	40	33	17	6.77	1	0
Bt35	58	40	11	12.6	1	0
Bt36	38	37	20	7.568	1	0
Bt37	59	39	14	3.562	1	0
Bt38	59	40	18	5.982	1	0

DEMANDS PER CUSTOMER
i	Type Quantity
1	Bt3 1	
2	Bt6 1	
3	Bt25 1	
4	Bt4 1	
5	Bt9 1	
6	Bt9 1	Bt8 1	
7	Bt3 1	
8	Bt6 1	
9	Bt4 1	
10	Bt4 2	Bt16 1	Bt11 2	
11	Bt16 1	
12	Bt4 1	
13	Bt8 1	
14	Bt11 1	
15	Bt4 1	
16	Bt9 2	Bt4 2	Bt6 1	Bt24 1	Bt34 1	Bt3 1	
17	Bt22 1	
18	Bt6 1	
19	Bt7 1	Bt9 1	
20	Bt27 1	
21	Bt4 1	Bt2 1	
22	Bt6 1	Bt7 1	
23	Bt4 1	Bt12 1	
24	Bt6 1	
25	Bt29 1	
26	Bt8 1	Bt38 1	
27	Bt7 1	Bt2 1	Bt6 1	Bt4 1	
28	Bt4 1	
29	Bt12 1	Bt11 1	
30	Bt7 1	
31	Bt4 1	
32	Bt6 1	Bt4 1	
33	Bt4 1	
34	Bt6 1	
35	Bt15 1	
36	Bt23 1	
37	Bt4 1	
38	Bt6 1	
39	Bt7 1	
40	Bt6 1	
41	Bt4 1	Bt18 1	Bt9 1	
42	Bt6 1	Bt21 1	
43	Bt6 2	Bt4 1	Bt3 1	
44	Bt4 1	
45	Bt4 1	
46	Bt4 1	Bt32 1	
47	Bt6 1	Bt7 2	
48	Bt9 1	
49	Bt17 1	
50	Bt12 2	
51	Bt4 2	
52	Bt4 2	
53	Bt6 1	
54	Bt1 1	Bt4 1	
55	Bt6 1	
56	Bt4 2	
57	Bt4 1	
58	Bt6 1	
59	Bt19 2	
60	Bt11 1	Bt4 1	
61	Bt17 1	
62	Bt4 1	
63	Bt8 1	
64	Bt4 1	
65	Bt8 1	Bt6 1	
66	Bt4 1	Bt1 1	
67	Bt17 1	
68	Bt7 1	
69	Bt5 1	Bt4 1	
70	Bt3 1	Bt11 1	
71	Bt8 1	
72	Bt4 1	
73	Bt33 1	
74	Bt8 1	
75	Bt4 1	
76	Bt9 1	
77	Bt21 1	Bt2 1	
78	Bt6 1	Bt4 2	
79	Bt1 1	Bt6 1	
80	Bt6 1	Bt4 1	
81	Bt21 1	
82	Bt26 1	
83	Bt8 1	
84	Bt4 1	
85	Bt3 1	
86	Bt10 1	
87	Bt6 1	
88	Bt6 2	
89	Bt24 1	
90	Bt4 1	
91	Bt4 1	
92	Bt4 2	
93	Bt4 1	
94	Bt7 1	
95	Bt24 1	
96	Bt3 2	Bt4 1	
97	Bt3 1	Bt4 2	Bt11 1	
98	Bt21 1	
99	Bt4 1	
100	Bt36 2	Bt9 1	
101	Bt6 1	
102	Bt6 2	Bt4 2	
103	Bt7 1	
104	Bt3 1	
105	Bt11 1	Bt4 1	
106	Bt4 1	
107	Bt6 1	
108	Bt4 1	
109	Bt21 1	
110	Bt4 1	
111	Bt12 1	
112	Bt4 1	
113	Bt3 1	
114	Bt20 1	
115	Bt20 1	
116	Bt9 1	
117	Bt4 1	
118	Bt4 1	
119	Bt4 1	
120	Bt3 1	Bt36 1	
121	Bt7 1	
122	Bt31 1	Bt24 1	
123	Bt4 1	
124	Bt2 1	
125	Bt4 1	
126	Bt13 1	
127	Bt11 1	
128	Bt4 1	
129	Bt9 1	
130	Bt7 1	Bt4 1	
131	Bt9 1	
132	Bt24 1	Bt4 1	Bt6 1	
133	Bt29 1	Bt37 1	Bt30 1	Bt20 1	
134	Bt35 1	Bt30 1	Bt4 1	
135	Bt17 1	
136	Bt23 1	
137	Bt17 1	
138	Bt29 1	
139	Bt9 1	
140	Bt32 1	Bt4 1	
141	Bt4 1	
142	Bt6 1	
143	Bt8 1	
144	Bt28 1	Bt4 1	
145	Bt4 1	
146	Bt4 1	
147	Bt11 1	
148	Bt14 1	Bt23 1	
149	Bt16 1	Bt4 1	
150	Bt4 1	Bt3 1	

DISTANCE MATRIX
0.0 2240.8 2315.1 2385.7 2441.8 2372.9 2347.0 2299.9 2432.0 2211.3 2269.7 2397.9 2411.5 2424.9 2235.4 2430.6 2058.8 2359.9 2303.2 2331.1 2460.9 2416.1 2380.8 2366.7 2262.3 2314.6 2308.9 2245.4 2341.5 2286.1 2374.8 2371.0 2403.2 2354.1 2403.7 2342.4 2315.3 2251.2 2274.2 2480.3 2319.2 2358.9 2347.6 2308.4 2272.0 2257.4 2288.6 2343.2 2429.6 2277.6 2324.8 2312.9 2321.1 2433.3 2370.5 2271.6 2286.1 2329.1 2332.7 2243.6 2292.5 2190.5 2244.9 2338.7 2449.6 2339.6 2372.9 2330.0 2451.2 2433.5 2300.7 2373.7 2400.7 2421.5 2260.9 2436.1 2315.0 2445.7 2265.6 2416.4 2414.0 2237.8 2289.1 2264.2 2369.3 2436.0 2348.4 2074.7 2237.6 2380.9 2462.8 2279.0 2279.8 2294.4 2305.8 2249.5 2347.4 2340.5 2433.9 2396.6 2131.2 2452.1 2442.8 2303.8 2361.3 2418.0 2482.1 2278.0 2388.3 2318.8 2307.8 2109.9 2422.7 2290.7 2107.2 2481.2 2377.1 2264.0 2244.1 2239.8 2368.4 2372.5 2203.8 2300.3 2298.4 2254.1 2327.4 2383.8 2298.7 2373.4 2358.3 2360.3 2388.4 2472.0 2292.8 2338.7 2409.9 2364.0 2337.4 2367.3 2406.7 2351.0 2431.8 2298.6 2368.4 2407.2 2319.3 2433.5 2325.2 2288.6 2285.5
2245.1 0.0 154.3 485.6 214.5 555.5 264.7 72.6 204.7 63.8 106.8 271.5 257.9 216.4 121.1 310.6 312.6 132.6 220.9 513.7 233.6 598.7 190.7 246.7 133.4 185.7 226.6 116.5 684.4 203.8 254.8 157.6 503.1 536.7 586.3 525.0 497.9 122.3 128.9 253.0 121.4 276.6 166.7 192.6 172.1 128.5 162.6 260.9 202.3 148.7 507.4 230.6 227.7 533.2 250.5 120.8 192.7 246.8 515.3 34.6 475.1 60.2 4.0 177.9 272.7 522.2 555.5 512.6 551.1 225.0 218.4 556.3 318.4 604.1 98.0 618.7 232.7 218.4 151.3 189.1 596.6 108.9 128.3 135.3 551.9 227.5 180.2 417.6 28.6 563.5 235.5 38.2 116.9 178.6 142.9 167.2 221.8 181.1 257.0 496.5 108.6 552.0 215.5 188.0 279.0 209.5 596.4 120.0 570.9 234.3 148.4 253.4 522.6 473.3 243.6 581.1 149.8 135.1 96.6 62.6 551.0 285.1 46.9 482.9 174.9 171.8 510.0 263.8 57.8 284.3 540.9 170.2 179.9 244.7 475.4 111.4 327.6 281.7 244.0 467.2 589.3 533.6 234.8 216.3 286.1 179.9 92.0 351.2 196.3 471.2 203.2
2314.0 145.4 0.0 554.5 221.6 624.4 228.5 112.8 211.8 115.0 100.6 222.0 225.7 175.7 213.2 230.8 381.5 139.7 182.3 582.6 240.7 667.6 169.0 166.9 137.1 63.3 164.4 80.2 753.3 114.3 175.0 121.8 572.0 605.6 655.2 593.9 566.8 118.7 30.8 260.1 194.8 245.7 133.8 88.1 67.6 47.6 236.0 241.9 183.0 145.1 576.3 141.1 123.2 602.1 170.7 194.2 88.2 172.2 584.2 180.1 544.0 182.6 141.3 23.5 253.4 591.1 624.4 581.5 620.0 184.3 128.9 625.2 299.4 673.0 91.8 687.6 162.0 225.5 243.4 169.8 665.5 149.5 15.9 61.4 620.8 186.8 116.1 486.5 174.1 632.4 216.2 107.2 110.7 74.1 136.7 125.2 142.0 76.6 237.7 565.4 231.0 620.9 222.6 83.5 260.0 168.8 665.3 242.4 639.8 154.5 43.9 322.3 591.5 542.2 312.5 650.0 129.6 41.0 82.4 208.1 619.9 205.3 169.3 551.8 146.6 129.8 578.9 184.0 131.2 204.5 609.8 191.2 139.2 251.8 544.3 151.6 308.6 213.0 139.5 536.1 658.2 602.5 194.1 126.8 235.9 160.6 132.2 332.2 50.1 540.1 184.2
2090.1 298.3 372.6 0.0 499.3 106.7 404.5 357.4 489.5 268.8 327.2 455.4 469.0 482.4 292.9 488.1 157.6 417.4 360.7 69.4 518.4 190.3 438.3 424.2 319.8 372.1 366.4 302.9 529.4 343.6 432.3 428.5 92.1 144.0 177.9 80.7 155.7 308.7 331.7 537.8 376.7 416.4 405.1 365.9 329.5 314.9 346.1 400.7 487.1 335.1 83.0 370.4 378.6 122.2 428.0 329.1 343.6 386.6 106.9 301.1 102.2 248.0 302.4 396.2 507.1 150.8 147.1 170.2 65.4 491.0 358.2 213.9 458.2 212.4 318.4 220.4 372.5 503.2 323.1 473.9 218.7 295.3 346.6 321.7 209.5 493.5 405.9 262.6 295.1 155.1 520.3 336.5 337.3 351.9 363.3 307.0 404.9 398.0 491.4 10.9 188.7 110.7 500.3 361.3 418.8 475.5 155.1 335.5 162.5 376.3 365.3 167.4 37.0 101.9 169.3 139.8 434.6 321.5 301.6 297.3 151.0 430.0 261.3 140.7 355.9 311.6 116.4 441.3 356.2 430.9 139.8 417.8 445.9 529.5 133.2 396.2 467.4 421.5 394.9 18.4 216.9 89.3 489.3 356.1 425.9 464.7 376.8 491.0 382.7 75.2 343.0
2434.8 205.0 202.1 675.3 0.0 745.2 230.9 132.3 62.1 214.5 160.6 187.0 173.4 139.0 222.7 233.2 502.3 62.3 204.4 703.4 91.0 788.4 158.3 169.3 236.6 265.5 166.8 282.4 874.1 225.9 177.4 80.2 692.8 726.4 776.0 714.7 687.6 292.8 203.1 110.4 141.1 226.4 175.8 152.8 179.2 219.9 245.5 251.3 124.9 272.4 697.1 215.9 207.7 722.9 173.1 203.7 199.8 230.3 705.0 239.7 664.8 265.3 200.9 225.7 188.2 711.9 745.2 702.3 740.8 147.6 228.1 746.0 360.8 793.8 167.2 808.4 195.0 75.8 252.9 111.7 786.3 254.9 188.2 263.6 741.6 150.1 102.8 607.3 233.7 753.2 118.8 166.8 153.1 166.8 133.6 236.8 144.4 135.4 172.5 686.2 298.3 741.7 0.9 157.4 321.4 132.1 786.1 325.1 760.6 156.9 168.1 443.1 712.3 663.0 433.3 770.8 72.4 213.3 181.9 245.9 740.7 207.7 252.0 672.6 258.2 241.4 699.7 186.4 167.2 206.9 730.6 137.8 102.5 102.1 665.1 93.5 370.0 215.4 194.0 656.9 779.0 723.3 157.4 230.2 216.6 102.5 112.9 393.6 252.3 660.9 190.2
2129.3 337.5 411.8 91.2 538.5 0.0 443.7 396.6 528.7 308.0 366.4 494.6 508.2 521.6 332.1 527.3 196.8 456.6 399.9 41.7 557.6 123.5 477.5 463.4 359.0 411.3 405.6 342.1 568.6 382.8 471.5 467.7 109.2 70.1 111.1 30.5 95.6 347.9 370.9 577.0 415.9 455.6 444.3 405.1 368.7 354.1 385.3 439.9 526.3 374.3 70.8 409.6 417.8 79.1 467.2 368.3 382.8 425.8 70.3 340.3 121.2 287.2 341.6 435.4 546.3 80.8 80.3 96.3 60.6 530.2 397.4 140.0 497.4 145.6 357.6 153.6 411.7 542.4 362.3 513.1 151.9 334.5 385.8 360.9 135.6 532.7 445.1 301.8 334.3 88.3 559.5 375.7 376.5 391.1 402.5 346.2 444.1 437.2 530.6 102.1 227.9 64.6 539.5 400.5 458.0 514.7 95.4 374.7 95.7 415.5 404.5 206.6 89.1 113.3 208.5 93.7 473.8 360.7 340.8 336.5 77.1 469.2 300.5 106.9 395.1 350.8 118.1 480.5 395.4 470.1 65.9 457.0 485.1 568.7 112.5 435.4 506.6 460.7 434.1 72.8 150.1 21.8 528.5 395.3 465.1 503.9 416.0 530.2 421.9 94.2 382.2
2375.2 299.0 209.2 615.7 246.8 685.6 0.0 226.3 216.4 294.4 260.1 75.0 88.6 127.3 344.9 108.8 442.7 169.2 137.6 643.8 222.5 738.2 263.1 111.3 316.5 272.6 98.4 289.5 814.5 181.4 96.3 151.3 633.2 666.8 716.4 655.1 628.0 277.0 210.2 220.5 263.3 36.0 275.8 131.0 157.4 227.0 373.2 20.3 134.2 250.6 632.4 154.6 159.8 663.3 58.4 325.9 178.0 163.5 645.4 339.2 630.3 359.3 294.9 232.8 126.7 648.3 680.5 642.7 681.2 195.2 161.3 686.4 129.8 734.2 261.2 748.8 128.2 202.2 380.6 142.4 721.6 328.9 195.3 270.7 682.0 116.2 128.7 547.7 333.2 693.6 144.7 260.8 247.1 145.0 227.6 215.0 108.7 163.4 111.0 626.6 252.7 682.1 242.7 135.6 90.4 129.1 726.5 419.1 701.0 90.1 190.9 383.5 652.7 603.4 373.7 711.2 159.1 220.4 261.8 361.7 681.1 25.5 344.6 613.0 236.4 219.6 640.1 45.6 284.8 26.3 665.9 231.8 163.8 233.6 600.4 187.5 139.0 17.0 152.8 597.3 714.3 663.7 108.9 163.4 46.4 156.6 206.9 162.6 259.3 618.3 128.9
2308.9 72.6 101.7 549.4 141.8 619.3 235.6 0.0 132.0 88.6 54.2 198.8 185.2 143.7 140.4 237.9 376.4 59.9 209.1 577.5 160.9 662.5 118.0 174.0 110.7 165.1 171.5 160.2 748.2 166.2 182.1 84.9 566.9 600.5 650.1 588.8 561.7 166.0 76.3 180.3 122.0 238.2 114.1 140.0 119.5 93.1 163.2 256.0 129.6 192.4 571.2 193.0 175.1 597.0 177.8 121.4 140.1 224.1 579.1 107.3 538.9 132.9 68.5 125.3 200.0 586.0 619.3 576.4 614.9 152.3 180.8 620.1 365.5 667.9 45.4 682.5 199.7 145.7 170.6 116.4 660.4 129.0 75.7 163.2 615.7 154.8 107.5 481.4 101.3 627.3 162.8 34.4 64.3 126.0 90.3 177.1 149.1 128.5 184.3 560.3 181.3 615.8 142.8 135.4 326.1 136.8 660.2 192.7 634.7 161.6 95.8 317.2 586.4 537.1 307.4 644.9 77.1 86.5 56.0 135.3 614.8 212.4 119.6 546.7 198.5 181.7 573.8 191.1 58.4 211.6 604.7 97.5 107.2 172.0 539.2 38.8 374.7 220.1 191.4 531.0 653.1 597.4 162.1 178.7 228.4 107.2 19.3 398.3 151.9 535.0 194.9
2426.2 196.4 193.5 666.7 43.3 736.6 222.3 123.7 0.0 205.9 152.0 157.8 144.2 130.4 214.1 224.6 493.7 53.7 195.8 694.8 61.8 779.8 149.7 160.7 228.0 256.9 158.2 273.8 865.5 217.3 168.8 71.6 684.2 717.8 767.4 706.1 679.0 284.2 194.5 81.2 132.5 197.2 167.2 144.2 170.6 211.3 236.9 226.6 116.3 263.8 688.5 207.3 199.1 714.3 164.5 195.1 191.2 221.7 696.4 231.1 656.2 256.7 192.3 217.1 159.0 703.3 736.6 693.7 732.2 139.0 219.5 737.4 335.6 785.2 158.6 799.8 186.4 46.6 244.3 103.1 777.7 246.3 179.6 255.0 733.0 141.5 94.2 598.7 225.1 744.6 89.6 158.2 144.5 158.2 125.0 228.2 135.8 126.8 143.3 677.6 289.7 733.1 44.3 148.8 296.2 123.5 777.5 316.5 752.0 148.3 159.5 434.5 703.7 654.4 424.7 762.2 63.8 204.7 173.3 237.3 732.1 199.1 243.4 664.0 249.6 232.8 691.1 177.8 158.6 198.3 722.0 129.2 93.9 72.9 656.5 84.9 344.8 206.8 185.4 648.3 770.4 714.7 148.8 221.6 187.4 93.9 104.3 368.4 243.7 652.3 181.6
2220.2 83.8 123.8 460.7 230.4 530.6 235.1 88.5 220.6 0.0 58.3 286.0 273.8 232.3 157.0 304.8 287.7 148.5 191.3 488.8 249.5 573.8 169.4 240.9 88.7 156.1 197.0 86.9 659.5 174.2 249.0 173.5 478.2 511.8 561.4 500.1 473.0 92.7 98.4 268.9 170.5 247.0 136.2 162.1 141.6 98.9 210.2 231.3 218.2 119.1 482.5 201.0 197.2 508.3 244.7 169.9 162.2 217.2 490.4 86.6 450.2 70.2 87.9 147.4 288.6 497.3 530.6 487.7 526.2 240.9 188.8 531.4 288.8 579.2 49.5 593.8 203.1 234.3 187.2 205.0 571.7 79.3 97.8 105.7 527.0 243.4 190.1 392.7 80.6 538.6 251.4 82.9 68.4 148.1 94.4 137.6 216.0 150.6 272.9 471.6 118.6 527.1 231.4 157.5 249.4 225.4 571.5 130.0 546.0 206.9 117.9 228.5 497.7 448.4 218.7 556.2 165.7 105.5 32.7 114.6 526.1 260.6 56.9 458.0 145.3 142.2 485.1 258.0 106.9 261.5 516.0 148.9 195.8 260.6 450.5 127.3 298.0 252.1 213.5 442.3 564.4 508.7 250.7 186.7 256.5 195.8 107.9 321.6 166.7 446.3 173.6
2274.1 102.2 84.9 514.6 182.2 584.5 268.7 69.6 172.4 53.8 0.0 239.2 225.6 184.1 170.0 265.9 341.6 100.3 217.4 542.7 201.3 627.7 110.8 185.2 75.9 148.3 197.9 140.8 713.4 149.4 210.1 125.3 532.1 565.7 615.3 554.0 526.9 146.6 59.5 220.7 151.6 278.6 97.3 123.2 102.7 76.3 192.8 277.0 170.0 173.0 536.4 176.2 166.3 562.2 205.8 151.0 123.3 207.3 544.3 136.9 504.1 124.1 98.1 108.5 240.4 547.2 584.5 541.6 580.1 192.7 164.0 585.3 334.5 633.1 6.6 647.7 197.1 186.1 200.2 161.8 625.6 94.2 58.9 146.4 580.9 195.2 147.9 446.6 130.9 592.5 203.2 64.0 17.3 109.2 36.0 160.3 177.1 106.5 224.7 525.5 172.5 581.0 183.2 118.6 295.1 177.2 625.4 183.9 599.9 189.6 79.0 282.4 551.6 502.3 272.6 610.1 117.5 69.7 21.2 164.9 580.0 240.4 109.4 511.9 181.7 164.9 539.0 219.1 88.0 239.6 569.9 90.5 147.6 212.4 504.4 73.6 343.7 248.1 174.6 496.2 618.3 562.6 202.5 161.9 267.9 147.6 89.0 367.3 135.0 500.2 219.3
2423.1 261.5 218.0 663.6 171.7 733.5 92.0 188.8 141.3 271.0 217.1 0.0 13.5 52.2 307.4 110.2 490.6 131.7 150.4 691.7 147.4 776.7 214.8 140.9 293.1 281.4 112.8 298.3 862.4 188.7 56.9 110.3 681.1 714.7 764.3 703.0 675.9 289.8 219.0 145.4 225.8 39.3 232.3 143.8 170.2 235.8 330.2 68.7 59.1 263.4 685.4 161.9 179.3 711.2 92.7 288.4 190.8 176.3 693.3 296.2 653.1 321.8 257.4 241.6 51.6 700.2 733.5 690.6 729.1 117.3 174.1 734.3 177.7 782.1 223.7 796.7 141.0 132.2 337.6 72.3 774.6 311.4 204.1 279.5 729.9 41.1 118.7 595.6 290.2 741.5 69.6 223.3 209.6 157.8 190.1 227.8 116.0 151.3 35.9 674.5 300.6 730.0 172.7 148.4 138.3 59.1 774.4 381.6 748.9 102.9 184.0 431.4 700.6 651.3 421.6 759.1 121.6 229.2 238.4 324.2 729.0 117.5 308.5 660.9 249.2 232.4 688.0 106.0 247.3 118.4 718.9 194.3 88.7 158.5 653.4 150.0 186.9 109.0 165.6 645.2 767.3 711.6 33.8 176.2 29.5 81.5 169.4 210.5 268.2 649.2 136.2
2436.7 247.9 218.6 677.2 158.1 747.1 105.6 175.2 127.7 257.4 203.5 13.5 0.0 59.9 293.8 123.8 504.2 118.1 164.0 705.3 133.8 790.3 201.2 154.5 279.5 282.0 126.4 298.9 876.0 202.3 70.5 96.7 694.7 728.3 777.9 716.6 689.5 303.4 219.6 131.8 212.2 52.9 218.7 157.4 183.8 236.4 316.6 82.3 45.5 277.0 699.0 175.5 192.9 724.8 106.3 274.8 204.4 189.9 706.9 282.6 666.7 308.2 243.8 242.2 38.0 713.8 747.1 704.2 742.7 125.0 187.7 747.9 191.3 795.7 210.1 810.3 154.6 118.6 324.0 58.7 788.2 297.8 204.7 280.1 743.5 48.8 119.3 609.2 276.6 755.1 56.0 209.7 196.0 171.4 176.5 241.4 129.6 151.9 22.3 688.1 356.6 743.6 159.1 162.0 151.9 66.8 788.0 368.0 762.5 116.5 184.6 445.0 714.2 664.9 435.2 772.7 108.0 229.8 224.8 310.6 742.6 131.1 294.9 674.5 262.8 246.0 701.6 119.6 233.7 132.0 732.5 180.7 96.4 144.9 667.0 136.4 200.5 122.6 179.2 658.8 780.9 725.2 41.5 189.8 43.1 67.9 155.8 224.1 268.8 662.8 149.8
2421.0 216.4 165.7 661.5 168.5 731.4 154.3 143.7 158.7 225.9 172.0 62.2 49.9 0.0 262.3 172.5 488.5 86.6 168.0 689.6 183.8 774.6 169.7 132.9 248.0 229.1 130.4 246.0 860.3 189.5 119.2 68.7 679.0 712.6 762.2 700.9 673.8 256.4 166.7 181.8 180.7 101.6 187.2 116.4 142.8 183.5 285.1 131.0 95.5 236.0 683.3 179.5 171.3 709.1 136.7 243.3 163.4 193.9 691.2 251.1 651.0 276.7 212.3 189.3 88.0 698.1 731.4 688.5 727.0 65.0 191.7 732.2 240.0 780.0 178.6 794.6 158.6 168.6 292.5 108.7 772.5 266.3 151.8 227.2 727.8 11.0 66.4 593.5 245.1 739.4 106.0 178.2 164.5 130.4 145.0 200.4 108.0 99.0 72.3 672.4 325.1 727.9 169.5 121.0 200.6 6.8 772.3 336.5 746.8 120.5 131.7 429.3 698.5 649.2 419.5 757.0 76.5 176.9 193.3 279.1 726.9 171.3 263.4 658.8 221.8 205.0 685.9 150.0 202.2 170.5 716.8 149.2 36.4 194.9 651.3 104.9 249.2 171.3 157.6 643.1 765.2 709.5 18.3 193.8 91.8 107.5 124.3 272.8 215.9 647.1 153.8
2227.0 90.8 231.8 467.5 241.9 537.4 310.5 150.1 232.1 124.3 182.7 327.1 313.5 272.0 0.0 366.2 294.5 195.3 266.7 495.6 261.0 580.6 268.2 302.3 193.9 246.2 272.4 177.0 666.3 249.6 310.4 213.2 485.0 518.6 568.2 506.9 479.8 182.8 205.8 280.4 118.7 322.4 244.2 270.1 235.5 189.0 53.1 306.7 257.9 209.2 489.3 276.4 284.6 515.1 306.1 71.1 249.6 292.6 497.2 66.1 457.0 64.0 94.9 255.4 328.3 504.1 537.4 494.5 533.0 280.6 264.2 538.2 364.2 586.0 173.9 600.6 278.5 245.8 30.1 244.7 578.5 169.4 205.8 195.8 533.8 283.1 235.8 399.5 72.1 545.4 288.8 129.0 192.8 256.1 218.8 213.0 277.4 258.6 312.6 478.4 90.5 533.9 242.9 265.5 324.8 265.1 578.3 151.5 552.8 282.3 225.9 235.3 504.5 455.2 225.5 563.0 205.4 195.6 157.1 38.1 532.9 336.0 77.3 464.8 235.4 217.6 491.9 319.4 101.6 336.9 522.8 247.7 235.5 272.1 457.3 188.9 373.4 327.5 300.9 449.1 571.2 515.5 290.4 262.1 331.9 235.5 169.5 397.0 256.8 453.1 249.0
2433.0 310.6 220.8 673.5 262.7 743.4 98.1 237.9 241.6 306.0 266.2 100.2 113.8 152.5 356.5 0.0 500.5 180.8 149.2 701.6 247.7 786.6 263.9 139.7 328.1 284.2 111.6 301.1 872.3 187.5 115.8 162.9 691.0 724.6 774.2 712.9 685.8 288.6 221.8 245.7 274.9 94.9 281.4 142.6 169.0 238.6 379.3 118.5 159.4 262.2 695.3 160.7 178.1 721.1 70.0 337.5 189.6 175.1 703.2 345.3 663.0 370.9 306.5 244.4 151.9 710.1 743.4 700.5 739.0 217.6 172.9 744.2 228.0 792.0 272.8 806.6 139.8 232.5 386.7 172.6 784.5 340.5 206.9 282.3 739.8 141.4 140.3 605.5 339.3 751.4 169.9 272.4 258.7 156.6 239.2 226.6 114.8 169.8 136.2 684.4 310.5 739.9 263.7 147.2 188.6 159.4 784.3 430.7 758.8 101.7 202.5 441.3 710.5 661.2 431.5 769.0 170.7 232.0 273.4 373.3 738.9 74.9 357.6 670.8 248.0 231.2 697.9 53.6 296.4 74.1 728.8 243.4 180.3 258.8 663.3 199.1 237.2 82.6 164.4 655.1 777.2 721.5 134.1 175.0 85.1 181.8 218.5 260.8 271.0 659.1 135.0
2008.4 305.2 379.5 367.4 506.2 437.3 405.9 364.3 496.4 275.7 334.1 462.3 475.9 489.3 299.8 495.0 0.0 424.3 367.6 395.5 525.3 480.5 425.5 419.9 326.7 379.0 373.3 309.8 465.7 350.5 439.2 435.4 384.9 418.5 468.1 406.8 379.7 315.6 338.6 544.7 383.6 423.3 400.1 372.8 336.4 321.8 353.0 407.6 494.0 342.0 389.2 377.3 385.5 415.0 434.9 336.0 350.5 393.5 397.1 308.0 356.9 254.9 309.3 403.1 514.0 400.0 437.3 394.4 432.9 497.9 365.1 438.1 465.1 485.9 325.3 500.5 379.4 510.1 345.6 480.8 478.4 302.2 353.5 328.6 433.7 500.4 412.8 198.9 302.0 445.3 527.2 343.4 344.2 358.8 370.2 313.9 411.8 399.7 498.3 378.3 195.6 433.8 507.2 368.2 425.7 482.4 478.2 342.4 452.7 383.2 372.2 174.3 404.4 355.1 171.6 462.9 441.5 328.4 308.5 304.2 432.8 436.9 268.2 364.7 362.8 318.5 391.8 448.2 363.1 437.8 422.7 424.7 452.8 536.4 357.2 403.1 474.3 428.4 401.8 349.0 471.1 415.4 496.2 363.0 432.8 471.6 383.7 497.9 389.6 353.0 349.9
2372.4 142.6 139.7 612.9 81.8 682.8 168.5 69.9 72.0 152.1 98.2 131.7 118.1 76.6 175.6 170.8 439.9 0.0 142.0 641.0 100.9 726.0 95.9 106.9 174.2 203.1 104.4 220.0 811.7 163.5 115.0 17.8 630.4 664.0 713.6 652.3 625.2 230.4 140.7 120.3 94.0 171.1 113.4 90.4 116.8 157.5 198.4 188.9 62.5 210.0 634.7 153.5 145.3 660.5 110.7 156.6 137.4 167.9 642.6 177.3 602.4 202.9 138.5 163.3 132.9 649.5 682.8 639.9 678.4 85.2 165.7 683.6 298.4 731.4 104.8 746.0 132.6 85.7 205.8 49.3 723.9 192.5 125.8 201.2 679.2 87.7 40.4 544.9 171.3 690.8 95.7 104.4 90.7 104.4 71.2 174.4 82.0 73.0 117.2 623.8 251.2 679.3 82.8 95.0 259.0 69.7 723.7 262.7 698.2 94.5 105.7 380.7 649.9 600.6 370.9 708.4 10.0 150.9 119.5 198.8 678.3 145.3 189.6 610.2 195.8 179.0 637.3 124.0 120.1 144.5 668.2 75.4 40.1 112.0 602.7 31.1 307.6 153.0 131.6 594.5 716.6 660.9 95.0 167.8 161.3 40.1 50.5 331.2 189.9 598.5 127.8
2321.7 257.9 168.1 562.2 210.0 632.1 99.9 185.2 200.2 253.3 213.5 136.5 150.1 164.1 303.8 145.3 389.2 128.1 0.0 590.3 229.1 675.3 211.2 87.0 275.4 231.5 23.6 248.4 761.0 77.4 89.5 110.2 579.7 613.3 662.9 601.6 574.5 203.0 169.1 248.5 222.2 111.8 228.7 89.9 116.3 185.9 326.6 96.1 171.4 176.6 584.0 50.6 125.4 609.8 85.2 284.8 136.9 25.8 591.9 292.6 551.7 318.2 253.8 191.7 188.2 598.8 632.1 589.2 627.7 172.7 62.8 632.9 153.6 680.7 220.1 695.3 29.7 213.9 334.0 158.2 673.2 287.8 154.2 229.6 628.5 175.2 87.6 494.2 286.6 640.1 204.6 219.7 206.0 103.9 186.5 141.0 62.1 117.1 172.5 573.1 199.2 628.6 211.0 94.5 114.2 157.2 673.0 378.0 647.5 33.5 149.8 330.0 599.2 549.9 320.2 657.7 118.0 179.3 220.7 320.6 627.6 119.8 304.9 559.5 144.4 145.6 586.6 98.5 243.7 119.0 617.5 190.7 127.6 240.2 552.0 146.4 162.8 116.9 111.7 543.8 665.9 610.2 170.4 64.9 121.3 149.0 165.8 186.4 218.3 547.8 23.7
2087.5 295.7 370.0 49.4 496.7 41.7 401.9 354.8 486.9 266.2 324.6 452.8 466.4 479.8 290.3 485.5 155.0 414.8 358.1 0.0 515.8 165.3 416.0 410.4 317.2 369.5 363.8 300.3 526.8 341.0 429.7 425.9 89.5 111.9 152.9 11.2 132.9 306.1 329.1 535.2 374.1 413.8 402.5 363.3 326.9 312.3 343.5 398.1 484.5 332.5 60.2 367.8 376.0 119.6 425.4 326.5 341.0 384.0 84.1 298.5 104.5 245.4 299.8 393.6 504.5 122.6 122.1 138.1 102.4 488.4 355.6 181.8 455.6 187.4 315.8 195.4 369.9 500.6 336.1 476.3 193.7 292.7 344.0 319.1 177.4 490.9 403.3 260.0 292.5 130.1 517.7 333.9 342.0 349.3 360.7 304.4 402.3 390.2 488.8 60.3 186.1 106.4 497.7 358.7 416.2 472.9 137.2 332.9 137.5 373.7 362.7 164.8 86.4 79.1 166.7 135.5 432.0 318.9 299.0 294.7 118.9 427.4 258.7 117.9 353.3 309.0 93.6 438.7 353.6 428.3 107.7 415.2 443.3 526.9 110.4 393.6 464.8 418.9 392.3 31.0 191.9 19.8 486.7 353.5 424.2 462.1 374.2 488.4 380.0 64.7 340.4
2451.7 221.9 219.0 692.2 68.8 762.1 247.8 149.2 38.4 231.4 177.5 160.5 146.9 155.9 239.6 250.1 519.2 79.2 221.3 720.3 0.0 805.3 175.2 186.2 253.5 282.4 183.7 299.3 891.0 242.8 194.3 97.1 709.7 743.3 792.9 731.6 704.5 309.7 220.0 83.9 158.0 199.9 192.7 169.7 196.1 236.8 262.4 229.3 134.0 289.3 714.0 232.8 224.6 739.8 190.0 220.6 216.7 247.2 721.9 256.6 681.7 282.2 217.8 242.6 161.7 728.8 762.1 719.2 757.7 164.5 245.0 762.9 338.3 810.7 184.1 825.3 211.9 12.5 269.8 128.6 803.2 271.8 205.1 280.5 758.5 167.0 119.7 624.2 250.6 770.1 92.3 183.7 170.0 183.7 150.5 253.7 161.3 152.3 146.0 703.1 315.2 758.6 69.8 174.3 298.9 149.0 803.0 342.0 777.5 173.8 185.0 460.0 729.2 679.9 450.2 787.7 89.3 230.2 198.8 262.8 757.6 224.6 268.9 689.5 275.1 258.3 716.6 203.3 184.1 223.8 747.5 154.7 119.4 11.0 682.0 110.4 347.5 232.3 210.9 673.8 795.9 740.2 174.3 247.1 190.1 119.4 129.8 371.1 269.2 677.8 207.1
2226.9 435.1 509.4 188.8 636.1 123.4 535.8 494.2 626.3 405.6 464.0 592.2 605.8 619.2 429.7 624.9 294.4 554.2 497.5 165.2 655.2 0.0 555.4 549.8 456.6 508.9 504.8 449.1 666.2 480.4 569.1 565.3 179.8 107.8 12.4 153.9 133.3 445.5 468.5 674.6 513.5 553.2 530.0 512.1 466.3 451.7 482.9 537.5 623.9 471.9 136.7 507.2 523.4 149.7 564.8 465.9 480.4 523.4 90.0 437.9 208.0 384.8 439.2 533.0 643.9 121.1 76.0 134.0 131.2 630.6 504.4 133.9 595.0 119.7 455.2 131.3 509.3 640.0 484.9 615.7 116.6 432.1 483.4 458.5 138.3 630.3 542.7 399.4 441.3 84.0 657.1 473.3 481.4 488.7 500.1 443.8 541.7 529.6 628.2 185.8 325.5 135.2 646.5 498.1 555.6 612.3 164.7 472.3 91.4 513.1 502.1 304.2 159.7 151.0 306.1 164.3 571.4 458.3 438.4 434.1 114.8 566.8 399.5 144.6 492.7 448.4 155.8 578.1 493.0 567.7 113.0 554.6 592.1 666.3 150.2 533.0 604.2 558.3 531.7 170.4 137.2 145.3 626.1 492.9 563.6 601.5 513.6 627.8 519.4 168.2 489.2
2343.4 153.5 109.5 583.9 187.9 653.8 286.8 118.1 178.1 123.1 97.9 244.9 231.3 189.8 221.3 284.0 400.1 106.0 242.0 601.2 207.0 706.4 0.0 203.3 145.2 172.9 216.0 168.0 782.7 163.2 228.2 131.0 601.4 635.0 684.6 623.3 596.2 173.8 84.1 226.4 200.1 284.3 23.5 137.0 127.3 100.9 233.3 290.8 175.7 200.2 594.9 200.8 190.9 631.5 219.6 202.3 137.1 231.9 613.6 177.4 598.5 193.4 149.4 133.1 246.1 616.5 643.0 610.9 649.4 201.2 177.8 654.6 359.1 702.4 99.9 717.0 221.7 213.5 240.7 167.5 684.1 163.5 83.5 171.0 650.2 200.9 153.6 515.9 171.4 661.8 208.9 115.3 86.0 133.8 72.0 184.9 195.2 131.1 230.4 594.8 241.8 650.3 210.6 143.2 319.7 204.6 694.7 253.2 669.2 207.7 103.6 351.7 620.9 571.6 341.9 679.4 123.2 94.3 90.5 216.2 649.3 258.5 178.7 581.2 206.3 189.5 608.3 237.2 139.3 257.7 628.4 41.0 153.3 218.1 562.9 79.3 368.3 266.2 199.2 565.5 676.8 631.9 208.2 186.5 273.6 153.3 98.7 391.9 159.6 586.5 241.0
2348.9 227.6 137.8 589.4 179.7 659.3 143.4 154.9 169.9 223.0 176.0 131.8 145.4 133.8 273.5 140.6 416.4 97.8 111.8 617.5 198.8 711.9 191.7 0.0 245.1 201.2 72.6 210.9 788.2 117.4 84.8 79.9 608.6 640.5 690.1 628.8 601.7 190.3 138.8 218.2 191.9 155.5 204.4 52.4 86.0 155.6 296.3 158.7 141.1 163.9 611.2 123.3 31.6 637.0 80.5 254.5 67.8 137.7 619.1 262.3 604.0 287.9 223.5 161.4 183.5 622.0 659.3 616.4 654.9 145.2 128.3 660.1 268.2 707.9 189.8 722.5 102.4 176.4 296.5 132.9 700.4 257.5 123.9 199.3 655.7 144.9 57.3 521.4 256.3 667.3 174.3 189.4 170.2 73.6 156.2 128.3 8.3 92.0 167.8 600.3 226.4 655.8 173.5 64.2 228.8 126.9 700.2 347.7 674.7 64.3 119.5 357.2 626.4 577.1 347.4 684.9 87.7 149.0 190.4 290.3 656.5 115.1 273.2 586.7 149.7 132.9 613.8 93.8 213.4 114.3 644.7 160.4 97.3 209.9 579.2 116.1 277.4 122.8 24.6 571.0 693.1 637.4 152.2 129.9 144.8 118.7 135.5 301.0 187.9 592.0 97.6
2258.4 140.6 151.2 498.9 260.7 568.8 273.3 118.8 250.9 76.9 88.6 317.7 304.1 262.6 213.8 332.2 325.9 178.8 229.5 527.0 279.8 612.0 199.7 268.3 0.0 150.7 235.2 81.5 697.7 184.3 276.4 203.8 516.4 550.0 599.6 538.3 511.2 87.3 110.3 299.2 200.8 285.2 166.5 189.5 169.0 93.5 242.0 269.5 248.5 113.7 520.7 211.1 224.6 546.5 272.1 200.2 189.6 242.2 528.6 143.4 488.4 127.0 144.7 174.8 318.9 535.5 568.8 525.9 564.4 271.2 198.9 569.6 327.0 617.4 79.8 632.0 232.0 264.6 244.0 235.3 609.9 18.3 125.2 100.3 565.2 273.7 217.5 430.9 137.4 576.8 281.7 113.2 98.7 175.5 124.7 149.3 243.4 178.0 303.2 509.8 175.4 565.3 261.7 184.9 287.6 255.7 609.7 186.8 584.2 245.1 145.3 266.7 535.9 486.6 256.9 594.4 196.0 100.1 63.0 171.4 564.3 298.8 113.7 496.2 139.9 144.7 523.3 285.4 137.2 299.7 554.2 179.2 226.1 290.9 488.7 157.6 336.2 290.3 240.9 480.5 602.6 546.9 281.0 196.8 294.7 226.1 138.2 359.8 161.3 484.5 211.8
2313.5 195.7 63.3 554.0 285.0 623.9 291.9 176.2 275.2 166.1 164.0 285.4 289.1 239.1 268.9 294.2 381.0 203.1 245.7 582.1 304.1 667.1 232.4 230.3 173.5 0.0 227.8 59.1 752.8 177.7 238.4 185.2 571.5 605.1 654.7 593.4 566.3 97.6 94.2 323.5 258.2 309.1 197.2 151.5 131.0 111.0 299.4 305.3 246.4 124.0 575.8 204.5 186.6 601.6 234.1 257.6 151.6 235.6 583.7 198.5 543.5 182.1 199.8 91.0 316.8 590.6 623.9 581.0 619.5 247.7 192.3 624.7 362.8 672.5 155.2 687.1 225.4 288.9 299.1 233.2 665.0 149.0 79.3 40.3 620.3 250.2 179.5 486.0 192.5 631.9 279.6 170.6 174.1 137.5 200.1 159.6 205.4 140.0 301.1 564.9 230.5 620.4 286.0 146.9 323.4 232.2 664.8 241.9 639.3 217.9 107.3 321.8 591.0 541.7 312.0 649.5 193.0 104.4 145.8 226.5 619.4 268.7 168.8 551.3 150.2 155.0 578.4 247.4 194.6 267.9 609.3 254.6 202.6 315.2 543.8 215.0 372.0 276.4 202.9 535.6 657.7 602.0 257.5 190.2 299.3 224.0 195.6 395.6 72.8 539.6 247.6
2321.3 234.2 144.4 561.8 186.3 631.7 94.0 161.5 176.5 229.6 188.2 112.8 126.4 140.4 280.1 121.6 388.8 104.4 37.5 589.9 205.4 684.3 198.3 46.5 251.7 207.8 0.0 224.7 760.6 75.8 65.8 86.5 579.3 612.9 662.5 601.2 574.1 201.4 145.4 224.8 198.5 113.0 211.0 64.6 92.6 162.2 301.3 97.3 147.7 175.0 585.2 49.0 95.0 609.4 59.9 261.1 113.2 63.4 591.5 267.3 576.4 294.5 230.1 168.0 164.5 594.4 633.3 588.8 627.3 151.8 61.2 632.5 153.2 680.3 196.4 694.9 28.1 188.6 308.7 139.5 672.8 264.1 130.5 205.9 628.1 151.5 63.9 493.8 261.3 639.7 180.9 196.0 176.8 80.2 162.8 139.4 36.8 98.6 148.8 572.7 200.4 628.2 185.7 70.8 113.8 131.9 672.6 354.3 647.1 9.8 126.1 329.6 598.8 549.5 319.8 657.3 94.3 155.6 197.0 296.9 627.2 96.1 279.8 559.1 142.8 144.0 586.2 74.8 220.0 95.3 617.1 167.0 102.3 216.5 553.2 122.7 162.4 103.8 88.0 543.4 665.5 609.8 146.7 63.3 121.8 125.3 142.1 186.0 194.5 564.4 24.9
2254.3 136.5 70.2 494.8 291.9 564.7 266.6 181.3 282.1 106.9 165.3 292.3 296.0 246.0 209.7 301.1 321.8 210.0 203.4 522.9 311.0 617.3 237.5 234.0 114.3 69.1 201.3 0.0 693.6 135.4 245.3 192.1 512.3 545.9 595.5 534.2 507.1 38.4 101.1 330.4 258.0 278.5 202.3 158.4 137.9 87.0 262.9 262.8 253.3 64.8 516.6 162.2 188.4 542.4 241.0 245.9 153.4 193.3 524.5 139.3 484.3 122.9 140.6 97.9 323.7 531.4 564.7 521.8 560.3 254.6 150.0 565.5 320.3 613.3 156.5 627.9 183.1 295.8 255.5 240.1 605.8 89.8 86.2 18.7 561.1 257.1 186.4 426.8 133.3 572.7 286.5 174.7 182.7 144.4 201.4 100.4 212.3 141.7 308.0 505.7 171.3 561.2 292.9 153.8 280.9 239.1 605.6 182.7 580.1 211.2 114.2 262.6 531.8 482.5 252.8 590.3 199.9 93.6 139.7 167.3 560.2 275.6 108.2 492.1 91.0 95.8 519.2 254.3 194.4 274.8 550.1 255.9 209.5 322.1 484.6 220.1 329.5 283.3 204.7 476.4 598.5 542.8 264.4 147.9 288.0 230.9 200.7 353.1 79.6 480.4 205.1
2387.7 685.3 759.6 747.5 886.3 817.4 791.5 744.4 876.5 655.8 714.2 842.4 856.0 869.4 679.9 875.1 503.3 804.4 747.7 775.6 905.4 860.6 825.3 811.2 706.8 759.1 753.4 689.9 0.0 730.6 819.3 815.5 765.0 798.6 848.2 786.9 759.8 695.7 718.7 924.8 763.7 803.4 792.1 752.9 716.5 701.9 733.1 787.7 874.1 722.1 769.3 757.4 765.6 795.1 815.0 716.1 730.6 773.6 777.2 688.1 737.0 635.0 689.4 783.2 894.1 784.1 817.4 774.5 813.0 878.0 745.2 818.2 845.2 866.0 705.4 880.6 759.5 890.2 710.1 860.9 858.5 682.3 733.6 708.7 813.8 880.5 792.9 305.2 682.1 825.4 907.3 723.5 724.3 738.9 750.3 694.0 791.9 785.0 878.4 758.4 575.7 813.9 887.3 748.3 805.8 862.5 858.3 722.5 832.8 763.3 752.3 554.4 784.5 735.2 551.7 843.0 821.6 708.5 688.6 684.3 812.9 817.0 648.3 744.8 742.9 698.6 771.9 828.3 743.2 817.9 802.8 804.8 832.9 916.5 737.3 783.2 854.4 808.5 781.9 729.1 851.2 795.5 876.3 743.1 812.9 851.7 763.8 878.0 769.7 733.1 730.0
2284.1 221.8 106.2 524.6 252.2 594.5 163.3 189.2 242.4 191.4 177.0 178.7 192.3 206.3 289.6 187.5 351.6 170.3 74.8 552.7 271.3 637.7 245.4 112.4 213.5 169.6 65.8 174.0 723.4 0.0 131.7 152.4 542.1 575.7 625.3 564.0 536.9 125.5 107.2 290.7 264.4 175.2 210.2 94.9 58.5 124.0 312.4 159.5 213.6 99.1 546.4 26.7 115.6 572.2 127.4 270.6 72.6 64.7 554.3 256.5 514.1 244.3 217.7 129.8 230.4 561.2 594.5 551.6 590.1 217.7 14.5 595.3 217.0 643.1 168.2 657.7 47.7 256.1 319.8 200.4 635.6 211.2 92.3 167.7 590.9 217.4 129.8 456.6 250.5 602.5 246.8 183.6 194.4 80.9 213.1 63.5 104.3 121.8 214.7 535.5 161.6 591.0 253.2 90.3 177.6 199.4 635.4 304.1 609.9 75.7 94.3 292.4 561.6 512.3 282.6 620.1 160.2 117.4 158.8 284.5 590.0 162.0 229.6 521.9 66.9 68.1 549.0 140.7 207.6 161.2 579.9 232.9 169.8 282.4 514.4 188.6 226.2 169.7 123.9 506.2 628.3 572.6 212.6 12.4 184.7 191.2 208.0 249.8 156.3 510.2 87.1
2377.2 254.8 165.0 617.7 206.9 687.6 93.5 182.1 188.3 250.2 210.4 46.9 60.5 99.2 300.7 95.8 444.7 125.0 93.4 645.8 194.4 730.8 208.1 83.9 272.3 228.4 55.8 245.3 816.5 131.7 0.0 107.1 635.2 668.8 718.4 657.1 630.0 232.8 166.0 192.4 219.1 70.6 225.6 86.8 113.2 182.8 323.5 100.0 106.1 206.4 639.5 104.9 122.3 665.3 35.7 281.7 133.8 119.3 647.4 289.5 607.2 315.1 250.7 188.6 98.6 654.3 687.6 644.7 683.2 126.9 117.1 688.4 209.0 736.2 217.0 750.8 84.0 179.2 330.9 119.3 728.7 284.7 151.1 226.5 684.0 88.1 84.5 549.7 283.5 695.6 116.6 216.6 202.9 100.8 183.4 170.8 59.0 114.0 82.9 628.6 254.7 684.1 207.9 91.4 169.6 106.1 728.5 374.9 703.0 45.9 146.7 385.5 654.7 605.4 375.7 713.2 114.9 176.2 217.6 317.5 683.1 70.3 301.8 615.0 192.2 175.4 642.1 49.0 240.6 69.5 673.0 187.6 124.5 205.5 607.5 143.3 218.2 78.0 108.6 599.3 721.4 665.7 80.8 119.2 60.8 128.5 162.7 241.8 215.2 603.3 79.2
2377.1 147.6 121.8 617.6 99.7 687.5 150.6 74.9 89.9 157.1 103.2 121.0 108.7 58.7 193.5 152.9 444.6 17.8 124.1 645.7 118.8 730.7 100.9 89.0 179.2 185.2 86.5 202.1 816.4 145.6 97.1 0.0 635.1 668.7 718.3 657.0 629.9 212.5 122.8 138.2 111.9 160.4 118.4 72.5 98.9 139.6 216.3 171.0 61.1 192.1 639.4 135.6 127.4 665.2 92.8 174.5 119.5 150.0 647.3 182.3 607.1 207.9 143.5 145.4 131.5 654.2 687.5 644.6 683.1 67.3 147.8 688.3 280.5 736.1 109.8 750.7 114.7 103.6 223.7 47.9 728.6 197.5 107.9 183.3 683.9 69.8 22.5 549.6 176.3 695.5 94.3 109.4 95.7 86.5 76.2 156.5 64.1 55.1 115.8 628.5 256.3 684.0 100.7 77.1 241.1 51.8 728.4 267.7 702.9 76.6 87.8 385.4 654.6 605.3 375.6 713.1 7.7 133.0 124.5 210.3 683.0 127.4 194.6 614.9 177.9 161.1 642.0 106.1 133.4 126.6 672.9 80.4 22.2 129.9 607.4 36.1 289.7 135.1 113.7 599.2 721.3 665.6 77.1 149.9 150.6 38.7 55.5 313.3 172.0 603.2 109.9
2107.2 315.4 389.7 111.7 516.4 89.8 416.1 374.5 506.6 285.9 344.3 472.5 486.1 499.5 310.0 505.2 174.7 434.5 377.8 109.1 535.5 180.5 435.7 441.3 336.9 389.2 385.1 320.0 546.5 360.7 449.4 445.6 0.0 127.1 168.1 120.3 152.6 325.8 348.8 554.9 393.8 433.5 410.3 383.0 346.6 332.0 363.2 417.8 504.2 352.2 122.7 387.5 395.7 30.0 445.1 346.2 360.7 403.7 127.3 318.2 141.9 265.1 319.5 413.3 524.2 137.8 137.3 153.3 69.8 508.1 375.3 186.0 475.3 191.3 335.5 210.6 389.6 520.3 355.8 496.0 197.6 312.4 363.7 338.8 190.4 510.6 423.0 279.7 312.2 145.3 537.4 353.6 361.7 369.0 380.4 324.1 422.0 409.9 508.5 122.6 205.8 48.8 517.4 378.4 435.9 492.6 93.2 352.6 152.7 393.4 382.4 184.5 98.3 141.6 186.4 77.9 451.7 338.6 318.7 314.4 134.1 447.1 278.4 163.9 373.0 328.7 156.1 458.4 373.3 448.0 122.9 434.9 463.0 546.6 169.5 413.3 484.5 438.6 412.0 93.3 207.1 111.7 506.4 373.2 443.0 481.8 393.9 508.1 399.7 114.9 360.1
2175.6 383.8 458.1 137.5 584.8 81.5 490.0 442.9 575.0 354.3 412.7 540.9 554.5 567.9 378.4 573.6 243.1 502.9 446.2 114.7 603.9 99.3 523.8 509.7 405.3 457.6 451.9 388.4 614.9 429.1 517.8 514.0 137.9 0.0 86.9 112.0 25.4 394.2 417.2 623.3 462.2 501.9 490.6 451.4 415.0 400.4 431.6 486.2 572.6 420.6 94.8 455.9 464.1 107.8 513.5 414.6 429.1 472.1 66.1 386.6 86.6 333.5 387.9 481.7 592.6 25.5 56.1 26.1 89.3 576.5 443.7 69.8 543.7 117.6 403.9 129.4 458.0 588.7 408.6 559.4 110.1 380.8 432.1 407.2 65.4 579.0 491.4 348.1 380.6 64.1 605.8 422.0 422.8 437.4 448.8 392.5 490.4 483.5 576.9 143.9 274.2 93.3 585.8 446.8 504.3 561.0 137.7 421.0 71.5 461.8 450.8 252.9 117.8 58.0 254.8 122.4 520.1 407.0 387.1 382.8 45.8 515.5 346.8 36.7 441.4 397.1 86.8 526.8 441.7 516.4 4.1 503.3 531.4 615.0 42.3 481.7 552.9 507.0 480.4 119.1 102.8 103.4 574.8 441.6 511.4 550.2 462.3 576.5 468.2 72.2 428.5
2214.5 422.7 497.0 176.4 623.7 111.0 528.9 481.8 613.9 393.2 451.6 579.8 593.4 606.8 417.3 612.5 282.0 541.8 485.1 152.8 642.8 12.4 562.7 548.6 444.2 496.5 490.8 427.3 653.8 468.0 556.7 552.9 167.4 95.4 0.0 141.5 120.9 433.1 456.1 662.2 501.1 540.8 529.5 490.3 453.9 439.3 470.5 525.1 611.5 459.5 124.3 494.8 503.0 137.3 552.4 453.5 468.0 511.0 77.6 425.5 170.5 372.4 426.8 520.6 631.5 106.1 63.6 121.6 118.8 615.4 482.6 143.1 582.6 128.9 442.8 118.9 496.9 627.6 447.5 598.3 135.2 419.7 471.0 446.1 146.5 617.9 530.3 387.0 419.5 71.6 644.7 460.9 461.7 476.3 487.7 431.4 529.3 522.4 615.8 173.4 313.1 122.8 624.7 485.7 543.2 599.9 155.9 459.9 79.0 500.7 489.7 291.8 147.3 138.6 293.7 151.9 559.0 445.9 426.0 421.7 102.4 554.4 385.7 132.2 480.3 436.0 143.4 565.7 480.6 555.3 91.2 542.2 570.3 653.9 137.8 520.6 591.8 545.9 519.3 158.0 115.4 132.9 613.7 480.5 550.3 589.1 501.2 615.4 507.1 143.5 467.4
2098.8 307.0 381.3 60.7 508.0 30.5 413.2 366.1 498.2 277.5 335.9 464.1 477.7 491.1 301.6 496.8 166.3 426.1 369.4 11.2 527.1 154.0 447.0 432.9 328.5 380.8 375.1 311.6 538.1 352.3 441.0 437.2 100.8 100.6 141.6 0.0 126.1 317.4 340.4 546.5 385.4 425.1 413.8 374.6 338.2 323.6 354.8 409.4 495.8 343.8 71.5 379.1 387.3 109.6 436.7 337.8 352.3 395.3 95.4 309.8 90.7 256.7 311.1 404.9 515.8 111.3 110.8 126.8 91.1 499.7 366.9 170.5 466.9 176.1 327.1 184.1 381.2 511.9 331.8 482.6 182.4 304.0 355.3 330.4 166.1 502.2 414.6 271.3 303.8 118.8 529.0 345.2 346.0 360.6 372.0 315.7 413.6 406.7 500.1 71.6 197.4 95.1 509.0 370.0 427.5 484.2 125.9 344.2 126.2 385.0 374.0 176.1 97.7 90.4 178.0 124.2 443.3 330.2 310.3 306.0 107.6 438.7 270.0 129.2 364.6 320.3 104.9 450.0 364.9 439.6 96.4 426.5 454.6 538.2 121.7 404.9 476.1 430.2 403.6 42.3 180.6 8.6 498.0 364.8 434.6 473.4 385.5 499.7 391.4 63.7 351.7
2160.6 368.8 443.1 122.5 569.8 120.3 475.0 427.9 560.0 339.3 397.7 525.9 539.5 552.9 363.4 558.6 228.1 487.9 431.2 99.7 588.9 138.1 508.8 494.7 390.3 442.6 436.9 373.4 599.9 414.1 502.8 499.0 162.6 38.7 125.7 111.0 0.0 379.2 402.2 608.3 447.2 486.9 475.6 436.4 400.0 385.4 416.6 471.2 557.6 405.6 93.4 440.9 449.1 146.6 498.5 399.6 414.1 457.1 101.3 371.6 61.1 318.5 372.9 466.7 577.6 64.3 94.9 14.6 128.1 561.5 428.7 58.3 528.7 106.1 388.9 120.7 443.0 573.7 393.6 544.4 98.6 365.8 417.1 392.2 53.9 564.0 476.4 333.1 365.6 102.9 590.8 407.0 407.8 422.4 433.8 377.5 475.4 468.5 561.9 133.4 259.2 132.1 570.8 431.8 489.3 546.0 164.0 406.0 110.3 446.8 435.8 237.9 156.6 59.3 239.8 161.2 505.1 392.0 372.1 367.8 84.6 500.5 331.8 11.3 426.4 382.1 96.0 511.8 426.7 501.4 42.9 488.3 516.4 600.0 16.9 466.7 537.9 492.0 465.4 104.1 91.3 119.6 559.8 426.6 496.4 535.2 447.3 561.5 453.2 57.2 413.5
2250.1 132.3 118.7 490.6 308.9 560.5 228.1 177.1 299.1 102.7 161.1 279.0 292.6 263.0 205.5 289.2 317.6 227.0 184.3 518.7 328.0 603.7 233.3 204.8 110.1 117.6 190.0 48.4 689.4 124.2 233.4 209.1 508.1 541.7 591.3 530.0 502.9 0.0 99.6 347.4 253.8 240.0 198.1 146.5 110.1 82.8 258.7 224.3 270.3 26.3 512.4 151.0 159.2 538.2 229.1 241.7 124.2 182.1 520.3 135.1 480.1 118.7 136.4 146.4 330.7 527.2 560.5 517.6 556.1 271.6 138.8 561.3 281.8 609.1 152.3 623.7 171.9 312.8 235.7 257.1 601.6 85.6 114.5 67.2 556.9 274.1 186.5 422.6 129.1 568.5 303.5 170.5 171.2 132.5 197.2 61.9 200.4 167.3 315.0 501.5 167.1 557.0 309.9 141.9 242.4 256.1 601.4 178.5 575.9 199.9 134.6 258.4 527.6 478.3 248.6 586.1 216.9 89.4 135.5 163.1 556.0 253.6 105.4 487.9 80.0 57.4 515.0 242.4 190.2 254.5 545.9 251.7 226.5 339.1 480.4 215.9 291.0 245.1 175.5 472.2 594.3 538.6 281.4 136.7 249.5 247.9 196.5 314.6 128.2 476.2 166.6
2283.1 110.0 40.8 523.6 212.6 593.5 219.5 77.4 202.8 79.6 65.2 213.0 216.7 166.7 177.8 221.8 350.6 130.7 173.3 551.7 231.7 636.7 133.6 157.9 101.7 104.2 155.4 83.8 722.4 105.3 166.0 112.8 541.1 574.7 624.3 563.0 535.9 89.6 0.0 251.1 159.4 236.7 98.4 79.1 58.6 16.7 200.6 232.9 174.0 116.0 545.4 132.1 114.2 571.2 161.7 158.8 79.2 163.2 553.3 144.7 513.1 149.9 105.9 64.4 244.4 560.2 593.5 550.6 589.1 175.3 119.9 594.3 290.4 642.1 56.4 656.7 153.0 216.5 208.0 160.8 634.6 118.6 14.8 102.3 589.9 177.8 107.1 455.6 138.7 601.5 207.2 71.8 75.3 65.1 101.3 116.2 133.0 67.6 228.7 534.5 198.3 590.0 213.6 74.5 251.0 159.8 634.4 209.7 608.9 145.5 34.9 291.4 560.6 511.3 281.6 619.1 120.6 10.1 47.0 172.7 589.0 196.3 136.6 520.9 137.6 120.8 548.0 175.0 95.8 195.5 578.9 155.8 130.2 242.8 513.4 116.2 299.6 204.0 130.5 505.2 627.3 571.6 185.1 117.8 226.9 151.6 96.8 323.2 91.0 509.2 175.2
2474.6 244.8 241.9 715.1 91.7 785.0 254.1 172.1 61.3 254.3 200.4 162.0 148.4 178.8 262.5 272.3 542.1 102.1 244.2 743.2 67.4 828.2 198.1 209.1 276.4 305.3 206.6 322.2 913.9 265.7 217.2 120.0 732.6 766.2 815.8 754.5 727.4 332.6 242.9 0.0 180.9 201.4 215.6 192.6 219.0 259.7 285.3 230.8 135.5 312.2 736.9 255.7 247.5 762.7 212.9 243.5 239.6 270.1 744.8 279.5 704.6 305.1 240.7 265.5 163.2 751.7 785.0 742.1 780.6 187.4 267.9 785.8 339.8 833.6 207.0 848.2 234.8 52.2 292.7 148.7 826.1 294.7 228.0 303.4 781.4 189.9 142.6 647.1 273.5 793.0 93.8 206.6 192.9 206.6 173.4 276.6 184.2 175.2 147.5 726.0 338.1 781.5 92.7 197.2 300.4 171.9 825.9 364.9 800.4 196.7 207.9 482.9 752.1 702.8 473.1 810.6 112.2 253.1 221.7 285.7 780.5 247.5 291.8 712.4 298.0 281.2 739.5 226.2 207.0 246.7 770.4 177.6 142.3 78.5 704.9 133.3 349.0 255.2 233.8 696.7 818.8 763.1 190.0 270.0 191.6 142.3 152.7 372.6 292.1 700.7 230.0
2311.5 111.8 174.1 552.0 161.0 621.9 283.0 92.4 151.2 161.0 126.6 246.2 232.6 191.1 99.4 285.3 379.0 114.4 256.5 580.1 180.1 665.1 210.4 221.4 183.1 237.5 218.9 228.4 750.8 238.6 229.5 132.3 569.5 603.1 652.7 591.4 564.3 234.2 148.7 199.5 0.0 285.6 186.5 204.9 191.9 165.5 122.2 303.4 177.0 260.6 573.8 265.4 247.5 599.6 225.2 80.4 212.5 282.4 581.7 146.5 541.5 148.5 107.7 197.7 247.4 588.6 621.9 579.0 617.5 199.7 253.2 622.7 412.9 670.5 117.8 685.1 247.1 164.9 129.6 163.8 663.0 201.4 148.1 235.6 618.3 202.2 154.9 484.0 140.5 629.9 207.9 73.6 136.7 198.4 162.7 249.5 196.5 187.5 231.7 562.9 175.0 618.4 162.0 207.8 373.5 184.2 662.8 231.9 637.3 209.0 168.2 319.8 589.0 539.7 310.0 647.5 124.5 158.9 128.4 122.6 617.4 259.8 158.8 549.3 270.9 254.1 576.4 238.5 43.9 259.0 607.3 189.9 154.6 191.2 541.8 131.2 422.1 267.5 246.1 533.6 655.7 600.0 209.5 251.1 275.8 154.6 111.8 445.7 224.3 537.6 242.3
2383.7 300.5 225.3 624.2 210.7 694.1 52.6 227.8 180.3 310.0 256.1 38.9 52.5 91.2 346.4 84.5 451.2 170.7 153.7 652.3 186.4 737.3 264.6 144.2 332.1 288.7 114.5 305.6 823.0 192.0 60.2 149.3 641.7 675.3 724.9 663.6 636.5 293.1 226.3 184.4 264.8 0.0 277.3 147.1 173.5 243.1 369.2 29.3 98.1 266.7 646.0 165.2 182.6 671.8 96.0 327.4 194.1 179.6 653.9 335.2 613.7 360.8 296.4 248.9 90.6 656.8 694.1 651.2 689.7 156.3 177.4 694.9 138.3 742.7 262.7 757.3 144.3 171.2 376.6 106.3 735.2 345.0 211.4 286.8 690.5 80.1 144.8 556.2 329.2 702.1 108.6 262.3 248.6 161.1 229.1 231.1 119.3 171.1 74.9 635.1 261.2 690.6 211.7 151.7 98.9 98.1 735.0 420.6 709.5 106.2 207.0 392.0 661.2 611.9 382.2 719.7 160.6 236.5 277.4 363.2 689.6 78.1 346.1 621.5 252.5 235.7 648.6 98.3 286.3 79.0 679.5 233.3 127.7 197.5 614.0 189.0 147.5 69.6 168.9 605.8 727.9 672.2 72.8 179.5 9.4 120.5 208.4 171.1 275.4 609.8 139.5
2325.9 136.0 92.0 566.4 223.1 636.3 275.8 103.4 213.3 105.6 91.2 264.2 266.5 217.9 203.8 273.0 387.4 141.2 224.5 594.5 242.2 688.9 13.4 192.3 127.7 155.4 205.0 144.5 765.2 156.5 217.2 164.0 577.9 617.5 667.1 605.8 578.7 156.3 66.6 261.6 185.4 281.9 0.0 130.3 109.8 83.4 226.6 284.1 210.9 182.7 588.2 177.3 173.4 614.0 212.9 184.8 130.4 214.4 596.1 170.7 581.0 175.9 131.9 115.6 281.3 599.0 636.3 593.4 631.9 229.3 171.1 637.1 341.6 684.9 82.4 699.5 204.2 227.0 234.0 202.7 677.4 146.0 66.0 153.5 632.7 229.0 158.3 498.4 164.7 644.3 244.1 97.8 108.6 116.3 107.2 167.4 184.2 113.6 265.6 577.3 224.3 632.8 224.1 125.7 302.2 211.0 677.2 235.7 651.7 196.7 86.1 334.2 603.4 554.1 324.4 661.9 158.4 76.8 73.0 198.7 625.8 247.5 161.2 563.7 188.8 172.0 590.8 226.2 121.8 246.7 621.7 76.1 181.4 265.2 556.2 114.5 350.8 255.2 181.7 548.0 664.1 614.4 236.3 169.0 277.2 188.5 122.8 374.4 142.1 569.0 226.4
2304.5 193.7 78.1 545.0 162.3 614.9 140.3 137.5 152.5 163.3 148.9 133.8 147.4 116.4 256.1 142.6 372.0 80.4 113.8 573.1 181.4 658.1 163.5 78.7 185.4 141.5 74.6 158.4 743.8 73.0 86.8 62.5 562.5 596.1 645.7 584.4 557.3 145.9 79.1 200.8 174.5 157.5 170.2 0.0 26.3 95.9 278.9 160.7 123.7 119.5 566.8 99.8 81.9 592.6 82.5 237.1 46.9 130.9 574.7 228.4 559.6 230.9 189.6 101.7 185.5 577.6 614.9 572.0 610.5 125.0 87.6 615.7 270.2 663.5 140.1 678.1 104.4 166.2 286.3 110.5 656.0 197.8 64.2 139.6 611.3 127.5 39.9 477.0 222.4 622.9 156.9 155.5 152.8 13.9 138.8 83.9 53.8 66.2 169.8 555.9 182.0 611.4 163.3 4.5 230.8 109.5 655.8 290.7 630.3 66.3 66.2 312.8 582.0 532.7 303.0 640.5 70.3 89.3 130.7 256.4 610.4 117.1 216.2 542.3 105.3 88.5 569.4 95.8 179.5 116.3 600.3 143.0 79.9 192.5 534.8 98.7 279.4 124.8 98.2 526.6 648.7 593.0 134.8 85.5 146.8 101.3 118.1 303.0 128.3 547.6 99.6
2278.1 163.2 47.6 518.6 198.7 588.5 176.7 130.6 188.9 132.8 118.4 170.2 183.8 152.8 231.0 179.0 345.6 116.8 114.6 546.7 217.8 631.7 186.8 101.1 154.9 111.0 112.5 127.9 717.4 46.6 123.2 98.9 536.1 569.7 619.3 558.0 530.9 119.5 48.6 237.2 210.9 189.9 151.6 36.3 0.0 65.4 253.8 174.2 160.1 93.1 540.4 73.4 55.5 566.2 118.9 212.0 20.5 104.5 548.3 197.9 508.1 200.4 159.1 71.2 221.9 555.2 588.5 545.6 584.1 161.4 61.2 589.3 231.7 637.1 109.6 651.7 94.3 202.6 261.2 146.9 629.6 167.3 33.7 109.1 584.9 163.9 76.3 450.6 191.9 596.5 193.3 125.0 128.5 22.3 154.5 57.5 90.2 68.4 206.2 529.5 155.6 585.0 199.7 31.7 192.3 145.9 629.4 260.2 603.9 102.7 35.7 286.4 555.6 506.3 276.6 614.1 106.7 58.8 100.2 225.9 584.0 153.5 187.1 515.9 78.9 62.1 543.0 132.2 149.0 152.7 573.9 179.4 116.3 228.9 508.4 135.1 240.9 161.2 71.8 500.2 622.3 566.6 171.2 59.1 184.1 137.7 150.0 264.5 97.8 504.2 116.5
2266.3 126.8 57.6 506.8 229.4 576.7 236.3 94.2 219.6 96.4 82.0 229.8 233.5 183.5 194.6 238.6 333.8 147.5 190.1 534.9 248.5 619.9 150.4 174.7 118.5 121.0 172.2 67.0 705.6 122.1 182.8 129.6 524.3 557.9 607.5 546.2 519.1 72.8 16.7 267.9 176.2 253.5 115.2 95.9 75.4 0.0 217.4 249.7 190.8 99.2 528.6 148.9 131.0 554.4 178.5 175.6 96.0 180.0 536.5 151.3 496.3 134.9 122.7 81.2 261.2 543.4 576.7 533.8 572.3 192.1 136.7 577.5 307.2 625.3 73.2 639.9 169.8 233.3 224.8 177.6 617.8 101.8 31.6 85.8 573.1 194.6 123.9 438.8 145.3 584.7 224.0 88.6 92.1 81.9 118.1 133.0 149.8 84.4 245.5 517.7 183.3 573.2 230.4 91.3 267.8 176.6 617.6 194.7 592.1 162.3 51.7 274.6 543.8 494.5 264.8 602.3 137.4 6.6 63.8 179.3 572.2 213.1 121.6 504.1 125.4 130.2 531.2 191.8 112.6 212.3 562.1 172.6 147.0 259.6 496.6 133.0 316.4 220.8 147.3 488.4 610.5 554.8 201.9 134.6 243.7 168.4 113.6 340.0 107.8 492.4 192.0
2287.5 151.3 246.2 528.0 256.3 597.9 371.0 164.5 246.5 184.8 198.7 341.5 327.9 286.4 60.4 380.6 355.0 209.7 327.2 556.1 275.4 641.1 272.1 299.9 254.4 306.7 312.6 237.5 726.8 310.1 324.8 227.6 545.5 579.1 628.7 567.4 540.3 243.3 220.8 294.8 133.1 380.9 258.6 284.5 264.0 237.6 0.0 367.2 272.3 269.7 549.8 336.9 327.6 575.6 320.5 31.8 284.6 353.1 557.7 126.6 517.5 124.5 155.4 269.8 342.7 560.6 597.9 555.0 593.5 297.8 324.7 598.7 424.7 646.5 189.9 661.1 339.0 260.2 7.3 264.1 639.0 229.9 220.2 256.3 594.3 297.5 250.2 460.0 132.6 605.9 303.2 145.7 208.8 270.5 234.8 273.5 291.8 272.5 327.0 538.9 151.0 594.4 257.3 279.9 385.3 279.5 638.8 212.0 613.3 304.3 240.3 295.8 565.0 515.7 286.0 623.5 219.8 231.0 200.5 98.6 593.4 355.1 137.8 525.3 295.9 278.1 552.4 333.8 116.0 354.3 583.3 262.1 249.9 286.5 517.8 203.3 433.9 362.8 335.9 509.6 631.7 576.0 304.8 322.6 370.2 249.9 183.9 457.5 296.4 513.6 309.5
2354.3 316.2 232.5 594.8 226.4 664.7 17.7 243.5 196.0 317.7 271.8 54.6 68.2 106.9 362.1 100.2 421.8 186.4 160.9 622.9 202.1 707.9 280.3 134.6 339.8 295.9 121.7 312.8 793.6 199.2 75.9 165.0 612.3 645.9 695.5 634.2 607.1 300.3 233.5 200.1 280.5 15.6 293.0 154.3 180.7 250.3 384.9 0.0 113.8 273.9 616.6 172.4 189.8 642.4 81.7 343.1 201.3 186.8 624.5 350.9 584.3 269.5 312.1 256.1 106.3 627.4 664.7 621.8 660.3 172.0 184.6 665.5 108.9 713.3 278.4 727.9 151.5 186.9 392.3 122.0 705.8 352.2 218.6 294.0 661.1 95.8 152.0 526.8 344.9 672.7 124.3 278.0 264.3 168.3 244.8 238.3 126.5 186.7 90.6 605.7 231.8 661.2 227.4 158.9 69.5 113.8 705.6 329.3 680.1 113.4 214.2 362.6 631.8 582.5 352.8 690.3 176.3 243.7 285.1 378.9 660.2 48.7 256.2 592.1 259.7 242.9 619.2 68.9 302.0 49.6 650.1 249.0 143.4 213.2 584.6 204.7 118.1 40.2 176.1 576.4 698.5 642.8 88.5 186.7 25.1 136.2 224.1 141.7 282.7 580.4 146.7
2428.3 202.3 173.0 668.8 135.2 738.7 161.2 129.6 104.8 211.8 157.9 69.1 55.5 109.9 248.2 179.4 495.8 72.5 175.3 696.9 110.9 781.9 155.6 140.2 233.9 236.4 137.7 253.3 867.6 196.8 126.1 51.1 686.3 719.9 769.5 708.2 681.1 263.7 174.0 108.9 166.6 108.5 173.1 123.7 150.1 190.8 271.0 137.9 0.0 243.3 690.6 186.8 178.6 716.4 144.0 229.2 170.7 201.2 698.5 237.0 658.3 262.6 198.2 196.6 70.3 705.4 738.7 695.8 734.3 118.5 199.0 739.5 246.9 787.3 164.5 801.9 165.9 95.7 278.4 13.1 779.8 252.2 159.1 234.5 735.1 104.4 73.7 600.8 231.0 746.7 33.1 164.1 150.4 137.7 130.9 207.7 115.3 106.3 54.6 679.7 311.0 735.2 136.2 128.3 207.5 103.0 779.6 322.4 754.1 127.8 139.0 436.6 705.8 656.5 426.8 764.3 62.4 184.2 179.2 265.0 734.2 178.6 249.3 666.1 229.1 212.3 693.2 157.3 188.1 177.8 724.1 135.1 73.4 122.0 658.6 90.8 256.1 178.2 164.9 650.4 772.5 716.8 97.1 201.1 98.7 22.3 110.2 279.7 223.2 654.4 161.1
2276.5 158.7 131.4 517.0 282.5 586.9 201.7 203.5 272.7 129.1 187.5 252.6 266.2 236.6 231.9 262.8 344.0 200.6 157.9 545.1 301.6 630.1 259.7 178.4 136.5 144.0 163.6 74.8 715.8 97.8 207.0 182.7 534.5 568.1 617.7 556.4 529.3 26.3 126.0 321.0 280.2 213.6 224.5 120.1 83.7 109.2 285.1 197.9 243.9 0.0 538.8 124.6 132.8 564.6 202.7 268.1 97.8 155.7 546.7 161.5 506.5 145.1 162.8 155.0 304.3 553.6 586.9 544.0 582.5 245.2 112.4 587.7 255.4 635.5 178.7 650.1 145.5 286.4 262.1 230.7 628.0 112.0 117.5 93.6 583.3 247.7 160.1 449.0 155.5 594.9 277.1 196.9 197.6 106.1 223.6 35.6 174.0 152.2 288.6 527.9 193.5 583.4 283.5 115.5 216.0 229.7 627.8 204.9 602.3 173.5 119.5 284.8 554.0 504.7 275.0 612.5 190.5 115.8 161.9 189.5 582.4 227.2 131.8 514.3 106.4 31.0 541.4 216.0 216.6 228.1 572.3 263.2 200.1 312.7 506.8 218.9 264.6 218.7 149.1 498.6 620.7 565.0 255.0 110.3 223.1 221.5 222.9 288.2 154.6 502.6 140.2
2101.2 309.4 383.7 63.1 510.4 82.1 410.1 368.5 500.6 279.9 338.3 466.5 480.1 493.5 304.0 499.2 168.7 428.5 371.8 40.3 529.5 137.7 449.4 424.1 330.9 383.2 377.5 314.0 540.5 354.7 443.4 439.6 103.2 84.3 125.3 51.6 109.8 319.8 342.8 548.9 387.8 427.5 416.2 377.0 340.6 326.0 357.2 411.8 498.2 346.2 0.0 381.5 389.7 118.0 439.1 340.2 354.7 397.7 77.9 312.2 73.2 259.1 313.5 407.3 518.2 97.6 94.5 110.5 99.5 504.9 369.3 154.2 469.3 159.8 329.5 167.8 383.6 514.3 349.8 490.0 166.1 306.4 357.7 332.8 149.8 504.6 417.0 273.7 306.2 102.5 531.4 347.6 355.7 363.0 374.4 318.1 416.0 408.6 502.5 74.0 199.8 103.5 511.4 372.4 429.9 486.6 147.9 346.6 109.9 387.4 376.4 178.5 100.1 72.9 180.4 132.6 445.7 332.6 312.7 308.4 91.3 441.1 272.4 111.7 367.0 322.7 87.4 452.4 367.3 442.0 80.1 428.9 457.0 540.6 104.2 407.3 478.5 432.6 406.0 44.7 164.3 60.2 500.4 367.2 437.0 475.8 387.9 502.1 393.8 58.5 354.1
2310.9 248.6 133.0 551.4 225.4 621.3 136.5 200.6 215.6 218.2 203.8 151.9 165.5 179.5 316.4 160.7 378.4 143.5 74.5 579.5 244.5 664.5 226.6 85.6 240.3 196.4 40.6 200.8 750.2 26.7 104.9 125.6 568.9 602.5 652.1 590.8 563.7 152.3 134.0 263.9 237.6 148.4 225.1 105.3 85.3 150.8 339.2 132.7 186.8 125.9 573.2 0.0 134.1 599.0 100.6 297.4 99.4 91.5 581.1 283.3 540.9 271.1 244.5 156.6 203.6 584.0 621.3 578.4 616.9 188.1 12.1 622.1 190.2 669.9 195.0 684.5 20.9 229.3 346.6 178.6 662.4 238.0 119.1 194.5 617.7 190.6 103.0 483.4 277.3 629.3 220.0 210.4 213.9 107.7 201.9 90.3 77.5 129.3 187.9 562.3 188.4 617.8 226.4 109.9 150.8 172.6 662.2 330.9 636.7 48.9 121.1 319.2 588.4 539.1 309.4 646.9 133.4 144.2 185.6 311.3 616.8 135.2 256.4 548.7 93.7 94.9 575.8 113.9 234.4 134.4 606.7 206.1 143.0 255.6 541.2 161.8 199.4 142.9 127.1 533.0 655.1 599.4 185.8 14.2 157.9 164.4 181.2 223.0 183.1 537.0 60.3
2310.5 222.1 106.5 551.0 225.3 620.9 189.0 189.5 215.5 191.7 184.0 177.4 191.0 179.4 289.9 186.2 384.7 143.4 147.0 585.8 244.4 673.5 224.0 47.6 213.8 169.9 118.2 193.5 749.8 85.7 130.4 125.5 568.5 602.1 651.7 590.4 563.3 151.9 107.5 263.8 237.5 201.1 198.6 97.2 58.8 124.3 312.7 196.3 186.7 125.5 579.5 112.5 0.0 598.6 118.1 270.9 36.2 136.9 580.7 256.8 565.6 259.3 218.0 130.1 229.1 583.6 627.6 578.0 616.5 190.8 100.3 621.7 264.1 669.5 168.5 684.1 126.7 221.2 320.1 178.5 668.7 226.2 92.6 168.0 617.3 190.5 102.9 483.0 257.5 628.9 219.9 183.9 194.7 81.2 201.8 89.9 53.1 122.1 213.4 561.9 194.7 617.4 226.3 90.6 224.7 164.5 661.8 319.1 636.3 109.9 94.6 318.8 588.0 538.7 309.0 646.5 133.3 117.7 159.1 284.8 616.4 160.7 244.6 548.3 111.3 94.5 575.4 139.4 207.9 159.9 613.0 206.0 134.9 247.5 547.5 161.7 273.3 168.4 16.2 532.6 661.4 599.0 197.8 91.5 190.4 164.3 181.1 296.9 156.6 553.6 135.2
2137.3 345.5 419.8 105.2 546.5 59.7 451.7 404.6 536.7 316.0 374.4 502.6 516.2 529.6 340.1 535.3 204.8 464.6 407.9 101.5 565.6 150.4 485.5 471.4 367.0 419.3 413.6 350.1 576.6 390.8 479.5 475.7 30.0 97.0 138.0 90.2 122.5 355.9 378.9 585.0 423.9 463.6 452.3 413.1 376.7 362.1 393.3 447.9 534.3 382.3 97.7 417.6 425.8 0.0 475.2 376.3 390.8 433.8 97.2 348.3 171.0 295.2 349.6 443.4 554.3 107.7 107.2 123.2 39.7 538.2 405.4 155.9 505.4 161.2 365.6 180.5 419.7 550.4 370.3 521.1 167.5 342.5 393.8 368.9 160.3 540.7 453.1 309.8 342.3 115.2 567.5 383.7 384.5 399.1 410.5 354.2 452.1 445.2 538.6 94.3 235.9 18.7 547.5 408.5 466.0 522.7 63.1 382.7 122.6 423.5 412.5 214.6 68.2 140.2 216.5 47.8 481.8 368.7 348.8 344.5 104.0 477.2 308.5 133.8 403.1 358.8 145.0 488.5 403.4 478.1 92.8 465.0 493.1 576.7 139.4 443.4 514.6 468.7 442.1 123.4 177.0 81.6 536.5 403.3 473.1 511.9 424.0 538.2 429.9 144.0 390.2
2362.9 240.5 150.7 603.4 192.6 673.3 57.7 167.8 182.8 235.9 196.1 92.7 106.3 145.0 286.4 60.0 430.4 110.7 79.1 631.5 211.7 716.5 193.8 52.8 258.0 214.1 41.5 231.0 802.2 117.4 45.7 92.8 620.9 654.5 704.1 642.8 615.7 218.5 151.7 231.1 204.8 93.8 217.3 72.5 98.9 168.5 309.2 78.1 151.9 192.1 625.2 90.6 108.0 651.0 0.0 267.4 119.5 105.0 633.1 275.2 592.9 300.8 236.4 174.3 144.4 640.0 673.3 630.4 668.9 155.3 102.8 674.1 187.6 721.9 202.7 736.5 69.7 196.5 316.6 145.8 714.4 270.4 136.8 212.2 669.7 133.9 70.2 535.4 269.2 681.3 162.4 202.3 188.6 86.5 169.1 156.5 44.7 96.5 128.7 614.3 240.4 669.8 193.6 77.1 148.2 139.8 714.2 360.6 688.7 31.6 132.4 371.2 640.4 591.1 361.4 698.9 100.6 161.9 203.3 303.2 668.8 34.5 286.1 600.7 177.9 161.1 627.8 13.2 226.3 33.7 658.7 173.3 110.2 222.8 593.2 129.0 196.8 42.2 94.3 585.0 707.1 651.4 126.6 104.9 104.2 131.6 148.4 220.4 200.9 589.0 64.9
2264.7 128.5 214.3 505.2 224.4 575.1 346.4 132.6 214.6 162.0 166.8 309.6 296.0 254.5 52.6 348.7 332.2 177.8 304.4 533.3 243.5 618.3 250.7 284.8 223.3 277.7 282.3 214.7 704.0 278.8 292.9 195.7 522.7 556.3 605.9 544.6 517.5 220.5 188.9 262.9 101.2 349.0 226.7 252.6 232.1 205.7 41.7 344.4 240.4 246.9 527.0 305.6 287.7 552.8 288.6 0.0 252.7 330.3 534.9 103.8 494.7 101.7 132.6 237.9 310.8 541.8 575.1 532.2 570.7 263.1 293.4 575.9 401.9 623.7 158.0 638.3 310.5 228.3 59.6 227.2 616.2 207.1 188.3 233.5 571.5 265.6 218.3 437.2 109.8 583.1 271.3 113.8 176.9 238.6 202.9 250.7 259.9 241.1 295.1 516.1 128.2 571.6 225.4 248.0 362.5 247.6 616.0 189.2 590.5 272.4 208.4 273.0 542.2 492.9 263.2 600.7 187.9 199.1 168.6 75.8 570.6 323.2 115.0 502.5 273.1 255.3 529.6 301.9 84.1 322.4 560.5 230.2 218.0 254.6 495.0 171.4 411.1 330.9 304.0 486.8 608.9 553.2 272.9 291.3 339.2 218.0 152.0 434.7 264.5 490.8 286.7
2281.0 192.6 77.0 521.5 228.1 591.4 180.9 160.0 218.3 162.2 147.8 199.6 213.2 182.2 260.4 208.4 348.5 146.2 117.5 549.6 247.2 634.6 216.2 80.6 184.3 140.4 115.4 157.3 720.3 49.5 152.6 128.3 539.0 572.6 622.2 560.9 533.8 122.4 78.0 266.6 240.3 192.8 169.1 65.7 29.3 94.8 283.2 177.1 189.5 96.0 543.3 76.3 43.0 569.1 148.3 241.4 0.0 107.4 551.2 227.3 536.1 229.8 188.5 100.6 251.3 554.1 591.4 548.5 587.0 193.6 64.1 592.2 234.6 640.0 139.0 654.6 97.2 232.0 290.6 176.3 632.5 196.7 63.1 138.5 587.8 193.3 105.7 453.5 221.3 599.4 222.7 154.4 157.9 51.7 183.9 60.4 96.1 97.8 235.6 532.4 158.5 587.9 229.1 61.1 195.2 175.3 632.3 289.6 606.8 125.3 65.1 289.3 558.5 509.2 279.5 617.0 136.1 88.2 129.6 255.3 586.9 182.9 216.5 518.8 81.8 65.0 545.9 161.6 178.4 182.1 576.8 208.8 145.7 258.3 511.3 164.5 243.8 190.6 51.3 503.1 625.2 569.5 200.6 62.0 202.3 167.1 179.4 267.4 127.1 507.1 119.4
2331.8 268.0 178.2 572.3 220.1 642.2 110.0 195.3 210.3 263.4 223.6 146.6 160.2 174.2 313.9 155.4 399.3 138.2 10.1 600.4 239.2 685.4 221.3 97.1 285.5 241.6 33.7 258.5 771.1 87.5 99.6 120.3 589.8 623.4 673.0 611.7 584.6 213.1 179.2 258.6 232.3 121.9 238.8 100.0 126.4 196.0 336.7 106.2 181.5 186.7 594.1 60.7 135.5 619.9 95.3 294.9 147.0 0.0 602.0 302.7 561.8 328.3 263.9 201.8 198.3 608.9 642.2 599.3 637.8 182.8 72.9 643.0 163.7 690.8 230.2 705.4 39.8 224.0 344.1 168.3 683.3 297.9 164.3 239.7 638.6 185.3 97.7 504.3 296.7 650.2 214.7 229.8 216.1 114.0 196.6 151.1 72.2 127.2 182.6 583.2 209.3 638.7 221.1 104.6 124.3 167.3 683.1 388.1 657.6 43.6 159.9 340.1 609.3 560.0 330.3 667.8 128.1 189.4 230.8 330.7 637.7 129.9 315.0 569.6 154.5 155.7 596.7 108.6 253.8 129.1 627.6 200.8 137.7 250.3 562.1 156.5 172.9 127.0 121.8 553.9 676.0 620.3 180.5 75.0 131.4 159.1 175.9 196.5 228.4 557.9 33.8
2136.8 345.0 419.3 98.7 546.0 83.5 451.2 404.1 536.2 315.5 373.9 502.1 515.7 529.1 339.6 534.8 204.3 464.1 407.4 75.9 565.1 83.3 485.0 470.9 366.5 418.8 413.1 349.6 576.1 390.3 479.0 475.2 138.8 47.9 70.9 87.2 73.4 355.4 378.4 584.5 423.4 463.1 451.8 412.6 376.2 361.6 392.8 447.4 533.8 381.8 69.6 417.1 425.3 109.8 474.7 375.8 390.3 433.3 0.0 347.8 92.8 294.7 349.1 442.9 553.8 58.6 40.1 74.1 91.3 537.7 404.9 117.8 504.9 105.4 365.1 113.4 419.2 549.9 369.8 520.6 111.7 342.0 393.3 368.4 113.4 540.2 452.6 309.3 341.8 48.1 567.0 383.2 384.0 398.6 410.0 353.7 451.6 444.7 538.1 109.6 235.4 95.3 547.0 408.0 465.5 522.2 132.4 382.2 55.5 423.0 412.0 214.1 119.8 91.1 216.0 124.4 481.3 368.2 348.3 344.0 54.9 476.7 308.0 84.7 402.6 358.3 95.9 488.0 402.9 477.6 43.7 464.5 492.6 576.2 90.3 442.9 514.1 468.2 441.6 80.3 109.9 95.8 536.0 402.8 472.6 511.4 423.5 537.7 429.4 65.8 389.7
2257.9 24.6 179.0 498.4 239.2 568.3 272.0 97.3 229.4 76.6 131.5 296.2 282.6 241.1 86.4 335.3 325.4 157.3 233.7 526.5 258.3 611.5 204.9 254.6 146.2 198.5 241.0 129.3 697.2 216.6 279.5 182.3 515.9 549.5 599.1 537.8 510.7 135.1 153.6 277.7 146.1 289.4 179.5 217.3 196.8 141.3 139.6 273.7 227.0 161.5 520.2 243.4 259.6 546.0 275.2 122.6 216.6 259.6 528.1 0.0 513.0 73.0 28.7 202.6 297.4 531.0 568.3 525.4 563.9 249.7 231.2 569.1 331.2 616.9 122.7 631.5 245.5 243.1 132.2 218.8 609.4 121.7 153.0 148.1 564.7 252.2 204.9 430.4 6.0 576.3 260.2 62.8 148.9 203.3 167.6 180.0 246.5 205.3 281.7 509.3 121.4 564.8 240.2 212.7 291.8 234.2 609.2 132.8 583.7 249.3 173.1 266.2 535.4 486.1 256.4 593.9 174.5 147.9 109.4 27.9 563.8 303.0 58.3 495.7 187.7 184.6 522.8 288.5 82.5 303.9 553.7 194.9 204.6 269.4 488.2 136.1 340.4 294.5 267.9 480.0 602.1 546.4 259.5 229.1 298.9 204.6 116.7 364.0 209.1 484.0 216.0
2141.4 349.6 423.9 103.3 550.6 122.3 450.3 408.7 540.8 320.1 378.5 506.7 520.3 533.7 344.2 539.4 208.9 468.7 412.0 80.5 569.7 174.9 469.9 464.3 371.1 423.4 419.3 354.2 580.7 394.9 483.6 479.8 178.7 108.9 153.1 91.8 75.4 360.0 383.0 589.1 428.0 467.7 444.5 417.2 380.8 366.2 432.7 452.0 538.4 386.4 74.2 457.0 437.9 173.5 514.6 380.4 394.9 437.9 82.1 352.4 0.0 299.3 353.7 447.5 558.4 85.0 122.3 90.1 168.8 545.1 409.5 133.8 509.5 181.6 369.7 195.6 423.8 554.5 425.3 530.2 209.4 346.6 397.9 373.0 129.4 544.8 457.2 313.9 346.4 130.3 571.6 387.8 395.9 403.2 414.6 358.3 456.2 444.1 542.7 114.2 240.0 177.5 551.6 412.6 470.1 562.1 214.6 386.8 137.7 427.6 416.6 218.7 140.3 40.1 220.6 206.6 485.9 372.8 352.9 348.6 153.1 481.3 314.0 60.4 407.2 362.9 76.8 492.6 407.5 482.2 153.5 469.1 497.2 616.1 88.2 447.5 518.7 472.8 446.2 84.9 202.1 100.4 540.6 407.4 478.1 516.0 428.1 542.3 433.9 55.0 394.3
2184.8 50.2 182.6 425.3 264.8 495.2 261.1 122.9 255.0 60.2 118.6 312.0 308.2 266.7 86.7 344.7 252.3 182.9 217.3 453.4 283.9 538.4 229.7 280.8 129.8 182.1 223.0 112.9 624.1 200.2 288.9 207.9 442.8 476.4 526.0 464.7 437.6 118.7 141.7 303.3 170.5 273.0 196.5 220.9 186.1 124.9 139.9 257.3 252.6 145.1 447.1 227.0 235.2 472.9 284.6 122.9 200.2 243.2 455.0 53.0 414.8 0.0 54.3 206.2 323.0 461.9 495.2 452.3 490.8 275.3 214.8 496.0 314.8 543.8 109.8 558.4 229.1 268.7 116.9 239.4 536.3 105.3 156.6 131.7 491.6 277.8 230.5 357.3 47.0 503.2 285.8 88.4 128.7 206.9 154.7 163.6 261.5 209.4 307.3 436.2 48.3 491.7 265.8 216.3 275.4 259.8 536.1 87.4 510.6 232.9 176.7 193.1 462.3 413.0 183.3 520.8 200.1 131.5 93.0 81.0 490.7 286.6 13.2 422.6 171.3 168.2 449.7 297.9 108.1 287.5 480.6 209.2 230.2 295.0 415.1 161.7 324.0 278.1 251.5 406.9 529.0 473.3 285.1 212.7 282.5 230.2 142.3 347.6 192.7 410.9 199.6
2249.2 4.0 150.2 489.7 210.4 559.6 268.8 68.5 200.6 67.9 102.7 267.4 253.8 212.3 125.2 306.5 316.7 128.5 225.0 517.8 229.5 602.8 186.6 242.6 137.5 189.8 230.7 120.6 688.5 207.9 250.7 153.5 507.2 540.8 590.4 529.1 502.0 126.4 124.8 248.9 117.3 280.7 162.6 188.5 168.0 132.6 158.5 265.0 198.2 152.8 511.5 234.7 223.6 537.3 246.4 116.7 188.6 250.9 519.4 38.7 479.2 64.3 0.0 173.8 268.6 526.3 559.6 516.7 555.2 220.9 222.5 560.4 322.5 608.2 93.9 622.8 236.8 214.3 155.4 185.0 600.7 113.0 124.2 139.4 556.0 223.4 176.1 421.7 32.7 567.6 231.4 34.1 112.8 174.5 138.8 171.3 217.7 177.0 252.9 500.6 112.7 556.1 211.4 183.9 283.1 205.4 600.5 124.1 575.0 230.2 144.3 257.5 526.7 477.4 247.7 585.2 145.7 135.0 100.7 66.7 555.1 281.0 51.0 487.0 179.0 175.9 514.1 259.7 53.7 280.2 545.0 166.1 175.8 240.6 479.5 107.3 331.7 285.8 239.9 471.3 593.4 537.7 230.7 220.4 290.2 175.8 87.9 355.3 200.4 475.3 207.3
2339.0 170.4 24.9 579.5 246.6 649.4 253.5 137.8 236.8 140.0 125.6 247.0 250.7 200.7 238.2 255.8 406.5 164.7 207.3 607.6 265.7 692.6 194.0 191.9 162.1 72.4 189.4 89.3 778.3 139.3 200.0 146.8 597.0 630.6 680.2 618.9 591.8 127.8 55.8 285.1 219.8 270.7 158.8 113.1 92.6 72.6 261.0 266.9 208.0 154.2 601.3 166.1 148.2 627.1 195.7 219.2 113.2 197.2 609.2 205.1 569.0 207.6 166.3 0.0 278.4 616.1 649.4 606.5 645.0 209.3 153.9 650.2 324.4 698.0 116.8 712.6 187.0 250.5 268.4 194.8 690.5 174.5 40.9 70.5 645.8 211.8 141.1 511.5 199.1 657.4 241.2 132.2 135.7 99.1 161.7 150.2 167.0 101.6 262.7 590.4 256.0 645.9 247.6 108.5 285.0 193.8 690.3 267.4 664.8 179.5 68.9 347.3 616.5 567.2 337.5 675.0 154.6 66.0 107.4 233.1 644.9 230.3 194.3 576.8 171.6 154.8 603.9 209.0 156.2 229.5 634.8 216.2 164.2 276.8 569.3 176.6 333.6 238.0 164.5 561.1 683.2 627.5 219.1 151.8 260.9 185.6 157.2 357.2 59.2 565.1 209.2
2470.2 278.1 248.8 710.7 188.3 780.6 139.1 205.4 157.9 287.6 233.7 47.0 33.4 93.4 324.0 157.3 537.7 148.3 197.5 738.8 164.0 823.8 231.4 188.0 309.7 312.2 159.9 329.1 909.5 235.8 104.0 126.9 728.2 761.8 811.4 750.1 723.0 336.9 249.8 162.0 242.4 86.4 248.9 190.9 217.3 266.6 346.8 115.8 75.7 310.5 732.5 209.0 226.4 758.3 139.8 305.0 237.9 223.4 740.4 312.8 700.2 338.4 274.0 272.4 0.0 747.3 780.6 737.7 776.2 158.5 221.2 781.4 224.8 829.2 240.3 843.8 188.1 148.8 354.2 88.9 821.7 328.0 234.9 310.3 777.0 82.3 149.5 642.7 306.8 788.6 86.2 239.9 226.2 204.9 206.7 274.9 163.1 182.1 13.2 721.6 386.8 777.1 189.3 195.5 185.4 100.3 821.5 398.2 796.0 150.0 214.8 478.5 747.7 698.4 468.7 806.2 138.2 260.0 255.0 340.8 776.1 164.6 325.1 708.0 296.3 279.5 735.1 153.1 263.9 165.5 766.0 210.9 129.9 175.1 700.5 166.6 234.0 156.1 212.7 692.3 814.4 758.7 75.0 223.3 76.6 98.1 186.0 257.6 299.0 696.3 183.3
2150.0 358.2 432.5 111.9 559.2 106.5 458.9 417.3 549.4 328.7 384.5 515.3 528.9 542.3 352.8 548.0 214.9 477.3 420.6 89.1 578.3 133.7 478.5 472.9 379.7 432.0 427.9 360.2 589.3 400.9 492.2 488.4 152.0 19.8 111.9 100.4 45.3 368.6 391.6 597.7 436.6 473.7 453.1 423.2 389.4 374.8 403.4 458.0 547.0 395.0 80.2 427.7 446.5 132.8 485.3 389.0 400.9 446.5 90.7 361.0 94.1 307.9 362.3 456.1 567.0 0.0 81.1 46.0 114.3 553.7 418.1 89.7 518.1 137.5 378.3 152.1 432.4 560.5 396.0 538.8 130.0 355.2 406.5 381.6 85.3 553.4 465.8 322.5 352.4 89.1 580.2 396.4 404.5 411.8 423.2 366.9 464.8 452.7 551.3 122.8 248.6 118.3 557.6 421.2 478.7 532.8 162.7 395.4 96.5 436.2 425.2 227.3 142.8 32.5 229.2 147.4 494.5 381.4 361.5 357.2 74.8 489.9 322.6 56.6 415.8 371.5 85.4 501.2 416.1 490.8 33.1 477.7 505.8 586.8 66.2 456.1 527.3 481.4 454.8 93.5 122.7 109.0 549.2 416.0 486.7 524.6 436.7 550.9 442.5 63.6 400.3
2183.7 391.9 466.2 145.6 592.9 80.2 498.1 451.0 583.1 362.4 420.8 549.0 562.6 576.0 386.5 581.7 251.2 511.0 454.3 122.0 612.0 56.0 512.2 506.6 413.4 465.7 460.0 396.5 623.0 437.2 525.9 522.1 136.6 64.6 43.6 110.7 90.1 402.3 425.3 631.4 470.3 510.0 498.7 459.5 423.1 408.5 439.7 494.3 580.7 428.7 93.5 464.0 472.2 106.5 521.6 422.7 437.2 480.2 46.8 394.7 139.7 341.6 396.0 489.8 600.7 75.3 0.0 90.8 88.0 584.6 451.8 79.4 551.8 65.2 412.0 94.4 466.1 596.8 432.3 572.5 71.5 388.9 440.2 415.3 83.8 587.1 499.5 356.2 388.7 8.0 613.9 430.1 438.2 445.5 456.9 400.6 498.5 491.6 585.0 142.6 282.3 92.0 593.9 454.9 512.4 569.1 92.2 429.1 15.4 469.9 458.9 261.0 116.5 107.8 262.9 112.7 528.2 415.1 395.2 390.9 71.6 523.6 354.9 101.4 449.5 405.2 112.6 534.9 449.8 524.5 60.4 511.4 539.5 623.1 107.0 489.8 561.0 515.1 488.5 127.2 102.6 102.1 582.9 449.7 520.4 558.3 470.4 584.6 476.2 112.7 436.6
2172.0 380.2 454.5 133.9 581.2 97.7 486.4 439.3 571.4 350.7 409.1 537.3 550.9 564.3 374.8 570.0 239.5 499.3 442.6 111.1 600.3 115.5 520.2 506.1 401.7 454.0 448.3 384.8 611.3 425.5 514.2 510.4 154.1 16.1 103.1 122.4 11.3 390.6 413.6 619.7 458.6 498.3 487.0 447.8 411.4 396.8 428.0 482.6 569.0 417.0 104.8 452.3 460.5 124.0 509.9 411.0 425.5 468.5 82.3 383.0 72.5 329.9 384.3 478.1 589.0 41.7 72.3 0.0 105.5 572.9 440.1 43.6 540.1 91.4 400.3 106.0 454.4 585.1 405.0 555.8 83.9 377.2 428.5 403.6 39.2 575.4 487.8 344.5 377.0 80.3 602.2 418.4 419.2 433.8 445.2 388.9 486.8 479.9 573.3 144.8 270.6 109.5 582.2 443.2 500.7 557.4 149.3 417.4 87.7 458.2 447.2 249.3 134.0 70.7 251.2 138.6 516.5 403.4 383.5 379.2 62.0 511.9 343.2 22.6 437.8 393.5 103.0 523.2 438.1 512.8 20.3 499.7 527.8 611.4 28.2 478.1 549.3 503.4 476.8 115.5 76.6 119.6 571.2 438.0 507.8 546.6 458.7 572.9 464.6 68.6 424.9
2155.6 363.8 438.1 65.4 564.8 41.2 470.0 422.9 555.0 334.3 392.7 520.9 534.5 547.9 358.4 553.6 223.1 482.9 426.2 83.0 583.9 131.9 503.8 489.7 385.3 437.6 431.9 368.4 594.9 409.1 497.8 494.0 89.8 78.5 119.5 71.7 104.0 374.2 397.2 603.3 442.2 481.9 470.6 431.4 395.0 380.4 411.6 466.2 552.6 400.6 79.2 435.9 444.1 59.7 493.5 394.6 409.1 452.1 78.7 366.6 152.5 313.5 367.9 461.7 572.6 89.2 88.7 104.7 0.0 556.5 423.7 148.4 523.7 154.0 383.9 162.0 438.0 568.7 388.6 539.4 160.3 360.8 412.1 387.2 144.0 559.0 471.4 328.1 360.6 96.7 585.8 402.0 402.8 417.4 428.8 372.5 470.4 463.5 556.9 54.5 254.2 45.2 565.8 426.8 484.3 541.0 89.6 401.0 104.1 441.8 430.8 232.9 28.4 121.7 234.8 74.3 500.1 387.0 367.1 362.8 85.5 495.5 326.8 115.3 421.4 377.1 126.5 506.8 421.7 496.4 74.3 483.3 511.4 595.0 120.9 461.7 532.9 487.0 460.4 83.8 158.5 63.1 554.8 421.6 491.4 530.2 442.3 556.5 448.2 125.5 408.5
2429.0 224.4 173.7 669.5 176.5 739.4 207.6 151.7 166.7 233.9 180.0 146.7 134.4 84.4 270.3 204.8 496.5 94.6 176.0 697.6 195.6 792.0 188.5 124.1 256.0 237.1 136.8 256.8 868.3 200.3 148.5 76.7 689.8 720.6 770.2 708.9 681.8 264.4 174.7 215.0 188.7 171.7 201.2 124.4 150.8 191.5 293.1 201.1 137.9 244.0 691.3 187.5 172.6 717.1 144.7 251.3 171.4 201.9 699.2 259.1 684.1 284.7 220.3 197.3 172.5 702.1 739.4 696.5 735.0 0.0 202.5 740.2 312.9 788.0 186.6 802.6 166.6 180.4 300.5 129.7 780.5 274.3 159.8 235.2 735.8 95.5 74.4 601.5 253.1 747.4 171.1 186.2 167.0 138.4 153.0 208.4 116.0 112.2 156.8 680.4 333.1 735.9 177.5 129.0 273.5 80.3 780.3 344.5 754.8 128.5 139.7 437.3 706.5 657.2 427.5 765.0 84.5 184.9 201.3 287.1 737.7 179.3 270.0 666.8 229.8 213.0 693.9 158.0 210.2 178.5 724.8 157.2 44.4 209.5 659.3 112.9 322.1 187.0 165.6 651.1 776.0 717.5 102.8 201.8 163.8 115.5 132.3 345.7 223.8 672.1 161.8
2298.7 236.4 120.8 539.2 237.6 609.1 148.7 203.8 227.8 206.0 191.6 164.1 177.7 191.7 304.2 172.9 366.2 155.7 86.7 567.3 256.7 652.3 238.8 97.8 228.1 184.2 51.2 188.6 738.0 14.5 117.1 137.8 556.7 590.3 639.9 578.6 551.5 140.1 121.8 276.1 249.8 160.6 224.8 109.5 73.1 138.6 327.0 144.9 199.0 113.7 561.0 12.1 122.2 586.8 112.8 285.2 87.2 79.3 568.9 271.1 528.7 258.9 232.3 144.4 215.8 571.8 609.1 566.2 604.7 200.3 0.0 609.9 202.4 657.7 182.8 672.3 33.1 241.5 334.4 185.8 650.2 225.8 106.9 182.3 605.5 202.8 115.2 471.2 265.1 617.1 232.2 198.2 201.7 95.5 214.1 78.1 89.7 136.4 200.1 550.1 176.2 605.6 238.6 104.9 163.0 184.8 650.0 318.7 624.5 61.1 108.9 307.0 576.2 526.9 297.2 634.7 145.6 132.0 173.4 299.1 604.6 147.4 244.2 536.5 81.5 82.7 563.6 126.1 222.2 146.6 594.5 218.3 155.2 267.8 529.0 174.0 211.6 155.1 138.5 520.8 642.9 587.2 198.0 2.1 170.1 176.6 193.4 235.2 170.9 524.8 72.5
2215.7 423.9 498.2 177.6 624.9 141.4 530.1 483.0 615.1 394.4 452.8 581.0 594.6 608.0 418.5 613.7 283.2 543.0 486.3 154.8 644.0 144.9 563.9 549.8 445.4 497.7 492.0 428.5 655.0 469.2 557.9 554.1 197.8 59.8 132.5 166.1 55.0 434.3 457.3 663.4 502.3 542.0 530.7 491.5 455.1 440.5 471.7 526.3 612.7 460.7 148.5 496.0 504.2 167.7 553.6 454.7 469.2 512.2 126.0 426.7 116.2 373.6 428.0 521.8 632.7 85.4 101.1 43.6 149.2 616.6 483.8 0.0 583.8 49.6 444.0 102.8 498.1 628.8 448.7 599.5 55.9 420.9 472.2 447.3 4.3 619.1 531.5 388.2 420.7 93.1 645.9 462.1 462.9 477.5 488.9 432.6 530.5 523.6 617.0 188.5 314.3 153.2 625.9 486.9 544.4 601.1 105.6 461.1 85.7 501.9 490.9 293.0 177.7 114.4 294.9 126.1 560.2 447.1 427.2 422.9 105.7 555.6 386.9 66.3 481.5 437.2 146.7 566.9 481.8 556.5 64.0 543.4 571.5 655.1 71.9 521.8 593.0 547.1 520.5 159.2 74.8 163.3 614.9 481.7 551.5 590.3 502.4 616.6 508.3 112.3 468.6
2400.9 329.7 331.1 641.4 344.5 711.3 121.8 348.2 314.1 300.1 376.5 172.7 186.3 225.0 392.8 218.3 468.4 291.1 161.1 669.5 320.2 754.5 374.2 250.0 351.1 394.5 166.8 333.8 840.2 220.6 194.0 273.2 658.9 692.5 742.1 680.8 653.7 285.3 332.1 318.2 385.2 133.7 391.7 252.9 279.3 348.9 489.6 118.0 231.9 258.9 663.2 193.8 288.4 689.0 180.3 447.8 299.9 187.0 671.1 332.5 630.9 316.1 333.8 354.7 224.4 678.0 711.3 668.4 706.9 290.1 206.0 712.1 0.0 759.9 383.1 774.5 172.9 305.0 423.0 245.1 752.4 326.6 317.2 392.6 707.7 213.9 250.6 573.4 326.5 719.3 242.4 382.7 369.0 266.9 349.5 223.3 225.1 280.1 208.7 652.3 278.4 707.8 345.5 257.5 90.0 231.9 752.2 375.9 726.7 212.0 312.8 409.2 678.4 629.1 399.4 736.9 281.0 342.3 332.9 360.5 706.8 147.3 302.8 638.7 272.2 227.9 665.8 167.5 406.7 148.2 696.7 353.7 261.5 331.3 631.2 309.4 110.9 138.8 274.7 623.0 745.1 689.4 206.6 208.1 143.2 254.3 328.8 65.2 381.3 627.0 143.4
2246.0 454.2 528.5 207.9 655.2 167.8 560.4 513.3 645.4 424.7 483.1 611.3 624.9 638.3 448.8 644.0 313.5 573.3 516.6 185.1 674.3 136.6 594.2 580.1 475.7 528.0 522.3 458.8 685.3 499.5 588.2 584.4 223.3 90.1 124.2 196.4 85.3 464.6 487.6 693.7 532.6 572.3 561.0 521.8 485.4 470.8 502.0 556.6 643.0 491.0 178.8 526.3 534.5 193.2 583.9 485.0 499.5 542.5 134.4 457.0 146.5 403.9 458.3 552.1 663.0 115.7 87.5 73.9 175.6 646.9 514.1 30.2 614.1 0.0 474.3 89.2 528.4 659.1 479.0 629.8 6.3 451.2 502.5 477.6 34.6 649.4 561.8 418.5 451.0 79.5 676.2 492.4 493.2 507.8 519.2 462.9 560.8 553.9 647.3 218.8 344.6 172.2 656.2 517.2 574.7 631.4 112.9 491.4 72.1 532.2 521.2 323.3 204.1 144.7 325.2 133.4 590.5 477.4 457.5 453.2 136.0 585.9 417.2 96.6 511.8 467.5 177.0 597.2 512.1 586.8 94.3 573.7 601.8 685.4 102.2 552.1 623.3 577.4 550.8 189.5 48.5 189.7 645.2 512.0 581.8 620.6 532.7 646.9 538.6 142.6 498.9
2267.5 95.6 78.3 508.0 191.0 577.9 257.0 63.0 181.2 47.2 8.7 248.0 234.4 192.9 163.4 259.3 335.0 109.1 210.8 536.1 210.1 621.1 119.8 195.4 69.3 141.7 192.9 134.2 706.8 142.8 203.5 134.1 525.5 559.1 608.7 547.4 520.3 140.0 52.9 229.5 145.0 274.2 90.7 116.6 96.1 69.7 186.2 270.4 178.8 166.4 529.8 169.6 151.7 555.6 199.2 144.4 116.7 200.7 537.7 130.3 497.5 117.5 91.5 101.9 249.2 544.6 577.9 535.0 573.5 201.5 157.4 578.7 327.9 626.5 0.0 641.1 190.5 194.9 193.6 165.6 619.0 87.6 52.3 139.8 574.3 204.0 144.6 440.0 124.3 585.9 212.0 57.4 18.8 102.6 44.8 153.7 170.5 105.1 233.5 518.9 165.9 574.4 192.0 112.0 288.5 186.0 618.8 177.3 593.3 183.0 72.4 275.8 545.0 495.7 266.0 603.5 126.3 63.1 14.6 158.3 573.4 233.8 104.2 505.3 175.1 158.3 532.4 212.5 81.4 233.0 563.3 99.3 156.4 221.2 497.8 82.4 337.1 241.5 168.0 489.6 611.7 556.0 211.3 155.3 264.4 156.4 82.4 360.7 128.5 493.6 212.7
2256.8 465.0 539.3 218.7 666.0 153.3 571.2 524.1 656.2 435.5 493.9 622.1 635.7 649.1 459.6 654.8 324.3 584.1 527.4 195.1 685.1 111.1 605.0 590.9 486.5 538.8 533.1 469.6 696.1 510.3 599.0 595.2 209.7 120.4 98.7 183.8 115.6 475.4 498.4 704.5 543.4 583.1 571.8 532.6 496.2 481.6 512.8 567.4 653.8 501.8 166.6 537.1 545.3 179.6 594.7 495.8 510.3 553.3 119.9 467.8 176.8 414.7 469.1 562.9 673.8 146.0 85.9 104.2 161.1 657.7 524.9 82.8 624.9 68.6 485.1 0.0 539.2 669.9 489.8 640.6 74.9 462.0 513.3 488.4 87.2 660.2 572.6 429.3 461.8 93.9 687.0 503.2 504.0 518.6 530.0 473.7 571.6 564.7 658.1 215.7 355.4 165.1 667.0 528.0 585.5 642.2 141.5 502.2 100.7 543.0 532.0 334.1 189.6 175.0 336.0 162.0 601.3 488.2 468.3 464.0 144.7 596.7 428.0 126.9 522.6 478.3 185.7 608.0 522.9 597.6 124.6 584.5 612.6 696.2 132.5 562.9 634.1 588.2 561.6 200.3 86.9 175.2 656.0 522.8 592.6 631.4 543.5 657.7 549.4 172.9 509.7
2331.8 252.4 153.9 572.3 204.5 642.2 115.6 179.7 194.7 239.1 208.0 131.0 144.6 158.6 298.3 139.8 399.3 122.6 53.6 600.4 223.6 685.4 205.7 81.5 261.2 217.3 18.1 221.7 771.1 47.7 84.0 104.7 589.8 623.4 673.0 611.7 584.6 173.2 154.9 243.0 216.7 127.5 223.2 84.4 106.2 171.7 321.1 111.8 165.9 146.8 594.1 20.9 119.9 619.9 79.7 279.3 120.3 79.5 602.0 287.1 561.8 292.0 248.3 177.5 182.7 608.9 642.2 599.3 637.8 167.2 33.1 643.0 169.3 690.8 214.6 705.4 0.0 208.4 328.5 152.7 683.3 258.9 140.0 215.4 638.6 169.7 82.1 504.3 281.1 650.2 199.1 214.2 200.5 98.4 181.0 111.2 56.6 111.6 167.0 583.2 209.3 638.7 205.5 89.0 129.9 151.7 683.1 351.8 657.6 28.0 142.0 340.1 609.3 560.0 330.3 667.8 112.5 165.1 206.5 315.1 637.7 114.3 278.7 569.6 114.6 115.8 596.7 93.0 238.2 113.5 627.6 185.2 122.1 234.7 562.1 140.9 178.5 122.0 106.2 553.9 676.0 620.3 164.9 35.2 137.0 143.5 160.3 202.1 204.1 557.9 39.4
2439.2 209.4 206.5 679.7 56.3 749.6 234.6 136.7 25.9 218.9 165.0 148.0 134.4 143.4 227.1 237.6 506.7 66.7 208.8 707.8 15.1 792.8 162.7 156.9 241.0 269.9 169.6 286.8 878.5 230.3 181.8 84.6 697.2 730.8 780.4 719.1 692.0 297.2 207.5 71.4 145.5 187.4 186.2 157.2 183.6 224.3 249.9 216.8 121.5 276.8 701.5 220.3 212.1 727.3 177.5 208.1 204.2 234.7 709.4 244.1 669.2 269.7 205.3 230.1 149.2 712.3 749.6 706.7 745.2 152.0 232.5 750.4 325.8 798.2 171.6 812.8 199.4 0.0 257.3 121.1 790.7 259.3 192.6 268.0 746.0 154.5 107.2 611.7 238.1 757.6 79.8 171.2 152.0 171.2 138.0 241.2 148.8 136.6 133.5 690.6 302.7 746.1 57.3 161.8 286.4 136.5 790.5 329.5 765.0 161.3 172.5 447.5 716.7 667.4 437.7 775.2 76.8 217.7 186.3 250.3 745.1 212.1 256.4 677.0 262.6 245.8 704.1 190.8 171.6 211.3 735.0 142.2 106.9 26.2 669.5 97.9 335.0 219.8 198.4 661.3 783.4 727.7 161.8 234.6 176.7 106.9 117.3 358.6 256.7 665.3 194.6
2280.1 143.9 253.6 520.6 263.7 590.5 363.6 171.9 253.9 177.4 206.1 348.9 335.3 293.8 53.0 388.0 347.6 217.1 319.8 548.7 282.8 643.1 290.0 307.3 247.0 299.3 320.0 230.1 719.4 302.7 332.2 235.0 538.1 571.7 621.3 560.0 532.9 235.9 228.2 302.2 140.5 375.5 266.0 291.9 271.4 242.1 7.3 359.8 279.7 262.3 542.4 329.5 335.0 568.2 327.9 39.2 292.0 345.7 550.3 119.2 510.1 117.1 148.0 277.2 350.1 553.2 590.5 547.6 586.1 302.4 317.3 591.3 417.3 639.1 197.3 653.7 331.6 267.6 0.0 266.5 631.6 222.5 227.6 248.9 586.9 304.9 257.6 452.6 125.2 598.5 310.6 153.1 216.2 277.9 242.2 266.1 299.2 280.4 334.4 531.5 143.6 587.0 264.7 287.3 377.9 286.9 631.4 204.6 605.9 311.7 247.7 288.4 557.6 508.3 278.6 616.1 227.2 238.4 207.9 91.2 586.0 362.5 131.8 517.9 288.5 270.7 545.0 341.2 123.4 361.7 575.9 269.5 257.3 293.9 510.4 210.7 426.5 370.2 343.3 502.2 624.3 568.6 312.2 315.2 377.6 257.3 191.3 450.1 303.7 506.2 302.1
2415.1 189.1 159.8 655.6 141.2 725.5 168.9 116.4 118.0 198.6 144.7 82.3 68.7 96.7 235.0 190.9 482.6 59.3 162.1 688.7 124.1 778.1 153.2 110.2 220.7 223.2 122.9 240.1 854.4 188.6 135.1 37.9 673.1 706.7 756.3 695.0 667.9 250.5 160.8 122.1 153.4 121.7 165.9 110.5 136.9 177.6 257.8 146.1 13.1 230.1 682.4 178.6 158.7 703.2 130.8 216.0 162.5 188.0 685.3 228.8 670.2 249.4 185.0 183.4 83.5 688.2 730.5 682.6 721.1 108.1 185.8 726.3 260.1 774.1 151.3 788.7 152.7 108.9 265.2 0.0 771.6 239.0 145.9 221.3 721.9 107.8 60.5 587.6 217.8 733.5 46.3 150.9 131.7 124.5 117.7 194.5 107.1 98.3 67.8 666.5 297.8 722.0 142.2 115.1 220.7 89.8 766.4 309.2 740.9 114.6 125.8 423.4 692.6 643.3 413.6 751.1 49.2 171.0 166.0 251.8 721.0 165.4 234.7 652.9 215.9 199.1 680.0 144.1 174.9 164.6 715.9 121.9 65.2 130.2 645.4 77.6 269.3 173.1 151.7 637.2 764.3 703.6 110.3 187.9 111.0 9.1 97.0 292.9 209.9 658.2 152.9
2249.6 457.8 532.1 211.5 658.8 172.5 564.0 516.9 649.0 428.3 486.7 614.9 628.5 641.9 452.4 647.6 317.1 576.9 520.2 188.7 677.9 130.3 578.1 572.5 479.3 531.6 525.9 462.4 688.9 503.1 591.8 588.0 228.9 93.7 117.9 200.0 88.9 468.2 491.2 697.3 536.2 575.9 552.7 525.4 489.0 474.4 505.6 560.2 646.6 494.6 182.4 529.9 538.1 198.8 587.5 488.6 503.1 546.1 139.1 460.6 150.1 407.5 461.9 555.7 666.6 121.9 95.0 77.5 180.3 650.5 517.7 37.7 617.7 7.5 477.9 89.6 532.0 662.7 498.2 633.4 0.0 454.8 506.1 481.2 42.1 653.0 565.4 422.1 454.6 87.0 679.8 496.0 496.8 511.4 522.8 466.5 564.4 560.7 650.9 222.4 348.2 179.7 659.8 520.8 578.3 635.0 120.4 495.0 79.6 535.8 524.8 326.9 208.8 148.3 328.8 140.9 594.1 481.0 461.1 456.8 139.6 589.5 420.8 100.2 515.4 471.1 180.6 600.8 515.7 590.4 97.9 577.3 605.4 689.0 105.8 555.7 626.9 581.0 554.4 193.1 42.2 194.4 648.8 515.6 585.4 624.2 536.3 650.5 542.2 146.2 502.5
2240.1 122.3 132.9 480.6 285.2 550.5 255.0 143.3 275.4 92.7 113.1 305.1 308.8 258.8 195.5 313.9 307.6 203.3 211.2 508.7 304.3 593.7 224.2 250.0 24.4 132.4 216.9 63.2 679.4 166.0 258.1 204.9 498.1 531.7 581.3 520.0 492.9 69.0 92.0 323.7 225.3 266.9 190.5 171.2 150.7 75.2 248.7 251.2 266.1 95.4 502.4 192.8 206.3 528.2 253.8 224.7 171.3 223.9 510.3 125.1 470.1 108.7 126.4 156.5 336.5 517.2 550.5 507.6 546.1 267.4 180.6 551.3 308.7 599.1 104.3 613.7 213.7 289.1 225.7 252.9 591.6 0.0 106.9 82.0 546.9 269.9 199.2 412.6 119.1 558.5 299.3 137.7 123.2 157.2 149.2 131.0 225.1 159.7 320.8 491.5 157.1 547.0 286.2 166.6 269.3 251.9 591.4 168.5 565.9 226.8 127.0 248.4 517.6 468.3 238.6 576.1 212.7 81.8 87.5 153.1 546.0 280.5 95.4 477.9 121.6 126.4 505.0 267.1 161.7 281.4 535.9 203.7 222.3 315.4 470.4 182.1 317.9 272.0 222.6 462.2 584.3 528.6 277.2 178.5 276.4 243.7 162.7 341.5 143.0 466.2 193.5
2298.0 129.4 25.9 538.5 197.7 608.4 204.6 96.8 187.9 99.0 84.6 198.1 201.8 151.8 197.2 206.9 365.5 115.8 158.4 566.6 216.8 651.6 153.0 143.0 121.1 89.3 140.5 98.7 737.3 90.4 151.1 97.9 556.0 589.6 639.2 577.9 550.8 104.5 14.8 236.2 178.8 221.8 117.8 64.2 43.7 31.6 220.0 218.0 159.1 130.9 560.3 117.2 99.3 586.1 146.8 178.2 64.3 148.3 568.2 164.1 528.0 166.6 125.3 49.5 229.5 575.1 608.4 565.5 604.0 160.4 105.0 609.2 275.5 657.0 75.8 671.6 138.1 201.6 227.4 145.9 649.5 133.5 0.0 87.4 604.8 162.9 92.2 470.5 158.1 616.4 192.3 91.2 94.7 50.2 120.7 101.3 118.1 52.7 213.8 549.4 215.0 604.9 198.7 59.6 236.1 144.9 649.3 226.4 623.8 130.6 20.0 306.3 575.5 526.2 296.5 634.0 105.7 25.0 66.4 192.1 603.9 181.4 153.3 535.8 122.7 105.9 562.9 160.1 115.2 180.6 593.8 175.2 115.3 227.9 528.3 134.1 284.7 189.1 115.6 520.1 642.2 586.5 170.2 102.9 212.0 136.7 116.2 308.3 76.1 524.1 160.3
2273.1 155.3 51.4 513.6 273.1 583.5 280.0 164.3 263.3 125.7 152.1 273.5 277.2 227.2 228.5 282.3 340.6 191.2 222.2 541.7 292.2 626.7 220.5 218.4 133.1 50.3 215.9 18.7 712.4 154.2 226.5 173.3 531.1 564.7 614.3 553.0 525.9 57.2 82.3 311.6 246.3 297.2 185.3 139.6 119.1 99.1 281.7 281.6 234.5 83.6 535.4 181.0 174.7 561.2 222.2 245.7 139.7 212.1 543.3 158.1 503.1 141.7 159.4 79.1 304.9 550.2 583.5 540.6 579.1 235.8 168.8 584.3 339.1 632.1 143.3 646.7 201.9 277.0 258.7 221.3 624.6 108.6 67.4 0.0 579.9 238.3 167.6 445.6 152.1 591.5 267.7 158.7 162.2 125.6 188.2 119.2 193.5 128.1 289.2 524.5 190.1 580.0 274.1 135.0 299.7 220.3 624.4 201.5 598.9 206.0 95.4 281.4 550.6 501.3 271.6 609.1 181.1 92.5 133.9 186.1 579.0 256.8 128.4 510.9 109.8 114.6 538.0 235.5 182.7 256.0 568.9 242.7 190.7 303.3 503.4 203.1 348.3 264.5 191.0 495.2 617.3 561.6 245.6 166.7 287.4 212.1 183.7 371.9 60.9 499.2 223.9
2211.3 419.5 493.8 173.2 620.5 137.0 525.7 478.6 610.7 390.0 448.4 576.6 590.2 603.6 414.1 609.3 278.8 538.6 481.9 150.4 639.6 140.5 559.5 545.4 441.0 493.3 487.6 424.1 650.6 464.8 553.5 549.7 193.4 55.4 128.1 161.7 50.6 429.9 452.9 659.0 497.9 537.6 526.3 487.1 450.7 436.1 467.3 521.9 608.3 456.3 144.1 491.6 499.8 163.3 549.2 450.3 464.8 507.8 121.6 422.3 111.8 369.2 423.6 517.4 628.3 81.0 105.5 39.2 144.8 612.2 479.4 4.3 579.4 54.0 439.6 99.8 493.7 624.4 444.3 595.1 60.3 416.5 467.8 442.9 0.0 614.7 527.1 383.8 416.3 97.5 641.5 457.7 458.5 473.1 484.5 428.2 526.1 519.2 612.6 184.1 309.9 148.8 621.5 482.5 540.0 596.7 110.0 456.7 90.1 497.5 486.5 288.6 173.3 110.0 290.5 130.5 555.8 442.7 422.8 418.5 101.3 551.2 382.5 61.9 477.1 432.8 142.3 562.5 477.4 552.1 59.6 539.0 567.1 650.7 67.5 517.4 588.6 542.7 516.1 154.8 70.4 158.9 610.5 477.3 547.1 585.9 498.0 612.2 503.9 107.9 464.2
2432.1 227.5 176.8 672.6 179.6 742.5 143.2 154.8 166.6 237.0 183.1 51.1 38.8 11.0 273.4 161.4 499.6 97.7 179.1 700.7 172.7 785.7 180.8 144.0 259.1 240.2 141.5 257.1 871.4 200.6 108.1 79.8 690.1 723.7 773.3 712.0 684.9 267.5 177.8 170.7 191.8 90.5 198.3 127.5 153.9 194.6 296.2 119.9 84.4 247.1 694.4 190.6 182.4 720.2 143.9 254.4 174.5 205.0 702.3 262.2 662.1 287.8 223.4 200.4 76.9 709.2 742.5 699.6 738.1 76.1 202.8 743.3 228.9 791.1 189.7 805.7 169.7 157.5 303.6 97.6 783.6 277.4 162.9 238.3 738.9 0.0 77.5 604.6 256.2 750.5 94.9 189.3 175.6 141.5 156.1 211.5 119.1 110.1 61.2 683.5 336.2 739.0 180.6 132.1 189.5 17.9 783.4 347.6 757.9 131.6 142.8 440.4 709.6 660.3 430.6 768.1 87.6 188.0 204.4 290.2 738.0 168.7 274.5 669.9 232.9 216.1 697.0 157.2 213.3 169.6 727.9 160.3 47.5 183.8 662.4 116.0 238.1 160.2 168.7 654.2 776.3 720.6 7.3 204.9 80.7 106.8 135.4 261.7 227.0 658.2 164.9
2354.5 170.2 96.1 595.0 122.3 664.9 128.0 97.5 112.5 179.7 125.8 121.5 126.4 76.4 216.1 130.3 422.0 40.4 101.5 623.1 141.4 708.1 123.5 66.4 201.8 159.5 63.9 176.4 793.8 123.0 74.5 22.5 612.5 646.1 695.7 634.4 607.3 186.8 97.1 160.8 134.5 145.2 141.0 49.9 76.3 113.9 238.9 148.4 83.7 169.5 616.8 113.0 104.8 642.6 70.2 197.1 96.9 127.4 624.7 204.9 584.5 230.5 166.1 119.7 154.1 631.6 664.9 622.0 660.5 85.0 125.2 665.7 257.9 713.5 132.4 728.1 92.1 126.2 246.3 70.5 706.0 215.8 82.2 157.6 661.3 87.5 0.0 527.0 198.9 672.9 116.9 132.0 118.3 63.9 98.8 133.9 41.5 29.4 138.4 605.9 232.0 661.4 123.3 54.5 218.5 69.5 705.8 290.3 680.3 54.0 62.1 362.8 632.0 582.7 353.0 690.5 30.3 107.3 147.1 232.9 660.4 104.8 217.2 592.3 155.3 138.5 619.4 83.5 156.0 104.0 650.3 103.0 39.9 152.5 584.8 58.7 267.1 112.5 91.1 576.6 698.7 643.0 94.8 127.3 135.4 61.3 78.1 290.7 146.3 580.6 87.3
2188.6 486.2 560.5 548.4 687.2 618.3 592.4 545.3 677.4 456.7 515.1 643.3 656.9 670.3 480.8 676.0 304.2 605.3 548.6 576.5 706.3 661.5 626.2 612.1 507.7 560.0 554.3 490.8 308.2 531.5 620.2 616.4 565.9 599.5 649.1 587.8 560.7 496.6 519.6 725.7 564.6 604.3 593.0 553.8 517.4 502.8 534.0 588.6 675.0 523.0 570.2 558.3 566.5 596.0 615.9 517.0 531.5 574.5 578.1 489.0 537.9 435.9 490.3 584.1 695.0 585.0 618.3 575.4 613.9 678.9 546.1 619.1 646.1 666.9 506.3 681.5 560.4 691.1 511.0 661.8 659.4 483.2 534.5 509.6 614.7 681.4 593.8 0.0 483.0 626.3 708.2 524.4 525.2 539.8 551.2 494.9 592.8 585.9 679.3 559.3 376.6 614.8 688.2 549.2 606.7 663.4 659.2 523.4 633.7 564.2 553.2 355.3 585.4 536.1 352.6 643.9 622.5 509.4 489.5 485.2 613.8 617.9 449.2 545.7 543.8 499.5 572.8 629.2 544.1 618.8 603.7 605.7 633.8 717.4 538.2 584.1 655.3 609.4 582.8 530.0 652.1 596.4 677.2 544.0 613.8 652.6 564.7 678.9 570.6 534.0 530.9
2251.9 18.6 173.0 492.4 233.2 562.3 266.0 91.3 223.4 70.6 125.5 290.2 276.6 235.1 92.4 329.3 319.4 151.3 227.7 520.5 252.3 605.5 209.4 248.6 140.2 192.5 233.4 123.3 691.2 210.6 273.5 176.3 509.9 543.5 593.1 531.8 504.7 129.1 147.6 271.7 140.1 283.4 185.4 211.3 190.8 135.3 145.6 267.7 221.0 155.5 514.2 237.4 253.6 540.0 269.2 128.6 210.6 253.6 522.1 6.0 481.9 67.0 22.7 196.6 291.4 529.0 562.3 519.4 557.9 243.7 225.2 563.1 325.2 610.9 116.7 625.5 239.5 237.1 138.2 212.8 603.4 115.7 147.0 142.1 558.7 246.2 198.9 424.4 0.0 570.3 254.2 56.8 142.9 197.3 161.6 174.0 240.5 194.6 275.7 503.3 115.4 558.8 234.2 206.7 285.8 228.2 603.2 126.8 577.7 243.3 167.1 260.2 529.4 480.1 250.4 587.9 168.5 141.9 103.4 34.0 557.8 297.0 52.3 489.7 181.7 178.6 516.8 282.5 76.5 297.9 547.7 188.9 198.6 263.4 482.2 130.1 334.4 288.5 261.9 474.0 596.1 540.4 253.5 223.1 292.9 198.6 110.7 358.0 203.1 478.0 210.0
2191.7 399.9 474.2 153.6 600.9 88.2 506.1 459.0 591.1 370.4 428.8 557.0 570.6 584.0 394.5 589.7 259.2 519.0 462.3 130.0 620.0 64.0 539.9 525.8 421.4 473.7 468.0 404.5 631.0 445.2 533.9 530.1 144.6 72.6 51.6 118.7 98.1 410.3 433.3 639.4 478.3 518.0 506.7 467.5 431.1 416.5 447.7 502.3 588.7 436.7 101.5 472.0 480.2 114.5 529.6 430.7 445.2 488.2 54.8 402.7 147.7 349.6 404.0 497.8 608.7 83.3 8.0 98.8 96.0 592.6 459.8 71.4 559.8 57.2 420.0 86.4 474.1 604.8 424.7 575.5 63.5 396.9 448.2 423.3 75.8 595.1 507.5 364.2 396.7 0.0 621.9 438.1 438.9 453.5 464.9 408.6 506.5 499.6 593.0 150.6 290.3 100.0 601.9 462.9 520.4 577.1 84.2 437.1 7.4 477.9 466.9 269.0 124.5 115.8 270.9 104.7 536.2 423.1 403.2 398.9 79.6 531.6 362.9 109.4 457.5 413.2 120.6 542.9 457.8 532.5 68.4 519.4 547.5 631.1 115.0 497.8 569.0 523.1 496.5 135.2 105.8 110.1 590.9 457.7 527.5 566.3 478.4 592.6 484.3 120.7 444.6
2470.0 244.0 214.7 710.5 102.0 780.4 160.2 171.3 71.6 253.5 199.6 68.1 54.5 114.5 272.8 178.4 537.5 112.4 217.0 738.6 77.7 823.6 197.3 181.9 275.6 278.1 179.4 295.0 909.3 238.5 125.1 92.8 728.0 761.6 811.2 749.9 722.8 305.4 215.7 75.7 191.2 107.5 214.8 165.4 191.8 232.5 295.6 136.9 41.6 285.0 732.3 228.5 220.3 758.1 160.9 253.8 212.4 242.9 740.2 278.7 700.0 304.3 239.9 238.3 69.3 747.1 780.4 737.5 776.0 160.2 240.7 781.2 245.9 829.0 206.2 843.6 207.6 62.5 303.0 54.8 821.5 293.9 200.8 276.2 776.8 103.4 115.4 642.5 272.7 788.4 0.0 205.8 192.1 179.4 172.6 249.4 157.0 148.0 53.6 721.4 348.4 776.9 103.0 170.0 206.5 121.4 821.3 364.1 795.8 169.5 180.7 478.3 747.5 698.2 468.5 806.0 104.1 225.9 220.9 296.0 775.9 185.7 291.0 707.8 270.8 254.0 734.9 174.2 217.3 186.6 765.8 176.8 115.1 88.8 700.3 132.5 255.1 177.2 206.6 692.1 814.2 758.5 96.1 242.8 97.7 64.0 151.9 278.7 264.9 696.1 202.8
2283.3 38.2 116.1 523.8 176.3 593.7 270.1 34.4 166.5 102.0 68.6 233.3 219.7 178.2 101.6 272.4 350.8 94.4 243.6 551.9 195.4 636.9 152.5 208.5 125.1 179.5 206.0 154.7 722.6 180.6 216.6 119.4 541.3 574.9 624.5 563.2 536.1 160.5 90.7 214.8 83.2 272.7 128.5 154.4 133.9 107.5 124.4 290.5 164.1 186.9 545.6 207.4 189.5 571.4 212.3 82.6 154.5 238.5 553.5 72.8 513.3 98.4 34.1 139.7 234.5 560.4 593.7 550.8 589.3 186.8 195.2 594.5 400.0 642.3 59.8 656.9 228.3 180.2 131.8 150.9 634.8 143.4 90.1 173.5 590.1 189.3 142.0 455.8 66.8 601.7 197.3 0.0 78.7 140.4 104.7 191.5 183.6 142.9 218.8 534.7 146.8 590.2 177.3 149.8 360.6 171.3 634.6 158.2 609.1 196.1 110.2 291.6 560.8 511.5 281.8 619.3 111.6 100.9 70.4 100.8 589.2 246.9 85.1 521.1 212.9 196.1 548.2 225.6 19.6 246.1 579.1 132.0 141.7 206.5 513.6 73.2 409.2 254.6 205.8 505.4 627.5 571.8 196.6 193.1 262.9 141.7 53.8 432.8 166.3 509.4 229.4
2281.6 109.7 92.4 522.1 172.1 592.0 271.0 77.1 162.3 61.3 13.0 229.1 215.5 174.0 177.5 268.2 354.6 90.2 224.9 555.7 191.2 644.6 111.7 187.5 83.4 155.8 200.2 153.8 720.9 162.4 212.4 115.2 545.1 573.2 622.8 561.5 534.4 154.1 67.0 210.6 159.1 268.5 92.9 130.7 110.2 83.8 200.3 284.5 159.9 180.5 549.4 189.2 173.8 569.7 208.1 158.5 136.3 214.8 551.8 144.4 536.7 131.6 105.6 116.0 230.3 554.7 592.0 549.1 587.6 185.4 177.0 592.8 342.0 640.6 14.1 655.2 204.6 176.0 213.2 151.7 633.1 101.7 66.4 153.9 588.4 185.1 137.8 454.1 138.4 600.0 193.1 71.5 0.0 116.7 26.0 167.8 179.4 114.0 214.6 533.0 185.5 588.5 165.8 126.1 302.6 159.8 632.9 191.4 607.4 191.9 86.5 289.9 559.1 509.8 280.1 617.6 107.4 77.2 28.7 172.4 593.0 242.7 116.9 519.4 189.2 172.4 546.5 221.4 95.5 241.9 577.4 80.4 137.5 202.3 517.4 63.5 351.2 250.4 182.1 503.7 625.8 570.1 192.4 169.4 257.8 137.5 82.9 374.8 142.5 524.7 225.2
2290.5 179.7 64.1 531.0 176.3 600.9 154.3 147.1 166.5 149.3 134.9 147.8 161.4 130.4 247.5 156.6 358.0 94.4 127.0 559.1 195.4 644.1 177.5 92.7 171.4 127.5 90.2 144.4 729.8 59.0 100.8 76.5 548.5 582.1 631.7 570.4 543.3 131.9 65.1 214.8 188.5 171.5 168.1 13.9 12.3 81.9 270.3 174.7 137.7 105.5 552.8 85.8 67.9 578.6 96.5 228.5 32.9 116.9 560.7 214.4 520.5 216.9 175.6 87.7 199.5 567.6 600.9 558.0 596.5 139.0 73.6 601.7 284.2 649.5 126.1 664.1 106.7 180.2 277.7 124.5 642.0 183.8 50.2 125.6 597.3 141.5 53.9 463.0 208.4 608.9 170.9 141.5 145.0 0.0 152.8 69.9 67.8 83.4 183.8 541.9 168.0 597.4 177.3 9.4 244.8 123.5 641.8 276.7 616.3 80.3 52.2 298.8 568.0 518.7 289.0 626.5 84.3 75.3 116.7 242.4 596.4 131.1 203.6 528.3 91.3 74.5 555.4 109.8 165.5 130.3 586.3 157.0 93.9 206.5 520.8 112.7 293.4 138.8 84.2 512.6 634.7 579.0 148.8 71.5 161.7 115.3 132.1 317.0 114.3 516.6 113.6
2301.1 129.2 111.9 541.6 146.1 611.5 239.9 76.3 136.3 80.8 27.0 203.1 189.5 148.0 197.0 242.2 368.6 64.2 213.4 569.7 165.2 654.7 74.9 178.3 102.9 175.3 175.8 167.8 740.4 176.4 186.4 89.2 559.1 592.7 642.3 581.0 553.9 173.6 86.5 184.6 158.3 242.5 92.4 150.2 129.7 103.3 219.8 260.3 133.9 200.0 563.4 203.2 185.3 589.2 182.1 178.0 150.3 234.3 571.3 163.9 531.1 151.1 125.1 135.5 204.3 578.2 611.5 568.6 607.1 156.6 191.0 612.3 369.8 660.1 33.6 674.7 204.0 150.0 227.2 120.7 652.6 121.2 85.9 173.4 607.9 159.1 111.8 473.6 157.9 619.5 167.1 91.0 19.5 136.2 0.0 187.3 153.4 138.7 188.6 552.5 199.5 608.0 147.1 145.6 330.4 141.1 652.4 210.9 626.9 165.9 106.0 309.4 578.6 529.3 299.6 637.1 81.4 96.7 48.2 191.9 607.0 216.7 137.8 538.9 208.7 191.9 566.0 195.4 115.0 215.9 596.9 54.4 111.5 176.3 531.4 37.5 379.0 224.4 201.6 523.2 645.3 589.6 166.4 188.9 232.7 111.5 56.9 402.6 162.1 527.2 199.2
2266.2 194.3 95.8 506.7 246.9 576.6 166.1 178.8 237.1 164.7 166.6 217.0 230.6 201.0 267.5 227.2 333.7 165.0 122.3 534.8 266.0 619.8 235.0 142.8 172.1 159.2 128.0 110.4 705.5 62.2 171.4 147.1 524.2 557.8 607.4 546.1 519.0 61.9 96.8 285.4 259.1 178.0 199.8 84.5 48.1 113.6 302.0 162.3 208.3 35.6 528.5 89.0 97.2 554.3 167.1 260.2 62.2 120.1 536.4 197.1 496.2 180.7 198.4 119.4 268.7 543.3 576.6 533.7 572.2 209.6 76.8 577.4 219.8 625.2 157.8 639.8 109.9 250.8 297.7 195.1 617.7 147.6 81.9 129.2 573.0 212.1 124.5 438.7 191.1 584.6 241.5 173.2 176.7 70.5 202.7 0.0 138.4 116.6 253.0 517.6 143.7 573.1 247.9 79.9 180.4 194.1 617.5 240.5 592.0 137.9 83.9 274.5 543.7 494.4 264.7 602.2 154.9 107.0 148.4 225.1 572.1 191.6 167.4 504.0 74.5 4.5 531.1 180.4 197.2 192.5 562.0 227.6 164.5 277.1 496.5 183.3 229.0 183.1 113.5 488.3 610.4 554.7 219.4 74.7 187.5 185.9 198.2 252.6 146.0 492.3 104.6
2348.6 212.0 122.2 589.1 164.1 659.0 122.7 139.3 154.3 207.4 167.6 116.2 129.8 118.2 257.9 125.0 416.1 82.2 96.2 617.2 183.2 702.2 176.1 24.8 229.5 185.6 57.0 202.5 787.9 117.1 69.2 64.3 606.6 640.2 689.8 628.5 601.4 190.0 123.2 202.6 176.3 139.9 188.8 44.0 70.4 140.0 280.7 143.1 125.5 163.6 610.9 107.7 56.5 636.7 64.9 238.9 91.0 122.1 618.8 246.7 578.6 272.3 207.9 145.8 167.9 625.7 659.0 616.1 654.6 129.6 119.9 659.8 252.6 707.6 174.2 722.2 86.8 168.0 288.1 112.3 700.1 241.9 108.3 183.7 655.4 129.3 41.7 521.1 240.7 667.0 158.7 173.8 160.1 58.0 140.6 128.0 0.0 68.0 152.2 600.0 226.1 655.5 165.1 48.6 213.2 111.3 699.9 332.1 674.4 48.7 103.9 356.9 626.1 576.8 347.1 684.6 72.1 133.4 174.8 274.7 654.5 99.5 257.6 586.4 149.4 132.6 613.5 78.2 197.8 98.7 644.4 144.8 81.7 194.3 578.9 100.5 261.8 107.2 49.5 570.7 692.8 637.1 136.6 122.0 129.2 103.1 119.9 285.4 172.3 574.7 82.0
2336.6 182.2 66.6 577.1 144.9 647.0 172.6 120.1 135.1 151.8 140.6 161.0 149.0 99.0 238.7 169.8 407.3 63.0 141.0 608.4 164.0 699.6 156.9 89.1 173.9 130.0 101.8 141.7 775.9 104.6 114.0 45.1 594.6 628.2 677.8 616.5 589.4 157.3 67.6 183.4 157.1 181.5 158.7 73.7 58.4 84.4 258.3 184.7 106.3 151.6 593.7 131.9 122.0 624.7 106.5 219.7 73.8 163.0 606.8 216.9 591.7 219.4 178.1 90.2 176.7 609.7 641.8 604.1 642.6 110.4 122.9 647.8 297.4 695.6 128.6 710.2 131.6 145.6 265.7 98.1 688.1 186.3 52.7 128.1 643.4 110.1 39.4 509.1 210.4 655.0 139.5 144.0 135.4 64.9 121.4 116.0 77.8 0.0 161.0 588.0 208.9 643.5 142.7 74.3 258.0 88.9 687.9 279.2 662.4 93.5 32.6 344.9 614.1 564.8 335.1 672.6 52.9 77.8 119.2 244.9 642.5 144.3 204.7 574.4 137.4 120.6 601.5 123.0 168.0 143.5 632.4 125.6 67.7 175.6 561.7 81.3 306.6 152.0 130.3 558.7 680.8 625.1 117.4 117.6 174.0 83.9 100.7 330.2 116.7 579.7 123.6
2456.9 264.8 235.5 697.4 175.0 767.3 125.8 192.1 144.6 274.3 220.4 33.7 20.1 80.1 310.7 144.0 524.4 135.0 184.2 725.5 150.7 810.5 218.1 174.7 296.4 298.9 146.6 315.8 896.2 222.5 90.7 113.6 714.9 748.5 798.1 736.8 709.7 323.6 236.5 148.7 229.1 73.1 235.6 177.6 204.0 253.3 333.5 102.5 62.4 297.2 719.2 195.7 213.1 745.0 126.5 291.7 224.6 210.1 727.1 299.5 686.9 325.1 260.7 259.1 15.6 734.0 767.3 724.4 762.9 145.2 207.9 768.1 211.5 815.9 227.0 830.5 174.8 135.5 340.9 75.6 808.4 314.7 221.6 297.0 763.7 69.0 136.2 629.4 293.5 775.3 72.9 226.6 212.9 191.6 193.4 261.6 149.8 168.8 0.0 708.3 373.5 763.8 176.0 182.2 172.1 87.0 808.2 384.9 782.7 136.7 201.5 465.2 734.4 685.1 455.4 792.9 124.9 246.7 241.7 327.5 762.8 151.3 311.8 694.7 283.0 266.2 721.8 139.8 250.6 152.2 752.7 197.6 116.6 161.8 687.2 153.3 220.7 142.8 199.4 679.0 801.1 745.4 61.7 210.0 63.3 84.8 172.7 244.3 285.7 683.0 170.0
2101.0 309.2 383.5 10.9 510.2 95.8 415.4 368.3 500.4 279.7 338.1 466.3 479.9 493.3 303.8 499.0 168.5 428.3 371.6 80.3 529.3 186.5 449.2 435.1 330.7 383.0 377.3 313.8 540.3 354.5 443.2 439.4 103.0 133.1 174.1 91.6 158.6 319.6 342.6 548.7 387.6 427.3 416.0 376.8 340.4 325.8 357.0 411.6 498.0 346.0 93.9 381.3 389.5 114.3 438.9 340.0 354.5 397.5 117.8 312.0 113.1 258.9 313.3 407.1 518.0 143.8 143.3 159.3 54.5 501.9 369.1 203.0 469.1 208.6 329.3 216.6 383.4 514.1 334.0 484.8 214.9 306.2 357.5 332.6 198.6 504.4 416.8 273.5 306.0 151.3 531.2 347.4 348.2 362.8 374.2 317.9 415.8 408.9 502.3 0.0 199.6 99.8 511.2 372.2 429.7 486.4 144.2 346.4 158.7 387.2 376.2 178.3 26.1 112.8 180.2 128.9 445.5 332.4 312.5 308.2 140.1 440.9 272.2 151.6 366.8 322.5 127.3 452.2 367.1 441.8 128.9 428.7 456.8 540.4 144.1 407.1 478.3 432.4 405.8 29.3 213.1 100.2 500.2 367.0 436.8 475.6 387.7 501.9 393.6 86.1 353.9
2121.3 104.5 182.7 361.8 306.1 431.7 209.1 167.5 296.3 78.9 137.3 265.5 279.1 292.5 99.1 298.2 188.8 227.5 170.8 389.9 325.2 474.9 248.4 234.3 129.9 182.2 176.5 113.0 560.6 153.7 242.4 238.6 379.3 412.9 462.5 401.2 374.1 118.8 141.8 344.6 182.9 226.5 203.3 176.0 139.6 125.0 152.3 210.8 297.2 145.2 383.6 180.5 196.7 409.4 238.1 135.3 153.7 196.7 391.5 107.3 376.4 54.2 108.6 206.3 317.2 394.4 431.7 388.8 427.3 301.1 168.3 432.5 268.3 480.3 128.5 494.9 182.6 310.0 144.9 289.0 472.8 105.4 156.7 131.8 428.1 303.6 216.0 293.8 101.3 439.7 330.4 142.7 154.7 162.0 173.4 117.1 215.0 208.1 301.5 372.7 0.0 428.2 307.1 171.4 228.9 285.6 472.6 141.7 447.1 186.4 175.4 129.6 398.8 349.5 119.8 457.3 244.7 131.6 111.7 103.5 427.2 240.1 67.5 359.1 166.0 121.7 386.2 251.4 162.4 241.0 417.1 227.9 256.0 336.3 351.6 206.3 277.5 231.6 205.0 343.4 465.5 409.8 299.4 166.2 236.0 274.8 186.9 301.1 192.8 347.4 153.1
2158.3 366.5 440.8 112.9 567.5 67.4 472.7 425.6 557.7 337.0 395.4 523.6 537.2 550.6 361.1 556.3 225.8 485.6 428.9 109.2 586.6 158.1 506.5 492.4 388.0 440.3 434.6 371.1 597.6 411.8 500.5 496.7 51.0 104.7 145.7 97.9 130.2 376.9 399.9 606.0 444.9 484.6 473.3 434.1 397.7 383.1 414.3 468.9 555.3 403.3 105.4 438.6 446.8 20.9 496.2 397.3 411.8 454.8 104.9 369.3 178.7 316.2 370.6 464.4 575.3 115.4 114.9 130.9 47.4 559.2 426.4 137.1 526.4 142.4 386.6 171.6 440.7 571.4 391.3 542.1 148.7 363.5 414.8 389.9 141.5 561.7 474.1 330.8 363.3 116.0 588.5 404.7 405.5 420.1 431.5 375.2 473.1 466.2 559.6 102.0 256.9 0.0 568.5 429.5 487.0 543.7 44.4 403.7 108.6 444.5 433.5 235.6 75.9 147.9 237.5 29.0 502.8 389.7 369.8 365.5 111.7 498.2 329.5 141.5 424.1 379.8 152.7 509.5 424.4 499.1 100.5 486.0 514.1 597.7 147.1 464.4 535.6 489.7 463.1 131.3 184.7 89.3 557.5 424.3 494.1 532.9 445.0 559.2 450.9 151.7 411.2
2435.8 206.0 203.1 676.3 0.9 746.2 231.9 133.3 63.1 215.5 161.6 188.0 174.4 140.0 223.7 234.2 503.3 63.3 205.4 704.4 92.0 789.4 170.1 170.3 237.6 266.5 166.2 283.4 875.1 226.9 178.4 81.2 693.8 727.4 777.0 715.7 688.6 293.8 204.1 111.4 142.1 227.4 176.8 153.8 180.2 220.9 246.5 252.3 125.9 273.4 698.1 216.9 202.0 723.9 174.1 204.7 200.8 231.3 706.0 240.7 690.9 266.3 201.9 226.7 189.2 708.9 746.2 703.3 741.8 148.6 229.1 747.0 361.8 794.8 168.2 809.4 196.0 76.8 253.9 112.7 787.3 255.9 189.2 264.6 742.6 151.1 103.8 608.3 234.7 754.2 119.8 167.8 148.6 167.8 134.6 237.8 145.4 133.2 173.5 687.2 299.3 742.7 0.0 158.4 322.4 133.1 787.1 326.1 761.6 157.9 169.1 444.1 713.3 664.0 434.3 771.8 73.4 214.3 182.9 246.9 741.7 208.7 251.6 673.6 259.2 242.4 700.7 187.4 168.2 207.9 731.6 138.8 103.5 103.1 666.1 94.5 371.0 216.4 195.0 657.9 780.0 724.3 158.4 231.2 216.7 103.5 113.9 394.6 253.3 678.9 191.2
2299.9 189.1 73.5 540.4 166.9 610.3 144.9 142.1 157.1 158.7 144.3 138.4 152.0 121.0 256.9 147.2 367.4 85.0 118.4 568.5 186.0 653.5 168.1 83.3 180.8 136.9 80.8 153.8 739.2 68.4 91.4 67.1 557.9 591.5 641.1 579.8 552.7 141.3 74.5 205.4 179.1 162.1 177.5 4.5 21.7 91.3 279.7 165.3 128.3 114.9 562.2 95.2 77.3 588.0 87.1 237.9 42.3 126.3 570.1 223.8 529.9 226.3 185.0 97.1 190.1 577.0 610.3 567.4 605.9 129.6 83.0 611.1 274.8 658.9 135.5 673.5 109.0 170.8 287.1 115.1 651.4 193.2 59.6 135.0 606.7 132.1 44.5 472.4 217.8 618.3 161.5 150.9 154.4 9.4 143.4 79.3 58.4 74.0 174.4 551.3 177.4 606.8 167.9 0.0 235.4 114.1 651.2 286.1 625.7 70.9 61.6 308.2 577.4 528.1 298.4 635.9 74.9 84.7 126.1 251.8 605.8 121.7 213.0 537.7 100.7 83.9 564.8 100.4 174.9 120.9 595.7 147.6 84.5 197.1 530.2 103.3 284.0 129.4 93.6 522.0 644.1 588.4 139.4 80.9 152.3 105.9 122.7 307.6 123.7 526.0 104.2
2352.7 281.5 282.9 593.2 296.3 663.1 73.6 300.0 265.9 251.9 328.3 124.5 138.1 176.8 344.6 170.1 420.2 242.9 112.9 621.3 272.0 706.3 326.0 201.8 302.9 346.3 118.6 285.6 792.0 172.4 145.8 225.0 610.7 644.3 693.9 632.6 605.5 237.1 283.9 270.0 337.0 85.5 343.5 204.7 231.1 300.7 441.4 69.8 183.7 210.7 615.0 145.6 240.2 640.8 132.1 399.6 251.7 138.8 622.9 284.3 582.7 267.9 285.6 306.5 176.2 629.8 663.1 620.2 658.7 241.9 157.8 663.9 61.2 711.7 334.9 726.3 124.7 256.8 374.8 196.9 704.2 278.4 269.0 344.4 659.5 165.7 202.4 525.2 278.3 671.1 194.2 334.5 320.8 218.7 301.3 175.1 176.9 231.9 160.5 604.1 230.2 659.6 297.3 209.3 0.0 183.7 704.0 327.7 678.5 163.8 264.6 361.0 630.2 580.9 351.2 688.7 232.8 294.1 284.7 312.3 658.6 99.1 254.6 590.5 224.0 179.7 617.6 119.3 358.5 100.0 648.5 305.5 213.3 283.1 583.0 261.2 106.4 90.6 226.5 574.8 696.9 641.2 158.4 159.9 95.0 206.1 280.6 94.0 333.1 578.8 95.2
2414.1 209.5 158.8 654.6 161.6 724.5 161.2 136.8 151.8 219.0 165.1 69.1 56.8 6.8 255.4 179.4 481.6 79.7 161.1 682.7 180.7 777.1 162.8 109.2 241.1 222.2 121.9 239.1 853.4 182.6 126.1 61.8 672.1 705.7 755.3 694.0 666.9 249.5 159.8 188.7 173.8 108.5 186.3 109.5 135.9 176.6 278.2 137.9 102.4 229.1 676.4 172.6 164.4 702.2 129.8 236.4 156.5 187.0 684.3 244.2 644.1 269.8 205.4 182.4 94.9 691.2 724.5 681.6 720.1 58.1 184.8 725.3 246.9 773.1 171.7 787.7 151.7 165.5 285.6 109.8 765.6 259.4 144.9 220.3 720.9 17.9 59.5 586.6 238.2 732.5 112.9 171.3 152.1 123.5 138.1 193.5 101.1 88.9 79.2 665.5 318.2 721.0 162.6 114.1 207.5 0.0 765.4 329.6 739.9 113.6 124.8 422.4 691.6 642.3 412.6 750.1 69.6 170.0 186.4 272.2 720.0 164.4 256.5 651.9 214.9 198.1 679.0 143.1 195.3 163.6 709.9 142.3 29.5 191.8 644.4 98.0 256.1 172.1 150.7 636.2 758.3 702.6 25.2 186.9 97.8 100.6 117.4 279.7 208.9 640.2 146.9
2210.9 419.1 493.4 172.2 620.1 81.5 525.3 478.2 610.3 389.6 448.0 576.2 589.8 603.2 413.7 608.9 278.4 538.2 481.5 123.3 639.2 135.7 559.1 545.0 440.6 492.9 487.2 423.7 650.2 464.4 553.1 549.3 110.3 136.8 123.3 112.0 147.8 429.5 452.5 658.6 497.5 537.2 525.9 486.7 450.3 435.7 466.9 521.5 607.9 455.9 137.5 491.2 499.4 80.2 548.8 449.9 464.4 507.4 126.5 421.9 209.0 368.8 423.2 517.0 627.9 147.5 79.6 136.4 106.7 611.8 479.0 92.7 579.0 98.0 439.2 127.2 493.3 624.0 443.9 594.7 104.3 416.1 467.4 442.5 97.1 614.3 526.7 383.4 415.9 71.6 641.1 457.3 458.1 472.7 484.1 427.8 525.7 518.8 612.2 161.3 309.5 59.2 621.1 482.1 539.6 596.3 0.0 456.3 64.2 497.1 486.1 288.2 135.2 180.0 290.1 20.5 555.4 442.3 422.4 418.1 143.8 550.8 382.1 159.1 476.7 432.4 184.8 562.1 477.0 551.7 132.6 538.6 566.7 650.3 164.7 517.0 588.2 542.3 515.7 154.4 146.6 103.4 610.1 476.9 546.7 585.5 497.6 611.8 503.5 175.8 463.8
2272.3 130.0 262.4 512.8 344.6 582.7 340.9 202.7 334.8 140.0 198.4 391.8 388.0 346.5 174.2 424.5 339.8 262.7 297.1 540.9 363.7 625.9 309.5 360.6 209.6 261.9 302.8 192.7 711.6 280.0 368.7 287.7 530.3 563.9 613.5 552.2 525.1 198.5 221.5 383.1 251.5 352.8 276.3 300.7 265.9 204.7 227.4 337.1 332.4 224.9 534.6 306.8 315.0 560.4 364.4 210.4 280.0 323.0 542.5 132.8 502.3 87.4 134.1 286.0 402.8 549.4 582.7 539.8 578.3 355.1 294.6 583.5 394.6 631.3 189.6 645.9 308.9 348.5 204.4 319.2 623.8 185.1 236.4 211.5 579.1 357.6 310.3 444.8 126.8 590.7 365.6 168.2 208.5 286.7 234.5 243.4 341.3 289.2 387.1 523.7 135.8 579.2 345.6 296.1 355.2 339.6 623.6 0.0 598.1 312.7 256.5 280.6 549.8 500.5 270.8 608.3 279.9 211.3 172.8 160.8 578.2 366.4 93.0 510.1 251.1 248.0 537.2 377.7 187.9 367.3 568.1 289.0 310.0 374.8 502.6 241.5 403.8 357.9 331.3 494.4 616.5 560.8 364.9 292.5 362.3 310.0 222.1 427.4 272.5 498.4 279.4
2199.1 407.3 481.6 161.0 608.3 95.6 513.5 466.4 598.5 377.8 436.2 564.4 578.0 591.4 401.9 597.1 266.6 526.4 469.7 137.4 627.4 71.4 547.3 533.2 428.8 481.1 475.4 411.9 638.4 452.6 541.3 537.5 152.0 80.0 59.0 126.1 105.5 417.7 440.7 646.8 485.7 525.4 514.1 474.9 438.5 423.9 455.1 509.7 596.1 444.1 108.9 479.4 487.6 121.9 537.0 438.1 452.6 495.6 62.2 410.1 155.1 357.0 411.4 505.2 616.1 90.7 15.4 106.2 103.4 600.0 467.2 64.0 567.2 49.8 427.4 79.0 481.5 612.2 432.1 582.9 56.1 404.3 455.6 430.7 68.4 602.5 514.9 371.6 404.1 7.4 629.3 445.5 446.3 460.9 472.3 416.0 513.9 507.0 600.4 158.0 297.7 107.4 609.3 470.3 527.8 584.5 76.8 444.5 0.0 485.3 474.3 276.4 131.9 123.2 278.3 97.3 543.6 430.5 410.6 406.3 87.0 539.0 370.3 116.8 464.9 420.6 128.0 550.3 465.2 539.9 75.8 526.8 554.9 638.5 122.4 505.2 576.4 530.5 503.9 142.6 98.4 117.5 598.3 465.1 534.9 573.7 485.8 600.0 491.7 128.1 452.0
2331.2 224.3 134.5 571.7 176.4 641.6 109.4 151.6 166.6 219.7 179.9 102.9 116.5 130.5 270.2 111.7 398.7 94.5 47.4 599.8 195.5 684.8 177.6 53.4 241.8 197.9 9.8 214.8 770.5 85.7 55.9 76.6 589.2 622.8 672.4 611.1 584.0 202.3 135.5 214.9 188.6 121.3 195.1 56.3 82.7 152.3 293.0 105.6 137.8 175.9 593.5 58.9 91.8 619.3 51.6 251.2 103.3 73.3 601.4 259.0 561.2 284.6 220.2 158.1 154.6 608.3 641.6 598.7 637.2 139.1 71.1 642.4 163.1 690.2 186.5 704.8 38.0 180.3 300.4 124.6 682.7 254.2 120.6 196.0 638.0 141.6 54.0 503.7 253.0 649.6 171.0 186.1 172.4 70.3 152.9 140.3 28.5 83.5 138.9 582.6 208.7 638.1 177.4 60.9 123.7 123.6 682.5 344.4 657.0 0.0 116.2 339.5 608.7 559.4 329.7 667.2 84.4 145.7 187.1 287.0 637.1 86.2 271.3 569.0 152.7 144.9 596.1 64.9 210.1 85.4 627.0 157.1 94.0 206.6 561.5 112.8 172.3 93.9 78.1 553.3 675.4 619.7 136.8 73.2 116.8 115.4 132.2 195.9 184.7 557.3 33.2
2303.9 149.5 33.9 544.4 177.6 614.3 186.6 116.9 167.8 119.1 104.7 180.1 181.7 131.7 217.3 188.9 371.4 95.7 140.4 572.5 196.7 657.5 173.1 125.0 141.2 97.3 122.5 114.2 743.2 72.4 133.1 77.8 561.9 595.5 645.1 583.8 556.7 124.6 34.9 216.1 189.8 203.8 137.9 46.2 25.7 51.7 240.1 200.0 139.0 118.9 566.2 99.2 81.3 592.0 128.8 198.3 46.3 130.3 574.1 184.2 533.9 186.7 145.4 57.5 209.4 581.0 614.3 571.4 609.9 140.3 87.0 615.1 257.5 662.9 95.9 677.5 120.1 181.5 247.5 125.8 655.4 153.6 20.0 95.4 610.7 142.8 72.1 476.4 178.2 622.3 172.2 111.3 114.8 32.2 140.8 83.3 100.1 32.6 193.7 555.3 181.4 610.8 178.6 41.6 218.1 124.8 655.2 246.5 629.7 112.6 0.0 312.2 581.4 532.1 302.4 639.9 85.6 45.1 86.5 212.2 609.8 163.4 173.4 541.7 104.7 87.9 568.8 142.1 135.3 162.6 599.7 158.3 95.2 207.8 534.2 114.0 266.7 171.1 97.6 526.0 648.1 592.4 150.1 84.9 194.0 116.6 133.4 290.3 84.1 530.0 142.3
2132.2 202.6 276.9 372.7 403.6 442.6 308.8 261.7 393.8 173.1 231.5 359.7 373.3 386.7 197.2 392.4 199.7 321.7 265.0 400.8 422.7 485.8 342.6 328.5 224.1 276.4 270.7 207.2 571.5 247.9 336.6 332.8 390.2 423.8 473.4 412.1 385.0 213.0 236.0 442.1 281.0 320.7 309.4 270.2 233.8 219.2 250.4 305.0 391.4 239.4 394.5 274.7 282.9 420.3 332.3 233.4 247.9 290.9 402.4 205.4 362.2 152.3 206.7 300.5 411.4 409.3 442.6 399.7 438.2 395.3 262.5 443.4 362.5 491.2 222.7 505.8 276.8 407.5 227.4 378.2 483.7 199.6 250.9 226.0 439.0 397.8 310.2 304.7 199.4 450.6 424.6 240.8 241.6 256.2 267.6 211.3 309.2 302.3 395.7 383.6 93.0 439.1 404.6 265.6 323.1 379.8 483.5 239.8 458.0 280.6 269.6 0.0 409.7 360.4 8.5 468.2 338.9 225.8 205.9 201.6 438.1 334.3 165.6 370.0 260.2 215.9 397.1 345.6 260.5 335.2 428.0 322.1 350.2 433.8 362.5 300.5 371.7 325.8 299.2 354.3 476.4 420.7 393.6 260.4 330.2 369.0 281.1 395.3 287.0 358.3 247.3
2127.1 335.3 409.6 37.0 536.3 69.7 441.5 394.4 526.5 305.8 364.2 492.4 506.0 519.4 329.9 525.1 194.6 454.4 397.7 106.4 555.4 160.4 475.3 461.2 356.8 409.1 403.4 339.9 566.4 380.6 469.3 465.5 118.3 107.0 148.0 100.2 132.5 345.7 368.7 574.8 413.7 453.4 442.1 402.9 366.5 351.9 383.1 437.7 524.1 372.1 107.7 407.4 415.6 88.2 465.0 366.1 380.6 423.6 107.2 338.1 139.2 285.0 339.4 433.2 544.1 117.7 117.2 133.2 28.4 528.0 395.2 176.9 495.2 182.5 355.4 190.5 409.5 540.2 360.1 510.9 188.8 332.3 383.6 358.7 172.5 530.5 442.9 299.6 332.1 125.2 557.3 373.5 374.3 388.9 400.3 344.0 441.9 435.0 528.4 26.1 225.7 73.7 537.3 398.3 455.8 512.5 118.1 372.5 132.6 413.3 402.3 204.4 0.0 138.9 206.3 102.8 471.6 358.5 338.6 334.3 114.0 467.0 298.3 143.8 392.9 348.6 153.4 478.3 393.2 467.9 102.8 454.8 482.9 566.5 149.4 433.2 504.4 458.5 431.9 55.4 187.0 91.6 526.3 393.1 462.9 501.7 413.8 528.0 419.7 112.2 380.0
2117.5 325.7 400.0 79.4 526.7 98.4 431.9 384.8 516.9 296.2 354.6 482.8 496.4 509.8 320.3 515.5 185.0 444.8 388.1 56.6 545.8 141.6 465.7 451.6 347.2 399.5 393.8 330.3 556.8 371.0 459.7 455.9 119.5 68.7 129.2 67.9 90.0 336.1 359.1 565.2 404.1 443.8 432.5 393.3 356.9 342.3 373.5 428.1 514.5 362.5 50.3 397.8 406.0 149.6 455.4 356.5 371.0 414.0 58.2 328.5 36.5 275.4 329.8 423.6 534.5 48.8 98.4 94.9 144.9 518.4 385.6 138.6 485.6 163.7 345.8 171.7 399.9 530.6 350.5 501.3 170.0 322.7 374.0 349.1 134.2 520.9 433.3 290.0 322.5 106.4 547.7 363.9 364.7 379.3 390.7 334.4 432.3 425.4 518.8 90.3 216.1 153.6 527.7 388.7 446.2 502.9 190.7 362.9 113.8 403.7 392.7 194.8 116.4 0.0 196.7 182.7 462.0 348.9 329.0 324.7 93.9 457.4 288.7 75.0 383.3 339.0 52.9 468.7 383.6 458.3 78.0 445.2 473.3 556.9 67.5 423.6 494.8 448.9 422.3 61.0 168.2 76.5 516.7 383.5 453.3 492.1 404.2 518.4 410.1 14.1 370.4
2123.6 212.4 286.7 364.1 413.4 434.0 318.6 271.5 403.6 182.9 241.3 369.5 383.1 396.5 207.0 402.2 191.1 331.5 274.8 392.2 432.5 477.2 352.4 338.3 233.9 286.2 280.5 217.0 562.9 257.7 346.4 342.6 381.6 415.2 464.8 403.5 376.4 222.8 245.8 451.9 290.8 330.5 319.2 280.0 243.6 229.0 260.2 314.8 401.2 249.2 385.9 284.5 292.7 411.7 342.1 243.2 257.7 300.7 393.8 215.2 353.6 162.1 216.5 310.3 421.2 400.7 434.0 391.1 429.6 405.1 272.3 434.8 372.3 482.6 232.5 497.2 286.6 417.3 237.2 388.0 475.1 209.4 260.7 235.8 430.4 407.6 320.0 296.1 209.2 442.0 434.4 250.6 251.4 266.0 277.4 221.1 319.0 312.1 405.5 375.0 102.8 430.5 414.4 275.4 332.9 389.6 474.9 249.6 449.4 290.4 279.4 9.7 401.1 351.8 0.0 459.6 348.7 235.6 215.7 211.4 429.5 344.1 175.4 361.4 270.0 225.7 388.5 355.4 270.3 345.0 419.4 331.9 360.0 443.6 353.9 310.3 381.5 335.6 309.0 345.7 467.8 412.1 403.4 270.2 340.0 378.8 290.9 405.1 296.8 349.7 257.1
2197.1 405.3 479.6 151.7 606.3 96.8 511.5 464.4 596.5 375.8 434.2 562.4 576.0 589.4 399.9 595.1 264.6 524.4 467.7 138.6 625.4 151.0 545.3 531.2 426.8 479.1 473.4 409.9 636.4 450.6 539.3 535.5 89.8 143.5 138.6 127.3 163.1 415.7 438.7 644.8 483.7 523.4 512.1 472.9 436.5 421.9 453.1 507.7 594.1 442.1 144.2 477.4 485.6 59.7 535.0 436.1 450.6 493.6 141.8 408.1 224.3 355.0 409.4 503.2 614.1 154.2 94.9 151.7 86.2 598.0 465.2 108.0 565.2 113.3 425.4 142.5 479.5 610.2 430.1 580.9 119.6 402.3 453.6 428.7 112.4 600.5 512.9 369.6 402.1 86.9 627.3 443.5 444.3 458.9 470.3 414.0 511.9 505.0 598.4 140.8 295.7 38.7 607.3 468.3 525.8 582.5 15.3 442.5 79.5 483.3 472.3 274.4 114.7 186.7 276.3 0.0 541.6 428.5 408.6 404.3 150.5 537.0 368.3 174.4 462.9 418.6 191.5 548.3 463.2 537.9 139.3 524.8 552.9 636.5 180.0 503.2 574.4 528.5 501.9 169.7 161.9 118.7 596.3 463.1 532.9 571.7 483.8 598.0 489.7 190.5 450.0
2369.6 139.8 129.6 610.1 91.9 680.0 158.4 67.1 82.1 149.3 95.4 121.6 108.0 66.5 185.7 160.7 437.1 10.0 131.9 638.2 111.0 723.2 93.1 96.8 171.4 193.0 94.3 209.9 808.9 153.4 104.9 7.7 627.6 661.2 710.8 649.5 622.4 220.3 130.6 130.4 104.1 161.0 110.6 80.3 106.7 147.4 208.5 178.8 52.4 199.9 631.9 143.4 135.2 657.7 100.6 166.7 127.3 157.8 639.8 174.5 599.6 200.1 135.7 153.2 122.8 646.7 680.0 637.1 675.6 75.1 155.6 680.8 288.3 728.6 102.0 743.2 122.5 95.8 215.9 39.2 721.1 189.7 115.7 191.1 676.4 77.6 30.3 542.1 168.5 688.0 85.6 101.6 87.9 94.3 68.4 164.3 71.9 62.9 107.1 621.0 248.5 676.5 92.9 84.9 248.9 59.6 720.9 259.9 695.4 84.4 95.6 377.9 647.1 597.8 368.1 705.6 0.0 140.8 116.7 202.5 675.5 135.2 186.8 607.4 185.7 168.9 634.5 113.9 125.6 134.4 665.4 72.6 30.0 122.1 599.9 28.3 297.5 142.9 121.5 591.7 713.8 658.1 84.9 157.7 151.2 30.0 47.7 321.1 179.8 595.7 117.7
2272.9 120.2 51.0 513.4 222.8 583.3 229.7 87.6 213.0 89.8 75.4 223.2 226.9 176.9 188.0 232.0 340.4 140.9 183.5 541.5 241.9 626.5 143.8 168.1 111.9 114.4 165.6 73.6 712.2 115.5 176.2 123.0 530.9 564.5 614.1 552.8 525.7 79.4 10.1 261.3 169.6 246.9 108.6 89.3 68.8 6.6 210.8 243.1 184.2 105.8 535.2 142.3 124.4 561.0 171.9 169.0 89.4 173.4 543.1 154.9 502.9 141.5 116.1 74.6 254.6 550.0 583.3 540.4 578.9 185.5 130.1 584.1 300.6 631.9 66.6 646.5 163.2 226.7 218.2 171.0 624.4 108.4 25.0 92.4 579.7 188.0 117.3 445.4 148.9 591.3 217.4 82.0 85.5 75.3 111.5 126.4 143.2 77.8 238.9 524.3 189.9 579.8 223.8 84.7 261.2 170.0 624.2 201.3 598.7 155.7 45.1 281.2 550.4 501.1 271.4 608.9 130.8 0.0 57.2 182.9 578.8 206.5 128.2 510.7 132.0 131.0 537.8 185.2 106.0 205.7 568.7 166.0 140.4 253.0 503.2 126.4 309.8 214.2 140.7 495.0 617.1 561.4 195.3 128.0 237.1 161.8 107.0 333.4 101.2 499.0 185.4
2252.8 88.3 91.0 493.3 197.6 563.2 267.7 55.7 187.8 32.5 25.5 254.6 241.0 199.5 156.1 272.0 320.3 115.7 223.5 521.4 216.7 606.4 136.6 208.1 54.6 154.4 205.6 119.5 692.1 155.5 216.2 140.7 510.8 544.4 594.0 532.7 505.6 125.3 65.6 236.1 137.7 279.6 103.4 129.3 108.8 82.4 178.9 263.9 185.4 151.7 515.1 182.3 164.4 540.9 211.9 137.1 129.4 213.4 523.0 119.2 482.8 102.8 84.2 114.6 255.8 529.9 563.2 520.3 558.8 208.1 170.1 564.0 321.4 611.8 16.7 626.4 203.2 201.5 186.3 172.2 604.3 72.9 65.0 138.3 559.6 210.6 157.3 425.3 113.2 571.2 218.6 50.1 35.6 115.3 61.6 166.4 183.2 117.8 240.1 504.2 151.2 559.7 198.6 124.7 282.0 192.6 604.1 162.6 578.6 195.7 85.1 261.1 530.3 481.0 251.3 588.8 132.9 75.8 0.0 147.2 558.7 246.5 89.5 490.6 177.9 171.0 517.7 225.2 74.1 245.7 548.6 116.1 163.0 227.8 483.1 94.5 330.6 254.2 180.7 474.9 597.0 541.3 217.9 168.0 277.1 163.0 75.1 354.2 141.2 478.9 206.2
2231.7 52.6 207.0 472.2 265.4 542.1 305.5 125.3 255.6 104.6 159.5 324.2 310.6 269.1 58.4 363.3 299.2 185.3 261.7 500.3 284.5 585.3 243.4 299.4 174.2 226.5 267.4 157.3 671.0 244.6 307.5 210.3 489.7 523.3 572.9 511.6 484.5 163.1 181.6 303.9 142.2 317.4 219.4 245.3 224.8 169.3 111.6 301.7 255.0 189.5 494.0 271.4 279.6 519.8 303.2 94.6 244.6 287.6 501.9 27.9 461.7 68.7 56.7 230.6 325.4 508.8 542.1 499.2 537.7 277.7 259.2 542.9 359.2 590.7 150.7 605.3 273.5 269.3 88.6 241.8 583.2 149.7 181.0 176.1 538.5 280.2 232.9 404.2 34.0 550.1 288.2 90.8 169.6 231.3 195.6 208.0 274.5 233.8 309.7 483.1 95.2 538.6 266.4 240.7 319.8 262.2 583.0 156.2 557.5 277.3 201.1 240.0 509.2 459.9 230.2 567.7 202.5 175.9 137.4 0.0 537.6 331.0 82.0 469.5 215.7 212.6 496.6 316.5 110.5 331.9 527.5 222.9 232.6 295.6 462.0 164.1 368.4 322.5 295.9 453.8 575.9 520.2 287.5 257.1 326.9 232.6 144.7 392.0 237.1 457.8 244.0
2175.6 383.8 458.1 137.5 584.8 98.5 490.0 442.9 575.0 354.3 412.7 540.9 554.5 567.9 378.4 573.6 243.1 502.9 446.2 114.7 603.9 116.3 504.1 498.5 405.3 457.6 451.9 388.4 614.9 429.1 517.8 514.0 154.9 35.8 103.9 126.0 61.3 394.2 417.2 623.3 462.2 501.9 490.6 451.4 415.0 400.4 431.6 486.2 572.6 420.6 108.4 455.9 464.1 124.8 513.5 414.6 429.1 472.1 83.1 386.6 122.5 333.5 387.9 481.7 592.6 49.1 73.1 62.0 106.3 576.5 443.7 105.7 543.7 138.4 403.9 146.4 458.0 588.7 424.2 564.4 144.7 380.8 432.1 407.2 101.3 579.0 491.4 348.1 380.6 81.1 605.8 422.0 430.1 437.4 448.8 392.5 490.4 483.5 576.9 148.4 274.2 110.3 585.8 446.8 504.3 561.0 154.7 421.0 88.5 461.8 450.8 252.9 134.8 79.0 254.8 139.4 520.1 407.0 387.1 382.8 0.0 515.5 346.8 72.6 441.4 397.1 40.9 526.8 441.7 516.4 31.6 503.3 531.4 615.0 78.2 481.7 552.9 507.0 480.4 119.1 138.7 120.4 574.8 441.6 512.3 550.2 462.3 576.5 468.1 89.8 428.5
2395.9 273.5 183.7 636.4 225.6 706.3 23.2 200.8 215.8 268.9 229.1 98.2 111.8 150.5 319.4 83.3 463.4 143.7 112.1 664.5 244.7 749.5 226.8 102.6 291.0 247.1 74.5 264.0 835.2 150.4 78.7 125.8 653.9 687.5 737.1 675.8 648.7 251.5 184.7 243.7 237.8 59.2 244.3 105.5 131.9 201.5 342.2 43.5 157.4 225.1 658.2 123.6 141.0 684.0 32.9 300.4 152.5 138.0 666.1 308.2 625.9 333.8 269.4 207.3 149.9 673.0 706.3 663.4 701.9 188.3 135.8 707.1 153.0 754.9 235.7 769.5 102.7 229.5 349.6 170.6 747.4 303.4 169.8 245.2 702.7 139.4 103.2 568.4 302.2 714.3 167.9 235.3 221.6 119.5 202.1 189.5 77.7 132.7 134.2 647.3 273.4 702.8 226.6 110.1 113.6 157.4 747.2 393.6 721.7 64.6 165.4 404.2 673.4 624.1 394.4 731.9 133.6 194.9 236.3 336.2 701.8 0.0 320.5 633.7 210.9 194.1 660.8 20.1 259.3 0.8 691.7 206.3 143.2 255.8 626.2 162.0 162.2 7.7 127.3 618.0 740.1 684.4 132.1 137.9 68.7 164.6 181.4 185.8 233.9 622.0 97.9
2198.1 36.9 169.3 438.6 251.5 508.5 242.3 109.6 241.7 46.9 105.3 298.7 294.9 253.4 100.0 331.4 265.6 169.6 204.0 466.7 270.6 561.1 196.7 256.3 116.5 168.8 211.3 98.2 637.4 185.5 275.6 194.6 456.1 489.7 539.3 478.0 450.9 105.4 128.4 290.0 158.4 258.3 171.3 206.2 172.8 111.6 153.2 242.6 239.3 131.8 460.4 212.3 229.9 486.2 269.9 136.2 185.5 229.9 468.3 38.3 453.2 13.2 41.0 192.9 309.7 471.2 508.5 465.6 504.1 264.8 200.1 509.3 301.5 557.1 96.5 571.7 215.8 254.0 145.8 231.1 549.6 92.0 143.3 118.4 504.9 264.5 217.2 370.6 32.3 516.5 272.5 75.1 122.7 193.6 141.4 150.3 248.2 190.9 294.0 449.5 61.6 505.0 251.1 203.0 262.1 245.1 549.4 73.0 523.9 219.6 163.4 206.4 475.6 426.3 196.6 534.1 186.8 118.2 79.7 67.7 504.0 273.3 0.0 435.9 158.0 154.9 463.0 284.6 94.8 274.2 493.9 195.9 216.9 280.3 428.4 148.4 310.7 264.8 238.2 420.2 542.3 486.6 271.8 199.4 270.1 216.9 129.0 334.3 179.3 441.2 184.9
2149.3 357.5 431.8 111.2 558.5 130.2 463.7 416.6 548.7 328.0 386.4 514.6 528.2 541.6 352.1 547.3 216.8 476.6 419.9 88.4 577.6 153.1 497.5 483.4 379.0 431.3 425.6 362.1 588.6 402.8 491.5 487.7 151.3 53.7 140.7 99.7 15.0 367.9 390.9 597.0 435.9 475.6 464.3 425.1 388.7 374.1 405.3 459.9 546.3 394.3 82.1 429.6 437.8 161.6 487.2 388.3 402.8 445.8 90.0 360.3 49.8 307.2 361.6 455.4 566.3 79.3 109.9 29.6 143.1 550.2 417.4 73.3 517.4 121.1 377.6 135.7 431.7 562.4 382.3 533.1 113.6 354.5 405.8 380.9 68.9 552.7 465.1 321.8 354.3 117.9 579.5 395.7 396.5 411.1 422.5 366.2 464.1 457.2 550.6 122.1 247.9 147.1 559.5 420.5 478.0 534.7 179.0 394.7 125.3 435.5 424.5 226.6 148.2 48.0 228.5 176.2 493.8 380.7 360.8 356.5 99.6 489.2 320.5 0.0 415.1 370.8 84.7 500.5 415.4 490.1 57.9 477.0 505.1 588.7 5.5 455.4 526.6 480.7 454.1 92.8 106.3 108.3 548.5 415.3 485.1 523.9 436.0 550.2 441.9 45.9 402.2
2293.8 206.1 95.9 534.3 247.0 604.2 193.7 178.9 237.2 176.5 166.7 218.5 232.1 201.1 279.3 227.3 361.3 165.1 112.3 562.4 266.1 647.4 235.1 142.9 183.9 159.3 110.2 122.2 733.1 44.3 171.5 147.2 551.8 585.4 635.0 573.7 546.6 81.2 96.9 285.5 259.2 205.6 199.9 84.6 48.2 113.7 302.1 189.9 208.4 107.6 556.1 71.1 97.3 581.9 167.2 260.3 62.3 102.2 564.0 208.9 523.8 192.5 207.4 119.5 270.2 570.9 604.2 561.3 599.8 209.7 58.9 605.0 247.4 652.8 157.9 667.4 92.0 250.9 309.5 195.2 645.3 159.4 82.0 141.0 600.6 212.2 124.6 466.3 202.9 612.2 241.6 173.3 176.8 70.6 202.8 73.2 138.5 116.7 254.5 545.2 171.3 600.7 248.0 80.0 208.0 194.2 645.1 252.3 619.6 120.1 84.0 302.1 571.3 522.0 292.3 629.8 155.0 107.1 148.5 236.9 599.7 201.8 179.2 531.6 0.0 77.8 558.7 180.5 197.3 201.0 589.6 227.7 164.6 277.2 524.1 183.4 256.6 209.5 113.6 515.9 638.0 582.3 219.5 56.8 215.1 186.0 198.3 280.2 146.1 519.9 131.5
2270.8 189.7 100.4 511.3 251.5 581.2 170.7 183.4 241.7 160.1 171.2 221.6 235.2 205.6 262.9 231.8 338.3 169.6 126.9 539.4 270.6 624.4 239.6 147.4 167.5 163.8 132.6 105.8 710.1 66.8 176.0 151.7 528.8 562.4 612.0 550.7 523.6 57.4 101.4 290.0 263.7 182.6 204.4 89.1 52.7 118.2 306.6 166.9 212.9 31.0 533.1 93.6 101.8 558.9 171.7 264.8 66.8 124.7 541.0 192.5 500.8 176.1 193.8 124.0 273.3 547.9 581.2 538.3 576.8 214.2 81.4 582.0 224.4 629.8 162.4 644.4 114.5 255.4 293.1 199.7 622.3 143.0 86.5 124.6 577.6 216.7 129.1 443.3 186.5 589.2 246.1 177.8 181.3 75.1 207.3 4.5 143.0 121.2 257.6 522.2 148.3 577.7 252.5 84.5 185.0 198.7 622.1 235.9 596.6 142.5 88.5 279.1 548.3 499.0 269.3 606.8 159.5 111.6 153.0 220.5 576.7 196.2 162.8 508.6 79.1 0.0 535.7 185.0 201.8 197.1 566.6 232.2 169.1 281.7 501.1 187.9 233.6 187.7 118.1 492.9 615.0 559.3 224.0 79.3 192.1 190.5 202.8 257.2 150.6 496.9 109.2
2134.6 342.8 417.1 96.5 543.8 115.5 449.0 401.9 534.0 313.3 371.7 499.9 513.5 526.9 337.4 532.6 202.1 461.9 405.2 73.7 562.9 157.3 482.8 468.7 364.3 416.6 410.9 347.4 573.9 388.1 476.8 473.0 136.6 76.8 144.9 85.0 102.3 353.2 376.2 582.3 421.2 460.9 449.6 410.4 374.0 359.4 390.6 445.2 531.6 379.6 67.4 414.9 423.1 165.8 472.5 373.6 388.1 431.1 75.3 345.6 75.8 292.5 346.9 440.7 551.6 87.5 114.1 103.0 147.3 535.5 402.7 146.7 502.7 179.4 362.9 187.4 417.0 547.7 367.6 518.4 185.7 339.8 391.1 366.2 142.3 538.0 450.4 307.1 339.6 122.1 564.8 381.0 381.8 396.4 407.8 351.5 449.4 442.5 535.9 107.4 233.2 151.3 544.8 405.8 463.3 520.0 195.7 380.0 129.5 420.8 409.8 211.9 133.5 75.5 213.8 180.4 479.1 366.0 346.1 341.8 40.9 474.5 305.8 113.6 400.4 356.1 0.0 485.8 400.7 475.4 72.6 462.3 490.4 574.0 106.8 440.7 511.9 466.0 439.4 78.1 179.7 93.6 533.8 400.6 470.4 509.2 421.3 535.5 427.2 48.8 387.5
2375.7 253.3 163.5 616.2 205.4 686.1 44.4 180.6 195.6 248.7 208.9 105.5 119.1 157.8 299.2 63.1 443.2 123.5 91.9 644.3 224.5 729.3 206.6 82.4 270.8 226.9 54.3 243.8 815.0 130.2 58.5 105.6 633.7 667.3 716.9 655.6 628.5 231.3 164.5 243.9 217.6 80.5 224.1 85.3 111.7 181.3 322.0 64.8 164.7 204.9 638.0 103.4 120.8 663.8 12.7 280.2 132.3 117.8 645.9 288.0 605.7 313.6 249.2 187.1 157.2 652.8 686.1 643.2 681.7 168.1 115.6 686.9 174.3 734.7 215.5 749.3 82.5 209.3 329.4 153.6 727.2 283.2 149.6 225.0 682.5 146.7 83.0 548.2 282.0 694.1 175.2 215.1 201.4 99.3 181.9 169.3 57.5 112.5 141.5 627.1 253.2 682.6 206.4 89.9 134.9 152.6 727.0 373.4 701.5 44.4 145.2 384.0 653.2 603.9 374.2 711.7 113.4 174.7 216.1 316.0 681.6 21.2 300.3 613.5 190.7 173.9 640.6 0.0 239.1 20.4 671.5 186.1 123.0 235.6 606.0 141.8 183.5 28.9 107.1 597.8 719.9 664.2 139.4 117.7 90.0 144.4 161.2 207.1 213.7 601.8 77.7
2294.0 67.8 130.1 534.5 186.7 604.4 284.1 48.4 176.9 117.0 82.6 247.3 233.7 192.2 81.9 286.4 361.5 108.4 257.6 562.6 205.8 647.6 166.5 222.5 139.1 193.5 220.0 184.4 733.3 194.6 230.6 133.4 552.0 585.6 635.2 573.9 546.8 190.2 104.7 225.2 63.5 286.7 142.5 168.4 147.9 121.5 104.7 304.5 178.1 216.6 556.3 221.4 203.5 582.1 226.3 62.9 168.5 252.5 564.2 102.5 524.0 128.1 63.7 153.7 248.5 571.1 604.4 561.5 600.0 200.8 209.2 605.2 414.0 653.0 73.8 667.6 242.3 190.6 112.1 164.9 645.5 157.4 104.1 191.6 600.8 203.3 156.0 466.5 96.5 612.4 211.3 29.6 92.7 154.4 118.7 205.5 197.6 156.9 232.8 545.4 157.5 600.9 187.7 163.8 374.6 185.3 645.3 187.9 619.8 210.1 124.2 302.3 571.5 522.2 292.5 630.0 125.6 114.9 84.4 105.1 599.9 260.9 114.8 531.8 226.9 210.1 558.9 239.6 0.0 260.1 589.8 146.0 155.7 216.9 524.3 87.2 423.2 268.6 219.8 516.1 638.2 582.5 210.6 207.1 276.9 155.7 67.8 446.8 180.3 520.1 243.4
2395.0 272.6 182.8 635.5 224.7 705.4 24.0 199.9 214.9 268.0 228.2 99.0 112.6 151.3 318.5 82.4 462.5 142.8 111.2 663.6 243.8 748.6 225.9 101.7 290.1 246.2 73.6 263.1 834.3 149.5 77.8 124.9 653.0 686.6 736.2 674.9 647.8 250.6 183.8 244.5 236.9 60.0 243.4 104.6 131.0 200.6 341.3 44.3 158.2 224.2 657.3 122.7 140.1 683.1 32.0 299.5 151.6 137.1 665.2 307.3 625.0 332.9 268.5 206.4 150.7 672.1 705.4 662.5 701.0 187.4 134.9 706.2 153.8 754.0 234.8 768.6 101.8 228.6 348.7 171.4 746.5 302.5 168.9 244.3 701.8 140.2 102.3 567.5 301.3 713.4 168.7 234.4 220.7 118.6 201.2 188.6 76.8 131.8 135.0 646.4 272.5 701.9 225.7 109.2 114.4 158.2 746.3 392.7 720.8 63.7 164.5 403.3 672.5 623.2 393.5 731.0 132.7 194.0 235.4 335.3 700.9 0.7 319.6 632.8 210.0 193.2 659.9 19.2 258.4 0.0 690.8 205.4 142.3 254.9 625.3 161.1 163.0 8.5 126.4 617.1 739.2 683.5 132.9 137.0 69.5 163.7 180.5 186.6 233.0 621.1 97.0
2164.9 373.1 447.4 126.8 574.1 77.3 473.8 432.2 564.3 343.6 402.0 530.2 543.8 557.2 367.7 562.9 232.4 492.2 435.5 104.0 593.2 104.5 513.1 499.0 394.6 446.9 441.2 377.7 604.2 418.4 507.1 503.3 133.7 4.1 82.7 107.8 29.6 383.5 406.5 612.6 451.5 491.2 468.0 440.7 404.3 389.7 420.9 475.5 561.9 409.9 90.6 445.2 461.4 103.6 502.8 403.9 418.4 461.4 61.9 375.9 90.8 322.8 377.2 471.0 581.9 17.4 51.9 30.3 85.1 568.6 433.0 74.0 533.0 117.2 393.2 125.2 447.3 578.0 413.5 553.7 114.3 370.1 421.4 396.5 69.6 568.3 480.7 337.4 369.9 59.9 595.1 411.3 419.4 426.7 438.1 381.8 479.7 472.8 566.2 137.7 263.5 89.1 575.1 436.1 493.6 550.3 133.5 410.3 67.3 451.1 440.1 242.2 113.6 47.3 244.1 118.2 509.4 396.3 376.4 372.1 41.6 504.8 336.1 40.9 430.7 386.4 82.6 516.1 431.0 505.7 0.0 492.6 520.7 604.3 46.5 471.0 542.2 496.3 469.7 108.4 107.0 99.2 564.1 430.9 500.7 539.5 451.6 565.8 457.5 61.5 417.8
2332.2 149.8 130.0 572.7 146.9 642.6 240.7 77.1 137.1 111.9 58.0 203.9 190.3 148.8 217.6 243.0 399.7 65.0 214.2 600.8 166.0 685.8 20.5 179.1 134.0 193.4 176.6 188.5 771.5 194.5 187.2 90.0 590.2 623.8 673.4 612.1 585.0 194.3 104.6 185.4 159.1 243.3 38.0 162.6 147.8 121.4 240.4 261.1 134.7 220.7 594.5 221.3 203.4 620.3 182.9 198.6 168.4 240.1 602.4 184.5 562.2 182.2 145.7 153.6 205.1 609.3 642.6 599.7 638.2 157.4 209.1 643.4 370.6 691.2 64.6 705.8 204.8 150.8 247.8 121.5 683.7 152.3 104.0 191.5 639.0 159.9 112.6 504.7 178.5 650.6 167.9 111.6 50.5 154.3 31.0 205.4 154.2 145.2 189.4 583.6 230.6 639.1 147.9 163.7 331.2 141.9 683.5 242.0 658.0 166.7 124.1 340.5 609.7 560.4 330.7 668.2 82.2 114.8 79.3 212.5 638.1 217.5 168.9 570.0 226.8 210.0 597.1 196.2 135.6 216.7 628.0 0.0 112.3 177.1 562.5 38.3 379.8 225.2 203.8 554.3 676.4 620.7 167.2 207.0 233.5 112.3 57.7 403.4 180.2 558.3 200.0
2384.5 179.9 129.2 625.0 132.0 694.9 163.1 107.2 122.2 189.4 135.5 98.7 86.4 36.4 225.8 160.3 452.0 50.1 131.5 653.1 151.1 738.1 144.0 96.4 211.5 192.6 92.3 209.5 823.8 153.0 104.5 32.2 642.5 676.1 725.7 664.4 637.3 219.9 130.2 170.5 144.2 138.1 156.7 79.9 106.3 147.0 248.6 167.5 93.4 199.5 646.8 143.0 128.1 672.6 100.2 206.8 126.9 157.4 654.7 214.6 614.5 240.2 175.8 152.8 124.5 657.6 694.9 652.0 690.5 45.0 155.2 695.7 276.5 743.5 142.1 758.1 122.1 135.9 256.0 80.2 736.0 229.8 115.3 190.7 691.3 47.5 29.9 557.0 208.6 702.9 126.6 141.7 128.0 93.9 108.5 163.9 71.5 67.7 108.8 635.9 288.6 691.4 133.0 84.5 237.1 29.5 735.8 300.0 710.3 84.0 95.2 392.8 662.0 612.7 383.0 720.5 40.0 140.4 156.8 242.6 690.4 134.8 225.5 622.3 185.3 168.5 649.4 113.5 165.7 134.0 680.3 112.7 0.0 162.2 614.8 68.4 285.7 142.5 121.1 606.6 728.7 673.0 54.8 157.3 128.3 71.0 87.8 309.3 179.4 610.6 117.3
2460.9 231.1 228.2 701.4 78.0 771.3 256.3 158.4 47.6 240.6 186.7 169.7 156.1 165.1 248.8 259.3 528.4 88.4 230.5 729.5 9.1 814.5 184.4 178.6 262.7 291.6 192.9 308.5 900.2 252.0 203.5 106.3 718.9 752.5 802.1 740.8 713.7 318.9 229.2 93.1 167.2 209.1 201.9 178.9 205.3 246.0 271.6 238.5 143.2 298.5 723.2 242.0 233.8 749.0 199.2 229.8 225.9 256.4 731.1 265.8 690.9 291.4 227.0 251.8 170.9 738.0 771.3 728.4 766.9 176.5 254.2 772.1 347.5 819.9 193.3 834.5 221.1 21.6 279.0 137.8 812.4 281.0 214.3 289.7 767.7 176.2 128.9 633.4 259.8 779.3 101.5 192.9 179.2 192.9 159.7 262.9 170.5 161.5 155.2 712.3 324.4 767.8 79.0 183.5 308.1 158.2 812.2 351.2 786.7 183.0 194.2 469.2 738.4 689.1 459.4 796.9 98.5 239.4 208.0 272.0 766.8 233.8 276.7 698.7 284.3 267.5 725.8 212.5 193.3 233.0 756.7 163.9 128.6 0.0 691.2 119.6 356.7 241.5 220.1 683.0 805.1 749.4 183.5 256.3 198.4 128.6 139.0 380.3 278.4 704.0 216.3
2143.7 351.9 426.2 105.6 552.9 124.6 458.1 411.0 543.1 322.4 380.8 509.0 522.6 536.0 346.5 541.7 211.2 471.0 414.3 82.8 572.0 160.6 472.2 466.6 373.4 425.7 420.0 356.5 583.0 397.2 485.9 482.1 145.7 61.2 148.2 94.1 22.5 362.3 385.3 591.4 430.3 470.0 458.7 419.5 383.1 368.5 399.7 454.3 540.7 388.7 76.5 424.0 432.2 169.1 481.6 382.7 397.2 440.2 84.4 354.7 44.2 301.6 356.0 449.8 560.7 86.8 117.4 37.1 150.6 544.6 411.8 80.8 511.8 128.6 372.0 143.2 426.1 556.8 392.3 532.5 121.1 348.9 400.2 375.3 76.4 547.1 459.5 316.2 348.7 125.4 573.9 390.1 398.2 405.5 416.9 360.6 458.5 451.6 545.0 116.5 242.3 154.6 553.9 414.9 472.4 529.1 186.5 389.1 132.8 429.9 418.9 221.0 142.6 42.4 222.9 183.7 488.2 375.1 355.2 350.9 107.1 483.6 314.9 7.4 409.5 365.2 79.1 494.9 409.8 484.5 65.4 471.4 499.5 583.1 0.0 449.8 521.0 475.1 448.5 87.2 113.8 102.7 542.9 409.7 480.4 518.3 430.4 544.6 436.2 40.3 396.6
2347.7 111.4 140.5 588.2 103.0 658.1 196.8 38.8 93.2 127.4 81.5 160.0 146.4 104.9 179.2 199.1 415.2 21.1 170.3 616.3 122.1 701.3 79.2 135.2 149.5 203.9 132.7 199.0 787.0 191.8 143.3 46.1 605.7 639.3 688.9 627.6 600.5 204.8 115.1 141.5 115.2 199.4 96.7 118.7 145.1 131.9 202.0 217.2 90.8 231.2 610.0 181.8 173.6 635.8 139.0 160.2 165.7 196.2 617.9 146.1 577.7 171.7 107.3 164.1 161.2 624.8 658.1 615.2 653.7 113.5 194.0 658.9 326.7 706.7 84.2 721.3 160.9 106.9 209.4 77.6 699.2 167.8 114.5 202.0 654.5 116.0 68.7 520.2 140.1 666.1 124.0 73.2 74.0 132.7 54.5 202.7 110.3 101.3 145.5 599.1 220.1 654.6 104.0 123.3 287.3 98.0 699.0 231.5 673.5 122.8 134.0 356.0 625.2 575.9 346.2 683.7 38.3 125.3 94.8 174.1 653.6 173.6 158.4 585.5 224.1 207.3 612.6 152.3 97.2 172.8 643.5 58.7 68.4 133.2 578.0 0.0 335.9 181.3 159.9 569.8 691.9 636.2 123.3 196.1 189.6 68.4 19.4 359.5 190.7 573.8 156.1
2391.4 320.2 321.6 631.9 335.0 701.8 112.3 338.7 304.6 290.6 367.0 163.2 176.8 215.5 383.3 208.8 458.9 281.6 151.6 660.0 310.7 745.0 364.7 240.5 341.6 385.0 157.3 324.3 830.7 211.1 184.5 263.7 649.4 683.0 732.6 671.3 644.2 275.8 322.6 308.7 375.7 124.2 382.2 243.4 269.8 339.4 480.1 108.5 222.4 249.4 653.7 184.3 278.9 679.5 170.8 438.3 290.4 177.5 661.6 323.0 621.4 306.6 324.3 345.2 214.9 668.5 701.8 658.9 697.4 280.6 196.5 702.6 115.9 750.4 373.6 765.0 163.4 295.5 413.5 235.6 742.9 317.1 307.7 383.1 698.2 204.4 241.1 563.9 317.0 709.8 232.9 373.2 359.5 257.4 340.0 213.8 215.6 270.6 199.2 642.8 268.9 698.3 336.0 248.0 76.5 222.4 742.7 366.4 717.2 202.5 303.3 399.7 668.9 619.6 389.9 727.4 271.5 332.8 323.4 351.0 697.3 137.8 293.3 629.2 262.7 218.4 656.3 158.0 397.2 138.7 687.2 344.2 252.0 321.8 621.7 299.9 0.0 129.3 265.2 613.5 735.6 679.9 197.1 198.6 133.7 244.8 319.3 105.6 371.8 617.5 133.9
2390.7 282.0 192.2 631.2 234.1 701.1 15.5 209.3 224.3 277.4 237.6 90.5 104.1 142.8 327.9 91.8 458.2 152.2 120.6 659.3 238.0 744.3 235.3 111.1 299.5 255.6 83.0 272.5 830.0 158.9 87.2 134.3 648.7 682.3 731.9 670.6 643.5 260.0 193.2 236.0 246.3 51.5 252.8 114.0 140.4 210.0 350.7 35.8 149.7 233.6 653.0 132.1 149.5 678.8 41.4 308.9 161.0 146.5 660.9 316.7 620.7 342.3 277.9 215.8 142.2 667.8 701.1 658.2 696.7 196.8 144.3 701.9 145.3 749.7 244.2 764.3 111.2 222.8 358.1 162.9 742.2 311.9 178.3 253.7 697.5 131.7 111.7 563.2 310.7 709.1 160.2 243.8 230.1 128.0 210.6 198.0 86.2 141.2 126.5 642.1 268.2 697.6 235.1 118.6 105.9 149.7 742.0 402.1 716.5 73.1 173.9 399.0 668.2 618.9 389.2 726.7 142.1 203.4 244.8 344.7 696.6 8.4 329.0 628.5 219.4 202.6 655.6 28.6 267.8 9.3 686.5 214.8 151.7 249.1 621.0 170.5 154.5 0.0 135.8 612.8 734.9 679.2 124.4 146.4 61.0 172.1 189.9 178.1 242.4 616.8 106.4
2324.2 235.8 120.2 564.7 209.0 634.6 167.6 184.2 199.2 205.4 191.0 161.1 174.7 163.1 302.8 169.9 391.7 127.1 141.1 592.8 228.1 677.8 210.2 29.3 227.5 183.6 103.5 200.5 763.5 92.7 114.1 109.2 582.2 615.8 665.4 604.1 577.0 165.6 121.2 247.5 221.2 184.8 224.2 88.9 72.5 138.0 325.6 188.0 170.4 139.2 586.5 119.5 13.7 612.3 109.8 283.8 43.2 150.6 594.4 270.5 554.2 273.0 231.7 143.8 212.8 601.3 634.6 591.7 630.2 171.7 107.3 635.4 297.5 683.2 182.2 697.8 131.7 212.9 333.0 157.2 675.7 239.9 106.3 181.7 631.0 174.2 86.6 496.7 264.5 642.6 203.6 197.6 201.1 94.9 185.5 103.6 44.8 116.1 197.1 575.6 201.7 631.1 210.0 93.5 258.1 156.2 675.5 332.8 650.0 93.6 108.3 332.5 601.7 552.4 322.7 660.2 117.0 131.4 172.8 298.5 630.1 144.4 259.7 562.0 125.0 108.2 589.1 123.1 221.6 143.6 620.0 189.7 126.6 239.2 554.5 145.4 306.7 152.1 0.0 546.3 668.4 612.7 181.5 105.2 175.0 148.0 164.8 330.3 170.4 550.3 126.9
2071.7 279.9 354.2 18.4 480.9 92.8 386.1 339.0 471.1 250.4 308.8 437.0 450.6 464.0 274.5 469.7 139.2 399.0 342.3 51.0 500.0 171.9 419.9 405.8 301.4 353.7 348.0 284.5 511.0 325.2 413.9 410.1 73.7 136.5 159.5 62.3 137.3 290.3 313.3 519.4 358.3 398.0 386.7 347.5 311.1 296.5 327.7 382.3 468.7 316.7 64.6 352.0 360.2 103.8 409.6 310.7 325.2 368.2 88.5 282.7 83.8 229.6 284.0 377.8 488.7 132.4 128.7 152.0 83.8 472.6 339.8 195.7 439.8 194.0 300.0 202.0 354.1 484.8 304.7 455.5 200.3 276.9 328.2 303.3 191.3 475.1 387.5 244.2 276.7 136.7 501.9 318.1 318.9 333.5 344.9 288.6 386.5 379.6 473.0 29.3 170.3 122.6 481.9 342.9 400.4 457.1 167.0 317.1 144.1 357.9 346.9 149.0 55.4 83.5 150.9 151.7 416.2 303.1 283.2 278.9 139.0 411.6 242.9 122.3 337.5 293.2 98.0 422.9 337.8 412.5 132.3 399.4 427.5 511.1 114.8 377.8 449.0 403.1 376.5 0.0 198.5 70.9 470.9 337.7 407.5 446.3 358.4 472.6 364.3 56.8 324.6
2228.4 436.6 510.9 190.3 637.6 154.1 537.3 495.7 627.8 407.1 465.5 593.7 607.3 620.7 431.2 626.4 295.9 555.7 499.0 167.5 656.7 129.1 576.6 562.5 458.1 510.4 504.7 441.2 667.7 481.9 570.6 566.8 210.5 72.5 116.7 178.8 67.7 447.0 470.0 676.1 515.0 554.7 531.5 504.2 467.8 453.2 484.4 539.0 625.4 473.4 161.2 508.7 516.9 180.4 566.3 467.4 481.9 524.9 137.9 439.4 128.9 386.3 440.7 534.5 645.4 98.1 103.9 56.3 161.9 632.1 496.5 74.5 596.5 55.8 456.7 88.4 510.8 641.5 477.0 617.2 48.3 433.6 484.9 460.0 70.1 631.8 544.2 400.9 433.4 111.9 658.6 474.8 482.9 490.2 501.6 445.3 543.2 536.3 629.7 201.2 327.0 165.9 638.6 499.6 557.1 613.8 168.8 473.8 119.3 514.6 503.6 305.7 190.4 127.1 307.6 189.3 572.9 459.8 439.9 435.6 118.4 568.3 401.0 79.0 494.2 449.9 159.4 579.6 494.5 569.2 76.7 556.1 584.2 667.8 84.6 534.5 605.7 559.8 533.2 171.9 0.0 176.0 627.6 494.4 564.2 603.0 515.1 629.3 520.9 125.0 481.3
2107.4 315.6 389.9 69.3 516.6 21.8 421.8 374.7 506.8 286.1 344.5 472.7 486.3 499.7 310.2 505.4 174.9 434.7 378.0 19.8 535.7 145.4 455.6 441.5 337.1 389.4 383.7 320.2 546.7 360.9 449.6 445.8 109.4 92.0 133.0 8.6 117.5 326.0 349.0 555.1 394.0 433.7 422.4 383.2 346.8 332.2 363.4 418.0 504.4 352.4 80.1 387.7 395.9 101.0 445.3 346.4 360.9 403.9 92.2 318.4 99.3 265.3 319.7 413.5 524.4 102.7 102.2 118.2 82.5 508.3 375.5 161.9 475.5 167.5 335.7 175.5 389.8 520.5 340.4 491.2 173.8 312.6 363.9 339.0 157.5 510.8 423.2 279.9 312.4 110.2 537.6 353.8 354.6 369.2 380.6 324.3 422.2 415.3 508.7 80.2 206.0 86.5 517.6 378.6 436.1 492.8 117.3 352.8 117.6 393.6 382.6 184.7 106.3 99.0 186.6 115.6 451.9 338.8 318.9 314.6 99.0 447.3 278.6 128.8 373.2 328.9 113.5 458.6 373.5 448.2 87.8 435.1 463.2 546.8 130.3 413.5 484.7 438.8 412.2 50.9 172.0 0.0 506.6 373.4 443.2 482.0 394.1 508.3 400.0 72.3 360.3
2439.4 234.8 184.1 679.9 186.9 749.8 135.9 162.1 159.3 244.3 190.4 43.8 31.5 18.3 280.7 154.1 506.9 105.0 186.4 708.0 165.4 793.0 188.1 151.3 266.4 247.5 148.8 264.4 878.7 207.9 100.8 87.1 697.4 731.0 780.6 719.3 692.2 274.8 185.1 163.4 199.1 83.2 205.6 134.8 161.2 201.9 303.5 112.6 77.1 254.4 701.7 197.9 189.7 727.5 136.6 261.7 181.8 212.3 709.6 269.5 669.4 295.1 230.7 207.7 69.6 716.5 749.8 706.9 745.4 83.4 210.1 750.6 221.6 798.4 197.0 813.0 177.0 150.2 310.9 90.3 790.9 284.7 170.2 245.6 746.2 7.3 84.8 611.9 263.5 757.8 87.6 196.6 182.9 148.8 163.4 218.8 126.4 117.4 53.9 690.8 343.5 746.3 187.9 139.4 182.2 25.2 790.7 354.9 765.2 138.9 150.1 447.7 716.9 667.6 437.9 775.4 94.9 195.3 211.7 297.5 745.3 161.4 281.8 677.2 240.2 223.4 704.3 149.9 220.6 162.3 735.2 167.6 54.8 176.5 669.7 123.3 230.8 152.9 176.0 661.5 783.6 727.9 0.0 212.2 73.4 99.5 142.7 254.4 234.3 665.5 172.2
2296.6 234.3 118.7 537.1 239.7 607.0 150.8 201.7 229.9 203.9 189.5 166.2 179.8 193.8 302.1 175.0 364.1 157.8 87.3 565.2 258.8 650.2 240.9 116.7 226.0 182.1 53.3 186.5 735.9 12.4 119.2 139.9 554.6 588.2 637.8 576.5 549.4 138.0 119.7 278.2 251.9 162.7 222.7 107.4 71.0 136.5 324.9 147.0 201.1 111.6 558.9 14.2 120.1 584.7 114.9 283.1 85.1 77.2 566.8 269.0 526.6 256.8 230.2 142.3 217.9 573.7 607.0 564.1 602.6 202.4 2.1 607.8 204.5 655.6 180.7 670.2 35.2 243.6 332.3 187.9 648.1 223.7 104.8 180.2 603.4 204.9 117.3 469.1 263.0 615.0 234.3 196.1 199.6 93.4 216.2 76.0 91.8 139.5 202.2 548.0 174.1 603.5 240.7 102.8 165.1 186.9 647.9 316.6 622.4 63.2 106.8 304.9 574.1 524.8 295.1 632.6 147.7 129.9 171.3 297.0 602.5 149.5 243.5 534.4 79.4 80.6 561.5 128.2 220.1 148.7 592.4 220.4 157.3 269.9 526.9 176.1 213.7 157.2 136.4 518.7 640.8 585.1 200.1 0.0 172.2 178.7 195.5 237.3 168.9 522.7 74.6
2393.5 291.0 215.8 634.0 201.2 703.9 56.9 218.3 170.8 300.5 245.7 29.4 43.0 81.7 336.9 75.0 461.0 161.2 144.2 662.1 176.9 756.5 255.1 117.9 322.6 279.2 105.0 296.1 832.8 181.6 50.7 139.8 651.5 685.1 734.7 673.4 646.3 283.6 216.8 174.9 255.3 9.8 267.8 136.7 164.0 233.6 358.8 40.0 88.6 257.2 656.7 154.8 166.4 681.6 85.6 317.9 184.6 170.1 663.7 324.8 648.6 351.3 286.9 239.4 81.1 666.6 704.8 661.0 699.5 149.6 167.0 704.7 148.1 752.5 253.2 767.1 134.8 160.8 366.2 96.8 745.0 335.5 201.9 277.3 700.3 70.6 135.3 566.0 318.8 711.9 99.1 252.8 233.6 151.6 219.6 221.6 108.9 170.0 65.4 644.9 271.9 700.4 201.3 142.2 108.7 88.6 744.8 411.1 719.3 96.7 197.5 401.8 671.0 621.7 392.0 729.5 151.1 227.0 267.9 353.7 699.4 87.9 336.6 631.3 243.0 226.2 658.4 99.8 276.8 88.8 689.3 223.8 117.3 187.1 624.7 179.5 157.3 79.4 159.4 615.6 737.7 682.0 63.3 170.0 0.0 111.0 198.9 180.9 265.9 636.6 129.1
2405.9 179.9 150.6 646.4 132.0 716.3 179.4 107.2 122.2 189.4 135.5 91.5 77.9 87.5 225.8 181.7 473.4 50.1 152.9 674.5 133.3 759.5 133.2 117.8 211.5 214.0 115.3 230.9 845.2 174.4 125.9 28.7 663.9 697.5 747.1 685.8 658.7 241.3 151.6 131.3 144.2 130.9 150.7 101.3 127.7 168.4 248.6 160.3 22.3 220.9 668.2 164.4 156.2 694.0 121.6 206.8 148.3 178.8 676.1 214.6 635.9 240.2 175.8 174.2 92.7 683.0 716.3 673.4 711.9 96.1 176.6 717.1 269.3 764.9 142.1 779.5 143.5 118.1 256.0 9.1 757.4 229.8 136.7 212.1 712.7 98.6 51.3 578.4 208.6 724.3 55.5 141.7 128.0 115.3 108.5 185.3 92.9 83.9 77.0 657.3 288.6 712.8 133.0 105.9 229.9 80.6 757.2 300.0 731.7 105.4 116.6 414.2 683.4 634.1 404.4 741.9 40.0 161.8 156.8 242.6 711.8 156.2 226.9 643.7 206.7 189.9 670.8 134.9 165.7 155.4 701.7 112.7 51.0 144.4 636.2 68.4 278.5 163.9 142.5 628.0 750.1 694.4 105.9 178.7 121.1 0.0 87.8 302.1 200.8 632.0 138.7
2328.3 92.0 121.1 568.8 122.4 638.7 216.2 19.3 112.6 108.0 73.6 179.4 165.8 124.3 159.8 218.5 395.8 40.5 189.7 596.9 141.5 681.9 98.6 154.6 130.1 184.5 152.1 179.6 767.6 185.6 162.7 65.5 586.3 619.9 669.5 608.2 581.1 185.4 95.7 160.9 134.6 218.8 116.1 138.1 138.9 112.5 182.6 236.6 110.2 211.8 590.6 201.2 193.0 616.4 158.4 140.8 159.5 215.6 598.5 126.7 558.3 152.3 87.9 144.7 180.6 605.4 638.7 595.8 634.3 132.9 200.2 639.5 346.1 687.3 64.8 701.9 180.3 126.3 190.0 97.0 679.8 148.4 95.1 182.6 635.1 135.4 88.1 500.8 120.7 646.7 143.4 53.8 83.7 145.4 73.9 196.5 129.7 120.7 164.9 579.7 200.7 635.2 123.4 142.7 306.7 117.4 679.6 212.1 654.1 142.2 115.2 336.6 605.8 556.5 326.8 664.3 57.7 105.9 75.4 154.7 634.2 193.0 139.0 566.1 217.9 201.1 593.2 171.7 77.8 192.2 624.1 78.1 87.8 152.6 558.6 19.4 355.3 200.7 179.3 550.4 672.5 616.8 142.7 198.1 209.0 87.8 0.0 378.9 171.3 554.4 175.5
2440.7 369.5 370.9 681.2 384.3 751.1 161.6 388.0 353.9 339.9 416.3 212.5 226.1 264.8 432.6 258.1 508.2 330.9 200.9 709.3 360.0 794.3 414.0 289.8 390.9 434.3 206.6 373.6 880.0 260.4 233.8 313.0 698.7 732.3 781.9 720.6 693.5 325.1 371.9 358.0 425.0 173.5 431.5 292.7 319.1 388.7 529.4 157.8 271.7 298.7 703.0 233.6 328.2 728.8 220.1 487.6 339.7 226.8 710.9 372.3 670.7 355.9 373.6 394.5 264.2 717.8 751.1 708.2 746.7 329.9 245.8 751.9 96.2 799.7 422.9 814.3 212.7 344.8 462.8 284.9 792.2 366.4 357.0 432.4 747.5 253.7 290.4 613.2 366.3 759.1 282.2 422.5 408.8 306.7 389.3 263.1 264.9 319.9 248.5 692.1 318.2 747.6 385.3 297.3 125.8 271.7 792.0 415.7 766.5 251.8 352.6 449.0 718.2 668.9 439.2 776.7 320.8 382.1 372.7 400.3 746.6 187.1 342.6 678.5 312.0 267.7 705.6 207.3 446.5 188.0 736.5 393.5 301.3 371.1 671.0 349.2 74.0 178.6 314.5 662.8 784.9 729.2 246.4 247.9 183.0 294.1 368.6 0.0 421.1 666.8 183.2
2325.1 196.6 51.1 565.6 272.8 635.5 284.8 164.0 263.0 166.2 151.7 273.2 276.9 226.9 264.4 282.0 392.6 190.9 233.5 593.6 291.9 688.1 198.5 201.3 185.1 53.8 214.0 70.7 764.4 165.5 226.2 173.0 583.0 616.7 666.3 605.0 577.9 109.2 82.0 311.3 246.0 296.9 173.1 139.3 118.8 98.8 287.1 293.0 234.2 135.6 587.3 192.3 182.4 613.2 221.8 245.4 139.4 223.4 595.3 210.0 580.2 193.7 192.5 78.8 304.6 598.2 635.4 592.6 631.1 238.3 180.0 636.3 350.6 684.1 143.0 698.7 213.2 276.7 294.5 226.0 676.5 160.6 67.1 51.9 631.9 238.0 167.3 497.6 204.0 643.5 267.4 158.4 169.2 125.3 187.9 171.2 193.2 122.6 288.9 576.5 242.1 632.0 273.8 134.7 311.2 219.9 676.4 253.5 650.9 205.7 95.1 333.4 602.6 553.3 323.6 661.1 180.8 92.2 133.6 238.1 630.9 256.5 179.0 562.9 161.8 166.6 590.0 235.2 182.4 255.7 620.8 242.4 190.3 302.9 555.3 202.8 359.8 264.2 190.7 547.2 669.3 613.6 245.3 178.0 286.2 211.8 183.4 383.4 0.0 568.2 235.4
2103.3 311.5 385.8 65.2 512.5 84.2 412.2 370.6 502.7 282.0 364.8 468.6 482.2 495.6 306.1 501.3 195.2 430.6 373.9 42.4 531.6 136.8 431.8 426.2 333.0 385.3 381.2 316.1 542.6 356.8 445.5 441.7 105.3 92.0 115.0 53.7 80.4 321.9 344.9 551.0 389.9 429.6 406.4 403.5 342.7 328.1 383.7 413.9 500.3 348.3 36.1 408.0 399.8 135.4 441.2 342.3 356.8 399.8 44.0 314.3 52.0 261.2 315.6 409.4 520.3 71.5 108.6 95.1 130.7 507.0 371.4 138.8 471.4 149.5 331.6 157.5 385.7 516.4 376.3 492.1 155.8 308.5 359.8 334.9 134.4 506.7 419.1 275.8 308.3 92.2 533.5 349.7 357.8 365.1 376.5 320.2 442.5 406.0 504.6 76.1 201.9 139.4 513.5 374.5 432.0 488.7 176.5 348.7 99.6 389.5 378.5 180.6 102.2 26.6 182.5 168.5 447.8 334.7 314.8 310.5 104.1 443.2 275.9 65.4 369.1 324.8 38.7 454.5 369.4 444.1 112.2 431.0 459.1 542.7 57.9 409.4 480.6 434.7 408.1 46.8 178.4 62.3 502.5 369.3 440.0 477.9 390.0 504.2 395.8 0.0 380.6
2297.9 257.6 167.8 538.4 209.7 608.3 76.1 184.9 199.9 253.0 213.2 127.0 140.6 163.8 303.5 145.0 365.4 127.8 17.6 566.5 228.8 651.5 210.9 69.9 275.1 231.2 24.9 248.1 737.2 77.1 89.2 109.9 555.9 589.5 639.1 577.8 550.7 202.7 168.8 248.2 221.9 88.0 234.4 89.6 116.0 185.6 326.3 72.3 171.1 176.3 560.2 50.3 125.1 586.0 84.9 284.5 136.6 43.5 568.1 292.3 553.0 213.1 253.5 191.4 178.7 571.0 608.3 565.4 603.9 172.4 62.5 609.1 129.8 656.9 219.8 671.5 29.4 213.6 333.7 162.9 649.4 287.5 153.9 229.3 604.7 168.2 87.3 470.4 286.3 616.3 196.7 219.4 200.2 103.6 186.2 140.7 61.8 113.6 163.0 549.3 175.4 604.8 210.7 94.2 90.4 156.9 649.2 272.9 623.7 33.2 149.5 306.2 575.4 526.1 296.4 633.9 117.7 179.0 220.4 320.3 603.8 101.6 198.4 535.7 144.1 145.3 562.8 98.2 243.4 102.5 593.7 190.4 127.3 239.9 528.2 146.1 139.0 93.1 111.4 520.0 642.1 586.4 160.9 64.6 97.5 148.7 165.5 162.6 217.9 524.0 0.0
