Name		2980_BED-Amazon_n170_m279_bt37
Number_of_Customers	170
Number_of_Items		279
Number_of_ItemTypes	37
Number_of_Vehicles	1
TimeWindows		0
Dist_type	manual

VEHICLE
Mass_Capacity	1814
CargoSpace_Length	133
CargoSpace_Width	71
CargoSpace_Height	83

CUSTOMERS
i	x	y	Demand	ReadyTime	DueDate	ServiceTime	DemandedMass	DemandedVolume
0	33.688122	-117.847178	0	0	0	0	0	0
1	33.695827	-117.987551	1	0	0	0	4.7	1380
2	33.687726	-117.967712	1	0	0	0	4.7	1380
3	33.705328	-117.972609	1	0	0	0	1.9	1176
4	33.693508	-117.969963	1	0	0	0	4.7	1380
5	33.707854	-117.971174	1	0	0	0	4.7	1380
6	33.70902	-117.975341	1	0	0	0	4.7	1380
7	33.690138	-117.984991	1	0	0	0	4.7	1380
8	33.695356	-117.982803	2	0	0	0	3.71	8184
9	33.698792	-117.972217	1	0	0	0	1.75	4608
10	33.700248	-117.965279	1	0	0	0	2.5	3978
11	33.689322	-117.96899	4	0	0	0	16.66	10926
12	33.688425	-117.976896	1	0	0	0	7.3	3640
13	33.700199	-117.97485	2	0	0	0	6.32	12558
14	33.693023	-117.986199	2	0	0	0	6.6	2556
15	33.707867	-117.97041	2	0	0	0	11.3	3936
16	33.704333	-117.965938	2	0	0	0	9.2	4816
17	33.694981	-117.972964	1	0	0	0	4.7	1380
18	33.704381	-117.971059	1	0	0	0	4.7	1380
19	33.700339	-117.968962	1	0	0	0	14.15	1000
20	33.694508	-117.972188	1	0	0	0	2.5	3978
21	33.692478	-117.983408	3	0	0	0	12.0	6576
22	33.69181	-117.976736	1	0	0	0	7.3	3640
23	33.694578	-117.977006	2	0	0	0	5.4	4020
24	33.698645	-117.968326	1	0	0	0	4.7	1380
25	33.699315	-117.976731	1	0	0	0	4.7	1380
26	33.706909	-117.972626	1	0	0	0	1.9	1176
27	33.691192	-117.975087	1	0	0	0	5.29	8075
28	33.693541	-117.984122	2	0	0	0	8.52	8980
29	33.69993	-117.975791	1	0	0	0	0.7	2640
30	33.689027	-117.976901	1	0	0	0	1.75	4608
31	33.690956	-117.969872	2	0	0	0	9.36	5730
32	33.690013	-117.972958	5	0	0	0	18.21	32410
33	33.693464	-117.972463	2	0	0	0	8.23	22979
34	33.700781	-117.97583	1	0	0	0	4.7	1380
35	33.702627	-117.970641	1	0	0	0	1.59	3400
36	33.692578	-117.968806	1	0	0	0	1.85	9135
37	33.701548	-117.972898	2	0	0	0	6.45	5988
38	33.695663	-117.97459	1	0	0	0	1.75	4608
39	33.704579	-117.969063	2	0	0	0	6.45	5988
40	33.706085	-117.976666	1	0	0	0	2.15	1080
41	33.695791	-117.987081	4	0	0	0	20.48	41856
42	33.703504	-117.974185	1	0	0	0	7.3	3640
43	33.706495	-117.967953	1	0	0	0	1.9	1176
44	33.699871	-117.974321	1	0	0	0	0.7	2640
45	33.696121	-117.970022	2	0	0	0	14.2	8960
46	33.702622	-117.975531	2	0	0	0	9.49	13457
47	33.707934	-117.973336	2	0	0	0	6.85	2460
48	33.701824	-117.97451	1	0	0	0	0.7	2640
49	33.696797	-117.971017	2	0	0	0	6.6	2556
50	33.702595	-117.966787	2	0	0	0	7.71	6924
51	33.699013	-117.965264	1	0	0	0	4.84	26100
52	33.694509	-117.97621	1	0	0	0	0.7	2640
53	33.694539	-117.96881	2	0	0	0	6.6	2556
54	33.69346	-117.973191	2	0	0	0	9.8	7618
55	33.701026	-117.966487	1	0	0	0	4.7	1380
56	33.693006	-117.98317	1	0	0	0	1.75	4608
57	33.698158	-117.969988	1	0	0	0	0.7	2640
58	33.707977	-117.97619	1	0	0	0	2.15	1080
59	33.702521	-117.977079	1	0	0	0	2.55	6760
60	33.693475	-117.974155	2	0	0	0	5.4	4020
61	33.705805	-117.96792	1	0	0	0	1.9	1176
62	33.692601	-117.976041	1	0	0	0	0.7	2640
63	33.707341	-117.969159	5	0	0	0	32.76	23504
64	33.694387	-117.984025	1	0	0	0	4.7	1380
65	33.69445	-117.981913	1	0	0	0	1.75	4608
66	33.693695	-117.986752	2	0	0	0	3.2	6618
67	33.707929	-117.975229	3	0	0	0	8.14	11795
68	33.6882	-117.976027	1	0	0	0	1.9	1176
69	33.689299	-117.974856	1	0	0	0	4.7	1380
70	33.69064	-117.986172	1	0	0	0	4.7	1380
71	33.698615	-117.976244	1	0	0	0	1.9	1176
72	33.69612	-117.970593	2	0	0	0	4.5	11576
73	33.690944	-117.97597	1	0	0	0	4.7	1380
74	33.695478	-117.98296	2	0	0	0	7.45	10452
75	33.707356	-117.967977	1	0	0	0	4.8	6200
76	33.707113	-117.97333	1	0	0	0	1.75	4608
77	33.695273	-117.987989	1	0	0	0	4.7	1380
78	33.69073	-117.973898	2	0	0	0	10.1	5400
79	33.698994	-117.972218	1	0	0	0	4.7	1380
80	33.705387	-117.970174	1	0	0	0	2.5	3978
81	33.69199	-117.986189	3	0	0	0	11.7	8794
82	33.691439	-117.967802	1	0	0	0	2.52	8265
83	33.70635	-117.972382	1	0	0	0	5.29	8075
84	33.704076	-117.972835	1	0	0	0	5.98	42480
85	33.706577	-117.968859	2	0	0	0	12.0	5020
86	33.688203	-117.974354	1	0	0	0	5.98	42480
87	33.700348	-117.970028	1	0	0	0	4.2	5382
88	33.696227	-117.986267	3	0	0	0	7.3	5196
89	33.707706	-117.972397	1	0	0	0	4.7	1380
90	33.696958	-117.974582	1	0	0	0	0.7	2640
91	33.703867	-117.968184	1	0	0	0	4.7	1380
92	33.704676	-117.971965	1	0	0	0	7.3	3640
93	33.706896	-117.976592	1	0	0	0	4.7	1380
94	33.706892	-117.975862	1	0	0	0	7.3	3640
95	33.699767	-117.970024	1	0	0	0	2.15	1080
96	33.694545	-117.968399	1	0	0	0	2.55	6760
97	33.699109	-117.973943	2	0	0	0	8.3	13619
98	33.702183	-117.97651	1	0	0	0	3.01	5544
99	33.704051	-117.965051	1	0	0	0	1.9	1176
100	33.687448	-117.976024	2	0	0	0	5.4	4020
101	33.693461	-117.973012	1	0	0	0	2.75	9072
102	33.706899	-117.975084	1	0	0	0	4.7	1380
103	33.693959	-117.984704	1	0	0	0	3.01	5544
104	33.690138	-117.968846	4	0	0	0	20.63	31084
105	33.703596	-117.970625	2	0	0	0	6.85	2460
106	33.69815	-117.968948	1	0	0	0	4.7	1380
107	33.703499	-117.974837	4	0	0	0	22.48	32820
108	33.707299	-117.973333	1	0	0	0	0.7	2640
109	33.704078	-117.971953	2	0	0	0	3.7	3696
110	33.703238	-117.965045	5	0	0	0	21.7	34788
111	33.701999	-117.97554	1	0	0	0	1.9	1176
112	33.700352	-117.973555	1	0	0	0	1.8	2520
113	33.689317	-117.973224	3	0	0	0	5.61	9360
114	33.695309	-117.970993	1	0	0	0	1.75	4608
115	33.690128	-117.984991	2	0	0	0	4.3	6498
116	33.690648	-117.984516	2	0	0	0	2.6	9136
117	33.694754	-117.972153	5	0	0	0	14.74	14351
118	33.688578	-117.967721	2	0	0	0	6.6	2556
119	33.699861	-117.974011	1	0	0	0	4.7	1380
120	33.698609	-117.977152	1	0	0	0	5.29	8075
121	33.692954	-117.970913	1	0	0	0	1.75	4608
122	33.694481	-117.972852	1	0	0	0	4.66	4350
123	33.694518	-117.970989	1	0	0	0	4.7	1380
124	33.707277	-117.975228	1	0	0	0	0.7	2640
125	33.705305	-117.974451	5	0	0	0	21.79	24671
126	33.70066	-117.966862	2	0	0	0	11.95	9520
127	33.687128	-117.974341	1	0	0	0	4.7	1380
128	33.692839	-117.974189	1	0	0	0	4.7	1380
129	33.700171	-117.968104	1	0	0	0	4.7	1380
130	33.697283	-117.973805	3	0	0	0	13.8	15680
131	33.699705	-117.965836	1	0	0	0	14.1	4140
132	33.694325	-117.985554	1	0	0	0	5.25	18480
133	33.69445	-117.981074	2	0	0	0	5.4	4020
134	33.699942	-117.971245	2	0	0	0	8.14	18480
135	33.694801	-117.98188	1	0	0	0	1.9	1176
136	33.703129	-117.968628	2	0	0	0	4.91	6720
137	33.700921	-117.967949	1	0	0	0	4.7	1380
138	33.703712	-117.97283	2	0	0	0	4.7	7840
139	33.705998	-117.971076	1	0	0	0	1.8	2520
140	33.699964	-117.9715	2	0	0	0	2.2	11920
141	33.689997	-117.974843	1	0	0	0	1.9	1176
142	33.688588	-117.972529	1	0	0	0	4.2	5382
143	33.69721	-117.972186	1	0	0	0	3.5	9216
144	33.70359	-117.970229	1	0	0	0	7.3	3640
145	33.689683	-117.970802	1	0	0	0	0.7	2640
146	33.692575	-117.970015	1	0	0	0	4.7	1380
147	33.69312	-117.967822	1	0	0	0	4.7	1380
148	33.704232	-117.969062	1	0	0	0	1.9	1176
149	33.694512	-117.974598	2	0	0	0	3.45	11712
150	33.696509	-117.987862	1	0	0	0	0.7	2640
151	33.70591	-117.969058	2	0	0	0	2.85	3720
152	33.689816	-117.976048	3	0	0	0	5.8	6864
153	33.692501	-117.970906	1	0	0	0	2.75	9072
154	33.709019	-117.975692	1	0	0	0	0.7	2640
155	33.687796	-117.976888	1	0	0	0	1.9	1176
156	33.702641	-117.972046	2	0	0	0	5.4	4020
157	33.707174	-117.970138	2	0	0	0	14.8	6780
158	33.70072	-117.9655	1	0	0	0	1.9	1176
159	33.693522	-117.969127	1	0	0	0	0.7	2640
160	33.691587	-117.975094	1	0	0	0	2.52	8265
161	33.702103	-117.965182	1	0	0	0	3.01	5544
162	33.690014	-117.972547	1	0	0	0	1.8	2520
163	33.6955	-117.983458	1	0	0	0	3.01	5544
164	33.70542	-117.96802	1	0	0	0	1.9	1176
165	33.699601	-117.965271	1	0	0	0	4.7	1380
166	33.693645	-117.975152	1	0	0	0	2.5	3978
167	33.690723	-117.974623	1	0	0	0	4.7	1380
168	33.703219	-117.965923	3	0	0	0	14.08	11260
169	33.700897	-117.97004	1	0	0	0	2.15	1080
170	33.702638	-117.965916	3	0	0	0	7.3	5196

ITEMS
Type	Length	Width	Height	Mass	Fragility	LoadBearingStrength
Bt1	10	10	10	14.15	1	0
Bt2	18	12	5	2.15	1	0
Bt3	21	14	4	1.9	1	0
Bt4	23	15	4	4.7	1	0
Bt5	20	18	7	1.8	1	0
Bt6	15	11	16	0.7	1	0
Bt7	34	10	10	1.59	1	0
Bt8	20	14	13	7.3	1	0
Bt9	17	13	18	2.5	1	0
Bt10	29	15	10	4.66	1	0
Bt11	24	12	16	1.75	1	0
Bt12	23	18	13	4.2	1	0
Bt13	40	15	9	4.21	1	0
Bt14	28	22	9	3.01	1	0
Bt15	31	20	10	4.8	1	0
Bt16	30	16	13	2.08	1	0
Bt17	29	16	14	1.9	1	0
Bt18	26	20	13	2.55	1	0
Bt19	40	19	10	3.82	1	0
Bt20	48	20	8	5.11	1	0
Bt21	25	19	17	5.29	1	0
Bt22	29	19	15	2.52	1	0
Bt23	22	15	26	3.816	1	0
Bt24	28	18	18	2.75	1	0
Bt25	29	21	15	1.85	1	0
Bt26	29	20	16	1.5	1	0
Bt27	40	20	13	2.6	1	0
Bt28	29	24	15	4.26	1	0
Bt29	30	29	15	2.42	1	0
Bt30	27	23	24	2.94	1	0
Bt31	39	27	16	7.63	1	0
Bt32	57	15	20	3.44	1	0
Bt33	33	20	28	5.25	1	0
Bt34	41	20	29	3.42	1	0
Bt35	38	30	22	12.4	1	0
Bt36	56	23	24	7.37	1	0
Bt37	59	40	18	5.982	1	0

DEMANDS PER CUSTOMER
i	Type Quantity
1	Bt4 1	
2	Bt4 1	
3	Bt3 1	
4	Bt4 1	
5	Bt4 1	
6	Bt4 1	
7	Bt4 1	
8	Bt6 1	Bt14 1	
9	Bt11 1	
10	Bt9 1	
11	Bt6 1	Bt3 1	Bt4 2	Bt10 1	
12	Bt8 1	
13	Bt9 1	Bt23 1	
14	Bt3 1	Bt4 1	
15	Bt3 1	Bt4 2	
16	Bt8 1	Bt3 1	
17	Bt4 1	
18	Bt4 1	
19	Bt1 1	
20	Bt9 1	
21	Bt4 2	Bt3 1	Bt6 1	
22	Bt8 1	
23	Bt4 1	Bt6 1	
24	Bt4 1	
25	Bt4 1	
26	Bt3 1	
27	Bt21 1	
28	Bt4 1	Bt19 1	
29	Bt6 1	
30	Bt11 1	
31	Bt10 1	Bt4 1	
32	Bt28 1	Bt9 1	Bt6 2	Bt8 1	Bt24 1	
33	Bt21 1	Bt30 1	
34	Bt4 1	
35	Bt7 1	
36	Bt25 1	
37	Bt11 1	Bt4 1	
38	Bt11 1	
39	Bt11 1	Bt4 1	
40	Bt2 1	
41	Bt6 1	Bt4 2	Bt14 1	Bt36 1	
42	Bt8 1	
43	Bt3 1	
44	Bt6 1	
45	Bt15 1	Bt4 2	
46	Bt21 1	Bt12 1	
47	Bt4 1	Bt2 1	
48	Bt6 1	
49	Bt3 1	Bt4 1	
50	Bt4 1	Bt14 1	
51	Bt29 2	
52	Bt6 1	
53	Bt3 1	Bt4 1	
54	Bt9 1	Bt8 1	
55	Bt4 1	
56	Bt11 1	
57	Bt6 1	
58	Bt2 1	
59	Bt18 1	
60	Bt6 1	Bt4 1	
61	Bt3 1	
62	Bt6 1	
63	Bt4 2	Bt8 2	Bt11 1	Bt3 1	Bt20 1	
64	Bt4 1	
65	Bt11 1	
66	Bt6 1	Bt9 1	
67	Bt6 1	Bt2 1	Bt21 1	
68	Bt3 1	
69	Bt4 1	
70	Bt4 1	
71	Bt3 1	
72	Bt3 1	Bt27 1	
73	Bt4 1	
74	Bt4 1	Bt24 1	
75	Bt15 1	
76	Bt11 1	
77	Bt4 1	
78	Bt4 2	Bt6 1	
79	Bt4 1	
80	Bt9 1	
81	Bt3 1	Bt8 1	Bt9 1	
82	Bt22 1	
83	Bt21 1	
84	Bt37 1	
85	Bt8 1	Bt4 1	
86	Bt37 1	
87	Bt12 1	
88	Bt3 1	Bt6 1	Bt4 1	
89	Bt4 1	
90	Bt6 1	
91	Bt4 1	
92	Bt8 1	
93	Bt4 1	
94	Bt8 1	
95	Bt2 1	
96	Bt18 1	
97	Bt14 1	Bt21 1	
98	Bt14 1	
99	Bt3 1	
100	Bt4 1	Bt6 1	
101	Bt24 1	
102	Bt4 1	
103	Bt14 1	
104	Bt9 2	Bt31 1	Bt8 1	Bt6 1	
105	Bt2 1	Bt4 1	
106	Bt4 1	
107	Bt1 1	Bt13 1	Bt34 1	Bt6 1	
108	Bt6 1	
109	Bt5 1	Bt3 1	
110	Bt4 1	Bt35 1	Bt6 1	Bt11 1	Bt2 1	
111	Bt3 1	
112	Bt5 1	
113	Bt14 1	Bt3 1	Bt6 1	
114	Bt11 1	
115	Bt9 1	Bt5 1	
116	Bt17 1	Bt6 1	
117	Bt4 1	Bt21 1	Bt6 1	Bt3 1	Bt2 1	
118	Bt4 1	Bt3 1	
119	Bt4 1	
120	Bt21 1	
121	Bt11 1	
122	Bt10 1	
123	Bt4 1	
124	Bt6 1	
125	Bt4 1	Bt3 1	Bt21 1	Bt27 1	Bt8 1	
126	Bt4 2	Bt18 1	
127	Bt4 1	
128	Bt4 1	
129	Bt4 1	
130	Bt27 1	Bt5 1	Bt4 2	
131	Bt4 3	
132	Bt33 1	
133	Bt4 1	Bt6 1	
134	Bt32 1	Bt4 1	
135	Bt3 1	
136	Bt3 1	Bt14 1	
137	Bt4 1	
138	Bt18 1	Bt2 1	
139	Bt5 1	
140	Bt6 1	Bt26 1	
141	Bt3 1	
142	Bt12 1	
143	Bt11 2	
144	Bt8 1	
145	Bt6 1	
146	Bt4 1	
147	Bt4 1	
148	Bt3 1	
149	Bt24 1	Bt6 1	
150	Bt6 1	
151	Bt2 1	Bt6 1	
152	Bt2 1	Bt11 1	Bt3 1	
153	Bt24 1	
154	Bt6 1	
155	Bt3 1	
156	Bt4 1	Bt6 1	
157	Bt6 1	Bt4 3	
158	Bt3 1	
159	Bt6 1	
160	Bt22 1	
161	Bt14 1	
162	Bt5 1	
163	Bt14 1	
164	Bt3 1	
165	Bt4 1	
166	Bt9 1	
167	Bt4 1	
168	Bt4 1	Bt8 1	Bt16 1	
169	Bt2 1	
170	Bt6 1	Bt4 1	Bt3 1	

DISTANCE MATRIX
0.0 1438.9 1322.3 1139.0 1249.3 1135.6 1145.4 1469.8 1398.6 1234.7 1199.0 1383.8 1410.6 1217.8 1414.3 1080.9 1161.4 1305.6 1235.9 1138.5 1273.8 1425.1 1405.8 1294.5 1192.0 1290.9 1181.8 1376.2 1469.2 1252.8 1397.3 1331.2 1308.1 1330.4 1223.6 1160.6 1244.7 1166.0 1293.8 1154.9 1218.5 1437.7 1174.4 1125.4 1232.7 1313.8 1244.2 1224.5 1211.1 1237.4 1105.6 1235.0 1324.4 1229.6 1314.2 1122.2 1400.6 1199.5 1204.3 1240.6 1337.1 1211.3 1343.4 1139.6 1394.5 1388.8 1434.0 1204.2 1434.5 1377.0 1466.7 1293.2 1297.9 1387.2 1421.5 1109.0 1201.1 1480.6 1347.2 1226.6 1219.8 1471.9 1288.1 1155.6 1179.7 1152.6 1417.0 1151.0 1429.7 1191.2 1312.5 1170.7 1180.4 1179.1 1169.3 1163.8 1225.2 1233.1 1205.3 1184.8 1448.1 1318.2 1159.7 1363.9 1387.6 1201.8 1172.7 1182.7 1206.4 1164.5 1177.0 1233.4 1202.2 1348.3 1269.2 1470.3 1421.4 1269.0 1335.9 1225.8 1313.4 1279.6 1283.8 1253.0 1178.5 1172.2 1143.6 1445.6 1347.4 1176.4 1298.3 1184.3 1382.0 1370.2 1207.5 1388.1 1147.3 1168.3 1168.6 1238.4 1200.5 1331.6 1346.1 1272.9 1207.3 1329.2 1258.1 1292.5 1149.8 1275.5 1481.1 1182.8 1369.1 1284.1 1154.4 1424.6 1156.0 1114.0 1148.1 1234.6 1382.5 1125.5 1303.6 1435.4 1189.1 1220.3 1394.4 1358.5 1157.0 1138.8 1137.9
1319.8 0.0 408.0 456.7 305.0 459.1 447.6 207.7 165.1 404.9 489.0 375.5 326.1 322.1 103.4 487.3 462.0 342.2 435.1 378.7 323.5 180.0 326.3 209.6 432.2 395.2 476.2 329.5 195.1 357.1 312.8 386.9 307.0 326.0 327.9 396.0 300.4 383.2 243.4 421.8 385.7 31.1 374.3 490.2 357.6 370.7 376.2 510.6 416.3 319.4 406.2 525.0 241.7 323.5 309.8 412.2 155.5 420.5 498.1 351.8 293.0 478.2 238.5 570.9 161.0 189.3 123.1 498.0 354.0 370.7 155.8 397.5 354.8 338.6 188.0 540.3 487.2 53.1 319.9 396.8 419.0 161.0 343.8 492.4 422.3 531.7 355.2 372.0 39.4 520.5 262.1 437.6 448.8 419.2 463.1 384.8 319.1 371.8 316.5 485.4 367.6 313.8 453.5 95.1 355.1 401.0 412.9 366.0 492.5 432.9 477.6 387.5 327.1 347.2 342.2 208.2 159.0 329.0 399.4 350.7 417.7 335.3 314.2 346.9 472.3 461.6 433.6 383.8 282.0 416.6 305.2 474.3 90.0 170.7 324.6 188.6 414.2 408.5 411.2 437.6 317.6 329.3 345.0 443.1 406.5 324.8 313.8 348.2 416.7 225.1 42.1 449.7 328.6 339.8 456.6 340.1 430.8 446.1 438.1 290.3 335.8 426.1 302.5 201.9 456.0 510.3 289.5 311.8 457.6 359.8 438.5
1251.8 393.2 0.0 335.8 173.1 373.1 423.7 356.2 352.9 280.4 421.0 61.4 265.4 318.5 453.2 377.7 394.0 294.8 349.1 292.3 263.0 385.5 285.1 248.8 283.5 381.7 378.6 229.1 392.0 351.7 275.8 126.3 160.4 236.7 360.2 310.0 160.0 297.2 248.1 366.7 415.3 392.0 340.7 435.1 363.9 291.8 375.4 421.3 342.3 240.5 338.2 457.0 278.7 262.6 220.5 344.2 420.5 261.4 454.6 371.8 234.4 423.1 257.6 463.5 348.8 343.1 472.9 454.5 206.2 226.3 505.6 360.4 275.9 240.1 375.8 432.9 397.9 434.9 199.5 272.3 333.0 510.8 176.7 352.4 346.0 476.5 188.7 304.0 384.0 388.0 266.8 382.5 346.7 429.4 419.6 297.1 258.2 278.8 336.5 417.4 219.8 224.5 410.0 318.2 65.2 315.0 258.1 349.0 403.2 330.8 409.6 364.6 333.4 200.6 263.3 356.7 307.8 258.2 13.6 357.0 380.6 139.0 273.0 275.4 428.8 369.0 365.6 217.3 223.4 314.5 309.9 406.3 336.3 324.5 245.7 342.4 359.1 330.0 334.9 351.6 238.7 183.9 199.1 262.1 320.5 102.1 146.6 200.9 361.6 229.8 435.4 394.6 207.3 130.6 432.7 254.5 340.6 360.1 370.1 190.5 235.4 358.1 155.9 389.7 400.9 442.3 275.5 211.4 389.6 291.8 370.5
1082.2 363.3 330.5 0.0 238.7 108.4 175.2 402.4 323.0 149.3 251.4 291.2 325.2 187.4 338.7 113.0 224.4 220.2 115.9 141.1 188.4 349.5 320.4 218.9 194.6 223.5 58.8 290.8 393.6 185.4 311.9 260.4 222.7 245.0 156.2 98.6 234.1 98.6 218.2 184.2 79.4 362.1 79.7 184.6 165.3 213.3 126.9 101.5 133.2 162.0 168.6 287.4 248.8 238.8 228.8 174.6 325.0 182.9 134.8 164.0 251.7 196.6 294.3 198.8 318.9 313.2 358.4 134.7 309.1 291.6 391.1 270.0 197.4 301.8 345.9 168.2 78.1 405.0 261.8 141.2 50.3 396.3 277.5 32.6 85.0 211.8 308.8 134.4 354.1 68.2 230.0 200.0 85.7 109.6 99.8 147.2 243.9 147.7 137.9 247.8 322.7 232.8 90.2 288.3 270.8 81.8 175.3 88.0 83.4 69.8 240.0 138.2 134.8 262.9 184.8 402.9 354.0 183.6 315.1 158.4 290.2 269.0 198.4 196.9 109.0 33.1 196.0 337.4 262.0 179.0 212.9 236.7 306.4 294.6 122.1 312.5 176.6 170.9 73.9 68.9 115.1 246.2 260.7 187.5 87.3 240.5 247.5 281.9 179.1 199.9 405.5 242.8 283.7 264.7 184.2 339.2 61.3 95.4 200.5 224.0 297.1 188.5 218.2 359.8 208.7 272.7 312.2 273.1 220.0 122.2 200.9
1124.7 308.7 183.7 308.7 0.0 346.0 396.6 351.6 268.4 253.3 393.9 144.4 249.0 291.4 284.1 350.6 366.9 262.4 322.0 265.2 235.9 294.9 244.2 164.3 256.4 297.2 351.5 215.2 339.0 267.2 235.7 101.6 146.5 209.6 298.5 282.9 51.9 270.1 163.6 339.6 388.2 307.5 313.6 408.0 336.8 201.8 348.3 394.2 315.2 213.4 311.1 429.9 194.2 117.6 193.4 317.1 270.4 234.3 427.5 344.7 216.3 396.0 243.7 436.4 264.3 258.6 303.8 427.4 232.9 215.4 336.5 275.9 185.9 226.2 291.3 405.8 370.8 350.4 185.6 245.2 305.9 341.7 95.3 325.3 318.9 449.4 232.6 276.9 299.5 360.9 182.3 355.4 319.6 402.3 392.5 270.0 113.2 251.7 309.4 390.3 246.5 197.4 382.9 233.7 124.0 287.9 231.0 321.9 376.1 303.7 382.5 337.5 306.3 186.7 157.2 352.1 302.9 231.1 168.3 329.9 296.1 40.5 234.4 141.0 401.7 341.9 338.5 261.2 209.5 287.4 225.4 379.2 251.8 240.0 218.6 257.9 332.0 302.9 307.8 324.5 211.6 170.0 184.5 235.0 293.4 93.7 65.3 99.7 334.5 145.3 350.9 367.5 207.5 48.6 405.6 263.0 313.5 333.0 343.0 17.4 221.5 331.0 142.0 305.2 373.8 415.2 261.6 197.5 362.5 264.7 343.4
1089.5 406.8 374.0 87.8 282.2 0.0 143.2 445.9 366.5 192.8 294.9 334.7 368.7 230.9 382.2 68.7 266.4 263.7 159.4 184.6 231.9 393.0 363.9 262.4 238.1 267.0 130.6 334.3 437.1 228.9 355.4 303.9 266.2 288.5 199.7 142.1 277.6 142.1 261.7 207.9 167.3 405.6 123.2 140.3 208.8 256.8 170.4 173.3 176.7 205.5 255.3 330.9 292.3 282.3 272.3 218.1 368.5 226.4 206.6 207.5 295.2 152.3 337.8 154.5 362.4 356.7 401.9 206.5 352.6 335.1 434.6 313.5 240.9 345.3 389.4 123.9 149.9 448.5 305.3 184.7 111.8 439.8 321.0 104.4 128.5 167.5 352.3 177.9 397.6 140.0 273.5 256.2 129.2 181.4 171.6 190.7 287.4 191.2 181.4 289.8 366.2 276.3 162.0 331.8 314.3 125.3 218.8 131.5 155.2 113.3 313.0 181.7 178.3 306.4 228.3 446.4 397.5 227.1 358.6 201.9 333.7 312.5 241.9 240.4 180.8 121.0 239.5 380.9 305.5 222.5 256.4 280.2 349.9 338.1 165.6 356.0 254.8 214.4 117.4 130.4 158.6 289.7 304.2 231.0 130.8 284.0 291.0 325.4 213.0 243.4 449.0 198.5 327.2 308.2 152.2 382.7 104.8 51.1 244.0 267.5 340.6 300.7 261.7 403.3 164.4 316.2 355.7 316.6 285.1 165.7 304.2
1166.5 398.3 430.0 143.8 338.2 182.3 0.0 431.1 358.0 248.8 350.9 390.7 424.7 286.9 373.7 127.6 292.9 319.7 215.4 240.6 287.9 384.5 419.9 318.4 294.1 323.0 116.5 390.3 466.9 284.9 411.4 359.9 322.2 344.5 255.7 198.1 333.6 198.1 317.7 264.6 151.9 397.1 179.2 197.0 264.8 312.8 226.4 150.9 232.7 261.5 281.8 386.9 348.3 338.3 328.3 274.1 360.0 282.4 138.4 263.5 351.2 209.0 393.8 211.2 353.9 348.2 393.4 138.3 408.6 391.1 426.1 369.5 296.9 401.3 380.9 180.6 127.5 440.0 361.3 240.7 209.7 431.3 377.0 132.7 184.5 224.2 408.3 233.9 389.1 160.8 329.5 312.9 185.2 113.2 103.4 246.7 343.4 247.2 237.4 316.3 422.2 332.3 93.8 323.3 370.3 181.3 274.8 187.5 132.8 169.3 339.5 237.7 234.3 362.4 284.3 431.6 382.7 283.1 414.6 257.9 389.7 368.5 297.9 296.4 112.6 177.0 295.5 436.9 361.5 278.5 312.4 336.2 341.4 329.6 221.6 347.5 311.5 270.4 173.4 228.3 214.6 345.7 360.2 287.0 186.8 340.0 347.0 381.4 269.7 299.4 440.5 255.2 383.2 364.2 8.9 438.7 160.8 160.7 300.0 323.5 396.6 327.2 317.7 394.8 221.1 372.2 411.7 372.6 311.6 221.7 330.7
1333.7 207.4 339.4 452.6 327.6 474.6 449.8 0.0 187.7 418.8 502.9 400.9 348.7 336.0 182.8 489.5 475.9 364.8 450.6 392.6 346.1 128.1 348.9 232.2 385.0 408.9 465.9 352.1 134.6 371.0 335.4 409.5 329.6 348.6 341.8 411.5 323.0 398.7 266.0 435.7 381.6 206.2 388.2 504.1 371.5 393.3 390.1 500.3 430.2 342.0 420.1 538.9 264.3 346.1 332.4 426.1 163.1 362.9 462.2 365.7 315.6 492.1 261.1 573.1 183.6 211.9 202.5 484.9 304.1 324.2 235.2 387.6 377.4 361.2 210.6 542.5 476.9 249.1 342.5 410.7 434.5 240.4 366.4 482.1 436.2 586.1 286.6 385.9 198.2 510.2 284.7 451.5 462.7 415.1 424.9 398.7 341.7 385.7 330.4 499.3 317.7 336.4 434.5 132.4 377.7 416.5 359.6 379.9 482.2 446.8 491.5 401.4 341.0 369.8 364.8 0.5 50.4 351.6 353.0 364.6 407.8 357.9 336.8 369.5 459.2 457.5 447.5 315.2 304.6 430.5 327.8 488.2 150.5 193.3 347.2 211.2 428.1 422.4 425.1 453.1 340.2 351.9 297.0 402.2 422.0 347.4 336.4 370.8 430.6 247.7 249.6 463.6 305.2 362.4 458.8 362.7 444.7 461.6 452.0 312.9 358.4 440.0 325.1 224.5 469.9 524.2 312.1 334.4 471.5 373.7 452.4
1287.4 142.2 364.8 407.3 261.8 408.8 490.4 185.1 0.0 335.2 456.7 332.3 282.9 290.7 117.6 411.9 426.8 299.0 384.8 328.0 280.3 136.8 283.1 166.4 319.2 333.8 420.6 286.3 172.5 303.8 269.6 343.7 263.8 282.8 296.5 345.7 257.2 332.9 200.2 402.4 336.3 146.3 342.9 470.8 326.2 327.5 344.8 455.0 378.0 276.2 373.9 492.7 198.5 280.3 266.6 379.9 112.3 297.1 416.9 320.4 249.8 458.8 195.3 499.2 49.2 146.1 137.3 435.6 310.8 327.5 170.0 312.5 316.2 295.4 22.8 468.6 431.6 183.9 282.7 327.1 368.7 133.5 300.6 388.1 381.7 512.2 312.0 339.7 154.5 464.9 218.9 418.2 382.4 369.8 379.6 332.8 275.9 328.2 285.1 453.1 324.4 270.6 389.2 67.2 311.9 348.3 293.8 334.6 436.9 366.5 445.3 356.1 295.7 304.0 299.0 185.6 136.4 285.2 356.2 319.3 332.7 292.1 271.0 303.7 413.9 384.0 401.3 340.6 238.8 350.2 262.0 442.0 85.3 132.5 281.4 145.4 394.8 365.7 370.6 387.3 274.4 286.1 301.8 336.4 356.2 281.6 270.6 305.0 397.3 187.9 184.4 430.3 282.4 296.6 499.4 296.9 376.3 395.8 405.8 247.1 292.6 393.8 259.3 36.7 436.6 478.0 246.3 268.6 421.8 327.5 410.2
1074.6 290.6 257.8 158.6 166.0 195.9 246.5 333.5 250.3 0.0 243.8 218.5 252.5 88.3 266.0 200.5 216.8 147.5 171.9 133.5 115.7 276.8 247.7 146.2 132.3 192.2 201.4 218.1 320.9 159.2 239.2 187.7 150.0 172.3 130.0 132.8 161.4 120.0 145.5 215.5 238.1 289.4 163.5 272.1 181.3 140.6 219.5 244.1 165.1 89.3 161.0 279.8 176.1 166.1 156.1 167.0 252.3 110.2 277.4 195.1 179.0 271.9 221.6 286.3 246.2 240.5 285.7 277.3 236.4 218.9 318.4 170.9 124.7 229.1 273.2 255.7 220.7 332.3 189.1 4.7 155.8 323.6 204.8 175.2 168.8 299.3 236.1 126.8 281.4 210.8 130.9 231.3 169.5 252.2 242.4 139.6 171.2 48.6 159.8 240.2 250.0 160.1 232.8 215.6 198.1 137.8 106.9 209.3 226.0 153.6 232.4 230.8 150.8 190.2 112.1 334.0 284.8 110.9 242.4 174.4 191.1 196.3 125.7 124.2 251.6 191.8 188.4 264.7 189.3 163.3 113.8 229.1 233.7 221.9 68.5 239.8 207.9 163.3 157.7 174.4 61.5 173.5 188.0 114.8 143.3 167.8 174.8 209.2 210.4 127.2 332.8 243.4 211.0 192.0 255.5 266.5 163.4 182.9 192.9 151.3 224.4 180.9 145.5 287.1 249.7 265.1 239.5 200.4 212.4 114.6 193.3
1028.0 518.3 392.2 247.9 328.7 285.2 335.8 495.1 478.0 260.0 0.0 453.7 435.9 243.1 493.7 289.8 186.7 330.9 261.2 163.8 299.1 504.5 431.1 373.9 217.3 316.2 290.7 401.5 548.6 278.1 422.6 410.6 333.4 355.7 248.9 185.9 324.1 191.3 373.2 180.2 327.4 517.1 288.4 248.6 258.0 393.2 269.5 333.4 236.4 262.7 130.9 30.8 403.8 309.0 339.5 96.6 480.0 224.8 366.7 265.9 362.4 236.6 422.8 304.7 473.9 468.2 513.4 366.6 504.4 402.3 546.1 318.5 377.3 412.5 500.9 263.9 310.0 560.0 372.5 251.9 245.1 551.3 367.5 264.5 258.1 290.1 486.9 176.3 509.1 300.1 391.9 196.0 258.8 341.5 331.7 189.1 304.6 258.4 230.6 210.1 518.0 343.5 322.1 443.3 457.5 227.1 198.0 280.1 315.3 242.9 202.3 258.7 227.5 373.6 348.6 495.6 446.7 294.3 405.8 251.1 338.7 359.0 309.1 332.4 340.9 281.1 80.8 515.5 372.7 201.7 323.6 44.7 461.4 449.6 232.8 467.5 172.6 193.6 247.0 263.7 225.8 356.9 371.4 298.2 232.6 450.8 337.5 371.9 175.1 354.9 560.5 208.1 394.4 363.5 344.8 449.9 234.7 272.2 65.3 314.0 407.8 150.8 328.9 514.8 214.4 16.1 422.9 383.8 182.3 164.1 163.2
1212.5 353.9 54.9 296.5 128.2 333.8 384.4 411.2 313.6 241.1 381.7 0.0 236.8 279.2 323.0 336.9 354.7 255.5 309.8 253.0 223.7 340.1 232.0 202.4 244.2 342.4 339.3 203.0 447.0 312.4 223.5 81.4 134.3 197.4 320.9 270.7 115.1 257.9 208.8 327.4 376.0 358.0 301.4 395.8 324.6 252.5 336.1 382.0 303.0 201.2 298.9 417.7 239.4 224.9 181.2 304.9 315.6 222.1 415.3 332.5 204.1 383.8 231.5 424.2 309.5 303.8 349.0 411.2 261.2 203.2 381.7 321.1 236.6 214.0 336.5 393.6 358.6 395.6 173.4 233.0 293.7 353.4 131.8 313.1 306.7 437.2 243.7 264.7 365.7 348.7 227.5 343.2 307.4 390.1 380.3 257.8 218.9 239.5 297.2 378.1 270.2 185.2 370.7 278.9 73.6 273.3 218.8 309.7 363.9 291.5 370.3 325.3 294.1 174.5 224.0 411.7 362.8 219.5 39.5 317.7 341.3 94.1 233.7 236.1 389.5 319.6 321.5 272.3 197.3 275.2 270.6 367.0 297.0 290.2 206.4 303.1 320.2 290.7 295.6 312.3 199.4 157.8 172.3 221.5 281.2 40.6 101.7 156.0 322.3 196.5 396.1 355.3 192.3 85.7 393.4 250.8 296.7 320.8 330.8 145.6 209.3 318.8 129.8 350.4 361.6 403.0 249.4 185.3 346.8 252.5 335.2
1257.7 317.0 261.1 341.7 237.8 379.0 481.1 373.4 276.7 286.3 426.9 221.8 0.0 367.3 292.4 383.6 399.9 331.3 355.0 298.2 312.6 303.2 67.7 229.1 289.4 366.1 384.5 94.2 409.2 336.1 10.4 191.0 84.9 174.6 373.1 315.9 224.7 303.1 232.5 372.6 412.9 315.8 346.6 441.0 402.8 297.7 421.4 427.2 348.2 246.4 344.1 462.9 261.2 312.6 158.4 350.1 278.7 267.3 493.5 397.0 141.6 429.0 164.8 469.4 272.6 266.9 312.1 516.2 80.4 97.1 344.8 344.8 281.8 80.0 299.6 438.8 403.8 358.7 93.4 278.2 338.9 350.0 241.4 358.3 351.9 482.4 126.7 309.9 307.8 393.9 251.2 388.4 352.6 446.4 456.2 303.0 308.2 284.7 361.7 423.3 70.7 162.4 465.8 242.0 201.4 320.9 264.0 354.9 409.1 336.7 415.5 370.5 372.3 125.8 269.2 373.9 325.0 264.1 245.7 395.9 365.0 203.7 303.3 281.3 490.5 374.9 371.5 155.3 130.6 320.4 294.3 412.2 260.1 248.3 251.6 266.2 365.0 335.9 340.8 357.5 244.6 61.4 133.2 268.0 326.4 171.1 211.3 265.6 367.5 214.2 359.2 400.5 55.0 195.3 490.1 13.9 346.5 366.0 376.0 279.4 100.5 364.0 89.4 313.5 406.8 448.2 182.7 80.6 395.5 297.7 376.4
1055.1 354.2 321.4 157.1 229.6 194.4 245.0 335.9 313.9 93.9 224.3 282.1 316.1 0.0 329.6 197.5 194.4 211.1 170.4 114.0 179.3 340.4 311.3 209.8 167.5 108.9 199.9 281.7 384.5 70.8 302.8 251.3 213.6 235.9 41.6 131.3 225.0 118.5 169.5 157.1 214.6 358.3 129.2 225.5 92.9 204.2 131.1 242.6 171.2 152.9 141.5 260.3 238.4 227.8 219.7 147.5 315.9 155.8 295.2 106.7 242.6 213.5 285.2 281.6 309.8 304.1 349.3 313.9 300.0 282.5 382.0 111.2 192.9 292.7 336.8 240.8 219.2 395.9 248.2 85.8 154.3 345.5 268.4 173.7 177.2 272.2 299.7 107.3 345.0 209.3 149.2 172.9 203.7 248.1 257.9 120.1 234.8 49.6 71.4 220.7 313.6 223.7 267.5 279.2 261.7 136.3 148.2 120.9 224.5 187.8 212.9 142.4 62.4 253.8 175.7 336.4 287.5 175.1 306.0 86.0 131.4 259.9 189.3 187.8 292.2 180.2 168.9 328.3 252.9 151.9 132.1 209.6 297.3 290.5 113.0 303.4 149.5 143.8 166.1 172.9 106.0 237.1 251.6 177.1 141.8 231.4 238.4 272.8 152.0 187.8 396.4 185.0 271.6 255.6 254.0 330.1 185.7 181.4 173.4 214.9 288.0 161.4 209.1 350.7 191.3 245.6 303.1 264.0 189.4 95.1 177.8
1280.7 98.1 358.1 400.6 255.1 402.1 397.8 157.8 115.2 328.5 450.0 325.6 276.2 284.0 0.0 398.9 420.1 292.3 378.1 321.3 273.6 130.1 276.4 152.6 312.5 327.1 413.9 279.6 145.2 297.1 262.9 337.0 257.1 276.1 289.8 339.0 250.5 326.2 193.5 395.7 329.6 104.9 336.2 464.1 319.5 320.8 338.1 448.3 371.3 269.5 360.9 486.0 191.8 275.2 259.9 373.2 105.6 290.4 410.2 313.7 243.1 452.1 188.6 492.5 111.1 139.4 48.7 428.9 304.1 320.8 52.3 305.8 309.5 288.7 138.1 461.9 424.9 139.8 276.0 320.4 362.0 24.1 293.9 381.4 375.0 510.7 305.3 333.0 126.8 458.2 212.2 411.5 375.7 363.1 372.9 326.1 269.2 323.7 278.4 446.4 313.1 263.9 382.5 45.2 305.2 341.6 287.1 321.6 430.2 353.5 432.3 349.4 289.0 297.3 292.3 152.0 109.1 272.2 349.5 312.6 326.0 285.4 264.3 297.0 407.2 377.3 384.1 333.9 232.1 343.5 249.0 435.3 58.1 125.8 274.7 138.7 388.5 359.0 363.9 380.6 286.3 279.4 295.1 328.4 349.5 274.9 263.9 298.3 390.6 181.2 140.3 417.3 275.7 289.9 406.8 290.2 365.0 389.1 399.1 240.4 285.9 387.1 252.6 152.0 429.9 471.3 239.6 261.9 408.8 320.8 403.5
1079.3 415.8 454.0 96.8 291.2 53.1 124.9 454.9 375.5 201.8 341.7 343.7 377.7 239.9 384.9 0.0 202.8 272.7 168.4 216.7 240.9 402.0 372.9 264.3 270.2 276.0 139.6 343.3 446.1 237.9 364.4 312.9 275.2 297.5 208.7 151.1 286.6 151.1 270.7 140.6 176.3 419.9 132.2 73.0 217.8 265.8 179.4 182.3 185.7 214.5 194.6 377.7 301.3 372.4 281.3 264.9 377.5 285.7 183.8 216.5 304.2 85.0 346.8 87.2 371.4 365.7 410.9 179.7 361.6 344.1 443.6 322.5 249.9 354.3 398.4 56.6 158.9 457.5 314.1 193.7 120.8 448.8 330.0 113.4 137.5 105.4 361.3 186.9 427.6 149.0 282.5 188.9 138.2 158.6 148.8 199.7 366.4 200.2 190.4 229.1 370.6 285.3 139.2 340.8 323.3 131.9 250.9 140.5 164.2 122.3 252.3 190.7 187.3 315.4 237.3 455.4 406.5 236.7 367.6 210.9 342.7 321.5 250.9 249.4 158.0 119.9 275.8 389.9 314.5 254.6 265.4 327.0 358.9 352.1 174.6 365.0 187.5 246.5 126.4 139.4 186.2 298.7 313.2 240.0 139.8 293.0 300.0 334.4 145.7 258.4 458.0 131.2 333.2 317.2 133.9 391.7 113.8 31.5 290.8 276.5 349.6 240.0 270.7 412.3 97.1 363.0 364.7 325.6 227.9 174.7 239.5
1061.8 452.6 442.2 238.2 378.7 275.5 278.5 485.4 412.3 250.3 231.0 392.2 426.2 233.4 421.7 281.4 0.0 321.2 251.5 154.1 289.4 441.6 421.4 312.8 207.6 306.5 281.0 391.8 521.2 268.4 412.9 361.4 323.7 346.0 239.2 176.2 374.1 184.4 319.2 170.5 317.7 456.7 278.7 238.9 248.3 304.3 259.8 323.7 226.7 253.0 72.8 267.0 349.8 360.6 329.8 154.2 414.3 215.1 337.4 256.2 352.7 226.9 395.3 297.8 408.2 402.5 450.5 330.4 410.1 392.6 480.4 308.8 293.0 402.8 435.2 254.2 300.3 494.3 358.3 242.2 235.4 452.1 417.5 254.8 248.4 285.6 409.8 166.6 464.4 290.4 331.0 186.3 249.1 312.2 302.4 179.4 354.6 250.9 220.9 46.8 419.1 333.8 292.8 377.6 371.8 215.0 188.3 273.2 305.6 233.2 67.1 249.0 217.8 363.9 275.8 488.7 437.0 288.0 452.9 241.4 329.0 409.0 299.4 287.9 311.6 264.1 165.1 438.4 363.0 192.0 313.9 216.3 395.7 388.9 225.9 401.8 163.3 183.9 240.1 254.0 234.7 347.2 361.7 287.2 222.9 341.5 387.5 421.9 165.4 306.9 494.8 201.2 384.5 365.7 287.5 440.2 220.4 265.3 180.1 364.0 398.1 69.0 319.2 449.1 204.7 252.3 413.2 374.1 25.0 154.4 33.8
1154.6 305.9 281.8 238.6 190.0 275.9 326.5 348.8 265.6 212.4 323.8 242.5 276.5 231.9 281.3 280.5 296.8 0.0 251.9 195.1 35.7 292.1 271.7 161.5 186.3 211.0 281.4 242.1 336.2 181.0 263.2 211.7 174.0 196.3 212.3 212.8 185.4 200.0 93.7 269.5 405.4 304.7 243.5 337.9 309.0 194.6 278.2 324.1 245.1 143.3 241.0 359.8 162.6 220.1 180.1 247.0 267.6 164.2 357.4 274.6 203.0 325.9 231.9 366.3 261.5 255.8 301.0 357.3 260.4 242.9 333.7 189.7 178.7 253.1 288.5 335.7 300.7 347.6 213.1 204.3 235.8 338.9 228.8 255.2 248.8 379.3 260.1 206.8 296.7 290.8 96.1 285.3 249.5 332.2 322.4 199.9 225.2 205.4 239.3 320.2 274.0 184.1 312.8 230.9 222.1 217.8 160.9 251.8 306.0 233.6 312.4 267.4 278.5 214.2 166.1 349.3 300.1 41.2 266.4 302.1 209.9 220.3 26.4 178.2 331.6 271.8 268.4 288.7 213.3 217.3 139.2 309.1 249.0 237.2 148.5 255.1 261.9 232.8 237.7 254.4 141.5 197.5 212.0 91.8 223.3 191.8 198.8 233.2 264.4 112.0 348.1 297.4 235.0 216.0 335.5 290.5 243.4 262.9 272.9 175.3 248.4 260.9 169.5 302.4 303.7 345.1 263.5 224.4 292.4 194.6 273.3
1122.5 376.8 344.0 88.3 252.2 125.6 176.2 455.5 336.5 162.8 264.9 304.7 338.7 200.9 352.2 130.2 299.4 233.7 0.0 154.6 201.9 363.0 333.9 232.4 208.1 237.0 131.1 304.3 407.1 198.9 325.4 273.9 236.2 258.5 169.7 112.1 247.6 112.1 231.7 269.4 167.8 375.6 75.2 201.8 178.8 226.8 122.4 173.8 162.5 175.5 288.3 300.9 262.3 252.3 242.3 188.1 338.5 196.4 207.1 159.5 265.2 213.8 307.8 216.0 332.4 326.7 371.9 207.0 322.6 305.1 404.6 283.5 210.9 315.3 359.4 185.4 150.4 418.5 275.3 154.7 85.5 409.8 291.0 104.9 80.5 229.0 322.3 147.9 367.6 140.5 243.5 317.7 81.2 181.9 172.1 160.7 257.4 161.2 144.9 322.8 336.2 246.3 162.5 301.8 284.3 36.1 188.8 83.5 155.7 65.3 346.0 133.7 148.3 276.4 198.3 456.0 407.1 197.1 328.6 171.9 303.7 282.5 211.9 210.4 181.3 121.5 209.5 350.9 275.5 192.5 226.4 250.2 319.9 308.1 135.6 326.0 316.3 184.4 69.4 104.1 128.6 259.7 274.2 201.0 41.6 254.0 261.0 295.4 274.5 213.4 419.0 260.0 297.2 278.2 185.2 352.7 74.8 112.6 214.0 237.5 310.6 333.7 231.7 373.3 225.9 286.2 325.7 286.6 318.1 135.7 337.2
990.3 348.4 354.5 160.0 223.8 197.3 247.9 391.3 308.1 160.8 159.5 276.3 310.3 198.9 323.8 236.1 132.5 205.3 173.3 0.0 173.5 334.6 305.5 204.0 53.4 228.3 202.8 275.9 378.7 190.2 297.0 245.5 207.8 230.1 161.0 98.0 219.2 103.4 203.3 74.3 239.5 347.2 200.5 142.7 170.1 150.1 181.6 245.5 148.5 98.8 76.7 195.5 233.9 175.6 213.9 82.7 310.1 68.9 278.8 178.0 236.8 130.7 279.4 198.8 304.0 298.3 343.5 278.7 294.2 276.7 376.2 230.6 134.2 286.9 331.0 158.0 222.1 390.1 246.9 152.7 157.2 381.4 262.6 176.6 170.2 184.2 293.9 117.4 339.2 212.2 222.0 90.1 170.9 253.6 243.8 104.6 180.7 159.2 142.7 155.9 307.8 217.9 234.2 273.4 255.9 139.2 34.1 192.2 227.4 155.0 148.1 170.8 139.6 248.0 121.6 391.8 342.6 168.7 368.1 163.2 250.8 254.1 183.5 133.7 253.0 193.2 104.1 322.5 247.1 37.8 224.4 144.8 291.5 279.7 126.1 297.6 66.7 37.6 159.1 175.8 119.1 231.3 245.8 172.6 144.7 225.6 232.6 267.0 69.2 185.0 390.6 102.2 268.8 249.8 256.9 324.3 146.8 184.3 108.6 209.1 282.2 96.6 203.3 344.9 108.5 180.8 297.3 258.2 128.1 129.6 109.0
1117.7 277.7 244.9 201.7 153.1 239.0 289.6 320.6 237.4 208.6 286.9 205.6 239.6 228.1 253.1 243.6 259.9 30.6 215.0 158.2 0.0 263.9 234.8 133.3 149.4 207.2 244.5 205.2 308.0 177.2 226.3 174.8 137.1 159.4 208.5 175.9 148.5 163.1 89.9 232.6 281.2 276.5 206.6 301.0 305.2 157.7 241.3 287.2 208.2 106.4 204.1 322.9 158.8 183.2 143.2 210.1 239.4 127.3 320.5 237.7 166.1 289.0 208.7 329.4 233.3 227.6 272.8 320.4 223.5 206.0 305.5 185.9 141.8 216.2 260.3 298.8 263.8 319.4 176.2 200.5 198.9 310.7 191.9 218.3 211.9 342.4 223.2 169.9 268.5 253.9 92.3 248.4 212.6 295.3 285.5 163.0 188.3 201.6 202.4 283.3 237.1 147.2 275.9 202.7 185.2 180.9 124.0 214.9 269.1 196.7 275.5 230.5 274.7 177.3 129.2 321.1 271.9 4.3 229.5 298.3 206.1 183.4 8.9 141.3 294.7 234.9 231.5 251.8 176.4 180.4 135.4 272.2 220.8 209.0 111.6 226.9 225.0 195.9 200.8 217.5 104.6 160.6 175.1 54.9 186.4 154.9 161.9 196.3 227.5 108.2 319.9 260.5 198.1 179.1 298.6 253.6 206.5 226.0 236.0 138.4 211.5 224.0 132.6 274.2 266.8 308.2 226.6 187.5 255.5 157.7 236.4
1312.5 166.7 387.1 432.4 286.9 433.9 429.6 126.5 147.0 360.3 481.8 357.4 308.0 315.8 142.1 437.0 451.9 324.1 409.9 353.1 305.4 0.0 308.2 184.4 344.3 358.9 445.7 311.4 52.9 328.9 294.7 368.8 288.9 307.9 321.6 370.8 282.3 358.0 225.3 427.5 361.4 170.8 368.0 495.9 351.3 352.6 369.9 480.1 403.1 301.3 399.0 517.8 223.6 305.4 291.7 405.0 34.9 322.2 442.0 345.5 274.9 483.9 220.4 524.3 142.9 171.2 161.8 460.7 335.9 352.6 194.5 337.6 336.7 320.5 169.9 493.7 456.7 208.4 307.8 352.2 393.8 166.2 325.7 413.2 406.8 537.3 334.3 364.8 178.5 490.0 244.0 443.3 407.5 394.9 404.7 357.9 301.0 353.3 310.2 478.2 344.9 295.7 414.3 91.7 337.0 373.4 318.9 359.7 462.0 391.6 470.4 381.2 320.8 329.1 324.1 127.0 77.8 310.3 381.3 344.4 357.8 317.2 296.1 328.8 439.0 409.1 426.4 362.9 263.9 375.3 287.1 467.1 109.8 152.6 306.5 170.5 419.9 390.8 395.7 412.4 299.5 311.2 326.9 360.2 381.3 306.7 295.7 330.1 422.4 213.0 208.9 455.4 307.5 321.7 438.6 322.0 401.4 420.9 430.9 272.2 317.7 418.9 284.4 183.8 461.7 503.1 271.4 293.7 446.9 352.6 435.3
1291.1 315.4 294.5 375.1 292.5 412.4 479.5 383.8 275.1 319.7 460.3 255.2 85.9 365.7 290.8 417.0 433.3 329.7 388.4 331.6 311.0 301.6 0.0 235.0 322.8 364.5 495.6 51.0 419.6 334.5 72.6 224.4 118.3 180.5 371.5 349.3 287.9 336.5 230.9 406.0 411.3 314.2 417.9 474.4 401.2 331.1 419.8 530.0 381.6 279.8 377.5 496.3 267.1 311.0 164.3 383.5 277.1 300.7 491.9 395.4 147.5 462.4 170.7 502.8 271.0 265.3 310.5 514.6 113.8 130.5 343.2 343.2 315.2 84.4 298.0 472.2 506.6 357.1 94.6 311.6 372.3 348.4 274.8 391.7 385.3 515.8 160.1 343.3 306.2 427.3 249.6 421.8 386.0 444.8 454.6 336.4 306.6 358.9 360.1 456.7 127.4 168.3 464.2 240.4 234.8 354.3 297.4 409.6 511.9 370.1 448.9 431.1 370.7 159.2 302.6 384.3 335.4 316.5 279.1 394.3 363.4 237.1 301.7 314.7 488.9 487.2 404.9 188.7 136.5 353.8 292.7 445.6 258.5 246.7 285.0 264.6 398.4 369.3 374.2 390.9 278.0 94.8 166.6 301.4 359.8 204.5 244.7 335.7 400.9 212.6 357.6 433.9 88.4 228.7 488.5 99.9 379.9 399.4 409.4 277.8 43.2 397.4 122.8 311.9 440.2 481.6 188.6 81.8 428.9 331.1 409.8
1231.5 179.9 260.7 350.4 150.9 297.9 347.6 222.8 139.6 233.7 400.7 215.0 236.2 233.8 149.0 388.8 370.8 197.5 273.9 290.4 178.8 166.1 202.7 0.0 208.3 232.3 363.7 157.4 210.2 202.3 222.9 232.8 171.0 153.9 233.6 234.8 146.3 222.0 98.7 333.5 279.4 177.6 286.0 401.9 269.3 216.6 281.5 398.1 328.0 165.3 317.9 436.7 59.9 171.0 137.7 323.9 141.6 186.2 360.0 263.5 120.9 389.9 66.4 464.5 135.5 129.8 168.6 378.7 220.1 236.8 207.7 211.0 205.3 168.4 162.5 440.3 374.7 221.6 153.8 225.6 257.8 179.4 189.7 379.9 334.0 489.1 266.4 283.7 191.7 408.0 117.4 349.3 360.5 312.9 322.7 296.5 165.0 228.9 228.2 397.1 229.1 141.7 332.3 104.9 201.0 237.4 182.9 277.7 380.0 344.6 389.3 299.2 238.8 221.5 188.1 216.9 174.1 177.3 245.3 262.4 231.2 181.2 169.5 192.8 357.0 320.7 334.8 295.0 109.9 328.3 160.5 379.6 123.0 116.2 170.5 129.1 326.3 320.2 322.9 276.4 182.1 157.2 219.3 233.6 245.3 170.7 159.7 194.1 328.4 86.4 222.1 361.4 185.3 185.7 356.6 250.2 346.4 284.9 349.8 136.2 163.7 337.8 175.5 176.4 367.7 422.0 117.4 139.7 365.8 271.5 354.2
1031.8 347.6 396.0 215.4 223.0 252.7 303.3 390.5 307.3 160.0 201.0 275.5 309.5 198.1 323.0 257.3 174.0 204.5 228.7 41.4 172.7 333.8 304.7 203.2 0.0 302.0 258.2 275.1 377.9 269.0 296.2 244.7 207.0 229.3 239.8 139.5 218.4 144.9 202.5 115.8 294.9 346.4 220.3 184.2 211.6 149.3 223.1 300.9 190.0 98.0 118.2 237.0 233.1 174.8 213.1 124.2 309.3 68.1 334.2 219.5 236.0 172.2 278.6 240.3 303.2 297.5 342.7 334.1 293.4 275.9 375.4 280.7 133.4 286.1 330.2 199.5 277.5 389.3 246.1 151.9 212.6 380.6 261.8 232.0 225.6 225.7 293.1 116.6 338.4 267.6 221.2 131.6 226.3 309.0 299.2 103.8 179.9 158.4 184.2 197.4 307.0 217.1 289.6 272.6 255.1 194.6 33.3 228.6 282.8 210.4 189.6 212.3 181.1 247.2 120.8 391.0 341.8 167.9 299.4 204.7 300.9 253.3 182.7 132.9 308.4 248.6 145.6 321.7 246.3 63.6 223.6 186.3 290.7 278.9 125.3 296.8 108.2 79.1 214.5 231.2 118.3 230.5 245.0 171.8 200.1 224.8 231.8 266.2 110.7 184.2 389.8 143.7 268.0 249.0 312.3 323.5 188.3 239.7 150.1 208.3 281.4 138.1 202.5 344.1 150.0 222.3 296.5 257.4 169.6 128.8 150.5
1131.3 330.4 397.6 233.3 266.9 270.6 321.2 379.8 290.1 180.6 300.5 358.3 392.3 92.0 305.8 275.2 273.5 220.7 246.6 190.2 202.0 316.6 387.5 186.0 243.7 0.0 276.1 347.4 360.7 41.1 379.0 327.5 289.8 312.1 72.4 207.5 262.3 194.7 118.2 233.3 290.8 329.2 205.4 301.7 169.1 280.4 207.3 318.8 247.4 229.1 217.7 336.5 187.1 305.9 295.9 223.7 292.1 232.0 371.4 182.9 310.9 289.7 256.4 357.8 286.0 280.3 325.5 394.1 376.2 358.7 358.2 53.4 264.5 358.4 313.0 317.0 295.4 372.1 328.9 172.5 230.5 363.4 305.7 249.9 253.4 343.2 375.9 183.5 321.2 285.5 97.9 249.1 279.9 324.3 334.1 196.3 311.0 141.7 147.6 296.9 389.8 299.9 343.7 255.4 337.9 212.5 224.4 197.1 300.7 264.0 289.1 218.6 138.6 330.0 251.9 380.3 331.4 207.5 382.2 162.2 73.6 297.2 192.7 264.0 368.4 266.5 245.1 404.5 299.9 228.1 107.4 285.8 273.5 261.7 189.2 279.6 225.7 220.0 242.3 249.1 182.2 313.3 327.8 254.6 218.0 307.6 275.7 310.1 228.2 136.5 372.6 261.2 350.8 301.7 330.2 406.3 261.9 257.6 249.6 252.2 353.7 237.6 285.3 326.9 267.5 321.8 307.4 329.7 269.1 171.3 250.0
1125.0 406.1 373.3 38.8 281.5 151.2 116.3 471.2 365.8 192.1 294.2 334.0 368.0 230.2 381.5 144.4 309.7 263.0 158.7 183.9 231.2 392.3 363.2 261.7 237.4 266.3 0.0 333.6 436.4 228.2 354.7 303.2 265.5 287.8 199.0 141.4 276.9 141.4 261.0 281.4 105.1 404.9 122.5 213.8 208.1 256.1 169.7 42.6 176.0 204.8 298.6 330.2 291.6 281.6 271.6 217.4 367.8 225.7 75.9 206.8 294.5 225.8 337.1 228.0 361.7 356.0 401.2 75.8 351.9 334.4 433.9 312.8 240.2 344.6 388.7 197.4 19.2 447.8 304.6 184.0 93.1 439.1 320.3 16.1 127.8 241.0 351.6 177.2 396.9 44.2 272.8 329.7 128.5 50.7 40.9 190.0 286.7 190.5 180.7 333.1 365.5 275.6 31.3 331.1 313.6 124.6 218.1 130.8 24.5 112.6 356.3 181.0 177.6 305.7 227.6 471.7 422.8 226.4 357.9 201.2 333.0 311.8 241.2 239.7 50.1 72.0 238.8 380.2 304.8 221.8 255.7 279.5 349.2 337.4 164.9 355.3 219.4 213.7 116.7 111.7 157.9 289.0 303.5 230.3 130.1 283.3 290.3 324.7 286.5 242.7 448.3 272.0 326.5 307.5 125.3 382.0 104.1 177.5 243.3 266.8 339.9 231.3 261.0 402.6 237.9 315.5 355.0 315.9 328.4 165.0 243.7
1257.5 332.9 260.9 341.5 237.6 378.8 497.0 401.3 292.6 286.1 426.7 221.6 103.4 383.2 308.3 383.4 399.7 353.6 354.8 298.0 334.9 319.1 58.6 183.9 289.2 388.4 384.3 0.0 437.1 358.4 90.1 190.8 84.7 129.4 389.0 315.7 224.5 302.9 254.8 372.4 428.8 331.7 346.4 440.8 418.7 297.5 381.1 427.0 348.0 246.2 343.9 462.7 216.0 268.3 113.2 349.9 294.6 267.1 509.4 412.9 96.4 428.8 119.6 469.2 288.5 282.8 328.0 532.1 131.3 148.0 360.7 367.1 281.6 35.3 315.5 438.6 403.6 374.6 43.5 278.0 338.7 365.9 241.2 358.1 351.7 482.2 177.6 309.7 323.7 393.7 273.5 388.2 352.4 462.3 472.1 302.8 263.9 284.5 377.6 423.1 144.9 117.2 481.7 257.9 201.2 320.7 263.8 354.7 408.9 336.5 415.3 370.3 388.2 135.2 269.0 401.8 352.9 340.4 245.5 411.8 387.3 203.5 325.6 281.1 506.4 374.7 371.3 206.2 85.4 320.2 316.6 412.0 276.0 264.2 251.4 282.1 364.8 335.7 340.6 357.3 244.4 70.9 133.0 267.8 326.2 170.9 211.1 265.4 367.3 236.5 375.1 400.3 105.9 195.1 506.0 117.4 346.3 365.8 375.8 235.1 6.3 363.8 89.2 329.4 406.6 448.0 137.5 30.7 395.3 297.5 376.2
1322.1 176.3 396.7 442.0 296.5 443.5 439.2 136.1 156.6 369.9 491.4 367.0 317.6 325.4 145.4 446.6 464.4 333.7 419.5 362.7 315.0 76.0 317.8 201.1 353.9 368.5 455.3 321.0 0.0 338.5 304.3 378.4 298.5 317.5 331.2 380.4 291.9 367.6 234.9 437.1 371.0 180.4 377.6 505.5 360.9 362.2 379.5 489.7 412.7 310.9 408.6 527.4 233.2 315.0 301.3 414.6 111.0 331.8 451.6 355.1 284.5 493.5 230.0 533.9 152.5 180.8 171.4 470.3 345.5 362.2 204.1 347.2 346.3 330.1 179.5 503.3 466.3 218.0 312.3 361.8 403.4 209.3 335.3 422.8 416.4 552.1 343.9 374.4 188.1 499.6 253.6 452.9 417.1 404.5 414.3 367.5 310.6 362.9 319.8 487.8 354.5 305.3 423.9 101.3 346.6 385.4 328.5 369.3 471.6 401.2 480.0 390.8 330.4 338.7 333.7 136.6 87.4 319.9 390.9 354.0 367.4 326.8 305.7 338.4 448.6 418.7 425.5 372.5 273.5 384.9 296.7 476.7 119.4 162.2 316.1 180.1 429.5 400.4 405.3 422.0 309.1 320.8 336.5 369.8 390.9 316.3 305.3 339.7 432.0 216.6 218.5 465.0 317.1 331.3 448.2 331.6 411.0 430.5 440.5 281.8 327.3 428.5 294.0 193.4 471.3 512.7 281.0 303.3 456.5 362.2 444.9
1090.1 317.3 356.4 192.1 253.8 229.4 280.0 366.7 277.0 144.8 259.3 317.1 351.1 50.8 292.7 234.0 232.3 207.6 205.4 149.0 188.9 303.5 346.3 172.9 202.5 38.0 234.9 316.7 347.6 0.0 337.8 286.3 248.6 270.9 31.2 166.3 249.2 153.5 105.1 192.1 249.6 316.1 164.2 260.5 127.9 239.2 166.1 277.6 206.2 187.9 176.5 295.3 174.0 264.7 254.7 182.5 279.0 190.8 330.2 141.7 277.6 248.5 243.3 316.6 272.9 267.2 312.4 352.9 335.0 317.5 345.1 40.3 223.3 327.7 299.9 275.8 254.2 359.0 287.7 136.7 189.3 350.3 292.6 208.7 212.2 302.0 334.7 142.3 308.1 244.3 84.8 207.9 238.7 283.1 292.9 155.1 269.8 100.5 106.4 255.7 348.6 258.7 302.5 242.3 296.7 171.3 183.2 155.9 259.5 222.8 247.9 177.4 97.4 288.8 210.7 367.2 318.3 194.4 341.0 121.0 60.5 284.1 179.6 222.8 327.2 225.3 203.9 363.3 286.8 186.9 94.3 244.6 260.4 248.6 148.0 266.5 184.5 178.8 201.1 207.9 141.0 272.1 286.6 213.4 176.8 266.4 262.6 297.0 187.0 123.4 359.5 220.0 309.6 288.6 289.0 365.1 220.7 216.4 208.4 239.1 323.0 196.4 244.1 313.8 226.3 280.6 294.3 299.0 227.9 130.1 208.8
1247.3 306.6 250.7 331.3 227.4 368.6 470.7 363.0 266.3 275.9 416.5 211.4 13.3 356.9 282.0 373.2 389.5 320.9 344.6 287.8 302.2 292.8 57.3 218.7 279.0 355.7 374.1 83.8 398.8 325.7 0.0 180.6 74.5 164.2 362.7 305.5 214.3 292.7 222.1 362.2 402.5 305.4 336.2 430.6 392.4 287.3 411.0 416.8 337.8 236.0 333.7 452.5 250.8 302.2 148.0 339.7 268.3 256.9 483.1 386.6 131.2 418.6 154.4 459.0 262.2 256.5 301.7 505.8 70.0 86.7 334.4 334.4 271.4 69.6 289.2 428.4 393.4 348.3 83.0 267.8 328.5 339.6 231.0 347.9 341.5 472.0 116.3 299.5 297.4 383.5 240.8 378.0 342.2 436.0 445.8 292.6 297.8 274.3 351.3 412.9 83.6 152.0 455.4 231.6 191.0 310.5 253.6 344.5 398.7 326.3 405.1 360.1 361.9 115.4 258.8 363.5 314.6 253.7 235.3 385.5 354.6 193.3 292.9 270.9 480.1 364.5 361.1 144.9 120.2 310.0 283.9 401.8 249.7 237.9 241.2 255.8 354.6 325.5 330.4 347.1 234.2 51.0 122.8 257.6 316.0 160.7 200.9 255.2 357.1 203.8 348.8 390.1 44.6 184.9 479.7 27.2 336.1 355.6 365.6 269.0 90.1 353.6 79.0 303.1 396.4 437.8 172.3 70.2 385.1 287.3 366.0
1181.7 323.1 140.7 265.7 85.4 303.0 353.6 392.6 282.8 210.3 350.9 101.4 206.0 248.4 298.5 306.1 321.0 224.7 279.0 222.2 192.9 309.3 201.2 178.7 213.4 311.6 308.5 172.2 353.4 281.6 192.7 0.0 103.5 166.6 290.1 239.9 72.3 227.1 178.0 296.6 345.2 327.2 270.6 365.0 293.8 221.7 305.3 351.2 272.2 170.4 268.1 386.9 208.6 181.3 150.4 274.1 284.8 191.3 384.5 301.7 173.3 353.0 200.7 393.4 278.7 273.0 318.2 380.4 189.9 172.4 350.9 290.3 210.4 183.2 305.7 362.8 327.8 364.8 148.6 202.2 262.9 314.4 54.0 282.3 275.9 411.6 189.6 233.9 313.9 317.9 196.7 312.4 276.6 359.3 349.5 227.0 176.9 208.7 266.4 347.3 203.5 154.4 339.9 248.1 81.0 242.5 188.0 278.9 333.1 260.7 339.5 294.5 263.3 143.7 193.2 393.1 344.2 188.7 125.3 286.9 310.5 51.3 202.9 205.3 358.7 288.8 290.7 218.2 166.5 244.4 239.8 336.2 266.2 259.4 175.6 272.3 289.0 259.9 264.8 281.5 168.6 127.0 141.5 192.0 250.4 50.7 58.9 85.1 291.5 165.7 365.3 324.5 161.5 42.9 362.6 220.0 265.9 290.0 300.0 102.8 178.5 288.0 99.0 319.6 330.8 372.2 218.6 154.5 316.0 221.7 304.4
1172.7 323.8 176.1 256.7 152.8 294.0 344.6 344.2 283.5 201.3 341.9 136.8 102.4 239.4 299.2 297.1 312.0 215.7 270.0 213.2 183.9 373.5 97.6 161.4 204.4 365.9 299.5 68.6 380.0 335.9 89.1 106.0 0.0 106.9 367.2 230.9 139.7 218.1 232.3 287.6 336.2 327.9 261.6 356.0 284.8 212.7 296.3 342.2 263.2 161.4 259.1 377.9 193.5 185.1 90.7 265.1 285.5 182.3 375.5 292.7 73.9 344.0 97.1 384.4 279.4 273.7 318.9 371.4 86.3 79.1 351.6 344.6 201.4 79.6 306.4 353.8 318.8 365.5 45.0 193.2 253.9 323.3 156.4 273.3 266.9 402.6 96.3 224.9 336.1 308.9 251.0 303.4 267.6 350.3 340.5 218.0 179.1 201.9 257.4 338.3 99.9 94.7 330.9 248.8 116.4 233.5 179.0 269.9 324.1 251.7 330.5 285.5 254.3 50.4 184.2 344.7 295.8 179.7 160.7 277.9 364.8 118.7 193.9 196.3 349.7 279.8 281.7 124.9 62.9 235.4 294.1 327.2 266.9 260.1 166.6 273.0 280.0 250.9 255.8 272.5 178.2 23.4 48.2 181.7 241.4 86.1 126.3 180.6 282.5 220.0 366.0 315.5 57.9 110.3 353.6 116.4 256.9 281.0 291.0 150.3 74.9 279.0 4.5 320.3 321.8 363.2 115.0 50.9 307.0 212.7 295.4
1201.8 296.0 248.1 285.8 194.1 323.1 373.7 338.9 255.7 230.4 371.0 208.8 181.4 268.5 265.1 326.2 344.0 303.3 299.1 242.3 284.6 282.2 147.9 133.6 233.5 338.1 328.6 102.6 326.3 308.1 168.1 178.0 116.2 0.0 339.4 260.0 189.5 247.2 204.5 316.7 395.5 300.1 290.7 385.1 385.4 241.8 325.4 371.3 292.3 190.5 288.2 407.0 165.7 212.6 11.5 294.2 257.7 211.4 404.6 321.8 26.7 373.1 69.3 413.5 251.6 245.9 291.1 400.5 165.3 182.0 323.8 316.8 225.9 113.6 278.6 382.9 347.9 337.7 99.0 222.3 283.0 329.0 228.4 302.4 296.0 426.5 211.6 254.0 307.8 338.0 223.2 332.5 296.7 379.4 369.6 247.1 208.2 228.8 286.5 367.4 178.9 8.7 360.0 221.0 188.4 265.0 208.1 299.0 353.2 280.8 359.6 314.6 354.9 166.7 213.3 339.4 290.2 289.5 232.7 378.5 337.0 190.7 275.3 225.4 378.8 308.9 305.1 240.2 37.0 264.5 266.3 356.3 239.1 232.3 195.7 245.2 309.5 280.0 284.9 301.6 188.7 102.4 164.5 210.8 270.5 158.1 198.3 237.3 311.6 192.2 338.2 344.6 136.9 182.3 382.7 195.4 290.6 310.1 320.1 179.4 108.9 308.1 120.7 292.5 350.9 392.3 87.2 84.9 336.1 241.8 324.5
1070.7 338.4 337.0 172.7 245.2 210.0 260.6 387.8 298.1 125.4 239.9 297.7 331.7 31.4 313.8 214.6 212.9 226.7 186.0 129.6 194.9 324.6 326.9 194.0 183.1 59.1 215.5 297.3 368.7 21.0 318.4 266.9 229.2 251.5 0.0 146.9 240.6 134.1 126.2 172.7 230.2 337.2 144.8 241.1 108.5 219.8 146.7 258.2 186.8 168.5 157.1 275.9 195.1 245.3 235.3 163.1 300.1 171.4 310.8 122.3 258.2 229.1 264.4 297.2 294.0 288.3 333.5 333.5 315.6 298.1 366.2 61.4 203.9 308.3 321.0 256.4 234.8 380.1 268.3 117.3 169.9 371.4 284.0 189.3 192.8 282.6 315.3 122.9 329.2 224.9 105.9 188.5 219.3 263.7 273.5 135.7 250.4 81.1 87.0 236.3 329.2 239.3 283.1 263.4 277.3 151.9 163.8 136.5 240.1 203.4 228.5 158.0 78.0 269.4 191.3 388.3 339.4 190.1 321.6 101.6 81.6 275.5 200.7 203.4 307.8 205.9 184.5 343.9 268.5 167.5 115.4 225.2 281.5 269.7 128.6 287.6 165.1 159.4 181.7 188.5 121.6 252.7 267.2 194.0 157.4 247.0 254.0 288.4 167.6 144.5 380.6 200.6 290.2 271.2 269.6 345.7 201.3 197.0 189.0 230.5 303.6 177.0 224.7 334.9 206.9 261.2 315.4 279.6 208.5 110.7 189.4
1124.0 357.3 324.5 89.8 232.7 127.1 177.7 405.0 317.0 143.3 245.4 285.2 319.2 153.0 332.7 131.7 300.9 214.2 103.1 135.1 182.4 343.5 314.4 212.9 188.6 226.1 132.6 284.8 387.6 188.0 305.9 254.4 216.7 239.0 158.8 0.0 228.1 90.3 212.2 270.9 169.3 356.1 136.7 203.3 167.9 207.3 112.4 175.3 109.2 156.0 289.8 281.4 242.8 232.8 222.8 168.6 319.0 173.9 208.6 175.8 245.7 215.3 288.3 217.5 312.9 307.2 352.4 208.5 303.1 285.6 385.1 228.4 191.4 295.8 339.9 186.9 151.9 399.0 255.8 135.2 87.0 390.3 271.5 106.4 100.0 230.5 302.8 125.4 348.1 142.0 224.0 319.2 100.7 183.4 173.6 138.2 237.9 141.7 140.5 324.3 316.7 226.8 164.0 282.3 264.8 69.0 169.3 128.4 157.2 84.8 347.5 123.7 137.4 256.9 178.8 405.5 356.6 177.6 309.1 161.0 248.6 263.0 192.4 190.9 182.8 123.0 190.0 331.4 256.0 173.0 206.9 230.7 300.4 288.6 116.1 306.5 170.6 164.9 88.9 105.6 109.1 240.2 254.7 181.5 74.5 234.5 241.5 275.9 276.0 193.9 399.5 261.5 277.7 258.7 186.7 333.2 37.3 114.1 194.5 218.0 291.1 182.5 212.2 353.8 227.4 266.7 306.2 267.1 319.6 113.2 194.9
1116.0 300.0 174.4 299.4 67.8 336.7 387.3 342.9 259.7 244.0 384.6 135.1 239.7 282.1 275.4 341.3 357.6 253.7 312.7 255.9 226.6 286.2 234.9 155.6 247.1 288.5 342.2 205.9 330.3 258.5 226.4 79.5 137.2 200.3 289.8 273.6 0.0 260.8 154.9 330.3 378.9 298.8 304.3 398.7 327.5 193.1 339.0 384.9 305.9 204.1 301.8 420.6 185.5 108.9 184.1 307.8 261.7 225.0 418.2 335.4 207.0 386.7 234.4 427.1 255.6 249.9 295.1 418.1 223.6 206.1 327.8 267.2 177.2 216.9 282.6 396.5 361.5 341.7 176.3 235.9 296.6 333.0 36.4 316.0 309.6 440.1 223.3 267.6 290.8 351.6 173.6 346.1 310.3 393.0 383.2 260.7 104.5 242.4 300.1 381.0 237.2 188.1 373.6 225.0 114.7 278.6 221.7 312.6 366.8 294.4 373.2 328.2 297.0 177.4 148.5 343.4 294.2 221.8 159.0 320.6 287.4 34.8 225.7 132.3 392.4 332.6 329.2 251.9 200.2 278.1 216.7 369.9 243.1 231.3 209.3 249.2 322.7 293.6 298.5 315.2 202.3 160.7 175.2 225.7 284.1 84.4 13.4 40.8 325.2 136.6 342.2 358.2 198.2 39.3 396.3 253.7 304.2 323.7 333.7 53.1 212.2 321.7 132.7 296.5 364.5 405.9 252.3 188.2 353.2 255.4 334.1
1083.1 290.2 331.4 272.7 239.6 250.4 269.9 323.0 249.9 150.2 252.3 292.1 326.1 71.0 265.6 253.5 225.3 221.1 208.4 142.0 189.3 276.4 321.3 219.8 195.5 144.1 286.0 291.7 358.8 106.0 312.8 261.3 223.6 245.9 76.8 81.5 235.0 0.0 219.1 185.1 201.7 294.3 115.3 253.5 85.9 214.2 78.1 320.4 45.0 162.9 169.5 288.3 249.7 237.8 229.7 175.5 251.9 183.8 282.3 93.8 252.6 241.5 295.2 340.8 245.8 240.1 285.3 301.0 310.0 292.5 318.0 146.4 202.9 302.7 272.8 310.2 297.0 331.9 258.2 142.1 210.3 281.5 278.4 302.2 163.3 300.2 309.7 135.3 302.0 330.3 230.9 200.9 189.8 235.2 245.0 148.1 244.8 148.6 58.5 248.7 323.6 233.7 254.6 215.2 271.7 171.9 176.2 107.0 302.3 173.9 240.9 67.3 55.4 263.8 185.7 323.5 274.6 185.1 316.0 79.0 166.6 269.9 199.3 197.8 279.3 249.4 192.1 338.3 262.9 179.9 213.8 237.6 233.3 226.5 123.0 239.4 177.5 171.8 152.2 228.9 116.0 247.1 261.6 187.1 179.8 241.4 248.4 282.8 180.0 200.8 332.4 213.0 281.6 265.6 278.9 340.1 43.3 237.4 201.4 224.9 298.0 189.4 219.1 286.7 219.3 273.6 313.1 274.0 217.4 123.1 205.8
1193.7 212.1 258.4 263.3 148.6 300.6 379.8 255.0 171.8 134.9 362.9 219.1 230.3 154.4 187.5 305.2 335.9 98.7 276.6 252.6 80.0 198.3 274.4 67.7 230.6 133.5 395.9 229.1 242.4 103.5 217.0 230.5 150.6 172.9 134.8 237.5 144.0 224.7 0.0 295.7 311.6 210.9 267.8 364.1 231.5 238.9 269.7 430.3 309.8 187.6 280.1 398.9 68.8 167.1 156.7 286.1 173.8 208.5 392.2 245.3 192.6 352.1 138.1 391.0 167.7 162.0 207.2 414.9 237.0 219.5 239.9 112.2 223.0 240.1 194.7 360.4 406.9 253.8 219.5 126.8 260.5 245.1 187.4 279.9 315.8 404.0 236.7 245.9 202.9 315.5 18.6 311.5 274.2 345.1 354.9 258.7 162.7 127.9 210.0 359.3 250.6 160.7 364.5 137.1 198.7 242.5 205.2 259.5 412.2 258.3 351.5 281.0 201.0 190.8 210.4 255.5 206.3 85.5 243.0 224.6 132.4 178.9 70.7 222.5 389.2 296.5 307.5 265.3 181.6 290.5 61.7 348.2 155.2 143.4 173.2 161.3 288.1 282.4 304.7 279.1 166.2 174.1 188.6 136.1 248.0 168.4 157.4 191.8 290.6 18.3 254.3 323.6 211.6 183.4 388.8 244.3 268.1 287.6 312.0 133.9 235.4 300.0 146.1 208.6 329.9 384.2 189.1 211.4 331.5 233.7 312.4
1035.1 392.5 399.3 178.1 279.6 215.4 256.4 425.3 352.2 190.2 204.3 332.1 366.1 173.3 361.6 163.2 177.3 261.1 191.4 76.0 229.3 378.7 361.3 259.8 129.5 246.4 220.9 331.7 461.1 208.3 352.8 301.3 263.6 285.9 179.1 116.1 275.0 121.5 259.1 0.0 257.6 396.6 218.6 68.3 188.2 226.2 199.7 263.6 166.6 174.9 121.5 240.3 289.7 249.8 269.7 127.5 354.2 145.0 296.9 196.1 292.6 56.3 335.2 124.4 348.1 342.4 387.6 292.8 350.0 332.5 420.3 248.7 210.3 342.7 375.1 83.6 240.2 434.2 302.5 182.1 175.3 392.0 318.4 194.7 188.3 115.0 349.7 106.5 404.3 230.3 270.9 48.2 189.0 271.7 261.9 119.3 256.8 188.6 160.8 200.7 363.6 273.7 252.3 317.5 311.7 154.9 110.2 210.3 245.5 173.1 192.9 188.9 157.7 303.8 197.7 425.8 376.9 225.1 356.0 181.3 268.9 309.9 239.3 209.8 271.1 201.2 144.1 378.3 302.9 113.9 253.8 189.6 335.6 328.8 202.2 341.7 46.8 105.8 177.2 193.9 195.2 287.1 301.6 227.1 162.8 281.4 288.4 322.8 5.1 240.8 434.7 27.8 321.6 305.6 265.4 380.1 160.3 194.8 153.4 264.9 338.0 141.4 259.1 389.0 34.1 225.6 353.1 314.0 169.4 94.3 157.8
1153.2 353.9 401.5 70.9 309.7 179.4 150.6 386.7 313.6 220.3 322.4 362.2 396.2 258.4 329.3 190.3 355.6 291.2 186.9 212.1 259.4 340.1 391.4 289.9 265.6 294.5 84.9 361.8 422.5 256.4 382.9 331.4 293.7 316.0 227.2 169.6 305.1 169.6 289.2 327.3 0.0 352.7 150.7 259.7 236.3 284.3 197.9 119.3 204.2 233.0 239.6 358.4 319.8 309.8 299.8 245.6 315.6 253.9 81.2 235.0 322.7 271.7 365.3 273.9 309.5 303.8 349.0 103.9 380.1 362.6 381.7 341.0 268.4 372.8 336.5 243.3 95.9 395.6 332.8 212.2 121.3 386.9 348.5 101.1 156.0 286.9 379.8 205.4 344.7 129.2 301.0 271.0 156.7 34.1 43.9 218.2 314.9 218.7 208.9 379.0 393.7 303.8 53.5 278.9 341.8 152.8 246.3 159.0 101.2 140.8 311.0 209.2 205.8 333.9 255.8 387.2 338.3 254.6 386.1 229.4 361.2 340.0 269.4 267.9 78.2 75.8 267.0 408.4 333.0 250.0 283.9 307.7 297.0 285.2 193.1 303.1 247.6 241.9 144.9 139.9 186.1 317.2 331.7 258.5 158.3 311.5 318.5 352.9 332.4 270.9 396.1 317.9 354.7 335.7 159.6 410.2 132.3 166.4 271.5 295.0 368.1 259.5 289.2 350.4 283.8 343.7 383.2 344.1 374.3 193.2 271.9
1294.2 15.5 408.6 431.1 305.6 433.5 470.7 208.3 165.7 379.3 463.4 376.1 326.7 296.5 114.6 436.6 430.8 342.8 409.5 353.1 324.1 180.6 326.9 203.1 406.6 369.6 444.4 330.1 195.7 331.5 313.4 387.5 307.6 326.6 302.3 370.4 301.0 357.6 244.0 396.2 360.1 0.0 348.7 464.6 332.0 371.3 350.6 478.8 390.7 320.0 380.6 499.4 242.3 324.1 310.4 386.6 156.1 394.9 440.7 326.2 293.6 452.6 239.1 520.7 161.6 189.9 140.6 459.4 354.6 371.3 173.3 371.9 355.4 339.2 188.6 479.9 455.4 76.2 320.5 371.2 393.4 136.8 344.4 412.8 396.7 506.1 355.8 346.4 13.8 488.7 262.7 412.0 423.2 393.6 403.4 359.2 319.7 344.0 290.9 459.8 363.6 314.4 413.0 95.7 355.7 373.0 387.3 340.4 460.7 407.3 452.0 361.9 301.5 347.8 342.8 208.8 159.6 414.2 400.0 325.1 392.1 335.9 314.8 347.5 437.7 407.8 397.5 384.4 282.6 391.0 305.8 448.7 64.4 171.3 352.1 189.2 388.6 382.9 385.6 412.0 363.7 329.9 345.6 416.2 380.9 325.4 314.4 348.8 391.1 225.7 57.7 424.1 326.2 340.4 479.7 340.7 405.2 420.5 412.5 290.9 336.4 400.5 303.1 202.5 430.4 484.7 290.1 312.4 428.5 334.2 416.9
1077.3 358.4 325.6 97.7 233.8 135.0 185.6 380.2 318.1 144.4 246.5 286.3 320.3 182.5 333.8 139.6 219.5 215.3 93.0 136.2 183.5 344.6 315.5 214.0 189.7 218.6 140.5 285.9 388.7 180.5 307.0 255.5 217.8 240.1 151.3 93.7 229.2 93.7 213.3 179.3 258.9 357.2 0.0 211.2 160.4 208.4 47.1 183.2 87.2 157.1 163.7 282.5 243.9 233.9 223.9 169.7 320.1 178.0 216.5 84.2 246.8 223.2 289.4 225.4 314.0 308.3 353.5 216.4 304.2 286.7 386.2 265.1 192.5 296.9 341.0 194.8 159.8 400.1 256.9 136.3 94.9 391.4 272.6 114.3 47.9 238.4 303.9 129.5 349.2 149.9 225.1 195.1 74.4 191.3 181.5 142.3 239.0 142.8 69.6 242.9 317.8 227.9 171.9 283.4 265.9 58.9 170.4 8.2 165.1 58.5 235.1 58.4 129.9 258.0 179.9 380.7 331.8 178.7 310.2 153.5 285.3 264.1 193.5 192.0 190.7 130.9 191.1 332.5 257.1 174.1 208.0 231.8 301.5 289.7 117.2 307.6 171.7 166.0 36.8 113.5 110.2 241.3 255.8 182.6 64.4 235.6 242.6 277.0 174.2 195.0 400.6 207.2 278.8 259.8 194.6 334.3 56.4 122.0 195.6 219.1 292.2 183.6 213.3 354.9 235.3 267.8 307.3 268.2 215.1 117.3 196.0
1117.5 460.1 492.2 191.7 347.2 148.0 188.0 492.9 419.8 257.8 271.9 399.7 433.7 240.9 435.5 93.3 243.9 328.7 259.0 143.6 296.9 446.3 428.9 327.4 197.1 314.0 234.5 399.3 528.7 275.9 420.4 368.9 331.2 353.5 246.7 183.7 342.6 189.1 326.7 67.5 271.2 458.9 227.1 0.0 255.8 293.8 267.3 259.4 234.2 242.5 232.8 307.9 357.3 319.3 337.3 195.1 421.8 212.6 246.9 263.7 360.2 11.9 402.8 56.0 415.7 410.0 455.2 246.8 417.6 400.1 487.9 316.3 277.9 410.3 442.7 15.2 236.0 501.8 370.3 249.7 242.9 493.1 386.0 208.3 232.4 41.4 417.3 174.1 450.9 243.9 338.5 115.8 233.1 221.7 211.9 186.9 324.4 256.2 228.4 267.3 431.2 341.3 202.3 385.1 379.3 224.9 177.8 277.9 241.3 217.2 290.5 256.5 225.3 371.4 265.3 493.4 444.5 292.1 505.8 248.9 336.5 377.5 306.9 277.4 221.1 224.9 216.5 445.9 370.5 181.5 321.4 257.2 403.2 391.4 269.8 409.3 114.4 173.4 221.3 261.5 262.8 354.7 369.2 296.0 230.4 349.0 356.0 390.4 72.6 308.4 502.3 58.1 392.2 373.2 197.0 447.7 232.5 126.4 221.0 332.5 405.6 278.2 326.7 456.6 24.0 293.2 420.7 381.6 262.6 161.9 281.7
1078.0 377.1 344.3 180.0 252.5 217.3 267.9 420.0 336.8 163.1 247.2 305.0 339.0 201.2 352.5 221.9 220.2 234.0 193.3 136.9 202.2 363.3 334.2 232.7 190.4 200.9 222.8 304.6 407.4 162.8 325.7 274.2 236.5 258.8 133.6 154.2 247.9 141.4 232.0 180.0 258.5 375.9 173.1 248.4 0.0 227.1 175.0 265.5 215.1 175.8 164.4 283.2 262.6 252.6 242.6 170.4 338.8 178.7 339.1 150.6 265.5 236.4 308.1 304.5 332.7 327.0 372.2 298.7 322.9 305.4 404.9 283.8 211.2 315.6 359.7 263.7 242.1 418.8 275.6 155.0 177.2 410.1 291.3 196.6 221.1 289.9 322.6 130.2 367.9 232.2 243.8 195.8 190.9 292.0 301.8 143.0 257.7 161.5 115.3 243.6 336.5 246.6 254.2 302.1 284.6 159.2 171.1 164.8 247.4 175.0 235.8 186.3 39.2 276.7 198.6 420.5 371.3 197.4 328.9 6.8 304.0 282.8 212.2 210.7 273.0 213.2 191.8 351.2 275.8 174.8 226.7 232.5 320.2 308.4 135.9 326.3 172.4 166.7 210.0 195.8 128.9 260.0 274.5 201.3 164.7 254.3 261.3 295.7 174.9 213.7 419.3 207.9 297.5 278.5 276.9 353.0 229.6 204.3 196.3 237.8 310.9 184.3 232.0 373.6 214.2 268.5 326.0 286.9 215.8 118.0 196.7
1111.5 381.4 306.1 206.7 191.8 244.0 294.6 424.3 341.1 151.3 280.7 266.8 300.8 189.4 356.8 247.1 250.8 195.8 220.0 121.1 164.0 367.6 296.0 229.9 112.3 293.3 249.5 266.4 411.7 260.3 287.5 273.7 198.3 220.6 231.1 180.9 187.2 168.1 236.3 195.5 286.2 385.5 211.6 263.9 234.8 0.0 246.3 292.2 213.2 28.9 197.9 316.7 266.9 96.2 204.4 203.9 343.1 90.2 325.5 242.7 227.3 251.9 269.9 320.0 337.0 331.3 376.5 321.4 284.7 267.2 409.2 272.0 8.6 277.4 364.0 279.2 268.8 423.1 232.9 143.2 203.9 372.7 230.6 223.3 216.9 305.4 284.4 138.7 393.7 258.9 255.0 211.3 217.6 300.3 290.5 125.9 101.3 149.7 207.4 277.1 298.3 208.4 280.9 306.4 246.4 185.9 86.9 219.9 274.1 201.7 269.3 235.5 204.3 238.5 42.2 424.8 375.6 159.8 290.7 227.9 292.2 222.1 174.0 54.3 299.7 229.8 225.3 313.0 237.6 143.3 214.9 266.0 324.5 312.7 116.6 330.6 187.9 158.8 205.8 222.5 128.2 221.8 236.3 161.8 191.4 216.1 200.6 235.0 190.4 224.0 423.6 223.4 256.3 226.6 303.6 314.8 211.5 231.0 229.8 177.1 272.7 217.8 193.8 377.9 229.7 302.0 287.8 248.7 245.8 150.9 234.2
1107.5 388.6 355.8 134.9 264.0 172.2 222.8 392.1 348.3 174.6 276.7 316.5 350.5 142.2 364.0 175.3 249.7 245.5 130.2 166.4 213.7 374.8 345.7 244.2 219.9 215.3 177.7 316.1 418.9 177.2 337.2 285.7 248.0 270.3 148.0 105.9 259.4 71.1 243.5 209.5 270.8 392.7 37.1 248.4 157.1 238.6 0.0 220.4 40.0 187.3 193.9 312.7 274.1 264.1 254.1 199.9 350.3 208.2 253.7 96.1 277.0 260.4 319.6 262.6 344.2 338.5 383.7 249.6 334.4 316.9 416.4 217.6 227.3 327.1 371.2 232.0 197.0 430.3 282.6 166.5 132.1 379.9 302.8 151.5 85.1 280.8 334.1 159.7 400.9 187.1 255.3 225.3 111.6 304.3 218.7 172.5 269.2 173.0 81.5 273.1 348.0 258.1 209.1 313.6 296.1 96.1 200.6 28.8 202.3 95.7 265.3 11.2 126.6 288.2 210.1 392.6 343.7 209.5 340.4 150.2 237.8 294.3 223.7 222.2 227.9 158.0 216.5 362.7 287.3 204.3 238.2 262.0 331.7 324.9 147.4 337.8 201.9 196.2 74.0 150.7 140.4 271.5 286.0 211.5 101.6 265.8 272.8 307.2 204.4 225.2 430.8 237.4 306.0 290.0 231.8 364.5 67.7 159.2 225.8 249.3 322.4 213.8 243.5 385.1 272.5 298.0 337.5 298.4 241.8 147.5 230.2
1198.0 449.1 416.3 81.8 324.5 213.8 131.0 485.9 408.8 235.1 337.2 377.0 411.0 273.2 424.5 160.6 321.5 306.0 201.7 226.9 274.2 435.3 406.2 304.7 280.4 309.3 42.9 376.6 479.4 271.2 397.7 346.2 308.5 330.8 242.0 184.4 319.9 184.4 304.0 296.1 119.8 453.2 165.5 228.5 251.1 299.1 212.7 0.0 219.0 247.8 313.3 373.2 334.6 322.7 314.6 260.4 410.8 268.7 90.6 249.8 337.5 240.5 380.1 242.7 404.7 399.0 444.2 86.5 394.9 377.4 476.9 355.8 283.2 387.6 431.7 212.1 15.5 490.8 347.4 227.0 136.1 440.4 363.3 59.1 170.8 260.9 394.6 220.2 460.9 87.2 315.8 344.4 171.5 65.4 55.6 233.0 329.7 233.5 223.7 347.8 408.5 318.6 46.0 374.1 356.6 165.2 261.1 173.8 12.0 155.6 371.0 224.0 220.6 348.7 270.6 486.4 437.5 270.0 400.9 244.2 376.0 354.8 284.2 282.7 64.8 104.9 281.8 423.2 347.8 264.8 298.7 322.5 392.2 385.4 207.9 398.3 343.4 256.7 159.7 154.7 200.9 332.0 346.5 272.0 173.1 326.3 333.3 367.7 301.2 291.7 491.3 286.7 366.5 350.5 140.0 425.0 147.1 192.2 286.3 309.8 382.9 358.7 304.0 445.6 252.6 358.5 398.0 358.9 346.6 208.0 358.2
1108.0 321.3 356.3 168.0 264.5 205.3 301.0 354.1 281.0 175.1 277.2 317.0 351.0 102.1 296.7 209.9 250.2 246.0 163.3 166.9 214.2 307.5 346.2 244.7 220.4 175.2 210.8 316.6 389.9 137.1 337.7 286.2 248.5 270.8 107.9 106.4 259.9 31.0 244.0 210.0 232.8 320.1 70.2 281.5 117.0 239.1 33.0 253.5 0.0 187.8 194.4 313.2 274.6 264.6 254.6 200.4 283.0 208.7 313.4 124.9 277.5 293.5 320.1 295.7 276.9 271.2 316.4 336.1 334.9 317.4 349.1 177.5 223.2 327.6 303.9 265.1 230.1 363.0 287.6 167.0 165.2 354.3 303.3 184.6 118.2 308.7 334.6 160.2 312.1 220.2 255.8 225.8 144.7 266.3 276.1 173.0 269.7 173.5 89.6 273.6 348.5 258.6 285.7 246.3 296.6 129.2 201.1 61.9 235.4 128.8 265.8 22.2 86.5 288.7 210.6 354.6 305.7 209.4 340.9 110.1 197.7 294.8 224.2 222.7 310.4 201.2 221.8 363.2 287.8 204.8 238.7 262.5 264.4 252.6 147.9 270.5 202.4 196.7 107.1 183.8 140.9 272.0 286.5 213.3 134.7 266.3 273.3 307.7 204.9 225.7 363.5 237.9 309.5 290.5 310.0 365.0 68.2 192.3 226.3 249.8 322.9 214.3 244.0 317.8 244.2 298.5 338.0 298.9 245.8 148.0 226.7
1082.5 309.9 277.1 177.7 172.3 215.0 265.6 352.8 269.6 122.3 251.7 237.8 271.8 160.4 285.3 218.1 224.7 166.8 191.0 92.1 135.0 296.1 267.0 165.5 83.3 264.3 220.5 237.4 340.2 231.3 258.5 207.0 169.3 191.6 202.1 151.9 167.7 139.1 164.8 166.5 257.2 314.0 182.6 234.9 205.8 51.2 217.3 263.2 184.2 0.0 168.9 287.7 195.4 74.8 175.4 174.9 271.6 61.2 296.5 213.7 198.3 222.9 240.9 291.0 265.5 259.8 305.0 292.4 255.7 238.2 337.7 243.0 35.3 248.4 292.5 250.2 239.8 351.6 208.4 114.2 174.9 309.4 211.1 194.3 187.9 281.6 255.4 109.7 321.7 229.9 183.5 182.3 188.6 271.3 261.5 96.9 81.8 120.7 178.4 248.1 264.7 179.4 251.9 234.9 217.4 154.5 57.9 190.9 245.1 172.7 240.3 206.5 175.3 209.5 22.7 353.3 304.1 130.8 261.7 198.9 263.2 202.6 145.0 34.8 270.7 200.8 185.8 284.0 208.6 114.3 185.9 237.0 253.0 241.2 87.6 259.1 158.9 129.8 176.8 193.5 80.6 192.8 207.3 132.8 162.4 187.1 181.1 215.5 161.4 152.5 352.1 194.4 227.3 207.1 274.6 285.8 177.9 202.0 200.8 157.6 243.7 188.8 164.8 306.4 200.7 273.0 258.8 219.7 216.8 121.9 205.2
991.7 382.5 355.9 168.1 269.6 205.4 256.0 415.3 342.2 180.2 160.9 322.1 356.1 163.3 357.9 208.5 52.8 251.1 181.4 84.0 219.3 368.7 351.3 249.8 137.5 236.4 210.9 321.7 451.1 198.3 342.8 291.3 253.6 275.9 169.1 106.1 265.0 111.5 249.1 100.4 247.6 386.6 208.6 168.8 178.2 234.2 189.7 253.6 156.6 182.9 0.0 196.9 279.7 257.8 259.7 84.1 344.2 145.0 286.9 186.1 282.6 156.8 325.2 224.9 338.1 332.4 377.6 282.8 340.0 322.5 410.3 238.7 218.3 332.7 365.1 184.1 230.2 424.2 288.2 172.1 165.3 373.8 308.4 184.7 178.3 210.3 339.7 96.5 394.8 220.3 260.9 116.2 179.0 261.7 251.9 109.3 264.8 178.6 150.8 79.1 353.6 263.7 242.3 307.5 301.7 144.9 118.2 200.3 235.5 163.1 96.8 178.9 147.7 293.8 205.7 415.8 366.9 215.1 369.5 171.3 258.9 299.9 229.3 217.8 261.1 191.2 105.5 368.3 292.9 121.9 243.8 146.2 325.6 313.8 153.0 331.7 92.8 113.8 167.2 183.9 146.0 277.1 291.6 217.1 152.8 271.4 278.4 312.8 95.3 236.8 424.7 128.3 311.6 295.6 265.0 370.1 154.9 192.4 110.0 254.9 328.0 45.3 249.1 379.0 134.6 182.2 343.1 304.0 73.3 84.3 61.7
1074.0 564.3 438.2 293.9 374.7 331.2 381.8 541.1 524.0 306.0 30.8 499.7 481.9 289.1 539.7 334.3 232.7 376.9 307.2 209.8 345.1 550.5 477.1 419.9 263.3 362.2 336.7 447.5 594.6 324.1 468.6 456.6 379.4 401.7 294.9 231.9 370.1 237.3 419.2 226.2 373.4 568.4 334.4 294.6 304.0 439.2 315.5 379.4 282.4 308.7 176.9 0.0 449.8 355.0 385.5 142.6 526.0 270.8 412.7 311.9 408.4 282.6 468.8 350.7 519.9 514.2 559.4 408.6 550.4 448.3 592.1 364.5 427.9 458.5 546.9 309.9 356.0 606.0 418.3 297.9 291.1 563.8 413.5 310.5 304.1 336.1 532.9 222.3 576.6 346.1 437.9 242.0 304.8 387.5 377.7 235.1 350.6 304.4 276.6 256.1 564.0 389.5 368.1 489.3 503.5 273.1 244.0 326.1 361.3 288.9 248.3 304.7 273.5 419.6 394.6 541.6 492.7 340.9 451.8 297.1 384.7 405.0 355.1 378.4 386.9 317.0 122.0 561.5 418.7 247.7 369.6 57.5 507.4 500.6 278.8 513.5 218.6 239.6 293.0 309.7 290.4 402.9 417.4 344.2 278.6 496.8 383.5 417.9 221.1 400.9 606.5 254.1 437.4 409.5 390.8 495.9 280.7 318.2 111.3 360.0 453.8 196.8 374.9 560.8 260.4 14.6 468.9 429.8 224.8 210.1 213.2
1260.1 208.5 284.7 379.0 174.9 321.9 376.2 251.4 168.2 219.5 429.3 245.4 264.8 239.0 183.9 415.9 402.3 183.3 297.9 319.0 164.6 194.7 231.3 36.4 232.3 218.1 392.3 186.0 238.8 188.1 251.5 256.8 199.6 182.5 219.4 258.8 170.3 246.0 84.5 315.5 308.0 207.3 314.6 383.9 297.9 240.6 316.5 426.7 356.6 189.3 346.5 465.3 0.0 193.4 166.3 352.5 170.2 210.2 388.6 292.1 149.5 371.9 95.0 499.5 164.1 158.4 203.6 411.3 248.7 265.4 236.3 196.8 224.7 197.0 191.1 468.9 403.3 250.2 176.4 211.4 281.8 241.5 213.7 408.5 362.6 512.5 295.0 312.3 199.3 436.6 103.2 331.3 295.5 341.5 351.3 325.1 189.0 212.5 256.8 425.7 262.3 170.3 360.9 133.5 225.0 263.8 206.9 306.3 408.6 279.6 417.9 327.8 267.4 250.1 212.1 251.9 202.7 170.1 269.3 291.0 217.0 205.2 155.3 216.8 385.6 383.9 373.9 323.6 138.5 263.3 146.3 414.6 151.6 139.8 194.5 157.7 307.9 348.8 351.5 300.4 187.5 185.8 247.9 220.7 269.3 194.7 183.7 218.1 310.4 66.2 250.7 343.4 223.3 209.7 385.2 278.8 371.1 308.9 378.4 160.2 192.3 366.4 204.1 205.0 349.7 450.6 146.0 168.3 397.9 300.1 378.8
1144.9 285.1 265.4 240.1 95.5 277.4 328.0 328.0 244.8 184.7 314.1 226.1 265.0 221.2 254.2 280.5 284.2 238.8 253.4 154.5 172.9 273.2 260.2 133.6 145.7 273.6 282.9 230.6 315.4 243.6 251.7 177.4 162.5 184.8 274.9 214.3 90.9 201.5 140.0 227.3 319.6 289.2 245.0 297.3 268.2 82.5 278.1 324.0 246.6 60.7 229.7 348.5 170.6 0.0 168.6 237.3 246.8 123.6 358.9 276.1 193.4 285.3 189.6 353.4 240.7 235.0 280.2 353.2 248.9 231.4 312.9 252.3 72.8 241.6 267.7 312.6 302.2 326.8 197.1 176.6 237.3 284.6 134.3 256.7 250.3 344.0 248.6 172.1 296.9 292.3 158.7 244.7 251.0 333.7 323.9 159.3 5.0 185.3 240.8 310.5 257.9 172.6 314.3 210.1 205.7 216.9 120.3 251.7 307.5 233.5 301.1 268.9 237.7 202.7 39.5 328.5 281.2 170.6 250.0 261.3 272.5 125.8 210.8 23.4 333.1 261.6 248.2 277.2 201.8 176.7 201.8 297.8 228.2 221.4 148.4 234.3 221.7 192.2 237.6 255.9 161.6 186.0 200.5 170.7 224.8 175.4 104.3 138.7 223.8 127.7 327.3 256.8 220.5 130.3 337.0 279.0 240.3 264.4 263.2 80.8 236.9 251.2 158.0 281.6 263.1 335.4 240.6 212.9 277.6 184.3 266.0
1190.2 284.4 236.5 274.2 182.5 311.5 362.1 327.3 244.1 218.8 359.4 197.2 169.8 256.9 259.8 314.6 329.5 291.7 287.5 230.7 273.0 270.6 136.3 122.0 221.9 326.5 317.0 91.0 314.7 296.5 156.5 166.4 104.6 16.1 327.8 248.4 177.9 235.6 192.9 305.1 383.9 288.5 279.1 373.5 373.8 230.2 313.8 359.7 280.7 178.9 276.6 395.4 154.1 201.0 0.0 282.6 246.1 199.8 393.0 310.2 15.1 361.5 57.7 401.9 240.0 234.3 279.5 388.9 153.7 170.4 312.2 305.2 218.9 102.0 267.0 371.3 336.3 326.1 81.4 210.7 271.4 283.9 216.8 290.8 284.4 420.1 200.0 242.4 296.7 326.4 211.6 320.9 285.1 367.8 358.0 235.5 196.6 217.2 274.9 355.8 162.7 3.9 348.4 209.4 176.8 251.0 196.5 287.4 341.6 269.2 348.0 303.0 343.3 155.1 201.7 327.8 278.6 277.9 221.1 366.9 325.4 179.1 263.7 213.8 367.2 297.3 304.0 228.6 25.4 252.9 254.7 344.7 227.5 220.7 184.1 233.6 297.5 268.4 273.3 290.0 177.1 90.8 152.9 200.5 258.9 146.5 186.7 225.7 300.0 180.6 326.6 333.0 125.3 170.7 371.1 183.8 274.4 298.5 308.5 167.8 97.3 296.5 109.1 280.9 339.3 380.7 75.6 73.3 324.5 230.2 312.9
986.6 476.9 350.8 206.5 287.3 243.8 294.4 453.7 436.6 218.6 112.0 412.3 394.5 201.7 452.3 248.4 145.3 289.5 219.8 122.4 257.7 463.1 389.7 332.5 175.9 274.8 249.3 360.1 507.2 236.7 381.2 369.2 292.0 314.3 207.5 144.5 282.7 149.9 331.8 138.8 286.0 475.7 247.0 207.2 216.6 351.8 228.1 292.0 195.0 221.3 89.5 148.0 362.4 267.6 298.1 0.0 438.6 183.4 325.3 224.5 321.0 195.2 381.4 263.3 432.5 426.8 472.0 325.2 463.0 360.9 504.7 277.1 335.9 371.1 459.5 222.5 268.6 518.6 331.1 210.5 203.7 509.9 326.1 223.1 216.7 248.7 445.5 134.9 467.7 258.7 350.5 154.6 217.4 300.1 290.3 147.7 263.2 217.0 189.2 168.7 476.6 302.1 280.7 401.9 416.1 185.7 156.6 238.7 273.9 201.5 160.9 217.3 186.1 332.2 307.2 454.2 405.3 252.9 364.4 209.7 297.3 317.6 267.7 291.0 299.5 239.7 56.6 474.1 331.3 160.3 282.2 97.3 420.0 408.2 191.4 426.1 131.2 152.2 205.6 222.3 184.4 315.5 330.0 256.8 191.2 409.4 296.1 330.5 133.7 313.5 519.1 166.7 353.0 322.1 303.4 408.5 193.3 230.8 61.1 272.6 366.4 109.4 287.5 473.4 173.0 133.3 381.5 342.4 140.9 122.7 121.8
1278.9 162.1 356.3 398.8 253.3 400.3 396.0 151.0 171.5 326.7 448.2 323.8 274.4 282.2 137.5 404.9 421.2 290.5 376.3 319.5 271.8 24.4 274.6 157.9 310.7 325.3 412.1 277.8 77.4 295.3 261.1 335.2 255.3 274.3 288.0 337.2 248.7 324.4 191.7 393.9 327.8 160.9 334.4 462.3 317.7 319.0 336.3 446.5 369.5 267.7 365.4 484.2 190.0 271.8 258.1 371.4 0.0 288.6 408.4 311.9 241.3 450.3 186.8 490.7 167.4 137.6 157.2 431.1 302.3 319.0 189.9 304.0 303.1 286.9 194.4 460.1 423.1 203.8 268.2 318.6 360.2 195.1 292.1 379.6 373.2 503.7 303.5 331.2 152.9 456.4 210.4 409.7 373.9 361.3 371.1 324.3 267.4 319.7 276.6 444.6 315.9 262.1 380.7 87.1 303.4 342.2 285.3 326.1 428.4 358.0 436.8 347.6 287.2 295.5 290.5 151.5 102.3 277.3 347.7 310.8 324.2 283.6 262.5 295.2 405.4 403.7 392.8 332.1 230.3 341.7 253.5 433.5 105.2 119.0 272.9 136.9 386.3 357.2 362.1 378.8 265.9 277.6 293.3 327.9 347.7 273.1 262.1 296.5 388.8 173.4 204.3 421.8 276.9 288.1 405.0 288.4 367.8 387.3 397.3 238.6 284.1 385.3 250.8 208.3 428.1 469.5 237.8 260.1 416.8 319.0 397.7
1047.9 307.5 274.7 175.3 182.9 212.6 263.2 350.4 267.2 119.9 217.1 235.4 269.4 158.0 282.9 217.2 190.1 164.4 188.6 78.9 132.6 293.7 264.6 163.1 70.1 261.9 218.1 235.0 337.8 228.9 256.1 204.6 166.9 189.2 199.7 149.5 178.3 136.7 162.4 153.3 254.8 306.3 180.2 221.7 203.4 109.2 214.9 260.8 181.8 57.9 134.3 253.1 193.0 134.7 173.0 140.3 269.2 0.0 294.1 211.3 195.9 209.7 238.5 277.8 263.1 257.4 302.6 294.0 253.3 235.8 335.3 240.6 93.3 246.0 290.1 237.0 237.4 349.2 206.0 111.8 172.5 340.5 221.7 191.9 185.5 263.2 253.0 48.5 298.3 227.5 181.1 169.1 186.2 268.9 259.1 35.7 139.8 118.3 176.0 213.5 266.9 177.0 249.5 232.5 215.0 154.5 44.7 188.5 242.7 170.3 205.7 204.1 172.9 207.1 80.7 350.9 301.7 127.8 259.3 196.5 260.8 213.2 142.6 92.8 268.3 208.5 161.7 281.6 206.2 101.1 183.5 202.4 250.6 238.8 85.2 256.7 145.7 116.6 174.4 191.1 78.2 190.4 204.9 131.7 160.0 184.7 191.7 226.1 148.2 144.1 349.7 181.2 227.9 208.9 272.2 283.4 180.1 199.6 166.2 168.2 241.3 154.2 162.4 304.0 187.5 238.4 256.4 217.3 185.7 60.7 166.6
1231.0 420.5 455.1 120.6 363.3 246.8 164.0 453.3 380.2 273.9 376.0 415.8 449.8 312.0 395.9 192.1 357.4 344.8 240.5 265.7 313.0 406.7 445.0 343.5 319.2 348.1 81.7 415.4 489.1 310.0 436.5 385.0 347.3 369.6 280.8 223.2 358.7 223.2 342.8 329.1 87.2 419.3 204.3 261.5 289.9 337.9 251.5 116.1 257.8 286.6 346.3 412.0 373.4 363.4 353.4 299.2 382.2 307.5 0.0 288.6 376.3 273.5 418.9 275.7 376.1 370.4 415.6 100.7 433.7 416.2 448.3 394.6 322.0 426.4 403.1 245.1 92.7 462.2 386.4 265.8 174.9 453.5 402.1 97.9 209.6 288.7 433.4 259.0 411.3 126.0 354.6 377.4 210.3 32.8 40.7 271.8 368.5 272.3 262.5 380.8 447.3 357.4 50.3 345.5 395.4 206.4 299.9 212.6 98.0 194.4 404.0 262.8 259.4 387.5 309.4 453.8 404.9 308.2 439.7 283.0 414.8 393.6 323.0 321.5 75.0 153.8 320.6 462.0 386.6 303.6 337.5 361.3 363.6 351.8 246.7 369.7 376.0 295.5 198.5 193.5 239.7 370.8 385.3 312.1 211.9 365.1 372.1 406.5 334.2 324.5 462.7 319.7 408.3 389.3 173.0 463.8 185.9 225.2 325.1 348.6 421.7 391.7 342.8 417.0 285.6 397.3 436.8 397.7 376.1 246.8 395.2
1101.0 303.0 408.0 180.1 316.2 217.4 282.7 335.8 262.7 226.8 270.2 368.7 402.7 103.3 278.4 222.0 243.2 297.7 175.4 159.9 265.9 289.2 397.9 296.4 213.4 176.4 298.8 368.3 371.6 138.3 389.4 337.9 300.2 322.5 109.1 176.1 311.6 155.4 243.5 203.0 214.5 301.8 82.3 293.6 138.8 290.8 84.2 333.2 124.3 239.5 187.4 306.2 326.3 316.3 306.3 193.4 264.7 201.7 295.1 0.0 329.2 259.4 281.5 307.8 258.6 252.9 298.1 317.8 386.6 369.1 330.8 178.7 274.9 379.3 285.6 277.2 309.8 344.7 339.3 218.7 177.3 336.0 355.0 196.7 130.3 320.8 386.3 153.2 293.8 232.3 223.2 218.8 156.8 248.0 257.8 166.0 321.4 153.0 25.2 266.6 400.2 310.3 267.4 228.0 348.3 141.3 194.1 74.0 315.1 140.9 258.8 95.5 108.3 340.4 262.3 336.3 287.4 261.1 392.6 131.9 198.9 346.5 275.9 274.4 292.1 290.4 214.8 414.9 339.5 197.8 232.7 255.5 246.1 234.3 199.6 252.2 195.4 189.7 119.2 195.9 192.6 323.7 338.2 265.0 146.8 318.0 325.0 359.4 197.9 277.4 345.2 230.9 361.2 342.2 291.7 416.7 138.8 204.4 219.3 301.5 374.6 207.3 295.7 299.5 237.2 291.5 389.7 350.6 238.8 141.0 219.7
1194.7 269.2 241.0 278.7 220.2 316.0 366.6 312.1 228.9 312.7 363.9 201.7 154.6 332.2 244.6 319.1 336.9 276.5 292.0 235.2 257.8 255.4 121.1 106.8 226.4 311.3 321.5 75.8 299.5 281.3 141.3 170.9 89.4 32.9 312.6 252.9 215.6 240.1 177.7 309.6 368.7 273.3 283.6 378.0 358.6 234.7 318.3 364.2 285.2 183.4 281.1 399.9 138.9 240.3 16.7 287.1 230.9 204.3 397.5 314.7 0.0 366.0 42.5 406.4 224.8 219.1 264.3 393.4 138.5 155.2 297.0 290.0 218.8 86.8 251.8 375.8 340.8 310.9 72.2 304.6 275.9 260.5 259.0 295.3 288.9 424.6 184.8 246.9 281.5 330.9 196.4 325.4 289.6 402.2 362.5 240.0 234.3 305.7 279.4 360.3 152.1 20.7 352.9 194.2 181.3 257.9 201.0 291.9 346.1 273.7 352.5 307.5 328.1 139.9 206.2 312.6 263.4 262.7 225.6 351.7 310.2 183.6 248.5 218.3 371.7 301.8 298.0 213.4 10.2 257.4 239.5 349.2 212.3 200.5 188.6 218.4 302.4 272.9 277.8 294.5 200.2 75.6 137.7 203.7 263.4 151.0 229.0 263.4 304.5 165.4 311.4 337.5 110.1 175.2 375.6 168.6 283.5 303.0 313.0 205.5 82.1 301.0 93.9 265.7 343.8 385.2 60.4 58.1 329.0 234.7 317.4
1129.5 448.1 454.9 203.7 335.2 160.0 200.0 480.9 407.8 245.8 259.9 387.7 421.7 228.9 423.5 105.3 255.9 316.7 247.0 131.6 284.9 434.3 416.9 315.4 185.1 302.0 246.5 387.3 516.7 263.9 408.4 356.9 319.2 341.5 234.7 171.7 330.6 177.1 314.7 55.5 283.2 446.9 274.2 11.9 243.8 281.8 255.3 271.4 222.2 230.5 244.8 295.9 345.3 307.3 325.3 183.1 409.8 200.6 258.9 251.7 348.2 0.0 390.8 68.0 403.7 398.0 443.2 258.8 405.6 388.1 475.9 304.3 265.9 398.3 430.7 27.2 248.0 489.8 358.3 237.7 230.9 481.1 374.0 220.3 243.9 53.4 405.3 162.1 438.9 255.9 326.5 103.8 244.6 233.7 223.9 174.9 312.4 244.2 216.4 279.3 419.2 329.3 214.3 373.1 367.3 212.9 165.8 265.9 253.3 228.7 302.5 244.5 213.3 359.4 253.3 481.4 432.5 280.1 411.6 236.9 324.5 365.5 294.9 265.4 233.1 236.9 204.5 433.9 358.5 169.5 309.4 245.2 391.2 379.4 257.8 397.3 102.4 161.4 232.8 249.5 250.8 342.7 357.2 284.0 218.4 337.0 344.0 378.4 60.6 296.4 490.3 46.1 380.2 361.2 209.0 435.7 220.5 138.4 209.0 320.5 393.6 197.0 314.7 444.6 12.0 281.2 408.7 369.6 274.6 149.9 293.7
1202.2 225.6 279.7 286.3 176.6 323.6 393.3 268.5 185.3 269.1 371.5 240.4 168.7 288.6 201.0 328.2 344.5 232.9 299.6 242.8 214.2 211.8 135.2 63.2 234.0 267.7 329.1 89.9 255.9 237.7 155.4 209.6 103.5 86.4 269.0 260.5 172.0 247.7 134.1 317.2 325.1 224.4 291.2 385.6 315.0 242.3 325.9 371.8 292.8 191.0 288.7 407.5 95.3 195.1 70.2 294.7 187.3 211.9 405.7 309.2 53.4 373.6 0.0 414.0 181.2 175.5 220.7 428.4 152.6 169.3 253.4 246.4 226.4 100.9 208.2 383.4 348.4 267.3 80.3 261.0 283.5 258.6 215.4 302.9 296.5 427.0 198.9 254.5 216.4 338.5 152.8 333.0 297.2 358.6 368.4 247.6 190.7 262.1 273.9 367.9 166.2 74.2 378.0 150.6 220.0 265.5 208.6 299.5 353.7 281.3 360.1 315.1 284.5 154.0 213.8 269.0 219.8 219.7 264.3 308.1 266.6 206.9 204.9 218.5 402.7 319.5 316.1 227.5 42.4 265.0 195.9 356.8 168.7 156.9 196.2 174.8 309.6 280.5 285.4 302.1 189.2 89.7 151.8 270.3 271.0 189.7 185.4 219.8 312.1 115.8 267.8 345.1 127.2 211.4 402.3 182.7 291.1 310.6 320.6 161.9 96.2 308.6 108.0 222.1 351.4 392.8 49.9 72.2 340.1 242.3 321.0
1136.3 500.8 511.0 210.5 387.9 166.8 206.8 533.6 460.5 298.5 312.6 440.4 474.4 281.6 476.2 113.6 259.8 369.4 299.7 184.3 337.6 487.0 469.6 368.1 237.8 354.7 253.3 440.0 569.4 316.6 461.1 409.6 371.9 394.2 287.4 224.4 383.3 229.8 367.4 108.2 290.0 504.9 245.9 40.6 296.5 334.5 308.0 278.2 274.9 283.2 251.6 348.6 398.0 360.0 378.0 235.8 462.5 253.3 265.7 304.4 400.9 52.6 443.5 0.0 456.4 450.7 495.9 261.6 458.3 440.8 528.6 357.0 323.2 451.0 483.4 20.2 254.8 542.5 410.8 290.4 283.6 492.1 426.7 227.1 251.2 73.0 458.0 214.8 512.6 262.7 379.2 156.5 251.9 240.5 230.7 227.6 365.1 296.9 269.1 286.1 467.3 382.0 221.1 425.8 420.0 265.6 218.5 254.2 260.1 236.0 309.3 297.2 266.0 412.1 306.0 534.1 485.2 333.4 524.6 289.6 377.2 418.2 347.6 318.1 239.9 233.6 257.2 486.6 411.2 222.2 362.1 297.9 443.9 432.1 310.5 450.0 155.1 214.1 240.1 302.2 322.1 395.4 409.9 336.7 271.1 389.7 396.7 431.1 113.3 355.1 543.0 98.8 429.9 413.9 215.8 488.4 227.5 145.2 261.7 373.2 446.3 297.0 367.4 497.3 64.7 333.9 461.4 422.3 284.9 202.6 296.5
1271.8 126.6 349.2 391.7 246.2 393.2 474.8 169.5 57.7 319.6 441.1 316.7 267.3 275.1 102.0 397.8 414.1 283.4 369.2 312.4 264.7 121.2 267.5 150.8 303.6 318.2 405.0 270.7 156.9 288.2 254.0 328.1 248.2 267.2 280.9 330.1 241.6 317.3 184.6 386.8 320.7 125.4 327.3 455.2 310.6 311.9 329.2 439.4 362.4 260.6 358.3 477.1 182.9 264.7 251.0 364.3 96.7 281.5 401.3 304.8 234.2 443.2 179.7 483.6 0.0 130.5 121.7 424.0 295.2 311.9 154.4 296.9 296.0 279.8 80.6 453.0 416.0 168.3 261.1 311.5 353.1 159.6 285.0 372.5 366.1 496.6 296.4 324.1 117.4 449.3 203.3 402.6 366.8 354.2 364.0 317.2 260.3 312.6 269.5 437.5 308.8 255.0 373.6 51.6 296.3 335.1 278.2 319.0 421.3 350.9 429.7 340.5 280.1 288.4 283.4 170.0 120.8 270.2 340.6 303.7 317.1 276.5 255.4 288.1 398.3 396.6 385.7 325.0 223.2 334.6 246.4 426.4 69.7 111.9 265.8 129.8 379.2 350.1 355.0 371.7 258.8 270.5 286.2 320.8 340.6 266.0 255.0 289.4 381.7 166.3 168.8 414.7 269.8 281.0 483.8 281.3 360.7 380.2 390.2 231.5 277.0 378.2 243.7 94.5 421.0 462.4 230.7 253.0 409.7 311.9 390.6
1265.7 154.5 343.1 385.6 240.1 387.1 382.8 197.4 114.2 313.5 435.0 310.6 261.2 269.0 129.9 391.7 408.0 277.3 363.1 306.3 258.6 140.7 261.4 144.7 297.5 312.1 398.9 264.6 184.8 282.1 247.9 322.0 242.1 261.1 274.8 324.0 235.5 311.2 178.5 380.7 314.6 153.3 321.2 449.1 304.5 305.8 323.1 433.3 356.3 254.5 352.2 471.0 176.8 258.6 244.9 358.2 116.2 275.4 395.2 298.7 228.1 437.1 173.6 477.5 110.1 0.0 149.6 417.9 289.1 305.8 182.3 290.8 289.9 273.7 137.1 446.9 409.9 196.2 255.0 305.4 347.0 187.5 278.9 366.4 360.0 490.5 290.3 318.0 145.3 443.2 197.2 396.5 360.7 348.1 357.9 311.1 254.2 306.5 263.4 431.4 302.7 248.9 367.5 79.5 290.2 329.0 272.1 312.9 415.2 344.8 423.6 334.4 274.0 282.3 277.3 197.9 148.7 264.1 334.5 297.6 311.0 270.4 249.3 282.0 392.2 390.5 379.6 318.9 217.1 328.5 240.3 420.3 97.6 39.2 259.7 39.9 373.1 344.0 348.9 365.6 252.7 264.4 280.1 314.7 334.5 259.9 248.9 283.3 375.6 160.2 196.7 408.6 263.7 274.9 391.8 275.2 354.6 374.1 384.1 225.4 270.9 372.1 237.6 151.0 414.9 456.3 224.6 246.9 403.6 305.8 384.5
1322.3 139.7 399.7 442.2 296.7 443.7 439.4 199.4 156.8 370.1 491.6 367.2 317.8 325.6 50.6 446.8 464.6 333.9 419.7 362.9 315.2 171.7 318.0 201.3 354.1 368.7 455.5 321.2 186.8 338.7 304.5 378.6 298.7 317.7 331.4 380.6 292.1 367.8 235.1 437.3 371.2 152.8 377.8 505.7 361.1 362.4 379.7 489.9 412.9 311.1 408.8 527.6 233.4 315.2 301.5 414.8 147.2 332.0 451.8 355.3 284.7 493.7 230.2 534.1 152.7 181.0 0.0 470.5 345.7 362.4 103.0 347.4 346.5 330.3 179.7 503.5 466.5 181.4 312.5 362.0 403.6 66.5 335.5 423.0 416.6 552.3 346.9 374.6 168.9 499.8 253.8 453.1 417.3 404.7 414.5 367.7 310.8 363.1 320.0 488.0 354.7 305.5 424.1 86.8 346.8 385.6 328.7 369.5 471.8 401.4 480.2 391.0 330.6 338.9 333.9 199.9 150.7 320.1 391.1 354.2 367.6 327.0 305.9 338.6 448.8 418.9 425.7 375.5 273.7 385.1 296.9 476.9 99.7 162.4 316.3 180.3 429.7 400.6 405.5 422.2 309.3 321.0 336.7 370.0 391.1 316.5 305.5 339.9 432.2 216.8 181.9 465.2 317.3 331.5 448.4 331.8 411.2 430.7 440.7 282.0 327.5 428.7 294.2 193.6 471.5 512.9 281.2 303.5 456.7 362.4 445.1
1217.5 429.8 441.6 107.1 349.8 233.3 150.5 462.6 389.5 260.4 362.5 402.3 436.3 298.5 405.2 180.1 341.0 331.3 227.0 252.2 299.5 416.0 431.5 330.0 305.7 334.6 68.2 401.9 498.4 296.5 423.0 371.5 333.8 356.1 267.3 209.7 345.2 209.7 329.3 315.6 96.5 433.9 190.8 248.0 276.4 324.4 238.0 102.6 244.3 273.1 332.8 398.5 359.9 348.0 339.9 285.7 391.5 294.0 67.3 275.1 362.8 260.0 405.4 262.2 385.4 379.7 424.9 0.0 420.2 402.7 457.6 381.1 313.1 412.9 412.4 231.6 79.2 471.5 368.4 252.3 161.4 421.1 388.6 84.4 196.1 280.4 419.9 245.5 420.6 112.5 341.1 363.9 196.8 42.1 32.3 258.3 355.0 258.8 249.0 367.3 433.8 343.9 36.8 354.8 381.9 192.9 286.4 199.1 84.5 180.9 390.5 249.3 245.9 374.0 295.9 463.1 414.2 295.3 426.2 269.5 401.3 380.1 309.5 308.0 13.0 130.2 296.6 448.5 373.1 290.1 324.0 347.8 372.9 361.1 233.2 379.0 362.5 282.0 185.0 180.0 226.2 357.3 371.8 297.3 198.4 351.6 358.6 393.0 320.7 317.0 472.0 306.2 391.8 375.8 159.5 450.3 176.3 211.7 311.6 335.1 408.2 378.2 329.3 426.3 272.1 383.8 423.3 384.2 366.1 233.3 377.7
1248.3 334.3 207.9 332.3 228.4 369.6 484.0 296.4 294.0 276.9 417.5 212.4 59.1 370.2 393.4 374.2 390.5 291.3 345.6 288.8 259.5 325.7 102.3 219.7 280.0 424.2 375.1 126.9 332.2 394.2 69.5 181.6 75.5 165.2 376.0 306.5 215.3 293.7 290.6 363.2 415.8 333.1 337.2 431.6 405.7 288.3 371.9 417.8 338.8 237.0 334.7 453.5 251.8 259.1 149.0 340.7 360.7 257.9 496.4 399.9 132.2 419.6 155.4 460.0 289.9 284.2 413.1 519.1 0.0 43.5 445.8 402.9 272.4 114.6 316.9 429.4 394.4 376.0 97.3 268.8 329.5 451.0 232.0 348.9 342.5 473.0 49.7 300.5 325.1 384.5 309.3 379.0 343.2 449.3 459.1 293.6 254.7 275.3 364.6 413.9 13.6 153.0 468.7 259.3 192.0 311.5 254.6 345.5 399.7 327.3 406.1 361.1 375.2 72.2 259.8 296.9 248.0 254.7 221.5 398.8 423.1 194.3 269.5 271.9 493.4 365.5 362.1 78.3 121.2 311.0 352.4 402.8 277.4 265.6 242.2 283.5 355.6 326.5 331.4 348.1 235.2 52.0 60.1 258.6 317.0 161.7 201.9 256.2 358.1 272.3 376.5 391.1 24.5 185.9 493.0 48.2 337.1 356.6 366.6 225.9 133.2 354.6 80.0 330.8 397.4 438.8 173.3 109.2 386.1 288.3 367.0
1241.6 359.1 258.8 325.6 221.7 362.9 413.5 347.3 318.8 270.2 410.8 205.7 113.5 308.3 334.5 367.5 383.8 284.6 338.9 282.1 252.8 376.6 109.8 227.2 273.3 431.7 368.4 134.4 383.1 401.7 101.3 174.9 83.0 172.7 415.2 299.8 208.6 287.0 298.1 356.5 455.0 357.9 330.5 424.9 444.9 281.6 365.2 411.1 332.1 230.3 328.0 446.8 259.3 252.4 156.5 334.0 320.8 251.2 444.4 361.6 139.7 412.9 162.9 453.3 314.7 309.0 354.2 444.3 54.3 0.0 386.9 410.4 265.7 122.1 341.7 422.7 387.7 400.8 104.8 262.1 322.8 392.1 225.3 342.2 335.8 466.3 100.6 293.8 349.9 377.8 316.8 372.3 336.5 488.5 498.3 286.9 248.0 268.6 326.3 407.2 67.9 160.5 399.8 284.1 185.3 304.8 247.9 338.8 393.0 320.6 399.4 354.4 414.4 28.6 253.1 347.8 298.9 248.0 229.6 438.0 430.6 187.6 262.8 265.2 418.6 358.8 355.4 129.2 128.7 304.3 359.9 396.1 302.2 290.4 235.5 308.3 348.9 319.8 324.7 341.4 228.5 59.5 75.1 251.9 310.3 155.0 195.2 249.5 351.4 279.8 401.3 384.4 32.0 179.2 422.5 102.6 330.4 349.9 359.9 219.2 140.7 347.9 87.5 355.6 390.7 432.1 180.8 116.7 379.4 281.6 360.3
1335.1 152.5 412.5 455.0 309.5 456.5 452.2 212.2 169.6 382.9 504.4 380.0 330.6 338.4 54.3 461.1 477.4 346.7 432.5 375.7 328.0 184.5 330.8 214.1 366.9 381.5 468.3 334.0 199.6 351.5 317.3 391.4 311.5 330.5 344.2 393.4 304.9 380.6 247.9 450.1 384.0 168.2 390.6 518.5 373.9 375.2 392.5 502.7 425.7 323.9 421.6 540.4 246.2 328.0 314.3 427.6 160.0 344.8 464.6 368.1 297.5 506.5 243.0 546.9 165.5 193.8 103.1 487.3 358.5 375.2 0.0 360.2 359.3 343.1 192.5 516.3 479.3 194.2 324.4 374.8 416.4 74.7 348.3 435.8 429.4 559.9 359.7 387.4 160.2 512.6 266.6 465.9 430.1 417.5 427.3 380.5 323.6 375.9 332.8 500.8 372.1 318.3 436.9 99.6 359.6 398.4 341.5 382.3 484.6 414.2 493.0 403.8 343.4 351.7 346.7 212.7 163.5 333.5 403.9 367.0 380.4 339.8 318.7 351.4 461.6 459.9 449.0 388.3 286.5 397.9 309.7 489.7 112.5 175.2 329.1 193.1 442.5 413.4 418.3 435.0 322.1 333.8 349.5 384.1 403.9 329.3 318.3 352.7 445.0 229.6 194.7 478.0 333.1 344.3 461.2 344.6 424.0 443.5 453.5 294.8 340.3 441.5 307.0 206.4 484.3 525.7 294.0 316.3 473.0 375.2 453.9
1136.7 312.2 390.0 238.7 248.7 276.0 326.6 361.6 271.9 162.4 305.9 350.7 330.4 97.4 287.6 280.6 278.9 202.5 252.0 195.6 183.8 298.4 374.5 167.8 249.1 76.5 281.5 329.2 342.5 46.5 317.1 319.9 282.2 304.5 77.8 212.9 244.1 200.1 100.0 238.7 296.2 311.0 210.8 307.1 174.5 272.8 212.7 324.2 252.8 221.5 223.1 341.9 168.9 298.3 288.3 229.1 273.9 237.4 376.8 188.3 292.7 295.1 238.2 363.2 267.8 262.1 307.3 399.5 368.6 351.1 340.0 0.0 256.9 340.2 294.8 322.4 300.8 353.9 319.6 154.3 235.9 345.2 287.5 255.3 258.8 348.6 368.3 188.9 303.0 290.9 79.7 254.5 285.3 329.7 339.5 201.7 303.4 147.1 153.0 302.3 382.2 292.3 349.1 237.2 330.3 217.9 229.8 202.5 306.1 269.4 294.5 224.0 144.0 322.4 244.3 362.1 313.2 189.3 374.6 167.6 20.2 279.0 174.5 256.4 373.8 271.9 250.5 396.9 281.7 233.5 89.2 291.2 255.3 243.5 194.6 261.4 231.1 225.4 247.7 254.5 187.6 305.7 320.2 239.9 223.4 300.0 257.5 291.9 233.6 118.3 354.4 266.6 343.2 283.5 335.6 344.4 267.3 263.0 255.0 234.0 335.5 243.0 277.7 308.7 272.9 327.2 289.2 311.5 274.5 176.7 255.4
1102.8 372.7 297.4 198.0 183.1 235.3 285.9 415.6 332.4 142.6 272.0 258.1 292.1 180.7 341.8 240.9 242.1 187.1 211.3 112.4 155.3 361.4 287.3 221.2 103.6 284.6 240.8 257.7 403.0 251.6 278.8 265.0 192.1 211.9 222.4 172.2 178.5 161.9 227.6 186.8 277.5 376.8 202.9 255.2 226.1 11.2 240.1 283.5 204.5 20.2 189.2 308.0 258.2 85.6 195.7 195.2 334.4 81.5 316.8 234.0 218.6 243.2 261.2 313.8 328.3 322.6 370.3 312.7 276.0 258.5 400.5 263.3 0.0 268.7 355.3 270.5 260.1 414.4 224.2 134.5 195.2 372.2 221.9 214.6 208.2 301.9 275.7 130.0 384.5 250.2 246.3 202.6 208.9 291.6 281.8 117.2 92.6 143.2 198.7 268.4 285.0 199.7 272.2 297.7 240.2 174.8 78.2 213.7 265.4 193.0 260.6 226.8 195.6 232.3 33.5 416.1 369.4 153.6 282.0 219.2 283.5 213.4 165.3 45.6 291.0 223.6 206.1 304.3 228.9 134.6 208.7 259.8 315.8 309.0 107.9 321.9 179.6 150.1 197.1 213.8 119.5 213.1 227.6 153.1 182.7 207.4 191.9 226.3 181.7 215.3 414.9 217.2 250.1 217.9 294.9 306.1 198.2 224.8 221.1 168.4 264.0 209.1 185.1 369.2 221.0 293.3 279.1 240.0 237.1 142.2 225.5
1268.4 318.6 271.8 352.4 248.5 389.7 482.7 387.0 278.3 297.0 437.6 232.5 89.1 368.9 294.0 394.3 410.6 364.5 365.7 308.9 345.8 304.8 55.3 194.8 300.1 399.3 395.2 55.2 422.8 369.3 75.8 201.7 95.6 140.3 374.7 326.6 235.4 313.8 265.7 383.3 414.5 317.4 357.3 451.7 404.4 308.4 423.0 437.9 358.9 257.1 354.8 473.6 226.9 314.2 124.1 360.8 280.3 278.0 495.1 398.6 107.3 439.7 130.5 480.1 274.2 268.5 313.7 517.8 117.0 133.7 346.4 378.0 292.5 0.0 301.2 449.5 414.5 360.3 54.4 288.9 349.6 351.6 252.1 369.0 362.6 493.1 163.3 320.6 309.4 404.6 284.4 399.1 363.3 448.0 457.8 313.7 309.8 295.4 363.3 434.0 130.6 128.1 467.4 243.6 212.1 331.6 274.7 365.6 419.8 347.4 426.2 381.2 373.9 146.1 279.9 387.5 338.6 351.3 256.4 397.5 398.2 214.4 336.5 292.0 492.1 385.6 382.2 191.9 96.3 331.1 327.5 422.9 261.7 249.9 262.3 267.8 375.7 346.6 351.5 368.2 255.3 81.8 143.9 278.7 337.1 181.8 222.0 276.3 378.2 247.4 360.8 411.2 91.6 206.0 491.7 103.1 357.2 376.7 386.7 281.0 61.5 374.7 100.1 315.1 417.5 458.9 148.4 41.6 406.2 308.4 387.1
1300.5 155.3 377.9 420.4 274.9 421.9 503.5 198.2 13.0 348.3 469.8 345.4 296.0 303.8 130.7 425.0 442.8 312.1 397.9 341.1 293.4 149.9 296.2 179.5 332.3 346.9 433.7 299.4 185.6 316.9 282.7 356.8 276.9 295.9 309.6 358.8 270.3 346.0 213.3 415.5 349.4 159.4 356.0 483.9 339.3 340.6 357.9 468.1 391.1 289.3 387.0 505.8 211.6 293.4 279.7 393.0 125.4 310.2 430.0 333.5 262.9 471.9 208.4 512.3 62.3 159.2 150.4 448.7 323.9 340.6 183.1 325.6 329.3 308.5 0.0 481.7 444.7 197.0 289.8 340.2 381.8 146.6 313.7 401.2 394.8 530.5 325.1 352.8 167.1 478.0 232.0 431.3 395.5 382.9 392.7 345.9 289.0 341.3 298.2 466.2 337.5 283.7 402.3 80.3 325.0 361.4 306.9 347.7 450.0 379.6 458.4 369.2 308.8 317.1 312.1 198.7 149.5 298.3 369.3 332.4 345.8 305.2 284.1 316.8 427.0 397.1 409.6 353.7 251.9 363.3 275.1 455.1 98.4 145.6 294.5 158.5 408.3 378.8 383.7 400.4 306.1 299.2 314.9 348.2 369.3 294.7 283.7 318.1 410.4 201.0 197.5 443.4 295.5 309.7 512.5 310.0 384.8 408.9 418.9 260.2 305.7 406.9 272.4 13.8 449.7 491.1 259.4 281.7 434.9 340.6 423.3
1101.1 475.4 475.8 175.3 362.5 131.6 171.6 508.2 435.1 273.1 287.2 415.0 449.0 256.2 450.8 76.9 227.5 344.0 274.3 158.9 312.2 461.6 444.2 342.7 212.4 329.3 218.1 414.6 544.0 291.2 435.7 384.2 346.5 368.8 262.0 199.0 357.9 204.4 342.0 82.8 254.8 474.2 210.7 15.2 271.1 309.1 282.6 243.0 249.5 257.8 216.4 323.2 372.6 334.6 352.6 210.4 437.1 227.9 230.5 279.0 375.5 27.2 418.1 25.6 431.0 425.3 470.5 230.4 432.9 415.4 503.2 331.6 293.2 425.6 458.0 0.0 219.6 517.1 385.6 265.0 258.2 508.4 401.3 191.9 216.0 42.4 432.6 189.4 466.2 227.5 353.8 131.1 216.7 205.3 195.5 202.2 339.7 271.5 243.7 250.9 446.5 356.6 185.9 400.4 394.6 240.2 193.1 219.0 224.9 200.8 274.1 271.8 240.6 386.7 280.6 508.7 459.8 307.4 489.4 264.2 351.8 392.8 322.2 292.7 204.7 208.5 231.8 461.2 385.8 196.8 336.7 272.5 418.5 406.7 285.1 424.6 129.7 188.7 204.9 276.8 278.1 370.0 384.5 311.3 245.7 364.3 371.3 405.7 87.9 323.7 517.6 73.4 407.5 388.5 180.6 463.0 192.3 110.0 236.3 347.8 420.9 261.8 342.0 471.9 39.3 308.5 436.0 396.9 246.2 177.2 265.3
1182.4 433.5 400.7 66.2 308.9 198.2 115.4 470.3 393.2 219.5 321.6 361.4 395.4 257.6 408.9 143.5 308.8 290.4 186.1 211.3 258.6 419.7 390.6 289.1 264.8 293.7 27.3 361.0 463.8 255.6 382.1 330.6 292.9 315.2 226.4 168.8 304.3 168.8 288.4 280.5 104.2 432.3 149.9 212.9 235.5 283.5 197.1 23.3 203.4 232.2 297.7 357.6 319.0 309.0 299.0 244.8 395.2 253.1 75.0 234.2 321.9 224.9 364.5 227.1 389.1 383.4 428.6 74.9 379.3 361.8 461.3 340.2 267.6 372.0 416.1 196.5 0.0 475.2 332.0 211.4 120.5 466.5 347.7 43.5 155.2 240.1 379.0 204.6 424.3 71.6 300.2 328.8 155.9 49.8 40.0 217.4 314.1 217.9 208.1 332.2 392.9 303.0 30.4 358.5 341.0 152.0 245.5 158.2 5.2 140.0 355.4 208.4 205.0 333.1 255.0 470.8 421.9 253.8 385.3 228.6 360.4 339.2 268.6 267.1 49.2 99.4 266.2 407.6 332.2 249.2 283.1 306.9 376.6 364.8 192.3 382.7 327.4 241.1 144.1 139.1 185.3 316.4 330.9 257.7 157.5 310.7 317.7 352.1 285.6 270.1 475.7 271.1 353.9 334.9 124.4 409.4 131.5 176.6 270.7 294.2 367.3 343.1 288.4 430.0 237.0 342.9 382.4 343.3 327.5 192.4 346.6
1359.0 51.6 428.2 523.7 325.2 498.3 467.8 227.9 185.3 444.1 528.2 395.7 346.3 361.3 123.6 507.5 501.2 362.4 474.3 417.9 343.7 200.2 346.5 229.8 471.4 434.4 496.4 349.7 215.3 396.3 333.0 407.1 327.2 346.2 367.1 435.2 320.6 422.4 263.6 461.0 424.9 70.3 413.5 529.4 396.8 390.9 415.4 530.8 455.5 339.6 445.4 564.2 261.9 343.7 330.0 451.4 175.7 360.5 518.3 391.0 313.2 517.4 258.7 591.1 181.2 209.5 143.3 518.2 374.2 390.9 176.0 436.7 375.0 358.8 208.2 560.5 507.4 0.0 340.1 436.0 458.2 181.2 364.0 512.6 461.5 604.1 375.4 411.2 78.6 540.7 282.3 476.8 488.0 493.1 483.3 424.0 339.3 411.0 355.7 524.6 387.8 334.0 473.7 115.3 375.3 440.2 357.2 405.2 512.7 472.1 516.8 426.7 366.3 367.4 362.4 228.4 179.2 349.2 419.6 389.9 456.9 355.5 334.4 367.1 492.5 500.8 472.8 404.0 302.2 455.8 325.4 513.5 129.2 190.9 344.8 208.8 453.4 447.7 450.4 476.8 337.8 349.5 365.2 482.3 445.7 345.0 334.0 368.4 455.9 245.3 62.2 488.9 348.8 360.0 476.8 360.3 470.0 485.3 477.3 310.5 356.0 465.3 322.7 222.1 495.2 549.5 309.7 332.0 496.8 399.0 477.7
1215.8 302.3 236.9 299.8 208.1 337.1 387.7 402.8 266.3 244.4 385.0 196.8 108.2 277.4 277.7 335.1 358.0 309.6 313.1 256.3 290.9 288.5 74.4 139.9 247.5 344.4 342.6 29.1 336.9 314.4 94.9 168.1 65.0 89.7 345.7 274.0 199.7 256.1 210.8 330.7 433.6 305.6 304.7 399.1 423.5 256.7 339.4 385.3 306.3 204.5 297.1 415.9 172.0 226.6 73.5 308.2 264.0 225.4 418.6 335.8 56.7 387.1 75.6 427.5 257.9 252.2 296.6 409.4 109.8 126.5 330.1 323.1 239.9 40.1 289.2 396.9 361.9 344.0 0.0 236.3 297.0 301.8 217.2 316.4 310.0 440.5 156.1 268.0 313.8 352.0 229.5 346.5 310.7 467.1 383.6 261.1 222.2 242.8 300.5 381.4 123.4 73.2 374.0 227.3 176.4 279.0 222.1 313.0 367.2 289.7 368.5 328.6 393.0 115.5 227.3 402.5 353.6 295.8 220.7 416.6 343.3 179.5 281.6 239.4 392.8 322.9 324.5 184.7 41.4 278.5 272.6 365.2 245.4 233.6 209.7 251.5 323.1 294.0 298.9 315.6 202.7 46.9 109.0 226.1 284.5 146.9 187.1 241.4 325.6 192.5 344.5 353.5 80.6 171.1 396.7 122.2 304.6 324.1 334.1 193.4 35.4 322.1 65.2 298.8 364.9 406.3 93.5 11.4 345.0 255.8 333.4
1069.9 285.9 253.1 153.9 161.3 191.2 241.8 328.8 245.6 8.0 239.1 213.8 247.8 83.6 261.3 195.8 212.1 142.8 167.2 128.8 111.0 272.1 243.0 141.5 127.6 187.5 196.7 213.4 316.2 154.5 234.5 183.0 145.3 167.6 125.3 128.1 156.7 115.3 140.8 210.8 233.4 284.7 158.8 267.4 176.6 135.9 214.8 239.4 160.4 84.6 156.3 275.1 171.4 161.4 151.4 162.3 247.6 105.5 272.7 190.4 174.3 267.2 216.9 281.6 241.5 235.8 281.0 272.6 231.7 214.2 313.7 166.2 120.0 224.4 268.5 251.0 216.0 327.6 184.4 0.0 151.1 318.9 200.1 170.5 164.1 294.6 231.4 122.1 276.7 206.1 126.2 226.6 164.8 247.5 237.7 134.9 166.5 43.9 155.1 235.5 245.3 155.4 228.1 210.9 193.4 133.1 102.2 204.6 221.3 148.9 227.7 226.1 146.1 185.5 107.4 329.3 280.1 106.2 237.7 169.7 186.4 191.6 121.0 119.5 246.9 187.1 183.7 260.0 184.6 158.6 109.1 224.4 229.0 217.2 63.8 235.1 203.2 158.6 153.0 169.7 56.8 168.8 183.3 110.1 138.6 163.1 170.1 204.5 205.7 122.5 328.1 238.7 206.3 187.3 250.8 261.8 158.7 178.2 188.2 146.6 219.7 176.2 140.8 282.4 245.0 260.4 234.8 195.7 207.7 109.9 188.6
1101.8 386.6 353.8 49.6 262.0 104.9 155.5 425.7 346.3 172.6 274.7 314.5 348.5 210.7 362.0 109.5 278.7 243.5 139.2 164.4 211.7 372.8 343.7 242.2 217.9 246.8 92.4 314.1 416.9 208.7 335.2 283.7 246.0 268.3 179.5 121.9 257.4 121.9 241.5 248.7 129.1 385.4 103.0 181.1 188.6 236.6 150.2 135.1 156.5 185.3 267.6 310.7 272.1 262.1 252.1 197.9 348.3 206.2 168.4 187.3 275.0 193.1 317.6 195.3 342.2 336.5 381.7 168.3 332.4 314.9 414.4 293.3 220.7 325.1 369.2 164.7 111.7 428.3 285.1 164.5 0.0 419.6 300.8 66.2 108.3 208.3 332.1 157.7 377.4 101.8 253.3 297.0 109.0 143.2 133.4 170.5 267.2 171.0 161.2 302.1 346.0 256.1 123.8 311.6 294.1 105.1 198.6 111.3 117.0 93.1 325.3 161.5 158.1 286.2 208.1 426.2 377.3 206.9 338.4 181.7 313.5 292.3 221.7 220.2 142.6 82.8 219.3 360.7 285.3 202.3 236.2 260.0 329.7 317.9 145.4 335.8 295.6 194.2 97.2 33.3 138.4 269.5 284.0 210.8 110.6 263.8 270.8 305.2 253.8 223.2 428.8 239.3 307.0 288.0 164.5 362.5 84.6 91.9 223.8 247.3 320.4 313.0 241.5 383.1 205.2 296.0 335.5 296.4 297.4 145.5 316.5
1304.8 122.2 382.2 424.7 279.2 426.2 421.9 181.9 131.1 352.6 474.1 384.6 300.3 299.9 15.9 421.1 438.9 316.4 402.2 345.4 297.7 146.0 300.5 175.6 336.6 351.2 438.0 303.7 161.1 321.2 287.0 352.9 273.0 292.0 313.9 363.1 274.6 385.2 217.6 411.6 353.7 135.3 360.3 488.2 343.6 336.7 354.0 464.2 395.4 328.5 391.3 545.0 215.9 289.5 275.8 397.3 129.7 314.5 434.3 337.8 267.2 476.2 212.7 508.4 135.2 163.5 64.6 453.0 328.2 344.9 36.4 329.9 320.8 312.8 162.2 486.0 449.0 163.9 295.0 344.5 386.1 0.0 318.0 405.5 399.1 521.4 329.4 357.1 150.9 482.3 236.3 435.6 399.8 387.2 397.0 350.2 293.3 337.4 302.5 470.5 333.6 288.0 406.6 69.3 321.1 359.9 311.2 352.0 454.3 418.8 454.5 373.5 313.1 321.4 316.4 217.3 168.1 294.4 408.5 336.7 350.1 309.5 288.4 321.1 431.3 393.2 413.9 358.0 256.2 367.6 314.3 451.2 82.2 136.7 290.6 162.8 404.0 383.1 379.8 404.7 283.6 303.5 319.2 345.6 373.6 299.0 288.0 322.4 414.7 191.1 164.4 447.7 291.6 314.0 430.9 314.3 385.5 448.1 423.2 264.5 310.0 411.2 276.7 176.1 454.0 495.4 263.7 286.0 431.0 344.9 419.4
1150.0 334.0 183.8 308.8 101.8 346.1 396.7 376.9 293.7 253.4 394.0 144.5 249.1 291.5 309.4 350.7 367.0 267.8 322.1 265.3 236.0 320.2 244.3 189.6 256.5 322.5 351.6 215.3 364.3 292.5 235.8 43.0 146.6 209.7 323.8 283.0 47.0 270.2 188.9 339.7 388.3 332.8 313.7 408.1 336.9 264.8 348.4 394.3 315.3 213.5 311.2 430.0 219.5 142.9 193.5 317.2 295.7 234.4 427.6 344.8 216.4 396.1 243.8 436.5 289.6 283.9 329.1 427.5 233.0 215.5 361.8 301.2 248.9 226.3 316.6 405.9 370.9 375.7 185.7 245.3 306.0 367.0 0.0 325.4 319.0 449.5 232.7 277.0 324.8 361.0 207.6 355.5 319.7 402.4 392.6 270.1 138.5 251.8 309.5 390.4 246.6 197.5 383.0 259.0 124.1 288.0 231.1 322.0 376.2 303.8 382.6 337.6 306.4 186.8 182.5 377.4 328.2 231.2 168.4 330.0 321.4 81.9 246.0 166.3 401.8 342.0 338.6 261.3 209.6 287.5 250.7 379.3 277.1 265.3 218.7 283.2 332.1 303.0 307.9 324.6 211.7 170.1 184.6 235.1 293.5 93.8 60.4 31.0 334.6 170.6 376.2 367.6 207.6 78.5 405.7 263.1 313.6 333.1 343.1 87.1 221.6 331.1 142.1 330.5 373.9 415.3 261.7 197.6 362.6 264.8 343.5
1108.8 389.9 357.1 22.6 265.3 135.0 142.5 429.0 349.6 175.9 278.0 317.8 351.8 214.0 365.3 170.6 335.9 246.8 142.5 167.7 215.0 376.1 347.0 245.5 221.2 250.1 26.1 317.4 420.2 212.0 338.5 287.0 249.3 271.6 182.8 125.2 260.7 125.2 244.8 210.8 102.1 388.7 106.3 240.0 191.9 239.9 153.5 68.8 159.8 188.6 195.2 314.0 275.4 265.4 255.4 201.2 351.6 209.5 102.1 190.6 278.3 252.0 320.9 254.2 345.5 339.8 385.0 102.0 335.7 318.2 417.7 296.6 224.0 328.4 372.5 223.6 45.4 431.6 288.4 167.8 76.9 422.9 304.1 0.0 111.6 267.2 335.4 161.0 380.7 35.5 256.6 226.6 112.3 76.9 67.1 173.8 270.5 174.3 164.5 359.3 349.3 259.4 57.5 314.9 297.4 108.4 201.9 114.6 50.7 96.4 266.6 164.8 161.4 289.5 211.4 429.5 380.6 210.2 341.7 185.0 316.8 295.6 225.0 223.5 76.3 55.8 222.6 364.0 288.6 205.6 239.5 263.3 333.0 321.2 148.7 339.1 203.2 197.5 100.5 95.5 141.7 272.8 287.3 214.1 113.9 267.1 274.1 308.5 205.7 226.5 432.1 298.2 310.3 291.3 151.5 365.8 87.9 122.0 227.1 250.6 323.7 215.1 244.8 386.4 264.1 299.3 338.8 299.7 246.6 148.8 227.5
1088.6 369.7 336.9 109.0 245.1 146.3 196.9 408.8 329.4 155.7 257.8 297.6 331.6 193.8 345.1 150.9 230.8 226.6 104.3 147.5 194.8 355.9 326.8 225.3 201.0 229.9 151.8 297.2 400.0 191.8 318.3 266.8 229.1 251.4 162.6 105.0 240.5 105.0 224.6 190.6 188.5 368.5 33.9 222.5 171.7 219.7 81.1 194.5 121.2 168.4 175.0 293.8 255.2 245.2 235.2 181.0 331.4 189.3 227.8 118.2 258.1 234.5 300.7 236.7 325.3 319.6 364.8 227.7 315.5 298.0 397.5 276.4 203.8 308.2 352.3 206.1 171.1 411.4 268.2 147.6 106.2 402.7 283.9 125.6 0.0 249.7 315.2 140.8 360.5 161.2 236.4 206.4 85.7 202.6 192.8 153.6 250.3 154.1 103.6 254.2 329.1 239.2 183.2 294.7 277.2 70.2 181.7 42.2 176.4 69.8 246.4 92.4 141.2 269.3 191.2 409.3 360.4 190.0 321.5 164.8 296.6 275.4 204.8 203.3 202.0 142.2 202.4 343.8 268.4 185.4 219.3 243.1 312.8 301.0 128.5 318.9 183.0 177.3 8.5 124.8 121.5 252.6 267.1 193.9 75.7 246.9 253.9 288.3 185.5 206.3 411.9 218.5 290.1 271.1 205.9 345.6 67.7 133.3 206.9 230.4 303.5 194.9 224.6 366.2 246.6 279.1 318.6 279.5 226.4 128.6 207.3
1146.4 483.3 521.1 220.6 370.4 176.9 216.9 516.1 443.0 281.0 295.1 422.9 456.9 264.1 452.4 123.7 269.9 351.9 282.2 166.8 320.1 473.0 452.1 343.5 220.3 337.2 263.4 422.5 555.4 299.1 443.6 392.1 354.4 376.7 269.9 206.9 365.8 212.3 349.9 90.7 300.1 487.4 256.0 23.1 279.0 320.5 290.5 288.3 257.4 265.7 265.2 331.1 380.5 340.6 360.5 218.3 445.0 235.8 275.8 286.9 386.9 35.1 426.0 88.4 438.9 433.2 481.9 275.2 440.8 423.3 511.1 339.5 305.7 433.5 465.9 44.1 264.9 525.0 389.0 272.9 266.1 482.8 409.2 237.2 261.3 0.0 440.5 197.3 495.1 272.8 361.7 139.0 262.0 250.6 240.8 210.1 347.6 281.6 251.6 296.2 449.8 364.5 231.2 408.3 402.5 245.7 201.0 304.6 270.2 249.6 322.9 279.7 248.5 394.6 288.5 520.1 467.7 315.9 538.2 272.1 359.7 400.7 330.1 300.6 250.0 243.7 229.2 469.1 393.7 204.7 344.6 280.4 426.4 419.6 296.5 432.5 138.0 196.6 250.2 284.7 304.6 377.9 392.4 317.9 253.6 372.2 379.2 413.6 95.8 337.6 525.5 81.3 415.9 396.4 225.9 470.9 251.1 155.3 244.2 355.7 428.8 307.1 349.9 479.8 47.2 316.4 443.9 404.8 295.0 185.1 310.1
1246.8 354.4 228.0 330.8 226.9 368.1 418.7 316.5 314.1 275.4 416.0 210.9 126.5 390.3 413.5 372.7 389.0 289.8 344.1 287.3 258.0 345.8 146.2 263.6 278.5 463.2 373.6 170.8 352.3 425.3 136.9 180.1 104.3 209.1 396.1 305.0 213.8 292.2 243.1 361.7 435.9 353.2 335.7 430.1 425.8 286.8 370.4 416.3 337.3 235.5 333.2 452.0 295.7 257.6 192.9 339.2 380.8 256.4 516.5 366.8 176.1 418.1 199.3 458.5 310.0 304.3 433.2 539.2 67.3 87.4 465.9 441.9 270.9 158.5 337.0 427.9 392.9 396.1 141.2 267.3 328.0 471.1 230.5 347.4 341.0 471.5 0.0 299.0 345.2 383.0 261.8 377.5 341.7 469.4 479.2 292.1 253.2 273.8 331.5 412.4 80.9 196.9 488.8 279.4 190.5 310.0 253.1 344.0 398.2 325.8 404.6 359.6 395.3 102.5 258.3 317.0 268.1 253.2 241.6 418.9 462.1 192.8 268.0 270.4 513.5 364.0 360.6 28.5 165.1 309.5 304.9 401.3 297.5 285.7 240.7 303.6 354.1 325.0 329.9 346.6 233.7 95.9 36.2 257.1 315.5 160.2 200.4 254.7 356.6 224.8 396.6 389.6 68.4 184.4 427.7 115.6 335.6 355.1 365.1 224.4 177.1 353.1 99.8 350.9 395.9 437.3 217.2 153.1 384.6 286.8 365.5
999.4 356.0 363.6 149.8 231.4 187.1 237.7 397.0 315.7 168.4 168.6 283.9 317.9 145.0 331.4 191.7 141.6 212.9 163.1 58.3 181.1 342.2 313.1 211.6 111.8 218.1 192.6 283.5 386.3 180.0 304.6 253.1 215.4 237.7 150.8 87.8 226.8 93.2 210.9 101.4 229.3 354.8 190.3 169.8 159.9 157.7 171.4 235.3 138.3 106.4 85.8 204.6 241.5 183.2 221.5 91.8 317.7 48.5 268.6 167.8 244.4 157.8 287.0 225.9 311.6 305.9 351.1 268.5 301.8 284.3 383.8 220.4 141.8 294.5 338.6 185.1 211.9 397.7 254.5 160.3 147.0 389.0 270.2 166.4 160.0 211.3 301.5 0.0 346.8 202.0 229.6 117.2 160.7 243.4 233.6 12.8 188.3 166.8 132.5 165.0 315.4 225.5 224.0 281.0 263.5 129.0 92.5 182.0 217.2 144.8 157.2 160.6 129.4 255.6 129.2 397.5 348.6 176.3 377.2 153.0 240.6 261.7 191.1 141.3 242.8 183.0 113.2 330.1 254.7 96.2 232.0 153.9 299.1 287.3 133.7 305.2 93.8 88.1 148.9 165.6 126.7 238.9 253.4 180.2 134.5 233.2 240.2 274.6 96.3 192.6 398.2 129.3 276.4 257.4 246.7 331.9 136.6 174.1 117.7 216.7 289.8 105.7 210.9 352.5 135.6 189.9 304.9 265.8 137.2 12.1 118.1
1307.5 45.3 424.9 444.4 321.9 446.8 441.6 224.6 182.0 392.6 476.7 392.9 343.0 282.6 137.7 449.9 450.2 359.1 422.8 366.4 340.4 196.9 343.2 227.0 419.9 382.9 457.7 346.4 212.0 344.8 329.7 403.8 323.9 312.7 315.6 383.7 317.3 370.9 260.3 409.5 373.4 41.4 362.0 477.9 345.3 387.6 336.7 464.9 404.0 336.8 393.9 512.7 258.6 340.9 296.5 399.9 172.4 408.2 454.0 339.5 309.9 465.9 255.4 506.8 177.9 206.2 156.9 472.7 370.9 387.6 189.6 385.2 372.2 355.5 204.9 493.2 468.7 106.0 337.3 384.5 406.7 161.3 360.7 426.1 410.0 519.9 372.1 359.7 0.0 502.0 279.0 425.3 436.5 406.9 416.7 372.5 336.0 360.0 304.2 473.1 385.0 330.7 426.3 112.0 372.0 389.2 400.6 353.7 474.0 393.4 465.8 375.2 314.8 364.1 359.1 225.6 176.4 428.0 416.8 338.4 405.4 352.2 331.1 363.8 451.0 421.6 411.3 400.7 298.9 404.3 322.6 462.0 80.7 188.1 338.2 205.5 402.4 396.2 371.7 425.3 358.9 346.2 361.9 431.3 394.2 341.7 330.7 365.1 404.4 242.5 87.5 410.2 342.5 356.7 450.6 357.0 419.0 433.8 425.8 307.2 352.7 413.8 319.4 218.8 443.7 498.0 306.4 328.7 441.8 347.5 430.7
1133.1 414.2 381.4 46.9 289.6 159.3 139.3 453.3 373.9 200.2 302.3 342.1 376.1 238.3 389.6 167.4 332.7 271.1 166.8 192.0 239.3 400.4 371.3 269.8 245.5 274.4 22.9 341.7 444.5 236.3 362.8 311.3 273.6 295.9 207.1 149.5 285.0 149.5 269.1 304.4 126.4 413.0 130.6 236.8 216.2 264.2 177.8 65.6 184.1 212.9 219.5 338.3 299.7 289.7 279.7 225.5 375.9 233.8 98.9 214.9 302.6 248.8 345.2 251.0 369.8 364.1 409.3 98.8 360.0 342.5 442.0 320.9 248.3 352.7 396.8 220.4 42.2 455.9 312.7 192.1 101.2 447.2 328.4 24.2 135.9 264.0 359.7 185.3 405.0 0.0 280.9 250.9 136.6 73.7 63.9 198.1 294.8 198.6 188.8 356.1 373.6 283.7 54.3 339.2 321.7 132.7 226.2 138.9 47.5 120.7 379.3 189.1 185.7 313.8 235.7 453.8 404.9 234.5 366.0 209.3 341.1 319.9 249.3 247.8 73.1 80.1 246.9 388.3 312.9 229.9 263.8 287.6 357.3 345.5 173.0 363.4 227.5 221.8 124.8 119.8 166.0 297.1 311.6 238.4 138.2 291.4 298.4 332.8 309.5 250.8 456.4 295.0 334.6 315.6 148.3 390.1 112.2 146.3 251.4 274.9 348.0 239.4 269.1 410.7 260.9 323.6 363.1 324.0 351.4 173.1 251.8
1175.0 232.4 278.7 244.6 168.9 281.9 400.1 275.3 192.1 116.2 344.2 239.4 250.6 135.7 207.8 286.5 317.2 122.7 257.9 233.9 104.0 218.6 294.7 88.0 218.3 114.8 287.4 249.4 262.7 84.8 237.3 250.8 170.9 193.2 116.1 218.8 164.3 206.0 20.2 277.0 331.9 231.2 249.1 345.4 212.8 226.6 251.0 330.1 291.1 175.3 261.4 380.2 89.1 187.4 177.0 267.4 194.1 196.2 412.5 226.6 212.9 333.4 158.4 372.3 188.0 182.3 227.5 435.2 257.3 239.8 260.2 93.5 210.7 260.4 215.0 341.7 306.7 274.1 239.8 108.1 241.8 265.4 207.7 261.2 297.1 385.3 257.0 227.2 223.2 296.8 0.0 292.8 255.5 365.4 375.2 240.0 183.0 109.2 191.3 340.6 270.9 181.0 384.8 157.4 219.0 223.8 192.9 240.8 312.0 239.6 332.8 262.3 182.3 211.1 198.1 275.8 226.6 109.5 263.3 205.9 113.7 199.2 94.7 210.2 409.5 277.8 288.8 285.6 201.9 271.8 43.0 329.5 175.5 163.7 154.5 181.6 269.4 263.7 286.0 260.4 147.5 194.4 208.9 160.1 229.3 188.7 177.7 212.1 271.9 38.5 274.6 304.9 231.9 203.7 409.1 264.6 249.4 268.9 293.3 154.2 255.7 281.3 166.4 228.9 311.2 365.5 209.4 231.7 312.8 215.0 293.7
1053.7 411.1 417.9 196.7 298.2 234.0 284.6 443.9 370.8 208.8 222.9 350.7 384.7 191.9 386.5 192.8 195.9 279.7 210.0 94.6 247.9 397.3 379.9 278.4 148.1 265.0 239.5 350.3 479.7 226.9 371.4 319.9 282.2 304.5 197.7 134.7 293.6 140.1 277.7 31.0 276.2 409.9 237.2 99.4 206.8 244.8 218.3 282.2 185.2 193.5 140.1 258.9 308.3 270.3 288.3 146.1 372.8 163.6 315.5 214.7 311.2 87.4 353.8 155.5 366.7 361.0 406.2 315.4 368.6 351.1 438.9 267.3 228.9 361.3 393.7 114.7 258.8 452.8 321.3 200.7 193.9 444.1 337.0 213.3 206.9 140.9 368.3 125.1 401.9 248.9 289.5 0.0 207.6 290.3 280.5 137.9 275.4 207.2 179.4 219.3 382.2 292.3 270.9 336.1 330.3 175.9 128.8 228.9 264.1 191.7 211.5 207.5 176.3 322.4 216.3 444.4 395.5 243.1 374.6 199.9 287.5 328.5 257.9 228.4 289.7 229.9 167.5 396.9 321.5 132.5 272.4 208.2 354.2 342.4 220.8 360.3 65.4 124.4 195.8 212.5 213.8 305.7 320.2 247.0 181.4 300.0 307.0 341.4 25.9 259.4 453.3 58.9 343.2 324.2 293.6 398.7 183.5 221.0 172.0 283.5 356.6 160.0 277.7 407.6 65.2 244.2 371.7 332.6 191.5 112.9 172.4
1091.4 372.5 339.7 111.8 247.9 149.1 199.7 411.6 332.2 158.5 260.6 300.4 334.4 196.6 347.9 153.7 233.6 229.4 107.1 150.3 197.6 358.7 329.6 228.1 203.8 232.7 154.6 300.0 402.8 194.6 321.1 269.6 231.9 254.2 165.4 107.8 243.3 107.8 227.4 193.4 191.3 371.3 62.5 225.3 174.5 222.5 109.7 197.3 142.4 171.2 177.8 296.6 258.0 248.0 238.0 183.8 334.2 192.1 230.6 146.8 260.9 237.3 303.5 239.5 328.1 322.4 367.6 230.5 318.3 300.8 400.3 279.2 206.6 311.0 355.1 208.9 173.9 414.2 271.0 150.4 109.0 405.5 286.7 128.4 67.8 252.5 318.0 143.6 363.3 164.0 239.2 209.2 0.0 205.4 195.6 156.4 253.1 156.9 132.2 257.0 331.9 242.0 186.0 297.5 280.0 73.0 184.5 70.8 179.2 14.9 249.2 121.0 144.0 272.1 194.0 412.1 363.2 192.8 324.3 167.6 299.4 278.2 207.6 206.1 204.8 145.0 205.2 346.6 271.2 188.2 222.1 245.9 315.6 303.8 131.3 321.7 185.8 180.1 56.7 127.6 124.3 255.4 269.9 196.7 78.5 249.7 256.7 291.1 188.3 209.1 414.7 221.3 292.9 273.9 208.7 348.4 70.5 136.1 209.7 233.2 306.3 197.7 227.4 369.0 249.4 281.9 321.4 282.3 229.2 131.4 210.1
1200.0 387.6 424.1 89.6 332.3 215.8 133.0 420.4 347.3 242.9 345.0 384.8 418.8 281.0 363.0 161.1 326.4 313.8 209.5 234.7 282.0 373.8 414.0 312.5 288.2 317.1 50.7 384.4 456.2 279.0 405.5 354.0 316.3 338.6 249.8 192.2 327.7 192.2 311.8 298.1 54.3 386.4 173.3 230.5 258.9 306.9 220.5 85.1 226.8 255.6 315.3 381.0 342.4 332.4 322.4 268.2 349.3 276.5 47.0 257.6 345.3 242.5 387.9 244.7 343.2 337.5 382.7 69.7 402.7 385.2 415.4 363.6 291.0 395.4 370.2 214.1 61.7 429.3 355.4 234.8 143.9 420.6 371.1 66.9 178.6 257.7 402.4 228.0 378.4 95.0 323.6 346.4 179.3 0.0 9.7 240.8 337.5 241.3 231.5 349.8 416.3 326.4 19.3 312.6 364.4 175.4 268.9 181.6 67.0 163.4 373.0 231.8 228.4 356.5 278.4 420.9 372.0 277.2 408.7 252.0 383.8 362.6 292.0 290.5 44.0 122.8 289.6 431.0 355.6 272.6 306.5 330.3 330.7 318.9 215.7 336.8 345.0 264.5 167.5 162.5 208.7 339.8 354.3 281.1 180.9 334.1 341.1 375.5 303.2 293.5 429.8 288.7 377.3 358.3 142.0 432.8 154.9 194.2 294.1 317.6 390.7 360.7 311.8 384.1 254.6 366.3 405.8 366.7 345.1 215.8 364.2
1190.2 397.4 414.3 79.8 322.5 206.0 123.2 430.2 357.1 233.1 335.2 375.0 409.0 271.2 372.8 151.3 316.6 304.0 199.7 224.9 272.2 383.6 404.2 302.7 278.4 307.3 40.9 374.6 466.0 269.2 395.7 344.2 306.5 328.8 240.0 182.4 317.9 182.4 302.0 288.3 64.1 396.2 163.5 220.7 249.1 297.1 210.7 75.3 217.0 245.8 305.5 371.2 332.6 322.6 312.6 258.4 359.1 266.7 34.9 247.8 335.5 232.7 378.1 234.9 353.0 347.3 392.5 59.9 392.9 375.4 425.2 353.8 281.2 385.6 380.0 204.3 51.9 439.1 345.6 225.0 134.1 430.4 361.3 57.1 168.8 247.9 392.6 218.2 388.2 85.2 313.8 336.6 169.5 9.7 0.0 231.0 327.7 231.5 221.7 340.0 406.5 316.6 9.5 322.4 354.6 165.6 259.1 171.8 57.2 153.6 363.2 222.0 218.6 346.7 268.6 430.7 381.8 267.4 398.9 242.2 374.0 352.8 282.2 280.7 34.2 113.0 279.8 421.2 345.8 262.8 296.7 320.5 340.5 328.7 205.9 346.6 335.2 254.7 157.7 152.7 198.9 330.0 344.5 271.3 171.1 324.3 331.3 365.7 293.4 283.7 439.6 278.9 367.5 348.5 132.2 423.0 145.1 184.4 284.3 307.8 380.9 350.9 302.0 393.9 244.8 356.5 396.0 356.9 335.3 206.0 354.4
1012.2 343.2 376.4 162.6 218.6 199.9 250.5 386.1 302.9 155.6 181.4 271.1 305.1 193.7 318.6 204.5 154.4 200.1 175.9 71.1 168.3 329.4 300.3 198.8 105.8 230.9 205.4 270.7 373.5 192.8 291.8 240.3 202.6 224.9 163.6 100.6 214.0 106.0 198.1 114.2 242.1 342.0 203.1 182.6 172.7 144.9 184.2 248.1 151.1 93.6 98.6 217.4 228.7 170.4 208.7 104.6 304.9 35.7 281.4 180.6 231.6 170.6 274.2 238.7 298.8 293.1 338.3 281.3 289.0 271.5 371.0 276.3 129.0 281.7 325.8 197.9 224.7 384.9 241.7 147.5 159.8 376.2 257.4 179.2 172.8 224.1 288.7 12.8 334.0 214.8 216.8 130.0 173.5 256.2 246.4 0.0 175.5 154.0 145.3 177.8 302.6 212.7 236.8 268.2 250.7 141.8 80.4 194.8 230.0 157.6 170.0 173.4 142.2 242.8 116.4 386.6 337.4 163.5 295.0 165.8 296.5 248.9 178.3 128.5 255.6 195.8 126.0 317.3 241.9 109.0 219.2 166.7 286.3 274.5 120.9 292.4 106.6 100.9 161.7 178.4 113.9 226.1 240.6 167.4 147.3 220.4 227.4 261.8 109.1 179.8 385.4 142.1 263.6 244.6 259.5 319.1 149.4 186.9 130.5 203.9 277.0 118.5 198.1 339.7 148.4 202.7 292.1 253.0 150.0 25.0 130.9
1149.3 280.0 260.3 240.6 90.4 277.9 328.5 322.9 239.7 185.2 318.5 221.0 259.9 223.3 255.4 282.5 291.5 233.7 253.9 158.9 167.8 266.2 255.1 135.6 150.1 268.5 283.4 225.5 310.3 238.5 246.6 172.3 157.4 179.7 269.8 214.8 85.8 202.0 134.9 233.3 320.1 278.8 245.5 301.7 268.7 88.5 280.2 326.1 247.1 66.7 235.7 354.5 165.5 4.4 163.5 241.7 241.7 128.0 359.4 276.6 186.4 289.7 184.5 357.8 235.6 229.9 275.1 359.3 243.8 226.3 307.8 247.2 72.6 236.5 262.6 317.0 302.7 321.7 196.5 177.1 237.8 313.0 129.2 257.2 250.8 343.2 243.5 176.5 270.8 292.8 153.6 249.1 251.5 334.2 324.4 163.7 0.0 183.6 241.3 314.9 257.4 167.5 314.8 205.0 200.6 219.8 124.7 253.8 308.0 235.6 307.1 269.4 238.2 197.6 43.9 323.4 274.2 163.0 244.9 261.8 267.4 120.7 205.7 27.8 333.6 273.8 263.1 272.1 196.7 181.1 196.7 303.8 223.1 211.3 150.5 229.2 225.7 196.6 239.7 256.4 143.5 180.9 195.4 166.9 225.3 170.3 99.2 133.6 228.2 116.6 322.2 261.2 218.4 125.2 337.5 273.9 245.4 264.9 267.6 75.7 231.8 255.6 152.9 276.5 267.5 339.8 235.5 207.8 287.1 188.7 268.0
1094.8 304.6 271.8 172.6 180.0 209.9 260.5 347.5 264.3 44.2 264.0 232.5 266.5 37.4 273.7 213.0 234.1 161.5 185.9 153.7 129.7 290.8 261.7 153.1 146.3 148.6 215.4 232.1 337.1 110.5 253.2 201.7 164.0 186.3 81.3 146.8 175.4 136.2 119.8 194.6 254.3 308.7 168.9 265.2 132.6 154.6 168.6 258.1 210.9 105.5 179.0 297.8 188.7 178.2 170.1 187.2 266.3 124.2 334.9 146.4 193.0 253.2 235.6 300.3 260.2 254.5 299.7 289.5 250.4 232.9 332.4 139.5 143.3 243.1 289.4 269.7 234.7 346.3 198.6 36.1 169.8 304.1 218.8 189.2 216.9 311.9 250.1 147.0 316.4 224.8 99.5 212.6 183.5 287.8 297.6 159.8 185.2 0.0 111.1 260.4 259.4 174.1 246.8 229.6 212.1 149.4 120.9 160.6 240.0 169.8 250.4 182.1 102.1 204.2 126.1 348.0 298.8 127.7 256.4 125.7 159.7 210.3 139.7 138.2 265.6 197.9 198.1 278.7 203.3 191.6 82.4 249.3 247.7 240.9 82.5 253.8 189.6 183.5 203.6 188.4 94.1 187.5 202.0 127.5 157.3 181.8 188.8 223.2 191.7 132.1 346.8 224.7 224.2 206.0 269.5 280.5 172.8 196.9 213.1 165.3 238.4 201.1 159.5 301.1 231.0 285.3 253.5 214.4 226.9 134.8 217.5
1075.7 277.7 383.4 155.5 291.6 192.8 257.4 310.5 237.4 202.2 244.9 344.1 378.1 78.0 253.1 197.4 217.9 273.1 150.8 134.6 241.3 263.9 373.3 271.8 188.1 151.1 273.5 343.7 346.3 113.0 364.8 313.3 275.6 297.9 83.8 151.5 287.0 130.8 218.2 177.7 189.2 276.5 57.7 269.0 113.5 266.2 59.6 307.9 99.7 214.9 162.1 280.9 301.7 291.7 281.7 168.1 239.4 176.4 269.8 35.2 304.6 234.1 256.2 283.2 233.3 227.6 272.8 292.5 362.0 344.5 305.5 153.4 250.3 354.7 260.3 252.6 284.5 319.4 314.7 194.1 152.7 310.7 330.4 172.1 105.7 296.2 361.7 127.9 268.5 207.7 197.9 193.5 132.2 222.7 232.5 140.7 296.8 127.7 0.0 241.3 375.6 285.7 242.1 202.7 323.7 116.7 168.8 49.4 289.8 116.3 233.5 70.9 83.0 315.8 237.7 311.0 262.1 236.5 368.0 106.6 173.6 321.9 251.3 249.8 266.8 265.1 189.5 390.3 314.9 172.5 207.4 230.2 220.8 209.0 175.0 226.9 170.1 164.4 94.6 171.3 168.0 299.1 313.6 240.4 122.2 293.4 300.4 334.8 172.6 252.8 319.9 205.6 336.6 317.6 266.4 392.1 114.2 179.8 194.0 276.9 350.0 182.0 271.1 274.2 211.9 266.2 365.1 326.0 213.5 115.7 194.4
1083.8 474.6 466.9 260.2 403.4 297.5 303.2 507.4 434.3 272.3 253.0 414.2 448.2 255.4 450.0 302.1 68.1 343.2 273.5 176.1 311.4 460.8 443.4 341.9 229.6 328.5 303.0 413.8 543.2 290.4 434.9 383.4 345.7 368.0 261.2 198.2 398.8 203.6 341.2 192.5 339.7 473.4 300.7 260.9 270.3 326.3 281.8 345.7 248.7 275.0 97.5 289.0 371.8 383.7 351.8 176.2 436.3 237.1 362.1 278.2 374.7 248.9 417.3 317.0 430.2 424.5 469.7 362.0 432.1 414.6 502.4 330.8 310.4 424.8 457.2 276.2 322.3 516.3 384.8 264.2 257.4 507.6 442.2 276.8 270.4 302.4 431.8 188.6 465.4 312.4 353.0 208.3 271.1 336.9 327.1 201.4 379.3 270.7 242.9 0.0 445.7 355.8 317.5 399.6 393.8 239.4 210.3 292.4 327.6 255.2 23.1 271.0 239.8 385.9 297.8 507.9 459.0 306.6 480.5 263.4 351.0 433.7 321.4 309.9 336.3 293.4 197.6 460.4 385.0 214.0 335.9 238.3 417.7 405.9 245.1 423.8 184.9 205.9 259.3 276.0 238.1 369.2 383.7 310.5 244.9 363.5 412.2 446.6 187.4 322.9 516.8 220.4 406.7 387.7 312.2 462.2 247.0 284.5 202.1 388.7 420.1 62.1 341.2 471.1 226.7 274.3 435.2 396.1 86.8 176.4 83.4
1260.3 346.3 219.9 344.3 240.4 381.6 496.0 308.4 306.0 288.9 429.5 224.4 45.5 378.1 399.1 384.7 399.6 303.3 357.6 300.8 271.5 337.7 113.3 224.6 292.0 436.2 387.1 138.9 344.2 406.2 55.9 193.6 83.4 177.2 388.0 318.5 227.3 305.7 302.6 371.1 427.8 346.3 349.2 443.6 417.7 296.2 379.8 425.7 350.8 249.0 346.7 465.5 263.8 272.7 161.0 352.7 372.7 269.9 508.4 411.9 144.2 431.6 167.4 472.0 301.9 296.2 425.1 523.0 11.9 55.5 457.8 414.9 289.0 125.6 328.9 441.4 406.4 388.0 115.3 280.8 341.5 429.5 244.0 360.9 354.5 490.2 61.7 312.5 358.1 396.5 321.3 391.0 355.2 461.3 471.1 305.6 266.7 289.5 376.6 425.9 0.0 165.0 480.7 271.3 204.0 321.1 266.6 353.4 411.7 339.3 418.1 373.1 387.2 80.1 271.8 304.8 260.0 267.3 233.5 410.8 435.1 206.3 281.5 283.9 505.4 363.3 363.6 90.3 133.2 323.0 360.3 410.7 289.4 282.6 250.1 295.5 368.0 338.5 339.3 360.1 265.8 64.0 72.1 269.3 329.0 173.7 213.9 268.2 370.1 290.3 388.5 403.1 35.4 197.9 505.0 34.6 344.5 368.6 378.6 237.9 145.2 366.6 92.0 342.8 409.4 450.8 185.3 121.2 394.6 300.3 378.9
1193.1 287.3 239.4 277.1 185.4 314.4 365.0 330.2 247.0 221.7 362.3 200.1 172.7 259.8 262.7 319.0 335.3 294.6 290.4 233.6 275.9 273.5 139.2 124.9 224.8 329.4 319.9 93.9 317.6 299.4 159.4 169.3 107.5 12.1 330.7 251.3 180.8 238.5 195.8 308.0 386.8 286.1 282.0 376.4 376.7 233.1 316.7 362.6 283.6 181.8 279.5 398.3 157.0 203.9 2.8 285.5 249.0 202.7 395.9 313.1 18.0 364.4 60.6 404.8 242.9 237.2 282.4 395.8 156.6 173.3 315.1 308.1 217.2 104.9 269.9 374.2 339.2 329.0 84.3 213.6 274.3 320.3 219.7 293.7 287.3 417.8 202.9 245.3 278.1 329.3 214.5 323.8 288.0 370.7 360.9 238.4 199.5 220.1 277.8 358.7 170.2 0.0 351.3 212.3 179.7 256.3 199.4 290.3 344.5 272.1 350.9 305.9 346.2 158.0 204.6 330.7 281.5 281.4 224.0 369.8 328.3 182.0 266.6 216.7 370.1 310.3 306.9 231.5 28.3 255.8 257.6 347.6 230.4 218.6 187.0 236.5 300.4 271.3 276.2 292.9 180.0 93.7 155.8 203.4 261.8 149.4 189.6 228.6 302.9 177.5 329.5 335.9 131.2 173.6 374.0 186.7 281.9 301.4 311.4 170.7 100.2 299.4 112.0 283.8 342.2 383.6 78.5 76.2 330.9 233.1 311.8
1180.6 407.0 404.7 70.2 312.9 196.4 113.6 439.8 366.7 223.5 325.6 365.4 399.4 261.6 382.4 141.7 307.0 294.4 190.1 215.3 262.6 393.2 394.6 293.1 268.8 297.7 31.3 365.0 475.6 259.6 386.1 334.6 296.9 319.2 230.4 172.8 308.3 172.8 292.4 278.7 73.7 405.8 153.9 211.1 239.5 287.5 201.1 65.7 207.4 236.2 295.9 361.6 323.0 313.0 303.0 248.8 368.7 257.1 44.5 238.2 325.9 223.1 368.5 225.3 362.6 356.9 402.1 44.4 383.3 365.8 434.8 344.2 271.6 376.0 389.6 194.7 42.3 448.7 336.0 215.4 124.5 440.0 351.7 47.5 159.2 238.3 383.0 208.6 397.8 75.6 304.2 327.0 159.9 19.3 9.5 221.4 318.1 221.9 212.1 330.4 396.9 307.0 0.0 332.0 345.0 156.0 249.5 162.2 47.6 144.0 353.6 212.4 209.0 337.1 259.0 440.3 391.4 257.8 389.3 232.6 364.4 343.2 272.6 271.1 18.7 103.4 270.2 411.6 336.2 253.2 287.1 310.9 350.1 338.3 196.3 356.2 325.6 245.1 148.1 143.1 189.3 320.4 334.9 261.7 161.5 314.7 321.7 356.1 283.8 274.1 449.2 269.3 357.9 338.9 122.6 413.4 135.5 174.8 274.7 298.2 371.3 341.3 292.4 403.5 235.2 346.9 386.4 347.3 325.7 196.4 344.8
1235.4 74.9 312.8 355.3 209.8 356.8 352.5 112.5 69.9 283.2 404.7 280.3 230.9 238.7 50.3 361.4 377.7 247.0 332.8 276.0 228.3 84.8 231.1 114.4 267.2 281.8 368.6 234.3 99.9 251.8 217.6 291.7 211.8 230.8 244.5 293.7 205.2 280.9 148.2 350.4 284.3 73.7 290.9 418.8 274.2 275.5 292.8 403.0 326.0 224.2 321.9 440.7 146.5 228.3 214.6 327.9 60.3 245.1 364.9 268.4 197.8 406.8 143.3 447.2 65.8 94.1 70.0 387.6 258.8 275.5 102.7 260.5 259.6 243.4 92.8 416.6 379.6 116.6 224.7 275.1 316.7 107.9 248.6 336.1 329.7 460.2 260.0 287.7 65.7 412.9 166.9 366.2 330.4 317.8 327.6 280.8 223.9 276.2 233.1 401.1 272.4 218.6 337.2 0.0 259.9 298.7 241.8 282.6 384.9 314.5 393.3 304.1 243.7 252.0 247.0 113.0 63.8 233.8 304.2 267.3 280.7 240.1 219.0 251.7 361.9 360.2 349.3 288.6 186.8 298.2 210.0 390.0 18.0 75.5 229.4 93.4 342.8 313.7 318.6 335.3 222.4 234.1 249.8 284.4 304.2 229.6 218.6 253.0 345.3 129.9 117.1 378.3 233.4 244.6 361.5 244.9 324.3 343.8 353.8 195.1 240.6 341.8 207.3 106.7 384.6 426.0 194.3 216.6 373.3 275.5 354.2
1192.1 333.5 59.6 276.1 107.8 313.4 364.0 415.9 293.2 220.7 361.3 54.9 216.4 258.8 308.9 316.5 331.4 235.1 289.4 232.6 203.3 319.7 211.6 189.1 223.8 322.0 318.9 182.6 363.8 292.0 203.1 61.0 113.9 177.0 300.5 250.3 94.7 237.5 188.4 307.0 355.6 337.6 281.0 375.4 304.2 232.1 315.7 361.6 282.6 180.8 278.5 397.3 219.0 202.9 160.8 284.5 295.2 201.7 394.9 312.1 183.7 363.4 211.1 403.8 289.1 283.4 328.6 390.8 200.3 182.8 361.3 300.7 216.2 193.6 316.1 373.2 338.2 375.2 153.9 212.6 273.3 324.8 111.4 292.7 286.3 416.8 200.0 244.3 324.3 328.3 207.1 322.8 287.0 369.7 359.9 237.4 198.5 219.1 276.8 357.7 209.3 164.8 350.3 258.5 0.0 252.9 198.4 289.3 343.5 271.1 349.9 304.9 273.7 154.1 203.6 416.4 367.5 199.1 44.2 297.3 320.9 73.7 213.3 215.7 369.1 299.2 295.4 228.6 176.9 254.8 250.2 346.6 276.6 264.8 186.0 282.7 299.8 270.3 275.2 291.9 179.0 137.4 151.9 201.1 260.8 42.9 81.3 135.6 301.9 176.1 375.7 334.9 171.9 65.3 373.0 230.4 280.9 300.4 310.4 125.2 188.9 298.4 109.4 330.0 341.2 382.6 229.0 164.9 326.4 232.1 314.8
1105.7 360.0 327.2 71.5 235.4 108.8 159.4 438.7 317.5 146.0 248.1 285.7 321.9 184.1 329.1 109.7 279.7 216.9 33.4 137.8 185.1 344.0 317.1 208.5 191.3 220.2 114.3 287.5 388.1 182.1 308.6 257.1 217.2 241.7 152.9 95.3 230.8 93.1 214.9 250.4 151.0 361.9 58.4 185.0 162.0 210.0 105.6 154.8 145.7 156.5 269.3 281.9 245.5 233.6 225.5 171.3 321.7 179.6 190.3 142.7 248.4 197.0 291.0 197.0 315.6 309.9 352.9 184.0 305.8 288.3 387.8 266.7 198.7 298.5 340.4 168.6 133.6 401.7 254.0 137.9 68.7 359.5 274.2 88.1 63.7 217.4 305.5 131.1 371.8 123.7 226.7 300.9 64.4 165.1 155.3 143.9 240.6 144.4 128.1 306.0 314.8 229.5 145.7 285.0 267.5 0.0 172.0 64.5 138.9 48.5 329.2 116.9 131.5 257.4 181.5 437.0 388.1 178.7 309.6 155.1 286.9 265.7 195.1 193.6 164.5 92.4 182.2 334.1 258.7 175.7 209.6 233.4 303.1 296.3 116.6 309.2 299.9 167.6 50.4 87.3 130.4 242.9 257.4 182.9 5.4 237.2 244.2 278.6 257.7 202.6 402.2 241.0 275.2 261.4 168.4 335.9 61.9 93.6 197.2 220.7 293.8 316.9 214.9 356.5 209.1 269.4 308.9 269.8 304.8 118.9 314.2
1024.5 314.2 281.4 182.0 189.6 219.3 269.9 357.1 273.9 126.6 193.7 242.1 276.1 164.7 289.6 223.9 166.7 171.1 195.3 34.1 139.3 300.4 271.3 169.8 25.3 268.6 224.8 241.7 344.5 235.6 262.8 211.3 173.6 195.9 206.4 156.2 185.0 137.6 169.1 108.5 261.5 313.0 186.9 176.9 204.3 115.9 215.8 267.5 182.7 64.6 110.9 229.7 199.7 141.4 179.7 116.9 275.9 34.7 300.8 212.2 202.6 164.9 245.2 233.0 269.8 264.1 309.3 300.7 260.0 242.5 342.0 247.3 100.0 252.7 296.8 192.2 244.1 355.9 212.7 118.5 179.2 347.2 228.4 198.6 192.2 218.4 259.7 83.2 305.0 234.2 187.8 124.3 192.9 275.6 265.8 70.4 146.5 125.0 176.9 190.1 273.6 183.7 256.2 239.2 221.7 161.2 0.0 195.2 249.4 177.0 182.3 205.0 173.8 213.8 87.4 357.6 308.4 134.5 266.0 197.4 267.5 219.9 149.3 99.5 275.0 215.2 138.3 288.3 212.9 56.3 190.2 179.0 257.3 245.5 91.9 263.4 100.9 71.8 181.1 197.8 84.9 197.1 211.6 138.4 166.7 191.4 198.4 232.8 103.4 150.8 356.4 136.4 234.6 215.6 278.9 290.1 181.0 206.3 142.8 174.9 248.0 130.8 169.1 310.7 142.7 215.0 263.1 224.0 162.3 95.4 143.2
1085.6 366.7 333.9 106.0 242.1 143.3 193.9 371.9 326.4 152.7 254.8 294.6 328.6 139.4 335.8 146.4 224.9 223.6 101.3 144.5 191.8 352.9 323.8 222.3 198.0 212.5 148.8 294.2 397.0 174.4 315.3 263.8 226.1 248.4 145.2 102.0 237.5 102.0 221.6 187.6 250.6 370.8 8.2 219.5 168.7 216.7 38.8 191.5 78.9 165.4 172.0 290.8 252.2 240.3 232.2 178.0 328.4 186.3 224.8 75.9 255.1 231.5 297.7 233.7 322.3 316.6 361.8 220.7 312.5 295.0 394.5 214.8 200.8 305.2 349.3 203.1 168.1 408.4 260.7 144.6 103.2 358.0 280.9 122.6 56.2 251.9 312.2 137.8 357.5 158.2 233.4 203.4 82.7 284.1 189.8 150.6 247.3 153.3 61.3 251.2 321.5 236.2 180.2 291.7 274.2 64.8 178.7 0.0 173.4 66.8 243.4 50.1 138.2 266.3 188.2 372.4 323.5 187.6 318.5 161.8 235.0 272.4 201.8 200.3 199.0 129.1 194.6 340.8 265.4 182.4 216.3 240.1 309.8 298.0 125.5 315.9 180.4 174.3 45.1 121.8 137.1 249.6 264.1 189.6 72.7 243.9 250.9 285.3 182.5 209.3 408.9 215.5 284.1 268.1 202.9 342.6 64.7 130.3 203.9 227.4 300.5 191.9 221.6 363.2 243.6 276.1 315.6 276.5 219.9 125.6 208.3
1186.0 437.1 404.3 69.8 312.5 201.8 119.0 473.9 396.8 223.1 325.2 365.0 399.0 261.2 412.5 147.1 312.4 294.0 189.7 214.9 262.2 423.3 394.2 292.7 268.4 297.3 30.9 364.6 467.4 259.2 385.7 334.2 296.5 318.8 230.0 172.4 307.9 172.4 292.0 284.1 107.8 435.9 153.5 216.5 239.1 287.1 200.7 18.0 207.0 235.8 301.3 361.2 322.6 312.6 302.6 248.4 398.8 256.7 78.6 237.8 325.5 228.5 368.1 230.7 392.7 387.0 432.2 78.5 382.9 365.4 464.9 343.8 271.2 375.6 419.7 200.1 3.5 478.8 335.6 215.0 124.1 470.1 351.3 47.1 158.8 243.7 382.6 208.2 427.9 75.2 303.8 332.4 159.5 53.4 43.6 221.0 317.7 221.5 211.7 335.8 396.5 306.6 34.0 362.1 344.6 155.6 249.1 161.8 0.0 143.6 359.0 212.0 208.6 336.7 258.6 474.4 425.5 257.4 388.9 232.2 364.0 342.8 272.2 270.7 52.8 103.0 269.8 411.2 335.8 252.8 286.7 310.5 380.2 368.4 195.9 386.3 331.0 244.7 147.7 142.7 188.9 320.0 334.5 261.3 161.1 314.3 321.3 355.7 289.2 273.7 479.3 274.7 357.5 338.5 128.0 413.0 135.1 180.2 274.3 297.8 370.9 346.7 292.0 433.6 240.6 346.5 386.0 346.9 331.1 196.0 350.2
1076.5 357.6 324.8 96.9 233.0 134.2 184.8 396.7 317.3 143.6 245.7 285.5 319.5 181.7 333.0 137.3 218.7 214.5 92.2 135.4 182.7 343.8 314.7 213.2 188.9 217.8 139.7 285.1 387.9 179.7 306.2 254.7 217.0 239.3 150.5 92.9 228.4 92.9 212.5 178.5 176.4 361.7 47.6 210.4 159.6 207.6 94.8 182.4 127.5 156.3 162.9 281.7 243.1 233.1 223.1 168.9 319.3 177.2 215.7 131.9 246.0 222.4 288.6 224.6 313.2 307.5 352.7 211.6 303.4 285.9 385.4 264.3 196.3 296.1 340.2 194.0 159.0 399.3 256.1 135.5 94.1 348.9 271.8 113.5 52.9 242.8 303.1 128.7 369.9 149.1 224.3 194.3 15.9 190.5 180.7 141.5 238.2 144.2 117.3 242.1 312.4 227.1 171.1 282.6 265.1 58.1 169.6 55.9 164.3 0.0 234.3 106.1 129.1 257.2 179.1 397.2 348.3 178.5 309.4 152.7 284.5 263.3 192.7 191.2 189.9 120.0 185.5 331.7 256.3 173.3 207.2 231.0 300.7 288.9 116.4 306.8 170.9 165.2 41.8 112.7 128.0 240.5 255.0 180.5 63.6 234.8 241.8 276.2 173.4 200.2 399.8 206.4 275.0 259.0 193.8 333.5 59.5 121.2 194.8 218.3 291.4 182.8 212.5 354.1 234.5 267.0 306.5 267.4 210.8 116.5 199.2
1060.6 451.4 424.8 237.0 338.5 274.3 324.9 484.2 411.1 249.1 229.8 391.0 425.0 232.2 426.8 277.4 90.2 320.0 250.3 152.9 288.2 437.6 420.2 318.7 206.4 305.3 279.8 390.6 520.0 267.2 411.7 360.2 322.5 344.8 238.0 175.0 333.9 180.4 318.0 169.3 316.5 455.5 277.5 237.7 247.1 303.1 258.6 322.5 225.5 251.8 74.3 265.8 348.6 328.6 328.6 153.0 413.1 213.9 355.8 255.0 351.5 225.7 394.1 293.8 407.0 401.3 446.5 351.7 408.9 391.4 479.2 307.6 291.8 401.6 434.0 253.0 299.1 493.1 357.1 241.0 234.2 450.9 377.3 253.6 247.2 284.4 408.6 165.4 463.2 289.2 329.8 185.1 247.9 330.6 320.8 178.2 333.7 249.7 219.7 24.9 417.9 332.6 311.2 376.4 370.6 216.2 187.1 269.2 304.4 232.0 0.0 247.8 216.6 362.7 274.6 484.7 435.8 284.0 438.4 240.2 327.8 368.8 298.2 286.7 330.0 260.1 163.9 437.2 361.8 190.8 312.7 215.1 394.5 387.7 221.9 400.6 161.7 182.7 236.1 252.8 233.5 346.0 360.5 286.0 221.7 340.3 347.3 381.7 164.2 305.7 493.6 197.2 380.5 364.5 333.9 439.0 219.2 261.3 178.9 323.8 396.9 38.9 318.0 447.9 203.5 251.1 412.0 372.9 75.8 153.2 64.2
1118.3 350.1 366.6 145.7 274.8 183.0 233.6 382.9 309.8 185.4 287.5 327.3 361.3 130.9 325.5 187.6 260.5 256.3 141.0 177.2 224.5 336.3 356.5 255.0 230.7 204.0 188.5 326.9 418.7 165.9 348.0 296.5 258.8 281.1 136.7 116.7 270.2 59.8 254.3 220.3 261.6 348.9 47.9 259.2 145.8 249.4 10.7 231.2 28.7 198.1 204.7 323.5 284.9 274.9 264.9 210.7 311.8 219.0 342.2 106.9 287.8 271.2 330.4 273.4 305.7 300.0 345.2 264.4 345.2 327.7 377.9 206.3 233.5 337.9 332.7 242.8 207.8 391.8 297.9 177.3 142.9 383.1 313.6 162.3 95.9 286.4 344.9 170.5 340.9 197.9 266.1 236.1 122.4 295.1 304.9 183.3 280.0 183.8 92.3 283.9 358.8 268.9 219.9 275.1 306.9 106.9 211.4 39.6 213.1 106.5 276.1 0.0 115.3 299.0 220.9 383.4 334.5 219.7 351.2 138.9 226.5 305.1 234.5 233.0 238.7 178.9 232.1 373.5 298.1 215.1 249.0 272.8 293.2 281.4 158.2 299.3 212.7 207.0 84.8 161.5 151.2 282.3 296.8 223.6 112.4 276.6 283.6 318.0 215.2 236.0 392.3 248.2 319.8 300.8 242.6 375.3 78.5 170.0 236.6 260.1 333.2 224.6 254.3 346.6 283.3 308.8 348.3 309.2 256.1 158.3 237.0
1038.7 337.8 305.0 140.7 213.2 178.0 228.6 380.7 297.5 123.8 207.9 265.7 299.7 161.9 313.2 182.6 180.9 194.7 154.0 97.6 162.9 324.0 294.9 193.4 151.1 161.6 183.5 265.3 368.1 123.5 286.4 234.9 197.2 219.5 94.3 114.9 208.6 102.1 192.7 140.7 219.2 336.6 133.8 209.1 30.4 187.8 135.7 226.2 175.8 136.5 125.1 243.9 223.3 213.3 203.3 131.1 299.5 139.4 299.8 111.3 226.2 197.1 268.8 265.2 293.4 287.7 332.9 259.4 283.6 266.1 365.6 244.5 171.9 276.3 320.4 224.4 202.8 379.5 236.3 115.7 137.9 370.8 252.0 157.3 181.8 250.6 283.3 90.9 328.6 192.9 204.5 156.5 151.6 252.7 262.5 103.7 218.4 122.2 76.0 204.3 297.2 207.3 214.9 262.8 245.3 119.9 131.8 125.5 208.1 135.7 196.5 147.0 0.0 237.4 159.3 381.2 332.0 158.1 289.6 23.5 264.7 243.5 172.9 171.4 233.7 173.9 152.5 311.9 236.5 135.5 187.4 193.2 280.9 269.1 96.6 287.0 133.1 127.4 170.7 156.5 89.6 220.7 235.2 162.0 125.4 215.0 222.0 256.4 135.6 174.4 380.0 168.6 258.2 239.2 237.6 313.7 190.3 165.0 157.0 198.5 271.6 145.0 192.7 334.3 174.9 229.2 286.7 247.6 176.5 78.7 157.4
1212.9 387.8 216.3 296.9 193.0 334.2 384.8 365.2 347.5 241.5 382.1 177.0 142.2 279.6 363.2 337.3 352.2 255.9 310.2 253.4 224.1 394.5 138.5 224.8 244.6 342.8 339.7 139.1 401.0 312.8 130.0 146.2 70.4 177.4 321.3 271.1 179.9 258.3 209.2 327.8 376.4 391.9 301.8 396.2 325.0 252.9 336.5 382.4 303.4 201.6 299.3 418.1 264.0 225.3 161.2 305.3 349.5 222.5 415.7 332.9 144.4 384.2 167.6 424.6 343.4 337.7 382.9 411.6 83.0 28.6 415.6 321.5 241.6 150.1 370.4 394.0 359.0 429.5 115.5 233.4 294.1 379.1 196.6 313.5 307.1 442.8 94.5 265.1 400.1 349.1 227.9 343.6 307.8 390.5 380.7 258.2 219.3 242.1 297.6 378.5 96.6 165.2 371.1 312.8 156.6 273.7 219.2 310.1 364.3 291.9 370.7 325.7 294.5 0.0 224.4 365.7 316.8 219.9 200.9 318.1 341.7 158.9 234.1 236.5 389.9 320.0 321.9 123.1 133.4 275.6 271.0 367.4 330.9 324.1 206.8 337.0 320.2 291.1 296.0 312.7 218.4 88.2 46.4 221.9 281.6 126.3 166.5 220.8 322.7 196.9 430.0 355.7 63.7 150.5 393.8 131.3 297.1 321.2 331.2 190.5 145.4 319.2 65.9 384.3 362.0 403.4 185.5 121.4 347.2 252.9 335.6
1105.3 339.1 319.4 200.5 149.5 237.8 288.4 382.0 298.8 145.1 274.5 280.1 294.6 183.2 314.5 242.4 247.5 189.6 213.8 114.9 157.8 325.3 289.8 194.7 106.1 327.6 243.3 260.2 369.4 297.6 281.3 231.4 192.1 214.4 224.9 174.7 144.9 161.9 194.0 189.3 280.0 337.9 205.4 257.7 228.6 44.5 240.1 286.0 207.0 22.7 191.7 310.5 224.6 53.9 198.2 197.7 300.8 84.0 319.3 236.5 221.1 245.7 243.6 313.8 294.7 289.0 334.2 319.2 278.5 261.0 366.9 306.3 28.6 271.2 321.7 273.0 262.6 380.8 231.2 137.0 197.7 372.1 188.3 217.1 210.7 299.2 278.2 132.5 329.9 252.7 212.7 205.1 211.4 294.1 284.3 119.7 59.0 143.5 201.2 270.9 292.1 202.2 274.7 264.1 259.7 179.7 80.7 213.7 267.9 195.5 263.1 229.3 198.1 232.3 0.0 382.5 333.3 153.0 304.0 221.7 326.5 179.8 167.8 12.0 293.5 233.7 219.1 306.8 231.4 137.1 208.7 259.8 282.2 270.4 110.4 288.3 181.7 152.6 199.6 216.3 103.4 215.6 230.1 156.9 185.2 229.4 158.3 192.7 184.2 175.7 381.3 217.2 253.1 184.3 297.4 308.6 205.3 224.8 223.6 134.8 266.5 211.6 187.6 335.6 223.5 295.8 281.6 242.5 243.1 144.7 224.0
1334.4 208.1 340.1 453.3 328.3 475.3 450.5 0.6 188.4 419.5 503.6 401.6 349.4 336.7 177.2 491.7 473.7 365.5 451.3 393.3 346.8 128.8 349.6 232.9 385.7 409.6 466.6 352.8 135.3 371.7 336.1 410.2 330.3 349.3 342.5 412.2 323.7 399.4 266.7 436.4 382.3 212.2 388.9 504.8 372.2 394.0 390.8 501.0 430.9 342.7 420.8 539.6 265.0 346.8 333.1 426.8 163.8 363.6 462.9 366.4 316.3 492.8 261.8 573.8 184.3 212.6 203.2 481.6 304.8 324.9 235.9 388.3 378.1 361.9 211.3 543.2 477.6 249.8 344.1 411.4 435.2 241.1 367.1 482.8 436.9 592.0 287.3 386.6 219.9 510.9 285.4 452.2 463.4 415.8 425.6 399.4 342.4 384.2 331.1 500.0 313.8 337.1 435.2 133.1 378.4 417.2 360.3 380.6 482.9 447.5 492.2 402.1 341.7 370.5 365.5 0.0 51.1 351.7 353.7 365.3 408.5 358.6 337.5 370.2 459.9 430.0 448.2 315.9 305.3 431.2 328.5 488.9 151.2 194.0 347.9 211.9 428.8 423.1 425.8 453.8 340.9 352.6 297.7 401.6 422.7 348.1 337.1 371.5 431.3 248.4 250.3 464.3 308.9 363.1 459.5 363.4 449.3 462.3 452.7 313.6 359.1 440.7 325.8 225.2 470.6 524.9 312.8 335.1 468.7 374.4 457.1
1303.5 156.9 309.2 422.4 277.1 424.1 419.6 48.6 137.2 350.5 472.7 347.6 298.2 305.8 132.3 427.2 442.8 314.3 400.1 362.4 295.6 77.6 298.4 181.7 334.5 378.7 435.7 301.6 84.1 340.8 284.9 359.0 279.1 298.1 311.6 361.0 272.5 348.2 215.5 417.7 351.4 161.0 358.0 486.1 341.3 342.8 359.9 470.1 400.0 291.5 389.9 508.7 213.8 297.2 281.9 395.9 112.6 312.4 432.0 335.5 265.1 474.1 210.6 542.9 133.1 161.4 152.0 450.7 273.9 294.0 184.7 357.4 331.5 310.7 160.1 512.3 446.7 198.6 298.0 342.4 384.0 156.4 315.9 451.9 406.0 561.1 256.4 355.7 168.7 480.0 234.2 433.5 397.7 384.9 394.7 368.5 291.2 353.3 300.2 469.1 282.9 285.9 404.3 81.9 327.2 363.6 309.1 349.7 452.0 381.8 461.3 371.2 310.8 319.3 314.3 49.1 0.0 300.5 322.8 334.4 377.6 307.4 286.3 319.0 429.0 399.1 417.3 285.0 254.1 365.5 277.3 458.0 100.0 147.8 296.7 160.7 410.1 392.2 394.9 402.6 289.7 301.4 266.8 350.4 371.5 296.9 285.9 320.3 412.6 203.2 199.1 445.6 297.7 311.9 428.6 312.2 387.0 411.1 421.8 262.4 307.9 409.8 274.6 174.0 451.9 494.0 261.6 283.9 437.8 343.5 426.2
1113.9 273.9 241.1 197.9 149.3 235.2 285.8 316.8 233.6 213.9 283.1 201.8 235.8 233.4 249.3 238.3 256.1 35.9 211.2 154.4 4.1 260.1 231.0 129.5 145.6 212.5 240.7 201.4 304.2 182.5 222.5 171.0 133.3 155.6 213.8 172.1 144.7 159.3 95.2 228.8 277.4 278.0 202.8 297.2 310.5 153.9 237.5 283.4 204.4 102.6 200.3 319.1 159.4 177.5 139.4 206.3 235.6 123.5 316.7 233.9 162.3 285.2 204.9 325.6 229.5 223.8 269.0 312.6 219.7 202.2 301.7 191.2 138.0 212.4 256.5 295.0 260.0 315.6 167.9 205.8 195.1 265.2 188.1 214.5 208.1 338.6 219.4 166.1 285.7 250.1 97.6 244.6 208.8 291.5 281.7 159.2 184.5 209.1 198.6 279.5 233.3 143.4 272.1 198.9 181.4 177.1 120.2 211.1 265.3 192.9 271.7 226.7 280.0 173.5 125.4 317.3 268.1 0.0 225.7 303.6 211.4 179.6 14.1 137.5 290.9 221.0 227.7 248.0 172.6 176.6 140.7 268.4 217.0 210.2 107.8 223.1 221.2 192.1 197.0 213.7 100.8 156.8 171.3 51.1 182.6 151.1 158.1 192.5 223.7 107.5 316.1 256.7 191.3 175.3 294.8 249.8 202.7 222.2 232.2 134.6 207.7 220.2 128.8 270.4 263.0 304.4 222.8 183.7 248.2 153.9 236.6
1243.8 385.2 15.4 327.8 159.5 365.1 415.7 371.6 344.9 272.4 413.0 47.8 280.8 310.5 360.6 368.2 386.0 286.8 341.1 284.3 255.0 400.9 300.5 240.8 275.5 373.7 370.6 234.3 407.4 343.7 291.2 112.7 165.6 228.7 352.2 302.0 146.4 289.2 240.1 358.7 407.3 389.3 332.7 427.1 355.9 283.8 367.4 413.3 334.3 232.5 330.2 449.0 270.7 256.2 212.5 336.2 346.9 253.4 446.6 363.8 235.4 415.1 262.8 455.5 340.8 335.1 380.3 442.5 221.6 241.7 413.0 352.4 272.5 245.3 367.8 424.9 389.9 426.9 210.7 264.3 325.0 376.5 163.1 344.4 338.0 473.7 204.1 296.0 376.0 380.0 258.8 374.5 338.7 421.4 411.6 289.1 250.2 273.0 328.5 409.4 235.2 216.5 402.0 310.2 51.6 304.6 250.1 341.0 395.2 322.8 401.6 356.6 325.4 205.8 255.3 372.1 323.2 250.8 0.0 349.0 372.6 125.4 265.0 267.4 420.8 350.9 352.8 232.7 228.6 306.5 301.9 398.3 328.3 321.5 237.7 334.4 351.5 322.0 326.9 343.6 249.3 189.1 214.5 252.8 312.5 88.5 133.0 187.3 353.6 227.8 427.4 386.6 225.7 117.0 424.7 269.9 328.0 352.1 362.1 176.9 240.6 350.1 161.1 381.7 392.9 434.3 280.7 216.6 378.1 283.8 366.5
1071.1 370.2 337.4 173.1 245.6 210.4 261.0 413.1 329.9 156.2 240.3 298.1 332.1 194.3 345.6 215.0 213.3 227.1 186.4 130.0 195.3 356.4 327.3 225.8 183.5 194.0 215.9 297.7 400.5 155.9 318.8 267.3 229.6 251.9 126.7 147.3 241.0 134.5 225.1 173.1 251.6 369.0 166.2 241.5 6.8 220.2 168.1 258.6 208.2 168.9 157.5 276.3 255.7 245.7 235.7 163.5 331.9 171.8 332.2 143.7 258.6 229.5 301.2 297.6 325.8 320.1 365.3 291.8 316.0 298.5 398.0 276.9 204.3 308.7 352.8 256.8 235.2 411.9 268.7 148.1 170.3 403.2 284.4 189.7 214.2 283.0 315.7 123.3 361.0 225.3 236.9 188.9 184.0 285.1 294.9 136.1 250.8 154.6 108.4 236.7 329.6 239.7 247.3 295.2 277.7 152.3 164.2 157.9 240.5 168.1 228.9 179.4 32.3 269.8 191.7 413.6 364.4 190.5 322.0 0.0 297.1 275.9 205.3 203.8 266.1 206.3 184.9 344.3 268.9 167.9 219.8 225.6 313.3 301.5 129.0 319.4 165.5 159.8 203.1 188.9 122.0 253.1 267.6 194.4 157.8 247.4 254.4 288.8 168.0 206.8 412.4 201.0 290.6 271.6 270.0 346.1 222.7 197.4 189.4 230.9 304.0 177.4 225.1 366.7 207.3 261.6 319.1 280.0 208.9 111.1 189.8
1151.8 327.3 405.1 253.8 263.8 291.1 341.7 376.7 287.0 177.5 321.0 365.8 345.5 112.5 302.7 295.7 294.0 217.6 267.1 210.7 198.9 313.5 389.6 182.9 264.2 91.6 296.6 344.3 357.6 61.6 332.2 335.0 297.3 319.6 92.9 228.0 259.2 215.2 115.1 253.8 311.3 326.1 225.9 322.2 189.6 287.9 227.8 339.3 267.9 236.6 238.2 357.0 184.0 313.4 303.4 244.2 289.0 252.5 391.9 203.4 307.8 310.2 253.3 378.3 282.9 277.2 322.4 414.6 383.7 366.2 355.1 15.1 272.0 355.3 309.9 337.5 315.9 369.0 334.7 169.4 251.0 360.3 302.6 270.4 273.9 363.7 383.4 204.0 318.1 306.0 94.8 269.6 300.4 344.8 354.6 216.8 318.5 162.2 168.1 317.4 397.3 307.4 364.2 252.3 345.4 233.0 244.9 217.6 321.2 284.5 309.6 239.1 159.1 337.5 259.4 377.2 328.3 204.4 389.7 182.7 0.0 294.1 189.6 271.5 388.9 287.0 265.6 412.0 296.8 248.6 104.3 306.3 270.4 258.6 209.7 276.5 246.2 240.5 262.8 269.6 202.7 320.8 335.3 255.0 238.5 315.1 272.6 307.0 248.7 133.4 369.5 281.7 358.3 298.6 350.7 359.5 282.4 278.1 270.1 249.1 350.6 258.1 292.8 323.8 288.0 342.3 304.3 326.6 289.6 191.8 270.5
1184.1 325.5 143.1 268.1 34.0 305.4 356.0 395.0 285.2 212.7 353.3 103.8 208.4 250.8 300.9 310.0 326.3 227.1 281.4 224.6 195.3 311.7 203.6 181.1 215.8 314.0 310.9 174.6 355.8 284.0 195.1 61.0 105.9 169.0 292.5 242.3 44.5 229.5 180.4 299.0 347.6 324.3 273.0 367.4 296.2 224.1 307.7 353.6 274.6 172.8 270.5 389.3 211.0 151.7 152.8 276.5 287.2 193.7 386.9 304.1 175.7 355.4 203.1 395.8 281.1 275.4 320.6 386.8 192.3 174.8 353.3 292.7 208.2 185.6 308.1 365.2 330.2 367.2 145.0 204.6 265.3 358.5 81.0 284.7 278.3 408.8 192.0 236.3 316.3 320.3 199.1 314.8 279.0 361.7 351.9 229.4 147.3 211.1 268.8 349.7 205.9 156.8 342.3 250.5 83.4 247.3 190.4 281.3 335.5 263.1 341.9 296.9 265.7 146.1 195.6 395.5 346.6 190.5 127.7 289.3 312.9 0.0 205.3 207.7 361.1 301.3 297.9 220.6 168.9 246.8 242.2 338.6 268.6 256.8 178.0 274.7 291.4 262.3 267.2 283.9 171.0 129.4 143.9 194.4 252.8 53.1 31.1 85.4 293.9 162.1 367.7 326.9 166.9 8.0 365.0 222.4 272.9 292.4 302.4 51.4 180.9 290.4 101.4 322.0 333.2 374.6 221.0 156.9 321.9 224.1 302.8
1128.1 288.1 255.3 212.1 163.5 249.4 300.0 331.0 247.8 199.7 297.3 216.0 250.0 219.2 263.5 254.0 270.3 21.7 225.4 168.6 9.3 274.3 245.2 143.7 159.8 198.3 254.9 215.6 318.4 168.3 236.7 185.2 147.5 169.8 199.6 186.3 158.9 173.5 81.0 243.0 291.6 286.9 217.0 311.4 296.3 168.1 251.7 297.6 218.6 116.8 214.5 333.3 149.9 193.6 153.6 220.5 249.8 137.7 330.9 248.1 176.5 299.4 219.1 339.8 243.7 238.0 283.2 330.8 233.9 216.4 315.9 177.0 152.2 226.6 270.7 309.2 274.2 329.8 186.6 191.6 209.3 321.1 202.3 228.7 222.3 352.8 233.6 180.3 278.9 264.3 83.4 258.8 223.0 305.7 295.9 173.4 198.7 192.7 212.8 293.7 247.5 157.6 286.3 213.1 195.6 191.3 134.4 225.3 279.5 207.1 285.9 240.9 265.8 187.7 139.6 331.5 282.3 14.7 239.9 289.4 197.2 193.8 0.0 151.7 305.1 245.3 241.9 262.2 186.8 190.8 126.5 282.6 231.2 219.4 122.0 237.3 235.4 206.3 211.2 227.9 115.0 171.0 185.5 65.3 196.8 165.3 172.3 206.7 237.9 99.3 330.3 270.9 208.5 189.5 309.0 264.0 216.9 236.4 246.4 148.8 221.9 234.4 143.0 284.6 277.2 318.6 237.0 197.9 265.9 168.1 246.8
1116.5 312.0 292.3 211.7 122.4 249.0 299.6 354.9 271.7 156.3 285.7 253.0 291.9 194.4 287.4 253.6 258.7 200.8 225.0 126.1 169.0 298.2 287.1 167.6 117.3 300.5 254.5 257.5 342.3 270.5 278.6 204.3 189.4 211.7 236.1 185.9 117.8 173.1 166.9 200.5 291.2 310.8 216.6 268.9 239.8 55.7 251.3 297.2 218.2 33.9 202.9 321.7 197.5 26.9 195.5 208.9 273.7 95.2 330.5 247.7 218.4 256.9 216.5 325.0 267.6 261.9 307.1 330.4 275.8 258.3 339.8 279.2 39.8 268.5 294.6 284.2 273.8 353.7 228.5 148.2 208.9 345.0 161.2 228.3 221.9 310.4 275.5 143.7 302.8 263.9 185.6 216.3 222.6 305.3 295.5 130.9 32.0 154.7 212.4 282.1 289.4 199.5 285.9 237.0 232.6 190.9 91.9 224.9 279.1 206.7 274.3 240.5 209.3 229.6 11.1 355.4 306.2 164.2 276.9 232.9 299.4 152.7 179.0 0.0 304.7 244.9 230.3 304.1 228.7 148.3 228.7 271.0 255.1 243.3 121.6 261.2 192.9 163.8 210.8 227.5 114.6 212.9 227.4 168.1 196.4 202.3 131.2 165.6 195.4 148.6 354.2 228.4 250.4 157.2 308.6 305.9 216.5 236.0 234.8 107.7 263.8 222.8 184.9 308.5 234.7 307.0 267.5 239.8 254.3 155.9 235.2
1204.5 416.8 428.6 94.1 336.8 220.3 137.5 449.6 376.5 247.4 349.5 389.3 423.3 285.5 392.2 165.6 330.9 318.3 214.0 239.2 286.5 403.0 418.5 317.0 292.7 321.6 55.2 388.9 485.4 283.5 410.0 358.5 320.8 343.1 254.3 196.7 332.2 196.7 316.3 302.6 83.5 415.6 177.8 235.0 263.4 311.4 225.0 89.6 231.3 260.1 319.8 385.5 346.9 336.9 326.9 272.7 378.5 281.0 54.3 262.1 349.8 247.0 392.4 249.2 372.4 366.7 411.9 25.6 407.2 389.7 444.6 368.1 295.5 399.9 399.4 218.6 66.2 458.5 359.9 239.3 148.4 449.8 375.6 71.4 183.1 262.2 406.9 232.5 407.6 99.5 328.1 350.9 183.8 29.1 19.3 245.3 342.0 245.8 236.0 354.3 420.8 330.9 23.8 341.8 368.9 179.9 273.4 186.1 71.5 167.9 377.5 236.3 232.9 361.0 282.9 450.1 401.2 281.7 413.2 256.5 388.3 367.1 296.5 295.0 0.0 127.3 294.1 435.5 360.1 277.1 311.0 334.8 359.9 348.1 220.2 366.0 349.5 269.0 172.0 167.0 213.2 344.3 358.8 285.6 185.4 338.6 345.6 380.0 307.7 298.0 459.0 293.2 381.8 362.8 146.5 437.3 159.4 198.7 298.6 322.1 395.2 365.2 316.3 413.3 259.1 370.8 410.3 371.2 349.6 220.3 368.7
1105.5 386.6 353.8 23.2 262.0 131.7 198.5 443.1 346.3 172.6 274.7 314.5 348.5 210.7 362.0 134.8 247.7 243.5 139.2 164.4 211.7 372.8 343.7 242.2 217.9 246.8 82.1 314.1 416.9 208.7 335.2 283.7 246.0 268.3 179.5 121.9 257.4 121.9 241.5 207.5 56.3 390.7 103.0 207.9 188.6 236.6 150.2 124.8 156.5 185.3 191.9 310.7 272.1 260.2 252.1 197.9 348.3 206.2 137.6 187.3 275.0 219.9 317.6 222.1 342.2 336.5 381.7 154.0 332.4 314.9 414.4 293.3 225.3 325.1 369.2 191.5 101.4 428.3 280.6 164.5 73.6 386.1 300.8 55.9 108.3 240.3 332.1 157.7 398.9 91.5 253.3 223.3 109.0 90.5 100.3 170.5 267.2 171.0 161.2 271.1 346.0 256.1 109.9 311.6 294.1 102.7 198.6 111.3 106.7 93.1 263.3 161.5 158.1 286.2 208.1 443.6 394.7 207.5 338.4 181.7 313.5 292.3 221.7 220.2 132.3 0.0 208.8 360.7 285.3 202.3 236.2 260.0 329.7 322.9 145.4 335.8 200.3 194.2 97.2 92.2 138.4 269.5 284.0 209.5 110.6 263.8 270.8 305.2 202.4 229.2 428.8 266.1 304.0 288.0 207.5 362.5 88.5 118.7 223.8 247.3 320.4 211.8 241.5 383.1 232.0 296.0 335.5 296.4 239.8 145.5 228.2
1004.3 494.6 368.5 224.2 305.0 261.5 312.1 471.4 449.0 236.3 82.5 424.7 412.2 219.4 470.0 259.3 163.0 307.2 237.5 140.1 275.4 480.8 407.4 350.2 193.6 292.5 267.0 377.8 529.4 254.4 398.9 386.9 304.4 336.5 225.2 162.2 300.4 162.3 349.5 161.0 303.7 493.4 264.7 224.9 234.3 364.2 240.5 304.4 212.7 233.7 107.2 113.2 380.1 285.3 320.3 44.6 456.3 201.1 343.0 242.2 338.7 212.9 399.1 281.0 450.2 444.5 489.7 333.6 480.7 378.6 522.4 294.8 353.6 388.8 481.7 240.2 286.3 536.3 348.8 228.2 221.4 494.1 343.8 240.8 234.4 266.4 463.2 152.6 501.6 276.4 368.2 172.3 235.1 317.8 308.0 165.4 280.9 234.7 206.9 186.4 494.3 319.8 298.4 419.6 428.5 203.4 174.3 256.4 291.6 219.2 173.3 235.0 203.8 344.6 324.9 466.6 417.7 265.9 376.8 227.4 315.0 335.3 285.4 308.7 317.2 242.0 0.0 491.8 349.0 178.0 304.4 67.8 437.7 425.9 209.1 443.8 148.9 169.9 218.0 240.0 202.1 333.2 347.7 274.5 208.9 427.1 313.8 348.2 151.4 331.2 536.8 184.4 362.4 339.8 321.1 426.2 211.0 248.5 27.6 290.3 384.1 127.1 305.2 491.1 190.7 103.8 399.2 360.1 149.8 140.4 138.2
1266.2 373.8 247.4 350.2 246.3 387.5 438.1 335.9 333.5 294.8 435.4 230.3 145.9 409.7 432.9 392.1 408.4 309.2 363.5 306.7 277.4 365.2 165.6 283.0 297.9 482.6 393.0 190.2 371.7 444.7 156.3 199.5 123.7 228.5 415.5 324.4 233.2 311.6 262.5 381.1 455.3 372.6 355.1 449.5 445.2 306.2 389.8 435.7 356.7 254.9 352.6 471.4 315.1 277.0 212.3 358.6 400.2 275.8 535.9 386.2 195.5 437.5 218.7 477.9 329.4 323.7 452.6 558.6 86.7 106.8 485.3 461.3 290.3 177.9 356.4 447.3 412.3 415.5 160.6 286.7 347.4 490.5 249.9 366.8 360.4 490.9 19.4 318.4 364.6 402.4 281.2 396.9 361.1 488.8 498.6 311.5 272.6 293.2 350.9 431.8 100.3 216.3 508.2 298.8 209.9 329.4 272.5 363.4 417.6 345.2 424.0 379.0 414.7 121.9 277.7 336.4 287.5 272.6 261.0 438.3 481.5 212.2 287.4 289.8 532.9 383.4 380.0 0.0 184.5 328.9 324.3 420.7 316.9 305.1 260.1 323.0 373.5 344.4 349.3 366.0 253.1 115.3 55.6 276.5 334.9 179.6 219.8 274.1 376.0 244.2 416.0 409.0 87.8 203.8 447.1 135.0 355.0 374.5 384.5 243.8 196.5 372.5 119.2 370.3 415.3 456.7 236.6 172.5 404.0 306.2 384.9
1205.7 258.9 252.0 289.7 209.9 327.0 377.6 301.8 218.6 302.4 374.9 212.7 144.3 321.9 234.3 331.6 347.9 266.2 303.0 246.2 247.5 245.1 110.8 96.5 237.4 301.0 332.5 65.5 289.2 271.0 131.0 181.9 79.1 43.9 302.3 263.9 205.3 251.1 167.4 320.6 358.4 257.7 294.6 389.0 348.3 245.7 329.3 375.2 296.2 194.4 292.1 410.9 128.6 228.4 27.7 298.1 220.6 215.3 439.0 325.7 10.9 377.0 32.2 417.4 214.5 208.8 254.0 408.4 128.2 144.9 286.7 279.7 229.8 76.5 241.5 386.8 351.8 300.6 55.9 294.3 286.9 291.9 248.7 306.3 299.9 430.4 174.5 257.9 249.7 341.9 186.1 336.4 300.6 391.9 401.7 251.0 224.0 295.4 290.4 371.3 141.8 31.7 363.9 183.9 192.3 268.9 212.0 302.9 357.1 284.7 363.5 318.5 317.8 129.6 217.2 302.3 253.1 253.0 236.6 341.4 299.9 194.6 238.2 229.3 382.7 322.9 319.5 203.1 0.0 268.4 229.2 360.2 202.0 190.2 199.6 208.1 313.0 283.9 288.8 305.5 192.6 65.3 127.4 303.6 274.4 162.0 218.7 253.1 315.5 149.1 301.1 348.5 102.8 186.2 386.6 158.3 294.5 314.0 324.0 195.2 71.8 312.0 83.6 255.4 354.8 396.2 50.1 47.8 343.5 245.7 324.4
1011.3 373.7 375.5 181.0 249.1 218.3 268.9 416.6 333.4 186.1 180.5 301.6 335.6 176.2 349.1 257.1 153.5 230.6 194.3 20.9 198.8 359.9 330.8 229.3 78.7 249.3 223.8 301.2 404.0 211.2 322.3 270.8 233.1 255.4 182.0 119.0 244.5 124.4 228.6 95.3 260.5 372.5 221.5 163.7 191.1 175.4 202.6 266.5 169.5 124.1 97.7 216.5 259.2 200.9 239.2 103.7 335.4 94.2 299.8 199.0 262.1 151.7 304.7 219.8 329.3 323.6 368.8 299.7 319.5 302.0 401.5 251.6 159.5 312.2 356.3 179.0 243.1 415.4 272.2 178.0 178.2 406.7 287.9 197.6 191.2 205.2 319.2 142.7 364.5 233.2 247.3 111.1 191.9 274.6 264.8 129.9 206.0 184.5 163.7 176.9 333.1 243.2 255.2 298.7 281.2 160.2 59.4 213.2 248.4 176.0 169.1 191.8 160.6 273.3 146.9 417.1 367.9 194.0 389.1 184.2 271.8 279.4 208.8 159.0 274.0 214.2 125.1 347.8 272.4 0.0 249.7 165.8 316.8 305.0 151.4 322.9 87.7 58.6 180.1 196.8 144.4 256.6 271.1 197.9 165.7 250.9 257.9 292.3 90.2 210.3 415.9 123.2 294.1 275.1 277.9 349.6 167.8 205.3 129.6 234.4 307.5 117.6 228.6 370.2 129.5 201.8 322.6 283.5 149.1 154.9 130.0
1181.7 292.7 323.9 224.7 229.2 262.0 312.6 335.6 252.4 96.3 350.9 284.6 318.6 129.0 268.1 265.1 321.0 183.0 238.0 240.6 164.3 278.9 313.8 148.3 198.4 121.5 267.5 284.2 323.0 91.5 305.3 253.8 216.1 238.4 122.8 198.9 224.6 186.1 80.5 281.6 341.2 296.8 255.8 338.2 219.5 206.7 257.7 310.2 231.2 155.4 268.1 386.9 149.4 232.2 222.2 274.1 254.4 176.3 343.5 233.3 245.1 338.0 218.7 352.4 248.3 242.6 287.8 339.4 302.5 285.0 320.5 100.2 195.4 295.2 275.3 321.8 286.8 334.4 250.7 88.2 221.9 284.0 268.0 241.3 234.9 370.6 302.2 233.9 304.5 276.9 60.2 297.4 235.6 318.3 308.5 246.7 237.3 89.3 198.0 347.3 316.1 226.2 298.9 217.7 264.2 201.5 173.0 247.5 292.1 219.7 339.5 269.0 189.0 256.3 178.2 336.1 286.9 169.2 308.5 212.6 120.4 259.5 155.0 190.3 317.7 247.8 290.7 330.8 255.4 229.4 0.0 336.2 235.8 224.0 134.6 241.9 274.0 270.4 223.8 240.5 146.2 239.6 254.1 179.6 209.4 233.9 238.0 272.4 276.5 98.8 334.9 309.5 274.1 258.1 321.6 332.6 224.9 249.0 300.0 214.5 290.5 288.0 211.6 289.2 315.8 372.2 269.7 266.5 316.0 221.7 304.4
1019.9 510.2 384.1 239.8 320.6 277.1 327.7 487.0 469.9 251.9 31.3 445.6 427.8 235.0 485.6 280.2 178.6 322.8 253.1 155.7 291.0 496.4 423.0 365.8 209.2 308.1 282.6 393.4 540.5 270.0 414.5 402.5 325.3 347.6 240.8 177.8 316.0 183.2 365.1 172.1 319.3 514.3 280.3 240.5 249.9 385.1 261.4 325.3 228.3 254.6 122.8 67.3 395.7 300.9 331.4 88.5 471.9 216.7 358.6 257.8 354.3 228.5 414.7 296.6 465.8 460.1 505.3 354.5 496.3 394.2 538.0 310.4 369.2 404.4 492.8 255.8 301.9 551.9 359.9 243.8 237.0 501.5 359.4 256.4 250.0 282.0 478.8 168.2 522.5 292.0 383.8 187.9 250.7 333.4 323.6 181.0 296.5 250.3 222.5 202.0 505.3 335.4 314.0 435.2 449.4 216.6 189.9 272.0 307.2 234.8 194.2 250.6 219.4 365.5 340.5 487.5 438.6 286.8 397.7 243.0 330.6 350.9 301.0 324.3 332.8 262.9 67.9 507.4 364.6 193.6 315.5 0.0 453.3 441.5 224.7 459.4 164.9 185.5 238.9 255.6 217.7 348.8 363.3 288.8 224.5 442.7 329.4 363.8 167.0 352.8 552.4 200.0 383.3 355.4 336.7 441.8 226.6 264.1 57.2 305.9 399.7 142.7 320.8 506.7 206.3 52.6 414.8 375.7 170.7 156.0 159.1
1299.5 76.5 344.1 386.6 241.1 388.1 429.2 143.8 101.2 384.6 468.7 311.6 262.2 301.8 56.4 468.9 441.7 278.3 364.1 358.4 259.6 116.1 262.4 145.7 298.5 374.9 457.8 265.6 131.2 336.8 248.9 323.0 243.1 262.1 307.6 325.0 236.5 312.2 179.5 401.5 315.6 55.6 354.0 469.9 337.3 306.8 355.9 492.2 396.0 255.5 385.9 504.7 177.8 259.6 245.9 391.9 91.6 276.4 479.7 331.5 229.1 457.9 174.6 552.5 97.1 125.4 76.1 479.6 290.1 306.8 108.8 377.2 290.9 274.7 124.1 521.9 468.8 122.7 256.0 376.5 348.0 114.0 279.9 474.0 402.0 511.4 291.3 351.7 47.6 502.1 198.2 417.3 428.5 349.1 444.7 364.5 255.2 351.5 296.2 465.1 303.7 249.9 435.1 31.2 291.2 330.0 273.1 345.7 474.1 412.6 457.3 367.2 306.8 283.3 278.3 144.3 95.1 265.1 335.5 330.4 397.4 271.4 250.3 283.0 453.9 391.5 413.3 319.9 218.1 396.3 241.3 454.0 0.0 106.8 260.7 124.7 393.9 388.2 390.9 366.6 253.7 265.4 281.1 315.7 335.5 260.9 249.9 284.3 396.4 161.2 118.7 429.4 264.7 275.9 438.2 276.2 410.5 375.1 417.8 226.4 271.9 405.8 238.6 138.0 435.7 490.0 225.6 247.9 437.3 339.5 418.2
1264.8 153.6 342.2 384.7 239.2 386.2 381.9 196.5 113.3 312.6 434.1 309.7 260.3 272.3 122.7 393.5 404.2 276.4 362.2 305.4 257.7 144.0 260.5 136.7 296.6 311.2 398.0 263.7 188.1 281.2 247.0 321.1 241.2 264.4 273.9 323.1 234.6 314.5 177.6 384.0 313.7 161.9 320.3 448.2 303.6 304.9 322.2 432.4 355.4 257.8 355.5 474.3 175.9 259.3 248.2 357.3 115.3 274.5 394.3 297.8 227.2 436.2 172.7 480.8 109.2 36.9 152.9 417.2 288.2 304.9 181.4 289.9 293.6 272.8 136.2 446.0 409.0 195.3 260.1 304.5 346.1 153.1 278.0 365.5 359.1 494.8 289.4 317.1 165.4 442.3 196.3 395.6 359.8 347.2 357.0 310.2 253.3 307.8 262.5 430.5 297.2 248.0 366.6 78.6 289.3 325.7 271.2 312.0 414.3 348.1 426.9 333.5 273.1 281.4 276.4 201.2 152.0 266.8 337.8 296.7 310.1 269.5 248.4 281.1 391.3 361.4 368.2 318.0 216.2 327.6 243.6 419.4 96.7 0.0 258.8 54.2 372.6 343.1 352.2 364.7 270.4 263.5 279.2 312.5 333.6 259.0 248.0 282.4 374.7 165.3 195.8 411.9 264.0 274.0 390.9 274.3 349.1 377.4 383.2 224.5 270.0 371.2 236.7 150.1 414.0 455.4 223.7 246.0 403.4 304.9 391.8
1035.0 297.0 264.2 119.0 172.4 156.3 206.9 339.9 256.7 83.0 204.2 224.9 258.9 121.1 272.4 159.4 177.2 153.9 132.3 93.9 122.1 283.2 254.1 152.6 147.4 225.0 161.8 224.5 327.3 192.0 245.6 194.1 156.4 178.7 162.8 93.2 167.8 80.4 151.9 137.0 198.5 301.1 123.9 232.5 147.1 147.0 158.6 204.5 125.5 95.7 121.4 240.2 182.5 170.6 162.5 127.4 258.7 135.7 237.8 155.0 185.4 193.4 228.0 246.7 252.6 246.9 292.1 233.7 242.8 225.3 324.8 203.7 131.1 235.5 279.6 216.1 181.1 338.7 195.5 74.9 116.2 288.3 211.2 135.6 129.2 264.9 242.5 87.2 308.8 171.2 163.7 152.8 129.9 212.6 202.8 100.0 177.6 81.4 119.7 200.6 256.4 166.5 193.2 222.0 204.5 98.2 128.1 132.2 186.4 114.0 192.8 147.8 116.6 196.6 118.5 340.4 291.2 117.9 248.8 140.2 223.9 202.7 132.1 130.6 212.0 142.1 144.0 271.1 195.7 131.8 146.6 189.5 240.1 233.3 0.0 246.2 129.4 123.7 118.1 134.8 11.5 179.9 194.4 121.2 103.7 174.2 181.2 215.6 131.9 139.6 339.2 164.9 214.4 198.4 215.9 272.9 123.8 143.3 153.3 157.7 230.8 141.3 151.9 293.5 171.2 225.5 245.9 206.8 169.3 75.0 157.7
1275.0 163.8 352.4 394.9 249.4 396.4 392.1 206.7 123.5 322.8 444.3 319.9 270.5 278.3 139.2 401.0 417.3 286.6 372.4 315.6 267.9 150.0 270.7 154.0 306.8 321.4 408.2 273.9 194.1 291.4 257.2 331.3 251.4 270.4 284.1 333.3 244.8 320.5 187.8 390.0 323.9 162.6 330.5 458.4 313.8 315.1 332.4 442.6 365.6 263.8 361.5 480.3 186.1 267.9 254.2 367.5 125.5 284.7 404.5 308.0 237.4 446.4 182.9 486.8 119.4 39.9 158.9 427.2 298.4 315.1 191.6 300.1 299.2 283.0 146.4 456.2 419.2 205.5 264.3 314.7 356.3 196.8 288.2 375.7 369.3 499.8 299.6 327.3 154.6 452.5 206.5 405.8 370.0 357.4 367.2 320.4 263.5 315.8 272.7 440.7 312.0 258.2 376.8 88.8 299.5 338.3 281.4 322.2 424.5 354.1 432.9 343.7 283.3 291.6 286.6 207.2 158.0 273.4 343.8 306.9 320.3 279.7 258.6 291.3 401.5 399.8 388.9 328.2 226.4 337.8 249.6 429.6 106.9 66.5 269.0 0.0 382.4 353.3 358.2 374.9 262.0 273.7 289.4 324.0 343.8 269.2 258.2 292.6 384.9 169.5 206.0 417.9 273.0 284.2 401.1 284.5 363.9 383.4 393.4 234.7 280.2 381.4 246.9 160.3 424.2 465.6 233.9 256.2 412.9 315.1 393.8
1035.2 392.6 399.4 178.2 279.7 215.5 266.1 425.4 352.3 190.3 204.4 332.2 366.2 173.4 361.7 197.8 174.5 261.2 191.5 76.1 229.4 378.8 361.4 252.8 129.6 246.5 221.0 331.8 461.5 208.4 352.9 301.7 264.0 286.0 179.2 116.2 275.1 121.6 259.2 34.5 257.7 396.7 218.7 102.9 188.3 226.3 200.1 264.0 166.7 175.3 121.6 240.4 289.8 249.9 269.8 127.6 354.3 145.1 297.0 196.2 292.7 90.9 335.3 159.3 348.2 342.5 387.7 292.9 350.1 332.6 420.4 248.8 215.0 342.8 375.5 118.2 240.3 434.3 298.3 182.2 175.4 392.1 318.5 194.8 188.4 149.6 349.8 106.6 404.4 230.4 271.0 50.3 189.1 271.8 262.0 119.4 256.9 190.9 160.9 200.8 359.1 273.8 252.4 317.6 312.1 155.0 110.3 210.7 245.6 173.2 193.0 189.0 157.8 304.2 197.8 425.9 377.0 225.2 356.4 181.4 269.0 310.0 239.4 209.9 271.2 201.3 138.5 378.4 303.0 114.0 253.9 189.7 335.7 328.9 202.6 341.8 0.0 105.9 177.3 194.0 213.9 287.2 301.7 227.2 162.9 281.5 288.5 322.9 29.4 246.9 434.8 62.7 321.7 305.7 275.1 380.2 160.4 202.8 153.5 265.0 338.1 141.5 259.2 389.1 68.7 225.7 353.2 314.1 169.5 94.4 157.9
1003.7 389.7 367.9 173.4 304.4 210.7 261.3 420.6 349.4 202.1 172.9 317.6 351.6 168.6 365.1 249.5 145.9 246.6 186.7 41.2 214.8 375.9 346.8 245.3 94.7 241.7 216.2 317.2 420.0 203.6 338.3 286.8 249.1 271.4 174.4 111.4 299.8 116.8 244.6 87.7 252.9 388.5 213.9 156.1 183.5 191.4 195.0 258.9 161.9 140.1 90.1 208.9 275.2 216.9 255.2 96.1 351.4 110.2 292.2 191.4 278.1 144.1 320.7 212.2 345.3 339.6 384.8 292.1 335.5 318.0 417.5 244.0 175.5 328.2 372.3 171.4 235.5 431.4 288.2 194.0 170.6 422.7 343.2 190.0 183.6 197.6 335.2 158.7 380.5 225.6 263.3 103.5 184.3 267.0 257.2 145.9 222.0 200.5 156.1 169.3 349.1 259.2 247.6 314.7 297.2 152.6 75.4 205.6 240.8 168.4 161.5 184.2 153.0 289.3 162.9 421.1 372.2 210.0 381.5 176.6 264.2 334.7 224.8 175.0 266.4 206.6 117.5 363.8 288.4 79.1 265.7 158.2 332.8 321.0 167.4 338.9 80.1 0.0 172.5 189.2 160.4 272.6 287.1 213.9 158.1 266.9 313.2 347.6 82.6 226.3 431.9 115.6 310.1 291.1 270.3 365.6 160.2 197.7 122.0 289.7 323.5 110.0 244.6 386.2 121.9 194.2 338.6 299.5 141.5 170.9 122.4
1080.1 361.2 328.4 100.5 236.6 137.8 188.4 400.3 320.9 147.2 249.3 289.1 323.1 185.3 336.6 140.9 219.4 218.1 95.8 139.0 186.3 347.4 318.3 216.8 192.5 221.4 143.3 288.7 391.5 183.3 309.8 258.3 220.6 242.9 154.1 96.5 232.0 96.5 216.1 182.1 180.0 365.3 25.4 214.0 163.2 211.2 72.6 186.0 112.7 159.9 166.5 285.3 246.7 234.8 226.7 172.5 322.9 180.8 219.3 109.7 249.6 226.0 292.2 228.2 316.8 311.1 356.3 215.2 307.0 289.5 389.0 267.9 195.3 299.7 343.8 197.6 162.6 402.9 259.5 139.1 97.7 352.5 275.4 117.1 11.1 241.2 306.7 132.3 352.0 152.7 227.9 197.9 77.2 194.1 184.3 145.1 241.8 145.6 95.1 245.7 320.6 230.7 174.7 286.2 268.7 59.3 173.2 33.7 167.9 61.3 237.9 83.9 132.7 260.8 182.7 400.8 351.9 182.1 313.0 156.3 288.1 266.9 196.3 194.8 193.5 123.6 193.9 335.3 259.9 176.9 210.8 234.6 304.3 297.5 120.0 310.4 174.9 168.8 0.0 116.3 113.0 244.1 258.6 184.1 67.2 238.4 245.4 279.8 177.0 203.8 403.4 210.0 278.6 262.6 197.4 337.1 59.2 124.8 198.4 221.9 295.0 186.4 216.1 357.7 238.1 270.6 310.1 271.0 214.4 120.1 202.8
1107.3 392.1 359.3 55.1 267.5 110.4 161.0 431.2 351.8 178.1 280.2 320.0 354.0 216.2 367.5 115.0 284.2 249.0 144.7 169.9 217.2 378.3 349.2 247.7 223.4 252.3 97.9 319.6 422.4 214.2 340.7 289.2 251.5 273.8 185.0 127.4 262.9 127.4 247.0 254.2 134.6 390.9 108.5 186.6 194.1 242.1 155.7 140.6 162.0 190.8 273.1 316.2 277.6 267.6 257.6 203.4 353.8 211.7 173.9 192.8 280.5 198.6 323.1 200.8 347.7 342.0 387.2 173.8 337.9 320.4 419.9 298.8 226.2 330.6 374.7 170.2 117.2 433.8 290.6 170.0 40.2 425.1 306.3 71.7 113.8 213.8 337.6 163.2 382.9 107.3 258.8 302.5 114.5 148.7 138.9 176.0 272.7 176.5 166.7 307.6 351.5 261.6 129.3 317.1 299.6 110.6 204.1 116.8 122.5 98.6 330.8 167.0 163.6 291.7 213.6 431.7 382.8 212.4 343.9 187.2 319.0 297.8 227.2 225.7 148.1 88.3 224.8 366.2 290.8 207.8 241.7 265.5 335.2 323.4 150.9 341.3 301.1 199.7 102.7 0.0 143.9 275.0 289.5 216.3 116.1 269.3 276.3 310.7 259.3 228.7 434.3 244.8 312.5 293.5 170.0 368.0 90.1 97.4 229.3 252.8 325.9 318.5 247.0 388.6 210.7 301.5 341.0 301.9 302.9 151.0 322.0
1027.3 289.3 256.5 111.3 164.7 148.6 199.2 332.2 249.0 75.3 196.5 237.5 251.2 113.4 258.4 172.0 166.6 146.2 124.6 86.2 114.4 275.5 246.4 137.8 139.7 217.3 154.1 216.8 339.9 184.3 237.9 186.4 169.0 171.0 155.1 85.5 160.1 72.7 144.2 129.3 190.8 293.4 116.2 224.8 139.4 139.3 171.2 217.1 117.8 88.0 113.7 232.5 174.8 162.9 154.8 119.7 251.0 128.0 230.1 147.3 177.7 185.7 220.3 259.3 244.9 239.2 304.7 226.0 235.1 217.6 317.1 196.0 128.0 227.8 292.2 208.4 173.4 331.0 183.3 67.2 108.5 288.8 203.5 127.9 121.5 257.2 234.8 79.5 301.1 163.5 156.0 145.1 122.2 204.9 195.1 92.3 169.9 75.9 112.0 192.9 244.1 158.8 185.5 214.3 217.1 88.1 120.4 144.8 178.7 106.3 205.4 140.1 108.9 209.2 110.8 353.0 283.5 130.5 241.1 132.5 216.2 195.0 124.4 122.9 204.3 154.7 130.6 263.4 188.0 124.1 138.9 202.1 232.4 225.6 12.5 238.5 122.1 116.0 130.7 127.1 0.0 172.2 186.7 112.2 96.0 166.5 173.5 207.9 124.2 131.9 331.5 177.5 227.0 190.7 208.2 265.2 111.5 155.9 145.6 150.0 223.1 133.6 144.2 285.8 163.5 217.8 238.2 199.1 161.6 67.3 170.3
1196.2 323.4 199.6 280.2 176.3 317.5 368.1 355.8 283.1 224.8 365.4 160.3 78.9 262.9 298.8 322.1 338.4 239.2 293.5 236.7 207.4 309.6 74.1 167.6 227.9 372.1 323.0 74.8 391.6 342.1 65.6 129.5 23.4 113.1 373.4 254.4 163.2 241.6 238.5 311.1 419.3 322.2 285.1 379.5 409.2 236.2 319.8 365.7 286.7 184.9 282.6 401.4 199.7 207.0 96.9 288.6 285.1 205.8 399.0 316.2 80.1 367.5 103.3 407.9 279.0 273.3 318.5 398.9 62.8 79.5 351.2 350.8 220.3 85.8 306.0 377.3 342.3 365.1 45.2 216.7 277.4 356.4 179.9 296.8 290.4 420.9 109.1 248.4 314.2 332.4 257.2 326.9 291.1 452.8 364.0 241.5 202.6 223.2 280.9 361.8 76.4 100.9 354.4 248.4 139.9 259.4 202.5 293.4 347.6 275.2 354.0 309.0 378.7 73.9 207.7 356.3 307.4 202.6 184.2 402.3 371.0 142.2 217.4 219.8 373.2 313.4 310.0 137.7 69.1 258.9 300.3 350.7 266.5 254.7 190.1 272.6 303.5 274.4 279.3 296.0 183.1 0.0 71.7 206.5 264.9 109.6 149.8 204.1 306.0 220.2 365.6 339.0 37.4 133.8 377.1 92.9 285.0 304.5 314.5 173.8 81.1 302.5 27.9 319.9 345.3 386.7 121.2 57.1 334.0 236.2 314.9
1210.5 356.6 213.9 294.5 190.6 331.8 382.4 318.7 316.3 239.1 379.7 174.6 128.7 277.2 415.7 336.4 352.7 253.5 307.8 251.0 221.7 348.0 148.4 229.5 242.2 340.4 337.3 136.7 354.5 310.4 139.1 143.8 68.0 175.0 398.3 268.7 177.5 255.9 206.8 325.4 438.1 355.4 299.4 393.8 428.0 250.5 334.1 380.0 301.0 199.2 296.9 415.7 261.6 221.3 158.8 302.9 383.0 220.1 413.3 330.5 142.0 381.8 165.2 422.2 312.2 306.5 435.4 413.2 69.5 89.6 468.1 319.1 234.6 147.7 339.2 391.6 356.6 398.3 107.1 231.0 291.7 473.3 194.2 311.1 304.7 435.2 48.0 262.7 347.4 346.7 225.5 341.2 305.4 471.6 378.3 255.8 216.9 237.5 295.2 376.1 83.1 162.8 368.7 281.6 154.2 273.7 216.8 307.7 361.9 289.5 368.3 323.3 397.5 66.2 222.0 319.2 270.3 216.9 198.5 421.1 339.3 156.5 231.7 234.1 387.5 327.7 324.3 76.6 131.0 273.2 268.6 365.0 299.7 287.9 204.4 305.8 317.8 288.7 293.6 310.3 197.4 91.5 0.0 220.8 279.2 123.9 164.1 218.4 320.3 188.5 398.8 353.3 70.6 148.1 391.4 117.8 299.3 318.8 328.8 188.1 143.0 316.8 63.5 353.1 359.6 401.0 183.1 119.0 348.3 250.5 329.2
1129.7 289.7 256.9 213.7 165.1 251.0 301.6 332.6 248.5 158.3 298.9 216.7 251.6 276.2 258.8 253.2 269.0 79.6 227.0 170.2 47.8 275.0 246.8 138.2 161.4 256.2 256.5 217.2 320.0 226.2 238.3 185.9 148.2 170.5 257.5 187.9 160.5 174.2 138.9 243.7 293.2 293.8 218.6 313.0 354.2 168.8 252.4 298.3 220.2 117.5 216.1 334.0 175.2 193.3 154.3 222.1 251.4 139.3 332.5 249.7 177.2 301.0 220.7 340.5 245.3 239.6 283.9 328.4 235.5 218.0 317.5 234.9 158.4 228.2 272.3 310.8 275.8 331.4 183.7 150.2 210.9 289.2 203.9 230.3 223.9 359.6 235.2 181.9 301.5 265.9 141.3 260.4 224.6 307.3 297.5 175.0 200.3 158.9 214.4 295.3 244.5 159.2 287.9 214.7 196.3 190.5 136.0 226.0 281.1 208.7 286.6 242.5 323.7 188.4 141.2 332.2 283.0 43.6 240.6 347.3 255.1 195.4 57.8 153.3 306.7 235.9 233.0 263.8 188.4 192.4 184.4 283.3 232.8 226.0 122.7 238.9 237.4 207.9 211.9 229.5 135.2 172.6 187.1 0.0 198.4 166.9 173.9 208.3 239.5 132.3 331.9 272.5 206.2 191.1 310.6 265.6 213.9 237.1 248.0 150.4 223.5 236.0 144.6 286.2 278.8 320.2 238.6 199.5 264.0 169.7 251.5
1110.6 364.9 332.1 76.4 240.3 113.7 164.3 443.6 324.6 150.9 253.0 292.8 326.8 189.0 340.3 118.3 287.5 221.8 38.3 142.7 190.0 351.1 322.0 220.5 196.2 225.1 119.2 292.4 395.2 187.0 313.5 262.0 224.3 246.6 157.8 100.2 235.7 100.2 219.8 257.5 155.9 363.7 63.3 189.9 166.9 214.9 110.5 161.9 150.6 163.6 276.4 289.0 250.4 240.4 230.4 176.2 326.6 184.5 195.2 147.6 253.3 201.9 295.9 204.1 320.5 314.8 360.0 195.1 310.7 293.2 392.7 271.6 199.0 303.4 347.5 173.5 138.5 406.6 263.4 142.8 73.6 397.9 279.1 93.0 68.6 217.1 310.4 136.0 355.7 128.6 231.6 305.8 69.3 170.0 160.2 148.8 245.5 149.3 133.0 310.9 324.3 234.4 150.6 289.9 272.4 4.8 176.9 71.6 143.8 53.4 334.1 121.8 136.4 264.5 186.4 444.1 395.2 185.2 316.7 160.0 291.8 270.6 200.0 198.5 169.4 109.6 197.6 339.0 263.6 180.6 214.5 238.3 308.0 296.2 123.7 314.1 304.4 172.5 57.5 92.2 116.7 247.8 262.3 189.1 0.0 242.1 249.1 283.5 262.6 201.5 407.1 248.1 285.3 266.3 173.3 340.8 62.9 100.7 202.1 225.6 298.7 321.8 219.8 361.4 214.0 274.3 313.8 274.7 306.2 123.8 325.3
1171.8 313.2 92.6 255.8 87.5 293.1 343.7 391.2 272.9 200.4 341.0 50.6 196.1 238.5 288.6 297.7 314.0 214.8 269.1 212.3 183.0 299.4 191.3 168.8 203.5 301.7 298.6 162.3 343.5 271.7 182.8 40.7 93.6 156.7 280.2 230.0 74.4 217.2 168.1 286.7 335.3 312.0 260.7 355.1 283.9 211.8 295.4 341.3 262.3 160.5 258.2 377.0 198.7 182.6 140.5 264.2 274.9 181.4 374.6 291.8 163.4 343.1 190.8 383.5 268.8 263.1 308.3 374.5 180.0 162.5 341.0 280.4 195.9 173.3 295.8 352.9 317.9 354.9 132.7 192.3 253.0 346.2 91.1 272.4 266.0 396.5 223.7 224.0 304.0 308.0 186.8 302.5 266.7 349.4 339.6 217.1 178.2 198.8 256.5 337.4 193.6 144.5 330.0 238.2 32.9 235.0 178.1 269.0 323.2 250.8 329.6 284.6 253.4 133.8 183.3 391.7 342.8 178.2 77.2 277.0 300.6 53.4 193.0 195.4 348.8 289.0 285.6 252.3 156.6 234.5 229.9 326.3 256.3 244.5 165.7 262.4 279.1 250.0 254.9 271.6 158.7 117.1 131.6 182.1 240.5 0.0 61.0 115.3 281.6 149.8 355.4 314.6 154.6 45.0 352.7 210.1 260.6 280.1 290.1 104.9 168.6 278.1 89.1 309.7 320.9 362.3 208.7 144.6 309.6 211.8 290.5
1129.4 313.4 161.0 286.0 55.5 323.3 373.9 356.3 273.1 230.6 371.2 121.7 226.3 268.7 288.8 327.9 344.2 245.0 299.3 242.5 213.2 299.6 221.5 169.0 233.7 301.9 328.8 192.5 343.7 271.9 213.0 78.9 123.8 186.9 303.2 260.2 13.4 247.4 168.3 316.9 365.5 312.2 290.9 385.3 314.1 242.0 325.6 371.5 292.5 190.7 288.4 407.2 198.9 122.3 170.7 294.4 275.1 211.6 404.8 322.0 193.6 373.3 221.0 413.7 269.0 263.3 308.5 404.7 210.2 192.7 341.2 280.6 226.1 203.5 296.0 383.1 348.1 355.1 162.9 222.5 283.2 346.4 49.8 302.6 296.2 426.7 209.9 254.2 304.2 338.2 187.0 332.7 296.9 379.6 369.8 247.3 117.9 229.0 286.7 367.6 223.8 174.7 360.2 238.4 101.3 265.2 208.3 299.2 353.4 281.0 359.8 314.8 283.6 164.0 161.9 356.8 307.6 208.4 145.6 307.2 300.8 21.4 223.2 145.7 379.0 319.2 315.8 238.5 186.8 264.7 230.1 356.5 256.5 244.7 195.9 262.6 309.3 280.2 285.1 301.8 188.9 147.3 161.8 212.3 270.7 71.0 0.0 54.2 311.8 150.0 355.6 344.8 184.8 25.9 382.9 240.3 290.8 310.3 320.3 66.5 198.8 308.3 119.3 309.9 351.1 392.5 238.9 174.8 339.8 242.0 320.7
1132.1 316.1 203.6 276.7 83.9 314.0 364.6 359.0 275.8 221.3 361.9 164.3 268.9 259.4 291.5 318.6 334.9 269.8 290.0 233.2 203.9 302.3 264.1 171.7 224.4 304.6 319.5 235.1 346.4 274.6 255.6 71.8 166.4 229.5 305.9 250.9 29.1 238.1 171.0 307.6 356.2 314.9 281.6 376.0 304.8 209.2 316.3 362.2 283.2 181.4 279.1 397.9 201.6 125.0 213.3 285.1 277.8 202.3 395.5 312.7 236.2 364.0 263.6 404.4 271.7 266.0 311.2 395.4 252.8 235.3 343.9 283.3 193.3 246.1 298.7 373.8 338.8 357.8 205.5 213.2 273.9 349.1 28.7 293.3 286.9 417.4 252.5 244.9 306.9 328.9 189.7 323.4 287.6 370.3 360.5 238.0 120.6 219.7 277.4 358.3 266.4 217.3 350.9 241.1 143.9 255.9 199.0 289.9 344.1 271.7 350.5 305.5 274.3 206.6 164.6 359.5 310.3 199.1 188.2 297.9 303.5 64.0 241.8 148.4 369.7 309.9 306.5 281.1 229.4 255.4 232.8 347.2 259.2 247.4 186.6 265.3 300.0 270.9 275.8 292.5 179.6 189.9 204.4 203.0 261.4 113.6 42.5 0.0 302.5 152.7 358.3 335.5 227.4 68.5 373.6 282.9 281.5 301.0 311.0 69.2 241.4 299.0 161.9 312.6 341.8 383.2 281.5 217.4 330.5 232.7 311.4
1030.0 387.4 394.2 173.0 274.5 210.3 260.9 420.2 347.1 185.1 199.2 327.0 361.0 168.2 362.8 166.8 172.2 256.0 186.3 70.9 224.2 373.6 356.2 254.7 124.4 241.3 215.8 326.6 456.0 203.2 347.7 296.2 258.5 280.8 174.0 111.0 269.9 116.4 254.0 5.1 252.5 386.2 213.5 73.4 183.1 221.1 194.6 258.5 161.5 169.8 116.4 235.2 284.6 246.6 264.6 122.4 349.1 139.9 291.8 191.0 287.5 61.4 330.1 129.5 343.0 337.3 382.5 291.7 344.9 327.4 415.2 243.6 205.2 337.6 370.0 88.7 235.1 429.1 297.6 177.0 170.2 420.4 313.3 189.6 183.2 114.9 344.6 101.4 378.2 225.2 265.8 43.1 183.9 266.6 256.8 114.2 251.7 183.5 155.7 195.6 358.5 268.6 247.2 312.4 306.6 152.2 105.1 205.2 240.4 168.0 187.8 183.8 152.6 298.7 192.6 420.7 371.8 219.4 350.9 176.2 263.8 304.8 234.2 204.7 266.0 206.2 143.8 373.2 297.8 108.8 248.7 184.5 330.5 318.7 197.1 336.6 41.7 100.7 172.1 188.8 190.1 282.0 296.5 223.3 157.7 276.3 283.3 317.7 0.0 235.7 429.6 32.9 319.5 300.5 269.9 375.0 159.8 197.3 148.3 259.8 332.9 136.3 254.0 383.9 39.2 220.5 348.0 308.9 167.8 89.2 148.7
1212.0 193.8 240.1 364.3 130.3 318.9 361.5 236.7 153.5 153.2 381.2 200.8 212.0 172.7 162.9 322.0 351.3 117.0 294.9 270.9 98.3 186.0 256.1 42.3 187.7 151.8 377.6 210.8 224.1 121.8 198.7 218.2 138.3 160.6 153.1 255.8 125.7 243.0 18.3 314.0 293.3 197.9 286.1 382.4 249.8 202.0 288.0 418.0 328.1 144.7 298.4 417.2 50.5 150.4 144.4 304.4 155.5 165.6 373.9 263.6 180.3 370.4 119.8 409.3 149.4 143.7 194.9 392.6 218.7 201.2 221.6 130.5 184.7 221.8 176.4 378.7 388.6 235.5 207.2 145.1 278.8 193.3 169.1 298.2 334.1 427.5 218.4 264.2 205.6 421.9 36.9 329.8 292.5 326.8 336.6 277.0 144.4 148.4 228.3 377.6 227.7 142.4 346.2 118.8 186.4 258.4 162.3 277.8 393.9 276.6 369.8 299.3 219.3 178.5 167.5 243.2 194.0 103.2 224.7 242.9 150.7 160.6 89.0 172.2 370.9 347.0 315.3 247.0 163.3 218.7 80.0 360.5 136.9 130.1 185.5 143.0 306.8 300.7 323.0 297.4 203.1 155.8 170.3 153.1 266.3 150.1 139.1 173.5 308.9 0.0 236.0 341.9 196.3 165.1 370.5 226.0 281.8 305.9 330.3 115.6 217.1 318.3 127.8 190.3 348.2 402.5 170.8 193.1 346.3 252.0 328.7
1352.6 32.7 440.8 489.5 337.8 491.9 480.4 240.5 197.9 437.7 521.8 408.3 358.9 354.9 136.2 520.1 494.8 375.0 467.9 411.5 356.3 212.8 359.1 242.4 465.0 428.0 509.0 362.3 227.9 389.9 345.6 419.7 339.8 358.8 360.7 428.8 333.2 416.0 276.2 454.6 418.5 63.9 407.1 523.0 390.4 403.5 409.0 543.4 449.1 352.2 439.0 557.8 274.5 356.3 342.6 445.0 188.3 453.3 530.9 384.6 325.8 511.0 271.3 603.7 193.8 222.1 155.9 530.8 386.8 403.5 188.6 430.3 387.6 371.4 220.8 573.1 520.0 73.7 352.7 429.6 451.8 193.8 376.6 525.2 455.1 564.5 388.0 404.8 72.2 553.3 294.9 470.4 481.6 452.0 495.9 417.6 351.9 404.6 349.3 518.2 400.4 346.6 486.3 127.9 387.9 433.8 445.7 398.8 525.3 465.7 510.4 420.3 359.9 380.0 375.0 241.0 191.8 361.8 432.2 383.5 450.5 368.1 347.0 379.7 505.1 494.4 466.4 416.6 314.8 449.4 338.0 507.1 122.8 203.5 357.4 221.4 447.0 441.3 444.0 470.4 350.4 362.1 377.8 475.9 439.3 357.6 346.6 381.0 449.5 257.9 0.0 482.5 361.4 372.6 489.4 372.9 463.6 478.9 470.9 323.1 368.6 458.9 335.3 234.7 488.8 543.1 322.3 344.6 490.4 392.6 471.3
1062.1 419.5 426.3 205.1 306.6 226.1 266.1 452.3 379.2 217.2 231.3 359.1 393.1 200.3 394.9 172.9 201.4 288.1 218.4 103.0 256.3 405.7 388.3 286.8 156.5 273.4 247.9 358.7 488.1 235.3 379.8 328.3 290.6 312.9 206.1 143.1 302.0 148.5 286.1 26.9 284.6 423.6 245.6 78.0 215.2 253.2 226.7 290.6 193.6 201.9 148.5 267.3 316.7 276.8 296.7 154.5 381.2 172.0 323.9 223.1 319.6 66.0 362.2 134.1 375.1 369.4 414.6 319.8 377.0 359.5 447.3 275.7 241.9 369.7 402.1 93.3 267.2 461.2 329.5 209.1 202.3 410.8 345.4 221.7 215.3 124.7 376.7 133.5 431.3 257.3 297.9 75.2 216.0 298.7 288.9 146.3 283.8 217.8 187.8 227.7 386.0 300.7 279.3 344.5 338.7 184.3 137.2 237.3 272.5 200.1 219.9 215.9 184.7 330.8 224.7 452.8 403.9 252.1 383.0 208.3 295.9 336.9 266.3 236.8 298.1 228.2 171.1 405.3 329.9 140.9 280.8 216.6 362.6 355.8 229.2 368.7 73.8 132.8 204.2 220.9 240.8 314.1 328.6 254.1 189.8 308.4 315.4 349.8 32.0 273.8 461.7 0.0 348.6 332.6 275.1 407.1 187.3 204.5 180.4 291.9 365.0 168.4 286.1 416.0 43.8 252.6 380.1 341.0 196.4 121.3 184.8
1220.7 324.0 232.8 304.7 200.8 342.0 392.6 321.3 283.7 249.3 389.9 184.8 79.5 374.3 299.4 345.1 360.0 263.7 318.0 261.2 231.9 350.6 74.7 192.1 252.4 396.6 347.5 99.3 357.1 366.6 66.2 154.0 47.9 137.6 380.1 278.9 187.7 266.1 263.0 335.6 419.9 328.1 309.6 404.0 409.8 260.7 344.3 390.2 311.2 209.4 307.1 425.9 224.2 233.1 121.4 313.1 285.7 230.3 500.5 340.7 104.6 392.0 127.8 432.4 279.6 273.9 319.1 419.4 28.3 45.0 351.8 375.3 249.4 87.0 306.6 401.8 366.8 365.7 69.7 241.2 301.9 323.5 204.4 321.3 314.9 450.6 74.6 272.9 335.8 356.9 281.7 351.4 315.6 453.4 463.2 266.0 227.1 249.9 305.4 386.3 41.9 125.4 378.9 249.0 164.4 281.5 227.0 317.9 372.1 299.7 378.5 333.5 379.3 73.7 232.2 321.8 272.9 227.7 208.7 402.9 395.5 166.7 241.9 244.3 397.7 327.8 324.0 103.2 93.6 283.4 324.8 375.2 267.1 255.3 214.6 273.2 328.0 298.9 303.8 320.5 226.2 24.4 85.0 229.7 289.4 134.1 174.3 228.6 330.5 250.7 366.2 363.5 0.0 158.3 401.6 76.6 304.9 329.0 339.0 198.3 105.6 327.0 52.4 320.5 369.8 411.2 145.7 81.6 355.0 260.7 343.4
1176.0 317.4 135.0 260.0 42.4 297.3 347.9 386.9 277.1 204.6 345.2 95.7 200.3 242.7 292.8 301.9 318.2 219.0 273.3 216.5 187.2 303.6 195.5 173.0 207.7 305.9 302.8 166.5 347.7 275.9 187.0 52.9 97.8 160.9 284.4 234.2 29.3 221.4 172.3 290.9 339.5 316.2 264.9 359.3 288.1 216.0 299.6 345.5 266.5 164.7 262.4 381.2 202.9 138.3 144.7 268.4 279.1 185.6 378.8 296.0 167.6 347.3 195.0 387.7 273.0 267.3 312.5 378.7 184.2 166.7 345.2 284.6 200.1 177.5 300.0 357.1 322.1 359.1 136.9 196.5 257.2 350.4 65.8 276.6 270.2 400.7 183.9 228.2 308.2 312.2 191.0 306.7 270.9 353.6 343.8 221.3 133.9 203.0 260.7 341.6 197.8 148.7 334.2 242.4 75.3 239.2 182.3 273.2 327.4 255.0 333.8 288.8 257.6 138.0 187.5 387.4 338.5 182.4 119.6 281.2 304.8 8.3 197.2 199.6 353.0 293.2 289.8 212.5 160.8 238.7 234.1 330.5 260.5 248.7 169.9 266.6 283.3 254.2 259.1 275.8 162.9 121.3 135.8 186.3 244.7 45.0 15.9 70.2 285.8 154.0 359.6 318.8 158.8 0.0 356.9 214.3 264.8 284.3 294.3 59.8 172.8 282.3 93.3 313.9 325.1 366.5 212.9 148.8 313.8 216.0 294.7
1174.8 406.6 438.3 152.1 346.5 190.6 8.3 439.4 366.3 257.1 359.2 399.0 433.0 295.2 382.0 135.9 301.2 328.0 223.7 248.9 296.2 392.8 428.2 326.7 302.4 331.3 124.8 398.6 475.2 293.2 419.7 368.2 330.5 352.8 264.0 206.4 341.9 206.4 326.0 272.9 160.2 405.4 187.5 205.3 273.1 321.1 234.7 159.2 241.0 269.8 290.1 395.2 356.6 346.6 336.6 282.4 368.3 290.7 146.7 271.8 359.5 217.3 402.1 219.5 362.2 356.5 401.7 146.6 416.9 399.4 434.4 377.8 305.2 409.6 389.2 188.9 135.8 448.3 369.6 249.0 218.0 439.6 385.3 141.0 192.8 232.5 416.6 242.2 397.4 169.1 337.8 321.2 193.5 121.5 111.7 255.0 351.7 255.5 245.7 324.6 430.5 340.6 102.1 331.6 378.6 189.6 283.1 195.8 141.1 177.6 347.8 246.0 242.6 370.7 292.6 439.9 391.0 291.4 422.9 266.2 398.0 376.8 306.2 304.7 120.9 185.3 303.8 445.2 369.8 286.8 320.7 344.5 349.7 337.9 229.9 355.8 319.8 278.7 181.7 236.6 222.9 354.0 368.5 295.3 195.1 348.3 355.3 389.7 278.0 307.7 448.8 263.5 391.5 372.5 0.0 447.0 169.1 169.0 308.3 331.8 404.9 335.5 326.0 403.1 229.4 380.5 420.0 380.9 319.9 230.0 339.0
1268.6 327.9 276.7 352.6 248.7 389.9 492.0 365.2 287.6 297.2 437.8 232.7 10.8 378.2 303.3 394.5 410.8 342.2 365.9 309.1 323.5 314.1 78.6 240.0 300.3 377.0 395.4 105.1 401.0 347.0 21.3 201.9 95.8 185.5 384.0 326.8 235.6 314.0 243.4 383.5 423.8 326.7 357.5 451.9 413.7 308.6 432.3 438.1 359.1 257.3 355.0 473.8 272.1 323.5 169.3 361.0 289.6 278.2 504.4 407.9 152.5 439.9 175.7 480.3 283.5 277.8 323.0 527.1 68.7 108.0 355.7 355.7 292.7 90.9 310.5 449.7 414.7 369.6 104.3 289.1 349.8 360.9 252.3 369.2 362.8 493.3 118.5 320.8 318.7 404.8 262.1 399.3 363.5 457.3 467.1 313.9 319.1 295.6 372.6 434.2 56.7 173.3 476.7 252.9 212.3 331.8 274.9 365.8 420.0 347.6 426.4 381.4 383.2 136.7 280.1 365.7 316.8 275.0 256.6 406.8 375.9 214.6 314.2 292.2 501.4 385.8 382.4 147.1 141.5 331.3 305.2 423.1 271.0 259.2 262.5 277.1 375.9 346.8 351.7 368.4 255.5 72.3 128.9 278.9 337.3 182.0 222.2 276.5 378.4 225.1 370.1 411.4 65.9 206.2 501.0 0.0 357.4 376.9 386.9 290.3 111.4 374.9 100.3 324.4 417.7 459.1 193.6 91.5 406.4 308.6 387.3
1039.7 320.8 288.0 141.7 196.2 179.0 306.8 359.9 280.5 106.8 208.9 248.7 282.7 144.9 289.9 186.7 179.0 177.7 192.4 98.6 145.9 307.0 277.9 169.3 152.1 181.0 184.5 248.3 355.7 142.9 269.4 217.9 184.8 202.5 113.7 38.1 191.6 49.0 175.7 146.3 238.6 324.9 99.3 210.1 122.8 170.8 75.0 361.9 71.8 124.1 130.7 249.5 206.3 194.4 186.3 132.1 282.5 140.4 319.2 130.7 209.2 198.1 251.8 266.2 276.4 270.7 320.5 337.9 266.6 249.1 348.6 227.5 159.5 259.3 308.0 225.4 333.9 362.5 214.8 98.7 138.9 320.3 235.0 158.3 147.3 256.8 266.3 91.9 332.6 193.9 187.5 157.5 173.8 272.1 281.9 104.7 201.4 107.4 95.4 205.3 280.2 190.3 291.5 245.8 232.9 155.9 132.8 91.0 339.2 154.0 202.1 86.3 92.3 225.0 142.3 360.4 316.1 146.3 272.6 115.9 247.7 226.5 155.9 154.4 316.2 290.9 143.0 294.9 219.5 136.5 170.4 194.2 263.9 257.1 84.2 270.0 134.5 128.4 136.2 157.5 91.2 203.7 218.2 143.7 163.8 198.0 205.0 239.4 136.6 163.4 363.0 169.6 242.8 222.2 315.8 296.7 0.0 170.6 158.0 181.5 254.6 146.0 175.7 317.3 175.9 230.2 269.7 230.6 178.6 79.7 162.4
1100.4 419.2 475.1 100.2 294.6 56.5 146.0 458.3 378.9 205.2 307.3 347.1 381.1 243.3 394.6 21.0 226.8 276.1 171.8 237.8 244.3 405.4 376.3 274.8 291.3 279.4 143.0 346.7 449.5 241.3 367.8 316.3 278.6 300.9 212.1 154.5 290.0 154.5 274.1 161.7 179.7 423.3 135.6 94.1 221.2 269.2 182.8 185.7 189.1 217.9 215.7 343.3 304.7 292.8 284.7 230.5 380.9 306.8 219.0 219.9 307.6 106.1 350.2 108.3 374.8 369.1 414.3 214.9 365.0 347.5 447.0 325.9 257.9 357.7 401.8 77.7 162.3 460.9 313.2 197.1 124.2 418.7 333.4 116.8 140.9 121.3 364.7 190.3 431.0 152.4 285.9 210.0 141.6 193.8 184.0 203.1 387.5 203.6 193.8 250.2 378.6 288.7 174.4 344.2 326.7 137.7 272.0 143.9 167.6 125.7 273.4 194.1 190.7 318.8 240.7 458.8 409.9 240.1 371.0 214.3 346.1 324.9 254.3 252.8 193.2 123.3 241.4 393.3 317.9 275.7 268.8 292.6 362.3 355.5 178.0 368.4 208.6 267.6 129.8 142.8 171.0 302.1 316.6 242.1 143.2 296.4 303.4 337.8 166.8 261.8 461.4 152.3 336.6 320.6 155.0 395.1 121.1 0.0 256.4 279.9 353.0 261.1 274.1 415.7 118.2 328.6 368.1 329.0 249.0 178.1 260.6
996.2 486.5 360.4 216.1 296.9 253.4 304.0 463.3 446.2 228.2 94.4 421.9 404.1 211.3 461.9 258.0 154.9 299.1 229.4 132.0 267.3 472.7 399.3 342.1 185.5 284.4 258.9 369.7 516.8 246.3 390.8 378.8 301.6 323.9 217.1 154.1 292.3 159.5 341.4 148.4 295.6 485.3 256.6 216.8 226.2 361.4 237.7 301.6 204.6 230.9 99.1 130.4 372.0 277.2 307.7 64.8 448.2 193.0 334.9 234.1 330.6 204.8 391.0 272.9 442.1 436.4 481.6 334.8 472.6 370.5 514.3 286.7 345.5 380.7 469.1 232.1 278.2 528.2 340.7 220.1 213.3 519.5 335.7 232.7 226.3 258.3 455.1 144.5 477.3 268.3 360.1 164.2 227.0 309.7 299.9 157.3 272.8 226.6 198.8 178.3 486.2 311.7 290.3 411.5 425.7 195.3 166.2 248.3 283.5 211.1 170.5 226.9 195.7 341.8 316.8 463.8 414.9 262.5 374.0 219.3 306.9 327.2 277.3 300.6 309.1 249.3 35.0 483.7 340.9 169.9 291.8 79.7 429.6 417.8 201.0 435.7 140.8 161.8 215.2 231.9 194.0 325.1 339.6 266.4 200.8 419.0 305.7 340.1 143.3 323.1 528.7 176.3 362.6 331.7 313.0 418.1 202.9 240.4 0.0 282.2 376.0 119.0 297.1 483.0 182.6 115.7 391.1 352.0 150.5 132.3 131.4
1107.3 291.3 198.4 251.9 14.6 289.2 339.8 334.2 251.0 196.5 337.1 159.1 263.7 234.6 266.7 293.8 310.1 245.0 265.2 208.4 179.1 277.5 258.9 146.9 199.6 279.8 294.7 229.9 321.6 249.8 250.4 116.3 161.2 224.3 281.1 226.1 34.5 213.3 146.2 282.8 331.4 290.1 256.8 351.2 280.0 184.4 291.5 337.4 258.4 156.6 254.3 373.1 176.8 100.2 208.1 260.3 253.0 177.5 370.7 287.9 231.0 339.2 195.8 379.6 246.9 241.2 286.4 370.6 247.6 230.1 319.1 258.5 168.5 240.9 273.9 349.0 314.0 333.0 200.3 188.4 249.1 324.3 77.9 268.5 262.1 392.6 247.3 220.1 282.1 304.1 164.9 298.6 262.8 345.5 335.7 213.2 95.8 194.9 252.6 333.5 261.2 212.1 326.1 216.3 138.7 231.1 174.2 265.1 319.3 246.9 325.7 280.7 249.5 201.4 139.8 334.7 285.5 174.3 183.0 273.1 278.7 55.2 217.0 123.6 344.9 285.1 281.7 275.9 224.2 230.6 208.0 322.4 234.4 222.6 161.8 240.5 275.2 246.1 251.0 267.7 154.8 184.7 199.2 178.2 236.6 108.4 47.9 82.3 277.7 127.9 333.5 310.7 222.2 63.3 348.8 277.7 256.7 276.2 286.2 0.0 236.2 274.2 156.7 287.8 317.0 358.4 276.3 212.2 305.7 207.9 286.6
1265.3 340.7 268.7 349.3 245.4 386.6 504.8 409.1 300.4 293.9 434.5 229.4 111.2 391.0 316.1 391.2 407.5 361.4 362.6 305.8 342.7 326.9 52.3 191.7 297.0 396.2 392.1 7.8 444.9 366.2 97.9 198.6 92.5 137.2 396.8 323.5 232.3 310.7 262.6 380.2 436.6 339.5 354.2 448.6 426.5 305.3 388.9 434.8 355.8 254.0 351.7 470.5 223.8 276.1 121.0 357.7 302.4 274.9 517.2 420.7 104.2 436.6 127.4 477.0 296.3 290.6 335.8 539.9 139.1 155.8 368.5 374.9 289.4 43.1 323.3 446.4 411.4 382.4 51.3 285.8 346.5 373.7 249.0 365.9 359.5 490.0 185.4 317.5 331.5 401.5 281.3 396.0 360.2 470.1 479.9 310.6 271.7 292.3 385.4 430.9 152.7 125.0 489.5 265.7 209.0 328.5 271.6 362.5 416.7 344.3 423.1 378.1 396.0 143.0 276.8 409.6 360.7 348.2 253.3 419.6 395.1 211.3 333.4 288.9 514.2 382.5 379.1 214.0 93.2 328.0 324.4 419.8 283.8 272.0 259.2 289.9 372.6 343.5 348.4 365.1 252.2 78.7 140.8 275.6 334.0 178.7 218.9 273.2 375.1 244.3 382.9 408.1 113.7 202.9 513.8 125.2 354.1 373.6 383.6 242.9 0.0 371.6 97.0 337.2 414.4 455.8 145.3 38.5 403.1 305.3 384.0
1021.6 412.4 385.8 198.0 299.5 235.3 285.9 445.2 372.1 210.1 190.8 352.0 386.0 193.2 387.8 239.9 59.0 281.0 211.3 113.9 249.2 398.6 381.2 279.7 167.4 266.3 240.8 351.6 481.0 228.2 372.7 321.2 283.5 305.8 199.0 136.0 294.9 141.4 279.0 130.3 277.5 411.2 238.5 198.7 208.1 264.1 219.6 283.5 186.5 212.8 35.3 226.8 309.6 289.6 289.6 114.0 374.1 174.9 316.8 216.0 312.5 186.7 355.1 254.8 368.0 362.3 407.5 316.7 369.9 352.4 440.2 268.6 248.2 362.6 395.0 214.0 260.1 454.1 322.6 202.0 195.2 445.4 338.3 214.6 208.2 240.2 369.6 126.4 403.2 250.2 290.8 146.1 208.9 291.6 281.8 139.2 294.7 208.5 180.7 76.4 383.5 293.6 272.2 337.4 331.6 177.2 148.1 230.2 265.4 193.0 51.4 208.8 177.6 323.7 235.6 445.7 396.8 244.4 399.4 201.2 288.8 329.8 259.2 247.7 291.0 231.2 135.4 398.2 322.8 151.8 273.7 176.1 355.5 343.7 182.9 361.6 122.7 143.7 197.1 213.8 175.9 307.0 321.5 248.3 182.7 301.3 308.3 342.7 125.2 260.7 454.6 158.2 344.5 325.5 294.9 400.0 184.8 222.3 139.9 284.8 357.9 0.0 279.0 408.9 164.5 212.1 373.0 333.9 40.3 114.2 21.2
1168.2 328.3 171.6 252.2 148.3 289.5 340.1 339.7 288.0 196.8 337.4 132.3 106.9 234.9 303.7 294.1 310.4 211.2 265.5 208.7 179.4 369.0 102.1 165.9 199.9 370.4 295.0 73.1 375.5 340.4 93.6 101.5 4.5 111.4 276.6 226.4 135.2 213.6 236.8 283.1 331.7 327.1 257.1 351.5 280.3 208.2 291.8 337.7 258.7 156.9 254.6 373.4 198.0 179.0 95.2 260.6 290.0 177.8 371.0 288.2 78.4 339.5 101.6 379.9 283.9 278.2 323.4 370.9 90.8 74.6 356.1 349.1 192.3 84.1 310.9 349.3 314.3 370.0 43.5 188.7 249.4 361.3 151.9 268.8 262.4 392.9 91.8 220.4 319.1 304.4 255.5 298.9 263.1 345.8 336.0 213.5 174.6 195.2 252.9 333.8 104.4 99.2 326.4 253.3 111.9 231.4 174.5 265.4 319.6 247.2 326.0 281.0 249.8 45.9 179.7 340.2 291.3 174.6 156.2 273.4 369.3 114.2 189.4 191.8 345.2 285.4 282.0 120.4 67.4 230.9 298.6 322.7 271.4 259.6 162.1 277.5 275.5 246.4 251.3 268.0 155.1 27.9 43.7 178.5 236.9 81.6 121.8 176.1 278.0 218.5 370.5 311.0 65.4 105.8 349.1 120.9 257.0 276.5 286.5 145.8 79.4 274.5 0.0 324.8 317.3 358.7 119.5 55.4 306.0 208.2 286.9
1314.4 169.2 391.8 434.3 288.8 435.8 517.4 212.1 26.9 362.2 483.7 359.3 309.9 317.7 144.6 440.4 456.7 326.0 411.8 355.0 307.3 163.8 310.1 193.4 346.2 360.8 447.6 313.3 199.5 330.8 296.6 370.7 290.8 309.8 323.5 372.7 284.2 359.9 227.2 429.4 363.3 168.0 369.9 497.8 353.2 354.5 371.8 482.0 405.0 303.2 400.9 519.7 225.5 307.3 293.6 406.9 139.3 324.1 443.9 347.4 276.8 485.8 222.3 526.2 76.2 173.1 164.3 466.6 337.8 354.5 197.0 339.5 338.6 322.4 13.8 495.6 458.6 210.9 303.7 354.1 395.7 202.2 327.6 415.1 408.7 539.2 339.0 366.7 160.0 491.9 245.9 445.2 409.4 396.8 406.6 359.8 302.9 355.2 312.1 480.1 351.4 297.6 416.2 94.2 338.9 377.7 320.8 361.6 463.9 393.5 472.3 383.1 322.7 331.0 326.0 212.6 163.4 312.8 383.2 346.3 359.7 319.1 298.0 330.7 440.9 439.2 428.3 367.6 265.8 377.2 289.0 469.0 112.3 154.5 308.4 172.4 421.8 392.7 397.6 414.3 301.4 313.1 328.8 363.4 383.2 308.6 297.6 332.0 424.3 208.9 211.4 457.3 312.4 323.6 526.4 323.9 403.3 422.8 432.8 274.1 319.6 420.8 286.3 0.0 463.6 505.0 273.3 295.6 452.3 354.5 433.2
1078.6 436.0 442.8 221.6 323.1 182.2 222.2 468.8 395.7 233.7 247.8 375.6 409.6 216.8 411.4 127.5 278.1 304.6 234.9 119.5 272.8 422.2 404.8 303.3 173.0 289.9 264.4 375.2 504.6 251.8 396.3 344.8 307.1 329.4 222.6 159.6 318.5 165.0 302.6 43.4 301.1 434.8 262.1 34.1 231.7 269.7 243.2 307.1 210.1 218.4 165.0 283.8 333.2 295.2 313.2 171.0 397.7 188.5 281.1 239.6 336.1 22.1 378.7 90.2 391.6 385.9 431.1 281.0 393.5 376.0 463.8 292.2 253.8 386.2 418.6 49.4 283.7 477.7 346.2 225.6 218.8 469.0 361.9 238.2 231.8 75.6 393.2 150.0 426.8 273.8 314.4 91.7 232.5 255.9 246.1 162.8 300.3 232.1 204.3 301.5 407.1 317.2 236.5 361.0 355.2 200.8 153.7 253.8 289.0 216.6 324.7 232.4 201.2 347.3 241.2 469.3 420.4 268.0 399.5 224.8 312.4 353.4 282.8 253.3 255.3 254.8 192.4 421.8 346.4 157.4 297.3 233.1 379.1 367.3 245.7 385.2 90.3 149.3 220.7 237.4 238.7 330.6 345.1 271.9 206.3 324.9 331.9 366.3 48.5 284.3 478.2 34.0 368.1 349.1 231.2 423.6 208.4 160.6 196.9 308.4 381.5 184.9 302.6 432.5 0.0 269.1 396.6 357.5 296.8 137.8 197.3
1059.3 549.6 423.5 279.2 360.0 316.5 367.1 526.4 509.3 291.3 16.1 485.0 467.2 274.4 525.0 321.1 218.0 362.2 292.5 195.1 330.4 535.8 462.4 405.2 248.6 347.5 322.0 432.8 579.9 309.4 453.9 441.9 364.7 387.0 280.2 217.2 355.4 222.6 404.5 211.5 358.7 548.4 319.7 279.9 289.3 424.5 300.8 364.7 267.7 294.0 162.2 14.6 435.1 340.3 370.8 127.9 511.3 256.1 398.0 297.2 393.7 267.9 454.1 336.0 505.2 499.5 544.7 397.9 535.7 433.6 577.4 349.8 408.6 443.8 532.2 295.2 341.3 591.3 403.8 283.2 276.4 582.6 398.8 295.8 289.4 321.4 518.2 207.6 540.4 331.4 423.2 227.3 290.1 372.8 363.0 220.4 335.9 289.7 261.9 241.4 549.3 374.8 353.4 474.6 488.8 258.4 229.3 311.4 346.6 274.2 233.6 290.0 258.8 404.9 379.9 526.9 478.0 325.6 437.1 282.4 370.0 390.3 340.4 363.7 372.2 312.4 112.1 546.8 404.0 233.0 354.9 72.2 492.7 480.9 264.1 498.8 203.9 224.9 278.3 295.0 257.1 388.2 402.7 329.5 263.9 482.1 368.8 403.2 206.4 386.2 591.8 239.4 425.7 394.8 376.1 481.2 266.0 303.5 96.6 345.3 439.1 182.1 360.2 546.1 245.7 0.0 454.2 415.1 213.6 195.4 194.5
1241.9 265.3 306.3 326.0 216.3 363.3 433.0 308.2 225.0 308.8 411.2 267.0 195.3 328.3 240.7 367.9 384.2 272.6 339.3 282.5 253.9 251.5 161.8 102.9 273.7 307.4 368.8 116.5 295.6 277.4 182.0 236.2 130.1 113.0 308.7 300.2 211.7 287.4 173.8 356.9 364.8 264.1 330.9 425.3 354.7 282.0 365.6 411.5 332.5 230.7 328.4 447.2 135.0 234.8 96.8 334.4 227.0 251.6 445.4 348.9 80.0 413.3 38.6 453.7 220.9 215.2 260.4 468.1 179.2 195.9 293.1 286.1 266.1 127.5 247.9 423.1 388.1 307.0 106.9 300.7 323.2 298.3 255.1 342.6 336.2 466.7 225.5 294.2 256.1 378.2 192.5 372.7 336.9 398.3 408.1 287.3 230.4 301.8 313.6 407.6 192.8 100.8 417.7 190.3 246.6 305.2 248.3 339.2 393.4 321.0 399.8 354.8 324.2 180.6 253.5 308.7 259.5 259.4 290.9 347.8 306.3 246.6 244.6 258.2 442.4 359.2 355.8 254.1 69.0 304.7 235.6 396.5 208.4 196.6 235.9 214.5 349.3 320.2 325.1 341.8 228.9 116.3 178.4 310.0 310.7 216.3 225.1 259.5 351.8 155.5 307.5 384.8 153.8 251.1 442.0 209.3 330.8 350.3 360.3 201.6 122.8 348.3 134.6 261.8 391.1 432.5 0.0 98.8 379.8 282.0 360.7
1226.7 315.5 230.1 310.7 206.8 348.0 398.6 394.6 275.2 255.3 395.9 190.8 96.7 376.5 290.9 352.6 368.9 322.8 324.0 267.2 304.1 301.7 62.9 153.1 258.4 357.6 353.5 17.6 345.8 327.6 83.4 160.0 53.9 98.6 358.9 284.9 193.7 272.1 224.0 341.6 422.1 314.3 315.6 410.0 412.0 266.7 350.3 396.2 317.2 215.4 313.1 431.9 185.2 237.5 82.4 319.1 277.2 236.3 502.7 346.7 65.6 398.0 88.8 438.4 271.1 265.4 310.6 429.4 103.0 119.7 343.3 336.3 250.8 28.6 298.1 407.8 372.8 357.2 12.7 247.2 307.9 348.5 210.4 327.3 320.9 451.4 149.3 278.9 306.3 362.9 242.7 357.4 321.6 455.6 465.4 272.0 233.1 253.7 311.4 392.3 116.6 86.4 384.9 240.5 170.4 289.9 233.0 323.9 378.1 305.7 384.5 339.5 381.5 104.4 238.2 395.1 346.2 309.6 214.7 405.1 356.5 172.7 294.8 250.3 403.7 343.9 340.5 177.9 54.6 289.4 285.8 381.2 258.6 246.8 220.6 264.7 334.0 304.9 309.8 326.5 213.6 40.1 102.2 237.0 295.4 140.1 180.3 234.6 336.5 205.7 357.7 369.5 77.6 164.3 407.6 110.7 315.5 335.0 345.0 204.3 23.9 333.0 58.4 312.0 375.8 417.2 106.7 0.0 364.5 266.7 345.4
1039.6 430.4 403.8 216.0 317.5 253.3 300.7 463.2 390.1 228.1 208.8 370.0 404.0 211.2 405.8 256.4 25.0 299.0 229.3 131.9 267.2 416.6 399.2 297.7 185.4 284.3 258.8 369.6 499.0 246.2 390.7 339.2 301.5 323.8 217.0 154.0 312.9 159.4 297.0 148.3 295.5 434.5 256.5 216.7 226.1 282.1 237.6 301.5 204.5 230.8 53.3 244.8 327.6 305.7 307.6 132.0 392.1 192.9 334.8 234.0 330.5 204.7 373.1 272.8 386.0 380.3 425.5 330.7 387.9 370.4 458.2 286.6 266.2 380.6 413.0 232.0 278.1 472.1 336.1 220.0 213.2 421.7 356.3 232.6 226.2 258.2 387.6 144.4 421.2 268.2 308.8 164.1 226.9 309.6 299.8 157.2 312.7 226.5 198.7 69.0 401.5 311.6 290.2 355.4 349.6 192.8 166.1 248.2 283.4 211.0 92.2 226.8 195.6 341.7 253.6 463.7 414.8 263.0 417.4 219.2 306.8 347.8 277.2 265.7 309.0 239.1 142.9 416.2 340.8 169.8 291.7 194.1 373.5 361.7 200.9 379.6 140.7 161.7 215.1 231.8 193.9 325.0 339.5 265.0 200.7 319.3 326.3 360.7 143.2 284.7 472.6 176.2 359.5 343.5 309.7 418.0 202.8 240.3 157.9 302.8 375.9 46.8 297.0 426.9 182.5 230.1 391.0 351.9 0.0 132.2 11.5
987.2 368.2 351.4 137.6 287.9 174.9 225.5 384.8 327.9 180.6 156.4 296.1 330.1 132.8 343.6 179.5 129.4 225.1 150.9 46.1 193.3 354.4 325.3 223.8 99.6 205.9 180.4 295.7 398.5 167.8 316.8 265.3 227.6 249.9 138.6 75.6 283.3 81.0 223.1 89.2 217.1 367.0 178.1 157.6 147.7 169.9 159.2 223.1 126.1 118.6 73.6 192.4 253.7 195.4 233.7 79.6 329.9 60.7 256.4 155.6 256.6 145.6 299.2 213.7 323.8 318.1 363.3 256.3 314.0 296.5 396.0 208.2 154.0 306.7 350.8 172.9 199.7 409.9 266.7 172.5 134.8 401.2 326.7 154.2 147.8 199.1 313.7 12.1 359.0 189.8 241.8 105.0 148.5 231.2 221.4 25.0 200.5 179.0 120.3 152.8 327.6 237.7 211.8 293.2 275.7 116.8 80.3 169.8 205.0 132.6 145.0 148.4 117.2 267.8 141.4 385.3 336.4 188.5 365.0 140.8 228.4 318.2 203.3 153.5 230.6 170.8 101.0 342.3 266.9 84.0 244.2 141.7 311.3 299.5 145.9 317.4 81.6 75.9 136.7 153.4 138.9 251.1 265.6 192.4 122.3 245.4 296.7 331.1 84.1 204.8 410.4 117.1 288.6 269.6 234.5 344.1 124.4 161.9 105.5 273.2 302.0 93.5 223.1 364.7 123.4 177.7 317.1 278.0 125.0 0.0 105.9
1028.0 418.8 392.2 204.4 305.9 241.7 292.3 451.6 378.5 216.5 197.2 358.4 392.4 199.6 394.2 244.8 33.8 287.4 217.7 120.3 255.6 405.0 387.6 286.1 173.8 272.7 247.2 358.0 487.4 234.6 379.1 327.6 289.9 312.2 205.4 142.4 301.3 147.8 285.4 136.7 283.9 422.9 244.9 205.1 214.5 270.5 226.0 289.9 192.9 219.2 41.7 233.2 316.0 296.0 296.0 120.4 380.5 181.3 323.2 222.4 318.9 193.1 361.5 261.2 374.4 368.7 413.9 319.1 376.3 358.8 446.6 275.0 259.2 369.0 401.4 220.4 266.5 460.5 324.5 208.4 201.6 418.3 344.7 221.0 214.6 251.8 376.0 132.8 430.6 256.6 297.2 152.5 215.3 298.0 288.2 145.6 301.1 217.1 187.1 80.6 385.3 300.0 278.6 343.8 338.0 181.2 154.5 236.6 271.8 199.4 86.7 215.2 184.0 330.1 242.0 452.1 403.2 251.4 405.8 207.6 295.2 336.2 265.6 254.1 297.4 227.5 131.3 404.6 329.2 158.2 280.1 182.5 361.9 355.1 189.3 368.0 129.1 150.1 203.5 220.2 200.9 313.4 327.9 253.4 189.1 307.7 314.7 349.1 131.6 273.1 461.0 164.6 347.9 331.9 301.3 406.4 186.6 228.7 146.3 291.2 364.3 35.2 285.4 415.3 170.9 218.5 379.4 340.3 11.5 120.6 0.0
